,주차,시즌,카테고리,할인율,판매액,판매수량,매출원가,판매택가
0,2021-01-03,봄,가죽&FUR_가죽점퍼_ZA,1.1305732977559602,52297400,53,10846000,52947000
1,2021-01-03,봄,니트 셔츠_라운드_ZB,32.28151366933168,18981424,401,3559559,28029900
2,2021-01-03,봄,수트_블레이져(수트)_ZA,39.44449551255358,19685400,109,5717811,35131000
3,2021-01-03,봄,수트_블레이져(수트)_ZB,-0.26513841763422974,29890941,194,7913293,38606000
4,2021-01-03,봄,수트_블레이져(수트)_ZC,22.73656101242308,5652700,33,1610764,8727000
5,2021-01-03,봄,수트_수트팬츠_ZA,39.89644274032178,12921890,128,3853581,23232000
6,2021-01-03,봄,수트_수트팬츠_ZB,20.78600154038973,18916910,243,5128800,24057000
7,2021-01-03,봄,수트_수트팬츠_ZC,24.695622895622893,2491610,28,735071,3972000
8,2021-01-03,봄,스웨터_T-에리_ZB,15.396825396825397,5324670,63,618225,6293700
9,2021-01-03,봄,스웨터_라운드_ZB,58.94172612324955,30091342,801,7393795,77079900
10,2021-01-03,봄,스웨터_오픈형(CARDIGAN)_ZB,32.23806264050167,14957130,127,1861131,20307300
11,2021-01-03,봄,우븐 셔츠_드레스셔츠_ZB,13.977571646130416,3728040,62,367604,4333800
12,2021-01-03,봄,우븐 셔츠_캐쥬얼셔츠_ZB,inf,7432389,128,998251,8947200
13,2021-01-03,봄,조끼_패딩베스트_ZB,71.54974341430038,831601,37,332319,2923000
14,2021-01-03,봄,코트_더블코트_ZB,0.0,14805000,45,1543099,14805000
15,2021-01-03,봄,코트_싱글코트_ZB,0.12658227848101267,19646100,79,1999797,19671000
16,2021-01-03,사계절,수트_블레이져(수트)_ZB,42.306337452900486,58066516,480,13008514,95520000
17,2021-01-03,사계절,수트_수트팬츠_ZB,30.499663371620397,40054200,589,7360329,58311000
18,2021-01-03,사계절,우븐 셔츠_드레스셔츠_ZB,18.926820195047636,44692624,1076,7767337,54322400
19,2021-01-03,사계절,우븐 셔츠_드레스셔츠_ZC,1.3333333333333333,590520,15,113032,598500
20,2021-01-03,여름,수트_수트팬츠_ZB,0.0,-198000,-2,-35402,-198000
21,2021-01-10,봄,가죽&FUR_가죽점퍼_ZA,60.72441931237218,44542500,108,22111000,107892000
22,2021-01-10,봄,니트 셔츠_라운드_ZB,34.58096600585871,14404290,315,2796642,22018500
23,2021-01-10,봄,수트_블레이져(수트)_ZA,42.56641289744738,10073004,55,2892782,17785000
24,2021-01-10,봄,수트_블레이져(수트)_ZB,25.09300060171407,33021760,220,9000109,43780000
25,2021-01-10,봄,수트_블레이져(수트)_ZC,31.321927470861798,6291200,41,1836106,9119000
26,2021-01-10,봄,수트_수트팬츠_ZA,39.86060404610774,6892956,65,1980482,11995000
27,2021-01-10,봄,수트_수트팬츠_ZB,26.22471776589424,16809800,227,4785540,22473000
28,2021-01-10,봄,수트_수트팬츠_ZC,33.5868498626511,2820500,37,843524,4223000
29,2021-01-10,봄,스웨터_T-에리_ZB,24.963089811574662,27211160,363,3574950,36263700
30,2021-01-10,봄,스웨터_라운드_ZB,61.922997130635245,25320840,576,5376434,56072400
31,2021-01-10,봄,스웨터_오픈형(CARDIGAN)_ZB,45.29459880679393,7023940,80,1149882,12792000
32,2021-01-10,봄,우븐 셔츠_드레스셔츠_ZB,55.37657483040288,1933890,62,367604,4333800
33,2021-01-10,봄,우븐 셔츠_캐쥬얼셔츠_ZB,76.13814696346684,5284280,180,1444855,12582000
34,2021-01-10,봄,점퍼_패딩점퍼_ZB,24.878344849246233,19134988,128,2474953,25472000
35,2021-01-10,봄,조끼_패딩베스트_ZB,83.15157066542794,11606546,872,8581655,68888000
36,2021-01-10,봄,코트_더블코트_ZB,52.239108409321176,7071000,45,1572259,14805000
37,2021-01-10,봄,코트_싱글코트_ZB,-44.3966341556703,-7550500,-21,-531592,-5229000
38,2021-01-10,사계절,수트_블레이져(수트)_ZB,28.292454365337402,61448100,478,16764904,95122000
39,2021-01-10,사계절,수트_수트팬츠_ZB,23.457319478422768,39623100,556,9389501,55044000
40,2021-01-10,사계절,우븐 셔츠_드레스셔츠_ZB,29.026480207819343,39019704,1102,7861677,56409800
41,2021-01-10,사계절,우븐 셔츠_드레스셔츠_ZC,19.75355054302423,576330,18,135638,718200
42,2021-01-10,사계절,팬츠_팬츠(일반)_ZB,0.0,0,0,0,0
43,2021-01-10,여름,수트_수트팬츠_ZB,0.0,0,0,0,0
44,2021-01-10,여름,우븐 셔츠_드레스셔츠_ZB,0.0,0,0,0,0
45,2021-01-17,봄,가죽&FUR_가죽점퍼_ZA,70.52131594584425,23101100,79,16169000,78921000
46,2021-01-17,봄,니트 셔츠_라운드_ZB,69.3524372797376,3513314,164,1456031,11463600
47,2021-01-17,봄,수트_블레이져(수트)_ZA,inf,16569960,103,5320673,32857000
48,2021-01-17,봄,수트_블레이져(수트)_ZB,24.704538565845098,54366700,358,14706902,71242000
49,2021-01-17,봄,수트_블레이져(수트)_ZC,31.562832545793327,7462400,48,2168257,10872000
50,2021-01-17,봄,수트_수트팬츠_ZA,72.713018950597,9297260,109,3221681,19551000
51,2021-01-17,봄,수트_수트팬츠_ZB,24.661957110035296,33719000,447,9411933,44253000
52,2021-01-17,봄,수트_수트팬츠_ZC,33.39846321689897,3474500,45,1057166,5415000
53,2021-01-17,봄,스웨터_T-에리_ZB,84.34910103902352,2016947,129,1270447,12887100
54,2021-01-17,봄,스웨터_라운드_ZB,53.60998302185384,48397976,1099,9704138,103810100
55,2021-01-17,봄,스웨터_오픈형(CARDIGAN)_ZB,78.73351242253682,403700,50,749096,7995000
56,2021-01-17,봄,우븐 셔츠_드레스셔츠_ZB,48.62121531930861,4381480,122,723350,8527800
57,2021-01-17,봄,우븐 셔츠_캐쥬얼셔츠_ZB,51.54632024917307,9720620,284,2282147,19851600
58,2021-01-17,봄,점퍼_패딩점퍼_ZB,33.15192986207634,12504600,94,1817544,18706000
59,2021-01-17,봄,조끼_패딩베스트_ZB,75.56868879866252,2045878,106,1066600,8374000
60,2021-01-17,봄,코트_더블코트_ZB,-37.05673758865248,-5411000,-12,-419210,-3948000
61,2021-01-17,봄,코트_싱글코트_ZB,39.84675055448436,39707400,211,5388271,52539000
62,2021-01-17,사계절,데님_데님팬츠_ZB,2.7286880778392346,3658470,47,551289,3755300
63,2021-01-17,사계절,수트_블레이져(수트)_ZB,31.180648745042372,77652310,596,20831125,118604000
64,2021-01-17,사계절,수트_수트팬츠_ZB,27.097002680096836,48170692,694,11570208,68706000
65,2021-01-17,사계절,우븐 셔츠_드레스셔츠_ZB,37.52542018948211,37518580,1251,8963535,65284900
66,2021-01-17,사계절,우븐 셔츠_드레스셔츠_ZC,32.53325621746674,349950,13,97961,518700
67,2021-01-17,사계절,자켓_싱글재킷_ZB,0.0,0,0,0,0
68,2021-01-17,사계절,팬츠_팬츠(일반)_ZB,1.3329035833234377,17448980,253,2556621,17684700
69,2021-01-17,여름,수트_수트팬츠_ZB,0.0,0,0,0,0
70,2021-01-17,여름,우븐 셔츠_드레스셔츠_ZB,0.0,0,0,0,0
71,2021-01-24,봄,가죽&FUR_가죽점퍼_ZA,51.40852390852391,24770500,51,10429000,50949000
72,2021-01-24,봄,니트 셔츠_라운드_ZB,27.136894195574868,45201004,961,7368138,67173900
73,2021-01-24,봄,수트_블레이져(수트)_ZA,46.59099661513454,14824867,92,4876003,29888000
74,2021-01-24,봄,수트_블레이져(수트)_ZB,23.918819409456468,47355540,311,12743437,61889000
75,2021-01-24,봄,수트_블레이져(수트)_ZC,30.329110066179027,8389120,53,2443343,12467000
76,2021-01-24,봄,수트_수트팬츠_ZA,49.99579690328293,8482433,106,3193219,19294000
77,2021-01-24,봄,수트_수트팬츠_ZB,23.5987851001928,25318260,333,6990121,32967000
78,2021-01-24,봄,수트_수트팬츠_ZC,32.69841512611692,3893756,50,1197410,6070000
79,2021-01-24,봄,스웨터_T-에리_ZB,73.38173838173839,3802605,143,1408336,14285700
80,2021-01-24,봄,스웨터_라운드_ZB,57.279740718901024,61504926,1517,13534420,143948300
81,2021-01-24,봄,스웨터_오픈형(CARDIGAN)_ZB,58.252003639427414,7147019,109,1535456,17429100
82,2021-01-24,봄,우븐 셔츠_드레스셔츠_ZB,50.0999085344403,4255380,122,723350,8527800
83,2021-01-24,봄,우븐 셔츠_캐쥬얼셔츠_ZB,inf,14676457,439,3471651,30686100
84,2021-01-24,봄,점퍼_패딩점퍼_ZB,52.9480346175321,8427007,90,1740202,17910000
85,2021-01-24,봄,조끼_패딩베스트_ZB,0.33987341772151897,157463,2,22324,158000
86,2021-01-24,봄,코트_더블코트_ZB,54.20272174633877,3314807,22,763941,7238000
87,2021-01-24,봄,코트_싱글코트_ZB,46.82904538936964,38637800,289,7364756,71961000
88,2021-01-24,사계절,데님_데님팬츠_ZB,3.9538058937307996,5910700,78,915758,6232200
89,2021-01-24,사계절,수트_블레이져(수트)_ZB,46.62117773201343,65797500,569,19733184,113231000
90,2021-01-24,사계절,수트_수트팬츠_ZB,41.60451151179925,43125700,688,11556199,68112000
91,2021-01-24,사계절,우븐 셔츠_드레스셔츠_ZB,36.985351583995346,46197943,1525,10813095,76397500
92,2021-01-24,사계절,우븐 셔츠_드레스셔츠_ZC,31.614751163623342,382000,14,105497,558600
93,2021-01-24,사계절,자켓_싱글재킷_ZB,0.0,0,0,0,0
94,2021-01-24,사계절,팬츠_팬츠(일반)_ZB,12.973858759266484,6691440,110,1111574,7689000
95,2021-01-24,여름,수트_수트팬츠_ZB,0.0,0,0,0,0
96,2021-01-24,여름,우븐 셔츠_드레스셔츠_ZB,0.0,0,0,0,0
97,2021-01-31,봄,가죽&FUR_가죽점퍼_ZA,50.608473333249016,83960000,170,34807000,169830000
98,2021-01-31,봄,니트 셔츠_라운드_ZB,114.39533521060135,29689296,1167,9987576,81573300
99,2021-01-31,봄,수트_블레이져(수트)_ZA,41.06676237671536,22282870,133,6636127,39367000
100,2021-01-31,봄,수트_블레이져(수트)_ZB,68.23285390631901,31567544,217,8916963,43183000
101,2021-01-31,봄,수트_블레이져(수트)_ZC,32.58213609106002,6268400,41,1850248,9359000
102,2021-01-31,봄,수트_수트팬츠_ZA,43.87993382189364,12779070,147,4020199,23873000
103,2021-01-31,봄,수트_수트팬츠_ZB,63.3132857409679,18594456,256,5399584,25344000
104,2021-01-31,봄,수트_수트팬츠_ZC,37.094848712549386,2955074,41,954705,4859000
105,2021-01-31,봄,스웨터_T-에리_ZB,57.99112125824455,18381489,438,4313584,43756200
106,2021-01-31,봄,스웨터_라운드_ZB,54.30786833489648,55998890,1297,11137522,121040300
107,2021-01-31,봄,스웨터_오픈형(CARDIGAN)_ZB,-144.34878048780487,4636065,46,697829,7355400
108,2021-01-31,봄,우븐 셔츠_드레스셔츠_ZB,45.41219599427754,6105100,160,948656,11184000
109,2021-01-31,봄,우븐 셔츠_캐쥬얼셔츠_ZB,52.115660698271434,10146759,311,2456950,21738900
110,2021-01-31,봄,점퍼_패딩점퍼_ZB,48.86034131051296,10278560,101,1952893,20099000
111,2021-01-31,봄,조끼_패딩베스트_ZB,74.94415995397009,870941,44,389112,3476000
112,2021-01-31,봄,코트_더블코트_ZB,60.5463905775076,1038419,8,277391,2632000
113,2021-01-31,봄,코트_싱글코트_ZB,48.06095986441941,24410382,206,5251943,51294000
114,2021-01-31,사계절,데님_데님팬츠_ZB,9.0527640424848,4837063,67,786802,5353300
115,2021-01-31,사계절,수트_블레이져(수트)_ZB,45.31492436634122,91228080,795,29044657,158205000
116,2021-01-31,사계절,수트_수트팬츠_ZB,42.293558686755915,59744380,1011,17847390,100089000
117,2021-01-31,사계절,우븐 셔츠_드레스셔츠_ZB,36.04532575275879,55609468,1790,12877928,94061000
118,2021-01-31,사계절,우븐 셔츠_드레스셔츠_ZC,28.65497076023392,427000,15,113032,598500
119,2021-01-31,사계절,자켓_싱글재킷_ZB,0.0,6169000,31,732161,6169000
120,2021-01-31,사계절,팬츠_팬츠(일반)_ZB,19.91103571750733,34198855,765,7753290,52803500
121,2021-01-31,여름,수트_수트팬츠_ZB,0.0,0,0,0,0
122,2021-01-31,여름,우븐 셔츠_드레스셔츠_ZB,0.0,0,0,0,0
123,2021-02-07,봄,가죽&FUR_가죽점퍼_ZA,50.77561895228562,8424547,18,3687000,17982000
124,2021-02-07,봄,니트 셔츠_라운드_ZB,57.749668341425284,58459176,1918,15821427,134068200
125,2021-02-07,봄,수트_블레이져(수트)_ZA,48.02977920523258,15636810,99,5077366,30741000
126,2021-02-07,봄,수트_블레이져(수트)_ZB,37.53612072436938,60843498,479,19568397,95321000
127,2021-02-07,봄,수트_블레이져(수트)_ZC,32.90753843857292,10180840,66,3026519,15414000
128,2021-02-07,봄,수트_수트팬츠_ZA,50.713015079598435,8525840,107,3078934,18513000
129,2021-02-07,봄,수트_수트팬츠_ZB,37.95809374455987,33565294,534,11191852,52866000
130,2021-02-07,봄,수트_수트팬츠_ZC,34.62260876925681,3427380,45,1044289,5255000
131,2021-02-07,봄,스웨터_T-에리_ZB,58.225817598420335,15232329,365,3594659,36463500
132,2021-02-07,봄,스웨터_라운드_ZB,54.75008992674674,83949287,1938,16700030,180946200
133,2021-02-07,봄,스웨터_오픈형(CARDIGAN)_ZB,52.535888005400196,16007519,211,3046824,33738900
134,2021-02-07,봄,우븐 셔츠_드레스셔츠_ZB,44.81636879977793,5168830,134,794499,9366600
135,2021-02-07,봄,우븐 셔츠_캐쥬얼셔츠_ZB,55.77749663125602,17438057,543,4257658,37955700
136,2021-02-07,봄,점퍼_패딩점퍼_ZB,47.16027024008933,23658989,225,4350504,44775000
137,2021-02-07,봄,조끼_패딩베스트_ZB,78.04872011251759,780368,45,452087,3555000
138,2021-02-07,봄,코트_더블코트_ZB,48.28898936170213,6805169,40,1388740,13160000
139,2021-02-07,봄,코트_싱글코트_ZB,36.624972110664885,55221500,348,9146038,86652000
140,2021-02-07,사계절,니트 셔츠_라운드_ZB,0.0,0,0,0,0
141,2021-02-07,사계절,데님_데님팬츠_ZB,13.971578748583656,13174420,197,2312865,15740300
142,2021-02-07,사계절,수트_블레이져(수트)_ZB,44.328585297701444,93412380,794,28374786,158006000
143,2021-02-07,사계절,수트_수트팬츠_ZB,39.67207956093633,59697360,948,16250486,93852000
144,2021-02-07,사계절,우븐 셔츠_드레스셔츠_ZB,33.55180011185957,42800019,1420,10136922,73458000
145,2021-02-07,사계절,우븐 셔츠_드레스셔츠_ZC,27.318295739348372,174000,6,45213,239400
146,2021-02-07,사계절,자켓_싱글재킷_ZB,63.623673925181464,1954500,27,637688,5373000
147,2021-02-07,사계절,팬츠_팬츠(일반)_ZB,44.13746536576779,35904720,999,9888187,66980100
148,2021-02-07,여름,수트_블레이져(수트)_ZA,0.0,0,0,0,0
149,2021-02-07,여름,수트_블레이져(수트)_ZB,0.0,0,0,0,0
150,2021-02-07,여름,수트_블레이져(수트)_ZC,0.0,0,0,0,0
151,2021-02-07,여름,수트_수트팬츠_ZA,0.0,0,0,0,0
152,2021-02-07,여름,수트_수트팬츠_ZB,0.0,0,0,0,0
153,2021-02-07,여름,수트_수트팬츠_ZC,0.0,0,0,0,0
154,2021-02-07,여름,우븐 셔츠_드레스셔츠_ZB,16.077305879565024,9561900,163,1031658,11393700
155,2021-02-07,여름,자켓_싱글재킷_ZA,15.51251712542035,6783500,31,1134600,8029000
156,2021-02-07,여름,점퍼_점퍼_ZB,0.0,0,0,0,0
157,2021-02-07,여름,팬츠_팬츠(일반)_ZA,12.932511133949983,5083000,42,684600,5838000
158,2021-02-14,봄,가죽&FUR_가죽점퍼_ZA,50.52110934463876,3949000,11,2261000,10989000
159,2021-02-14,봄,니트 셔츠_라운드_ZB,56.37913550798214,86841690,2934,24254310,205086600
160,2021-02-14,봄,수트_블레이져(수트)_ZA,43.437642360228566,20242359,125,6346747,38015000
161,2021-02-14,봄,수트_블레이져(수트)_ZB,38.80836779284979,63371228,508,20775825,101092000
162,2021-02-14,봄,수트_블레이져(수트)_ZC,33.92947555123108,20717790,140,6159048,30020000
163,2021-02-14,봄,수트_수트팬츠_ZA,46.91015136481888,11818517,143,4077599,24397000
164,2021-02-14,봄,수트_수트팬츠_ZB,39.33878826476223,33234251,538,11266458,53262000
165,2021-02-14,봄,수트_수트팬츠_ZC,35.415790587438636,7436880,100,2223017,10940000
166,2021-02-14,봄,스웨터_T-에리_ZB,55.685302693998345,35637658,805,7927948,80419500
167,2021-02-14,봄,스웨터_라운드_ZB,57.18809012476813,102622868,2545,21559852,235765500
168,2021-02-14,봄,스웨터_오픈형(CARDIGAN)_ZB,55.10868255347077,29519539,411,5933985,65718900
169,2021-02-14,봄,우븐 셔츠_드레스셔츠_ZB,63.05508348455608,3847850,149,883436,10415100
170,2021-02-14,봄,우븐 셔츠_캐쥬얼셔츠_ZB,55.15490420616024,27274685,828,6538273,57877200
171,2021-02-14,봄,점퍼_패딩점퍼_ZB,43.17615842369744,42970189,380,7347518,75620000
172,2021-02-14,봄,조끼_패딩베스트_ZB,82.54794371706416,3212400,233,2356342,18407000
173,2021-02-14,봄,코트_더블코트_ZB,50.51426064613167,15792384,97,3380209,31913000
174,2021-02-14,봄,코트_싱글코트_ZB,43.8752628462738,86517400,625,16348249,155625000
175,2021-02-14,사계절,니트 셔츠_라운드_ZB,0.0,0,0,0,0
176,2021-02-14,사계절,데님_데님팬츠_ZB,9.466969630041117,13486710,186,2183361,14861400
177,2021-02-14,사계절,수트_블레이져(수트)_ZB,48.01853785358681,131898902,1264,45008934,251536000
178,2021-02-14,사계절,수트_수트팬츠_ZB,39.943341512339266,79344884,1309,22825608,129591000
179,2021-02-14,사계절,우븐 셔츠_드레스셔츠_ZB,36.58046285889167,51466855,1643,11839676,85535700
180,2021-02-14,사계절,우븐 셔츠_드레스셔츠_ZC,28.989139515455307,340000,12,90426,478800
181,2021-02-14,사계절,자켓_싱글재킷_ZB,41.10511909139192,14415700,123,2905025,24477000
182,2021-02-14,사계절,팬츠_팬츠(일반)_ZB,46.87709352105816,35187680,950,9326577,64915000
183,2021-02-14,여름,수트_블레이져(수트)_ZA,0.9523809523809523,16161600,63,3024125,16317000
184,2021-02-14,여름,수트_블레이져(수트)_ZB,3.7037037037037037,10348000,54,2311202,10746000
185,2021-02-14,여름,수트_블레이져(수트)_ZC,0.0,0,0,0,0
186,2021-02-14,여름,수트_수트팬츠_ZA,0.6862745098039216,14080700,102,2446495,14178000
187,2021-02-14,여름,수트_수트팬츠_ZB,2.57029757029757,7137700,74,1640674,7326000
188,2021-02-14,여름,수트_수트팬츠_ZC,0.0,0,0,0,0
189,2021-02-14,여름,우븐 셔츠_드레스셔츠_ZB,12.058243010596252,18134030,295,1867112,20620500
190,2021-02-14,여름,자켓_싱글재킷_ZA,4.545454545454546,2719500,11,402600,2849000
191,2021-02-14,여름,점퍼_점퍼_ZB,0.0,9552000,48,1048208,9552000
192,2021-02-14,여름,팬츠_팬츠(일반)_ZA,5.365707434052758,1578500,12,195600,1668000
193,2021-02-21,봄,가죽&FUR_가죽점퍼_ZA,57.811607153712416,56657000,123,25196000,122877000
194,2021-02-21,봄,니트 셔츠_라운드_ZB,59.462820989084626,84344532,2763,23241957,193133700
195,2021-02-21,봄,수트_블레이져(수트)_ZA,57.310363031831606,20233636,163,8453339,51397000
196,2021-02-21,봄,수트_블레이져(수트)_ZB,38.6898361577414,45642400,356,14658959,70844000
197,2021-02-21,봄,수트_블레이져(수트)_ZC,36.402528078017596,10458060,73,3189432,15247000
198,2021-02-21,봄,수트_수트팬츠_ZA,58.850592579111144,11003057,165,4846223,29135000
199,2021-02-21,봄,수트_수트팬츠_ZB,38.638769873771224,23495800,369,7784216,36531000
200,2021-02-21,봄,수트_수트팬츠_ZC,32.90348013253041,2650940,40,960627,4680000
201,2021-02-21,봄,스웨터_T-에리_ZB,62.62764761433647,22438323,601,5918854,60039900
202,2021-02-21,봄,스웨터_라운드_ZB,60.74852371170274,98541477,2566,21802177,237543400
203,2021-02-21,봄,스웨터_오픈형(CARDIGAN)_ZB,55.138479502095166,23241728,324,4616301,51807600
204,2021-02-21,봄,우븐 셔츠_드레스셔츠_ZB,52.38313191777728,5059197,152,901223,10624800
205,2021-02-21,봄,우븐 셔츠_캐쥬얼셔츠_ZB,60.20231520684275,15113558,531,4175473,37116900
206,2021-02-21,봄,점퍼_패딩점퍼_ZB,52.89653157089797,25871109,276,5336618,54924000
207,2021-02-21,봄,조끼_패딩베스트_ZB,82.33838421444527,2846346,204,2132587,16116000
208,2021-02-21,봄,코트_더블코트_ZB,49.72030787332091,25640129,155,5395532,50995000
209,2021-02-21,봄,코트_싱글코트_ZB,47.50597524432314,107685591,819,21484145,203931000
210,2021-02-21,사계절,니트 셔츠_라운드_ZB,0.0,0,0,0,0
211,2021-02-21,사계절,데님_데님팬츠_ZB,21.666376685024993,13932843,218,2559304,17418200
212,2021-02-21,사계절,수트_블레이져(수트)_ZB,43.50308517944835,91380484,746,26937915,148454000
213,2021-02-21,사계절,수트_수트팬츠_ZB,36.380956195277776,55874364,841,14843945,83259000
214,2021-02-21,사계절,우븐 셔츠_드레스셔츠_ZB,37.16314420972462,59265215,1877,13547626,98802300
215,2021-02-21,사계절,우븐 셔츠_드레스셔츠_ZC,27.467279309384573,520930,18,135638,718200
216,2021-02-21,사계절,자켓_싱글재킷_ZB,40.887127947429455,15292500,130,3070352,25870000
217,2021-02-21,사계절,팬츠_팬츠(일반)_ZB,47.04379436993653,47721613,1336,13120127,90716400
218,2021-02-21,여름,니트 셔츠_라운드_ZB,0.0,0,0,0,0
219,2021-02-21,여름,수트_블레이져(수트)_ZA,21.14767454954955,32128540,146,6486060,37814000
220,2021-02-21,여름,수트_블레이져(수트)_ZB,6.610205909950149,35004352,188,7964905,37412000
221,2021-02-21,여름,수트_블레이져(수트)_ZC,1.8726833976833976,14553970,64,3033534,15136000
222,2021-02-21,여름,수트_수트팬츠_ZA,38.528007458286766,17116160,151,3097200,20989000
223,2021-02-21,여름,수트_수트팬츠_ZB,7.432710190050308,22490800,244,5191583,24156000
224,2021-02-21,여름,수트_수트팬츠_ZC,3.6802014821210727,9949030,83,1918906,10337000
225,2021-02-21,여름,우븐 셔츠_드레스셔츠_ZB,101.65966418191401,-110210,95,601273,6640500
226,2021-02-21,여름,자켓_싱글재킷_ZA,2.3045366795366795,16098500,64,2270400,16576000
227,2021-02-21,여름,점퍼_점퍼_ZB,2.7353550115698453,49571200,212,4185049,50238000
228,2021-02-21,여름,팬츠_팬츠(일반)_ZA,3.5197841726618706,12314300,90,1334000,12510000
229,2021-02-28,봄,가죽&FUR_가죽점퍼_ZA,58.58537108537108,8877000,23,4708000,22977000
230,2021-02-28,봄,니트 셔츠_라운드_ZB,57.35172070030606,98800844,3304,26227843,230949600
231,2021-02-28,봄,수트_블레이져(수트)_ZA,49.803024017847164,16784530,123,6108714,36297000
232,2021-02-28,봄,수트_블레이져(수트)_ZB,38.60341739076374,47750924,387,15745648,77013000
233,2021-02-28,봄,수트_블레이져(수트)_ZC,44.53044851667274,14152830,114,5014318,24366000
234,2021-02-28,봄,수트_수트팬츠_ZA,52.18300423945162,8384350,118,3233869,19322000
235,2021-02-28,봄,수트_수트팬츠_ZB,39.101662780104306,25665252,418,8740599,41382000
236,2021-02-28,봄,수트_수트팬츠_ZC,45.24074043594786,4815930,78,1667054,7962000
237,2021-02-28,봄,스웨터_T-에리_ZB,64.81274121976332,27031943,769,7573391,76823100
238,2021-02-28,봄,스웨터_라운드_ZB,59.73330574940891,112882732,2960,24800036,272484000
239,2021-02-28,봄,스웨터_오픈형(CARDIGAN)_ZB,58.45261440760256,25578877,385,5530812,61561500
240,2021-02-28,봄,우븐 셔츠_드레스셔츠_ZB,53.53487839771102,8119780,250,1482275,17475000
241,2021-02-28,봄,우븐 셔츠_캐쥬얼셔츠_ZB,54.73931645293211,16207481,514,4040748,35928600
242,2021-02-28,봄,점퍼_패딩점퍼_ZB,56.26387060301508,34813959,400,7734229,79600000
243,2021-02-28,봄,조끼_패딩베스트_ZB,79.05817820799206,843746,51,485370,4029000
244,2021-02-28,봄,코트_더블코트_ZB,62.11163563829787,15955548,128,4462349,42112000
245,2021-02-28,봄,코트_싱글코트_ZB,60.451206466212504,140295550,1412,37301137,351588000
246,2021-02-28,사계절,니트 셔츠_라운드_ZB,23.16943282147791,3837610,251,1356704,4994900
247,2021-02-28,사계절,데님_데님팬츠_ZB,23.866131316151076,17635430,291,3416322,23250900
248,2021-02-28,사계절,수트_블레이져(수트)_ZB,45.06959591724645,99644183,851,30518765,169349000
249,2021-02-28,사계절,수트_수트팬츠_ZB,39.59770930915292,62886301,991,17351342,98109000
250,2021-02-28,사계절,우븐 셔츠_드레스셔츠_ZB,37.41595486834495,65932257,2099,15268686,111750100
251,2021-02-28,사계절,우븐 셔츠_드레스셔츠_ZC,34.12937104666428,551930,21,158245,837900
252,2021-02-28,사계절,자켓_싱글재킷_ZB,41.2079444843264,12284600,105,2479899,20895000
253,2021-02-28,사계절,팬츠_팬츠(일반)_ZB,46.10345904490384,58527490,1647,16270205,110695300
254,2021-02-28,여름,니트 셔츠_라운드_ZB,21.816688605075782,9033320,214,1123006,11558600
255,2021-02-28,여름,수트_블레이져(수트)_ZA,82.152686183307,21598195,173,8173786,44807000
256,2021-02-28,여름,수트_블레이져(수트)_ZB,34.39235170198782,47178920,357,15093926,71043000
257,2021-02-28,여름,수트_블레이져(수트)_ZC,38.34729074666261,14910890,113,5247180,25787000
258,2021-02-28,여름,수트_수트팬츠_ZA,70.92219379576552,15815175,220,5128798,30580000
259,2021-02-28,여름,수트_수트팬츠_ZB,33.57449209610226,27378250,409,8706895,40491000
260,2021-02-28,여름,수트_수트팬츠_ZC,47.42309796397436,4647340,83,1872022,9897000
261,2021-02-28,여름,우븐 셔츠_드레스셔츠_ZB,56.181453873118656,26187935,855,5411460,59764500
262,2021-02-28,여름,자켓_싱글재킷_ZA,45.63362541073384,14900270,105,3777000,27195000
263,2021-02-28,여름,자켓_싱글재킷_ZB,0.0,0,0,0,0
264,2021-02-28,여름,점퍼_점퍼_ZB,102.67333956422279,43944961,471,10158533,96029000
265,2021-02-28,여름,팬츠_팬츠(일반)_ZA,-28.11809695101062,4834161,86,1424600,11954000
266,2021-03-07,봄,가죽&FUR_가죽점퍼_ZA,54.363771436942166,47580000,103,21094000,102897000
267,2021-03-07,봄,니트 셔츠_라운드_ZB,58.59317094694901,116343668,4009,31546577,280229100
268,2021-03-07,봄,수트_블레이져(수트)_ZA,62.360989460333,22355936,196,9837962,59044000
269,2021-03-07,봄,수트_블레이져(수트)_ZB,38.86145590728154,52483835,422,17217254,83978000
270,2021-03-07,봄,수트_블레이져(수트)_ZC,47.803945229763976,11710924,100,4409680,21460000
271,2021-03-07,봄,수트_수트팬츠_ZA,58.15455268990611,12970304,209,5802079,34691000
272,2021-03-07,봄,수트_수트팬츠_ZB,38.39684168557669,27781231,447,9288922,44253000
273,2021-03-07,봄,수트_수트팬츠_ZC,48.18732236795552,4614300,78,1711044,8282000
274,2021-03-07,봄,스웨터_T-에리_ZB,66.44914229903192,45550020,1359,13383935,135764100
275,2021-03-07,봄,스웨터_라운드_ZB,65.21242640963979,124198948,3736,31730792,345926400
276,2021-03-07,봄,스웨터_오픈형(CARDIGAN)_ZB,60.90145394142028,39304265,629,8903340,100577100
277,2021-03-07,봄,우븐 셔츠_드레스셔츠_ZB,56.39405278531607,10942520,359,2128547,25094100
278,2021-03-07,봄,우븐 셔츠_캐쥬얼셔츠_ZB,58.21167569263455,25901406,859,6783111,60044100
279,2021-03-07,봄,점퍼_패딩점퍼_ZB,55.103163214918524,61826536,692,13380217,137708000
280,2021-03-07,봄,조끼_패딩베스트_ZB,82.79457590426651,11444704,842,8655634,66518000
281,2021-03-07,봄,코트_더블코트_ZB,63.86636235345202,33286307,280,9759548,92120000
282,2021-03-07,봄,코트_싱글코트_ZB,57.5650349725542,210666728,1992,52420878,496008000
283,2021-03-07,사계절,니트 셔츠_라운드_ZB,32.73197269977868,17415625,1301,7032161,25889900
284,2021-03-07,사계절,데님_데님팬츠_ZB,31.198829941748173,24259031,441,5176527,35235900
285,2021-03-07,사계절,수트_블레이져(수트)_ZB,46.26462308223178,103963313,940,34035147,187060000
286,2021-03-07,사계절,수트_수트팬츠_ZB,39.60936001000421,63956513,1056,18668281,104544000
287,2021-03-07,사계절,우븐 셔츠_드레스셔츠_ZB,39.17908375916469,66347753,2097,15257781,112800300
288,2021-03-07,사계절,우븐 셔츠_드레스셔츠_ZC,32.317919799498746,540103,20,150709,798000
289,2021-03-07,사계절,자켓_싱글재킷_ZB,41.866943412715756,15964500,138,3259296,27462000
290,2021-03-07,사계절,팬츠_팬츠(일반)_ZB,45.589182511587396,72479007,2032,20114457,135986800
291,2021-03-07,여름,니트 셔츠_라운드_ZB,25.519381618087426,21719996,536,2886372,30506400
292,2021-03-07,여름,니트 셔츠_티에리_ZB,0.0,0,0,0,0
293,2021-03-07,여름,수트_블레이져(수트)_ZA,47.64023043979941,44786071,298,13989077,77182000
294,2021-03-07,여름,수트_블레이져(수트)_ZB,29.47317762714033,74062851,528,22289049,105072000
295,2021-03-07,여름,수트_블레이져(수트)_ZC,32.61271917519404,29544692,195,9080126,44685000
296,2021-03-07,여름,수트_수트팬츠_ZA,56.28367915772677,27974115,350,8202044,48650000
297,2021-03-07,여름,수트_수트팬츠_ZB,30.14547002667242,43378451,626,13328047,61974000
298,2021-03-07,여름,수트_수트팬츠_ZC,31.51103119260078,15046749,187,4255322,22513000
299,2021-03-07,여름,우븐 셔츠_드레스셔츠_ZB,59.15540753952771,39570813,1386,8772261,96881400
300,2021-03-07,여름,우븐 셔츠_캐쥬얼셔츠_ZB,22.879554790624265,31859150,591,3812798,41310900
301,2021-03-07,여름,자켓_싱글재킷_ZA,43.117096074310126,13309573,92,3238200,23828000
302,2021-03-07,여름,자켓_싱글재킷_ZB,24.857142857142858,2093480,14,294348,2786000
303,2021-03-07,여름,점퍼_점퍼_ZB,54.93127453495087,84280781,821,17293677,174879000
304,2021-03-07,여름,팬츠_팬츠(일반)_ZA,56.64381827871037,2498223,45,699300,6255000
305,2021-03-07,여름,팬츠_팬츠(일반)_ZB,0.0,0,0,0,0
306,2021-03-14,봄,가죽&FUR_가죽점퍼_ZA,67.5925925925926,6376000,14,2860000,13986000
307,2021-03-14,봄,니트 셔츠_라운드_ZB,57.73030936258815,102616854,3486,26568259,243671400
308,2021-03-14,봄,수트_블레이져(수트)_ZA,59.66448571611569,16207367,117,5746832,33783000
309,2021-03-14,봄,수트_블레이져(수트)_ZB,40.393763836442616,45005437,380,15487844,75620000
310,2021-03-14,봄,수트_블레이져(수트)_ZC,48.22632620404613,11178445,95,4197183,20705000
311,2021-03-14,봄,수트_수트팬츠_ZA,61.51738160147124,8401888,112,2963787,17528000
312,2021-03-14,봄,수트_수트팬츠_ZB,38.806302818395196,23066342,381,7946230,37719000
313,2021-03-14,봄,수트_수트팬츠_ZC,46.7295122661637,4288000,72,1531139,7448000
314,2021-03-14,봄,스웨터_T-에리_ZB,64.42379808379809,37317657,1050,10340804,104895000
315,2021-03-14,봄,스웨터_라운드_ZB,63.44246067589247,106561176,3056,25544981,280944400
316,2021-03-14,봄,스웨터_오픈형(CARDIGAN)_ZB,61.60124348658935,42867841,699,9931761,111770100
317,2021-03-14,봄,우븐 셔츠_드레스셔츠_ZB,50.91222115243395,9024150,263,1559353,18383700
318,2021-03-14,봄,우븐 셔츠_캐쥬얼셔츠_ZB,55.0947020098641,17035183,542,4245431,37885800
319,2021-03-14,봄,점퍼_패딩점퍼_ZB,49.944592700343826,37851899,380,7347518,75620000
320,2021-03-14,봄,조끼_패딩베스트_ZB,81.47519694317263,11005215,752,7846075,59408000
321,2021-03-14,봄,코트_더블코트_ZB,61.14229228902775,29787153,233,8126195,76657000
322,2021-03-14,봄,코트_싱글코트_ZB,55.456326579049886,185752612,1698,44804435,422802000
323,2021-03-14,사계절,니트 셔츠_라운드_ZB,42.33007780839682,12807567,1116,6032200,22208400
324,2021-03-14,사계절,데님_데님팬츠_ZB,34.2528329968532,21018843,400,4695946,31960000
325,2021-03-14,사계절,수트_블레이져(수트)_ZB,45.47499498526126,87325152,768,27511896,152832000
326,2021-03-14,사계절,수트_수트팬츠_ZB,38.13447956525102,55268153,891,15609677,88209000
327,2021-03-14,사계절,우븐 셔츠_드레스셔츠_ZB,40.04684093838673,54327830,1736,12582576,92876400
328,2021-03-14,사계절,우븐 셔츠_드레스셔츠_ZC,28.989139515455307,340000,12,90426,478800
329,2021-03-14,사계절,자켓_싱글재킷_ZB,42.26924687540266,17921935,156,3684422,31044000
330,2021-03-14,사계절,팬츠_팬츠(일반)_ZB,44.920225134652874,83600556,2282,22562138,152811800
331,2021-03-14,여름,니트 셔츠_라운드_ZB,18.663968576514804,10145816,398,1346364,14149000
332,2021-03-14,여름,니트 셔츠_티에리_ZB,20.454545454545453,1573250,22,251569,1977800
333,2021-03-14,여름,수트_블레이져(수트)_ZA,37.47558416625581,30549249,188,8730619,48692000
334,2021-03-14,여름,수트_블레이져(수트)_ZB,27.258348250505247,139493971,944,38288029,187856000
335,2021-03-14,여름,수트_블레이져(수트)_ZC,28.678943284420846,48534303,315,14093314,69225000
336,2021-03-14,여름,수트_수트팬츠_ZA,37.25553016150616,20768717,238,5452927,33082000
337,2021-03-14,여름,수트_수트팬츠_ZB,27.22594459488719,85220252,1150,24046416,113850000
338,2021-03-14,여름,수트_수트팬츠_ZC,28.250428137637194,25285032,320,7085600,35840000
339,2021-03-14,여름,우븐 셔츠_드레스셔츠_ZB,55.76436210662991,33796337,1093,6917807,76400700
340,2021-03-14,여름,우븐 셔츠_캐쥬얼셔츠_ZB,174.85525220711824,12409260,275,2014007,19222500
341,2021-03-14,여름,자켓_싱글재킷_ZA,36.70082326114935,26665691,162,5857200,41958000
342,2021-03-14,여름,자켓_싱글재킷_ZB,23.07232591529074,8572820,56,1182088,11144000
343,2021-03-14,여름,점퍼_점퍼_ZB,50.601280671459165,105027018,953,20179010,201097000
344,2021-03-14,여름,팬츠_팬츠(일반)_ZA,34.4965807284486,20925849,233,3744700,32387000
345,2021-03-14,여름,팬츠_팬츠(일반)_ZB,29.907010014306152,2743720,56,513135,3914400
346,2021-03-21,봄,가죽&FUR_가죽점퍼_ZA,52.701882210078935,31718000,66,13525000,65934000
347,2021-03-21,봄,니트 셔츠_라운드_ZB,64.35164492086165,111560594,4549,33885697,317975100
348,2021-03-21,봄,수트_블레이져(수트)_ZA,60.839377650214416,16360635,117,5689368,33303000
349,2021-03-21,봄,수트_블레이져(수트)_ZB,39.5876294237015,29381228,248,10018918,49352000
350,2021-03-21,봄,수트_블레이져(수트)_ZC,47.27845733369039,10096500,84,3688954,18156000
351,2021-03-21,봄,수트_수트팬츠_ZA,62.742994355945996,8246513,114,3011255,17886000
352,2021-03-21,봄,수트_수트팬츠_ZB,39.83196811105775,15703848,268,5551241,26532000
353,2021-03-21,봄,수트_수트팬츠_ZC,49.92314691155991,3049000,52,1117011,5548000
354,2021-03-21,봄,스웨터_T-에리_ZB,63.593011163513594,22440649,617,6076458,61638300
355,2021-03-21,봄,스웨터_라운드_ZB,61.75783532271221,78040027,2155,18083198,198744500
356,2021-03-21,봄,스웨터_오픈형(CARDIGAN)_ZB,62.65963372007131,36399738,609,8579943,97379100
357,2021-03-21,봄,우븐 셔츠_드레스셔츠_ZB,58.881004414720415,9369950,326,1932886,22787400
358,2021-03-21,봄,우븐 셔츠_캐쥬얼셔츠_ZB,58.778836656097404,16022531,537,4203464,37536300
359,2021-03-21,봄,점퍼_패딩점퍼_ZB,53.817284055412195,27203467,296,5723330,58904000
360,2021-03-21,봄,조끼_패딩베스트_ZB,82.77386826861189,11240740,826,8431461,65254000
361,2021-03-21,봄,코트_더블코트_ZB,68.93967522375262,40568822,397,13848403,130613000
362,2021-03-21,봄,코트_싱글코트_ZB,61.108947599443,136902252,1434,37892700,357066000
363,2021-03-21,사계절,니트 셔츠_라운드_ZB,35.58285518327436,33624268,2623,14177832,52197700
364,2021-03-21,사계절,데님_데님팬츠_ZB,39.89856024576477,34046910,686,8051773,54811400
365,2021-03-21,사계절,수트_블레이져(수트)_ZB,47.75579829320914,107532425,1120,40468411,222880000
366,2021-03-21,사계절,수트_수트팬츠_ZB,40.96072515877626,65776246,1215,21818413,120285000
367,2021-03-21,사계절,우븐 셔츠_드레스셔츠_ZB,38.33896145839341,62309762,1963,14228577,104793700
368,2021-03-21,사계절,우븐 셔츠_드레스셔츠_ZC,30.883458646616543,330930,12,90426,478800
369,2021-03-21,사계절,자켓_싱글재킷_ZB,41.13227207465901,16400549,140,3306532,27860000
370,2021-03-21,사계절,팬츠_팬츠(일반)_ZB,43.82864345002859,82190580,2216,21833059,149268400
371,2021-03-21,여름,니트 셔츠_라운드_ZB,45.028881443558795,59874345,2236,10092506,112247400
372,2021-03-21,여름,니트 셔츠_티에리_ZB,34.62756598240469,9697020,165,1886770,14833500
373,2021-03-21,여름,수트_블레이져(수트)_ZA,35.64569529784156,26947144,162,7498887,41958000
374,2021-03-21,여름,수트_블레이져(수트)_ZB,26.74694324541117,145373104,1000,40807402,199000000
375,2021-03-21,여름,수트_블레이져(수트)_ZC,29.311037718732486,51451048,344,15028455,73076000
376,2021-03-21,여름,수트_수트팬츠_ZA,36.866442876233364,16802471,191,4312170,26549000
377,2021-03-21,여름,수트_수트팬츠_ZB,26.088380386480935,81268679,1114,23340078,110286000
378,2021-03-21,여름,수트_수트팬츠_ZC,28.26610781300017,24784802,325,7070792,35175000
379,2021-03-21,여름,스웨터_T-에리_ZB,35.42010364782658,65372550,1126,8310291,101227400
380,2021-03-21,여름,스웨터_라운드_ZB,0.0,0,0,0,0
381,2021-03-21,여름,우븐 셔츠_드레스셔츠_ZB,59.22090316316736,33264855,1167,7386168,81573300
382,2021-03-21,여름,우븐 셔츠_캐쥬얼셔츠_ZB,48.39521763254771,64058400,1764,12266837,123303600
383,2021-03-21,여름,자켓_싱글재킷_ZA,36.485166605166604,46021164,282,9970200,73038000
384,2021-03-21,여름,자켓_싱글재킷_ZB,37.25687259828555,2122600,17,360034,3383000
385,2021-03-21,여름,점퍼_점퍼_ZB,52.42786978783471,100254786,949,19674734,207851000
386,2021-03-21,여름,팬츠_팬츠(일반)_ZA,38.74231500741052,17133916,204,3159900,28356000
387,2021-03-21,여름,팬츠_팬츠(일반)_ZB,32.56283838361249,19338520,355,3541719,28974500
388,2021-03-28,봄,가죽&FUR_가죽점퍼_ZA,53.15022815022815,-7335000,-8,-1654000,-7992000
389,2021-03-28,봄,니트 셔츠_라운드_ZB,64.0184884635794,77082753,3188,23330769,222841200
390,2021-03-28,봄,수트_블레이져(수트)_ZA,60.35644026471613,11638028,82,3936402,22678000
391,2021-03-28,봄,수트_블레이져(수트)_ZB,41.180695670867706,24232606,210,8500366,41790000
392,2021-03-28,봄,수트_블레이져(수트)_ZC,48.80171777616073,6618866,57,2467890,12183000
393,2021-03-28,봄,수트_수트팬츠_ZA,59.683150721568474,6741582,87,2222165,13093000
394,2021-03-28,봄,수트_수트팬츠_ZB,41.16316709753191,12796622,222,4560930,21978000
395,2021-03-28,봄,수트_수트팬츠_ZC,43.96377568791362,2147600,38,763294,3762000
396,2021-03-28,봄,스웨터_T-에리_ZB,63.61339388168656,13413231,369,3634044,36863100
397,2021-03-28,봄,스웨터_라운드_ZB,62.40432645495786,47823976,1346,11269691,123935400
398,2021-03-28,봄,스웨터_오픈형(CARDIGAN)_ZB,65.58124521490717,36137443,659,9204486,105374100
399,2021-03-28,봄,우븐 셔츠_드레스셔츠_ZB,59.71821459227468,7039242,250,1482275,17475000
400,2021-03-28,봄,우븐 셔츠_캐쥬얼셔츠_ZB,60.71216578784208,9400575,336,2650125,23486400
401,2021-03-28,봄,점퍼_패딩점퍼_ZB,47.90535919822577,18556632,179,3461068,35621000
402,2021-03-28,봄,조끼_패딩베스트_ZB,84.55589971444402,14494597,1188,12516100,93852000
403,2021-03-28,봄,코트_더블코트_ZB,70.46336056231003,31096174,320,11148734,105280000
404,2021-03-28,봄,코트_싱글코트_ZB,62.05056564940237,105452984,1109,29163800,276141000
405,2021-03-28,사계절,니트 셔츠_라운드_ZB,41.020448778546196,36748330,3131,16923672,62306900
406,2021-03-28,사계절,데님_데님팬츠_ZB,38.664510381316475,29881421,594,6974006,47460600
407,2021-03-28,사계절,수트_블레이져(수트)_ZB,46.34089554435401,66800895,593,21665576,118007000
408,2021-03-28,사계절,수트_수트팬츠_ZB,38.53207271997947,41314735,674,12159574,66726000
409,2021-03-28,사계절,우븐 셔츠_드레스셔츠_ZB,35.261227340727324,57846868,1768,12827090,95723200
410,2021-03-28,사계절,우븐 셔츠_드레스셔츠_ZC,30.401002506265666,249930,9,67819,359100
411,2021-03-28,사계절,자켓_싱글재킷_ZB,41.51289233050498,14199500,122,2881407,24278000
412,2021-03-28,사계절,팬츠_팬츠(일반)_ZB,45.60110075603964,64621458,1831,18033328,123296900
413,2021-03-28,여름,니트 셔츠_라운드_ZB,54.35751203597115,65386540,3102,14499728,154500400
414,2021-03-28,여름,니트 셔츠_티에리_ZB,4.9093587469560775,-3163000,-37,-423094,-3326300
415,2021-03-28,여름,수트_블레이져(수트)_ZA,34.73457942133304,77986727,459,21543194,118881000
416,2021-03-28,여름,수트_블레이져(수트)_ZB,28.38947338882698,118109228,831,33708548,165369000
417,2021-03-28,여름,수트_블레이져(수트)_ZC,30.190717832965532,46796050,316,13705368,66604000
418,2021-03-28,여름,수트_수트팬츠_ZA,34.61967563159322,50008267,548,12729041,76172000
419,2021-03-28,여름,수트_수트팬츠_ZB,27.537613678243208,70756702,994,20862093,98406000
420,2021-03-28,여름,수트_수트팬츠_ZC,29.74030493771873,25314870,333,7239570,35967000
421,2021-03-28,여름,스웨터_T-에리_ZB,-171.84343715239154,-18573431,-76,-560908,-6832400
422,2021-03-28,여름,스웨터_라운드_ZB,34.740293447746176,30800950,525,4466097,47197500
423,2021-03-28,여름,우븐 셔츠_드레스셔츠_ZB,57.98699566557667,39469369,1344,8506435,93945600
424,2021-03-28,여름,우븐 셔츠_캐쥬얼셔츠_ZB,65.89465787589207,29274854,1220,8840747,85278000
425,2021-03-28,여름,자켓_싱글재킷_ZA,36.825632103338265,110602154,679,23122200,175861000
426,2021-03-28,여름,자켓_싱글재킷_ZB,37.15429258970911,17758940,142,2995215,28258000
427,2021-03-28,여름,점퍼_점퍼_ZB,52.87823391862241,90802900,884,17954325,200366000
428,2021-03-28,여름,팬츠_팬츠(일반)_ZA,37.637677361076626,64498373,746,10899600,103694000
429,2021-03-28,여름,팬츠_팬츠(일반)_ZB,36.73851590867768,43300790,794,8014181,69400600
430,2021-04-04,봄,가죽&FUR_가죽점퍼_ZA,51.73449311380346,16988000,36,7373000,35964000
431,2021-04-04,봄,니트 셔츠_라운드_ZB,66.07713121064587,92135849,4204,30260995,293859600
432,2021-04-04,봄,수트_블레이져(수트)_ZA,53.38100687879998,14184728,88,4159324,23572000
433,2021-04-04,봄,수트_블레이져(수트)_ZB,40.2926238857352,22361014,186,7572392,37014000
434,2021-04-04,봄,수트_블레이져(수트)_ZC,47.336325863142854,6396500,54,2337585,11346000
435,2021-04-04,봄,수트_수트팬츠_ZA,50.93637857694467,8446778,96,2410573,14104000
436,2021-04-04,봄,수트_수트팬츠_ZB,40.27629829020856,13859796,231,4811357,22869000
437,2021-04-04,봄,수트_수트팬츠_ZC,49.28633926686689,2501902,43,936531,4657000
438,2021-04-04,봄,스웨터_T-에리_ZB,73.59275470843595,20524292,778,7662086,77722200
439,2021-04-04,봄,스웨터_라운드_ZB,72.16779237203295,53666252,2005,16746004,183879500
440,2021-04-04,봄,스웨터_오픈형(CARDIGAN)_ZB,63.902378569082025,33327868,577,8029929,92262300
441,2021-04-04,봄,우븐 셔츠_드레스셔츠_ZB,59.46520522343126,8415145,297,1760943,20760300
442,2021-04-04,봄,우븐 셔츠_캐쥬얼셔츠_ZB,61.805195509384724,10818743,412,3223172,28798800
443,2021-04-04,봄,점퍼_패딩점퍼_ZB,56.84700465679181,16402022,191,3693094,38009000
444,2021-04-04,봄,조끼_패딩베스트_ZB,89.56253470958846,5450340,661,6474319,52219000
445,2021-04-04,봄,코트_더블코트_ZB,69.39514962113104,28595948,284,9899582,93436000
446,2021-04-04,봄,코트_싱글코트_ZB,63.58225493843063,105657350,1169,30863421,291081000
447,2021-04-04,사계절,니트 셔츠_라운드_ZB,30.472185488847746,18927696,1368,7394310,27223200
448,2021-04-04,사계절,데님_데님팬츠_ZB,31.84366749764198,22455066,409,4801517,32679100
449,2021-04-04,사계절,수트_블레이져(수트)_ZB,45.41808041619462,75933335,611,21958605,121589000
450,2021-04-04,사계절,수트_수트팬츠_ZB,36.74870780976968,47359328,692,12329631,68508000
451,2021-04-04,사계절,우븐 셔츠_드레스셔츠_ZB,38.30308451206835,65116896,2085,15044422,111241500
452,2021-04-04,사계절,우븐 셔츠_드레스셔츠_ZC,36.32684652808492,431895,17,128103,678300
453,2021-04-04,사계절,자켓_싱글재킷_ZB,45.350266182397135,21968100,202,4770854,40198000
454,2021-04-04,사계절,팬츠_팬츠(일반)_ZB,44.72054629648599,77620090,2173,21329444,147102700
455,2021-04-04,여름,니트 셔츠_라운드_ZB,52.658555040690125,141417482,5229,30678176,287035000
456,2021-04-04,여름,니트 셔츠_티에리_ZB,33.1076124468783,2345314,39,445964,3506100
457,2021-04-04,여름,수트_블레이져(수트)_ZA,34.75153615835434,61986127,366,17111991,94794000
458,2021-04-04,여름,수트_블레이져(수트)_ZB,26.57508325805036,154099157,1049,42555649,208751000
459,2021-04-04,여름,수트_블레이져(수트)_ZC,30.89482759048937,58535419,397,17294514,83563000
460,2021-04-04,여름,수트_수트팬츠_ZA,32.541564949702696,33511394,370,8538670,51430000
461,2021-04-04,여름,수트_수트팬츠_ZB,25.938761607540137,85947407,1167,24498579,115533000
462,2021-04-04,여름,수트_수트팬츠_ZC,30.37054204254178,33105440,436,9518023,46644000
463,2021-04-04,여름,스웨터_T-에리_ZB,35.47621117480962,74063400,1275,10846422,114622500
464,2021-04-04,여름,스웨터_라운드_ZB,38.55091515825665,27345150,495,4451412,44500500
465,2021-04-04,여름,우븐 셔츠_드레스셔츠_ZB,55.44940695745177,48735453,1565,9905186,109393500
466,2021-04-04,여름,우븐 셔츠_캐쥬얼셔츠_ZB,50.80551514083438,72099922,2141,14946919,149655900
467,2021-04-04,여름,자켓_싱글재킷_ZA,34.34477559271368,190786349,1150,39552142,297850000
468,2021-04-04,여름,자켓_싱글재킷_ZB,32.31709502928656,21146170,157,3318490,31243000
469,2021-04-04,여름,점퍼_점퍼_ZB,50.58354378614495,58043000,561,11088511,132689000
470,2021-04-04,여름,팬츠_반바지_ZB,0.0,0,0,0,0
471,2021-04-04,여름,팬츠_팬츠(일반)_ZA,36.678922247680525,69777562,793,11584400,110227000
472,2021-04-04,여름,팬츠_팬츠(일반)_ZB,49.475697013960485,74916048,1918,18923267,160968200
473,2021-04-11,봄,가죽&FUR_가죽점퍼_ZA,inf,1036000,4,820000,3996000
474,2021-04-11,봄,니트 셔츠_라운드_ZB,65.56613229071756,45179563,2000,14305267,139800000
475,2021-04-11,봄,수트_블레이져(수트)_ZA,53.55560063105702,12873668,77,3627761,20483000
476,2021-04-11,봄,수트_블레이져(수트)_ZB,37.551475510345796,26203865,211,8515461,41989000
477,2021-04-11,봄,수트_블레이져(수트)_ZC,48.20898466168841,7171962,61,2615273,12619000
478,2021-04-11,봄,수트_수트팬츠_ZA,54.76804075116854,7495482,83,2032970,11817000
479,2021-04-11,봄,수트_수트팬츠_ZB,38.20590708113031,14906238,243,4979291,24057000
480,2021-04-11,봄,수트_수트팬츠_ZC,50.530057454328094,2175300,38,805803,3922000
481,2021-04-11,봄,스웨터_T-에리_ZB,60.63546539737016,5780800,147,1447719,14685300
482,2021-04-11,봄,스웨터_라운드_ZB,60.747463044204224,10082021,269,2327358,25213100
483,2021-04-11,봄,스웨터_오픈형(CARDIGAN)_ZB,65.6066308257345,22684643,414,5726686,66198600
484,2021-04-11,봄,우븐 셔츠_드레스셔츠_ZB,59.84091559370529,8000292,285,1689793,19921500
485,2021-04-11,봄,우븐 셔츠_캐쥬얼셔츠_ZB,62.74470060221133,7767287,288,2259393,20131200
486,2021-04-11,봄,점퍼_패딩점퍼_ZB,44.50705138596207,6846720,62,1198806,12338000
487,2021-04-11,봄,조끼_패딩베스트_ZB,85.8846186787581,11206907,1005,9556800,79395000
488,2021-04-11,봄,코트_더블코트_ZB,71.27441742654509,7938602,84,2929114,27636000
489,2021-04-11,봄,코트_싱글코트_ZB,60.83463101759931,39345300,400,10531535,99600000
490,2021-04-11,사계절,니트 셔츠_라운드_ZB,32.87090228630061,20412079,1528,8259141,30407200
491,2021-04-11,사계절,데님_데님팬츠_ZB,44.8619118678568,27008193,616,7233070,49218400
492,2021-04-11,사계절,수트_블레이져(수트)_ZB,44.43151744048398,88058014,748,27325038,148852000
493,2021-04-11,사계절,수트_수트팬츠_ZB,33.80079755514019,54266899,843,15373623,83457000
494,2021-04-11,사계절,우븐 셔츠_드레스셔츠_ZB,39.775476913285246,62805561,1934,14127619,105146600
495,2021-04-11,사계절,우븐 셔츠_드레스셔츠_ZC,30.91299677765843,578880,21,158245,837900
496,2021-04-11,사계절,자켓_싱글재킷_ZB,43.11670291757294,15168500,134,3164824,26666000
497,2021-04-11,사계절,팬츠_팬츠(일반)_ZB,43.3619422710657,47169228,1277,12543462,86222300
498,2021-04-11,여름,니트 셔츠_라운드_ZB,56.114404761972665,123269030,5092,26931075,272416600
499,2021-04-11,여름,니트 셔츠_티에리_ZB,57.34369555159617,12999978,339,3876454,30476100
500,2021-04-11,여름,수트_블레이져(수트)_ZA,33.87972020242602,70128815,408,19052274,105672000
501,2021-04-11,여름,수트_블레이져(수트)_ZB,23.7287065839074,108031997,714,29211252,142086000
502,2021-04-11,여름,수트_블레이져(수트)_ZC,28.32843600963819,66452918,427,18630392,90673000
503,2021-04-11,여름,수트_수트팬츠_ZA,35.897138772987276,42732899,469,10857134,65191000
504,2021-04-11,여름,수트_수트팬츠_ZB,23.33646243692128,67248383,888,18714965,87912000
505,2021-04-11,여름,수트_수트팬츠_ZC,29.174168428574227,33600580,427,9306599,45753000
506,2021-04-11,여름,스웨터_T-에리_ZB,49.73507486151291,49568815,1108,9075119,99609200
507,2021-04-11,여름,스웨터_라운드_ZB,47.76929633214394,36155660,770,7155963,69223000
508,2021-04-11,여름,우븐 셔츠_드레스셔츠_ZB,58.36287451524702,46887109,1611,10196329,112608900
509,2021-04-11,여름,우븐 셔츠_캐쥬얼셔츠_ZB,52.48203000537179,80293117,2426,17119820,169577400
510,2021-04-11,여름,자켓_싱글재킷_ZA,41.24044357978921,159760692,1049,38160137,271691000
511,2021-04-11,여름,자켓_싱글재킷_ZB,38.61612498395725,56241000,460,9711427,91540000
512,2021-04-11,여름,점퍼_점퍼_ZB,51.3940277195711,49763600,495,9746625,117755000
513,2021-04-11,여름,팬츠_반바지_ZB,0.0,0,0,0,0
514,2021-04-11,여름,팬츠_팬츠(일반)_ZA,47.2198495959346,45252442,614,9336700,85346000
515,2021-04-11,여름,팬츠_팬츠(일반)_ZB,43.24403499853925,105358864,2203,22161766,187909700
516,2021-04-18,봄,가죽&FUR_가죽점퍼_ZA,52.5030525030525,9600000,20,4093000,19980000
517,2021-04-18,봄,니트 셔츠_라운드_ZB,68.10690635012442,37193675,1768,12570232,123583200
518,2021-04-18,봄,수트_블레이져(수트)_ZA,57.164014632980155,11917014,74,3538577,20306000
519,2021-04-18,봄,수트_블레이져(수트)_ZB,39.908567772874015,27768863,228,9274666,45372000
520,2021-04-18,봄,수트_블레이져(수트)_ZC,47.788088824477676,3919050,33,1426158,6927000
521,2021-04-18,봄,수트_수트팬츠_ZA,57.704885151316624,6728586,75,1877324,10985000
522,2021-04-18,봄,수트_수트팬츠_ZB,39.465456769924444,15805037,257,5327023,25443000
523,2021-04-18,봄,수트_수트팬츠_ZC,49.081905905166444,1717550,29,602929,2951000
524,2021-04-18,봄,스웨터_T-에리_ZB,58.08711937744196,-1298000,-31,-305303,-3096900
525,2021-04-18,봄,스웨터_라운드_ZB,61.418764801023684,9631764,259,2177739,24004100
526,2021-04-18,봄,스웨터_오픈형(CARDIGAN)_ZB,67.88418636947625,31813602,614,8514206,98178600
527,2021-04-18,봄,우븐 셔츠_드레스셔츠_ZB,66.28285845733049,5350000,227,1345906,15867300
528,2021-04-18,봄,우븐 셔츠_캐쥬얼셔츠_ZB,65.09221838075558,5358842,225,1792306,15727500
529,2021-04-18,봄,점퍼_패딩점퍼_ZB,43.24252843163185,4292000,38,734752,7562000
530,2021-04-18,봄,조끼_패딩베스트_ZB,86.50878691983122,3836901,360,3396064,28440000
531,2021-04-18,봄,코트_더블코트_ZB,73.11719013846674,3980000,45,1568690,14805000
532,2021-04-18,봄,코트_싱글코트_ZB,61.97028112449799,21779700,225,5962535,56025000
533,2021-04-18,사계절,니트 셔츠_라운드_ZB,37.63114361520157,16407874,1322,7145671,26307800
534,2021-04-18,사계절,데님_데님팬츠_ZB,56.23530414818001,40981704,1142,13405675,91245800
535,2021-04-18,사계절,수트_블레이져(수트)_ZB,45.95749325409048,108809681,1232,44978171,245168000
536,2021-04-18,사계절,수트_수트팬츠_ZB,33.904074223427976,68866199,1374,25265526,136026000
537,2021-04-18,사계절,우븐 셔츠_드레스셔츠_ZB,41.688717040991406,53748551,1683,12316688,91901700
538,2021-04-18,사계절,우븐 셔츠_드레스셔츠_ZC,30.952380952380953,247950,9,67819,359100
539,2021-04-18,사계절,자켓_싱글재킷_ZB,42.294131950072945,14239500,124,2928643,24676000
540,2021-04-18,사계절,팬츠_팬츠(일반)_ZB,50.77037380447974,87424735,2721,26972861,181647900
541,2021-04-18,여름,니트 셔츠_라운드_ZB,59.52228011165863,125444090,5656,26209717,301828700
542,2021-04-18,여름,니트 셔츠_티에리_ZB,57.56013870593788,37372961,1007,10309349,90529300
543,2021-04-18,여름,수트_블레이져(수트)_ZA,27.27777994981388,65285201,349,16355666,90391000
544,2021-04-18,여름,수트_블레이져(수트)_ZB,23.892823700292105,109591971,719,29326356,143081000
545,2021-04-18,여름,수트_블레이져(수트)_ZC,25.874787908752364,48133820,299,13333093,64301000
546,2021-04-18,여름,수트_수트팬츠_ZA,30.938893771143672,37511286,373,8599403,51847000
547,2021-04-18,여름,수트_수트팬츠_ZB,24.006468739120137,63885423,843,17727419,83457000
548,2021-04-18,여름,수트_수트팬츠_ZC,26.272759317364198,26216180,324,7172108,35156000
549,2021-04-18,여름,스웨터_T-에리_ZB,49.976534070977905,68250867,1573,12935031,141412700
550,2021-04-18,여름,스웨터_라운드_ZB,44.57536394503773,34181149,686,6375662,61671400
551,2021-04-18,여름,우븐 셔츠_드레스셔츠_ZB,43.099040236890495,49385677,1557,9647412,108834300
552,2021-04-18,여름,우븐 셔츠_캐쥬얼셔츠_ZB,49.74554684925572,90902331,2937,20445677,205296300
553,2021-04-18,여름,자켓_싱글재킷_ZA,43.10006543414499,171202164,1152,40674497,298368000
554,2021-04-18,여름,자켓_싱글재킷_ZB,41.889964210285385,45560069,394,8322022,78406000
555,2021-04-18,여름,점퍼_점퍼_ZB,55.411884043290556,40999550,424,8414276,99676000
556,2021-04-18,여름,팬츠_반바지_ZB,0.0,0,0,0,0
557,2021-04-18,여름,팬츠_팬츠(일반)_ZA,46.17176389900857,72302165,973,14472600,135247000
558,2021-04-18,여름,팬츠_팬츠(일반)_ZB,44.580590563222934,101068917,2177,21887157,188412300
559,2021-04-25,봄,가죽&FUR_가죽점퍼_ZA,53.377451525599675,14249000,31,6351000,30969000
560,2021-04-25,봄,니트 셔츠_라운드_ZB,68.32604402424444,16074842,789,5595610,55151100
561,2021-04-25,봄,수트_블레이져(수트)_ZA,52.8058550489585,8851866,50,2356475,13310000
562,2021-04-25,봄,수트_블레이져(수트)_ZB,39.96405505820418,24314328,194,7912580,38606000
563,2021-04-25,봄,수트_블레이져(수트)_ZC,47.946380281764085,3907900,33,1440709,7047000
564,2021-04-25,봄,수트_수트팬츠_ZA,53.709209499051234,4918734,51,1252715,7289000
565,2021-04-25,봄,수트_수트팬츠_ZB,39.86486649211224,14407020,232,4773836,22968000
566,2021-04-25,봄,수트_수트팬츠_ZC,50.27821240450324,1555400,27,563835,2753000
567,2021-04-25,봄,스웨터_T-에리_ZB,66.13342754519225,575156,17,167425,1698300
568,2021-04-25,봄,스웨터_라운드_ZB,63.442526216565575,6522208,188,1664416,17771200
569,2021-04-25,봄,스웨터_오픈형(CARDIGAN)_ZB,64.68711411494601,10461851,189,2589531,30221100
570,2021-04-25,봄,우븐 셔츠_드레스셔츠_ZB,59.66831737647188,3664940,130,770783,9087000
571,2021-04-25,봄,우븐 셔츠_캐쥬얼셔츠_ZB,63.18413727963891,4003566,155,1232058,10834500
572,2021-04-25,봄,점퍼_패딩점퍼_ZB,50.216616415410385,2972068,30,580067,5970000
573,2021-04-25,봄,조끼_패딩베스트_ZB,84.98919967333606,2205687,186,1714147,14694000
574,2021-04-25,봄,코트_더블코트_ZB,70.06967500584521,3840360,39,1358193,12831000
575,2021-04-25,봄,코트_싱글코트_ZB,61.18401534064185,12016700,126,3337297,31374000
576,2021-04-25,사계절,니트 셔츠_라운드_ZB,31.927965884736636,9306332,687,3713370,13671300
577,2021-04-25,사계절,데님_데님팬츠_ZB,38.324862836476925,18658264,393,4614916,31400700
578,2021-04-25,사계절,수트_블레이져(수트)_ZB,34.58437742459488,80953204,623,22481577,123977000
579,2021-04-25,사계절,수트_수트팬츠_ZB,33.87392458324009,45973954,660,11925249,65340000
580,2021-04-25,사계절,우븐 셔츠_드레스셔츠_ZB,45.05409009218607,60230562,2086,15032907,111931400
581,2021-04-25,사계절,우븐 셔츠_드레스셔츠_ZC,31.829573934837093,272000,10,75355,399000
582,2021-04-25,사계절,자켓_싱글재킷_ZB,42.197654941373536,8627000,75,1771357,14925000
583,2021-04-25,사계절,팬츠_팬츠(일반)_ZB,41.15394391934572,28330222,739,7228475,50316100
584,2021-04-25,여름,니트 셔츠_라운드_ZB,46.82562484312598,179509802,8301,41484555,438896800
585,2021-04-25,여름,니트 셔츠_티에리_ZB,42.209450536325015,42355466,828,7667692,74437200
586,2021-04-25,여름,수트_블레이져(수트)_ZA,27.107857761089523,76851292,411,19094846,106449000
587,2021-04-25,여름,수트_블레이져(수트)_ZB,26.35043932178566,85932662,591,24100449,117609000
588,2021-04-25,여름,수트_블레이져(수트)_ZC,26.64381442689389,43646480,273,12208612,59487000
589,2021-04-25,여름,수트_수트팬츠_ZA,25.006142199676287,49162899,486,11077643,67554000
590,2021-04-25,여름,수트_수트팬츠_ZB,25.805383371534752,52952535,730,15358035,72270000
591,2021-04-25,여름,수트_수트팬츠_ZC,27.202830476931194,22928700,284,6263411,31196000
592,2021-04-25,여름,스웨터_T-에리_ZB,55.671541810840736,76199790,1927,16053369,173237300
593,2021-04-25,여름,스웨터_라운드_ZB,55.150723748826536,31005695,769,7145092,69133100
594,2021-04-25,여름,우븐 셔츠_드레스셔츠_ZB,177.65569790884666,26372967,929,5860989,64937100
595,2021-04-25,여름,우븐 셔츠_캐쥬얼셔츠_ZB,57.74158717259562,94385421,2953,20811812,206414700
596,2021-04-25,여름,자켓_싱글재킷_ZA,42.408478317568104,219907483,1463,51559299,378917000
597,2021-04-25,여름,자켓_싱글재킷_ZB,42.75283608345384,70769634,620,13090838,123380000
598,2021-04-25,여름,점퍼_점퍼_ZB,53.672788332135966,14989000,157,3077855,37593000
599,2021-04-25,여름,팬츠_반바지_ZB,20.0,1277440,32,192397,1596800
600,2021-04-25,여름,팬츠_팬츠(일반)_ZA,44.90246472202223,80020452,1036,15339100,144004000
601,2021-04-25,여름,팬츠_팬츠(일반)_ZB,55.84277521470036,145039969,3118,31720460,271268200
602,2021-05-02,봄,가죽&FUR_가죽점퍼_ZA,50.050050050050054,4491000,9,1846000,8991000
603,2021-05-02,봄,니트 셔츠_라운드_ZB,65.23830888296708,12504186,579,4046590,40472100
604,2021-05-02,봄,수트_블레이져(수트)_ZA,50.21388756087032,8692327,48,2273035,12912000
605,2021-05-02,봄,수트_블레이져(수트)_ZB,36.167862343677356,22370843,173,7018092,34427000
606,2021-05-02,봄,수트_블레이져(수트)_ZC,39.634282523729766,3947300,33,1376894,6567000
607,2021-05-02,봄,수트_수트팬츠_ZA,53.24499837110827,4521673,46,1131568,6594000
608,2021-05-02,봄,수트_수트팬츠_ZB,36.52283524134929,12748540,200,4143702,19800000
609,2021-05-02,봄,수트_수트팬츠_ZC,40.41808015217106,1688317,29,582814,2871000
610,2021-05-02,봄,스웨터_T-에리_ZB,96.55941126311497,92803,27,265905,2697300
611,2021-05-02,봄,스웨터_라운드_ZB,61.19492526055374,3308320,91,776921,8460900
612,2021-05-02,봄,스웨터_오픈형(CARDIGAN)_ZB,65.10556277160404,5240628,96,1310876,15350400
613,2021-05-02,봄,우븐 셔츠_드레스셔츠_ZB,58.89732585011555,4108500,143,847861,9995700
614,2021-05-02,봄,우븐 셔츠_캐쥬얼셔츠_ZB,77.62531129126265,1449335,84,676772,5871600
615,2021-05-02,봄,점퍼_패딩점퍼_ZB,57.65003140703518,2696846,32,618738,6368000
616,2021-05-02,봄,조끼_패딩베스트_ZB,117.14737098344693,-352207,26,267779,2054000
617,2021-05-02,봄,코트_더블코트_ZB,74.47075394766105,3443640,41,1426425,13489000
618,2021-05-02,봄,코트_싱글코트_ZB,66.7713499157922,9663917,118,3110719,29382000
619,2021-05-02,사계절,니트 셔츠_라운드_ZB,15.977066401968692,4063097,243,1313463,4835700
620,2021-05-02,사계절,데님_데님팬츠_ZB,24.89301708657561,8762853,139,1678630,11106100
621,2021-05-02,사계절,수트_블레이져(수트)_ZB,35.12542525773809,81580364,601,21973722,119599000
622,2021-05-02,사계절,수트_수트팬츠_ZB,35.98521003346471,49373358,687,12451626,68013000
623,2021-05-02,사계절,우븐 셔츠_드레스셔츠_ZB,46.15589167732909,54573227,1715,12287338,90608500
624,2021-05-02,사계절,우븐 셔츠_드레스셔츠_ZC,30.659983291562238,166000,6,45213,239400
625,2021-05-02,사계절,자켓_싱글재킷_ZB,43.66373074162019,10201935,91,2149246,18109000
626,2021-05-02,사계절,팬츠_팬츠(일반)_ZB,41.4113320754328,23870856,630,6161648,42897000
627,2021-05-02,여름,니트 셔츠_라운드_ZB,59.701265343602174,182297749,7552,44103450,421210000
628,2021-05-02,여름,니트 셔츠_티에리_ZB,7.445596658359126,24410126,1155,12459921,103834500
629,2021-05-02,여름,수트_블레이져(수트)_ZA,26.908105429999907,62415788,324,15193948,83916000
630,2021-05-02,여름,수트_블레이져(수트)_ZB,22.55041958918765,65555806,426,17456539,84774000
631,2021-05-02,여름,수트_블레이져(수트)_ZC,23.432953388570063,43723304,262,11762454,57058000
632,2021-05-02,여름,수트_수트팬츠_ZA,12.285433109166267,37477179,363,8407445,50457000
633,2021-05-02,여름,수트_수트팬츠_ZB,22.006177434371768,41257151,534,11292435,52866000
634,2021-05-02,여름,수트_수트팬츠_ZC,23.129264404225545,22261388,263,5800296,28877000
635,2021-05-02,여름,스웨터_T-에리_ZB,49.93388573130629,79908910,1787,14732981,160651300
636,2021-05-02,여름,스웨터_라운드_ZB,44.54725056826425,27518316,552,5129382,49624800
637,2021-05-02,여름,우븐 셔츠_드레스셔츠_ZB,43.92930460496833,49606467,1386,8590394,96881400
638,2021-05-02,여름,우븐 셔츠_캐쥬얼셔츠_ZB,47.07978028633232,129437227,3839,27032939,268346100
639,2021-05-02,여름,자켓_싱글재킷_ZA,40.96580112688369,240545781,1574,55333605,407666000
640,2021-05-02,여름,자켓_싱글재킷_ZB,42.210528788417335,75281981,655,13829220,130345000
641,2021-05-02,여름,점퍼_점퍼_ZB,50.5165097917856,18135700,180,3469678,44170000
642,2021-05-02,여름,팬츠_반바지_ZB,41.7022489423291,1309076,45,267732,2245500
643,2021-05-02,여름,팬츠_팬츠(일반)_ZA,44.600595936917344,99285035,1291,18998600,179449000
644,2021-05-02,여름,팬츠_팬츠(일반)_ZB,51.908763908273215,128738089,3175,31929225,270712500
645,2021-05-09,봄,가죽&FUR_가죽점퍼_ZA,62.18339551672885,6983000,17,3474000,16983000
646,2021-05-09,봄,니트 셔츠_라운드_ZB,66.45201846697282,11388401,554,3868668,38724600
647,2021-05-09,봄,수트_블레이져(수트)_ZA,48.56768595249489,8586307,47,2237000,12773000
648,2021-05-09,봄,수트_블레이져(수트)_ZB,39.567045431909754,19290798,158,6402194,31442000
649,2021-05-09,봄,수트_블레이져(수트)_ZC,47.69931160504718,2618000,22,925001,4498000
650,2021-05-09,봄,수트_수트팬츠_ZA,48.592203079596004,5327653,54,1354076,7946000
651,2021-05-09,봄,수트_수트팬츠_ZB,39.90868563208759,11421170,188,3867022,18612000
652,2021-05-09,봄,수트_수트팬츠_ZC,49.28239565111073,1534000,26,526054,2654000
653,2021-05-09,봄,스웨터_T-에리_ZB,61.9030459030459,532824,14,137878,1398600
654,2021-05-09,봄,스웨터_라운드_ZB,55.54819522808647,1554000,37,336756,3416300
655,2021-05-09,봄,스웨터_오픈형(CARDIGAN)_ZB,65.86484240722534,6178916,111,1512228,17748900
656,2021-05-09,봄,우븐 셔츠_드레스셔츠_ZB,70.91920954581899,1849800,91,539548,6360900
657,2021-05-09,봄,우븐 셔츠_캐쥬얼셔츠_ZB,62.0672125918907,2525550,92,724222,6430800
658,2021-05-09,봄,점퍼_패딩점퍼_ZB,54.254094798315904,3368271,37,715416,7363000
659,2021-05-09,봄,조끼_패딩베스트_ZB,84.27012221737233,1441486,116,1174484,9164000
660,2021-05-09,봄,코트_더블코트_ZB,103.73012495778453,-110449,9,313738,2961000
661,2021-05-09,봄,코트_싱글코트_ZB,66.73590915385681,3151000,39,1025872,9711000
662,2021-05-09,사계절,니트 셔츠_라운드_ZB,22.017312170609145,5090086,328,1772905,6527200
663,2021-05-09,사계절,데님_데님팬츠_ZB,30.353057344716127,13417013,264,3205590,21093600
664,2021-05-09,사계절,수트_블레이져(수트)_ZB,37.25028705927433,88144120,720,26108047,143280000
665,2021-05-09,사계절,수트_수트팬츠_ZB,40.47561610528277,51299369,820,14853468,81180000
666,2021-05-09,사계절,우븐 셔츠_드레스셔츠_ZB,41.58064238152294,55238718,1762,12709812,93883800
667,2021-05-09,사계절,우븐 셔츠_드레스셔츠_ZC,28.089454405243877,373000,13,97961,518700
668,2021-05-09,사계절,자켓_싱글재킷_ZB,42.89085169436928,8864482,78,1842211,15522000
669,2021-05-09,사계절,팬츠_팬츠(일반)_ZB,42.09942203261423,18337289,486,4751761,33131400
670,2021-05-09,여름,니트 셔츠_라운드_ZB,58.576508562573025,260519730,10501,61835493,606943600
671,2021-05-09,여름,니트 셔츠_티에리_ZB,59.091881514920715,30896342,940,9742051,84506000
672,2021-05-09,여름,수트_블레이져(수트)_ZA,24.96416845978095,75221464,384,17970542,99456000
673,2021-05-09,여름,수트_블레이져(수트)_ZB,25.16732873406581,60276913,403,16812933,80197000
674,2021-05-09,여름,수트_블레이져(수트)_ZC,25.576449304841265,34965865,214,9707475,47086000
675,2021-05-09,여름,수트_수트팬츠_ZA,26.915972771710127,44347259,429,9934203,59631000
676,2021-05-09,여름,수트_수트팬츠_ZB,24.949142267162927,34481330,463,9885999,45837000
677,2021-05-09,여름,수트_수트팬츠_ZC,25.950473730336416,19786701,239,5344975,26741000
678,2021-05-09,여름,스웨터_T-에리_ZB,54.32849963709026,83618812,2035,17359832,182946500
679,2021-05-09,여름,스웨터_라운드_ZB,47.19454651994279,31901253,672,6243376,60412800
680,2021-05-09,여름,우븐 셔츠_드레스셔츠_ZB,63.008174700958286,43775475,1630,10204876,113937000
681,2021-05-09,여름,우븐 셔츠_캐쥬얼셔츠_ZB,64.4007037044745,97798650,3305,23801277,231019500
682,2021-05-09,여름,자켓_싱글재킷_ZA,42.27698246205554,256465591,1715,61121348,444185000
683,2021-05-09,여름,자켓_싱글재킷_ZB,41.66562457655323,77881322,671,14166502,133529000
684,2021-05-09,여름,점퍼_점퍼_ZB,48.02189524429376,9140019,90,1738980,22010000
685,2021-05-09,여름,팬츠_반바지_ZB,153.00658459776696,-185152,7,42402,349300
686,2021-05-09,여름,팬츠_팬츠(일반)_ZA,45.167811523219775,86335190,1133,16648700,157487000
687,2021-05-09,여름,팬츠_팬츠(일반)_ZB,52.12758079824439,165307275,3970,40619854,341583000
688,2021-05-16,봄,가죽&FUR_가죽점퍼_ZA,69.04730817774296,18649000,51,10450000,50949000
689,2021-05-16,봄,니트 셔츠_라운드_ZB,66.15566931461687,6790890,343,2333777,23975700
690,2021-05-16,봄,수트_블레이져(수트)_ZA,46.8011818215085,12129514,61,2858630,16039000
691,2021-05-16,봄,수트_블레이져(수트)_ZB,37.801289989952764,20544802,164,6659081,32636000
692,2021-05-16,봄,수트_블레이져(수트)_ZC,47.885427369052394,3560000,30,1265933,6090000
693,2021-05-16,봄,수트_수트팬츠_ZA,52.967797506659934,7093646,68,1673103,9732000
694,2021-05-16,봄,수트_수트팬츠_ZB,37.701545165064616,11521675,182,3764321,18018000
695,2021-05-16,봄,수트_수트팬츠_ZC,40.82491582491582,1809000,31,621908,3069000
696,2021-05-16,봄,스웨터_T-에리_ZB,60.96096096096096,585000,15,147726,1498500
697,2021-05-16,봄,스웨터_라운드_ZB,62.60544821000883,1135838,32,288005,3016800
698,2021-05-16,봄,스웨터_오픈형(CARDIGAN)_ZB,66.93847744125793,7375040,139,1874925,22226100
699,2021-05-16,봄,우븐 셔츠_드레스셔츠_ZB,69.22626126824896,1785400,83,492115,5801700
700,2021-05-16,봄,우븐 셔츠_캐쥬얼셔츠_ZB,65.83859879192498,1446039,58,459071,4054200
701,2021-05-16,봄,점퍼_패딩점퍼_ZB,58.96930807885582,1061464,13,251362,2587000
702,2021-05-16,봄,조끼_패딩베스트_ZB,85.63818276400208,828246,73,707472,5767000
703,2021-05-16,봄,코트_더블코트_ZB,69.90881458966565,594000,6,207820,1974000
704,2021-05-16,봄,코트_싱글코트_ZB,61.22292025243833,2208538,23,600742,5727000
705,2021-05-16,사계절,니트 셔츠_라운드_ZB,37.42946022630158,5491128,441,2383692,8775900
706,2021-05-16,사계절,데님_데님팬츠_ZB,34.006546048551684,8953137,172,2082302,13742800
707,2021-05-16,사계절,수트_블레이져(수트)_ZB,38.04810693785131,72796584,572,20699597,113828000
708,2021-05-16,사계절,수트_수트팬츠_ZB,43.09414224494417,42171276,650,11762294,64350000
709,2021-05-16,사계절,우븐 셔츠_드레스셔츠_ZB,41.25032255856697,44891893,1393,10071513,74370700
710,2021-05-16,사계절,우븐 셔츠_드레스셔츠_ZC,27.318295739348372,261000,9,67819,359100
711,2021-05-16,사계절,자켓_싱글재킷_ZB,42.60262350714612,8795000,77,1818593,15323000
712,2021-05-16,사계절,팬츠_팬츠(일반)_ZB,40.7508869642477,17466454,457,4447027,31354300
713,2021-05-16,여름,니트 셔츠_라운드_ZB,inf,182274192,10822,48515243,559741700
714,2021-05-16,여름,니트 셔츠_티에리_ZB,68.07234672725113,35900963,1132,10960049,101766800
715,2021-05-16,여름,수트_블레이져(수트)_ZA,23.98781956992059,63295311,320,15003308,82880000
716,2021-05-16,여름,수트_블레이져(수트)_ZB,22.15643719513154,46147659,298,12356247,59302000
717,2021-05-16,여름,수트_블레이져(수트)_ZC,22.76327110947887,35928299,213,9664007,46467000
718,2021-05-16,여름,수트_수트팬츠_ZA,23.88440270511113,35844771,336,7787811,46704000
719,2021-05-16,여름,수트_수트팬츠_ZB,22.716712425085284,23744733,309,6599006,30591000
720,2021-05-16,여름,수트_수트팬츠_ZC,22.938466572407158,17594825,207,4611356,22773000
721,2021-05-16,여름,스웨터_T-에리_ZB,54.870254551581894,90741642,2221,19452373,199667900
722,2021-05-16,여름,스웨터_라운드_ZB,50.56631264570984,16220923,365,3391167,32813500
723,2021-05-16,여름,우븐 셔츠_드레스셔츠_ZB,51.57990851872594,47297525,1475,9100437,103102500
724,2021-05-16,여름,우븐 셔츠_캐쥬얼셔츠_ZB,54.44640750172488,100058705,3171,22556960,221652900
725,2021-05-16,여름,자켓_싱글재킷_ZA,42.58235224490368,185376088,1241,43892384,321419000
726,2021-05-16,여름,자켓_싱글재킷_ZB,46.32258763238073,69281607,649,13702351,129151000
727,2021-05-16,여름,점퍼_점퍼_ZB,66.8824236084483,-6446000,-75,-1439026,-18525000
728,2021-05-16,여름,팬츠_반바지_ZB,50.379950376944365,2079874,84,502200,4191600
729,2021-05-16,여름,팬츠_팬츠(일반)_ZA,44.97761424434904,87085866,1156,16980700,160684000
730,2021-05-16,여름,팬츠_팬츠(일반)_ZB,56.191925325687365,297408191,8489,86852468,718341100
731,2021-05-23,봄,가죽&FUR_가죽점퍼_ZA,83.41675008341676,-2486000,-14,-2868000,-13986000
732,2021-05-23,봄,니트 셔츠_라운드_ZB,68.57477953708813,10187815,507,3536390,35439300
733,2021-05-23,봄,수트_블레이져(수트)_ZA,49.16331181921791,9840000,50,2341330,13130000
734,2021-05-23,봄,수트_블레이져(수트)_ZB,42.06054284870255,16591871,140,5684354,27860000
735,2021-05-23,봄,수트_블레이져(수트)_ZC,49.27864867119763,3419448,29,1224719,5891000
736,2021-05-23,봄,수트_수트팬츠_ZA,51.95394733017212,6057200,58,1422860,8262000
737,2021-05-23,봄,수트_수트팬츠_ZB,39.409222889890785,10766538,175,3607608,17325000
738,2021-05-23,봄,수트_수트팬츠_ZC,49.28239565111073,1652000,28,576545,2852000
739,2021-05-23,봄,스웨터_T-에리_ZB,53.82902902902903,922496,20,196966,1998000
740,2021-05-23,봄,스웨터_라운드_ZB,61.196654739480095,872890,24,214295,2287600
741,2021-05-23,봄,스웨터_오픈형(CARDIGAN)_ZB,64.04227121117364,5472542,97,1312675,15510300
742,2021-05-23,봄,우븐 셔츠_드레스셔츠_ZB,76.87614608989769,4703600,291,1725368,20340900
743,2021-05-23,봄,우븐 셔츠_캐쥬얼셔츠_ZB,67.5189859658977,4103573,195,1588451,13630500
744,2021-05-23,봄,점퍼_패딩점퍼_ZB,18.110678391959798,-651839,-4,-77342,-796000
745,2021-05-23,봄,조끼_패딩베스트_ZB,85.3132911392405,92820,8,85955,632000
746,2021-05-23,봄,코트_더블코트_ZB,69.90881458966565,594000,6,208266,1974000
747,2021-05-23,봄,코트_싱글코트_ZB,60.37706381079875,7067000,72,1941694,17928000
748,2021-05-23,사계절,니트 셔츠_라운드_ZB,28.229417983288197,4955974,347,1875603,6905300
749,2021-05-23,사계절,데님_데님팬츠_ZB,38.53206286473259,11206873,215,2608548,17178500
750,2021-05-23,사계절,수트_블레이져(수트)_ZB,37.54099398331016,64715740,530,19270601,105470000
751,2021-05-23,사계절,수트_수트팬츠_ZB,39.96433449723573,35544973,567,10135715,56133000
752,2021-05-23,사계절,우븐 셔츠_드레스셔츠_ZB,39.833264326693694,44631045,1386,9947275,72891400
753,2021-05-23,사계절,우븐 셔츠_드레스셔츠_ZC,32.330827067669176,54000,2,15071,79800
754,2021-05-23,사계절,자켓_싱글재킷_ZB,41.579424902289226,8370500,72,1700502,14328000
755,2021-05-23,사계절,팬츠_팬츠(일반)_ZB,41.18423842935201,16312640,429,4190478,29307100
756,2021-05-23,여름,니트 셔츠_라운드_ZB,67.02165011005135,350852936,23799,113575594,1276552000
757,2021-05-23,여름,니트 셔츠_티에리_ZB,70.00540917575658,43539108,1271,13718927,114262900
758,2021-05-23,여름,수트_블레이져(수트)_ZA,29.375562856929314,65071034,341,15783118,88319000
759,2021-05-23,여름,수트_블레이져(수트)_ZB,21.506574394693665,44677210,286,11974498,56914000
760,2021-05-23,여름,수트_블레이져(수트)_ZC,23.932250434473154,27764344,162,7568708,36798000
761,2021-05-23,여름,수트_수트팬츠_ZA,29.67997034703465,42485240,420,9586478,58380000
762,2021-05-23,여름,수트_수트팬츠_ZB,20.975726250019058,28245550,361,7636077,35739000
763,2021-05-23,여름,수트_수트팬츠_ZC,24.092467421651218,16732400,189,4328787,22271000
764,2021-05-23,여름,스웨터_T-에리_ZB,58.17982504008587,76112211,2028,16947968,182317200
765,2021-05-23,여름,스웨터_라운드_ZB,51.56573606375025,13280433,305,2834592,27419500
766,2021-05-23,여름,우븐 셔츠_드레스셔츠_ZB,59.50709208163109,59487130,2095,12802128,146440500
767,2021-05-23,여름,우븐 셔츠_캐쥬얼셔츠_ZB,59.663290638056374,142219643,5077,35888560,354882300
768,2021-05-23,여름,자켓_싱글재킷_ZA,42.3018032266907,228685423,1524,53375942,394716000
769,2021-05-23,여름,자켓_싱글재킷_ZB,44.48845316766481,71869792,652,13769190,129748000
770,2021-05-23,여름,점퍼_점퍼_ZB,56.93766073764171,23369000,306,5870564,75594000
771,2021-05-23,여름,팬츠_반바지_ZB,25.585770136595627,24961454,617,4032746,33448300
772,2021-05-23,여름,팬츠_팬츠(일반)_ZA,45.94428840467199,93558179,1232,18148300,171248000
773,2021-05-23,여름,팬츠_팬츠(일반)_ZB,53.93831262621247,162749828,4295,43861150,364340500
774,2021-05-30,봄,가죽&FUR_가죽점퍼_ZA,40.79476301698524,-995000,-5,-1011000,-4995000
775,2021-05-30,봄,니트 셔츠_라운드_ZB,72.4057249659624,4389941,231,1720970,16146900
776,2021-05-30,봄,수트_블레이져(수트)_ZA,49.116123756303665,9893100,51,2398049,13509000
777,2021-05-30,봄,수트_블레이져(수트)_ZB,55.91991364014821,31468420,520,20704739,103480000
778,2021-05-30,봄,수트_블레이져(수트)_ZC,47.69931160504718,3213000,27,1142291,5493000
779,2021-05-30,봄,수트_수트팬츠_ZA,48.41349246656509,6283650,60,1470068,8540000
780,2021-05-30,봄,수트_수트팬츠_ZB,55.559812593547484,17711150,565,11639515,55935000
781,2021-05-30,봄,수트_수트팬츠_ZC,49.70327107198616,1632000,28,583382,2852000
782,2021-05-30,봄,스웨터_T-에리_ZB,70.13813813813813,208824,7,68939,699300
783,2021-05-30,봄,스웨터_라운드_ZB,55.637869794154554,798275,20,168748,1848000
784,2021-05-30,봄,스웨터_오픈형(CARDIGAN)_ZB,70.80495958495564,14214990,308,4210038,49249200
785,2021-05-30,봄,우븐 셔츠_드레스셔츠_ZB,59.25817835002384,2135890,75,444682,5242500
786,2021-05-30,봄,우븐 셔츠_캐쥬얼셔츠_ZB,68.61811077471323,1244060,58,465194,4054200
787,2021-05-30,봄,점퍼_패딩점퍼_ZB,59.52261306532663,644400,8,154685,1592000
788,2021-05-30,봄,조끼_패딩베스트_ZB,84.15976491862568,175193,14,132327,1106000
789,2021-05-30,봄,코트_더블코트_ZB,72.09118541033435,459100,5,174596,1645000
790,2021-05-30,봄,코트_싱글코트_ZB,60.15813253012048,-4761900,-48,-1278499,-11952000
791,2021-05-30,사계절,니트 셔츠_라운드_ZB,30.83660669761019,3606041,262,1416162,5213800
792,2021-05-30,사계절,데님_데님팬츠_ZB,32.77294128050088,8649415,159,1925579,12704100
793,2021-05-30,사계절,수트_블레이져(수트)_ZB,39.57585823673561,66112542,639,23586492,127161000
794,2021-05-30,사계절,수트_수트팬츠_ZB,38.736921233450644,45228628,835,15465368,82665000
795,2021-05-30,사계절,우븐 셔츠_드레스셔츠_ZB,39.506239658668434,38774278,1177,8485012,63212300
796,2021-05-30,사계절,우븐 셔츠_드레스셔츠_ZC,27.318295739348372,145000,5,37677,199500
797,2021-05-30,사계절,자켓_싱글재킷_ZB,42.01995894967797,8192000,71,1676884,14129000
798,2021-05-30,사계절,팬츠_팬츠(일반)_ZB,40.29185709258334,9998444,263,2554553,18053700
799,2021-05-30,여름,니트 셔츠_라운드_ZB,66.38894693276319,291945768,22000,91947689,1146460600
800,2021-05-30,여름,니트 셔츠_티에리_ZB,61.19622708977429,118205155,4103,36526434,368859700
801,2021-05-30,여름,수트_블레이져(수트)_ZA,30.1219945427383,51341946,277,12833845,71743000
802,2021-05-30,여름,수트_블레이져(수트)_ZB,20.786656519690226,39607715,244,10071610,48556000
803,2021-05-30,여름,수트_블레이져(수트)_ZC,25.4468430214647,26384304,156,7225835,35844000
804,2021-05-30,여름,수트_수트팬츠_ZA,30.576771638123947,34018626,342,7835749,47538000
805,2021-05-30,여름,수트_수트팬츠_ZB,19.992235618188694,32635335,388,8181619,38412000
806,2021-05-30,여름,수트_수트팬츠_ZC,23.67372339083993,13981096,155,3553823,18385000
807,2021-05-30,여름,스웨터_T-에리_ZB,60.21805109889191,74199048,2131,17696643,191576900
808,2021-05-30,여름,스웨터_라운드_ZB,49.7630235538431,11877880,263,2443947,23643700
809,2021-05-30,여름,우븐 셔츠_드레스셔츠_ZB,59.87882899929923,44695719,1602,9819897,111979800
810,2021-05-30,여름,우븐 셔츠_캐쥬얼셔츠_ZB,60.02148724346724,110396931,4078,28943510,285052200
811,2021-05-30,여름,자켓_싱글재킷_ZA,42.00288423855155,153654371,1017,35904976,263403000
812,2021-05-30,여름,자켓_싱글재킷_ZB,45.20583647403685,61135510,560,11820046,111440000
813,2021-05-30,여름,점퍼_점퍼_ZB,57.8706802713366,-2684050,-28,-523099,-7172000
814,2021-05-30,여름,팬츠_반바지_ZB,65.85369419567178,-2228828,96,543615,4520400
815,2021-05-30,여름,팬츠_팬츠(일반)_ZA,44.783003025938456,68325061,888,13084000,123432000
816,2021-05-30,여름,팬츠_팬츠(일반)_ZB,56.70082038144901,239568892,6809,68662483,571369100
817,2021-06-06,봄,가죽&FUR_가죽점퍼_ZA,-inf,-9552000,-8,-1640000,-7992000
818,2021-06-06,봄,니트 셔츠_라운드_ZB,54.09536340138106,608149,139,836081,9716100
819,2021-06-06,봄,수트_블레이져(수트)_ZA,51.710218951598264,9193000,50,2331430,13010000
820,2021-06-06,봄,수트_블레이져(수트)_ZB,-35.59203367821458,3132409,-27,-1016590,-5373000
821,2021-06-06,봄,수트_블레이져(수트)_ZC,47.84132602497289,3431500,29,1217239,5891000
822,2021-06-06,봄,수트_수트팬츠_ZA,56.04347718268209,5070181,53,1295950,7527000
823,2021-06-06,봄,수트_수트팬츠_ZB,48.896292798110984,4003029,12,276696,1188000
824,2021-06-06,봄,수트_수트팬츠_ZC,40.73493556252177,1810000,31,610511,3069000
825,2021-06-06,봄,스웨터_T-에리_ZB,-inf,21836,0,1,0
826,2021-06-06,봄,스웨터_라운드_ZB,69.6284186021394,712650,23,202122,2147700
827,2021-06-06,봄,스웨터_오픈형(CARDIGAN)_ZB,68.57746101906912,3307295,61,814869,9753900
828,2021-06-06,봄,우븐 셔츠_드레스셔츠_ZB,58.51216022889842,4292000,148,877507,10345200
829,2021-06-06,봄,우븐 셔츠_캐쥬얼셔츠_ZB,64.27576191095504,844357,36,295071,2516400
830,2021-06-06,봄,점퍼_패딩점퍼_ZB,61.02943287867911,542860,7,135349,1393000
831,2021-06-06,봄,조끼_패딩베스트_ZB,-24.424050632911392,-98295,-1,-891,-79000
832,2021-06-06,봄,코트_더블코트_ZB,75.71981210279083,878700,11,382863,3619000
833,2021-06-06,봄,코트_싱글코트_ZB,85.28313253012048,455100,-8,-215500,-1992000
834,2021-06-06,사계절,니트 셔츠_라운드_ZB,27.79983650308961,3002877,209,1129686,4159100
835,2021-06-06,사계절,데님_데님팬츠_ZB,40.90416416879643,7313442,143,1433868,11425700
836,2021-06-06,사계절,수트_블레이져(수트)_ZB,31.701714233825435,39936766,268,9659796,53332000
837,2021-06-06,사계절,수트_수트팬츠_ZB,26.48786818519823,22488162,237,4200186,23463000
838,2021-06-06,사계절,우븐 셔츠_드레스셔츠_ZB,41.94299359282639,40762177,1291,9350895,68970900
839,2021-06-06,사계절,우븐 셔츠_드레스셔츠_ZC,34.335839598997495,131000,5,37677,199500
840,2021-06-06,사계절,자켓_싱글재킷_ZB,41.64663899206176,8012500,69,1629648,13731000
841,2021-06-06,사계절,팬츠_팬츠(일반)_ZB,41.05752697800938,13151050,352,3428056,24114800
842,2021-06-06,여름,니트 셔츠_라운드_ZB,64.51450932999231,314524188,17333,89127238,949685700
843,2021-06-06,여름,니트 셔츠_티에리_ZB,66.17849771183752,32583370,888,7927394,79831200
844,2021-06-06,여름,수트_블레이져(수트)_ZA,29.298183617205353,49364054,262,12156500,67858000
845,2021-06-06,여름,수트_블레이져(수트)_ZB,17.551325864375322,43992581,259,10630795,51541000
846,2021-06-06,여름,수트_블레이져(수트)_ZC,21.64194074811135,20688900,116,5449132,26384000
847,2021-06-06,여름,수트_수트팬츠_ZA,29.593817995603516,32855298,326,7422489,45314000
848,2021-06-06,여름,수트_수트팬츠_ZB,15.233286990866208,3755735,82,1857119,8118000
849,2021-06-06,여름,수트_수트팬츠_ZC,22.176790426244864,11303233,125,2870898,14495000
850,2021-06-06,여름,스웨터_T-에리_ZB,51.784690175968336,72415065,1674,14468072,150492600
851,2021-06-06,여름,스웨터_라운드_ZB,53.431220927292955,14736597,352,3270209,31644800
852,2021-06-06,여름,우븐 셔츠_드레스셔츠_ZB,61.81060249269573,87352014,3368,20700122,235423200
853,2021-06-06,여름,우븐 셔츠_캐쥬얼셔츠_ZB,60.48858492665634,133975932,4856,33893933,339434400
854,2021-06-06,여름,자켓_싱글재킷_ZA,42.940227941856186,167008381,1128,39823970,292152000
855,2021-06-06,여름,자켓_싱글재킷_ZB,43.35210639199754,62668690,556,11744674,110644000
856,2021-06-06,여름,점퍼_점퍼_ZB,50.58608119091258,6771000,69,1324567,17031000
857,2021-06-06,여름,팬츠_반바지_ZB,47.674579620349434,10538860,392,2655194,20830800
858,2021-06-06,여름,팬츠_팬츠(일반)_ZA,44.56372511494598,72045853,922,13631900,128158000
859,2021-06-06,여름,팬츠_팬츠(일반)_ZB,51.890046485780054,137445465,3338,34116848,289086200
860,2021-06-13,봄,가죽&FUR_가죽점퍼_ZA,43.22504322504322,-7987000,-13,-2663000,-12987000
861,2021-06-13,봄,니트 셔츠_라운드_ZB,71.65461001704828,3844299,204,1469285,14259600
862,2021-06-13,봄,수트_블레이져(수트)_ZA,38.367834958783234,6870803,36,1733729,9924000
863,2021-06-13,봄,수트_블레이져(수트)_ZB,27.453723161260847,3197720,12,515480,2388000
864,2021-06-13,봄,수트_블레이져(수트)_ZC,50.41602014776075,2359500,21,885657,4299000
865,2021-06-13,봄,수트_수트팬츠_ZA,38.96242854985872,5062497,48,1227195,7192000
866,2021-06-13,봄,수트_수트팬츠_ZB,-inf,2655760,27,563832,2673000
867,2021-06-13,봄,수트_수트팬츠_ZC,51.72066725604901,1468500,26,548050,2814000
868,2021-06-13,봄,스웨터_T-에리_ZB,67.5905905905906,679917,21,206816,2097900
869,2021-06-13,봄,스웨터_라운드_ZB,60.74156439103603,1430603,38,335478,3536200
870,2021-06-13,봄,스웨터_오픈형(CARDIGAN)_ZB,60.74308478271893,1981725,41,552789,6555900
871,2021-06-13,봄,우븐 셔츠_드레스셔츠_ZB,58.688343596442124,2656670,92,545477,6430800
872,2021-06-13,봄,우븐 셔츠_캐쥬얼셔츠_ZB,67.63158613294696,1277692,61,498459,4263900
873,2021-06-13,봄,점퍼_패딩점퍼_ZB,66.44641062455133,934803,14,270698,2786000
874,2021-06-13,봄,조끼_패딩베스트_ZB,83.62389240506329,206994,16,157719,1264000
875,2021-06-13,봄,코트_더블코트_ZB,74.66036738469671,1917450,23,801626,7567000
876,2021-06-13,봄,코트_싱글코트_ZB,69.61501177122283,553600,30,797876,7470000
877,2021-06-13,사계절,니트 셔츠_라운드_ZB,35.60664746955752,3421412,267,1443188,5313300
878,2021-06-13,사계절,데님_데님팬츠_ZB,32.70056320400501,8211796,148,1436651,11825200
879,2021-06-13,사계절,수트_블레이져(수트)_ZB,35.76503350182035,210464249,1347,46594174,314733000
880,2021-06-13,사계절,수트_수트팬츠_ZB,35.1658013891625,150014320,1734,29252320,217986000
881,2021-06-13,사계절,우븐 셔츠_드레스셔츠_ZB,43.2347932241847,51897340,1686,12134775,90661400
882,2021-06-13,사계절,우븐 셔츠_드레스셔츠_ZC,33.212197159565584,79945,3,22606,119700
883,2021-06-13,사계절,자켓_싱글재킷_ZB,43.17444364680546,3957900,35,826633,6965000
884,2021-06-13,사계절,팬츠_팬츠(일반)_ZB,41.496992489772,11635560,307,2986963,21099300
885,2021-06-13,여름,니트 셔츠_라운드_ZB,68.38062110543238,390552138,27478,124182820,1453372900
886,2021-06-13,여름,니트 셔츠_티에리_ZB,69.88979235175451,79197701,2879,25642536,258822100
887,2021-06-13,여름,수트_블레이져(수트)_ZA,29.808142790285647,43724590,244,11314906,63196000
888,2021-06-13,여름,수트_블레이져(수트)_ZB,9.605747653611974,-9589885,-33,-1015747,-6567000
889,2021-06-13,여름,수트_블레이져(수트)_ZC,21.122308921555152,13801190,77,3632999,17543000
890,2021-06-13,여름,수트_수트팬츠_ZA,29.526368191161357,26437190,274,6240495,38086000
891,2021-06-13,여름,수트_수트팬츠_ZB,16.05131337888691,10736885,131,2818048,12969000
892,2021-06-13,여름,수트_수트팬츠_ZC,19.0831357675962,9377804,98,2276790,11702000
893,2021-06-13,여름,스웨터_T-에리_ZB,55.42999312299294,94274993,2420,19486765,217558000
894,2021-06-13,여름,스웨터_라운드_ZB,52.36282651221664,9935590,232,2154721,20856800
895,2021-06-13,여름,우븐 셔츠_드레스셔츠_ZB,64.59089259148791,82752681,3346,19768452,233885400
896,2021-06-13,여름,우븐 셔츠_캐쥬얼셔츠_ZB,63.93702740718438,126744642,5130,35455071,358587000
897,2021-06-13,여름,자켓_싱글재킷_ZA,43.39776673477641,130171729,880,31187640,227920000
898,2021-06-13,여름,자켓_싱글재킷_ZB,47.72980608546244,54581150,524,11058675,104276000
899,2021-06-13,여름,점퍼_점퍼_ZB,44.47468580351557,-2116250,-15,-283387,-3785000
900,2021-06-13,여름,팬츠_반바지_ZB,55.53282456900922,26654700,1101,7474150,58449900
901,2021-06-13,여름,팬츠_팬츠(일반)_ZA,46.13520890344709,60739094,807,12108600,112173000
902,2021-06-13,여름,팬츠_팬츠(일반)_ZB,57.40635119530545,232171731,6683,68573843,575161700
903,2021-06-20,봄,가죽&FUR_가죽점퍼_ZA,71.5909090909091,5505000,30,6142000,29970000
904,2021-06-20,봄,니트 셔츠_라운드_ZB,20.069070285653797,1493530,65,461867,4543500
905,2021-06-20,봄,수트_블레이져(수트)_ZA,inf,5266374,19,868215,4741000
906,2021-06-20,봄,수트_블레이져(수트)_ZB,-inf,1146690,8,308629,1592000
907,2021-06-20,봄,수트_블레이져(수트)_ZC,25.12562814070352,1291000,9,374667,1791000
908,2021-06-20,봄,수트_수트팬츠_ZA,inf,3088906,26,619557,3574000
909,2021-06-20,봄,수트_수트팬츠_ZB,194.15322455322456,820820,7,151817,693000
910,2021-06-20,봄,수트_수트팬츠_ZC,30.542929292929294,690100,10,204585,990000
911,2021-06-20,봄,스웨터_T-에리_ZB,60.728853853853856,627710,16,157574,1598400
912,2021-06-20,봄,스웨터_라운드_ZB,130.0243701464993,-1907594,-10,-173945,-1239000
913,2021-06-20,봄,스웨터_오픈형(CARDIGAN)_ZB,62.878763512909856,894992,15,201352,2398500
914,2021-06-20,봄,우븐 셔츠_드레스셔츠_ZB,60.6896406631322,1868500,68,403179,4753200
915,2021-06-20,봄,우븐 셔츠_캐쥬얼셔츠_ZB,48.11624591166795,800524,33,271928,2306700
916,2021-06-20,봄,점퍼_패딩점퍼_ZB,77.65019836022216,845046,19,367376,3781000
917,2021-06-20,봄,조끼_패딩베스트_ZB,84.17440225035162,112520,9,92068,711000
918,2021-06-20,봄,코트_더블코트_ZB,96.13442494362192,394250,31,1079910,10199000
919,2021-06-20,봄,코트_싱글코트_ZB,98.72991967871485,-122100,36,943357,8964000
920,2021-06-20,사계절,니트 셔츠_라운드_ZB,36.52769947297463,3107223,246,1329678,4895400
921,2021-06-20,사계절,데님_데님팬츠_ZB,53.80516445082169,6395917,172,1738531,13742800
922,2021-06-20,사계절,수트_블레이져(수트)_ZB,-18.267998114218198,142187307,1009,34771946,238511000
923,2021-06-20,사계절,수트_수트팬츠_ZB,38.66663101352463,81395846,1115,18808241,140295000
924,2021-06-20,사계절,우븐 셔츠_드레스셔츠_ZB,41.7293023120498,53754064,1687,12169409,91861300
925,2021-06-20,사계절,우븐 셔츠_드레스셔츠_ZC,37.34335839598997,125000,5,37677,199500
926,2021-06-20,사계절,자켓_싱글재킷_ZB,43.19232526267702,2487040,22,519598,4378000
927,2021-06-20,사계절,팬츠_팬츠(일반)_ZB,35.43644707341744,9324171,214,2084225,14658600
928,2021-06-20,여름,니트 셔츠_라운드_ZB,72.03336240049299,420024963,34646,152132568,1828596000
929,2021-06-20,여름,니트 셔츠_티에리_ZB,70.2434289291948,113841716,4439,38953546,399066100
930,2021-06-20,여름,수트_블레이져(수트)_ZA,28.9376224183367,37079208,196,9111997,50764000
931,2021-06-20,여름,수트_블레이져(수트)_ZB,-inf,10692282,65,2827080,12935000
932,2021-06-20,여름,수트_블레이져(수트)_ZC,17.647008547008546,11755350,62,2887173,13718000
933,2021-06-20,여름,수트_수트팬츠_ZA,26.838171683778434,24128257,232,5317468,32248000
934,2021-06-20,여름,수트_수트팬츠_ZB,-0.09556915323539102,8289718,95,2094455,9405000
935,2021-06-20,여름,수트_수트팬츠_ZC,16.49374312170223,7046807,72,1646317,8168000
936,2021-06-20,여름,스웨터_T-에리_ZB,62.15749888019616,57353412,1672,13505215,150312800
937,2021-06-20,여름,스웨터_라운드_ZB,66.99097697204932,5578921,188,1745523,16901200
938,2021-06-20,여름,우븐 셔츠_드레스셔츠_ZB,70.23771368075411,98215756,4766,28866483,333143400
939,2021-06-20,여름,우븐 셔츠_캐쥬얼셔츠_ZB,70.60167034914706,113307414,5604,38573113,391719600
940,2021-06-20,여름,자켓_싱글재킷_ZA,46.80255653714992,95049860,706,25211904,182854000
941,2021-06-20,여름,자켓_싱글재킷_ZB,60.52673523980451,50286294,641,13533200,127559000
942,2021-06-20,여름,점퍼_점퍼_ZB,66.96569591483244,2204850,33,640572,8017000
943,2021-06-20,여름,팬츠_반바지_ZB,63.219608250425665,57533144,2911,19665800,154098900
944,2021-06-20,여름,팬츠_팬츠(일반)_ZA,49.9458453835832,41366724,603,9040900,83817000
945,2021-06-20,여름,팬츠_팬츠(일반)_ZB,66.00233953791698,209832939,7207,73417739,620549300
946,2021-06-27,봄,가죽&FUR_가죽점퍼_ZA,64.31431431431432,47194000,106,21644000,105894000
947,2021-06-27,봄,니트 셔츠_라운드_ZB,69.64733474929103,3031589,169,1149652,11813100
948,2021-06-27,봄,수트_블레이져(수트)_ZA,57.15324930842172,6095000,41,1993101,11639000
949,2021-06-27,봄,수트_블레이져(수트)_ZB,51.936370999735516,7126070,81,3269507,16119000
950,2021-06-27,봄,수트_블레이져(수트)_ZC,42.19310839913855,3094000,27,1124000,5373000
951,2021-06-27,봄,수트_수트팬츠_ZA,59.92389552045514,3709800,46,1189589,7034000
952,2021-06-27,봄,수트_수트팬츠_ZB,54.03193176352268,3762960,92,1910690,9108000
953,2021-06-27,봄,수트_수트팬츠_ZC,41.245791245791246,1747000,30,606919,2970000
954,2021-06-27,봄,스웨터_T-에리_ZB,74.17028567028566,670901,26,256058,2597400
955,2021-06-27,봄,스웨터_라운드_ZB,33.0622149812127,1667272,29,276945,2797100
956,2021-06-27,봄,스웨터_오픈형(CARDIGAN)_ZB,79.45437209731492,2471000,69,932730,11033100
957,2021-06-27,봄,우븐 셔츠_드레스셔츠_ZB,62.46824910221599,2571000,98,581052,6850200
958,2021-06-27,봄,우븐 셔츠_캐쥬얼셔츠_ZB,64.7703915646691,467538,19,152717,1328100
959,2021-06-27,봄,점퍼_패딩점퍼_ZB,65.597272074659,479230,7,135349,1393000
960,2021-06-27,봄,조끼_패딩베스트_ZB,85.65585443037975,90655,8,89450,632000
961,2021-06-27,봄,코트_더블코트_ZB,71.94963091619627,646000,7,244167,2303000
962,2021-06-27,봄,코트_싱글코트_ZB,70.08032128514057,1438000,17,445890,4233000
963,2021-06-27,사계절,니트 셔츠_라운드_ZB,25.7800009220414,1609906,109,589166,2169100
964,2021-06-27,사계절,데님_데님팬츠_ZB,31.00046600804197,6217208,102,941770,8149800
965,2021-06-27,사계절,수트_블레이져(수트)_ZB,35.40738347095627,108589613,807,27936601,190873000
966,2021-06-27,사계절,수트_수트팬츠_ZB,34.153451936324124,65486725,906,15330124,114384000
967,2021-06-27,사계절,우븐 셔츠_드레스셔츠_ZB,42.50221021359354,48633996,1543,11223521,85915700
968,2021-06-27,사계절,우븐 셔츠_드레스셔츠_ZC,27.318295739348372,58000,2,15071,79800
969,2021-06-27,사계절,자켓_싱글재킷_ZB,46.41523406506215,2026040,19,448744,3781000
970,2021-06-27,사계절,팬츠_팬츠(일반)_ZB,42.279758509772975,10116090,272,2633670,18742800
971,2021-06-27,여름,니트 셔츠_라운드_ZB,71.63468113341305,352648004,27810,127525215,1485850100
972,2021-06-27,여름,니트 셔츠_티에리_ZB,70.33419830074591,104038538,3969,34597689,356813100
973,2021-06-27,여름,수트_블레이져(수트)_ZA,30.55752098994287,43249882,237,11067365,61383000
974,2021-06-27,여름,수트_블레이져(수트)_ZB,17.58950997497943,19357171,124,5304772,24676000
975,2021-06-27,여름,수트_블레이져(수트)_ZC,22.287218045112784,11935580,67,3204982,15493000
976,2021-06-27,여름,수트_수트팬츠_ZA,31.068601142524408,20772217,219,5021749,30441000
977,2021-06-27,여름,수트_수트팬츠_ZB,18.882454986420715,11693299,152,3308939,15048000
978,2021-06-27,여름,수트_수트팬츠_ZC,24.0563234953163,7361060,80,1862528,9680000
979,2021-06-27,여름,스웨터_T-에리_ZB,60.05989667905541,72708187,2022,16432036,181777800
980,2021-06-27,여름,스웨터_라운드_ZB,59.97596957513314,6440707,179,1662387,16092100
981,2021-06-27,여름,우븐 셔츠_드레스셔츠_ZB,70.28325232354054,86697440,4234,25882951,295956600
982,2021-06-27,여름,우븐 셔츠_캐쥬얼셔츠_ZB,71.71765203469423,154592943,7837,53579054,547806300
983,2021-06-27,여름,자켓_싱글재킷_ZA,50.46829097586237,86871156,688,24479759,178192000
984,2021-06-27,여름,자켓_싱글재킷_ZB,58.314587755794896,77141643,930,19655063,185070000
985,2021-06-27,여름,점퍼_점퍼_ZB,51.827410143084904,1722000,18,351662,4332000
986,2021-06-27,여름,팬츠_반바지_ZB,63.922702150618264,53186194,2712,18763952,145288800
987,2021-06-27,여름,팬츠_팬츠(일반)_ZA,51.79212592504886,38378435,578,8685300,80342000
988,2021-06-27,여름,팬츠_팬츠(일반)_ZB,66.05746240005871,186561584,6418,65825364,556458200
989,2021-07-04,봄,가죽&FUR_가죽점퍼_ZA,49.2992992992993,13871000,29,5985000,28971000
990,2021-07-04,봄,니트 셔츠_라운드_ZB,86.35231513589355,3401321,327,2214589,22857300
991,2021-07-04,봄,수트_블레이져(수트)_ZA,50.42185244632409,6903600,39,1854615,10581000
992,2021-07-04,봄,수트_블레이져(수트)_ZB,52.8357247873249,3081180,61,2408689,12139000
993,2021-07-04,봄,수트_블레이져(수트)_ZC,53.28663383712259,2389276,21,883787,4299000
994,2021-07-04,봄,수트_수트팬츠_ZA,47.57825380817673,4371400,45,1152989,6775000
995,2021-07-04,봄,수트_수트팬츠_ZB,56.2013782957783,3648354,98,2021355,9702000
996,2021-07-04,봄,수트_수트팬츠_ZC,57.37170393866464,1263187,23,467414,2357000
997,2021-07-04,봄,스웨터_T-에리_ZB,89.30864197530865,-128168,-12,-118180,-1198800
998,2021-07-04,봄,스웨터_라운드_ZB,56.494919696555435,-1245756,-32,-278542,-2966800
999,2021-07-04,봄,스웨터_오픈형(CARDIGAN)_ZB,72.84761309151553,-323000,-1,-3715,-159900
1000,2021-07-04,봄,우븐 셔츠_드레스셔츠_ZB,59.60038149737721,2117950,75,444682,5242500
1001,2021-07-04,봄,우븐 셔츠_캐쥬얼셔츠_ZB,68.59625428616846,744093,31,244689,2166900
1002,2021-07-04,봄,점퍼_패딩점퍼_ZB,82.9324120603015,135858,4,77342,796000
1003,2021-07-04,봄,조끼_패딩베스트_ZB,96.14873417721519,18255,6,70816,474000
1004,2021-07-04,봄,코트_더블코트_ZB,59.795918367346935,925900,7,245059,2303000
1005,2021-07-04,봄,코트_싱글코트_ZB,60.7429718875502,1564000,16,426315,3984000
1006,2021-07-04,사계절,니트 셔츠_라운드_ZB,18.807271652379544,1373375,85,459442,1691500
1007,2021-07-04,사계절,데님_데님팬츠_ZB,27.450797296325852,6423336,104,1231163,8309600
1008,2021-07-04,사계절,수트_블레이져(수트)_ZB,46.60194683815621,146672127,1087,37663061,254833000
1009,2021-07-04,사계절,수트_수트팬츠_ZB,47.385293127929856,91753325,1256,21421660,157374000
1010,2021-07-04,사계절,우븐 셔츠_드레스셔츠_ZB,45.87388821626295,53756659,1750,12743371,96725000
1011,2021-07-04,사계절,우븐 셔츠_드레스셔츠_ZC,40.852130325814535,118000,5,37677,199500
1012,2021-07-04,사계절,자켓_싱글재킷_ZB,42.106532663316585,1728120,15,354271,2985000
1013,2021-07-04,사계절,팬츠_팬츠(일반)_ZB,53.88660214774866,10558144,316,3111012,21228400
1014,2021-07-04,여름,니트 셔츠_라운드_ZB,69.94827889079991,432865583,38139,146848110,1915474500
1015,2021-07-04,여름,니트 셔츠_티에리_ZB,69.36691056623802,75221448,2820,24615476,253518000
1016,2021-07-04,여름,수트_블레이져(수트)_ZA,34.324459651568446,38804201,222,10309720,57498000
1017,2021-07-04,여름,수트_블레이져(수트)_ZB,24.25217274110014,12791480,87,3701881,17313000
1018,2021-07-04,여름,수트_블레이져(수트)_ZC,22.18947019839877,13259030,78,3649933,17022000
1019,2021-07-04,여름,수트_수트팬츠_ZA,-inf,22113469,224,5107785,31136000
1020,2021-07-04,여름,수트_수트팬츠_ZB,23.837625555272613,8363880,112,2419438,11088000
1021,2021-07-04,여름,수트_수트팬츠_ZC,25.11128395984511,8107005,96,2177024,10624000
1022,2021-07-04,여름,스웨터_T-에리_ZB,59.972351837199405,73779396,2078,16343021,186812200
1023,2021-07-04,여름,스웨터_라운드_ZB,61.332058631878944,5874859,169,1570102,15193100
1024,2021-07-04,여름,우븐 셔츠_드레스셔츠_ZB,71.59529030492278,71447828,3594,21710471,251220600
1025,2021-07-04,여름,우븐 셔츠_캐쥬얼셔츠_ZB,72.83497854293906,104988734,5543,38097407,387455700
1026,2021-07-04,여름,자켓_싱글재킷_ZA,49.34500360862711,76333294,590,20808726,152810000
1027,2021-07-04,여름,자켓_싱글재킷_ZB,70.43402682617656,19114451,286,6019115,56914000
1028,2021-07-04,여름,점퍼_점퍼_ZB,49.716453754717364,396000,4,79068,946000
1029,2021-07-04,여름,팬츠_반바지_ZB,56.09307664742226,40031736,1680,11697488,90202000
1030,2021-07-04,여름,팬츠_팬츠(일반)_ZA,52.9113678844527,36132416,558,8295800,77562000
1031,2021-07-04,여름,팬츠_팬츠(일반)_ZB,62.42380580444071,191904261,6194,64051091,531480600
1032,2021-07-11,가을,니트 셔츠_라운드_ZB,0.0,0,0,0,0
1033,2021-07-11,가을,수트_블레이져(수트)_ZB,1.7465590887517797,44645200,190,6762933,45410000
1034,2021-07-11,가을,수트_블레이져(수트)_ZC,0.0,2151000,9,339753,2151000
1035,2021-07-11,가을,수트_수트팬츠_ZB,1.2461358212033027,36292200,285,5271964,36765000
1036,2021-07-11,가을,수트_수트팬츠_ZC,0.0,1548000,12,239666,1548000
1037,2021-07-11,가을,우븐 셔츠_캐쥬얼셔츠_ZB,0.0,0,0,0,0
1038,2021-07-11,봄,가죽&FUR_가죽점퍼_ZA,49.53126642624359,-7687000,-13,-2725000,-12987000
1039,2021-07-11,봄,니트 셔츠_라운드_ZB,69.63717350504692,1694476,85,608179,5941500
1040,2021-07-11,봄,수트_블레이져(수트)_ZA,64.67792882448055,3926785,22,1043027,5938000
1041,2021-07-11,봄,수트_블레이져(수트)_ZB,46.230268992018914,4242960,56,2240034,11144000
1042,2021-07-11,봄,수트_블레이져(수트)_ZC,40.43929648241206,1418516,12,498309,2388000
1043,2021-07-11,봄,수트_수트팬츠_ZA,67.73960939579646,2589077,29,718863,4231000
1044,2021-07-11,봄,수트_수트팬츠_ZB,inf,2716810,67,1409270,6633000
1045,2021-07-11,봄,수트_수트팬츠_ZC,40.4040404040404,944000,16,319587,1584000
1046,2021-07-11,봄,스웨터_T-에리_ZB,78.82312312312312,211557,10,98482,999000
1047,2021-07-11,봄,스웨터_라운드_ZB,-inf,270029,8,58397,719200
1048,2021-07-11,봄,스웨터_오픈형(CARDIGAN)_ZB,66.96042665554862,590945,10,134872,1599000
1049,2021-07-11,봄,우븐 셔츠_드레스셔츠_ZB,58.44329852881515,1946225,67,397250,4683300
1050,2021-07-11,봄,우븐 셔츠_캐쥬얼셔츠_ZB,65.81077674316136,807539,32,253285,2236800
1051,2021-07-11,봄,점퍼_패딩점퍼_ZB,37.3353844695174,6609237,53,1024785,10547000
1052,2021-07-11,봄,조끼_패딩베스트_ZB,91.23481012658227,69245,10,108163,790000
1053,2021-07-11,봄,코트_더블코트_ZB,78.25227963525836,143100,2,65109,658000
1054,2021-07-11,봄,코트_싱글코트_ZB,66.96014828544949,1383000,17,447900,4233000
1055,2021-07-11,사계절,니트 셔츠_라운드_ZB,27.711111111111112,1294694,90,486468,1791000
1056,2021-07-11,사계절,데님_데님팬츠_ZB,34.070013781271534,9440141,188,2292394,15021200
1057,2021-07-11,사계절,수트_블레이져(수트)_ZB,33.369035332466474,104219156,738,25373686,173702000
1058,2021-07-11,사계절,수트_수트팬츠_ZB,35.84757086906159,55976539,759,12607728,95541000
1059,2021-07-11,사계절,우븐 셔츠_드레스셔츠_ZB,43.39889938204325,40542138,1361,9916853,76073900
1060,2021-07-11,사계절,우븐 셔츠_드레스셔츠_ZC,5.987050960735171,225067,6,45213,239400
1061,2021-07-11,사계절,자켓_싱글재킷_ZB,44.83958252802474,1427000,13,307035,2587000
1062,2021-07-11,사계절,팬츠_니트팬츠_ZB,0.0,0,0,0,0
1063,2021-07-11,사계절,팬츠_팬츠(일반)_ZB,85.21070663585266,16737855,292,3031935,22840800
1064,2021-07-11,여름,니트 셔츠_라운드_ZB,72.47235717596043,296969185,26256,110159487,1335256700
1065,2021-07-11,여름,니트 셔츠_티에리_ZB,72.73833033743536,87113944,3734,31984698,335686600
1066,2021-07-11,여름,수트_블레이져(수트)_ZA,36.17783651690099,45742054,288,13475598,74592000
1067,2021-07-11,여름,수트_블레이져(수트)_ZB,-26.973648946486822,4098265,23,908271,4577000
1068,2021-07-11,여름,수트_블레이져(수트)_ZC,20.21943371943372,6688600,34,1651297,8446000
1069,2021-07-11,여름,수트_수트팬츠_ZA,36.374884008251314,18321880,201,4538622,27939000
1070,2021-07-11,여름,수트_수트팬츠_ZB,20.504852092352092,4161155,53,1125066,5247000
1071,2021-07-11,여름,수트_수트팬츠_ZC,20.872848387956303,4586300,46,1081833,5834000
1072,2021-07-11,여름,스웨터_T-에리_ZB,63.21466464374183,40048054,1278,10018573,114892200
1073,2021-07-11,여름,스웨터_라운드_ZB,54.817928209474374,2558977,63,585177,5663700
1074,2021-07-11,여름,우븐 셔츠_드레스셔츠_ZB,78.41796002236684,69270432,4451,27326001,311124900
1075,2021-07-11,여름,우븐 셔츠_캐쥬얼셔츠_ZB,77.53846969542569,110813523,7080,47849985,494892000
1076,2021-07-11,여름,자켓_싱글재킷_ZA,49.8103951684373,50478613,395,13893687,102305000
1077,2021-07-11,여름,자켓_싱글재킷_ZB,61.16845216420266,30189619,391,8256450,77809000
1078,2021-07-11,여름,점퍼_점퍼_ZB,53.43888115275171,1287000,12,231680,2938000
1079,2021-07-11,여름,팬츠_반바지_ZB,60.00280412709183,53795994,2448,18434270,135445200
1080,2021-07-11,여름,팬츠_팬츠(일반)_ZA,49.544583454703,15076860,225,3526600,31275000
1081,2021-07-11,여름,팬츠_팬츠(일반)_ZB,61.43762465189618,203452101,5763,61340284,549131400
1082,2021-07-18,가을,니트 셔츠_라운드_ZB,20.0,3131520,56,466312,3914400
1083,2021-07-18,가을,수트_블레이져(수트)_ZB,36.52955709898751,38257745,224,7934223,53536000
1084,2021-07-18,가을,수트_블레이져(수트)_ZC,82.7173640167364,82611,2,75501,478000
1085,2021-07-18,가을,수트_수트팬츠_ZB,165.5886491003485,18695141,223,4061995,28767000
1086,2021-07-18,가을,수트_수트팬츠_ZC,inf,-213411,0,0,0
1087,2021-07-18,가을,우븐 셔츠_캐쥬얼셔츠_ZB,22.352941176470587,922680,17,125653,1188300
1088,2021-07-18,가을,팬츠_팬츠(일반)_ZB,20.0,4602880,64,690532,5753600
1089,2021-07-18,봄,가죽&FUR_가죽점퍼_ZA,49.493938382827274,-24452000,-48,-9795000,-47952000
1090,2021-07-18,봄,니트 셔츠_라운드_ZB,65.03448378636146,647969,35,244437,2446500
1091,2021-07-18,봄,수트_블레이져(수트)_ZA,46.43808777429467,2942200,16,778503,4444000
1092,2021-07-18,봄,수트_블레이져(수트)_ZB,-inf,1154660,8,320448,1592000
1093,2021-07-18,봄,수트_블레이져(수트)_ZC,47.69931160504718,1190000,10,428562,2110000
1094,2021-07-18,봄,수트_수트팬츠_ZA,44.5820530726257,2213880,23,599533,3517000
1095,2021-07-18,봄,수트_수트팬츠_ZB,56.24713804713805,735680,10,205972,990000
1096,2021-07-18,봄,수트_수트팬츠_ZC,46.444492813207894,826000,13,276504,1367000
1097,2021-07-18,봄,스웨터_T-에리_ZB,77.47747747747748,135000,6,59090,599400
1098,2021-07-18,봄,스웨터_라운드_ZB,72.46624918260068,241952,10,84652,929000
1099,2021-07-18,봄,스웨터_오픈형(CARDIGAN)_ZB,71.39339691473837,1491614,32,440791,5116800
1100,2021-07-18,봄,우븐 셔츠_드레스셔츠_ZB,60.73756159593069,1235000,45,266809,3145500
1101,2021-07-18,봄,우븐 셔츠_캐쥬얼셔츠_ZB,39.56366237482117,511450,17,132559,1188300
1102,2021-07-18,봄,점퍼_패딩점퍼_ZB,27.261306532663315,-5790000,-40,-773423,-7960000
1103,2021-07-18,봄,조끼_패딩베스트_ZB,84.34303797468354,259749,21,236684,1659000
1104,2021-07-18,봄,코트_더블코트_ZB,79.0273556231003,414000,6,208266,1974000
1105,2021-07-18,봄,코트_싱글코트_ZB,67.8268630075859,1205000,15,391685,3735000
1106,2021-07-18,사계절,니트 셔츠_라운드_ZB,35.74036850921273,1534520,120,648624,2388000
1107,2021-07-18,사계절,데님_데님팬츠_ZB,21.5723821443471,7738561,153,1865820,12224700
1108,2021-07-18,사계절,수트_블레이져(수트)_ZB,35.07591652319415,78323740,533,18339527,125667000
1109,2021-07-18,사계절,수트_수트팬츠_ZB,34.08594602546553,49550440,610,10267739,77160000
1110,2021-07-18,사계절,우븐 셔츠_드레스셔츠_ZB,42.66807130147,37544433,1215,8738334,65268500
1111,2021-07-18,사계절,우븐 셔츠_드레스셔츠_ZC,32.330827067669176,54000,2,15071,79800
1112,2021-07-18,사계절,자켓_싱글재킷_ZB,43.56397371472748,1460000,13,307035,2587000
1113,2021-07-18,사계절,팬츠_니트팬츠_ZB,43.21275291232373,6946500,175,1149650,12232500
1114,2021-07-18,사계절,팬츠_팬츠(일반)_ZB,18.36520909886395,13813478,204,2474810,16559600
1115,2021-07-18,여름,니트 셔츠_라운드_ZB,72.80721979923241,345055119,31388,126339203,1635582700
1116,2021-07-18,여름,니트 셔츠_티에리_ZB,72.08408398043652,65737409,2765,23980966,248573500
1117,2021-07-18,여름,수트_블레이져(수트)_ZA,40.736320121141546,-10710800,-73,-3567769,-18907000
1118,2021-07-18,여름,수트_블레이져(수트)_ZB,27.356172099815314,8091134,54,2256869,10746000
1119,2021-07-18,여름,수트_블레이져(수트)_ZC,22.5,3907500,21,1013019,4959000
1120,2021-07-18,여름,수트_수트팬츠_ZA,36.60755597832658,12641790,139,3195490,19321000
1121,2021-07-18,여름,수트_수트팬츠_ZB,24.630906315906316,3993416,51,1080421,5049000
1122,2021-07-18,여름,수트_수트팬츠_ZC,22.464646464646464,2792700,31,712407,3589000
1123,2021-07-18,여름,스웨터_T-에리_ZB,63.03885262271794,47823296,1445,11596319,129905500
1124,2021-07-18,여름,스웨터_라운드_ZB,61.342417500926956,2502228,72,668387,6472800
1125,2021-07-18,여름,우븐 셔츠_드레스셔츠_ZB,77.04836534360732,65727688,4095,24684178,286240500
1126,2021-07-18,여름,우븐 셔츠_캐쥬얼셔츠_ZB,77.07749918080272,116787575,7295,50421692,509920500
1127,2021-07-18,여름,자켓_싱글재킷_ZA,47.866672745856484,42103344,314,11119121,81326000
1128,2021-07-18,여름,자켓_싱글재킷_ZB,60.63230201540503,17482727,223,4705806,44377000
1129,2021-07-18,여름,점퍼_점퍼_ZB,47.708421626203304,822000,8,155374,1942000
1130,2021-07-18,여름,팬츠_반바지_ZB,60.883826286636946,70941753,3251,25014184,181494900
1131,2021-07-18,여름,팬츠_팬츠(일반)_ZA,50.20202936761032,21314361,308,4608500,42812000
1132,2021-07-18,여름,팬츠_팬츠(일반)_ZB,62.59483071352633,207433408,6268,68139594,633281300
1133,2021-07-25,가을,니트 셔츠_라운드_ZB,-3.45800122624157,-506220,-7,-59024,-489300
1134,2021-07-25,가을,수트_블레이져(수트)_ZB,24.794233478802415,59521945,334,12016783,79826000
1135,2021-07-25,가을,수트_블레이져(수트)_ZC,26.857142857142858,1223680,7,264252,1673000
1136,2021-07-25,가을,수트_수트팬츠_ZB,25.750525805142217,38626833,406,7517456,52374000
1137,2021-07-25,가을,수트_수트팬츠_ZC,28.0,557280,6,119833,774000
1138,2021-07-25,가을,우븐 셔츠_캐쥬얼셔츠_ZB,38.37318618434498,904620,21,155219,1467900
1139,2021-07-25,가을,팬츠_팬츠(일반)_ZB,20.0,-3452160,-48,-517899,-4315200
1140,2021-07-25,봄,가죽&FUR_가죽점퍼_ZA,39.25198606846547,28186000,74,15185000,73926000
1141,2021-07-25,봄,니트 셔츠_라운드_ZB,64.28425709166052,864741,38,261514,2656200
1142,2021-07-25,봄,수트_블레이져(수트)_ZA,49.76233019853709,2326069,13,619954,3547000
1143,2021-07-25,봄,수트_블레이져(수트)_ZB,31.83819095477387,562030,5,198555,995000
1144,2021-07-25,봄,수트_블레이져(수트)_ZC,41.855108877721946,793500,7,290369,1393000
1145,2021-07-25,봄,수트_수트팬츠_ZA,53.89075108628182,1888340,21,536957,3159000
1146,2021-07-25,봄,수트_수트팬츠_ZB,41.83040404040404,396119,8,178502,792000
1147,2021-07-25,봄,수트_수트팬츠_ZC,44.3020202020202,556756,10,200027,990000
1148,2021-07-25,봄,스웨터_T-에리_ZB,inf,-24000,0,1,0
1149,2021-07-25,봄,스웨터_라운드_ZB,64.9286266707939,551003,17,159515,1648300
1150,2021-07-25,봄,스웨터_오픈형(CARDIGAN)_ZB,69.36366106792937,933343,19,266031,3038100
1151,2021-07-25,봄,우븐 셔츠_드레스셔츠_ZB,57.51072961373391,1188000,40,237164,2796000
1152,2021-07-25,봄,우븐 셔츠_캐쥬얼셔츠_ZB,63.41753508747323,744586,28,221158,1957200
1153,2021-07-25,봄,점퍼_패딩점퍼_ZB,70.35678391959799,117980,2,38671,398000
1154,2021-07-25,봄,조끼_패딩베스트_ZB,84.27102672292546,111833,9,102140,711000
1155,2021-07-25,봄,코트_더블코트_ZB,78.02865827181937,506000,7,244167,2303000
1156,2021-07-25,봄,코트_싱글코트_ZB,-inf,396000,1,25292,249000
1157,2021-07-25,사계절,니트 셔츠_라운드_ZB,20.80214405360134,1182028,75,405390,1492500
1158,2021-07-25,사계절,데님_데님팬츠_ZB,29.62940565074159,7216123,128,1558200,10227200
1159,2021-07-25,사계절,수트_블레이져(수트)_ZB,43.21302238913004,72976510,745,26215075,163215000
1160,2021-07-25,사계절,수트_수트팬츠_ZB,44.875903096192076,45715310,891,15578462,101319000
1161,2021-07-25,사계절,우븐 셔츠_드레스셔츠_ZB,42.99161049959131,29998070,968,6940044,51183200
1162,2021-07-25,사계절,우븐 셔츠_드레스셔츠_ZC,27.318295739348372,58000,2,15071,79800
1163,2021-07-25,사계절,자켓_싱글재킷_ZB,41.6367552045944,1626000,14,330653,2786000
1164,2021-07-25,사계절,팬츠_니트팬츠_ZB,25.127924873533487,7442850,179,1073561,11192100
1165,2021-07-25,사계절,팬츠_팬츠(일반)_ZB,40.34309418627027,-6316759,35,9642,966500
1166,2021-07-25,여름,니트 셔츠_라운드_ZB,74.29287863610519,297742666,27148,114002823,1449599500
1167,2021-07-25,여름,니트 셔츠_티에리_ZB,75.89579977905068,66247556,3350,28531886,301165000
1168,2021-07-25,여름,수트_블레이져(수트)_ZA,45.30773219130289,30262178,316,14591958,81844000
1169,2021-07-25,여름,수트_블레이져(수트)_ZB,21.7219172787012,2397300,15,685329,2985000
1170,2021-07-25,여름,수트_블레이져(수트)_ZC,12.166666666666666,6494500,36,1658229,7944000
1171,2021-07-25,여름,수트_수트팬츠_ZA,44.91393850404554,19727570,378,8769702,52542000
1172,2021-07-25,여름,수트_수트팬츠_ZB,22.288167388167388,2445100,32,685417,3168000
1173,2021-07-25,여름,수트_수트팬츠_ZC,20.638238874963378,4389669,49,1108432,5571000
1174,2021-07-25,여름,스웨터_T-에리_ZB,64.0418620069729,47748872,1582,12265232,142221800
1175,2021-07-25,여름,스웨터_라운드_ZB,64.67976269929551,2381467,75,696530,6742500
1176,2021-07-25,여름,우븐 셔츠_드레스셔츠_ZB,75.60781944792355,63476950,3840,23759715,268416000
1177,2021-07-25,여름,우븐 셔츠_캐쥬얼셔츠_ZB,73.96299304065914,106419859,5314,35519870,371448600
1178,2021-07-25,여름,자켓_싱글재킷_ZA,45.94998590949825,40505822,343,12596286,88837000
1179,2021-07-25,여름,자켓_싱글재킷_ZB,63.13608869790191,17480656,239,5042792,47561000
1180,2021-07-25,여름,점퍼_점퍼_ZB,49.91725696756877,-921000,-10,-193527,-2440000
1181,2021-07-25,여름,팬츠_반바지_ZB,66.16093962418047,117921807,6309,52289617,360639100
1182,2021-07-25,여름,팬츠_팬츠(일반)_ZA,54.921650448833354,11305451,182,2732900,25298000
1183,2021-07-25,여름,팬츠_팬츠(일반)_ZB,67.54268869233971,194225584,7168,76891683,671394100
1184,2021-08-01,가을,니트 셔츠_라운드_ZB,15.76923076923077,-1530810,-26,-216112,-1817400
1185,2021-08-01,가을,수트_블레이져(수트)_ZB,25.810795569592386,69424168,377,13460459,90103000
1186,2021-08-01,가을,수트_블레이져(수트)_ZC,34.67102510460251,2498180,16,604005,3824000
1187,2021-08-01,가을,수트_수트팬츠_ZB,29.616465312874823,42783992,434,7979644,55986000
1188,2021-08-01,가을,수트_수트팬츠_ZC,33.86862505099959,1620880,19,379470,2451000
1189,2021-08-01,가을,스웨터_T-에리_ZA,21.417169381771153,8870980,113,1266347,11288700
1190,2021-08-01,가을,우븐 셔츠_캐쥬얼셔츠_ZB,28.492131616595135,1749440,35,258698,2446500
1191,2021-08-01,가을,팬츠_팬츠(일반)_ZB,18.0,-368590,-5,-53948,-449500
1192,2021-08-01,겨울,수트_블레이져(수트)_ZB,0.0,13623000,57,2238801,13623000
1193,2021-08-01,겨울,수트_수트팬츠_ZB,0.0,10578000,82,1551258,10578000
1194,2021-08-01,봄,가죽&FUR_가죽점퍼_ZA,48.896118340562786,786000,4,780000,3996000
1195,2021-08-01,봄,니트 셔츠_라운드_ZB,116.2349388014624,421657,17,137621,1188300
1196,2021-08-01,봄,수트_블레이져(수트)_ZA,49.11334010177824,4153031,23,1100631,6317000
1197,2021-08-01,봄,수트_블레이져(수트)_ZB,49.28344500279174,2314550,24,961302,4776000
1198,2021-08-01,봄,수트_블레이져(수트)_ZC,47.69931160504718,952000,8,346133,1712000
1199,2021-08-01,봄,수트_수트팬츠_ZA,52.88778938625048,2300660,23,574428,3357000
1200,2021-08-01,봄,수트_수트팬츠_ZB,39.46559764309764,1260301,25,517931,2475000
1201,2021-08-01,봄,수트_수트팬츠_ZC,49.28239565111073,236000,4,91465,476000
1202,2021-08-01,봄,스웨터_T-에리_ZB,66.16616616616616,169000,5,49242,499500
1203,2021-08-01,봄,스웨터_라운드_ZB,138.70731354268617,148322,-5,-43350,-469500
1204,2021-08-01,봄,스웨터_오픈형(CARDIGAN)_ZB,-inf,106600,-4,-60848,-639600
1205,2021-08-01,봄,우븐 셔츠_드레스셔츠_ZB,59.48497854077253,1416000,50,296455,3495000
1206,2021-08-01,봄,우븐 셔츠_캐쥬얼셔츠_ZB,-inf,336056,11,89952,768900
1207,2021-08-01,봄,점퍼_패딩점퍼_ZB,91.72236180904522,-65890,-4,-77342,-796000
1208,2021-08-01,봄,조끼_패딩베스트_ZB,83.63835443037975,-129257,-10,-113228,-790000
1209,2021-08-01,봄,코트_더블코트_ZB,80.12158054711246,-327000,-5,-175042,-1645000
1210,2021-08-01,봄,코트_싱글코트_ZB,60.24096385542169,1089000,11,291675,2739000
1211,2021-08-01,사계절,니트 셔츠_라운드_ZB,10.937429080888313,549427,31,167561,616900
1212,2021-08-01,사계절,데님_데님팬츠_ZB,-inf,4041509,63,770222,5033700
1213,2021-08-01,사계절,수트_블레이져(수트)_ZB,45.05521391791937,56269610,339,11628318,82221000
1214,2021-08-01,사계절,수트_수트팬츠_ZB,43.0325509941466,30967480,338,5514599,44562000
1215,2021-08-01,사계절,우븐 셔츠_드레스셔츠_ZB,44.32653160121813,32196306,1067,7721794,58503300
1216,2021-08-01,사계절,우븐 셔츠_드레스셔츠_ZC,27.318295739348372,145000,5,37677,199500
1217,2021-08-01,사계절,자켓_싱글재킷_ZB,42.861365651788354,1933000,17,401508,3383000
1218,2021-08-01,사계절,팬츠_니트팬츠_ZB,43.34448375702454,6074850,182,1042087,10741800
1219,2021-08-01,사계절,팬츠_팬츠(일반)_ZB,33.12861807345,16064066,262,3050769,21963800
1220,2021-08-01,여름,니트 셔츠_라운드_ZB,70.95391175190764,204343387,15808,66651209,758752300
1221,2021-08-01,여름,니트 셔츠_티에리_ZB,71.2388577797257,50727730,1967,17163979,176833300
1222,2021-08-01,여름,수트_블레이져(수트)_ZA,18.765158115651534,3793111,13,573234,3367000
1223,2021-08-01,여름,수트_블레이져(수트)_ZB,20.163476724280745,4222580,27,1179922,5373000
1224,2021-08-01,여름,수트_블레이져(수트)_ZC,26.52777777777778,3895000,25,1118239,5155000
1225,2021-08-01,여름,수트_수트팬츠_ZA,-inf,6590131,54,1235780,7506000
1226,2021-08-01,여름,수트_수트팬츠_ZB,22.52671328671329,4074658,53,1139332,5247000
1227,2021-08-01,여름,수트_수트팬츠_ZC,24.5,1630700,20,433807,2140000
1228,2021-08-01,여름,스웨터_T-에리_ZB,62.71043096230093,30559758,905,7037674,81359500
1229,2021-08-01,여름,스웨터_라운드_ZB,64.91724887827924,2807006,89,826605,8001100
1230,2021-08-01,여름,우븐 셔츠_드레스셔츠_ZB,73.32770863825719,78353228,4244,27002521,296655600
1231,2021-08-01,여름,우븐 셔츠_캐쥬얼셔츠_ZB,78.454146438222,73372025,5336,35590277,372986400
1232,2021-08-01,여름,자켓_싱글재킷_ZA,59.25920467599496,17327963,114,3280403,29526000
1233,2021-08-01,여름,자켓_싱글재킷_ZB,51.57514058387174,20933462,210,4436854,41790000
1234,2021-08-01,여름,점퍼_점퍼_ZB,51.79312042138403,522291,6,117221,1444000
1235,2021-08-01,여름,팬츠_반바지_ZB,61.6648638128759,64628549,3019,22502811,165658100
1236,2021-08-01,여름,팬츠_팬츠(일반)_ZA,52.49645245342188,9265639,143,2113900,19877000
1237,2021-08-01,여름,팬츠_팬츠(일반)_ZB,65.1869616900985,180629845,5727,62460338,571281800
1238,2021-08-08,가을,니트 셔츠_라운드_ZB,20.559771907683704,23612190,425,3095254,29707500
1239,2021-08-08,가을,수트_블레이져(수트)_ZB,27.263988683458695,65323306,351,12501778,83889000
1240,2021-08-08,가을,수트_블레이져(수트)_ZC,20.0,2294400,12,453004,2868000
1241,2021-08-08,가을,수트_수트팬츠_ZB,25.803564893307357,45078174,451,8323049,58179000
1242,2021-08-08,가을,수트_수트팬츠_ZC,20.571428571428573,1434480,14,279610,1806000
1243,2021-08-08,가을,스웨터_T-에리_ZA,20.535714285714285,4445550,56,664029,5594400
1244,2021-08-08,가을,우븐 셔츠_캐쥬얼셔츠_ZB,25.953964847741673,5796916,112,827833,7828800
1245,2021-08-08,가을,코트_싱글코트_ZB,20.0,9362400,47,1386275,11703000
1246,2021-08-08,가을,팬츠_팬츠(일반)_ZB,20.0,2301440,32,345266,2876800
1247,2021-08-08,겨울,수트_블레이져(수트)_ZB,0.19607843137254902,27891300,117,4683355,27963000
1248,2021-08-08,겨울,수트_수트팬츠_ZB,0.22727272727272727,22497600,175,3596984,22575000
1249,2021-08-08,겨울,조끼_패딩베스트_ZB,0.0,129000,1,12540,129000
1250,2021-08-08,봄,가죽&FUR_가죽점퍼_ZA,54.11320411320411,-13045000,-5,-970000,-4995000
1251,2021-08-08,봄,니트 셔츠_라운드_ZB,74.12909963048817,1251687,70,519632,4893000
1252,2021-08-08,봄,수트_블레이져(수트)_ZA,49.089995531805876,5069685,37,1868766,11323000
1253,2021-08-08,봄,수트_블레이져(수트)_ZB,53.80334399269073,2170024,23,938790,4577000
1254,2021-08-08,봄,수트_블레이져(수트)_ZC,46.56586660225545,615300,5,220621,1115000
1255,2021-08-08,봄,수트_수트팬츠_ZA,52.060006214598324,3208717,47,1329682,8053000
1256,2021-08-08,봄,수트_수트팬츠_ZB,50.4616835016835,1192932,25,527496,2475000
1257,2021-08-08,봄,수트_수트팬츠_ZC,48.126391161772915,423300,7,154664,773000
1258,2021-08-08,봄,스웨터_T-에리_ZB,72.97297297297297,54000,2,19699,199800
1259,2021-08-08,봄,스웨터_라운드_ZB,75.14644176991229,638747,25,218749,2317500
1260,2021-08-08,봄,스웨터_오픈형(CARDIGAN)_ZB,67.17654973752535,735730,14,191888,2238600
1261,2021-08-08,봄,우븐 셔츠_드레스셔츠_ZB,53.4458092841991,943700,29,171944,2027100
1262,2021-08-08,봄,우븐 셔츠_캐쥬얼셔츠_ZB,70.51640872241731,357310,16,129813,1118400
1263,2021-08-08,봄,점퍼_패딩점퍼_ZB,62.79564489112228,222110,3,58007,597000
1264,2021-08-08,봄,조끼_패딩베스트_ZB,84.83092224231464,167770,14,150697,1106000
1265,2021-08-08,봄,코트_더블코트_ZB,79.09393478861564,1513181,22,764387,7238000
1266,2021-08-08,봄,코트_싱글코트_ZB,-inf,382500,3,79918,747000
1267,2021-08-08,사계절,니트 셔츠_라운드_ZB,36.48410320834944,1314525,104,562141,2069600
1268,2021-08-08,사계절,데님_데님팬츠_ZB,37.06502920317063,9403884,184,2239531,14701600
1269,2021-08-08,사계절,수트_블레이져(수트)_ZB,24.096674902578357,39623510,284,9857603,66236000
1270,2021-08-08,사계절,수트_수트팬츠_ZB,16.161354686649073,25861200,335,5627334,41835000
1271,2021-08-08,사계절,우븐 셔츠_드레스셔츠_ZB,43.89701232400598,22706894,791,5678278,41640900
1272,2021-08-08,사계절,우븐 셔츠_드레스셔츠_ZC,38.059434300035804,173000,7,52748,279300
1273,2021-08-08,사계절,자켓_싱글재킷_ZB,45.24261306532663,2724180,25,590452,4975000
1274,2021-08-08,사계절,팬츠_니트팬츠_ZB,37.35829548614722,6330475,174,972469,9962600
1275,2021-08-08,사계절,팬츠_팬츠(일반)_ZB,2.1537421905099166,4673640,112,972701,7478800
1276,2021-08-08,여름,니트 셔츠_라운드_ZB,73.7213415932267,165138629,13814,62011278,728415900
1277,2021-08-08,여름,니트 셔츠_티에리_ZB,73.85822898109525,49513412,2339,20101240,210276100
1278,2021-08-08,여름,수트_블레이져(수트)_ZA,27.51708381708382,5476469,32,1460797,8288000
1279,2021-08-08,여름,수트_블레이져(수트)_ZB,19.601351629944595,3455333,22,982955,4378000
1280,2021-08-08,여름,수트_블레이져(수트)_ZC,20.9375,4907900,28,1326699,6232000
1281,2021-08-08,여름,수트_수트팬츠_ZA,35.66272679908022,7347967,89,2060146,12371000
1282,2021-08-08,여름,수트_수트팬츠_ZB,21.986801346801347,2656960,34,747818,3366000
1283,2021-08-08,여름,수트_수트팬츠_ZC,20.5,3146300,35,812636,3985000
1284,2021-08-08,여름,스웨터_T-에리_ZB,65.80043898980415,33629149,1130,8689364,101587000
1285,2021-08-08,여름,스웨터_라운드_ZB,64.30533926585095,2952234,92,854580,8270800
1286,2021-08-08,여름,우븐 셔츠_드레스셔츠_ZB,74.62307784168713,36226137,2052,12759937,143434800
1287,2021-08-08,여름,우븐 셔츠_캐쥬얼셔츠_ZB,74.94607167463379,62810070,3575,24560635,249892500
1288,2021-08-08,여름,자켓_싱글재킷_ZA,51.92310888104705,22050156,177,6329715,45843000
1289,2021-08-08,여름,자켓_싱글재킷_ZB,74.46881614476415,10536978,207,4367500,41193000
1290,2021-08-08,여름,점퍼_점퍼_ZB,67.12564543889845,573000,7,133536,1743000
1291,2021-08-08,여름,팬츠_반바지_ZB,68.89825096271439,89270720,5159,39645380,288034100
1292,2021-08-08,여름,팬츠_팬츠(일반)_ZA,52.67160110872341,7232145,109,1667600,15151000
1293,2021-08-08,여름,팬츠_팬츠(일반)_ZB,67.30390214509656,169775865,6000,64860256,594522000
1294,2021-08-15,가을,니트 셔츠_라운드_ZB,39.97605142625122,-2965012,-45,-405165,-3145500
1295,2021-08-15,가을,수트_블레이져(수트)_ZB,21.38127889262702,63098267,337,12132323,80543000
1296,2021-08-15,가을,수트_블레이져(수트)_ZC,24.61195457262403,2522484,14,528504,3346000
1297,2021-08-15,가을,수트_수트팬츠_ZB,21.665169221992997,34015195,338,6307713,43602000
1298,2021-08-15,가을,수트_수트팬츠_ZC,22.88062015503876,1193808,12,239666,1548000
1299,2021-08-15,가을,스웨터_T-에리_ZA,27.344641939236535,2685560,37,438671,3696300
1300,2021-08-15,가을,우븐 셔츠_캐쥬얼셔츠_ZB,30.848055361479854,2078500,43,317829,3005700
1301,2021-08-15,가을,코트_싱글코트_ZB,34.57831325301205,2280600,14,412933,3486000
1302,2021-08-15,가을,팬츠_팬츠(일반)_ZB,29.67695587690026,1517290,24,258949,2157600
1303,2021-08-15,겨울,수트_블레이져(수트)_ZB,17.045036303433292,39630100,235,9581159,56165000
1304,2021-08-15,겨울,수트_수트팬츠_ZB,22.481965845744174,21849360,254,5226564,32766000
1305,2021-08-15,겨울,조끼_패딩베스트_ZB,0.0,0,0,0,0
1306,2021-08-15,봄,가죽&FUR_가죽점퍼_ZA,64.65215215215215,15556000,44,9000000,43956000
1307,2021-08-15,봄,니트 셔츠_라운드_ZB,19.976002131897104,-2945259,17,182834,1188300
1308,2021-08-15,봄,수트_블레이져(수트)_ZA,41.34796238244514,4609000,26,1303794,7634000
1309,2021-08-15,봄,수트_블레이져(수트)_ZB,44.29569723618091,3621500,33,1346151,6567000
1310,2021-08-15,봄,수트_블레이져(수트)_ZC,40.20100502512563,1071000,9,376537,1791000
1311,2021-08-15,봄,수트_수트팬츠_ZA,43.20714985684801,3109900,33,897929,5307000
1312,2021-08-15,봄,수트_수트팬츠_ZB,37.96745230078564,2251900,39,825696,3861000
1313,2021-08-15,봄,수트_수트팬츠_ZC,40.4040404040404,767000,13,265506,1287000
1314,2021-08-15,봄,스웨터_T-에리_ZB,81.50350350350351,110868,6,59090,599400
1315,2021-08-15,봄,스웨터_라운드_ZB,85.72540697567774,483323,23,189502,2107700
1316,2021-08-15,봄,스웨터_오픈형(CARDIGAN)_ZB,90.82760058369814,-88000,-6,-79774,-959400
1317,2021-08-15,봄,우븐 셔츠_드레스셔츠_ZB,58.5160267563701,1072900,37,219377,2586300
1318,2021-08-15,봄,우븐 셔츠_캐쥬얼셔츠_ZB,59.71560601166028,1331890,57,432132,3984300
1319,2021-08-15,봄,점퍼_패딩점퍼_ZB,56.93065326633166,428540,5,96678,995000
1320,2021-08-15,봄,조끼_패딩베스트_ZB,83.47036485480268,221993,17,177464,1343000
1321,2021-08-15,봄,코트_더블코트_ZB,72.580547112462,1804200,20,692585,6580000
1322,2021-08-15,봄,코트_싱글코트_ZB,60.855667568232114,5691000,59,1558519,14691000
1323,2021-08-15,사계절,니트 셔츠_라운드_ZB,33.58267809636418,1123449,85,459442,1691500
1324,2021-08-15,사계절,데님_데님팬츠_ZB,40.48714793868275,7048177,151,1834709,12064900
1325,2021-08-15,사계절,수트_블레이져(수트)_ZB,36.79238788295053,29230290,210,7219497,48510000
1326,2021-08-15,사계절,수트_수트팬츠_ZB,20.693853741707645,15018810,201,3355673,24909000
1327,2021-08-15,사계절,우븐 셔츠_드레스셔츠_ZB,41.18809624066915,22858353,728,5209497,38077200
1328,2021-08-15,사계절,우븐 셔츠_드레스셔츠_ZC,0.0,0,0,0,0
1329,2021-08-15,사계절,자켓_싱글재킷_ZB,44.5900555408622,4190100,38,897487,7562000
1330,2021-08-15,사계절,팬츠_니트팬츠_ZB,46.20457389590336,4525530,144,818816,8425600
1331,2021-08-15,사계절,팬츠_팬츠(일반)_ZB,26.118041090494334,24697611,361,4047354,29843900
1332,2021-08-15,여름,니트 셔츠_라운드_ZB,74.86151023899151,160563939,15265,62472487,784174200
1333,2021-08-15,여름,니트 셔츠_티에리_ZB,73.47188679003224,30273876,1388,11831360,124781200
1334,2021-08-15,여름,수트_블레이져(수트)_ZA,42.535747585747586,9011403,62,2860576,16058000
1335,2021-08-15,여름,수트_블레이져(수트)_ZB,21.245114461194863,3413200,22,887237,4378000
1336,2021-08-15,여름,수트_블레이져(수트)_ZC,20.0,2628000,15,677870,3285000
1337,2021-08-15,여름,수트_수트팬츠_ZA,43.43633175876881,4245197,61,1385857,8479000
1338,2021-08-15,여름,수트_수트팬츠_ZB,15.0,2613600,32,678994,3168000
1339,2021-08-15,여름,수트_수트팬츠_ZC,21.5,794300,10,222760,1030000
1340,2021-08-15,여름,스웨터_T-에리_ZB,61.91853937988401,28920192,875,6646118,78662500
1341,2021-08-15,여름,스웨터_라운드_ZB,65.74054505005562,1478364,48,445336,4315200
1342,2021-08-15,여름,우븐 셔츠_드레스셔츠_ZB,76.13544191110456,32576975,1947,12173405,136095300
1343,2021-08-15,여름,우븐 셔츠_캐쥬얼셔츠_ZB,72.64094892113896,75719887,4093,27930633,286100700
1344,2021-08-15,여름,자켓_싱글재킷_ZA,50.724696121398004,37115688,291,10412253,75369000
1345,2021-08-15,여름,자켓_싱글재킷_ZB,62.99336465253095,15220511,207,4368686,41193000
1346,2021-08-15,여름,점퍼_점퍼_ZB,71.88308790718429,1260200,18,343378,4482000
1347,2021-08-15,여름,팬츠_반바지_ZB,64.18352504169303,27905607,1393,11257635,78350700
1348,2021-08-15,여름,팬츠_팬츠(일반)_ZA,45.81802047014426,7445059,98,1473600,13622000
1349,2021-08-15,여름,팬츠_팬츠(일반)_ZB,65.50937136458248,95551249,3331,36428080,344683200
1350,2021-08-22,가을,니트 셔츠_라운드_ZB,55.35069474032885,8877034,281,2150295,19641900
1351,2021-08-22,가을,수트_블레이져(수트)_ZB,25.852206765633117,66721712,371,13403801,88669000
1352,2021-08-22,가을,수트_블레이져(수트)_ZC,21.6,4684400,25,943758,5975000
1353,2021-08-22,가을,수트_수트팬츠_ZB,26.450598298477654,35924489,375,7021963,48375000
1354,2021-08-22,가을,수트_수트팬츠_ZC,21.28205128205128,3960300,39,778913,5031000
1355,2021-08-22,가을,스웨터_T-에리_ZA,30.41203810648255,32534599,468,5549094,46753200
1356,2021-08-22,가을,스웨터_오픈형(CARDIGAN)_ZB,27.11694809255785,19229100,165,2673495,26383500
1357,2021-08-22,가을,우븐 셔츠_캐쥬얼셔츠_ZB,48.32552362750358,36987350,1024,7568755,71577600
1358,2021-08-22,가을,코트_싱글코트_ZB,50.14289430449069,10924689,88,2595578,21912000
1359,2021-08-22,가을,팬츠_팬츠(일반)_ZB,34.16926744001271,10356820,175,1888173,15732500
1360,2021-08-22,겨울,니트 셔츠_오픈형티(맨투맨 등)_ZB,0.0,0,0,0,0
1361,2021-08-22,겨울,수트_블레이져(수트)_ZB,24.85811023111707,74569750,400,16006068,95600000
1362,2021-08-22,겨울,수트_수트팬츠_ZB,24.718999068963672,46864218,469,9471221,60501000
1363,2021-08-22,겨울,스웨터_라운드_ZB,23.28663594470046,12068930,175,1686383,15732500
1364,2021-08-22,겨울,조끼_패딩베스트_ZB,62.01550387596899,1519000,31,386040,3999000
1365,2021-08-22,겨울,코트_싱글코트_ZB,20.0,15002400,57,3266982,18753000
1366,2021-08-22,봄,가죽&FUR_가죽점퍼_ZA,34.19079794079794,-7346970,14,2842000,13986000
1367,2021-08-22,봄,니트 셔츠_라운드_ZB,84.38751894924538,2319575,259,1919976,18104100
1368,2021-08-22,봄,수트_블레이져(수트)_ZA,48.719343536787754,4084250,28,1401726,8392000
1369,2021-08-22,봄,수트_블레이져(수트)_ZB,32.790619765494135,2572400,21,853028,4179000
1370,2021-08-22,봄,수트_블레이져(수트)_ZC,47.877052159672154,1775450,15,661865,3345000
1371,2021-08-22,봄,수트_수트팬츠_ZA,51.36405959031657,2200650,32,915870,5488000
1372,2021-08-22,봄,수트_수트팬츠_ZB,46.20360269360269,1114639,21,438032,2079000
1373,2021-08-22,봄,수트_수트팬츠_ZC,44.31606568478077,708000,11,265844,1409000
1374,2021-08-22,봄,스웨터_T-에리_ZB,63.46346346346346,146000,4,39393,399600
1375,2021-08-22,봄,스웨터_라운드_ZB,69.35627530149222,1014469,34,293719,3176600
1376,2021-08-22,봄,스웨터_오픈형(CARDIGAN)_ZB,68.4349593495935,2088540,40,554821,6396000
1377,2021-08-22,봄,우븐 셔츠_드레스셔츠_ZB,65.1284106382612,2023145,83,492115,5801700
1378,2021-08-22,봄,우븐 셔츠_캐쥬얼셔츠_ZB,72.16232625090517,1021650,50,396224,3495000
1379,2021-08-22,봄,점퍼_패딩점퍼_ZB,60.42292414453218,3307852,42,812094,8358000
1380,2021-08-22,봄,조끼_패딩베스트_ZB,81.76917349218168,244840,17,177278,1343000
1381,2021-08-22,봄,코트_더블코트_ZB,74.83494733865837,3560100,43,1493319,14147000
1382,2021-08-22,봄,코트_싱글코트_ZB,59.51807228915663,-3348000,-32,-875899,-7968000
1383,2021-08-22,사계절,니트 셔츠_라운드_ZB,42.40216348920173,1501518,131,708081,2606900
1384,2021-08-22,사계절,데님_데님팬츠_ZB,40.973708844406964,12152481,261,3178369,20853900
1385,2021-08-22,사계절,수트_블레이져(수트)_ZB,38.717807356526585,21387935,177,6175768,39903000
1386,2021-08-22,사계절,수트_수트팬츠_ZB,37.988487927888194,17022295,236,3948061,28374000
1387,2021-08-22,사계절,우븐 셔츠_드레스셔츠_ZB,42.089548458377685,28345812,933,6710851,48856700
1388,2021-08-22,사계절,우븐 셔츠_드레스셔츠_ZC,38.07912638739706,172945,7,52748,279300
1389,2021-08-22,사계절,자켓_싱글재킷_ZB,71.17341035888101,7285344,127,2999497,25273000
1390,2021-08-22,사계절,팬츠_니트팬츠_ZB,44.784556578716696,2725900,91,498554,5080900
1391,2021-08-22,사계절,팬츠_팬츠(일반)_ZB,50.70115361670514,43627301,1096,12475685,93010400
1392,2021-08-22,여름,니트 셔츠_라운드_ZB,75.53860907159354,142947667,12289,57794264,657808000
1393,2021-08-22,여름,니트 셔츠_티에리_ZB,73.22689997236148,22660888,1012,8438605,90978800
1394,2021-08-22,여름,수트_블레이져(수트)_ZA,37.820814348905586,4784473,40,1876535,10360000
1395,2021-08-22,여름,수트_블레이져(수트)_ZB,27.111111111111107,-577100,-6,-281157,-1194000
1396,2021-08-22,여름,수트_블레이져(수트)_ZC,22.88392857142857,5021150,30,1403620,6570000
1397,2021-08-22,여름,수트_수트팬츠_ZA,36.56213006867233,3280928,48,1119780,6672000
1398,2021-08-22,여름,수트_수트팬츠_ZB,-1.9212121212121218,268680,1,16514,99000
1399,2021-08-22,여름,수트_수트팬츠_ZC,23.47222222222222,2816650,32,732234,3688000
1400,2021-08-22,여름,스웨터_T-에리_ZB,72.29694382069243,5786615,269,2191681,24183100
1401,2021-08-22,여름,스웨터_라운드_ZB,49.248159330473015,958144,21,194796,1887900
1402,2021-08-22,여름,우븐 셔츠_드레스셔츠_ZB,78.35658409733134,33980575,2216,14354045,154898400
1403,2021-08-22,여름,우븐 셔츠_캐쥬얼셔츠_ZB,68.74691787325388,51289863,3414,23913139,238638600
1404,2021-08-22,여름,자켓_싱글재킷_ZA,53.758768666026725,-5168685,-38,-1408030,-9842000
1405,2021-08-22,여름,자켓_싱글재킷_ZB,63.78695859747319,16334531,224,4729379,44576000
1406,2021-08-22,여름,점퍼_점퍼_ZB,69.57075009778285,808100,24,466121,5826000
1407,2021-08-22,여름,팬츠_반바지_ZB,71.46768546934555,-1428818,-178,-979571,-9172200
1408,2021-08-22,여름,팬츠_팬츠(일반)_ZA,inf,2256540,42,607400,5838000
1409,2021-08-22,여름,팬츠_팬츠(일반)_ZB,67.62577474555376,75796061,2902,31147375,272168900
1410,2021-08-29,가을,니트 셔츠_라운드_ZB,67.9476075951049,13556520,499,3952941,34880100
1411,2021-08-29,가을,수트_블레이져(수트)_ZB,23.562543629159958,76227834,415,15197186,99185000
1412,2021-08-29,가을,수트_블레이져(수트)_ZC,23.25925925925926,4952080,27,1019258,6453000
1413,2021-08-29,가을,수트_수트팬츠_ZB,25.24675096660306,43407162,447,8391962,57663000
1414,2021-08-29,가을,수트_수트팬츠_ZC,23.53718059144416,2663200,27,539247,3483000
1415,2021-08-29,가을,스웨터_T-에리_ZA,59.067583046964494,11899422,291,3450394,29070900
1416,2021-08-29,가을,스웨터_오픈형(CARDIGAN)_ZB,62.98257839721254,2071680,35,567105,5596500
1417,2021-08-29,가을,우븐 셔츠_캐쥬얼셔츠_ZB,50.25025158648237,19230616,553,4087423,38654700
1418,2021-08-29,가을,코트_싱글코트_ZB,48.085808580858085,13055900,101,2979016,25149000
1419,2021-08-29,가을,팬츠_팬츠(일반)_ZB,66.08545013585223,3719680,122,1316326,10967800
1420,2021-08-29,겨울,니트 셔츠_오픈형티(맨투맨 등)_ZB,29.18918918918919,3403380,37,440488,4806300
1421,2021-08-29,겨울,수트_블레이져(수트)_ZB,24.616336923324692,88211546,486,19377475,116154000
1422,2021-08-29,겨울,수트_수트팬츠_ZB,26.677453871137992,56471683,576,11646827,74304000
1423,2021-08-29,겨울,스웨터_라운드_ZB,29.90203761755486,5545590,88,848010,7911200
1424,2021-08-29,겨울,조끼_패딩베스트_ZB,89.14728682170542,57000,3,37259,387000
1425,2021-08-29,겨울,코트_싱글코트_ZB,19.756838905775076,-6600000,-25,-1432887,-8225000
1426,2021-08-29,봄,가죽&FUR_가죽점퍼_ZA,70.92248171516465,22250910,76,15539000,75924000
1427,2021-08-29,봄,니트 셔츠_라운드_ZB,75.2480548022141,7482140,451,3387724,31524900
1428,2021-08-29,봄,수트_블레이져(수트)_ZA,50.2691861140137,4142620,30,1502319,9030000
1429,2021-08-29,봄,수트_블레이져(수트)_ZB,54.31851565519908,5089200,68,2723409,13532000
1430,2021-08-29,봄,수트_블레이져(수트)_ZC,47.69931160504718,1666000,14,633332,3266000
1431,2021-08-29,봄,수트_수트팬츠_ZA,40.23014487452336,1699830,23,630395,3797000
1432,2021-08-29,봄,수트_수트팬츠_ZB,50.263336624389254,3715557,78,1647613,7722000
1433,2021-08-29,봄,수트_수트팬츠_ZC,49.47389396760905,821450,14,322205,1706000
1434,2021-08-29,봄,스웨터_T-에리_ZB,67.97706797706797,703800,22,216664,2197800
1435,2021-08-29,봄,스웨터_라운드_ZB,67.00782479314182,1850056,59,514843,5524100
1436,2021-08-29,봄,스웨터_오픈형(CARDIGAN)_ZB,69.81063532354781,2217200,46,634595,7355400
1437,2021-08-29,봄,우븐 셔츠_드레스셔츠_ZB,64.72648702859756,2391650,97,575123,6780300
1438,2021-08-29,봄,우븐 셔츠_캐쥬얼셔츠_ZB,67.33134533563718,1370000,62,496446,4333800
1439,2021-08-29,봄,점퍼_패딩점퍼_ZB,67.21105527638191,2088000,32,618738,6368000
1440,2021-08-29,봄,조끼_패딩베스트_ZB,81.48428270042194,351058,24,276864,1896000
1441,2021-08-29,봄,코트_더블코트_ZB,76.08867660539393,4956100,63,2197951,20727000
1442,2021-08-29,봄,코트_싱글코트_ZB,68.0624458618789,10416500,130,3403795,32370000
1443,2021-08-29,사계절,니트 셔츠_라운드_ZB,28.264525753768844,913623,64,345933,1273600
1444,2021-08-29,사계절,데님_데님팬츠_ZB,41.832732900611866,8995495,199,2421912,15900100
1445,2021-08-29,사계절,수트_블레이져(수트)_ZB,44.7100319851419,46387727,472,16784051,101408000
1446,2021-08-29,사계절,수트_수트팬츠_ZB,43.525673942822685,28898755,597,10566573,64983000
1447,2021-08-29,사계절,우븐 셔츠_드레스셔츠_ZB,47.54114517052599,35160047,1294,9194390,65780600
1448,2021-08-29,사계절,우븐 셔츠_드레스셔츠_ZC,-4.010025062656641,83000,2,15071,79800
1449,2021-08-29,사계절,자켓_싱글재킷_ZB,73.41986085543228,32054053,606,14312562,120594000
1450,2021-08-29,사계절,팬츠_니트팬츠_ZB,51.035460891164725,4730070,165,956774,9893500
1451,2021-08-29,사계절,팬츠_팬츠(일반)_ZB,52.1116453324502,68404596,1852,20691288,152954800
1452,2021-08-29,여름,니트 셔츠_라운드_ZB,77.0707499645313,93717855,8720,40883609,466343700
1453,2021-08-29,여름,니트 셔츠_티에리_ZB,72.59521011063451,14148794,540,4538743,48546000
1454,2021-08-29,여름,수트_블레이져(수트)_ZA,42.782156994656994,13846791,156,7111224,40404000
1455,2021-08-29,여름,수트_블레이져(수트)_ZB,10.049321608040199,3529937,21,885464,4179000
1456,2021-08-29,여름,수트_블레이져(수트)_ZC,16.0,2455550,15,699056,3225000
1457,2021-08-29,여름,수트_수트팬츠_ZA,52.223339788253426,8287109,207,4758483,28773000
1458,2021-08-29,여름,수트_수트팬츠_ZB,9.299088023088023,751513,9,204510,891000
1459,2021-08-29,여름,수트_수트팬츠_ZC,inf,1144950,11,258103,1329000
1460,2021-08-29,여름,스웨터_T-에리_ZB,68.23045237870207,10132347,309,2445952,27779100
1461,2021-08-29,여름,스웨터_라운드_ZB,50.71199480904709,531719,12,111209,1078800
1462,2021-08-29,여름,우븐 셔츠_드레스셔츠_ZB,77.9338346972526,26726177,2398,15219212,167620200
1463,2021-08-29,여름,우븐 셔츠_캐쥬얼셔츠_ZB,79.30116316475194,50048835,3509,24470661,245279100
1464,2021-08-29,여름,자켓_싱글재킷_ZA,44.63335739855901,15000559,114,4026527,29526000
1465,2021-08-29,여름,자켓_싱글재킷_ZB,64.7465519370356,19221990,274,5784228,54526000
1466,2021-08-29,여름,점퍼_점퍼_ZB,-8.916763008002334,3112500,22,422446,5428000
1467,2021-08-29,여름,팬츠_반바지_ZB,65.5077813979243,6620368,342,2566051,18925800
1468,2021-08-29,여름,팬츠_팬츠(일반)_ZA,53.43682463890213,6079122,118,1699000,16402000
1469,2021-08-29,여름,팬츠_팬츠(일반)_ZB,67.20582806460153,66643771,2835,30519874,269634800
1470,2021-09-05,가을,니트 셔츠_라운드_ZB,51.142284831892226,30539711,879,6754699,61442100
1471,2021-09-05,가을,수트_블레이져(수트)_ZB,22.85279620858097,81857724,444,16300883,106116000
1472,2021-09-05,가을,수트_블레이져(수트)_ZC,23.904975686984056,6729083,37,1396761,8843000
1473,2021-09-05,가을,수트_수트팬츠_ZB,22.36622154486624,49066136,490,9248185,63210000
1474,2021-09-05,가을,수트_수트팬츠_ZC,27.461439077718147,3649415,39,778913,5031000
1475,2021-09-05,가을,스웨터_T-에리_ZA,46.210548025823336,30253178,563,6675378,56243700
1476,2021-09-05,가을,스웨터_오픈형(CARDIGAN)_ZB,53.60283677298312,9273633,125,2025375,19987500
1477,2021-09-05,가을,우븐 셔츠_캐쥬얼셔츠_ZB,47.565977968227486,35075372,957,7073534,66894300
1478,2021-09-05,가을,코트_싱글코트_ZB,43.48958894401134,23920857,170,5014185,42330000
1479,2021-09-05,가을,팬츠_팬츠(일반)_ZB,47.4374249825234,11955200,253,2729759,22744700
1480,2021-09-05,겨울,니트 셔츠_라운드_ZB,2.114528691781911,7389570,108,702000,7549200
1481,2021-09-05,겨울,니트 셔츠_오픈형티(맨투맨 등)_ZB,0.6803923743332518,3989791,25,533312,4917500
1482,2021-09-05,겨울,사파리_패딩사파리_ZB,21.21192812539824,24965400,80,2442906,31920000
1483,2021-09-05,겨울,수트_블레이져(수트)_ZB,23.4727871715361,117113498,636,25339818,152004000
1484,2021-09-05,겨울,수트_수트팬츠_ZB,24.42787393791975,64093058,654,13149924,84366000
1485,2021-09-05,겨울,스웨터_Turtle_ZA,20.20250703711954,13904640,92,1963506,17430800
1486,2021-09-05,겨울,스웨터_라운드_ZB,28.95121535316523,35832673,561,5574615,50433900
1487,2021-09-05,겨울,스웨터_오픈형(CARDIGAN)_ZA,0.0,0,0,0,0
1488,2021-09-05,겨울,우븐 셔츠_캐쥬얼셔츠_ZB,20.680326734044026,8593890,155,1135675,10834500
1489,2021-09-05,겨울,자켓_싱글재킷_ZA,20.865007458757457,36072895,176,2069895,45584000
1490,2021-09-05,겨울,점퍼_패딩점퍼_ZB,0.0,0,0,0,0
1491,2021-09-05,겨울,조끼_패딩베스트_ZB,63.73775047535469,6322500,133,1648716,17157000
1492,2021-09-05,겨울,코트_싱글코트_ZB,21.54168835748711,46721140,181,10257553,59549000
1493,2021-09-05,겨울,팬츠_팬츠(일반)_ZA,20.856077408815306,25192302,229,882323,31831000
1494,2021-09-05,봄,가죽&FUR_가죽점퍼_ZA,104.2272510605844,6846110,24,4917000,23976000
1495,2021-09-05,봄,니트 셔츠_라운드_ZB,75.77317374331314,18638646,1197,8685196,83670300
1496,2021-09-05,봄,수트_블레이져(수트)_ZA,42.72693929894557,9502458,63,3292739,19917000
1497,2021-09-05,봄,수트_블레이져(수트)_ZB,70.28587393046786,3855500,92,3680975,18308000
1498,2021-09-05,봄,수트_블레이져(수트)_ZC,49.42028312933528,3599258,31,1486553,7969000
1499,2021-09-05,봄,수트_수트팬츠_ZA,44.48991266337635,4778992,64,1843727,11176000
1500,2021-09-05,봄,수트_수트팬츠_ZB,67.94394879832811,2030231,92,1912075,9108000
1501,2021-09-05,봄,수트_수트팬츠_ZC,51.72290172191984,1819977,32,815537,4368000
1502,2021-09-05,봄,스웨터_T-에리_ZB,64.7022022022022,1410500,40,393935,3996000
1503,2021-09-05,봄,스웨터_라운드_ZB,63.007576011177235,3820652,110,1011381,10589000
1504,2021-09-05,봄,스웨터_오픈형(CARDIGAN)_ZB,65.78232517256907,4560960,85,1172288,13591500
1505,2021-09-05,봄,우븐 셔츠_드레스셔츠_ZB,64.51516452074392,2232351,90,533619,6291000
1506,2021-09-05,봄,우븐 셔츠_캐쥬얼셔츠_ZB,69.98016052131175,2379460,119,950914,8318100
1507,2021-09-05,봄,점퍼_패딩점퍼_ZB,64.71651360249524,2036210,29,560732,5771000
1508,2021-09-05,봄,조끼_패딩베스트_ZB,82.50136575616256,525309,38,343007,3002000
1509,2021-09-05,봄,코트_더블코트_ZB,74.59726443768997,4345900,52,1809288,17108000
1510,2021-09-05,봄,코트_싱글코트_ZB,65.52642387732749,9929100,113,2977128,28137000
1511,2021-09-05,사계절,니트 셔츠_라운드_ZB,24.514517029592408,540778,36,194587,716400
1512,2021-09-05,사계절,데님_데님팬츠_ZB,43.72429242693718,10285810,229,2788160,18297100
1513,2021-09-05,사계절,수트_블레이져(수트)_ZB,43.92244555794943,35592590,280,9902165,61720000
1514,2021-09-05,사계절,수트_수트팬츠_ZB,43.98622256891224,21958382,325,5565799,37395000
1515,2021-09-05,사계절,우븐 셔츠_드레스셔츠_ZB,46.22397707232424,45171164,1644,11595803,80525600
1516,2021-09-05,사계절,우븐 셔츠_드레스셔츠_ZC,41.63981382026495,163000,7,52748,279300
1517,2021-09-05,사계절,자켓_싱글재킷_ZB,62.91572427354162,16973473,230,5432161,45770000
1518,2021-09-05,사계절,팬츠_니트팬츠_ZB,41.20451006905426,2367709,65,393435,4103500
1519,2021-09-05,사계절,팬츠_팬츠(일반)_ZB,48.33906773113957,71828860,1697,20085014,143730300
1520,2021-09-05,여름,니트 셔츠_라운드_ZB,69.3744849037053,55664144,6163,25846071,302615400
1521,2021-09-05,여름,니트 셔츠_티에리_ZB,77.95331150403689,6370310,379,3247812,34072100
1522,2021-09-05,여름,수트_블레이져(수트)_ZA,42.79339032910461,24749054,116,5547520,30044000
1523,2021-09-05,여름,수트_블레이져(수트)_ZB,18.117650753768842,2579713,16,660961,3184000
1524,2021-09-05,여름,수트_블레이져(수트)_ZC,21.5,3797400,24,1051143,4896000
1525,2021-09-05,여름,수트_수트팬츠_ZA,46.227838703063526,892712,4,75135,556000
1526,2021-09-05,여름,수트_수트팬츠_ZB,23.452457912457913,1667087,22,470921,2178000
1527,2021-09-05,여름,수트_수트팬츠_ZC,21.466666666666665,2156400,25,555045,2755000
1528,2021-09-05,여름,스웨터_T-에리_ZB,68.96640831509323,5373502,190,1438694,17081000
1529,2021-09-05,여름,스웨터_라운드_ZB,51.006409237777426,924950,21,194822,1887900
1530,2021-09-05,여름,우븐 셔츠_드레스셔츠_ZB,46.011549694871206,30712096,1749,11384475,122255100
1531,2021-09-05,여름,우븐 셔츠_캐쥬얼셔츠_ZB,186.48972976020397,16307714,1295,9009384,90520500
1532,2021-09-05,여름,자켓_싱글재킷_ZA,48.92601772832015,12270556,96,3421512,24864000
1533,2021-09-05,여름,자켓_싱글재킷_ZB,59.33963270823625,5988727,88,1852621,17512000
1534,2021-09-05,여름,점퍼_점퍼_ZB,61.298093723744486,2169100,26,515319,6124000
1535,2021-09-05,여름,팬츠_반바지_ZB,-12.82004034680127,2069604,63,592070,3753700
1536,2021-09-05,여름,팬츠_팬츠(일반)_ZA,56.43874927948108,3992993,66,975100,9174000
1537,2021-09-05,여름,팬츠_팬츠(일반)_ZB,68.22772407776141,34084059,1238,13155180,114068500
1538,2021-09-12,가을,니트 셔츠_라운드_ZB,57.44887011244404,43399671,1450,11023198,101355000
1539,2021-09-12,가을,수트_블레이져(수트)_ZB,24.731395636314687,40594851,226,8302129,54014000
1540,2021-09-12,가을,수트_블레이져(수트)_ZC,26.039872015751907,6010000,34,1283510,8126000
1541,2021-09-12,가을,수트_수트팬츠_ZB,24.91749199351193,24486984,253,4777270,32637000
1542,2021-09-12,가을,수트_수트팬츠_ZC,23.7015503875969,4330700,44,878774,5676000
1543,2021-09-12,가을,스웨터_T-에리_ZA,50.94145456317741,65427665,1335,15829190,133366500
1544,2021-09-12,가을,스웨터_오픈형(CARDIGAN)_ZB,55.87769197441191,22505951,319,5168757,51008100
1545,2021-09-12,가을,우븐 셔츠_캐쥬얼셔츠_ZB,51.23725312819536,64523208,1893,13991849,132320700
1546,2021-09-12,가을,코트_싱글코트_ZB,52.547070473675525,17251038,146,4306300,36354000
1547,2021-09-12,가을,팬츠_팬츠(일반)_ZB,51.487813193885074,11382851,261,2816075,23463900
1548,2021-09-12,겨울,니트 셔츠_라운드_ZB,55.87569871539608,8975280,291,1891500,20340900
1549,2021-09-12,겨울,니트 셔츠_오픈형티(맨투맨 등)_ZB,25.85217843562258,1958286,32,495709,4726800
1550,2021-09-12,겨울,사파리_패딩사파리_ZB,148.91679197994986,-13188700,-24,-735867,-9576000
1551,2021-09-12,겨울,수트_블레이져(수트)_ZB,24.981295252771808,180004026,979,39439916,233981000
1552,2021-09-12,겨울,수트_블레이져(수트)_ZC,22.164352622663635,53761860,289,12075635,69071000
1553,2021-09-12,겨울,수트_수트팬츠_ZB,24.87450479583979,119681137,1204,24452178,155316000
1554,2021-09-12,겨울,수트_수트팬츠_ZC,22.30072173215718,34880760,348,7372173,44892000
1555,2021-09-12,겨울,스웨터_Turtle_ZA,66.63320172354189,-5448319,-40,-447045,-4996000
1556,2021-09-12,겨울,스웨터_라운드_ZA,33.22271009905034,1961850,21,225666,2937900
1557,2021-09-12,겨울,스웨터_라운드_ZB,38.227174649467926,56255709,1013,2134941,91068700
1558,2021-09-12,겨울,스웨터_오픈형(CARDIGAN)_ZA,43.80513556266784,3055090,34,595612,5436600
1559,2021-09-12,겨울,우븐 셔츠_캐쥬얼셔츠_ZB,57.134950897411784,7520630,251,1839060,17544900
1560,2021-09-12,겨울,자켓_싱글재킷_ZA,27.982934362934362,13989315,75,881792,19425000
1561,2021-09-12,겨울,점퍼_패딩점퍼_ZB,29.602476669059584,15690200,112,2646095,22288000
1562,2021-09-12,겨울,조끼_패딩베스트_ZB,145.01171932133977,3883855,109,1366355,14061000
1563,2021-09-12,겨울,코트_싱글코트_ZB,11.655632800879518,-27321379,-94,-5305715,-30926000
1564,2021-09-12,겨울,팬츠_니트팬츠_ZB,0.0,0,0,0,0
1565,2021-09-12,겨울,팬츠_팬츠(일반)_ZA,314.3651079136691,-595935,2,7706,278000
1566,2021-09-12,봄,가죽&FUR_가죽점퍼_ZA,78.68984460651127,3799339,16,3271000,15984000
1567,2021-09-12,봄,니트 셔츠_라운드_ZB,77.86442087778401,26618591,1852,13289608,129454800
1568,2021-09-12,봄,수트_블레이져(수트)_ZA,42.36515220260683,4933185,51,2546073,15789000
1569,2021-09-12,봄,수트_블레이져(수트)_ZB,34.50711683417086,3340667,30,1199540,5970000
1570,2021-09-12,봄,수트_블레이져(수트)_ZC,47.28513080904347,3389450,28,1353561,7372000
1571,2021-09-12,봄,수트_수트팬츠_ZA,52.96303836604116,3539235,59,1701048,10401000
1572,2021-09-12,봄,수트_수트팬츠_ZB,34.029467941446555,910969,24,508705,2376000
1573,2021-09-12,봄,수트_수트팬츠_ZC,55.74177529484792,963000,17,409281,2243000
1574,2021-09-12,봄,스웨터_T-에리_ZB,64.24088877610005,2536358,71,699235,7092900
1575,2021-09-12,봄,스웨터_라운드_ZB,65.95134476977047,6327148,204,1862260,19529600
1576,2021-09-12,봄,스웨터_오픈형(CARDIGAN)_ZB,69.12119634813166,4189100,83,1130367,13271700
1577,2021-09-12,봄,우븐 셔츠_드레스셔츠_ZB,65.09731063551958,3635150,149,883436,10415100
1578,2021-09-12,봄,우븐 셔츠_캐쥬얼셔츠_ZB,66.29195858415643,2734975,114,913689,7968600
1579,2021-09-12,봄,점퍼_패딩점퍼_ZB,65.57875245794189,3150921,46,889436,9154000
1580,2021-09-12,봄,조끼_패딩베스트_ZB,82.20521974114635,1251151,89,1015665,7031000
1581,2021-09-12,봄,코트_더블코트_ZB,73.0443129099344,5055000,57,1987453,18753000
1582,2021-09-12,봄,코트_싱글코트_ZB,73.27028282142655,17618467,377,10014668,93873000
1583,2021-09-12,사계절,니트 셔츠_라운드_ZB,30.245357220887044,638534,46,248639,915400
1584,2021-09-12,사계절,데님_데님팬츠_ZB,47.5233280977746,14686366,337,4108148,26926300
1585,2021-09-12,사계절,수트_블레이져(수트)_ZB,27.821880541915785,19112670,128,4490220,27792000
1586,2021-09-12,사계절,수트_수트팬츠_ZB,26.997064871677278,10557169,137,2335244,15183000
1587,2021-09-12,사계절,우븐 셔츠_드레스셔츠_ZB,42.56524945898995,35633024,1208,8614572,59739200
1588,2021-09-12,사계절,우븐 셔츠_드레스셔츠_ZC,3.091060985797828,116000,3,22606,119700
1589,2021-09-12,사계절,자켓_싱글재킷_ZB,-15.19139028475712,3438463,15,354271,2985000
1590,2021-09-12,사계절,팬츠_니트팬츠_ZB,77.82462561212327,1640565,34,244012,2636600
1591,2021-09-12,사계절,팬츠_팬츠(일반)_ZB,49.46309032249643,97590671,2303,27800761,198579700
1592,2021-09-12,여름,니트 셔츠_라운드_ZB,72.85006259294302,37847761,3956,15837548,199131000
1593,2021-09-12,여름,니트 셔츠_티에리_ZB,72.79919671646414,5670776,244,2078532,21935600
1594,2021-09-12,여름,수트_블레이져(수트)_ZA,40.37021385949957,3936468,28,1295275,7252000
1595,2021-09-12,여름,수트_블레이져(수트)_ZB,21.554974874371858,-80624,0,-17146,0
1596,2021-09-12,여름,수트_블레이져(수트)_ZC,27.0,2205400,14,628014,2906000
1597,2021-09-12,여름,수트_수트팬츠_ZA,inf,3450705,43,954619,5977000
1598,2021-09-12,여름,수트_수트팬츠_ZB,23.231431966726085,-429700,-5,-119592,-495000
1599,2021-09-12,여름,수트_수트팬츠_ZC,22.5,1031900,13,277496,1327000
1600,2021-09-12,여름,스웨터_T-에리_ZB,43.90807794100725,-1674745,-33,-256698,-2966700
1601,2021-09-12,여름,스웨터_라운드_ZB,48.05808923495242,-840524,-18,-167116,-1618200
1602,2021-09-12,여름,우븐 셔츠_드레스셔츠_ZB,73.595108861567,34176076,2029,13176256,141827100
1603,2021-09-12,여름,우븐 셔츠_캐쥬얼셔츠_ZB,74.81711089538784,21124076,1235,8602407,86326500
1604,2021-09-12,여름,자켓_싱글재킷_ZA,64.19825840878472,-427900,2,220351,518000
1605,2021-09-12,여름,자켓_싱글재킷_ZB,64.25219155980572,14239535,199,4201389,39601000
1606,2021-09-12,여름,점퍼_점퍼_ZB,55.87428104377308,2445450,25,518331,5475000
1607,2021-09-12,여름,팬츠_반바지_ZB,50.733537658292015,1360687,50,373195,2735000
1608,2021-09-12,여름,팬츠_팬츠(일반)_ZA,48.201438848920866,1224000,20,294600,2780000
1609,2021-09-12,여름,팬츠_팬츠(일반)_ZB,66.90169899174337,31756461,1088,11862688,120261200
1610,2021-09-19,가을,니트 셔츠_라운드_ZB,55.73959926103407,52956812,1694,12836811,118410600
1611,2021-09-19,가을,수트_블레이져(수트)_ZB,24.988241242418596,34748168,193,7128831,46127000
1612,2021-09-19,가을,수트_블레이져(수트)_ZC,23.72222222222222,3281470,18,679506,4302000
1613,2021-09-19,가을,수트_수트팬츠_ZB,24.558684808919832,19478957,200,3797925,25800000
1614,2021-09-19,가을,수트_수트팬츠_ZC,26.87532299741602,1131970,12,239666,1548000
1615,2021-09-19,가을,스웨터_T-에리_ZA,53.6443929092297,62424871,1348,15983253,134665200
1616,2021-09-19,가을,스웨터_오픈형(CARDIGAN)_ZB,57.4998912894778,34794329,512,8295936,81868800
1617,2021-09-19,가을,우븐 셔츠_캐쥬얼셔츠_ZB,51.63420816083659,57304032,1695,12528359,118480500
1618,2021-09-19,가을,코트_싱글코트_ZB,53.536568090543994,31815835,275,8111182,68475000
1619,2021-09-19,가을,팬츠_팬츠(일반)_ZB,54.217561003083595,16257573,395,4261876,35510500
1620,2021-09-19,겨울,니트 셔츠_라운드_ZB,51.570427618646136,45757590,1341,9405780,93735900
1621,2021-09-19,겨울,니트 셔츠_오픈형티(맨투맨 등)_ZB,54.80974859522929,6358470,95,1384047,14070500
1622,2021-09-19,겨울,사파리_패딩사파리_ZB,64.8081742818585,10450600,77,2341549,30723000
1623,2021-09-19,겨울,수트_블레이져(수트)_ZB,23.370944427808507,136645943,752,30066356,179728000
1624,2021-09-19,겨울,수트_블레이져(수트)_ZC,22.843105852931274,32086466,174,7270451,41586000
1625,2021-09-19,겨울,수트_수트팬츠_ZB,23.226128098083272,77898250,794,16041950,102426000
1626,2021-09-19,겨울,수트_수트팬츠_ZC,24.715558919315626,16412761,169,3580165,21801000
1627,2021-09-19,겨울,스웨터_Turtle_ZA,39.230786301939325,12546920,73,2292029,18492700
1628,2021-09-19,겨울,스웨터_라운드_ZA,35.20616229637711,8611425,95,1020870,13290500
1629,2021-09-19,겨울,스웨터_라운드_ZB,58.32067631800751,30312997,809,6031660,72729100
1630,2021-09-19,겨울,스웨터_오픈형(CARDIGAN)_ZA,49.12085678549093,4881345,60,1051080,9594000
1631,2021-09-19,겨울,우븐 셔츠_캐쥬얼셔츠_ZA,41.637386018946415,16007155,304,3195874,27329600
1632,2021-09-19,겨울,우븐 셔츠_캐쥬얼셔츠_ZB,53.68306634203645,19004440,587,4300910,41031300
1633,2021-09-19,겨울,자켓_싱글재킷_ZA,24.919652509652508,27224134,140,1520887,36260000
1634,2021-09-19,겨울,점퍼_패딩점퍼_ZB,44.22332290824753,15872369,143,3378497,28457000
1635,2021-09-19,겨울,조끼_패딩베스트_ZB,67.75411977420434,6872450,166,2073567,21414000
1636,2021-09-19,겨울,코트_싱글코트_ZA,40.3551912568306,13752900,42,3076533,23058000
1637,2021-09-19,겨울,코트_싱글코트_ZB,54.89483579212692,30421178,205,11676630,67445000
1638,2021-09-19,겨울,팬츠_니트팬츠_ZB,33.32041805754252,3355850,72,590400,5032800
1639,2021-09-19,겨울,팬츠_팬츠(일반)_ZA,24.009650368876873,16583374,157,530823,21823000
1640,2021-09-19,봄,가죽&FUR_가죽점퍼_ZA,21.548736236236238,1949300,12,2464000,11988000
1641,2021-09-19,봄,니트 셔츠_라운드_ZB,75.96404477624269,22614740,1425,10520023,99607500
1642,2021-09-19,봄,수트_블레이져(수트)_ZA,43.41087822896163,7663986,60,3118033,19140000
1643,2021-09-19,봄,수트_블레이져(수트)_ZB,60.2826593093057,5754870,81,3218772,16119000
1644,2021-09-19,봄,수트_블레이져(수트)_ZC,47.69931160504718,2737000,23,1104245,5897000
1645,2021-09-19,봄,수트_수트팬츠_ZA,45.36033519553072,3886980,58,1694686,10342000
1646,2021-09-19,봄,수트_수트팬츠_ZB,50.70198011864679,4232370,91,1943079,9009000
1647,2021-09-19,봄,수트_수트팬츠_ZC,48.51857226158902,1170500,19,486325,2601000
1648,2021-09-19,봄,스웨터_T-에리_ZB,61.57018129240352,691045,18,177274,1798200
1649,2021-09-19,봄,스웨터_라운드_ZB,67.88568601972383,3913710,129,1153006,12217100
1650,2021-09-19,봄,스웨터_오픈형(CARDIGAN)_ZB,66.98892988462268,3611000,68,944345,10873200
1651,2021-09-19,봄,우븐 셔츠_드레스셔츠_ZB,58.846457037750724,2819100,98,581052,6850200
1652,2021-09-19,봄,우븐 셔츠_캐쥬얼셔츠_ZB,65.83005038274042,2072018,84,675079,5871600
1653,2021-09-19,봄,점퍼_패딩점퍼_ZB,67.21845814438043,2674646,41,792758,8159000
1654,2021-09-19,봄,조끼_패딩베스트_ZB,81.45273417721519,732617,50,569460,3950000
1655,2021-09-19,봄,코트_더블코트_ZB,74.87714115274267,8844000,107,3725386,35203000
1656,2021-09-19,봄,코트_싱글코트_ZB,70.43131927334102,16300528,223,5885962,55527000
1657,2021-09-19,사계절,니트 셔츠_라운드_ZB,10.458542713567839,855300,48,259449,955200
1658,2021-09-19,사계절,데님_데님팬츠_ZB,45.982541846418236,15796978,367,4471911,29323300
1659,2021-09-19,사계절,수트_블레이져(수트)_ZB,41.12017423471354,16395411,116,4050929,24804000
1660,2021-09-19,사계절,수트_수트팬츠_ZB,31.824145960030975,8251019,112,1855273,12078000
1661,2021-09-19,사계절,우븐 셔츠_드레스셔츠_ZB,43.75046047515497,35494011,1221,8777133,62567900
1662,2021-09-19,사계절,우븐 셔츠_드레스셔츠_ZC,9.147869674185463,145000,4,30142,159600
1663,2021-09-19,사계절,자켓_싱글재킷_ZB,21.37353433835846,1877600,12,283417,2388000
1664,2021-09-19,사계절,팬츠_니트팬츠_ZB,25.068183585646665,1728368,39,235045,2446100
1665,2021-09-19,사계절,팬츠_팬츠(일반)_ZB,46.66555227590897,93366724,2140,26051545,186366000
1666,2021-09-19,여름,니트 셔츠_라운드_ZB,49.558161993684934,27443384,2125,9887240,107166200
1667,2021-09-19,여름,니트 셔츠_티에리_ZB,67.41236266921136,2044432,70,611429,6293000
1668,2021-09-19,여름,수트_블레이져(수트)_ZA,29.723651521419377,-17316269,-84,-4080954,-21756000
1669,2021-09-19,여름,수트_블레이져(수트)_ZB,12.743718592964823,1622100,9,391994,1791000
1670,2021-09-19,여름,수트_블레이져(수트)_ZC,44.770565612274154,1347400,10,504086,2530000
1671,2021-09-19,여름,수트_수트팬츠_ZA,29.749253097521983,2390569,23,515868,3197000
1672,2021-09-19,여름,수트_수트팬츠_ZB,21.180134680134678,1791500,23,495830,2277000
1673,2021-09-19,여름,수트_수트팬츠_ZC,-inf,1210900,14,330222,1746000
1674,2021-09-19,여름,스웨터_T-에리_ZB,68.86576145592011,1388520,29,155800,2607100
1675,2021-09-19,여름,스웨터_라운드_ZB,54.02298850574713,-248000,-6,-55786,-539400
1676,2021-09-19,여름,우븐 셔츠_드레스셔츠_ZB,73.43309374404136,22878603,1284,8299238,89751600
1677,2021-09-19,여름,우븐 셔츠_캐쥬얼셔츠_ZB,75.46981839956017,15611981,873,6129039,61022700
1678,2021-09-19,여름,자켓_싱글재킷_ZA,47.78115504186933,8089156,64,2209866,16576000
1679,2021-09-19,여름,자켓_싱글재킷_ZB,65.10781686208821,6656948,96,2028866,19104000
1680,2021-09-19,여름,점퍼_점퍼_ZB,56.49588860346867,3889476,48,932242,11652000
1681,2021-09-19,여름,팬츠_반바지_ZB,64.66390952931647,720130,24,161456,1237600
1682,2021-09-19,여름,팬츠_팬츠(일반)_ZA,58.13956180510138,-1660922,-39,-522500,-5421000
1683,2021-09-19,여름,팬츠_팬츠(일반)_ZB,60.71470728551078,18933755,515,5535568,48979200
1684,2021-09-26,가을,니트 셔츠_라운드_ZB,57.09076928349282,58905389,1955,14734138,136654500
1685,2021-09-26,가을,수트_블레이져(수트)_ZB,24.53861964087852,61954479,343,12742435,81977000
1686,2021-09-26,가을,수트_블레이져(수트)_ZC,24.06525587383328,9437170,52,1963016,12428000
1687,2021-09-26,가을,수트_수트팬츠_ZB,23.946681151556096,36862211,376,7148754,48504000
1688,2021-09-26,가을,수트_수트팬츠_ZC,25.416307780648864,5195500,54,1078495,6966000
1689,2021-09-26,가을,스웨터_T-에리_ZA,51.97265426861839,64196328,1338,15864524,133666200
1690,2021-09-26,가을,스웨터_오픈형(CARDIGAN)_ZB,57.68873566051775,37075330,548,8879244,87625200
1691,2021-09-26,가을,우븐 셔츠_캐쥬얼셔츠_ZB,54.69256300924263,38985645,1231,9098767,86046900
1692,2021-09-26,가을,코트_싱글코트_ZB,54.951976921771596,31856160,284,8376639,70716000
1693,2021-09-26,가을,팬츠_팬츠(일반)_ZB,52.49803811316603,23316528,546,5891100,49085400
1694,2021-09-26,겨울,니트 셔츠_라운드_ZB,55.50022708690341,51482720,1654,12260595,115614600
1695,2021-09-26,겨울,니트 셔츠_오픈형티(맨투맨 등)_ZB,60.09042625807108,9991350,161,2428560,24573900
1696,2021-09-26,겨울,사파리_패딩사파리_ZB,52.38225919938535,25030177,148,4653836,60752000
1697,2021-09-26,겨울,수트_블레이져(수트)_ZB,23.38712613986998,164105158,893,35599530,213427000
1698,2021-09-26,겨울,수트_블레이져(수트)_ZC,23.72122132974987,49951921,274,11448872,65486000
1699,2021-09-26,겨울,수트_수트팬츠_ZB,25.94581270356009,94033434,955,19223004,123195000
1700,2021-09-26,겨울,수트_수트팬츠_ZC,24.803561397595775,26772940,276,5846896,35604000
1701,2021-09-26,겨울,스웨터_Turtle_ZA,32.138635088777086,-4916322,-23,-840434,-6577700
1702,2021-09-26,겨울,스웨터_라운드_ZA,46.8730605894967,6317590,85,913410,11891500
1703,2021-09-26,겨울,스웨터_라운드_ZB,55.87902834782881,47954687,1209,6225431,108689100
1704,2021-09-26,겨울,스웨터_오픈형(CARDIGAN)_ZA,49.143787050004846,5773655,71,1243778,11352900
1705,2021-09-26,겨울,우븐 셔츠_캐쥬얼셔츠_ZA,45.84935485065867,28916340,595,6294824,53490500
1706,2021-09-26,겨울,우븐 셔츠_캐쥬얼셔츠_ZB,58.45162894008292,27328815,941,6894644,65775900
1707,2021-09-26,겨울,자켓_싱글재킷_ZA,24.47842787842788,30513736,156,1960069,40404000
1708,2021-09-26,겨울,점퍼_패딩점퍼_ZB,43.09631859739225,25705100,227,5363068,45173000
1709,2021-09-26,겨울,조끼_패딩베스트_ZB,68.32758694990416,9058826,222,2771129,28638000
1710,2021-09-26,겨울,코트_싱글코트_ZA,43.531095498308616,2170100,7,512756,3843000
1711,2021-09-26,겨울,코트_싱글코트_ZB,52.73986281113941,57529765,370,21106821,121730000
1712,2021-09-26,겨울,팬츠_니트팬츠_ZB,35.15476654961633,4985950,110,902000,7689000
1713,2021-09-26,겨울,팬츠_팬츠(일반)_ZA,25.920578132088924,11429714,111,501765,15429000
1714,2021-09-26,봄,가죽&FUR_가죽점퍼_ZA,59.2493979240011,25579210,58,11841000,57942000
1715,2021-09-26,봄,니트 셔츠_라운드_ZB,75.06564301784663,19950866,1300,9230640,90870000
1716,2021-09-26,봄,수트_블레이져(수트)_ZA,44.5847624103742,11329097,111,5709086,35109000
1717,2021-09-26,봄,수트_블레이져(수트)_ZB,42.320378080880594,4252607,36,1442798,7164000
1718,2021-09-26,봄,수트_블레이져(수트)_ZC,47.863217197414826,4077953,34,1695222,9406000
1719,2021-09-26,봄,수트_수트팬츠_ZA,45.87889087466675,6686832,119,3441050,21101000
1720,2021-09-26,봄,수트_수트팬츠_ZB,42.55315536315536,2047037,35,743284,3465000
1721,2021-09-26,봄,수트_수트팬츠_ZC,50.04661635695155,1322062,23,610783,3317000
1722,2021-09-26,봄,스웨터_T-에리_ZB,71.79832894118609,1380500,49,482569,4895100
1723,2021-09-26,봄,스웨터_라운드_ZB,70.98574418235657,5218679,186,1600012,17371400
1724,2021-09-26,봄,스웨터_오픈형(CARDIGAN)_ZB,69.07152618534732,3633100,72,991780,11512800
1725,2021-09-26,봄,우븐 셔츠_드레스셔츠_ZB,60.571554210933655,3362379,122,723350,8527800
1726,2021-09-26,봄,우븐 셔츠_캐쥬얼셔츠_ZB,68.31399927100928,3037700,129,1041648,9017100
1727,2021-09-26,봄,점퍼_패딩점퍼_ZB,65.32663316582915,1932000,28,541396,5572000
1728,2021-09-26,봄,조끼_패딩베스트_ZB,82.14784006429576,888502,63,701286,4977000
1729,2021-09-26,봄,코트_더블코트_ZB,74.70638297872341,4160800,50,1743286,16450000
1730,2021-09-26,봄,코트_싱글코트_ZB,76.57500912741877,2304788,49,1284703,12201000
1731,2021-09-26,사계절,니트 셔츠_라운드_ZB,24.11934673366834,604010,40,216208,796000
1732,2021-09-26,사계절,데님_데님팬츠_ZB,44.60260121714067,20867308,478,5819380,38192200
1733,2021-09-26,사계절,수트_블레이져(수트)_ZB,25.630692794525114,21024709,135,4845969,28065000
1734,2021-09-26,사계절,수트_수트팬츠_ZB,26.07482052339195,13669832,171,2869945,18399000
1735,2021-09-26,사계절,우븐 셔츠_드레스셔츠_ZB,41.070981714913074,37806827,1289,9133723,62451100
1736,2021-09-26,사계절,우븐 셔츠_드레스셔츠_ZC,27.318295739348372,116000,4,30142,159600
1737,2021-09-26,사계절,자켓_싱글재킷_ZB,66.58984610552764,10637793,160,3778894,31840000
1738,2021-09-26,사계절,팬츠_니트팬츠_ZB,29.648196742196838,1741393,40,250938,2636000
1739,2021-09-26,사계절,팬츠_팬츠(일반)_ZB,49.35504627035158,114179810,2711,32741331,235408900
1740,2021-09-26,여름,니트 셔츠_라운드_ZB,75.3098136154345,24063590,2091,10889963,114402800
1741,2021-09-26,여름,니트 셔츠_티에리_ZB,69.02103846523572,1617430,59,519458,5304100
1742,2021-09-26,여름,수트_블레이져(수트)_ZA,30.628792057363484,4639200,26,1190335,6734000
1743,2021-09-26,여름,수트_블레이져(수트)_ZB,21.5,3283500,21,891827,4179000
1744,2021-09-26,여름,수트_블레이져(수트)_ZC,23.75,1883500,11,503440,2429000
1745,2021-09-26,여름,수트_수트팬츠_ZA,26.102774922918805,1876240,20,473612,2780000
1746,2021-09-26,여름,수트_수트팬츠_ZB,21.5,1395900,18,391456,1782000
1747,2021-09-26,여름,수트_수트팬츠_ZC,25.272727272727273,1440300,16,359587,1824000
1748,2021-09-26,여름,스웨터_T-에리_ZB,75.20578420467186,200700,18,142214,1618200
1749,2021-09-26,여름,스웨터_라운드_ZB,68.29810901001112,114000,4,37129,359600
1750,2021-09-26,여름,우븐 셔츠_드레스셔츠_ZB,73.46731013358107,22212216,1201,7789011,83949900
1751,2021-09-26,여름,우븐 셔츠_캐쥬얼셔츠_ZB,74.66684982095278,13317900,761,5297790,53193900
1752,2021-09-26,여름,자켓_싱글재킷_ZA,49.419386919386916,6738000,53,1885397,13727000
1753,2021-09-26,여름,자켓_싱글재킷_ZB,62.82626895947628,11094708,150,3166851,29850000
1754,2021-09-26,여름,점퍼_점퍼_ZB,50.81174400663412,4192000,48,926720,11752000
1755,2021-09-26,여름,팬츠_반바지_ZB,63.5502430456278,427350,15,95073,768500
1756,2021-09-26,여름,팬츠_팬츠(일반)_ZA,51.47881694644285,1489000,22,327900,3058000
1757,2021-09-26,여름,팬츠_팬츠(일반)_ZB,63.29832802780562,10285166,290,3039534,26865800
1758,2021-10-03,가을,니트 셔츠_라운드_ZB,59.09362824668219,49164964,1743,12823233,121835700
1759,2021-10-03,가을,수트_블레이져(수트)_ZB,20.9284246065516,47848442,253,9388014,60467000
1760,2021-10-03,가을,수트_블레이져(수트)_ZC,21.604994213478143,8806111,47,1774264,11233000
1761,2021-10-03,가을,수트_수트팬츠_ZB,21.308132265738355,26843216,264,5017355,34056000
1762,2021-10-03,가을,수트_수트팬츠_ZC,20.885872093023256,4082289,40,798885,5160000
1763,2021-10-03,가을,스웨터_T-에리_ZA,53.78359339731889,47093594,1020,11558449,101898000
1764,2021-10-03,가을,스웨터_오픈형(CARDIGAN)_ZB,57.9485043058744,32477085,483,7987844,77231700
1765,2021-10-03,가을,우븐 셔츠_캐쥬얼셔츠_ZB,70.7808508328224,18300070,896,6622661,62630400
1766,2021-10-03,가을,코트_싱글코트_ZB,59.72608320606369,28480103,284,6856219,70716000
1767,2021-10-03,가을,팬츠_팬츠(일반)_ZB,51.04795813315031,16546965,376,4056875,33802400
1768,2021-10-03,겨울,니트 셔츠_라운드_ZB,55.579760750374845,50996826,1649,12363690,115265100
1769,2021-10-03,겨울,니트 셔츠_오픈형티(맨투맨 등)_ZB,59.24983608449713,11835275,184,2889677,28871600
1770,2021-10-03,겨울,니트 셔츠_후드티_ZB,0.0,0,0,0,0
1771,2021-10-03,겨울,사파리_패딩사파리_ZB,-39.58781236502885,8977900,107,3231900,42493000
1772,2021-10-03,겨울,수트_블레이져(수트)_ZA,20.0,-510400,-2,-45352,-638000
1773,2021-10-03,겨울,수트_블레이져(수트)_ZB,21.636541577899774,155213322,829,33091349,198131000
1774,2021-10-03,겨울,수트_블레이져(수트)_ZC,22.83788977451296,40756255,221,9234309,52819000
1775,2021-10-03,겨울,수트_수트팬츠_ZA,20.0,-143200,-1,-17743,-179000
1776,2021-10-03,겨울,수트_수트팬츠_ZB,22.540432510181564,75025281,749,15072600,96621000
1777,2021-10-03,겨울,수트_수트팬츠_ZC,23.335904229221864,23438514,237,5020704,30573000
1778,2021-10-03,겨울,스웨터_T-에리_ZB,40.48816973397979,21283930,358,3475976,35764200
1779,2021-10-03,겨울,스웨터_Turtle_ZA,37.8337031646368,6032180,43,1176757,9735700
1780,2021-10-03,겨울,스웨터_Turtle_ZB,0.0,0,0,0,0
1781,2021-10-03,겨울,스웨터_라운드_ZA,57.03704616598063,1743050,29,337817,4057100
1782,2021-10-03,겨울,스웨터_라운드_ZB,53.38228311897849,52470478,1252,9426491,112554800
1783,2021-10-03,겨울,스웨터_오픈형(CARDIGAN)_ZA,40.313301508729616,34191177,332,5482879,56526800
1784,2021-10-03,겨울,우븐 셔츠_캐쥬얼셔츠_ZA,38.47301075592928,21199395,384,4038843,34521600
1785,2021-10-03,겨울,우븐 셔츠_캐쥬얼셔츠_ZB,47.56641819140125,17409260,475,3480293,33202500
1786,2021-10-03,겨울,자켓_싱글재킷_ZA,22.62094781762372,72348640,361,4273406,93499000
1787,2021-10-03,겨울,점퍼_패딩점퍼_ZB,51.38998980253247,26335200,233,5852690,54367000
1788,2021-10-03,겨울,조끼_패딩베스트_ZB,70.19630081469141,9511946,247,3079759,31863000
1789,2021-10-03,겨울,코트_싱글코트_ZA,-179.28961748633878,-1533300,-1,-75317,-549000
1790,2021-10-03,겨울,코트_싱글코트_ZB,54.54852242652582,39327800,263,15002644,86527000
1791,2021-10-03,겨울,팬츠_니트팬츠_ZB,38.29958947564844,3967830,92,754668,6430800
1792,2021-10-03,겨울,팬츠_팬츠(일반)_ZA,33.660922916307804,50731237,627,4336479,73012200
1793,2021-10-03,봄,가죽&FUR_가죽점퍼_ZA,67.3986986986987,3256870,10,2045000,9990000
1794,2021-10-03,봄,니트 셔츠_라운드_ZB,79.29501006834985,16310055,1428,9465821,99817200
1795,2021-10-03,봄,수트_블레이져(수트)_ZA,42.98972211337513,8308595,66,3416682,20934000
1796,2021-10-03,봄,수트_블레이져(수트)_ZB,37.327351040918884,4017200,11,448202,2189000
1797,2021-10-03,봄,수트_블레이져(수트)_ZC,48.24370021476242,2598500,22,1070102,5818000
1798,2021-10-03,봄,수트_수트팬츠_ZA,44.25842750126968,4236483,62,1803704,11018000
1799,2021-10-03,봄,수트_수트팬츠_ZB,-182.51739618406287,2724700,6,151408,594000
1800,2021-10-03,봄,수트_수트팬츠_ZC,50.581096949812036,1268500,22,525249,2738000
1801,2021-10-03,봄,스웨터_T-에리_ZB,76.01557820245694,12052100,503,4953790,50249700
1802,2021-10-03,봄,스웨터_라운드_ZB,66.73990986059951,3011561,94,813269,8760600
1803,2021-10-03,봄,스웨터_오픈형(CARDIGAN)_ZB,68.45548135416803,3110000,63,858706,10073700
1804,2021-10-03,봄,우븐 셔츠_드레스셔츠_ZB,59.267463503930344,2647900,93,551406,6500700
1805,2021-10-03,봄,우븐 셔츠_캐쥬얼셔츠_ZB,63.156701561565654,2110635,88,712037,6151200
1806,2021-10-03,봄,점퍼_패딩점퍼_ZB,69.59847236180904,1512476,25,483389,4975000
1807,2021-10-03,봄,조끼_패딩베스트_ZB,82.5201687763713,-207136,-15,-181653,-1185000
1808,2021-10-03,봄,코트_더블코트_ZB,76.88055836992007,8214800,108,3748794,35532000
1809,2021-10-03,봄,코트_싱글코트_ZB,76.45567800614222,2619757,47,1229542,11703000
1810,2021-10-03,사계절,니트 셔츠_라운드_ZB,11.028417951828105,1026910,58,313501,1154200
1811,2021-10-03,사계절,데님_데님팬츠_ZB,34.45765092631885,11306869,238,2905252,19016200
1812,2021-10-03,사계절,수트_블레이져(수트)_ZB,29.968250296840846,23081888,159,5638606,33281000
1813,2021-10-03,사계절,수트_수트팬츠_ZB,33.28256025050076,13861491,219,3790888,22911000
1814,2021-10-03,사계절,우븐 셔츠_드레스셔츠_ZB,48.00518750341259,41005951,1576,11161041,77992400
1815,2021-10-03,사계절,우븐 셔츠_드레스셔츠_ZC,27.318295739348372,116000,4,30142,159600
1816,2021-10-03,사계절,자켓_싱글재킷_ZB,69.81936420068256,22462240,374,8833165,74426000
1817,2021-10-03,사계절,팬츠_니트팬츠_ZB,42.3097919429583,1434270,41,259068,2725900
1818,2021-10-03,사계절,팬츠_팬츠(일반)_ZB,50.498065148387276,97289256,2393,26023347,203360700
1819,2021-10-03,여름,니트 셔츠_라운드_ZB,61.78257136194188,16798306,1423,6348571,72582500
1820,2021-10-03,여름,니트 셔츠_티에리_ZB,-8.306683567443585,2366588,55,422001,4944500
1821,2021-10-03,여름,수트_블레이져(수트)_ZA,27.668769534840962,3419396,20,926819,5180000
1822,2021-10-03,여름,수트_블레이져(수트)_ZB,21.2,3283500,21,895555,4179000
1823,2021-10-03,여름,수트_블레이져(수트)_ZC,35.77777777777778,2323200,15,682497,3285000
1824,2021-10-03,여름,수트_수트팬츠_ZA,inf,1855955,11,247424,1529000
1825,2021-10-03,여름,수트_수트팬츠_ZB,21.2,1158300,15,322397,1485000
1826,2021-10-03,여름,수트_수트팬츠_ZC,-inf,1546400,17,380054,1963000
1827,2021-10-03,여름,스웨터_T-에리_ZB,53.24368345781026,1300900,29,220290,2607100
1828,2021-10-03,여름,스웨터_라운드_ZB,56.61846496106785,234000,6,55521,539400
1829,2021-10-03,여름,우븐 셔츠_드레스셔츠_ZB,83.30370699688548,27273357,1839,11883921,128546100
1830,2021-10-03,여름,우븐 셔츠_캐쥬얼셔츠_ZB,81.1305914563161,6429990,385,2703418,26911500
1831,2021-10-03,여름,자켓_싱글재킷_ZA,48.92213642213642,5415000,42,1555240,10878000
1832,2021-10-03,여름,자켓_싱글재킷_ZB,59.13631550610194,6947510,86,1813601,17114000
1833,2021-10-03,여름,점퍼_점퍼_ZB,-inf,2450000,29,553221,7221000
1834,2021-10-03,여름,팬츠_반바지_ZB,65.84825225756761,531539,30,222439,1627000
1835,2021-10-03,여름,팬츠_팬츠(일반)_ZA,56.045335731414866,1919819,32,476500,4448000
1836,2021-10-03,여름,팬츠_팬츠(일반)_ZB,73.75892762357599,7593418,130,1489296,14272600
1837,2021-10-10,가을,니트 셔츠_라운드_ZB,58.62594750295472,47325046,1641,12174383,114705900
1838,2021-10-10,가을,수트_블레이져(수트)_ZB,24.346146674335348,45911564,253,9422487,60467000
1839,2021-10-10,가을,수트_블레이져(수트)_ZC,21.61585506988338,8804891,47,1774264,11233000
1840,2021-10-10,가을,수트_수트팬츠_ZB,24.50764218119059,28678856,294,5582162,37926000
1841,2021-10-10,가을,수트_수트팬츠_ZC,22.264389534883723,4813389,48,958662,6192000
1842,2021-10-10,가을,스웨터_T-에리_ZA,56.425034027184566,44532613,1023,11205616,102197700
1843,2021-10-10,가을,스웨터_오픈형(CARDIGAN)_ZB,56.83671664159469,38305040,555,9328704,88744500
1844,2021-10-10,가을,우븐 셔츠_캐쥬얼셔츠_ZB,53.59253078595746,28448846,877,6482225,61302300
1845,2021-10-10,가을,코트_싱글코트_ZB,63.147468996866586,25051245,273,5964444,67977000
1846,2021-10-10,가을,팬츠_팬츠(일반)_ZB,51.39526349315003,20449568,468,5049514,42073200
1847,2021-10-10,겨울,니트 셔츠_라운드_ZB,56.597232713563784,65491137,2159,16012559,150914100
1848,2021-10-10,겨울,니트 셔츠_오픈형티(맨투맨 등)_ZB,57.140166632089574,12342870,179,2928878,28782100
1849,2021-10-10,겨울,니트 셔츠_후드티_ZB,44.298151792590055,2603950,52,490045,4674800
1850,2021-10-10,겨울,사파리_패딩사파리_ZA,0.0,0,0,0,0
1851,2021-10-10,겨울,사파리_패딩사파리_ZB,67.56939193311922,29691078,218,6742775,89082000
1852,2021-10-10,겨울,수트_블레이져(수트)_ZA,0.0,0,0,0,0
1853,2021-10-10,겨울,수트_블레이져(수트)_ZB,24.362023094405526,122014785,669,26592521,159891000
1854,2021-10-10,겨울,수트_블레이져(수트)_ZC,21.72602959991701,45272099,242,10111777,57838000
1855,2021-10-10,겨울,수트_수트팬츠_ZA,0.0,0,0,0,0
1856,2021-10-10,겨울,수트_수트팬츠_ZB,24.511888701702397,69860139,706,14151222,91074000
1857,2021-10-10,겨울,수트_수트팬츠_ZC,21.79628032008002,25018934,248,5253733,31992000
1858,2021-10-10,겨울,스웨터_T-에리_ZB,54.136169063800644,13928662,304,3093037,30369600
1859,2021-10-10,겨울,스웨터_Turtle_ZA,68.88429974304188,640531,10,181052,1639000
1860,2021-10-10,겨울,스웨터_Turtle_ZB,0.0,0,0,0,0
1861,2021-10-10,겨울,스웨터_VEST_ZB,0.0,0,0,0,0
1862,2021-10-10,겨울,스웨터_라운드_ZA,50.07126561744274,11665000,167,1912925,23363300
1863,2021-10-10,겨울,스웨터_라운드_ZB,53.37488276734498,64131450,1530,15177880,137547000
1864,2021-10-10,겨울,스웨터_오픈형(CARDIGAN)_ZA,48.54985090075278,19744213,215,3839323,37258500
1865,2021-10-10,겨울,우븐 셔츠_캐쥬얼셔츠_ZA,46.606444045916476,18898316,395,4176540,35510500
1866,2021-10-10,겨울,우븐 셔츠_캐쥬얼셔츠_ZB,54.16807454083869,22169269,692,5070238,48370800
1867,2021-10-10,겨울,자켓_싱글재킷_ZA,22.800281596715955,123367466,617,7354305,159803000
1868,2021-10-10,겨울,점퍼_패딩점퍼_ZB,35.378546984834664,13888700,193,4498954,37007000
1869,2021-10-10,겨울,조끼_패딩베스트_ZB,72.56994345173409,9716767,275,3429263,35475000
1870,2021-10-10,겨울,코트_싱글코트_ZA,33.69672131147541,10920150,30,2192069,16470000
1871,2021-10-10,겨울,코트_싱글코트_ZB,44.57215771319286,32459653,178,10193215,58562000
1872,2021-10-10,겨울,팬츠_니트팬츠_ZB,39.62287001232312,4262565,101,828520,7059900
1873,2021-10-10,겨울,팬츠_팬츠(일반)_ZA,19.400398909607045,79215611,769,2740153,107480200
1874,2021-10-10,봄,가죽&FUR_가죽점퍼_ZA,64.67578689800912,6950000,20,4089000,19980000
1875,2021-10-10,봄,니트 셔츠_라운드_ZB,78.60260696213379,16222571,1166,8092445,81503400
1876,2021-10-10,봄,수트_블레이져(수트)_ZA,46.99292012143471,29460308,358,18455890,114082000
1877,2021-10-10,봄,수트_블레이져(수트)_ZB,23.765494137353436,1821200,19,769239,3781000
1878,2021-10-10,봄,수트_블레이져(수트)_ZC,47.96592243698465,4512450,38,1842197,9962000
1879,2021-10-10,봄,수트_수트팬츠_ZA,47.54371463794156,17627670,383,11089196,68437000
1880,2021-10-10,봄,수트_수트팬츠_ZB,60.30751964085298,1465300,28,590021,2772000
1881,2021-10-10,봄,수트_수트팬츠_ZC,49.28239565111073,2006000,34,905061,4966000
1882,2021-10-10,봄,스웨터_T-에리_ZB,67.25673041462515,621500,19,187121,1898100
1883,2021-10-10,봄,스웨터_라운드_ZB,67.7229606827308,2799400,92,825728,8750800
1884,2021-10-10,봄,스웨터_오픈형(CARDIGAN)_ZB,63.82328799249531,2791945,48,653522,7675200
1885,2021-10-10,봄,우븐 셔츠_드레스셔츠_ZB,66.17911083445271,3096945,131,776712,9156900
1886,2021-10-10,봄,우븐 셔츠_캐쥬얼셔츠_ZB,73.1743881595099,2468656,142,1170955,9925800
1887,2021-10-10,봄,점퍼_패딩점퍼_ZB,53.18257956448911,2236000,24,464054,4776000
1888,2021-10-10,봄,조끼_패딩베스트_ZB,82.21398490749756,1461299,104,1183587,8216000
1889,2021-10-10,봄,코트_더블코트_ZB,74.94980197107857,2719700,33,1146803,10857000
1890,2021-10-10,봄,코트_싱글코트_ZB,69.99032931726907,4567408,65,1711760,16185000
1891,2021-10-10,사계절,니트 셔츠_라운드_ZB,7.768844221105527,734160,40,216208,796000
1892,2021-10-10,사계절,데님_데님팬츠_ZB,46.02323869797304,14409682,341,4158368,27245900
1893,2021-10-10,사계절,수트_블레이져(수트)_ZB,19.910868267938138,19462259,116,4128696,24564000
1894,2021-10-10,사계절,수트_수트팬츠_ZB,9.915413068473624,11333391,125,2124597,13815000
1895,2021-10-10,사계절,우븐 셔츠_드레스셔츠_ZB,45.68063087741778,32397317,1170,8292311,57223000
1896,2021-10-10,사계절,우븐 셔츠_드레스셔츠_ZC,14.870509607351712,101900,3,22606,119700
1897,2021-10-10,사계절,자켓_싱글재킷_ZB,71.27639104613979,9431397,165,3896985,32835000
1898,2021-10-10,사계절,팬츠_니트팬츠_ZB,45.046646884613295,1153339,29,184720,1947100
1899,2021-10-10,사계절,팬츠_팬츠(일반)_ZB,48.786410279977495,89919886,2118,22262098,182908200
1900,2021-10-10,여름,니트 셔츠_라운드_ZB,66.52979561607566,20512990,1321,6544409,69510500
1901,2021-10-10,여름,니트 셔츠_티에리_ZB,66.5042286844289,1485800,49,429318,4405100
1902,2021-10-10,여름,수트_블레이져(수트)_ZA,32.833333333333336,3613050,21,972695,5439000
1903,2021-10-10,여름,수트_블레이져(수트)_ZB,44.0,3094450,14,572818,2786000
1904,2021-10-10,여름,수트_블레이져(수트)_ZC,32.22222222222222,1773750,12,562979,2628000
1905,2021-10-10,여름,수트_수트팬츠_ZA,36.844655704008225,2284239,25,580040,3475000
1906,2021-10-10,여름,수트_수트팬츠_ZB,40.666666666666664,1564200,12,252715,1188000
1907,2021-10-10,여름,수트_수트팬츠_ZC,21.0,947400,11,244956,1209000
1908,2021-10-10,여름,스웨터_T-에리_ZB,55.75892405703307,1416000,35,267825,3146500
1909,2021-10-10,여름,스웨터_라운드_ZB,56.61846496106785,78000,2,18576,179800
1910,2021-10-10,여름,우븐 셔츠_드레스셔츠_ZB,62.77330516014562,15368931,809,5235075,56549100
1911,2021-10-10,여름,우븐 셔츠_캐쥬얼셔츠_ZB,69.63493410945571,7618480,373,2689861,26072700
1912,2021-10-10,여름,자켓_싱글재킷_ZA,47.08991458991459,5274450,39,1468396,10101000
1913,2021-10-10,여름,자켓_싱글재킷_ZB,61.59692989882025,6162657,81,1709635,16119000
1914,2021-10-10,여름,점퍼_점퍼_ZB,50.599987891263545,2373000,27,520589,6623000
1915,2021-10-10,여름,팬츠_반바지_ZB,-inf,195000,4,35014,239600
1916,2021-10-10,여름,팬츠_팬츠(일반)_ZA,49.64028776978417,1120000,16,235200,2224000
1917,2021-10-10,여름,팬츠_팬츠(일반)_ZB,47.541796639586586,6254390,160,1744531,15020500
1918,2021-10-17,가을,니트 셔츠_라운드_ZB,58.24629799419631,48427239,1663,12353523,116243700
1919,2021-10-17,가을,수트_블레이져(수트)_ZB,23.212989269370023,50783334,277,10269287,66203000
1920,2021-10-17,가을,수트_블레이져(수트)_ZC,24.540241201082942,6131860,34,1283510,8126000
1921,2021-10-17,가을,수트_수트팬츠_ZB,23.22980413225336,32020046,324,6114727,41796000
1922,2021-10-17,가을,수트_수트팬츠_ZC,24.154487964096287,3717947,38,758941,4902000
1923,2021-10-17,가을,스웨터_T-에리_ZA,54.110797828911444,42771811,933,10223381,93206700
1924,2021-10-17,가을,스웨터_오픈형(CARDIGAN)_ZB,59.40285434187873,33625885,518,8706991,82828200
1925,2021-10-17,가을,우븐 셔츠_캐쥬얼셔츠_ZB,53.20999124249595,27996521,856,6327006,59834400
1926,2021-10-17,가을,코트_싱글코트_ZB,62.06695113788487,45337580,480,10524947,119520000
1927,2021-10-17,가을,팬츠_팬츠(일반)_ZB,52.195957029643836,22089579,514,5545834,46208600
1928,2021-10-17,겨울,니트 셔츠_라운드_ZB,54.963186688006175,127712476,4068,30523762,284353200
1929,2021-10-17,겨울,니트 셔츠_오픈형티(맨투맨 등)_ZB,60.71622646752343,26804357,450,6887319,69095000
1930,2021-10-17,겨울,니트 셔츠_후드티_ZB,53.670745272525025,9163000,220,2073266,19778000
1931,2021-10-17,겨울,사파리_패딩사파리_ZA,30.94752004008016,11026300,32,1222720,15968000
1932,2021-10-17,겨울,사파리_패딩사파리_ZB,59.2127918998587,121207947,809,24549734,326691000
1933,2021-10-17,겨울,수트_블레이져(수트)_ZA,0.0,0,0,0,0
1934,2021-10-17,겨울,수트_블레이져(수트)_ZB,25.305822519069284,152335738,828,32880124,197892000
1935,2021-10-17,겨울,수트_블레이져(수트)_ZC,22.705979851670946,43042721,233,9735719,55687000
1936,2021-10-17,겨울,수트_수트팬츠_ZA,0.0,0,0,0,0
1937,2021-10-17,겨울,수트_수트팬츠_ZB,23.695527587373405,77239481,782,15638500,100878000
1938,2021-10-17,겨울,수트_수트팬츠_ZC,23.058446088794927,21836013,220,4660569,28380000
1939,2021-10-17,겨울,스웨터_T-에리_ZB,54.65337269384267,34700781,766,7696648,76523400
1940,2021-10-17,겨울,스웨터_Turtle_ZA,44.51846952427768,10208289,76,2267109,17952400
1941,2021-10-17,겨울,스웨터_Turtle_ZB,41.72225623681934,17989815,309,3259332,30869100
1942,2021-10-17,겨울,스웨터_VEST_ZB,42.46866116672847,7447777,144,1073740,12945600
1943,2021-10-17,겨울,스웨터_라운드_ZA,60.55504698328358,12857753,233,2668664,32596700
1944,2021-10-17,겨울,스웨터_라운드_ZB,54.08640917802941,114170296,2766,27437953,248663400
1945,2021-10-17,겨울,스웨터_오픈형(CARDIGAN)_ZA,49.786040200037775,37761153,436,7840058,76516400
1946,2021-10-17,겨울,우븐 셔츠_캐쥬얼셔츠_ZA,45.16455000974371,42928358,871,9189504,78302900
1947,2021-10-17,겨울,우븐 셔츠_캐쥬얼셔츠_ZB,52.70764990961617,25586391,774,5671046,54102600
1948,2021-10-17,겨울,자켓_싱글재킷_ZA,32.83868600984504,129069270,742,8828636,192178000
1949,2021-10-17,겨울,점퍼_패딩점퍼_ZB,58.96366157707685,66997408,641,16330088,154759000
1950,2021-10-17,겨울,조끼_패딩베스트_ZB,72.22879075519137,27390342,761,9498756,98169000
1951,2021-10-17,겨울,코트_싱글코트_ZA,40.42073626689675,18644139,57,4165076,31293000
1952,2021-10-17,겨울,코트_싱글코트_ZB,50.34440366972477,178069934,1090,62441263,358610000
1953,2021-10-17,겨울,팬츠_니트팬츠_ZB,42.422118470401735,11913094,296,2428633,20690400
1954,2021-10-17,겨울,팬츠_팬츠(일반)_ZA,49.469478697412434,78666619,1073,4791362,143304100
1955,2021-10-17,겨울,팬츠_팬츠(일반)_ZB,45.49499443826474,49000,1,11070,89900
1956,2021-10-17,봄,가죽&FUR_가죽점퍼_ZA,231.76948823823824,-1451480,17,3484000,16983000
1957,2021-10-17,봄,니트 셔츠_라운드_ZB,76.28110927488866,10284982,657,4538321,45924300
1958,2021-10-17,봄,수트_블레이져(수트)_ZA,42.26780888552589,6872020,53,2754532,16847000
1959,2021-10-17,봄,수트_블레이져(수트)_ZB,38.07035175879397,2996200,25,1007266,4975000
1960,2021-10-17,봄,수트_블레이져(수트)_ZC,46.55814590909858,4959500,41,2002013,10919000
1961,2021-10-17,봄,수트_수트팬츠_ZA,43.71610969200235,4238486,60,1762627,10700000
1962,2021-10-17,봄,수트_수트팬츠_ZB,36.45307239057239,1504300,26,556753,2574000
1963,2021-10-17,봄,수트_수트팬츠_ZC,45.91539228410736,1456000,24,628051,3416000
1964,2021-10-17,봄,스웨터_T-에리_ZB,60.96096096096096,195000,5,49248,499500
1965,2021-10-17,봄,스웨터_라운드_ZB,70.08092497817924,3172000,112,1010392,10618800
1966,2021-10-17,봄,스웨터_오픈형(CARDIGAN)_ZB,66.59706671508403,2479000,47,655555,7515300
1967,2021-10-17,봄,우븐 셔츠_드레스셔츠_ZB,68.99044967714495,4010000,185,1096883,12931500
1968,2021-10-17,봄,우븐 셔츠_캐쥬얼셔츠_ZB,68.51602100209134,2672785,120,973343,8388000
1969,2021-10-17,봄,점퍼_패딩점퍼_ZB,59.268916008614504,2269536,28,541396,5572000
1970,2021-10-17,봄,조끼_패딩베스트_ZB,82.91593248945148,2024462,150,1722915,11850000
1971,2021-10-17,봄,코트_더블코트_ZB,76.21007715688567,2034990,26,905313,8554000
1972,2021-10-17,봄,코트_싱글코트_ZB,69.16455647150003,3766949,60,1594714,14940000
1973,2021-10-17,사계절,니트 셔츠_라운드_ZB,44.34245402838368,4031610,364,1967492,7243600
1974,2021-10-17,사계절,데님_데님팬츠_ZB,46.63501284431169,12258239,286,3486951,22851400
1975,2021-10-17,사계절,수트_블레이져(수트)_ZB,-6.156926763468817,23606560,144,5221608,30536000
1976,2021-10-17,사계절,수트_수트팬츠_ZB,44.90708365708366,11693680,131,2224262,14049000
1977,2021-10-17,사계절,우븐 셔츠_드레스셔츠_ZB,42.95475834821781,30173711,1112,7779686,51878800
1978,2021-10-17,사계절,우븐 셔츠_드레스셔츠_ZC,34.399749373433586,261745,10,75355,399000
1979,2021-10-17,사계절,자켓_싱글재킷_ZB,9.884422110552764,1434640,8,188945,1592000
1980,2021-10-17,사계절,팬츠_니트팬츠_ZB,35.7851602960673,1137495,27,166899,1747300
1981,2021-10-17,사계절,팬츠_팬츠(일반)_ZB,46.2205690073467,76916649,1787,18642340,153361300
1982,2021-10-17,여름,니트 셔츠_라운드_ZB,63.3499355665077,8118370,581,2704552,29204800
1983,2021-10-17,여름,니트 셔츠_티에리_ZB,57.952784238379344,842482,27,246503,2427300
1984,2021-10-17,여름,수트_블레이져(수트)_ZA,36.0,1709400,10,469201,2590000
1985,2021-10-17,여름,수트_블레이져(수트)_ZB,35.98994974874372,2069800,12,512663,2388000
1986,2021-10-17,여름,수트_블레이져(수트)_ZC,22.0,1371800,8,369343,1772000
1987,2021-10-17,여름,수트_수트팬츠_ZA,32.0,1167600,12,284407,1668000
1988,2021-10-17,여름,수트_수트팬츠_ZB,37.0,1247400,17,367688,1683000
1989,2021-10-17,여름,수트_수트팬츠_ZC,21.666666666666664,785000,9,202316,1011000
1990,2021-10-17,여름,스웨터_T-에리_ZB,-68.86040044493883,-1005611,-20,-193110,-1798000
1991,2021-10-17,여름,스웨터_라운드_ZB,56.61846496106785,117000,3,27869,269700
1992,2021-10-17,여름,우븐 셔츠_드레스셔츠_ZB,72.23580821345219,13650403,751,4877343,52494900
1993,2021-10-17,여름,우븐 셔츠_캐쥬얼셔츠_ZB,75.63363033506943,5341855,340,2431109,23766000
1994,2021-10-17,여름,자켓_싱글재킷_ZA,-inf,2184000,16,557599,4144000
1995,2021-10-17,여름,자켓_싱글재킷_ZB,59.62768387391503,2824000,35,740603,6965000
1996,2021-10-17,여름,점퍼_점퍼_ZB,78.13253012048193,1089000,8,147091,2092000
1997,2021-10-17,여름,팬츠_반바지_ZB,49.983123360428884,271390,11,72388,568900
1998,2021-10-17,여름,팬츠_팬츠(일반)_ZA,49.64028776978417,280000,4,56600,556000
1999,2021-10-17,여름,팬츠_팬츠(일반)_ZB,63.39754364493717,4251526,112,1157944,10470700
2000,2021-10-24,가을,니트 셔츠_라운드_ZB,62.47096973221922,29344181,1122,8088848,78427800
2001,2021-10-24,가을,수트_블레이져(수트)_ZB,22.45335249900316,33925473,183,6843280,43737000
2002,2021-10-24,가을,수트_블레이져(수트)_ZC,21.25,4517100,24,906007,5736000
2003,2021-10-24,가을,수트_수트팬츠_ZB,21.458785973698465,20461261,203,3850836,26187000
2004,2021-10-24,가을,수트_수트팬츠_ZC,22.043478260869566,2312970,23,459359,2967000
2005,2021-10-24,가을,스웨터_T-에리_ZA,54.8576665951666,25254427,560,6134806,55944000
2006,2021-10-24,가을,스웨터_오픈형(CARDIGAN)_ZB,60.473979383881094,25407247,402,6757003,64279800
2007,2021-10-24,가을,우븐 셔츠_캐쥬얼셔츠_ZB,53.78230849986382,17477636,541,3998727,37815900
2008,2021-10-24,가을,코트_싱글코트_ZB,63.07636842770598,37971155,413,8918052,102837000
2009,2021-10-24,가을,팬츠_팬츠(일반)_ZB,53.62887464537144,12798106,307,3312395,27599300
2010,2021-10-24,겨울,니트 셔츠_라운드_ZB,57.02577696634452,148500408,4822,37979643,337057800
2011,2021-10-24,겨울,니트 셔츠_오픈형티(맨투맨 등)_ZB,62.95906951965503,88617231,1563,24018396,241683700
2012,2021-10-24,겨울,니트 셔츠_후드티_ZB,56.80939650459079,22908728,590,5560122,53041000
2013,2021-10-24,겨울,사파리_패딩사파리_ZA,51.44179068519553,44341900,183,6992430,91317000
2014,2021-10-24,겨울,사파리_패딩사파리_ZB,59.42483997904519,139223909,933,36937748,409467000
2015,2021-10-24,겨울,수트_블레이져(수트)_ZA,0.0,0,0,0,0
2016,2021-10-24,겨울,수트_블레이져(수트)_ZB,22.78056101435233,124249806,674,27526479,161086000
2017,2021-10-24,겨울,수트_블레이져(수트)_ZC,22.261910357081447,27125929,146,6100494,34894000
2018,2021-10-24,겨울,수트_수트팬츠_ZA,0.0,0,0,0,0
2019,2021-10-24,겨울,수트_수트팬츠_ZB,22.593595578748793,79479446,797,16644888,102813000
2020,2021-10-24,겨울,수트_수트팬츠_ZC,22.194258720930232,16059105,160,3389505,20640000
2021,2021-10-24,겨울,스웨터_T-에리_ZB,49.91070027196657,26871056,537,5421111,53646300
2022,2021-10-24,겨울,스웨터_Turtle_ZA,39.74362466044674,17703688,149,3557766,29725100
2023,2021-10-24,겨울,스웨터_Turtle_ZB,44.87476977447225,24883703,454,4934434,45354600
2024,2021-10-24,겨울,스웨터_VEST_ZB,45.42967970109238,9566450,195,1454023,17530500
2025,2021-10-24,겨울,스웨터_라운드_ZA,62.940577921451556,14983532,289,3310192,40431100
2026,2021-10-24,겨울,스웨터_라운드_ZB,55.63311817411144,123406748,3094,30695257,278150600
2027,2021-10-24,겨울,스웨터_오픈형(CARDIGAN)_ZA,46.41372000884195,46398349,514,9027556,89108600
2028,2021-10-24,겨울,우븐 셔츠_캐쥬얼셔츠_ZA,49.20254020777791,41504548,819,9256600,81468100
2029,2021-10-24,겨울,우븐 셔츠_캐쥬얼셔츠_ZB,54.58832660335996,17172833,541,3963871,37815900
2030,2021-10-24,겨울,자켓_싱글재킷_ZA,35.312173981561735,73885788,441,5268117,114219000
2031,2021-10-24,겨울,점퍼_패딩점퍼_ZB,59.71894220150864,117036958,1112,29014649,283688000
2032,2021-10-24,겨울,조끼_패딩베스트_ZB,73.7202923423767,54635672,1607,20054047,207303000
2033,2021-10-24,겨울,코트_싱글코트_ZA,57.9947186322414,43585100,189,13812760,103761000
2034,2021-10-24,겨울,코트_싱글코트_ZB,49.50629036854103,106319555,640,36486111,210560000
2035,2021-10-24,겨울,팬츠_니트팬츠_ZB,45.07376870167379,22383373,583,4783520,40751700
2036,2021-10-24,겨울,팬츠_팬츠(일반)_ZA,49.747658190382786,69208340,1145,7726836,134801400
2037,2021-10-24,겨울,팬츠_팬츠(일반)_ZB,0.0,0,0,0,0
2038,2021-10-24,봄,가죽&FUR_가죽점퍼_ZA,56.242542542542544,6779348,17,3475000,16983000
2039,2021-10-24,봄,니트 셔츠_라운드_ZB,73.78826315365733,7360962,502,3295326,35089800
2040,2021-10-24,봄,수트_블레이져(수트)_ZA,60.4216333938294,4929424,17,990525,5903000
2041,2021-10-24,봄,수트_블레이져(수트)_ZB,41.08978224455611,2437570,22,882141,4378000
2042,2021-10-24,봄,수트_블레이져(수트)_ZC,49.346436116493294,4701000,40,1971610,10840000
2043,2021-10-24,봄,수트_수트팬츠_ZA,67.39087523277468,3123434,23,761420,4477000
2044,2021-10-24,봄,수트_수트팬츠_ZB,70.27878787878788,1600220,32,683086,3168000
2045,2021-10-24,봄,수트_수트팬츠_ZC,50.12414649286158,2222000,38,1024960,5682000
2046,2021-10-24,봄,스웨터_T-에리_ZB,75.51538466571147,3742400,153,1506759,15284700
2047,2021-10-24,봄,스웨터_라운드_ZB,64.25619360554474,2162704,64,568352,6053600
2048,2021-10-24,봄,스웨터_오픈형(CARDIGAN)_ZB,69.98855278701234,1358000,28,389524,4477200
2049,2021-10-24,봄,우븐 셔츠_드레스셔츠_ZB,59.957948584558025,2770950,99,586981,6920100
2050,2021-10-24,봄,우븐 셔츠_캐쥬얼셔츠_ZB,66.4260451438563,1316375,51,415815,3564900
2051,2021-10-24,봄,점퍼_패딩점퍼_ZB,49.11708542713568,810056,8,154685,1592000
2052,2021-10-24,봄,조끼_패딩베스트_ZB,83.08116040410493,4236985,317,3267600,25043000
2053,2021-10-24,봄,코트_더블코트_ZB,76.1701367781155,1568005,20,695262,6580000
2054,2021-10-24,봄,코트_싱글코트_ZB,65.62464605898342,5731469,74,1956974,18426000
2055,2021-10-24,사계절,니트 셔츠_라운드_ZB,44.65696434695734,3711470,337,1821551,6706300
2056,2021-10-24,사계절,데님_데님팬츠_ZB,44.06631673966002,10651101,245,2983577,19575500
2057,2021-10-24,사계절,수트_블레이져(수트)_ZB,31.783072017938014,16373217,110,3830496,23010000
2058,2021-10-24,사계절,수트_수트팬츠_ZB,29.984889396218097,11220506,144,2368839,15546000
2059,2021-10-24,사계절,우븐 셔츠_드레스셔츠_ZB,48.70259569438118,29824394,1174,8184355,54442600
2060,2021-10-24,사계절,우븐 셔츠_드레스셔츠_ZC,22.93233082706767,123000,4,30142,159600
2061,2021-10-24,사계절,자켓_싱글재킷_ZB,-34.94462311557789,1342699,5,118090,995000
2062,2021-10-24,사계절,팬츠_니트팬츠_ZB,-12.863012595290723,733337,17,110370,1168300
2063,2021-10-24,사계절,팬츠_팬츠(일반)_ZB,48.980494162443115,59574242,1408,14633525,119969200
2064,2021-10-24,여름,니트 셔츠_라운드_ZB,65.97389155543091,5532700,389,1678047,20538000
2065,2021-10-24,여름,니트 셔츠_티에리_ZB,60.29021958554773,883780,27,240262,2427300
2066,2021-10-24,여름,수트_블레이져(수트)_ZA,31.25,129500,1,65702,259000
2067,2021-10-24,여름,수트_블레이져(수트)_ZB,20.0,-1432800,-9,-394196,-1791000
2068,2021-10-24,여름,수트_블레이져(수트)_ZC,20.0,1258400,7,324609,1573000
2069,2021-10-24,여름,수트_수트팬츠_ZA,29.583333333333332,18070,1,39072,139000
2070,2021-10-24,여름,수트_수트팬츠_ZB,24.0,-1663200,-22,-459734,-2178000
2071,2021-10-24,여름,수트_수트팬츠_ZC,20.0,1206400,12,278490,1508000
2072,2021-10-24,여름,스웨터_T-에리_ZB,81.24582869855395,843000,24,177950,2157600
2073,2021-10-24,여름,스웨터_라운드_ZB,56.61846496106785,117000,3,27573,269700
2074,2021-10-24,여름,우븐 셔츠_드레스셔츠_ZB,64.56670131384008,13466170,810,5265131,56619000
2075,2021-10-24,여름,우븐 셔츠_캐쥬얼셔츠_ZB,67.92843007016826,3269475,159,1145086,11114100
2076,2021-10-24,여름,자켓_싱글재킷_ZA,-inf,1681450,1,20550,259000
2077,2021-10-24,여름,자켓_싱글재킷_ZB,63.27470686767169,1372000,-15,-316370,-2985000
2078,2021-10-24,여름,점퍼_점퍼_ZB,49.36551934484882,-4821000,-49,-923707,-12401000
2079,2021-10-24,여름,팬츠_반바지_ZB,47.02932743617452,415445,14,114016,788600
2080,2021-10-24,여름,팬츠_팬츠(일반)_ZA,51.618705035971225,619000,9,133500,1251000
2081,2021-10-24,여름,팬츠_팬츠(일반)_ZB,62.01061172609861,9378000,296,3348709,31851400
2082,2021-10-31,가을,니트 셔츠_라운드_ZB,63.25918296290577,40159798,1558,11142182,108904200
2083,2021-10-31,가을,수트_블레이져(수트)_ZB,22.45590610997297,116456952,620,25382925,148180000
2084,2021-10-31,가을,수트_블레이져(수트)_ZC,24.026343739942067,4721003,26,981508,6214000
2085,2021-10-31,가을,수트_수트팬츠_ZB,21.830173839613224,73073726,719,14647477,92751000
2086,2021-10-31,가을,수트_수트팬츠_ZC,24.00625156289072,3038990,31,619136,3999000
2087,2021-10-31,가을,스웨터_T-에리_ZA,58.90399686943963,38016844,926,10150856,92507400
2088,2021-10-31,가을,스웨터_오픈형(CARDIGAN)_ZB,60.922924094440056,38865200,622,10454896,99457800
2089,2021-10-31,가을,우븐 셔츠_캐쥬얼셔츠_ZB,59.16785745567387,19579584,686,5070475,47951400
2090,2021-10-31,가을,코트_싱글코트_ZB,62.74241581711461,15678364,169,3814495,42081000
2091,2021-10-31,가을,팬츠_팬츠(일반)_ZB,51.65176393750446,9475384,218,2352124,19598200
2092,2021-10-31,겨울,니트 셔츠_라운드_ZB,59.9316136957259,118358693,4274,33247946,298752600
2093,2021-10-31,겨울,니트 셔츠_오픈형티(맨투맨 등)_ZB,62.032315887747245,70493403,1313,18941366,194408700
2094,2021-10-31,겨울,니트 셔츠_후드티_ZB,58.72056995277336,10724850,289,2723518,25981100
2095,2021-10-31,겨울,사파리_패딩사파리_ZA,50.71334157677056,11559200,47,1795870,23453000
2096,2021-10-31,겨울,사파리_패딩사파리_ZB,56.862722665923286,217533512,1606,57325087,681694000
2097,2021-10-31,겨울,수트_블레이져(수트)_ZA,0.0,0,0,0,0
2098,2021-10-31,겨울,수트_블레이져(수트)_ZB,23.02599104141444,75283027,409,16334747,97751000
2099,2021-10-31,겨울,수트_블레이져(수트)_ZC,21.158623501879298,22234845,118,4930536,28202000
2100,2021-10-31,겨울,수트_수트팬츠_ZA,0.0,0,0,0,0
2101,2021-10-31,겨울,수트_수트팬츠_ZB,21.153071098311305,34192462,348,6827273,44892000
2102,2021-10-31,겨울,수트_수트팬츠_ZC,22.362745098039216,10215510,102,2160809,13158000
2103,2021-10-31,겨울,스웨터_T-에리_ZB,59.001067199463996,20438009,499,5066797,49850100
2104,2021-10-31,겨울,스웨터_Turtle_ZA,32.60831186744265,4270010,26,1342382,9637400
2105,2021-10-31,겨울,스웨터_Turtle_ZB,44.97242583333476,43206490,786,8565044,78521400
2106,2021-10-31,겨울,스웨터_VEST_ZB,45.13522962021293,8631600,175,1304892,15732500
2107,2021-10-31,겨울,스웨터_라운드_ZA,52.408981098614746,10519614,158,1809688,22104200
2108,2021-10-31,겨울,스웨터_라운드_ZB,56.63380787725667,105613634,2709,26872600,243539100
2109,2021-10-31,겨울,스웨터_오픈형(CARDIGAN)_ZA,49.41806115424919,33592005,371,6902477,66122900
2110,2021-10-31,겨울,우븐 셔츠_캐쥬얼셔츠_ZA,50.39060270855783,17845899,364,4013895,34803600
2111,2021-10-31,겨울,우븐 셔츠_캐쥬얼셔츠_ZB,53.107813593887926,12324392,376,2754927,26282400
2112,2021-10-31,겨울,자켓_싱글재킷_ZA,33.93736743605739,78364816,458,5473686,118622000
2113,2021-10-31,겨울,점퍼_패딩점퍼_ZB,62.52731942434322,87800197,867,23853008,249533000
2114,2021-10-31,겨울,조끼_패딩베스트_ZB,71.53932373373227,39778960,1093,13625837,140997000
2115,2021-10-31,겨울,코트_싱글코트_ZA,53.84457786086345,57773665,228,16663006,125172000
2116,2021-10-31,겨울,코트_싱글코트_ZB,50.82378448455881,169555657,1048,59968789,344792000
2117,2021-10-31,겨울,팬츠_니트팬츠_ZB,47.34207598156096,18551176,504,4135764,35229600
2118,2021-10-31,겨울,팬츠_팬츠(일반)_ZA,46.14063792514915,62318187,902,4776960,115263400
2119,2021-10-31,겨울,팬츠_팬츠(일반)_ZB,51.97543169821493,35273229,817,8975095,73448300
2120,2021-10-31,봄,가죽&FUR_가죽점퍼_ZA,57.16067317317317,1232249,2,412000,1998000
2121,2021-10-31,봄,니트 셔츠_라운드_ZB,76.57267016037957,12539613,862,6208403,60253800
2122,2021-10-31,봄,수트_블레이져(수트)_ZA,41.3830220695253,11480513,69,3627508,22191000
2123,2021-10-31,봄,수트_블레이져(수트)_ZB,68.4107683302878,3568900,64,2576400,12736000
2124,2021-10-31,봄,수트_블레이져(수트)_ZC,48.02594477087632,4859500,41,2038185,11279000
2125,2021-10-31,봄,수트_수트팬츠_ZA,39.451921123569164,5735118,58,1746918,10542000
2126,2021-10-31,봄,수트_수트팬츠_ZB,55.70880681818182,2908450,68,1441062,6732000
2127,2021-10-31,봄,수트_수트팬츠_ZC,48.79082528157637,2080188,34,927057,5126000
2128,2021-10-31,봄,스웨터_T-에리_ZB,54.95495495495496,225000,5,49242,499500
2129,2021-10-31,봄,스웨터_라운드_ZB,77.02726960660613,10455420,484,4258640,45381600
2130,2021-10-31,봄,스웨터_오픈형(CARDIGAN)_ZB,72.20103223855568,1191000,27,385810,4317300
2131,2021-10-31,봄,우븐 셔츠_드레스셔츠_ZB,76.67897392183488,7058505,433,2567300,30266700
2132,2021-10-31,봄,우븐 셔츠_캐쥬얼셔츠_ZB,75.92245157481209,1663896,51,398803,3564900
2133,2021-10-31,봄,점퍼_패딩점퍼_ZB,51.97415649676956,1338000,14,270698,2786000
2134,2021-10-31,봄,조끼_패딩베스트_ZB,83.33428849631382,-2396196,-182,-1728146,-14378000
2135,2021-10-31,봄,코트_더블코트_ZB,78.17629179331307,5026000,70,2432302,23030000
2136,2021-10-31,봄,코트_싱글코트_ZB,69.93608879964302,5814787,78,2046051,19422000
2137,2021-10-31,사계절,니트 셔츠_라운드_ZB,38.57656828744662,2603555,213,1151307,4238700
2138,2021-10-31,사계절,데님_데님팬츠_ZB,47.68108394833668,9587911,238,2903571,19016200
2139,2021-10-31,사계절,수트_블레이져(수트)_ZB,20.8581663093435,25612068,175,6181995,36785000
2140,2021-10-31,사계절,수트_수트팬츠_ZB,22.493552973293387,15273290,226,3918512,23814000
2141,2021-10-31,사계절,우븐 셔츠_드레스셔츠_ZB,52.14500718073273,34331494,1584,10874697,72191600
2142,2021-10-31,사계절,우븐 셔츠_드레스셔츠_ZC,32.9030910609858,240945,9,67819,359100
2143,2021-10-31,사계절,자켓_싱글재킷_ZB,61.13428987040466,2939025,38,897487,7562000
2144,2021-10-31,사계절,팬츠_니트팬츠_ZB,58.00743077316611,934695,36,209088,2156400
2145,2021-10-31,사계절,팬츠_팬츠(일반)_ZB,47.677208982955385,54952841,1335,14399512,114246500
2146,2021-10-31,여름,니트 셔츠_라운드_ZB,67.38799303922472,4502353,227,725900,10984100
2147,2021-10-31,여름,니트 셔츠_티에리_ZB,-inf,1361780,19,158483,1708100
2148,2021-10-31,여름,수트_블레이져(수트)_ZA,0.0,-84950,12,531652,3108000
2149,2021-10-31,여름,수트_블레이져(수트)_ZB,21.0,1377080,9,383485,1791000
2150,2021-10-31,여름,수트_블레이져(수트)_ZC,inf,1449200,9,386971,1851000
2151,2021-10-31,여름,수트_수트팬츠_ZA,-inf,574772,19,441084,2641000
2152,2021-10-31,여름,수트_수트팬츠_ZB,inf,-364720,-4,-95076,-396000
2153,2021-10-31,여름,수트_수트팬츠_ZC,3.84040404040404,1024950,9,203022,1091000
2154,2021-10-31,여름,스웨터_T-에리_ZB,51.173304138117985,1772445,27,187144,2427300
2155,2021-10-31,여름,스웨터_라운드_ZB,65.7026325546904,-185000,-6,-55783,-539400
2156,2021-10-31,여름,우븐 셔츠_드레스셔츠_ZB,95.80653173684034,4991540,984,6407933,68781600
2157,2021-10-31,여름,우븐 셔츠_캐쥬얼셔츠_ZB,81.80506836692162,21448765,1919,12501057,134138100
2158,2021-10-31,여름,자켓_싱글재킷_ZA,38.57220935220935,-1233094,-10,-381616,-2590000
2159,2021-10-31,여름,자켓_싱글재킷_ZB,58.03740926856504,1503100,18,379858,3582000
2160,2021-10-31,여름,점퍼_점퍼_ZB,51.29154810195556,386550,1,24598,149000
2161,2021-10-31,여름,팬츠_반바지_ZB,66.41504458590164,618535,75,658742,4402500
2162,2021-10-31,여름,팬츠_팬츠(일반)_ZA,47.74505395683454,-409100,-8,-114600,-1112000
2163,2021-10-31,여름,팬츠_팬츠(일반)_ZB,72.60988150411332,4075917,132,1482161,14150800
2164,2021-11-07,가을,니트 셔츠_라운드_ZB,65.30466723214212,27711717,1156,8366864,80804400
2165,2021-11-07,가을,수트_블레이져(수트)_ZB,22.576368066853238,80827819,434,16558287,103726000
2166,2021-11-07,가을,수트_블레이져(수트)_ZC,22.580645161290324,5736000,31,1170260,7409000
2167,2021-11-07,가을,수트_수트팬츠_ZB,22.82380455067471,28689813,290,5746474,37410000
2168,2021-11-07,가을,수트_수트팬츠_ZC,24.663488372093024,2915523,30,599164,3870000
2169,2021-11-07,가을,스웨터_T-에리_ZA,54.862503707411115,19479899,432,4732551,43156800
2170,2021-11-07,가을,스웨터_오픈형(CARDIGAN)_ZB,58.771444382955174,18327000,278,4672914,44452200
2171,2021-11-07,가을,우븐 셔츠_캐쥬얼셔츠_ZB,54.09777943646203,9593610,299,2210017,20900100
2172,2021-11-07,가을,코트_싱글코트_ZB,62.25839273323661,17949531,191,4193786,47559000
2173,2021-11-07,가을,팬츠_팬츠(일반)_ZB,52.85859478568272,12374996,292,3150552,26250800
2174,2021-11-07,겨울,니트 셔츠_라운드_ZB,61.991596044887686,175834689,6689,52727286,467561100
2175,2021-11-07,겨울,니트 셔츠_오픈형티(맨투맨 등)_ZB,66.04728557229502,87827950,1769,25758774,263963100
2176,2021-11-07,겨울,니트 셔츠_후드티_ZB,63.320841389296504,26445600,802,7557997,72099800
2177,2021-11-07,겨울,사파리_패딩사파리_ZA,51.57420103364624,18365000,76,2921007,37924000
2178,2021-11-07,겨울,사파리_패딩사파리_ZB,48.501038117927784,157413666,1421,47269867,595879000
2179,2021-11-07,겨울,수트_블레이져(수트)_ZA,0.0,0,0,0,0
2180,2021-11-07,겨울,수트_블레이져(수트)_ZB,22.200303243481102,244954820,1309,53708788,312851000
2181,2021-11-07,겨울,수트_블레이져(수트)_ZC,24.74492484115915,14568630,81,3384520,19359000
2182,2021-11-07,겨울,수트_수트팬츠_ZA,0.0,0,0,0,0
2183,2021-11-07,겨울,수트_수트팬츠_ZB,22.303082849769176,152758715,1507,31538977,194403000
2184,2021-11-07,겨울,수트_수트팬츠_ZC,25.052879291251383,8121270,84,1779490,10836000
2185,2021-11-07,겨울,스웨터_T-에리_ZB,56.655555165301756,44426929,1026,11328045,102497400
2186,2021-11-07,겨울,스웨터_Turtle_ZA,42.432954000549486,15430340,136,3158985,26586400
2187,2021-11-07,겨울,스웨터_Turtle_ZB,52.077840178291154,39937872,838,9481132,83716200
2188,2021-11-07,겨울,스웨터_VEST_ZB,50.797962648556876,8404200,190,1504676,17081000
2189,2021-11-07,겨울,스웨터_라운드_ZA,53.74485482710092,18701464,289,3310086,40431100
2190,2021-11-07,겨울,스웨터_라운드_ZB,58.353670543516714,123851686,3308,33710275,297389200
2191,2021-11-07,겨울,스웨터_오픈형(CARDIGAN)_ZA,49.95833653282211,28490900,318,6096938,56888200
2192,2021-11-07,겨울,우븐 셔츠_캐쥬얼셔츠_ZA,51.05562545612964,38048568,795,8850770,77470500
2193,2021-11-07,겨울,우븐 셔츠_캐쥬얼셔츠_ZB,58.623393839167356,15762625,545,3993179,38095500
2194,2021-11-07,겨울,자켓_싱글재킷_ZA,34.41769616440563,105821638,623,27631751,161357000
2195,2021-11-07,겨울,점퍼_패딩점퍼_ZB,64.47895428286998,102916363,1079,29085150,296521000
2196,2021-11-07,겨울,조끼_패딩베스트_ZB,72.90132444392745,60978158,1756,21909732,226524000
2197,2021-11-07,겨울,코트_싱글코트_ZA,60.209792452346136,46529475,213,15566974,116937000
2198,2021-11-07,겨울,코트_싱글코트_ZB,52.420804264968396,197234798,1260,73898025,414540000
2199,2021-11-07,겨울,팬츠_니트팬츠_ZB,50.68897260718342,44843399,1301,10672899,90939900
2200,2021-11-07,겨울,팬츠_팬츠(일반)_ZA,49.181575855870115,77802080,1266,18462667,149901900
2201,2021-11-07,겨울,팬츠_팬츠(일반)_ZB,50.93278794845753,39567947,897,9614849,80640300
2202,2021-11-07,봄,가죽&FUR_가죽점퍼_ZA,75.19036309036309,3841662,13,2654000,12987000
2203,2021-11-07,봄,니트 셔츠_라운드_ZB,76.37949328549142,5664923,362,2522600,25303800
2204,2021-11-07,봄,수트_블레이져(수트)_ZA,43.03742128636639,11330904,96,5009701,30804000
2205,2021-11-07,봄,수트_블레이져(수트)_ZB,34.240153146685806,1994132,16,653736,3184000
2206,2021-11-07,봄,수트_블레이져(수트)_ZC,50.96564326333864,4145500,35,1819595,10445000
2207,2021-11-07,봄,수트_수트팬츠_ZA,44.39051711789142,7194836,112,3301715,20088000
2208,2021-11-07,봄,수트_수트팬츠_ZB,28.700454545454544,1343662,21,448454,2079000
2209,2021-11-07,봄,수트_수트팬츠_ZC,inf,1347500,23,650215,3637000
2210,2021-11-07,봄,스웨터_T-에리_ZB,66.42642642642643,167700,5,49242,499500
2211,2021-11-07,봄,스웨터_라운드_ZB,63.414174985242255,2910766,83,744518,7911700
2212,2021-11-07,봄,스웨터_오픈형(CARDIGAN)_ZB,67.91744840525328,565000,11,155833,1758900
2213,2021-11-07,봄,우븐 셔츠_드레스셔츠_ZB,58.98617923564275,1605445,56,332030,3914400
2214,2021-11-07,봄,우븐 셔츠_캐쥬얼셔츠_ZB,69.24377899163308,1070575,54,430692,3774600
2215,2021-11-07,봄,점퍼_패딩점퍼_ZB,43.969849246231156,892000,8,154685,1592000
2216,2021-11-07,봄,조끼_패딩베스트_ZB,83.06156940570693,3158001,236,2382051,18644000
2217,2021-11-07,봄,코트_더블코트_ZB,70.61803444782169,290000,3,103687,987000
2218,2021-11-07,봄,코트_싱글코트_ZB,64.58929616772174,5157373,65,1723688,16185000
2219,2021-11-07,사계절,니트 셔츠_라운드_ZB,15.030641009927686,693265,41,221613,815900
2220,2021-11-07,사계절,데님_데님팬츠_ZB,46.364659693664706,12567732,293,3569244,23410700
2221,2021-11-07,사계절,수트_블레이져(수트)_ZB,25.57082356180835,22055164,137,4881608,29143000
2222,2021-11-07,사계절,수트_수트팬츠_ZB,26.758146982510095,13113789,163,2821770,17487000
2223,2021-11-07,사계절,우븐 셔츠_드레스셔츠_ZB,44.11368874223791,25374274,1002,6899431,45039800
2224,2021-11-07,사계절,우븐 셔츠_드레스셔츠_ZC,27.318295739348372,58000,2,15071,79800
2225,2021-11-07,사계절,자켓_싱글재킷_ZB,47.574524797902555,2399514,23,543216,4577000
2226,2021-11-07,사계절,팬츠_니트팬츠_ZB,53.23327332945787,721345,18,116951,1238200
2227,2021-11-07,사계절,팬츠_팬츠(일반)_ZB,49.92377502651608,46449185,1120,11167362,94078000
2228,2021-11-07,여름,니트 셔츠_라운드_ZB,-inf,961580,66,362559,4535200
2229,2021-11-07,여름,니트 셔츠_티에리_ZB,55.72119815668203,1253670,39,299013,3506100
2230,2021-11-07,여름,수트_블레이져(수트)_ZA,36.25,505050,3,143552,777000
2231,2021-11-07,여름,수트_블레이져(수트)_ZB,45.0,218900,2,84982,398000
2232,2021-11-07,여름,수트_블레이져(수트)_ZC,0.0,0,0,0,0
2233,2021-11-07,여름,수트_수트팬츠_ZA,40.625,423950,5,115280,695000
2234,2021-11-07,여름,수트_수트팬츠_ZB,44.31313131313131,580500,11,240160,1089000
2235,2021-11-07,여름,수트_수트팬츠_ZC,52.803030303030305,210450,5,114607,495000
2236,2021-11-07,여름,스웨터_T-에리_ZB,45.0,49445,1,7514,89900
2237,2021-11-07,여름,스웨터_라운드_ZB,45.0,49445,1,9288,89900
2238,2021-11-07,여름,우븐 셔츠_드레스셔츠_ZB,62.16506574017304,2552570,106,675875,7409400
2239,2021-11-07,여름,우븐 셔츠_캐쥬얼셔츠_ZB,83.76877682403435,397335,14,111234,978600
2240,2021-11-07,여름,자켓_싱글재킷_ZA,46.64816602316602,976450,7,255213,1813000
2241,2021-11-07,여름,자켓_싱글재킷_ZB,48.99497487437186,361000,4,84372,796000
2242,2021-11-07,여름,점퍼_점퍼_ZB,60.24096385542169,198000,2,38153,498000
2243,2021-11-07,여름,팬츠_반바지_ZB,72.5,27445,0,-2618,-10000
2244,2021-11-07,여름,팬츠_팬츠(일반)_ZA,49.64028776978417,70000,1,14400,139000
2245,2021-11-07,여름,팬츠_팬츠(일반)_ZB,51.38682957780968,644890,16,163377,1574800
2246,2021-11-14,가을,니트 셔츠_라운드_ZB,69.47839222148905,15449787,730,5268426,51027000
2247,2021-11-14,가을,수트_블레이져(수트)_ZB,21.297528159558794,13320584,73,3436853,17447000
2248,2021-11-14,가을,수트_블레이져(수트)_ZC,25.4583084279737,2494165,14,528504,3346000
2249,2021-11-14,가을,수트_수트팬츠_ZB,22.56609199207152,18151703,181,3601243,23349000
2250,2021-11-14,가을,수트_수트팬츠_ZC,17.737596899224805,1273422,12,239666,1548000
2251,2021-11-14,가을,스웨터_T-에리_ZA,57.69280335611994,16821426,398,4362246,39760200
2252,2021-11-14,가을,스웨터_오픈형(CARDIGAN)_ZB,55.70188884392615,10837400,153,2571708,24464700
2253,2021-11-14,가을,우븐 셔츠_캐쥬얼셔츠_ZB,54.89645324441182,8480865,269,1988276,18803100
2254,2021-11-14,가을,코트_싱글코트_ZB,61.703086419753085,5149403,54,1174700,13446000
2255,2021-11-14,가을,팬츠_팬츠(일반)_ZB,56.03173144610491,8182187,207,2233439,18609300
2256,2021-11-14,겨울,니트 셔츠_라운드_ZB,60.685963202340794,164262974,6150,47888964,429885000
2257,2021-11-14,겨울,니트 셔츠_오픈형티(맨투맨 등)_ZB,66.25282736314985,56825453,1104,16553287,169209600
2258,2021-11-14,겨울,니트 셔츠_후드티_ZB,59.207303440221416,29374780,801,7548573,72009900
2259,2021-11-14,겨울,사파리_패딩사파리_ZA,60.43728470273881,74031731,375,14412448,187125000
2260,2021-11-14,겨울,사파리_패딩사파리_ZB,63.93562403785834,415311734,3044,117022829,1320056000
2261,2021-11-14,겨울,수트_블레이져(수트)_ZA,28.19353279551195,81190481,355,19174007,113245000
2262,2021-11-14,겨울,수트_블레이져(수트)_ZB,23.473975917425182,63389530,339,13616879,81021000
2263,2021-11-14,겨울,수트_블레이져(수트)_ZC,22.17303279794844,5766200,31,1295310,7409000
2264,2021-11-14,겨울,수트_수트팬츠_ZA,27.38263323315005,63588138,490,14192739,87710000
2265,2021-11-14,겨울,수트_수트팬츠_ZB,20.206578691260386,26201858,261,5369693,33669000
2266,2021-11-14,겨울,수트_수트팬츠_ZC,23.989266547406082,2549400,26,550795,3354000
2267,2021-11-14,겨울,스웨터_T-에리_ZB,55.4855257556407,38688865,870,9578897,86913000
2268,2021-11-14,겨울,스웨터_Turtle_ZA,55.047152877203914,13343960,129,3429056,27887100
2269,2021-11-14,겨울,스웨터_Turtle_ZB,57.16367551248001,67062643,1569,17850043,156743100
2270,2021-11-14,겨울,스웨터_VEST_ZB,53.25737305715059,9328800,222,1758163,19957800
2271,2021-11-14,겨울,스웨터_라운드_ZA,50.5501905735367,21238347,307,3516340,42949300
2272,2021-11-14,겨울,스웨터_라운드_ZB,56.71513487208009,120786243,3104,31670782,279049600
2273,2021-11-14,겨울,스웨터_오픈형(CARDIGAN)_ZA,55.96218856434342,26937906,345,6477863,61045500
2274,2021-11-14,겨울,우븐 셔츠_캐쥬얼셔츠_ZA,57.13177146722095,32663584,761,8619620,75973900
2275,2021-11-14,겨울,우븐 셔츠_캐쥬얼셔츠_ZB,55.74170726209698,19242532,622,4557352,43477800
2276,2021-11-14,겨울,자켓_싱글재킷_ZA,29.122145298007368,47912721,261,11737133,67599000
2277,2021-11-14,겨울,점퍼_패딩점퍼_ZB,61.479491242058316,175719000,1550,47724481,561450000
2278,2021-11-14,겨울,조끼_패딩베스트_ZB,73.52382233952048,40313234,1162,14519122,149898000
2279,2021-11-14,겨울,코트_싱글코트_ZA,56.81697927435632,78945903,333,24327083,182817000
2280,2021-11-14,겨울,코트_싱글코트_ZB,48.21348973114578,246706792,1448,84821881,476392000
2281,2021-11-14,겨울,팬츠_니트팬츠_ZB,47.239811310808804,43038227,1167,9573679,81573300
2282,2021-11-14,겨울,팬츠_팬츠(일반)_ZA,45.98754320182973,59195069,1056,12843414,111382900
2283,2021-11-14,겨울,팬츠_팬츠(일반)_ZB,57.64124675888424,32787327,861,9245607,77403900
2284,2021-11-14,봄,가죽&FUR_가죽점퍼_ZA,53.953953953953956,-5944000,-6,-1235000,-5994000
2285,2021-11-14,봄,니트 셔츠_라운드_ZB,73.02861025585203,2633672,149,1042644,10415100
2286,2021-11-14,봄,수트_블레이져(수트)_ZA,43.01321026530562,9653228,67,3582089,21853000
2287,2021-11-14,봄,수트_블레이져(수트)_ZB,40.52093802345059,823450,7,276191,1393000
2288,2021-11-14,봄,수트_블레이져(수트)_ZC,47.94108788456389,3979900,33,1688312,9567000
2289,2021-11-14,봄,수트_수트팬츠_ZA,44.61114479206977,6301911,80,2435399,14720000
2290,2021-11-14,봄,수트_수트팬츠_ZB,-inf,546650,8,171199,792000
2291,2021-11-14,봄,수트_수트팬츠_ZC,49.31867222370016,1848200,30,833313,4650000
2292,2021-11-14,봄,스웨터_T-에리_ZB,67.0337003670337,98800,3,29545,299700
2293,2021-11-14,봄,스웨터_라운드_ZB,58.125887213612316,2516840,64,579717,6123600
2294,2021-11-14,봄,스웨터_오픈형(CARDIGAN)_ZB,68.51650702741846,1341000,27,374313,4317300
2295,2021-11-14,봄,우븐 셔츠_드레스셔츠_ZB,56.760423053341505,846285,28,166015,1957200
2296,2021-11-14,봄,우븐 셔츠_캐쥬얼셔츠_ZB,67.36608987896541,1046819,51,407476,3564900
2297,2021-11-14,봄,점퍼_패딩점퍼_ZB,45.550879396984925,433415,4,77342,796000
2298,2021-11-14,봄,조끼_패딩베스트_ZB,82.96068037974683,1723016,128,1540127,10112000
2299,2021-11-14,봄,코트_더블코트_ZB,76.790273556231,1909000,25,865397,8225000
2300,2021-11-14,봄,코트_싱글코트_ZB,-inf,11491785,117,3116463,29133000
2301,2021-11-14,사계절,니트 셔츠_라운드_ZB,30.68731816979635,1048285,76,410795,1512400
2302,2021-11-14,사계절,데님_데님팬츠_ZB,46.416223959026794,7727369,194,2367267,15500600
2303,2021-11-14,사계절,수트_블레이져(수트)_ZB,23.47832252895067,13170430,85,3014963,17315000
2304,2021-11-14,사계절,수트_수트팬츠_ZB,25.234709583205795,8647212,109,1924261,11511000
2305,2021-11-14,사계절,우븐 셔츠_드레스셔츠_ZB,41.244447696362926,19947022,747,5149872,33675300
2306,2021-11-14,사계절,우븐 셔츠_드레스셔츠_ZC,27.318295739348372,58000,2,15071,79800
2307,2021-11-14,사계절,자켓_싱글재킷_ZB,37.536611629576456,870115,7,165327,1393000
2308,2021-11-14,사계절,팬츠_니트팬츠_ZB,22.894213956445714,751740,17,99512,1028300
2309,2021-11-14,사계절,팬츠_팬츠(일반)_ZB,52.0589463969589,32870542,856,8378276,70914400
2310,2021-11-14,여름,니트 셔츠_라운드_ZB,57.02164236189798,6485380,245,1636588,15557400
2311,2021-11-14,여름,니트 셔츠_티에리_ZB,46.376344086021504,293335,7,62656,629300
2312,2021-11-14,여름,수트_블레이져(수트)_ZA,40.0,155400,1,47637,259000
2313,2021-11-14,여름,수트_블레이져(수트)_ZB,45.0,109450,1,40980,199000
2314,2021-11-14,여름,수트_블레이져(수트)_ZC,-inf,301650,1,50485,259000
2315,2021-11-14,여름,수트_수트팬츠_ZA,61.666666666666664,159850,1,19472,139000
2316,2021-11-14,여름,수트_수트팬츠_ZB,72.5,108900,1,18832,99000
2317,2021-11-14,여름,수트_수트팬츠_ZC,0.0,0,0,0,0
2318,2021-11-14,여름,스웨터_T-에리_ZB,326.19948090470893,590560,2,21676,179800
2319,2021-11-14,여름,스웨터_라운드_ZB,0.0,0,0,41,0
2320,2021-11-14,여름,우븐 셔츠_드레스셔츠_ZB,100.02154438313237,1324455,36,242972,2516400
2321,2021-11-14,여름,우븐 셔츠_캐쥬얼셔츠_ZB,69.0691757455706,-17220,-12,-69661,-838800
2322,2021-11-14,여름,자켓_싱글재킷_ZA,48.375482625482626,1588350,12,416100,3108000
2323,2021-11-14,여름,자켓_싱글재킷_ZB,72.5,218900,1,21645,199000
2324,2021-11-14,여름,점퍼_점퍼_ZB,47.708421626203304,1011000,9,182734,2041000
2325,2021-11-14,여름,팬츠_반바지_ZB,-16.23246492985972,58000,1,6241,49900
2326,2021-11-14,여름,팬츠_팬츠(일반)_ZA,-inf,432900,5,70500,695000
2327,2021-11-14,여름,팬츠_팬츠(일반)_ZB,53.48372693101934,2299890,59,534977,5204100
2328,2021-11-21,가을,니트 셔츠_라운드_ZB,73.41346866890918,16672926,893,6279365,62420700
2329,2021-11-21,가을,수트_블레이져(수트)_ZB,14.159627030918871,15660601,88,3516689,21032000
2330,2021-11-21,가을,수트_블레이져(수트)_ZC,21.904761904761905,3919600,21,792756,5019000
2331,2021-11-21,가을,수트_수트팬츠_ZB,31.1885448622794,10029662,106,2101012,13674000
2332,2021-11-21,가을,수트_수트팬츠_ZC,23.157894736842106,1883400,19,379470,2451000
2333,2021-11-21,가을,스웨터_T-에리_ZA,62.145797583297586,12706293,336,3681675,33566400
2334,2021-11-21,가을,스웨터_오픈형(CARDIGAN)_ZB,55.590895884731104,9018290,127,2134712,20307300
2335,2021-11-21,가을,우븐 셔츠_캐쥬얼셔츠_ZB,63.811164217280094,6678143,264,1951320,18453600
2336,2021-11-21,가을,코트_싱글코트_ZB,77.03827943352357,2172638,38,841202,9462000
2337,2021-11-21,가을,팬츠_팬츠(일반)_ZB,61.29922730544336,6506103,187,2017648,16811300
2338,2021-11-21,겨울,니트 셔츠_라운드_ZB,63.61268581336631,98636381,3924,30693259,274287600
2339,2021-11-21,겨울,니트 셔츠_오픈형티(맨투맨 등)_ZB,67.40543801092805,65944052,1394,19923033,207600600
2340,2021-11-21,겨울,니트 셔츠_후드티_ZB,67.6840934371524,7263000,250,2355984,22475000
2341,2021-11-21,겨울,사파리_패딩사파리_ZA,67.71825562387573,47198170,293,11261350,146207000
2342,2021-11-21,겨울,사파리_패딩사파리_ZB,70.82244512941321,241502057,2042,78287347,894258000
2343,2021-11-21,겨울,수트_블레이져(수트)_ZA,31.986076478972137,247175184,1117,59999706,356323000
2344,2021-11-21,겨울,수트_블레이져(수트)_ZB,22.547689382762563,64092139,344,13795666,82216000
2345,2021-11-21,겨울,수트_블레이져(수트)_ZC,24.444444444444443,3250400,18,752116,4302000
2346,2021-11-21,겨울,수트_수트팬츠_ZA,59.660515942454786,159993318,1302,37683746,233058000
2347,2021-11-21,겨울,수트_수트팬츠_ZB,23.474167106478045,29908356,301,6241179,38829000
2348,2021-11-21,겨울,수트_수트팬츠_ZC,26.108864172564882,2192350,23,487241,2967000
2349,2021-11-21,겨울,스웨터_T-에리_ZB,63.851733953659206,31887000,883,9772058,88211700
2350,2021-11-21,겨울,스웨터_Turtle_ZA,53.614211503492186,20648662,207,5510682,44799300
2351,2021-11-21,겨울,스웨터_Turtle_ZB,62.53954804553363,50525913,1348,15266049,134665200
2352,2021-11-21,겨울,스웨터_VEST_ZB,56.646886163284705,8847200,227,1797660,20407300
2353,2021-11-21,겨울,스웨터_라운드_ZA,60.00312676593977,21375049,382,4375389,53441800
2354,2021-11-21,겨울,스웨터_라운드_ZB,59.32023282867308,95816310,2620,26708468,235538000
2355,2021-11-21,겨울,스웨터_오픈형(CARDIGAN)_ZA,53.689338584522254,21623765,269,4816390,46573100
2356,2021-11-21,겨울,우븐 셔츠_캐쥬얼셔츠_ZA,59.666190974984126,28052195,694,7853885,69390600
2357,2021-11-21,겨울,우븐 셔츠_캐쥬얼셔츠_ZB,63.755393256600335,8917913,352,2579080,24604800
2358,2021-11-21,겨울,자켓_싱글재킷_ZA,34.44326656474308,50597998,298,13102940,77182000
2359,2021-11-21,겨울,점퍼_패딩점퍼_ZB,60.754978632935135,81120205,809,25827415,313791000
2360,2021-11-21,겨울,조끼_패딩베스트_ZB,73.89699015287034,44611224,1329,16591860,171441000
2361,2021-11-21,겨울,코트_더블코트_ZA,55.16523549310435,25845000,105,9613679,57645000
2362,2021-11-21,겨울,코트_더블코트_ZB,56.04380891806556,58052502,331,19852845,132069000
2363,2021-11-21,겨울,코트_싱글코트_ZA,55.88960325087117,181555495,730,61166982,433170000
2364,2021-11-21,겨울,코트_싱글코트_ZB,55.368284962486584,262400118,1787,105028482,587923000
2365,2021-11-21,겨울,팬츠_니트팬츠_ZB,66.09818050861178,10260962,433,3552501,30266700
2366,2021-11-21,겨울,팬츠_팬츠(일반)_ZA,53.80781774910047,54600420,994,14229370,113910600
2367,2021-11-21,겨울,팬츠_팬츠(일반)_ZB,57.42466209291668,36973871,966,10346496,86843400
2368,2021-11-21,봄,가죽&FUR_가죽점퍼_ZA,inf,-4825100,-5,-1025000,-4995000
2369,2021-11-21,봄,니트 셔츠_라운드_ZB,64.2130771588926,2746219,143,956873,9995700
2370,2021-11-21,봄,수트_블레이져(수트)_ZA,42.729890265948825,5081926,38,2008944,12302000
2371,2021-11-21,봄,수트_블레이져(수트)_ZB,40.20100502512563,952000,8,321438,1592000
2372,2021-11-21,봄,수트_블레이져(수트)_ZC,46.9248079477849,3874300,31,1602144,9169000
2373,2021-11-21,봄,수트_수트팬츠_ZA,43.62926236292158,3116791,44,1313138,7996000
2374,2021-11-21,봄,수트_수트팬츠_ZB,33.6026936026936,925400,15,322845,1485000
2375,2021-11-21,봄,수트_수트팬츠_ZC,49.10129695464891,1730450,29,802769,4471000
2376,2021-11-21,봄,스웨터_T-에리_ZB,0.0,0,0,0,0
2377,2021-11-21,봄,스웨터_라운드_ZB,62.34045944687398,1728960,48,447375,4645200
2378,2021-11-21,봄,스웨터_오픈형(CARDIGAN)_ZB,66.20330888623572,873900,15,207100,2398500
2379,2021-11-21,봄,우븐 셔츠_드레스셔츠_ZB,55.29113018597997,1250060,40,237164,2796000
2380,2021-11-21,봄,우븐 셔츠_캐쥬얼셔츠_ZB,60.41964711492608,1027000,39,320282,2726100
2381,2021-11-21,봄,점퍼_패딩점퍼_ZB,52.76381909547739,188000,2,38671,398000
2382,2021-11-21,봄,조끼_패딩베스트_ZB,83.5494013000342,480851,37,444732,2923000
2383,2021-11-21,봄,코트_더블코트_ZB,75.6838905775076,160000,2,70017,658000
2384,2021-11-21,봄,코트_싱글코트_ZB,59.00510516642843,-12045120,-118,-3142958,-29382000
2385,2021-11-21,사계절,니트 셔츠_라운드_ZB,7.375406443984629,626698,34,183777,676600
2386,2021-11-21,사계절,데님_데님팬츠_ZB,50.78949579831932,6966905,183,2231429,14621700
2387,2021-11-21,사계절,수트_블레이져(수트)_ZB,26.44553601340034,4625635,36,1289200,6844000
2388,2021-11-21,사계절,수트_수트팬츠_ZB,28.79904296589079,4783081,68,1199373,6852000
2389,2021-11-21,사계절,우븐 셔츠_드레스셔츠_ZB,39.368632363814605,18213252,659,4491990,28664100
2390,2021-11-21,사계절,우븐 셔츠_드레스셔츠_ZC,44.86215538847118,44000,2,15071,79800
2391,2021-11-21,사계절,자켓_싱글재킷_ZB,64.19000558347292,641357,9,212563,1791000
2392,2021-11-21,사계절,팬츠_니트팬츠_ZB,23.22997138769671,424145,11,70869,748900
2393,2021-11-21,사계절,팬츠_팬츠(일반)_ZB,57.36961993174501,21392954,656,6381280,54114400
2394,2021-11-21,여름,니트 셔츠_라운드_ZB,65.72029811707924,1222179,36,234454,2212800
2395,2021-11-21,여름,니트 셔츠_티에리_ZB,45.0,346115,7,55336,629300
2396,2021-11-21,여름,수트_블레이져(수트)_ZA,0.0,0,0,0,0
2397,2021-11-21,여름,수트_블레이져(수트)_ZB,20.0,159200,1,45749,199000
2398,2021-11-21,여름,수트_블레이져(수트)_ZC,0.0,0,0,0,0
2399,2021-11-21,여름,수트_수트팬츠_ZA,20.0,222400,2,47746,278000
2400,2021-11-21,여름,수트_수트팬츠_ZB,20.0,79200,1,23291,99000
2401,2021-11-21,여름,수트_수트팬츠_ZC,0.0,0,0,0,0
2402,2021-11-21,여름,스웨터_T-에리_ZB,64.46051167964404,188400,7,54840,629300
2403,2021-11-21,여름,스웨터_라운드_ZB,56.61846496106785,156000,4,37094,359600
2404,2021-11-21,여름,우븐 셔츠_드레스셔츠_ZB,69.72738833253855,190445,9,58688,629100
2405,2021-11-21,여름,우븐 셔츠_캐쥬얼셔츠_ZB,-inf,525245,24,159533,1677600
2406,2021-11-21,여름,자켓_싱글재킷_ZA,44.4015444015444,1449000,11,363900,2849000
2407,2021-11-21,여름,자켓_싱글재킷_ZB,70.35175879396985,236000,4,84359,796000
2408,2021-11-21,여름,점퍼_점퍼_ZB,0.0,0,0,0,0
2409,2021-11-21,여름,팬츠_반바지_ZB,53.84181969949916,1040785,37,305981,2176300
2410,2021-11-21,여름,팬츠_팬츠(일반)_ZA,0.0,0,0,0,0
2411,2021-11-21,여름,팬츠_팬츠(일반)_ZB,53.501774553660745,927040,22,236573,2330600
2412,2021-11-28,가을,니트 셔츠_라운드_ZB,74.54172183927759,10199394,573,4038206,40052700
2413,2021-11-28,가을,수트_블레이져(수트)_ZB,inf,133571508,946,34853409,226094000
2414,2021-11-28,가을,수트_블레이져(수트)_ZC,21.666666666666668,1123300,6,226502,1434000
2415,2021-11-28,가을,수트_수트팬츠_ZB,29.539970853933955,50654466,691,13331308,89139000
2416,2021-11-28,가을,수트_수트팬츠_ZC,26.107419712070875,1334500,14,279610,1806000
2417,2021-11-28,가을,스웨터_T-에리_ZA,62.279694251213236,11907697,316,3464476,31568400
2418,2021-11-28,가을,스웨터_오픈형(CARDIGAN)_ZB,61.179160542217865,9745700,157,2638973,25104300
2419,2021-11-28,가을,우븐 셔츠_캐쥬얼셔츠_ZB,58.642109384062174,8557113,296,2187843,20690400
2420,2021-11-28,가을,코트_싱글코트_ZB,34.99196787148595,37230100,230,5034727,57270000
2421,2021-11-28,가을,팬츠_팬츠(일반)_ZB,56.71529254727475,4864119,125,1348695,11237500
2422,2021-11-28,겨울,니트 셔츠_라운드_ZB,68.21889829846391,87340324,3683,29437488,257441700
2423,2021-11-28,겨울,니트 셔츠_오픈형티(맨투맨 등)_ZB,68.80892425536777,49074278,1042,15441816,158185800
2424,2021-11-28,겨울,니트 셔츠_후드티_ZB,65.33093694690872,37962000,1218,11478354,109498200
2425,2021-11-28,겨울,사파리_패딩사파리_ZA,64.54316940144791,76256651,431,16563227,215069000
2426,2021-11-28,겨울,사파리_패딩사파리_ZB,67.39763545158938,328415344,2457,106135545,1118243000
2427,2021-11-28,겨울,수트_블레이져(수트)_ZA,35.29243425437866,110375196,492,26435633,156948000
2428,2021-11-28,겨울,수트_블레이져(수트)_ZB,23.518250060896612,39515762,217,8891312,51863000
2429,2021-11-28,겨울,수트_블레이져(수트)_ZC,24.705882352941178,3059200,17,710331,4063000
2430,2021-11-28,겨울,수트_수트팬츠_ZA,32.284382353938014,63520463,503,14561547,90037000
2431,2021-11-28,겨울,수트_수트팬츠_ZB,23.06609475556658,25922742,262,5374383,33798000
2432,2021-11-28,겨울,수트_수트팬츠_ZC,24.761904761904763,2038200,21,444873,2709000
2433,2021-11-28,겨울,스웨터_T-에리_ZB,68.05469437048384,15765200,494,5446734,49350600
2434,2021-11-28,겨울,스웨터_Turtle_ZA,53.56476284340461,23437089,257,5988036,50354300
2435,2021-11-28,겨울,스웨터_Turtle_ZB,59.879204373266944,60772802,1511,17259855,150948900
2436,2021-11-28,겨울,스웨터_VEST_ZB,52.06059993197216,5214800,121,957815,10877900
2437,2021-11-28,겨울,스웨터_라운드_ZA,58.45285242354578,15054235,259,2966376,36234100
2438,2021-11-28,겨울,스웨터_라운드_ZB,62.66105572042724,69552297,2072,21101076,186272800
2439,2021-11-28,겨울,스웨터_오픈형(CARDIGAN)_ZA,67.24747943248187,11559250,143,2609249,25305700
2440,2021-11-28,겨울,우븐 셔츠_캐쥬얼셔츠_ZA,56.03159291356706,22228465,512,5733792,50468800
2441,2021-11-28,겨울,우븐 셔츠_캐쥬얼셔츠_ZB,60.983023084541735,9218229,338,2476503,23626200
2442,2021-11-28,겨울,자켓_싱글재킷_ZA,33.29684601113173,26605220,154,6272218,39886000
2443,2021-11-28,겨울,점퍼_패딩점퍼_ZB,73.12528918899451,90196093,1102,33358309,385898000
2444,2021-11-28,겨울,조끼_패딩베스트_ZB,74.71233151313797,38367148,1169,14582335,150801000
2445,2021-11-28,겨울,코트_더블코트_ZA,55.116939890710384,24640800,100,9155885,54900000
2446,2021-11-28,겨울,코트_더블코트_ZB,55.876347937907596,33626194,191,11455871,76209000
2447,2021-11-28,겨울,코트_싱글코트_ZA,55.372212970284785,174472096,701,57227277,405549000
2448,2021-11-28,겨울,코트_싱글코트_ZB,52.84101327239853,217524599,1402,82382709,461258000
2449,2021-11-28,겨울,팬츠_니트팬츠_ZB,55.69258149370514,29763021,961,7885021,67173900
2450,2021-11-28,겨울,팬츠_팬츠(일반)_ZA,49.86189968790647,45187765,813,12021241,89635400
2451,2021-11-28,겨울,팬츠_팬츠(일반)_ZB,55.074539680961465,43376700,1074,11517932,96552600
2452,2021-11-28,봄,가죽&FUR_가죽점퍼_ZA,25.025025025025027,-1498000,-2,-409000,-1998000
2453,2021-11-28,봄,니트 셔츠_라운드_ZB,72.6492121045547,2492661,153,1022206,10694700
2454,2021-11-28,봄,수트_블레이져(수트)_ZA,10.02902912586233,2760401,31,1607724,9829000
2455,2021-11-28,봄,수트_블레이져(수트)_ZB,64.01730876605248,1535500,29,1158338,5771000
2456,2021-11-28,봄,수트_블레이져(수트)_ZC,50.81130932519537,1933400,19,930039,5101000
2457,2021-11-28,봄,수트_수트팬츠_ZA,5.901791819668274,1910525,45,1310192,8055000
2458,2021-11-28,봄,수트_수트팬츠_ZB,53.564491064491065,1536500,34,720914,3366000
2459,2021-11-28,봄,수트_수트팬츠_ZC,52.85036585595245,811400,17,449112,2483000
2460,2021-11-28,봄,스웨터_T-에리_ZB,60.96096096096096,-39000,-1,-9848,-99900
2461,2021-11-28,봄,스웨터_라운드_ZB,62.06975768283471,1033497,29,261177,2767100
2462,2021-11-28,봄,스웨터_오픈형(CARDIGAN)_ZB,75.60975609756098,78000,2,30424,319800
2463,2021-11-28,봄,우븐 셔츠_드레스셔츠_ZB,69.78261628109843,866000,41,243093,2865900
2464,2021-11-28,봄,우븐 셔츠_캐쥬얼셔츠_ZB,60.434059238064954,710456,27,220118,1887300
2465,2021-11-28,봄,점퍼_패딩점퍼_ZB,52.76381909547739,188000,2,38671,398000
2466,2021-11-28,봄,조끼_패딩베스트_ZB,83.54224097515237,351044,27,326275,2133000
2467,2021-11-28,봄,코트_더블코트_ZB,75.98784194528875,79000,1,34562,329000
2468,2021-11-28,봄,코트_싱글코트_ZB,71.77999776885318,1186641,19,504807,4731000
2469,2021-11-28,사계절,니트 셔츠_라운드_ZB,6.90640703517588,592820,32,172966,636800
2470,2021-11-28,사계절,데님_데님팬츠_ZB,49.22941059501947,8027745,222,2708833,17737800
2471,2021-11-28,사계절,수트_블레이져(수트)_ZB,36.672470831590175,8294150,62,2093324,12978000
2472,2021-11-28,사계절,수트_수트팬츠_ZB,33.81238407600282,5779011,79,1380994,8541000
2473,2021-11-28,사계절,우븐 셔츠_드레스셔츠_ZB,44.01119933091403,15875236,617,4222986,27638300
2474,2021-11-28,사계절,우븐 셔츠_드레스셔츠_ZC,39.01420217209691,73000,3,22606,119700
2475,2021-11-28,사계절,자켓_싱글재킷_ZB,61.88931018730014,834243,11,259799,2189000
2476,2021-11-28,사계절,팬츠_니트팬츠_ZB,48.55150214592275,394700,11,70867,748900
2477,2021-11-28,사계절,팬츠_팬츠(일반)_ZB,52.652809709792635,19314837,515,5422887,43058500
2478,2021-11-28,여름,니트 셔츠_라운드_ZB,-inf,763915,23,130010,1281400
2479,2021-11-28,여름,니트 셔츠_티에리_ZB,-inf,-8555,-2,-17578,-179800
2480,2021-11-28,여름,수트_블레이져(수트)_ZA,45.0,142450,1,47753,259000
2481,2021-11-28,여름,수트_블레이져(수트)_ZB,34.02010050251256,151000,2,89281,398000
2482,2021-11-28,여름,수트_블레이져(수트)_ZC,20.0,-159200,-1,-46971,-199000
2483,2021-11-28,여름,수트_수트팬츠_ZA,100.0,0,-1,-23761,-139000
2484,2021-11-28,여름,수트_수트팬츠_ZB,-1.8181818181818183,-43200,0,2090,0
2485,2021-11-28,여름,수트_수트팬츠_ZC,32.5,155650,2,48349,238000
2486,2021-11-28,여름,스웨터_T-에리_ZB,76.37282165368929,127445,2,12706,179800
2487,2021-11-28,여름,스웨터_라운드_ZB,0.0,0,0,0,0
2488,2021-11-28,여름,우븐 셔츠_드레스셔츠_ZB,73.78979814206514,6129680,361,2354546,25233900
2489,2021-11-28,여름,우븐 셔츠_캐쥬얼셔츠_ZB,-inf,331670,12,91279,838800
2490,2021-11-28,여름,자켓_싱글재킷_ZA,-inf,271450,1,30732,259000
2491,2021-11-28,여름,자켓_싱글재킷_ZB,-inf,109450,1,21692,199000
2492,2021-11-28,여름,점퍼_점퍼_ZB,0.0,0,0,0,0
2493,2021-11-28,여름,팬츠_반바지_ZB,41.88376753507014,87000,3,16084,149700
2494,2021-11-28,여름,팬츠_팬츠(일반)_ZA,84.6123101518785,220000,11,178000,1529000
2495,2021-11-28,여름,팬츠_팬츠(일반)_ZB,-inf,5104850,131,1415660,11866000
2496,2021-12-05,가을,니트 셔츠_라운드_ZB,77.51007501919027,29775724,1907,13592046,133299300
2497,2021-12-05,가을,수트_블레이져(수트)_ZB,-inf,-107894705,-804,-29268156,-192156000
2498,2021-12-05,가을,수트_블레이져(수트)_ZC,24.615384615384617,2342200,13,490754,3107000
2499,2021-12-05,가을,수트_수트팬츠_ZB,31.65116042771658,-35819282,-540,-10341029,-69660000
2500,2021-12-05,가을,수트_수트팬츠_ZC,23.636363636363637,1083600,11,219693,1419000
2501,2021-12-05,가을,스웨터_T-에리_ZA,68.6604517840473,19505014,623,6822297,62237700
2502,2021-12-05,가을,스웨터_오픈형(CARDIGAN)_ZB,74.64277945455039,7460500,184,3092957,29421600
2503,2021-12-05,가을,우븐 셔츠_캐쥬얼셔츠_ZB,69.83934644208445,8664824,411,3037850,28728900
2504,2021-12-05,가을,코트_싱글코트_ZB,14.380959298185651,-30059989,-141,-3085775,-35109000
2505,2021-12-05,가을,팬츠_팬츠(일반)_ZB,56.139614063935774,4534506,115,1240799,10338500
2506,2021-12-05,겨울,니트 셔츠_라운드_ZB,66.64492101661062,115900967,5041,40155489,352365900
2507,2021-12-05,겨울,니트 셔츠_오픈형티(맨투맨 등)_ZB,68.03301083496693,56275862,1180,17194879,178032000
2508,2021-12-05,겨울,니트 셔츠_후드티_ZB,63.339211958161954,17006353,516,4862751,46388400
2509,2021-12-05,겨울,사파리_패딩사파리_ZA,67.58697457709768,103029015,637,24562754,317863000
2510,2021-12-05,겨울,사파리_패딩사파리_ZB,71.37646158652777,506554619,3932,188371013,1854068000
2511,2021-12-05,겨울,수트_블레이져(수트)_ZA,33.48770802446643,139447476,647,34776945,206393000
2512,2021-12-05,겨울,수트_블레이져(수트)_ZB,24.04904794047106,47783967,263,10734196,62857000
2513,2021-12-05,겨울,수트_블레이져(수트)_ZC,21.238095238095237,3953060,21,877468,5019000
2514,2021-12-05,겨울,수트_수트팬츠_ZA,33.45513599683991,85745821,705,20408075,126195000
2515,2021-12-05,겨울,수트_수트팬츠_ZB,23.804102799692213,29650419,301,6185719,38829000
2516,2021-12-05,겨울,수트_수트팬츠_ZC,21.703703703703702,2727060,27,571979,3483000
2517,2021-12-05,겨울,스웨터_T-에리_ZB,63.5518171232457,32115150,882,9726408,88111800
2518,2021-12-05,겨울,스웨터_Turtle_ZA,55.37628569377652,25385846,300,6696659,56970000
2519,2021-12-05,겨울,스웨터_Turtle_ZB,60.492930254168414,90979750,2312,26415634,230968800
2520,2021-12-05,겨울,스웨터_VEST_ZB,55.99368345781026,6646362,168,1330761,15103200
2521,2021-12-05,겨울,스웨터_라운드_ZA,60.21483246724062,31336270,563,6448681,78763700
2522,2021-12-05,겨울,스웨터_라운드_ZB,63.42540548056399,97326459,2960,30150677,266104000
2523,2021-12-05,겨울,스웨터_오픈형(CARDIGAN)_ZA,60.26985282159472,16073320,227,4235037,39657300
2524,2021-12-05,겨울,우븐 셔츠_캐쥬얼셔츠_ZA,69.28245784426902,15601415,492,5625941,49830800
2525,2021-12-05,겨울,우븐 셔츠_캐쥬얼셔츠_ZB,62.90302129657355,10035215,387,2835523,27051300
2526,2021-12-05,겨울,자켓_싱글재킷_ZA,34.77779414753099,25676678,152,6198459,39368000
2527,2021-12-05,겨울,점퍼_패딩점퍼_ZB,65.22741657322541,99356565,999,32198906,386601000
2528,2021-12-05,겨울,조끼_패딩베스트_ZB,75.90594325959285,47539777,1526,19027983,196854000
2529,2021-12-05,겨울,코트_더블코트_ZA,58.2745207001945,40545900,177,16205916,97173000
2530,2021-12-05,겨울,코트_더블코트_ZB,55.77428521135615,52761720,299,17933537,119301000
2531,2021-12-05,겨울,코트_싱글코트_ZA,57.79568291919677,242274552,1031,84265284,593919000
2532,2021-12-05,겨울,코트_싱글코트_ZB,52.076803277038586,238077649,1510,88740402,496790000
2533,2021-12-05,겨울,팬츠_니트팬츠_ZB,55.831985751743325,28990162,939,7704786,65636100
2534,2021-12-05,겨울,팬츠_팬츠(일반)_ZA,52.28379142963604,47417556,912,11496636,99419300
2535,2021-12-05,겨울,팬츠_팬츠(일반)_ZB,55.643492048377716,61489564,1542,19169718,138625800
2536,2021-12-05,봄,가죽&FUR_가죽점퍼_ZA,75.80336747003413,35789000,84,17142000,83916000
2537,2021-12-05,봄,니트 셔츠_라운드_ZB,73.04544970383478,3296774,183,1292423,12791700
2538,2021-12-05,봄,수트_블레이져(수트)_ZA,71.07774333314036,5244954,50,2740337,16550000
2539,2021-12-05,봄,수트_블레이져(수트)_ZB,40.15410385259632,1072400,9,368023,1791000
2540,2021-12-05,봄,수트_블레이져(수트)_ZC,47.69931160504718,2737000,23,1160171,6497000
2541,2021-12-05,봄,수트_수트팬츠_ZA,63.29654776026123,1781325,31,972432,5869000
2542,2021-12-05,봄,수트_수트팬츠_ZB,35.3030303030303,473600,7,147380,693000
2543,2021-12-05,봄,수트_수트팬츠_ZC,49.28239565111073,1062000,18,492933,2742000
2544,2021-12-05,봄,스웨터_T-에리_ZB,73.54497354497354,740000,28,275748,2797200
2545,2021-12-05,봄,스웨터_라운드_ZB,76.1060071961073,5903000,264,2305276,24833600
2546,2021-12-05,봄,스웨터_오픈형(CARDIGAN)_ZB,71.1848414030699,1581000,34,480795,5436600
2547,2021-12-05,봄,우븐 셔츠_드레스셔츠_ZB,59.2804535579929,768500,27,160086,1887300
2548,2021-12-05,봄,우븐 셔츠_캐쥬얼셔츠_ZB,62.113193858544356,772050,29,234742,2027100
2549,2021-12-05,봄,점퍼_패딩점퍼_ZB,68.04020100502512,318000,5,96678,995000
2550,2021-12-05,봄,조끼_패딩베스트_ZB,84.62316455696202,-121477,-10,-124313,-790000
2551,2021-12-05,봄,코트_더블코트_ZB,82.72904906643508,1591000,28,972653,9212000
2552,2021-12-05,봄,코트_싱글코트_ZB,73.64997341839447,5008264,68,1796722,16932000
2553,2021-12-05,사계절,니트 셔츠_라운드_ZB,13.657239686806124,738835,43,232423,855700
2554,2021-12-05,사계절,데님_데님팬츠_ZB,49.03196462465499,6068485,162,1973412,12943800
2555,2021-12-05,사계절,수트_블레이져(수트)_ZB,19.98859575656058,2638018,20,679962,3940000
2556,2021-12-05,사계절,수트_수트팬츠_ZB,28.941156220322885,3245459,44,760776,4686000
2557,2021-12-05,사계절,우븐 셔츠_드레스셔츠_ZB,47.02598205664313,18169113,802,5441024,35039800
2558,2021-12-05,사계절,우븐 셔츠_드레스셔츠_ZC,27.318295739348372,29000,1,7535,39900
2559,2021-12-05,사계절,자켓_싱글재킷_ZB,99.96326731697704,3728,51,1204523,10149000
2560,2021-12-05,사계절,팬츠_니트팬츠_ZB,65.0336079885092,438500,14,89068,938600
2561,2021-12-05,사계절,팬츠_팬츠(일반)_ZB,57.22909889763251,20782188,575,5497716,48052500
2562,2021-12-05,여름,니트 셔츠_라운드_ZB,-inf,1410655,89,-494164,11320800
2563,2021-12-05,여름,니트 셔츠_티에리_ZB,78.49462365591398,116000,-39,-351469,-3506100
2564,2021-12-05,여름,수트_블레이져(수트)_ZA,100.0,0,-5,-219624,-1295000
2565,2021-12-05,여름,수트_블레이져(수트)_ZB,0.0,0,0,0,0
2566,2021-12-05,여름,수트_블레이져(수트)_ZC,20.0,207200,1,50485,259000
2567,2021-12-05,여름,수트_수트팬츠_ZA,100.0,0,-7,-155750,-973000
2568,2021-12-05,여름,수트_수트팬츠_ZB,100.0,0,-1,-20635,-99000
2569,2021-12-05,여름,수트_수트팬츠_ZC,20.0,222400,2,49841,278000
2570,2021-12-05,여름,스웨터_T-에리_ZB,149.19076751946608,88445,-2,-15078,-179800
2571,2021-12-05,여름,스웨터_라운드_ZB,45.0,49445,1,9291,89900
2572,2021-12-05,여름,우븐 셔츠_드레스셔츠_ZB,86.88996703365055,843080,34,233832,2376600
2573,2021-12-05,여름,우븐 셔츠_캐쥬얼셔츠_ZB,90.8662060422264,433425,16,142170,1118400
2574,2021-12-05,여름,자켓_싱글재킷_ZA,50.19305019305019,258000,2,69100,518000
2575,2021-12-05,여름,자켓_싱글재킷_ZB,0.0,0,0,0,0
2576,2021-12-05,여름,점퍼_점퍼_ZB,0.0,0,0,0,0
2577,2021-12-05,여름,팬츠_반바지_ZB,100.0,0,-42,-372650,-2465800
2578,2021-12-05,여름,팬츠_팬츠(일반)_ZA,85.81079136690647,19723,1,16300,139000
2579,2021-12-05,여름,팬츠_팬츠(일반)_ZB,85.15598584148175,675649,5,24861,853200
2580,2021-12-12,가을,니트 셔츠_라운드_ZB,72.48274033913438,8483329,436,3107960,30476400
2581,2021-12-12,가을,수트_블레이져(수트)_ZB,29.671201932655908,12950222,78,3039367,18642000
2582,2021-12-12,가을,수트_블레이져(수트)_ZC,33.05439330543933,2400000,15,566255,3585000
2583,2021-12-12,가을,수트_수트팬츠_ZB,34.9843841677838,7824648,89,1763093,11481000
2584,2021-12-12,가을,수트_수트팬츠_ZC,35.08720930232558,1339800,16,319554,2064000
2585,2021-12-12,가을,스웨터_T-에리_ZA,62.01296394433649,7741606,204,2236242,20379600
2586,2021-12-12,가을,스웨터_오픈형(CARDIGAN)_ZB,54.72910700766927,5501500,76,1277480,12152400
2587,2021-12-12,가을,우븐 셔츠_캐쥬얼셔츠_ZB,58.04467211223407,4545650,155,1145661,10834500
2588,2021-12-12,가을,코트_싱글코트_ZB,64.14437751004016,1428488,16,349346,3984000
2589,2021-12-12,가을,팬츠_팬츠(일반)_ZB,65.9019125509009,6958499,227,2449230,20407300
2590,2021-12-12,겨울,니트 셔츠_라운드_ZB,64.59982810612539,65897388,2623,20386159,183347700
2591,2021-12-12,겨울,니트 셔츠_오픈형티(맨투맨 등)_ZB,67.57296182735833,35813236,722,10998773,111357800
2592,2021-12-12,겨울,니트 셔츠_후드티_ZB,63.115726201212,21022782,634,5974776,56996600
2593,2021-12-12,겨울,사파리_패딩사파리_ZA,68.05451244694713,83848599,526,20295510,262474000
2594,2021-12-12,겨울,사파리_패딩사파리_ZB,70.92349527387505,632404765,4539,265817555,2305161000
2595,2021-12-12,겨울,수트_블레이져(수트)_ZA,53.67430387062457,110363232,785,42220406,250415000
2596,2021-12-12,겨울,수트_블레이져(수트)_ZB,25.576241632072612,32437588,184,7340944,43976000
2597,2021-12-12,겨울,수트_블레이져(수트)_ZC,26.923076923076923,2270500,13,543195,3107000
2598,2021-12-12,겨울,수트_수트팬츠_ZA,61.621146999053224,50233370,808,23392415,144632000
2599,2021-12-12,겨울,수트_수트팬츠_ZB,25.3248096676616,15620748,169,3375757,21801000
2600,2021-12-12,겨울,수트_수트팬츠_ZC,12.0,567600,5,105922,645000
2601,2021-12-12,겨울,스웨터_T-에리_ZB,62.44797429007955,19957700,532,5875304,53146800
2602,2021-12-12,겨울,스웨터_Turtle_ZA,62.15529637934878,28219628,374,8974250,74882600
2603,2021-12-12,겨울,스웨터_Turtle_ZB,62.20889350527894,64194200,1705,19486305,170329500
2604,2021-12-12,겨울,스웨터_VEST_ZB,53.87312651917769,5598188,135,1069556,12136500
2605,2021-12-12,겨울,스웨터_라운드_ZA,59.66210406153649,18904960,335,3837012,46866500
2606,2021-12-12,겨울,스웨터_라운드_ZB,61.624378584120265,68378373,1982,20195955,178181800
2607,2021-12-12,겨울,스웨터_오픈형(CARDIGAN)_ZA,57.41689477664172,12715500,170,3278813,30543000
2608,2021-12-12,겨울,우븐 셔츠_캐쥬얼셔츠_ZA,59.2286203311916,16487990,408,4593244,40479200
2609,2021-12-12,겨울,우븐 셔츠_캐쥬얼셔츠_ZB,58.12404275014727,6966568,238,1743810,16636200
2610,2021-12-12,겨울,자켓_싱글재킷_ZA,48.29630675009985,19417322,145,6004212,37555000
2611,2021-12-12,겨울,점퍼_패딩점퍼_ZB,64.28241661069987,82375791,768,24712965,295232000
2612,2021-12-12,겨울,조끼_패딩베스트_ZB,76.08187332455034,35891950,1164,14513130,150156000
2613,2021-12-12,겨울,코트_더블코트_ZA,62.04630018837669,24378800,117,10712385,64233000
2614,2021-12-12,겨울,코트_더블코트_ZB,57.68884802806046,69723278,413,24771072,164787000
2615,2021-12-12,겨울,코트_싱글코트_ZA,56.94414137055845,189849096,796,65781553,464004000
2616,2021-12-12,겨울,코트_싱글코트_ZB,54.577783647639635,122091738,817,48115538,268793000
2617,2021-12-12,겨울,팬츠_니트팬츠_ZB,57.01355817209369,30918901,1029,8443734,71927100
2618,2021-12-12,겨울,팬츠_팬츠(일반)_ZA,57.64795719157289,33955030,706,10489260,80850800
2619,2021-12-12,겨울,팬츠_팬츠(일반)_ZB,54.813316815415014,32863868,809,10204099,72729100
2620,2021-12-12,봄,가죽&FUR_가죽점퍼_ZA,59.55955955955956,-47967000,-93,-18969000,-92907000
2621,2021-12-12,봄,니트 셔츠_라운드_ZB,71.00561824853669,8615413,554,3546729,38724600
2622,2021-12-12,봄,수트_블레이져(수트)_ZA,-inf,3823880,23,1220155,7457000
2623,2021-12-12,봄,수트_블레이져(수트)_ZB,-inf,714000,5,199279,995000
2624,2021-12-12,봄,수트_블레이져(수트)_ZC,47.69931160504718,2142000,18,854522,4542000
2625,2021-12-12,봄,수트_수트팬츠_ZA,93.82207469390396,2291444,17,548256,3363000
2626,2021-12-12,봄,수트_수트팬츠_ZB,40.4040404040404,413000,7,149030,693000
2627,2021-12-12,봄,수트_수트팬츠_ZC,49.28239565111073,1357000,23,580069,3077000
2628,2021-12-12,봄,스웨터_T-에리_ZB,0.0,0,0,0,0
2629,2021-12-12,봄,스웨터_라운드_ZB,58.87312971109782,1478000,38,349711,3656200
2630,2021-12-12,봄,스웨터_오픈형(CARDIGAN)_ZB,67.7100819591192,1332000,24,328677,3837600
2631,2021-12-12,봄,우븐 셔츠_드레스셔츠_ZB,60.02010594285272,1034000,37,219377,2586300
2632,2021-12-12,봄,우븐 셔츠_캐쥬얼셔츠_ZB,51.31244635193133,852956,28,222248,1957200
2633,2021-12-12,봄,점퍼_패딩점퍼_ZB,0.0,0,0,0,0
2634,2021-12-12,봄,조끼_패딩베스트_ZB,83.72886075949367,578439,45,535984,3555000
2635,2021-12-12,봄,코트_더블코트_ZB,inf,-9792,0,0,0
2636,2021-12-12,봄,코트_싱글코트_ZB,46.494239178937974,4158641,46,1224072,11454000
2637,2021-12-12,사계절,니트 셔츠_라운드_ZB,11.178750897343862,618640,35,189182,696500
2638,2021-12-12,사계절,데님_데님팬츠_ZB,48.2592721099394,4615850,112,1362792,8948800
2639,2021-12-12,사계절,수트_블레이져(수트)_ZB,28.803635602253692,4479543,34,1227614,6846000
2640,2021-12-12,사계절,수트_수트팬츠_ZB,25.761685482273716,4768985,66,1174765,6834000
2641,2021-12-12,사계절,우븐 셔츠_드레스셔츠_ZB,41.027273889387196,14749259,635,4320794,27456500
2642,2021-12-12,사계절,우븐 셔츠_드레스셔츠_ZC,0.0,0,0,0,0
2643,2021-12-12,사계절,자켓_싱글재킷_ZB,52.67580760947595,1318452,14,330653,2786000
2644,2021-12-12,사계절,팬츠_니트팬츠_ZB,22.818311874105866,125900,3,18199,189700
2645,2021-12-12,사계절,팬츠_팬츠(일반)_ZB,49.053671487797885,17519768,442,4325089,37315800
2646,2021-12-12,여름,니트 셔츠_라운드_ZB,67.51568925174728,2828260,-29,-692713,-3353600
2647,2021-12-12,여름,니트 셔츠_티에리_ZB,76.19047619047619,899000,16,107977,1438400
2648,2021-12-12,여름,수트_블레이져(수트)_ZA,100.0,0,-6,-284482,-1554000
2649,2021-12-12,여름,수트_블레이져(수트)_ZB,0.0,0,0,0,0
2650,2021-12-12,여름,수트_블레이져(수트)_ZC,20.0,159200,1,40688,199000
2651,2021-12-12,여름,수트_수트팬츠_ZA,106.66666666666667,111200,-7,-168545,-973000
2652,2021-12-12,여름,수트_수트팬츠_ZB,-inf,79200,0,1120,0
2653,2021-12-12,여름,수트_수트팬츠_ZC,100.0,0,1,20894,99000
2654,2021-12-12,여름,스웨터_T-에리_ZB,0.0,0,0,0,0
2655,2021-12-12,여름,스웨터_라운드_ZB,0.0,0,0,0,0
2656,2021-12-12,여름,우븐 셔츠_드레스셔츠_ZB,87.31701658740286,-656040,-38,-240287,-2656200
2657,2021-12-12,여름,우븐 셔츠_캐쥬얼셔츠_ZB,106.66666666666666,245920,-5,-41412,-349500
2658,2021-12-12,여름,자켓_싱글재킷_ZA,100.0,0,-4,-132200,-1036000
2659,2021-12-12,여름,자켓_싱글재킷_ZB,96.69179229480737,0,-10,-210854,-1990000
2660,2021-12-12,여름,점퍼_점퍼_ZB,100.0,0,-1,-21838,-199000
2661,2021-12-12,여름,팬츠_반바지_ZB,28.18773408172574,39920,-9,-64086,-469100
2662,2021-12-12,여름,팬츠_팬츠(일반)_ZA,100.0,0,-8,-115200,-1112000
2663,2021-12-12,여름,팬츠_팬츠(일반)_ZB,90.7452725250278,624000,-23,-230164,-1887700
2664,2021-12-19,가을,니트 셔츠_라운드_ZB,74.5997938071855,6973138,389,2826694,27191100
2665,2021-12-19,가을,수트_블레이져(수트)_ZB,29.08336820083682,7726587,42,1668001,10038000
2666,2021-12-19,가을,수트_블레이져(수트)_ZC,32.54532775453278,967300,6,226502,1434000
2667,2021-12-19,가을,수트_수트팬츠_ZB,-inf,4788214,50,981238,6450000
2668,2021-12-19,가을,수트_수트팬츠_ZC,38.75968992248062,474000,6,119833,774000
2669,2021-12-19,가을,스웨터_T-에리_ZA,61.55853695422041,5338020,139,1524176,13886100
2670,2021-12-19,가을,스웨터_오픈형(CARDIGAN)_ZB,57.49888323059055,4757150,70,1176592,11193000
2671,2021-12-19,가을,우븐 셔츠_캐쥬얼셔츠_ZB,53.83957851876307,3355678,104,768702,7269600
2672,2021-12-19,가을,코트_싱글코트_ZB,60.9838911200357,874351,9,199735,2241000
2673,2021-12-19,가을,팬츠_팬츠(일반)_ZB,57.78937254104214,9752470,257,2772917,23104300
2674,2021-12-19,겨울,니트 셔츠_라운드_ZB,64.89002392024489,70301394,2894,22938303,202290600
2675,2021-12-19,겨울,니트 셔츠_오픈형티(맨투맨 등)_ZB,66.40751599596524,25939452,557,7769158,81744300
2676,2021-12-19,겨울,니트 셔츠_후드티_ZB,71.43218029866026,29021191,1130,10649048,101587000
2677,2021-12-19,겨울,사파리_패딩사파리_ZA,70.24686064143496,78094255,526,20295404,262474000
2678,2021-12-19,겨울,사파리_패딩사파리_ZB,72.74654399027659,458123568,3484,197697266,1749416000
2679,2021-12-19,겨울,수트_블레이져(수트)_ZA,53.6304831099957,42595722,312,16781561,99528000
2680,2021-12-19,겨울,수트_블레이져(수트)_ZB,26.738496385615413,24716007,143,5771226,34177000
2681,2021-12-19,겨울,수트_블레이져(수트)_ZC,24.316527196652718,723534,4,167137,956000
2682,2021-12-19,겨울,수트_수트팬츠_ZA,60.67097386941347,23661178,380,11000486,68020000
2683,2021-12-19,겨울,수트_수트팬츠_ZB,26.607753453964943,13640439,149,3025445,19221000
2684,2021-12-19,겨울,수트_수트팬츠_ZC,18.333333333333332,-632100,-6,-127106,-774000
2685,2021-12-19,겨울,스웨터_T-에리_ZB,60.87262900294062,13798150,353,3896516,35264700
2686,2021-12-19,겨울,스웨터_Turtle_ZA,62.69336731851093,25484124,351,8238668,69144900
2687,2021-12-19,겨울,스웨터_Turtle_ZB,60.855380743539015,55884330,1431,16333557,142956900
2688,2021-12-19,겨울,스웨터_VEST_ZB,55.25793103448276,5027890,125,990016,11237500
2689,2021-12-19,겨울,스웨터_라운드_ZA,62.24320630023952,18065040,342,3916927,47845800
2690,2021-12-19,겨울,스웨터_라운드_ZB,62.3669853492419,63299822,1871,19040045,168202900
2691,2021-12-19,겨울,스웨터_오픈형(CARDIGAN)_ZA,57.67873187827624,10050313,139,2526892,24186100
2692,2021-12-19,겨울,우븐 셔츠_캐쥬얼셔츠_ZA,58.34878331839525,15086560,359,4093471,36274100
2693,2021-12-19,겨울,우븐 셔츠_캐쥬얼셔츠_ZB,55.78219735676817,5192585,168,1230925,11743200
2694,2021-12-19,겨울,자켓_싱글재킷_ZA,48.02859482859483,13325988,99,4066249,25641000
2695,2021-12-19,겨울,점퍼_패딩점퍼_ZB,68.23188050893644,65343948,742,23855533,285058000
2696,2021-12-19,겨울,조끼_패딩베스트_ZB,75.68365202755282,25475711,810,10098600,104490000
2697,2021-12-19,겨울,코트_더블코트_ZA,56.26922687715037,17285900,72,6592237,39528000
2698,2021-12-19,겨울,코트_더블코트_ZB,62.55772985094315,22707988,152,9116714,60648000
2699,2021-12-19,겨울,코트_싱글코트_ZA,57.99565128063633,188731031,787,65844430,465363000
2700,2021-12-19,겨울,코트_싱글코트_ZB,56.165125167955956,100807500,699,41110196,229971000
2701,2021-12-19,겨울,팬츠_니트팬츠_ZB,52.2134259903832,23682596,709,5817751,49559100
2702,2021-12-19,겨울,팬츠_팬츠(일반)_ZA,56.70110898793413,30117607,627,8367363,69918900
2703,2021-12-19,겨울,팬츠_팬츠(일반)_ZB,55.21974432922768,52978804,1316,15431071,118308400
2704,2021-12-19,봄,가죽&FUR_가죽점퍼_ZA,50.050050050050054,499000,1,204000,999000
2705,2021-12-19,봄,니트 셔츠_라운드_ZB,69.23627840078761,2279249,141,916778,9855900
2706,2021-12-19,봄,수트_블레이져(수트)_ZA,47.26896551724138,3903111,27,1454697,8853000
2707,2021-12-19,봄,수트_블레이져(수트)_ZB,33.46733668341709,159200,1,39620,199000
2708,2021-12-19,봄,수트_블레이져(수트)_ZC,47.69931160504718,1547000,13,595857,3067000
2709,2021-12-19,봄,수트_수트팬츠_ZA,24.765181564245815,703493,17,546835,3283000
2710,2021-12-19,봄,수트_수트팬츠_ZB,inf,-82000,2,49736,198000
2711,2021-12-19,봄,수트_수트팬츠_ZC,49.28239565111073,767000,13,326934,1767000
2712,2021-12-19,봄,스웨터_T-에리_ZB,0.0,0,0,0,0
2713,2021-12-19,봄,스웨터_라운드_ZB,63.57716472578396,1462000,43,386120,4095700
2714,2021-12-19,봄,스웨터_오픈형(CARDIGAN)_ZB,63.10193871169481,295000,5,66478,799500
2715,2021-12-19,봄,우븐 셔츠_드레스셔츠_ZB,64.38790108318005,1394000,56,332030,3914400
2716,2021-12-19,봄,우븐 셔츠_캐쥬얼셔츠_ZB,59.40867906533143,419960,15,112964,1048500
2717,2021-12-19,봄,점퍼_패딩점퍼_ZB,0.0,0,0,0,0
2718,2021-12-19,봄,조끼_패딩베스트_ZB,82.80513775130305,230927,17,172682,1343000
2719,2021-12-19,봄,코트_더블코트_ZB,69.90881458966565,99000,1,35455,329000
2720,2021-12-19,봄,코트_싱글코트_ZB,60.884829641145224,6038600,62,1651352,15438000
2721,2021-12-19,사계절,니트 셔츠_라운드_ZB,27.409776153494747,317800,22,118914,437800
2722,2021-12-19,사계절,데님_데님팬츠_ZB,43.4528762218596,3365622,81,988654,6471900
2723,2021-12-19,사계절,수트_블레이져(수트)_ZB,24.53183975432719,3352139,22,797083,4538000
2724,2021-12-19,사계절,수트_수트팬츠_ZB,inf,2842530,39,697553,3891000
2725,2021-12-19,사계절,우븐 셔츠_드레스셔츠_ZB,44.81613093179441,14805110,694,4696555,29840600
2726,2021-12-19,사계절,우븐 셔츠_드레스셔츠_ZC,27.318295739348372,58000,2,15071,79800
2727,2021-12-19,사계절,자켓_싱글재킷_ZB,56.8664752333094,600850,7,165327,1393000
2728,2021-12-19,사계절,팬츠_니트팬츠_ZB,25.17882689556509,119300,3,18200,189700
2729,2021-12-19,사계절,팬츠_팬츠(일반)_ZB,34.02725156941914,13327232,323,3018358,26947700
2730,2021-12-19,여름,니트 셔츠_라운드_ZB,-inf,276980,18,94947,1279100
2731,2021-12-19,여름,니트 셔츠_티에리_ZB,-inf,42920,1,7238,89900
2732,2021-12-19,여름,수트_블레이져(수트)_ZA,26.666666666666668,2227400,11,509989,2849000
2733,2021-12-19,여름,수트_블레이져(수트)_ZB,20.0,3343200,21,882980,4179000
2734,2021-12-19,여름,수트_블레이져(수트)_ZC,20.0,732800,4,190003,916000
2735,2021-12-19,여름,수트_수트팬츠_ZA,20.0,1668000,15,339381,2085000
2736,2021-12-19,여름,수트_수트팬츠_ZB,20.0,2534400,32,681402,3168000
2737,2021-12-19,여름,수트_수트팬츠_ZC,20.0,301600,3,72546,377000
2738,2021-12-19,여름,스웨터_T-에리_ZB,56.61846496106785,39000,1,9382,89900
2739,2021-12-19,여름,스웨터_라운드_ZB,0.0,0,0,-514,0
2740,2021-12-19,여름,우븐 셔츠_드레스셔츠_ZB,45.63662374821173,38000,1,2531,69900
2741,2021-12-19,여름,우븐 셔츠_캐쥬얼셔츠_ZB,71.68796693689396,653880,31,232881,2166900
2742,2021-12-19,여름,자켓_싱글재킷_ZA,50.19305019305019,1935000,15,467683,3885000
2743,2021-12-19,여름,자켓_싱글재킷_ZB,60.301507537688444,158000,2,42746,398000
2744,2021-12-19,여름,점퍼_점퍼_ZB,60.24096385542169,-99000,-1,-19077,-249000
2745,2021-12-19,여름,팬츠_반바지_ZB,46.7348720813915,-348000,-12,-55462,-578800
2746,2021-12-19,여름,팬츠_팬츠(일반)_ZA,49.64028776978417,1120000,16,222400,2224000
2747,2021-12-19,여름,팬츠_팬츠(일반)_ZB,-inf,809880,17,153669,1528300
2748,2021-12-26,가을,니트 셔츠_라운드_ZB,74.34182704568022,8479173,493,3848401,34460700
2749,2021-12-26,가을,수트_블레이져(수트)_ZB,26.151291438686837,6015005,30,1203057,7170000
2750,2021-12-26,가을,수트_블레이져(수트)_ZC,33.05439330543933,480000,3,113251,717000
2751,2021-12-26,가을,수트_수트팬츠_ZB,37.35192875599852,2971535,28,556160,3612000
2752,2021-12-26,가을,수트_수트팬츠_ZC,38.75968992248062,395000,5,99861,645000
2753,2021-12-26,가을,스웨터_T-에리_ZA,72.56614344607766,16663105,608,6664326,60739200
2754,2021-12-26,가을,스웨터_오픈형(CARDIGAN)_ZB,58.278290369837315,4870050,73,1227092,11672700
2755,2021-12-26,가을,우븐 셔츠_캐쥬얼셔츠_ZB,58.515050360543924,2870800,99,731745,6920100
2756,2021-12-26,가을,코트_싱글코트_ZB,60.24096385542169,297000,3,58501,747000
2757,2021-12-26,가을,팬츠_팬츠(일반)_ZB,58.95818586308019,1623450,44,474741,3955600
2758,2021-12-26,겨울,니트 셔츠_라운드_ZB,62.912923390976246,64272864,2559,20474129,178874100
2759,2021-12-26,겨울,니트 셔츠_오픈형티(맨투맨 등)_ZB,70.34867425497333,25488920,672,8958313,94332800
2760,2021-12-26,겨울,니트 셔츠_후드티_ZB,69.50787316504582,40076961,1462,13777795,131433800
2761,2021-12-26,겨울,사파리_패딩사파리_ZA,70.37641193717484,60015612,406,15665562,202594000
2762,2021-12-26,겨울,사파리_패딩사파리_ZB,72.65499453418612,353942110,2654,137850266,1315346000
2763,2021-12-26,겨울,수트_블레이져(수트)_ZA,50.49341020644469,41200613,262,14103335,83578000
2764,2021-12-26,겨울,수트_블레이져(수트)_ZB,24.3598392774125,20531320,115,4648238,27485000
2765,2021-12-26,겨울,수트_블레이져(수트)_ZC,20.0,-191200,-1,-41784,-239000
2766,2021-12-26,겨울,수트_수트팬츠_ZA,56.80122169839143,18569871,243,7036194,43497000
2767,2021-12-26,겨울,수트_수트팬츠_ZB,25.388492743934282,12975820,137,2849026,17673000
2768,2021-12-26,겨울,수트_수트팬츠_ZC,0.0,0,0,0,0
2769,2021-12-26,겨울,스웨터_T-에리_ZB,61.179600653284865,18421250,475,5247938,47452500
2770,2021-12-26,겨울,스웨터_Turtle_ZA,62.74731432868784,28069561,395,8883523,75420500
2771,2021-12-26,겨울,스웨터_Turtle_ZB,60.9202002626266,55587410,1423,16247907,142157700
2772,2021-12-26,겨울,스웨터_VEST_ZB,54.963890226287916,5425320,134,1060963,12046600
2773,2021-12-26,겨울,스웨터_라운드_ZA,61.985250601428056,19783940,372,4260710,52042800
2774,2021-12-26,겨울,스웨터_라운드_ZB,61.312928175646874,52099957,1498,15270782,134670200
2775,2021-12-26,겨울,스웨터_오픈형(CARDIGAN)_ZA,57.50817436961708,12440900,175,3236797,30862500
2776,2021-12-26,겨울,우븐 셔츠_캐쥬얼셔츠_ZA,57.48698401307255,14182171,327,3764043,33477300
2777,2021-12-26,겨울,우븐 셔츠_캐쥬얼셔츠_ZB,57.24874913829527,5767443,193,1414098,13490700
2778,2021-12-26,겨울,자켓_싱글재킷_ZA,46.497016497016496,10670100,77,3132237,19943000
2779,2021-12-26,겨울,점퍼_패딩점퍼_ZB,68.34058799760123,49581872,547,17412697,206253000
2780,2021-12-26,겨울,조끼_패딩베스트_ZB,75.9777062470092,24817704,803,9992932,103587000
2781,2021-12-26,겨울,코트_더블코트_ZA,59.02952921395544,23392500,104,9522120,57096000
2782,2021-12-26,겨울,코트_더블코트_ZB,57.486525090154856,54111576,319,19133104,127281000
2783,2021-12-26,겨울,코트_싱글코트_ZA,55.994634788985394,207716903,804,69510723,485946000
2784,2021-12-26,겨울,코트_싱글코트_ZB,56.422785774229716,61792054,431,25373117,141799000
2785,2021-12-26,겨울,팬츠_니트팬츠_ZB,57.861504047117265,31251552,1061,8705942,74163900
2786,2021-12-26,겨울,팬츠_팬츠(일반)_ZA,56.378882927436706,20286315,418,6246025,46661700
2787,2021-12-26,겨울,팬츠_팬츠(일반)_ZB,56.208210955618526,63501904,1613,18259879,145008700
2788,2021-12-26,봄,가죽&FUR_가죽점퍼_ZA,66.2962962962963,6513000,18,3687000,17982000
2789,2021-12-26,봄,니트 셔츠_라운드_ZB,65.3134271300569,3481921,147,1079369,10275300
2790,2021-12-26,봄,수트_블레이져(수트)_ZA,25.00712511338478,-3240860,-4,-145950,-1096000
2791,2021-12-26,봄,수트_블레이져(수트)_ZB,62.83082077051927,427700,3,124137,597000
2792,2021-12-26,봄,수트_블레이져(수트)_ZC,46.08122115278587,2666300,22,1030190,5458000
2793,2021-12-26,봄,수트_수트팬츠_ZA,46.48846330450753,1973740,24,693660,4176000
2794,2021-12-26,봄,수트_수트팬츠_ZB,56.242424242424235,669200,8,171062,792000
2795,2021-12-26,봄,수트_수트팬츠_ZC,49.28239565111073,1180000,20,481597,2540000
2796,2021-12-26,봄,스웨터_T-에리_ZB,41.44144144144144,117000,2,19696,199800
2797,2021-12-26,봄,스웨터_라운드_ZB,59.422332510486015,4267500,111,1019938,10768900
2798,2021-12-26,봄,스웨터_오픈형(CARDIGAN)_ZB,63.10193871169481,885000,15,220513,2398500
2799,2021-12-26,봄,우븐 셔츠_드레스셔츠_ZB,80.39994478327435,1561850,114,675917,7968600
2800,2021-12-26,봄,우븐 셔츠_캐쥬얼셔츠_ZB,60.25614823898085,1236000,44,349848,3075600
2801,2021-12-26,봄,점퍼_패딩점퍼_ZB,50.879396984924625,1564000,16,309369,3184000
2802,2021-12-26,봄,조끼_패딩베스트_ZB,81.7539029535865,172973,12,137291,948000
2803,2021-12-26,봄,코트_더블코트_ZB,69.90881458966565,792000,8,277837,2632000
2804,2021-12-26,봄,코트_싱글코트_ZB,60.47720292936452,-1762000,-18,-478150,-4482000
2805,2021-12-26,사계절,니트 셔츠_라운드_ZB,21.46446518305815,437600,28,151346,557200
2806,2021-12-26,사계절,데님_데님팬츠_ZB,46.273685129667896,3843500,92,1121074,7350800
2807,2021-12-26,사계절,수트_블레이져(수트)_ZB,32.15187511632235,4066019,36,1191766,7244000
2808,2021-12-26,사계절,수트_수트팬츠_ZB,78.00764003079895,2110841,27,469860,2643000
2809,2021-12-26,사계절,우븐 셔츠_드레스셔츠_ZB,37.244306684226885,5324692,220,1464797,8328000
2810,2021-12-26,사계절,우븐 셔츠_드레스셔츠_ZC,27.318295739348372,58000,2,15071,79800
2811,2021-12-26,사계절,자켓_싱글재킷_ZB,32.65829145728643,134010,1,23618,199000
2812,2021-12-26,사계절,팬츠_니트팬츠_ZB,61.92384769539078,38000,2,10080,99800
2813,2021-12-26,사계절,팬츠_팬츠(일반)_ZB,38.81450603450973,6275282,174,1632452,15632600
2814,2021-12-26,여름,니트 셔츠_라운드_ZB,78.13916646308543,2450000,144,510454,7960000
2815,2021-12-26,여름,니트 셔츠_티에리_ZB,-inf,250000,-3,-25895,-269700
2816,2021-12-26,여름,수트_블레이져(수트)_ZA,30.0,-777000,-4,-191304,-1036000
2817,2021-12-26,여름,수트_블레이져(수트)_ZB,20.0,159200,1,45749,199000
2818,2021-12-26,여름,수트_블레이져(수트)_ZC,0.0,0,0,0,0
2819,2021-12-26,여름,수트_수트팬츠_ZA,20.0,-111200,-1,-23761,-139000
2820,2021-12-26,여름,수트_수트팬츠_ZB,0.0,0,0,0,0
2821,2021-12-26,여름,수트_수트팬츠_ZC,0.0,0,0,0,0
2822,2021-12-26,여름,스웨터_T-에리_ZB,69.6329254727475,273000,10,75224,899000
2823,2021-12-26,여름,스웨터_라운드_ZB,100.0,0,-1,-9284,-89900
2824,2021-12-26,여름,우븐 셔츠_드레스셔츠_ZB,83.17324068397029,285000,7,57897,489300
2825,2021-12-26,여름,우븐 셔츠_캐쥬얼셔츠_ZB,62.24765538070259,551000,9,109522,629100
2826,2021-12-26,여름,자켓_싱글재킷_ZA,74.27284427284428,-714000,-15,-581129,-3885000
2827,2021-12-26,여름,자켓_싱글재킷_ZB,159.54773869346735,237000,-3,-62320,-597000
2828,2021-12-26,여름,점퍼_점퍼_ZB,0.0,0,0,0,0
2829,2021-12-26,여름,팬츠_반바지_ZB,-inf,29000,-2,-18535,-119800
2830,2021-12-26,여름,팬츠_팬츠(일반)_ZA,62.230215827338135,280000,-1,-15100,-139000
2831,2021-12-26,여름,팬츠_팬츠(일반)_ZB,100.42245050374414,926000,-54,-570147,-4441800
2832,2022-01-02,봄,가죽&FUR_가죽점퍼_ZA,31.33667000333667,10289200,15,3115500,14985000
2833,2022-01-02,봄,니트 셔츠_라운드_ZB,45.16939092320336,1801350,47,438283,3285300
2834,2022-01-02,봄,니트 셔츠_오픈형티(맨투맨 등)_ZA,3.8972907199086144,-3869960,-31,-363544,-4026900
2835,2022-01-02,봄,니트 셔츠_후드티_ZB,56.18279569892473,1418100,36,424118,3236400
2836,2022-01-02,봄,수트_블레이져(수트)_ZB,27.393608654414454,26998200,151,6403133,36089000
2837,2022-01-02,봄,수트_블레이져(수트)_ZC,25.8,8866900,50,2305269,11950000
2838,2022-01-02,봄,수트_수트팬츠_ZB,33.448764973701934,14704950,157,3269050,20253000
2839,2022-01-02,봄,수트_수트팬츠_ZC,25.652173913043477,4411800,46,990534,5934000
2840,2022-01-02,봄,스웨터_VEST_ZA,24.712136378803045,4964030,66,556787,6593400
2841,2022-01-02,봄,스웨터_라운드_ZB,44.324673505541135,11047730,205,2442961,19979500
2842,2022-01-02,봄,스웨터_오픈형(CARDIGAN)_ZA,28.096048024012006,5030760,35,500697,6996500
2843,2022-01-02,봄,스웨터_오픈형(CARDIGAN)_ZB,32.13447358087176,4666230,43,637899,6875700
2844,2022-01-02,봄,우븐 셔츠_캐쥬얼셔츠_ZA,24.49162077337597,7650660,78,1079267,10132200
2845,2022-01-02,봄,우븐 셔츠_캐쥬얼셔츠_ZB,36.08246681995588,6712070,158,1213598,11044200
2846,2022-01-02,봄,점퍼_패딩점퍼_ZB,45.29228023203927,3678000,27,635090,6723000
2847,2022-01-02,봄,팬츠_니트팬츠_ZB,37.79459378058881,826150,19,159691,1328100
2848,2022-01-02,사계절,니트 셔츠_라운드_ZB,48.59015182980294,2228000,62,330673,4333800
2849,2022-01-02,사계절,수트_블레이져(수트)_ZB,30.039191798944543,179081088,1071,38666091,255969000
2850,2022-01-02,사계절,수트_수트팬츠_ZB,29.954225986701058,108575539,1207,21134213,155703000
2851,2022-01-02,사계절,우븐 셔츠_드레스셔츠_ZB,45.16104552740056,60345650,1595,11296026,111490500
2852,2022-01-02,사계절,팬츠_니트팬츠_ZB,14.37107956421261,778110,13,91493,908700
2853,2022-01-02,사계절,팬츠_팬츠(일반)_ZB,51.94195317641362,25470004,512,5458809,51148800
2854,2022-01-09,봄,가죽&FUR_가죽점퍼_ZA,24.98748748748749,-5995000,-8,-1661600,-7992000
2855,2022-01-09,봄,니트 셔츠_라운드_ZB,35.265057552729324,4932220,109,1021169,7619100
2856,2022-01-09,봄,니트 셔츠_오픈형티(맨투맨 등)_ZA,44.64716448550167,1078550,15,180446,1948500
2857,2022-01-09,봄,니트 셔츠_후드티_ZB,35.22479266695766,4600400,79,938458,7102100
2858,2022-01-09,봄,수트_블레이져(수트)_ZB,22.259946384977148,111142300,593,24692294,141727000
2859,2022-01-09,봄,수트_블레이져(수트)_ZC,27.037037037037038,4708300,27,1236342,6453000
2860,2022-01-09,봄,수트_수트팬츠_ZB,21.85505173372749,80229960,789,16506652,101781000
2861,2022-01-09,봄,수트_수트팬츠_ZC,25.0,1935000,20,430667,2580000
2862,2022-01-09,봄,스웨터_T-에리_ZB,20.078740157480315,10139850,127,1338880,12687300
2863,2022-01-09,봄,스웨터_VEST_ZA,28.314028314028313,2005200,28,236213,2797200
2864,2022-01-09,봄,스웨터_라운드_ZB,-1.113873094198457,36946820,520,6486428,52028000
2865,2022-01-09,봄,스웨터_오픈형(CARDIGAN)_ZA,28.096048024012006,2156040,15,214584,2998500
2866,2022-01-09,봄,스웨터_오픈형(CARDIGAN)_ZB,46.629864819358254,4345480,45,687824,7195500
2867,2022-01-09,봄,우븐 셔츠_캐쥬얼셔츠_ZA,25.833333333333332,6936660,72,997497,9352800
2868,2022-01-09,봄,우븐 셔츠_캐쥬얼셔츠_ZB,41.879083214115404,6146415,142,1105322,9925800
2869,2022-01-09,봄,점퍼_패딩점퍼_ZB,40.08032128514056,1342800,9,211697,2241000
2870,2022-01-09,봄,코트_싱글코트_ZB,39.452887537993924,5179200,26,679110,8554000
2871,2022-01-09,봄,팬츠_니트팬츠_ZA,0.0,0,0,0,0
2872,2022-01-09,봄,팬츠_니트팬츠_ZB,41.81267356728099,1382880,34,286316,2376600
2873,2022-01-09,사계절,니트 셔츠_라운드_ZB,47.070490310833655,813950,22,120118,1537800
2874,2022-01-09,사계절,수트_블레이져(수트)_ZB,31.44432149439333,155632370,953,34308895,227767000
2875,2022-01-09,사계절,수트_수트팬츠_ZB,31.165357450473728,91127300,1025,18020014,132225000
2876,2022-01-09,사계절,우븐 셔츠_드레스셔츠_ZB,46.85211122220525,64453740,1724,13263194,120507600
2877,2022-01-09,사계절,자켓_싱글재킷_ZB,26.154292520538743,24179300,137,4013500,32743000
2878,2022-01-09,사계절,팬츠_니트팬츠_ZB,24.523605150214593,263790,5,34789,349500
2879,2022-01-09,사계절,팬츠_팬츠(일반)_ZB,43.85058168570427,32306920,574,5951673,57342600
2880,2022-01-16,봄,가죽&FUR_가죽점퍼_ZA,inf,38559900,56,9579800,55944000
2881,2022-01-16,봄,니트 셔츠_라운드_ZB,60.890470707282184,2241680,82,771680,5731800
2882,2022-01-16,봄,니트 셔츠_오픈형티(맨투맨 등)_ZA,40.32734210262075,1782840,23,276696,2987700
2883,2022-01-16,봄,니트 셔츠_후드티_ZB,55.036872244881145,2182780,54,642339,4854600
2884,2022-01-16,봄,수트_블레이져(수트)_ZB,24.688130933644697,95834017,525,21723681,125475000
2885,2022-01-16,봄,수트_블레이져(수트)_ZC,21.816715515135755,86422964,460,19390373,109940000
2886,2022-01-16,봄,수트_수트팬츠_ZB,25.5935619337607,56127031,567,11766282,73143000
2887,2022-01-16,봄,수트_수트팬츠_ZC,23.56135463186895,46393693,460,9440674,59340000
2888,2022-01-16,봄,스웨터_T-에리_ZB,4.984101748807631,-3227310,-34,-358440,-3396600
2889,2022-01-16,봄,스웨터_VEST_ZA,-9.458347236125014,-2952420,-27,-227776,-2697300
2890,2022-01-16,봄,스웨터_라운드_ZB,69.25759281021658,13937052,342,3683201,31655800
2891,2022-01-16,봄,스웨터_오픈형(CARDIGAN)_ZA,32.76304819076205,8190120,56,757793,11194400
2892,2022-01-16,봄,스웨터_오픈형(CARDIGAN)_ZB,44.167415489944375,5312320,58,873082,9274200
2893,2022-01-16,봄,우븐 셔츠_캐쥬얼셔츠_ZA,-5.891434159332543,-5089460,-37,-512602,-4806300
2894,2022-01-16,봄,우븐 셔츠_캐쥬얼셔츠_ZB,55.96028339805164,5491970,141,1097478,9855900
2895,2022-01-16,봄,점퍼_패딩점퍼_ZB,40.67058933408051,6352400,43,1011439,10707000
2896,2022-01-16,봄,코트_싱글코트_ZB,29.726443768996962,0,0,-45907,-1280000
2897,2022-01-16,봄,팬츠_니트팬츠_ZA,25.945945945945947,2463260,37,331618,3326300
2898,2022-01-16,봄,팬츠_니트팬츠_ZB,38.76086717288434,2225920,52,437839,3634800
2899,2022-01-16,사계절,니트 셔츠_라운드_ZB,45.37651190011705,2520000,66,360387,4613400
2900,2022-01-16,사계절,수트_블레이져(수트)_ZB,31.420029715649633,99259052,609,21936362,145551000
2901,2022-01-16,사계절,수트_수트팬츠_ZB,31.627482482865613,59368156,676,11834231,87204000
2902,2022-01-16,사계절,우븐 셔츠_드레스셔츠_ZB,46.8913875627494,58197539,1568,12053229,109603200
2903,2022-01-16,사계절,자켓_싱글재킷_ZB,26.447437238493723,11250600,64,1874920,15296000
2904,2022-01-16,사계절,팬츠_니트팬츠_ZB,-108.44062947067239,-145700,-1,-7305,-69900
2905,2022-01-16,사계절,팬츠_팬츠(일반)_ZB,45.16991821251456,27129610,490,5122312,48951000
2906,2022-01-16,여름,수트_블레이져(수트)_ZC,0.0,0,0,0,0
2907,2022-01-16,여름,수트_수트팬츠_ZC,0.0,0,0,0,0
2908,2022-01-23,봄,가죽&FUR_가죽점퍼_ZA,inf,-2705800,-1,-169600,-999000
2909,2022-01-23,봄,니트 셔츠_라운드_ZB,56.04962592931354,5622000,183,1716779,12791700
2910,2022-01-23,봄,니트 셔츠_오픈형티(맨투맨 등)_ZA,36.43383617512653,3880905,47,565403,6105300
2911,2022-01-23,봄,니트 셔츠_후드티_ZB,61.1541125359414,1850890,53,631283,4764700
2912,2022-01-23,봄,수트_블레이져(수트)_ZB,23.005591279640026,70473211,381,15783662,91059000
2913,2022-01-23,봄,수트_블레이져(수트)_ZC,22.498086950439397,24923391,135,5880801,32265000
2914,2022-01-23,봄,수트_수트팬츠_ZB,22.991856319342993,38685849,390,8142887,50310000
2915,2022-01-23,봄,수트_수트팬츠_ZC,20.68841816730359,13308369,130,2766929,16770000
2916,2022-01-23,봄,스웨터_T-에리_ZB,49.84401513813278,9369790,187,1971421,18681300
2917,2022-01-23,봄,스웨터_VEST_ZA,57.4004004004004,851140,20,168723,1998000
2918,2022-01-23,봄,스웨터_라운드_ZB,56.37560099891116,24235765,537,5722812,49656300
2919,2022-01-23,봄,스웨터_오픈형(CARDIGAN)_ZA,52.99992258033779,-4568585,-17,-217837,-3398300
2920,2022-01-23,봄,스웨터_오픈형(CARDIGAN)_ZB,44.29908844542991,9016020,98,1467109,15670200
2921,2022-01-23,봄,우븐 셔츠_캐쥬얼셔츠_ZA,44.683147875988524,3161690,44,609581,5715600
2922,2022-01-23,봄,우븐 셔츠_캐쥬얼셔츠_ZB,49.436218838527786,6448108,178,1386636,12442200
2923,2022-01-23,봄,점퍼_패딩점퍼_ZB,37.5686077643909,7461800,48,1129049,11952000
2924,2022-01-23,봄,코트_싱글코트_ZB,32.43915770187422,22551000,119,2806969,30751000
2925,2022-01-23,봄,팬츠_니트팬츠_ZA,51.751681762805234,1821760,42,376431,3775800
2926,2022-01-23,봄,팬츠_니트팬츠_ZB,43.74371022643185,4561485,116,972877,8108400
2927,2022-01-23,사계절,니트 셔츠_라운드_ZB,54.328285691149084,1692000,53,289486,3704700
2928,2022-01-23,사계절,데님_데님팬츠_ZB,0.0,0,0,0,0
2929,2022-01-23,사계절,수트_블레이져(수트)_ZB,38.82468746458318,111456003,765,27532076,182835000
2930,2022-01-23,사계절,수트_수트팬츠_ZB,38.931360907826026,63968765,815,14349721,105135000
2931,2022-01-23,사계절,우븐 셔츠_드레스셔츠_ZB,50.78540975131159,62154561,1851,14241974,129384900
2932,2022-01-23,사계절,자켓_싱글재킷_ZB,43.68723849372385,13997100,104,3046745,24856000
2933,2022-01-23,사계절,팬츠_니트팬츠_ZB,37.05293276108727,1232000,28,198900,1957200
2934,2022-01-23,사계절,팬츠_팬츠(일반)_ZB,51.15628720845228,53503271,1010,10416979,100899000
2935,2022-01-23,여름,수트_블레이져(수트)_ZC,16.259994533336137,39827584,199,8054326,47561000
2936,2022-01-23,여름,수트_수트팬츠_ZC,15.876392446129154,24633916,227,4619934,29283000
2937,2022-01-23,여름,우븐 셔츠_드레스셔츠_ZB,20.838207405928735,2379366,43,267284,3005700
2938,2022-01-30,봄,가죽&FUR_가죽점퍼_ZA,38.76984126984127,15270400,25,4643200,24975000
2939,2022-01-30,봄,니트 셔츠_라운드_ZB,41.61073749901434,10366780,254,2383449,17754600
2940,2022-01-30,봄,니트 셔츠_오픈형티(맨투맨 등)_ZA,46.382363090971836,2019830,29,348870,3767100
2941,2022-01-30,봄,니트 셔츠_후드티_ZB,52.05303189730331,1594860,37,442644,3326300
2942,2022-01-30,봄,수트_블레이져(수트)_ZB,24.853005239962634,66541509,370,15480996,88430000
2943,2022-01-30,봄,수트_블레이져(수트)_ZC,24.472862143462688,11317689,63,2711638,15057000
2944,2022-01-30,봄,수트_수트팬츠_ZB,24.860013460026096,39839851,410,8587407,52890000
2945,2022-01-30,봄,수트_수트팬츠_ZC,26.231691891226774,6153211,64,1372458,8256000
2946,2022-01-30,봄,스웨터_T-에리_ZB,44.24141788847671,9469480,170,1792201,16983000
2947,2022-01-30,봄,스웨터_VEST_ZA,39.271271271271274,910020,15,126542,1498500
2948,2022-01-30,봄,스웨터_라운드_ZB,41.12695276173609,59830310,1069,11616483,99743100
2949,2022-01-30,봄,스웨터_오픈형(CARDIGAN)_ZA,65.3020260130065,732840,12,167441,2398800
2950,2022-01-30,봄,스웨터_오픈형(CARDIGAN)_ZB,38.42735371481016,13892720,142,2134402,22705800
2951,2022-01-30,봄,우븐 셔츠_캐쥬얼셔츠_ZA,39.17463005730904,3555547,45,623435,5845500
2952,2022-01-30,봄,우븐 셔츠_캐쥬얼셔츠_ZB,39.326230641278926,7895580,191,1489099,13350900
2953,2022-01-30,봄,점퍼_패딩점퍼_ZB,100.29657089898053,-9600,13,305784,3237000
2954,2022-01-30,봄,코트_싱글코트_ZB,20.115246280630796,-5693934,-15,-262681,-1335000
2955,2022-01-30,봄,팬츠_니트팬츠_ZA,-12.525027808676308,-303480,-3,-26888,-269700
2956,2022-01-30,봄,팬츠_니트팬츠_ZB,48.120623447029594,2756040,76,637581,5312400
2957,2022-01-30,사계절,니트 셔츠_라운드_ZB,48.27196747232889,3435000,95,518797,6640500
2958,2022-01-30,사계절,데님_데님팬츠_ZB,40.999836793315055,6425587,109,1343637,10889100
2959,2022-01-30,사계절,수트_블레이져(수트)_ZB,41.48123075453002,67545993,482,17286998,115198000
2960,2022-01-30,사계절,수트_수트팬츠_ZB,40.965617373120466,38693478,510,8998783,65790000
2961,2022-01-30,사계절,우븐 셔츠_드레스셔츠_ZB,51.21444159874105,43368862,1304,9998527,91149600
2962,2022-01-30,사계절,자켓_싱글재킷_ZB,43.038522579714325,7896000,58,1699146,13862000
2963,2022-01-30,사계절,팬츠_니트팬츠_ZB,43.41122238117946,712000,18,128019,1258200
2964,2022-01-30,사계절,팬츠_팬츠(일반)_ZB,56.489877632734775,19306640,450,4872751,44955000
2965,2022-01-30,여름,수트_블레이져(수트)_ZB,20.086206896551722,22155300,116,4630544,27724000
2966,2022-01-30,여름,수트_블레이져(수트)_ZC,23.666162831241284,43785089,240,9713760,57360000
2967,2022-01-30,여름,수트_수트팬츠_ZB,20.104166666666668,19788600,192,3915833,24768000
2968,2022-01-30,여름,수트_수트팬츠_ZC,26.015597620335317,20519574,215,4375708,27735000
2969,2022-01-30,여름,우븐 셔츠_드레스셔츠_ZB,25.10593364670618,2198740,42,261068,2935800
2970,2022-01-30,여름,우븐 셔츠_캐쥬얼셔츠_ZB,0.0,0,0,0,0
2971,2022-02-06,봄,가죽&FUR_가죽점퍼_ZA,178.35151818485153,606800,10,1747300,9990000
2972,2022-02-06,봄,니트 셔츠_라운드_ZB,50.367365794672665,11656919,336,3153691,23486400
2973,2022-02-06,봄,니트 셔츠_오픈형티(맨투맨 등)_ZA,39.84026173979984,5939210,76,914274,9872400
2974,2022-02-06,봄,니트 셔츠_후드티_ZB,43.106743341658444,5421586,106,1264452,9529400
2975,2022-02-06,봄,수트_블레이져(수트)_ZB,22.978601710388176,133085442,722,30249243,172558000
2976,2022-02-06,봄,수트_블레이져(수트)_ZC,24.204273504273505,37021100,203,8766428,48517000
2977,2022-02-06,봄,수트_수트팬츠_ZB,22.86564106336761,78429645,786,16536122,101394000
2978,2022-02-06,봄,수트_수트팬츠_ZC,24.11962308468199,22870400,233,4892562,30057000
2979,2022-02-06,봄,스웨터_T-에리_ZB,45.243808164600246,11049690,202,2211769,20179800
2980,2022-02-06,봄,스웨터_VEST_ZA,37.66714082503556,2366280,38,320574,3796200
2981,2022-02-06,봄,스웨터_라운드_ZB,47.39501094531684,51230975,1035,11605207,97396500
2982,2022-02-06,봄,스웨터_오픈형(CARDIGAN)_ZA,41.1975718628545,6000830,51,738451,10194900
2983,2022-02-06,봄,스웨터_오픈형(CARDIGAN)_ZB,42.49980851897378,22076779,241,3677756,38535900
2984,2022-02-06,봄,우븐 셔츠_캐쥬얼셔츠_ZA,39.91696124177154,7648691,98,1357702,12730200
2985,2022-02-06,봄,우븐 셔츠_캐쥬얼셔츠_ZB,42.62447552687463,6959730,169,1315759,11813100
2986,2022-02-06,봄,점퍼_패딩점퍼_ZB,42.85870755750274,9390600,66,1552442,16434000
2987,2022-02-06,봄,코트_싱글코트_ZB,32.66119717130308,44431046,236,6220074,65964000
2988,2022-02-06,봄,팬츠_니트팬츠_ZA,42.66232321627205,3608260,70,627385,6293000
2989,2022-02-06,봄,팬츠_니트팬츠_ZB,43.41162414123787,3599530,91,764649,6360900
2990,2022-02-06,사계절,니트 셔츠_라운드_ZB,49.23249429687198,5252000,148,808170,10345200
2991,2022-02-06,사계절,데님_데님팬츠_ZB,41.26150372092543,19745850,337,4145187,33666300
2992,2022-02-06,사계절,수트_블레이져(수트)_ZB,34.39833460361701,145564520,967,34884024,231113000
2993,2022-02-06,사계절,수트_수트팬츠_ZB,38.250113894617556,73516938,940,16552478,121260000
2994,2022-02-06,사계절,우븐 셔츠_드레스셔츠_ZB,50.69712558435105,73397653,2214,17161645,154758600
2995,2022-02-06,사계절,자켓_싱글재킷_ZB,41.610192742986484,17025300,122,3574066,29158000
2996,2022-02-06,사계절,팬츠_니트팬츠_ZB,35.264663805436335,1086000,24,170982,1677600
2997,2022-02-06,사계절,팬츠_팬츠(일반)_ZB,47.596027031045736,56617652,1074,11315194,107292600
2998,2022-02-06,여름,수트_블레이져(수트)_ZB,22.567568797481954,61256022,331,13213019,79109000
2999,2022-02-06,여름,수트_블레이져(수트)_ZC,24.265160761200463,54482886,301,12180803,71939000
3000,2022-02-06,여름,수트_수트팬츠_ZB,22.341790311831353,44279158,442,9014574,57018000
3001,2022-02-06,여름,수트_수트팬츠_ZC,24.271273846830503,27548596,282,5739301,36378000
3002,2022-02-06,여름,우븐 셔츠_드레스셔츠_ZB,28.676851865414758,14607480,293,1821258,20480700
3003,2022-02-06,여름,우븐 셔츠_캐쥬얼셔츠_ZB,0.0,0,0,0,0
3004,2022-02-06,여름,점퍼_점퍼_ZB,0.0,0,0,0,0
3005,2022-02-13,봄,가죽&FUR_가죽점퍼_ZA,39.0479368257146,26972800,44,8296100,43956000
3006,2022-02-13,봄,니트 셔츠_라운드_ZB,63.425361209413616,4371730,171,1605773,11952900
3007,2022-02-13,봄,니트 셔츠_오픈형티(맨투맨 등)_ZA,44.63957782463657,4962010,69,830069,8963100
3008,2022-02-13,봄,니트 셔츠_후드티_ZB,51.13748609566185,4392740,100,1189856,8990000
3009,2022-02-13,봄,수트_블레이져(수트)_ZB,22.14438015729401,74998211,401,16949801,95839000
3010,2022-02-13,봄,수트_블레이져(수트)_ZC,25.032128819576517,11680659,65,2860835,15535000
3011,2022-02-13,봄,수트_수트팬츠_ZB,22.47554063527719,41436941,413,8718491,53277000
3012,2022-02-13,봄,수트_수트팬츠_ZC,25.05291005291005,3911280,40,843362,5160000
3013,2022-02-13,봄,스웨터_T-에리_ZB,50.38238238238238,4213280,85,934962,8491500
3014,2022-02-13,봄,스웨터_VEST_ZA,61.97947947947948,607720,16,134979,1598400
3015,2022-02-13,봄,스웨터_라운드_ZB,47.39439609151975,56111329,1137,12430540,105336300
3016,2022-02-13,봄,스웨터_오픈형(CARDIGAN)_ZA,41.69052933059936,4848030,41,594265,8195900
3017,2022-02-13,봄,스웨터_오픈형(CARDIGAN)_ZB,45.67253521769838,19486220,226,3453835,36137400
3018,2022-02-13,봄,우븐 셔츠_캐쥬얼셔츠_ZA,36.71000024832998,10194500,124,1717910,16107600
3019,2022-02-13,봄,우븐 셔츠_캐쥬얼셔츠_ZB,42.42164049796071,6389777,157,1223332,10974300
3020,2022-02-13,봄,점퍼_패딩점퍼_ZB,45.54656104733896,17219811,127,2987274,31623000
3021,2022-02-13,봄,코트_싱글코트_ZB,32.257308083485874,62640851,327,8649953,92463000
3022,2022-02-13,봄,팬츠_니트팬츠_ZA,43.653909749571596,1874240,37,331618,3326300
3023,2022-02-13,봄,팬츠_니트팬츠_ZB,48.99503929546848,5490480,154,1297217,10764600
3024,2022-02-13,사계절,니트 셔츠_라운드_ZB,51.864490800811794,7234045,215,1174089,15028500
3025,2022-02-13,사계절,데님_데님팬츠_ZB,inf,6089000,108,1342232,10789200
3026,2022-02-13,사계절,수트_블레이져(수트)_ZB,36.183294792918225,112029018,765,27581988,182835000
3027,2022-02-13,사계절,수트_수트팬츠_ZB,42.394266222467934,52017195,694,12275508,89526000
3028,2022-02-13,사계절,우븐 셔츠_드레스셔츠_ZB,49.73706898934661,79652612,2326,17973286,162587400
3029,2022-02-13,사계절,자켓_싱글재킷_ZB,39.44845949030049,15919000,110,3222518,26290000
3030,2022-02-13,사계절,팬츠_니트팬츠_ZB,37.05293276108727,528000,12,85491,838800
3031,2022-02-13,사계절,팬츠_팬츠(일반)_ZB,46.88658446314061,70244797,1314,13785462,131268600
3032,2022-02-13,여름,수트_블레이져(수트)_ZA,30.05451819544773,25659500,115,5741715,36685000
3033,2022-02-13,여름,수트_블레이져(수트)_ZB,24.240471476681293,37118381,205,8183290,48995000
3034,2022-02-13,여름,수트_블레이져(수트)_ZC,23.510368024284688,50234453,248,10919923,65992000
3035,2022-02-13,여름,수트_수트팬츠_ZA,30.124087591240876,17135670,137,3402071,24523000
3036,2022-02-13,여름,수트_수트팬츠_ZB,25.514203935599284,18736902,195,3977138,25155000
3037,2022-02-13,여름,수트_수트팬츠_ZC,23.926296315572802,26845073,243,5357755,35497000
3038,2022-02-13,여름,스웨터_T-에리_ZA,0.0,0,0,0,0
3039,2022-02-13,여름,스웨터_라운드_ZA,0.0,0,0,0,0
3040,2022-02-13,여름,우븐 셔츠_드레스셔츠_ZB,54.04390805339529,8544800,266,1653428,18593400
3041,2022-02-13,여름,우븐 셔츠_캐쥬얼셔츠_ZA,0.0,0,0,0,0
3042,2022-02-13,여름,우븐 셔츠_캐쥬얼셔츠_ZB,20.0,3452160,48,376617,4315200
3043,2022-02-13,여름,자켓_싱글재킷_ZB,20.0,1912000,10,234697,2390000
3044,2022-02-13,여름,점퍼_점퍼_ZB,0.0,0,0,0,0
3045,2022-02-13,여름,팬츠_니트팬츠_ZB,0.0,0,0,0,0
3046,2022-02-20,봄,가죽&FUR_가죽점퍼_ZA,43.51907463018574,10288800,18,3297600,17982000
3047,2022-02-20,봄,니트 셔츠_라운드_ZB,51.64975767773976,15343756,454,4262122,31734600
3048,2022-02-20,봄,니트 셔츠_오픈형티(맨투맨 등)_ZA,43.66855623206663,4829520,66,793977,8573400
3049,2022-02-20,봄,니트 셔츠_후드티_ZB,52.21516723562579,9966387,232,2764293,20856800
3050,2022-02-20,봄,수트_블레이져(수트)_ZB,22.019618986044428,62431710,334,14077904,79826000
3051,2022-02-20,봄,수트_블레이져(수트)_ZC,22.906511677557788,22276060,121,5325624,28919000
3052,2022-02-20,봄,수트_수트팬츠_ZB,22.728664725024682,36333140,363,7665503,46827000
3053,2022-02-20,봄,수트_수트팬츠_ZC,22.521572312269985,11690930,117,2499359,15093000
3054,2022-02-20,봄,스웨터_T-에리_ZB,52.72538865396008,9256558,196,2155742,19580400
3055,2022-02-20,봄,스웨터_VEST_ZA,45.5761316872428,978650,18,151851,1798200
3056,2022-02-20,봄,스웨터_라운드_ZB,48.01054734303271,52889000,1084,11907588,100701600
3057,2022-02-20,봄,스웨터_오픈형(CARDIGAN)_ZA,53.53316297788534,4381680,40,574010,7996000
3058,2022-02-20,봄,스웨터_오픈형(CARDIGAN)_ZB,55.60159848332881,10725340,136,2053239,21746400
3059,2022-02-20,봄,우븐 셔츠_캐쥬얼셔츠_ZA,38.64325051392026,7252920,91,1260725,11820900
3060,2022-02-20,봄,우븐 셔츠_캐쥬얼셔츠_ZB,47.28375601508648,4720780,122,949862,8527800
3061,2022-02-20,봄,점퍼_패딩점퍼_ZB,50.24030135139097,16974526,137,3222493,34113000
3062,2022-02-20,봄,코트_싱글코트_ZB,38.407316959073015,43740650,253,6696812,71077000
3063,2022-02-20,봄,팬츠_니트팬츠_ZA,39.41893108745167,2287420,42,376431,3775800
3064,2022-02-20,봄,팬츠_니트팬츠_ZB,48.18718282692404,14559298,402,3384525,28099800
3065,2022-02-20,사계절,니트 셔츠_라운드_ZB,51.74772210874205,6307200,187,1021128,13071300
3066,2022-02-20,사계절,데님_데님팬츠_ZB,42.81954556163857,17536450,303,3786366,30269700
3067,2022-02-20,사계절,수트_블레이져(수트)_ZB,25.69978695243788,33343879,315,11012041,75285000
3068,2022-02-20,사계절,수트_수트팬츠_ZB,38.77213766356682,48794014,629,11098921,81141000
3069,2022-02-20,사계절,우븐 셔츠_드레스셔츠_ZB,51.04695777086794,62157162,1860,14402881,130014000
3070,2022-02-20,사계절,자켓_싱글재킷_ZB,41.724425166020495,15181370,109,3193223,26051000
3071,2022-02-20,사계절,팬츠_니트팬츠_ZB,37.85328246701637,781930,18,128454,1258200
3072,2022-02-20,사계절,팬츠_팬츠(일반)_ZB,47.91420512069887,48606710,939,9765430,93806100
3073,2022-02-20,여름,수트_블레이져(수트)_ZA,30.555667913843664,27469400,124,6191067,39556000
3074,2022-02-20,여름,수트_블레이져(수트)_ZB,21.77851803250476,83485360,449,18033749,107311000
3075,2022-02-20,여름,수트_블레이져(수트)_ZC,21.79692877750935,72617710,349,15582089,93091000
3076,2022-02-20,여름,수트_수트팬츠_ZA,31.52957934070813,18506870,151,3749728,27029000
3077,2022-02-20,여름,수트_수트팬츠_ZB,21.74566077265895,54965384,549,11330447,70821000
3078,2022-02-20,여름,수트_수트팬츠_ZC,21.952622371701125,37961294,333,7440420,48857000
3079,2022-02-20,여름,스웨터_T-에리_ZA,0.0,0,0,0,0
3080,2022-02-20,여름,스웨터_라운드_ZA,0.0,0,0,0,0
3081,2022-02-20,여름,우븐 셔츠_드레스셔츠_ZB,48.39891998629833,15365460,426,2647972,29777400
3082,2022-02-20,여름,우븐 셔츠_캐쥬얼셔츠_ZA,0.0,0,0,0,0
3083,2022-02-20,여름,우븐 셔츠_캐쥬얼셔츠_ZB,12.584352984797924,-2053760,-28,-214365,-2517200
3084,2022-02-20,여름,자켓_싱글재킷_ZB,20.0,191200,1,23470,239000
3085,2022-02-20,여름,점퍼_점퍼_ZB,0.0,0,0,0,0
3086,2022-02-20,여름,팬츠_니트팬츠_ZB,0.0,0,0,0,0
3087,2022-02-27,봄,가죽&FUR_가죽점퍼_ZA,40.73327873327873,15583500,26,4631300,25974000
3088,2022-02-27,봄,니트 셔츠_라운드_ZB,58.452384645879654,12052340,415,3894829,29008500
3089,2022-02-27,봄,니트 셔츠_오픈형티(맨투맨 등)_ZA,48.23147292789325,4034839,60,721806,7794000
3090,2022-02-27,봄,니트 셔츠_후드티_ZB,66.34560139285196,3479360,115,1366686,10338500
3091,2022-02-27,봄,수트_블레이져(수트)_ZB,24.667932988741242,46152850,254,10705929,60706000
3092,2022-02-27,봄,수트_블레이져(수트)_ZC,25.741360089186173,13599100,75,3279017,17925000
3093,2022-02-27,봄,수트_수트팬츠_ZB,25.64634006174704,27844884,289,6088992,37281000
3094,2022-02-27,봄,수트_수트팬츠_ZC,28.969248356045057,6046014,65,1388804,8385000
3095,2022-02-27,봄,스웨터_T-에리_ZB,51.342647480193946,13075739,269,2958717,26873100
3096,2022-02-27,봄,스웨터_VEST_ZA,49.522647647647645,806830,16,134979,1598400
3097,2022-02-27,봄,스웨터_라운드_ZB,50.5699552700212,44440324,941,10446959,87915900
3098,2022-02-27,봄,스웨터_오픈형(CARDIGAN)_ZA,79.0207603801901,779020,14,206228,2798600
3099,2022-02-27,봄,스웨터_오픈형(CARDIGAN)_ZB,45.3413447222494,12049180,138,2110285,22066200
3100,2022-02-27,봄,우븐 셔츠_캐쥬얼셔츠_ZA,48.058628094485634,5127860,76,1052912,9872400
3101,2022-02-27,봄,우븐 셔츠_캐쥬얼셔츠_ZB,49.498353949092966,6557645,185,1441047,12931500
3102,2022-02-27,봄,점퍼_패딩점퍼_ZB,53.83597198712204,13908760,121,2846143,30129000
3103,2022-02-27,봄,코트_싱글코트_ZB,57.59844915767842,31959680,267,7217654,75203000
3104,2022-02-27,봄,팬츠_니트팬츠_ZA,50.444568038561364,2673020,60,537759,5394000
3105,2022-02-27,봄,팬츠_니트팬츠_ZB,200.74001820782937,-774590,11,93522,768900
3106,2022-02-27,사계절,니트 셔츠_라운드_ZB,60.26207993927185,5444254,196,1070150,13700400
3107,2022-02-27,사계절,데님_데님팬츠_ZB,35.279872143871046,8722550,182,2237192,18181800
3108,2022-02-27,사계절,수트_블레이져(수트)_ZB,40.663067823567204,64557327,457,16404306,109223000
3109,2022-02-27,사계절,수트_수트팬츠_ZB,40.83920449551679,38064013,496,8780429,63984000
3110,2022-02-27,사계절,우븐 셔츠_드레스셔츠_ZB,50.2880826500434,52432648,1570,12040049,109743000
3111,2022-02-27,사계절,자켓_싱글재킷_ZB,42.17424242424242,18242870,132,3867022,31548000
3112,2022-02-27,사계절,팬츠_니트팬츠_ZB,44.862536542887355,886445,23,164111,1607700
3113,2022-02-27,사계절,팬츠_팬츠(일반)_ZB,47.8516324351352,62458205,1196,12676062,119480400
3114,2022-02-27,여름,수트_블레이져(수트)_ZA,33.43120014272243,26119600,123,6141139,39237000
3115,2022-02-27,여름,수트_블레이져(수트)_ZB,23.86429056541919,98198508,544,22009393,130016000
3116,2022-02-27,여름,수트_블레이져(수트)_ZC,24.642556054350134,64442608,310,14321067,86570000
3117,2022-02-27,여름,수트_수트팬츠_ZA,32.940702750557136,21966614,183,4544373,32757000
3118,2022-02-27,여름,수트_수트팬츠_ZB,24.378408183423602,59545454,614,12634277,79206000
3119,2022-02-27,여름,수트_수트팬츠_ZC,25.976154928437808,38179753,339,7779861,52031000
3120,2022-02-27,여름,스웨터_T-에리_ZA,0.0,0,0,0,0
3121,2022-02-27,여름,스웨터_라운드_ZA,0.0,0,0,0,0
3122,2022-02-27,여름,우븐 셔츠_드레스셔츠_ZB,47.5637573653653,18216508,497,3089300,34740300
3123,2022-02-27,여름,우븐 셔츠_캐쥬얼셔츠_ZA,0.0,0,0,0,0
3124,2022-02-27,여름,우븐 셔츠_캐쥬얼셔츠_ZB,37.14618601551795,7577620,122,928402,10967800
3125,2022-02-27,여름,자켓_싱글재킷_ZA,20.0,1243200,6,187179,1554000
3126,2022-02-27,여름,자켓_싱글재킷_ZB,27.355648535564853,694480,4,93879,956000
3127,2022-02-27,여름,점퍼_점퍼_ZB,38.36267624539097,33321020,213,5188975,53037000
3128,2022-02-27,여름,팬츠_니트팬츠_ZB,0.0,0,0,0,0
3129,2022-02-27,여름,팬츠_팬츠(일반)_ZA,20.0,778400,7,96035,973000
3130,2022-02-27,여름,팬츠_팬츠(일반)_ZB,0.0,0,0,0,0
3131,2022-03-06,봄,가죽&FUR_가죽점퍼_ZA,45.21651062827533,21007800,39,7291500,38961000
3132,2022-03-06,봄,니트 셔츠_라운드_ZB,54.13960702154059,27055614,844,7920636,58995600
3133,2022-03-06,봄,니트 셔츠_오픈형티(맨투맨 등)_ZA,49.85919337843076,9183740,141,1696229,18315900
3134,2022-03-06,봄,니트 셔츠_후드티_ZB,55.416122192583636,12385000,309,3675444,27779100
3135,2022-03-06,봄,수트_블레이져(수트)_ZB,24.22351479555215,67883835,375,15848131,89625000
3136,2022-03-06,봄,수트_블레이져(수트)_ZC,23.29206399403198,21043041,115,5063896,27485000
3137,2022-03-06,봄,수트_수트팬츠_ZB,24.401181262460103,38828180,398,8420303,51342000
3138,2022-03-06,봄,수트_수트팬츠_ZC,24.094754402435765,10744139,110,2352864,14190000
3139,2022-03-06,봄,스웨터_T-에리_ZB,50.69355417005336,30391655,617,6786266,61638300
3140,2022-03-06,봄,스웨터_VEST_ZA,52.2004147004147,1337050,28,236213,2797200
3141,2022-03-06,봄,스웨터_라운드_ZB,55.094957674235246,90585266,2147,23530898,199175300
3142,2022-03-06,봄,스웨터_오픈형(CARDIGAN)_ZA,53.251612906556474,6450690,70,1012699,13993000
3143,2022-03-06,봄,스웨터_오픈형(CARDIGAN)_ZB,50.97745804690549,29726536,377,5727222,60282300
3144,2022-03-06,봄,우븐 셔츠_캐쥬얼셔츠_ZA,46.55230680591263,11039140,159,2202804,20654100
3145,2022-03-06,봄,우븐 셔츠_캐쥬얼셔츠_ZB,50.6248996340727,10587195,301,2345897,21039900
3146,2022-03-06,봄,점퍼_패딩점퍼_ZB,52.8118391373714,25732176,219,5151284,54531000
3147,2022-03-06,봄,코트_싱글코트_ZB,45.822127835581725,131302367,871,24541040,242159000
3148,2022-03-06,봄,팬츠_니트팬츠_ZA,51.662402669632925,4345550,100,896264,8990000
3149,2022-03-06,봄,팬츠_니트팬츠_ZB,52.277667149035466,11575195,347,2921832,24255300
3150,2022-03-06,사계절,니트 셔츠_라운드_ZB,48.99109194519276,14939540,419,2287989,29288100
3151,2022-03-06,사계절,데님_데님팬츠_ZB,54.39057759193387,21858105,452,5723516,45154800
3152,2022-03-06,사계절,수트_블레이져(수트)_ZB,38.86769080414135,89967596,623,22357011,148897000
3153,2022-03-06,사계절,수트_수트팬츠_ZB,38.43851376442875,51480207,655,11500638,84495000
3154,2022-03-06,사계절,우븐 셔츠_드레스셔츠_ZB,50.51525324597909,71548134,2133,16445724,149096700
3155,2022-03-06,사계절,자켓_싱글재킷_ZB,40.61216607660122,18451800,130,3808431,31070000
3156,2022-03-06,사계절,팬츠_니트팬츠_ZB,42.9290194783757,2593020,65,463547,4543500
3157,2022-03-06,사계절,팬츠_팬츠(일반)_ZB,53.632847836991004,89472609,1911,20126085,190908900
3158,2022-03-06,여름,수트_블레이져(수트)_ZA,33.23494849977609,37271590,175,8961925,55825000
3159,2022-03-06,여름,수트_블레이져(수트)_ZB,23.252589113023635,145068694,796,32421346,190244000
3160,2022-03-06,여름,수트_블레이져(수트)_ZC,26.13378112149719,96829079,491,24059649,132549000
3161,2022-03-06,여름,수트_수트팬츠_ZA,33.13911813364663,27885668,233,5888091,41707000
3162,2022-03-06,여름,수트_수트팬츠_ZB,23.252251752863494,96116351,977,20659936,126033000
3163,2022-03-06,여름,수트_수트팬츠_ZC,26.298613517591217,51840110,481,11672509,71249000
3164,2022-03-06,여름,스웨터_T-에리_ZA,0.0,0,0,0,0
3165,2022-03-06,여름,스웨터_T-에리_ZB,0.0,0,0,0,0
3166,2022-03-06,여름,스웨터_라운드_ZA,0.0,0,0,0,0
3167,2022-03-06,여름,우븐 셔츠_드레스셔츠_ZB,38.947430804336776,17001698,485,3013782,33901500
3168,2022-03-06,여름,우븐 셔츠_캐쥬얼셔츠_ZA,29.81651376146789,7642350,109,945253,10889100
3169,2022-03-06,여름,우븐 셔츠_캐쥬얼셔츠_ZB,58.13409208603391,14520190,346,2659596,31105400
3170,2022-03-06,여름,자켓_싱글재킷_ZA,29.896049896049895,7081200,39,1218210,10101000
3171,2022-03-06,여름,자켓_싱글재킷_ZB,33.34986311276409,12902800,81,1901046,19359000
3172,2022-03-06,여름,점퍼_점퍼_ZB,41.62648036173155,76287701,534,13140034,132966000
3173,2022-03-06,여름,팬츠_니트팬츠_ZB,0.0,0,0,0,0
3174,2022-03-06,여름,팬츠_반바지_ZB,0.0,0,0,0,0
3175,2022-03-06,여름,팬츠_팬츠(일반)_ZA,34.45083932853717,2733400,30,411713,4170000
3176,2022-03-06,여름,팬츠_팬츠(일반)_ZB,30.0,349650,5,57629,499500
3177,2022-03-13,봄,가죽&FUR_가죽점퍼_ZA,44.61260344593678,22148900,40,7574200,39960000
3178,2022-03-13,봄,니트 셔츠_라운드_ZB,57.09580710661391,29180300,973,9133822,68012700
3179,2022-03-13,봄,니트 셔츠_오픈형티(맨투맨 등)_ZA,54.677986316668296,12540012,213,2562391,27668700
3180,2022-03-13,봄,니트 셔츠_후드티_ZB,61.976292124269534,9708061,284,3369741,25531600
3181,2022-03-13,봄,수트_블레이져(수트)_ZB,24.64665545769284,63132480,352,14993537,84128000
3182,2022-03-13,봄,수트_블레이져(수트)_ZC,23.14379536079146,17634680,96,4215265,22944000
3183,2022-03-13,봄,수트_수트팬츠_ZB,24.68356341284243,37408445,388,8236505,50052000
3184,2022-03-13,봄,수트_수트팬츠_ZC,22.728179730117716,8960000,90,1918816,11610000
3185,2022-03-13,봄,스웨터_T-에리_ZB,61.57608084274751,28213339,735,8084270,73426500
3186,2022-03-13,봄,스웨터_VEST_ZA,56.130877544210875,3286894,75,632712,7492500
3187,2022-03-13,봄,스웨터_라운드_ZB,56.007273982535075,99817378,2435,26322189,224166500
3188,2022-03-13,봄,스웨터_오픈형(CARDIGAN)_ZA,60.239157898188,6912398,87,1270769,17391300
3189,2022-03-13,봄,스웨터_오픈형(CARDIGAN)_ZB,57.78273213619184,45470855,669,10225618,106973100
3190,2022-03-13,봄,우븐 셔츠_캐쥬얼셔츠_ZA,48.226001255005464,16006553,238,3297282,30916200
3191,2022-03-13,봄,우븐 셔츠_캐쥬얼셔츠_ZB,51.34250863359617,11492487,336,2617811,23486400
3192,2022-03-13,봄,점퍼_패딩점퍼_ZB,58.35302234579343,24266028,234,5504112,58266000
3193,2022-03-13,봄,코트_싱글코트_ZB,45.849341916138314,133595714,903,26059175,254527000
3194,2022-03-13,봄,팬츠_니트팬츠_ZA,52.77353922659164,3608810,85,761825,7641500
3195,2022-03-13,봄,팬츠_니트팬츠_ZB,54.0043990492139,12442408,387,3268709,27051300
3196,2022-03-13,사계절,니트 셔츠_라운드_ZB,53.62059041592264,22207157,685,3740500,47881500
3197,2022-03-13,사계절,데님_데님팬츠_ZB,57.44982102201467,21599900,493,6209957,49250700
3198,2022-03-13,사계절,수트_블레이져(수트)_ZB,39.13626769194837,75101415,526,18821123,125714000
3199,2022-03-13,사계절,수트_수트팬츠_ZB,39.508111742082804,42921691,556,9756742,71724000
3200,2022-03-13,사계절,우븐 셔츠_드레스셔츠_ZB,53.1912317717048,65231222,2013,15469637,140708700
3201,2022-03-13,사계절,자켓_싱글재킷_ZB,42.135980758148975,23095266,167,4892369,39913000
3202,2022-03-13,사계절,팬츠_니트팬츠_ZB,46.4976921208195,1982100,53,376319,3704700
3203,2022-03-13,사계절,팬츠_팬츠(일반)_ZB,55.09096632592238,97081900,2144,22489445,214185600
3204,2022-03-13,여름,니트 셔츠_라운드_ZB,0.0,0,0,0,0
3205,2022-03-13,여름,수트_블레이져(수트)_ZA,34.53218891370863,34876667,167,8599347,53273000
3206,2022-03-13,여름,수트_블레이져(수트)_ZB,24.498542426090147,115501450,643,26419272,153677000
3207,2022-03-13,여름,수트_블레이져(수트)_ZC,27.119935254883547,70504400,368,18063176,97872000
3208,2022-03-13,여름,수트_수트팬츠_ZA,34.994460423696,23504703,202,5121226,36158000
3209,2022-03-13,여름,수트_수트팬츠_ZB,24.309939721682273,72634055,748,15825670,96492000
3210,2022-03-13,여름,수트_수트팬츠_ZC,28.965174937372918,32276835,320,7679527,45430000
3211,2022-03-13,여름,스웨터_T-에리_ZA,0.0,0,0,0,0
3212,2022-03-13,여름,스웨터_T-에리_ZB,0.0,0,0,0,0
3213,2022-03-13,여름,스웨터_라운드_ZA,0.0,0,0,0,0
3214,2022-03-13,여름,우븐 셔츠_드레스셔츠_ZB,52.00358197062712,26504102,790,4910558,55221000
3215,2022-03-13,여름,우븐 셔츠_캐쥬얼셔츠_ZA,268.5735735735736,-336810,2,17344,199800
3216,2022-03-13,여름,우븐 셔츠_캐쥬얼셔츠_ZB,55.52222522950524,12137782,287,2165696,25801300
3217,2022-03-13,여름,자켓_싱글재킷_ZA,32.83897342720872,20699700,119,3774776,30821000
3218,2022-03-13,여름,자켓_싱글재킷_ZB,-24.89539748953975,-597000,-2,-46939,-478000
3219,2022-03-13,여름,점퍼_점퍼_ZB,47.75670169343147,96780536,736,17876639,183264000
3220,2022-03-13,여름,팬츠_니트팬츠_ZB,0.0,0,0,0,0
3221,2022-03-13,여름,팬츠_반바지_ZB,0.0,0,0,0,0
3222,2022-03-13,여름,팬츠_팬츠(일반)_ZA,42.07938476804763,11673900,145,1991081,20155000
3223,2022-03-13,여름,팬츠_팬츠(일반)_ZB,0.0,0,0,0,0
3224,2022-03-20,봄,가죽&FUR_가죽점퍼_ZA,48.50676867343534,24038900,46,8893000,45954000
3225,2022-03-20,봄,니트 셔츠_라운드_ZB,57.253629864901235,38275912,1281,12022841,89541900
3226,2022-03-20,봄,니트 셔츠_오픈형티(맨투맨 등)_ZA,53.32246990917411,14127748,233,2802965,30266700
3227,2022-03-20,봄,니트 셔츠_후드티_ZB,59.554435298479795,13635211,375,4460170,33712500
3228,2022-03-20,봄,수트_블레이져(수트)_ZB,25.809307362417847,56088502,318,13416525,76002000
3229,2022-03-20,봄,수트_블레이져(수트)_ZC,23.430132342020112,13538200,74,3242844,17686000
3230,2022-03-20,봄,수트_수트팬츠_ZB,25.219321929731795,32602980,341,7203668,43989000
3231,2022-03-20,봄,수트_수트팬츠_ZC,24.44625360446392,8493216,87,1863008,11223000
3232,2022-03-20,봄,스웨터_T-에리_ZB,60.82392894313424,41367698,1057,11625753,105594300
3233,2022-03-20,봄,스웨터_VEST_ZA,53.39786127591006,1908777,41,345883,4095900
3234,2022-03-20,봄,스웨터_라운드_ZB,58.87249086539203,94169296,2408,27044565,226529200
3235,2022-03-20,봄,스웨터_오픈형(CARDIGAN)_ZA,60.04856884964221,5057278,63,914939,12593700
3236,2022-03-20,봄,스웨터_오픈형(CARDIGAN)_ZB,62.41655917817431,32167962,541,8274394,86505900
3237,2022-03-20,봄,우븐 셔츠_캐쥬얼셔츠_ZA,57.55167772950683,7885073,143,1981137,18575700
3238,2022-03-20,봄,우븐 셔츠_캐쥬얼셔츠_ZB,50.242323861351885,12443327,361,2815673,25233900
3239,2022-03-20,봄,점퍼_패딩점퍼_ZB,58.98965990544456,32268576,316,7432903,78684000
3240,2022-03-20,봄,코트_싱글코트_ZB,54.03191497865669,111381100,835,23356154,226075000
3241,2022-03-20,봄,팬츠_니트팬츠_ZA,47.708844908038984,7474550,159,1425060,14294100
3242,2022-03-20,봄,팬츠_니트팬츠_ZB,56.179014280926694,12160455,397,3344577,27750300
3243,2022-03-20,사계절,니트 셔츠_라운드_ZB,53.40756587252023,21039000,646,3527385,45155400
3244,2022-03-20,사계절,데님_데님팬츠_ZB,55.041731844824874,22982045,535,6794899,53446500
3245,2022-03-20,사계절,수트_블레이져(수트)_ZB,39.98383556916706,73688299,517,18489140,123563000
3246,2022-03-20,사계절,수트_수트팬츠_ZB,40.496060687301124,44918041,585,10275852,75465000
3247,2022-03-20,사계절,우븐 셔츠_드레스셔츠_ZB,53.59227724383373,60252524,1947,14926748,136095300
3248,2022-03-20,사계절,자켓_싱글재킷_ZB,41.96726638772664,24965682,180,5273212,43020000
3249,2022-03-20,사계절,팬츠_니트팬츠_ZB,43.02285477904419,2363300,77,538431,5302300
3250,2022-03-20,사계절,팬츠_팬츠(일반)_ZB,57.808570843240844,86213238,1983,20870087,198101700
3251,2022-03-20,여름,니트 셔츠_라운드_ZB,39.384122090334515,23592912,780,3836383,38922000
3252,2022-03-20,여름,수트_블레이져(수트)_ZA,32.419860451006166,33415000,155,7977503,49445000
3253,2022-03-20,여름,수트_블레이져(수트)_ZB,25.081272532725816,130618102,740,30387476,176860000
3254,2022-03-20,여름,수트_블레이져(수트)_ZC,26.69228249734985,66798673,338,16944002,93422000
3255,2022-03-20,여름,수트_수트팬츠_ZA,32.97034749628415,26156311,218,5527222,39022000
3256,2022-03-20,여름,수트_수트팬츠_ZB,24.662456969838757,77746165,812,17217317,104748000
3257,2022-03-20,여름,수트_수트팬츠_ZC,27.007615045811985,37558000,352,8591857,52058000
3258,2022-03-20,여름,스웨터_T-에리_ZA,0.0,0,0,0,0
3259,2022-03-20,여름,스웨터_T-에리_ZB,34.59586062331592,32574270,554,3936170,49804600
3260,2022-03-20,여름,스웨터_라운드_ZA,0.0,0,0,0,0
3261,2022-03-20,여름,우븐 셔츠_드레스셔츠_ZB,51.06670135865505,28492245,833,5177841,58226700
3262,2022-03-20,여름,우븐 셔츠_캐쥬얼셔츠_ZA,45.3033553033553,4207430,77,667747,7692300
3263,2022-03-20,여름,우븐 셔츠_캐쥬얼셔츠_ZB,68.33260286145293,13307570,468,3539074,42073200
3264,2022-03-20,여름,자켓_싱글재킷_ZA,37.854231164322904,17544372,109,3447977,28231000
3265,2022-03-20,여름,자켓_싱글재킷_ZB,-4.469379992392545,-2746500,-11,-258167,-2629000
3266,2022-03-20,여름,점퍼_점퍼_ZB,53.03737321797287,114913719,949,23534638,236301000
3267,2022-03-20,여름,팬츠_니트팬츠_ZB,44.20600858369099,1014000,26,175549,1817400
3268,2022-03-20,여름,팬츠_반바지_ZB,0.0,0,0,0,0
3269,2022-03-20,여름,팬츠_팬츠(일반)_ZA,48.17556354916067,6483237,90,1235351,12510000
3270,2022-03-20,여름,팬츠_팬츠(일반)_ZB,42.065194446146826,8507900,147,1378409,14685300
3271,2022-03-27,봄,가죽&FUR_가죽점퍼_ZA,55.342299564521795,10634200,24,4581900,23976000
3272,2022-03-27,봄,니트 셔츠_라운드_ZB,59.404138417200556,23495748,828,7774289,57877200
3273,2022-03-27,봄,니트 셔츠_오픈형티(맨투맨 등)_ZA,59.44126250962279,14225166,270,3248051,35073000
3274,2022-03-27,봄,니트 셔츠_후드티_ZB,60.97800840906388,11155685,318,3780420,28588200
3275,2022-03-27,봄,수트_블레이져(수트)_ZB,24.598498091403403,58446450,326,13750193,77914000
3276,2022-03-27,봄,수트_블레이져(수트)_ZC,25.78057994419072,14631800,83,3659825,19837000
3277,2022-03-27,봄,수트_수트팬츠_ZB,24.934361186099697,33682340,350,7395290,45150000
3278,2022-03-27,봄,수트_수트팬츠_ZC,22.112338298785772,7127200,71,1515948,9159000
3279,2022-03-27,봄,스웨터_T-에리_ZB,44.8931275025025,24663191,448,4927595,44755200
3280,2022-03-27,봄,스웨터_VEST_ZA,54.964504504504504,2249523,50,421808,4995000
3281,2022-03-27,봄,스웨터_라운드_ZB,43.94148991783304,67464720,1499,15939547,136710100
3282,2022-03-27,봄,스웨터_오픈형(CARDIGAN)_ZA,58.461565486690716,4233318,51,740892,10194900
3283,2022-03-27,봄,스웨터_오픈형(CARDIGAN)_ZB,59.7206669414098,38853571,603,9190587,96419700
3284,2022-03-27,봄,우븐 셔츠_캐쥬얼셔츠_ZA,54.837550440321806,10677216,182,2521449,23641800
3285,2022-03-27,봄,우븐 셔츠_캐쥬얼셔츠_ZB,53.28453952354478,9205348,282,2197716,19711800
3286,2022-03-27,봄,점퍼_패딩점퍼_ZB,59.349250554129085,18523327,183,4304498,45567000
3287,2022-03-27,봄,코트_싱글코트_ZB,57.53467191374847,98517470,817,23161788,228233000
3288,2022-03-27,봄,팬츠_니트팬츠_ZA,56.47217446994978,3874020,99,887302,8900100
3289,2022-03-27,봄,팬츠_니트팬츠_ZB,57.112442965859934,10132700,338,2850411,23626200
3290,2022-03-27,사계절,니트 셔츠_라운드_ZB,53.03653195447421,19236894,586,3199791,40961400
3291,2022-03-27,사계절,데님_데님팬츠_ZB,52.64413284490172,20472652,439,5476755,43856100
3292,2022-03-27,사계절,수트_블레이져(수트)_ZB,39.03994568876089,76602931,541,19351284,129299000
3293,2022-03-27,사계절,수트_수트팬츠_ZB,38.87517064595461,45078138,579,10164063,74691000
3294,2022-03-27,사계절,우븐 셔츠_드레스셔츠_ZB,54.211120466079585,58313460,1915,14657683,133858500
3295,2022-03-27,사계절,자켓_싱글재킷_ZB,41.98235953377167,15530162,112,3281110,26768000
3296,2022-03-27,사계절,팬츠_니트팬츠_ZB,47.87404177842104,1559400,55,372784,3744500
3297,2022-03-27,사계절,팬츠_팬츠(일반)_ZB,56.07440395381553,91445408,2039,21371327,203696100
3298,2022-03-27,여름,니트 셔츠_라운드_ZB,46.62408294850571,18377862,690,3393724,34431000
3299,2022-03-27,여름,수트_블레이져(수트)_ZA,33.8136618794197,45393900,215,11066023,68585000
3300,2022-03-27,여름,수트_블레이져(수트)_ZB,27.36771935777805,138679102,828,33879636,197892000
3301,2022-03-27,여름,수트_블레이져(수트)_ZC,28.52861873789344,67051930,352,17450676,95648000
3302,2022-03-27,여름,수트_수트팬츠_ZA,34.95011665489415,30390655,261,6617799,46719000
3303,2022-03-27,여름,수트_수트팬츠_ZB,27.71982215508142,81534016,894,18938556,115326000
3304,2022-03-27,여름,수트_수트팬츠_ZC,28.716438270169817,35211400,339,8295002,50531000
3305,2022-03-27,여름,스웨터_T-에리_ZA,0.0,0,0,0,0
3306,2022-03-27,여름,스웨터_T-에리_ZB,35.81799048274016,13905610,241,1712305,21665900
3307,2022-03-27,여름,스웨터_라운드_ZA,0.0,0,0,0,0
3308,2022-03-27,여름,우븐 셔츠_드레스셔츠_ZB,52.22226878734326,28387139,850,5283512,59415000
3309,2022-03-27,여름,우븐 셔츠_캐쥬얼셔츠_ZA,47.51779817200378,5609980,107,927909,10689300
3310,2022-03-27,여름,우븐 셔츠_캐쥬얼셔츠_ZB,63.67454123715505,29226990,879,6594823,79022100
3311,2022-03-27,여름,자켓_싱글재킷_ZA,35.77110460213908,28945394,174,5520001,45066000
3312,2022-03-27,여름,자켓_싱글재킷_ZB,41.667662881052,9759000,70,1642879,16730000
3313,2022-03-27,여름,점퍼_점퍼_ZB,52.62595945561642,100897767,816,19818857,203184000
3314,2022-03-27,여름,팬츠_니트팬츠_ZB,47.99404679496054,1126917,31,209309,2166900
3315,2022-03-27,여름,팬츠_반바지_ZB,0.0,0,0,0,0
3316,2022-03-27,여름,팬츠_팬츠(일반)_ZA,45.12073117016591,11213481,147,2018282,20433000
3317,2022-03-27,여름,팬츠_팬츠(일반)_ZB,41.23363129211082,10039000,171,1603456,17082900
3318,2022-04-03,봄,가죽&FUR_가죽점퍼_ZA,44.662661275273884,33479600,60,11619300,59940000
3319,2022-04-03,봄,니트 셔츠_라운드_ZB,65.06253163680526,37340153,1529,14351802,106877100
3320,2022-04-03,봄,니트 셔츠_오픈형티(맨투맨 등)_ZA,59.82920167723126,29430573,564,6784827,73263600
3321,2022-04-03,봄,니트 셔츠_후드티_ZB,65.49736982466159,17401022,561,6665773,50433900
3322,2022-04-03,봄,수트_블레이져(수트)_ZB,24.7625811549883,63115424,349,14687554,83411000
3323,2022-04-03,봄,수트_블레이져(수트)_ZC,24.37297066306829,13385500,75,3337184,17925000
3324,2022-04-03,봄,수트_수트팬츠_ZB,23.714028630475827,37876898,382,8050833,49278000
3325,2022-04-03,봄,수트_수트팬츠_ZC,-3.522312456420984,5628800,58,1263692,7482000
3326,2022-04-03,봄,스웨터_T-에리_ZB,66.5591111170606,44966425,1346,14804539,134465400
3327,2022-04-03,봄,스웨터_VEST_ZA,54.03382650943627,3765457,82,691765,8191800
3328,2022-04-03,봄,스웨터_라운드_ZB,64.01019649625111,84107194,2384,26003009,220591600
3329,2022-04-03,봄,스웨터_오픈형(CARDIGAN)_ZA,56.841752912051135,7773618,91,1319067,18190900
3330,2022-04-03,봄,스웨터_오픈형(CARDIGAN)_ZB,58.41483566143292,57126882,853,12998080,136394700
3331,2022-04-03,봄,우븐 셔츠_캐쥬얼셔츠_ZA,57.9543704947862,17422910,319,4419464,41438100
3332,2022-04-03,봄,우븐 셔츠_캐쥬얼셔츠_ZB,57.23531997243063,10114025,305,2374090,21319500
3333,2022-04-03,봄,점퍼_패딩점퍼_ZB,65.65963184356966,33262424,389,9149998,96861000
3334,2022-04-03,봄,코트_싱글코트_ZB,63.19113860358453,116072309,1122,32096447,311058000
3335,2022-04-03,봄,팬츠_니트팬츠_ZA,69.42324805339265,3848390,140,1254770,12586000
3336,2022-04-03,봄,팬츠_니트팬츠_ZB,59.2011612333729,16084371,564,4757636,39423600
3337,2022-04-03,사계절,니트 셔츠_라운드_ZB,52.97195185298726,22090391,672,3669293,46972800
3338,2022-04-03,사계절,데님_데님팬츠_ZB,52.65761702960514,26791584,586,7421426,58541400
3339,2022-04-03,사계절,수트_블레이져(수트)_ZB,38.54761344751217,105218289,720,25725670,172080000
3340,2022-04-03,사계절,수트_수트팬츠_ZB,38.34175596716081,58031994,741,13018635,95589000
3341,2022-04-03,사계절,우븐 셔츠_드레스셔츠_ZB,51.660517709079244,73001581,2182,16565188,152521800
3342,2022-04-03,사계절,자켓_싱글재킷_ZB,41.78786305469871,19060400,137,4013500,32743000
3343,2022-04-03,사계절,팬츠_니트팬츠_ZB,38.896922983226695,4275560,124,840584,8427600
3344,2022-04-03,사계절,팬츠_팬츠(일반)_ZB,55.66323652465725,97257042,2180,22892281,217782000
3345,2022-04-03,여름,니트 셔츠_라운드_ZB,44.66523091092364,35064397,1337,6726527,66716300
3346,2022-04-03,여름,수트_블레이져(수트)_ZA,32.26069409025391,67203488,311,16007164,99209000
3347,2022-04-03,여름,수트_블레이져(수트)_ZB,24.80102313283746,135398908,754,34629654,180206000
3348,2022-04-03,여름,수트_블레이져(수트)_ZC,27.485911436845992,77286600,397,19782433,108723000
3349,2022-04-03,여름,수트_수트팬츠_ZA,32.708283255322364,44567304,370,9381212,66230000
3350,2022-04-03,여름,수트_수트팬츠_ZB,24.395731915780694,84874076,872,20554493,112488000
3351,2022-04-03,여름,수트_수트팬츠_ZC,26.813775703283586,37739417,352,8607670,52458000
3352,2022-04-03,여름,스웨터_T-에리_ZA,0.0,0,0,0,0
3353,2022-04-03,여름,스웨터_T-에리_ZB,20.043032563414688,-14663788,-204,-1425105,-18339600
3354,2022-04-03,여름,스웨터_라운드_ZA,0.0,0,0,0,0
3355,2022-04-03,여름,우븐 셔츠_드레스셔츠_ZB,51.92347018182135,38612713,1149,7142065,80315100
3356,2022-04-03,여름,우븐 셔츠_캐쥬얼셔츠_ZA,52.299956206206204,3049750,64,555011,6393600
3357,2022-04-03,여름,우븐 셔츠_캐쥬얼셔츠_ZB,60.89452460814051,32470130,922,6904828,82887800
3358,2022-04-03,여름,자켓_싱글재킷_ZA,35.04242833841336,123935284,737,21528784,190883000
3359,2022-04-03,여름,자켓_싱글재킷_ZB,43.68487980966445,13728500,102,2410972,24378000
3360,2022-04-03,여름,점퍼_점퍼_ZB,55.73111876843474,147101913,1325,32089407,329925000
3361,2022-04-03,여름,팬츠_니트팬츠_ZB,51.563458001226245,711000,21,141790,1467900
3362,2022-04-03,여름,팬츠_반바지_ZB,0.0,0,0,0,0
3363,2022-04-03,여름,팬츠_팬츠(일반)_ZA,37.00982323052449,76778527,875,10569589,121625000
3364,2022-04-03,여름,팬츠_팬츠(일반)_ZB,51.242632987424656,6848200,174,1642827,17382600
3365,2022-04-10,봄,가죽&FUR_가죽점퍼_ZA,47.57201646090535,13235200,26,4997300,25974000
3366,2022-04-10,봄,니트 셔츠_라운드_ZB,66.10362429058782,34497833,1456,13668472,101774400
3367,2022-04-10,봄,니트 셔츠_오픈형티(맨투맨 등)_ZA,58.93227547328197,20645279,387,4655570,50271300
3368,2022-04-10,봄,니트 셔츠_후드티_ZB,64.03098410908223,20921486,647,7687143,58165300
3369,2022-04-10,봄,수트_블레이져(수트)_ZB,23.543889634315168,47197720,256,10753247,61184000
3370,2022-04-10,봄,수트_블레이져(수트)_ZC,21.365740740740744,12380200,66,2908095,15774000
3371,2022-04-10,봄,수트_수트팬츠_ZB,23.84468204220215,29486140,298,6269409,38442000
3372,2022-04-10,봄,수트_수트팬츠_ZC,20.846153846153847,5405100,53,1132873,6837000
3373,2022-04-10,봄,스웨터_T-에리_ZB,61.35312876979544,30114415,780,8579145,77922000
3374,2022-04-10,봄,스웨터_VEST_ZA,58.67349782214647,3055103,74,624276,7392600
3375,2022-04-10,봄,스웨터_라운드_ZB,63.13973012674512,71604103,2016,22332158,188208400
3376,2022-04-10,봄,스웨터_오픈형(CARDIGAN)_ZA,57.59820386383668,4216130,50,727776,9995000
3377,2022-04-10,봄,스웨터_오픈형(CARDIGAN)_ZB,55.655716511922776,40494860,583,8864131,93221700
3378,2022-04-10,봄,우븐 셔츠_캐쥬얼셔츠_ZA,58.77467230156112,7872100,147,2036555,19095300
3379,2022-04-10,봄,우븐 셔츠_캐쥬얼셔츠_ZB,50.23441524322179,9070897,260,2027063,18174000
3380,2022-04-10,봄,점퍼_패딩점퍼_ZB,65.33282016956716,24860528,288,6774292,71712000
3381,2022-04-10,봄,코트_싱글코트_ZB,69.32844200153794,69426653,823,23005867,227007000
3382,2022-04-10,봄,팬츠_니트팬츠_ZA,62.831947421253965,5479909,164,1469873,14743600
3383,2022-04-10,봄,팬츠_니트팬츠_ZB,60.69135802469136,16321184,594,5009978,41520600
3384,2022-04-10,사계절,니트 셔츠_라운드_ZB,57.58590613318566,16543278,558,3046844,39004200
3385,2022-04-10,사계절,데님_데님팬츠_ZB,52.69094674186207,19774650,415,5254657,41458500
3386,2022-04-10,사계절,수트_블레이져(수트)_ZB,40.45879401589468,94877400,667,23835331,159413000
3387,2022-04-10,사계절,수트_수트팬츠_ZB,40.67523603192335,57206039,743,13026534,95847000
3388,2022-04-10,사계절,우븐 셔츠_드레스셔츠_ZB,51.91522526106827,70390336,2110,15902838,147489000
3389,2022-04-10,사계절,자켓_싱글재킷_ZB,42.58899736556641,22228392,162,4745891,38718000
3390,2022-04-10,사계절,팬츠_니트팬츠_ZB,48.876761528086696,3256420,98,670530,6710200
3391,2022-04-10,사계절,팬츠_팬츠(일반)_ZB,57.542245355669266,77155612,1729,18013029,172727100
3392,2022-04-10,여름,니트 셔츠_라운드_ZB,49.19067270508868,75706609,2986,15225304,149001400
3393,2022-04-10,여름,수트_블레이져(수트)_ZA,31.623830526597168,56274955,258,13278329,82302000
3394,2022-04-10,여름,수트_블레이져(수트)_ZB,22.9856504337197,124218721,672,31544529,160608000
3395,2022-04-10,여름,수트_블레이져(수트)_ZC,26.26303053912338,68459232,342,17179552,95098000
3396,2022-04-10,여름,수트_수트팬츠_ZA,31.403784626096183,41379295,337,8544168,60323000
3397,2022-04-10,여름,수트_수트팬츠_ZB,23.473124162562414,73501231,742,17698578,95718000
3398,2022-04-10,여름,수트_수트팬츠_ZC,27.161003670799875,35163875,323,7965648,49267000
3399,2022-04-10,여름,스웨터_T-에리_ZA,0.0,0,0,0,0
3400,2022-04-10,여름,스웨터_T-에리_ZB,42.62536993349007,42243850,819,6013787,73628100
3401,2022-04-10,여름,스웨터_라운드_ZA,0.0,0,0,0,0
3402,2022-04-10,여름,우븐 셔츠_드레스셔츠_ZB,51.85938418250138,40548600,1205,7490155,84229500
3403,2022-04-10,여름,우븐 셔츠_캐쥬얼셔츠_ZA,50.12702614895597,11359667,228,1977226,22777200
3404,2022-04-10,여름,우븐 셔츠_캐쥬얼셔츠_ZB,61.63100403449372,43643336,1256,9297480,112914400
3405,2022-04-10,여름,자켓_싱글재킷_ZA,36.84565337080119,130654634,795,23291365,205905000
3406,2022-04-10,여름,자켓_싱글재킷_ZB,43.00322349038152,23021568,169,4006714,40391000
3407,2022-04-10,여름,점퍼_점퍼_ZB,54.28377004734786,148234019,1289,30483891,320961000
3408,2022-04-10,여름,팬츠_니트팬츠_ZB,49.92846924177396,1120000,32,216060,2236800
3409,2022-04-10,여름,팬츠_반바지_ZB,0.0,0,0,0,0
3410,2022-04-10,여름,팬츠_팬츠(일반)_ZA,44.51633523647912,81977756,1036,12645915,144004000
3411,2022-04-10,여름,팬츠_팬츠(일반)_ZB,50.88610026704225,53498950,1149,10751538,114785100
3412,2022-04-17,봄,가죽&FUR_가죽점퍼_ZA,-26.671751116195555,1327800,9,1502100,8991000
3413,2022-04-17,봄,니트 셔츠_라운드_ZB,65.00152176667068,22653605,926,8691229,64727400
3414,2022-04-17,봄,니트 셔츠_오픈형티(맨투맨 등)_ZA,60.04815488182399,14635080,282,3392399,36631800
3415,2022-04-17,봄,니트 셔츠_후드티_ZB,66.0381032003004,9586968,314,3731794,28228600
3416,2022-04-17,봄,수트_블레이져(수트)_ZB,25.521547997491062,59204072,332,13949574,79348000
3417,2022-04-17,봄,수트_블레이져(수트)_ZC,23.311905667554203,11683580,64,2838243,15296000
3418,2022-04-17,봄,수트_수트팬츠_ZB,25.32482354814676,34010169,354,7447462,45666000
3419,2022-04-17,봄,수트_수트팬츠_ZC,23.815204678362573,7249800,74,1584502,9546000
3420,2022-04-17,봄,스웨터_T-에리_ZB,64.81963468170365,22422628,638,7017233,63736200
3421,2022-04-17,봄,스웨터_VEST_ZA,64.54044954044954,1558660,44,371191,4395600
3422,2022-04-17,봄,스웨터_라운드_ZB,59.59037058311025,37911599,1043,11192242,95635700
3423,2022-04-17,봄,스웨터_오픈형(CARDIGAN)_ZA,61.65846080935205,2833950,37,540613,7396300
3424,2022-04-17,봄,스웨터_오픈형(CARDIGAN)_ZB,61.396725644148376,27460555,466,7003488,74513400
3425,2022-04-17,봄,우븐 셔츠_캐쥬얼셔츠_ZA,60.0910957146523,5598900,108,1496245,14029200
3426,2022-04-17,봄,우븐 셔츠_캐쥬얼셔츠_ZB,52.76814045453079,8885319,267,2080838,18663300
3427,2022-04-17,봄,점퍼_패딩점퍼_ZB,66.5386822013328,7582000,91,2140488,22659000
3428,2022-04-17,봄,코트_싱글코트_ZB,74.00281674306311,31238600,453,12628472,125437000
3429,2022-04-17,봄,팬츠_니트팬츠_ZA,56.50555124142129,2072380,53,475020,4764700
3430,2022-04-17,봄,팬츠_니트팬츠_ZB,60.76876222592041,10749673,392,3298709,27400800
3431,2022-04-17,사계절,니트 셔츠_라운드_ZB,60.11318107783577,10065000,361,1970968,25233900
3432,2022-04-17,사계절,데님_데님팬츠_ZB,56.02257923053393,24688925,556,7035566,55544400
3433,2022-04-17,사계절,수트_블레이져(수트)_ZB,40.09161494432208,76668486,534,19094168,127626000
3434,2022-04-17,사계절,수트_수트팬츠_ZB,40.35927917249445,45066817,581,10201837,74949000
3435,2022-04-17,사계절,우븐 셔츠_드레스셔츠_ZB,52.56131663346045,61078892,1905,14307978,133159500
3436,2022-04-17,사계절,자켓_싱글재킷_ZB,44.511516431734165,13659600,103,3017449,24617000
3437,2022-04-17,사계절,팬츠_니트팬츠_ZB,52.156403865027386,4756119,151,963710,9884900
3438,2022-04-17,사계절,팬츠_팬츠(일반)_ZB,53.89142717770625,59620547,1295,13495290,129370500
3439,2022-04-17,여름,니트 셔츠_라운드_ZB,50.63715204579751,143288059,6100,33964541,316230000
3440,2022-04-17,여름,수트_블레이져(수트)_ZA,34.196692508400126,70110792,334,17190534,106546000
3441,2022-04-17,여름,수트_블레이져(수트)_ZB,25.916992000186184,138681000,776,35502272,185464000
3442,2022-04-17,여름,수트_블레이져(수트)_ZC,28.575098189829024,67584104,351,17630428,97569000
3443,2022-04-17,여름,수트_수트팬츠_ZA,34.19085432559768,45116776,383,9710490,68557000
3444,2022-04-17,여름,수트_수트팬츠_ZB,26.6175210828986,82330651,859,20095524,110811000
3445,2022-04-17,여름,수트_수트팬츠_ZC,29.023000213821092,36122070,344,8454695,52026000
3446,2022-04-17,여름,스웨터_T-에리_ZA,47.614660493232265,16644800,339,2444030,33866100
3447,2022-04-17,여름,스웨터_T-에리_ZB,45.35972940948881,44799500,1129,8373191,101497100
3448,2022-04-17,여름,스웨터_라운드_ZA,51.94981736703591,14496644,302,3397616,30169800
3449,2022-04-17,여름,우븐 셔츠_드레스셔츠_ZB,53.72724881611163,40463161,1251,7776086,87444900
3450,2022-04-17,여름,우븐 셔츠_캐쥬얼셔츠_ZA,52.850066413906895,19763350,414,3760752,41358600
3451,2022-04-17,여름,우븐 셔츠_캐쥬얼셔츠_ZB,64.04319514797068,64236604,1985,14693033,178451500
3452,2022-04-17,여름,자켓_싱글재킷_ZA,41.508136024116304,211450123,1447,42449889,374773000
3453,2022-04-17,여름,자켓_싱글재킷_ZB,49.55465711651656,35566489,295,6992070,70505000
3454,2022-04-17,여름,점퍼_점퍼_ZB,57.77967917965124,107082139,1019,23935052,253731000
3455,2022-04-17,여름,팬츠_니트팬츠_ZB,53.02486918690105,2397000,73,492888,5102700
3456,2022-04-17,여름,팬츠_반바지_ZB,0.0,0,0,0,0
3457,2022-04-17,여름,팬츠_팬츠(일반)_ZA,47.595882556227224,109198961,1553,20703686,213990200
3458,2022-04-17,여름,팬츠_팬츠(일반)_ZB,54.37407163519637,123896072,2881,27239896,287811900
3459,2022-04-24,봄,가죽&FUR_가죽점퍼_ZA,40.55833611389167,11187800,19,3688600,18981000
3460,2022-04-24,봄,니트 셔츠_라운드_ZB,66.28262016454451,14188206,602,5649927,42079800
3461,2022-04-24,봄,니트 셔츠_오픈형티(맨투맨 등)_ZA,59.40449677794764,11232248,213,2562360,27668700
3462,2022-04-24,봄,니트 셔츠_후드티_ZB,83.52642967071479,1081111,73,867489,6562700
3463,2022-04-24,봄,수트_블레이져(수트)_ZB,23.58170667368285,43033765,236,9961018,56404000
3464,2022-04-24,봄,수트_블레이져(수트)_ZC,23.183929499275305,10821480,59,2588241,14101000
3465,2022-04-24,봄,수트_수트팬츠_ZB,24.462084832490774,25432940,262,5532288,33798000
3466,2022-04-24,봄,수트_수트팬츠_ZC,22.915873015873018,5278680,53,1134329,6837000
3467,2022-04-24,봄,스웨터_T-에리_ZB,65.96869054484948,10267178,302,3321629,30169800
3468,2022-04-24,봄,스웨터_VEST_ZA,63.00717384050717,886940,24,202468,2397600
3469,2022-04-24,봄,스웨터_라운드_ZB,63.21199791654855,18139614,541,5827112,49705900
3470,2022-04-24,봄,스웨터_오픈형(CARDIGAN)_ZA,65.26204278609893,1399000,21,302798,4197900
3471,2022-04-24,봄,스웨터_오픈형(CARDIGAN)_ZB,63.36813618160473,21237662,364,5535560,58203600
3472,2022-04-24,봄,우븐 셔츠_캐쥬얼셔츠_ZA,59.85373364126251,3859100,74,1025204,9612600
3473,2022-04-24,봄,우븐 셔츠_캐쥬얼셔츠_ZB,52.91267662512298,4508850,136,1059745,9506400
3474,2022-04-24,봄,점퍼_패딩점퍼_ZB,68.14939759036145,25775100,325,7644600,80925000
3475,2022-04-24,봄,코트_싱글코트_ZB,72.69212395231939,22967280,306,8382031,82834000
3476,2022-04-24,봄,팬츠_니트팬츠_ZA,60.08474576271186,2117145,59,528796,5304100
3477,2022-04-24,봄,팬츠_니트팬츠_ZB,61.09373083997548,6091788,224,1900020,15657600
3478,2022-04-24,사계절,니트 셔츠_라운드_ZB,60.15224129709108,7353346,264,1441375,18453600
3479,2022-04-24,사계절,데님_데님팬츠_ZB,56.73892477339476,20187650,462,5843434,46153800
3480,2022-04-24,사계절,수트_블레이져(수트)_ZB,40.17996992003634,71592410,499,17828334,119261000
3481,2022-04-24,사계절,수트_수트팬츠_ZB,40.252765673338125,42398834,543,9526364,70047000
3482,2022-04-24,사계절,우븐 셔츠_드레스셔츠_ZB,50.210145850094264,59374644,1754,13072451,122604600
3483,2022-04-24,사계절,자켓_싱글재킷_ZB,44.4101281111159,12887400,97,2841675,23183000
3484,2022-04-24,사계절,팬츠_니트팬츠_ZB,55.62272085749901,4015750,139,871474,9016100
3485,2022-04-24,사계절,팬츠_팬츠(일반)_ZB,56.48783773344698,42585058,963,10013699,96203700
3486,2022-04-24,여름,니트 셔츠_라운드_ZB,53.579979829923175,170431213,7031,41969523,377606900
3487,2022-04-24,여름,니트 셔츠_티에리_ZB,0.0,0,0,0,0
3488,2022-04-24,여름,수트_블레이져(수트)_ZA,31.437306779588443,97887846,451,22928050,143869000
3489,2022-04-24,여름,수트_블레이져(수트)_ZB,22.62307491663923,110861178,601,27102619,143639000
3490,2022-04-24,여름,수트_블레이져(수트)_ZC,27.16346103691617,52665520,267,13429849,74533000
3491,2022-04-24,여름,수트_수트팬츠_ZA,31.571921955704752,65357651,538,13523265,96302000
3492,2022-04-24,여름,수트_수트팬츠_ZB,22.70143339188474,62533975,627,14266001,80883000
3493,2022-04-24,여름,수트_수트팬츠_ZC,27.735000832071023,27506727,257,6335189,39103000
3494,2022-04-24,여름,스웨터_T-에리_ZA,54.45353745848693,16367900,365,2611667,36463500
3495,2022-04-24,여름,스웨터_T-에리_ZB,61.456664887149444,52013942,1402,10835313,126039800
3496,2022-04-24,여름,스웨터_라운드_ZA,59.24581090786077,14697550,361,4049059,36063900
3497,2022-04-24,여름,스웨터_라운드_ZB,34.37152391546162,1298000,22,214595,1977800
3498,2022-04-24,여름,우븐 셔츠_드레스셔츠_ZB,52.984647548882556,48934096,1489,9255469,104081100
3499,2022-04-24,여름,우븐 셔츠_캐쥬얼셔츠_ZA,48.904236862060344,33761100,661,6121460,66033900
3500,2022-04-24,여름,우븐 셔츠_캐쥬얼셔츠_ZB,63.542592940123846,73284100,2241,16731632,201465900
3501,2022-04-24,여름,자켓_싱글재킷_ZA,41.43751384059596,240985609,1597,47082327,413623000
3502,2022-04-24,여름,자켓_싱글재킷_ZB,46.57922552020443,38047344,298,7068552,71222000
3503,2022-04-24,여름,점퍼_점퍼_ZB,57.579825661609945,113888731,1083,25117190,269667000
3504,2022-04-24,여름,팬츠_니트팬츠_ZB,49.70718704006752,4886500,139,938513,9716100
3505,2022-04-24,여름,팬츠_반바지_ZA,0.0,0,0,0,0
3506,2022-04-24,여름,팬츠_반바지_ZB,0.0,0,0,0,0
3507,2022-04-24,여름,팬츠_팬츠(일반)_ZA,-27.288953807869177,120895580,1710,22990799,231512200
3508,2022-04-24,여름,팬츠_팬츠(일반)_ZB,56.57747556571852,121398120,2937,27692330,293406300
3509,2022-05-01,봄,가죽&FUR_가죽점퍼_ZA,43.231676120565005,1355600,4,868900,3996000
3510,2022-05-01,봄,니트 셔츠_라운드_ZB,68.26060300765009,23627918,1065,9994712,74443500
3511,2022-05-01,봄,니트 셔츠_오픈형티(맨투맨 등)_ZA,66.82259858010435,15515080,360,4330780,46764000
3512,2022-05-01,봄,니트 셔츠_후드티_ZB,74.34597870788409,10585901,459,5456835,41264100
3513,2022-05-01,봄,수트_블레이져(수트)_ZB,23.636777283964147,26103780,144,6060128,34416000
3514,2022-05-01,봄,수트_블레이져(수트)_ZC,26.295002920525935,8755155,50,2209513,11950000
3515,2022-05-01,봄,수트_수트팬츠_ZB,24.969345828289853,14221040,148,3119138,19092000
3516,2022-05-01,봄,수트_수트팬츠_ZC,24.69459009314663,5080080,53,1141223,6837000
3517,2022-05-01,봄,스웨터_T-에리_ZB,70.86167299374847,9256722,318,3497634,31768200
3518,2022-05-01,봄,스웨터_VEST_ZA,67.36097799927587,1532500,47,396500,4695300
3519,2022-05-01,봄,스웨터_라운드_ZB,75.3060871688458,32927765,1401,15538539,130899900
3520,2022-05-01,봄,스웨터_오픈형(CARDIGAN)_ZA,67.66083362193918,2483500,38,550753,7596200
3521,2022-05-01,봄,스웨터_오픈형(CARDIGAN)_ZB,69.31412223523296,37809947,823,12410220,131597700
3522,2022-05-01,봄,우븐 셔츠_캐쥬얼셔츠_ZA,63.272476804019284,2719416,57,789685,7404300
3523,2022-05-01,봄,우븐 셔츠_캐쥬얼셔츠_ZB,55.12796657237487,5031802,159,1239161,11114100
3524,2022-05-01,봄,점퍼_패딩점퍼_ZB,67.93653022686773,-12055544,-151,-3551799,-37599000
3525,2022-05-01,봄,코트_싱글코트_ZB,71.64716152447399,17190918,209,5890034,58121000
3526,2022-05-01,봄,팬츠_니트팬츠_ZA,58.3856421665098,2431735,65,582572,5843500
3527,2022-05-01,봄,팬츠_니트팬츠_ZB,64.53575223697896,9444803,381,3211634,26631900
3528,2022-05-01,사계절,니트 셔츠_라운드_ZB,59.719974671075775,5152500,183,999067,12791700
3529,2022-05-01,사계절,데님_데님팬츠_ZB,57.105323516021826,19693986,467,5994346,46653300
3530,2022-05-01,사계절,수트_블레이져(수트)_ZB,38.369523115408555,71000871,497,17742645,118783000
3531,2022-05-01,사계절,수트_수트팬츠_ZB,37.740998909650344,42974849,544,9548025,70176000
3532,2022-05-01,사계절,우븐 셔츠_드레스셔츠_ZB,51.43053388499211,58902854,1747,12977105,122115300
3533,2022-05-01,사계절,자켓_싱글재킷_ZB,42.75015956315155,8072800,59,1728442,14101000
3534,2022-05-01,사계절,팬츠_니트팬츠_ZB,51.41420534410193,3844150,123,753490,7867700
3535,2022-05-01,사계절,팬츠_팬츠(일반)_ZB,62.31886064710227,36774050,958,9972842,95704200
3536,2022-05-01,여름,니트 셔츠_라운드_ZB,59.411979051583266,127080287,5739,36487921,325716100
3537,2022-05-01,여름,니트 셔츠_티에리_ZB,47.3918529247792,19721900,417,4088268,37488300
3538,2022-05-01,여름,수트_블레이져(수트)_ZA,39.727976754306404,165193276,859,43555621,274021000
3539,2022-05-01,여름,수트_블레이져(수트)_ZB,29.03349704021601,101654630,597,26936002,142683000
3540,2022-05-01,여름,수트_블레이져(수트)_ZC,33.31337333006319,51777420,285,14459482,80515000
3541,2022-05-01,여름,수트_수트팬츠_ZA,39.878300397020126,109588689,1018,25613066,182222000
3542,2022-05-01,여름,수트_수트팬츠_ZB,29.521348980373563,58589517,638,14247408,82302000
3543,2022-05-01,여름,수트_수트팬츠_ZC,32.591233072158985,31965119,324,7933450,48596000
3544,2022-05-01,여름,스웨터_T-에리_ZA,46.564317562415795,15642050,367,2340080,36663300
3545,2022-05-01,여름,스웨터_T-에리_ZB,55.69430942869221,68509086,1611,12160655,144828900
3546,2022-05-01,여름,스웨터_라운드_ZA,56.3895387099807,15771200,362,4047051,36163800
3547,2022-05-01,여름,스웨터_라운드_ZB,48.00523722839904,59924900,1282,12840003,115251800
3548,2022-05-01,여름,우븐 셔츠_드레스셔츠_ZB,54.836240066689236,37220403,1179,7438396,82412100
3549,2022-05-01,여름,우븐 셔츠_캐쥬얼셔츠_ZA,57.29270441786849,20639297,475,4406024,47452500
3550,2022-05-01,여름,우븐 셔츠_캐쥬얼셔츠_ZB,64.12458677296831,69604288,2132,16045873,191666800
3551,2022-05-01,여름,자켓_싱글재킷_ZA,48.88268714262955,215666027,1638,47824305,424242000
3552,2022-05-01,여름,자켓_싱글재킷_ZB,52.594934217152066,51777235,457,10807451,109223000
3553,2022-05-01,여름,점퍼_점퍼_ZB,61.88137834456827,90399412,963,22000298,239787000
3554,2022-05-01,여름,팬츠_니트팬츠_ZB,63.4422801804776,996600,39,263324,2726100
3555,2022-05-01,여름,팬츠_반바지_ZA,50.0,639200,16,176534,1278400
3556,2022-05-01,여름,팬츠_반바지_ZB,55.55365306081098,4450000,126,811861,10067400
3557,2022-05-01,여름,팬츠_팬츠(일반)_ZA,61.400835610632235,97970395,1584,20023805,218846600
3558,2022-05-01,여름,팬츠_팬츠(일반)_ZB,59.84766797664982,148566754,3812,35652516,380818800
3559,2022-05-08,봄,가죽&FUR_가죽점퍼_ZA,41.13242274532597,66329400,113,21588200,112887000
3560,2022-05-08,봄,니트 셔츠_라운드_ZB,67.88055124341764,4220881,188,1764211,13141200
3561,2022-05-08,봄,니트 셔츠_오픈형티(맨투맨 등)_ZA,61.13603644357674,4896976,97,1166896,12600300
3562,2022-05-08,봄,니트 셔츠_후드티_ZB,70.11787574753026,2713267,101,1201120,9079900
3563,2022-05-08,봄,수트_블레이져(수트)_ZB,23.91498027097322,30891968,170,7166926,40630000
3564,2022-05-08,봄,수트_블레이져(수트)_ZC,27.5833831440526,5189880,30,1314526,7170000
3565,2022-05-08,봄,수트_수트팬츠_ZB,23.94498892580288,18450860,188,3978777,24252000
3566,2022-05-08,봄,수트_수트팬츠_ZC,24.6336230522277,3042800,31,661295,3999000
3567,2022-05-08,봄,스웨터_T-에리_ZB,68.27852852852853,3929529,124,1363856,12387600
3568,2022-05-08,봄,스웨터_VEST_ZA,65.66566566566567,686000,20,168723,1998000
3569,2022-05-08,봄,스웨터_라운드_ZB,70.81120529444813,5201710,191,2071486,17620900
3570,2022-05-08,봄,스웨터_오픈형(CARDIGAN)_ZA,62.899257320968175,1059274,15,222319,2998500
3571,2022-05-08,봄,스웨터_오픈형(CARDIGAN)_ZB,65.59657541117838,12326311,222,3408782,35497800
3572,2022-05-08,봄,우븐 셔츠_캐쥬얼셔츠_ZA,61.062406979727996,1517398,30,415623,3897000
3573,2022-05-08,봄,우븐 셔츠_캐쥬얼셔츠_ZB,59.83629864280795,2125481,75,584460,5242500
3574,2022-05-08,봄,점퍼_패딩점퍼_ZB,68.96496270797476,5409407,70,1646529,17430000
3575,2022-05-08,봄,코트_싱글코트_ZB,73.54749049674635,8079131,107,3006033,29763000
3576,2022-05-08,봄,팬츠_니트팬츠_ZA,61.50464152088179,1903403,55,492945,4944500
3577,2022-05-08,봄,팬츠_니트팬츠_ZB,57.19773702692158,4936599,165,1391645,11533500
3578,2022-05-08,사계절,니트 셔츠_라운드_ZB,59.90069847681562,2859000,102,556882,7129800
3579,2022-05-08,사계절,데님_데님팬츠_ZB,59.21061760137877,21317562,501,6416218,50049900
3580,2022-05-08,사계절,수트_블레이져(수트)_ZB,32.19373659843626,65496579,439,15797050,104921000
3581,2022-05-08,사계절,수트_수트팬츠_ZB,32.08544368049018,40651840,502,8888477,64758000
3582,2022-05-08,사계절,우븐 셔츠_드레스셔츠_ZB,54.783207262381936,49249672,1606,11811047,112259400
3583,2022-05-08,사계절,자켓_싱글재킷_ZB,44.73783995815899,8452900,64,1874920,15296000
3584,2022-05-08,사계절,팬츠_니트팬츠_ZB,54.05931005535497,2881800,98,601907,6260200
3585,2022-05-08,사계절,팬츠_팬츠(일반)_ZB,55.60083469872627,29928977,661,6851423,66033900
3586,2022-05-08,여름,니트 셔츠_라운드_ZB,60.32180846225258,206044348,8932,61060190,523646800
3587,2022-05-08,여름,니트 셔츠_티에리_ZB,61.83275158861059,5970350,174,1705896,15642600
3588,2022-05-08,여름,수트_블레이져(수트)_ZA,40.65877052606523,169441751,895,45416371,285505000
3589,2022-05-08,여름,수트_블레이져(수트)_ZB,31.31344580433554,96154927,585,26228867,139815000
3590,2022-05-08,여름,수트_블레이져(수트)_ZC,34.15237256030116,49123259,277,13895756,76923000
3591,2022-05-08,여름,수트_수트팬츠_ZA,41.01669339564147,104840395,993,25051537,177747000
3592,2022-05-08,여름,수트_수트팬츠_ZB,31.425715770941817,59400750,671,14501429,86559000
3593,2022-05-08,여름,수트_수트팬츠_ZC,34.16857743712311,30266087,310,7662340,47540000
3594,2022-05-08,여름,스웨터_T-에리_ZA,59.8256368223231,27879900,747,5261948,74625300
3595,2022-05-08,여름,스웨터_T-에리_ZB,63.29887505681268,160333635,4866,46994985,437453400
3596,2022-05-08,여름,스웨터_라운드_ZA,62.00505063887417,25810729,680,7649191,67932000
3597,2022-05-08,여름,스웨터_라운드_ZB,65.20178702862614,44016016,1407,14812888,126489300
3598,2022-05-08,여름,우븐 셔츠_드레스셔츠_ZB,55.252227201903594,68902059,2256,13859009,157694400
3599,2022-05-08,여름,우븐 셔츠_캐쥬얼셔츠_ZA,51.481193859654276,35533450,750,6756505,74925000
3600,2022-05-08,여름,우븐 셔츠_캐쥬얼셔츠_ZB,67.87996437753345,73512911,2560,19880874,230144000
3601,2022-05-08,여름,자켓_싱글재킷_ZA,50.49890543650928,285156330,2166,65168006,560994000
3602,2022-05-08,여름,자켓_싱글재킷_ZB,49.03469708996489,37882000,311,7388369,74329000
3603,2022-05-08,여름,점퍼_점퍼_ZB,60.64070350331541,84256589,855,19417282,212895000
3604,2022-05-08,여름,팬츠_니트팬츠_ZB,55.15459402645178,1536000,49,330843,3425100
3605,2022-05-08,여름,팬츠_반바지_ZA,55.29325449915843,3107700,87,959904,6951300
3606,2022-05-08,여름,팬츠_반바지_ZB,55.099089209435476,16097000,449,2971449,35875100
3607,2022-05-08,여름,팬츠_팬츠(일반)_ZA,inf,146527660,2175,29580138,298532300
3608,2022-05-08,여름,팬츠_팬츠(일반)_ZB,58.00538205824832,199276382,4743,43030566,473825700
3609,2022-05-15,봄,가죽&FUR_가죽점퍼_ZA,40.0,1198800,2,268400,1998000
3610,2022-05-15,봄,니트 셔츠_라운드_ZB,67.9698548947476,2194129,98,919668,6850200
3611,2022-05-15,봄,니트 셔츠_오픈형티(맨투맨 등)_ZA,69.98196993638831,3704375,95,1142833,12340500
3612,2022-05-15,봄,니트 셔츠_후드티_ZB,76.18596890601961,920579,43,511704,3865700
3613,2022-05-15,봄,수트_블레이져(수트)_ZB,24.684725330041633,24978540,140,5866661,33460000
3614,2022-05-15,봄,수트_블레이져(수트)_ZC,24.245614035087716,7241700,40,1756926,9560000
3615,2022-05-15,봄,수트_수트팬츠_ZB,23.569366267812335,15789500,160,3369154,20640000
3616,2022-05-15,봄,수트_수트팬츠_ZC,23.492063492063494,2876700,29,618072,3741000
3617,2022-05-15,봄,스웨터_T-에리_ZB,71.53017385201294,2474398,87,956925,8691300
3618,2022-05-15,봄,스웨터_VEST_ZA,69.20795795795796,492180,16,134979,1598400
3619,2022-05-15,봄,스웨터_라운드_ZB,70.98332505015196,3669527,133,1433628,12226700
3620,2022-05-15,봄,스웨터_오픈형(CARDIGAN)_ZA,66.77645489411373,732108,11,160337,2198900
3621,2022-05-15,봄,스웨터_오픈형(CARDIGAN)_ZB,68.54943396155022,8168112,166,2513762,26543400
3622,2022-05-15,봄,우븐 셔츠_캐쥬얼셔츠_ZA,65.6089299461124,1116850,25,346353,3247500
3623,2022-05-15,봄,우븐 셔츠_캐쥬얼셔츠_ZB,58.286170527010825,3926546,134,1044341,9366600
3624,2022-05-15,봄,점퍼_패딩점퍼_ZB,68.53743248857499,27262944,348,8185602,86652000
3625,2022-05-15,봄,코트_싱글코트_ZB,75.26750245154885,3378270,48,1287419,13392000
3626,2022-05-15,봄,팬츠_니트팬츠_ZA,63.55219474629931,851931,26,233029,2337400
3627,2022-05-15,봄,팬츠_니트팬츠_ZB,73.6275271951845,977021,53,455664,3704700
3628,2022-05-15,사계절,니트 셔츠_라운드_ZB,57.791360399914495,2566834,87,474957,6081300
3629,2022-05-15,사계절,데님_데님팬츠_ZB,56.366697856081544,11533414,270,3422574,26973000
3630,2022-05-15,사계절,수트_블레이져(수트)_ZB,39.17490562691315,134121734,916,34390461,218924000
3631,2022-05-15,사계절,수트_수트팬츠_ZB,39.15158847999276,81574814,1025,19076065,132225000
3632,2022-05-15,사계절,우븐 셔츠_드레스셔츠_ZB,55.55274092651845,44109845,1414,10404915,98838600
3633,2022-05-15,사계절,자켓_싱글재킷_ZB,47.17118428233582,5808000,46,1347599,10994000
3634,2022-05-15,사계절,팬츠_니트팬츠_ZB,52.89470151923158,1854950,65,385650,4073500
3635,2022-05-15,사계절,팬츠_팬츠(일반)_ZB,100.4225650990357,9374538,219,2212305,21878100
3636,2022-05-15,여름,니트 셔츠_라운드_ZB,62.69843958439608,135517395,6157,40960059,354874300
3637,2022-05-15,여름,니트 셔츠_티에리_ZB,58.986689303904924,17513709,475,4656900,42702500
3638,2022-05-15,여름,수트_블레이져(수트)_ZA,32.46178046728535,143914230,668,33894334,213092000
3639,2022-05-15,여름,수트_블레이져(수트)_ZB,21.78995867055958,80221105,430,18906987,102770000
3640,2022-05-15,여름,수트_블레이져(수트)_ZC,26.564487691527443,32252455,163,8203876,45357000
3641,2022-05-15,여름,수트_수트팬츠_ZA,32.04678984053049,88680839,729,18382805,130491000
3642,2022-05-15,여름,수트_수트팬츠_ZB,21.83319602905456,47714422,475,10027671,61275000
3643,2022-05-15,여름,수트_수트팬츠_ZC,25.88105168730216,19491845,177,4376454,27183000
3644,2022-05-15,여름,스웨터_T-에리_ZA,46.78345195268631,17537900,425,2904548,42457500
3645,2022-05-15,여름,스웨터_T-에리_ZB,60.41991064845263,110548628,3099,29444373,278600100
3646,2022-05-15,여름,스웨터_라운드_ZA,64.17779736257997,9877041,276,3087699,27572400
3647,2022-05-15,여름,스웨터_라운드_ZB,64.46532486372625,23735635,743,7745964,66795700
3648,2022-05-15,여름,우븐 셔츠_드레스셔츠_ZB,62.28644727170308,60195661,2224,13845492,155457600
3649,2022-05-15,여름,우븐 셔츠_캐쥬얼셔츠_ZA,53.87244812375611,35256976,766,6799075,76523400
3650,2022-05-15,여름,우븐 셔츠_캐쥬얼셔츠_ZB,65.83255594861612,57329312,1939,15043400,174316100
3651,2022-05-15,여름,자켓_싱글재킷_ZA,52.197654023039,201285894,1636,50245505,423724000
3652,2022-05-15,여름,자켓_싱글재킷_ZB,51.64922716358251,33627479,291,6891482,69549000
3653,2022-05-15,여름,점퍼_점퍼_ZB,65.21847449035147,54175917,639,14591764,159111000
3654,2022-05-15,여름,팬츠_니트팬츠_ZB,63.092513113972345,1547900,60,405113,4194000
3655,2022-05-15,여름,팬츠_반바지_ZA,55.645644011536156,2445300,69,761303,5513100
3656,2022-05-15,여름,팬츠_반바지_ZB,52.336304697739955,4888122,174,1090971,13902600
3657,2022-05-15,여름,팬츠_팬츠(일반)_ZA,64.22734459926798,132348909,2105,30554057,289271500
3658,2022-05-15,여름,팬츠_팬츠(일반)_ZB,57.09245629232639,137231002,3230,29297545,322677000
3659,2022-05-22,봄,가죽&FUR_가죽점퍼_ZA,38.55071738405072,24756000,40,7128400,39960000
3660,2022-05-22,봄,니트 셔츠_라운드_ZB,72.00978701215354,2093472,107,1004088,7479300
3661,2022-05-22,봄,니트 셔츠_오픈형티(맨투맨 등)_ZA,71.85561543067317,8225900,225,2706739,29227500
3662,2022-05-22,봄,니트 셔츠_후드티_ZB,75.85576566555432,1367457,63,753864,5663700
3663,2022-05-22,봄,수트_블레이져(수트)_ZB,24.223819706560292,20216000,112,4728501,26768000
3664,2022-05-22,봄,수트_블레이져(수트)_ZC,31.768289048623775,5605700,35,1526164,8365000
3665,2022-05-22,봄,수트_수트팬츠_ZB,24.16437273355424,12427200,127,2682445,16383000
3666,2022-05-22,봄,수트_수트팬츠_ZC,33.7234559266383,3924600,45,963362,5805000
3667,2022-05-22,봄,스웨터_T-에리_ZB,74.87225935613033,1556362,62,681867,6193800
3668,2022-05-22,봄,스웨터_VEST_ZA,69.44312733786418,580000,19,160287,1898100
3669,2022-05-22,봄,스웨터_라운드_ZB,74.09183677582055,2499312,106,1170836,9879400
3670,2022-05-22,봄,스웨터_오픈형(CARDIGAN)_ZA,68.39419709854928,395800,6,86429,1199400
3671,2022-05-22,봄,스웨터_오픈형(CARDIGAN)_ZB,73.41138276624082,9839174,232,3586882,37096800
3672,2022-05-22,봄,우븐 셔츠_캐쥬얼셔츠_ZA,73.12091031562741,1117310,32,443332,4156800
3673,2022-05-22,봄,우븐 셔츠_캐쥬얼셔츠_ZB,67.1935277783482,2535253,109,849591,7619100
3674,2022-05-22,봄,점퍼_패딩점퍼_ZB,68.31628528930537,106504807,1350,31754492,336150000
3675,2022-05-22,봄,코트_싱글코트_ZB,80.62313668902668,3589369,62,1712042,17598000
3676,2022-05-22,봄,팬츠_니트팬츠_ZA,71.4780580573397,794878,31,277842,2786900
3677,2022-05-22,봄,팬츠_니트팬츠_ZB,66.12963846058743,1917706,81,670392,5661900
3678,2022-05-22,사계절,니트 셔츠_라운드_ZB,66.54330953154752,5595095,333,2140592,15146700
3679,2022-05-22,사계절,데님_데님팬츠_ZB,62.637545350613046,18680800,478,6045484,47752200
3680,2022-05-22,사계절,수트_블레이져(수트)_ZB,43.28160647033291,119067398,814,30638148,194546000
3681,2022-05-22,사계절,수트_수트팬츠_ZB,41.519705399064684,62302328,807,14979852,104103000
3682,2022-05-22,사계절,우븐 셔츠_드레스셔츠_ZB,65.78363226803422,35173260,1344,9836309,93945600
3683,2022-05-22,사계절,자켓_싱글재킷_ZB,49.67492758287737,7818000,65,1904215,15535000
3684,2022-05-22,사계절,팬츠_니트팬츠_ZB,57.996958151521014,2399700,92,548570,5790800
3685,2022-05-22,사계절,팬츠_팬츠(일반)_ZB,57.000931154439925,21147641,475,4895331,47452500
3686,2022-05-22,여름,니트 셔츠_라운드_ZB,61.34462512021218,153276132,6841,46167184,397045900
3687,2022-05-22,여름,니트 셔츠_티에리_ZB,61.07377176170358,22361600,639,6264756,57446100
3688,2022-05-22,여름,수트_블레이져(수트)_ZA,32.374208292826744,125122799,580,29449946,185020000
3689,2022-05-22,여름,수트_블레이져(수트)_ZB,23.0410542109901,82849224,454,19953340,108506000
3690,2022-05-22,여름,수트_블레이져(수트)_ZC,26.89206264437779,36404488,183,9260336,51497000
3691,2022-05-22,여름,수트_수트팬츠_ZA,32.4613093873826,79418501,657,16587219,117603000
3692,2022-05-22,여름,수트_수트팬츠_ZB,22.88794895225761,51095051,517,10670026,66693000
3693,2022-05-22,여름,수트_수트팬츠_ZC,26.775079836917797,22130833,202,5005282,31208000
3694,2022-05-22,여름,스웨터_T-에리_ZA,96.67151596040485,7953900,307,2168229,30669300
3695,2022-05-22,여름,스웨터_T-에리_ZB,62.81675313242178,120109457,3554,34086265,319504600
3696,2022-05-22,여름,스웨터_라운드_ZA,74.64376140846728,5167500,204,2271371,20379600
3697,2022-05-22,여름,스웨터_라운드_ZB,60.091498579243584,38496818,1073,11266769,96462700
3698,2022-05-22,여름,우븐 셔츠_드레스셔츠_ZB,58.556238588088455,54745683,1887,11371116,131901300
3699,2022-05-22,여름,우븐 셔츠_캐쥬얼셔츠_ZA,57.06026296196305,30978550,721,6451588,72027900
3700,2022-05-22,여름,우븐 셔츠_캐쥬얼셔츠_ZB,66.41260906402779,71482209,2441,18659485,219445900
3701,2022-05-22,여름,자켓_싱글재킷_ZA,52.465151423791944,219713749,1768,53463861,457912000
3702,2022-05-22,여름,자켓_싱글재킷_ZB,64.9373671521088,32430481,387,9175214,92493000
3703,2022-05-22,여름,점퍼_점퍼_ZB,76.76140292311305,30270881,507,11402304,126243000
3704,2022-05-22,여름,팬츠_니트팬츠_ZB,70.65678241643907,1128100,55,371354,3844500
3705,2022-05-22,여름,팬츠_반바지_ZA,63.57547998828323,2735700,94,1037138,7510600
3706,2022-05-22,여름,팬츠_반바지_ZB,64.08471746802364,27373600,955,6149677,76304500
3707,2022-05-22,여름,팬츠_팬츠(일반)_ZA,56.979893508766544,103401453,1674,21657062,228463200
3708,2022-05-22,여름,팬츠_팬츠(일반)_ZB,60.85697484911513,160246445,4110,37600607,410589000
3709,2022-05-29,봄,가죽&FUR_가죽점퍼_ZA,45.01501501501502,-5398200,-7,-752800,-6993000
3710,2022-05-29,봄,니트 셔츠_라운드_ZB,75.17568190685631,2099616,121,1135697,8457900
3711,2022-05-29,봄,니트 셔츠_오픈형티(맨투맨 등)_ZA,71.69068054645939,2463845,67,805992,8703300
3712,2022-05-29,봄,니트 셔츠_후드티_ZB,70.57053977112045,1560968,59,700715,5304100
3713,2022-05-29,봄,수트_블레이져(수트)_ZB,22.281734344555623,19904300,107,4519047,25573000
3714,2022-05-29,봄,수트_블레이져(수트)_ZC,21.666666666666668,2390000,13,599237,3107000
3715,2022-05-29,봄,수트_수트팬츠_ZB,22.35946321486032,11323190,113,2395339,14577000
3716,2022-05-29,봄,수트_수트팬츠_ZC,21.916666666666668,1599600,16,344562,2064000
3717,2022-05-29,봄,스웨터_T-에리_ZB,76.44301444301445,1976808,84,923921,8391600
3718,2022-05-29,봄,스웨터_VEST_ZA,64.85235235235236,280900,8,67489,799200
3719,2022-05-29,봄,스웨터_라운드_ZB,68.12885239201516,672894,85,875112,7611500
3720,2022-05-29,봄,스웨터_오픈형(CARDIGAN)_ZA,60.48024012006003,395000,5,71528,999500
3721,2022-05-29,봄,스웨터_오픈형(CARDIGAN)_ZB,67.59588480625067,2340705,51,764909,8154900
3722,2022-05-29,봄,우븐 셔츠_캐쥬얼셔츠_ZA,83.98768283294842,41600,2,27708,259800
3723,2022-05-29,봄,우븐 셔츠_캐쥬얼셔츠_ZB,60.23958819533779,1151782,42,327386,2935800
3724,2022-05-29,봄,점퍼_패딩점퍼_ZB,78.95686382912737,280902510,5361,126100617,1334889000
3725,2022-05-29,봄,코트_싱글코트_ZB,64.78799561637295,1317860,16,396399,4304000
3726,2022-05-29,봄,팬츠_니트팬츠_ZA,63.116240266963295,331585,10,89626,899000
3727,2022-05-29,봄,팬츠_니트팬츠_ZB,70.68689724816966,1741638,85,719870,5941500
3728,2022-05-29,사계절,니트 셔츠_라운드_ZB,61.37274032603344,6494039,340,2218111,14646000
3729,2022-05-29,사계절,데님_데님팬츠_ZB,55.71599987235792,12269295,269,3433480,26873100
3730,2022-05-29,사계절,수트_블레이져(수트)_ZB,50.78374003024394,95231253,708,26890287,169212000
3731,2022-05-29,사계절,수트_수트팬츠_ZB,39.08425238864206,66638711,863,16276929,111327000
3732,2022-05-29,사계절,우븐 셔츠_드레스셔츠_ZB,67.66191844054387,24195128,951,6916609,66474900
3733,2022-05-29,사계절,자켓_싱글재킷_ZB,44.80205986482137,5145000,39,1142529,9321000
3734,2022-05-29,사계절,팬츠_니트팬츠_ZB,55.33404604732853,1742303,74,421853,4532600
3735,2022-05-29,사계절,팬츠_팬츠(일반)_ZB,56.36129819915762,16595052,353,3654113,35264700
3736,2022-05-29,여름,니트 셔츠_라운드_ZB,68.85646015285748,128375032,7777,48295235,430912300
3737,2022-05-29,여름,니트 셔츠_티에리_ZB,64.70974826948556,24904860,785,7696140,70571500
3738,2022-05-29,여름,수트_블레이져(수트)_ZA,32.820389852955344,126058127,588,29867361,187572000
3739,2022-05-29,여름,수트_블레이져(수트)_ZB,23.540001368108523,75788287,412,18388939,98468000
3740,2022-05-29,여름,수트_블레이져(수트)_ZC,27.60743175355115,28931916,146,7411794,41454000
3741,2022-05-29,여름,수트_수트팬츠_ZA,33.37540528934898,80335196,673,17000332,120467000
3742,2022-05-29,여름,수트_수트팬츠_ZB,23.44683571176521,44621658,450,9453139,58050000
3743,2022-05-29,여름,수트_수트팬츠_ZC,27.635483772311105,18724843,175,4319912,26775000
3744,2022-05-29,여름,스웨터_T-에리_ZA,-inf,11850350,274,1880688,27372600
3745,2022-05-29,여름,스웨터_T-에리_ZB,68.92498398785297,85140141,3066,28956544,275633400
3746,2022-05-29,여름,스웨터_라운드_ZA,57.09005465642634,9687950,226,2522613,22577400
3747,2022-05-29,여름,스웨터_라운드_ZB,56.52039412628101,33029500,845,8883664,75965500
3748,2022-05-29,여름,우븐 셔츠_드레스셔츠_ZB,57.74317547260286,66990776,2268,13618152,158533200
3749,2022-05-29,여름,우븐 셔츠_캐쥬얼셔츠_ZA,56.630529822159616,32733885,768,6712144,76723200
3750,2022-05-29,여름,우븐 셔츠_캐쥬얼셔츠_ZB,68.00337891686472,45889183,1600,12226827,143840000
3751,2022-05-29,여름,자켓_싱글재킷_ZA,50.87849903909811,204279505,1601,49252277,414659000
3752,2022-05-29,여름,자켓_싱글재킷_ZB,64.14663086242427,28706000,335,7938626,80065000
3753,2022-05-29,여름,점퍼_점퍼_ZB,77.06887780360803,27678080,462,10377588,115038000
3754,2022-05-29,여름,팬츠_니트팬츠_ZB,68.6508676991976,1512000,69,465880,4823100
3755,2022-05-29,여름,팬츠_반바지_ZA,62.5551169731395,3889400,130,1434339,10387000
3756,2022-05-29,여름,팬츠_반바지_ZB,69.88524903624977,19369800,734,5115256,58646600
3757,2022-05-29,여름,팬츠_팬츠(일반)_ZA,53.97659782316856,126173700,1962,27940090,269042600
3758,2022-05-29,여름,팬츠_팬츠(일반)_ZB,60.898668856137945,161681480,3998,36487066,399400200
3759,2022-06-05,봄,가죽&FUR_가죽점퍼_ZA,39.47972664022047,-67974800,-112,-21122800,-111888000
3760,2022-06-05,봄,니트 셔츠_라운드_ZB,73.4123664255442,3958553,213,1996790,14888700
3761,2022-06-05,봄,니트 셔츠_오픈형티(맨투맨 등)_ZA,68.17019879545352,1405795,34,409002,4416600
3762,2022-06-05,봄,니트 셔츠_후드티_ZB,73.8091343322646,3202200,136,1622423,12226400
3763,2022-06-05,봄,수트_블레이져(수트)_ZB,20.985414344109998,21411690,114,4809997,27246000
3764,2022-06-05,봄,수트_블레이져(수트)_ZC,24.416666666666668,3035300,17,753654,4063000
3765,2022-06-05,봄,수트_수트팬츠_ZB,18.940345049885707,12662450,124,2624106,15996000
3766,2022-06-05,봄,수트_수트팬츠_ZC,2.846068660022148,2090100,17,360086,2193000
3767,2022-06-05,봄,스웨터_T-에리_ZB,71.18461214838027,3972547,138,1517766,13786200
3768,2022-06-05,봄,스웨터_VEST_ZA,71.53184434434435,910070,32,269957,3196800
3769,2022-06-05,봄,스웨터_라운드_ZB,74.0777679146996,8776260,356,4067325,33834400
3770,2022-06-05,봄,스웨터_오픈형(CARDIGAN)_ZA,57.861760425667384,1746305,21,306368,4197900
3771,2022-06-05,봄,스웨터_오픈형(CARDIGAN)_ZB,60.51939513477975,3919600,63,981014,10073700
3772,2022-06-05,봄,우븐 셔츠_캐쥬얼셔츠_ZA,95.76597382602002,16500,3,41562,389700
3773,2022-06-05,봄,우븐 셔츠_캐쥬얼셔츠_ZB,54.01236460249336,1323200,45,350492,3145500
3774,2022-06-05,봄,점퍼_패딩점퍼_ZB,81.31966446467368,-165171340,-3551,-83526075,-884199000
3775,2022-06-05,봄,코트_싱글코트_ZB,76.46601768195957,316579,5,9170,1325000
3776,2022-06-05,봄,팬츠_니트팬츠_ZA,64.65649663647439,2001750,63,564646,5663700
3777,2022-06-05,봄,팬츠_니트팬츠_ZB,68.3171955607578,2923309,132,1115718,9226800
3778,2022-06-05,사계절,니트 셔츠_라운드_ZB,37.03346729144977,7290075,483,3202411,19511700
3779,2022-06-05,사계절,데님_데님팬츠_ZB,55.120341769941206,13644763,326,4177708,32567400
3780,2022-06-05,사계절,수트_블레이져(수트)_ZB,38.4172848964671,116440235,805,30406491,192395000
3781,2022-06-05,사계절,수트_수트팬츠_ZB,38.96553345783689,68526377,872,16495532,112488000
3782,2022-06-05,사계절,우븐 셔츠_드레스셔츠_ZB,66.58463802595801,26952155,1036,7569426,72416400
3783,2022-06-05,사계절,자켓_싱글재킷_ZB,38.84776311554554,3800000,26,761686,6214000
3784,2022-06-05,사계절,팬츠_니트팬츠_ZB,65.83693559268286,2437742,110,664322,6979000
3785,2022-06-05,사계절,팬츠_팬츠(일반)_ZB,55.71223572349699,23630350,528,5469890,52747200
3786,2022-06-05,여름,니트 셔츠_라운드_ZB,64.76800257557667,157746349,9963,57985611,537153700
3787,2022-06-05,여름,니트 셔츠_티에리_ZB,63.89861008597299,31254309,963,9441252,86573700
3788,2022-06-05,여름,수트_블레이져(수트)_ZA,32.31689215065553,132110157,612,31043528,195228000
3789,2022-06-05,여름,수트_블레이져(수트)_ZB,23.755380064865655,81155821,444,20242268,106116000
3790,2022-06-05,여름,수트_블레이져(수트)_ZC,26.4200619365599,25740086,128,6454417,35792000
3791,2022-06-05,여름,수트_수트팬츠_ZA,32.52773457358188,84548167,700,17658586,125300000
3792,2022-06-05,여름,수트_수트팬츠_ZB,23.961433264703004,48566841,496,10444415,63984000
3793,2022-06-05,여름,수트_수트팬츠_ZC,26.437104495242824,15001226,138,3393472,20902000
3794,2022-06-05,여름,스웨터_T-에리_ZA,48.56335457029902,12075715,251,1788741,25074900
3795,2022-06-05,여름,스웨터_T-에리_ZB,62.17537701461488,150453838,4474,40745548,402212600
3796,2022-06-05,여름,스웨터_라운드_ZA,56.814758533634034,10742372,249,2788127,24875100
3797,2022-06-05,여름,스웨터_라운드_ZB,59.37600405492386,38310500,1049,11110260,94305100
3798,2022-06-05,여름,우븐 셔츠_드레스셔츠_ZB,57.33654793492148,66749675,2236,13475534,156296400
3799,2022-06-05,여름,우븐 셔츠_캐쥬얼셔츠_ZA,56.99612289235236,40021340,941,8222117,94005900
3800,2022-06-05,여름,우븐 셔츠_캐쥬얼셔츠_ZB,66.85780397034276,72883097,2485,18978937,223401500
3801,2022-06-05,여름,자켓_싱글재킷_ZA,50.95460630930915,227404798,1792,55425883,464128000
3802,2022-06-05,여름,자켓_싱글재킷_ZB,65.77100438623087,33868222,414,9811316,98946000
3803,2022-06-05,여름,점퍼_점퍼_ZB,79.59020100796957,29495453,527,11602957,131223000
3804,2022-06-05,여름,팬츠_니트팬츠_ZB,64.27124463519313,3121800,125,843986,8737500
3805,2022-06-05,여름,팬츠_반바지_ZA,65.72191888211913,4984650,182,2008075,14541800
3806,2022-06-05,여름,팬츠_반바지_ZB,66.51600153730435,9676970,369,2189267,29483100
3807,2022-06-05,여름,팬츠_팬츠(일반)_ZA,52.5740962557704,130976070,1937,28507253,265958600
3808,2022-06-05,여름,팬츠_팬츠(일반)_ZB,60.76074120676626,193892696,4984,45569487,497901600
3809,2022-06-12,봄,가죽&FUR_가죽점퍼_ZA,55.55555555555555,5394600,11,2102000,10989000
3810,2022-06-12,봄,니트 셔츠_라운드_ZB,71.4173664240841,919046,46,431723,3215400
3811,2022-06-12,봄,니트 셔츠_오픈형티(맨투맨 등)_ZA,72.87766366927096,1655900,47,565412,6105300
3812,2022-06-12,봄,니트 셔츠_후드티_ZB,77.0162257580887,950471,46,548303,4135400
3813,2022-06-12,봄,수트_블레이져(수트)_ZB,18.838895113009066,18999647,101,4254731,24139000
3814,2022-06-12,봄,수트_블레이져(수트)_ZC,24.89177489177489,4517100,25,1098588,5975000
3815,2022-06-12,봄,수트_수트팬츠_ZB,19.3655804508939,10528280,103,2189183,13287000
3816,2022-06-12,봄,수트_수트팬츠_ZC,-26.666666666666668,1186800,10,217260,1290000
3817,2022-06-12,봄,스웨터_T-에리_ZB,54.17963417963418,503520,11,120975,1098900
3818,2022-06-12,봄,스웨터_VEST_ZA,83.18318318318319,50400,3,25308,299700
3819,2022-06-12,봄,스웨터_라운드_ZB,75.29759316906147,942389,32,379230,3096800
3820,2022-06-12,봄,스웨터_오픈형(CARDIGAN)_ZA,62.98149074537269,454000,6,87023,1199400
3821,2022-06-12,봄,스웨터_오픈형(CARDIGAN)_ZB,57.83894289991851,1539100,23,355482,3677700
3822,2022-06-12,봄,우븐 셔츠_캐쥬얼셔츠_ZA,56.49400637853294,395600,7,96979,909300
3823,2022-06-12,봄,우븐 셔츠_캐쥬얼셔츠_ZB,61.09442060085837,1289100,47,366038,3285300
3824,2022-06-12,봄,점퍼_패딩점퍼_ZB,71.7362565014155,-180305160,-2562,-60262970,-637938000
3825,2022-06-12,봄,코트_싱글코트_ZB,70.96761242877623,771000,7,265495,2063000
3826,2022-06-12,봄,팬츠_니트팬츠_ZA,66.08400868690079,640300,21,188215,1887900
3827,2022-06-12,봄,팬츠_니트팬츠_ZB,70.85198635413228,1589208,78,652523,5452200
3828,2022-06-12,사계절,니트 셔츠_라운드_ZB,69.76569017588386,7906479,543,3559741,22955700
3829,2022-06-12,사계절,데님_데님팬츠_ZB,58.47465802956381,11744350,269,3439432,26873100
3830,2022-06-12,사계절,수트_블레이져(수트)_ZB,39.34696465030156,141061121,963,36460219,230157000
3831,2022-06-12,사계절,수트_수트팬츠_ZB,39.2692719492645,80067547,1017,19354857,131193000
3832,2022-06-12,사계절,우븐 셔츠_드레스셔츠_ZB,67.4210765637196,21681000,813,5837156,56828700
3833,2022-06-12,사계절,자켓_싱글재킷_ZB,44.36333823363112,4919950,37,1083938,8843000
3834,2022-06-12,사계절,팬츠_니트팬츠_ZB,65.66254916993272,3230000,140,801518,8586000
3835,2022-06-12,사계절,팬츠_팬츠(일반)_ZB,56.4685900195672,14893645,325,3364540,32467500
3836,2022-06-12,여름,니트 셔츠_라운드_ZB,70.47686555381036,197204103,12794,79631417,715220600
3837,2022-06-12,여름,니트 셔츠_티에리_ZB,69.60238928685767,31617862,1157,11343228,104014300
3838,2022-06-12,여름,수트_블레이져(수트)_ZA,32.389191722015745,113862026,528,26756126,168432000
3839,2022-06-12,여름,수트_블레이져(수트)_ZB,21.871470973162527,79748445,429,19730440,102531000
3840,2022-06-12,여름,수트_블레이져(수트)_ZC,23.195606216868182,21011734,102,5164106,28698000
3841,2022-06-12,여름,수트_수트팬츠_ZA,32.51354928055815,70149731,581,14645372,103999000
3842,2022-06-12,여름,수트_수트팬츠_ZB,22.602129836362973,47511817,477,10125243,61533000
3843,2022-06-12,여름,수트_수트팬츠_ZC,23.862564189379835,14637470,129,3198053,19941000
3844,2022-06-12,여름,스웨터_T-에리_ZA,60.42701664964687,18533390,425,2967289,42457500
3845,2022-06-12,여름,스웨터_T-에리_ZB,62.319484366057395,146213580,4284,41535144,385131600
3846,2022-06-12,여름,스웨터_라운드_ZA,57.543809904324924,9882400,233,2613383,23276700
3847,2022-06-12,여름,스웨터_라운드_ZB,66.34908736980483,31946292,1056,11182956,94934400
3848,2022-06-12,여름,우븐 셔츠_드레스셔츠_ZB,65.67173157508928,124304121,5234,31951183,365856600
3849,2022-06-12,여름,우븐 셔츠_캐쥬얼셔츠_ZA,55.36835101474103,32745685,748,6595746,74725200
3850,2022-06-12,여름,우븐 셔츠_캐쥬얼셔츠_ZB,68.44752109709403,68516342,2523,18886126,226817700
3851,2022-06-12,여름,자켓_싱글재킷_ZA,51.55042769413705,202872220,1601,49268222,414659000
3852,2022-06-12,여름,자켓_싱글재킷_ZB,65.45432811407304,29145147,353,8361587,84367000
3853,2022-06-12,여름,점퍼_점퍼_ZB,76.24333790825094,34182950,575,12944772,143175000
3854,2022-06-12,여름,팬츠_니트팬츠_ZB,68.41849542473075,1170000,53,357850,3704700
3855,2022-06-12,여름,팬츠_반바지_ZA,65.29278102482472,5712600,206,2272876,16459400
3856,2022-06-12,여름,팬츠_반바지_ZB,69.40558421079925,23979937,993,6342590,79340700
3857,2022-06-12,여름,팬츠_팬츠(일반)_ZA,51.84534487451012,125858963,1989,29535310,272287300
3858,2022-06-12,여름,팬츠_팬츠(일반)_ZB,61.55807858977848,228215435,5898,53723729,589210200
3859,2022-06-19,봄,가죽&FUR_가죽점퍼_ZA,39.93412740436174,-14704400,-24,-9159900,-23976000
3860,2022-06-19,봄,니트 셔츠_라운드_ZB,30.93671231010287,-1013780,-21,-196810,-1467900
3861,2022-06-19,봄,니트 셔츠_오픈형티(맨투맨 등)_ZA,91.00676728073473,502335,43,517302,5585700
3862,2022-06-19,봄,니트 셔츠_후드티_ZB,100.6607341490545,-8316,14,162582,1258600
3863,2022-06-19,봄,수트_블레이져(수트)_ZB,23.746138211382117,14966180,81,3382436,19359000
3864,2022-06-19,봄,수트_블레이져(수트)_ZC,23.857142857142858,5114600,28,1251124,6692000
3865,2022-06-19,봄,수트_수트팬츠_ZB,24.20486111111111,7923180,80,1703840,10320000
3866,2022-06-19,봄,수트_수트팬츠_ZC,23.208440999138674,3656500,37,790338,4773000
3867,2022-06-19,봄,스웨터_T-에리_ZB,25.21271271271271,-597700,-8,-87999,-799200
3868,2022-06-19,봄,스웨터_VEST_ZA,88.88888888888889,-11100,-1,-8436,-99900
3869,2022-06-19,봄,스웨터_라운드_ZB,68.25186373406618,148727,17,161498,1458300
3870,2022-06-19,봄,스웨터_오픈형(CARDIGAN)_ZA,-inf,-99000,-3,-42917,-599700
3871,2022-06-19,봄,스웨터_오픈형(CARDIGAN)_ZB,77.48462580779653,731600,20,310979,3198000
3872,2022-06-19,봄,우븐 셔츠_캐쥬얼셔츠_ZA,44.86874518860662,-716155,-10,-138541,-1299000
3873,2022-06-19,봄,우븐 셔츠_캐쥬얼셔츠_ZB,33.75577748431826,641045,24,186410,1677600
3874,2022-06-19,봄,점퍼_패딩점퍼_ZB,269.02155287817936,-1262591,3,70566,747000
3875,2022-06-19,봄,코트_싱글코트_ZB,60.30429316048387,461800,16,477538,5424000
3876,2022-06-19,봄,팬츠_니트팬츠_ZA,89.55267757826157,65745,7,62738,629300
3877,2022-06-19,봄,팬츠_니트팬츠_ZB,-25.31244635193133,-437967,-5,-37364,-349500
3878,2022-06-19,사계절,니트 셔츠_라운드_ZB,70.95231375623814,11376960,854,5662417,34494600
3879,2022-06-19,사계절,데님_데님팬츠_ZB,54.58501402051008,14526300,322,4128036,32167800
3880,2022-06-19,사계절,수트_블레이져(수트)_ZB,37.31364783780239,136983746,955,36375853,228245000
3881,2022-06-19,사계절,수트_수트팬츠_ZB,34.92633151981256,87342361,1097,21023901,141513000
3882,2022-06-19,사계절,우븐 셔츠_드레스셔츠_ZB,54.03458773807031,28404591,857,5978747,59904300
3883,2022-06-19,사계절,자켓_싱글재킷_ZB,45.64853556485355,1299000,10,292956,2390000
3884,2022-06-19,사계절,팬츠_니트팬츠_ZB,63.48617151618936,2202345,106,596254,6449400
3885,2022-06-19,사계절,팬츠_팬츠(일반)_ZB,60.378596288596285,11350045,263,2713116,26273700
3886,2022-06-19,여름,니트 셔츠_라운드_ZB,72.62096328082325,153856184,11062,67876026,611053800
3887,2022-06-19,여름,니트 셔츠_티에리_ZB,65.12405651796604,23389691,746,7313784,67065400
3888,2022-06-19,여름,수트_블레이져(수트)_ZA,34.78044222644397,87586022,421,21370224,134299000
3889,2022-06-19,여름,수트_블레이져(수트)_ZB,23.997138579925963,67216726,372,17037451,88908000
3890,2022-06-19,여름,수트_블레이져(수트)_ZC,28.167685322073577,14113841,73,3657223,20247000
3891,2022-06-19,여름,수트_수트팬츠_ZA,34.71035388596779,57858711,495,12499271,88605000
3892,2022-06-19,여름,수트_수트팬츠_ZB,23.711046350916217,40985088,417,8892651,53793000
3893,2022-06-19,여름,수트_수트팬츠_ZC,26.941717681235303,11101719,103,2509972,15337000
3894,2022-06-19,여름,스웨터_T-에리_ZA,74.16416752693569,13021700,384,2607868,38361600
3895,2022-06-19,여름,스웨터_T-에리_ZB,68.57250967836751,99902355,3657,32855108,328764300
3896,2022-06-19,여름,스웨터_라운드_ZA,62.94240941449063,7293045,197,2207998,19680300
3897,2022-06-19,여름,스웨터_라운드_ZB,61.6908298230578,25210039,732,7747306,65806800
3898,2022-06-19,여름,우븐 셔츠_드레스셔츠_ZB,37.49315301324802,147600067,3350,20457896,234165000
3899,2022-06-19,여름,우븐 셔츠_캐쥬얼셔츠_ZA,57.87118783880991,38212650,907,7747827,90609300
3900,2022-06-19,여름,우븐 셔츠_캐쥬얼셔츠_ZB,70.11388198575068,70225012,2682,19901273,241111800
3901,2022-06-19,여름,자켓_싱글재킷_ZA,50.94517563671362,180272120,1381,42272065,357679000
3902,2022-06-19,여름,자켓_싱글재킷_ZB,70.58398622352962,32199357,458,10841822,109462000
3903,2022-06-19,여름,점퍼_점퍼_ZB,76.94299036669554,21332334,370,8240024,92130000
3904,2022-06-19,여름,팬츠_니트팬츠_ZB,69.74259524187994,2284192,108,729204,7549200
3905,2022-06-19,여름,팬츠_반바지_ZA,67.47815300098574,5872600,226,2493544,18057400
3906,2022-06-19,여름,팬츠_반바지_ZB,72.58934892680712,34602519,1572,10193820,125602800
3907,2022-06-19,여름,팬츠_팬츠(일반)_ZA,58.162547075445204,72084745,1190,17143148,162790300
3908,2022-06-19,여름,팬츠_팬츠(일반)_ZB,63.5275664212088,180429586,5094,46824621,508890600
3909,2022-06-26,봄,가죽&FUR_가죽점퍼_ZA,40.00125481606963,48547000,81,18129900,80919000
3910,2022-06-26,봄,니트 셔츠_라운드_ZB,58.685925210998626,12071229,418,3930362,29218200
3911,2022-06-26,봄,니트 셔츠_오픈형티(맨투맨 등)_ZA,70.65050038491147,457500,12,144360,1558800
3912,2022-06-26,봄,니트 셔츠_후드티_ZB,23.75417130144605,68545,1,12141,89900
3913,2022-06-26,봄,수트_블레이져(수트)_ZB,22.68771043771044,9110680,49,2061935,11711000
3914,2022-06-26,봄,수트_블레이져(수트)_ZC,20.0,2676800,14,608247,3346000
3915,2022-06-26,봄,수트_수트팬츠_ZB,21.881451139299976,6455703,63,1331095,8127000
3916,2022-06-26,봄,수트_수트팬츠_ZC,20.0,2064000,20,422059,2580000
3917,2022-06-26,봄,스웨터_T-에리_ZB,71.86607660291871,534010,19,208994,1898100
3918,2022-06-26,봄,스웨터_VEST_ZA,63.82096382096382,253000,7,59053,699300
3919,2022-06-26,봄,스웨터_라운드_ZB,72.45634479863622,752236,31,333422,2846900
3920,2022-06-26,봄,스웨터_오픈형(CARDIGAN)_ZA,60.48024012006003,158000,2,29207,399800
3921,2022-06-26,봄,스웨터_오픈형(CARDIGAN)_ZB,61.525472651176216,1063700,18,272978,2878200
3922,2022-06-26,봄,우븐 셔츠_캐쥬얼셔츠_ZA,-inf,59000,0,0,0
3923,2022-06-26,봄,우븐 셔츠_캐쥬얼셔츠_ZB,54.250119217930376,603000,19,147899,1328100
3924,2022-06-26,봄,점퍼_패딩점퍼_ZB,68.27309236947791,52772000,668,15712593,166332000
3925,2022-06-26,봄,코트_싱글코트_ZB,-inf,8150850,102,2557653,25478000
3926,2022-06-26,봄,팬츠_니트팬츠_ZA,51.921888518106535,389000,9,80664,809100
3927,2022-06-26,봄,팬츠_니트팬츠_ZB,60.804101096804956,410969,15,124886,1048500
3928,2022-06-26,사계절,니트 셔츠_라운드_ZB,71.2895699313381,11299904,911,6023621,37218900
3929,2022-06-26,사계절,데님_데님팬츠_ZB,55.84137532101578,8345050,185,2352020,18481500
3930,2022-06-26,사계절,수트_블레이져(수트)_ZB,37.90496210676515,190266256,1305,49706990,311895000
3931,2022-06-26,사계절,수트_수트팬츠_ZB,40.00808428394361,117220771,1479,28492111,190791000
3932,2022-06-26,사계절,우븐 셔츠_드레스셔츠_ZB,67.28411575621202,32596884,1288,9131898,90031200
3933,2022-06-26,사계절,자켓_싱글재킷_ZB,46.06694560669456,2578000,20,585912,4780000
3934,2022-06-26,사계절,팬츠_니트팬츠_ZB,69.42179493350996,4846000,247,1403185,15085300
3935,2022-06-26,사계절,팬츠_팬츠(일반)_ZB,56.52447130388307,10685685,225,2283721,22477500
3936,2022-06-26,여름,니트 셔츠_라운드_ZB,70.75767817115359,187614746,12872,78046239,714052800
3937,2022-06-26,여름,니트 셔츠_티에리_ZB,63.86158705848569,32845806,1011,9911844,90888900
3938,2022-06-26,여름,수트_블레이져(수트)_ZA,31.748247284372876,87105311,399,20294239,127281000
3939,2022-06-26,여름,수트_블레이져(수트)_ZB,22.38057747802839,43072568,233,10456998,55687000
3940,2022-06-26,여름,수트_블레이져(수트)_ZC,25.793385136481373,11185700,57,2803331,15223000
3941,2022-06-26,여름,수트_수트팬츠_ZA,33.80210749104111,40717270,344,8671286,61576000
3942,2022-06-26,여름,수트_수트팬츠_ZB,22.66709153854332,28398409,285,6124894,36765000
3943,2022-06-26,여름,수트_수트팬츠_ZC,24.55470181575879,7553680,68,1663470,10222000
3944,2022-06-26,여름,스웨터_T-에리_ZA,56.70050507621129,13451450,324,2267055,32367600
3945,2022-06-26,여름,스웨터_T-에리_ZB,68.13446934916098,142013754,5453,46891619,490224700
3946,2022-06-26,여름,스웨터_라운드_ZA,59.35735735735736,5075250,125,1400008,12487500
3947,2022-06-26,여름,스웨터_라운드_ZB,59.99696550519973,26576456,739,7839696,66436100
3948,2022-06-26,여름,우븐 셔츠_드레스셔츠_ZB,59.50193274528803,64236613,2269,13621091,158603100
3949,2022-06-26,여름,우븐 셔츠_캐쥬얼셔츠_ZA,56.464262531951945,44565385,1031,8821182,102996900
3950,2022-06-26,여름,우븐 셔츠_캐쥬얼셔츠_ZB,67.99580941469891,60857973,2087,15551333,187621300
3951,2022-06-26,여름,자켓_싱글재킷_ZA,50.28195741947578,163171920,1211,37760864,313649000
3952,2022-06-26,여름,자켓_싱글재킷_ZB,61.97211867630278,18995307,209,4961245,49951000
3953,2022-06-26,여름,점퍼_점퍼_ZB,76.34922484576416,14874991,251,5620263,62499000
3954,2022-06-26,여름,팬츠_니트팬츠_ZB,67.96386491135009,1993000,89,600918,6221100
3955,2022-06-26,여름,팬츠_반바지_ZA,70.74615675254445,9910500,424,4678153,33877600
3956,2022-06-26,여름,팬츠_반바지_ZB,71.77318730920173,38403450,1698,10991141,135670200
3957,2022-06-26,여름,팬츠_팬츠(일반)_ZA,55.38139947333492,84174347,1364,20353211,185998800
3958,2022-06-26,여름,팬츠_팬츠(일반)_ZB,61.84117136706925,192022042,5128,47161949,512287200
3959,2022-07-03,봄,가죽&FUR_가죽점퍼_ZA,40.01186371556742,80271600,134,27863300,133866000
3960,2022-07-03,봄,니트 셔츠_라운드_ZB,57.62333736840175,-11552302,-390,-3668160,-27261000
3961,2022-07-03,봄,니트 셔츠_오픈형티(맨투맨 등)_ZA,75.80831408775981,251400,8,96236,1039200
3962,2022-07-03,봄,니트 셔츠_후드티_ZB,73.76807563959956,141495,6,71627,539400
3963,2022-07-03,봄,수트_블레이져(수트)_ZB,22.77151565430674,9885950,53,2229610,12667000
3964,2022-07-03,봄,수트_블레이져(수트)_ZC,23.703703703703706,2820200,16,702883,3824000
3965,2022-07-03,봄,수트_수트팬츠_ZB,-3.748741568509012,6023000,60,1265730,7740000
3966,2022-07-03,봄,수트_수트팬츠_ZC,3.7777777777777772,1831800,17,366980,2193000
3967,2022-07-03,봄,스웨터_T-에리_ZB,75.00250250250251,199780,8,87986,799200
3968,2022-07-03,봄,스웨터_VEST_ZA,68.71871871871872,125000,4,33745,399600
3969,2022-07-03,봄,스웨터_라운드_ZB,90.39564369708975,219028,-7,-62041,-579300
3970,2022-07-03,봄,스웨터_오픈형(CARDIGAN)_ZA,100.0,0,6,87619,1199400
3971,2022-07-03,봄,스웨터_오픈형(CARDIGAN)_ZB,67.12528663748176,453800,9,137085,1439100
3972,2022-07-03,봄,우븐 셔츠_캐쥬얼셔츠_ZA,108.79522709776751,45700,-4,-55416,-519600
3973,2022-07-03,봄,우븐 셔츠_캐쥬얼셔츠_ZB,61.33567433996619,576800,21,163940,1467900
3974,2022-07-03,봄,점퍼_패딩점퍼_ZB,70.1984786436386,-60255100,-812,-19099739,-202188000
3975,2022-07-03,봄,코트_싱글코트_ZB,71.99715579643804,-442520,-5,-103562,-1085000
3976,2022-07-03,봄,팬츠_니트팬츠_ZA,inf,-61900,0,0,0
3977,2022-07-03,봄,팬츠_니트팬츠_ZB,64.68717215069147,148102,6,49298,419400
3978,2022-07-03,사계절,니트 셔츠_라운드_ZB,65.60719590877711,6682986,401,2653557,16329900
3979,2022-07-03,사계절,데님_데님팬츠_ZB,50.12916442556852,9212086,195,2510977,19480500
3980,2022-07-03,사계절,수트_블레이져(수트)_ZB,38.58697930218113,181710479,1244,48998001,297316000
3981,2022-07-03,사계절,수트_블레이져(수트)_ZC,0.0,0,0,0,0
3982,2022-07-03,사계절,수트_수트팬츠_ZB,26.582078082012572,109584595,1370,26810425,176730000
3983,2022-07-03,사계절,수트_수트팬츠_ZC,0.0,0,0,0,0
3984,2022-07-03,사계절,우븐 셔츠_드레스셔츠_ZB,64.57368644694465,26994114,934,6486544,65286600
3985,2022-07-03,사계절,자켓_싱글재킷_ZB,42.00836820083682,2079000,15,439434,3585000
3986,2022-07-03,사계절,팬츠_니트팬츠_ZB,69.61036218584564,5196165,266,1515201,16263400
3987,2022-07-03,사계절,팬츠_팬츠(일반)_ZB,51.29272925325557,23203739,433,4889181,43256700
3988,2022-07-03,여름,니트 셔츠_라운드_ZB,74.17504689802578,137579391,9686,61451970,548411400
3989,2022-07-03,여름,니트 셔츠_티에리_ZB,67.35052127248281,24743636,843,8264772,75785700
3990,2022-07-03,여름,수트_블레이져(수트)_ZA,36.806076545702496,49481770,236,11898926,75284000
3991,2022-07-03,여름,수트_블레이져(수트)_ZB,22.02469028177686,46909929,253,10851953,60467000
3992,2022-07-03,여름,수트_블레이져(수트)_ZC,25.815643961337788,12294170,62,3089989,16978000
3993,2022-07-03,여름,수트_수트팬츠_ZA,32.3048104932996,46572502,384,9681840,68736000
3994,2022-07-03,여름,수트_수트팬츠_ZB,22.694586464076338,33389047,337,6786377,43473000
3995,2022-07-03,여름,수트_수트팬츠_ZC,26.563522071036008,8201777,76,1856668,11454000
3996,2022-07-03,여름,스웨터_T-에리_ZA,46.001393550413155,11824100,254,1716479,25374600
3997,2022-07-03,여름,스웨터_T-에리_ZB,64.57835048560746,77097601,2458,22336657,220974200
3998,2022-07-03,여름,스웨터_라운드_ZA,57.0022076871392,6271400,146,1638567,14585400
3999,2022-07-03,여름,스웨터_라운드_ZB,66.69701702288256,13412843,448,4741017,40275200
4000,2022-07-03,여름,우븐 셔츠_드레스셔츠_ZB,58.96227885796516,66589041,2310,13727153,161469000
4001,2022-07-03,여름,우븐 셔츠_캐쥬얼셔츠_ZA,56.65426912579596,41709150,992,8599526,99100800
4002,2022-07-03,여름,우븐 셔츠_캐쥬얼셔츠_ZB,73.42346203566531,62201916,2580,19236580,231942000
4003,2022-07-03,여름,자켓_싱글재킷_ZA,47.272515050684895,127962882,963,28920333,249417000
4004,2022-07-03,여름,자켓_싱글재킷_ZB,67.26973118587723,17131350,219,5186914,52341000
4005,2022-07-03,여름,점퍼_점퍼_ZB,101.51696618899352,9901191,159,3644862,39591000
4006,2022-07-03,여름,팬츠_니트팬츠_ZB,71.7912017167382,3943590,200,1350378,13980000
4007,2022-07-03,여름,팬츠_반바지_ZA,59.66774185889543,11891200,369,4071317,29483100
4008,2022-07-03,여름,팬츠_반바지_ZB,63.049675503329695,39226102,1314,8559424,104988600
4009,2022-07-03,여름,팬츠_팬츠(일반)_ZA,55.493293827134096,83700063,1420,20907901,193587300
4010,2022-07-03,여름,팬츠_팬츠(일반)_ZB,65.37109358174438,179354541,5544,51047160,553845600
4011,2022-07-10,가을,우븐 셔츠_캐쥬얼셔츠_ZB,0.0,0,0,0,0
4012,2022-07-10,봄,가죽&FUR_가죽점퍼_ZA,40.76897081872206,-63010600,-99,-19409100,-98901000
4013,2022-07-10,봄,니트 셔츠_라운드_ZB,70.32970177176186,1348070,65,609812,4543500
4014,2022-07-10,봄,니트 셔츠_오픈형티(맨투맨 등)_ZA,76.87175539369535,1171700,39,469165,5066100
4015,2022-07-10,봄,니트 셔츠_후드티_ZB,74.89014894598334,925524,41,487126,3685900
4016,2022-07-10,봄,수트_블레이져(수트)_ZB,23.25,5602160,30,1283239,7170000
4017,2022-07-10,봄,수트_블레이져(수트)_ZC,20.833333333333336,1888100,10,450435,2390000
4018,2022-07-10,봄,수트_수트팬츠_ZB,22.189285714285717,4120260,41,870804,5289000
4019,2022-07-10,봄,수트_수트팬츠_ZC,21.222222222222225,1419000,14,300168,1806000
4020,2022-07-10,봄,스웨터_T-에리_ZB,76.45472138805472,705652,30,329972,2997000
4021,2022-07-10,봄,스웨터_VEST_ZA,64.98498498498499,174900,5,42181,499500
4022,2022-07-10,봄,스웨터_라운드_ZB,75.71580146277958,1975783,85,911654,7791500
4023,2022-07-10,봄,스웨터_오픈형(CARDIGAN)_ZA,62.281140570285146,1137000,15,220534,2998500
4024,2022-07-10,봄,스웨터_오픈형(CARDIGAN)_ZB,76.26728619449656,1931311,52,795214,8314800
4025,2022-07-10,봄,우븐 셔츠_캐쥬얼셔츠_ZA,73.13317936874519,139600,4,55416,519600
4026,2022-07-10,봄,우븐 셔츠_캐쥬얼셔츠_ZB,74.0148263753414,1006300,31,240822,2166900
4027,2022-07-10,봄,점퍼_패딩점퍼_ZB,68.09260206850568,-20577400,-259,-6092158,-64491000
4028,2022-07-10,봄,코트_싱글코트_ZB,70.54389114304163,-5911288,-75,-1867572,-18355000
4029,2022-07-10,봄,팬츠_니트팬츠_ZA,68.45995550611791,283545,10,89626,899000
4030,2022-07-10,봄,팬츠_니트팬츠_ZB,67.89120346139083,920206,41,347876,2865900
4031,2022-07-10,사계절,니트 셔츠_라운드_ZB,71.0448695729896,8992960,739,4881002,30326100
4032,2022-07-10,사계절,데님_데님팬츠_ZB,61.84400961196014,9410445,227,2881268,22677300
4033,2022-07-10,사계절,수트_블레이져(수트)_ZB,37.872989588837775,131637357,916,36610430,218924000
4034,2022-07-10,사계절,수트_블레이져(수트)_ZC,2.803347280334728,46692300,201,8145512,48039000
4035,2022-07-10,사계절,수트_수트팬츠_ZB,38.11244989791634,73199726,941,18582682,121389000
4036,2022-07-10,사계절,수트_수트팬츠_ZC,2.7412255073818708,24967300,199,4139393,25671000
4037,2022-07-10,사계절,우븐 셔츠_드레스셔츠_ZB,61.04906913198376,13969722,568,4118596,39703200
4038,2022-07-10,사계절,자켓_싱글재킷_ZB,44.76987447698745,1848000,14,410139,3346000
4039,2022-07-10,사계절,팬츠_니트팬츠_ZB,69.13501310060067,3263800,166,928381,10053400
4040,2022-07-10,사계절,팬츠_팬츠(일반)_ZB,52.504843829068555,21243200,441,4831401,44055900
4041,2022-07-10,여름,니트 셔츠_라운드_ZB,71.80918431118766,404591800,23758,166614308,1403804200
4042,2022-07-10,여름,니트 셔츠_티에리_ZB,68.71720076248852,40666200,1446,14176584,129995400
4043,2022-07-10,여름,수트_블레이져(수트)_ZA,31.810377295118673,48304044,222,11274256,70818000
4044,2022-07-10,여름,수트_블레이져(수트)_ZB,23.133395789255847,38697088,211,8852685,50429000
4045,2022-07-10,여름,수트_블레이져(수트)_ZC,25.497695002765994,8134980,41,2029526,11159000
4046,2022-07-10,여름,수트_수트팬츠_ZA,33.04327971327775,38386127,319,8074415,57101000
4047,2022-07-10,여름,수트_수트팬츠_ZB,22.864634661129873,26086848,262,5215615,33798000
4048,2022-07-10,여름,수트_수트팬츠_ZC,25.743896130767638,6794480,63,1531243,9327000
4049,2022-07-10,여름,스웨터_T-에리_ZA,62.890372552208305,14118000,346,2402429,34565400
4050,2022-07-10,여름,스웨터_T-에리_ZB,69.6349048233707,140241974,5681,48882515,510721900
4051,2022-07-10,여름,스웨터_라운드_ZA,61.54575628259839,5839200,152,1704344,15184800
4052,2022-07-10,여름,스웨터_라운드_ZB,60.43843327603061,23473460,660,6987702,59334000
4053,2022-07-10,여름,우븐 셔츠_드레스셔츠_ZB,63.81935821313412,59571659,2342,13994962,163705800
4054,2022-07-10,여름,우븐 셔츠_캐쥬얼셔츠_ZA,62.36922845285264,47236890,1287,11159411,128571300
4055,2022-07-10,여름,우븐 셔츠_캐쥬얼셔츠_ZB,75.10405881950183,70563760,3174,23449564,285342600
4056,2022-07-10,여름,자켓_싱글재킷_ZA,51.062177948823354,85700266,692,20320640,179228000
4057,2022-07-10,여름,자켓_싱글재킷_ZB,66.91546159680932,67606600,855,20444068,204345000
4058,2022-07-10,여름,점퍼_점퍼_ZB,77.05105383388911,11707880,202,4596664,50298000
4059,2022-07-10,여름,팬츠_니트팬츠_ZB,72.68708993142914,2768300,145,979024,10135500
4060,2022-07-10,여름,팬츠_반바지_ZA,63.37409485070624,16387895,560,6178692,44744000
4061,2022-07-10,여름,팬츠_반바지_ZB,69.42991812652822,40916850,1681,10901490,134311900
4062,2022-07-10,여름,팬츠_팬츠(일반)_ZA,59.125747590840234,61310045,1181,18064065,159388800
4063,2022-07-10,여름,팬츠_팬츠(일반)_ZB,65.88896852031816,202273476,6751,62030374,674424900
4064,2022-07-17,가을,우븐 셔츠_캐쥬얼셔츠_ZB,0.0,0,0,0,0
4065,2022-07-17,봄,가죽&FUR_가죽점퍼_ZA,40.68385414399907,16181000,28,5640700,27972000
4066,2022-07-17,봄,니트 셔츠_라운드_ZB,51.74969736986905,876901,26,244524,1817400
4067,2022-07-17,봄,니트 셔츠_오픈형티(맨투맨 등)_ZA,68.46860222148906,860145,21,252636,2727900
4068,2022-07-17,봄,니트 셔츠_후드티_ZB,70.98896209463507,339052,13,155176,1168700
4069,2022-07-17,봄,수트_블레이져(수트)_ZB,7.499999999999998,6166200,31,1323726,7409000
4070,2022-07-17,봄,수트_블레이져(수트)_ZC,10.0,1649100,8,348670,1912000
4071,2022-07-17,봄,수트_수트팬츠_ZB,6.375088090204369,4075100,38,809652,4902000
4072,2022-07-17,봄,수트_수트팬츠_ZC,-inf,870100,4,91129,516000
4073,2022-07-17,봄,스웨터_T-에리_ZB,55.88075575575576,705202,16,175968,1598400
4074,2022-07-17,봄,스웨터_VEST_ZA,56.553696553696554,303820,7,59053,699300
4075,2022-07-17,봄,스웨터_라운드_ZB,68.78652353902632,1731106,57,628423,5304300
4076,2022-07-17,봄,스웨터_오픈형(CARDIGAN)_ZA,88.53593463398366,110000,-5,-75098,-999500
4077,2022-07-17,봄,스웨터_오픈형(CARDIGAN)_ZB,74.86606212215969,1390945,33,503832,5276700
4078,2022-07-17,봄,우븐 셔츠_캐쥬얼셔츠_ZA,63.75545291249679,141245,3,41562,389700
4079,2022-07-17,봄,우븐 셔츠_캐쥬얼셔츠_ZB,41.37843978793234,670380,20,155672,1398000
4080,2022-07-17,봄,점퍼_패딩점퍼_ZB,68.5228110330504,-29705338,-379,-8914780,-94371000
4081,2022-07-17,봄,코트_싱글코트_ZB,78.87379609623906,419220,7,200111,1983000
4082,2022-07-17,봄,팬츠_니트팬츠_ZA,55.32752440983809,361445,9,80664,809100
4083,2022-07-17,봄,팬츠_니트팬츠_ZB,61.66494992846924,267962,10,84078,699000
4084,2022-07-17,사계절,니트 셔츠_라운드_ZB,386.9004538039523,10074467,802,5334509,31969800
4085,2022-07-17,사계절,데님_데님팬츠_ZB,53.91855947411503,7471220,173,2196135,17282700
4086,2022-07-17,사계절,수트_블레이져(수트)_ZB,35.145132638705725,113426563,800,32441317,191200000
4087,2022-07-17,사계절,수트_블레이져(수트)_ZC,42.86689419795222,40008600,293,11873806,70027000
4088,2022-07-17,사계절,수트_수트팬츠_ZB,36.163338577897996,70789837,917,18178601,118293000
4089,2022-07-17,사계절,수트_수트팬츠_ZC,39.05754701515258,26021818,331,6885121,42699000
4090,2022-07-17,사계절,우븐 셔츠_드레스셔츠_ZB,64.73388289859555,19343755,686,4727323,47951400
4091,2022-07-17,사계절,자켓_싱글재킷_ZB,38.7398474033965,2489000,17,498026,4063000
4092,2022-07-17,사계절,팬츠_니트팬츠_ZB,66.71034873334432,4244790,215,1204251,13028500
4093,2022-07-17,사계절,팬츠_팬츠(일반)_ZB,52.14729362090474,19971827,394,4552249,39360600
4094,2022-07-17,여름,니트 셔츠_라운드_ZB,69.43598427126786,296417417,19762,110970715,1073283800
4095,2022-07-17,여름,니트 셔츠_티에리_ZB,70.1122632157115,34580500,1287,12617748,115701300
4096,2022-07-17,여름,수트_블레이져(수트)_ZA,30.945396725879483,40283484,183,9266517,58377000
4097,2022-07-17,여름,수트_블레이져(수트)_ZB,20.665413686833094,30909599,164,6840618,39196000
4098,2022-07-17,여름,수트_블레이져(수트)_ZC,23.968253968253965,5054200,24,1224852,6856000
4099,2022-07-17,여름,수트_수트팬츠_ZA,30.934454965425637,27460940,223,5618152,39917000
4100,2022-07-17,여름,수트_수트팬츠_ZB,21.239591986341328,21619090,213,4245790,27477000
4101,2022-07-17,여름,수트_수트팬츠_ZC,-1.7198879551820732,4495380,27,684011,4333000
4102,2022-07-17,여름,스웨터_T-에리_ZA,58.85123794141507,6923795,186,1335052,18581400
4103,2022-07-17,여름,스웨터_T-에리_ZB,69.40630826745542,89926449,3847,32474465,345845300
4104,2022-07-17,여름,스웨터_라운드_ZA,60.54510366222078,4375114,111,1241895,11088900
4105,2022-07-17,여름,스웨터_라운드_ZB,61.688239771056246,22249708,646,6841080,58075400
4106,2022-07-17,여름,우븐 셔츠_드레스셔츠_ZB,62.713537130884134,52993962,2029,12407024,141827100
4107,2022-07-17,여름,우븐 셔츠_캐쥬얼셔츠_ZA,58.27610808407747,40033914,977,8213671,97602300
4108,2022-07-17,여름,우븐 셔츠_캐쥬얼셔츠_ZB,76.19919323621929,60229632,2808,20998554,252439200
4109,2022-07-17,여름,자켓_싱글재킷_ZA,54.1551268739538,53800192,503,14894161,130277000
4110,2022-07-17,여름,자켓_싱글재킷_ZB,91.11576011157601,191100,9,161627,2151000
4111,2022-07-17,여름,점퍼_점퍼_ZB,53.325163903477154,10785000,172,3804826,42828000
4112,2022-07-17,여름,팬츠_니트팬츠_ZB,68.77329787019686,3099500,142,958768,9925800
4113,2022-07-17,여름,팬츠_반바지_ZA,64.61755716263181,20270000,717,7910933,57288300
4114,2022-07-17,여름,팬츠_반바지_ZB,68.94520247150236,59438911,2429,14966305,194077100
4115,2022-07-17,여름,팬츠_팬츠(일반)_ZA,64.87297180785966,34576550,784,12300634,104714100
4116,2022-07-17,여름,팬츠_팬츠(일반)_ZB,65.11772479954332,210814421,6853,63433719,684614700
4117,2022-07-24,가을,수트_블레이져(수트)_ZB,20.514020514020515,20381000,99,4097548,25641000
4118,2022-07-24,가을,수트_수트팬츠_ZB,20.58033573141487,10597760,96,1959937,13344000
4119,2022-07-24,가을,우븐 셔츠_캐쥬얼셔츠_ZB,0.0,0,0,0,0
4120,2022-07-24,봄,가죽&FUR_가죽점퍼_ZA,68.91968891968892,-9896800,-10,-2186500,-9990000
4121,2022-07-24,봄,니트 셔츠_라운드_ZB,72.29807463042441,929455,48,447762,3355200
4122,2022-07-24,봄,니트 셔츠_오픈형티(맨투맨 등)_ZA,60.81037946638127,2087200,41,493227,5325900
4123,2022-07-24,봄,니트 셔츠_후드티_ZB,78.43227042392782,1047027,54,642469,4854600
4124,2022-07-24,봄,수트_블레이져(수트)_ZB,21.75,3059200,17,765077,4063000
4125,2022-07-24,봄,수트_블레이져(수트)_ZC,20.666666666666668,1888100,10,447041,2390000
4126,2022-07-24,봄,수트_수트팬츠_ZB,21.18181818181818,1470600,15,351261,1935000
4127,2022-07-24,봄,수트_수트팬츠_ZC,20.416666666666668,1535100,15,325369,1935000
4128,2022-07-24,봄,스웨터_T-에리_ZB,54.03060203060203,642928,14,153990,1398600
4129,2022-07-24,봄,스웨터_VEST_ZA,73.80714047380714,235500,9,75925,899100
4130,2022-07-24,봄,스웨터_라운드_ZB,79.50626595079356,1536430,80,884398,7462000
4131,2022-07-24,봄,스웨터_오픈형(CARDIGAN)_ZA,73.21785892946474,428300,8,116824,1599200
4132,2022-07-24,봄,스웨터_오픈형(CARDIGAN)_ZB,68.2614133833646,2547000,51,789902,8154900
4133,2022-07-24,봄,우븐 셔츠_캐쥬얼셔츠_ZA,-inf,34900,0,0,0
4134,2022-07-24,봄,우븐 셔츠_캐쥬얼셔츠_ZB,55.67310443490701,949225,26,202169,1817400
4135,2022-07-24,봄,점퍼_패딩점퍼_ZB,68.98092369477912,617900,8,188175,1992000
4136,2022-07-24,봄,코트_싱글코트_ZB,76.28154162630618,4892000,70,2010810,20710000
4137,2022-07-24,봄,팬츠_니트팬츠_ZA,58.53726362625139,149100,4,35851,359600
4138,2022-07-24,봄,팬츠_니트팬츠_ZB,70.03631237902887,712117,34,288364,2376600
4139,2022-07-24,사계절,니트 셔츠_라운드_ZB,73.21282794196678,11759487,961,6351360,39333900
4140,2022-07-24,사계절,데님_데님팬츠_ZB,50.12634213097177,6933653,143,1836298,14285700
4141,2022-07-24,사계절,수트_블레이져(수트)_ZB,30.346138149217754,96018881,594,24447253,141966000
4142,2022-07-24,사계절,수트_블레이져(수트)_ZC,35.07526666273793,55085390,355,14386352,84845000
4143,2022-07-24,사계절,수트_수트팬츠_ZB,12.648764833856092,59029304,674,13333784,86946000
4144,2022-07-24,사계절,수트_수트팬츠_ZC,34.37557611473713,31068571,367,7633956,47343000
4145,2022-07-24,사계절,우븐 셔츠_드레스셔츠_ZB,61.72753793560512,15824545,549,3933327,38375100
4146,2022-07-24,사계절,자켓_싱글재킷_ZB,43.12412831241283,2039000,15,439434,3585000
4147,2022-07-24,사계절,팬츠_니트팬츠_ZB,69.89240877381152,3275000,171,973623,10462900
4148,2022-07-24,사계절,팬츠_팬츠(일반)_ZB,43.89215500640662,29405350,520,6301377,51948000
4149,2022-07-24,여름,니트 셔츠_라운드_ZB,75.65928115374527,86125808,7543,56441364,469915700
4150,2022-07-24,여름,니트 셔츠_티에리_ZB,72.90830779600586,29421361,1208,11843232,108599200
4151,2022-07-24,여름,수트_블레이져(수트)_ZA,28.511462733241757,28696554,126,6374000,40194000
4152,2022-07-24,여름,수트_블레이져(수트)_ZB,21.12301268869978,27914365,149,6228746,35611000
4153,2022-07-24,여름,수트_블레이져(수트)_ZC,39.22835930534676,6674728,38,1932343,10842000
4154,2022-07-24,여름,수트_수트팬츠_ZA,28.90508030726257,20472677,160,4035805,28640000
4155,2022-07-24,여름,수트_수트팬츠_ZB,21.20966777279003,17201661,170,3249888,21930000
4156,2022-07-24,여름,수트_수트팬츠_ZC,21.365575051166843,2263900,13,336209,2227000
4157,2022-07-24,여름,스웨터_T-에리_ZA,72.02098434876213,8495039,342,2400112,34165800
4158,2022-07-24,여름,스웨터_T-에리_ZB,74.89897477927003,66375407,2970,26539101,267003000
4159,2022-07-24,여름,스웨터_라운드_ZA,66.90819390819391,3471165,105,1179295,10489500
4160,2022-07-24,여름,스웨터_라운드_ZB,68.08964904136705,14573202,508,5394813,45669200
4161,2022-07-24,여름,우븐 셔츠_드레스셔츠_ZB,67.22167388213745,44028053,1921,11774245,134277900
4162,2022-07-24,여름,우븐 셔츠_캐쥬얼셔츠_ZA,67.31568438215072,44216713,1346,11202755,134465400
4163,2022-07-24,여름,우븐 셔츠_캐쥬얼셔츠_ZB,74.97604324610164,54968144,2476,18269737,222592400
4164,2022-07-24,여름,자켓_싱글재킷_ZA,60.20817771697719,52935811,541,15792531,140119000
4165,2022-07-24,여름,자켓_싱글재킷_ZB,63.71567999050417,-24454906,-282,-6834772,-67398000
4166,2022-07-24,여름,점퍼_점퍼_ZB,79.95660596779643,10728897,206,4696087,51294000
4167,2022-07-24,여름,팬츠_니트팬츠_ZB,72.5863989372573,3755773,196,1323370,13700400
4168,2022-07-24,여름,팬츠_반바지_ZA,72.60229871979473,13966307,638,7039296,50976200
4169,2022-07-24,여름,팬츠_반바지_ZB,77.54176620677174,35155256,1950,12350172,155805000
4170,2022-07-24,여름,팬츠_팬츠(일반)_ZA,68.99735369447889,31585832,767,12135224,104267000
4171,2022-07-24,여름,팬츠_팬츠(일반)_ZB,69.6397689023206,151697486,5952,55423776,594604800
4172,2022-07-31,가을,니트 셔츠_라운드_ZB,0.0,0,0,0,0
4173,2022-07-31,가을,수트_블레이져(수트)_ZB,20.897843439294217,39540795,193,7988150,49987000
4174,2022-07-31,가을,수트_수트팬츠_ZB,20.84237702089251,29817885,271,5532738,37669000
4175,2022-07-31,가을,우븐 셔츠_캐쥬얼셔츠_ZB,25.958667525320532,1264700,19,138990,1708100
4176,2022-07-31,가을,점퍼_점퍼_ZA,0.0,0,0,0,0
4177,2022-07-31,가을,팬츠_니트팬츠_ZB,0.0,0,0,0,0
4178,2022-07-31,겨울,우븐 셔츠_캐쥬얼셔츠_ZA,0.0,0,0,0,0
4179,2022-07-31,봄,가죽&FUR_가죽점퍼_ZA,44.17639862084307,-11085400,-21,-4035600,-20979000
4180,2022-07-31,봄,니트 셔츠_라운드_ZB,38.58593909666871,300499,7,65517,489300
4181,2022-07-31,봄,니트 셔츠_오픈형티(맨투맨 등)_ZA,-inf,164545,0,2,0
4182,2022-07-31,봄,니트 셔츠_후드티_ZB,58.526696329254726,149138,4,47554,359600
4183,2022-07-31,봄,수트_블레이져(수트)_ZB,11.377405857740586,3550368,19,794257,4541000
4184,2022-07-31,봄,수트_블레이져(수트)_ZC,22.0,2031500,11,486041,2629000
4185,2022-07-31,봄,수트_수트팬츠_ZB,18.75104097452935,2983532,28,596492,3612000
4186,2022-07-31,봄,수트_수트팬츠_ZC,20.0,928800,9,195285,1161000
4187,2022-07-31,봄,스웨터_T-에리_ZB,-inf,123501,0,6,0
4188,2022-07-31,봄,스웨터_VEST_ZA,60.96096096096096,78000,2,16872,199800
4189,2022-07-31,봄,스웨터_라운드_ZB,79.39773011331687,47707,-6,-58207,-519400
4190,2022-07-31,봄,스웨터_오픈형(CARDIGAN)_ZA,45.0,109945,1,14901,199900
4191,2022-07-31,봄,스웨터_오픈형(CARDIGAN)_ZB,47.603636201197176,464945,8,127009,1279200
4192,2022-07-31,봄,우븐 셔츠_캐쥬얼셔츠_ZA,54.58044649730562,118000,2,27708,259800
4193,2022-07-31,봄,우븐 셔츠_캐쥬얼셔츠_ZB,-inf,-88000,-4,-31375,-279600
4194,2022-07-31,봄,점퍼_패딩점퍼_ZB,8.333333333333334,684750,3,70566,747000
4195,2022-07-31,봄,코트_싱글코트_ZB,88.94109263802932,4230,9,193478,2401000
4196,2022-07-31,봄,팬츠_니트팬츠_ZA,49.944382647385986,225000,5,44813,449500
4197,2022-07-31,봄,팬츠_니트팬츠_ZB,67.62875536480686,-90510,-4,-33735,-279600
4198,2022-07-31,사계절,니트 셔츠_라운드_ZB,63.08511198105191,3172545,175,1144695,7462500
4199,2022-07-31,사계절,데님_데님팬츠_ZB,46.45965445965446,2064720,41,517890,4095900
4200,2022-07-31,사계절,수트_블레이져(수트)_ZB,43.176603705664185,42116494,256,10396253,61184000
4201,2022-07-31,사계절,수트_블레이져(수트)_ZC,40.2951614633623,16695264,117,4741417,27963000
4202,2022-07-31,사계절,수트_수트팬츠_ZB,-inf,24163506,278,5509007,35862000
4203,2022-07-31,사계절,수트_수트팬츠_ZC,40.17580690627202,8489053,110,2288107,14190000
4204,2022-07-31,사계절,우븐 셔츠_드레스셔츠_ZB,51.44482702584315,4949516,144,994575,10065600
4205,2022-07-31,사계절,자켓_싱글재킷_ZB,inf,-20500,0,0,0
4206,2022-07-31,사계절,팬츠_니트팬츠_ZB,70.14775840109408,2332100,120,682119,7328000
4207,2022-07-31,사계절,팬츠_팬츠(일반)_ZB,51.07094701539146,-250306,23,95041,2297700
4208,2022-07-31,여름,니트 셔츠_라운드_ZB,60.312090842076266,-120526959,-1734,-20826816,-135726600
4209,2022-07-31,여름,니트 셔츠_티에리_ZB,75.79315381044555,11055073,508,4980432,45669200
4210,2022-07-31,여름,수트_블레이져(수트)_ZA,24.863955067920585,5581617,28,1415939,8932000
4211,2022-07-31,여름,수트_블레이져(수트)_ZB,inf,14304462,74,3053343,17686000
4212,2022-07-31,여름,수트_블레이져(수트)_ZC,33.142857142857146,2681820,13,658238,3667000
4213,2022-07-31,여름,수트_수트팬츠_ZA,32.53461147790756,3368197,36,907949,6444000
4214,2022-07-31,여름,수트_수트팬츠_ZB,23.348795994567105,8341298,79,1475185,10191000
4215,2022-07-31,여름,수트_수트팬츠_ZC,24.601639728160887,2024115,18,436703,2622000
4216,2022-07-31,여름,스웨터_T-에리_ZA,65.75753165446147,2814762,82,536946,8191800
4217,2022-07-31,여름,스웨터_T-에리_ZB,63.61556222169093,14328845,440,3992821,39556000
4218,2022-07-31,여름,스웨터_라운드_ZA,63.0540105322714,848908,23,257176,2297700
4219,2022-07-31,여름,스웨터_라운드_ZB,66.483492915149,4610095,153,1618464,13754700
4220,2022-07-31,여름,우븐 셔츠_드레스셔츠_ZB,70.64205286727957,11788319,575,3475440,40192500
4221,2022-07-31,여름,우븐 셔츠_캐쥬얼셔츠_ZA,65.38083840861619,8277364,242,2010187,24175800
4222,2022-07-31,여름,우븐 셔츠_캐쥬얼셔츠_ZB,72.28766148090855,10949572,449,3298763,40365100
4223,2022-07-31,여름,자켓_싱글재킷_ZA,53.54068078582784,-15328897,-40,-1059688,-10360000
4224,2022-07-31,여름,자켓_싱글재킷_ZB,68.54867487335041,129816288,1727,41379813,412753000
4225,2022-07-31,여름,점퍼_점퍼_ZB,56.310561030027976,13630939,100,2346362,24900000
4226,2022-07-31,여름,팬츠_니트팬츠_ZB,72.87356223175966,948069,50,337594,3495000
4227,2022-07-31,여름,팬츠_반바지_ZA,66.72439078259589,2259913,85,937837,6791500
4228,2022-07-31,여름,팬츠_반바지_ZB,91.90505498224984,8737606,130,1169484,10387000
4229,2022-07-31,여름,팬츠_팬츠(일반)_ZA,77.61586062547455,3264877,142,2033135,19268800
4230,2022-07-31,여름,팬츠_팬츠(일반)_ZB,100.45135384430584,380342854,10608,120589095,1059739200
4231,2022-08-07,가을,니트 셔츠_라운드_ZB,0.0,0,0,0,0
4232,2022-08-07,가을,수트_블레이져(수트)_ZB,21.51686753166829,128034672,632,28781850,163688000
4233,2022-08-07,가을,수트_수트팬츠_ZB,21.947902666468195,88204678,815,18643546,113285000
4234,2022-08-07,가을,스웨터_오픈형(CARDIGAN)_ZB,0.0,0,0,0,0
4235,2022-08-07,가을,우븐 셔츠_캐쥬얼셔츠_ZB,21.751835372636265,10135994,144,1136998,12945600
4236,2022-08-07,가을,점퍼_점퍼_ZA,0.0,0,0,0,0
4237,2022-08-07,가을,팬츠_니트팬츠_ZB,20.0,2229520,31,331215,2786900
4238,2022-08-07,겨울,우븐 셔츠_캐쥬얼셔츠_ZA,0.0,0,0,0,0
4239,2022-08-07,봄,가죽&FUR_가죽점퍼_ZA,40.09251675918342,8741600,24,4910400,23976000
4240,2022-08-07,봄,니트 셔츠_라운드_ZB,72.32010641768943,1102850,57,535681,3984300
4241,2022-08-07,봄,니트 셔츠_오픈형티(맨투맨 등)_ZA,67.31068927317449,1741000,41,493231,5325900
4242,2022-08-07,봄,니트 셔츠_후드티_ZB,65.32830923248054,623397,20,237572,1798000
4243,2022-08-07,봄,수트_블레이져(수트)_ZB,25.052755299094212,11069700,61,2602449,14579000
4244,2022-08-07,봄,수트_블레이져(수트)_ZC,22.555555555555557,2963600,16,698583,3824000
4245,2022-08-07,봄,수트_수트팬츠_ZB,23.329757290513104,5804300,59,1249653,7611000
4246,2022-08-07,봄,수트_수트팬츠_ZC,26.360321561871945,2096200,22,466739,2838000
4247,2022-08-07,봄,스웨터_T-에리_ZB,75.46641641641642,490181,20,219985,1998000
4248,2022-08-07,봄,스웨터_VEST_ZA,59.72222222222222,321900,8,67489,799200
4249,2022-08-07,봄,스웨터_라운드_ZB,72.10869807900033,1118706,45,499166,4205500
4250,2022-08-07,봄,스웨터_오픈형(CARDIGAN)_ZA,60.48024012006003,158000,2,29801,399800
4251,2022-08-07,봄,스웨터_오픈형(CARDIGAN)_ZB,62.510660071635684,1318800,22,339459,3517800
4252,2022-08-07,봄,우븐 셔츠_캐쥬얼셔츠_ZA,79.29176289453426,26900,1,13854,129900
4253,2022-08-07,봄,우븐 셔츠_캐쥬얼셔츠_ZB,49.14503712786974,1206000,34,264706,2376600
4254,2022-08-07,봄,점퍼_패딩점퍼_ZB,70.20635483108906,1261165,17,399871,4233000
4255,2022-08-07,봄,코트_싱글코트_ZB,68.81424133548717,2033399,24,679288,6696000
4256,2022-08-07,봄,팬츠_니트팬츠_ZA,45.49499443826474,245000,5,44813,449500
4257,2022-08-07,봄,팬츠_니트팬츠_ZB,51.655111698030154,439310,13,111063,908700
4258,2022-08-07,사계절,니트 셔츠_라운드_ZB,72.98999155179808,20638388,1918,12787002,76888200
4259,2022-08-07,사계절,데님_데님팬츠_ZB,35.3818787192615,15415390,236,3109767,23576400
4260,2022-08-07,사계절,수트_블레이져(수트)_ZB,24.794606350938896,132032944,766,30877053,183074000
4261,2022-08-07,사계절,수트_블레이져(수트)_ZC,33.4418460251046,39768497,250,10020591,59750000
4262,2022-08-07,사계절,수트_수트팬츠_ZB,30.08663389740501,78366802,852,16854365,109908000
4263,2022-08-07,사계절,수트_수트팬츠_ZC,33.85836190123228,21416001,251,5143120,32379000
4264,2022-08-07,사계절,우븐 셔츠_드레스셔츠_ZB,63.15264993588552,27970400,923,6387136,64517700
4265,2022-08-07,사계절,자켓_싱글재킷_ZB,42.94856017720896,2318000,17,498026,4063000
4266,2022-08-07,사계절,팬츠_니트팬츠_ZB,70.61760358103476,6705800,345,1928577,20885500
4267,2022-08-07,사계절,팬츠_팬츠(일반)_ZB,46.559610403741026,53882050,992,11594364,99100800
4268,2022-08-07,여름,니트 셔츠_라운드_ZB,65.55895057798946,104820346,5002,36734057,311639800
4269,2022-08-07,여름,니트 셔츠_티에리_ZB,74.6594759302625,42213436,1853,18166812,166584700
4270,2022-08-07,여름,수트_블레이져(수트)_ZA,32.95306390770602,29340257,137,6948321,43703000
4271,2022-08-07,여름,수트_블레이져(수트)_ZB,23.75793383035524,37417230,205,8486932,48995000
4272,2022-08-07,여름,수트_블레이져(수트)_ZC,33.659958823138744,2586180,15,710172,3745000
4273,2022-08-07,여름,수트_수트팬츠_ZA,32.83232587180145,23104229,192,4852883,34368000
4274,2022-08-07,여름,수트_수트팬츠_ZB,22.650922198271466,25428805,254,4860075,32766000
4275,2022-08-07,여름,수트_수트팬츠_ZC,20.64079965397795,3018309,27,644825,3833000
4276,2022-08-07,여름,스웨터_T-에리_ZA,65.85823282209698,11558682,345,2439643,34465500
4277,2022-08-07,여름,스웨터_T-에리_ZB,69.35047902200535,103436880,3887,35021884,349441300
4278,2022-08-07,여름,스웨터_라운드_ZA,67.44867894209999,4942853,152,1704742,15184800
4279,2022-08-07,여름,스웨터_라운드_ZB,65.19952705128226,21618367,691,7330522,62120900
4280,2022-08-07,여름,우븐 셔츠_드레스셔츠_ZB,66.22693690290563,70650883,2987,18258842,208791300
4281,2022-08-07,여름,우븐 셔츠_캐쥬얼셔츠_ZA,67.55991988220863,55942480,1749,14435630,174725100
4282,2022-08-07,여름,우븐 셔츠_캐쥬얼셔츠_ZB,76.10752526951052,90028661,4166,31284515,374523400
4283,2022-08-07,여름,자켓_싱글재킷_ZA,57.473152983169165,61380371,540,15961039,139860000
4284,2022-08-07,여름,자켓_싱글재킷_ZB,67.362303171612,-81748292,-1048,-25194704,-250472000
4285,2022-08-07,여름,점퍼_점퍼_ZB,-1.2285529066689151,4581853,223,5012952,55527000
4286,2022-08-07,여름,팬츠_니트팬츠_ZB,73.80806159019512,7103568,388,2619733,27121200
4287,2022-08-07,여름,팬츠_반바지_ZA,69.89280790441177,24632982,1024,11298180,81817600
4288,2022-08-07,여름,팬츠_반바지_ZB,74.07977390725465,51473027,2497,15700854,199510300
4289,2022-08-07,여름,팬츠_팬츠(일반)_ZA,63.652268066917,43735213,853,12960217,114891600
4290,2022-08-07,여름,팬츠_팬츠(일반)_ZB,69.33708532020707,-23663976,927,-5804959,92607300
4291,2022-08-14,가을,니트 셔츠_라운드_ZB,45.49499443826474,2793000,57,735177,5124300
4292,2022-08-14,가을,수트_블레이져(수트)_ZB,20.66730866544807,122347102,595,26644237,154105000
4293,2022-08-14,가을,수트_수트팬츠_ZB,20.818217790645893,78414115,711,16067763,98829000
4294,2022-08-14,가을,스웨터_오픈형(CARDIGAN)_ZB,50.4752376188094,3168000,32,703676,6396800
4295,2022-08-14,가을,우븐 셔츠_캐쥬얼셔츠_ZB,40.467688481735365,-2614315,-4,-7796,-359600
4296,2022-08-14,가을,점퍼_점퍼_ZA,50.35899347623486,3728536,29,926962,7511000
4297,2022-08-14,가을,팬츠_니트팬츠_ZB,-65.27734519836856,-891506,-6,-64106,-539400
4298,2022-08-14,겨울,수트_블레이져(수트)_ZB,20.6128577557149,12953600,63,3024884,16317000
4299,2022-08-14,겨울,수트_수트팬츠_ZB,20.405309555172764,7855200,71,1745288,9869000
4300,2022-08-14,겨울,우븐 셔츠_캐쥬얼셔츠_ZA,0.0,0,0,0,0
4301,2022-08-14,봄,가죽&FUR_가죽점퍼_ZA,inf,-300400,0,0,0
4302,2022-08-14,봄,니트 셔츠_라운드_ZB,74.01274329474279,2161646,119,1118743,8318100
4303,2022-08-14,봄,니트 셔츠_오픈형티(맨투맨 등)_ZA,71.09198217743253,3717600,99,1190960,12860100
4304,2022-08-14,봄,니트 셔츠_후드티_ZB,77.26319367198121,1839635,90,1073880,8091000
4305,2022-08-14,봄,수트_블레이져(수트)_ZB,22.321428571428573,6237900,34,1443049,8126000
4306,2022-08-14,봄,수트_블레이져(수트)_ZC,20.0,1147200,6,265123,1434000
4307,2022-08-14,봄,수트_수트팬츠_ZB,16.968194254445965,3256600,32,675518,4128000
4308,2022-08-14,봄,수트_수트팬츠_ZC,22.777777777777775,896550,9,192059,1161000
4309,2022-08-14,봄,스웨터_T-에리_ZB,73.10089576756243,3144048,117,1286857,11688300
4310,2022-08-14,봄,스웨터_VEST_ZA,66.01601601601601,339500,10,84362,999000
4311,2022-08-14,봄,스웨터_라운드_ZB,68.2464725769787,3126725,102,1114966,9449800
4312,2022-08-14,봄,스웨터_오픈형(CARDIGAN)_ZA,65.08254127063532,461000,7,101329,1399300
4313,2022-08-14,봄,스웨터_오픈형(CARDIGAN)_ZB,74.25074756024841,3729735,93,1439149,14870700
4314,2022-08-14,봄,우븐 셔츠_캐쥬얼셔츠_ZA,76.69057169482598,575300,19,263228,2468100
4315,2022-08-14,봄,우븐 셔츠_캐쥬얼셔츠_ZB,66.47889842632333,948200,40,312052,2796000
4316,2022-08-14,봄,점퍼_패딩점퍼_ZB,73.48688873139618,2244600,34,799743,8466000
4317,2022-08-14,봄,코트_싱글코트_ZB,61.689561751386016,2801000,28,786701,7852000
4318,2022-08-14,봄,팬츠_니트팬츠_ZA,49.23889792076666,593245,13,116514,1168700
4319,2022-08-14,봄,팬츠_니트팬츠_ZB,72.0315457869106,1935445,99,830880,6920100
4320,2022-08-14,사계절,니트 셔츠_라운드_ZB,72.78632209130663,26307996,2318,15395741,94348200
4321,2022-08-14,사계절,데님_데님팬츠_ZB,-inf,11989662,241,3195365,24075900
4322,2022-08-14,사계절,수트_블레이져(수트)_ZB,41.25628548549877,76791187,484,19537100,115676000
4323,2022-08-14,사계절,수트_블레이져(수트)_ZC,31.257404962745845,30723128,187,7494662,44693000
4324,2022-08-14,사계절,수트_수트팬츠_ZB,41.86154558072837,49303037,587,11668616,75723000
4325,2022-08-14,사계절,수트_수트팬츠_ZC,30.866976744186047,16944504,190,3888207,24510000
4326,2022-08-14,사계절,우븐 셔츠_드레스셔츠_ZB,61.92487338297322,20874906,643,4338235,44945700
4327,2022-08-14,사계절,자켓_싱글재킷_ZB,47.83577405857741,2493450,20,585912,4780000
4328,2022-08-14,사계절,팬츠_니트팬츠_ZB,70.6984633584122,4330284,229,1373564,14477100
4329,2022-08-14,사계절,팬츠_팬츠(일반)_ZB,56.230207134466596,32017115,701,7977341,70029900
4330,2022-08-14,여름,니트 셔츠_라운드_ZB,77.19212956334182,141044910,11719,61231949,620078100
4331,2022-08-14,여름,니트 셔츠_티에리_ZB,79.55262621890674,46580467,2534,24843336,227806600
4332,2022-08-14,여름,수트_블레이져(수트)_ZA,31.052635236345104,15526700,71,3595049,22649000
4333,2022-08-14,여름,수트_블레이져(수트)_ZB,19.879839309038353,17828520,95,3884101,22705000
4334,2022-08-14,여름,수트_블레이져(수트)_ZC,71.1836513307946,1990019,-5,-250053,-1435000
4335,2022-08-14,여름,수트_수트팬츠_ZA,31.125275437055862,10451666,85,2147069,15215000
4336,2022-08-14,여름,수트_수트팬츠_ZB,21.616360604353257,11490346,116,2259381,14964000
4337,2022-08-14,여름,수트_수트팬츠_ZC,26.531900261078835,2226993,20,487146,2980000
4338,2022-08-14,여름,스웨터_T-에리_ZA,70.25566505139854,4083408,138,1043042,13786200
4339,2022-08-14,여름,스웨터_T-에리_ZB,69.66410082484708,25393402,982,8323267,88281800
4340,2022-08-14,여름,스웨터_라운드_ZA,67.3165220014535,2383508,73,817894,7292700
4341,2022-08-14,여름,스웨터_라운드_ZB,71.07163076456915,14511685,558,5911446,50164200
4342,2022-08-14,여름,우븐 셔츠_드레스셔츠_ZB,70.5795928038279,53959028,2617,15967773,182928300
4343,2022-08-14,여름,우븐 셔츠_캐쥬얼셔츠_ZA,67.36287429929354,29435672,883,7354473,88211700
4344,2022-08-14,여름,우븐 셔츠_캐쥬얼셔츠_ZB,75.40652333537449,56446463,2538,19190276,228166200
4345,2022-08-14,여름,자켓_싱글재킷_ZA,58.0277027199086,41799395,373,10785798,96607000
4346,2022-08-14,여름,자켓_싱글재킷_ZB,61.73748762336708,-11979610,-131,-3207133,-31309000
4347,2022-08-14,여름,점퍼_점퍼_ZB,78.57499354927688,15256863,283,6607515,70467000
4348,2022-08-14,여름,팬츠_니트팬츠_ZB,73.62943642894103,6930817,376,2538710,26282400
4349,2022-08-14,여름,팬츠_반바지_ZA,72.9668025626092,10907760,505,5571856,40349500
4350,2022-08-14,여름,팬츠_반바지_ZB,76.11622799987494,27785366,1468,9314910,117293200
4351,2022-08-14,여름,팬츠_팬츠(일반)_ZA,66.04816428459927,26062759,536,7847512,71962500
4352,2022-08-14,여름,팬츠_팬츠(일반)_ZB,72.4627948182951,28070376,1717,12039750,171528300
4353,2022-08-21,가을,니트 셔츠_라운드_ZB,46.90479217270891,4677794,98,1263988,8810200
4354,2022-08-21,가을,수트_블레이져(수트)_ZB,21.051782081236006,138229015,676,30103863,175084000
4355,2022-08-21,가을,수트_수트팬츠_ZB,20.938388970429727,81399155,742,16728328,103138000
4356,2022-08-21,가을,스웨터_오픈형(CARDIGAN)_ZB,43.40273585068396,6562000,58,1275412,11594200
4357,2022-08-21,가을,우븐 셔츠_캐쥬얼셔츠_ZB,55.8521184743109,8524400,190,1433959,17081000
4358,2022-08-21,가을,점퍼_점퍼_ZA,50.19305019305019,8772000,68,2173565,17612000
4359,2022-08-21,가을,팬츠_니트팬츠_ZB,54.4921468298109,1022789,25,267109,2247500
4360,2022-08-21,가을,팬츠_팬츠(일반)_ZA,0.0,0,0,0,0
4361,2022-08-21,겨울,수트_블레이져(수트)_ZB,20.401768227855186,28450000,138,6625935,35742000
4362,2022-08-21,겨울,수트_수트팬츠_ZB,20.303030303030305,18278500,165,4055951,22935000
4363,2022-08-21,겨울,우븐 셔츠_캐쥬얼셔츠_ZA,50.950950950950954,3185000,65,534300,6493500
4364,2022-08-21,봄,가죽&FUR_가죽점퍼_ZA,60.34151798857681,9583400,21,4216500,20979000
4365,2022-08-21,봄,니트 셔츠_라운드_ZB,70.42376130232732,3163090,153,1436865,10694700
4366,2022-08-21,봄,니트 셔츠_오픈형티(맨투맨 등)_ZA,64.98833601604964,1500845,33,396987,4286700
4367,2022-08-21,봄,니트 셔츠_후드티_ZB,66.17783199971294,942590,31,368314,2786900
4368,2022-08-21,봄,수트_블레이져(수트)_ZB,24.88849280628349,6367900,35,1477196,8365000
4369,2022-08-21,봄,수트_블레이져(수트)_ZC,20.0,1147200,6,268518,1434000
4370,2022-08-21,봄,수트_수트팬츠_ZB,23.120199083861877,3672300,37,776992,4773000
4371,2022-08-21,봄,수트_수트팬츠_ZC,20.0,928800,9,197339,1161000
4372,2022-08-21,봄,스웨터_T-에리_ZB,68.13207146540479,1050590,33,362962,3296700
4373,2022-08-21,봄,스웨터_VEST_ZA,67.66766766766767,193800,6,50617,599400
4374,2022-08-21,봄,스웨터_라운드_ZB,69.98108190557208,3795621,132,1455107,12286800
4375,2022-08-21,봄,스웨터_오픈형(CARDIGAN)_ZA,60.48024012006003,158000,2,29801,399800
4376,2022-08-21,봄,스웨터_오픈형(CARDIGAN)_ZB,72.33791647639012,1826000,42,636156,6715800
4377,2022-08-21,봄,우븐 셔츠_캐쥬얼셔츠_ZA,58.071593533487295,326790,6,83125,779400
4378,2022-08-21,봄,우븐 셔츠_캐쥬얼셔츠_ZB,57.50953743443014,1143715,32,248948,2236800
4379,2022-08-21,봄,점퍼_패딩점퍼_ZB,68.27309236947791,1027000,13,305784,3237000
4380,2022-08-21,봄,코트_싱글코트_ZB,66.33193480758962,1966000,23,618285,6207000
4381,2022-08-21,봄,팬츠_니트팬츠_ZA,62.18020022246941,136000,4,35851,359600
4382,2022-08-21,봄,팬츠_니트팬츠_ZB,70.31435552685885,2344780,113,956480,7898700
4383,2022-08-21,사계절,니트 셔츠_라운드_ZB,48.23771944734051,37407308,2671,17798381,112562900
4384,2022-08-21,사계절,데님_데님팬츠_ZB,28.091654063876287,-439720,59,697614,5894100
4385,2022-08-21,사계절,수트_블레이져(수트)_ZB,-78.81953715185777,84314438,540,22008309,129060000
4386,2022-08-21,사계절,수트_블레이져(수트)_ZC,32.16469249487929,38748206,239,9578625,57121000
4387,2022-08-21,사계절,수트_수트팬츠_ZB,30.369749530971376,58537834,669,13304053,86301000
4388,2022-08-21,사계절,수트_수트팬츠_ZC,31.577324756721094,20742334,235,4802056,30315000
4389,2022-08-21,사계절,우븐 셔츠_드레스셔츠_ZB,60.13186193611466,26422624,818,5502556,57178200
4390,2022-08-21,사계절,자켓_싱글재킷_ZB,46.9586820083682,3042450,24,703095,5736000
4391,2022-08-21,사계절,팬츠_니트팬츠_ZB,72.02075678100547,6842700,389,2248500,23991100
4392,2022-08-21,사계절,팬츠_팬츠(일반)_ZB,51.41077915030863,36325450,676,7923753,67532400
4393,2022-08-21,여름,니트 셔츠_라운드_ZB,74.32873740158341,172263081,12983,73610231,700191700
4394,2022-08-21,여름,니트 셔츠_티에리_ZB,77.63489055761477,24207905,1204,11804016,108239600
4395,2022-08-21,여름,수트_블레이져(수트)_ZA,31.400776235258995,16851320,77,3903088,24563000
4396,2022-08-21,여름,수트_블레이져(수트)_ZB,22.175466291850736,25136205,134,5505260,32026000
4397,2022-08-21,여름,수트_블레이져(수트)_ZC,26.23256624825662,2862200,15,736767,3985000
4398,2022-08-21,여름,수트_수트팬츠_ZA,30.60485851500259,11365616,92,2316394,16468000
4399,2022-08-21,여름,수트_수트팬츠_ZB,20.033744770403324,17476572,169,3252966,21801000
4400,2022-08-21,여름,수트_수트팬츠_ZC,21.13425334355567,3569200,31,760563,4649000
4401,2022-08-21,여름,스웨터_T-에리_ZA,66.47684739749305,6967444,210,1452314,20979000
4402,2022-08-21,여름,스웨터_T-에리_ZB,46.00526732279635,12173349,476,3474203,42792400
4403,2022-08-21,여름,스웨터_라운드_ZA,65.87787787787788,1772576,52,584497,5194800
4404,2022-08-21,여름,스웨터_라운드_ZB,63.50952319209483,10694410,326,3458222,29307400
4405,2022-08-21,여름,우븐 셔츠_드레스셔츠_ZB,73.19623170405868,61061634,3323,20767529,232277700
4406,2022-08-21,여름,우븐 셔츠_캐쥬얼셔츠_ZA,66.90021178644622,24471846,758,6492735,75724200
4407,2022-08-21,여름,우븐 셔츠_캐쥬얼셔츠_ZB,74.03798939858227,42503010,1816,13873689,163258400
4408,2022-08-21,여름,자켓_싱글재킷_ZA,55.86591977213363,48217713,416,12312996,107744000
4409,2022-08-21,여름,자켓_싱글재킷_ZB,69.06494287997744,6580196,89,2094221,21271000
4410,2022-08-21,여름,점퍼_점퍼_ZB,76.1938557076539,11834629,205,4774887,51045000
4411,2022-08-21,여름,팬츠_니트팬츠_ZB,76.70857353277295,5502879,338,2282139,23626200
4412,2022-08-21,여름,팬츠_반바지_ZA,72.87093936865526,7803403,360,3972016,28764000
4413,2022-08-21,여름,팬츠_반바지_ZB,75.08567294346284,18349956,924,5886061,73827600
4414,2022-08-21,여름,팬츠_팬츠(일반)_ZA,62.47853392967889,24686705,486,7334036,63135700
4415,2022-08-21,여름,팬츠_팬츠(일반)_ZB,67.89595949132163,87702597,2747,26039023,274425300
4416,2022-08-28,가을,니트 셔츠_라운드_ZB,14.503225806451614,-384308,-5,-64489,-449500
4417,2022-08-28,가을,수트_블레이져(수트)_ZB,22.733588382829456,132101930,662,29471851,171458000
4418,2022-08-28,가을,수트_수트팬츠_ZB,22.81431686358535,76015364,710,16040681,98690000
4419,2022-08-28,가을,스웨터_오픈형(CARDIGAN)_ZB,-1.574537268634317,4060950,20,439797,3998000
4420,2022-08-28,가을,우븐 셔츠_캐쥬얼셔츠_ZB,46.98513160215087,15291627,321,2491675,28857900
4421,2022-08-28,가을,점퍼_점퍼_ZA,50.19305019305019,-3225000,-25,-799105,-6475000
4422,2022-08-28,가을,팬츠_니트팬츠_ZB,46.24898510215529,5653693,117,1250071,10518300
4423,2022-08-28,가을,팬츠_팬츠(일반)_ZA,57.55395683453237,3304000,56,844619,7784000
4424,2022-08-28,겨울,수트_블레이져(수트)_ZA,22.5,5531400,16,1089768,7024000
4425,2022-08-28,겨울,수트_블레이져(수트)_ZB,21.577460085568195,37576160,185,8882594,47915000
4426,2022-08-28,겨울,수트_수트팬츠_ZA,22.0,4299400,21,792576,5439000
4427,2022-08-28,겨울,수트_수트팬츠_ZB,21.52691454313185,23342604,214,5260446,29746000
4428,2022-08-28,겨울,우븐 셔츠_캐쥬얼셔츠_ZA,51.580469358247136,6530100,135,1109700,13486500
4429,2022-08-28,겨울,자켓_싱글재킷_ZA,22.42540068627025,17860000,77,2991801,23023000
4430,2022-08-28,겨울,팬츠_팬츠(일반)_ZA,21.895151196116277,13353586,123,2239652,17097000
4431,2022-08-28,봄,가죽&FUR_가죽점퍼_ZA,43.897972046120195,-12879400,-27,-5279400,-26973000
4432,2022-08-28,봄,니트 셔츠_라운드_ZB,60.745988244824794,2277400,83,779220,5801700
4433,2022-08-28,봄,니트 셔츠_오픈형티(맨투맨 등)_ZA,58.05543418707391,6047945,111,1335318,14418900
4434,2022-08-28,봄,니트 셔츠_후드티_ZB,64.06033804498223,1324700,41,488638,3685900
4435,2022-08-28,봄,수트_블레이져(수트)_ZB,21.968235070368962,4099282,22,936266,5258000
4436,2022-08-28,봄,수트_블레이져(수트)_ZC,20.0,1529600,8,347424,1912000
4437,2022-08-28,봄,수트_수트팬츠_ZB,10.560806570690293,2660077,24,508364,3096000
4438,2022-08-28,봄,수트_수트팬츠_ZC,20.0,825600,8,172423,1032000
4439,2022-08-28,봄,스웨터_T-에리_ZB,61.41856141856142,2158400,56,615936,5594400
4440,2022-08-28,봄,스웨터_VEST_ZA,60.96096096096096,312000,8,67489,799200
4441,2022-08-28,봄,스웨터_라운드_ZB,73.51838195711915,5185900,208,2329002,19539200
4442,2022-08-28,봄,스웨터_오픈형(CARDIGAN)_ZA,65.89961647490412,345000,5,72718,999500
4443,2022-08-28,봄,스웨터_오픈형(CARDIGAN)_ZB,67.0674900979779,2893945,55,851623,8794500
4444,2022-08-28,봄,우븐 셔츠_캐쥬얼셔츠_ZA,47.72202393449506,747000,11,152396,1428900
4445,2022-08-28,봄,우븐 셔츠_캐쥬얼셔츠_ZB,43.8685759876747,1392345,36,280535,2516400
4446,2022-08-28,봄,점퍼_패딩점퍼_ZB,72.52984351197895,1983620,29,682134,7221000
4447,2022-08-28,봄,코트_싱글코트_ZB,68.43535906885819,13781110,156,4360985,44444000
4448,2022-08-28,봄,팬츠_니트팬츠_ZA,55.02939774352455,283000,7,62738,629300
4449,2022-08-28,봄,팬츠_니트팬츠_ZB,70.70737820363532,2641345,129,1083645,9017100
4450,2022-08-28,사계절,니트 셔츠_라운드_ZB,70.09703989932541,11352107,833,5531478,36336700
4451,2022-08-28,사계절,데님_데님팬츠_ZB,50.55893659749039,14038947,266,3546836,26573400
4452,2022-08-28,사계절,수트_블레이져(수트)_ZB,32.52053583945773,64631609,403,16370063,96317000
4453,2022-08-28,사계절,수트_블레이져(수트)_ZC,32.96165380801509,27718345,173,6933051,41347000
4454,2022-08-28,사계절,수트_수트팬츠_ZB,31.21869677060521,41729305,476,9507598,61404000
4455,2022-08-28,사계절,수트_수트팬츠_ZC,33.8539233419466,15359119,180,3677793,23220000
4456,2022-08-28,사계절,우븐 셔츠_드레스셔츠_ZB,69.95348041482715,18680027,547,3542213,38235300
4457,2022-08-28,사계절,자켓_싱글재킷_ZB,44.10422213769494,2939000,22,644504,5258000
4458,2022-08-28,사계절,팬츠_니트팬츠_ZB,77.43531655936673,2104843,172,992404,10612800
4459,2022-08-28,사계절,팬츠_팬츠(일반)_ZB,48.32517061544174,55605968,1036,12821539,103496400
4460,2022-08-28,여름,니트 셔츠_라운드_ZB,71.92105266798879,48607527,4445,25143964,246645500
4461,2022-08-28,여름,니트 셔츠_티에리_ZB,77.58238342149585,12857893,638,6254952,57356200
4462,2022-08-28,여름,수트_블레이져(수트)_ZA,31.839388859862996,12822800,59,2998706,18821000
4463,2022-08-28,여름,수트_블레이져(수트)_ZB,27.414690841469085,13715080,79,3312358,18881000
4464,2022-08-28,여름,수트_블레이져(수트)_ZC,25.0,2200100,11,558843,3109000
4465,2022-08-28,여름,수트_수트팬츠_ZA,29.991531636290098,7497000,60,1518693,10740000
4466,2022-08-28,여름,수트_수트팬츠_ZB,24.92548855453312,9043240,94,1945906,12126000
4467,2022-08-28,여름,수트_수트팬츠_ZC,19.142857142857142,1653840,14,346548,2156000
4468,2022-08-28,여름,스웨터_T-에리_ZA,63.99755310866422,2493700,71,502120,7092900
4469,2022-08-28,여름,스웨터_T-에리_ZB,65.71588304901158,11266761,375,3261164,33712500
4470,2022-08-28,여름,스웨터_라운드_ZA,67.08908908908909,1643900,50,562703,4995000
4471,2022-08-28,여름,스웨터_라운드_ZB,63.62048366497755,4415200,135,1426969,12136500
4472,2022-08-28,여름,우븐 셔츠_드레스셔츠_ZB,72.22062202467502,43092826,2215,13758151,154828500
4473,2022-08-28,여름,우븐 셔츠_캐쥬얼셔츠_ZA,66.222138686916,13656945,405,3441753,40459500
4474,2022-08-28,여름,우븐 셔츠_캐쥬얼셔츠_ZB,74.07367361110933,39240114,1730,13154286,155527000
4475,2022-08-28,여름,자켓_싱글재킷_ZA,54.53873905466464,24895363,212,6355291,54908000
4476,2022-08-28,여름,자켓_싱글재킷_ZB,71.57272951021413,8085000,119,2804166,28441000
4477,2022-08-28,여름,점퍼_점퍼_ZB,76.72105130435133,21281550,365,8423810,90885000
4478,2022-08-28,여름,팬츠_니트팬츠_ZB,72.29423730329042,1239445,64,432121,4473600
4479,2022-08-28,여름,팬츠_반바지_ZA,69.30687168484415,3090000,126,1390206,10067400
4480,2022-08-28,여름,팬츠_반바지_ZB,64.62263932261327,-7208710,-133,-501356,-10626700
4481,2022-08-28,여름,팬츠_팬츠(일반)_ZA,62.020997895929355,15208791,282,4270154,38064100
4482,2022-08-28,여름,팬츠_팬츠(일반)_ZB,68.06644275786131,50406364,1610,15380713,160839000
4483,2022-09-04,가을,니트 셔츠_라운드_ZB,49.506865007554,9124059,201,2592465,18069900
4484,2022-09-04,가을,수트_블레이져(수트)_ZB,23.80977844270913,191003151,967,43161679,250453000
4485,2022-09-04,가을,수트_수트팬츠_ZB,23.87385618605841,109014411,1030,23296014,143170000
4486,2022-09-04,가을,스웨터_오픈형(CARDIGAN)_ZB,35.2498283039825,7636700,59,1387684,11794100
4487,2022-09-04,가을,우븐 셔츠_캐쥬얼셔츠_ZB,49.828734688803095,22251745,492,3914305,44230800
4488,2022-09-04,가을,점퍼_점퍼_ZA,50.37892161264254,11052599,86,2748920,22274000
4489,2022-09-04,가을,팬츠_니트팬츠_ZB,52.03816740823137,1379766,32,341900,2876800
4490,2022-09-04,가을,팬츠_팬츠(일반)_ZA,57.99311471068544,9517500,163,2458112,22657000
4491,2022-09-04,겨울,니트 셔츠_후드티_ZB,0.0,0,0,0,0
4492,2022-09-04,겨울,사파리_패딩사파리_ZB,50.0,748500,3,138810,1497000
4493,2022-09-04,겨울,수트_블레이져(수트)_ZA,20.0,9051200,26,1780125,11314000
4494,2022-09-04,겨울,수트_블레이져(수트)_ZB,24.2679270106887,88069585,449,21558297,116291000
4495,2022-09-04,겨울,수트_블레이져(수트)_ZC,0.0,0,0,0,0
4496,2022-09-04,겨울,수트_수트팬츠_ZA,20.0,5100000,25,951046,6375000
4497,2022-09-04,겨울,수트_수트팬츠_ZB,24.079145272251385,53081584,503,12300961,69917000
4498,2022-09-04,겨울,수트_수트팬츠_ZC,0.0,0,0,0,0
4499,2022-09-04,겨울,우븐 셔츠_캐쥬얼셔츠_ZA,52.033209680268506,8146200,170,1397400,16983000
4500,2022-09-04,겨울,자켓_싱글재킷_ZA,21.902803672908775,38192000,164,6049528,49036000
4501,2022-09-04,겨울,팬츠_니트팬츠_ZB,0.0,0,0,0,0
4502,2022-09-04,겨울,팬츠_팬츠(일반)_ZA,21.68960831334932,12476460,116,1923536,16124000
4503,2022-09-04,봄,가죽&FUR_가죽점퍼_ZA,46.68668668668669,5194200,9,1650900,8991000
4504,2022-09-04,봄,니트 셔츠_라운드_ZB,66.94019685949988,15436680,668,6277729,46693200
4505,2022-09-04,봄,니트 셔츠_오픈형티(맨투맨 등)_ZA,69.45048113933795,7936765,200,2405967,25980000
4506,2022-09-04,봄,니트 셔츠_후드티_ZB,76.59137157354775,8017900,381,4549542,34251900
4507,2022-09-04,봄,수트_블레이져(수트)_ZB,20.0,5162400,27,1144254,6453000
4508,2022-09-04,봄,수트_블레이져(수트)_ZC,20.0,1338400,7,318043,1673000
4509,2022-09-04,봄,수트_수트팬츠_ZB,22.962962962962962,3302400,33,699049,4257000
4510,2022-09-04,봄,수트_수트팬츠_ZC,46.666666666666664,825600,7,154559,903000
4511,2022-09-04,봄,스웨터_T-에리_ZB,65.91847968495803,18079190,531,5840345,53046900
4512,2022-09-04,봄,스웨터_VEST_ZA,56.52925652925653,477700,11,92798,1098900
4513,2022-09-04,봄,스웨터_라운드_ZB,68.50705984498293,24545851,802,8802549,74459800
4514,2022-09-04,봄,스웨터_오픈형(CARDIGAN)_ZA,66.56181351545337,1998900,31,448234,6196900
4515,2022-09-04,봄,스웨터_오픈형(CARDIGAN)_ZB,71.56423591950852,11447300,250,3803925,39975000
4516,2022-09-04,봄,우븐 셔츠_캐쥬얼셔츠_ZA,59.13227137245613,2070400,39,540311,5066100
4517,2022-09-04,봄,우븐 셔츠_캐쥬얼셔츠_ZB,53.75119474865571,2440045,74,576334,5172600
4518,2022-09-04,봄,점퍼_패딩점퍼_ZB,73.73532591906086,6801500,104,2446272,25896000
4519,2022-09-04,봄,코트_싱글코트_ZB,71.37371883643124,31189600,358,11806252,107942000
4520,2022-09-04,봄,팬츠_니트팬츠_ZA,61.57953281423804,863500,25,224066,2247500
4521,2022-09-04,봄,팬츠_니트팬츠_ZB,71.80816685184782,3882100,197,1650916,13770300
4522,2022-09-04,사계절,니트 셔츠_라운드_ZB,66.01073794048459,39501940,1914,12942699,105738600
4523,2022-09-04,사계절,데님_데님팬츠_ZB,53.74147816864367,14794586,310,4032265,30969000
4524,2022-09-04,사계절,수트_블레이져(수트)_ZB,33.19229634625266,80236013,500,20173753,119500000
4525,2022-09-04,사계절,수트_블레이져(수트)_ZC,33.18635701189413,28423860,178,7134147,42542000
4526,2022-09-04,사계절,수트_수트팬츠_ZB,33.306714177302304,49093598,566,11210449,73014000
4527,2022-09-04,사계절,수트_수트팬츠_ZC,33.319523870038545,15741260,183,3744662,23607000
4528,2022-09-04,사계절,우븐 셔츠_드레스셔츠_ZB,61.24122731903826,25823385,776,5217134,54242400
4529,2022-09-04,사계절,자켓_싱글재킷_ZB,46.331258291662415,5259000,41,1201120,9799000
4530,2022-09-04,사계절,팬츠_니트팬츠_ZB,70.99916084519225,1848300,100,641207,6560000
4531,2022-09-04,사계절,팬츠_팬츠(일반)_ZB,52.435195646233055,104103031,2026,25011261,202397400
4532,2022-09-04,여름,니트 셔츠_라운드_ZB,52.46830072579441,7521536,1828,16905448,128137200
4533,2022-09-04,여름,니트 셔츠_티에리_ZB,68.05931112314623,9849135,343,3362772,30835700
4534,2022-09-04,여름,수트_블레이져(수트)_ZA,39.74837361377962,5613000,25,1243367,7975000
4535,2022-09-04,여름,수트_블레이져(수트)_ZB,22.19119769119769,16108600,86,3627157,20554000
4536,2022-09-04,여름,수트_블레이져(수트)_ZC,20.0,3339200,16,778954,4224000
4537,2022-09-04,여름,수트_수트팬츠_ZA,32.888888888888886,787600,6,149151,1074000
4538,2022-09-04,여름,수트_수트팬츠_ZB,23.462545391116823,7133700,71,1503193,9159000
4539,2022-09-04,여름,수트_수트팬츠_ZC,22.40740740740741,2344100,22,507007,2888000
4540,2022-09-04,여름,스웨터_T-에리_ZA,46.67160157356235,-361000,21,187767,2097900
4541,2022-09-04,여름,스웨터_T-에리_ZB,98.50918041597387,614635,284,2124857,25531600
4542,2022-09-04,여름,스웨터_라운드_ZA,87.48081414748081,187600,15,170399,1498500
4543,2022-09-04,여름,스웨터_라운드_ZB,68.62693315153038,6120352,217,2297911,19508300
4544,2022-09-04,여름,우븐 셔츠_드레스셔츠_ZB,69.19938354134081,44668140,2231,14242490,155946900
4545,2022-09-04,여름,우븐 셔츠_캐쥬얼셔츠_ZA,67.12114779697906,12466390,386,3314258,38561400
4546,2022-09-04,여름,우븐 셔츠_캐쥬얼셔츠_ZB,76.62057051070053,33649160,1581,12218059,142131900
4547,2022-09-04,여름,자켓_싱글재킷_ZA,50.071800463877736,25921958,221,6453126,57239000
4548,2022-09-04,여름,자켓_싱글재킷_ZB,69.33002524291987,8869450,121,2864765,28919000
4549,2022-09-04,여름,점퍼_점퍼_ZB,76.97468321961124,27931550,489,11416740,121761000
4550,2022-09-04,여름,팬츠_니트팬츠_ZB,79.44754675129198,22052063,1535,10364150,107296500
4551,2022-09-04,여름,팬츠_반바지_ZA,63.39173967459324,1053000,36,397202,2876400
4552,2022-09-04,여름,팬츠_반바지_ZB,81.02144163383046,8944903,567,3322888,45303300
4553,2022-09-04,여름,팬츠_팬츠(일반)_ZA,76.60772870481111,-568069,26,750302,2832000
4554,2022-09-04,여름,팬츠_팬츠(일반)_ZB,69.9623768626272,35755271,1654,14595933,165234600
4555,2022-09-11,가을,니트 셔츠_라운드_ZB,53.81140966232721,8263185,199,2566669,17890100
4556,2022-09-11,가을,수트_블레이져(수트)_ZB,28.41455678208941,142378650,766,33955425,198394000
4557,2022-09-11,가을,수트_수트팬츠_ZB,28.433521759056816,79372882,796,17911644,110644000
4558,2022-09-11,가을,스웨터_오픈형(CARDIGAN)_ZB,42.73982330148125,13506645,118,2830522,23588200
4559,2022-09-11,가을,우븐 셔츠_캐쥬얼셔츠_ZB,52.50923108732701,43129725,1011,7888293,90888900
4560,2022-09-11,가을,점퍼_점퍼_ZA,53.99724093227743,16323159,137,4379094,35483000
4561,2022-09-11,가을,팬츠_니트팬츠_ZB,54.54208379681127,3187600,78,833381,7012200
4562,2022-09-11,가을,팬츠_팬츠(일반)_ZA,67.42842460725298,4436900,98,1481461,13622000
4563,2022-09-11,겨울,니트 셔츠_라운드_ZB,0.0,0,0,0,0
4564,2022-09-11,겨울,니트 셔츠_후드티_ZB,0.0,0,0,0,0
4565,2022-09-11,겨울,사파리_패딩사파리_ZB,51.25,973050,4,185080,1996000
4566,2022-09-11,겨울,수트_블레이져(수트)_ZA,28.686058216084977,14493220,51,3256642,20689000
4567,2022-09-11,겨울,수트_블레이져(수트)_ZB,28.58977594016964,93955860,508,24391124,131572000
4568,2022-09-11,겨울,수트_블레이져(수트)_ZC,26.782935532935532,50062900,264,13013574,68376000
4569,2022-09-11,겨울,수트_수트팬츠_ZA,28.27155761366288,8974660,56,1941063,12704000
4570,2022-09-11,겨울,수트_수트팬츠_ZB,28.441820224118104,53512638,538,13128030,74782000
4571,2022-09-11,겨울,수트_수트팬츠_ZC,26.974002616088946,26797620,264,6603948,36696000
4572,2022-09-11,겨울,스웨터_라운드_ZB,41.587948927447734,97800699,1676,20044952,167432400
4573,2022-09-11,겨울,우븐 셔츠_캐쥬얼셔츠_ZA,55.867754546999834,11683350,265,2178300,26473500
4574,2022-09-11,겨울,자켓_싱글재킷_ZA,30.548706318205156,33254310,158,6009009,47242000
4575,2022-09-11,겨울,팬츠_니트팬츠_ZB,0.0,0,0,0,0
4576,2022-09-11,겨울,팬츠_팬츠(일반)_ZA,25.464803899437058,22663933,221,3450868,30719000
4577,2022-09-11,봄,가죽&FUR_가죽점퍼_ZA,65.72795017239461,7477400,23,4299200,22977000
4578,2022-09-11,봄,니트 셔츠_라운드_ZB,66.35927379526761,11545800,491,4612767,34320900
4579,2022-09-11,봄,니트 셔츠_오픈형티(맨투맨 등)_ZA,62.15562402790216,19270659,392,4715746,50920800
4580,2022-09-11,봄,니트 셔츠_후드티_ZB,69.46075965510157,8620800,314,3746822,28228600
4581,2022-09-11,봄,수트_블레이져(수트)_ZB,23.214285714285715,2366100,13,549179,3107000
4582,2022-09-11,봄,수트_블레이져(수트)_ZC,26.666666666666668,1099400,6,265123,1434000
4583,2022-09-11,봄,수트_수트팬츠_ZB,22.929263565891475,1656700,17,361711,2193000
4584,2022-09-11,봄,수트_수트팬츠_ZC,inf,283800,3,65485,387000
4585,2022-09-11,봄,스웨터_T-에리_ZB,62.91554712607344,19709200,532,5851386,53146800
4586,2022-09-11,봄,스웨터_VEST_ZA,66.53737070403737,802300,24,202468,2397600
4587,2022-09-11,봄,스웨터_라운드_ZB,64.09029381630653,17292725,505,5792918,48109500
4588,2022-09-11,봄,스웨터_오픈형(CARDIGAN)_ZA,73.39691517585419,1924000,36,525117,7196400
4589,2022-09-11,봄,스웨터_오픈형(CARDIGAN)_ZB,70.07145953250375,18635200,376,5742150,60122400
4590,2022-09-11,봄,우븐 셔츠_캐쥬얼셔츠_ZA,58.84319740787977,3582000,67,928227,8703300
4591,2022-09-11,봄,우븐 셔츠_캐쥬얼셔츠_ZB,52.78175170879034,2761500,84,654417,5871600
4592,2022-09-11,봄,점퍼_패딩점퍼_ZB,70.16235153379475,6983800,94,2211054,23406000
4593,2022-09-11,봄,코트_싱글코트_ZB,67.74600180862717,5076000,73,542467,13537000
4594,2022-09-11,봄,팬츠_니트팬츠_ZA,63.5706340378198,1048000,32,286805,2876800
4595,2022-09-11,봄,팬츠_니트팬츠_ZB,63.867863181167905,2778200,110,930085,7689000
4596,2022-09-11,사계절,니트 셔츠_라운드_ZB,77.84663282022238,18605282,1574,10393403,92352600
4597,2022-09-11,사계절,데님_데님팬츠_ZB,51.46930751011444,19021138,390,5152849,38961000
4598,2022-09-11,사계절,수트_블레이져(수트)_ZB,33.548603272185055,67296839,428,17249261,102292000
4599,2022-09-11,사계절,수트_블레이져(수트)_ZC,33.005080693365215,17933200,112,4488156,26768000
4600,2022-09-11,사계절,수트_수트팬츠_ZB,33.32939101380962,39385554,463,9234983,59727000
4601,2022-09-11,사계절,수트_수트팬츠_ZC,32.905947725869524,9780300,113,2308832,14577000
4602,2022-09-11,사계절,우븐 셔츠_드레스셔츠_ZB,58.00818734250578,22000052,648,4271410,45295200
4603,2022-09-11,사계절,자켓_싱글재킷_ZB,41.457461645746164,3358000,24,703095,5736000
4604,2022-09-11,사계절,팬츠_니트팬츠_ZB,68.96415296501814,3511090,175,1104406,11352500
4605,2022-09-11,사계절,팬츠_팬츠(일반)_ZB,55.383114962744486,89984948,1893,23415842,189110700
4606,2022-09-11,여름,니트 셔츠_라운드_ZB,74.16646071914806,58373333,4751,27261305,258694900
4607,2022-09-11,여름,니트 셔츠_티에리_ZB,78.48813722564367,6343246,328,3215712,29487200
4608,2022-09-11,여름,수트_블레이져(수트)_ZA,27.53963927127345,7208900,32,1634329,10208000
4609,2022-09-11,여름,수트_블레이져(수트)_ZB,26.414965986394556,10468200,57,2302178,13623000
4610,2022-09-11,여름,수트_블레이져(수트)_ZC,23.333333333333332,1434700,7,350577,1913000
4611,2022-09-11,여름,수트_수트팬츠_ZA,31.127634586084305,4679300,38,960868,6802000
4612,2022-09-11,여름,수트_수트팬츠_ZB,26.482108699716672,4868800,51,996442,6579000
4613,2022-09-11,여름,수트_수트팬츠_ZC,30.0,991400,9,220217,1361000
4614,2022-09-11,여름,스웨터_T-에리_ZA,64.10501598907396,2009500,59,419222,5894100
4615,2022-09-11,여름,스웨터_T-에리_ZB,68.6071146953405,8683673,305,2606027,27419500
4616,2022-09-11,여름,스웨터_라운드_ZA,62.26941226941227,527700,14,156128,1398600
4617,2022-09-11,여름,스웨터_라운드_ZB,62.57007235762509,3398600,101,1068677,9079900
4618,2022-09-11,여름,우븐 셔츠_드레스셔츠_ZB,69.84771664812942,32113966,1477,9392526,103242300
4619,2022-09-11,여름,우븐 셔츠_캐쥬얼셔츠_ZA,64.12748731919054,8710390,242,2091283,24175800
4620,2022-09-11,여름,우븐 셔츠_캐쥬얼셔츠_ZB,74.40511447157647,35324903,1602,12422484,144019800
4621,2022-09-11,여름,자켓_싱글재킷_ZA,56.16281629976211,494935,19,558526,4921000
4622,2022-09-11,여름,자켓_싱글재킷_ZB,66.32597945987067,4426450,55,1296508,13145000
4623,2022-09-11,여름,점퍼_점퍼_ZB,76.59348989836784,39998113,685,16031338,170565000
4624,2022-09-11,여름,팬츠_니트팬츠_ZB,77.22215409769058,1560328,98,661685,6850200
4625,2022-09-11,여름,팬츠_반바지_ZA,61.79519270883476,1190500,39,430302,3116100
4626,2022-09-11,여름,팬츠_반바지_ZB,78.11472298330871,1566845,90,565277,7191000
4627,2022-09-11,여름,팬츠_팬츠(일반)_ZA,63.08075106054515,9193690,187,2812378,25132800
4628,2022-09-11,여름,팬츠_팬츠(일반)_ZB,69.22114602434243,29465590,1020,9971367,101898000
4629,2022-09-18,가을,니트 셔츠_라운드_ZB,49.78775906818559,15709000,348,4488447,31285200
4630,2022-09-18,가을,수트_블레이져(수트)_ZB,23.881796838851848,184580074,937,41577342,242683000
4631,2022-09-18,가을,수트_수트팬츠_ZB,23.88196554305379,104585444,990,22327579,137610000
4632,2022-09-18,가을,스웨터_오픈형(CARDIGAN)_ZB,41.23815940228179,14565650,124,2974794,24787600
4633,2022-09-18,가을,우븐 셔츠_캐쥬얼셔츠_ZB,51.03389246779065,37627509,855,6785524,76864500
4634,2022-09-18,가을,점퍼_점퍼_ZA,53.54986565512881,20572300,171,5465877,44289000
4635,2022-09-18,가을,팬츠_니트팬츠_ZB,53.09027910961093,3668950,87,929540,7821300
4636,2022-09-18,가을,팬츠_팬츠(일반)_ZA,62.18084923365655,19345252,368,5554212,51152000
4637,2022-09-18,겨울,니트 셔츠_라운드_ZB,46.50621903124684,1058000,22,238473,1977800
4638,2022-09-18,겨울,니트 셔츠_후드티_ZB,42.90368800172722,2909000,51,787129,5094900
4639,2022-09-18,겨울,사파리_패딩사파리_ZB,59.05561122244489,1634500,8,370160,3992000
4640,2022-09-18,겨울,수트_블레이져(수트)_ZA,24.07892909567954,25337135,80,5181588,33020000
4641,2022-09-18,겨울,수트_블레이져(수트)_ZB,24.195023535522843,141557455,721,34618111,186739000
4642,2022-09-18,겨울,수트_블레이져(수트)_ZC,23.991976014322383,70476160,358,17647195,92722000
4643,2022-09-18,겨울,수트_수트팬츠_ZA,25.32880506687116,14558020,83,2918312,19347000
4644,2022-09-18,겨울,수트_수트팬츠_ZB,24.651258340365192,86615639,827,20159972,114953000
4645,2022-09-18,겨울,수트_수트팬츠_ZC,24.234545032595623,35912068,341,8530100,47399000
4646,2022-09-18,겨울,스웨터_T-에리_ZA,0.0,0,0,0,0
4647,2022-09-18,겨울,스웨터_라운드_ZA,0.0,0,0,0,0
4648,2022-09-18,겨울,스웨터_라운드_ZB,35.685294669669666,-16448100,-256,-3027570,-25574400
4649,2022-09-18,겨울,스웨터_오픈형(CARDIGAN)_ZA,36.80495803457284,9095536,72,1296576,14392800
4650,2022-09-18,겨울,우븐 셔츠_캐쥬얼셔츠_ZA,44.659942796761484,15268450,296,2961732,29570400
4651,2022-09-18,겨울,자켓_싱글재킷_ZA,24.032368527907895,83348820,346,13731283,109254000
4652,2022-09-18,겨울,점퍼_패딩점퍼_ZB,0.0,0,0,0,0
4653,2022-09-18,겨울,코트_싱글코트_ZA,0.0,0,0,0,0
4654,2022-09-18,겨울,코트_싱글코트_ZB,0.0,0,0,0,0
4655,2022-09-18,겨울,팬츠_니트팬츠_ZB,56.61846496106785,39000,1,10439,89900
4656,2022-09-18,겨울,팬츠_팬츠(일반)_ZA,inf,25971293,264,4807057,36696000
4657,2022-09-18,겨울,팬츠_팬츠(일반)_ZB,0.0,0,0,0,0
4658,2022-09-18,봄,가죽&FUR_가죽점퍼_ZA,60.96763430096763,6982200,18,3409500,17982000
4659,2022-09-18,봄,니트 셔츠_라운드_ZB,66.06231250486846,17863000,753,7072473,52634700
4660,2022-09-18,봄,니트 셔츠_오픈형티(맨투맨 등)_ZA,65.79995542044097,16570845,373,4487170,48452700
4661,2022-09-18,봄,니트 셔츠_후드티_ZB,68.65002034087321,11019800,391,4665891,35150900
4662,2022-09-18,봄,수트_블레이져(수트)_ZB,23.35759115361626,4980700,28,1188021,6692000
4663,2022-09-18,봄,수트_블레이져(수트)_ZC,21.11111111111111,1888100,10,445795,2390000
4664,2022-09-18,봄,수트_수트팬츠_ZB,-5.4399224806201545,2704180,23,495790,2967000
4665,2022-09-18,봄,수트_수트팬츠_ZC,20.833333333333332,915900,9,194399,1161000
4666,2022-09-18,봄,스웨터_T-에리_ZB,64.45603681676106,25495045,718,7897230,71728200
4667,2022-09-18,봄,스웨터_VEST_ZA,66.53737070403737,802300,24,202468,2397600
4668,2022-09-18,봄,스웨터_라운드_ZB,63.11374781705766,40791530,1172,13115049,110032800
4669,2022-09-18,봄,스웨터_오픈형(CARDIGAN)_ZA,72.36614718842675,2251700,41,597836,8195900
4670,2022-09-18,봄,스웨터_오픈형(CARDIGAN)_ZB,69.67340253540624,21372900,446,6906741,71315400
4671,2022-09-18,봄,우븐 셔츠_캐쥬얼셔츠_ZA,57.31565073366459,3659500,66,914372,8573400
4672,2022-09-18,봄,우븐 셔츠_캐쥬얼셔츠_ZB,49.247381897471726,3947055,112,872415,7828800
4673,2022-09-18,봄,점퍼_패딩점퍼_ZB,68.60230158301367,17434200,223,5245372,55527000
4674,2022-09-18,봄,코트_싱글코트_ZB,69.4814956914832,41322000,486,13694307,137014000
4675,2022-09-18,봄,팬츠_니트팬츠_ZA,68.59685364690927,988100,35,313692,3146500
4676,2022-09-18,봄,팬츠_니트팬츠_ZB,63.962076574282875,5944960,236,1985272,16496400
4677,2022-09-18,사계절,니트 셔츠_라운드_ZB,70.85142169781595,45439747,2822,18963895,150867800
4678,2022-09-18,사계절,데님_데님팬츠_ZB,48.6740176092028,23255245,458,6151657,45754200
4679,2022-09-18,사계절,수트_블레이져(수트)_ZB,32.408492585941474,82274030,506,20391282,120934000
4680,2022-09-18,사계절,수트_블레이져(수트)_ZC,30.606154906808673,29189827,176,7053068,42064000
4681,2022-09-18,사계절,수트_수트팬츠_ZB,31.615375795608355,50485473,571,11373990,73659000
4682,2022-09-18,사계절,수트_수트팬츠_ZC,31.3470188534788,14347100,162,3309396,20898000
4683,2022-09-18,사계절,우븐 셔츠_드레스셔츠_ZB,62.05001360370475,31448473,983,6571257,68711700
4684,2022-09-18,사계절,자켓_싱글재킷_ZB,43.4637246388253,7161450,53,1552668,12667000
4685,2022-09-18,사계절,팬츠_니트팬츠_ZB,70.50469527578551,4566240,240,1513798,15576000
4686,2022-09-18,사계절,팬츠_팬츠(일반)_ZB,53.096825733031345,140338993,2809,35138776,280619100
4687,2022-09-18,여름,니트 셔츠_라운드_ZB,79.31150980858452,71984994,6676,36651729,354252400
4688,2022-09-18,여름,니트 셔츠_티에리_ZB,73.65321621725289,4121322,174,1705896,15642600
4689,2022-09-18,여름,수트_블레이져(수트)_ZA,18.082951531227394,7910700,31,1570335,9889000
4690,2022-09-18,여름,수트_블레이져(수트)_ZB,22.890549246197782,13471300,73,3110727,17447000
4691,2022-09-18,여름,수트_블레이져(수트)_ZC,15.95238095238095,3387400,17,843738,4623000
4692,2022-09-18,여름,수트_수트팬츠_ZA,19.81731843575419,6487200,45,1136470,8055000
4693,2022-09-18,여름,수트_수트팬츠_ZB,19.963982492221696,7777750,76,1529618,9804000
4694,2022-09-18,여름,수트_수트팬츠_ZC,-0.7407407407407405,1931200,15,375317,2385000
4695,2022-09-18,여름,스웨터_T-에리_ZA,66.8579690801913,1364100,42,309372,4195800
4696,2022-09-18,여름,스웨터_T-에리_ZB,43.815447115152104,11559077,601,4471743,54029900
4697,2022-09-18,여름,스웨터_라운드_ZA,64.82251482251482,913700,26,293241,2597400
4698,2022-09-18,여름,스웨터_라운드_ZB,72.65047427286765,5827172,237,2527246,21306300
4699,2022-09-18,여름,우븐 셔츠_드레스셔츠_ZB,67.96652016530956,46916752,2301,14693018,160839900
4700,2022-09-18,여름,우븐 셔츠_캐쥬얼셔츠_ZA,65.48987939908449,9103200,264,2295750,26373600
4701,2022-09-18,여름,우븐 셔츠_캐쥬얼셔츠_ZB,71.6922136677625,33756300,1366,10626363,122803400
4702,2022-09-18,여름,자켓_싱글재킷_ZA,43.73399433768998,15953909,139,4125996,36001000
4703,2022-09-18,여름,자켓_싱글재킷_ZB,67.30103027849013,7268000,93,2198555,22227000
4704,2022-09-18,여름,점퍼_점퍼_ZB,75.74723098344907,56128417,930,21608028,231570000
4705,2022-09-18,여름,팬츠_니트팬츠_ZB,69.08483334400957,2895700,134,904753,9366600
4706,2022-09-18,여름,팬츠_반바지_ZA,288.2352941176471,-150400,1,11033,79900
4707,2022-09-18,여름,팬츠_반바지_ZB,87.06816059757237,1138600,84,539062,6711600
4708,2022-09-18,여름,팬츠_팬츠(일반)_ZA,57.99993846037197,9150623,181,2729771,24416100
4709,2022-09-18,여름,팬츠_팬츠(일반)_ZB,67.70068156905184,33278459,1155,10924187,115384500
4710,2022-09-25,가을,니트 셔츠_라운드_ZB,66.30410362910075,6149400,203,2618261,18249700
4711,2022-09-25,가을,수트_블레이져(수트)_ZB,23.321036443191673,126162396,634,28060386,164206000
4712,2022-09-25,가을,수트_수트팬츠_ZB,23.54942351993248,70832410,665,14964666,92435000
4713,2022-09-25,가을,스웨터_오픈형(CARDIGAN)_ZB,37.20186364368625,14812950,118,2830923,23588200
4714,2022-09-25,가을,우븐 셔츠_캐쥬얼셔츠_ZB,56.061626758544904,41630254,1053,8374033,94664700
4715,2022-09-25,가을,점퍼_점퍼_ZA,52.85605906658538,20879580,171,5465877,44289000
4716,2022-09-25,가을,팬츠_니트팬츠_ZB,57.686499000696344,4678900,123,1314178,11057700
4717,2022-09-25,가을,팬츠_팬츠(일반)_ZA,62.35609181719373,14546359,278,4194759,38642000
4718,2022-09-25,겨울,니트 셔츠_라운드_ZB,50.689037201829194,797950,18,195114,1618200
4719,2022-09-25,겨울,니트 셔츠_후드티_ZB,51.197749473611545,1413850,29,447583,2897100
4720,2022-09-25,겨울,사파리_패딩사파리_ZB,53.081129248660396,4785000,22,792701,10218000
4721,2022-09-25,겨울,수트_블레이져(수트)_ZA,23.798878642767384,58688870,202,12322884,76468000
4722,2022-09-25,겨울,수트_블레이져(수트)_ZB,22.887879697834457,190586902,951,46440993,246309000
4723,2022-09-25,겨울,수트_블레이져(수트)_ZC,22.672295327397368,58881954,294,14492389,76146000
4724,2022-09-25,겨울,수트_수트팬츠_ZA,23.770142250181483,35406344,220,6992136,46200000
4725,2022-09-25,겨울,수트_수트팬츠_ZB,23.2561642075039,110871418,1035,25752073,143865000
4726,2022-09-25,겨울,수트_수트팬츠_ZC,22.144285752210042,29327469,271,6779053,37669000
4727,2022-09-25,겨울,스웨터_T-에리_ZA,38.29638356013852,20552000,208,2785212,33259200
4728,2022-09-25,겨울,스웨터_T-에리_ZB,42.51020434276355,49423000,717,8952857,85968300
4729,2022-09-25,겨울,스웨터_라운드_ZA,0.0,0,0,0,0
4730,2022-09-25,겨울,스웨터_라운드_ZB,55.174169840836505,10344412,231,2815009,23076900
4731,2022-09-25,겨울,스웨터_오픈형(CARDIGAN)_ZA,35.467733866933465,5547000,43,774344,8595700
4732,2022-09-25,겨울,우븐 셔츠_캐쥬얼셔츠_ZA,45.69449763559329,24613000,447,4689091,48285300
4733,2022-09-25,겨울,자켓_싱글재킷_ZA,34.58086078466995,45958820,204,7830478,61196000
4734,2022-09-25,겨울,점퍼_패딩점퍼_ZB,0.0,0,0,0,0
4735,2022-09-25,겨울,코트_싱글코트_ZA,0.0,0,0,0,0
4736,2022-09-25,겨울,코트_싱글코트_ZB,32.290168741692284,66730070,247,15541200,98553000
4737,2022-09-25,겨울,팬츠_니트팬츠_ZB,50.47672016526299,934950,21,219209,1887900
4738,2022-09-25,겨울,팬츠_팬츠(일반)_ZA,107.27645575847015,23664120,237,4293659,32943000
4739,2022-09-25,겨울,팬츠_팬츠(일반)_ZB,0.0,0,0,0,0
4740,2022-09-25,봄,가죽&FUR_가죽점퍼_ZA,60.954499473018,7281800,19,3581500,18981000
4741,2022-09-25,봄,니트 셔츠_라운드_ZB,63.97933607399318,15535100,617,5795086,43128300
4742,2022-09-25,봄,니트 셔츠_오픈형티(맨투맨 등)_ZA,61.36755634811588,11893500,237,2851093,30786300
4743,2022-09-25,봄,니트 셔츠_후드티_ZB,67.91294938442563,8480800,294,3508544,26430600
4744,2022-09-25,봄,수트_블레이져(수트)_ZB,22.912883542538356,3115039,17,712710,4063000
4745,2022-09-25,봄,수트_블레이져(수트)_ZC,21.956857275685724,1487508,8,349914,1912000
4746,2022-09-25,봄,수트_수트팬츠_ZB,20.21689276485788,31445,1,29828,129000
4747,2022-09-25,봄,수트_수트팬츠_ZC,21.944444444444443,903000,9,190004,1161000
4748,2022-09-25,봄,스웨터_T-에리_ZB,60.89329422662756,16760000,429,4718575,42857100
4749,2022-09-25,봄,스웨터_VEST_ZA,65.51313217979884,723500,21,177159,2097900
4750,2022-09-25,봄,스웨터_라운드_ZB,60.74363150697937,33430302,900,10187352,85060000
4751,2022-09-25,봄,스웨터_오픈형(CARDIGAN)_ZA,68.65099216274804,1713000,27,395176,5397300
4752,2022-09-25,봄,스웨터_오픈형(CARDIGAN)_ZB,66.76444211373389,10126100,200,3144302,31980000
4753,2022-09-25,봄,우븐 셔츠_캐쥬얼셔츠_ZA,57.1964939292033,3169300,57,789685,7404300
4754,2022-09-25,봄,우븐 셔츠_캐쥬얼셔츠_ZB,51.99542613359587,4128050,121,942725,8457900
4755,2022-09-25,봄,점퍼_패딩점퍼_ZB,72.77186264437596,17491900,258,6068636,64242000
4756,2022-09-25,봄,코트_싱글코트_ZB,69.22440715528393,35287000,413,11568487,115477000
4757,2022-09-25,봄,팬츠_니트팬츠_ZA,60.412804350512914,960900,27,241991,2427300
4758,2022-09-25,봄,팬츠_니트팬츠_ZB,64.07163941254232,3968000,158,1324816,11044200
4759,2022-09-25,사계절,니트 셔츠_라운드_ZB,68.15108112791187,28621148,1376,9334550,85952400
4760,2022-09-25,사계절,데님_데님팬츠_ZB,51.8708946701872,18002100,386,5016770,38561400
4761,2022-09-25,사계절,수트_블레이져(수트)_ZB,33.05644705063854,65929526,411,16591278,98229000
4762,2022-09-25,사계절,수트_블레이져(수트)_ZC,32.809392584042705,18627924,116,4648318,27724000
4763,2022-09-25,사계절,수트_수트팬츠_ZB,33.071731719157384,39987847,461,9195616,59469000
4764,2022-09-25,사계절,수트_수트팬츠_ZC,32.86005747126437,10046821,116,2372227,14964000
4765,2022-09-25,사계절,우븐 셔츠_드레스셔츠_ZB,63.23608807718465,26793634,881,5783213,61581900
4766,2022-09-25,사계절,자켓_싱글재킷_ZB,44.3435699060551,7050000,53,1552668,12667000
4767,2022-09-25,사계절,팬츠_니트팬츠_ZB,70.95306707862864,4018700,215,1401576,14228500
4768,2022-09-25,사계절,팬츠_팬츠(일반)_ZB,53.42558664439084,87584984,1843,22226914,184115700
4769,2022-09-25,여름,니트 셔츠_라운드_ZB,76.15411199446216,-1584500,-502,-2285161,-21249800
4770,2022-09-25,여름,니트 셔츠_티에리_ZB,79.7103684228267,2407730,132,1294128,11866800
4771,2022-09-25,여름,수트_블레이져(수트)_ZA,30.67873303167421,6635200,30,1525630,9570000
4772,2022-09-25,여름,수트_블레이져(수트)_ZB,27.957576593559857,7281200,40,1746270,9560000
4773,2022-09-25,여름,수트_블레이져(수트)_ZC,21.11111111111111,1609500,8,379521,1992000
4774,2022-09-25,여름,수트_수트팬츠_ZA,31.930219325470723,4722500,39,985397,6981000
4775,2022-09-25,여름,수트_수트팬츠_ZB,21.72806693736926,5359000,53,1129371,6837000
4776,2022-09-25,여름,수트_수트팬츠_ZC,27.083333333333332,1476100,15,351265,2035000
4777,2022-09-25,여름,스웨터_T-에리_ZA,150.56723390056723,-281300,7,48368,699300
4778,2022-09-25,여름,스웨터_T-에리_ZB,66.26151490697065,5047709,167,1508404,15013300
4779,2022-09-25,여름,스웨터_라운드_ZA,65.30975419864309,623800,18,200111,1798200
4780,2022-09-25,여름,스웨터_라운드_ZB,-90.24842417500928,-513100,-3,-26950,-269700
4781,2022-09-25,여름,우븐 셔츠_드레스셔츠_ZB,69.06380710124012,39945888,1967,12656979,137493300
4782,2022-09-25,여름,우븐 셔츠_캐쥬얼셔츠_ZA,70.03662904563805,2564500,90,765303,8991000
4783,2022-09-25,여름,우븐 셔츠_캐쥬얼셔츠_ZB,79.81312454248999,14575300,790,6045016,71021000
4784,2022-09-25,여름,자켓_싱글재킷_ZA,57.929933139512976,9444454,82,2365353,21238000
4785,2022-09-25,여름,자켓_싱글재킷_ZB,70.2928870292887,3905000,55,1304628,13145000
4786,2022-09-25,여름,점퍼_점퍼_ZB,76.55263163478658,35159159,602,14028642,149898000
4787,2022-09-25,여름,팬츠_니트팬츠_ZB,74.3495999576114,484100,27,182301,1887300
4788,2022-09-25,여름,팬츠_반바지_ZA,68.9254425174325,347600,14,154467,1118600
4789,2022-09-25,여름,팬츠_반바지_ZB,75.0502964073201,4349000,223,1346532,17817700
4790,2022-09-25,여름,팬츠_팬츠(일반)_ZA,84.24773882251401,3107158,92,1340552,12240600
4791,2022-09-25,여름,팬츠_팬츠(일반)_ZB,68.9166326131961,14274350,468,4700608,46753200
4792,2022-10-02,가을,니트 셔츠_라운드_ZB,60.041959420453104,14189300,395,5094645,35510500
4793,2022-10-02,가을,수트_블레이져(수트)_ZB,26.31324140890199,104322952,547,25353432,141673000
4794,2022-10-02,가을,수트_수트팬츠_ZB,26.462038917762236,55908330,548,12888576,76172000
4795,2022-10-02,가을,스웨터_오픈형(CARDIGAN)_ZB,40.23945566533266,15291050,128,3070440,25587200
4796,2022-10-02,가을,우븐 셔츠_캐쥬얼셔츠_ZB,57.685083409554984,41847226,1100,8726888,98890000
4797,2022-10-02,가을,점퍼_점퍼_ZA,54.73116610318683,22628532,193,6169089,49987000
4798,2022-10-02,가을,팬츠_니트팬츠_ZB,56.66980405578848,6076800,156,1666762,14024400
4799,2022-10-02,가을,팬츠_팬츠(일반)_ZA,63.171118550703994,15511220,303,4573737,42117000
4800,2022-10-02,겨울,니트 셔츠_라운드_ZB,48.83091427751265,11408250,248,2749134,22295200
4801,2022-10-02,겨울,니트 셔츠_후드티_ZB,45.050606161717276,6916700,126,1976871,12587400
4802,2022-10-02,겨울,사파리_패딩사파리_ZB,inf,932250,5,219182,2455000
4803,2022-10-02,겨울,수트_블레이져(수트)_ZA,26.969325694787706,61429550,218,13556199,83752000
4804,2022-10-02,겨울,수트_블레이져(수트)_ZB,26.637187801652612,222869510,1171,57614165,303289000
4805,2022-10-02,겨울,수트_블레이져(수트)_ZC,25.518833794424346,48998180,254,12520636,65786000
4806,2022-10-02,겨울,수트_수트팬츠_ZA,27.003208555931927,36271165,236,7639993,49704000
4807,2022-10-02,겨울,수트_수트팬츠_ZB,26.64057907415227,123458052,1208,30137990,167912000
4808,2022-10-02,겨울,수트_수트팬츠_ZC,25.776295526079135,26411763,256,6403829,35584000
4809,2022-10-02,겨울,스웨터_T-에리_ZA,57.374349447520174,5616800,81,1267149,12951900
4810,2022-10-02,겨울,스웨터_T-에리_ZB,50.15590141372227,16912950,283,3603726,33931700
4811,2022-10-02,겨울,스웨터_라운드_ZA,0.0,0,0,0,0
4812,2022-10-02,겨울,스웨터_라운드_ZB,45.404735417235415,47995789,880,10520150,87912000
4813,2022-10-02,겨울,스웨터_오픈형(CARDIGAN)_ZA,40.76422421737185,8999336,76,1451431,15192400
4814,2022-10-02,겨울,우븐 셔츠_캐쥬얼셔츠_ZA,49.41777641370023,23675595,442,4892100,48385800
4815,2022-10-02,겨울,자켓_싱글재킷_ZA,37.50910610950448,71593020,349,13108868,106651000
4816,2022-10-02,겨울,점퍼_패딩점퍼_ZB,0.0,0,0,0,0
4817,2022-10-02,겨울,코트_더블코트_ZA,0.0,0,0,0,0
4818,2022-10-02,겨울,코트_싱글코트_ZA,30.0,1678600,2,440877,2398000
4819,2022-10-02,겨울,코트_싱글코트_ZB,178.2484869783796,1209090,22,1218723,10478000
4820,2022-10-02,겨울,팬츠_니트팬츠_ZB,52.08300227766301,1809250,42,445216,3775800
4821,2022-10-02,겨울,팬츠_팬츠(일반)_ZA,37.0017010923453,29358909,332,4977565,46148000
4822,2022-10-02,겨울,팬츠_팬츠(일반)_ZB,41.63931373233699,2507000,43,482256,4295700
4823,2022-10-02,봄,가죽&FUR_가죽점퍼_ZA,55.11670400559289,5387200,14,2653100,13986000
4824,2022-10-02,봄,니트 셔츠_라운드_ZB,70.42342523042848,34504949,1669,15689902,116663100
4825,2022-10-02,봄,니트 셔츠_오픈형티(맨투맨 등)_ZA,69.69364417151797,17085693,434,5220971,56376600
4826,2022-10-02,봄,니트 셔츠_후드티_ZB,73.0685596939212,11016171,455,5421588,40904500
4827,2022-10-02,봄,수트_블레이져(수트)_ZB,23.723849372384937,3561600,19,808672,4541000
4828,2022-10-02,봄,수트_블레이져(수트)_ZC,26.351638772663875,871545,5,225218,1195000
4829,2022-10-02,봄,수트_수트팬츠_ZB,20.66998892580288,2143000,21,448574,2709000
4830,2022-10-02,봄,수트_수트팬츠_ZC,23.126614987080103,388600,4,86576,516000
4831,2022-10-02,봄,스웨터_T-에리_ZB,67.00693318687419,11173465,339,3728762,33866100
4832,2022-10-02,봄,스웨터_VEST_ZA,60.96096096096096,624000,16,134979,1598400
4833,2022-10-02,봄,스웨터_라운드_ZB,65.5439324718937,39439600,1215,13620708,114188500
4834,2022-10-02,봄,스웨터_오픈형(CARDIGAN)_ZA,63.847308269519374,1361000,19,279542,3798100
4835,2022-10-02,봄,스웨터_오픈형(CARDIGAN)_ZB,64.53602831413792,9581284,169,2609445,27023100
4836,2022-10-02,봄,우븐 셔츠_캐쥬얼셔츠_ZA,57.93639337952271,1748500,32,443332,4156800
4837,2022-10-02,봄,우븐 셔츠_캐쥬얼셔츠_ZB,47.846242932079846,4048950,110,857505,7689000
4838,2022-10-02,봄,점퍼_패딩점퍼_ZB,70.0960839946818,21817000,293,6891901,72957000
4839,2022-10-02,봄,코트_싱글코트_ZB,71.35896530421759,42626000,514,14590037,144626000
4840,2022-10-02,봄,팬츠_니트팬츠_ZA,51.826103077493514,1559100,36,322655,3236400
4841,2022-10-02,봄,팬츠_니트팬츠_ZB,68.58807181825027,13767000,627,5269844,43827300
4842,2022-10-02,사계절,니트 셔츠_라운드_ZB,69.95290102036405,37376018,2013,13520132,120738700
4843,2022-10-02,사계절,데님_데님팬츠_ZB,49.66884276799026,24637757,481,6505286,48051900
4844,2022-10-02,사계절,수트_블레이져(수트)_ZB,32.18600294686642,47795541,295,11838362,70505000
4845,2022-10-02,사계절,수트_블레이져(수트)_ZC,30.747856505933193,20192540,122,4889466,29158000
4846,2022-10-02,사계절,수트_수트팬츠_ZB,31.416651412047955,30702584,348,6887210,44892000
4847,2022-10-02,사계절,수트_수트팬츠_ZC,31.389449132194553,10001360,113,2308832,14577000
4848,2022-10-02,사계절,우븐 셔츠_드레스셔츠_ZB,63.54855913753197,29452545,956,6367780,66824400
4849,2022-10-02,사계절,자켓_싱글재킷_ZB,42.15481171548117,4977000,36,1054642,8604000
4850,2022-10-02,사계절,팬츠_니트팬츠_ZB,70.66221317403546,2129650,113,804410,7868700
4851,2022-10-02,사계절,팬츠_팬츠(일반)_ZB,52.023443216129714,113988745,2300,29090652,229770000
4852,2022-10-02,여름,니트 셔츠_라운드_ZB,75.21869884922974,44079673,3344,19867986,191285600
4853,2022-10-02,여름,니트 셔츠_티에리_ZB,78.92470800889878,1818882,96,941184,8630400
4854,2022-10-02,여름,수트_블레이져(수트)_ZA,inf,510400,3,154503,957000
4855,2022-10-02,여름,수트_블레이져(수트)_ZB,23.009404263797567,4979816,27,1147581,6453000
4856,2022-10-02,여름,수트_블레이져(수트)_ZC,26.0,3029200,15,762380,4225000
4857,2022-10-02,여름,수트_수트팬츠_ZA,34.83333333333333,1539400,13,330869,2327000
4858,2022-10-02,여름,수트_수트팬츠_ZB,-inf,2286166,23,470379,2967000
4859,2022-10-02,여름,수트_수트팬츠_ZC,24.666666666666668,2646200,24,588629,3596000
4860,2022-10-02,여름,스웨터_T-에리_ZA,51.188966744522304,-427530,-1,6524,-99900
4861,2022-10-02,여름,스웨터_T-에리_ZB,104.61608850488484,-2625736,-13,-237813,-1168700
4862,2022-10-02,여름,스웨터_라운드_ZA,16.916916916916918,-415000,-5,-56667,-499500
4863,2022-10-02,여름,스웨터_라운드_ZB,30.78976640711902,-2177700,-35,-386292,-3146500
4864,2022-10-02,여름,우븐 셔츠_드레스셔츠_ZB,65.78980945624896,31558113,1477,9497685,103242300
4865,2022-10-02,여름,우븐 셔츠_캐쥬얼셔츠_ZA,61.11183636273242,-5332700,-142,-1312146,-14185800
4866,2022-10-02,여름,우븐 셔츠_캐쥬얼셔츠_ZB,63.15622693071733,8304746,405,3107024,36409500
4867,2022-10-02,여름,자켓_싱글재킷_ZA,52.648325430090146,11122862,90,2632767,23310000
4868,2022-10-02,여름,자켓_싱글재킷_ZB,68.13394485570218,2970235,39,920518,9321000
4869,2022-10-02,여름,점퍼_점퍼_ZB,76.889265252759,24907600,433,10155942,107817000
4870,2022-10-02,여름,팬츠_니트팬츠_ZB,73.33118218936332,2553886,137,925009,9576300
4871,2022-10-02,여름,팬츠_반바지_ZA,76.14834635248083,3316000,174,1919808,13902600
4872,2022-10-02,여름,팬츠_반바지_ZB,76.83543257363269,6214260,340,2089677,27166000
4873,2022-10-02,여름,팬츠_팬츠(일반)_ZA,59.378962347037884,2742350,61,778783,8283500
4874,2022-10-02,여름,팬츠_팬츠(일반)_ZB,67.87531873749457,31990449,1085,10387642,108391500
4875,2022-10-09,가을,니트 셔츠_라운드_ZB,55.178757588067135,11806229,293,3779066,26340700
4876,2022-10-09,가을,수트_블레이져(수트)_ZB,27.97347248458688,98073063,525,25315664,135975000
4877,2022-10-09,가을,수트_수트팬츠_ZB,27.957000233763164,56920986,568,13863733,78952000
4878,2022-10-09,가을,스웨터_오픈형(CARDIGAN)_ZB,41.77793316547777,21065850,181,4341981,36181900
4879,2022-10-09,가을,우븐 셔츠_캐쥬얼셔츠_ZB,59.05124650799446,28927725,786,6341777,70661400
4880,2022-10-09,가을,점퍼_점퍼_ZA,55.032222876089044,31329500,269,8598368,69671000
4881,2022-10-09,가을,팬츠_니트팬츠_ZB,53.87327638676097,4395600,106,1132543,9529400
4882,2022-10-09,가을,팬츠_팬츠(일반)_ZA,65.66551660080387,20330821,426,6425254,59214000
4883,2022-10-09,겨울,니트 셔츠_라운드_ZB,58.33566353005726,17007825,454,4589759,40814600
4884,2022-10-09,겨울,니트 셔츠_오픈형티(맨투맨 등)_ZB,0.0,0,0,0,0
4885,2022-10-09,겨울,니트 셔츠_후드티_ZB,45.84979244477452,15092800,279,4455163,27872100
4886,2022-10-09,겨울,사파리_패딩사파리_ZB,52.649232527359814,38636100,178,6365166,82382000
4887,2022-10-09,겨울,수트_블레이져(수트)_ZA,30.517340692409842,74255080,277,17352968,106443000
4888,2022-10-09,겨울,수트_블레이져(수트)_ZB,28.311535789701576,281530505,1517,75200140,392903000
4889,2022-10-09,겨울,수트_블레이져(수트)_ZC,28.222032081653534,58931865,317,15626148,82103000
4890,2022-10-09,겨울,수트_수트팬츠_ZA,29.73230743156449,43269226,294,9641354,61856000
4891,2022-10-09,겨울,수트_수트팬츠_ZB,27.921833081733862,152952190,1529,38320203,212531000
4892,2022-10-09,겨울,수트_수트팬츠_ZC,27.786307802632493,31217257,311,7779651,43229000
4893,2022-10-09,겨울,스웨터_T-에리_ZA,45.47205796170658,18028440,206,3113726,32939400
4894,2022-10-09,겨울,스웨터_T-에리_ZB,62.09039447766756,10681600,235,3034365,28176500
4895,2022-10-09,겨울,스웨터_Turtle_ZB,0.0,0,0,0,0
4896,2022-10-09,겨울,스웨터_라운드_ZA,38.08630393996248,1188000,12,233989,1918800
4897,2022-10-09,겨울,스웨터_라운드_ZB,51.20933630259473,43380267,890,10660242,88911000
4898,2022-10-09,겨울,스웨터_오픈형(CARDIGAN)_ZA,39.964482241120564,12001100,100,2017363,19990000
4899,2022-10-09,겨울,우븐 셔츠_캐쥬얼셔츠_ZA,51.57469162262327,28134550,518,6175907,58738200
4900,2022-10-09,겨울,자켓_싱글재킷_ZA,31.718073795894256,100890280,470,18092597,147930000
4901,2022-10-09,겨울,점퍼_점퍼_ZB,0.0,0,0,0,0
4902,2022-10-09,겨울,점퍼_패딩점퍼_ZB,0.0,0,0,0,0
4903,2022-10-09,겨울,코트_더블코트_ZA,41.27519722413172,17939840,51,4148281,30549000
4904,2022-10-09,겨울,코트_싱글코트_ZA,37.0,755370,1,220438,1199000
4905,2022-10-09,겨울,코트_싱글코트_ZB,43.16894835807263,55882750,246,15358224,99254000
4906,2022-10-09,겨울,팬츠_니트팬츠_ZB,52.17093066370041,2579900,60,659272,5394000
4907,2022-10-09,겨울,팬츠_팬츠(일반)_ZA,36.57688901960942,40320871,453,6845826,62967000
4908,2022-10-09,겨울,팬츠_팬츠(일반)_ZB,42.04692533724792,80798404,1210,13569987,120879000
4909,2022-10-09,봄,가죽&FUR_가죽점퍼_ZA,62.323745968190416,14329200,39,7586700,38961000
4910,2022-10-09,봄,니트 셔츠_라운드_ZB,69.34741100835521,26161341,1221,11478220,85347900
4911,2022-10-09,봄,니트 셔츠_오픈형티(맨투맨 등)_ZA,62.876375085415745,21459497,445,5353398,57805500
4912,2022-10-09,봄,니트 셔츠_후드티_ZB,75.32327880119736,13643389,615,7323861,55288500
4913,2022-10-09,봄,수트_블레이져(수트)_ZB,20.0,1720800,9,381102,2151000
4914,2022-10-09,봄,수트_블레이져(수트)_ZC,21.11111111111111,932100,5,223068,1195000
4915,2022-10-09,봄,수트_수트팬츠_ZB,20.0,1341600,13,277202,1677000
4916,2022-10-09,봄,수트_수트팬츠_ZC,21.666666666666668,399900,4,85406,516000
4917,2022-10-09,봄,스웨터_T-에리_ZB,63.124880694648134,15840445,430,4729581,42957000
4918,2022-10-09,봄,스웨터_VEST_ZA,62.66266266266266,857900,23,194032,2297700
4919,2022-10-09,봄,스웨터_라운드_ZB,65.36571421993006,36932225,1123,12590466,105547700
4920,2022-10-09,봄,스웨터_오픈형(CARDIGAN)_ZA,62.941997314446695,2887000,39,569819,7796100
4921,2022-10-09,봄,스웨터_오픈형(CARDIGAN)_ZB,65.73164811073038,12514600,229,3537608,36617100
4922,2022-10-09,봄,우븐 셔츠_캐쥬얼셔츠_ZA,60.3325094877301,2937100,57,789685,7404300
4923,2022-10-09,봄,우븐 셔츠_캐쥬얼셔츠_ZB,49.563144809633485,5638050,159,1240646,11114100
4924,2022-10-09,봄,점퍼_패딩점퍼_ZB,72.42278203723987,15106800,220,5174806,54780000
4925,2022-10-09,봄,코트_싱글코트_ZB,69.43546932521282,22268153,255,7189705,75815000
4926,2022-10-09,봄,팬츠_니트팬츠_ZA,55.118590548638274,1250800,31,277842,2786900
4927,2022-10-09,봄,팬츠_니트팬츠_ZB,67.69352741831078,5939125,263,2207082,18383700
4928,2022-10-09,사계절,니트 셔츠_라운드_ZB,66.35926217552465,40264482,2308,15761461,120119200
4929,2022-10-09,사계절,데님_데님팬츠_ZB,49.33779033353578,28345320,548,7426717,54745200
4930,2022-10-09,사계절,수트_블레이져(수트)_ZB,31.86630568420156,49962697,304,12189780,72656000
4931,2022-10-09,사계절,수트_블레이져(수트)_ZC,31.086895949239047,14987911,91,3646690,21749000
4932,2022-10-09,사계절,수트_수트팬츠_ZB,31.367286597797214,31458012,356,7081946,45924000
4933,2022-10-09,사계절,수트_수트팬츠_ZC,30.908306906272024,7843289,88,1793416,11352000
4934,2022-10-09,사계절,우븐 셔츠_드레스셔츠_ZB,62.05542020434382,34748724,1054,6929504,73674600
4935,2022-10-09,사계절,자켓_싱글재킷_ZB,51.80396460662597,7026500,61,1787033,14579000
4936,2022-10-09,사계절,팬츠_니트팬츠_ZB,71.81007953434816,2089656,120,837480,8268000
4937,2022-10-09,사계절,팬츠_팬츠(일반)_ZB,53.3877473385058,118755086,2447,31285574,244455300
4938,2022-10-09,여름,니트 셔츠_라운드_ZB,62.68478814448857,1330445,81,429316,4181900
4939,2022-10-09,여름,니트 셔츠_티에리_ZB,67.74193548387096,87000,3,29412,269700
4940,2022-10-09,여름,수트_블레이져(수트)_ZA,49.226187605497955,3723200,23,1169779,7337000
4941,2022-10-09,여름,수트_블레이져(수트)_ZB,26.62183701932656,6338500,37,1547971,8843000
4942,2022-10-09,여름,수트_블레이져(수트)_ZC,25.0,605700,3,146658,797000
4943,2022-10-09,여름,수트_수트팬츠_ZA,44.25304269752594,2998200,30,752174,5370000
4944,2022-10-09,여름,수트_수트팬츠_ZB,28.203343352845014,3469500,39,760526,5031000
4945,2022-10-09,여름,수트_수트팬츠_ZC,25.833333333333332,1066700,10,243617,1490000
4946,2022-10-09,여름,스웨터_T-에리_ZA,-inf,-343800,-13,-88921,-1298700
4947,2022-10-09,여름,스웨터_T-에리_ZB,66.67508593508242,-4889300,-165,-1498740,-14833500
4948,2022-10-09,여름,스웨터_라운드_ZA,60.96096096096096,-39000,-1,-9904,-99900
4949,2022-10-09,여름,스웨터_라운드_ZB,49.79421579532814,947835,21,225679,1887900
4950,2022-10-09,여름,우븐 셔츠_드레스셔츠_ZB,75.60120023124057,45021776,2199,14308533,153710100
4951,2022-10-09,여름,우븐 셔츠_캐쥬얼셔츠_ZA,72.19809094809095,420200,-22,-182525,-2197800
4952,2022-10-09,여름,우븐 셔츠_캐쥬얼셔츠_ZB,95.37460431357117,8200742,290,2209149,26071000
4953,2022-10-09,여름,자켓_싱글재킷_ZA,52.47824354967212,3196500,26,765161,6734000
4954,2022-10-09,여름,자켓_싱글재킷_ZB,66.94560669456067,1501000,19,449420,4541000
4955,2022-10-09,여름,점퍼_점퍼_ZB,73.25683379385083,9012200,148,3435704,36852000
4956,2022-10-09,여름,팬츠_니트팬츠_ZB,72.81831187410586,228000,12,81023,838800
4957,2022-10-09,여름,팬츠_반바지_ZA,0.0,0,0,0,0
4958,2022-10-09,여름,팬츠_반바지_ZB,69.26853010707829,373600,15,98907,1198500
4959,2022-10-09,여름,팬츠_팬츠(일반)_ZA,inf,259470,36,561483,4769400
4960,2022-10-09,여름,팬츠_팬츠(일반)_ZB,70.78826371941751,10375100,361,3486839,36063900
4961,2022-10-16,가을,니트 셔츠_라운드_ZB,59.86693487134506,16380150,454,5855617,40814600
4962,2022-10-16,가을,수트_블레이져(수트)_ZB,24.120082768508553,74284140,379,18145386,98161000
4963,2022-10-16,가을,수트_수트팬츠_ZB,23.874256525118568,42625123,404,9773788,56156000
4964,2022-10-16,가을,스웨터_오픈형(CARDIGAN)_ZB,45.76993496748374,21681180,200,4797776,39980000
4965,2022-10-16,가을,우븐 셔츠_캐쥬얼셔츠_ZB,54.646223281482264,35439867,868,6966483,78033200
4966,2022-10-16,가을,점퍼_점퍼_ZA,52.0213327309072,35042659,282,9013902,73038000
4967,2022-10-16,가을,팬츠_니트팬츠_ZB,53.018505410051574,5110600,121,1292809,10877900
4968,2022-10-16,가을,팬츠_팬츠(일반)_ZA,63.13791854918691,23415900,457,6899307,63523000
4969,2022-10-16,겨울,니트 셔츠_라운드_ZB,59.714753098201484,54951750,1567,16477603,140873300
4970,2022-10-16,겨울,니트 셔츠_오픈형티(맨투맨 등)_ZB,0.0,0,0,0,0
4971,2022-10-16,겨울,니트 셔츠_후드티_ZB,69.38726605393272,5046050,165,2652827,16483500
4972,2022-10-16,겨울,사파리_패딩사파리_ZA,40.0,3594000,10,527200,5990000
4973,2022-10-16,겨울,사파리_패딩사파리_ZB,58.58251218866913,33059892,178,7254135,86462000
4974,2022-10-16,겨울,수트_블레이져(수트)_ZA,28.707120280581528,86201140,316,19830954,121974000
4975,2022-10-16,겨울,수트_블레이져(수트)_ZB,24.56793701798438,243454490,1246,61743017,322714000
4976,2022-10-16,겨울,수트_블레이져(수트)_ZC,24.338489615016947,60944590,311,15330385,80549000
4977,2022-10-16,겨울,수트_수트팬츠_ZA,28.78197187616855,50511173,341,11218552,71429000
4978,2022-10-16,겨울,수트_수트팬츠_ZB,24.010482655794174,133836059,1273,31944798,176947000
4979,2022-10-16,겨울,수트_수트팬츠_ZC,23.33612522825776,34846031,327,8179891,45453000
4980,2022-10-16,겨울,스웨터_T-에리_ZA,52.036483812897075,27295000,355,5360719,56764500
4981,2022-10-16,겨울,스웨터_T-에리_ZB,54.78622557632979,22335062,412,5336163,49398800
4982,2022-10-16,겨울,스웨터_Turtle_ZB,0.0,0,0,0,0
4983,2022-10-16,겨울,스웨터_라운드_ZA,150.06253908692932,-240150,3,58497,479700
4984,2022-10-16,겨울,스웨터_라운드_ZB,50.590630886477534,77248337,1565,18727796,156343500
4985,2022-10-16,겨울,스웨터_오픈형(CARDIGAN)_ZA,45.10545443662002,12838901,117,2361070,23388300
4986,2022-10-16,겨울,우븐 셔츠_캐쥬얼셔츠_ZA,56.14278950120807,40905700,713,9785479,93888700
4987,2022-10-16,겨울,자켓_싱글재킷_ZA,35.229071787531105,221645423,1071,42145368,334429000
4988,2022-10-16,겨울,점퍼_점퍼_ZB,42.11764705882353,23911200,90,4183390,41310000
4989,2022-10-16,겨울,점퍼_패딩점퍼_ZB,54.21983118216666,54950748,358,9878492,117242000
4990,2022-10-16,겨울,코트_더블코트_ZA,47.8245886000477,39378870,126,10248693,75474000
4991,2022-10-16,겨울,코트_싱글코트_ZA,41.333333333333336,4220480,6,1322630,7194000
4992,2022-10-16,겨울,코트_싱글코트_ZB,46.64539965063989,201189415,836,51271391,355164000
4993,2022-10-16,겨울,팬츠_니트팬츠_ZB,51.92326178607232,3500900,81,890258,7281900
4994,2022-10-16,겨울,팬츠_팬츠(일반)_ZA,34.97755313711784,91017415,990,17295488,137610000
4995,2022-10-16,겨울,팬츠_팬츠(일반)_ZB,58.86553107161215,12163627,296,3319221,29570400
4996,2022-10-16,봄,가죽&FUR_가죽점퍼_ZA,75.56101556101557,6070800,11,2284100,10989000
4997,2022-10-16,봄,니트 셔츠_라운드_ZB,70.91421673819742,8132385,400,3751459,27960000
4998,2022-10-16,봄,니트 셔츠_오픈형티(맨투맨 등)_ZA,62.337544717656115,5821900,119,1431578,15458100
4999,2022-10-16,봄,니트 셔츠_후드티_ZB,74.24366341764505,7803217,337,4002569,30296300
5000,2022-10-16,봄,수트_블레이져(수트)_ZB,25.236262203626218,1989408,11,462200,2629000
5001,2022-10-16,봄,수트_블레이져(수트)_ZC,26.666666666666668,1051600,6,262973,1434000
5002,2022-10-16,봄,수트_수트팬츠_ZB,6.2203488372093005,1216623,12,249325,1548000
5003,2022-10-16,봄,수트_수트팬츠_ZC,26.666666666666668,464400,5,105769,645000
5004,2022-10-16,봄,스웨터_T-에리_ZB,58.52990000676834,11641445,281,3090696,28071900
5005,2022-10-16,봄,스웨터_VEST_ZA,60.96096096096096,702000,18,151851,1798200
5006,2022-10-16,봄,스웨터_라운드_ZB,64.19218142268858,47000473,1396,15999851,132870400
5007,2022-10-16,봄,스웨터_오픈형(CARDIGAN)_ZA,63.96683190079888,1440000,20,291468,3998000
5008,2022-10-16,봄,스웨터_오픈형(CARDIGAN)_ZB,62.40374114418526,6285600,104,1622567,16629600
5009,2022-10-16,봄,우븐 셔츠_캐쥬얼셔츠_ZA,60.6286887349243,1534300,30,415624,3897000
5010,2022-10-16,봄,우븐 셔츠_캐쥬얼셔츠_ZB,46.81214189732472,5042695,136,1060452,9506400
5011,2022-10-16,봄,점퍼_패딩점퍼_ZB,71.20286302804341,25025000,349,8209124,86901000
5012,2022-10-16,봄,코트_싱글코트_ZB,69.07002009044938,34845500,404,11406198,113076000
5013,2022-10-16,봄,팬츠_니트팬츠_ZA,60.126238456165765,1541400,43,385394,3865700
5014,2022-10-16,봄,팬츠_니트팬츠_ZB,62.12525246149962,3600525,136,1142807,9506400
5015,2022-10-16,사계절,니트 셔츠_라운드_ZB,68.69717637114893,30669234,1571,10702268,91002900
5016,2022-10-16,사계절,데님_데님팬츠_ZB,67.24864704473413,26453538,503,6811648,50249700
5017,2022-10-16,사계절,수트_블레이져(수트)_ZB,30.91769384032982,52441283,318,12746893,76002000
5018,2022-10-16,사계절,수트_블레이져(수트)_ZC,30.51330716473278,16109100,97,3886399,23183000
5019,2022-10-16,사계절,수트_수트팬츠_ZB,30.849237135283246,31874948,358,7162250,46182000
5020,2022-10-16,사계절,수트_수트팬츠_ZC,29.46003742314889,7916700,87,1774730,11223000
5021,2022-10-16,사계절,우븐 셔츠_드레스셔츠_ZB,61.73824848815839,38531912,1140,7407760,79686000
5022,2022-10-16,사계절,자켓_싱글재킷_ZB,44.530783024506874,6496000,49,1435485,11711000
5023,2022-10-16,사계절,팬츠_니트팬츠_ZB,65.32869987004023,2084850,104,705212,7069600
5024,2022-10-16,사계절,팬츠_팬츠(일반)_ZB,52.25992570691206,119699416,2428,31098052,242557200
5025,2022-10-16,여름,니트 셔츠_라운드_ZB,72.27692915580866,33932630,2433,14583983,138046700
5026,2022-10-16,여름,니트 셔츠_티에리_ZB,0.0,0,0,0,0
5027,2022-10-16,여름,수트_블레이져(수트)_ZA,33.18181818181819,-5135900,-24,-1215158,-7656000
5028,2022-10-16,여름,수트_블레이져(수트)_ZB,25.714285714285715,1529600,7,336458,1673000
5029,2022-10-16,여름,수트_블레이져(수트)_ZC,32.22222222222222,485500,2,72480,238000
5030,2022-10-16,여름,수트_수트팬츠_ZA,28.688148443735038,2255400,18,452718,3222000
5031,2022-10-16,여름,수트_수트팬츠_ZB,21.2640404999209,1739000,17,284927,2193000
5032,2022-10-16,여름,수트_수트팬츠_ZC,26.666666666666668,1072500,10,240638,1440000
5033,2022-10-16,여름,스웨터_T-에리_ZA,61.29462796129463,116000,3,19333,299700
5034,2022-10-16,여름,스웨터_T-에리_ZB,43.39358546533185,569670,11,97591,988900
5035,2022-10-16,여름,스웨터_라운드_ZA,0.0,0,0,0,0
5036,2022-10-16,여름,스웨터_라운드_ZB,67.74193548387096,58000,2,21564,179800
5037,2022-10-16,여름,우븐 셔츠_드레스셔츠_ZB,63.219442781195966,36447835,1559,10080600,108974100
5038,2022-10-16,여름,우븐 셔츠_캐쥬얼셔츠_ZA,52.60920642865088,1753890,43,381305,4295700
5039,2022-10-16,여름,우븐 셔츠_캐쥬얼셔츠_ZB,57.25075969183867,2625405,92,730300,8270800
5040,2022-10-16,여름,자켓_싱글재킷_ZA,51.786014286014286,-9163500,-72,-2031172,-18648000
5041,2022-10-16,여름,자켓_싱글재킷_ZB,68.16279954355268,-4185000,-55,-1300570,-13145000
5042,2022-10-16,여름,점퍼_점퍼_ZB,74.80520131809288,299952,4,97099,996000
5043,2022-10-16,여름,팬츠_니트팬츠_ZB,70.9748090263719,4301185,212,1431401,14818800
5044,2022-10-16,여름,팬츠_반바지_ZA,82.76293642915714,399400,29,319968,2317100
5045,2022-10-16,여름,팬츠_반바지_ZB,78.96999225222004,-1098200,-60,-400342,-4794000
5046,2022-10-16,여름,팬츠_팬츠(일반)_ZA,68.10649599529776,-9633000,-130,-1950738,-18148200
5047,2022-10-16,여름,팬츠_팬츠(일반)_ZB,51.36004419461602,16162425,448,4321293,44755200
5048,2022-10-23,가을,니트 셔츠_라운드_ZB,61.36642400286032,15559750,448,5778230,40275200
5049,2022-10-23,가을,수트_블레이져(수트)_ZB,22.79328501957812,50140014,251,12247022,65009000
5050,2022-10-23,가을,수트_수트팬츠_ZB,23.351942860597102,29049303,273,6693888,37947000
5051,2022-10-23,가을,스웨터_오픈형(CARDIGAN)_ZB,44.357984076784156,13124950,118,2830923,23588200
5052,2022-10-23,가을,우븐 셔츠_캐쥬얼셔츠_ZB,58.4954316943604,23409575,633,5114088,56906700
5053,2022-10-23,가을,점퍼_점퍼_ZA,58.332510813713824,14353200,133,4251238,34447000
5054,2022-10-23,가을,팬츠_니트팬츠_ZB,56.44081341728134,4033450,103,1100490,9259700
5055,2022-10-23,가을,팬츠_팬츠(일반)_ZA,68.77280784068398,14975000,345,5204843,47955000
5056,2022-10-23,겨울,니트 셔츠_라운드_ZB,62.133895270530054,99625909,2902,30726410,260929800
5057,2022-10-23,겨울,니트 셔츠_오픈형티(맨투맨 등)_ZB,0.0,0,0,0,0
5058,2022-10-23,겨울,니트 셔츠_후드티_ZB,56.15480649188515,19491600,445,7107757,44455500
5059,2022-10-23,겨울,사파리_패딩사파리_ZA,55.425709515859765,1335000,5,263600,2995000
5060,2022-10-23,겨울,사파리_패딩사파리_ZB,58.94742352521503,71933093,380,15195730,183220000
5061,2022-10-23,겨울,수트_블레이져(수트)_ZA,29.747012406430017,63431994,235,14758897,90615000
5062,2022-10-23,겨울,수트_블레이져(수트)_ZB,23.44405055002008,182760682,915,45236375,236985000
5063,2022-10-23,겨울,수트_블레이져(수트)_ZC,22.110016420361248,35101900,174,8577128,45066000
5064,2022-10-23,겨울,수트_수트팬츠_ZA,29.60606734918538,39062511,267,8777138,55853000
5065,2022-10-23,겨울,수트_수트팬츠_ZB,23.47884634154107,94705916,889,22364575,123571000
5066,2022-10-23,겨울,수트_수트팬츠_ZC,21.977204753051492,19304400,178,4452662,24742000
5067,2022-10-23,겨울,스웨터_T-에리_ZA,59.047600666351904,29042476,436,6614095,69716400
5068,2022-10-23,겨울,스웨터_T-에리_ZB,56.09533666323426,37691451,716,9187558,85848400
5069,2022-10-23,겨울,스웨터_Turtle_ZA,49.03426483657549,1548390,19,278806,3038100
5070,2022-10-23,겨울,스웨터_Turtle_ZB,45.41392719040759,10079100,154,2015383,18464600
5071,2022-10-23,겨울,스웨터_라운드_ZA,56.047048636166835,913650,13,253488,2078700
5072,2022-10-23,겨울,스웨터_라운드_ZB,54.522846690106476,76597806,1686,20347413,168431400
5073,2022-10-23,겨울,스웨터_오픈형(CARDIGAN)_ZA,45.611523661986396,22397184,205,3438308,40979500
5074,2022-10-23,겨울,우븐 셔츠_캐쥬얼셔츠_ZA,57.06413936707688,49287250,792,12539846,115630800
5075,2022-10-23,겨울,자켓_싱글재킷_ZA,39.22919820258404,168832943,865,34485361,277235000
5076,2022-10-23,겨울,점퍼_점퍼_ZB,62.13881107998755,6082400,35,1626874,16065000
5077,2022-10-23,겨울,점퍼_패딩점퍼_ZB,61.17447409025539,48539000,353,9288821,111147000
5078,2022-10-23,겨울,코트_더블코트_ZA,56.59542093966134,18199540,70,5693719,41930000
5079,2022-10-23,겨울,코트_싱글코트_ZA,45.02424202378802,65444140,188,15768159,116812000
5080,2022-10-23,겨울,코트_싱글코트_ZB,57.07753458770042,59985727,325,19855879,143075000
5081,2022-10-23,겨울,팬츠_니트팬츠_ZB,51.1801730920535,3598900,82,901188,7371800
5082,2022-10-23,겨울,팬츠_팬츠(일반)_ZA,36.61733255314506,63242195,737,12239258,102443000
5083,2022-10-23,겨울,팬츠_팬츠(일반)_ZB,38.865822965822964,47026243,770,8634630,76923000
5084,2022-10-23,봄,가죽&FUR_가죽점퍼_ZA,55.28636970303637,7607900,17,3054200,16983000
5085,2022-10-23,봄,니트 셔츠_라운드_ZB,73.30275686578015,18213500,976,9166066,68222400
5086,2022-10-23,봄,니트 셔츠_오픈형티(맨투맨 등)_ZA,66.72722966025506,12361300,286,3440550,37151400
5087,2022-10-23,봄,니트 셔츠_후드티_ZB,75.47712348181567,17372300,788,9385892,70841200
5088,2022-10-23,봄,수트_블레이져(수트)_ZB,28.25,1947850,11,456508,2629000
5089,2022-10-23,봄,수트_블레이져(수트)_ZC,22.5,740900,4,171392,956000
5090,2022-10-23,봄,수트_수트팬츠_ZB,inf,632100,7,149550,903000
5091,2022-10-23,봄,수트_수트팬츠_ZC,50.0,387000,3,63145,387000
5092,2022-10-23,봄,스웨터_T-에리_ZB,73.28970671075935,13181690,494,5433315,49350600
5093,2022-10-23,봄,스웨터_VEST_ZA,73.03509391744686,457945,17,143415,1698300
5094,2022-10-23,봄,스웨터_라운드_ZB,69.47601603254284,40414535,1404,15811724,132309600
5095,2022-10-23,봄,스웨터_오픈형(CARDIGAN)_ZA,66.86511845666423,1862945,28,408292,5597200
5096,2022-10-23,봄,스웨터_오픈형(CARDIGAN)_ZB,69.14320979269661,6346300,129,2006528,20627100
5097,2022-10-23,봄,우븐 셔츠_캐쥬얼셔츠_ZA,67.17114638101322,2004300,47,651144,6105300
5098,2022-10-23,봄,우븐 셔츠_캐쥬얼셔츠_ZB,66.2740135258161,5191503,216,1683636,15098400
5099,2022-10-23,봄,점퍼_패딩점퍼_ZB,72.85286600949252,18589000,275,6468508,68475000
5100,2022-10-23,봄,코트_싱글코트_ZB,68.22090648232877,26620100,314,8782841,87226000
5101,2022-10-23,봄,팬츠_니트팬츠_ZA,73.54568138772811,1759900,74,663236,6652600
5102,2022-10-23,봄,팬츠_니트팬츠_ZB,68.07377172184039,6382500,286,2390067,19991400
5103,2022-10-23,사계절,니트 셔츠_라운드_ZB,69.80152588224232,35173680,2459,16455907,116514100
5104,2022-10-23,사계절,데님_데님팬츠_ZB,53.1646611055684,26196435,549,7445849,54845100
5105,2022-10-23,사계절,수트_블레이져(수트)_ZB,32.419125586013024,40622790,246,9873975,58794000
5106,2022-10-23,사계절,수트_블레이져(수트)_ZC,30.605485820548584,11941408,72,2885561,17208000
5107,2022-10-23,사계절,수트_수트팬츠_ZB,30.260594241501778,23286951,259,5166680,33411000
5108,2022-10-23,사계절,수트_수트팬츠_ZC,30.29777285591239,5664700,63,1286880,8127000
5109,2022-10-23,사계절,우븐 셔츠_드레스셔츠_ZB,63.61519829789248,26531319,878,5720207,61372200
5110,2022-10-23,사계절,자켓_싱글재킷_ZB,47.04703943197667,4176400,33,966755,7887000
5111,2022-10-23,사계절,팬츠_니트팬츠_ZB,73.85832248108554,1594435,93,649436,6390700
5112,2022-10-23,사계절,팬츠_팬츠(일반)_ZB,58.80004612217101,75880306,1728,21664640,172627200
5113,2022-10-23,여름,니트 셔츠_라운드_ZB,68.3806976278269,8737565,512,3771129,32188800
5114,2022-10-23,여름,니트 셔츠_티에리_ZB,77.53048460553654,1070605,53,519612,4764700
5115,2022-10-23,여름,수트_블레이져(수트)_ZA,38.777429467084644,279300,1,48661,319000
5116,2022-10-23,여름,수트_블레이져(수트)_ZB,21.666666666666668,2629000,14,587435,3346000
5117,2022-10-23,여름,수트_블레이져(수트)_ZC,26.944444444444443,1769500,9,446769,2471000
5118,2022-10-23,여름,수트_수트팬츠_ZA,39.77653631284916,410900,3,74543,537000
5119,2022-10-23,여름,수트_수트팬츠_ZB,34.3,838500,4,70512,516000
5120,2022-10-23,여름,수트_수트팬츠_ZC,35.99974160206718,768051,8,192504,1132000
5121,2022-10-23,여름,스웨터_T-에리_ZA,70.6917443759549,885900,30,224365,2997000
5122,2022-10-23,여름,스웨터_T-에리_ZB,59.786882378269766,1232645,35,271787,3146500
5123,2022-10-23,여름,스웨터_라운드_ZA,65.25096525096525,243000,7,78858,699300
5124,2022-10-23,여름,스웨터_라운드_ZB,68.79177922559458,2945900,105,1109364,9439500
5125,2022-10-23,여름,우븐 셔츠_드레스셔츠_ZB,62.874079258060206,24441755,1165,7546076,81433500
5126,2022-10-23,여름,우븐 셔츠_캐쥬얼셔츠_ZA,67.45995400162067,2440835,77,664147,7692300
5127,2022-10-23,여름,우븐 셔츠_캐쥬얼셔츠_ZB,76.9797747302753,3764290,185,1463610,16631500
5128,2022-10-23,여름,자켓_싱글재킷_ZA,56.28539959132064,-140050,-5,-95986,-1295000
5129,2022-10-23,여름,자켓_싱글재킷_ZB,72.43200836820084,-263550,-4,-94753,-956000
5130,2022-10-23,여름,점퍼_점퍼_ZB,78.57008988334289,903950,12,296684,2988000
5131,2022-10-23,여름,팬츠_니트팬츠_ZB,69.10920362422509,323890,15,101278,1048500
5132,2022-10-23,여름,팬츠_반바지_ZA,73.6007218325232,907000,43,474435,3435700
5133,2022-10-23,여름,팬츠_반바지_ZB,-inf,631945,22,155609,1757800
5134,2022-10-23,여름,팬츠_팬츠(일반)_ZA,64.93260391686651,-1129260,-12,-78629,-1628900
5135,2022-10-23,여름,팬츠_팬츠(일반)_ZB,inf,3022145,155,1412181,15484500
5136,2022-10-30,가을,니트 셔츠_라운드_ZB,55.37172323776579,6940902,173,2231326,15552700
5137,2022-10-30,가을,수트_블레이져(수트)_ZB,23.81540154583633,35364302,178,8574426,46102000
5138,2022-10-30,가을,수트_수트팬츠_ZB,24.761382120673858,21234763,203,4913447,28217000
5139,2022-10-30,가을,스웨터_오픈형(CARDIGAN)_ZB,44.394238786059695,8003226,72,1727196,14392800
5140,2022-10-30,가을,우븐 셔츠_캐쥬얼셔츠_ZB,54.574724246348396,11777575,289,2341188,25981100
5141,2022-10-30,가을,점퍼_점퍼_ZA,57.915057915057915,7521000,69,2205529,17871000
5142,2022-10-30,가을,팬츠_니트팬츠_ZB,52.2226524549077,3393195,79,844065,7102100
5143,2022-10-30,가을,팬츠_팬츠(일반)_ZA,68.69380385020047,11009450,253,3820497,35167000
5144,2022-10-30,겨울,니트 셔츠_라운드_ZB,129.1207373367312,19651771,432,3304596,40776800
5145,2022-10-30,겨울,니트 셔츠_오픈형티(맨투맨 등)_ZB,60.320768574207506,3998000,42,903000,10075800
5146,2022-10-30,겨울,니트 셔츠_후드티_ZB,55.31509009009009,8928045,200,3192831,19980000
5147,2022-10-30,겨울,사파리_패딩사파리_ZA,53.76293823038397,2769600,10,527200,5990000
5148,2022-10-30,겨울,사파리_패딩사파리_ZB,67.26970706187498,47746634,282,10253423,131498000
5149,2022-10-30,겨울,수트_블레이져(수트)_ZA,27.49555775145995,57794340,210,13213506,81380000
5150,2022-10-30,겨울,수트_블레이져(수트)_ZB,23.794172185642882,132661352,671,33062545,173789000
5151,2022-10-30,겨울,수트_블레이져(수트)_ZC,23.32455647329065,31377125,158,7788427,40922000
5152,2022-10-30,겨울,수트_수트팬츠_ZA,27.498360086433088,34094446,226,7498849,47714000
5153,2022-10-30,겨울,수트_수트팬츠_ZB,23.552727181933324,72437570,687,17151666,95493000
5154,2022-10-30,겨울,수트_수트팬츠_ZC,23.780105461085675,18646435,176,4402632,24464000
5155,2022-10-30,겨울,스웨터_T-에리_ZA,168.09910600026132,18786700,203,3024305,32459700
5156,2022-10-30,겨울,스웨터_T-에리_ZB,60.67128012082141,19192140,407,5252970,48799300
5157,2022-10-30,겨울,스웨터_Turtle_ZA,50.872312436652216,4556200,58,851092,9274200
5158,2022-10-30,겨울,스웨터_Turtle_ZB,56.000668874226875,10656550,202,2643554,24219800
5159,2022-10-30,겨울,스웨터_라운드_ZA,44.801832740735094,7768650,105,1316903,14829500
5160,2022-10-30,겨울,스웨터_라운드_ZB,48.939759477787646,90541295,1775,21277178,177322500
5161,2022-10-30,겨울,스웨터_오픈형(CARDIGAN)_ZA,46.5706218782757,16183720,154,2409602,30784600
5162,2022-10-30,겨울,우븐 셔츠_캐쥬얼셔츠_ZA,57.78202971914314,21106334,380,5337132,49072000
5163,2022-10-30,겨울,자켓_싱글재킷_ZA,48.663433275069835,112777526,691,27177041,219909000
5164,2022-10-30,겨울,점퍼_점퍼_ZB,64.7779012345679,9700166,60,2788927,27540000
5165,2022-10-30,겨울,점퍼_패딩점퍼_ZB,54.725839192132696,44286850,292,8065469,95708000
5166,2022-10-30,겨울,코트_더블코트_ZA,52.89084982908021,17777580,63,5124347,37737000
5167,2022-10-30,겨울,코트_싱글코트_ZA,48.72041116757615,55227350,186,15889620,116814000
5168,2022-10-30,겨울,코트_싱글코트_ZB,56.96025209977711,76723970,351,21833040,147149000
5169,2022-10-30,겨울,팬츠_니트팬츠_ZB,52.612732897664074,7972150,189,1932560,16991100
5170,2022-10-30,겨울,팬츠_팬츠(일반)_ZA,83.78318370206141,43966491,618,9518029,85902000
5171,2022-10-30,겨울,팬츠_팬츠(일반)_ZB,37.33122358020938,63059152,1074,12194350,107292600
5172,2022-10-30,봄,가죽&FUR_가죽점퍼_ZA,62.27142613107526,19731600,52,9589300,51948000
5173,2022-10-30,봄,니트 셔츠_라운드_ZB,79.92484038748364,21104935,1504,14118715,105129600
5174,2022-10-30,봄,니트 셔츠_오픈형티(맨투맨 등)_ZA,66.90554743837488,4212990,98,1178933,12730200
5175,2022-10-30,봄,니트 셔츠_후드티_ZB,74.17341540877496,5131200,221,2629014,19867900
5176,2022-10-30,봄,수트_블레이져(수트)_ZB,26.27077106993425,2103700,12,495438,2868000
5177,2022-10-30,봄,수트_블레이져(수트)_ZC,22.0,1649100,9,385180,2151000
5178,2022-10-30,봄,수트_수트팬츠_ZB,34.63465403387884,1822700,20,420267,2580000
5179,2022-10-30,봄,수트_수트팬츠_ZC,34.087855297157624,936200,10,211251,1290000
5180,2022-10-30,봄,스웨터_T-에리_ZB,70.96484239341382,7106500,245,2694684,24475500
5181,2022-10-30,봄,스웨터_VEST_ZA,72.02202202202203,447200,16,134979,1598400
5182,2022-10-30,봄,스웨터_라운드_ZB,68.32135304530905,27452200,907,10180047,85299300
5183,2022-10-30,봄,스웨터_오픈형(CARDIGAN)_ZA,67.15024178756045,837000,13,188353,2598700
5184,2022-10-30,봄,스웨터_오픈형(CARDIGAN)_ZB,68.19004010373617,5603000,109,1694360,17429100
5185,2022-10-30,봄,우븐 셔츠_캐쥬얼셔츠_ZA,66.83421636553004,732400,17,235520,2208300
5186,2022-10-30,봄,우븐 셔츠_캐쥬얼셔츠_ZB,61.79903885579435,3521950,132,1029360,9226800
5187,2022-10-30,봄,점퍼_패딩점퍼_ZB,83.71091202416504,9491000,234,5504112,58266000
5188,2022-10-30,봄,코트_싱글코트_ZB,71.5498552724597,20747950,249,6938411,71841000
5189,2022-10-30,봄,팬츠_니트팬츠_ZA,65.03652707212218,1162990,37,331618,3326300
5190,2022-10-30,봄,팬츠_니트팬츠_ZB,68.40282035561006,3092100,140,1180807,9786000
5191,2022-10-30,사계절,니트 셔츠_라운드_ZB,69.68684560765792,26787747,1993,13342656,90890700
5192,2022-10-30,사계절,데님_데님팬츠_ZB,50.305942301312676,15687587,306,4169848,30569400
5193,2022-10-30,사계절,수트_블레이져(수트)_ZB,33.980792472001234,47746911,302,12143207,72178000
5194,2022-10-30,사계절,수트_블레이져(수트)_ZC,33.07457543686931,13595900,85,3406006,20315000
5195,2022-10-30,사계절,수트_수트팬츠_ZB,36.545621786802634,30662489,361,7180677,46569000
5196,2022-10-30,사계절,수트_수트팬츠_ZC,31.24984380423464,5942076,67,1368188,8643000
5197,2022-10-30,사계절,우븐 셔츠_드레스셔츠_ZB,62.955736041991955,26839054,863,5650950,60323700
5198,2022-10-30,사계절,자켓_싱글재킷_ZB,45.211529521152954,2357000,18,527321,4302000
5199,2022-10-30,사계절,팬츠_니트팬츠_ZB,69.03801575913035,2159280,113,762755,7648700
5200,2022-10-30,사계절,팬츠_팬츠(일반)_ZB,52.855251425737364,49540226,1017,12717567,101598300
5201,2022-10-30,여름,니트 셔츠_라운드_ZB,63.306682066848566,4379626,247,1228983,13345300
5202,2022-10-30,여름,니트 셔츠_티에리_ZB,-inf,136445,0,0,0
5203,2022-10-30,여름,수트_블레이져(수트)_ZA,33.76175548589342,3149500,15,765486,4785000
5204,2022-10-30,여름,수트_블레이져(수트)_ZB,28.26585309158531,2113444,12,534657,2868000
5205,2022-10-30,여름,수트_블레이져(수트)_ZC,0.0,-239000,-1,-46866,-239000
5206,2022-10-30,여름,수트_수트팬츠_ZA,41.14776536312849,130873,2,49602,358000
5207,2022-10-30,여름,수트_수트팬츠_ZB,20.773385012919896,715045,6,151132,774000
5208,2022-10-30,여름,수트_수트팬츠_ZC,16.666666666666668,1095000,9,216623,1311000
5209,2022-10-30,여름,스웨터_T-에리_ZA,0.0,0,0,0,0
5210,2022-10-30,여름,스웨터_T-에리_ZB,52.55200222469411,572315,12,100917,1078800
5211,2022-10-30,여름,스웨터_라운드_ZA,70.97097097097097,29000,1,11095,99900
5212,2022-10-30,여름,스웨터_라운드_ZB,34.12402669632925,355335,6,63301,539400
5213,2022-10-30,여름,우븐 셔츠_드레스셔츠_ZB,61.55555163782822,25536456,1210,7834840,84579000
5214,2022-10-30,여름,우븐 셔츠_캐쥬얼셔츠_ZA,100.0,0,-2,-17485,-199800
5215,2022-10-30,여름,우븐 셔츠_캐쥬얼셔츠_ZB,-inf,322335,-9,-84993,-809100
5216,2022-10-30,여름,자켓_싱글재킷_ZA,76.93050193050193,478000,2,83547,518000
5217,2022-10-30,여름,자켓_싱글재킷_ZB,11.94560669456067,210450,1,23500,239000
5218,2022-10-30,여름,점퍼_점퍼_ZB,-inf,1940600,-5,-22583,-1245000
5219,2022-10-30,여름,팬츠_니트팬츠_ZB,57.818311874105866,324335,11,74271,768900
5220,2022-10-30,여름,팬츠_반바지_ZA,79.25978902199178,-116000,-7,-77234,-559300
5221,2022-10-30,여름,팬츠_반바지_ZB,6.116745709171023,412074,11,26784,878900
5222,2022-10-30,여름,팬츠_팬츠(일반)_ZA,-inf,236000,2,35009,278000
5223,2022-10-30,여름,팬츠_팬츠(일반)_ZB,67.25878656434213,925835,13,148847,1298700
5224,2022-11-06,가을,니트 셔츠_라운드_ZB,54.38506629941558,5166986,126,1625127,11327400
5225,2022-11-06,가을,수트_블레이져(수트)_ZB,24.33058275710151,62117480,317,15219716,82103000
5226,2022-11-06,가을,수트_수트팬츠_ZB,25.3057335308224,35979189,348,8453951,48372000
5227,2022-11-06,가을,스웨터_오픈형(CARDIGAN)_ZB,48.2028700917623,6937345,67,1607166,13393300
5228,2022-11-06,가을,우븐 셔츠_캐쥬얼셔츠_ZB,57.69052692983722,14696820,387,3126997,34791300
5229,2022-11-06,가을,점퍼_점퍼_ZA,55.48211068211068,6572176,57,1821959,14763000
5230,2022-11-06,가을,팬츠_니트팬츠_ZB,55.03277873760443,1900000,47,502165,4225300
5231,2022-11-06,가을,팬츠_팬츠(일반)_ZA,66.91595580678315,12876310,280,4225006,38920000
5232,2022-11-06,겨울,니트 셔츠_라운드_ZB,62.10293561812943,56572601,1674,17128381,152352600
5233,2022-11-06,겨울,니트 셔츠_오픈형티(맨투맨 등)_ZB,62.78854928292194,3303000,37,791997,8876300
5234,2022-11-06,겨울,니트 셔츠_후드티_ZB,58.05978637813844,11186839,267,4285112,26673300
5235,2022-11-06,겨울,사파리_패딩사파리_ZA,49.70405220822583,6628000,22,1160390,13178000
5236,2022-11-06,겨울,사파리_패딩사파리_ZB,61.96196391673186,116596614,660,25274535,311640000
5237,2022-11-06,겨울,수트_블레이져(수트)_ZA,29.935996034834982,62876156,235,14796225,90825000
5238,2022-11-06,겨울,수트_블레이져(수트)_ZB,25.699442960590417,153091308,796,39344541,206164000
5239,2022-11-06,겨울,수트_블레이져(수트)_ZC,24.06246464845191,30878480,157,7739133,40663000
5240,2022-11-06,겨울,수트_수트팬츠_ZA,29.626439407508805,38446511,263,8690902,55217000
5241,2022-11-06,겨울,수트_수트팬츠_ZB,25.983938872017205,81657160,794,19897595,110366000
5242,2022-11-06,겨울,수트_수트팬츠_ZC,24.632038871520585,20009440,191,4777857,26549000
5243,2022-11-06,겨울,스웨터_T-에리_ZA,57.2316458551539,14214150,211,3190416,33738900
5244,2022-11-06,겨울,스웨터_T-에리_ZB,60.50447093889717,28886635,610,8436048,73139000
5245,2022-11-06,겨울,스웨터_Turtle_ZA,49.8079156615742,5618000,70,1027180,11193000
5246,2022-11-06,겨울,스웨터_Turtle_ZB,47.931276668611346,72082000,1138,17521087,136446200
5247,2022-11-06,겨울,스웨터_라운드_ZA,45.508975682054164,11079730,149,1966148,21305100
5248,2022-11-06,겨울,스웨터_라운드_ZB,69.994715202636,39357542,1313,18338710,131168700
5249,2022-11-06,겨울,스웨터_오픈형(CARDIGAN)_ZA,49.948702598412005,17864095,178,2821652,35582200
5250,2022-11-06,겨울,우븐 셔츠_캐쥬얼셔츠_ZA,55.22136540700792,30608210,472,7250015,67252800
5251,2022-11-06,겨울,자켓_싱글재킷_ZA,48.75503563011018,131348302,796,31404907,254804000
5252,2022-11-06,겨울,점퍼_점퍼_ZB,56.973177054807024,35351268,179,8320298,82161000
5253,2022-11-06,겨울,점퍼_패딩점퍼_ZB,58.61633262186217,131374065,941,26657296,315359000
5254,2022-11-06,겨울,코트_더블코트_ZA,50.893336967508205,43239890,147,11956809,88053000
5255,2022-11-06,겨울,코트_싱글코트_ZA,45.99121195815142,131703210,422,34568348,258778000
5256,2022-11-06,겨울,코트_싱글코트_ZB,53.790570937876424,285305176,1519,98266670,624081000
5257,2022-11-06,겨울,팬츠_니트팬츠_ZB,56.31310972401768,11452400,286,3045076,25711400
5258,2022-11-06,겨울,팬츠_팬츠(일반)_ZA,57.94772088833376,60105493,864,12754077,120096000
5259,2022-11-06,겨울,팬츠_팬츠(일반)_ZB,58.33825424098244,98645132,2041,26273587,203895900
5260,2022-11-06,봄,가죽&FUR_가죽점퍼_ZA,50.58247136024914,9385500,19,3577300,18981000
5261,2022-11-06,봄,니트 셔츠_라운드_ZB,65.02640965687335,23737590,971,9122546,67872900
5262,2022-11-06,봄,니트 셔츠_오픈형티(맨투맨 등)_ZA,58.22577599604921,2876030,53,637589,6884700
5263,2022-11-06,봄,니트 셔츠_후드티_ZB,75.11158671378888,8838000,395,4702239,35510500
5264,2022-11-06,봄,수트_블레이져(수트)_ZB,33.43096234309623,3014900,19,784247,4541000
5265,2022-11-06,봄,수트_블레이져(수트)_ZC,33.26359832635983,838500,6,254938,1434000
5266,2022-11-06,봄,수트_수트팬츠_ZB,33.2213608957795,1279000,14,292983,1806000
5267,2022-11-06,봄,수트_수트팬츠_ZC,34.30439276485788,405284,5,105769,645000
5268,2022-11-06,봄,스웨터_T-에리_ZB,63.962012151427196,12924700,359,3948597,35864100
5269,2022-11-06,봄,스웨터_VEST_ZA,62.96296296296296,185000,5,42181,499500
5270,2022-11-06,봄,스웨터_라운드_ZB,71.11395815507218,32993780,1208,13786485,114709200
5271,2022-11-06,봄,스웨터_오픈형(CARDIGAN)_ZA,70.73536768384193,1236000,24,355234,4797600
5272,2022-11-06,봄,스웨터_오픈형(CARDIGAN)_ZB,63.29204927715523,4602545,79,1244549,12632100
5273,2022-11-06,봄,우븐 셔츠_캐쥬얼셔츠_ZA,55.737197111331064,1207445,21,290937,2727900
5274,2022-11-06,봄,우븐 셔츠_캐쥬얼셔츠_ZB,65.27551623984027,3671305,153,1192735,10694700
5275,2022-11-06,봄,점퍼_패딩점퍼_ZB,69.63553137280304,7031500,93,2187532,23157000
5276,2022-11-06,봄,코트_싱글코트_ZB,135.94467155941172,7574550,114,3069353,31186000
5277,2022-11-06,봄,팬츠_니트팬츠_ZA,51.26271989453302,1183000,27,241991,2427300
5278,2022-11-06,봄,팬츠_니트팬츠_ZB,67.20394213956446,4126400,180,1517362,12582000
5279,2022-11-06,사계절,니트 셔츠_라운드_ZB,70.87818623886217,33301573,2507,16685817,115969300
5280,2022-11-06,사계절,데님_데님팬츠_ZB,50.89793853275597,18806415,379,5181458,37862100
5281,2022-11-06,사계절,수트_블레이져(수트)_ZB,34.62613196336136,44533165,284,11302938,67876000
5282,2022-11-06,사계절,수트_블레이져(수트)_ZC,32.503322667979326,8227170,51,2043585,12189000
5283,2022-11-06,사계절,수트_수트팬츠_ZB,33.02246980597689,27853984,323,6411372,41667000
5284,2022-11-06,사계절,수트_수트팬츠_ZC,31.25344091124822,4345470,49,1002108,6321000
5285,2022-11-06,사계절,우븐 셔츠_드레스셔츠_ZB,62.21942972904892,25238429,794,5133494,55500600
5286,2022-11-06,사계절,자켓_싱글재킷_ZB,49.26945606694561,5213578,43,1259712,10277000
5287,2022-11-06,사계절,팬츠_니트팬츠_ZB,69.33903799143692,3001952,160,1133906,11104000
5288,2022-11-06,사계절,팬츠_팬츠(일반)_ZB,61.045520780854716,67669225,1700,20568324,169830000
5289,2022-11-06,여름,니트 셔츠_라운드_ZB,83.02407430843702,-3084498,-297,-967792,-13180300
5290,2022-11-06,여름,니트 셔츠_티에리_ZB,74.18242491657396,92840,4,39216,359600
5291,2022-11-06,여름,수트_블레이져(수트)_ZA,30.0,223300,1,50052,319000
5292,2022-11-06,여름,수트_블레이져(수트)_ZB,30.426778242677823,1244800,8,357797,1912000
5293,2022-11-06,여름,수트_블레이져(수트)_ZC,53.988011699741605,840000,7,345426,1913000
5294,2022-11-06,여름,수트_수트팬츠_ZA,51.92504655493482,1460700,16,409494,2864000
5295,2022-11-06,여름,수트_수트팬츠_ZB,44.84237726098191,491080,7,152950,903000
5296,2022-11-06,여름,수트_수트팬츠_ZC,46.32041343669251,854650,13,301092,1727000
5297,2022-11-06,여름,스웨터_T-에리_ZA,60.96096096096096,78000,2,16187,199800
5298,2022-11-06,여름,스웨터_T-에리_ZB,76.18497296737978,367470,87,683905,7821300
5299,2022-11-06,여름,스웨터_라운드_ZA,-inf,15945,0,0,0
5300,2022-11-06,여름,스웨터_라운드_ZB,23.85984427141268,136900,2,22122,179800
5301,2022-11-06,여름,우븐 셔츠_드레스셔츠_ZB,67.29450861303424,59816712,4093,26617324,286100700
5302,2022-11-06,여름,우븐 셔츠_캐쥬얼셔츠_ZA,60.96096096096096,663000,17,147706,1698300
5303,2022-11-06,여름,우븐 셔츠_캐쥬얼셔츠_ZB,65.3996106785317,1022120,21,170662,1887900
5304,2022-11-06,여름,자켓_싱글재킷_ZA,55.0,-466200,-3,-95383,-777000
5305,2022-11-06,여름,자켓_싱글재킷_ZB,-inf,20000,0,265,0
5306,2022-11-06,여름,점퍼_점퍼_ZB,-inf,403000,4,80281,996000
5307,2022-11-06,여름,팬츠_니트팬츠_ZB,0.0,0,0,0,0
5308,2022-11-06,여름,팬츠_반바지_ZA,0.0,0,0,0,0
5309,2022-11-06,여름,팬츠_반바지_ZB,93.11639549436796,221000,6,25857,479400
5310,2022-11-06,여름,팬츠_팬츠(일반)_ZA,inf,-480510,-6,-55566,-834000
5311,2022-11-06,여름,팬츠_팬츠(일반)_ZB,88.20238006525044,1513101,677,6056609,67632300
5312,2022-11-13,가을,니트 셔츠_라운드_ZB,57.7264498680451,7752800,204,2631158,18339600
5313,2022-11-13,가을,수트_블레이져(수트)_ZB,23.196266386295083,42169852,212,10162351,54908000
5314,2022-11-13,가을,수트_수트팬츠_ZB,23.06497250328136,26612670,249,6055284,34611000
5315,2022-11-13,가을,스웨터_오픈형(CARDIGAN)_ZB,40.757335189333794,5447600,46,1103346,9195400
5316,2022-11-13,가을,우븐 셔츠_캐쥬얼셔츠_ZB,61.516926391841366,11494556,341,2782587,30655900
5317,2022-11-13,가을,점퍼_점퍼_ZA,52.2990522990523,2718000,22,703212,5698000
5318,2022-11-13,가을,팬츠_니트팬츠_ZB,58.055363906450204,2978950,79,844065,7102100
5319,2022-11-13,가을,팬츠_팬츠(일반)_ZA,68.77191580069278,11719900,270,4073644,37530000
5320,2022-11-13,겨울,니트 셔츠_라운드_ZB,61.892172105006665,62491250,1774,18310056,161762600
5321,2022-11-13,겨울,니트 셔츠_오픈형티(맨투맨 등)_ZB,66.92229605472869,2698016,34,727072,8156600
5322,2022-11-13,겨울,니트 셔츠_후드티_ZB,54.68840872534804,17155920,379,6089414,37862100
5323,2022-11-13,겨울,사파리_패딩사파리_ZA,52.28714524207012,5144400,18,949481,10782000
5324,2022-11-13,겨울,사파리_패딩사파리_ZB,67.70073865325617,127197134,881,35304709,421499000
5325,2022-11-13,겨울,수트_블레이져(수트)_ZA,28.971240324875094,47739601,176,11063041,68254000
5326,2022-11-13,겨울,수트_블레이져(수트)_ZB,24.184811493789894,83548556,422,20943174,109298000
5327,2022-11-13,겨울,수트_블레이져(수트)_ZC,22.392682231608408,29949440,149,7344782,38591000
5328,2022-11-13,겨울,수트_수트팬츠_ZA,30.437522177605977,27743838,189,6265477,39811000
5329,2022-11-13,겨울,수트_수트팬츠_ZB,24.5097423413455,46988790,444,11188000,61716000
5330,2022-11-13,겨울,수트_수트팬츠_ZC,22.180263336500612,17198940,159,3977378,22101000
5331,2022-11-13,겨울,스웨터_T-에리_ZA,61.23802033429687,16256663,261,3934157,41733900
5332,2022-11-13,겨울,스웨터_T-에리_ZB,64.91349525540654,26966049,641,9575229,76855900
5333,2022-11-13,겨울,스웨터_Turtle_ZA,61.23239276203256,9360400,151,2215774,24144900
5334,2022-11-13,겨울,스웨터_Turtle_ZB,73.50782617328785,38546798,1199,18498110,143760100
5335,2022-11-13,겨울,스웨터_라운드_ZA,61.19286624390023,11163876,190,2817787,28001000
5336,2022-11-13,겨울,스웨터_라운드_ZB,61.25802985085218,87353186,2257,32063475,225474300
5337,2022-11-13,겨울,스웨터_오픈형(CARDIGAN)_ZA,41.36901352869093,16538030,140,2234683,27986000
5338,2022-11-13,겨울,우븐 셔츠_캐쥬얼셔츠_ZA,53.603240164419354,30768954,458,7234979,67604200
5339,2022-11-13,겨울,자켓_싱글재킷_ZA,44.25492884937102,113873820,626,25357717,203874000
5340,2022-11-13,겨울,점퍼_점퍼_ZB,52.6107382269147,11310869,52,2417070,23868000
5341,2022-11-13,겨울,점퍼_패딩점퍼_ZB,67.24174905341262,51408131,468,13397440,158132000
5342,2022-11-13,겨울,코트_더블코트_ZA,51.237450545429596,42644800,146,11875470,87454000
5343,2022-11-13,겨울,코트_싱글코트_ZA,45.08790188058896,125847900,411,33972036,253389000
5344,2022-11-13,겨울,코트_싱글코트_ZB,54.078920153015694,176463767,900,57894729,377700000
5345,2022-11-13,겨울,팬츠_니트팬츠_ZB,53.03522431084384,18818306,441,4740786,39645900
5346,2022-11-13,겨울,팬츠_팬츠(일반)_ZA,48.87655577930205,50478538,673,10876569,93547000
5347,2022-11-13,겨울,팬츠_팬츠(일반)_ZB,55.48607749462222,86696492,1929,25082217,192707100
5348,2022-11-13,봄,가죽&FUR_가죽점퍼_ZA,106.884662440218,4746000,14,2725700,13986000
5349,2022-11-13,봄,니트 셔츠_라운드_ZB,67.8811149032992,13156345,586,5490129,40961400
5350,2022-11-13,봄,니트 셔츠_오픈형티(맨투맨 등)_ZA,58.13060046189376,2175534,40,481198,5196000
5351,2022-11-13,봄,니트 셔츠_후드티_ZB,69.95137966916646,3349700,124,1429565,11147600
5352,2022-11-13,봄,수트_블레이져(수트)_ZB,22.75,3011400,16,661331,3824000
5353,2022-11-13,봄,수트_블레이져(수트)_ZC,23.333333333333332,740900,4,176032,956000
5354,2022-11-13,봄,수트_수트팬츠_ZB,21.11111111111111,1728600,17,353627,2193000
5355,2022-11-13,봄,수트_수트팬츠_ZC,21.666666666666664,399900,4,86576,516000
5356,2022-11-13,봄,스웨터_T-에리_ZB,65.50576550576551,2653400,77,846796,7692300
5357,2022-11-13,봄,스웨터_VEST_ZA,65.97847847847848,271900,8,67489,799200
5358,2022-11-13,봄,스웨터_라운드_ZB,68.68438457608082,14621035,497,5699597,47260300
5359,2022-11-13,봄,스웨터_오픈형(CARDIGAN)_ZA,60.93501296102597,1086000,14,202064,2798600
5360,2022-11-13,봄,스웨터_오픈형(CARDIGAN)_ZB,65.69340212632895,3045700,55,862331,8794500
5361,2022-11-13,봄,우븐 셔츠_캐쥬얼셔츠_ZA,64.94006378532937,637600,14,193957,1818600
5362,2022-11-13,봄,우븐 셔츠_캐쥬얼셔츠_ZB,58.59613111898986,2456100,84,654559,5871600
5363,2022-11-13,봄,점퍼_패딩점퍼_ZB,72.71190023250898,2582000,38,893830,9462000
5364,2022-11-13,봄,코트_싱글코트_ZB,70.77825158565139,6813300,81,2341547,23049000
5365,2022-11-13,봄,팬츠_니트팬츠_ZA,60.52924301855863,674200,19,170290,1708100
5366,2022-11-13,봄,팬츠_니트팬츠_ZB,62.8755364806867,1868400,72,609361,5032800
5367,2022-11-13,사계절,니트 셔츠_라운드_ZB,70.59061300889796,10166204,757,5067836,33634300
5368,2022-11-13,사계절,데님_데님팬츠_ZB,49.80418206681304,14871795,290,3933894,28971000
5369,2022-11-13,사계절,수트_블레이져(수트)_ZB,30.813772123761037,32222255,195,7795542,46605000
5370,2022-11-13,사계절,수트_블레이져(수트)_ZC,31.12209965766451,9054000,55,2203979,13145000
5371,2022-11-13,사계절,수트_수트팬츠_ZB,31.045942004019526,19394244,218,4355249,28122000
5372,2022-11-13,사계절,수트_수트팬츠_ZC,31.842576028622542,5715000,65,1327727,8385000
5373,2022-11-13,사계절,우븐 셔츠_드레스셔츠_ZB,62.03191150007488,27270181,806,5130307,56339400
5374,2022-11-13,사계절,자켓_싱글재킷_ZB,44.10922704250165,2538000,19,556617,4541000
5375,2022-11-13,사계절,팬츠_니트팬츠_ZB,67.4808514906819,1095200,56,395397,3884400
5376,2022-11-13,사계절,팬츠_팬츠(일반)_ZB,52.24726095416709,37738699,766,9651284,76523400
5377,2022-11-13,여름,니트 셔츠_라운드_ZB,61.862704638864976,706345,48,131002,2095200
5378,2022-11-13,여름,니트 셔츠_티에리_ZB,67.74193548387096,-145000,-5,-49020,-449500
5379,2022-11-13,여름,수트_블레이져(수트)_ZA,37.0,200970,1,51443,319000
5380,2022-11-13,여름,수트_블레이져(수트)_ZB,74.66666666666667,936880,-5,-213470,-1195000
5381,2022-11-13,여름,수트_블레이져(수트)_ZC,25.0,414500,2,105176,558000
5382,2022-11-13,여름,수트_수트팬츠_ZA,35.58659217877095,230600,2,51901,358000
5383,2022-11-13,여름,수트_수트팬츠_ZB,20.0,206400,2,40196,258000
5384,2022-11-13,여름,수트_수트팬츠_ZC,28.5,215970,2,49200,308000
5385,2022-11-13,여름,스웨터_T-에리_ZA,0.0,0,0,0,0
5386,2022-11-13,여름,스웨터_T-에리_ZB,72.5,49445,0,3781,0
5387,2022-11-13,여름,스웨터_라운드_ZA,60.96096096096096,-39000,-1,-11492,-99900
5388,2022-11-13,여름,스웨터_라운드_ZB,56.61846496106785,-195000,-5,-52754,-449500
5389,2022-11-13,여름,우븐 셔츠_드레스셔츠_ZB,66.96323808126382,10111455,587,3820854,41031300
5390,2022-11-13,여름,우븐 셔츠_캐쥬얼셔츠_ZA,41.44144144144144,117000,2,16019,199800
5391,2022-11-13,여름,우븐 셔츠_캐쥬얼셔츠_ZB,66.51209677419355,240845,8,60375,719200
5392,2022-11-13,여름,자켓_싱글재킷_ZA,62.66202426916713,-2751500,-26,-753861,-6734000
5393,2022-11-13,여름,자켓_싱글재킷_ZB,66.94560669456067,-790000,-10,-235004,-2390000
5394,2022-11-13,여름,점퍼_점퍼_ZB,75.05301204819277,431950,6,147180,1494000
5395,2022-11-13,여름,팬츠_니트팬츠_ZB,0.0,0,0,0,0
5396,2022-11-13,여름,팬츠_반바지_ZA,0.0,0,0,0,0
5397,2022-11-13,여름,팬츠_반바지_ZB,63.70463078848561,435000,15,73609,1198500
5398,2022-11-13,여름,팬츠_팬츠(일반)_ZA,60.1143409596647,-2827000,-42,-510139,-5798900
5399,2022-11-13,여름,팬츠_팬츠(일반)_ZB,82.43243243243244,105300,2,15421,199800
5400,2022-11-20,가을,니트 셔츠_라운드_ZB,68.7080294977959,7595500,270,3482416,24273000
5401,2022-11-20,가을,수트_블레이져(수트)_ZB,24.34198095073095,36329678,185,8827537,47915000
5402,2022-11-20,가을,수트_수트팬츠_ZB,24.79358882581595,20120560,192,4640306,26688000
5403,2022-11-20,가을,스웨터_오픈형(CARDIGAN)_ZB,45.949165058719835,4538000,42,1007158,8395800
5404,2022-11-20,가을,우븐 셔츠_캐쥬얼셔츠_ZB,67.3409751082047,10981605,376,3017156,33802400
5405,2022-11-20,가을,점퍼_점퍼_ZA,64.04724051782875,1583000,17,543391,4403000
5406,2022-11-20,가을,팬츠_니트팬츠_ZB,64.6331878187504,3370245,106,1132543,9529400
5407,2022-11-20,가을,팬츠_팬츠(일반)_ZA,71.30737762730992,10170100,255,3846027,35445000
5408,2022-11-20,겨울,니트 셔츠_라운드_ZB,71.05129899884837,52460225,1920,19002198,175828000
5409,2022-11-20,겨울,니트 셔츠_오픈형티(맨투맨 등)_ZB,68.69458319497531,4431000,59,1261640,14154100
5410,2022-11-20,겨울,니트 셔츠_후드티_ZB,61.14498059703539,14167900,365,5870532,36463500
5411,2022-11-20,겨울,사파리_패딩사파리_ZA,59.21202003338898,7329600,30,1582468,17970000
5412,2022-11-20,겨울,사파리_패딩사파리_ZB,70.24316439269212,146720147,1114,44005659,531286000
5413,2022-11-20,겨울,수트_블레이져(수트)_ZA,37.17184930675833,64949670,286,18017630,110984000
5414,2022-11-20,겨울,수트_블레이져(수트)_ZB,23.166940427701963,79695953,399,19859065,103341000
5415,2022-11-20,겨울,수트_블레이져(수트)_ZC,22.971742918645575,22543860,113,5570204,29267000
5416,2022-11-20,겨울,수트_수트팬츠_ZA,36.34615688429962,40126778,326,10832590,68524000
5417,2022-11-20,겨울,수트_수트팬츠_ZB,23.1395316766836,41731258,392,9923538,54488000
5418,2022-11-20,겨울,수트_수트팬츠_ZC,22.83232873160931,11906200,111,2776660,15429000
5419,2022-11-20,겨울,스웨터_T-에리_ZA,63.76071375391933,19584028,338,5101781,54046200
5420,2022-11-20,겨울,스웨터_T-에리_ZB,68.70476098714433,31181606,831,12412427,99636900
5421,2022-11-20,겨울,스웨터_Turtle_ZA,64.02740502051451,12827000,223,3272302,35657700
5422,2022-11-20,겨울,스웨터_Turtle_ZB,146.1432063992166,14730969,605,9389793,72539500
5423,2022-11-20,겨울,스웨터_라운드_ZA,61.6670336444638,22394100,390,6322531,58921000
5424,2022-11-20,겨울,스웨터_라운드_ZB,61.51907293914245,88494511,2302,32695250,229969800
5425,2022-11-20,겨울,스웨터_오픈형(CARDIGAN)_ZA,50.79118132524631,19531000,199,3103051,39780100
5426,2022-11-20,겨울,우븐 셔츠_캐쥬얼셔츠_ZA,59.575858525954374,26618326,499,7863782,73880100
5427,2022-11-20,겨울,자켓_싱글재킷_ZA,48.36777371714054,120624575,721,29256015,237979000
5428,2022-11-20,겨울,점퍼_점퍼_ZB,61.847449433422284,29595315,169,7855477,77571000
5429,2022-11-20,겨울,점퍼_패딩점퍼_ZB,68.64328927023004,75299805,684,20485060,240216000
5430,2022-11-20,겨울,코트_더블코트_ZA,54.90188237881499,45113000,167,13583586,100033000
5431,2022-11-20,겨울,코트_싱글코트_ZA,52.6818360012041,184486100,653,52488622,396547000
5432,2022-11-20,겨울,코트_싱글코트_ZB,55.969610407948096,229045284,1164,74353695,499136000
5433,2022-11-20,겨울,팬츠_니트팬츠_ZB,62.667531743471756,16552600,500,5264636,44950000
5434,2022-11-20,겨울,팬츠_팬츠(일반)_ZA,51.18346643919854,53681850,736,10762428,102304000
5435,2022-11-20,겨울,팬츠_팬츠(일반)_ZB,57.32166800657062,109323659,2539,33145546,253646100
5436,2022-11-20,봄,가죽&FUR_가죽점퍼_ZA,64.89556222889557,3690400,10,1858600,9990000
5437,2022-11-20,봄,니트 셔츠_라운드_ZB,93.04515767867139,2236260,460,4325307,32154000
5438,2022-11-20,봄,니트 셔츠_오픈형티(맨투맨 등)_ZA,69.54632637883117,2334000,59,709738,7664100
5439,2022-11-20,봄,니트 셔츠_후드티_ZB,73.122321273242,5098400,211,2511655,18968900
5440,2022-11-20,봄,수트_블레이져(수트)_ZB,25.0,717000,4,164842,956000
5441,2022-11-20,봄,수트_블레이져(수트)_ZC,25.0,740900,4,179427,956000
5442,2022-11-20,봄,수트_수트팬츠_ZB,-inf,386450,3,59959,387000
5443,2022-11-20,봄,수트_수트팬츠_ZC,32.58397932816538,831400,9,193672,1161000
5444,2022-11-20,봄,스웨터_T-에리_ZB,76.9615025653673,4764200,207,2276792,20679300
5445,2022-11-20,봄,스웨터_VEST_ZA,64.98498498498499,174900,5,42181,499500
5446,2022-11-20,봄,스웨터_라운드_ZB,72.98027994930237,14726509,576,6540310,54532400
5447,2022-11-20,봄,스웨터_오픈형(CARDIGAN)_ZA,67.80056695014173,1059000,17,250335,3398300
5448,2022-11-20,봄,스웨터_오픈형(CARDIGAN)_ZB,68.91134610646806,2617000,53,825524,8474700
5449,2022-11-20,봄,우븐 셔츠_캐쥬얼셔츠_ZA,67.85219399538106,417600,10,138541,1299000
5450,2022-11-20,봄,우븐 셔츠_캐쥬얼셔츠_ZB,60.43698790479907,2241000,85,662827,5941500
5451,2022-11-20,봄,점퍼_패딩점퍼_ZB,76.40744797371303,4523400,77,1811182,19173000
5452,2022-11-20,봄,코트_싱글코트_ZB,71.70950691677388,5388000,66,1850248,19234000
5453,2022-11-20,봄,팬츠_니트팬츠_ZA,67.6148101064675,815200,28,250954,2517200
5454,2022-11-20,봄,팬츠_니트팬츠_ZB,65.6094513497947,3702005,154,1293499,10764600
5455,2022-11-20,사계절,니트 셔츠_라운드_ZB,74.20881759305284,15686766,1348,9010450,57685200
5456,2022-11-20,사계절,데님_데님팬츠_ZB,51.67692388095316,17273881,372,5048770,37162800
5457,2022-11-20,사계절,수트_블레이져(수트)_ZB,31.02409117816067,31859664,195,7767411,46605000
5458,2022-11-20,사계절,수트_블레이져(수트)_ZC,31.65256658842739,6697365,41,1643157,9799000
5459,2022-11-20,사계절,수트_수트팬츠_ZB,31.209189946823248,19979150,225,4471932,29025000
5460,2022-11-20,사계절,수트_수트팬츠_ZC,31.187398593834505,3817035,43,878022,5547000
5461,2022-11-20,사계절,우븐 셔츠_드레스셔츠_ZB,63.160605741852706,15210234,497,3232668,34740300
5462,2022-11-20,사계절,자켓_싱글재킷_ZB,43.68693083928132,2288000,17,498026,4063000
5463,2022-11-20,사계절,팬츠_니트팬츠_ZB,75.4584782182549,1800400,119,824731,8168100
5464,2022-11-20,사계절,팬츠_팬츠(일반)_ZB,54.883136621771534,42154528,925,11756459,92407500
5465,2022-11-20,여름,니트 셔츠_라운드_ZB,63.304252648400784,300890,13,3585,548700
5466,2022-11-20,여름,니트 셔츠_티에리_ZB,67.74193548387096,-406000,-14,-137256,-1258600
5467,2022-11-20,여름,수트_블레이져(수트)_ZA,-73.25,1317470,3,151536,957000
5468,2022-11-20,여름,수트_블레이져(수트)_ZB,20.0,764800,4,177879,956000
5469,2022-11-20,여름,수트_블레이져(수트)_ZC,20.0,191200,1,46866,239000
5470,2022-11-20,여름,수트_수트팬츠_ZA,100.0,0,-2,-51901,-358000
5471,2022-11-20,여름,수트_수트팬츠_ZB,25.333333333333332,381840,4,90042,516000
5472,2022-11-20,여름,수트_수트팬츠_ZC,45.0,196900,2,53109,358000
5473,2022-11-20,여름,스웨터_T-에리_ZA,60.96096096096096,39000,1,8094,99900
5474,2022-11-20,여름,스웨터_T-에리_ZB,65.7304412309974,812600,36,215837,3236400
5475,2022-11-20,여름,스웨터_라운드_ZA,60.96096096096096,-273000,-7,-80843,-699300
5476,2022-11-20,여름,스웨터_라운드_ZB,56.61846496106785,-195000,-5,-52734,-449500
5477,2022-11-20,여름,우븐 셔츠_드레스셔츠_ZB,59.61811390161894,18726393,947,6126030,66195300
5478,2022-11-20,여름,우븐 셔츠_캐쥬얼셔츠_ZA,60.96096096096096,858000,22,209644,2197800
5479,2022-11-20,여름,우븐 셔츠_캐쥬얼셔츠_ZB,-inf,728045,37,292756,3326300
5480,2022-11-20,여름,자켓_싱글재킷_ZA,91.66666666666667,-906500,-12,-352355,-3108000
5481,2022-11-20,여름,자켓_싱글재킷_ZB,50.48640167364017,473350,4,90851,956000
5482,2022-11-20,여름,점퍼_점퍼_ZB,80.31666666666668,3245050,69,1586099,17181000
5483,2022-11-20,여름,팬츠_니트팬츠_ZB,45.0,38445,1,6752,69900
5484,2022-11-20,여름,팬츠_반바지_ZA,63.70463078848561,174000,6,66200,479400
5485,2022-11-20,여름,팬츠_반바지_ZB,94.61827284105131,-129000,-12,-63672,-958800
5486,2022-11-20,여름,팬츠_팬츠(일반)_ZA,58.07370516363322,-3512900,-54,-1016238,-7857900
5487,2022-11-20,여름,팬츠_팬츠(일반)_ZB,75.81867581867581,390700,0,494,0
5488,2022-11-27,가을,니트 셔츠_라운드_ZB,73.54309666567188,3900700,164,2115245,14743600
5489,2022-11-27,가을,수트_블레이져(수트)_ZB,19.004126269751268,28970220,138,6685857,35742000
5490,2022-11-27,가을,수트_수트팬츠_ZB,18.40272121012867,18150000,160,3951689,22240000
5491,2022-11-27,가을,스웨터_오픈형(CARDIGAN)_ZB,43.69105088258415,6303449,56,1343546,11194400
5492,2022-11-27,가을,우븐 셔츠_캐쥬얼셔츠_ZB,63.51297386264561,7674600,234,1875583,21036600
5493,2022-11-27,가을,점퍼_점퍼_ZA,58.50905850905851,1397000,13,415534,3367000
5494,2022-11-27,가을,팬츠_니트팬츠_ZB,64.10934630209276,2774850,86,918856,7731400
5495,2022-11-27,가을,팬츠_팬츠(일반)_ZA,69.8830323496305,6153800,147,2217029,20433000
5496,2022-11-27,겨울,니트 셔츠_라운드_ZB,76.01885817204173,55294642,2444,23745696,224275600
5497,2022-11-27,겨울,니트 셔츠_오픈형티(맨투맨 등)_ZB,70.52157148812005,4526000,64,1369118,15353600
5498,2022-11-27,겨울,니트 셔츠_후드티_ZB,64.22557709224375,11793754,330,5299011,32967000
5499,2022-11-27,겨울,사파리_패딩사파리_ZA,67.54467322080009,5249000,27,1424221,16173000
5500,2022-11-27,겨울,사파리_패딩사파리_ZB,71.86198183198367,147760313,1226,48297855,583514000
5501,2022-11-27,겨울,수트_블레이져(수트)_ZA,39.93167636266358,55439637,254,15996274,98616000
5502,2022-11-27,겨울,수트_블레이져(수트)_ZB,22.95755158735244,67861912,341,16946516,88319000
5503,2022-11-27,겨울,수트_블레이져(수트)_ZC,23.678127106698536,12453440,63,3105512,16317000
5504,2022-11-27,겨울,수트_수트팬츠_ZA,39.96601252456368,32781073,276,9195457,58124000
5505,2022-11-27,겨울,수트_수트팬츠_ZB,23.322671841147496,38854722,364,9174308,50596000
5506,2022-11-27,겨울,수트_수트팬츠_ZC,25.287964223216022,7684880,74,1851107,10286000
5507,2022-11-27,겨울,스웨터_T-에리_ZA,64.33311122981107,16453200,290,4363067,46371000
5508,2022-11-27,겨울,스웨터_T-에리_ZB,68.18372669428825,18921265,496,7406255,59470400
5509,2022-11-27,겨울,스웨터_Turtle_ZA,65.70301539813735,16232900,296,4343504,47330400
5510,2022-11-27,겨울,스웨터_Turtle_ZB,67.99032876089393,29949298,780,12062313,93522000
5511,2022-11-27,겨울,스웨터_라운드_ZA,65.10045286644612,24754600,469,6573406,68093100
5512,2022-11-27,겨울,스웨터_라운드_ZB,61.506401639734975,64604576,1680,23865440,167832000
5513,2022-11-27,겨울,스웨터_오픈형(CARDIGAN)_ZA,61.2488651733274,17121050,234,3594609,46776600
5514,2022-11-27,겨울,우븐 셔츠_캐쥬얼셔츠_ZA,62.482824453155644,19156750,371,6006249,55542900
5515,2022-11-27,겨울,자켓_싱글재킷_ZA,47.34829375106388,95125763,559,22405986,181041000
5516,2022-11-27,겨울,점퍼_점퍼_ZB,63.228215562954745,17890944,106,4927104,48654000
5517,2022-11-27,겨울,점퍼_패딩점퍼_ZB,69.94816685915846,64921045,618,18414535,216082000
5518,2022-11-27,겨울,코트_더블코트_ZA,59.00477868758336,46411100,189,15373040,113211000
5519,2022-11-27,겨울,코트_싱글코트_ZA,54.260172030484206,163055200,649,52518292,395351000
5520,2022-11-27,겨울,코트_싱글코트_ZB,58.934014528150065,211149449,1179,76204609,498721000
5521,2022-11-27,겨울,팬츠_니트팬츠_ZB,66.8725891686379,19400849,653,6770885,58704700
5522,2022-11-27,겨울,팬츠_팬츠(일반)_ZA,51.51907981417507,48898165,670,10037473,93130000
5523,2022-11-27,겨울,팬츠_팬츠(일반)_ZB,523.2929733369733,61335579,1374,17777383,137262600
5524,2022-11-27,봄,가죽&FUR_가죽점퍼_ZA,65.1368034701368,2584400,7,1343800,6993000
5525,2022-11-27,봄,니트 셔츠_라운드_ZB,64.99968899670337,7877800,322,3017252,22507800
5526,2022-11-27,봄,니트 셔츠_오픈형티(맨투맨 등)_ZA,57.824700318926645,767000,14,168422,1818600
5527,2022-11-27,봄,니트 셔츠_후드티_ZB,67.5914414709154,990600,34,409535,3056600
5528,2022-11-27,봄,수트_블레이져(수트)_ZB,20.0,764800,4,172705,956000
5529,2022-11-27,봄,수트_블레이져(수트)_ZC,20.0,764800,4,174788,956000
5530,2022-11-27,봄,수트_수트팬츠_ZB,24.166666666666664,967500,10,212625,1290000
5531,2022-11-27,봄,수트_수트팬츠_ZC,35.16795865633075,354100,4,85848,516000
5532,2022-11-27,봄,스웨터_T-에리_ZB,2.7861194527861195,582700,6,65981,599400
5533,2022-11-27,봄,스웨터_VEST_ZA,60.96096096096096,78000,2,16872,199800
5534,2022-11-27,봄,스웨터_라운드_ZB,65.19585211704995,6561900,201,2294813,19089900
5535,2022-11-27,봄,스웨터_오픈형(CARDIGAN)_ZA,58.4792396198099,577000,7,101924,1399300
5536,2022-11-27,봄,스웨터_오픈형(CARDIGAN)_ZB,65.41588492808006,1349000,24,377458,3837600
5537,2022-11-27,봄,우븐 셔츠_캐쥬얼셔츠_ZA,71.99310825176876,764000,21,290937,2727900
5538,2022-11-27,봄,우븐 셔츠_캐쥬얼셔츠_ZB,56.75908894793015,1438800,48,374589,3355200
5539,2022-11-27,봄,점퍼_패딩점퍼_ZB,69.78078982597054,1805900,24,564524,5976000
5540,2022-11-27,봄,코트_싱글코트_ZB,69.47676493946682,1641000,19,569977,5371000
5541,2022-11-27,봄,팬츠_니트팬츠_ZA,60.70236771015414,741900,21,188215,1887900
5542,2022-11-27,봄,팬츠_니트팬츠_ZB,61.1516452074392,1086200,40,337421,2796000
5543,2022-11-27,사계절,니트 셔츠_라운드_ZB,75.67104937308254,8481327,624,4173687,28807600
5544,2022-11-27,사계절,데님_데님팬츠_ZB,47.82494233283257,13422350,269,3659247,26873100
5545,2022-11-27,사계절,수트_블레이져(수트)_ZB,32.02907675243524,24811598,154,6139379,36806000
5546,2022-11-27,사계절,수트_블레이져(수트)_ZC,33.70302928870293,7922488,50,2003858,11950000
5547,2022-11-27,사계절,수트_수트팬츠_ZB,30.488919927679618,16219544,184,3657097,23736000
5548,2022-11-27,사계절,수트_수트팬츠_ZC,35.36500553709856,2918270,35,718108,4515000
5549,2022-11-27,사계절,우븐 셔츠_드레스셔츠_ZB,62.05051301549422,17287439,516,3310757,36068400
5550,2022-11-27,사계절,자켓_싱글재킷_ZB,38.23221757322176,1181000,8,234365,1912000
5551,2022-11-27,사계절,팬츠_니트팬츠_ZB,74.41792150925399,670400,38,251405,2526200
5552,2022-11-27,사계절,팬츠_팬츠(일반)_ZB,49.492124992990014,29477299,589,7582202,58841100
5553,2022-11-27,여름,니트 셔츠_라운드_ZB,-inf,943000,79,348110,3942100
5554,2022-11-27,여름,니트 셔츠_티에리_ZB,82.05112787982644,1791100,111,1088244,9978900
5555,2022-11-27,여름,수트_블레이져(수트)_ZA,30.0,446600,2,100104,638000
5556,2022-11-27,여름,수트_블레이져(수트)_ZB,28.0,172080,1,44861,239000
5557,2022-11-27,여름,수트_블레이져(수트)_ZC,32.5,373050,2,99368,558000
5558,2022-11-27,여름,수트_수트팬츠_ZA,0.0,0,0,-563,0
5559,2022-11-27,여름,수트_수트팬츠_ZB,20.0,206400,2,42653,258000
5560,2022-11-27,여름,수트_수트팬츠_ZC,0.0,0,0,0,0
5561,2022-11-27,여름,스웨터_T-에리_ZA,100.0,0,-1,-8094,-99900
5562,2022-11-27,여름,스웨터_T-에리_ZB,88.86725991842789,360300,16,187453,1438400
5563,2022-11-27,여름,스웨터_라운드_ZA,0.0,0,0,0,0
5564,2022-11-27,여름,스웨터_라운드_ZB,56.61846496106785,39000,1,11104,89900
5565,2022-11-27,여름,우븐 셔츠_드레스셔츠_ZB,41.274160871769794,15288393,633,4106835,44246700
5566,2022-11-27,여름,우븐 셔츠_캐쥬얼셔츠_ZA,60.96096096096096,117000,3,26331,299700
5567,2022-11-27,여름,우븐 셔츠_캐쥬얼셔츠_ZB,127.47497219132369,74100,-4,-26331,-359600
5568,2022-11-27,여름,자켓_싱글재킷_ZA,56.82915057915058,399500,3,79609,777000
5569,2022-11-27,여름,자켓_싱글재킷_ZB,83.47280334728033,-79000,-2,-47266,-478000
5570,2022-11-27,여름,점퍼_점퍼_ZB,76.97456492637215,1553000,27,595475,6723000
5571,2022-11-27,여름,팬츠_니트팬츠_ZB,-inf,19000,0,0,0
5572,2022-11-27,여름,팬츠_반바지_ZA,0.0,0,0,0,0
5573,2022-11-27,여름,팬츠_반바지_ZB,63.70463078848561,116000,4,17570,319600
5574,2022-11-27,여름,팬츠_팬츠(일반)_ZA,56.115107913669064,-642000,-7,-1068,-973000
5575,2022-11-27,여름,팬츠_팬츠(일반)_ZB,67.36228502232917,4599100,154,1466478,15384600
5576,2022-12-04,가을,니트 셔츠_라운드_ZB,74.58072010665909,6444245,282,3637190,25351800
5577,2022-12-04,가을,수트_블레이져(수트)_ZB,21.899799204280818,23906560,118,5670650,30562000
5578,2022-12-04,가을,수트_수트팬츠_ZB,22.669498813992284,13926501,129,3167233,17931000
5579,2022-12-04,가을,스웨터_오픈형(CARDIGAN)_ZB,52.11430715357679,4211834,44,1055543,8795600
5580,2022-12-04,가을,우븐 셔츠_캐쥬얼셔츠_ZB,67.09086646390318,10947879,386,3146796,34701400
5581,2022-12-04,가을,점퍼_점퍼_ZA,60.82123552123552,1217676,12,383570,3108000
5582,2022-12-04,가을,팬츠_니트팬츠_ZB,66.88495824781839,2113700,71,758590,6382900
5583,2022-12-04,가을,팬츠_팬츠(일반)_ZA,71.18860770207364,10212198,255,3845645,35445000
5584,2022-12-04,겨울,니트 셔츠_라운드_ZB,77.54260001560795,96358439,4575,44844534,419732500
5585,2022-12-04,겨울,니트 셔츠_오픈형티(맨투맨 등)_ZB,70.77485989532676,6310000,90,1925669,21591000
5586,2022-12-04,겨울,니트 셔츠_후드티_ZB,71.52899327899328,12742256,448,7226098,44755200
5587,2022-12-04,겨울,사파리_패딩사파리_ZA,68.27054800071316,19576120,103,5433143,61697000
5588,2022-12-04,겨울,사파리_패딩사파리_ZB,72.53890357727059,425617347,3348,142962207,1634712000
5589,2022-12-04,겨울,수트_블레이져(수트)_ZA,39.797884374837686,71271740,335,20980396,129245000
5590,2022-12-04,겨울,수트_블레이져(수트)_ZB,22.134776477387316,66073821,328,16373392,84952000
5591,2022-12-04,겨울,수트_블레이져(수트)_ZC,21.96745725317154,14147300,70,3450569,18130000
5592,2022-12-04,겨울,수트_수트팬츠_ZA,40.23932214976111,40426990,356,11718888,74164000
5593,2022-12-04,겨울,수트_수트팬츠_ZB,22.917547658418318,37153071,345,8733448,47955000
5594,2022-12-04,겨울,수트_수트팬츠_ZC,23.241099428149788,8322200,78,1951167,10842000
5595,2022-12-04,겨울,스웨터_T-에리_ZA,64.74591488006122,16053480,283,4259945,45251700
5596,2022-12-04,겨울,스웨터_T-에리_ZB,69.1670376943192,24584200,665,9937019,79733500
5597,2022-12-04,겨울,스웨터_Turtle_ZA,63.6135592125152,15767300,271,4836385,43332900
5598,2022-12-04,겨울,스웨터_Turtle_ZB,68.52094491216948,70114000,1858,28698696,222774200
5599,2022-12-04,겨울,스웨터_라운드_ZA,61.628844068827334,5049000,57,806497,6894300
5600,2022-12-04,겨울,스웨터_라운드_ZB,62.00259253285681,89052776,2346,33331270,234365400
5601,2022-12-04,겨울,스웨터_오픈형(CARDIGAN)_ZA,61.65833451599569,14206512,180,3412690,35982000
5602,2022-12-04,겨울,우븐 셔츠_캐쥬얼셔츠_ZA,64.04421989687457,20716302,424,6606306,61307600
5603,2022-12-04,겨울,자켓_싱글재킷_ZA,47.67734135182371,66562694,387,15778050,128613000
5604,2022-12-04,겨울,점퍼_점퍼_ZB,66.07529992737835,11678578,75,3486158,34425000
5605,2022-12-04,겨울,점퍼_패딩점퍼_ZB,70.08589125923834,244650260,2471,69237462,811429000
5606,2022-12-04,겨울,코트_더블코트_ZA,59.39230759275796,62755940,258,20985420,154542000
5607,2022-12-04,겨울,코트_싱글코트_ZA,54.109578065821516,233099100,882,75622432,555318000
5608,2022-12-04,겨울,코트_싱글코트_ZB,59.44619711156014,270966392,1517,95809931,657383000
5609,2022-12-04,겨울,팬츠_니트팬츠_ZB,69.63768417671447,35103400,1308,13647510,117589200
5610,2022-12-04,겨울,팬츠_팬츠(일반)_ZA,52.225695626994785,46940046,665,9358840,92435000
5611,2022-12-04,겨울,팬츠_팬츠(일반)_ZB,58.847562763998965,157260548,3831,49790367,382716900
5612,2022-12-04,봄,가죽&FUR_가죽점퍼_ZA,58.51678518345185,7762000,20,3680900,19980000
5613,2022-12-04,봄,니트 셔츠_라운드_ZB,47.4338426323319,-4592968,-125,-1173506,-8737500
5614,2022-12-04,봄,니트 셔츠_오픈형티(맨투맨 등)_ZA,56.53411277906081,903395,16,192482,2078400
5615,2022-12-04,봄,니트 셔츠_후드티_ZB,80.36676863181313,2118033,120,1427544,10788000
5616,2022-12-04,봄,수트_블레이져(수트)_ZB,18.333333333333332,1195000,6,255097,1434000
5617,2022-12-04,봄,수트_블레이져(수트)_ZC,20.0,956000,5,220578,1195000
5618,2022-12-04,봄,수트_수트팬츠_ZB,25.241325212255447,1226500,13,276296,1677000
5619,2022-12-04,봄,수트_수트팬츠_ZC,20.0,206400,2,43952,258000
5620,2022-12-04,봄,스웨터_T-에리_ZB,75.28778778778779,2765000,112,1231857,11188800
5621,2022-12-04,봄,스웨터_VEST_ZA,73.27327327327328,213600,8,67489,799200
5622,2022-12-04,봄,스웨터_라운드_ZB,76.46284241236175,17899400,802,9037092,75609800
5623,2022-12-04,봄,스웨터_오픈형(CARDIGAN)_ZA,55.362681340670335,474920,6,88213,1199400
5624,2022-12-04,봄,스웨터_오픈형(CARDIGAN)_ZB,66.051431717473,1208800,22,341838,3517800
5625,2022-12-04,봄,우븐 셔츠_캐쥬얼셔츠_ZA,71.55504234026174,295600,8,110833,1039200
5626,2022-12-04,봄,우븐 셔츠_캐쥬얼셔츠_ZB,68.23663886853461,2551125,116,904568,8108400
5627,2022-12-04,봄,점퍼_패딩점퍼_ZB,69.27911646586345,1529900,20,470437,4980000
5628,2022-12-04,봄,코트_싱글코트_ZB,72.88688952467255,3807000,47,1362341,14183000
5629,2022-12-04,봄,팬츠_니트팬츠_ZA,67.41564701520208,439400,15,134440,1348500
5630,2022-12-04,봄,팬츠_니트팬츠_ZB,71.31799925819955,2706577,135,1136819,9436500
5631,2022-12-04,사계절,니트 셔츠_라운드_ZB,71.24570609670262,17440098,1448,9653205,64055200
5632,2022-12-04,사계절,데님_데님팬츠_ZB,58.127733612229726,14390700,320,4379459,31968000
5633,2022-12-04,사계절,수트_블레이져(수트)_ZB,30.650015654797485,21155770,128,5066118,30592000
5634,2022-12-04,사계절,수트_블레이져(수트)_ZC,31.589958158995817,5559000,34,1362421,8126000
5635,2022-12-04,사계절,수트_수트팬츠_ZB,30.70002731035062,14497610,163,3197212,21027000
5636,2022-12-04,사계절,수트_수트팬츠_ZC,31.266149870801033,4256000,48,979561,6192000
5637,2022-12-04,사계절,우븐 셔츠_드레스셔츠_ZB,61.721015835106016,46540474,2059,16304619,143924100
5638,2022-12-04,사계절,자켓_싱글재킷_ZB,46.84290604792697,2795000,22,644504,5258000
5639,2022-12-04,사계절,팬츠_니트팬츠_ZB,76.88208919280977,1955200,122,869212,8487800
5640,2022-12-04,사계절,팬츠_팬츠(일반)_ZB,59.657620317984566,33650351,811,9883184,81018900
5641,2022-12-04,여름,니트 셔츠_라운드_ZB,61.9824816953681,2891688,140,878863,7586000
5642,2022-12-04,여름,니트 셔츠_티에리_ZB,76.0752688172043,258100,12,117648,1078800
5643,2022-12-04,여름,수트_블레이져(수트)_ZA,30.0,2233000,10,508538,3190000
5644,2022-12-04,여름,수트_블레이져(수트)_ZB,22.933333333333334,1854640,10,425238,2390000
5645,2022-12-04,여름,수트_블레이져(수트)_ZC,30.0,223300,1,54767,319000
5646,2022-12-04,여름,수트_수트팬츠_ZA,36.73438293550025,2491400,22,556433,3938000
5647,2022-12-04,여름,수트_수트팬츠_ZB,20.533333333333335,1124880,11,217104,1419000
5648,2022-12-04,여름,수트_수트팬츠_ZC,25.0,810800,7,180537,1103000
5649,2022-12-04,여름,스웨터_T-에리_ZA,61.448948948948946,308100,8,50672,799200
5650,2022-12-04,여름,스웨터_T-에리_ZB,-52.02076381164257,410000,3,17803,269700
5651,2022-12-04,여름,스웨터_라운드_ZA,61.611611611611615,230100,6,68160,599400
5652,2022-12-04,여름,스웨터_라운드_ZB,57.34149054505006,690300,18,190430,1618200
5653,2022-12-04,여름,우븐 셔츠_드레스셔츠_ZB,69.55093703971082,37947872,2748,17788128,192085200
5654,2022-12-04,여름,우븐 셔츠_캐쥬얼셔츠_ZA,68.21509009009009,908100,28,245188,2797200
5655,2022-12-04,여름,우븐 셔츠_캐쥬얼셔츠_ZB,66.02392107953844,979600,33,305850,2966700
5656,2022-12-04,여름,자켓_싱글재킷_ZA,52.27480158730159,3099550,29,826539,7511000
5657,2022-12-04,여름,자켓_싱글재킷_ZB,71.59460715946072,611000,9,210449,2151000
5658,2022-12-04,여름,점퍼_점퍼_ZB,77.75323516287371,336300,6,126213,1494000
5659,2022-12-04,여름,팬츠_니트팬츠_ZB,74.93774174746993,946000,54,364602,3774600
5660,2022-12-04,여름,팬츠_반바지_ZA,63.70463078848561,493000,17,187567,1358300
5661,2022-12-04,여름,팬츠_반바지_ZB,63.70463078848561,899000,31,210909,2476900
5662,2022-12-04,여름,팬츠_팬츠(일반)_ZA,59.77499853399134,-249000,3,73740,260600
5663,2022-12-04,여름,팬츠_팬츠(일반)_ZB,62.27439344106011,3870346,99,1149310,9890100
5664,2022-12-11,가을,니트 셔츠_라운드_ZB,74.31243415670556,4364600,189,2437691,16991100
5665,2022-12-11,가을,수트_블레이져(수트)_ZB,18.942706677265498,18284516,88,4210347,22792000
5666,2022-12-11,가을,수트_수트팬츠_ZB,17.567592592592593,10627900,93,2288767,12927000
5667,2022-12-11,가을,스웨터_오픈형(CARDIGAN)_ZB,45.95797898949475,3240900,30,719737,5997000
5668,2022-12-11,가을,우븐 셔츠_캐쥬얼셔츠_ZB,65.21160512939464,8205190,269,2182455,24183100
5669,2022-12-11,가을,점퍼_점퍼_ZA,54.144901203724736,2019000,17,543391,4403000
5670,2022-12-11,가을,팬츠_니트팬츠_ZB,66.53170189098999,2256600,75,801328,6742500
5671,2022-12-11,가을,팬츠_팬츠(일반)_ZA,71.95546194623249,5925250,152,2291881,21128000
5672,2022-12-11,겨울,니트 셔츠_라운드_ZB,76.33470882345598,71091119,3105,30667567,288039500
5673,2022-12-11,겨울,니트 셔츠_오픈형티(맨투맨 등)_ZB,71.74109902114387,3932000,58,1241070,13914200
5674,2022-12-11,겨울,니트 셔츠_후드티_ZB,68.33545611050724,15468478,489,7878404,48851100
5675,2022-12-11,겨울,사파리_패딩사파리_ZA,71.01915354419528,25692100,148,7806846,88652000
5676,2022-12-11,겨울,사파리_패딩사파리_ZB,72.67366570346942,332450421,2623,116203236,1295937000
5677,2022-12-11,겨울,수트_블레이져(수트)_ZA,42.697159827511044,56409070,265,16615778,102345000
5678,2022-12-11,겨울,수트_블레이져(수트)_ZB,22.974779896269382,43608703,220,10983107,56980000
5679,2022-12-11,겨울,수트_블레이져(수트)_ZC,23.232089232089233,8947300,45,2218223,11655000
5680,2022-12-11,겨울,수트_수트팬츠_ZA,42.19701241740716,35552190,307,10158987,64233000
5681,2022-12-11,겨울,수트_수트팬츠_ZB,22.756535973567185,26192200,245,6229774,34055000
5682,2022-12-11,겨울,수트_수트팬츠_ZC,23.621207381920552,4883660,46,1150688,6394000
5683,2022-12-11,겨울,스웨터_T-에리_ZA,65.9956243578576,15066645,276,4168114,44132400
5684,2022-12-11,겨울,스웨터_T-에리_ZB,68.96814116093093,23775400,639,9534709,76616100
5685,2022-12-11,겨울,스웨터_Turtle_ZA,66.57047828587646,26619995,498,9082014,79630200
5686,2022-12-11,겨울,스웨터_Turtle_ZB,68.78372881475352,64508412,1724,26638577,206707600
5687,2022-12-11,겨울,스웨터_라운드_ZA,65.57206530587796,32367217,633,10145875,92096700
5688,2022-12-11,겨울,스웨터_라운드_ZB,61.77186526943056,86270999,2259,32070743,225674100
5689,2022-12-11,겨울,스웨터_오픈형(CARDIGAN)_ZA,62.51529066420002,19107435,253,4594049,50574700
5690,2022-12-11,겨울,우븐 셔츠_캐쥬얼셔츠_ZA,63.507391633394064,19967133,418,6712734,62378200
5691,2022-12-11,겨울,자켓_싱글재킷_ZA,47.566629524249365,55732986,330,13421124,109370000
5692,2022-12-11,겨울,점퍼_점퍼_ZB,64.51012081600317,8959420,55,2556516,25245000
5693,2022-12-11,겨울,점퍼_패딩점퍼_ZB,67.88957516742559,49241750,477,19789822,212123000
5694,2022-12-11,겨울,코트_더블코트_ZA,59.75699162687166,62192350,258,20985420,154542000
5695,2022-12-11,겨울,코트_싱글코트_ZA,59.51352736635389,195252100,800,65360452,490600000
5696,2022-12-11,겨울,코트_싱글코트_ZB,61.94240215822645,268211480,1586,101253509,677714000
5697,2022-12-11,겨울,팬츠_니트팬츠_ZB,69.95825893569179,35679990,1330,13540888,119567000
5698,2022-12-11,겨울,팬츠_팬츠(일반)_ZA,54.62924812938746,45567270,684,9655952,95076000
5699,2022-12-11,겨울,팬츠_팬츠(일반)_ZB,58.43293928403793,148464782,3556,46232036,355244400
5700,2022-12-11,봄,가죽&FUR_가죽점퍼_ZA,44.17639862084307,4793800,9,1686600,8991000
5701,2022-12-11,봄,니트 셔츠_라운드_ZB,75.75385987403155,-2610000,-154,-1453224,-10764600
5702,2022-12-11,봄,니트 셔츠_오픈형티(맨투맨 등)_ZA,57.067222925823835,1728860,31,372930,4026900
5703,2022-12-11,봄,니트 셔츠_후드티_ZB,71.25823564644477,2687240,104,1273753,9349600
5704,2022-12-11,봄,수트_블레이져(수트)_ZB,17.77777777777778,2724600,14,584605,3346000
5705,2022-12-11,봄,수트_블레이져(수트)_ZC,6.666666666666667,1338400,6,262973,1434000
5706,2022-12-11,봄,수트_수트팬츠_ZB,16.875,1973700,18,383948,2322000
5707,2022-12-11,봄,수트_수트팬츠_ZC,20.0,1135200,11,234398,1419000
5708,2022-12-11,봄,스웨터_T-에리_ZB,40.902013124235346,1062700,18,198036,1798200
5709,2022-12-11,봄,스웨터_VEST_ZA,60.96096096096096,234000,6,50617,599400
5710,2022-12-11,봄,스웨터_라운드_ZB,59.871016445760496,9235640,242,2757291,23035800
5711,2022-12-11,봄,스웨터_오픈형(CARDIGAN)_ZA,72.15274303818575,334000,6,87619,1199400
5712,2022-12-11,봄,스웨터_오픈형(CARDIGAN)_ZB,55.617399763741226,1011920,15,233234,2398500
5713,2022-12-11,봄,우븐 셔츠_캐쥬얼셔츠_ZA,64.16012317167052,465560,10,138541,1299000
5714,2022-12-11,봄,우븐 셔츠_캐쥬얼셔츠_ZB,48.33009741808025,1266500,34,264706,2376600
5715,2022-12-11,봄,점퍼_패딩점퍼_ZB,60.433734939759034,492600,5,117609,1245000
5716,2022-12-11,봄,코트_싱글코트_ZB,52.21743119867856,10115200,122,3423404,32058000
5717,2022-12-11,봄,팬츠_니트팬츠_ZA,57.39710789766407,383000,10,89626,899000
5718,2022-12-11,봄,팬츠_니트팬츠_ZB,64.78659990462566,1772220,72,608455,5032800
5719,2022-12-11,사계절,니트 셔츠_라운드_ZB,64.60744490852919,3616902,176,1171349,9932400
5720,2022-12-11,사계절,데님_데님팬츠_ZB,47.878139808083056,13399206,265,3635457,26473500
5721,2022-12-11,사계절,수트_블레이져(수트)_ZB,33.260430364614464,18274042,114,4524829,27246000
5722,2022-12-11,사계절,수트_블레이져(수트)_ZC,33.451159108899695,5884914,37,1483088,8843000
5723,2022-12-11,사계절,수트_수트팬츠_ZB,32.26475694444445,14320050,167,3276894,21543000
5724,2022-12-11,사계절,수트_수트팬츠_ZC,31.477428180574556,3005400,34,696333,4386000
5725,2022-12-11,사계절,우븐 셔츠_드레스셔츠_ZB,60.56951031288891,-12761710,-832,-8479007,-58156800
5726,2022-12-11,사계절,자켓_싱글재킷_ZB,52.440725244072524,1364000,12,351547,2868000
5727,2022-12-11,사계절,팬츠_니트팬츠_ZB,67.94197099699474,1399663,72,500959,4942800
5728,2022-12-11,사계절,팬츠_팬츠(일반)_ZB,51.671902750118846,20426512,423,5391386,42257700
5729,2022-12-11,여름,니트 셔츠_라운드_ZB,-inf,1801100,91,666832,5540900
5730,2022-12-11,여름,니트 셔츠_티에리_ZB,76.72627705998117,544000,26,254904,2337400
5731,2022-12-11,여름,수트_블레이져(수트)_ZA,30.0,4912600,22,1116586,7018000
5732,2022-12-11,여름,수트_블레이져(수트)_ZB,4.0476190476190474,4612700,22,913620,5258000
5733,2022-12-11,여름,수트_블레이져(수트)_ZC,44.166666666666664,1690100,4,217054,1276000
5734,2022-12-11,여름,수트_수트팬츠_ZA,30.0,3132500,25,631901,4475000
5735,2022-12-11,여름,수트_수트팬츠_ZB,5.136212624584717,2451300,22,419862,2838000
5736,2022-12-11,여름,수트_수트팬츠_ZC,17.34011627906977,1880150,15,358548,2135000
5737,2022-12-11,여름,스웨터_T-에리_ZA,69.34596934596934,552000,18,125279,1798200
5738,2022-12-11,여름,스웨터_T-에리_ZB,68.59758706254813,-38000,-2,-66200,-179800
5739,2022-12-11,여름,스웨터_라운드_ZA,60.96096096096096,39000,1,11095,99900
5740,2022-12-11,여름,스웨터_라운드_ZB,67.32995509413752,793000,27,292468,2427300
5741,2022-12-11,여름,우븐 셔츠_드레스셔츠_ZB,61.303153809375445,18476335,1401,9059558,97929900
5742,2022-12-11,여름,우븐 셔츠_캐쥬얼셔츠_ZA,90.47436325214103,66145,-4,-27814,-399600
5743,2022-12-11,여름,우븐 셔츠_캐쥬얼셔츠_ZB,56.89788976479501,719445,27,194634,2427300
5744,2022-12-11,여름,자켓_싱글재킷_ZA,-inf,1258000,4,97793,1036000
5745,2022-12-11,여름,자켓_싱글재킷_ZB,66.94560669456067,1896000,24,567570,5736000
5746,2022-12-11,여름,점퍼_점퍼_ZB,76.30522088353413,2537000,43,992148,10707000
5747,2022-12-11,여름,팬츠_니트팬츠_ZB,72.81831187410586,893000,47,317339,3285300
5748,2022-12-11,여름,팬츠_반바지_ZA,63.70463078848561,145000,5,55167,399500
5749,2022-12-11,여름,팬츠_반바지_ZB,67.72751653853031,500000,20,127812,1598000
5750,2022-12-11,여름,팬츠_팬츠(일반)_ZA,-inf,-263000,3,122612,-130400
5751,2022-12-11,여름,팬츠_팬츠(일반)_ZB,113.62195528862196,2718000,64,738128,6393600
5752,2022-12-18,가을,니트 셔츠_라운드_ZB,70.43796308516053,1568000,59,760972,5304100
5753,2022-12-18,가을,수트_블레이져(수트)_ZB,24.641204673137445,15476960,79,3841418,20461000
5754,2022-12-18,가을,수트_수트팬츠_ZB,19.042624233946178,8635680,77,1921696,10703000
5755,2022-12-18,가을,스웨터_오픈형(CARDIGAN)_ZB,54.87203060989955,3337800,37,887529,7396300
5756,2022-12-18,가을,우븐 셔츠_캐쥬얼셔츠_ZB,62.10999715225986,5294223,157,1268248,14114300
5757,2022-12-18,가을,점퍼_점퍼_ZA,64.42360728075013,645000,7,223749,1813000
5758,2022-12-18,가을,팬츠_니트팬츠_ZB,69.52507143012934,1397245,51,544903,4584900
5759,2022-12-18,가을,팬츠_팬츠(일반)_ZA,74.22661870503597,4585600,128,1932360,17792000
5760,2022-12-18,겨울,니트 셔츠_라운드_ZB,76.44800624257091,73942977,3359,31660248,310354100
5761,2022-12-18,겨울,니트 셔츠_오픈형티(맨투맨 등)_ZB,72.8479037982998,4299100,66,1411984,15833400
5762,2022-12-18,겨울,니트 셔츠_후드티_ZB,69.43886997233454,15509529,508,8184656,50749200
5763,2022-12-18,겨울,사파리_패딩사파리_ZA,75.19624906759493,13966000,94,4958398,56306000
5764,2022-12-18,겨울,사파리_패딩사파리_ZB,72.84365867365786,334639699,2614,117849102,1302226000
5765,2022-12-18,겨울,수트_블레이져(수트)_ZA,41.86013130149111,45246368,214,13432892,82846000
5766,2022-12-18,겨울,수트_블레이져(수트)_ZB,24.43304197541389,37393179,192,9662344,49728000
5767,2022-12-18,겨울,수트_블레이져(수트)_ZC,24.37980837980838,5288120,27,1330934,6993000
5768,2022-12-18,겨울,수트_수트팬츠_ZA,38.53891735963406,27556276,239,7937458,50091000
5769,2022-12-18,겨울,수트_수트팬츠_ZB,25.194700863411526,21336865,206,5270534,28634000
5770,2022-12-18,겨울,수트_수트팬츠_ZC,24.40549378678875,2311680,22,550329,3058000
5771,2022-12-18,겨울,스웨터_T-에리_ZA,63.91622268471529,9621200,167,2518491,26703300
5772,2022-12-18,겨울,스웨터_T-에리_ZB,70.73593816809655,17999944,513,7640434,61508700
5773,2022-12-18,겨울,스웨터_Turtle_ZA,64.24305305429074,19954200,349,6368390,55805100
5774,2022-12-18,겨울,스웨터_Turtle_ZB,68.81775619750582,51558496,1381,21333081,165581900
5775,2022-12-18,겨울,스웨터_라운드_ZA,62.859042165279476,22081500,397,6258476,57340300
5776,2022-12-18,겨울,스웨터_라운드_ZB,63.016476995727714,64102246,1735,24642253,173326500
5777,2022-12-18,겨울,스웨터_오픈형(CARDIGAN)_ZA,63.21092456797504,19309800,253,4578700,50574700
5778,2022-12-18,겨울,우븐 셔츠_캐쥬얼셔츠_ZA,63.91350432850892,13640100,288,4383853,40851200
5779,2022-12-18,겨울,자켓_싱글재킷_ZA,48.720807476860536,41906371,251,10114008,82449000
5780,2022-12-18,겨울,점퍼_점퍼_ZB,65.11283758786533,8487000,53,2463552,24327000
5781,2022-12-18,겨울,점퍼_패딩점퍼_ZB,74.2100425788724,70183805,738,25109611,280362000
5782,2022-12-18,겨울,코트_더블코트_ZA,59.377461714690426,56209000,231,18789271,138369000
5783,2022-12-18,겨울,코트_싱글코트_ZA,42.69356122045054,140590000,589,45814083,351611000
5784,2022-12-18,겨울,코트_싱글코트_ZB,62.17343532330977,224155248,1312,83378942,570888000
5785,2022-12-18,겨울,팬츠_니트팬츠_ZB,70.29183978325781,23029600,861,8879570,77403900
5786,2022-12-18,겨울,팬츠_팬츠(일반)_ZA,55.92830440849765,42704000,663,8989456,92157000
5787,2022-12-18,겨울,팬츠_팬츠(일반)_ZB,60.75486562008159,104750888,2625,34117508,262237500
5788,2022-12-18,봄,가죽&FUR_가죽점퍼_ZA,40.02002002002002,1198800,2,377900,1998000
5789,2022-12-18,봄,니트 셔츠_라운드_ZB,3.079124023330032,8807200,130,1219444,9087000
5790,2022-12-18,봄,니트 셔츠_오픈형티(맨투맨 등)_ZA,55.90014296711756,2005000,35,421038,4546500
5791,2022-12-18,봄,니트 셔츠_후드티_ZB,63.6754864238954,1992000,61,710171,5483900
5792,2022-12-18,봄,수트_블레이져(수트)_ZB,20.0,1338400,7,300314,1673000
5793,2022-12-18,봄,수트_블레이져(수트)_ZC,20.0,764800,4,172637,956000
5794,2022-12-18,봄,수트_수트팬츠_ZB,10.0,1548000,14,299292,1806000
5795,2022-12-18,봄,수트_수트팬츠_ZC,20.0,1135200,11,229559,1419000
5796,2022-12-18,봄,스웨터_T-에리_ZB,70.57968682968684,1645890,56,615943,5594400
5797,2022-12-18,봄,스웨터_VEST_ZA,60.96096096096096,663000,17,143415,1698300
5798,2022-12-18,봄,스웨터_라운드_ZB,72.95024539150148,6242070,240,2751131,22846000
5799,2022-12-18,봄,스웨터_오픈형(CARDIGAN)_ZA,60.48024012006003,1106000,14,204443,2798600
5800,2022-12-18,봄,스웨터_오픈형(CARDIGAN)_ZB,61.56451949134876,2006000,33,503831,5276700
5801,2022-12-18,봄,우븐 셔츠_캐쥬얼셔츠_ZA,53.34872979214781,484800,8,110833,1039200
5802,2022-12-18,봄,우븐 셔츠_캐쥬얼셔츠_ZB,44.20600858369099,663000,17,132141,1188300
5803,2022-12-18,봄,점퍼_패딩점퍼_ZB,68.27309236947791,1580000,20,470437,4980000
5804,2022-12-18,봄,코트_싱글코트_ZB,64.49556060235862,2611950,25,632006,7505000
5805,2022-12-18,봄,팬츠_니트팬츠_ZA,45.49499443826474,1862000,38,340580,3416200
5806,2022-12-18,봄,팬츠_니트팬츠_ZB,67.15841224424915,1446245,63,534913,4403700
5807,2022-12-18,사계절,니트 셔츠_라운드_ZB,69.37356848137564,5958197,456,3053394,20144400
5808,2022-12-18,사계절,데님_데님팬츠_ZB,50.60622033279985,9931311,201,2734428,20079900
5809,2022-12-18,사계절,수트_블레이져(수트)_ZB,30.341419206206698,9520000,57,2237538,13623000
5810,2022-12-18,사계절,수트_블레이져(수트)_ZC,29.076923076923077,2203580,13,521049,3107000
5811,2022-12-18,사계절,수트_수트팬츠_ZB,29.872962179938924,7251040,80,1561191,10320000
5812,2022-12-18,사계절,수트_수트팬츠_ZC,31.04909560723514,1334200,15,306161,1935000
5813,2022-12-18,사계절,우븐 셔츠_드레스셔츠_ZB,63.12728807282514,11009117,370,2338146,25863000
5814,2022-12-18,사계절,자켓_싱글재킷_ZB,41.42259414225941,560000,4,117182,956000
5815,2022-12-18,사계절,팬츠_니트팬츠_ZB,67.97734428924221,750300,36,251821,2476400
5816,2022-12-18,사계절,팬츠_팬츠(일반)_ZB,52.32994110763937,20570240,431,5449694,43056900
5817,2022-12-18,여름,니트 셔츠_라운드_ZB,62.410424317490346,887000,22,242810,1617800
5818,2022-12-18,여름,니트 셔츠_티에리_ZB,78.49462365591398,-58000,-3,-29412,-269700
5819,2022-12-18,여름,수트_블레이져(수트)_ZA,33.13479623824452,1056500,5,254324,1595000
5820,2022-12-18,여름,수트_블레이져(수트)_ZB,20.0,191200,1,34372,239000
5821,2022-12-18,여름,수트_블레이져(수트)_ZC,25.0,255400,1,61465,399000
5822,2022-12-18,여름,수트_수트팬츠_ZA,30.0,375900,3,75421,537000
5823,2022-12-18,여름,수트_수트팬츠_ZB,20.0,0,0,9368,0
5824,2022-12-18,여름,수트_수트팬츠_ZC,25.0,479100,4,102324,666000
5825,2022-12-18,여름,스웨터_T-에리_ZA,0.0,0,0,0,0
5826,2022-12-18,여름,스웨터_T-에리_ZB,56.61846496106785,117000,3,-22671,269700
5827,2022-12-18,여름,스웨터_라운드_ZA,60.96096096096096,39000,1,11095,99900
5828,2022-12-18,여름,스웨터_라운드_ZB,0.0,0,0,9,0
5829,2022-12-18,여름,우븐 셔츠_드레스셔츠_ZB,67.2721900852149,7880600,466,3005432,32573400
5830,2022-12-18,여름,우븐 셔츠_캐쥬얼셔츠_ZA,60.96096096096096,936000,24,212939,2397600
5831,2022-12-18,여름,우븐 셔츠_캐쥬얼셔츠_ZB,62.45798956654155,1342000,43,344677,3865700
5832,2022-12-18,여름,자켓_싱글재킷_ZA,50.0,518000,4,140825,1036000
5833,2022-12-18,여름,자켓_싱글재킷_ZB,0.0,0,0,0,0
5834,2022-12-18,여름,점퍼_점퍼_ZB,76.30522088353413,413000,7,159235,1743000
5835,2022-12-18,여름,팬츠_니트팬츠_ZB,72.81831187410586,57000,3,20256,209700
5836,2022-12-18,여름,팬츠_반바지_ZA,33.04130162703379,107000,2,22067,159800
5837,2022-12-18,여름,팬츠_반바지_ZB,69.75385899040467,29000,-2,-16048,-159800
5838,2022-12-18,여름,팬츠_팬츠(일반)_ZA,72.6143409596647,137000,2,17646,238900
5839,2022-12-18,여름,팬츠_팬츠(일반)_ZB,89.4452406952407,463945,5,36424,499500
5840,2022-12-25,가을,니트 셔츠_라운드_ZB,76.5503931243642,7399500,351,4527140,31554900
5841,2022-12-25,가을,수트_블레이져(수트)_ZB,19.886363636363637,5076400,24,1175732,6216000
5842,2022-12-25,가을,수트_수트팬츠_ZB,inf,3064950,29,743767,4031000
5843,2022-12-25,가을,스웨터_오픈형(CARDIGAN)_ZB,60.48605698197936,3396500,43,1031681,8595700
5844,2022-12-25,가을,우븐 셔츠_캐쥬얼셔츠_ZB,64.38403662372767,5253323,163,1297453,14653700
5845,2022-12-25,가을,점퍼_점퍼_ZA,59.45945945945946,945000,9,287678,2331000
5846,2022-12-25,가을,팬츠_니트팬츠_ZB,69.57360029662588,1641200,60,641062,5394000
5847,2022-12-25,가을,팬츠_팬츠(일반)_ZA,71.25440073473136,7511800,188,2835560,26132000
5848,2022-12-25,겨울,니트 셔츠_라운드_ZB,77.83285739594874,76309900,3549,36785021,329015100
5849,2022-12-25,겨울,니트 셔츠_오픈형티(맨투맨 등)_ZB,73.59746455202895,3990400,63,1348156,15113700
5850,2022-12-25,겨울,니트 셔츠_후드티_ZB,70.28077184327185,13300900,448,7228871,44755200
5851,2022-12-25,겨울,사파리_패딩사파리_ZA,73.5441015553976,16005554,101,5327646,60499000
5852,2022-12-25,겨울,사파리_패딩사파리_ZB,75.31226003146378,311818020,2388,116925588,1232712000
5853,2022-12-25,겨울,수트_블레이져(수트)_ZA,41.824399499829426,35169760,164,10279279,63426000
5854,2022-12-25,겨울,수트_블레이져(수트)_ZB,21.197795442501327,22656660,111,5633745,28749000
5855,2022-12-25,겨울,수트_블레이져(수트)_ZC,23.333333333333332,1191400,6,295763,1554000
5856,2022-12-25,겨울,수트_수트팬츠_ZA,41.57617066637816,22684260,195,6413207,40775000
5857,2022-12-25,겨울,수트_수트팬츠_ZB,20.959584713181833,12649110,115,2974693,15985000
5858,2022-12-25,겨울,수트_수트팬츠_ZC,22.5,861800,8,200120,1112000
5859,2022-12-25,겨울,스웨터_T-에리_ZA,65.16529984742701,13161200,238,3583622,38056200
5860,2022-12-25,겨울,스웨터_T-에리_ZB,70.53444118355254,16887360,478,7138451,57312200
5861,2022-12-25,겨울,스웨터_Turtle_ZA,65.61922630215314,19241200,350,6367517,55965000
5862,2022-12-25,겨울,스웨터_Turtle_ZB,69.5915766288982,52552686,1445,22313113,173255500
5863,2022-12-25,겨울,스웨터_라운드_ZA,62.14069992220239,18371200,325,5130983,46967500
5864,2022-12-25,겨울,스웨터_라운드_ZB,63.59109618092669,53649430,1475,20988072,147352500
5865,2022-12-25,겨울,스웨터_오픈형(CARDIGAN)_ZA,65.52347985092838,15839000,223,4095794,44577700
5866,2022-12-25,겨울,우븐 셔츠_캐쥬얼셔츠_ZA,63.925705472490165,14828800,312,4698844,43548800
5867,2022-12-25,겨울,자켓_싱글재킷_ZA,49.379217457523694,30877768,192,7673326,62808000
5868,2022-12-25,겨울,점퍼_점퍼_ZB,65.58166545630598,7109107,45,2091695,20655000
5869,2022-12-25,겨울,점퍼_패딩점퍼_ZB,75.41989631451824,30492000,314,13029051,139686000
5870,2022-12-25,겨울,코트_더블코트_ZA,61.677163360735506,48435850,211,17162494,126389000
5871,2022-12-25,겨울,코트_싱글코트_ZA,56.111779472772895,126922200,516,42993891,320484000
5872,2022-12-25,겨울,코트_싱글코트_ZB,63.09504433261074,224947418,1339,83458691,596261000
5873,2022-12-25,겨울,팬츠_니트팬츠_ZB,70.93291356954718,24666900,937,9636026,84236300
5874,2022-12-25,겨울,팬츠_팬츠(일반)_ZA,56.072501807820665,34249311,551,7301226,76589000
5875,2022-12-25,겨울,팬츠_팬츠(일반)_ZB,61.71888171484223,113584062,2966,38542295,296303400
5876,2022-12-25,봄,가죽&FUR_가죽점퍼_ZA,40.0,-1198800,-2,-342200,-1998000
5877,2022-12-25,봄,니트 셔츠_라운드_ZB,52.1757272293753,-8023000,-240,-2243789,-16776000
5878,2022-12-25,봄,니트 셔츠_오픈형티(맨투맨 등)_ZA,55.280285534327106,639000,11,132353,1428900
5879,2022-12-25,봄,니트 셔츠_후드티_ZB,58.39822024471635,3366000,90,1078211,8091000
5880,2022-12-25,봄,수트_블레이져(수트)_ZB,45.56485355648535,-53200,1,49459,239000
5881,2022-12-25,봄,수트_블레이져(수트)_ZC,0.0,0,0,0,0
5882,2022-12-25,봄,수트_수트팬츠_ZB,44.883720930232556,-1779600,-16,-334703,-2064000
5883,2022-12-25,봄,수트_수트팬츠_ZC,41.007751937984494,152200,2,43952,258000
5884,2022-12-25,봄,스웨터_T-에리_ZB,54.43591739888036,1229000,27,297055,2697300
5885,2022-12-25,봄,스웨터_VEST_ZA,72.77277277277277,136000,5,42181,499500
5886,2022-12-25,봄,스웨터_라운드_ZB,61.555131327100185,3877000,104,1218569,10029600
5887,2022-12-25,봄,스웨터_오픈형(CARDIGAN)_ZA,72.98649324662331,-100000,0,-1190,0
5888,2022-12-25,봄,스웨터_오픈형(CARDIGAN)_ZB,63.10193871169481,1062000,18,268216,2878200
5889,2022-12-25,봄,우븐 셔츠_캐쥬얼셔츠_ZA,67.6674364896074,252000,6,83125,779400
5890,2022-12-25,봄,우븐 셔츠_캐쥬얼셔츠_ZB,44.391254906276366,840900,22,171643,1537800
5891,2022-12-25,봄,점퍼_패딩점퍼_ZB,68.27309236947791,-316000,-4,-94087,-996000
5892,2022-12-25,봄,코트_싱글코트_ZB,68.98150886871728,1186000,14,337911,4366000
5893,2022-12-25,봄,팬츠_니트팬츠_ZA,52.64891273528321,2171000,51,457095,4584900
5894,2022-12-25,봄,팬츠_니트팬츠_ZB,60.72311093770321,302000,11,93191,768900
5895,2022-12-25,사계절,니트 셔츠_라운드_ZB,73.53086851120675,14204670,778,5471860,54792200
5896,2022-12-25,사계절,데님_데님팬츠_ZB,49.34367564014728,9224600,187,2558622,18681300
5897,2022-12-25,사계절,수트_블레이져(수트)_ZB,33.49799953064811,10507100,65,2546290,15535000
5898,2022-12-25,사계절,수트_블레이져(수트)_ZC,30.0,1003800,6,240591,1434000
5899,2022-12-25,사계절,수트_수트팬츠_ZB,28.604711255333214,5527640,61,1191780,7869000
5900,2022-12-25,사계절,수트_수트팬츠_ZC,30.0,812700,9,185936,1161000
5901,2022-12-25,사계절,우븐 셔츠_드레스셔츠_ZB,60.78462517412866,8021585,255,1631690,17824500
5902,2022-12-25,사계절,자켓_싱글재킷_ZB,41.42259414225941,420000,3,87887,717000
5903,2022-12-25,사계절,팬츠_니트팬츠_ZB,inf,127995,10,54038,599000
5904,2022-12-25,사계절,팬츠_팬츠(일반)_ZB,56.7685605336728,17117100,370,4662413,36963000
5905,2022-12-25,여름,니트 셔츠_라운드_ZB,64.29322258401162,4621890,213,1028018,10488700
5906,2022-12-25,여름,니트 셔츠_티에리_ZB,83.20120646872593,-392655,-26,-254904,-2337400
5907,2022-12-25,여름,수트_블레이져(수트)_ZA,32.71394984326019,191400,1,44341,319000
5908,2022-12-25,여름,수트_블레이져(수트)_ZB,6.3947001394700145,6500800,33,1326243,7887000
5909,2022-12-25,여름,수트_블레이져(수트)_ZC,16.666666666666668,2375000,11,542357,2949000
5910,2022-12-25,여름,수트_수트팬츠_ZA,31.617008069522036,4782500,39,987243,6981000
5911,2022-12-25,여름,수트_수트팬츠_ZB,20.912737187898415,3942200,39,709129,5031000
5912,2022-12-25,여름,수트_수트팬츠_ZC,37.80595614452962,1938800,21,521943,3309000
5913,2022-12-25,여름,스웨터_T-에리_ZA,60.96096096096096,195000,5,25315,499500
5914,2022-12-25,여름,스웨터_T-에리_ZB,58.42404258700143,1196100,33,264342,2966700
5915,2022-12-25,여름,스웨터_라운드_ZA,0.0,0,0,0,0
5916,2022-12-25,여름,스웨터_라운드_ZB,59.68081819305401,652445,18,194228,1618200
5917,2022-12-25,여름,우븐 셔츠_드레스셔츠_ZB,74.36082039086331,9276500,517,3126261,36138300
5918,2022-12-25,여름,우븐 셔츠_캐쥬얼셔츠_ZA,-inf,720000,18,153527,1798200
5919,2022-12-25,여름,우븐 셔츠_캐쥬얼셔츠_ZB,-inf,1290445,49,384685,4405100
5920,2022-12-25,여름,자켓_싱글재킷_ZA,inf,2423500,19,556855,4921000
5921,2022-12-25,여름,자켓_싱글재킷_ZB,65.8793359427723,2528000,31,731895,7409000
5922,2022-12-25,여름,점퍼_점퍼_ZB,76.30522088353413,2301000,39,856323,9711000
5923,2022-12-25,여름,팬츠_니트팬츠_ZB,72.39359799713877,1235000,64,432121,4473600
5924,2022-12-25,여름,팬츠_반바지_ZA,63.70463078848561,116000,4,44134,319600
5925,2022-12-25,여름,팬츠_반바지_ZB,56.31444066988498,1534000,46,310268,3675400
5926,2022-12-25,여름,팬츠_팬츠(일반)_ZA,58.80329359421086,3555000,65,1098090,8761300
5927,2022-12-25,여름,팬츠_팬츠(일반)_ZB,60.22217870043957,2426000,72,630892,7192800
5928,2023-01-01,봄,수트_블레이져(수트)_ZB,23.525802694872795,119193681,602,30381973,155918000
5929,2023-01-01,봄,수트_수트팬츠_ZB,24.1785267717815,70063371,665,17553474,92435000
5930,2023-01-01,봄,우븐 셔츠_캐쥬얼셔츠_ZB,67.9874913425819,6101200,212,1647239,19058800
5931,2023-01-01,봄,팬츠_팬츠(일반)_ZA,57.55395683453237,1121000,19,298284,2641000
5932,2023-01-01,사계절,데님_데님자켓_ZB,45.851757306696264,1463627,17,233614,2703000
5933,2023-01-01,사계절,수트_블레이져(수트)_ZB,23.659712724918084,80826858,409,17574383,105931000
5934,2023-01-01,사계절,수트_블레이져(수트)_ZC,26.06909241972533,45381009,237,10872083,61383000
5935,2023-01-01,사계절,수트_수트팬츠_ZB,24.10967666278112,49171519,466,9645799,64774000
5936,2023-01-01,사계절,수트_수트팬츠_ZC,25.911069463756725,24510100,238,5364284,33082000
5937,2023-01-01,사계절,우븐 셔츠_드레스셔츠_ZB,46.54678118998576,51181672,1367,9354429,95553300
5938,2023-01-01,사계절,팬츠_팬츠(일반)_ZB,0.0,0,0,0,0
5939,2023-01-01,여름,우븐 셔츠_드레스셔츠_ZB,0.0,0,0,0,0
5940,2023-01-08,봄,니트 셔츠_라운드_ZA,0.0,0,0,0,0
5941,2023-01-08,봄,니트 셔츠_오픈형티(맨투맨 등)_ZA,44.42458899213724,1244000,16,266993,2238400
5942,2023-01-08,봄,수트_블레이져(수트)_ZB,22.5224641889276,173935594,857,42405226,221963000
5943,2023-01-08,봄,수트_수트팬츠_ZB,22.727601492274918,103582604,952,24792077,132328000
5944,2023-01-08,봄,스웨터_T-에리_ZA,46.846306559682354,21847550,374,4892390,41102600
5945,2023-01-08,봄,스웨터_라운드_ZB,46.97254421015152,18765250,322,4346524,35387800
5946,2023-01-08,봄,스웨터_오픈형(CARDIGAN)_ZB,40.49822623730166,18198439,153,2950479,30584700
5947,2023-01-08,봄,스웨터_후드T_ZA,39.18398768283295,869000,11,233162,1428900
5948,2023-01-08,봄,우븐 셔츠_캐쥬얼셔츠_ZA,54.58044649730562,472000,8,81947,1039200
5949,2023-01-08,봄,우븐 셔츠_캐쥬얼셔츠_ZB,68.30339131509514,5898517,207,1608218,18609300
5950,2023-01-08,봄,점퍼_패딩점퍼_ZB,46.82274247491639,9063000,57,1396702,17043000
5951,2023-01-08,봄,코트_싱글코트_ZB,0.0,0,0,0,0
5952,2023-01-08,봄,팬츠_니트팬츠_ZA,42.192192192192195,924000,16,248893,1598400
5953,2023-01-08,봄,팬츠_팬츠(일반)_ZA,42.44604316546763,800000,10,171151,1390000
5954,2023-01-08,사계절,니트 셔츠_라운드_ZB,0.0,0,0,0,0
5955,2023-01-08,사계절,데님_데님자켓_ZB,42.477019835510404,2378000,26,357292,4134000
5956,2023-01-08,사계절,수트_블레이져(수트)_ZB,25.090680364037507,75470313,390,16817649,101010000
5957,2023-01-08,사계절,수트_블레이져(수트)_ZC,22.93887647978557,48300371,242,11101452,62678000
5958,2023-01-08,사계절,수트_수트팬츠_ZB,25.347381389006443,42392606,408,8685426,56712000
5959,2023-01-08,사계절,수트_수트팬츠_ZC,23.695025256390633,24925020,235,5296667,32665000
5960,2023-01-08,사계절,우븐 셔츠_드레스셔츠_ZB,47.543244208711364,76368489,2080,13712212,145392000
5961,2023-01-08,사계절,자켓_싱글재킷_ZB,0.0,0,0,0,0
5962,2023-01-08,사계절,팬츠_팬츠(일반)_ZB,0.0,0,0,0,0
5963,2023-01-08,여름,수트_블레이져(수트)_ZB,0.0,0,0,0,0
5964,2023-01-08,여름,수트_수트팬츠_ZB,0.0,0,0,0,0
5965,2023-01-08,여름,우븐 셔츠_드레스셔츠_ZB,100.0,0,-1,-4928,-69900
5966,2023-01-08,여름,우븐 셔츠_캐쥬얼셔츠_ZA,0.0,0,0,0,0
5967,2023-01-08,여름,팬츠_팬츠(일반)_ZA,0.0,0,0,0,0
5968,2023-01-15,봄,가죽&FUR_가죽점퍼_ZA,0.0,0,0,0,0
5969,2023-01-15,봄,니트 셔츠_라운드_ZA,0.0,0,0,0,0
5970,2023-01-15,봄,니트 셔츠_오픈형티(맨투맨 등)_ZA,43.53109363831308,1738000,22,367115,3077800
5971,2023-01-15,봄,수트_블레이져(수트)_ZB,21.493424406177834,121449772,600,29637521,155400000
5972,2023-01-15,봄,수트_블레이져(수트)_ZC,22.350962153903332,75215517,374,18092615,96866000
5973,2023-01-15,봄,수트_수트팬츠_ZB,21.5277654659687,76097387,702,18228191,97578000
5974,2023-01-15,봄,수트_수트팬츠_ZC,21.95729200280936,41113679,379,9596285,52681000
5975,2023-01-15,봄,스웨터_T-에리_ZA,45.64903792804989,-4898000,-82,-1072663,-9011800
5976,2023-01-15,봄,스웨터_라운드_ZB,47.29645855051853,8746100,151,2038277,16594900
5977,2023-01-15,봄,스웨터_오픈형(CARDIGAN)_ZB,40.136534934133735,-5385018,-45,-867788,-8995500
5978,2023-01-15,봄,스웨터_후드T_ZA,40.08532204259687,933950,12,254358,1558800
5979,2023-01-15,봄,우븐 셔츠_캐쥬얼셔츠_ZA,54.58044649730562,590000,10,102434,1299000
5980,2023-01-15,봄,우븐 셔츠_캐쥬얼셔츠_ZB,69.73215643280703,3782300,139,1079959,12496100
5981,2023-01-15,봄,점퍼_패딩점퍼_ZB,46.95652173913044,7930000,50,1225177,14950000
5982,2023-01-15,봄,코트_싱글코트_ZB,0.0,0,0,0,0
5983,2023-01-15,봄,팬츠_니트팬츠_ZA,40.94094094094094,1947000,33,513342,3296700
5984,2023-01-15,봄,팬츠_팬츠(일반)_ZA,44.064748201438846,1323000,17,292373,2363000
5985,2023-01-15,사계절,니트 셔츠_라운드_ZB,0.0,0,0,0,0
5986,2023-01-15,사계절,데님_데님자켓_ZB,42.333664349553125,1742100,19,261098,3021000
5987,2023-01-15,사계절,데님_데님팬츠_ZB,33.328312153852,6998000,102,1813547,10709800
5988,2023-01-15,사계절,수트_블레이져(수트)_ZB,22.445047641589632,46282295,231,9974516,59829000
5989,2023-01-15,사계절,수트_블레이져(수트)_ZC,23.43192248852626,21021000,106,4862619,27454000
5990,2023-01-15,사계절,수트_수트팬츠_ZB,23.09475480839818,25936460,243,5159511,33777000
5991,2023-01-15,사계절,수트_수트팬츠_ZC,23.61450279029113,11360815,107,2411674,14873000
5992,2023-01-15,사계절,우븐 셔츠_드레스셔츠_ZB,48.18390455588258,63313054,1759,11647707,122954100
5993,2023-01-15,사계절,자켓_싱글재킷_ZB,38.11333406738604,5620547,38,1221585,9082000
5994,2023-01-15,사계절,팬츠_팬츠(일반)_ZB,31.143344936448386,25933000,377,3088009,37662300
5995,2023-01-15,여름,수트_블레이져(수트)_ZB,22.124122460452448,42708240,214,12428386,55426000
5996,2023-01-15,여름,수트_블레이져(수트)_ZC,20.0,4351200,21,1249743,5439000
5997,2023-01-15,여름,수트_수트팬츠_ZB,23.141335410933927,25562340,241,7259243,33499000
5998,2023-01-15,여름,수트_수트팬츠_ZC,20.0,2668800,24,730589,3336000
5999,2023-01-15,여름,우븐 셔츠_드레스셔츠_ZB,0.0,0,0,0,0
6000,2023-01-15,여름,우븐 셔츠_캐쥬얼셔츠_ZA,0.0,0,0,0,0
6001,2023-01-15,여름,팬츠_팬츠(일반)_ZA,0.0,0,0,0,0
6002,2023-01-22,봄,가죽&FUR_가죽점퍼_ZA,40.0,8033400,11,2979821,13389000
6003,2023-01-22,봄,니트 셔츠_라운드_ZA,42.54129552404782,10333948,150,2754696,17985000
6004,2023-01-22,봄,니트 셔츠_오픈형티(맨투맨 등)_ZA,44.141053133190375,2109960,27,450550,3777300
6005,2023-01-22,봄,수트_블레이져(수트)_ZB,21.345786598866397,61585180,301,15013754,77959000
6006,2023-01-22,봄,수트_블레이져(수트)_ZC,21.534692669729168,27841845,137,6627509,35483000
6007,2023-01-22,봄,수트_수트팬츠_ZB,21.144761754653842,36009795,329,8655754,45731000
6008,2023-01-22,봄,수트_수트팬츠_ZC,21.474363212132996,16154294,148,3747362,20572000
6009,2023-01-22,봄,스웨터_T-에리_ZA,46.571549001766314,7985630,136,1779051,14946400
6010,2023-01-22,봄,스웨터_라운드_ZB,46.492797825410904,23227744,395,5331916,43410500
6011,2023-01-22,봄,스웨터_오픈형(CARDIGAN)_ZB,40.790645322661334,5681256,48,925640,9595200
6012,2023-01-22,봄,스웨터_후드T_ZA,38.583098109657,1436050,18,381537,2338200
6013,2023-01-22,봄,우븐 셔츠_캐쥬얼셔츠_ZA,54.58044649730562,177000,3,30730,389700
6014,2023-01-22,봄,우븐 셔츠_캐쥬얼셔츠_ZB,67.23360446792732,2827871,96,745890,8630400
6015,2023-01-22,봄,점퍼_패딩점퍼_ZB,47.312615384615384,3938382,25,612589,7475000
6016,2023-01-22,봄,코트_싱글코트_ZB,44.56824512534819,5174000,26,978402,9334000
6017,2023-01-22,봄,팬츠_니트팬츠_ZA,43.54621287954621,845960,15,233337,1498500
6018,2023-01-22,봄,팬츠_팬츠(일반)_ZA,43.16546762589928,2370000,30,530446,4170000
6019,2023-01-22,사계절,니트 셔츠_라운드_ZB,63.91409764297422,6891000,239,1775719,19096100
6020,2023-01-22,사계절,데님_데님자켓_ZB,40.62893081761006,2832000,30,412260,4770000
6021,2023-01-22,사계절,데님_데님팬츠_ZB,34.79356932803916,4411810,66,1190816,6963400
6022,2023-01-22,사계절,수트_블레이져(수트)_ZB,22.350137093615352,32403260,161,6876125,41699000
6023,2023-01-22,사계절,수트_블레이져(수트)_ZC,21.78864485093993,12356612,61,2798300,15799000
6024,2023-01-22,사계절,수트_수트팬츠_ZB,22.44325135543739,20176293,187,3975426,25993000
6025,2023-01-22,사계절,수트_수트팬츠_ZC,21.470519236784487,5021175,46,1036794,6394000
6026,2023-01-22,사계절,우븐 셔츠_드레스셔츠_ZB,46.24917352296683,44443576,1226,8177391,85697400
6027,2023-01-22,사계절,자켓_싱글재킷_ZB,40.70055788005579,8078363,57,1832378,13623000
6028,2023-01-22,사계절,팬츠_팬츠(일반)_ZB,43.682700244103756,3206876,57,400583,5694300
6029,2023-01-22,여름,수트_블레이져(수트)_ZB,22.387188733677498,39711904,194,11235377,50246000
6030,2023-01-22,여름,수트_블레이져(수트)_ZC,21.393221793221795,12826268,63,3749229,16317000
6031,2023-01-22,여름,수트_수트팬츠_ZB,21.440106366323946,25101015,227,6821171,31553000
6032,2023-01-22,여름,수트_수트팬츠_ZC,21.25076438848921,7005532,64,1948237,8896000
6033,2023-01-22,여름,우븐 셔츠_드레스셔츠_ZB,0.0,0,0,0,0
6034,2023-01-22,여름,우븐 셔츠_캐쥬얼셔츠_ZA,52.924587771906225,3893000,77,623254,8112300
6035,2023-01-22,여름,팬츠_팬츠(일반)_ZA,0.0,0,0,0,0
6036,2023-01-29,봄,가죽&FUR_가죽점퍼_ZA,40.0,9651600,14,3710504,16086000
6037,2023-01-29,봄,니트 셔츠_라운드_ZA,42.616854496184544,19333472,281,5160464,33691900
6038,2023-01-29,봄,니트 셔츠_오픈형티(맨투맨 등)_ZA,43.61982811642868,3391662,43,717543,6015700
6039,2023-01-29,봄,수트_블레이져(수트)_ZB,22.34244216992141,105588052,524,26258551,135716000
6040,2023-01-29,봄,수트_블레이져(수트)_ZC,21.464872561218076,61225200,301,14561169,77959000
6041,2023-01-29,봄,수트_수트팬츠_ZB,22.107105546454125,64038836,591,15588311,82149000
6042,2023-01-29,봄,수트_수트팬츠_ZC,21.402556305471087,31791880,291,7368124,40449000
6043,2023-01-29,봄,스웨터_T-에리_ZA,46.94728678964348,7696251,132,1726726,14506800
6044,2023-01-29,봄,스웨터_라운드_ZB,46.785488972659124,32704754,558,7044172,61324200
6045,2023-01-29,봄,스웨터_오픈형(CARDIGAN)_ZB,40.81521611869765,5560588,47,906356,9395300
6046,2023-01-29,봄,스웨터_후드T_ZA,39.18398768283295,3950000,50,1059826,6495000
6047,2023-01-29,봄,우븐 셔츠_캐쥬얼셔츠_ZA,54.58044649730562,767000,13,133164,1688700
6048,2023-01-29,봄,우븐 셔츠_캐쥬얼셔츠_ZB,67.82641101537804,5119558,177,1375300,15912300
6049,2023-01-29,봄,점퍼_패딩점퍼_ZB,46.87817587169017,28749000,181,4435141,54119000
6050,2023-01-29,봄,코트_싱글코트_ZB,44.81828786605945,12286441,62,2576670,22258000
6051,2023-01-29,봄,팬츠_니트팬츠_ZA,40.94094094094094,2124000,36,560009,3596400
6052,2023-01-29,봄,팬츠_팬츠(일반)_ZA,43.16546762589928,1422000,18,293913,2502000
6053,2023-01-29,사계절,니트 셔츠_라운드_ZB,64.27079657024697,4596169,161,1196196,12863900
6054,2023-01-29,사계절,데님_데님자켓_ZB,38.91509433962264,3108000,32,439744,5088000
6055,2023-01-29,사계절,데님_데님팬츠_ZB,37.48811840659665,9438121,142,2530125,15135800
6056,2023-01-29,사계절,수트_블레이져(수트)_ZB,22.66069109347798,64299608,320,13757970,82880000
6057,2023-01-29,사계절,수트_블레이져(수트)_ZC,21.264079116710697,23247568,114,5229610,29526000
6058,2023-01-29,사계절,수트_수트팬츠_ZB,22.062898175551933,41074603,378,8080933,52542000
6059,2023-01-29,사계절,수트_수트팬츠_ZC,21.07939409939938,11957261,109,2456752,15151000
6060,2023-01-29,사계절,우븐 셔츠_드레스셔츠_ZB,46.1559877062553,84022294,2249,14887308,157205100
6061,2023-01-29,사계절,자켓_싱글재킷_ZB,38.397698744769876,12072819,82,2636052,19598000
6062,2023-01-29,사계절,팬츠_팬츠(일반)_ZB,31.680087052896216,48261961,710,7216551,70929000
6063,2023-01-29,여름,수트_블레이져(수트)_ZB,22.17382380038118,68680848,341,19769266,88319000
6064,2023-01-29,여름,수트_블레이져(수트)_ZC,20.748887663173377,47415148,231,13747172,59829000
6065,2023-01-29,여름,수트_수트팬츠_ZB,21.956108245725297,45932180,422,12689882,58658000
6066,2023-01-29,여름,수트_수트팬츠_ZC,20.689141486810552,24804471,225,6849272,31275000
6067,2023-01-29,여름,우븐 셔츠_드레스셔츠_ZB,0.0,0,0,0,0
6068,2023-01-29,여름,우븐 셔츠_캐쥬얼셔츠_ZA,52.9755318969831,6492862,125,1092520,13657500
6069,2023-01-29,여름,팬츠_팬츠(일반)_ZA,0.0,0,0,0,0
6070,2023-02-05,봄,가죽&FUR_가죽점퍼_ZA,40.0,8452800,12,3206202,14088000
6071,2023-02-05,봄,니트 셔츠_라운드_ZA,43.04233726124906,6897516,101,1854829,12109900
6072,2023-02-05,봄,니트 셔츠_오픈형티(맨투맨 등)_ZA,47.22831579206822,2141000,29,483924,4057100
6073,2023-02-05,봄,수트_블레이져(수트)_ZB,22.123580138793955,76293630,375,18846989,97125000
6074,2023-02-05,봄,수트_블레이져(수트)_ZC,21.375661375661377,38487400,189,9143059,48951000
6075,2023-02-05,봄,수트_수트팬츠_ZB,20.826966090966938,45017930,408,10787502,56712000
6076,2023-02-05,봄,수트_수트팬츠_ZC,21.366120218579233,20002100,183,4633562,25437000
6077,2023-02-05,봄,스웨터_T-에리_ZA,47.00586391669194,5241650,90,1177313,9891000
6078,2023-02-05,봄,스웨터_라운드_ZB,46.87282793607804,44410488,761,9611887,83633900
6079,2023-02-05,봄,스웨터_오픈형(CARDIGAN)_ZB,45.708725038797716,15295100,153,2654224,28604700
6080,2023-02-05,봄,스웨터_후드T_ZA,39.48007342926512,2044000,26,551109,3377400
6081,2023-02-05,봄,우븐 셔츠_캐쥬얼셔츠_ZA,46.88221709006928,-69000,-1,-21368,-129900
6082,2023-02-05,봄,우븐 셔츠_캐쥬얼셔츠_ZB,67.57181181705162,3964800,136,1056422,12226400
6083,2023-02-05,봄,점퍼_패딩점퍼_ZB,30.493802872319495,-3533000,-17,-442382,-5083000
6084,2023-02-05,봄,코트_싱글코트_ZB,48.75978246451784,5669000,31,1236046,11129000
6085,2023-02-05,봄,팬츠_니트팬츠_ZA,40.94094094094094,1593000,27,420007,2697300
6086,2023-02-05,봄,팬츠_팬츠(일반)_ZA,46.29046762589928,1638500,22,368038,3058000
6087,2023-02-05,사계절,니트 셔츠_라운드_ZB,61.387179984370135,6571400,213,1582544,17018700
6088,2023-02-05,사계절,데님_데님자켓_ZB,42.42466307277628,2563254,28,384776,4452000
6089,2023-02-05,사계절,데님_데님팬츠_ZB,33.3705034341977,8023000,117,2079281,12128300
6090,2023-02-05,사계절,수트_블레이져(수트)_ZB,21.647381890576085,76140720,375,16172217,97125000
6091,2023-02-05,사계절,수트_블레이져(수트)_ZC,21.724137931034484,17637900,87,3991018,22533000
6092,2023-02-05,사계절,수트_수트팬츠_ZB,22.033687201499305,45088272,416,8812529,57824000
6093,2023-02-05,사계절,수트_수트팬츠_ZC,20.0,9118400,82,1848199,11398000
6094,2023-02-05,사계절,우븐 셔츠_드레스셔츠_ZB,45.27373820685958,77158953,2035,14083048,142246500
6095,2023-02-05,사계절,자켓_싱글재킷_ZB,37.94732955943884,12606000,85,2854043,20315000
6096,2023-02-05,사계절,팬츠_팬츠(일반)_ZB,31.10041207555548,36185900,527,4410110,52647300
6097,2023-02-05,여름,수트_블레이져(수트)_ZB,20.43795675906404,88256840,429,24882622,111111000
6098,2023-02-05,여름,수트_블레이져(수트)_ZC,20.618834080717487,45848180,223,13271079,57757000
6099,2023-02-05,여름,수트_수트팬츠_ZB,20.63442546901291,55391500,502,15070244,69778000
6100,2023-02-05,여름,수트_수트팬츠_ZC,20.652173913043477,20294000,184,5601182,25576000
6101,2023-02-05,여름,우븐 셔츠_드레스셔츠_ZB,0.0,0,0,0,0
6102,2023-02-05,여름,우븐 셔츠_캐쥬얼셔츠_ZA,52.765698724128285,4954000,96,877945,10340400
6103,2023-02-05,여름,점퍼_점퍼_ZB,34.25279287348253,25965000,135,6124620,40365000
6104,2023-02-05,여름,팬츠_팬츠(일반)_ZA,47.03929164360819,957000,13,218663,1807000
6105,2023-02-12,봄,가죽&FUR_가죽점퍼_ZA,40.00192455735181,9831200,14,3736274,16386000
6106,2023-02-12,봄,니트 셔츠_라운드_ZA,42.97043950127216,10803794,158,2901613,18944200
6107,2023-02-12,봄,니트 셔츠_오픈형티(맨투맨 등)_ZA,47.0138538805914,5633699,76,1268215,10632400
6108,2023-02-12,봄,수트_블레이져(수트)_ZB,20.89385369532428,62740160,308,15587376,79772000
6109,2023-02-12,봄,수트_블레이져(수트)_ZC,20.08130081300813,25459700,123,5950245,31857000
6110,2023-02-12,봄,수트_수트팬츠_ZB,20.856545569531306,32976360,302,8016701,41978000
6111,2023-02-12,봄,수트_수트팬츠_ZC,20.13986013986014,15873800,143,3620762,19877000
6112,2023-02-12,봄,스웨터_T-에리_ZA,46.7659191064961,8951151,153,2001432,16814700
6113,2023-02-12,봄,스웨터_라운드_ZB,47.560316952949286,41466380,721,9070544,79237900
6114,2023-02-12,봄,스웨터_오픈형(CARDIGAN)_ZB,49.748024781175346,12616853,136,2254573,24726400
6115,2023-02-12,봄,스웨터_후드T_ZA,39.810343620967174,1720100,22,466323,2857800
6116,2023-02-12,봄,우븐 셔츠_캐쥬얼셔츠_ZA,58.429561200923786,648000,12,141992,1558800
6117,2023-02-12,봄,우븐 셔츠_캐쥬얼셔츠_ZB,67.74193548387096,3103000,107,831277,9619300
6118,2023-02-12,봄,점퍼_패딩점퍼_ZB,54.06911928651059,9888000,72,2080643,21528000
6119,2023-02-12,봄,코트_싱글코트_ZB,35.27807941079269,9525500,55,2041935,19745000
6120,2023-02-12,봄,팬츠_니트팬츠_ZA,40.94094094094094,2065000,35,544453,3496500
6121,2023-02-12,봄,팬츠_팬츠(일반)_ZA,46.5207665800133,1766000,24,396604,3336000
6122,2023-02-12,사계절,니트 셔츠_라운드_ZB,63.95366960499185,8006683,278,2065480,22212200
6123,2023-02-12,사계절,데님_데님자켓_ZB,39.11072107649554,4163000,43,590906,6837000
6124,2023-02-12,사계절,데님_데님팬츠_ZB,33.57423473075384,11571000,169,3028019,17793100
6125,2023-02-12,사계절,수트_블레이져(수트)_ZB,20.575203252032523,70336630,343,14804810,88837000
6126,2023-02-12,사계절,수트_블레이져(수트)_ZC,20.68235294117647,17461780,85,3899270,22015000
6127,2023-02-12,사계절,수트_수트팬츠_ZB,20.62350597609562,38484930,350,7432659,48650000
6128,2023-02-12,사계절,수트_수트팬츠_ZC,20.589473684210525,10486160,95,2141206,13205000
6129,2023-02-12,사계절,우븐 셔츠_드레스셔츠_ZB,44.3651399609563,81543795,2100,14713281,146790000
6130,2023-02-12,사계절,자켓_싱글재킷_ZB,37.65690376569037,15198000,102,3461317,24378000
6131,2023-02-12,사계절,팬츠_팬츠(일반)_ZB,31.65724461420968,67514924,993,10109788,99200700
6132,2023-02-12,여름,수트_블레이져(수트)_ZB,20.43628295054257,104667080,509,29568343,131831000
6133,2023-02-12,여름,수트_블레이져(수트)_ZC,21.098214285714285,61228040,284,16875861,77156000
6134,2023-02-12,여름,수트_수트팬츠_ZB,20.415920118883676,63028160,571,17166157,79369000
6135,2023-02-12,여름,수트_수트팬츠_ZC,20.900903916973554,31011560,264,8035532,39016000
6136,2023-02-12,여름,우븐 셔츠_드레스셔츠_ZB,0.0,0,0,0,0
6137,2023-02-12,여름,우븐 셔츠_캐쥬얼셔츠_ZA,53.40071686149197,9137100,178,1693791,19282200
6138,2023-02-12,여름,자켓_싱글재킷_ZA,0.0,0,0,0,0
6139,2023-02-12,여름,점퍼_점퍼_ZB,31.305028056317667,39812500,208,8848030,58672000
6140,2023-02-12,여름,팬츠_팬츠(일반)_ZA,44.24460431654676,3565000,46,773731,6394000
6141,2023-02-19,봄,가죽&FUR_가죽점퍼_ZA,40.01170223341124,4555000,7,1816597,7593000
6142,2023-02-19,봄,니트 셔츠_라운드_ZA,43.55596162631338,13467604,199,3654564,23860100
6143,2023-02-19,봄,니트 셔츠_오픈형티(맨투맨 등)_ZA,47.97209938024806,6623620,91,1518520,12730900
6144,2023-02-19,봄,수트_블레이져(수트)_ZB,20.870847789178416,45185140,221,11431249,57239000
6145,2023-02-19,봄,수트_블레이져(수트)_ZC,20.784,25646180,125,6046997,32375000
6146,2023-02-19,봄,수트_수트팬츠_ZB,20.805243161094225,26448920,241,6495632,33499000
6147,2023-02-19,봄,수트_수트팬츠_ZC,20.54054054054054,12259800,111,2810521,15429000
6148,2023-02-19,봄,스웨터_T-에리_ZA,47.15392686533212,18584907,320,4186002,35168000
6149,2023-02-19,봄,스웨터_라운드_ZB,46.77109850888821,46630874,797,10141305,87590300
6150,2023-02-19,봄,스웨터_오픈형(CARDIGAN)_ZB,47.23739382813457,22857192,236,4003443,43516400
6151,2023-02-19,봄,스웨터_후드T_ZA,41.02553246086733,4596470,60,1271791,7794000
6152,2023-02-19,봄,우븐 셔츠_캐쥬얼셔츠_ZA,58.429561200923786,1188000,22,260318,2857800
6153,2023-02-19,봄,우븐 셔츠_캐쥬얼셔츠_ZB,67.80373254233099,4689000,162,1258685,14563800
6154,2023-02-19,봄,점퍼_패딩점퍼_ZB,52.39002060741191,14093030,99,2859878,29601000
6155,2023-02-19,봄,코트_싱글코트_ZB,48.57792786334589,33023000,179,7088905,64261000
6156,2023-02-19,봄,팬츠_니트팬츠_ZA,41.92998969118372,3886800,67,1042239,6693300
6157,2023-02-19,봄,팬츠_팬츠(일반)_ZA,48.24547258744728,3533000,49,851386,6811000
6158,2023-02-19,사계절,니트 셔츠_라운드_ZB,63.92348193863018,13374864,464,3447421,37073600
6159,2023-02-19,사계절,데님_데님자켓_ZB,36.9496855345912,4010000,40,549680,6360000
6160,2023-02-19,사계절,데님_데님팬츠_ZB,34.15209875109624,15491900,230,4095483,24377000
6161,2023-02-19,사계절,수트_블레이져(수트)_ZB,21.190213624996233,83284040,410,17716519,106190000
6162,2023-02-19,사계절,수트_블레이져(수트)_ZC,22.150943396226417,21372680,106,4862619,27454000
6163,2023-02-19,사계절,수트_수트팬츠_ZB,21.416786783457148,46350940,427,9068591,59353000
6164,2023-02-19,사계절,수트_수트팬츠_ZC,21.5,11347960,104,2344057,14456000
6165,2023-02-19,사계절,우븐 셔츠_드레스셔츠_ZB,45.23828726842064,85646040,2269,15920562,158603100
6166,2023-02-19,사계절,자켓_싱글재킷_ZB,38.3177570093458,15774000,107,3630990,25573000
6167,2023-02-19,사계절,팬츠_팬츠(일반)_ZB,34.781430578305574,22364059,333,3284073,33266700
6168,2023-02-19,여름,수트_블레이져(수트)_ZA,0.0,0,0,0,0
6169,2023-02-19,여름,수트_블레이져(수트)_ZB,20.42178308188297,127236340,620,35976972,160580000
6170,2023-02-19,여름,수트_블레이져(수트)_ZC,21.01116427432217,60762580,283,16818468,76597000
6171,2023-02-19,여름,수트_수트팬츠_ZA,0.0,0,0,0,0
6172,2023-02-19,여름,수트_수트팬츠_ZB,20.516209613336265,79649780,723,21734856,100497000
6173,2023-02-19,여름,수트_수트팬츠_ZC,21.310102216912252,35527080,305,9283556,44875000
6174,2023-02-19,여름,우븐 셔츠_드레스셔츠_ZB,0.0,0,0,0,0
6175,2023-02-19,여름,우븐 셔츠_캐쥬얼셔츠_ZA,52.544172850428495,8340900,160,1522670,17334000
6176,2023-02-19,여름,자켓_싱글재킷_ZA,17.936395041658198,32306800,152,4629862,39368000
6177,2023-02-19,여름,점퍼_점퍼_ZB,31.63236414639783,25701500,133,5578671,36667000
6178,2023-02-19,여름,팬츠_팬츠(일반)_ZA,49.558349336467074,28003300,255,2143219,35445000
6179,2023-02-26,봄,가죽&FUR_가죽점퍼_ZA,40.005005005005,10191200,14,3787814,16986000
6180,2023-02-26,봄,니트 셔츠_라운드_ZA,43.66985007067705,14385988,213,3911669,25538700
6181,2023-02-26,봄,니트 셔츠_오픈형티(맨투맨 등)_ZA,48.963024735481255,5783459,81,1351650,11331900
6182,2023-02-26,봄,수트_블레이져(수트)_ZB,21.996189558836743,33840360,167,8730244,43253000
6183,2023-02-26,봄,수트_블레이져(수트)_ZC,21.685714285714287,14198380,70,3386318,18130000
6184,2023-02-26,봄,수트_수트팬츠_ZB,21.93379437181646,18516960,170,4655071,23630000
6185,2023-02-26,봄,수트_수트팬츠_ZC,22.225352112676056,7675580,71,1797721,9869000
6186,2023-02-26,봄,스웨터_T-에리_ZA,47.31002346630908,11002194,190,2485439,20881000
6187,2023-02-26,봄,스웨터_라운드_ZB,46.83934735614628,48792642,835,10547675,91766500
6188,2023-02-26,봄,스웨터_오픈형(CARDIGAN)_ZB,47.46466817338266,17368097,180,3035747,33072000
6189,2023-02-26,봄,스웨터_후드T_ZA,38.162047729022326,2891790,36,763075,4676400
6190,2023-02-26,봄,우븐 셔츠_캐쥬얼셔츠_ZA,56.891273830548386,951970,17,201155,2208300
6191,2023-02-26,봄,우븐 셔츠_캐쥬얼셔츠_ZB,67.80558645408479,5209700,180,1398506,16182000
6192,2023-02-26,봄,점퍼_패딩점퍼_ZB,50.71077914034436,19895594,135,3901004,40365000
6193,2023-02-26,봄,코트_싱글코트_ZB,48.413447985845345,25107264,136,5443041,48824000
6194,2023-02-26,봄,팬츠_니트팬츠_ZA,42.21266721266721,2540100,44,684456,4395600
6195,2023-02-26,봄,팬츠_팬츠(일반)_ZA,47.00660524212209,2053000,28,493384,3892000
6196,2023-02-26,사계절,니트 셔츠_라운드_ZB,64.2793015751799,15155185,531,3945216,42426900
6197,2023-02-26,사계절,데님_데님자켓_ZB,36.98799313893654,5510400,55,755810,8745000
6198,2023-02-26,사계절,데님_데님팬츠_ZB,34.809256552321784,12465750,184,3281680,19411600
6199,2023-02-26,사계절,수트_블레이져(수트)_ZB,21.68826189483233,66023700,327,14188087,84693000
6200,2023-02-26,사계절,수트_블레이져(수트)_ZC,22.59261459261459,15637840,78,3578154,20202000
6201,2023-02-26,사계절,수트_수트팬츠_ZB,21.21686280319374,38063140,349,7443826,48511000
6202,2023-02-26,사계절,수트_수트팬츠_ZC,23.355601233299076,7457500,70,1577731,9730000
6203,2023-02-26,사계절,우븐 셔츠_드레스셔츠_ZB,44.4589755869871,72792890,1872,13072291,130852800
6204,2023-02-26,사계절,자켓_싱글재킷_ZB,37.28907076187411,13639000,91,3088038,21749000
6205,2023-02-26,사계절,팬츠_팬츠(일반)_ZB,30.95227652711597,62186809,905,8811575,90409500
6206,2023-02-26,여름,수트_블레이져(수트)_ZA,22.454545454545453,10884280,44,2551818,14036000
6207,2023-02-26,여름,수트_블레이져(수트)_ZB,21.138517369353607,111728540,548,31850820,141932000
6208,2023-02-26,여름,수트_블레이져(수트)_ZC,22.000506647565473,54694420,260,15456482,69680000
6209,2023-02-26,여름,수트_수트팬츠_ZA,15.903225806451612,4666530,31,926886,5549000
6210,2023-02-26,여름,수트_수트팬츠_ZB,21.160081483224324,70578470,645,19410693,89655000
6211,2023-02-26,여름,수트_수트팬츠_ZC,22.132289226758125,26824770,235,7152982,34385000
6212,2023-02-26,여름,우븐 셔츠_드레스셔츠_ZB,44.134000953743445,11715100,300,1814296,20970000
6213,2023-02-26,여름,우븐 셔츠_캐쥬얼셔츠_ZA,52.385263931714555,12064745,230,2226473,25107000
6214,2023-02-26,여름,우븐 셔츠_캐쥬얼셔츠_ZB,0.0,0,0,0,0
6215,2023-02-26,여름,자켓_싱글재킷_ZA,21.494637494637498,29611800,132,4642223,37668000
6216,2023-02-26,여름,점퍼_점퍼_ZB,32.78813551858722,60498091,331,11595805,89509000
6217,2023-02-26,여름,팬츠_팬츠(일반)_ZA,27.649667441371577,45386980,418,5122292,58102000
6218,2023-02-26,여름,팬츠_팬츠(일반)_ZB,30.93093093093093,69000,1,12930,99900
6219,2023-03-05,봄,가죽&FUR_가죽점퍼_ZA,40.0,8332200,13,3355273,13887000
6220,2023-03-05,봄,니트 셔츠_라운드_ZA,45.17142062830136,19721840,300,5509392,35970000
6221,2023-03-05,봄,니트 셔츠_오픈형티(맨투맨 등)_ZA,59.50941917037515,10536216,186,3103789,26021400
6222,2023-03-05,봄,수트_블레이져(수트)_ZB,21.62929485838118,52012380,257,13577506,66563000
6223,2023-03-05,봄,수트_블레이져(수트)_ZC,21.728395061728396,16420600,81,4513444,20979000
6224,2023-03-05,봄,수트_수트팬츠_ZB,21.719971001221,29306760,270,7442096,37530000
6225,2023-03-05,봄,수트_수트팬츠_ZC,22.089887640449437,9638260,89,2111898,12371000
6226,2023-03-05,봄,스웨터_T-에리_ZA,59.111434945474194,17704994,394,5154015,43300600
6227,2023-03-05,봄,스웨터_라운드_ZB,49.809612911054096,66596537,1213,15410321,133308700
6228,2023-03-05,봄,스웨터_오픈형(CARDIGAN)_ZB,52.38534182616343,32555147,371,6175890,67622900
6229,2023-03-05,봄,스웨터_후드T_ZA,40.352331463763335,4339010,56,1187005,7274400
6230,2023-03-05,봄,우븐 셔츠_캐쥬얼셔츠_ZA,62.38050248442858,2150180,44,520636,5715600
6231,2023-03-05,봄,우븐 셔츠_캐쥬얼셔츠_ZB,68.0271986795364,3564200,124,963291,11147600
6232,2023-03-05,봄,점퍼_패딩점퍼_ZB,56.00766795467091,27096637,206,5950939,61594000
6233,2023-03-05,봄,코트_싱글코트_ZB,51.12483269268526,56814582,323,12819076,115957000
6234,2023-03-05,봄,팬츠_니트팬츠_ZA,60.72483994786153,5453788,139,2162258,13886100
6235,2023-03-05,봄,팬츠_팬츠(일반)_ZA,52.48132263420033,2026100,30,482303,4170000
6236,2023-03-05,사계절,니트 셔츠_라운드_ZB,63.78618034910272,29831822,1031,7660109,82376900
6237,2023-03-05,사계절,데님_데님자켓_ZB,38.86730792946109,9914500,102,1401684,16218000
6238,2023-03-05,사계절,데님_데님팬츠_ZB,35.570911239266856,21652304,324,5805676,34017600
6239,2023-03-05,사계절,수트_블레이져(수트)_ZB,22.780913840349427,86909630,435,19469415,112665000
6240,2023-03-05,사계절,수트_블레이져(수트)_ZC,24.001850729123458,23817060,121,5550726,31339000
6241,2023-03-05,사계절,수트_수트팬츠_ZB,22.87571297009629,48779206,454,10267581,63106000
6242,2023-03-05,사계절,수트_수트팬츠_ZC,23.945323741007194,13743080,130,2930071,18070000
6243,2023-03-05,사계절,우븐 셔츠_드레스셔츠_ZB,45.55260969008018,83547310,2207,15943393,154269300
6244,2023-03-05,사계절,자켓_싱글재킷_ZB,37.75772546251953,24694000,166,5633124,39674000
6245,2023-03-05,사계절,팬츠_팬츠(일반)_ZB,34.42079161160874,75091108,1141,10928997,113985900
6246,2023-03-05,여름,니트 셔츠_라운드_ZB,0.0,0,0,0,0
6247,2023-03-05,여름,수트_블레이져(수트)_ZA,23.71153846153846,25309460,104,6219897,33176000
6248,2023-03-05,여름,수트_블레이져(수트)_ZB,21.992846258568715,156739300,778,45248421,201502000
6249,2023-03-05,여름,수트_블레이져(수트)_ZC,22.394690011922574,83615480,385,23144866,107755000
6250,2023-03-05,여름,수트_수트팬츠_ZA,23.251908396946565,17996660,131,4084383,23449000
6251,2023-03-05,여름,수트_수트팬츠_ZB,21.93022999781993,93702360,866,26114978,120374000
6252,2023-03-05,여름,수트_수트팬츠_ZC,22.014825447022755,45485600,380,11779468,58300000
6253,2023-03-05,여름,우븐 셔츠_드레스셔츠_ZB,44.31598248477386,52507300,1349,8158282,94295100
6254,2023-03-05,여름,우븐 셔츠_캐쥬얼셔츠_ZA,52.94019095595141,16218800,311,3058343,34188900
6255,2023-03-05,여름,우븐 셔츠_캐쥬얼셔츠_ZB,45.49499443826474,3283000,67,478445,6023300
6256,2023-03-05,여름,자켓_싱글재킷_ZA,21.13886472653596,26603020,127,4618781,35053000
6257,2023-03-05,여름,점퍼_점퍼_ZB,-59.93678321842545,131017600,726,29849703,198594000
6258,2023-03-05,여름,팬츠_팬츠(일반)_ZA,26.734728141015715,-18696760,-135,-1000821,-18765000
6259,2023-03-05,여름,팬츠_팬츠(일반)_ZB,0.0,0,0,0,0
6260,2023-03-12,봄,가죽&FUR_가죽점퍼_ZA,40.0,5515200,8,2120288,9192000
6261,2023-03-12,봄,니트 셔츠_라운드_ZA,43.193930722084914,14848084,218,4003492,26138200
6262,2023-03-12,봄,니트 셔츠_오픈형티(맨투맨 등)_ZA,58.11795039674197,13945131,238,3971514,33296200
6263,2023-03-12,봄,수트_블레이져(수트)_ZB,25.73301282051282,34250160,182,9837797,47138000
6264,2023-03-12,봄,수트_블레이져(수트)_ZC,18.0,7433300,35,1992100,9065000
6265,2023-03-12,봄,수트_수트팬츠_ZB,25.672272727272727,18770560,186,5271797,25854000
6266,2023-03-12,봄,수트_수트팬츠_ZC,20.238095238095237,4656500,42,986123,5838000
6267,2023-03-12,봄,스웨터_T-에리_ZA,55.68716751724229,16801432,345,4513033,37915500
6268,2023-03-12,봄,스웨터_라운드_ZB,47.33519479032328,55836568,962,12456908,105723800
6269,2023-03-12,봄,스웨터_오픈형(CARDIGAN)_ZB,50.29006135510106,29784990,326,5483162,59797400
6270,2023-03-12,봄,스웨터_후드T_ZA,41.662617968237676,2046067,27,572306,3507300
6271,2023-03-12,봄,우븐 셔츠_캐쥬얼셔츠_ZA,62.05880862591477,3893563,79,934778,10262100
6272,2023-03-12,봄,우븐 셔츠_캐쥬얼셔츠_ZB,68.28476084538376,2851200,100,776893,8990000
6273,2023-03-12,봄,점퍼_패딩점퍼_ZB,70.55463127683294,12413873,141,4073421,42159000
6274,2023-03-12,봄,코트_싱글코트_ZB,62.82470001682931,44986384,338,13598386,121342000
6275,2023-03-12,봄,팬츠_니트팬츠_ZA,60.84333818354437,3794398,97,1508914,9690300
6276,2023-03-12,봄,팬츠_팬츠(일반)_ZA,50.51521758999334,3299200,48,835686,6672000
6277,2023-03-12,사계절,니트 셔츠_라운드_ZB,64.01725317976059,24236431,843,6263309,67355700
6278,2023-03-12,사계절,데님_데님자켓_ZB,38.3559355345912,6272900,64,879488,10176000
6279,2023-03-12,사계절,데님_데님팬츠_ZB,34.07683750294996,18346775,270,4845582,28303000
6280,2023-03-12,사계절,수트_블레이져(수트)_ZB,24.931935086575383,67554970,364,16655429,94276000
6281,2023-03-12,사계절,수트_블레이져(수트)_ZC,29.405940594059405,18466700,101,4633251,26159000
6282,2023-03-12,사계절,수트_수트팬츠_ZB,23.93158694503171,39477390,395,9188177,54905000
6283,2023-03-12,사계절,수트_수트팬츠_ZC,29.35483870967742,9132300,93,2096128,12927000
6284,2023-03-12,사계절,우븐 셔츠_드레스셔츠_ZB,44.88910947953999,73926885,1915,13895262,133858500
6285,2023-03-12,사계절,자켓_싱글재킷_ZB,38.207733688905236,13439200,91,3088038,21749000
6286,2023-03-12,사계절,팬츠_팬츠(일반)_ZB,32.39708457323228,62910338,932,9940673,93106800
6287,2023-03-12,여름,니트 셔츠_라운드_ZB,26.665317830902605,28491850,631,3569079,37796900
6288,2023-03-12,여름,수트_블레이져(수트)_ZA,21.5,25041500,100,5995838,31900000
6289,2023-03-12,여름,수트_블레이져(수트)_ZB,21.42561523557383,134187900,657,37997035,170163000
6290,2023-03-12,여름,수트_블레이져(수트)_ZC,21.050730593607305,70047360,319,19198200,88621000
6291,2023-03-12,여름,수트_수트팬츠_ZA,22.136752136752136,16306900,117,3669289,20943000
6292,2023-03-12,여름,수트_수트팬츠_ZB,21.28408373057961,84475860,769,23003171,106891000
6293,2023-03-12,여름,수트_수트팬츠_ZC,21.13292908238192,37195660,310,9636041,47130000
6294,2023-03-12,여름,스웨터_라운드_ZA,0.0,0,0,0,0
6295,2023-03-12,여름,스웨터_라운드_ZB,0.0,0,0,0,0
6296,2023-03-12,여름,우븐 셔츠_드레스셔츠_ZB,44.29246621501791,9423375,242,1463532,16915800
6297,2023-03-12,여름,우븐 셔츠_캐쥬얼셔츠_ZA,49.04448464030471,19117550,352,3778511,39214800
6298,2023-03-12,여름,우븐 셔츠_캐쥬얼셔츠_ZB,45.55533083897934,16152100,330,2366335,29667000
6299,2023-03-12,여름,자켓_싱글재킷_ZA,20.961091752486183,58392760,264,9098975,73616000
6300,2023-03-12,여름,점퍼_점퍼_ZB,39.012749290789934,139980720,827,31789588,224813000
6301,2023-03-12,여름,팬츠_팬츠(일반)_ZA,28.83794563005394,34354160,334,3986743,46426000
6302,2023-03-12,여름,팬츠_팬츠(일반)_ZB,31.07253292896857,27830700,405,4003557,40459500
6303,2023-03-19,봄,가죽&FUR_가죽점퍼_ZA,46.005005005005,5494600,9,2372439,10191000
6304,2023-03-19,봄,니트 셔츠_라운드_ZA,58.75106479598954,13897550,281,5160464,33691900
6305,2023-03-19,봄,니트 셔츠_오픈형티(맨투맨 등)_ZA,64.5588798294181,17552073,354,5907210,49524600
6306,2023-03-19,봄,수트_블레이져(수트)_ZB,25.153508771929825,28412300,148,7895657,38332000
6307,2023-03-19,봄,수트_블레이져(수트)_ZC,22.580645161290324,6216000,31,1760945,8029000
6308,2023-03-19,봄,수트_수트팬츠_ZB,24.66348039215686,15998900,156,4383384,21684000
6309,2023-03-19,봄,수트_수트팬츠_ZC,22.43243243243243,3989300,37,870025,5143000
6310,2023-03-19,봄,스웨터_T-에리_ZA,56.36717073903716,20907281,436,5703428,47916400
6311,2023-03-19,봄,스웨터_라운드_ZB,51.54058594607807,39175289,743,9576456,81655700
6312,2023-03-19,봄,스웨터_오픈형(CARDIGAN)_ZB,63.76386040377804,46103490,695,11391558,125490500
6313,2023-03-19,봄,스웨터_후드T_ZA,46.63561714139081,2079610,30,635896,3897000
6314,2023-03-19,봄,우븐 셔츠_캐쥬얼셔츠_ZA,62.86449984150704,3280253,68,804620,8833200
6315,2023-03-19,봄,우븐 셔츠_캐쥬얼셔츠_ZB,67.26704885770515,2677850,91,706866,8180900
6316,2023-03-19,봄,점퍼_패딩점퍼_ZB,69.42142357765054,16183100,177,5114216,52923000
6317,2023-03-19,봄,코트_싱글코트_ZB,62.54679476247324,43194780,322,12989310,115598000
6318,2023-03-19,봄,팬츠_니트팬츠_ZA,69.09090980744524,11764587,381,5926763,38061900
6319,2023-03-19,봄,팬츠_팬츠(일반)_ZA,61.82619359058208,2666540,50,864253,6950000
6320,2023-03-19,사계절,니트 셔츠_라운드_ZB,63.93451616871517,26972077,936,6954279,74786400
6321,2023-03-19,사계절,데님_데님자켓_ZB,38.590688932263426,8494750,87,1195554,13833000
6322,2023-03-19,사계절,데님_데님팬츠_ZB,34.18422888156413,18357950,272,4889385,28582800
6323,2023-03-19,사계절,수트_블레이져(수트)_ZB,25.883936152148074,62411230,341,15604178,88319000
6324,2023-03-19,사계절,수트_블레이져(수트)_ZC,30.21794871794872,14097370,78,3578154,20202000
6325,2023-03-19,사계절,수트_수트팬츠_ZB,26.123158187378372,36404100,371,8629397,51569000
6326,2023-03-19,사계절,수트_수트팬츠_ZC,29.26388888888889,7079270,72,1622809,10008000
6327,2023-03-19,사계절,우븐 셔츠_드레스셔츠_ZB,44.653737010042356,60505902,1562,11408883,109183800
6328,2023-03-19,사계절,자켓_싱글재킷_ZB,37.326647289916636,19622400,131,4445417,31309000
6329,2023-03-19,사계절,팬츠_팬츠(일반)_ZB,31.932073038119682,54385325,802,8021941,80119800
6330,2023-03-19,여름,니트 셔츠_라운드_ZB,30.817677404322595,30088510,722,4255837,43247800
6331,2023-03-19,여름,수트_블레이져(수트)_ZA,22.429906542056074,26477000,107,6415983,34133000
6332,2023-03-19,여름,수트_블레이져(수트)_ZB,21.115135562084514,153441960,752,43274980,194768000
6333,2023-03-19,여름,수트_블레이져(수트)_ZC,21.629149011299436,72058100,332,19965745,91748000
6334,2023-03-19,여름,수트_수트팬츠_ZA,22.213740458015266,18240100,131,4107883,23449000
6335,2023-03-19,여름,수트_수트팬츠_ZB,21.03877813010311,91050560,829,24628468,115231000
6336,2023-03-19,여름,수트_수트팬츠_ZC,21.85314356655139,36220560,307,9526331,46273000
6337,2023-03-19,여름,스웨터_T-에리_ZB,0.0,0,0,0,0
6338,2023-03-19,여름,스웨터_라운드_ZA,0.0,0,0,0,0
6339,2023-03-19,여름,스웨터_라운드_ZB,34.40900227537659,24588950,417,5120474,37488300
6340,2023-03-19,여름,우븐 셔츠_드레스셔츠_ZB,44.31351251988075,34837745,895,5412648,62560500
6341,2023-03-19,여름,우븐 셔츠_캐쥬얼셔츠_ZA,49.146839176477364,18273600,337,3663043,38106300
6342,2023-03-19,여름,우븐 셔츠_캐쥬얼셔츠_ZB,45.79124299558566,17274400,356,2461457,32004400
6343,2023-03-19,여름,자켓_싱글재킷_ZA,22.53341934279796,96875750,435,15686143,123525000
6344,2023-03-19,여름,점퍼_점퍼_ZB,40.54131116201072,150768820,901,34274992,240559000
6345,2023-03-19,여름,팬츠_팬츠(일반)_ZA,29.249761007520515,42814600,427,4784239,59353000
6346,2023-03-19,여름,팬츠_팬츠(일반)_ZB,31.92042333945591,32870050,487,4829618,48651300
6347,2023-03-26,봄,가죽&FUR_가죽점퍼_ZA,45.49449449449449,3597100,6,1538676,6294000
6348,2023-03-26,봄,니트 셔츠_라운드_ZA,63.27226855713094,8807310,200,3672928,23980000
6349,2023-03-26,봄,니트 셔츠_오픈형티(맨투맨 등)_ZA,67.02780765734192,14253582,309,5156294,43229100
6350,2023-03-26,봄,수트_블레이져(수트)_ZB,25.467032967032967,29927450,162,8793110,41958000
6351,2023-03-26,봄,수트_블레이져(수트)_ZC,23.11764705882353,6770260,34,1927589,8806000
6352,2023-03-26,봄,수트_수트팬츠_ZB,25.42027598710717,17722500,177,5022214,24603000
6353,2023-03-26,봄,수트_수트팬츠_ZC,21.473684210526315,4147760,38,893076,5282000
6354,2023-03-26,봄,스웨터_T-에리_ZA,57.50347568989794,17233658,369,4826983,40553100
6355,2023-03-26,봄,스웨터_라운드_ZB,55.060995436336654,30593795,624,8040247,68577600
6356,2023-03-26,봄,스웨터_오픈형(CARDIGAN)_ZB,64.82025134893456,40732460,631,10269589,113446900
6357,2023-03-26,봄,스웨터_후드T_ZA,47.17830283650145,1784000,26,551109,3377400
6358,2023-03-26,봄,우븐 셔츠_캐쥬얼셔츠_ZA,62.4496662854922,5024122,103,1218762,13379700
6359,2023-03-26,봄,우븐 셔츠_캐쥬얼셔츠_ZB,68.96687376217477,2287700,82,636942,7371800
6360,2023-03-26,봄,점퍼_패딩점퍼_ZB,70.24696549473856,7294849,82,2369881,24518000
6361,2023-03-26,봄,코트_싱글코트_ZB,65.24002044288314,42040454,337,13768452,120983000
6362,2023-03-26,봄,팬츠_니트팬츠_ZA,63.80043476312133,4845891,134,2084478,13386600
6363,2023-03-26,봄,팬츠_팬츠(일반)_ZA,63.94544364508393,1756300,35,606110,4865000
6364,2023-03-26,사계절,니트 셔츠_라운드_ZB,63.78103581858275,15192950,525,3900638,41947500
6365,2023-03-26,사계절,데님_데님자켓_ZB,39.966409376786736,8399900,88,1209296,13992000
6366,2023-03-26,사계절,데님_데님팬츠_ZB,34.19355391698076,20226195,299,5401681,31220100
6367,2023-03-26,사계절,수트_블레이져(수트)_ZB,26.90468583599574,60530890,334,15457324,86506000
6368,2023-03-26,사계절,수트_블레이져(수트)_ZC,30.21518987341772,14278670,79,3624028,20461000
6369,2023-03-26,사계절,수트_수트팬츠_ZB,26.959718026183282,34174540,352,8289841,48928000
6370,2023-03-26,사계절,수트_수트팬츠_ZC,30.18888888888889,8733370,90,2028511,12510000
6371,2023-03-26,사계절,우븐 셔츠_드레스셔츠_ZB,45.03787768145731,59854270,1553,11233534,108554700
6372,2023-03-26,사계절,자켓_싱글재킷_ZB,38.20880653516637,15506500,105,3563121,25095000
6373,2023-03-26,사계절,팬츠_팬츠(일반)_ZB,32.99331724084308,48753500,730,7232630,72927000
6374,2023-03-26,여름,니트 셔츠_라운드(V넥 등)_ZB,42.55404278340058,5096950,74,1383377,8872600
6375,2023-03-26,여름,니트 셔츠_라운드_ZB,41.582806218352054,52266670,1306,8293782,81149400
6376,2023-03-26,여름,수트_블레이져(수트)_ZA,22.464,30917480,125,7493104,39875000
6377,2023-03-26,여름,수트_블레이져(수트)_ZB,21.843228119615713,155840300,772,44370193,199948000
6378,2023-03-26,여름,수트_블레이져(수트)_ZC,22.341261162748317,58588390,270,16271310,75510000
6379,2023-03-26,여름,수트_수트팬츠_ZA,21.583333333333332,20212680,144,4515241,25776000
6380,2023-03-26,여름,수트_수트팬츠_ZB,21.8806482609109,91272960,843,25026212,117177000
6381,2023-03-26,여름,수트_수트팬츠_ZC,22.439143922956873,35373015,297,9237407,45603000
6382,2023-03-26,여름,스웨터_T-에리_ZB,40.98727883894124,23050900,391,3355566,39060900
6383,2023-03-26,여름,스웨터_라운드_ZA,37.124489019868804,10169850,147,1826918,16155300
6384,2023-03-26,여름,스웨터_라운드_ZB,34.147523719058896,21731250,367,4209979,32993300
6385,2023-03-26,여름,우븐 셔츠_드레스셔츠_ZB,44.474196151791354,34193845,881,5327981,61581900
6386,2023-03-26,여름,우븐 셔츠_캐쥬얼셔츠_ZA,49.30122934911021,21394800,396,4281922,44750400
6387,2023-03-26,여름,우븐 셔츠_캐쥬얼셔츠_ZB,45.435190769731605,35512900,725,5055351,65177500
6388,2023-03-26,여름,자켓_싱글재킷_ZA,33.5672928823788,123069330,657,21589468,179523000
6389,2023-03-26,여름,점퍼_점퍼_ZB,43.935203036144244,143330800,903,32477414,236997000
6390,2023-03-26,여름,팬츠_니트팬츠_ZB,44.5165269536561,8400000,140,2579767,15736700
6391,2023-03-26,여름,팬츠_반바지_ZB,45.7316640238563,2293000,47,820804,4225300
6392,2023-03-26,여름,팬츠_팬츠(일반)_ZA,42.430875787592626,58120370,639,6846012,88821000
6393,2023-03-26,여름,팬츠_팬츠(일반)_ZB,31.96500518508655,44056180,648,6396669,64735200
6394,2023-04-02,봄,가죽&FUR_가죽점퍼_ZA,47.5,3566700,6,1564446,6594000
6395,2023-04-02,봄,니트 셔츠_라운드_ZA,62.24679168123974,8419494,186,3415823,22301400
6396,2023-04-02,봄,니트 셔츠_오픈형티(맨투맨 등)_ZA,66.13755588131959,11180160,236,3938140,33016400
6397,2023-04-02,봄,수트_블레이져(수트)_ZB,26.21082621082621,22040900,117,6290261,30303000
6398,2023-04-02,봄,수트_블레이져(수트)_ZC,20.0,5180000,25,1411110,6475000
6399,2023-04-02,봄,수트_수트팬츠_ZB,26.342261904761905,13332880,130,3650869,18070000
6400,2023-04-02,봄,수트_수트팬츠_ZC,21.175446739382686,3396550,31,729753,4309000
6401,2023-04-02,봄,스웨터_T-에리_ZA,58.86672881258868,12928763,286,3741239,31431400
6402,2023-04-02,봄,스웨터_라운드_ZB,61.92712185158655,16304625,388,4956964,42641200
6403,2023-04-02,봄,스웨터_오픈형(CARDIGAN)_ZB,64.61391405788069,34392077,528,8624462,95137200
6404,2023-04-02,봄,스웨터_후드T_ZA,50.543687451886065,1027900,16,339144,2078400
6405,2023-04-02,봄,우븐 셔츠_캐쥬얼셔츠_ZA,67.88597072285778,5381380,129,1526407,16757100
6406,2023-04-02,봄,우븐 셔츠_캐쥬얼셔츠_ZB,68.79954799865813,1767100,63,489530,5663700
6407,2023-04-02,봄,점퍼_패딩점퍼_ZB,67.56428258128187,11831901,122,3525179,36478000
6408,2023-04-02,봄,코트_싱글코트_ZB,65.20145296897954,27605180,221,9064134,79339000
6409,2023-04-02,봄,팬츠_니트팬츠_ZA,68.83037399815923,4639630,149,2317816,14885100
6410,2023-04-02,봄,팬츠_팬츠(일반)_ZA,65.05378554299418,1523160,31,546162,4309000
6411,2023-04-02,사계절,니트 셔츠_라운드_ZB,65.22821819005426,17808681,641,4762493,51215900
6412,2023-04-02,사계절,데님_데님자켓_ZB,38.772836178496554,8177500,84,1154328,13356000
6413,2023-04-02,사계절,데님_데님팬츠_ZB,35.27783068113413,20818653,311,5580505,32458900
6414,2023-04-02,사계절,수트_블레이져(수트)_ZB,25.582608695652176,66998120,368,16984229,95312000
6415,2023-04-02,사계절,수트_블레이져(수트)_ZC,29.86842105263158,13804700,76,3578627,19684000
6416,2023-04-02,사계절,수트_수트팬츠_ZB,25.441713483146067,38041520,388,9023971,53932000
6417,2023-04-02,사계절,수트_수트팬츠_ZC,30.0,7784000,80,1970763,11120000
6418,2023-04-02,사계절,우븐 셔츠_드레스셔츠_ZB,45.097240644942666,63353025,1673,12114047,116942700
6419,2023-04-02,사계절,자켓_싱글재킷_ZB,38.063752477427876,11250100,76,2579021,18164000
6420,2023-04-02,사계절,팬츠_팬츠(일반)_ZB,34.16232323794053,54025503,822,8219943,82117800
6421,2023-04-02,여름,니트 셔츠_라운드(V넥 등)_ZB,43.05746852535843,4301268,63,1177740,7553700
6422,2023-04-02,여름,니트 셔츠_라운드_ZB,32.249082278784805,63151680,1554,9228205,94844600
6423,2023-04-02,여름,수트_블레이져(수트)_ZA,22.250517598343684,53164540,215,12745298,68585000
6424,2023-04-02,여름,수트_블레이져(수트)_ZB,22.453591154849896,162429260,804,46112910,208236000
6425,2023-04-02,여름,수트_블레이져(수트)_ZC,23.010227169879627,65927840,301,18178074,85579000
6426,2023-04-02,여름,수트_수트팬츠_ZA,22.315557370355247,32413320,234,7181628,41886000
6427,2023-04-02,여름,수트_수트팬츠_ZB,22.220936233441975,93772237,864,25524137,120096000
6428,2023-04-02,여름,수트_수트팬츠_ZC,23.106212882594793,39485100,331,10330367,51289000
6429,2023-04-02,여름,스웨터_T-에리_ZB,41.38343722695801,23950200,409,3510042,40859100
6430,2023-04-02,여름,스웨터_라운드_ZA,39.13520861251115,23065980,351,4300588,38574900
6431,2023-04-02,여름,스웨터_라운드_ZB,35.13792809547655,38855628,668,7927778,60053200
6432,2023-04-02,여름,우븐 셔츠_드레스셔츠_ZB,45.48577021016641,34980800,918,5551744,64168200
6433,2023-04-02,여름,우븐 셔츠_캐쥬얼셔츠_ZA,44.83378282336666,23312800,444,4886848,50476600
6434,2023-04-02,여름,우븐 셔츠_캐쥬얼셔츠_ZB,45.76571821677461,39754240,816,5617531,73358400
6435,2023-04-02,여름,자켓_싱글재킷_ZA,27.395278720211554,134229240,674,22476363,185426000
6436,2023-04-02,여름,점퍼_점퍼_ZB,44.251554330338806,149437934,962,33746401,253598000
6437,2023-04-02,여름,팬츠_니트팬츠_ZB,44.44187942635425,3873150,44,1524763,8657300
6438,2023-04-02,여름,팬츠_반바지_ZB,28.9210233592881,-63900,-1,-17464,-89900
6439,2023-04-02,여름,팬츠_팬츠(일반)_ZA,30.776006350433022,88790267,898,10206004,124822000
6440,2023-04-02,여름,팬츠_팬츠(일반)_ZB,31.489355722688458,65318030,958,8935315,95704200
6441,2023-04-09,봄,가죽&FUR_가죽점퍼_ZA,45.6046046046046,3586100,6,1538676,6294000
6442,2023-04-09,봄,니트 셔츠_라운드_ZA,67.08226242957566,3867900,98,1799735,11750200
6443,2023-04-09,봄,니트 셔츠_오픈형티(맨투맨 등)_ZA,69.48232740648082,8197291,192,3203911,26860800
6444,2023-04-09,봄,수트_블레이져(수트)_ZB,25.227272727272727,25174800,135,7310393,34965000
6445,2023-04-09,봄,수트_블레이져(수트)_ZC,20.54054054054054,7614600,37,2084926,9583000
6446,2023-04-09,봄,수트_수트팬츠_ZB,25.653846153846153,13015960,131,3724691,18209000
6447,2023-04-09,봄,수트_수트팬츠_ZC,20.88235294117647,3739100,34,801154,4726000
6448,2023-04-09,봄,스웨터_T-에리_ZA,62.94702254574866,6230347,153,2001432,16814700
6449,2023-04-09,봄,스웨터_라운드_ZB,66.09769381731255,10769933,275,3613932,30222500
6450,2023-04-09,봄,스웨터_오픈형(CARDIGAN)_ZB,67.65023909050048,26847539,452,7315969,80994800
6451,2023-04-09,봄,스웨터_후드T_ZA,52.23607903515525,930680,15,317948,1948500
6452,2023-04-09,봄,우븐 셔츠_캐쥬얼셔츠_ZA,69.61432954927409,5604880,142,1680234,18445800
6453,2023-04-09,봄,우븐 셔츠_캐쥬얼셔츠_ZB,68.750147918491,1320400,47,365193,4225300
6454,2023-04-09,봄,점퍼_패딩점퍼_ZB,74.33779264214047,3145930,41,1184112,12259000
6455,2023-04-09,봄,코트_싱글코트_ZB,72.45139240054283,17590590,178,7238431,63902000
6456,2023-04-09,봄,팬츠_니트팬츠_ZA,72.42709072709073,3029987,110,1711139,10989000
6457,2023-04-09,봄,팬츠_팬츠(일반)_ZA,72.77497430626927,895369,24,424964,3336000
6458,2023-04-09,사계절,니트 셔츠_라운드_ZB,64.39957842039391,9728100,342,2540987,27325800
6459,2023-04-09,사계절,데님_데님자켓_ZB,38.08525506638714,5316000,54,742068,8586000
6460,2023-04-09,사계절,데님_데님팬츠_ZB,33.421433527841565,19929040,291,5252056,30510900
6461,2023-04-09,사계절,수트_블레이져(수트)_ZB,25.47018615474113,72579570,400,18587881,103600000
6462,2023-04-09,사계절,수트_블레이져(수트)_ZC,30.802816901408452,12724670,71,3404829,18389000
6463,2023-04-09,사계절,수트_수트팬츠_ZB,25.487111111111112,38256970,393,9333915,54627000
6464,2023-04-09,사계절,수트_수트팬츠_ZC,30.283333333333335,5814370,60,1555315,8340000
6465,2023-04-09,사계절,우븐 셔츠_드레스셔츠_ZB,44.66037474142755,65731900,1706,12340078,119249400
6466,2023-04-09,사계절,자켓_싱글재킷_ZB,36.753380631859805,10430000,69,2341479,16491000
6467,2023-04-09,사계절,팬츠_팬츠(일반)_ZB,32.72933655954347,39993837,594,6125240,59340600
6468,2023-04-09,여름,니트 셔츠_라운드(V넥 등)_ZB,42.94016010717593,8688673,127,2374175,15227300
6469,2023-04-09,여름,니트 셔츠_라운드_ZB,30.12081874185756,57998188,1351,8649870,85724900
6470,2023-04-09,여름,니트 셔츠_티에리_ZB,34.37152391546162,5900000,100,767187,8990000
6471,2023-04-09,여름,수트_블레이져(수트)_ZA,28.767711832773426,67595010,292,17408477,94108000
6472,2023-04-09,여름,수트_블레이져(수트)_ZB,21.10462822447603,148287860,724,41465955,187516000
6473,2023-04-09,여름,수트_블레이져(수트)_ZC,21.55621693121693,61256840,276,16664514,77964000
6474,2023-04-09,여름,수트_수트팬츠_ZA,28.740553448518046,44283820,340,10498421,61580000
6475,2023-04-09,여름,수트_수트팬츠_ZB,20.916713119556597,84556480,768,22679208,106752000
6476,2023-04-09,여름,수트_수트팬츠_ZC,21.777693151867034,35667176,294,9164447,45546000
6477,2023-04-09,여름,스웨터_T-에리_ZA,37.28783742796482,13374100,194,2631481,21320600
6478,2023-04-09,여름,스웨터_T-에리_ZB,41.086820408143595,43550700,740,7278676,73926000
6479,2023-04-09,여름,스웨터_라운드_ZA,39.25614194722475,5283500,78,966956,8572200
6480,2023-04-09,여름,스웨터_라운드_ZB,34.460302641635074,23868168,406,4734033,36499400
6481,2023-04-09,여름,우븐 셔츠_드레스셔츠_ZB,44.55495841087774,35035500,904,5467077,63189600
6482,2023-04-09,여름,우븐 셔츠_캐쥬얼셔츠_ZA,45.15843332153541,13496151,281,2903951,30645500
6483,2023-04-09,여름,우븐 셔츠_캐쥬얼셔츠_ZB,46.20960218116994,38230000,792,5663135,71200800
6484,2023-04-09,여름,자켓_싱글재킷_ZA,37.24903445269512,140016190,773,26393598,215187000
6485,2023-04-09,여름,점퍼_점퍼_ZB,41.112806008678334,101989508,630,22121526,165990000
6486,2023-04-09,여름,팬츠_니트팬츠_ZB,44.54735943053174,10556200,150,3659004,21500100
6487,2023-04-09,여름,팬츠_반바지_ZA,0.0,0,0,0,0
6488,2023-04-09,여름,팬츠_반바지_ZB,45.98525110204754,2622200,54,943052,4854600
6489,2023-04-09,여름,팬츠_팬츠(일반)_ZA,25.134883076557163,47073970,558,5482958,77562000
6490,2023-04-09,여름,팬츠_팬츠(일반)_ZB,31.269105593596148,57401485,835,7461952,83416500
6491,2023-04-16,봄,가죽&FUR_가죽점퍼_ZA,47.68268268268268,2936400,5,1312295,5595000
6492,2023-04-16,봄,니트 셔츠_라운드_ZA,70.77064220183486,4275612,122,2240486,14627800
6493,2023-04-16,봄,니트 셔츠_오픈형티(맨투맨 등)_ZA,71.44488637569975,8069618,202,3370781,28259800
6494,2023-04-16,봄,수트_블레이져(수트)_ZB,27.195299145299145,18365690,96,5099618,24864000
6495,2023-04-16,봄,수트_블레이져(수트)_ZC,19.625,6661480,32,1822353,8288000
6496,2023-04-16,봄,수트_수트팬츠_ZB,26.547619047619047,10598750,102,2834220,14178000
6497,2023-04-16,봄,수트_수트팬츠_ZC,21.836734693877553,5323700,49,1151413,6811000
6498,2023-04-16,봄,스웨터_T-에리_ZA,65.20887803641976,6041200,158,2066838,17364200
6499,2023-04-16,봄,스웨터_라운드_ZB,64.40813868026694,8956418,230,2982659,25277000
6500,2023-04-16,봄,스웨터_오픈형(CARDIGAN)_ZB,69.04780886444624,26415503,465,7476889,82993500
6501,2023-04-16,봄,스웨터_후드T_ZA,58.2965917838897,595900,11,233162,1428900
6502,2023-04-16,봄,우븐 셔츠_캐쥬얼셔츠_ZA,70.09612094773757,5593700,144,1703899,18705600
6503,2023-04-16,봄,우븐 셔츠_캐쥬얼셔츠_ZB,68.65652006502953,1465245,52,403879,4674800
6504,2023-04-16,봄,점퍼_패딩점퍼_ZB,70.23978232526501,5250000,59,1704817,17641000
6505,2023-04-16,봄,코트_싱글코트_ZB,72.80654517098343,15134340,155,6344825,55645000
6506,2023-04-16,봄,팬츠_니트팬츠_ZA,71.32574717574718,4010381,140,2177813,13986000
6507,2023-04-16,봄,팬츠_팬츠(일반)_ZA,74.30906822928753,2393342,67,1153973,9313000
6508,2023-04-16,사계절,니트 셔츠_라운드_ZB,67.20764592103767,7205300,275,2043191,21972500
6509,2023-04-16,사계절,데님_데님자켓_ZB,34.20416061925496,4080000,39,535938,6201000
6510,2023-04-16,사계절,데님_데님팬츠_ZB,34.11766181481003,16599735,245,4407291,25485500
6511,2023-04-16,사계절,수트_블레이져(수트)_ZB,25.313370473537603,66783150,370,17160948,95830000
6512,2023-04-16,사계절,수트_블레이져(수트)_ZC,29.283783783783782,13553470,74,3552901,19166000
6513,2023-04-16,사계절,수트_수트팬츠_ZB,26.11420905233855,39159470,401,9495462,55739000
6514,2023-04-16,사계절,수트_수트팬츠_ZC,30.257575757575758,6398170,66,1709775,9174000
6515,2023-04-16,사계절,우븐 셔츠_드레스셔츠_ZB,44.50609170182728,67554135,1801,13078912,125889900
6516,2023-04-16,사계절,자켓_싱글재킷_ZB,41.706659273075566,11563650,83,2816562,19837000
6517,2023-04-16,사계절,팬츠_팬츠(일반)_ZB,33.44594059299942,46372556,697,6974647,69630300
6518,2023-04-16,여름,니트 셔츠_라운드(V넥 등)_ZB,42.20790052316324,3811100,55,1028186,6594500
6519,2023-04-16,여름,니트 셔츠_라운드_ZB,31.80571111952901,64882034,1622,9733995,99957800
6520,2023-04-16,여름,니트 셔츠_티에리_ZB,38.223423573527896,17442140,313,2737440,28138700
6521,2023-04-16,여름,수트_블레이져(수트)_ZA,29.966435741459417,78360750,347,20619463,112013000
6522,2023-04-16,여름,수트_블레이져(수트)_ZB,21.497385647449313,141037950,694,39720027,179746000
6523,2023-04-16,여름,수트_블레이져(수트)_ZC,25.394320383220034,71548690,333,20195194,96927000
6524,2023-04-16,여름,수트_수트팬츠_ZA,30.93416934037241,49827640,398,12213488,72202000
6525,2023-04-16,여름,수트_수트팬츠_ZB,21.63580691834168,83726650,764,22552274,106196000
6526,2023-04-16,여름,수트_수트팬츠_ZC,25.595279307631785,37418510,319,10007171,50541000
6527,2023-04-16,여름,스웨터_T-에리_ZA,37.76241454388041,7936330,116,1586017,12748400
6528,2023-04-16,여름,스웨터_T-에리_ZB,45.62674595361952,42901548,792,8511898,79120800
6529,2023-04-16,여름,스웨터_라운드_ZA,36.958747305084884,5056685,73,839901,8022700
6530,2023-04-16,여름,스웨터_라운드_ZB,34.795568649851184,36786480,629,7308477,56547100
6531,2023-04-16,여름,우븐 셔츠_드레스셔츠_ZB,44.25992413639915,45201900,1164,6745530,81363600
6532,2023-04-16,여름,우븐 셔츠_캐쥬얼셔츠_ZA,45.39561405044164,16370237,331,3461270,36364200
6533,2023-04-16,여름,우븐 셔츠_캐쥬얼셔츠_ZB,45.62894411381501,38508900,789,5599342,70931100
6534,2023-04-16,여름,자켓_싱글재킷_ZA,38.09920824089711,144556850,802,26579627,220538000
6535,2023-04-16,여름,점퍼_점퍼_ZB,45.00860928032699,115365810,757,26389721,197983000
6536,2023-04-16,여름,팬츠_니트팬츠_ZB,34.549444100174135,8697200,128,2844932,16905500
6537,2023-04-16,여름,팬츠_반바지_ZA,0.0,0,0,0,0
6538,2023-04-16,여름,팬츠_반바지_ZB,45.18226079979577,3121300,63,1072374,5663700
6539,2023-04-16,여름,팬츠_팬츠(일반)_ZA,42.11127987792117,77810630,841,8428849,116899000
6540,2023-04-16,여름,팬츠_팬츠(일반)_ZB,31.853717683064655,72528490,1073,9653690,107192700
6541,2023-04-23,봄,가죽&FUR_가죽점퍼_ZA,45.02502502502502,2196800,4,1008604,3996000
6542,2023-04-23,봄,니트 셔츠_라운드_ZA,68.77360347105734,3332200,89,1634453,10671100
6543,2023-04-23,봄,니트 셔츠_오픈형티(맨투맨 등)_ZA,72.1173679786975,7099420,182,3037040,25461800
6544,2023-04-23,봄,수트_블레이져(수트)_ZB,30.393840579710144,16617440,93,4998029,24087000
6545,2023-04-23,봄,수트_블레이져(수트)_ZC,25.9375,6138300,32,1813046,8288000
6546,2023-04-23,봄,수트_수트팬츠_ZB,31.6017094017094,9635480,105,2975071,14595000
6547,2023-04-23,봄,수트_수트팬츠_ZC,26.3125,3277620,32,751117,4448000
6548,2023-04-23,봄,스웨터_T-에리_ZA,83.09140096854371,2768800,149,1949107,16375100
6549,2023-04-23,봄,스웨터_라운드_ZB,85.67485240614059,4387784,277,3532951,30442300
6550,2023-04-23,봄,스웨터_오픈형(CARDIGAN)_ZB,78.49144442574813,16734232,422,6804775,75447800
6551,2023-04-23,봄,스웨터_후드T_ZA,64.93028825592336,410000,9,190769,1169100
6552,2023-04-23,봄,우븐 셔츠_캐쥬얼셔츠_ZA,66.3889382365133,5675900,130,1538245,16887000
6553,2023-04-23,봄,우븐 셔츠_캐쥬얼셔츠_ZB,69.37337782721542,908600,33,256248,2966700
6554,2023-04-23,봄,점퍼_패딩점퍼_ZB,71.67732593493463,22356786,264,7630633,78936000
6555,2023-04-23,봄,코트_싱글코트_ZB,84.36039952002545,6825000,125,5105332,44875000
6556,2023-04-23,봄,팬츠_니트팬츠_ZA,71.41967829898864,3312002,116,1804474,11588400
6557,2023-04-23,봄,팬츠_팬츠(일반)_ZA,81.72184757688355,690351,27,460774,3753000
6558,2023-04-23,사계절,니트 셔츠_라운드_ZB,64.53242451267677,4732545,167,1240774,13343300
6559,2023-04-23,사계절,데님_데님자켓_ZB,38.490566037735846,2445000,25,343550,3975000
6560,2023-04-23,사계절,데님_데님팬츠_ZB,35.06882874605012,16445330,245,4455298,25605500
6561,2023-04-23,사계절,수트_블레이져(수트)_ZB,30.930997499671008,81714759,481,22264647,124579000
6562,2023-04-23,사계절,수트_블레이져(수트)_ZC,34.44047619047619,14263130,84,4028180,21756000
6563,2023-04-23,사계절,수트_수트팬츠_ZB,30.739614661654137,44863779,491,11594713,68249000
6564,2023-04-23,사계절,수트_수트팬츠_ZC,33.68292682926829,7558820,82,2122421,11398000
6565,2023-04-23,사계절,우븐 셔츠_드레스셔츠_ZB,44.166946694989804,68432230,1760,12726846,123024000
6566,2023-04-23,사계절,자켓_싱글재킷_ZB,42.19597786475908,12848100,93,3155907,22227000
6567,2023-04-23,사계절,팬츠_팬츠(일반)_ZB,34.008523288885044,30229996,464,4564393,46353600
6568,2023-04-23,여름,니트 셔츠_라운드(V넥 등)_ZB,42.76993648553282,7136360,104,1944206,12469600
6569,2023-04-23,여름,니트 셔츠_라운드_ZB,34.705395100567806,67810260,1625,10098699,103457500
6570,2023-04-23,여름,니트 셔츠_티에리_ZB,35.42659148734865,16664800,287,2509637,25801300
6571,2023-04-23,여름,수트_블레이져(수트)_ZA,35.03923386371809,90267210,425,25402602,138815000
6572,2023-04-23,여름,수트_블레이져(수트)_ZB,26.293400290663268,169748600,891,50933459,230769000
6573,2023-04-23,여름,수트_블레이져(수트)_ZC,30.440029873039585,80000990,401,24284319,115559000
6574,2023-04-23,여름,수트_수트팬츠_ZA,34.89573551241005,57668870,482,14849797,88598000
6575,2023-04-23,여름,수트_수트팬츠_ZB,26.163718335228637,101205900,988,29110028,137332000
6576,2023-04-23,여름,수트_수트팬츠_ZC,30.55655368671424,47535130,434,13646846,68966000
6577,2023-04-23,여름,스웨터_T-에리_ZA,38.18255624235198,2637840,39,563532,4286100
6578,2023-04-23,여름,스웨터_T-에리_ZB,41.807060332007545,50318101,866,8864903,86513400
6579,2023-04-23,여름,스웨터_라운드_ZA,38.237940744119825,10604960,156,1885405,17144400
6580,2023-04-23,여름,스웨터_라운드_ZB,34.790455760677105,33172849,567,6580827,50973300
6581,2023-04-23,여름,우븐 셔츠_드레스셔츠_ZB,44.403384282286936,42234085,1087,6414496,75981300
6582,2023-04-23,여름,우븐 셔츠_캐쥬얼셔츠_ZA,43.31024340319992,12446358,246,2527401,26140900
6583,2023-04-23,여름,우븐 셔츠_캐쥬얼셔츠_ZB,45.57211254030651,38124100,779,5568858,70032100
6584,2023-04-23,여름,자켓_싱글재킷_ZA,39.883872623127466,182520309,1077,35371938,295463000
6585,2023-04-23,여름,점퍼_점퍼_ZB,51.69122788099459,60590900,472,15046028,123508000
6586,2023-04-23,여름,팬츠_니트팬츠_ZB,44.46865348772296,9745100,143,3289564,19463300
6587,2023-04-23,여름,팬츠_반바지_ZA,45.49499443826474,98000,2,29821,179800
6588,2023-04-23,여름,팬츠_반바지_ZB,42.66075693008414,3464120,69,1049214,6073100
6589,2023-04-23,여름,팬츠_팬츠(일반)_ZA,45.442595780990864,89516326,1056,10740538,146784000
6590,2023-04-23,여름,팬츠_팬츠(일반)_ZB,31.24632050784485,65534970,951,8579052,95004900
6591,2023-04-30,봄,가죽&FUR_가죽점퍼_ZA,50.0,649500,1,277921,1299000
6592,2023-04-30,봄,니트 셔츠_라운드_ZA,74.19155442774417,4363150,141,2589414,16905900
6593,2023-04-30,봄,니트 셔츠_오픈형티(맨투맨 등)_ZA,76.30734975045387,3745500,113,1885635,15808700
6594,2023-04-30,봄,수트_블레이져(수트)_ZB,30.815686274509805,9463860,53,2839885,13727000
6595,2023-04-30,봄,수트_블레이져(수트)_ZC,26.642857142857142,5319860,28,1588096,7252000
6596,2023-04-30,봄,수트_수트팬츠_ZB,34.68632478632479,5359840,57,1605297,7923000
6597,2023-04-30,봄,수트_수트팬츠_ZC,26.23076923076923,2666020,26,611407,3614000
6598,2023-04-30,봄,스웨터_T-에리_ZA,82.37937752268962,6041900,312,4081352,34288800
6599,2023-04-30,봄,스웨터_라운드_ZB,82.87420916155105,6845400,355,4592847,39014500
6600,2023-04-30,봄,스웨터_오픈형(CARDIGAN)_ZB,77.87764129233882,20482204,504,8345679,91569600
6601,2023-04-30,봄,스웨터_후드T_ZA,67.21104146046409,596300,14,296751,1818600
6602,2023-04-30,봄,우븐 셔츠_캐쥬얼셔츠_ZA,84.13823104709586,3482150,169,1999716,21953100
6603,2023-04-30,봄,우븐 셔츠_캐쥬얼셔츠_ZB,76.93139127332256,1099150,53,411673,4764700
6604,2023-04-30,봄,점퍼_패딩점퍼_ZB,67.52482856524145,-13497006,-139,-4019293,-41561000
6605,2023-04-30,봄,코트_싱글코트_ZB,80.94475914843888,12873550,189,7749261,67851000
6606,2023-04-30,봄,팬츠_니트팬츠_ZA,79.06678608432995,1192000,57,886681,5694300
6607,2023-04-30,봄,팬츠_팬츠(일반)_ZA,77.30159872102318,767980,23,375345,3197000
6608,2023-04-30,사계절,니트 셔츠_라운드_ZB,64.17679837892604,-1202155,-42,-312051,-3355800
6609,2023-04-30,사계절,데님_데님자켓_ZB,39.3845322327044,3084115,32,439744,5088000
6610,2023-04-30,사계절,데님_데님팬츠_ZB,27.255941884985567,14960550,227,4100617,23607300
6611,2023-04-30,사계절,수트_블레이져(수트)_ZB,31.506783904440155,55352595,328,15236242,84952000
6612,2023-04-30,사계절,수트_블레이져(수트)_ZC,35.770967395967396,11977430,72,3456338,18648000
6613,2023-04-30,사계절,수트_수트팬츠_ZB,27.618068454327446,30930384,341,8036236,47399000
6614,2023-04-30,사계절,수트_수트팬츠_ZC,35.47766358341898,7533628,84,2176539,11676000
6615,2023-04-30,사계절,우븐 셔츠_드레스셔츠_ZB,44.26212699946952,41843579,1088,7881991,76051200
6616,2023-04-30,사계절,자켓_싱글재킷_ZB,42.14123174043896,7882100,57,1934265,13623000
6617,2023-04-30,사계절,팬츠_팬츠(일반)_ZB,35.81975967472398,20380743,320,3213294,31968000
6618,2023-04-30,여름,니트 셔츠_라운드(V넥 등)_ZB,43.92701680624265,4907900,73,1364683,8752700
6619,2023-04-30,여름,니트 셔츠_라운드_ZB,38.84355605618799,62740300,1560,10044179,102024000
6620,2023-04-30,여름,니트 셔츠_티에리_ZB,36.152441762453556,18442500,321,2812266,28857900
6621,2023-04-30,여름,수트_블레이져(수트)_ZA,35.78402426383793,78801500,371,22411818,122789000
6622,2023-04-30,여름,수트_블레이져(수트)_ZB,26.649606499601823,115038260,607,34853124,157213000
6623,2023-04-30,여름,수트_블레이져(수트)_ZC,31.168672517558136,60190910,304,18438038,88576000
6624,2023-04-30,여름,수트_수트팬츠_ZA,35.731535531997345,51016400,426,13342910,79534000
6625,2023-04-30,여름,수트_수트팬츠_ZB,26.289070458487664,66115440,648,19211319,90072000
6626,2023-04-30,여름,수트_수트팬츠_ZC,31.324005193839156,31950180,295,9276511,46965000
6627,2023-04-30,여름,스웨터_T-에리_ZA,39.461230265179225,13680380,205,2808888,22529500
6628,2023-04-30,여름,스웨터_T-에리_ZB,47.77135500856302,52445761,1001,10514265,99999900
6629,2023-04-30,여름,스웨터_라운드_ZA,42.02608431907795,8029200,126,1511124,13847400
6630,2023-04-30,여름,스웨터_라운드_ZB,43.9201347864061,24369785,482,5658285,43331800
6631,2023-04-30,여름,우븐 셔츠_드레스셔츠_ZB,44.08228599931987,38061185,980,5697510,68502000
6632,2023-04-30,여름,우븐 셔츠_캐쥬얼셔츠_ZA,42.28649534096551,11957676,209,2339511,23542800
6633,2023-04-30,여름,우븐 셔츠_캐쥬얼셔츠_ZB,53.91593066560018,31749545,767,5485799,68953300
6634,2023-04-30,여름,자켓_싱글재킷_ZA,39.93508436740647,147274506,868,28123753,236932000
6635,2023-04-30,여름,점퍼_점퍼_ZB,49.62237623969342,89067445,642,21590354,168678000
6636,2023-04-30,여름,팬츠_니트팬츠_ZB,54.342389680681876,8662585,134,3077392,18212300
6637,2023-04-30,여름,팬츠_반바지_ZA,45.49499443826474,49000,1,14911,89900
6638,2023-04-30,여름,팬츠_반바지_ZB,45.24489759120354,3682800,79,1203899,6992100
6639,2023-04-30,여름,팬츠_팬츠(일반)_ZA,46.187449492849844,62148180,736,7304625,102304000
6640,2023-04-30,여름,팬츠_팬츠(일반)_ZB,38.78621500637043,68715000,1131,10146116,112986900
6641,2023-05-07,봄,가죽&FUR_가죽점퍼_ZA,55.807932643960356,3992800,8,2120288,9192000
6642,2023-05-07,봄,니트 셔츠_라운드_ZA,74.63245886723784,1338290,44,808044,5275600
6643,2023-05-07,봄,니트 셔츠_오픈형티(맨투맨 등)_ZA,79.92072259406069,1236000,44,734230,6155600
6644,2023-05-07,봄,수트_블레이져(수트)_ZB,30.94117647058824,12742800,72,3848005,18648000
6645,2023-05-07,봄,수트_블레이져(수트)_ZC,28.413793103448278,5376840,29,1646401,7511000
6646,2023-05-07,봄,수트_수트팬츠_ZB,30.75,7119580,75,2089619,10425000
6647,2023-05-07,봄,수트_수트팬츠_ZC,23.035791366906476,2995447,28,657790,3892000
6648,2023-05-07,봄,스웨터_T-에리_ZA,82.59725594972461,9008165,471,6161271,51762900
6649,2023-05-07,봄,스웨터_라운드_ZB,82.59130309851061,4367154,228,2944443,25057200
6650,2023-05-07,봄,스웨터_오픈형(CARDIGAN)_ZB,78.85529250564115,18166092,468,7660426,84433200
6651,2023-05-07,봄,스웨터_후드T_ZA,70.29293788744378,733200,19,402734,2468100
6652,2023-05-07,봄,우븐 셔츠_캐쥬얼셔츠_ZA,85.86154452768547,3765000,205,2425690,26629500
6653,2023-05-07,봄,우븐 셔츠_캐쥬얼셔츠_ZB,79.1581289151689,712000,38,295156,3416200
6654,2023-05-07,봄,점퍼_패딩점퍼_ZB,78.85546022975134,2908220,46,1329276,13754000
6655,2023-05-07,봄,코트_싱글코트_ZB,80.83028253083964,6193820,91,3714479,32669000
6656,2023-05-07,봄,팬츠_니트팬츠_ZA,80.35148051277083,1216990,62,964460,6193800
6657,2023-05-07,봄,팬츠_팬츠(일반)_ZA,75.423012239559,608450,18,313777,2502000
6658,2023-05-07,사계절,니트 셔츠_라운드_ZB,63.27449541812323,2552900,87,646391,6951300
6659,2023-05-07,사계절,데님_데님자켓_ZB,37.735849056603776,1980000,20,274840,3180000
6660,2023-05-07,사계절,데님_데님팬츠_ZB,39.147257052129554,21818843,348,6341403,36105200
6661,2023-05-07,사계절,수트_블레이져(수트)_ZB,29.97802513759961,77981420,475,22232034,123025000
6662,2023-05-07,사계절,수트_블레이져(수트)_ZC,37.04186932758361,12555740,77,3699897,19943000
6663,2023-05-07,사계절,수트_수트팬츠_ZB,30.319364140589368,43489850,493,11781916,68527000
6664,2023-05-07,사계절,수트_수트팬츠_ZC,36.91025641025641,6840190,78,2016723,10842000
6665,2023-05-07,사계절,우븐 셔츠_드레스셔츠_ZB,45.27947499715447,69515835,1839,13321256,128546100
6666,2023-05-07,사계절,자켓_싱글재킷_ZB,43.229998732090785,8954900,66,2239676,15774000
6667,2023-05-07,사계절,팬츠_팬츠(일반)_ZB,34.21130428249072,31061768,483,4604640,48251700
6668,2023-05-07,여름,니트 셔츠_라운드(V넥 등)_ZB,43.257887983576055,8844393,130,2430257,15587000
6669,2023-05-07,여름,니트 셔츠_라운드_ZB,37.282940496027,86883546,2045,13525046,134995500
6670,2023-05-07,여름,니트 셔츠_티에리_ZB,35.205533426413474,30926298,531,4672720,47736900
6671,2023-05-07,여름,수트_블레이져(수트)_ZA,36.601943728522336,99868003,482,28873264,157598000
6672,2023-05-07,여름,수트_블레이져(수트)_ZB,27.91846182212851,156833360,843,48258961,218337000
6673,2023-05-07,여름,수트_블레이져(수트)_ZC,32.144215543794196,78642900,402,24415490,117558000
6674,2023-05-07,여름,수트_수트팬츠_ZA,36.59431839338999,65380993,560,17355926,103120000
6675,2023-05-07,여름,수트_수트팬츠_ZB,27.90074099970908,91072740,912,26894418,126768000
6676,2023-05-07,여름,수트_수트팬츠_ZC,31.968551119166108,43722800,406,12799781,65114000
6677,2023-05-07,여름,스웨터_T-에리_ZA,43.894235521042745,12391720,199,2735336,21870100
6678,2023-05-07,여름,스웨터_T-에리_ZB,48.623888617784175,72157561,1411,14639326,140958900
6679,2023-05-07,여름,스웨터_라운드_ZA,43.81036717817742,16362100,261,3193181,28683900
6680,2023-05-07,여름,스웨터_라운드_ZB,43.08182974766613,42371415,830,9684610,74617000
6681,2023-05-07,여름,우븐 셔츠_드레스셔츠_ZB,44.14528764741607,63289940,1622,8879091,113377800
6682,2023-05-07,여름,우븐 셔츠_캐쥬얼셔츠_ZA,45.93019747113125,18930591,391,4201557,42266400
6683,2023-05-07,여름,우븐 셔츠_캐쥬얼셔츠_ZB,52.13488134563808,49397395,1201,8523268,107969900
6684,2023-05-07,여름,자켓_싱글재킷_ZA,41.167974206419025,197098939,1167,39114354,322793000
6685,2023-05-07,여름,점퍼_점퍼_ZB,54.35127371628646,74049544,597,18892532,159303000
6686,2023-05-07,여름,팬츠_니트팬츠_ZB,47.21949008910495,13297234,200,4631400,27386300
6687,2023-05-07,여름,팬츠_반바지_ZA,45.49499443826474,245000,5,74801,449500
6688,2023-05-07,여름,팬츠_반바지_ZB,44.074248869258206,6287640,131,1931577,11576900
6689,2023-05-07,여름,팬츠_팬츠(일반)_ZA,46.694300336407785,94098037,1105,11317680,153595000
6690,2023-05-07,여름,팬츠_팬츠(일반)_ZB,39.47929492843594,100013010,1662,15592442,166033800
6691,2023-05-14,봄,가죽&FUR_가죽점퍼_ZA,0.0,0,0,0,0
6692,2023-05-14,봄,니트 셔츠_라운드_ZA,76.15320459357157,1486800,52,954961,6234800
6693,2023-05-14,봄,니트 셔츠_오픈형티(맨투맨 등)_ZA,79.27090779127948,1653000,57,951161,7974300
6694,2023-05-14,봄,수트_블레이져(수트)_ZB,32.55263975155279,8614340,51,2791772,13209000
6695,2023-05-14,봄,수트_블레이져(수트)_ZC,28.0,3729600,20,1130956,5180000
6696,2023-05-14,봄,수트_수트팬츠_ZB,30.145092136471447,5960320,65,1862558,9035000
6697,2023-05-14,봄,수트_수트팬츠_ZC,28.470588235294116,1690240,17,400015,2363000
6698,2023-05-14,봄,스웨터_T-에리_ZA,82.7115559599636,11191000,589,7704860,64731100
6699,2023-05-14,봄,스웨터_라운드_ZB,82.97729870978279,4676575,250,3206353,27475000
6700,2023-05-14,봄,스웨터_오픈형(CARDIGAN)_ZB,79.2625211831903,11427464,300,4847112,53700000
6701,2023-05-14,봄,스웨터_후드T_ZA,80.58188991531948,403586,16,339144,2078400
6702,2023-05-14,봄,우븐 셔츠_캐쥬얼셔츠_ZA,85.37336412625096,3667000,193,2283700,25070700
6703,2023-05-14,봄,우븐 셔츠_캐쥬얼셔츠_ZB,76.03559510567297,430880,20,155388,1798000
6704,2023-05-14,봄,점퍼_패딩점퍼_ZB,79.45608167576131,2334200,38,1098188,11362000
6705,2023-05-14,봄,코트_싱글코트_ZB,80.90922791229198,4519798,64,2678265,22976000
6706,2023-05-14,봄,팬츠_니트팬츠_ZA,80.98098098098099,2755000,145,2255592,14485500
6707,2023-05-14,봄,팬츠_팬츠(일반)_ZA,79.4487456188895,799495,28,482131,3892000
6708,2023-05-14,사계절,니트 셔츠_라운드_ZB,65.8009427672441,2923780,107,794987,8549300
6709,2023-05-14,사계절,데님_데님자켓_ZB,41.9622641509434,1384200,15,206130,2385000
6710,2023-05-14,사계절,데님_데님팬츠_ZB,30.53467726047866,16340940,268,4876286,27993200
6711,2023-05-14,사계절,수트_블레이져(수트)_ZB,28.627808002808003,72125100,443,20810032,114737000
6712,2023-05-14,사계절,수트_블레이져(수트)_ZC,37.037974683544306,12882660,79,3784083,20461000
6713,2023-05-14,사계절,수트_수트팬츠_ZB,28.732815964523283,39535770,454,10937692,63106000
6714,2023-05-14,사계절,수트_수트팬츠_ZC,37.89999200639488,7768711,90,2327616,12510000
6715,2023-05-14,사계절,우븐 셔츠_드레스셔츠_ZB,45.92927774649364,65539787,1760,12773827,123024000
6716,2023-05-14,사계절,자켓_싱글재킷_ZB,40.00092980009298,6452900,45,1527052,10755000
6717,2023-05-14,사계절,팬츠_팬츠(일반)_ZB,33.37250369982051,21113920,314,3087300,31368600
6718,2023-05-14,여름,니트 셔츠_라운드(V넥 등)_ZB,54.05351210754725,6500601,118,2205926,14148200
6719,2023-05-14,여름,니트 셔츠_라운드_ZB,44.91369124144071,76835794,2072,13813796,138152800
6720,2023-05-14,여름,니트 셔츠_티에리_ZB,42.143802925632706,35086984,675,5972842,60682500
6721,2023-05-14,여름,수트_블레이져(수트)_ZA,36.7387371897739,91023500,443,26465301,143957000
6722,2023-05-14,여름,수트_블레이져(수트)_ZB,28.249236079810306,117311460,634,36320927,164206000
6723,2023-05-14,여름,수트_블레이져(수트)_ZC,32.936282588006726,64829970,334,20265129,97846000
6724,2023-05-14,여름,수트_수트팬츠_ZA,36.846035553181956,57821880,502,15503674,91698000
6725,2023-05-14,여름,수트_수트팬츠_ZB,28.120194490637555,70008740,704,20794932,97856000
6726,2023-05-14,여름,수트_수트팬츠_ZC,33.08915407482931,37134700,349,10985848,56191000
6727,2023-05-14,여름,스웨터_T-에리_ZA,45.284764852383944,12221310,202,2770672,22199800
6728,2023-05-14,여름,스웨터_T-에리_ZB,48.16628552624829,76180540,1476,15295878,147452400
6729,2023-05-14,여름,스웨터_라운드_ZA,44.57876970085038,12421120,206,2503326,22639400
6730,2023-05-14,여름,스웨터_라운드_ZB,42.685480275430024,40240938,780,9108793,70122000
6731,2023-05-14,여름,우븐 셔츠_드레스셔츠_ZB,44.896006419963676,59710180,1554,8481482,108624600
6732,2023-05-14,여름,우븐 셔츠_캐쥬얼셔츠_ZA,46.42336792044966,16083748,332,3246739,34425000
6733,2023-05-14,여름,우븐 셔츠_캐쥬얼셔츠_ZB,54.15854325154461,47658175,1170,8391148,105183000
6734,2023-05-14,여름,자켓_싱글재킷_ZA,47.82634391845582,163387190,1094,35141669,297786000
6735,2023-05-14,여름,점퍼_점퍼_ZB,52.049780995372586,52309420,417,12075316,109563000
6736,2023-05-14,여름,팬츠_니트팬츠_ZB,44.998756095715585,14824540,226,5038965,29936500
6737,2023-05-14,여름,팬츠_반바지_ZA,45.49499443826474,49000,1,14960,89900
6738,2023-05-14,여름,팬츠_반바지_ZB,43.67783538987672,6787053,141,1948341,12375900
6739,2023-05-14,여름,팬츠_팬츠(일반)_ZA,48.10080332728773,95026320,1104,11149250,153456000
6740,2023-05-14,여름,팬츠_팬츠(일반)_ZB,37.976209684884765,95069790,1547,14505561,154545300
6741,2023-05-21,봄,가죽&FUR_가죽점퍼_ZA,50.0,649500,1,277921,1299000
6742,2023-05-21,봄,니트 셔츠_라운드_ZA,75.81317764804004,493000,17,312199,2038300
6743,2023-05-21,봄,니트 셔츠_오픈형티(맨투맨 등)_ZA,79.82130092923516,1129200,40,667481,5596000
6744,2023-05-21,봄,수트_블레이져(수트)_ZB,27.86521739130435,7308980,42,2320540,10878000
6745,2023-05-21,봄,수트_블레이져(수트)_ZC,28.0,2237760,12,680021,3108000
6746,2023-05-21,봄,수트_수트팬츠_ZB,31.130434782608695,4103280,45,1287694,6255000
6747,2023-05-21,봄,수트_수트팬츠_ZC,28.133333333333333,1498420,15,352789,2085000
6748,2023-05-21,봄,스웨터_T-에리_ZA,82.68824569833659,1693280,89,1164232,9781100
6749,2023-05-21,봄,스웨터_라운드_ZB,83.05922050348802,676560,36,469120,3956400
6750,2023-05-21,봄,스웨터_오픈형(CARDIGAN)_ZB,79.5031066937762,7624600,203,3322177,36619700
6751,2023-05-21,봄,스웨터_후드T_ZA,72.23820521280106,252438,7,148376,909300
6752,2023-05-21,봄,우븐 셔츠_캐쥬얼셔츠_ZA,85.12767595367959,1816000,94,1112268,12210600
6753,2023-05-21,봄,우븐 셔츠_캐쥬얼셔츠_ZB,78.86540600667408,209000,11,85457,988900
6754,2023-05-21,봄,점퍼_패딩점퍼_ZB,78.34458612040133,1035995,16,462365,4784000
6755,2023-05-21,봄,코트_싱글코트_ZB,80.77994428969359,1814000,26,1075244,9334000
6756,2023-05-21,봄,팬츠_니트팬츠_ZA,81.02492736639078,777200,41,637788,4095900
6757,2023-05-21,봄,팬츠_팬츠(일반)_ZA,79.13669064748201,145000,5,92655,695000
6758,2023-05-21,사계절,니트 셔츠_라운드_ZB,63.8715060492282,866000,30,222894,2397000
6759,2023-05-21,사계절,데님_데님자켓_ZB,37.735849056603776,1287000,13,178646,2067000
6760,2023-05-21,사계절,데님_데님팬츠_ZB,41.18296269952321,14347445,236,4299781,24536400
6761,2023-05-21,사계절,수트_블레이져(수트)_ZB,40.955275229357795,72097830,442,20671221,114478000
6762,2023-05-21,사계절,수트_블레이져(수트)_ZC,37.25,10401440,64,3066322,16576000
6763,2023-05-21,사계절,수트_수트팬츠_ZB,39.202521008403366,37801050,432,10348473,60048000
6764,2023-05-21,사계절,수트_수트팬츠_ZC,36.857142857142854,6758180,77,1991214,10703000
6765,2023-05-21,사계절,우븐 셔츠_드레스셔츠_ZB,45.27646953002538,92052989,2418,17358865,169018200
6766,2023-05-21,사계절,자켓_싱글재킷_ZB,40.1255230125523,5008500,35,1187707,8365000
6767,2023-05-21,사계절,팬츠_팬츠(일반)_ZB,36.888224131467375,19751995,309,2995259,30869100
6768,2023-05-21,여름,니트 셔츠_라운드(V넥 등)_ZB,68.26422018348624,951280,25,467357,2997500
6769,2023-05-21,여름,니트 셔츠_라운드_ZB,46.5610363361017,88335719,2543,16505717,166605700
6770,2023-05-21,여름,니트 셔츠_티에리_ZB,44.162584428533314,40077388,800,7033371,71920000
6771,2023-05-21,여름,수트_블레이져(수트)_ZA,37.8936796436663,97253480,474,28454001,155766000
6772,2023-05-21,여름,수트_블레이져(수트)_ZB,28.26736283202248,90572300,487,27978508,126133000
6773,2023-05-21,여름,수트_블레이져(수트)_ZC,32.49968753905762,61688240,316,19198515,93184000
6774,2023-05-21,여름,수트_수트팬츠_ZA,37.836199238050874,61751180,534,16566727,98786000
6775,2023-05-21,여름,수트_수트팬츠_ZB,28.176932362973194,53637320,537,15922395,74643000
6776,2023-05-21,여름,수트_수트팬츠_ZC,32.46318285674721,37128990,345,10863920,56035000
6777,2023-05-21,여름,스웨터_T-에리_ZA,45.326265284170915,14281750,239,3275766,26266100
6778,2023-05-21,여름,스웨터_T-에리_ZB,48.22781354588255,105113289,2036,21261085,203396400
6779,2023-05-21,여름,스웨터_라운드_ZA,45.74107338960183,8599900,146,1776813,16045400
6780,2023-05-21,여름,스웨터_라운드_ZB,43.56833028894982,35665010,707,8127131,63559300
6781,2023-05-21,여름,우븐 셔츠_드레스셔츠_ZB,44.89557237982626,66734950,1733,9015555,121136700
6782,2023-05-21,여름,우븐 셔츠_캐쥬얼셔츠_ZA,46.295892781397946,14524834,281,2700434,28909200
6783,2023-05-21,여름,우븐 셔츠_캐쥬얼셔츠_ZB,55.19153576308597,51112295,1261,9013782,113363900
6784,2023-05-21,여름,자켓_싱글재킷_ZA,46.59553413625289,177903380,1179,38097054,321461000
6785,2023-05-21,여름,점퍼_점퍼_ZB,52.76995812019324,28194520,232,6746588,60748000
6786,2023-05-21,여름,팬츠_니트팬츠_ZB,44.721935040979346,9726200,141,3367548,19835400
6787,2023-05-21,여름,팬츠_반바지_ZA,45.49499443826474,245000,5,74801,449500
6788,2023-05-21,여름,팬츠_반바지_ZB,43.53558787881834,10591904,219,3154357,19278100
6789,2023-05-21,여름,팬츠_팬츠(일반)_ZA,47.35643899920734,113629920,1323,13415563,183897000
6790,2023-05-21,여름,팬츠_팬츠(일반)_ZB,40.57335111985324,98685800,1659,15585164,165734100
6791,2023-05-28,봄,가죽&FUR_가죽점퍼_ZA,0.0,0,0,0,0
6792,2023-05-28,봄,니트 셔츠_라운드_ZA,72.11009174311927,334400,10,183646,1199000
6793,2023-05-28,봄,니트 셔츠_오픈형티(맨투맨 등)_ZA,79.27090779127948,406000,14,233618,1958600
6794,2023-05-28,봄,수트_블레이져(수트)_ZB,32.0,6588960,39,2168873,10101000
6795,2023-05-28,봄,수트_블레이져(수트)_ZC,28.235294117647058,3159800,17,966380,4403000
6796,2023-05-28,봄,수트_수트팬츠_ZB,32.0,3052440,34,1002169,4726000
6797,2023-05-28,봄,수트_수트팬츠_ZC,28.22222222222222,1795880,18,422503,2502000
6798,2023-05-28,봄,스웨터_T-에리_ZA,81.84602410173328,818000,41,536331,4505900
6799,2023-05-28,봄,스웨터_라운드_ZB,81.07991391885841,1296500,62,799046,6813800
6800,2023-05-28,봄,스웨터_오픈형(CARDIGAN)_ZB,81.08161909401244,11572000,333,5609174,61136700
6801,2023-05-28,봄,스웨터_후드T_ZA,74.6404116526883,625900,19,402734,2468100
6802,2023-05-28,봄,우븐 셔츠_캐쥬얼셔츠_ZA,85.37336412625096,1159000,61,721791,7923900
6803,2023-05-28,봄,우븐 셔츠_캐쥬얼셔츠_ZB,74.14812754912866,278890,12,93231,1078800
6804,2023-05-28,봄,점퍼_패딩점퍼_ZB,80.406784519828,2050430,35,1010797,10465000
6805,2023-05-28,봄,코트_싱글코트_ZB,80.14819669743477,1944000,26,1096143,9334000
6806,2023-05-28,봄,팬츠_니트팬츠_ZA,82.46205389062531,858500,49,762235,4895100
6807,2023-05-28,봄,팬츠_팬츠(일반)_ZA,79.37618326391518,605700,21,383501,2919000
6808,2023-05-28,사계절,니트 셔츠_라운드_ZB,67.2090112640801,340600,13,96587,1038700
6809,2023-05-28,사계절,데님_데님자켓_ZB,49.0251572327044,405250,5,68710,795000
6810,2023-05-28,사계절,데님_데님팬츠_ZB,37.29663119304326,11917000,183,3322484,19131700
6811,2023-05-28,사계절,수트_블레이져(수트)_ZB,50.150377255187074,101281501,757,33562618,196063000
6812,2023-05-28,사계절,수트_블레이져(수트)_ZC,38.53277563277563,10143010,63,3026036,16317000
6813,2023-05-28,사계절,수트_수트팬츠_ZB,52.50343983689178,54337457,800,17812551,111200000
6814,2023-05-28,사계절,수트_수트팬츠_ZC,38.53163999412715,5551220,64,1641070,8896000
6815,2023-05-28,사계절,우븐 셔츠_드레스셔츠_ZB,46.357512004251596,39052680,1085,7964538,75841500
6816,2023-05-28,사계절,자켓_싱글재킷_ZB,46.54811715481171,6132000,48,1628855,11472000
6817,2023-05-28,사계절,팬츠_팬츠(일반)_ZB,30.858015459464735,10890850,160,1523707,15984000
6818,2023-05-28,여름,니트 셔츠_라운드(V넥 등)_ZB,52.16790507240883,2523430,44,822549,5275600
6819,2023-05-28,여름,니트 셔츠_라운드_ZB,51.34043979280409,94557510,3056,20084539,201694400
6820,2023-05-28,여름,니트 셔츠_티에리_ZB,51.678507842476655,40039658,919,8112789,82618100
6821,2023-05-28,여름,수트_블레이져(수트)_ZA,36.82546151166841,70126150,343,20413640,111217000
6822,2023-05-28,여름,수트_블레이져(수트)_ZB,28.52802974924685,61582430,331,18981115,85729000
6823,2023-05-28,여름,수트_블레이져(수트)_ZC,32.5132862550961,46148050,237,14396477,69543000
6824,2023-05-28,여름,수트_수트팬츠_ZA,36.88109270633,43908650,380,11700166,69540000
6825,2023-05-28,여름,수트_수트팬츠_ZB,28.613779011616696,37511930,377,11138982,52403000
6826,2023-05-28,여름,수트_수트팬츠_ZC,32.53834033613445,27224950,255,8035148,40885000
6827,2023-05-28,여름,스웨터_T-에리_ZA,49.7253481598653,15300445,279,3819557,30662100
6828,2023-05-28,여름,스웨터_T-에리_ZB,51.232793131023215,88836458,1797,18927921,179520300
6829,2023-05-28,여름,스웨터_라운드_ZA,53.03416667909724,8089670,160,1935897,17584000
6830,2023-05-28,여름,스웨터_라운드_ZB,50.42056190024918,33136990,743,8636497,66795700
6831,2023-05-28,여름,우븐 셔츠_드레스셔츠_ZB,44.91677061530547,52453550,1362,7142510,95203800
6832,2023-05-28,여름,우븐 셔츠_캐쥬얼셔츠_ZA,47.15155820488328,17959000,351,3337865,35883100
6833,2023-05-28,여름,우븐 셔츠_캐쥬얼셔츠_ZB,56.424942380173846,53829600,1377,9756883,123792300
6834,2023-05-28,여름,자켓_싱글재킷_ZA,47.31456519405628,148812670,996,32099707,271524000
6835,2023-05-28,여름,점퍼_점퍼_ZB,57.72033160588283,25839270,240,6716604,63060000
6836,2023-05-28,여름,팬츠_니트팬츠_ZB,53.09899466552906,11437886,190,4236423,25168900
6837,2023-05-28,여름,팬츠_반바지_ZA,49.76084538375973,451650,10,149602,899000
6838,2023-05-28,여름,팬츠_반바지_ZB,53.30629978264118,14532750,345,4242486,29635500
6839,2023-05-28,여름,팬츠_팬츠(일반)_ZA,47.64117798257032,80730370,950,9810480,132050000
6840,2023-05-28,여름,팬츠_팬츠(일반)_ZB,48.13557976577617,126311150,2452,23057703,244954800
6841,2023-06-04,봄,가죽&FUR_가죽점퍼_ZA,51.50647182979746,-2196000,-4,-1060144,-4596000
6842,2023-06-04,봄,니트 셔츠_라운드_ZA,76.50215759509736,648000,23,422387,2757700
6843,2023-06-04,봄,니트 셔츠_오픈형티(맨투맨 등)_ZA,79.22325470574219,87200,3,50061,419700
6844,2023-06-04,봄,수트_블레이져(수트)_ZB,32.043436293436294,4345800,26,1456906,6734000
6845,2023-06-04,봄,수트_블레이져(수트)_ZC,28.0,1118880,6,337425,1554000
6846,2023-06-04,봄,수트_수트팬츠_ZB,49.0,2885640,31,909314,4309000
6847,2023-06-04,봄,수트_수트팬츠_ZC,28.0,700560,7,164447,973000
6848,2023-06-04,봄,스웨터_T-에리_ZA,83.97510133178923,774900,44,575575,4835600
6849,2023-06-04,봄,스웨터_라운드_ZB,81.60080592746652,1132360,56,716653,6154400
6850,2023-06-04,봄,스웨터_오픈형(CARDIGAN)_ZB,80.33041882727069,3392700,94,1606231,17410600
6851,2023-06-04,봄,스웨터_후드T_ZA,70.01539645881448,77900,2,42393,259800
6852,2023-06-04,봄,우븐 셔츠_캐쥬얼셔츠_ZA,83.45026678346738,1246890,58,686294,7534200
6853,2023-06-04,봄,우븐 셔츠_캐쥬얼셔츠_ZB,-inf,14000,0,-33,0
6854,2023-06-04,봄,점퍼_패딩점퍼_ZB,79.5524788510722,2078695,34,982408,10166000
6855,2023-06-04,봄,코트_싱글코트_ZB,74.80152042711235,1625202,22,994136,7898000
6856,2023-06-04,봄,팬츠_니트팬츠_ZA,79.35268601935269,309400,15,233337,1498500
6857,2023-06-04,봄,팬츠_팬츠(일반)_ZA,87.02980472764645,-193600,-8,-145423,-1112000
6858,2023-06-04,사계절,니트 셔츠_라운드_ZB,63.103879849812266,766480,26,193174,2077400
6859,2023-06-04,사계절,데님_데님자켓_ZB,48.287295597484274,822232,10,137420,1590000
6860,2023-06-04,사계절,데님_데님팬츠_ZB,46.90974613835835,14861724,275,5029204,28732500
6861,2023-06-04,사계절,수트_블레이져(수트)_ZB,46.00492057374739,174720377,1083,49724513,280497000
6862,2023-06-04,사계절,수트_블레이져(수트)_ZC,36.96964956195244,20914250,128,6186897,33152000
6863,2023-06-04,사계절,수트_수트팬츠_ZB,49.07901854110154,96571867,1131,26434120,157209000
6864,2023-06-04,사계절,수트_수트팬츠_ZC,37.02123397435898,12961750,148,3734501,20572000
6865,2023-06-04,사계절,우븐 셔츠_드레스셔츠_ZB,45.88432655716061,57975190,1548,11239167,108205200
6866,2023-06-04,사계절,자켓_싱글재킷_ZB,46.28353433423579,4365000,34,1153772,8126000
6867,2023-06-04,사계절,팬츠_팬츠(일반)_ZB,34.47196559231981,18399560,286,2591599,28571400
6868,2023-06-04,여름,니트 셔츠_라운드(V넥 등)_ZB,54.94569047780057,5996233,111,2075066,13308900
6869,2023-06-04,여름,니트 셔츠_라운드_ZB,58.93205031446974,135095620,4989,32683875,329521100
6870,2023-06-04,여름,니트 셔츠_티에리_ZB,57.73463017482914,60398050,1593,13906754,143210700
6871,2023-06-04,여름,수트_블레이져(수트)_ZA,37.251541211564586,87082530,422,25271775,138818000
6872,2023-06-04,여름,수트_블레이져(수트)_ZB,28.148204299461277,75811890,407,23227198,105413000
6873,2023-06-04,여름,수트_블레이져(수트)_ZC,32.544424996572666,46337219,238,14481575,69862000
6874,2023-06-04,여름,수트_수트팬츠_ZA,37.47040607179975,57140983,494,15261972,91546000
6875,2023-06-04,여름,수트_수트팬츠_ZB,28.58773726420202,48573739,488,14313310,67832000
6876,2023-06-04,여름,수트_수트팬츠_ZC,32.37428005305253,28240385,264,8314036,42256000
6877,2023-06-04,여름,스웨터_T-에리_ZA,62.030855197150956,16962900,411,5618194,45168900
6878,2023-06-04,여름,스웨터_T-에리_ZB,65.30723908670518,115888869,3337,33850700,333366300
6879,2023-06-04,여름,스웨터_라운드_ZA,59.95730166286752,10393210,242,2948935,26595800
6880,2023-06-04,여름,스웨터_라운드_ZB,58.751711756792716,45880127,1197,14027267,107610300
6881,2023-06-04,여름,우븐 셔츠_드레스셔츠_ZB,46.52062828991289,78113680,2089,12231152,146021100
6882,2023-06-04,여름,우븐 셔츠_캐쥬얼셔츠_ZA,52.747380332334195,22826996,481,4593580,49413800
6883,2023-06-04,여름,우븐 셔츠_캐쥬얼셔츠_ZB,61.25411214189593,70044900,2017,14367413,181328300
6884,2023-06-04,여름,자켓_싱글재킷_ZA,48.139931421515435,186105786,1273,40936569,346467000
6885,2023-06-04,여름,점퍼_점퍼_ZB,57.738159547814725,26528422,254,6439816,66386000
6886,2023-06-04,여름,팬츠_니트팬츠_ZB,57.99142250106017,13528035,255,5439120,32490000
6887,2023-06-04,여름,팬츠_반바지_ZA,54.82828142380423,649750,16,239363,1438400
6888,2023-06-04,여름,팬츠_반바지_ZB,60.632698260484396,21992532,608,8024930,52749200
6889,2023-06-04,여름,팬츠_팬츠(일반)_ZA,48.98927787459931,111857387,1346,13711147,187094000
6890,2023-06-04,여름,팬츠_팬츠(일반)_ZB,57.515418897347494,163417278,3828,35851036,382417200
6891,2023-06-11,봄,가죽&FUR_가죽점퍼_ZA,52.32229920451629,1858000,3,833763,3897000
6892,2023-06-11,봄,니트 셔츠_라운드_ZA,78.77397831526272,305400,12,220376,1438800
6893,2023-06-11,봄,니트 셔츠_오픈형티(맨투맨 등)_ZA,79.27090779127948,638000,22,367115,3077800
6894,2023-06-11,봄,수트_블레이져(수트)_ZB,31.84375,3535350,21,1153757,5439000
6895,2023-06-11,봄,수트_블레이져(수트)_ZC,28.0,1678320,9,511309,2331000
6896,2023-06-11,봄,수트_수트팬츠_ZB,32.9,2164230,24,691533,3336000
6897,2023-06-11,봄,수트_수트팬츠_ZC,28.0,900720,9,211111,1251000
6898,2023-06-11,봄,스웨터_T-에리_ZA,83.7270245677889,447100,25,327031,2747500
6899,2023-06-11,봄,스웨터_라운드_ZB,83.43376933575978,983906,54,695265,5934600
6900,2023-06-11,봄,스웨터_오픈형(CARDIGAN)_ZB,79.09081418442042,2765300,72,1213401,13222800
6901,2023-06-11,봄,스웨터_후드T_ZA,69.9769053117783,78000,2,42393,259800
6902,2023-06-11,봄,우븐 셔츠_캐쥬얼셔츠_ZA,84.3870284834488,649000,32,378645,4156800
6903,2023-06-11,봄,우븐 셔츠_캐쥬얼셔츠_ZB,72.74749721913237,49000,2,15547,179800
6904,2023-06-11,봄,점퍼_패딩점퍼_ZB,87.00191113234591,272050,7,202178,2093000
6905,2023-06-11,봄,코트_싱글코트_ZB,80.36211699164346,2516000,34,1445850,12206000
6906,2023-06-11,봄,팬츠_니트팬츠_ZA,81.71112288759348,310600,17,264449,1698300
6907,2023-06-11,봄,팬츠_팬츠(일반)_ZA,79.21489208633093,371263,13,218295,1807000
6908,2023-06-11,사계절,니트 셔츠_라운드_ZB,61.76032540675845,427749,14,104017,1118600
6909,2023-06-11,사계절,데님_데님자켓_ZB,40.468204053109716,851900,9,123678,1431000
6910,2023-06-11,사계절,데님_데님팬츠_ZB,47.73726493609129,12739800,244,4471277,25435600
6911,2023-06-11,사계절,수트_블레이져(수트)_ZB,57.385175902438995,124613571,946,42225258,245014000
6912,2023-06-11,사계절,수트_블레이져(수트)_ZC,37.09929620563035,31139570,191,9249454,49469000
6913,2023-06-11,사계절,수트_수트팬츠_ZB,59.442799175339054,72879843,1081,24503153,150259000
6914,2023-06-11,사계절,수트_수트팬츠_ZC,37.122957516339866,14080700,161,4023887,22379000
6915,2023-06-11,사계절,우븐 셔츠_드레스셔츠_ZB,47.40162592934965,58181250,1584,11439789,110721600
6916,2023-06-11,사계절,자켓_싱글재킷_ZB,37.65690376569037,2086000,14,475083,3346000
6917,2023-06-11,사계절,팬츠_팬츠(일반)_ZB,34.15402980620372,11995800,184,1735176,18381600
6918,2023-06-11,여름,니트 셔츠_라운드(V넥 등)_ZB,56.83442669886597,3467620,67,1252517,8033300
6919,2023-06-11,여름,니트 셔츠_라운드_ZB,61.01963480033188,126670260,4962,32869395,326303800
6920,2023-06-11,여름,니트 셔츠_티에리_ZB,59.90490071289063,61375924,1709,15064588,153639100
6921,2023-06-11,여름,수트_블레이져(수트)_ZA,37.160204744881376,75870490,371,22124085,120749000
6922,2023-06-11,여름,수트_블레이져(수트)_ZB,28.383104607583775,71406300,384,21880577,99456000
6923,2023-06-11,여름,수트_블레이져(수트)_ZC,32.63136686009027,43982430,226,13743568,66454000
6924,2023-06-11,여름,수트_수트팬츠_ZA,36.86587523458228,50045840,431,13259783,79149000
6925,2023-06-11,여름,수트_수트팬츠_ZB,28.289200238273775,41143500,412,12048481,57268000
6926,2023-06-11,여름,수트_수트팬츠_ZC,32.8281746031746,26648380,249,7876166,40371000
6927,2023-06-11,여름,스웨터_T-에리_ZA,64.05483120306548,19574850,497,6793728,54620300
6928,2023-06-11,여름,스웨터_T-에리_ZB,65.0459620951704,146258495,4176,41981815,417182400
6929,2023-06-11,여름,스웨터_라운드_ZA,65.48921118984813,10225650,260,3184968,28574000
6930,2023-06-11,여름,스웨터_라운드_ZB,56.246840148496744,42496940,1083,12358118,97361700
6931,2023-06-11,여름,우븐 셔츠_드레스셔츠_ZB,47.18346220580316,63946950,1731,11001917,120996900
6932,2023-06-11,여름,우븐 셔츠_캐쥬얼셔츠_ZA,52.45944228470516,22754830,514,4769267,52155900
6933,2023-06-11,여름,우븐 셔츠_캐쥬얼셔츠_ZB,62.38943564066403,61999900,1841,13050857,165505900
6934,2023-06-11,여름,자켓_싱글재킷_ZA,50.333091034971424,177402530,1291,39727417,345289000
6935,2023-06-11,여름,점퍼_점퍼_ZB,60.43098821423945,10727000,103,3056290,26977000
6936,2023-06-11,여름,팬츠_니트팬츠_ZB,58.26915842979837,11972650,241,4745556,28652800
6937,2023-06-11,여름,팬츠_반바지_ZA,55.48100039470379,1240700,31,463767,2786900
6938,2023-06-11,여름,팬츠_반바지_ZB,64.5254807227861,31818470,977,12950316,84652300
6939,2023-06-11,여름,팬츠_팬츠(일반)_ZA,50.653686647669794,115016030,1513,14629166,210307000
6940,2023-06-11,여름,팬츠_팬츠(일반)_ZB,62.6879089594219,133725218,3471,32261947,346752900
6941,2023-06-18,봄,가죽&FUR_가죽점퍼_ZA,45.14514370028227,17295700,27,7426557,34173000
6942,2023-06-18,봄,니트 셔츠_라운드_ZA,77.29357798165138,108900,4,73459,479600
6943,2023-06-18,봄,니트 셔츠_오픈형티(맨투맨 등)_ZA,79.27090779127948,377000,13,216931,1818700
6944,2023-06-18,봄,수트_블레이져(수트)_ZB,31.0,3978240,23,1258785,5957000
6945,2023-06-18,봄,수트_블레이져(수트)_ZC,32.4,875420,5,284290,1295000
6946,2023-06-18,봄,수트_수트팬츠_ZB,31.0,2301840,25,720680,3475000
6947,2023-06-18,봄,수트_수트팬츠_ZC,35.666666666666664,536540,6,141116,834000
6948,2023-06-18,봄,스웨터_T-에리_ZA,82.79829581692788,4045600,214,2799389,23518600
6949,2023-06-18,봄,스웨터_라운드_ZB,83.27700506954375,293700,16,206160,1758400
6950,2023-06-18,봄,스웨터_오픈형(CARDIGAN)_ZB,79.71797915314028,1632100,44,763218,8225600
6951,2023-06-18,봄,스웨터_후드T_ZA,69.9769053117783,117000,3,63590,389700
6952,2023-06-18,봄,우븐 셔츠_캐쥬얼셔츠_ZA,84.69310712382305,1033950,52,615296,6754800
6953,2023-06-18,봄,우븐 셔츠_캐쥬얼셔츠_ZB,78.86540600667408,228000,12,93171,1078800
6954,2023-06-18,봄,점퍼_패딩점퍼_ZB,78.80565217391305,633711,10,288907,2990000
6955,2023-06-18,봄,코트_싱글코트_ZB,80.77994428969359,4917000,63,2786544,22617000
6956,2023-06-18,봄,팬츠_니트팬츠_ZA,81.49816483149816,221800,12,186670,1198800
6957,2023-06-18,봄,팬츠_팬츠(일반)_ZA,79.13669064748201,145000,5,78525,695000
6958,2023-06-18,사계절,니트 셔츠_라운드_ZB,63.79587785224141,17616600,609,4524739,48659100
6959,2023-06-18,사계절,데님_데님자켓_ZB,37.735849056603776,396000,4,54968,636000
6960,2023-06-18,사계절,데님_데님팬츠_ZB,49.84916612891806,9262900,180,3279222,18742000
6961,2023-06-18,사계절,수트_블레이져(수트)_ZB,58.325047766000544,102045804,725,32996079,187775000
6962,2023-06-18,사계절,수트_블레이져(수트)_ZC,37.24254683734549,26649730,165,7991039,42735000
6963,2023-06-18,사계절,수트_수트팬츠_ZB,59.32782159202346,60977543,823,18996292,114397000
6964,2023-06-18,사계절,수트_수트팬츠_ZC,37.475488180883865,13851160,160,4003095,22240000
6965,2023-06-18,사계절,우븐 셔츠_드레스셔츠_ZB,42.554867707316774,60278100,1524,10896040,106527600
6966,2023-06-18,사계절,자켓_싱글재킷_ZB,37.65690376569037,2384000,16,542952,3824000
6967,2023-06-18,사계절,팬츠_팬츠(일반)_ZB,37.75648420809711,10847720,174,1699302,17382600
6968,2023-06-18,여름,니트 셔츠_라운드(V넥 등)_ZB,59.77266769927321,3376280,70,1308600,8393000
6969,2023-06-18,여름,니트 셔츠_라운드_ZB,65.30676781450472,123119373,5373,35765711,353302700
6970,2023-06-18,여름,니트 셔츠_티에리_ZB,65.02806309335466,73666130,2348,20728122,211085200
6971,2023-06-18,여름,수트_블레이져(수트)_ZA,41.64402398834695,59425652,319,18904937,103441000
6972,2023-06-18,여름,수트_블레이져(수트)_ZB,34.00321041981532,59979160,349,19914666,90391000
6973,2023-06-18,여름,수트_블레이져(수트)_ZC,36.849122807017544,31587728,172,10493490,51388000
6974,2023-06-18,여름,수트_수트팬츠_ZA,41.27801250760551,39770961,376,11452343,68424000
6975,2023-06-18,여름,수트_수트팬츠_ZB,33.92404390729467,36916990,401,11792478,55739000
6976,2023-06-18,여름,수트_수트팬츠_ZC,36.81626044091469,17757449,176,5569806,28824000
6977,2023-06-18,여름,스웨터_T-에리_ZA,64.90396473777639,14704950,381,5190431,41871900
6978,2023-06-18,여름,스웨터_T-에리_ZB,67.03432802191199,184306834,5589,56141874,558341100
6979,2023-06-18,여름,스웨터_라운드_ZA,64.72735331727122,9304000,243,3005654,26705700
6980,2023-06-18,여름,스웨터_라운드_ZB,64.90532498523946,39213650,1212,14274297,108958800
6981,2023-06-18,여름,우븐 셔츠_드레스셔츠_ZB,60.09123292289844,62448100,2245,14657144,156925500
6982,2023-06-18,여름,우븐 셔츠_캐쥬얼셔츠_ZA,58.78777505515028,14417611,332,3387522,34113200
6983,2023-06-18,여름,우븐 셔츠_캐쥬얼셔츠_ZB,67.48332728305336,61542100,2108,14931751,189509200
6984,2023-06-18,여름,자켓_싱글재킷_ZA,53.85169399191319,140605900,1128,35652642,305052000
6985,2023-06-18,여름,점퍼_점퍼_ZB,48.96533983512882,14400000,216,4678237,56124000
6986,2023-06-18,여름,팬츠_니트팬츠_ZB,61.1923462859108,14197600,339,5940172,36483000
6987,2023-06-18,여름,팬츠_반바지_ZA,63.61970817247923,1668000,51,762971,4584900
6988,2023-06-18,여름,팬츠_반바지_ZB,69.95187357527745,27506530,1030,12950689,89107000
6989,2023-06-18,여름,팬츠_팬츠(일반)_ZA,55.997647806142076,92870500,1434,14277342,199326000
6990,2023-06-18,여름,팬츠_팬츠(일반)_ZB,63.691004862969635,155299395,4280,40077587,427572000
6991,2023-06-25,봄,가죽&FUR_가죽점퍼_ZA,45.0,-10442100,-16,-4472506,-21084000
6992,2023-06-25,봄,니트 셔츠_라운드_ZA,78.77397831526272,203600,8,146917,959200
6993,2023-06-25,봄,니트 셔츠_오픈형티(맨투맨 등)_ZA,79.82487491065046,564500,20,333741,2798000
6994,2023-06-25,봄,수트_블레이져(수트)_ZB,27.25,2393160,13,717978,3367000
6995,2023-06-25,봄,수트_블레이져(수트)_ZC,28.0,559440,3,169747,777000
6996,2023-06-25,봄,수트_수트팬츠_ZB,27.25,1617960,17,500331,2363000
6997,2023-06-25,봄,수트_수트팬츠_ZC,28.0,400320,4,93609,556000
6998,2023-06-25,봄,스웨터_T-에리_ZA,84.91977185467942,679500,41,536331,4505900
6999,2023-06-25,봄,스웨터_라운드_ZB,82.68225659690629,2514400,135,1647012,14836500
7000,2023-06-25,봄,스웨터_오픈형(CARDIGAN)_ZB,82.28019166369384,2599000,80,1331765,14582000
7001,2023-06-25,봄,스웨터_후드T_ZA,81.62047729022325,95500,4,84786,519600
7002,2023-06-25,봄,우븐 셔츠_캐쥬얼셔츠_ZA,85.61830778920849,1233000,66,780953,8573400
7003,2023-06-25,봄,우븐 셔츠_캐쥬얼셔츠_ZB,81.81312569521691,98100,6,46619,539400
7004,2023-06-25,봄,점퍼_패딩점퍼_ZB,83.13311036789298,756480,15,433361,4485000
7005,2023-06-25,봄,코트_싱글코트_ZB,80.93557943140115,-5618400,-66,-3066172,-23694000
7006,2023-06-25,봄,팬츠_니트팬츠_ZA,82.22222222222223,355200,20,311116,1998000
7007,2023-06-25,봄,팬츠_팬츠(일반)_ZA,81.03717026378897,237500,9,149823,1251000
7008,2023-06-25,사계절,니트 셔츠_라운드_ZB,42.27439471753485,6687800,145,1077319,11585500
7009,2023-06-25,사계절,데님_데님자켓_ZB,37.735849056603776,-99000,-1,-13742,-159000
7010,2023-06-25,사계절,데님_데님팬츠_ZB,42.25196449253893,9264800,157,2897642,16244300
7011,2023-06-25,사계절,수트_블레이져(수트)_ZB,56.73933364402321,92162557,576,26714784,149184000
7012,2023-06-25,사계절,수트_블레이져(수트)_ZC,37.224028059176575,34009530,212,10274893,54908000
7013,2023-06-25,사계절,수트_수트팬츠_ZB,59.1521569442749,51730786,599,14236940,83261000
7014,2023-06-25,사계절,수트_수트팬츠_ZC,37.57404714526251,17301550,201,5016021,27939000
7015,2023-06-25,사계절,우븐 셔츠_드레스셔츠_ZB,49.54408554374693,34078300,1019,7552229,71228100
7016,2023-06-25,사계절,자켓_싱글재킷_ZB,32.86128097843579,2086000,13,441148,3107000
7017,2023-06-25,사계절,팬츠_팬츠(일반)_ZB,34.52856520823424,10356070,159,1491626,15884100
7018,2023-06-25,여름,니트 셔츠_라운드(V넥 등)_ZB,59.867597998331945,3079600,64,1196434,7673600
7019,2023-06-25,여름,니트 셔츠_라운드_ZB,66.25114478748473,134349187,5554,38106183,372904600
7020,2023-06-25,여름,니트 셔츠_티에리_ZB,64.99207278062018,66613930,2127,19061387,191217300
7021,2023-06-25,여름,수트_블레이져(수트)_ZA,44.00430147654842,54382175,300,17906143,98220000
7022,2023-06-25,여름,수트_블레이져(수트)_ZB,36.327151097371456,44490372,268,15269201,69412000
7023,2023-06-25,여름,수트_블레이져(수트)_ZC,39.04152659451992,25583985,144,8803448,43356000
7024,2023-06-25,여름,수트_수트팬츠_ZA,43.471193661668444,34673549,335,10298196,61805000
7025,2023-06-25,여름,수트_수트팬츠_ZB,35.205679620035795,29045528,322,9440149,44758000
7026,2023-06-25,여름,수트_수트팬츠_ZC,38.991454545454545,15732954,160,5117059,26640000
7027,2023-06-25,여름,스웨터_T-에리_ZA,61.519853124032664,15893850,376,5129777,41322400
7028,2023-06-25,여름,스웨터_T-에리_ZB,65.49650321374443,121606772,3479,35813994,347552100
7029,2023-06-25,여름,스웨터_라운드_ZA,67.70065319121278,8426150,235,2889236,25826500
7030,2023-06-25,여름,스웨터_라운드_ZB,59.59200967818728,35513130,976,11138477,87742400
7031,2023-06-25,여름,우븐 셔츠_드레스셔츠_ZB,63.17689364335543,73597100,2915,20220822,203758500
7032,2023-06-25,여름,우븐 셔츠_캐쥬얼셔츠_ZA,60.63725345651863,11079750,267,2718209,27677900
7033,2023-06-25,여름,우븐 셔츠_캐쥬얼셔츠_ZB,69.49263087355382,57804500,2116,15009098,190228400
7034,2023-06-25,여름,자켓_싱글재킷_ZA,53.15253438340607,142429000,1104,34961387,298516000
7035,2023-06-25,여름,점퍼_점퍼_ZB,62.25060464469332,12562900,193,4261924,50287000
7036,2023-06-25,여름,팬츠_니트팬츠_ZB,58.98661363078448,11935600,265,4810072,29388400
7037,2023-06-25,여름,팬츠_반바지_ZA,60.367486507642234,1924000,54,807852,4854600
7038,2023-06-25,여름,팬츠_반바지_ZB,67.28736624382282,46826302,1633,20340948,141116700
7039,2023-06-25,여름,팬츠_팬츠(일반)_ZA,55.92314225294049,81102300,1239,12324626,172221000
7040,2023-06-25,여름,팬츠_팬츠(일반)_ZB,62.80994995940867,142525442,3853,36065416,384914700
7041,2023-07-02,봄,가죽&FUR_가죽점퍼_ZA,46.209209209209206,12896900,21,5578641,24279000
7042,2023-07-02,봄,니트 셔츠_라운드_ZA,79.27580893682588,2932100,118,2167028,14148200
7043,2023-07-02,봄,니트 셔츠_오픈형티(맨투맨 등)_ZA,80.65284727186085,1624000,60,1001222,8394000
7044,2023-07-02,봄,수트_블레이져(수트)_ZB,26.320179932679935,9432350,53,2769910,13727000
7045,2023-07-02,봄,수트_블레이져(수트)_ZC,28.0,2051280,11,624818,2849000
7046,2023-07-02,봄,수트_수트팬츠_ZB,34.79820804195804,5338990,58,1609391,8062000
7047,2023-07-02,봄,수트_수트팬츠_ZC,3.3333333333333335,1612400,12,279421,1668000
7048,2023-07-02,봄,스웨터_T-에리_ZA,85.85422484390197,2254200,145,1896782,15935500
7049,2023-07-02,봄,스웨터_라운드_ZB,83.47697475761665,13143350,714,9287367,78468600
7050,2023-07-02,봄,스웨터_오픈형(CARDIGAN)_ZB,79.96090879073519,11008350,291,4520938,50880900
7051,2023-07-02,봄,스웨터_후드T_ZA,69.9769053117783,273000,7,148376,909300
7052,2023-07-02,봄,우븐 셔츠_캐쥬얼셔츠_ZA,85.6598220504522,2738300,147,1739397,19095300
7053,2023-07-02,봄,우븐 셔츠_캐쥬얼셔츠_ZB,77.62898947548558,522900,26,201859,2337400
7054,2023-07-02,봄,점퍼_패딩점퍼_ZB,79.68157748049052,2916100,48,1387001,14352000
7055,2023-07-02,봄,코트_싱글코트_ZB,79.90139275766018,3017700,40,1678259,14360000
7056,2023-07-02,봄,팬츠_니트팬츠_ZA,81.78178178178179,546000,30,466674,2997000
7057,2023-07-02,봄,팬츠_팬츠(일반)_ZA,79.15390544707091,697550,24,405181,3336000
7058,2023-07-02,사계절,니트 셔츠_라운드_ZB,63.74268648819154,17816300,615,4569318,49138500
7059,2023-07-02,사계절,데님_데님자켓_ZB,65.3251572327044,330798,6,82452,954000
7060,2023-07-02,사계절,데님_데님팬츠_ZB,37.63057076074134,8437900,132,2437036,13666800
7061,2023-07-02,사계절,수트_블레이져(수트)_ZB,51.01098322595283,85240290,548,24966241,141932000
7062,2023-07-02,사계절,수트_블레이져(수트)_ZC,38.65743853459371,29954980,182,8821251,47138000
7063,2023-07-02,사계절,수트_수트팬츠_ZB,51.99130526379082,55213451,655,15223816,91045000
7064,2023-07-02,사계절,수트_수트팬츠_ZC,29.68660678818908,15482090,173,4317169,24047000
7065,2023-07-02,사계절,우븐 셔츠_드레스셔츠_ZB,49.37302178979451,42064199,1357,9754801,94854300
7066,2023-07-02,사계절,자켓_싱글재킷_ZB,31.95131228604032,1789000,11,373279,2629000
7067,2023-07-02,사계절,팬츠_팬츠(일반)_ZB,39.945787317372016,13466770,213,2030976,21278700
7068,2023-07-02,여름,니트 셔츠_라운드(V넥 등)_ZB,58.75306716950116,3412400,69,1289906,8273100
7069,2023-07-02,여름,니트 셔츠_라운드_ZB,65.21757896945607,124492706,5107,35855539,346809300
7070,2023-07-02,여름,니트 셔츠_티에리_ZB,66.95460717359462,66636645,2312,19940006,207848800
7071,2023-07-02,여름,수트_블레이져(수트)_ZA,43.25245183986821,49968324,271,16154015,88369000
7072,2023-07-02,여름,수트_블레이져(수트)_ZB,34.946464174635295,42952318,252,14417755,65268000
7073,2023-07-02,여름,수트_블레이져(수트)_ZC,38.039022390726366,20451355,114,6944070,33906000
7074,2023-07-02,여름,수트_수트팬츠_ZA,43.4637936294239,32649086,316,9713587,57924000
7075,2023-07-02,여름,수트_수트팬츠_ZB,32.88474554260837,26935473,289,8493850,40171000
7076,2023-07-02,여름,수트_수트팬츠_ZC,34.54272080208174,14257667,137,4348580,22643000
7077,2023-07-02,여름,스웨터_T-에리_ZA,58.876008513874375,19091595,423,5772500,46487700
7078,2023-07-02,여름,스웨터_T-에리_ZB,68.59613411710137,177129755,5715,60830800,570928500
7079,2023-07-02,여름,스웨터_라운드_ZA,61.43898917245596,8867354,214,2646201,23518600
7080,2023-07-02,여름,스웨터_라운드_ZB,60.77692627303882,31873145,905,10477641,81359500
7081,2023-07-02,여름,우븐 셔츠_드레스셔츠_ZB,48.189242091137444,47877365,1501,8170853,104919900
7082,2023-07-02,여름,우븐 셔츠_캐쥬얼셔츠_ZA,57.584099276041435,16384656,356,3433931,36420800
7083,2023-07-02,여름,우븐 셔츠_캐쥬얼셔츠_ZB,69.76310607906026,55343385,2057,14472960,184924300
7084,2023-07-02,여름,자켓_싱글재킷_ZA,51.9949864295308,113291936,871,27577582,235709000
7085,2023-07-02,여름,점퍼_점퍼_ZB,66.46654809486463,15298545,203,5436350,53837000
7086,2023-07-02,여름,팬츠_니트팬츠_ZB,60.615026488711116,13068306,311,5394147,33182000
7087,2023-07-02,여름,팬츠_반바지_ZA,60.39624740277457,1887000,53,792891,4764700
7088,2023-07-02,여름,팬츠_반바지_ZB,69.2624021489345,38603493,1412,16301902,121498800
7089,2023-07-02,여름,팬츠_팬츠(일반)_ZA,56.76302715166415,80623060,1258,12950611,174862000
7090,2023-07-02,여름,팬츠_팬츠(일반)_ZB,65.7718624816447,184231218,5760,55256637,575424000
7091,2023-07-09,가을,우븐 셔츠_캐쥬얼셔츠_ZB,0.0,0,0,0,0
7092,2023-07-09,가을,팬츠_팬츠(일반)_ZB,0.0,0,0,0,0
7093,2023-07-09,겨울,우븐 셔츠_캐쥬얼셔츠_ZA,0.0,0,0,0,0
7094,2023-07-09,봄,가죽&FUR_가죽점퍼_ZA,48.75,-5325900,-8,-2223368,-10392000
7095,2023-07-09,봄,니트 셔츠_라운드_ZA,76.20132161416565,1483800,52,954961,6234800
7096,2023-07-09,봄,니트 셔츠_오픈형티(맨투맨 등)_ZA,79.27090779127948,1972000,68,1134718,9513200
7097,2023-07-09,봄,수트_블레이져(수트)_ZB,36.22,7065520,40,2116880,10360000
7098,2023-07-09,봄,수트_블레이져(수트)_ZC,28.533333333333335,2776480,15,852871,3885000
7099,2023-07-09,봄,수트_수트팬츠_ZB,29.925,6905520,71,1959894,9869000
7100,2023-07-09,봄,수트_수트팬츠_ZC,28.5,3180320,32,753366,4448000
7101,2023-07-09,봄,스웨터_T-에리_ZA,83.04243527173463,615000,33,431681,3626700
7102,2023-07-09,봄,스웨터_라운드_ZB,83.16601006464356,1294000,70,921058,7693000
7103,2023-07-09,봄,스웨터_오픈형(CARDIGAN)_ZB,79.00554317431275,2237900,58,1001776,10814200
7104,2023-07-09,봄,스웨터_후드T_ZA,69.9769053117783,702000,18,381537,2338200
7105,2023-07-09,봄,우븐 셔츠_캐쥬얼셔츠_ZA,85.36694893507827,684300,36,425974,4676400
7106,2023-07-09,봄,우븐 셔츠_캐쥬얼셔츠_ZB,78.82704921176787,1104000,58,450204,5214200
7107,2023-07-09,봄,점퍼_패딩점퍼_ZB,81.90001153269519,1569450,29,837954,8671000
7108,2023-07-09,봄,코트_싱글코트_ZB,81.68523676880223,-28000,3,64423,1077000
7109,2023-07-09,봄,팬츠_니트팬츠_ZA,80.84195306417529,2756000,144,2240037,14385600
7110,2023-07-09,봄,팬츠_팬츠(일반)_ZA,78.63934939005318,745800,26,416808,3614000
7111,2023-07-09,사계절,니트 셔츠_라운드_ZB,63.70463078848561,-7859000,-271,-2013472,-21652900
7112,2023-07-09,사계절,데님_데님자켓_ZB,69.86163522012579,95840,2,27484,318000
7113,2023-07-09,사계절,데님_데님팬츠_ZB,40.09508731694307,8909840,144,2622610,15005600
7114,2023-07-09,사계절,수트_블레이져(수트)_ZB,62.19487501187374,111194141,925,41466653,239575000
7115,2023-07-09,사계절,수트_블레이져(수트)_ZC,40.17106533224954,25812780,161,7801759,41699000
7116,2023-07-09,사계절,수트_수트팬츠_ZB,63.94166657167985,67674954,1088,24889138,151232000
7117,2023-07-09,사계절,수트_수트팬츠_ZC,39.73313787326303,13468370,156,3895113,21684000
7118,2023-07-09,사계절,우븐 셔츠_드레스셔츠_ZB,48.55694472303087,36472145,1019,7346923,71228100
7119,2023-07-09,사계절,자켓_싱글재킷_ZB,37.65690376569037,1341000,9,305410,2151000
7120,2023-07-09,사계절,팬츠_팬츠(일반)_ZB,36.149653199298584,10819330,176,1746567,17582400
7121,2023-07-09,여름,니트 셔츠_라운드(V넥 등)_ZB,66.63306378503826,4600800,115,2149843,13788500
7122,2023-07-09,여름,니트 셔츠_라운드_ZB,68.65811526774056,89118467,4620,29557538,297718000
7123,2023-07-09,여름,니트 셔츠_티에리_ZB,74.1870080959303,52796086,2417,22203816,217288300
7124,2023-07-09,여름,수트_블레이져(수트)_ZA,39.556116905137664,38264091,195,11645888,63765000
7125,2023-07-09,여름,수트_블레이져(수트)_ZB,32.14238242061771,35222676,200,11370646,51800000
7126,2023-07-09,여름,수트_블레이져(수트)_ZC,35.51457142857143,17084214,92,5587690,26828000
7127,2023-07-09,여름,수트_수트팬츠_ZA,39.26436723035885,26289612,237,7289234,43543000
7128,2023-07-09,여름,수트_수트팬츠_ZB,31.314939039532756,23165484,243,7094365,33777000
7129,2023-07-09,여름,수트_수트팬츠_ZC,34.34183673469388,11990782,115,3634420,18625000
7130,2023-07-09,여름,스웨터_T-에리_ZA,61.75794630864175,14533000,347,4738433,38135300
7131,2023-07-09,여름,스웨터_T-에리_ZB,70.96982685775392,102415702,3727,35657616,372327300
7132,2023-07-09,여름,스웨터_라운드_ZA,63.57827370975208,8162830,196,2418987,21540400
7133,2023-07-09,여름,스웨터_라운드_ZB,59.66022768942261,24993490,685,7897373,61581500
7134,2023-07-09,여름,우븐 셔츠_드레스셔츠_ZB,65.20427371317788,58960890,2424,15616301,169437600
7135,2023-07-09,여름,우븐 셔츠_캐쥬얼셔츠_ZA,64.19739148555007,18937511,558,5144691,56720600
7136,2023-07-09,여름,우븐 셔츠_캐쥬얼셔츠_ZB,76.59298090610055,44172508,2124,14824196,190947600
7137,2023-07-09,여름,자켓_싱글재킷_ZA,45.14274907537149,66635300,561,18066744,153659000
7138,2023-07-09,여름,점퍼_점퍼_ZB,61.570535994310944,8946300,168,3206070,43332000
7139,2023-07-09,여름,팬츠_니트팬츠_ZB,65.88566309320291,13534500,403,6424371,40060000
7140,2023-07-09,여름,팬츠_반바지_ZA,62.517784618568434,2897900,86,1286578,7731400
7141,2023-07-09,여름,팬츠_반바지_ZB,70.17964303538065,29955250,1158,10611864,98494200
7142,2023-07-09,여름,팬츠_팬츠(일반)_ZA,56.50138660320181,56446100,882,9312075,122598000
7143,2023-07-09,여름,팬츠_팬츠(일반)_ZB,71.12204666439044,124788101,4515,41827418,451048500
7144,2023-07-16,가을,수트_블레이져(수트)_ZB,20.89793103448276,18374940,83,4232777,23157000
7145,2023-07-16,가을,수트_블레이져(수트)_ZC,0.0,0,0,0,0
7146,2023-07-16,가을,수트_수트팬츠_ZB,20.950663129973474,11109440,94,2371406,14006000
7147,2023-07-16,가을,수트_수트팬츠_ZC,0.0,0,0,0,0
7148,2023-07-16,가을,우븐 셔츠_캐쥬얼셔츠_ZB,22.887984981226534,1398800,23,199474,1837700
7149,2023-07-16,가을,팬츠_팬츠(일반)_ZB,28.551628551628554,7906200,111,1124403,11088900
7150,2023-07-16,겨울,우븐 셔츠_캐쥬얼셔츠_ZA,0.0,0,0,0,0
7151,2023-07-16,봄,가죽&FUR_가죽점퍼_ZA,50.0,649500,1,277921,1299000
7152,2023-07-16,봄,니트 셔츠_라운드_ZA,80.38444735692443,493900,21,385657,2517900
7153,2023-07-16,봄,니트 셔츠_오픈형티(맨투맨 등)_ZA,84.27448177269478,1100000,50,834352,6995000
7154,2023-07-16,봄,수트_블레이져(수트)_ZB,27.676748176748177,8033600,45,2457094,11655000
7155,2023-07-16,봄,수트_블레이져(수트)_ZC,34.70691470691471,1860200,11,623784,2849000
7156,2023-07-16,봄,수트_수트팬츠_ZB,7.617942583732058,2988500,33,963516,4587000
7157,2023-07-16,봄,수트_수트팬츠_ZC,26.8,2034960,20,471416,2780000
7158,2023-07-16,봄,스웨터_T-에리_ZA,83.82945534901859,248800,14,183138,1538600
7159,2023-07-16,봄,스웨터_라운드_ZB,82.79171541227956,721900,38,489105,4176200
7160,2023-07-16,봄,스웨터_오픈형(CARDIGAN)_ZB,81.09003001612832,2736200,80,1412561,15122000
7161,2023-07-16,봄,스웨터_후드T_ZA,69.9769053117783,390000,10,211965,1299000
7162,2023-07-16,봄,우븐 셔츠_캐쥬얼셔츠_ZA,85.37336412625096,1102000,58,686292,7534200
7163,2023-07-16,봄,우븐 셔츠_캐쥬얼셔츠_ZB,78.59444967342631,1501000,78,606232,7012200
7164,2023-07-16,봄,점퍼_패딩점퍼_ZB,80.2675585284281,531000,9,259903,2691000
7165,2023-07-16,봄,코트_싱글코트_ZB,81.80618677613253,2364000,36,1485937,12924000
7166,2023-07-16,봄,팬츠_니트팬츠_ZA,80.47199742114996,1151000,59,917793,5894100
7167,2023-07-16,봄,팬츠_팬츠(일반)_ZA,79.13669064748201,232000,8,128466,1112000
7168,2023-07-16,사계절,니트 셔츠_라운드_ZB,58.17124826228225,-20520600,-614,-4561888,-49058600
7169,2023-07-16,사계절,데님_데님자켓_ZB,33.611635220125784,844460,8,109936,1272000
7170,2023-07-16,사계절,데님_데님팬츠_ZB,43.94841388414869,6803780,118,2163874,12128200
7171,2023-07-16,사계절,수트_블레이져(수트)_ZB,62.469190384434285,95983742,706,32114569,182854000
7172,2023-07-16,사계절,수트_블레이져(수트)_ZC,44.22880754770519,21204890,136,6590139,35224000
7173,2023-07-16,사계절,수트_수트팬츠_ZB,63.104855797901365,58079270,835,19332381,116065000
7174,2023-07-16,사계절,수트_수트팬츠_ZC,35.576920931948536,12061900,142,3547611,19738000
7175,2023-07-16,사계절,우븐 셔츠_드레스셔츠_ZB,46.47208122055425,31209704,842,6100439,58855800
7176,2023-07-16,사계절,자켓_싱글재킷_ZB,38.26882845188285,1770450,12,407214,2868000
7177,2023-07-16,사계절,팬츠_팬츠(일반)_ZB,34.15735264139519,7426755,115,1124248,11488500
7178,2023-07-16,여름,니트 셔츠_라운드(V넥 등)_ZB,67.19248496554145,3736940,95,1775957,11390500
7179,2023-07-16,여름,니트 셔츠_라운드_ZB,71.20457632757939,60465229,3326,21764005,218627400
7180,2023-07-16,여름,니트 셔츠_티에리_ZB,76.71833961049354,51318604,2466,22669933,221693400
7181,2023-07-16,여름,수트_블레이져(수트)_ZA,36.93966188410633,36173270,173,10416520,57347000
7182,2023-07-16,여름,수트_블레이져(수트)_ZB,28.563987058104704,31741344,171,9726018,44289000
7183,2023-07-16,여름,수트_블레이져(수트)_ZC,30.3125,14864430,74,4529969,22526000
7184,2023-07-16,여름,수트_수트팬츠_ZA,36.91537758192242,22762330,193,5982621,36067000
7185,2023-07-16,여름,수트_수트팬츠_ZB,28.27510154789526,20892064,209,6089552,29051000
7186,2023-07-16,여름,수트_수트팬츠_ZC,32.51044209945513,11433182,104,3346895,17696000
7187,2023-07-16,여름,스웨터_T-에리_ZA,63.79195912775402,17179640,432,5895309,47476800
7188,2023-07-16,여름,스웨터_T-에리_ZB,73.17294955383161,74568049,2912,27828370,290908800
7189,2023-07-16,여름,스웨터_라운드_ZA,62.55048135259784,9033110,216,2642785,23738400
7190,2023-07-16,여름,스웨터_라운드_ZB,63.54872831804594,24364965,732,8416164,65806800
7191,2023-07-16,여름,우븐 셔츠_드레스셔츠_ZB,67.13016368913776,47827650,2086,13030939,145811400
7192,2023-07-16,여름,우븐 셔츠_캐쥬얼셔츠_ZA,69.01863912924966,13473809,464,4480208,47704600
7193,2023-07-16,여름,우븐 셔츠_캐쥬얼셔츠_ZB,80.61978948830775,39509420,2257,15770687,202904300
7194,2023-07-16,여름,자켓_싱글재킷_ZA,55.997977491812094,62980650,518,16439289,140542000
7195,2023-07-16,여름,점퍼_점퍼_ZB,inf,10802550,159,3572279,41181000
7196,2023-07-16,여름,팬츠_니트팬츠_ZB,68.70036168824456,13147450,425,6829012,42527000
7197,2023-07-16,여름,팬츠_반바지_ZA,57.574175387618894,1868900,49,733051,4405100
7198,2023-07-16,여름,팬츠_반바지_ZB,71.13678654036363,35416590,1372,13672703,116642800
7199,2023-07-16,여름,팬츠_팬츠(일반)_ZA,58.301910138538894,51370400,853,8977158,118567000
7200,2023-07-16,여름,팬츠_팬츠(일반)_ZB,73.35261375488932,118901633,4577,42555192,457242300
7201,2023-07-23,가을,수트_블레이져(수트)_ZB,21.123456790123456,22375800,101,5105717,28179000
7202,2023-07-23,가을,수트_블레이져(수트)_ZC,27.0,8146800,40,2084914,11160000
7203,2023-07-23,가을,수트_수트팬츠_ZB,20.980676328502415,13380200,113,2834733,16837000
7204,2023-07-23,가을,수트_수트팬츠_ZC,26.755555555555556,4911040,45,1150477,6705000
7205,2023-07-23,가을,우븐 셔츠_캐쥬얼셔츠_ZB,26.4556886584421,3058000,52,443169,4154800
7206,2023-07-23,가을,팬츠_팬츠(일반)_ZB,30.93093093093093,2070000,30,303817,2997000
7207,2023-07-23,겨울,우븐 셔츠_캐쥬얼셔츠_ZA,0.0,99900,1,10378,99900
7208,2023-07-23,봄,가죽&FUR_가죽점퍼_ZA,57.27945902022115,1661950,3,807993,3597000
7209,2023-07-23,봄,니트 셔츠_라운드_ZA,70.15697605147146,500945,14,257105,1678600
7210,2023-07-23,봄,니트 셔츠_오픈형티(맨투맨 등)_ZA,68.90636168691923,87000,2,33374,279800
7211,2023-07-23,봄,수트_블레이져(수트)_ZB,52.4375,1857030,8,450530,2072000
7212,2023-07-23,봄,수트_블레이져(수트)_ZC,40.833333333333336,-2758350,-18,-1011242,-4662000
7213,2023-07-23,봄,수트_수트팬츠_ZB,10.310353221182455,1798440,15,496386,2085000
7214,2023-07-23,봄,수트_수트팬츠_ZC,52.563767168083714,-725300,-11,-261710,-1529000
7215,2023-07-23,봄,스웨터_T-에리_ZA,72.33848953594176,304000,10,130813,1099000
7216,2023-07-23,봄,스웨터_라운드_ZB,97.91770928116469,820445,14,203003,1538600
7217,2023-07-23,봄,스웨터_오픈형(CARDIGAN)_ZB,62.902515421752,1819285,22,401808,4247800
7218,2023-07-23,봄,스웨터_후드T_ZA,58.97813702848345,266437,5,105983,649500
7219,2023-07-23,봄,우븐 셔츠_캐쥬얼셔츠_ZA,82.62336412625096,451445,20,236653,2598000
7220,2023-07-23,봄,우븐 셔츠_캐쥬얼셔츠_ZB,76.95791620318873,621445,30,233008,2697000
7221,2023-07-23,봄,점퍼_패딩점퍼_ZB,115.04459308807135,269900,-6,-173363,-1794000
7222,2023-07-23,봄,코트_싱글코트_ZB,92.32729805013928,591450,0,-34744,0
7223,2023-07-23,봄,팬츠_니트팬츠_ZA,70.40683540683541,206945,7,108891,699300
7224,2023-07-23,봄,팬츠_팬츠(일반)_ZA,20.341726618705035,279450,4,71298,556000
7225,2023-07-23,사계절,니트 셔츠_라운드_ZB,63.36090112640801,-7318660,-250,-1857446,-19975000
7226,2023-07-23,사계절,데님_데님자켓_ZB,37.735849056603776,396000,4,54968,636000
7227,2023-07-23,사계절,데님_데님팬츠_ZB,44.992798437807245,6567910,117,2139083,12148300
7228,2023-07-23,사계절,수트_블레이져(수트)_ZB,61.10932753728452,94685486,715,32355926,185185000
7229,2023-07-23,사계절,수트_블레이져(수트)_ZC,36.881681681681684,15667680,97,4701736,25123000
7230,2023-07-23,사계절,수트_수트팬츠_ZB,62.41857626100556,56527281,824,18985548,114536000
7231,2023-07-23,사계절,수트_수트팬츠_ZC,36.77196598159138,8701380,100,2502665,13900000
7232,2023-07-23,사계절,우븐 셔츠_드레스셔츠_ZB,46.27449037602823,33550679,903,6500432,63119700
7233,2023-07-23,사계절,자켓_싱글재킷_ZB,37.65690376569037,1937000,13,441148,3107000
7234,2023-07-23,사계절,팬츠_팬츠(일반)_ZB,35.5661543896838,8603600,134,1239896,13386600
7235,2023-07-23,여름,니트 셔츠_라운드(V넥 등)_ZB,68.46742032926599,4499100,119,2224620,14268100
7236,2023-07-23,여름,니트 셔츠_라운드_ZB,71.11282251330044,95924224,5314,33747777,342608600
7237,2023-07-23,여름,니트 셔츠_티에리_ZB,75.07277964411846,46703940,2202,19242193,197959800
7238,2023-07-23,여름,수트_블레이져(수트)_ZA,36.84169934640523,27073193,132,7821656,42828000
7239,2023-07-23,여름,수트_블레이져(수트)_ZB,28.03925339366516,22942220,123,7057457,31857000
7240,2023-07-23,여름,수트_블레이져(수트)_ZC,32.60526315789474,14586110,74,4528526,22466000
7241,2023-07-23,여름,수트_수트팬츠_ZA,36.97444444444445,18359383,160,4873876,29120000
7242,2023-07-23,여름,수트_수트팬츠_ZB,28.05218253968254,16313040,163,4797489,22657000
7243,2023-07-23,여름,수트_수트팬츠_ZC,32.666666666666664,8931460,82,2622016,13718000
7244,2023-07-23,여름,스웨터_T-에리_ZA,65.49098092282806,10191880,267,3644131,29343300
7245,2023-07-23,여름,스웨터_T-에리_ZB,71.62412474126606,75961988,2767,27015537,276423300
7246,2023-07-23,여름,스웨터_라운드_ZA,64.77491438286518,8527510,218,2687874,23958200
7247,2023-07-23,여름,스웨터_라운드_ZB,62.59165766544761,22965130,678,7779996,60952200
7248,2023-07-23,여름,우븐 셔츠_드레스셔츠_ZB,67.27722082187273,46426800,2038,13323089,142456200
7249,2023-07-23,여름,우븐 셔츠_캐쥬얼셔츠_ZA,68.06350007817824,13672032,449,4135556,45288700
7250,2023-07-23,여름,우븐 셔츠_캐쥬얼셔츠_ZB,80.58884990802252,43263002,2472,17338441,222232800
7251,2023-07-23,여름,자켓_싱글재킷_ZA,54.71431972750432,70730300,565,18319029,154555000
7252,2023-07-23,여름,점퍼_점퍼_ZB,62.37138581616573,10356800,139,3585316,36841000
7253,2023-07-23,여름,팬츠_니트팬츠_ZB,69.13732975844833,14147500,507,7679232,48310500
7254,2023-07-23,여름,팬츠_반바지_ZA,61.494506834077434,2527000,73,1092096,6562700
7255,2023-07-23,여름,팬츠_반바지_ZB,72.30371157493191,35618860,1433,14695025,123006700
7256,2023-07-23,여름,팬츠_팬츠(일반)_ZA,56.693939576791614,44713100,714,7947975,99246000
7257,2023-07-23,여름,팬츠_팬츠(일반)_ZB,72.66287779773828,130001392,4907,45719553,490209300
7258,2023-07-30,가을,수트_블레이져(수트)_ZB,20.196078431372552,34930800,157,8159966,43803000
7259,2023-07-30,가을,수트_블레이져(수트)_ZC,26.27027027027027,7611120,37,1928546,10323000
7260,2023-07-30,가을,수트_수트팬츠_ZB,20.18018018018018,20085200,169,4349847,25181000
7261,2023-07-30,가을,수트_수트팬츠_ZC,26.105263157894736,4183920,38,971514,5662000
7262,2023-07-30,가을,우븐 셔츠_캐쥬얼셔츠_ZB,26.6270337922403,3289000,56,430619,4474400
7263,2023-07-30,가을,팬츠_팬츠(일반)_ZB,30.93093093093093,2553000,37,372888,3696300
7264,2023-07-30,겨울,우븐 셔츠_캐쥬얼셔츠_ZA,0.5555555555555556,5364630,54,560393,5394600
7265,2023-07-30,봄,가죽&FUR_가죽점퍼_ZA,0.0,0,0,0,0
7266,2023-07-30,봄,니트 셔츠_라운드_ZA,0.0,0,0,0,0
7267,2023-07-30,봄,니트 셔츠_오픈형티(맨투맨 등)_ZA,0.0,0,0,0,0
7268,2023-07-30,봄,수트_블레이져(수트)_ZB,39.14285714285714,2051280,13,711433,3367000
7269,2023-07-30,봄,수트_블레이져(수트)_ZC,46.0,699300,5,283256,1295000
7270,2023-07-30,봄,수트_수트팬츠_ZB,43.0,1109220,14,406197,1946000
7271,2023-07-30,봄,수트_수트팬츠_ZC,46.0,225180,3,70558,417000
7272,2023-07-30,봄,스웨터_T-에리_ZA,0.0,0,0,0,0
7273,2023-07-30,봄,스웨터_라운드_ZB,0.0,0,0,0,0
7274,2023-07-30,봄,스웨터_오픈형(CARDIGAN)_ZB,0.0,0,0,0,0
7275,2023-07-30,봄,스웨터_후드T_ZA,0.0,0,0,0,0
7276,2023-07-30,봄,우븐 셔츠_캐쥬얼셔츠_ZA,85.37336412625096,38000,2,23665,259800
7277,2023-07-30,봄,우븐 셔츠_캐쥬얼셔츠_ZB,0.0,0,0,0,0
7278,2023-07-30,봄,점퍼_패딩점퍼_ZB,0.0,0,0,0,0
7279,2023-07-30,봄,코트_싱글코트_ZB,0.0,0,0,0,0
7280,2023-07-30,봄,팬츠_니트팬츠_ZA,0.0,0,0,0,0
7281,2023-07-30,봄,팬츠_팬츠(일반)_ZA,0.0,0,0,0,0
7282,2023-07-30,사계절,니트 셔츠_라운드_ZB,-334.8435544430538,-1389760,-4,-29719,-319600
7283,2023-07-30,사계절,데님_데님자켓_ZB,41.967854647099934,830440,9,123678,1431000
7284,2023-07-30,사계절,데님_데님팬츠_ZB,25.473932470535445,10280960,147,2617636,15085300
7285,2023-07-30,사계절,수트_블레이져(수트)_ZB,59.45104121345256,80439044,585,26667629,151515000
7286,2023-07-30,사계절,수트_블레이져(수트)_ZC,37.9209528405957,18719760,118,5717463,30562000
7287,2023-07-30,사계절,수트_수트팬츠_ZB,59.90733849209253,46756907,635,14818198,88265000
7288,2023-07-30,사계절,수트_수트팬츠_ZC,44.24267194939701,10491360,124,3095664,17236000
7289,2023-07-30,사계절,우븐 셔츠_드레스셔츠_ZB,46.50981617005087,45512562,1253,8959876,87584700
7290,2023-07-30,사계절,자켓_싱글재킷_ZB,37.65690376569037,1639000,11,373279,2629000
7291,2023-07-30,사계절,팬츠_팬츠(일반)_ZB,35.53236271986272,8995620,142,1289560,14185800
7292,2023-07-30,여름,니트 셔츠_라운드(V넥 등)_ZB,70.68438535002676,6080850,173,3234112,20742700
7293,2023-07-30,여름,니트 셔츠_라운드_ZB,71.05070726228325,76148024,4327,26685605,273307300
7294,2023-07-30,여름,니트 셔츠_티에리_ZB,74.23293331721327,26901877,1175,10451390,105632500
7295,2023-07-30,여름,수트_블레이져(수트)_ZA,37.51945276085144,31154303,154,9123376,49966000
7296,2023-07-30,여름,수트_블레이져(수트)_ZB,28.717932817932816,22574132,122,6930265,31598000
7297,2023-07-30,여름,수트_블레이져(수트)_ZC,20.677304964539008,13492290,62,3785704,18878000
7298,2023-07-30,여름,수트_수트팬츠_ZA,36.32912141493478,18908493,163,4938979,29737000
7299,2023-07-30,여름,수트_수트팬츠_ZB,27.543507229830645,15307772,154,4484733,21406000
7300,2023-07-30,여름,수트_수트팬츠_ZC,28.962481962481966,9767890,85,2721309,14335000
7301,2023-07-30,여름,스웨터_T-에리_ZA,64.68727263735576,11496040,296,4032596,32530400
7302,2023-07-30,여름,스웨터_T-에리_ZB,73.00027795092723,50802775,1814,18645079,181218600
7303,2023-07-30,여름,스웨터_라운드_ZA,62.5931044055246,8461170,206,2536398,22639400
7304,2023-07-30,여름,스웨터_라운드_ZB,63.03125100464871,15683276,469,5370724,42163100
7305,2023-07-30,여름,우븐 셔츠_드레스셔츠_ZB,67.42389089273114,44731323,1964,12581291,137283600
7306,2023-07-30,여름,우븐 셔츠_캐쥬얼셔츠_ZA,68.27520426740851,13602484,431,4180516,44507900
7307,2023-07-30,여름,우븐 셔츠_캐쥬얼셔츠_ZB,81.22637600065012,29627497,1743,12213935,156695700
7308,2023-07-30,여름,자켓_싱글재킷_ZA,53.82112717079849,55150900,425,13648142,115755000
7309,2023-07-30,여름,점퍼_점퍼_ZB,66.93551800699353,8466303,130,3191819,34150000
7310,2023-07-30,여름,팬츠_니트팬츠_ZB,70.24195690388896,16301051,639,9391088,59389200
7311,2023-07-30,여름,팬츠_반바지_ZA,59.70247772249997,3296700,91,1361380,8180900
7312,2023-07-30,여름,팬츠_반바지_ZB,70.58956531171364,23496220,962,8106188,81043800
7313,2023-07-30,여름,팬츠_팬츠(일반)_ZA,59.83547012679352,32099350,499,5121865,69361000
7314,2023-07-30,여름,팬츠_팬츠(일반)_ZB,73.05242150734375,118597981,4480,41682279,447552000
7315,2023-08-06,가을,수트_블레이져(수트)_ZB,20.62121212121212,39450600,178,9178377,49662000
7316,2023-08-06,가을,수트_블레이져(수트)_ZC,20.142857142857142,9357660,42,2189160,11718000
7317,2023-08-06,가을,수트_수트팬츠_ZB,20.770562770562773,23497300,199,5072540,29651000
7318,2023-08-06,가을,수트_수트팬츠_ZC,22.060606060606062,3832280,33,843683,4917000
7319,2023-08-06,가을,우븐 셔츠_캐쥬얼셔츠_ZB,26.366291197329996,4000000,68,567353,5433200
7320,2023-08-06,가을,팬츠_팬츠(일반)_ZB,30.93093093093093,11937000,173,1750061,17282700
7321,2023-08-06,겨울,우븐 셔츠_캐쥬얼셔츠_ZA,0.0,199800,2,20755,199800
7322,2023-08-06,겨울,팬츠_팬츠(일반)_ZG,0.0,0,0,0,0
7323,2023-08-06,봄,가죽&FUR_가죽점퍼_ZA,0.0,0,0,0,0
7324,2023-08-06,봄,니트 셔츠_라운드_ZA,59.63808224025071,1597000,33,606033,3956700
7325,2023-08-06,봄,니트 셔츠_오픈형티(맨투맨 등)_ZA,0.0,0,0,0,0
7326,2023-08-06,봄,수트_블레이져(수트)_ZB,42.333333333333336,4993520,35,1780430,9065000
7327,2023-08-06,봄,수트_블레이져(수트)_ZC,41.38461538461539,1973580,13,737293,3367000
7328,2023-08-06,봄,수트_수트팬츠_ZB,42.333333333333336,2913440,38,1020456,5282000
7329,2023-08-06,봄,수트_수트팬츠_ZC,41.5,975780,12,281669,1668000
7330,2023-08-06,봄,스웨터_T-에리_ZA,72.78517660683266,329000,11,143894,1208900
7331,2023-08-06,봄,스웨터_라운드_ZB,57.89560757713624,1018000,22,296967,2417800
7332,2023-08-06,봄,스웨터_오픈형(CARDIGAN)_ZB,65.11461432002928,2193000,37,547432,6286300
7333,2023-08-06,봄,스웨터_후드T_ZA,0.0,0,0,0,0
7334,2023-08-06,봄,우븐 셔츠_캐쥬얼셔츠_ZA,0.0,0,0,0,0
7335,2023-08-06,봄,우븐 셔츠_캐쥬얼셔츠_ZB,0.0,0,0,0,0
7336,2023-08-06,봄,점퍼_패딩점퍼_ZB,96.94983277591973,9120,1,28862,299000
7337,2023-08-06,봄,코트_싱글코트_ZB,0.0,0,0,0,0
7338,2023-08-06,봄,팬츠_니트팬츠_ZA,0.0,0,0,0,0
7339,2023-08-06,봄,팬츠_팬츠(일반)_ZA,79.13669064748201,522000,18,282689,2502000
7340,2023-08-06,사계절,니트 셔츠_라운드_ZB,-36.42052565707134,1635000,15,111447,1198500
7341,2023-08-06,사계절,데님_데님자켓_ZB,37.735849056603776,396000,4,54968,636000
7342,2023-08-06,사계절,데님_데님팬츠_ZB,23.138318570590332,5265607,81,1472136,8421900
7343,2023-08-06,사계절,수트_블레이져(수트)_ZB,58.74481442848378,81538498,522,24151939,135198000
7344,2023-08-06,사계절,수트_블레이져(수트)_ZC,38.87062141413777,19561980,123,5954614,31857000
7345,2023-08-06,사계절,수트_수트팬츠_ZB,63.01172363612204,44678984,496,11798180,68944000
7346,2023-08-06,사계절,수트_수트팬츠_ZC,39.74382242105475,11928618,140,3508950,19460000
7347,2023-08-06,사계절,우븐 셔츠_드레스셔츠_ZB,44.928691225866714,39291820,1023,7287827,71507700
7348,2023-08-06,사계절,자켓_싱글재킷_ZB,37.65690376569037,2235000,15,509017,3585000
7349,2023-08-06,사계절,팬츠_팬츠(일반)_ZB,32.69787344596505,10899630,161,1586608,16083900
7350,2023-08-06,여름,니트 셔츠_라운드(V넥 등)_ZB,67.67881731508282,7905632,204,3813635,24459600
7351,2023-08-06,여름,니트 셔츠_라운드_ZB,70.63106733760748,65453047,3440,22737839,227736000
7352,2023-08-06,여름,니트 셔츠_티에리_ZB,76.92634665641266,23477756,1099,9412809,98800100
7353,2023-08-06,여름,수트_블레이져(수트)_ZA,37.25055657420003,26417730,131,7720242,42149000
7354,2023-08-06,여름,수트_블레이져(수트)_ZB,27.903856107660456,27713000,148,8394173,38332000
7355,2023-08-06,여름,수트_블레이져(수트)_ZC,31.67894736842105,11544690,58,3534586,17302000
7356,2023-08-06,여름,수트_수트팬츠_ZA,37.30211446017929,15666850,138,4164505,25022000
7357,2023-08-06,여름,수트_수트팬츠_ZB,27.808946397268972,16364354,163,4734658,22657000
7358,2023-08-06,여름,수트_수트팬츠_ZC,32.19211822660098,9416100,86,2733247,14274000
7359,2023-08-06,여름,스웨터_T-에리_ZA,61.68864835957681,11450350,272,3704785,29892800
7360,2023-08-06,여름,스웨터_T-에리_ZB,75.14511101200164,57476615,2271,22976050,226872900
7361,2023-08-06,여름,스웨터_라운드_ZA,64.18155849580094,5662850,147,1800460,16155300
7362,2023-08-06,여름,스웨터_라운드_ZB,62.12301240317659,19255817,564,6380157,50703600
7363,2023-08-06,여름,우븐 셔츠_드레스셔츠_ZB,66.06700072859431,60395390,2524,15550845,176427600
7364,2023-08-06,여름,우븐 셔츠_캐쥬얼셔츠_ZA,68.35297123246393,20448076,752,7216422,77489500
7365,2023-08-06,여름,우븐 셔츠_캐쥬얼셔츠_ZB,80.88136871016441,33222296,1933,13392858,173776700
7366,2023-08-06,여름,자켓_싱글재킷_ZA,55.444819867111214,65850256,568,18309702,156092000
7367,2023-08-06,여름,점퍼_점퍼_ZB,64.58612740625787,9799900,156,3366821,40524000
7368,2023-08-06,여름,팬츠_니트팬츠_ZB,68.46318162348362,18716606,762,10639719,67916700
7369,2023-08-06,여름,팬츠_반바지_ZA,62.725779967159276,2111100,63,942494,5663700
7370,2023-08-06,여름,팬츠_반바지_ZB,72.81303833756569,38214150,1691,13909310,142470900
7371,2023-08-06,여름,팬츠_팬츠(일반)_ZA,57.53721544041412,44564172,761,8956412,105779000
7372,2023-08-06,여름,팬츠_팬츠(일반)_ZB,72.84247474891974,134295120,5151,48097509,514584900
7373,2023-08-13,가을,니트 셔츠_라운드_ZB,30.55013655872025,1068000,22,119592,1537800
7374,2023-08-13,가을,수트_블레이져(수트)_ZB,29.50729729634354,95197590,483,24887330,134757000
7375,2023-08-13,가을,수트_블레이져(수트)_ZC,29.96875,18757170,96,5003794,26784000
7376,2023-08-13,가을,수트_수트팬츠_ZB,29.49925436095113,53771120,511,13060518,76139000
7377,2023-08-13,가을,수트_수트팬츠_ZC,29.97196261682243,11164570,107,2735580,15943000
7378,2023-08-13,가을,우븐 셔츠_캐쥬얼셔츠_ZB,28.100601942904824,5288000,92,771067,7350800
7379,2023-08-13,가을,팬츠_팬츠(일반)_ZB,32.53132811956341,3777100,56,566967,5594400
7380,2023-08-13,겨울,니트 셔츠_라운드_ZB,0.0,0,0,0,0
7381,2023-08-13,겨울,수트_블레이져(수트)_ZB,0.0,0,0,0,0
7382,2023-08-13,겨울,수트_수트팬츠_ZB,0.0,0,0,0,0
7383,2023-08-13,겨울,우븐 셔츠_캐쥬얼셔츠_ZA,-1.6216216216216217,-3756240,-37,-383973,-3696300
7384,2023-08-13,겨울,팬츠_팬츠(일반)_ZG,0.0,0,0,0,0
7385,2023-08-13,봄,가죽&FUR_가죽점퍼_ZA,100.0,0,-7,-1868137,-8193000
7386,2023-08-13,봄,니트 셔츠_라운드_ZA,59.132610508757296,980000,20,367293,2398000
7387,2023-08-13,봄,니트 셔츠_오픈형티(맨투맨 등)_ZA,0.0,0,0,0,0
7388,2023-08-13,봄,수트_블레이져(수트)_ZB,64.68478260869566,4638690,23,1128422,5957000
7389,2023-08-13,봄,수트_블레이져(수트)_ZC,10.0,1631700,7,393663,1813000
7390,2023-08-13,봄,수트_수트팬츠_ZB,76.5673076923077,3113600,14,358757,1946000
7391,2023-08-13,봄,수트_수트팬츠_ZC,-30.0,542100,3,70558,417000
7392,2023-08-13,봄,스웨터_T-에리_ZA,127.75987998917935,2257600,-74,-968013,-8132600
7393,2023-08-13,봄,스웨터_라운드_ZB,103.71698573272197,2500000,-599,-7674738,-65830100
7394,2023-08-13,봄,스웨터_오픈형(CARDIGAN)_ZB,104.4402672657487,2142500,-163,-2505924,-28323700
7395,2023-08-13,봄,스웨터_후드T_ZA,100.0,0,-10,-211965,-1299000
7396,2023-08-13,봄,우븐 셔츠_캐쥬얼셔츠_ZA,67.47498075442648,507000,12,141992,1558800
7397,2023-08-13,봄,우븐 셔츠_캐쥬얼셔츠_ZB,0.0,0,0,0,0
7398,2023-08-13,봄,점퍼_패딩점퍼_ZB,59.006211180124225,2574000,21,606535,6279000
7399,2023-08-13,봄,코트_싱글코트_ZB,82.03342618384401,387000,2,68328,718000
7400,2023-08-13,봄,팬츠_니트팬츠_ZA,0.0,0,0,0,0
7401,2023-08-13,봄,팬츠_팬츠(일반)_ZA,98.80395683453237,287600,7,132544,973000
7402,2023-08-13,사계절,니트 셔츠_라운드_ZB,63.82393576386067,8902640,308,2288374,24609200
7403,2023-08-13,사계절,데님_데님자켓_ZB,43.237058538945334,1173290,13,178646,2067000
7404,2023-08-13,사계절,데님_데님팬츠_ZB,16.686967699099938,5833345,99,1786768,10310100
7405,2023-08-13,사계절,수트_블레이져(수트)_ZB,59.514594376658444,82109464,618,28157077,160062000
7406,2023-08-13,사계절,수트_블레이져(수트)_ZC,18.00229628124365,15331670,98,4749966,25382000
7407,2023-08-13,사계절,수트_수트팬츠_ZB,62.38635099505213,47123929,690,16024358,95910000
7408,2023-08-13,사계절,수트_수트팬츠_ZC,95.11387253833297,8700640,90,2228920,12510000
7409,2023-08-13,사계절,우븐 셔츠_드레스셔츠_ZB,51.976330052786714,36916010,1219,8729979,85208100
7410,2023-08-13,사계절,자켓_싱글재킷_ZB,39.71408647140865,1729000,12,407214,2868000
7411,2023-08-13,사계절,팬츠_팬츠(일반)_ZB,44.512974512974516,9193915,169,1627265,16883100
7412,2023-08-13,여름,니트 셔츠_라운드(V넥 등)_ZB,68.82545926915498,4223745,113,2112454,13548700
7413,2023-08-13,여름,니트 셔츠_라운드_ZB,71.30448865865009,25235356,1378,8404309,92462200
7414,2023-08-13,여름,니트 셔츠_티에리_ZB,112.96576444131271,12362070,403,3297486,36229700
7415,2023-08-13,여름,수트_블레이져(수트)_ZA,37.12133995037221,28765470,139,8332898,45781000
7416,2023-08-13,여름,수트_블레이져(수트)_ZB,30.03991056141792,22364822,124,7070482,32116000
7417,2023-08-13,여름,수트_블레이져(수트)_ZC,34.27778649921507,11923543,62,3797430,18998000
7418,2023-08-13,여름,수트_수트팬츠_ZA,36.76658526658527,15145250,128,3969217,23952000
7419,2023-08-13,여름,수트_수트팬츠_ZB,27.705960500142083,14279192,142,4156995,19738000
7420,2023-08-13,여름,수트_수트팬츠_ZC,34.628072033898306,8008433,75,2400991,12785000
7421,2023-08-13,여름,스웨터_T-에리_ZA,66.02287299990954,9516800,258,3506442,28354200
7422,2023-08-13,여름,스웨터_T-에리_ZB,72.85099170988462,32487530,1181,11912353,117981900
7423,2023-08-13,여름,스웨터_라운드_ZA,73.92041867145721,6386445,223,2777446,24507700
7424,2023-08-13,여름,스웨터_라운드_ZB,51.3881822891897,15653466,427,4516103,38387300
7425,2023-08-13,여름,우븐 셔츠_드레스셔츠_ZB,76.50625833359891,40435695,2601,15933628,181809900
7426,2023-08-13,여름,우븐 셔츠_캐쥬얼셔츠_ZA,69.72711325495014,16993359,705,6445235,71996800
7427,2023-08-13,여름,우븐 셔츠_캐쥬얼셔츠_ZB,79.9503469740537,32832369,1880,12645004,169012000
7428,2023-08-13,여름,자켓_싱글재킷_ZA,59.170657883983274,66331233,727,25273395,209273000
7429,2023-08-13,여름,점퍼_점퍼_ZB,74.1215568672645,24091400,365,10819895,97835000
7430,2023-08-13,여름,팬츠_니트팬츠_ZB,72.85495677268678,12870900,522,7806406,49213500
7431,2023-08-13,여름,팬츠_반바지_ZA,64.42423949315665,2206800,69,1032255,6203100
7432,2023-08-13,여름,팬츠_반바지_ZB,75.79555770166776,25863744,1242,10208862,104755800
7433,2023-08-13,여름,팬츠_팬츠(일반)_ZA,57.925433804063864,32857817,734,10489807,102026000
7434,2023-08-13,여름,팬츠_팬츠(일반)_ZB,73.65158700106937,85147655,3409,31663870,340559100
7435,2023-08-20,가을,니트 셔츠_라운드_ZB,30.014306151645208,6115000,125,679498,8737500
7436,2023-08-20,가을,수트_블레이져(수트)_ZB,30.27121980602733,116545440,599,30752701,167121000
7437,2023-08-20,가을,수트_블레이져(수트)_ZC,30.151079136690647,27088110,139,7245077,38781000
7438,2023-08-20,가을,수트_수트팬츠_ZB,30.249091779051895,65479540,630,16030259,93870000
7439,2023-08-20,가을,수트_수트팬츠_ZC,30.173553719008265,12589010,121,3093506,18029000
7440,2023-08-20,가을,우븐 셔츠_캐쥬얼셔츠_ZB,28.042759760380086,8843930,153,1335566,12224700
7441,2023-08-20,가을,팬츠_팬츠(일반)_ZB,31.5813893278682,15710000,230,2328524,22977000
7442,2023-08-20,겨울,니트 셔츠_라운드_ZB,38.67334167709637,294000,6,40048,479400
7443,2023-08-20,겨울,니트 셔츠_티에리_ZA,0.0,0,0,0,0
7444,2023-08-20,겨울,수트_블레이져(수트)_ZB,20.0,2455200,11,568053,3069000
7445,2023-08-20,겨울,수트_블레이져(수트)_ZC,0.0,0,0,0,0
7446,2023-08-20,겨울,수트_수트팬츠_ZB,20.0,1430400,12,314984,1788000
7447,2023-08-20,겨울,수트_수트팬츠_ZC,0.0,0,0,0,0
7448,2023-08-20,겨울,스웨터_라운드_ZB,30.0,9230760,132,1892567,13186800
7449,2023-08-20,겨울,스웨터_오픈형(CARDIGAN)_ZB,20.0,2162400,17,314955,2703000
7450,2023-08-20,겨울,우븐 셔츠_캐쥬얼셔츠_ZA,23.75265509411851,6246030,82,850967,8191800
7451,2023-08-20,겨울,팬츠_팬츠(일반)_ZG,0.0,0,0,0,0
7452,2023-08-20,봄,가죽&FUR_가죽점퍼_ZA,0.0,0,0,0,0
7453,2023-08-20,봄,니트 셔츠_라운드_ZA,54.96246872393662,-432000,-8,-146917,-959200
7454,2023-08-20,봄,니트 셔츠_오픈형티(맨투맨 등)_ZA,64.97498213009293,343000,7,116809,979300
7455,2023-08-20,봄,수트_블레이져(수트)_ZB,45.33720930232558,9013200,66,3452791,17094000
7456,2023-08-20,봄,수트_블레이져(수트)_ZC,41.53846153846154,3936800,26,1468381,6734000
7457,2023-08-20,봄,수트_수트팬츠_ZB,45.13292682926829,4357650,60,1636147,8340000
7458,2023-08-20,봄,수트_수트팬츠_ZC,41.111111111111114,2210100,27,635301,3753000
7459,2023-08-20,봄,스웨터_T-에리_ZA,68.53569764087086,2835500,82,1072663,9011800
7460,2023-08-20,봄,스웨터_라운드_ZB,59.58913697767201,615700,15,199673,1648500
7461,2023-08-20,봄,스웨터_오픈형(CARDIGAN)_ZB,48.155611821863516,3552900,59,877421,10054100
7462,2023-08-20,봄,스웨터_후드T_ZA,70.60590698285736,1565500,41,869057,5325900
7463,2023-08-20,봄,우븐 셔츠_캐쥬얼셔츠_ZA,79.4754399470578,1519700,57,674460,7404300
7464,2023-08-20,봄,우븐 셔츠_캐쥬얼셔츠_ZB,0.0,0,0,0,0
7465,2023-08-20,봄,점퍼_패딩점퍼_ZB,66.88963210702342,495000,5,144548,1495000
7466,2023-08-20,봄,코트_싱글코트_ZB,71.55821727019499,3170300,35,1386208,12565000
7467,2023-08-20,봄,팬츠_니트팬츠_ZA,70.97097097097097,145000,5,77779,499500
7468,2023-08-20,봄,팬츠_팬츠(일반)_ZA,79.13669064748201,464000,16,288019,2224000
7469,2023-08-20,사계절,니트 셔츠_라운드_ZB,56.4246975385899,-10027200,-288,-2139778,-23011200
7470,2023-08-20,사계절,데님_데님자켓_ZB,43.42216056233814,1529299,17,233614,2703000
7471,2023-08-20,사계절,데님_데님팬츠_ZB,37.768368955853035,100126590,1063,19106654,115693700
7472,2023-08-20,사계절,수트_블레이져(수트)_ZB,62.40404760826757,97202216,727,33280666,188293000
7473,2023-08-20,사계절,수트_블레이져(수트)_ZC,39.307862679955704,20159450,133,6446244,34447000
7474,2023-08-20,사계절,수트_수트팬츠_ZB,61.55951735201547,57403440,817,19079385,113563000
7475,2023-08-20,사계절,수트_수트팬츠_ZC,39.402336537849365,10191580,125,3124377,17375000
7476,2023-08-20,사계절,우븐 셔츠_드레스셔츠_ZB,50.05212912715081,40098093,1326,9287991,92687400
7477,2023-08-20,사계절,자켓_싱글재킷_ZB,39.26617315738655,1887000,13,441148,3107000
7478,2023-08-20,사계절,팬츠_팬츠(일반)_ZB,36.10339969599229,10806430,171,1716125,17082900
7479,2023-08-20,여름,니트 셔츠_라운드(V넥 등)_ZB,67.98050099220615,4453400,116,2168537,13908400
7480,2023-08-20,여름,니트 셔츠_라운드_ZB,73.05395785445813,46921941,2678,17126122,177692200
7481,2023-08-20,여름,니트 셔츠_티에리_ZB,72.37786482379542,17808978,720,6187771,64728000
7482,2023-08-20,여름,수트_블레이져(수트)_ZA,37.210386857445684,23294000,114,6745768,37086000
7483,2023-08-20,여름,수트_블레이져(수트)_ZB,29.967807290263686,26744990,148,8464427,38332000
7484,2023-08-20,여름,수트_블레이져(수트)_ZC,33.242370892018776,16479750,83,5090414,25757000
7485,2023-08-20,여름,수트_수트팬츠_ZA,37.152625152625156,15597950,136,4107063,24824000
7486,2023-08-20,여름,수트_수트팬츠_ZB,29.862467283155215,16088000,166,4878268,23074000
7487,2023-08-20,여름,수트_수트팬츠_ZC,32.166340508806265,9656980,87,2797923,15013000
7488,2023-08-20,여름,스웨터_T-에리_ZA,62.238789271767814,6224235,150,2042335,16485000
7489,2023-08-20,여름,스웨터_T-에리_ZB,71.63043633426734,27497767,952,9718602,95104800
7490,2023-08-20,여름,스웨터_라운드_ZA,63.563794636904575,4185690,104,1262082,11429600
7491,2023-08-20,여름,스웨터_라운드_ZB,61.508250600981164,13525933,391,4359071,35150900
7492,2023-08-20,여름,우븐 셔츠_드레스셔츠_ZB,68.16805480630543,37494725,1761,12832615,123093900
7493,2023-08-20,여름,우븐 셔츠_캐쥬얼셔츠_ZA,66.90865394899578,9192886,351,3064918,35558500
7494,2023-08-20,여름,우븐 셔츠_캐쥬얼셔츠_ZB,81.2397394843153,27760465,1646,11526244,147975400
7495,2023-08-20,여름,자켓_싱글재킷_ZA,54.226838793646806,55734083,458,15075924,126562000
7496,2023-08-20,여름,점퍼_점퍼_ZB,69.40263887343262,21552587,332,7860463,86468000
7497,2023-08-20,여름,팬츠_니트팬츠_ZB,63.28610599889697,15018650,528,7581755,48156300
7498,2023-08-20,여름,팬츠_반바지_ZA,65.2037617554859,1376400,44,658249,3955600
7499,2023-08-20,여름,팬츠_반바지_ZB,73.63801466618294,23001109,1027,8788424,87617300
7500,2023-08-20,여름,팬츠_팬츠(일반)_ZA,57.83729109200623,35715698,577,6367155,80203000
7501,2023-08-20,여름,팬츠_팬츠(일반)_ZB,72.5128372631969,80281398,2981,27907615,297801900
7502,2023-08-27,가을,니트 셔츠_라운드_ZB,29.89985693848355,2695000,55,298979,3844500
7503,2023-08-27,가을,수트_블레이져(수트)_ZB,30.15052230636276,104488290,536,27676726,149544000
7504,2023-08-27,가을,수트_블레이져(수트)_ZC,30.0,24217200,124,6463234,34596000
7505,2023-08-27,가을,수트_수트팬츠_ZB,30.168823940559957,59218560,569,14535108,84781000
7506,2023-08-27,가을,수트_수트팬츠_ZC,30.05426356589147,13444270,129,3298035,19221000
7507,2023-08-27,가을,우븐 셔츠_캐쥬얼셔츠_ZB,27.654366293334014,8555100,148,1231197,11825200
7508,2023-08-27,가을,팬츠_팬츠(일반)_ZB,31.251778462515695,19100000,278,2813423,27772200
7509,2023-08-27,겨울,니트 셔츠_라운드_ZB,38.67334167709637,2401000,49,327060,3915100
7510,2023-08-27,겨울,니트 셔츠_라운드_ZG,0.0,0,0,0,0
7511,2023-08-27,겨울,니트 셔츠_티에리_ZA,30.133426109035867,4394660,63,1029720,6293700
7512,2023-08-27,겨울,사파리_패딩사파리_ZB,0.0,0,0,0,0
7513,2023-08-27,겨울,수트_블레이져(수트)_ZB,20.0,6472800,29,1500225,8091000
7514,2023-08-27,겨울,수트_블레이져(수트)_ZC,0.0,0,0,0,0
7515,2023-08-27,겨울,수트_수트팬츠_ZB,20.0,3695200,31,815107,4619000
7516,2023-08-27,겨울,수트_수트팬츠_ZC,0.0,0,0,0,0
7517,2023-08-27,겨울,스웨터_라운드_ZB,30.0,-4825170,-69,-989296,-6893100
7518,2023-08-27,겨울,스웨터_오픈형(CARDIGAN)_ZB,20.27027027027027,4690500,37,685491,5883000
7519,2023-08-27,겨울,우븐 셔츠_캐쥬얼셔츠_ZA,36.822536822536826,3976200,63,653792,6293700
7520,2023-08-27,겨울,자켓_싱글재킷_ZA,20.0,11481600,48,1924290,14352000
7521,2023-08-27,겨울,점퍼_점퍼_ZG,0.0,0,0,0,0
7522,2023-08-27,겨울,팬츠_니트팬츠_ZG,0.0,0,0,0,0
7523,2023-08-27,겨울,팬츠_팬츠(일반)_ZA,20.0,5263200,51,863805,6579000
7524,2023-08-27,겨울,팬츠_팬츠(일반)_ZB,30.93093093093093,345000,5,61416,499500
7525,2023-08-27,겨울,팬츠_팬츠(일반)_ZG,0.0,0,0,0,0
7526,2023-08-27,봄,가죽&FUR_가죽점퍼_ZA,51.96882795035221,3793000,7,1842367,7893000
7527,2023-08-27,봄,니트 셔츠_라운드_ZA,69.10633074732088,1963200,53,973326,6354700
7528,2023-08-27,봄,니트 셔츠_오픈형티(맨투맨 등)_ZA,77.29859952876393,1715000,54,901100,7554600
7529,2023-08-27,봄,수트_블레이져(수트)_ZB,44.0859375,8818950,62,3280488,16058000
7530,2023-08-27,봄,수트_블레이져(수트)_ZC,41.2,3807300,25,1419383,6475000
7531,2023-08-27,봄,수트_수트팬츠_ZB,44.19375,5416830,71,1955374,9869000
7532,2023-08-27,봄,수트_수트팬츠_ZC,41.36363636363637,1793100,22,516674,3058000
7533,2023-08-27,봄,스웨터_T-에리_ZA,78.35435912462793,5614100,236,3087176,25936400
7534,2023-08-27,봄,스웨터_라운드_ZB,72.76508750576085,2317600,72,932629,7912800
7535,2023-08-27,봄,스웨터_오픈형(CARDIGAN)_ZB,74.5962351638228,3986100,83,1367173,15031700
7536,2023-08-27,봄,스웨터_후드T_ZA,70.4003079291763,76900,2,42393,259800
7537,2023-08-27,봄,우븐 셔츠_캐쥬얼셔츠_ZA,73.05619707467282,875000,25,295817,3247500
7538,2023-08-27,봄,우븐 셔츠_캐쥬얼셔츠_ZB,67.74193548387096,261000,9,69892,809100
7539,2023-08-27,봄,점퍼_패딩점퍼_ZB,68.06193484454354,2578360,27,779993,8073000
7540,2023-08-27,봄,코트_싱글코트_ZB,65.25698187606265,6227100,50,2075275,17950000
7541,2023-08-27,봄,팬츠_니트팬츠_ZA,70.97097097097097,203000,7,108891,699300
7542,2023-08-27,봄,팬츠_팬츠(일반)_ZA,79.8623957976476,448500,16,276715,2224000
7543,2023-08-27,사계절,니트 셔츠_라운드_ZB,64.83456262075167,5788020,206,1530536,16459400
7544,2023-08-27,사계절,데님_데님자켓_ZB,31.767295597484278,542450,5,68710,795000
7545,2023-08-27,사계절,데님_데님팬츠_ZB,33.9159206679172,127812800,1344,24183086,146655600
7546,2023-08-27,사계절,수트_블레이져(수트)_ZB,56.3856986126307,103284746,758,34723733,196322000
7547,2023-08-27,사계절,수트_블레이져(수트)_ZC,39.19854486602607,23347910,153,7407845,39627000
7548,2023-08-27,사계절,수트_수트팬츠_ZB,59.02417033734599,58363823,826,19309972,114814000
7549,2023-08-27,사계절,수트_수트팬츠_ZC,31.530356795644565,13284250,160,3995353,22240000
7550,2023-08-27,사계절,우븐 셔츠_드레스셔츠_ZB,51.73841497717984,49778683,1613,11267786,112748700
7551,2023-08-27,사계절,자켓_싱글재킷_ZB,37.65690376569037,2384000,16,542952,3824000
7552,2023-08-27,사계절,팬츠_팬츠(일반)_ZB,44.16890955126249,31022750,635,6046678,63436500
7553,2023-08-27,여름,니트 셔츠_라운드(V넥 등)_ZB,67.51773597339347,3154645,81,1514237,9711900
7554,2023-08-27,여름,니트 셔츠_라운드_ZB,71.96695207905044,28872423,1781,10696555,112021900
7555,2023-08-27,여름,니트 셔츠_티에리_ZB,74.4307565404839,10455914,449,3947580,40365100
7556,2023-08-27,여름,수트_블레이져(수트)_ZA,37.24884311091208,23339520,115,6813907,37285000
7557,2023-08-27,여름,수트_블레이져(수트)_ZB,29.610788625336042,19578370,108,6158419,27972000
7558,2023-08-27,여름,수트_블레이져(수트)_ZC,33.17387387387387,10174310,52,3178570,15688000
7559,2023-08-27,여름,수트_수트팬츠_ZA,37.31798725603871,14674790,128,3913768,23472000
7560,2023-08-27,여름,수트_수트팬츠_ZB,29.180782177336205,12267310,125,3653483,17375000
7561,2023-08-27,여름,수트_수트팬츠_ZC,33.66977225672878,6967500,65,2062565,10715000
7562,2023-08-27,여름,스웨터_T-에리_ZA,69.67550289466618,7169100,214,2924016,23518600
7563,2023-08-27,여름,스웨터_T-에리_ZB,70.83861747373209,15391921,531,5281951,53046900
7564,2023-08-27,여름,스웨터_라운드_ZA,65.6512476377126,3494400,93,1145277,10220700
7565,2023-08-27,여름,스웨터_라운드_ZB,61.51650303880318,10262150,295,3364294,26520500
7566,2023-08-27,여름,우븐 셔츠_드레스셔츠_ZB,68.38538385945816,23959802,1100,7746744,76890000
7567,2023-08-27,여름,우븐 셔츠_캐쥬얼셔츠_ZA,67.29854143554435,12491166,512,4630101,53299700
7568,2023-08-27,여름,우븐 셔츠_캐쥬얼셔츠_ZB,80.88969800191853,20014892,1166,8153143,104823400
7569,2023-08-27,여름,자켓_싱글재킷_ZA,54.650634224037226,33088781,333,11161749,93527000
7570,2023-08-27,여름,점퍼_점퍼_ZB,72.76232441137245,19982200,284,8951103,77516000
7571,2023-08-27,여름,팬츠_니트팬츠_ZB,70.26062656930031,8938150,343,5101545,32192800
7572,2023-08-27,여름,팬츠_반바지_ZA,70.72820375129454,763145,29,433846,2607100
7573,2023-08-27,여름,팬츠_반바지_ZB,72.07059241275999,7951741,354,2619577,30164600
7574,2023-08-27,여름,팬츠_팬츠(일반)_ZA,61.61338059273436,16133302,359,5141777,49901000
7575,2023-08-27,여름,팬츠_팬츠(일반)_ZB,72.92941512890323,50321090,1867,17537043,186513300
7576,2023-09-03,가을,니트 셔츠_라운드_ZB,30.00661926419405,6556000,134,728422,9366600
7577,2023-09-03,가을,수트_블레이져(수트)_ZB,30.247461130161117,142635960,733,37812821,204507000
7578,2023-09-03,가을,수트_블레이져(수트)_ZC,30.311475409836067,35580870,183,9538483,51057000
7579,2023-09-03,가을,수트_수트팬츠_ZB,30.245876754323874,83024290,799,20449497,119051000
7580,2023-09-03,가을,수트_수트팬츠_ZC,30.182795698924732,19349140,186,4755307,27714000
7581,2023-09-03,가을,우븐 셔츠_캐쥬얼셔츠_ZB,26.706324548237315,14112860,241,1998455,19255900
7582,2023-09-03,가을,팬츠_팬츠(일반)_ZB,31.49300996947337,31106950,454,4592964,45354600
7583,2023-09-03,겨울,니트 셔츠_라운드_ZB,38.67334167709637,4165000,85,567348,6791500
7584,2023-09-03,겨울,니트 셔츠_라운드_ZG,0.0,0,0,0,0
7585,2023-09-03,겨울,니트 셔츠_오픈형티(맨투맨 등)_ZG,0.0,0,0,0,0
7586,2023-09-03,겨울,니트 셔츠_티에리_ZA,30.143198754309864,9689370,139,2268066,13886100
7587,2023-09-03,겨울,사파리_패딩사파리_ZB,30.0,2793000,10,344755,3990000
7588,2023-09-03,겨울,수트_블레이져(수트)_ZA,0.0,0,0,0,0
7589,2023-09-03,겨울,수트_블레이져(수트)_ZB,20.448145512685365,37768580,171,8938100,47709000
7590,2023-09-03,겨울,수트_블레이져(수트)_ZC,20.0,2232000,10,543908,2790000
7591,2023-09-03,겨울,수트_수트팬츠_ZA,0.0,0,0,0,0
7592,2023-09-03,겨울,수트_수트팬츠_ZB,20.673192326610923,21354680,181,4812813,26969000
7593,2023-09-03,겨울,수트_수트팬츠_ZC,20.0,1072800,9,243371,1341000
7594,2023-09-03,겨울,스웨터_라운드_ZB,30.0,10209780,146,2093294,14585400
7595,2023-09-03,겨울,스웨터_오픈형(CARDIGAN)_ZB,20.48780487804878,5183400,41,759598,6519000
7596,2023-09-03,겨울,우븐 셔츠_캐쥬얼셔츠_ZA,30.93093093093093,2001000,29,300952,2897100
7597,2023-09-03,겨울,자켓_싱글재킷_ZA,20.076923076923077,15757300,66,2647574,19734000
7598,2023-09-03,겨울,점퍼_점퍼_ZG,0.0,0,0,0,0
7599,2023-09-03,겨울,팬츠_니트팬츠_ZG,0.0,0,0,0,0
7600,2023-09-03,겨울,팬츠_팬츠(일반)_ZA,20.070422535211268,7520700,73,1239451,9417000
7601,2023-09-03,겨울,팬츠_팬츠(일반)_ZB,31.12914895093113,6949000,101,1238176,10089900
7602,2023-09-03,겨울,팬츠_팬츠(일반)_ZG,0.0,0,0,0,0
7603,2023-09-03,봄,가죽&FUR_가죽점퍼_ZA,inf,-1000,1,252151,999000
7604,2023-09-03,봄,니트 셔츠_라운드_ZA,60.391437308868504,7123600,150,2754696,17985000
7605,2023-09-03,봄,니트 셔츠_오픈형티(맨투맨 등)_ZA,73.97694781987134,1165000,32,533985,4476800
7606,2023-09-03,봄,수트_블레이져(수트)_ZB,38.7032967032967,8803410,57,3007612,14763000
7607,2023-09-03,봄,수트_블레이져(수트)_ZC,40.5,3082100,20,1133024,5180000
7608,2023-09-03,봄,수트_수트팬츠_ZB,39.96785714285714,5533590,68,1865111,9452000
7609,2023-09-03,봄,수트_수트팬츠_ZC,40.714285714285715,1153700,14,328895,1946000
7610,2023-09-03,봄,스웨터_T-에리_ZA,68.44919623900516,6241380,180,2354626,19782000
7611,2023-09-03,봄,스웨터_라운드_ZB,73.18754586280784,4326550,174,2174856,19122600
7612,2023-09-03,봄,스웨터_오픈형(CARDIGAN)_ZB,80.61035833852445,9833400,273,4528431,49652700
7613,2023-09-03,봄,스웨터_후드T_ZA,46.88221709006928,276000,4,84786,519600
7614,2023-09-03,봄,우븐 셔츠_캐쥬얼셔츠_ZA,71.84421941927715,2852800,78,922946,10132200
7615,2023-09-03,봄,우븐 셔츠_캐쥬얼셔츠_ZB,55.228031145717466,1127000,28,217573,2517200
7616,2023-09-03,봄,점퍼_패딩점퍼_ZB,70.49734408813693,4498860,51,1473304,15249000
7617,2023-09-03,봄,코트_싱글코트_ZB,66.33511679858793,13181100,106,4023565,38054000
7618,2023-09-03,봄,팬츠_니트팬츠_ZA,70.97097097097097,551000,19,295560,1898100
7619,2023-09-03,봄,팬츠_팬츠(일반)_ZA,79.16142086330936,723900,25,418060,3475000
7620,2023-09-03,사계절,니트 셔츠_라운드_ZB,63.53997487169039,15031885,516,3833769,41228400
7621,2023-09-03,사계절,데님_데님자켓_ZB,55.71897891231964,1196916,17,233614,2703000
7622,2023-09-03,사계절,데님_데님팬츠_ZB,42.8443316092523,36812339,784,14067109,84951600
7623,2023-09-03,사계절,수트_블레이져(수트)_ZB,81.81122101038068,103754677,635,29716051,164465000
7624,2023-09-03,사계절,수트_블레이져(수트)_ZC,36.79739967239967,21819420,143,6926981,37037000
7625,2023-09-03,사계절,수트_수트팬츠_ZB,88.6878522136624,62478905,703,16829214,97717000
7626,2023-09-03,사계절,수트_수트팬츠_ZC,39.89179464375519,13667370,169,4225339,23491000
7627,2023-09-03,사계절,우븐 셔츠_드레스셔츠_ZB,49.94428149896587,58590155,1927,13438579,134697300
7628,2023-09-03,사계절,자켓_싱글재킷_ZB,43.1115760111576,6118350,45,1527052,10755000
7629,2023-09-03,사계절,팬츠_팬츠(일반)_ZB,40.366748964435345,25663685,444,4185515,44355600
7630,2023-09-03,여름,니트 셔츠_라운드(V넥 등)_ZB,66.97180520804373,2851258,72,1345989,8632800
7631,2023-09-03,여름,니트 셔츠_라운드_ZB,69.20969227842932,21949416,1145,7278872,74425500
7632,2023-09-03,여름,니트 셔츠_티에리_ZB,66.61650282909949,5037675,199,1648524,17890100
7633,2023-09-03,여름,수트_블레이져(수트)_ZA,34.24043182232837,14144480,65,3915849,21695000
7634,2023-09-03,여름,수트_블레이져(수트)_ZB,27.95642361111111,16544920,89,5066761,23051000
7635,2023-09-03,여름,수트_블레이져(수트)_ZC,35.375719872148444,10224181,53,3243356,16067000
7636,2023-09-03,여름,수트_수트팬츠_ZA,34.9360884413538,9462441,77,2407729,14663000
7637,2023-09-03,여름,수트_수트팬츠_ZB,26.464342843906692,10620325,105,3061103,14595000
7638,2023-09-03,여름,수트_수트팬츠_ZC,36.38746438746439,7261770,67,2139015,11473000
7639,2023-09-03,여름,스웨터_T-에리_ZA,64.81188750483722,2847830,74,1011629,8132600
7640,2023-09-03,여름,스웨터_T-에리_ZB,70.31631483679627,8353550,249,2658738,24875100
7641,2023-09-03,여름,스웨터_라운드_ZA,58.53346936149484,3285800,75,926882,8242500
7642,2023-09-03,여름,스웨터_라운드_ZB,65.69411004517937,11386695,399,4324882,35870100
7643,2023-09-03,여름,우븐 셔츠_드레스셔츠_ZB,62.71539325600594,41071745,1804,13603706,126099600
7644,2023-09-03,여름,우븐 셔츠_캐쥬얼셔츠_ZA,66.43312571727,7225914,272,2558555,28531000
7645,2023-09-03,여름,우븐 셔츠_캐쥬얼셔츠_ZB,79.18419493447657,14776730,780,5455383,70122000
7646,2023-09-03,여름,자켓_싱글재킷_ZA,54.97872911401319,28738328,92,2395421,20168000
7647,2023-09-03,여름,점퍼_점퍼_ZB,70.57790802323002,35030843,500,13114858,131840000
7648,2023-09-03,여름,팬츠_니트팬츠_ZB,75.46805314983465,3223031,138,2081092,13094700
7649,2023-09-03,여름,팬츠_반바지_ZA,59.95550611790879,720000,20,299204,1798000
7650,2023-09-03,여름,팬츠_반바지_ZB,70.52508952939623,4854200,196,1682659,16990400
7651,2023-09-03,여름,팬츠_팬츠(일반)_ZA,59.500720192648494,12234437,50,-324814,6950000
7652,2023-09-03,여름,팬츠_팬츠(일반)_ZB,70.7662808245933,40163986,1399,13190102,139760100
7653,2023-09-10,가을,니트 셔츠_라운드_ZB,30.037416088918235,5086000,104,565342,7269600
7654,2023-09-10,가을,수트_블레이져(수트)_ZB,30.376287440917366,111143600,572,29408246,159588000
7655,2023-09-10,가을,수트_블레이져(수트)_ZC,30.033557046979865,29085750,149,7766306,41571000
7656,2023-09-10,가을,수트_수트팬츠_ZB,30.36282023066977,65074120,627,15988797,93423000
7657,2023-09-10,가을,수트_수트팬츠_ZC,30.0,15227800,146,3732660,21754000
7658,2023-09-10,가을,우븐 셔츠_캐쥬얼셔츠_ZB,26.561105062278806,16605780,283,2337517,22611700
7659,2023-09-10,가을,팬츠_팬츠(일반)_ZB,31.208540267820343,26682000,388,3926484,38761200
7660,2023-09-10,겨울,니트 셔츠_라운드_ZB,38.914334407370916,2293950,47,313710,3755300
7661,2023-09-10,겨울,니트 셔츠_라운드_ZG,20.92092092092092,2212000,28,495973,2797200
7662,2023-09-10,겨울,니트 셔츠_오픈형티(맨투맨 등)_ZG,0.0,0,0,0,0
7663,2023-09-10,겨울,니트 셔츠_티에리_ZA,30.327750827750826,6612440,95,1552054,9490500
7664,2023-09-10,겨울,사파리_패딩사파리_ZB,30.0,2234400,8,275804,3192000
7665,2023-09-10,겨울,수트_블레이져(수트)_ZA,25.0,13559200,44,3234771,18116000
7666,2023-09-10,겨울,수트_블레이져(수트)_ZB,20.919557372720096,59851080,271,14259608,75609000
7667,2023-09-10,겨울,수트_블레이져(수트)_ZC,21.11111111111111,5942700,27,1468552,7533000
7668,2023-09-10,겨울,수트_수트팬츠_ZA,25.0,7801500,45,1834199,10405000
7669,2023-09-10,겨울,수트_수트팬츠_ZB,20.804890113171005,32842580,278,7458076,41422000
7670,2023-09-10,겨울,수트_수트팬츠_ZC,20.93288590604027,3534300,30,811238,4470000
7671,2023-09-10,겨울,스웨터_T-에리_ZB,0.0,0,0,0,0
7672,2023-09-10,겨울,스웨터_라운드_ZB,30.0,12517470,179,2580380,17882100
7673,2023-09-10,겨울,스웨터_오픈형(CARDIGAN)_ZB,20.0,5469600,43,796651,6837000
7674,2023-09-10,겨울,우븐 셔츠_캐쥬얼셔츠_ZA,30.93093093093093,6141000,89,923610,8891100
7675,2023-09-10,겨울,자켓_싱글재킷_ZA,20.317460317460316,22365200,94,3631049,28106000
7676,2023-09-10,겨울,점퍼_점퍼_ZG,20.0,4616800,29,992873,5771000
7677,2023-09-10,겨울,팬츠_니트팬츠_ZG,0.0,0,0,0,0
7678,2023-09-10,겨울,팬츠_팬츠(일반)_ZA,20.217391304347824,11003700,107,1808854,13803000
7679,2023-09-10,겨울,팬츠_팬츠(일반)_ZB,inf,-20000,0,102,0
7680,2023-09-10,겨울,팬츠_팬츠(일반)_ZG,20.92092092092092,1817000,23,416300,2297700
7681,2023-09-10,봄,가죽&FUR_가죽점퍼_ZA,49.4663254478497,4692000,8,2171828,9792000
7682,2023-09-10,봄,니트 셔츠_라운드_ZA,63.173778836315485,4283000,97,1781370,11630300
7683,2023-09-10,봄,니트 셔츠_오픈형티(맨투맨 등)_ZA,73.92728509268062,3757000,103,1718765,14409700
7684,2023-09-10,봄,수트_블레이져(수트)_ZB,40.0,8236200,53,2743484,13727000
7685,2023-09-10,봄,수트_블레이져(수트)_ZC,40.90909090909091,3367000,22,1245499,5698000
7686,2023-09-10,봄,수트_수트팬츠_ZB,40.0,5587800,67,1822956,9313000
7687,2023-09-10,봄,수트_수트팬츠_ZC,41.42857142857143,1709700,21,493342,2919000
7688,2023-09-10,봄,스웨터_T-에리_ZA,71.38518181511812,13585400,432,5651102,47476800
7689,2023-09-10,봄,스웨터_라운드_ZB,79.39886353875147,10382500,464,5890300,50993600
7690,2023-09-10,봄,스웨터_오픈형(CARDIGAN)_ZB,75.73422673667616,12506500,276,4599750,50342400
7691,2023-09-10,봄,스웨터_후드T_ZA,74.66343716554948,1349400,41,869057,5325900
7692,2023-09-10,봄,우븐 셔츠_캐쥬얼셔츠_ZA,72.00275515578785,1382000,38,449641,4936200
7693,2023-09-10,봄,우븐 셔츠_캐쥬얼셔츠_ZB,69.35989483264233,7575000,275,2136452,24722500
7694,2023-09-10,봄,점퍼_패딩점퍼_ZB,82.88865265169613,2865124,56,1618230,16744000
7695,2023-09-10,봄,코트_싱글코트_ZB,85.92107706592387,596100,11,455545,3949000
7696,2023-09-10,봄,팬츠_니트팬츠_ZA,75.75512019956464,1525900,63,980016,6293700
7697,2023-09-10,봄,팬츠_팬츠(일반)_ZA,81.13688508652538,1195600,47,842700,6533000
7698,2023-09-10,사계절,니트 셔츠_라운드_ZB,122.50034765679321,-161800,9,66868,719100
7699,2023-09-10,사계절,데님_데님자켓_ZB,22.20125786163522,3067800,25,373244,3975000
7700,2023-09-10,사계절,데님_데님팬츠_ZB,33.74160522512418,-170399455,-1821,-32881935,-201107900
7701,2023-09-10,사계절,수트_블레이져(수트)_ZB,54.861331453815296,101985572,821,37309396,212639000
7702,2023-09-10,사계절,수트_블레이져(수트)_ZC,35.928524343158486,19610400,129,6250812,33411000
7703,2023-09-10,사계절,수트_수트팬츠_ZB,55.17997704655683,58412289,907,21090479,126073000
7704,2023-09-10,사계절,수트_수트팬츠_ZC,34.493550227516245,12535400,152,3794466,21128000
7705,2023-09-10,사계절,우븐 셔츠_드레스셔츠_ZB,51.32860750264358,58267250,2093,14530736,146300700
7706,2023-09-10,사계절,자켓_싱글재킷_ZB,37.71856419290905,5656400,38,1289510,9082000
7707,2023-09-10,사계절,팬츠_팬츠(일반)_ZB,48.115385154924695,14925645,350,3357944,34965000
7708,2023-09-10,여름,니트 셔츠_라운드(V넥 등)_ZB,68.62967998446194,5491500,146,2729366,17505400
7709,2023-09-10,여름,니트 셔츠_라운드_ZB,73.26612872573125,22143963,1421,8838449,90737900
7710,2023-09-10,여름,니트 셔츠_티에리_ZB,74.75465528858713,7411857,324,2791589,29127600
7711,2023-09-10,여름,수트_블레이져(수트)_ZA,32.06410256410256,11276650,52,3032447,16588000
7712,2023-09-10,여름,수트_블레이져(수트)_ZB,25.59657287157287,12887840,68,3916847,17612000
7713,2023-09-10,여름,수트_블레이져(수트)_ZC,26.524193548387096,8317530,39,2390114,11961000
7714,2023-09-10,여름,수트_수트팬츠_ZA,31.942875481386395,7276350,60,1790514,10740000
7715,2023-09-10,여름,수트_수트팬츠_ZB,26.254532163742688,8198220,81,2394998,11259000
7716,2023-09-10,여름,수트_수트팬츠_ZC,25.333333333333336,5330780,44,1420708,7556000
7717,2023-09-10,여름,스웨터_T-에리_ZA,64.66389899909008,2485400,64,871601,7033600
7718,2023-09-10,여름,스웨터_T-에리_ZB,67.58102833881381,11665132,421,3985350,42057900
7719,2023-09-10,여름,스웨터_라운드_ZA,61.80293773560379,2839000,78,966956,8572200
7720,2023-09-10,여름,스웨터_라운드_ZB,85.81832105732032,4877300,49,745325,4405100
7721,2023-09-10,여름,우븐 셔츠_드레스셔츠_ZB,71.6838368549915,33869100,1722,12909410,120367800
7722,2023-09-10,여름,우븐 셔츠_캐쥬얼셔츠_ZA,64.92425302959457,10737807,414,4006104,44385000
7723,2023-09-10,여름,우븐 셔츠_캐쥬얼셔츠_ZB,79.7007399512152,11614358,630,4383860,56637000
7724,2023-09-10,여름,자켓_싱글재킷_ZA,54.399955424913834,31736493,315,10634089,88345000
7725,2023-09-10,여름,점퍼_점퍼_ZB,70.6454293749301,21488320,273,8186819,73527000
7726,2023-09-10,여름,팬츠_니트팬츠_ZB,68.54792380681869,9459700,334,5072231,31887400
7727,2023-09-10,여름,팬츠_반바지_ZA,56.61846496106785,117000,3,44881,269700
7728,2023-09-10,여름,팬츠_반바지_ZB,71.99130467640197,5516000,240,1893054,20506000
7729,2023-09-10,여름,팬츠_팬츠(일반)_ZA,61.87424168637316,17546982,416,5065198,57824000
7730,2023-09-10,여름,팬츠_팬츠(일반)_ZB,73.20012675067457,35938366,1393,13067301,139160700
7731,2023-09-17,가을,니트 셔츠_라운드_ZB,44.23789086450031,6821100,175,951297,12232500
7732,2023-09-17,가을,수트_블레이져(수트)_ZB,30.160631805967693,111112380,570,29198508,159030000
7733,2023-09-17,가을,수트_블레이져(수트)_ZC,29.777027027027028,28996470,148,7714183,41292000
7734,2023-09-17,가을,수트_수트팬츠_ZB,30.155591042316857,62995710,605,15400979,90145000
7735,2023-09-17,가을,수트_수트팬츠_ZC,29.692857142857143,14666070,140,3579263,20860000
7736,2023-09-17,가을,우븐 셔츠_캐쥬얼셔츠_ZB,37.05286781101104,20622980,410,3479668,32759000
7737,2023-09-17,가을,팬츠_팬츠(일반)_ZB,35.46383262695319,36225000,564,5707065,56343600
7738,2023-09-17,겨울,니트 셔츠_라운드_ZB,38.67334167709637,4557000,93,620746,7430700
7739,2023-09-17,겨울,니트 셔츠_라운드_ZG,20.92092092092092,4740000,60,1069319,5994000
7740,2023-09-17,겨울,니트 셔츠_오픈형티(맨투맨 등)_ZG,16.80672268907563,198000,2,56009,238000
7741,2023-09-17,겨울,니트 셔츠_티에리_ZA,30.333333333333336,1248750,18,293483,1798200
7742,2023-09-17,겨울,사파리_패딩사파리_ZB,30.0,1396500,5,187517,1995000
7743,2023-09-17,겨울,수트_블레이져(수트)_ZA,25.46794871794872,12276670,41,2951859,16699000
7744,2023-09-17,겨울,수트_블레이져(수트)_ZB,20.37625347254495,67891860,306,16165630,85374000
7745,2023-09-17,겨울,수트_블레이져(수트)_ZC,21.05263157894737,4185000,19,1033425,5301000
7746,2023-09-17,겨울,수트_수트팬츠_ZA,25.482142857142858,6956670,42,1650278,9478000
7747,2023-09-17,겨울,수트_수트팬츠_ZB,20.413425010979356,37673160,318,8571963,47382000
7748,2023-09-17,겨울,수트_수트팬츠_ZC,21.764705882352942,1981700,17,459701,2533000
7749,2023-09-17,겨울,스웨터_T-에리_ZB,36.25191694157211,8030440,127,1516811,12687300
7750,2023-09-17,겨울,스웨터_Turtle_ZA,20.0,3052800,24,426402,3816000
7751,2023-09-17,겨울,스웨터_라운드_ZA,30.0,486500,5,80708,695000
7752,2023-09-17,겨울,스웨터_라운드_ZB,36.12442532352712,22431410,351,5093600,35064900
7753,2023-09-17,겨울,스웨터_오픈형(CARDIGAN)_ZA,20.27777777777778,3848500,27,627776,4833000
7754,2023-09-17,겨울,스웨터_오픈형(CARDIGAN)_ZB,23.134591194968554,9166200,75,1389508,11925000
7755,2023-09-17,겨울,우븐 셔츠_캐쥬얼셔츠_ZA,30.93093093093093,4899000,71,736813,7092900
7756,2023-09-17,겨울,자켓_싱글재킷_ZA,29.589409534127842,45307470,217,8500654,64883000
7757,2023-09-17,겨울,점퍼_점퍼_ZG,20.0,6686400,42,1437954,8358000
7758,2023-09-17,겨울,코트_싱글코트_ZB,22.0,1556100,5,323597,1995000
7759,2023-09-17,겨울,팬츠_니트팬츠_ZG,20.92092092092092,2212000,28,561763,2797200
7760,2023-09-17,겨울,팬츠_팬츠(일반)_ZA,30.181481481481484,21323700,237,4024949,30573000
7761,2023-09-17,겨울,팬츠_팬츠(일반)_ZB,9.090909090909092,-999000,-11,-130223,-1098900
7762,2023-09-17,겨울,팬츠_팬츠(일반)_ZG,20.92092092092092,948000,12,217200,1198800
7763,2023-09-17,봄,가죽&FUR_가죽점퍼_ZA,53.88760585065435,1198000,2,555842,2598000
7764,2023-09-17,봄,니트 셔츠_라운드_ZA,66.84343871465215,2107000,53,973326,6354700
7765,2023-09-17,봄,니트 셔츠_오픈형티(맨투맨 등)_ZA,70.24190211053008,3955000,95,1585268,13290500
7766,2023-09-17,봄,수트_블레이져(수트)_ZB,40.104166666666664,7277900,47,2462178,12173000
7767,2023-09-17,봄,수트_블레이져(수트)_ZC,40.76923076923077,1994300,13,737293,3367000
7768,2023-09-17,봄,수트_수트팬츠_ZB,40.43103448275862,4517500,55,1519143,7645000
7769,2023-09-17,봄,수트_수트팬츠_ZC,40.0,1000800,12,281669,1668000
7770,2023-09-17,봄,스웨터_T-에리_ZA,64.64648451909598,7187900,185,2420032,20331500
7771,2023-09-17,봄,스웨터_라운드_ZB,69.88725758766694,7362300,223,2857319,24507700
7772,2023-09-17,봄,스웨터_오픈형(CARDIGAN)_ZB,71.40130191500639,6717000,129,2002878,22547100
7773,2023-09-17,봄,스웨터_후드T_ZA,60.442098317387,359700,7,148376,909300
7774,2023-09-17,봄,우븐 셔츠_캐쥬얼셔츠_ZA,69.9769053117783,1833000,47,556135,6105300
7775,2023-09-17,봄,우븐 셔츠_캐쥬얼셔츠_ZB,74.83408111921524,3371000,149,1157375,13395100
7776,2023-09-17,봄,점퍼_패딩점퍼_ZB,75.50160535117057,1465004,20,577436,5980000
7777,2023-09-17,봄,코트_싱글코트_ZB,65.47649193888748,-6107000,-43,-1535009,-15437000
7778,2023-09-17,봄,팬츠_니트팬츠_ZA,74.21171171171171,2679300,104,1617804,10389600
7779,2023-09-17,봄,팬츠_팬츠(일반)_ZA,79.13669064748201,812000,28,448217,3892000
7780,2023-09-17,사계절,니트 셔츠_라운드_ZB,63.70463078848561,4582000,158,1173906,12624200
7781,2023-09-17,사계절,데님_데님자켓_ZB,29.805424528301888,4767000,40,628864,6360000
7782,2023-09-17,사계절,데님_데님팬츠_ZB,28.96246307234183,-11639200,-76,-1446108,-9412400
7783,2023-09-17,사계절,수트_블레이져(수트)_ZB,52.57759331223518,89745384,673,30641701,174307000
7784,2023-09-17,사계절,수트_블레이져(수트)_ZC,33.92960457180641,20784800,133,6339712,34447000
7785,2023-09-17,사계절,수트_수트팬츠_ZB,52.57211761562728,52412631,746,17395766,103694000
7786,2023-09-17,사계절,수트_수트팬츠_ZC,33.79880710815963,11865900,141,3453679,19599000
7787,2023-09-17,사계절,우븐 셔츠_드레스셔츠_ZB,48.29853851168678,54258250,1792,12395949,125260800
7788,2023-09-17,사계절,자켓_싱글재킷_ZB,37.65690376569037,4470000,30,1018034,7170000
7789,2023-09-17,사계절,팬츠_팬츠(일반)_ZB,37.67580452476286,17187080,298,2849450,29770200
7790,2023-09-17,여름,니트 셔츠_라운드(V넥 등)_ZB,67.60120613331623,5050000,130,2430257,15587000
7791,2023-09-17,여름,니트 셔츠_라운드_ZB,72.36489515101768,24536700,1651,9643098,102254900
7792,2023-09-17,여름,니트 셔츠_티에리_ZB,72.83621802002226,3686518,143,1277148,12855700
7793,2023-09-17,여름,수트_블레이져(수트)_ZA,30.694444444444443,4709500,21,1245794,6819000
7794,2023-09-17,여름,수트_블레이져(수트)_ZB,26.61011904761905,6640760,36,2052246,9324000
7795,2023-09-17,여름,수트_블레이져(수트)_ZC,32.07692307692308,2816770,13,804360,4147000
7796,2023-09-17,여름,수트_수트팬츠_ZA,30.833333333333332,3134800,25,756192,4555000
7797,2023-09-17,여름,수트_수트팬츠_ZB,25.99070743405276,3417860,34,994969,4726000
7798,2023-09-17,여름,수트_수트팬츠_ZC,25.9,1608770,13,427149,2407000
7799,2023-09-17,여름,스웨터_T-에리_ZA,63.481574158325756,1244700,31,422421,3406900
7800,2023-09-17,여름,스웨터_T-에리_ZB,63.137341706786145,6783878,182,1917326,18181800
7801,2023-09-17,여름,스웨터_라운드_ZA,63.522394095642504,2819400,87,1084972,9561300
7802,2023-09-17,여름,스웨터_라운드_ZB,60.70523509687109,5972790,173,1996391,15552700
7803,2023-09-17,여름,우븐 셔츠_드레스셔츠_ZB,68.06284285723949,22738900,1052,7633046,73534800
7804,2023-09-17,여름,우븐 셔츠_캐쥬얼셔츠_ZA,66.80879596346371,5147054,178,1855085,19662200
7805,2023-09-17,여름,우븐 셔츠_캐쥬얼셔츠_ZB,80.25704297291774,8300485,453,3197853,40724700
7806,2023-09-17,여름,자켓_싱글재킷_ZA,54.09390527405819,15631942,136,4835241,38984000
7807,2023-09-17,여름,점퍼_점퍼_ZB,61.34643411884791,7872100,80,2873402,21980000
7808,2023-09-17,여름,팬츠_니트팬츠_ZB,67.2704160067994,8189000,181,3592644,21672100
7809,2023-09-17,여름,팬츠_반바지_ZA,56.61846496106785,78000,2,29920,179800
7810,2023-09-17,여름,팬츠_반바지_ZB,68.7821077930741,1890819,73,611758,6342700
7811,2023-09-17,여름,팬츠_팬츠(일반)_ZA,58.25504479772826,11256399,203,2539911,28217000
7812,2023-09-17,여름,팬츠_팬츠(일반)_ZB,72.72379814779032,19215457,724,6762734,72327600
7813,2023-09-24,가을,니트 셔츠_라운드_ZB,48.560054736580206,8270000,230,1250276,16077000
7814,2023-09-24,가을,수트_블레이져(수트)_ZB,30.442902698259275,87200500,449,23151942,125271000
7815,2023-09-24,가을,수트_블레이져(수트)_ZC,30.194174757281555,20060100,103,5368654,28737000
7816,2023-09-24,가을,수트_수트팬츠_ZB,30.49767807264871,50370940,486,12438731,72414000
7817,2023-09-24,가을,수트_수트팬츠_ZC,30.2020202020202,10295900,99,2531050,14751000
7818,2023-09-24,가을,우븐 셔츠_캐쥬얼셔츠_ZB,41.610436715040336,21407100,458,3913924,36594200
7819,2023-09-24,가을,팬츠_팬츠(일반)_ZB,37.49490867162358,43309900,692,7002478,69130800
7820,2023-09-24,겨울,니트 셔츠_라운드_ZB,41.37107599599598,10180000,220,1506857,17578000
7821,2023-09-24,겨울,니트 셔츠_라운드_ZG,20.92092092092092,2844000,36,643585,3596400
7822,2023-09-24,겨울,니트 셔츠_오픈형티(맨투맨 등)_ZG,20.49486461251167,851500,9,251757,1071000
7823,2023-09-24,겨울,니트 셔츠_티에리_ZA,31.201013597265273,6942700,101,1647024,10089900
7824,2023-09-24,겨울,사파리_패딩사파리_ZB,30.0,-558600,-2,-47756,-798000
7825,2023-09-24,겨울,수트_블레이져(수트)_ZA,24.945238095238096,17235310,60,4222814,24090000
7826,2023-09-24,겨울,수트_블레이져(수트)_ZB,28.562835143674338,91403730,459,24125978,128061000
7827,2023-09-24,겨울,수트_블레이져(수트)_ZC,29.597588978185996,16848870,80,4570023,23750000
7828,2023-09-24,겨울,수트_수트팬츠_ZA,24.779720279720276,10593610,66,2557513,14694000
7829,2023-09-24,겨울,수트_수트팬츠_ZB,28.628680313973277,51028030,480,12853506,71520000
7830,2023-09-24,겨울,수트_수트팬츠_ZC,29.472027972027973,8538070,76,2163688,11984000
7831,2023-09-24,겨울,스웨터_T-에리_ZB,37.031349531349534,14046950,224,2751627,22377600
7832,2023-09-24,겨울,스웨터_Turtle_ZA,20.833333333333332,6042000,48,852805,7632000
7833,2023-09-24,겨울,스웨터_라운드_ZA,30.0,2724400,28,451964,3892000
7834,2023-09-24,겨울,스웨터_라운드_ZB,39.928644652502236,16097660,268,3890627,26773200
7835,2023-09-24,겨울,스웨터_오픈형(CARDIGAN)_ZA,21.568627450980394,6461900,46,1061952,8234000
7836,2023-09-24,겨울,스웨터_오픈형(CARDIGAN)_ZB,21.617824167001203,11715000,94,1741517,14946000
7837,2023-09-24,겨울,우븐 셔츠_캐쥬얼셔츠_ZA,30.93093093093093,3036000,44,456616,4395600
7838,2023-09-24,겨울,자켓_싱글재킷_ZA,28.028380787204313,58894640,257,10603334,81943000
7839,2023-09-24,겨울,점퍼_점퍼_ZA,20.0,398400,2,110894,498000
7840,2023-09-24,겨울,점퍼_점퍼_ZG,21.455665423893663,9690800,62,2122694,12338000
7841,2023-09-24,겨울,점퍼_패딩점퍼_ZB,20.0,318400,2,43321,398000
7842,2023-09-24,겨울,코트_더블코트_ZA,0.0,0,0,0,0
7843,2023-09-24,겨울,코트_싱글코트_ZA,20.0,9980000,25,2026439,12475000
7844,2023-09-24,겨울,코트_싱글코트_ZB,20.0,5386400,17,1100951,6733000
7845,2023-09-24,겨울,팬츠_니트팬츠_ZG,22.45139876718824,1471950,19,381154,1898100
7846,2023-09-24,겨울,팬츠_팬츠(일반)_ZA,30.75256325632563,15565140,175,2936894,22575000
7847,2023-09-24,겨울,팬츠_팬츠(일반)_ZB,39.44822014997453,3651000,59,705076,5894100
7848,2023-09-24,겨울,팬츠_팬츠(일반)_ZG,20.92092092092092,1343000,17,307700,1698300
7849,2023-09-24,봄,가죽&FUR_가죽점퍼_ZA,46.9638229453472,2396000,4,1060144,4596000
7850,2023-09-24,봄,니트 셔츠_라운드_ZA,62.5668449197861,3815000,85,1560995,10191500
7851,2023-09-24,봄,니트 셔츠_오픈형티(맨투맨 등)_ZA,74.66597019849343,3686000,104,1735452,14549600
7852,2023-09-24,봄,수트_블레이져(수트)_ZB,41.78249678249678,5794400,38,1989517,9842000
7853,2023-09-24,봄,수트_블레이져(수트)_ZC,40.90909090909091,1683500,11,621716,2849000
7854,2023-09-24,봄,수트_수트팬츠_ZB,41.91164568345324,2939700,36,971516,5004000
7855,2023-09-24,봄,수트_수트팬츠_ZC,40.0,1167600,14,329738,1946000
7856,2023-09-24,봄,스웨터_T-에리_ZA,72.13778006356239,6338460,207,2707820,22749300
7857,2023-09-24,봄,스웨터_라운드_ZB,71.36080802572883,5516500,173,2241289,19012700
7858,2023-09-24,봄,스웨터_오픈형(CARDIGAN)_ZB,73.68015380106834,13154300,272,4598921,50052800
7859,2023-09-24,봄,스웨터_후드T_ZA,71.32206960820064,707800,19,402734,2468100
7860,2023-09-24,봄,우븐 셔츠_캐쥬얼셔츠_ZA,77.16191942519887,1335000,45,532470,5845500
7861,2023-09-24,봄,우븐 셔츠_캐쥬얼셔츠_ZB,72.58175014180583,3722000,151,1173077,13574900
7862,2023-09-24,봄,점퍼_패딩점퍼_ZB,83.6574215639433,2052301,42,1213211,12558000
7863,2023-09-24,봄,코트_싱글코트_ZB,69.2087810054384,4877000,44,1752671,15796000
7864,2023-09-24,봄,팬츠_니트팬츠_ZA,72.93568077881804,1378900,51,793346,5094900
7865,2023-09-24,봄,팬츠_팬츠(일반)_ZA,80.87575913295338,2097100,79,1339606,10981000
7866,2023-09-24,사계절,니트 셔츠_라운드_ZB,63.70463078848561,-17342000,-598,-4443012,-47780200
7867,2023-09-24,사계절,데님_데님자켓_ZB,25.06119568324757,5699500,43,670090,6837000
7868,2023-09-24,사계절,데님_데님팬츠_ZB,30.392226892423913,60682685,685,12219393,73691500
7869,2023-09-24,사계절,수트_블레이져(수트)_ZB,56.45964143226047,89903715,701,31587306,181559000
7870,2023-09-24,사계절,수트_블레이져(수트)_ZC,86.56538624070059,25931000,162,7351088,41958000
7871,2023-09-24,사계절,수트_수트팬츠_ZB,54.40188247888449,53692815,767,17692458,106613000
7872,2023-09-24,사계절,수트_수트팬츠_ZC,28.07190418593608,15134219,178,4099488,24742000
7873,2023-09-24,사계절,우븐 셔츠_드레스셔츠_ZB,54.61256952570322,38207713,1455,10250103,101704500
7874,2023-09-24,사계절,자켓_싱글재킷_ZB,39.10631906447806,5675900,39,1323445,9321000
7875,2023-09-24,사계절,팬츠_팬츠(일반)_ZB,41.65577972783443,19755177,340,3597423,33966000
7876,2023-09-24,여름,니트 셔츠_라운드(V넥 등)_ZB,67.35922021348726,5439945,139,2598506,16666100
7877,2023-09-24,여름,니트 셔츠_라운드_ZB,73.40867213663046,24592501,1584,9639491,103301600
7878,2023-09-24,여름,니트 셔츠_티에리_ZB,74.9557194803843,3281219,145,1237671,13035500
7879,2023-09-24,여름,수트_블레이져(수트)_ZA,29.554166666666667,6628820,29,1687453,9251000
7880,2023-09-24,여름,수트_블레이져(수트)_ZB,25.65,5687640,30,1718790,7770000
7881,2023-09-24,여름,수트_블레이져(수트)_ZC,32.0,3311000,16,975859,4804000
7882,2023-09-24,여름,수트_수트팬츠_ZA,25.92156862745098,5990870,44,1326630,8116000
7883,2023-09-24,여름,수트_수트팬츠_ZB,-inf,3747440,37,1091463,5143000
7884,2023-09-24,여름,수트_수트팬츠_ZC,-13.333333333333334,1443600,10,320103,1750000
7885,2023-09-24,여름,스웨터_T-에리_ZA,64.99739315400612,1720500,44,601626,4835600
7886,2023-09-24,여름,스웨터_T-에리_ZB,69.86900361900362,1565245,52,519601,5194800
7887,2023-09-24,여름,스웨터_라운드_ZA,54.216752071260956,1128000,22,271092,2417800
7888,2023-09-24,여름,스웨터_라운드_ZB,61.627051499717034,3489390,101,1141459,9079900
7889,2023-09-24,여름,우븐 셔츠_드레스셔츠_ZB,68.66763545960896,19788250,905,6565895,63259500
7890,2023-09-24,여름,우븐 셔츠_캐쥬얼셔츠_ZA,67.85204046604616,2888050,90,975864,9951000
7891,2023-09-24,여름,우븐 셔츠_캐쥬얼셔츠_ZB,78.64412602807728,6238777,337,2292765,30296300
7892,2023-09-24,여름,자켓_싱글재킷_ZA,56.73919463030407,14549304,151,5162139,42669000
7893,2023-09-24,여름,점퍼_점퍼_ZB,70.84030350163354,18523450,205,7920363,56455000
7894,2023-09-24,여름,팬츠_니트팬츠_ZB,68.15096987119568,2661000,69,1262022,7699800
7895,2023-09-24,여름,팬츠_반바지_ZA,0.0,0,0,0,0
7896,2023-09-24,여름,팬츠_반바지_ZB,70.40171639827633,1779150,65,686309,5513500
7897,2023-09-24,여름,팬츠_팬츠(일반)_ZA,57.73905694683154,9247378,192,2670904,26688000
7898,2023-09-24,여름,팬츠_팬츠(일반)_ZB,72.52299270100677,15274938,559,5308820,55844100
7899,2023-10-01,가을,니트 셔츠_라운드_ZB,48.09237063400677,11900966,328,1783003,22927200
7900,2023-10-01,가을,수트_블레이져(수트)_ZB,35.14451719662838,96599244,533,27385636,148707000
7901,2023-10-01,가을,수트_블레이져(수트)_ZC,34.85102880658436,29446032,162,8443903,45198000
7902,2023-10-01,가을,수트_수트팬츠_ZB,35.338333665544575,56125718,582,14874900,86718000
7903,2023-10-01,가을,수트_수트팬츠_ZC,34.73284196228827,16337675,168,4295116,25032000
7904,2023-10-01,가을,우븐 셔츠_캐쥬얼셔츠_ZB,42.829807668546636,27436336,601,5040752,48019900
7905,2023-10-01,가을,팬츠_팬츠(일반)_ZB,38.502637314447284,52950226,860,8703264,85914000
7906,2023-10-01,겨울,니트 셔츠_라운드_ZB,44.209460774807084,16453845,369,2555376,29483100
7907,2023-10-01,겨울,니트 셔츠_라운드_ZG,28.929360394877637,5348320,75,1356801,7492500
7908,2023-10-01,겨울,니트 셔츠_오픈형티(맨투맨 등)_ZG,25.40063025210084,1420372,16,446372,1904000
7909,2023-10-01,겨울,니트 셔츠_티에리_ZA,35.61633135000672,10727208,166,2707522,16583400
7910,2023-10-01,겨울,사파리_패딩사파리_ZB,34.46659505907626,2314196,9,325938,3591000
7911,2023-10-01,겨울,수트_블레이져(수트)_ZA,29.2536659002488,34143657,128,8892313,50992000
7912,2023-10-01,겨울,수트_블레이져(수트)_ZB,34.96746443830133,103656787,571,30011925,159309000
7913,2023-10-01,겨울,수트_블레이져(수트)_ZC,35.198200146178834,22551522,111,6609320,34709000
7914,2023-10-01,겨울,수트_수트팬츠_ZA,29.600084872250772,21171435,145,5475832,31655000
7915,2023-10-01,겨울,수트_수트팬츠_ZB,35.01096684899448,56615398,584,15644556,87016000
7916,2023-10-01,겨울,수트_수트팬츠_ZC,35.275910159399196,13283332,125,3686077,20485000
7917,2023-10-01,겨울,스웨터_T-에리_ZA,32.83230215827338,2800893,30,456405,4170000
7918,2023-10-01,겨울,스웨터_T-에리_ZB,37.33244520786307,31038684,493,6015303,49250700
7919,2023-10-01,겨울,스웨터_Turtle_ZA,25.79175790045811,19114559,162,2878216,25758000
7920,2023-10-01,겨울,스웨터_라운드_ZA,36.406406303528605,1856297,21,338973,2919000
7921,2023-10-01,겨울,스웨터_라운드_ZB,37.743539701153864,47487322,763,11076404,76223700
7922,2023-10-01,겨울,스웨터_오픈형(CARDIGAN)_ZA,25.226261215507026,18043579,135,3111548,24165000
7923,2023-10-01,겨울,스웨터_오픈형(CARDIGAN)_ZB,25.010938296787355,17646426,148,2741963,23532000
7924,2023-10-01,겨울,우븐 셔츠_캐쥬얼셔츠_ZA,30.01931371920519,12943567,165,2779287,18724200
7925,2023-10-01,겨울,자켓_싱글재킷_ZA,32.96670074309879,84859046,411,16475997,128389000
7926,2023-10-01,겨울,점퍼_점퍼_ZA,25.161774370208104,2049819,11,608533,2739000
7927,2023-10-01,겨울,점퍼_점퍼_ZG,27.111308133021797,22772614,157,5375209,31243000
7928,2023-10-01,겨울,점퍼_패딩점퍼_ZB,25.377075503568264,4595680,31,693087,6169000
7929,2023-10-01,겨울,코트_더블코트_ZA,0.0,0,0,0,0
7930,2023-10-01,겨울,코트_싱글코트_ZA,21.604496804128985,22266187,48,4181753,28452000
7931,2023-10-01,겨울,코트_싱글코트_ZB,23.891915123101576,18301453,62,4015902,24488000
7932,2023-10-01,겨울,팬츠_니트팬츠_ZG,35.18775442108775,1942423,30,601860,2997000
7933,2023-10-01,겨울,팬츠_팬츠(일반)_ZA,35.504208617976964,27981651,338,5736696,43602000
7934,2023-10-01,겨울,팬츠_팬츠(일반)_ZB,37.505333546506144,13863067,224,2958744,22377600
7935,2023-10-01,겨울,팬츠_팬츠(일반)_ZG,28.517656117656117,4641706,65,1176500,6493500
7936,2023-10-01,봄,가죽&FUR_가죽점퍼_ZA,62.0916817510351,2787000,6,1615986,7194000
7937,2023-10-01,봄,니트 셔츠_라운드_ZA,73.33960830812826,13265811,415,7621326,49758500
7938,2023-10-01,봄,니트 셔츠_오픈형티(맨투맨 등)_ZA,67.92475522383097,7718202,172,2870170,24062800
7939,2023-10-01,봄,수트_블레이져(수트)_ZB,46.88939233739234,7579663,55,2875739,14245000
7940,2023-10-01,봄,수트_블레이져(수트)_ZC,46.17906477906478,1254566,9,509240,2331000
7941,2023-10-01,봄,수트_수트팬츠_ZB,46.30149208219631,4560623,61,1663231,8479000
7942,2023-10-01,봄,수트_수트팬츠_ZC,46.97574511819116,515926,7,165010,973000
7943,2023-10-01,봄,스웨터_T-에리_ZA,73.58848748657665,12887656,444,5808078,48795600
7944,2023-10-01,봄,스웨터_라운드_ZB,80.32858128658705,10239564,473,6056661,51982700
7945,2023-10-01,봄,스웨터_오픈형(CARDIGAN)_ZB,78.32892310964564,13219379,317,5076191,56438300
7946,2023-10-01,봄,스웨터_후드T_ZA,71.69401077752117,1838474,50,1059826,6495000
7947,2023-10-01,봄,우븐 셔츠_캐쥬얼셔츠_ZA,81.84501474773161,2098916,89,1053104,11561100
7948,2023-10-01,봄,우븐 셔츠_캐쥬얼셔츠_ZB,64.01890989988877,7860321,243,1887638,21845700
7949,2023-10-01,봄,점퍼_패딩점퍼_ZB,80.31888059914816,6885046,117,3380489,34983000
7950,2023-10-01,봄,코트_싱글코트_ZB,78.6622505471548,21798610,312,11962197,112008000
7951,2023-10-01,봄,팬츠_니트팬츠_ZA,71.76432294363329,8180158,290,4511185,28971000
7952,2023-10-01,봄,팬츠_팬츠(일반)_ZA,83.52594295220194,2271497,100,1675063,13900000
7953,2023-10-01,사계절,니트 셔츠_라운드_ZB,63.883424998379446,7243143,251,1864876,20054900
7954,2023-10-01,사계절,데님_데님자켓_ZB,29.71071509608504,14792088,117,1840416,18603000
7955,2023-10-01,사계절,데님_데님팬츠_ZB,40.19778967533581,208283998,3161,56806772,345393900
7956,2023-10-01,사계절,수트_블레이져(수트)_ZB,57.11116022669782,132212573,1062,46954965,275058000
7957,2023-10-01,사계절,수트_블레이져(수트)_ZC,39.68129147883246,27763413,182,8221581,47138000
7958,2023-10-01,사계절,수트_수트팬츠_ZB,58.50745457067998,76020654,1183,26738702,164437000
7959,2023-10-01,사계절,수트_수트팬츠_ZC,36.36451485815956,16607782,201,4606630,27939000
7960,2023-10-01,사계절,우븐 셔츠_드레스셔츠_ZB,58.48225713256657,81944569,3117,21666178,217878300
7961,2023-10-01,사계절,자켓_싱글재킷_ZB,45.20562439652398,6809845,52,1764593,12428000
7962,2023-10-01,사계절,팬츠_팬츠(일반)_ZB,51.894937459657214,26739571,560,5798039,55944000
7963,2023-10-01,여름,니트 셔츠_라운드(V넥 등)_ZB,71.57203099961579,3033577,89,1663792,10671100
7964,2023-10-01,여름,니트 셔츠_라운드_ZB,73.69831809639673,17676618,1121,6871445,70947900
7965,2023-10-01,여름,니트 셔츠_티에리_ZB,76.24357244740933,5403407,256,2316132,23014400
7966,2023-10-01,여름,수트_블레이져(수트)_ZA,34.96300479671555,7858105,37,2211587,12163000
7967,2023-10-01,여름,수트_블레이져(수트)_ZB,28.37236969111969,8687436,46,2630646,11914000
7968,2023-10-01,여름,수트_블레이져(수트)_ZC,34.46929382360417,3372984,17,1045265,5243000
7969,2023-10-01,여름,수트_수트팬츠_ZA,34.95990815026392,5471820,45,1404982,8455000
7970,2023-10-01,여름,수트_수트팬츠_ZB,28.670922580117725,4900893,49,1433177,6811000
7971,2023-10-01,여름,수트_수트팬츠_ZC,29.459521752111478,2347502,21,673366,3479000
7972,2023-10-01,여름,스웨터_T-에리_ZA,72.17952747889053,1082322,35,474497,3846500
7973,2023-10-01,여름,스웨터_T-에리_ZB,72.84855558489438,7483579,310,2846585,30969000
7974,2023-10-01,여름,스웨터_라운드_ZA,62.41364203147643,1005600,29,361657,3187100
7975,2023-10-01,여름,스웨터_라운드_ZB,68.00359049552598,3404363,118,1300827,10608200
7976,2023-10-01,여름,우븐 셔츠_드레스셔츠_ZB,70.98602457370498,26622155,1368,10096242,95623200
7977,2023-10-01,여름,우븐 셔츠_캐쥬얼셔츠_ZA,69.59374781233174,7238745,237,2593861,26855400
7978,2023-10-01,여름,우븐 셔츠_캐쥬얼셔츠_ZB,80.28339762532946,13181470,825,5729230,74167500
7979,2023-10-01,여름,자켓_싱글재킷_ZA,70.14150229492809,23544304,307,10785111,88913000
7980,2023-10-01,여름,점퍼_점퍼_ZB,70.70451599427754,31116035,395,13213420,107045000
7981,2023-10-01,여름,팬츠_니트팬츠_ZB,72.0514163177593,3720108,128,2128685,13182200
7982,2023-10-01,여름,팬츠_반바지_ZA,77.86429365962181,19900,1,14960,89900
7983,2023-10-01,여름,팬츠_반바지_ZB,70.98621422309068,2478031,106,810201,9369400
7984,2023-10-01,여름,팬츠_팬츠(일반)_ZA,64.36715662726256,12064944,325,4921354,45175000
7985,2023-10-01,여름,팬츠_팬츠(일반)_ZB,77.13506477533288,17665932,771,7186976,77022900
7986,2023-10-08,가을,니트 셔츠_라운드_ZB,49.1493048001424,15426372,434,2359217,30336600
7987,2023-10-08,가을,수트_블레이져(수트)_ZB,35.70840181521384,96706916,539,27743297,150381000
7988,2023-10-08,가을,수트_블레이져(수트)_ZC,35.82159800249688,31872278,178,9277869,49662000
7989,2023-10-08,가을,수트_수트팬츠_ZB,35.83488144753483,55615614,582,14895733,86718000
7990,2023-10-08,가을,수트_수트팬츠_ZC,35.94795248178588,17846822,187,4780873,27863000
7991,2023-10-08,가을,우븐 셔츠_캐쥬얼셔츠_ZB,43.45026551565703,25656313,568,4855216,45383200
7992,2023-10-08,가을,팬츠_팬츠(일반)_ZB,40.682927055048694,63525429,1072,10850516,107092800
7993,2023-10-08,겨울,니트 셔츠_라운드_ZB,45.188133217471965,40112673,916,6385426,73188400
7994,2023-10-08,겨울,니트 셔츠_라운드_ZG,35.53282958282958,3641988,57,1053259,5694300
7995,2023-10-08,겨울,니트 셔츠_오픈형티(맨투맨 등)_ZG,27.27106092436975,1384759,16,446655,1904000
7996,2023-10-08,겨울,니트 셔츠_티에리_ZA,39.940024022692015,14271820,239,3903878,23876100
7997,2023-10-08,겨울,사파리_패딩사파리_ZB,28.405200501253134,-118101,0,1733,0
7998,2023-10-08,겨울,수트_블레이져(수트)_ZA,29.530856682919524,45811490,173,11995753,68847000
7999,2023-10-08,겨울,수트_블레이져(수트)_ZB,35.8086617038801,150902587,842,44135883,234918000
8000,2023-10-08,겨울,수트_블레이져(수트)_ZC,35.47808240485651,30981462,162,9264180,48168000
8001,2023-10-08,겨울,수트_수트팬츠_ZA,29.612746296922126,27603589,189,7134500,41251000
8002,2023-10-08,겨울,수트_수트팬츠_ZB,35.69307682868086,87023504,909,24256598,135441000
8003,2023-10-08,겨울,수트_수트팬츠_ZC,35.71651143972659,16455416,162,4627393,25638000
8004,2023-10-08,겨울,스웨터_T-에리_ZA,48.18532810115544,2376739,33,567131,4587000
8005,2023-10-08,겨울,스웨터_T-에리_ZB,41.19033260972988,38878504,663,8362153,66233700
8006,2023-10-08,겨울,스웨터_Turtle_ZA,29.788531135295255,32709417,293,5205662,46587000
8007,2023-10-08,겨울,스웨터_Turtle_ZB,0.0,0,0,0,0
8008,2023-10-08,겨울,스웨터_라운드_ZA,46.974154869652665,6854651,93,1501166,12927000
8009,2023-10-08,겨울,스웨터_라운드_ZB,39.13867533718326,80348073,1322,19154556,132067800
8010,2023-10-08,겨울,스웨터_오픈형(CARDIGAN)_ZA,28.1958359197186,22833318,177,4042537,31683000
8011,2023-10-08,겨울,스웨터_오픈형(CARDIGAN)_ZB,26.19354336160637,25582794,218,4038838,34662000
8012,2023-10-08,겨울,우븐 셔츠_캐쥬얼셔츠_ZA,32.519613640986904,22471120,285,5314604,33418500
8013,2023-10-08,겨울,자켓_싱글재킷_ZA,36.010145984424575,108370627,552,21891390,169448000
8014,2023-10-08,겨울,점퍼_점퍼_ZA,26.5282346778418,4207728,23,1270570,5727000
8015,2023-10-08,겨울,점퍼_점퍼_ZG,28.625616232822882,29969390,211,7224007,41989000
8016,2023-10-08,겨울,점퍼_패딩점퍼_ZB,29.44172170375688,10119574,72,1622715,14328000
8017,2023-10-08,겨울,코트_더블코트_ZA,25.789356490759296,3332800,9,779068,4491000
8018,2023-10-08,겨울,코트_싱글코트_ZA,24.24085795704885,3485481,11,872234,5189000
8019,2023-10-08,겨울,코트_싱글코트_ZB,24.856455523894944,9754844,37,2377220,14813000
8020,2023-10-08,겨울,팬츠_니트팬츠_ZG,33.937187187187185,3167844,48,963026,4795200
8021,2023-10-08,겨울,팬츠_팬츠(일반)_ZA,35.85331850229654,40071372,484,8334887,62436000
8022,2023-10-08,겨울,팬츠_팬츠(일반)_ZB,39.39064565361545,32537456,543,7246401,54245700
8023,2023-10-08,겨울,팬츠_팬츠(일반)_ZG,27.81666514999848,4759336,66,1194600,6593400
8024,2023-10-08,봄,가죽&FUR_가죽점퍼_ZA,inf,1798000,4,1111684,5196000
8025,2023-10-08,봄,니트 셔츠_라운드_ZA,66.71653288039036,12011970,301,5527757,36089900
8026,2023-10-08,봄,니트 셔츠_오픈형티(맨투맨 등)_ZA,71.82890470418829,5438768,138,2302811,19306200
8027,2023-10-08,봄,수트_블레이져(수트)_ZB,45.71565774958633,6456891,46,2424388,11914000
8028,2023-10-08,봄,수트_블레이져(수트)_ZC,46.49903474903475,1385675,10,568580,2590000
8029,2023-10-08,봄,수트_수트팬츠_ZB,46.30892835731415,4335957,58,1580797,8062000
8030,2023-10-08,봄,수트_수트팬츠_ZC,46.31393884892086,596989,8,186655,1112000
8031,2023-10-08,봄,스웨터_T-에리_ZA,68.06926373605228,11615412,331,4329896,36376900
8032,2023-10-08,봄,스웨터_라운드_ZB,70.77688054819103,13567667,425,5536341,46707500
8033,2023-10-08,봄,스웨터_오픈형(CARDIGAN)_ZB,77.63463336288396,17666940,428,7180825,78387200
8034,2023-10-08,봄,스웨터_후드T_ZA,71.79580446497306,1318941,36,763075,4676400
8035,2023-10-08,봄,우븐 셔츠_캐쥬얼셔츠_ZA,80.39258118780829,2750764,108,1277927,14029200
8036,2023-10-08,봄,우븐 셔츠_캐쥬얼셔츠_ZB,69.7301220765689,2149797,79,613754,7102100
8037,2023-10-08,봄,점퍼_패딩점퍼_ZB,72.50761614623,8302425,101,2917556,30199000
8038,2023-10-08,봄,코트_싱글코트_ZB,80.35219595327926,-265532,-58,-1968149,-20822000
8039,2023-10-08,봄,팬츠_니트팬츠_ZA,72.4226419401858,3140675,114,1773362,11388600
8040,2023-10-08,봄,팬츠_팬츠(일반)_ZA,77.94406249295236,3118877,102,1726256,14178000
8041,2023-10-08,사계절,니트 셔츠_라운드_ZB,66.05784535278316,13532771,499,3707463,39870100
8042,2023-10-08,사계절,데님_데님자켓_ZB,30.68877547927559,13027941,108,1689519,17172000
8043,2023-10-08,사계절,데님_데님팬츠_ZB,38.58159645235727,-118012176,-1606,-29118855,-178759400
8044,2023-10-08,사계절,수트_블레이져(수트)_ZB,53.430762161284406,116783012,796,35069679,206164000
8045,2023-10-08,사계절,수트_블레이져(수트)_ZC,39.45648074064223,31089608,203,9084906,52577000
8046,2023-10-08,사계절,수트_수트팬츠_ZB,53.3758617883123,69737944,884,19791937,122876000
8047,2023-10-08,사계절,수트_수트팬츠_ZC,39.35366129563055,17792277,216,4869328,30024000
8048,2023-10-08,사계절,우븐 셔츠_드레스셔츠_ZB,53.73914534747459,75534847,2705,18916153,189079500
8049,2023-10-08,사계절,자켓_싱글재킷_ZB,46.819177126917715,6863517,54,1832462,12906000
8050,2023-10-08,사계절,팬츠_팬츠(일반)_ZB,42.900365123946884,25309828,457,4765445,45654300
8051,2023-10-08,여름,니트 셔츠_라운드(V넥 등)_ZB,71.42271589961331,3769058,110,2056372,13189000
8052,2023-10-08,여름,니트 셔츠_라운드_ZB,73.29362948219824,10042147,601,3676170,36939900
8053,2023-10-08,여름,니트 셔츠_티에리_ZB,76.34905260895944,1451125,66,583632,5933400
8054,2023-10-08,여름,수트_블레이져(수트)_ZA,36.16032937423637,4449720,21,1255377,6939000
8055,2023-10-08,여름,수트_블레이져(수트)_ZB,32.680447086697086,8095767,47,2709160,12173000
8056,2023-10-08,여름,수트_블레이져(수트)_ZC,34.912244297589126,2853187,15,910824,4425000
8057,2023-10-08,여름,수트_수트팬츠_ZA,35.5732917125026,2970519,24,746873,4616000
8058,2023-10-08,여름,수트_수트팬츠_ZB,31.772933296220167,4819532,52,1528330,7228000
8059,2023-10-08,여름,수트_수트팬츠_ZC,33.78418201548462,2746380,26,815003,4214000
8060,2023-10-08,여름,스웨터_T-에리_ZA,67.73186663200312,710238,21,287674,2307900
8061,2023-10-08,여름,스웨터_T-에리_ZB,70.9357023690357,652779,22,217010,2197800
8062,2023-10-08,여름,스웨터_라운드_ZA,62.29472247497725,454402,12,147066,1318800
8063,2023-10-08,여름,스웨터_라운드_ZB,64.63418989182382,2319919,73,802128,6562700
8064,2023-10-08,여름,우븐 셔츠_드레스셔츠_ZB,71.53934104433328,26006760,1364,10367677,95343600
8065,2023-10-08,여름,우븐 셔츠_캐쥬얼셔츠_ZA,69.43342075057919,2782897,82,961032,9541800
8066,2023-10-08,여름,우븐 셔츠_캐쥬얼셔츠_ZB,81.45159065171268,4088589,232,1643896,20856800
8067,2023-10-08,여름,자켓_싱글재킷_ZA,68.7913535261961,5046136,71,2524953,19969000
8068,2023-10-08,여름,점퍼_점퍼_ZB,70.46211833339183,34989093,436,13632085,116824000
8069,2023-10-08,여름,팬츠_니트팬츠_ZB,68.51887209930379,2565968,83,1329840,8286500
8070,2023-10-08,여름,팬츠_반바지_ZA,70.12041156840934,537235,20,299204,1798000
8071,2023-10-08,여름,팬츠_반바지_ZB,67.38298603231793,1058316,36,364793,3096400
8072,2023-10-08,여름,팬츠_팬츠(일반)_ZA,61.83212736889747,5448323,116,1671737,16124000
8073,2023-10-08,여름,팬츠_팬츠(일반)_ZB,72.99376754549168,8970788,328,3093344,32767200
8074,2023-10-15,가을,니트 셔츠_라운드_ZB,55.76160877256038,12554590,406,2207009,28379400
8075,2023-10-15,가을,수트_블레이져(수트)_ZB,36.74686315324492,92291590,523,26916954,145917000
8076,2023-10-15,가을,수트_블레이져(수트)_ZC,36.85694548637159,30301089,172,8965132,47988000
8077,2023-10-15,가을,수트_수트팬츠_ZB,36.74832189344407,54850745,582,14891011,86718000
8078,2023-10-15,가을,수트_수트팬츠_ZC,36.890168692182115,17396225,185,4729741,27565000
8079,2023-10-15,가을,우븐 셔츠_캐쥬얼셔츠_ZB,49.13378675215677,20766918,512,4416548,40908800
8080,2023-10-15,가을,팬츠_팬츠(일반)_ZB,49.698700188283524,45605587,904,9149884,90309600
8081,2023-10-15,겨울,니트 셔츠_라운드_ZB,44.77874907696594,31040033,703,4828498,56169700
8082,2023-10-15,겨울,니트 셔츠_라운드_ZG,35.08517212865039,3830873,58,1046532,5794200
8083,2023-10-15,겨울,니트 셔츠_오픈형티(맨투맨 등)_ZG,33.05486694677871,1911953,24,669558,2856000
8084,2023-10-15,겨울,니트 셔츠_티에리_ZA,34.269323300573305,8882453,136,2222998,13586400
8085,2023-10-15,겨울,사파리_패딩사파리_ZB,38.86039530644794,4634722,19,649066,7581000
8086,2023-10-15,겨울,수트_블레이져(수트)_ZA,30.347637282667826,41126509,147,10481168,59433000
8087,2023-10-15,겨울,수트_블레이져(수트)_ZB,26.759575187972388,128802522,631,33201894,176049000
8088,2023-10-15,겨울,수트_블레이져(수트)_ZC,28.854812817254896,34399911,155,9119273,47755000
8089,2023-10-15,겨울,수트_수트팬츠_ZA,30.399465689202533,24728976,159,6253642,35731000
8090,2023-10-15,겨울,수트_수트팬츠_ZB,27.05904609223956,70999574,653,17529012,97297000
8091,2023-10-15,겨울,수트_수트팬츠_ZC,28.854115416947195,18713241,158,4667253,25942000
8092,2023-10-15,겨울,스웨터_T-에리_ZA,31.386083633093524,3051947,32,549960,4448000
8093,2023-10-15,겨울,스웨터_T-에리_ZB,36.94061725438243,34505607,547,6873449,54645300
8094,2023-10-15,겨울,스웨터_Turtle_ZA,25.95414794848757,27196301,231,4104123,36729000
8095,2023-10-15,겨울,스웨터_Turtle_ZB,20.657880102324548,1426730,18,268903,1798200
8096,2023-10-15,겨울,스웨터_라운드_ZA,35.19146762589928,4504193,50,807078,6950000
8097,2023-10-15,겨울,스웨터_라운드_ZB,39.35315307217981,37595942,623,9017341,62237700
8098,2023-10-15,겨울,스웨터_오픈형(CARDIGAN)_ZA,25.129780194200585,17240543,133,3039234,23807000
8099,2023-10-15,겨울,스웨터_오픈형(CARDIGAN)_ZB,24.040823631740935,22705717,188,3483034,29892000
8100,2023-10-15,겨울,우븐 셔츠_캐쥬얼셔츠_ZA,32.731177362148436,24784686,301,6001756,36122700
8101,2023-10-15,겨울,자켓_싱글재킷_ZA,31.799634533914787,136130249,639,25794983,199261000
8102,2023-10-15,겨울,점퍼_점퍼_ZA,22.25238453815261,6194930,32,1767240,7968000
8103,2023-10-15,겨울,점퍼_점퍼_ZG,33.54013675684358,28963873,219,7497903,43581000
8104,2023-10-15,겨울,점퍼_패딩점퍼_ZB,36.07159362680264,20537573,162,3731813,32438000
8105,2023-10-15,겨울,코트_더블코트_ZA,29.168336673346694,8482800,24,2082304,11976000
8106,2023-10-15,겨울,코트_싱글코트_ZA,18.79232273213511,13101251,45,3589392,21555000
8107,2023-10-15,겨울,코트_싱글코트_ZB,33.286353137746325,42179480,153,9904384,60197000
8108,2023-10-15,겨울,팬츠_니트팬츠_ZG,25.23113357259699,3062458,41,822643,4095900
8109,2023-10-15,겨울,팬츠_팬츠(일반)_ZA,32.69029819954989,43900483,497,8544182,64113000
8110,2023-10-15,겨울,팬츠_팬츠(일반)_ZB,37.55259950240281,43647717,713,9522685,71228700
8111,2023-10-15,겨울,팬츠_팬츠(일반)_ZG,23.33009722050818,5591306,73,1321300,7292700
8112,2023-10-15,봄,가죽&FUR_가죽점퍼_ZA,55.34196147648804,5460000,11,2850971,11889000
8113,2023-10-15,봄,니트 셔츠_라운드_ZA,66.63167222685571,10242208,256,4701348,30694400
8114,2023-10-15,봄,니트 셔츠_오픈형티(맨투맨 등)_ZA,68.39421931416213,1724443,39,650794,5456100
8115,2023-10-15,봄,수트_블레이져(수트)_ZB,42.49031684745971,4476155,30,1590452,7770000
8116,2023-10-15,봄,수트_블레이져(수트)_ZC,41.702574002574,1811884,12,678987,3108000
8117,2023-10-15,봄,수트_수트팬츠_ZB,42.54230492529054,2636930,33,903943,4587000
8118,2023-10-15,봄,수트_수트팬츠_ZC,42.043093525179856,805601,10,235286,1390000
8119,2023-10-15,봄,스웨터_T-에리_ZA,65.42249063175711,7068127,186,2433114,20441400
8120,2023-10-15,봄,스웨터_라운드_ZB,72.34135167141315,8877936,303,3847453,33299700
8121,2023-10-15,봄,스웨터_오픈형(CARDIGAN)_ZB,74.81441219887436,11603767,250,4143248,45445000
8122,2023-10-15,봄,스웨터_후드T_ZA,59.9265368965138,728776,14,296751,1818600
8123,2023-10-15,봄,우븐 셔츠_캐쥬얼셔츠_ZA,70.57868690201254,535056,14,165657,1818600
8124,2023-10-15,봄,우븐 셔츠_캐쥬얼셔츠_ZB,69.36407004346181,2671545,97,753491,8720300
8125,2023-10-15,봄,점퍼_패딩점퍼_ZB,71.44067479834743,8710023,102,2946702,30498000
8126,2023-10-15,봄,코트_싱글코트_ZB,70.4427341403528,12717222,123,4933229,44157000
8127,2023-10-15,봄,팬츠_니트팬츠_ZA,71.2758349747597,2668676,93,1446690,9290700
8128,2023-10-15,봄,팬츠_팬츠(일반)_ZA,78.48481270732543,2482359,83,1419384,11537000
8129,2023-10-15,사계절,니트 셔츠_라운드_ZB,63.71783808708254,9914391,342,2540987,27325800
8130,2023-10-15,사계절,데님_데님자켓_ZB,21.669319464602484,7464619,55,852315,8745000
8131,2023-10-15,사계절,데님_데님팬츠_ZB,34.275647859179664,-42087539,-602,-11009963,-67909800
8132,2023-10-15,사계절,수트_블레이져(수트)_ZB,57.7180395963302,114158559,882,38597242,228438000
8133,2023-10-15,사계절,수트_블레이져(수트)_ZC,38.62832112332112,30476405,200,8927604,51800000
8134,2023-10-15,사계절,수트_수트팬츠_ZB,58.47181819514932,67550472,977,21766722,135803000
8135,2023-10-15,사계절,수트_수트팬츠_ZC,37.50185821267798,15990436,196,4386234,27244000
8136,2023-10-15,사계절,우븐 셔츠_드레스셔츠_ZB,50.64352472048103,76858750,2742,19038905,191665800
8137,2023-10-15,사계절,자켓_싱글재킷_ZB,41.8457949790795,5559542,40,1357379,9560000
8138,2023-10-15,사계절,팬츠_팬츠(일반)_ZB,45.468040431053275,20698341,387,4316194,38661300
8139,2023-10-15,여름,니트 셔츠_라운드(V넥 등)_ZB,68.377562109839,1251205,33,616911,3956700
8140,2023-10-15,여름,니트 셔츠_라운드_ZB,inf,5217243,312,1820182,19148800
8141,2023-10-15,여름,니트 셔츠_티에리_ZB,74.73189346187121,371174,17,138583,1528300
8142,2023-10-15,여름,수트_블레이져(수트)_ZA,31.712564725092417,2319634,10,598195,3310000
8143,2023-10-15,여름,수트_블레이져(수트)_ZB,25.436017037445605,5800931,29,1674092,7511000
8144,2023-10-15,여름,수트_블레이져(수트)_ZC,21.04493207941484,-740800,-2,-107854,-338000
8145,2023-10-15,여름,수트_수트팬츠_ZA,33.748039648877636,2402896,19,584596,3561000
8146,2023-10-15,여름,수트_수트팬츠_ZB,23.825647664641394,5317344,50,1489060,6950000
8147,2023-10-15,여름,수트_수트팬츠_ZC,44.03275071156889,1605107,15,488247,2525000
8148,2023-10-15,여름,스웨터_T-에리_ZA,55.79310737033667,290667,6,82193,659400
8149,2023-10-15,여름,스웨터_T-에리_ZB,61.60919252585919,500166,13,122849,1298700
8150,2023-10-15,여름,스웨터_라운드_ZA,55.4140127388535,343000,7,81747,769300
8151,2023-10-15,여름,스웨터_라운드_ZB,58.011227753058954,909872,24,276749,2157600
8152,2023-10-15,여름,우븐 셔츠_드레스셔츠_ZB,67.00482822972563,18451898,860,6560764,60114000
8153,2023-10-15,여름,우븐 셔츠_캐쥬얼셔츠_ZA,65.27031000721018,2471962,68,809838,7873200
8154,2023-10-15,여름,우븐 셔츠_캐쥬얼셔츠_ZB,80.11521238690644,1659989,91,628657,8180900
8155,2023-10-15,여름,자켓_싱글재킷_ZA,55.05946168137697,6132201,55,1935553,15705000
8156,2023-10-15,여름,점퍼_점퍼_ZB,67.33463273066886,22248347,315,8878413,84165000
8157,2023-10-15,여름,팬츠_니트팬츠_ZB,68.05766835842965,680810,18,322433,1970100
8158,2023-10-15,여름,팬츠_반바지_ZA,0.0,0,0,0,0
8159,2023-10-15,여름,팬츠_반바지_ZB,69.31687384205097,718744,30,206079,2557000
8160,2023-10-15,여름,팬츠_팬츠(일반)_ZA,56.7552724487077,3434395,66,947968,9174000
8161,2023-10-15,여름,팬츠_팬츠(일반)_ZB,72.20011042599401,5626135,199,1872274,19880100
8162,2023-10-22,가을,니트 셔츠_라운드_ZB,62.04795793829765,9391081,354,1924338,24744600
8163,2023-10-22,가을,수트_블레이져(수트)_ZB,43.09195827247647,61799895,389,20071804,108531000
8164,2023-10-22,가을,수트_블레이져(수트)_ZC,42.592,20021040,125,6515357,34875000
8165,2023-10-22,가을,수트_수트팬츠_ZB,43.071371993314436,35488075,418,10698339,62282000
8166,2023-10-22,가을,수트_수트팬츠_ZC,42.872,10640090,125,3195771,18625000
8167,2023-10-22,가을,우븐 셔츠_캐쥬얼셔츠_ZB,55.04756527174911,13622298,379,3257004,30282100
8168,2023-10-22,가을,팬츠_팬츠(일반)_ZB,51.41984521575893,44370127,884,8944423,88311600
8169,2023-10-22,겨울,니트 셔츠_라운드_ZB,40.49502506101156,34474087,725,5029818,57927500
8170,2023-10-22,겨울,니트 셔츠_라운드_ZG,21.411629020324675,4378900,56,1006562,5594400
8171,2023-10-22,겨울,니트 셔츠_오픈형티(맨투맨 등)_ZG,21.640656262505,1958200,21,588377,2499000
8172,2023-10-22,겨울,니트 셔츠_티에리_ZA,32.113232223555315,6850560,101,1653399,10089900
8173,2023-10-22,겨울,사파리_패딩사파리_ZB,37.935347508629384,8917024,36,1349364,14764000
8174,2023-10-22,겨울,수트_블레이져(수트)_ZA,30.97097849934182,31773700,117,8096182,46563000
8175,2023-10-22,겨울,수트_블레이져(수트)_ZB,23.410883731125523,116097480,544,28620017,151776000
8176,2023-10-22,겨울,수트_블레이져(수트)_ZC,27.463939339176534,33344890,149,8607957,44871000
8177,2023-10-22,겨울,수트_수트팬츠_ZA,31.24846994535519,19521250,131,4942639,28629000
8178,2023-10-22,겨울,수트_수트팬츠_ZB,23.907722355424156,66878650,589,15811592,87761000
8179,2023-10-22,겨울,수트_수트팬츠_ZC,27.14728051508703,17605407,148,4248815,23552000
8180,2023-10-22,겨울,스웨터_T-에리_ZA,31.88078108941418,2651200,28,481226,3892000
8181,2023-10-22,겨울,스웨터_T-에리_ZB,33.554924453525224,26762310,406,5109268,40559400
8182,2023-10-22,겨울,스웨터_Turtle_ZA,27.38047941141569,24478588,212,3766554,33708000
8183,2023-10-22,겨울,스웨터_Turtle_ZB,22.687428168909648,7663968,99,1414565,9890100
8184,2023-10-22,겨울,스웨터_라운드_ZA,32.58929198104931,7586630,81,1293118,11259000
8185,2023-10-22,겨울,스웨터_라운드_ZB,34.695208087627556,54821311,839,12159756,83816100
8186,2023-10-22,겨울,스웨터_오픈형(CARDIGAN)_ZA,20.508831894362622,18417323,130,2969482,23270000
8187,2023-10-22,겨울,스웨터_오픈형(CARDIGAN)_ZB,23.444321124676286,4138600,34,629910,5406000
8188,2023-10-22,겨울,우븐 셔츠_캐쥬얼셔츠_ZA,34.23965249379673,25523416,288,6356140,35842500
8189,2023-10-22,겨울,자켓_싱글재킷_ZA,38.85536380522157,102097284,512,21479726,167688000
8190,2023-10-22,겨울,점퍼_점퍼_ZA,20.080321285140563,7562000,38,2099503,9462000
8191,2023-10-22,겨울,점퍼_점퍼_ZG,21.050286895470258,22152500,141,4827417,28059000
8192,2023-10-22,겨울,점퍼_패딩점퍼_ZB,37.160147674448076,36258453,287,6726453,58513000
8193,2023-10-22,겨울,코트_더블코트_ZA,32.67935871743487,10077900,30,2602162,14970000
8194,2023-10-22,겨울,코트_싱글코트_ZA,38.30644861150873,50935403,163,13386977,84037000
8195,2023-10-22,겨울,코트_싱글코트_ZB,37.97099989374928,43019249,189,12582930,71211000
8196,2023-10-22,겨울,팬츠_니트팬츠_ZG,23.315250734605574,2374850,31,622225,3096900
8197,2023-10-22,겨울,팬츠_팬츠(일반)_ZA,37.619316274464516,26472898,329,5715349,42441000
8198,2023-10-22,겨울,팬츠_팬츠(일반)_ZB,33.7088668680275,58922745,928,12187273,92707200
8199,2023-10-22,겨울,팬츠_팬츠(일반)_ZG,22.88798057316576,4159885,54,977400,5394600
8200,2023-10-22,봄,가죽&FUR_가죽점퍼_ZA,-inf,2686000,4,1111684,5196000
8201,2023-10-22,봄,니트 셔츠_라운드_ZA,63.530862613431424,5116000,117,2148663,14028300
8202,2023-10-22,봄,니트 셔츠_오픈형티(맨투맨 등)_ZA,75.29664045746962,1728000,50,834352,6995000
8203,2023-10-22,봄,수트_블레이져(수트)_ZB,55.77777777777778,3211600,20,1037652,5180000
8204,2023-10-22,봄,수트_블레이져(수트)_ZC,43.333333333333336,880600,6,340528,1554000
8205,2023-10-22,봄,수트_수트팬츠_ZB,40.666666666666664,2057200,25,675890,3475000
8206,2023-10-22,봄,수트_수트팬츠_ZC,42.857142857142854,556000,7,164166,973000
8207,2023-10-22,봄,스웨터_T-에리_ZA,77.3001249956708,7209730,289,3780483,31761100
8208,2023-10-22,봄,스웨터_라운드_ZB,79.29805191088643,6047900,259,3362898,28464100
8209,2023-10-22,봄,스웨터_오픈형(CARDIGAN)_ZB,82.02627371328536,8007300,242,4087727,44505800
8210,2023-10-22,봄,스웨터_후드T_ZA,79.32147535891306,1531100,57,1208201,7404300
8211,2023-10-22,봄,우븐 셔츠_캐쥬얼셔츠_ZA,76.69176958864678,696380,23,272150,2987700
8212,2023-10-22,봄,우븐 셔츠_캐쥬얼셔츠_ZB,72.04440993137028,1332000,53,411785,4764700
8213,2023-10-22,봄,점퍼_패딩점퍼_ZB,72.18745107806163,7816995,94,2715661,28106000
8214,2023-10-22,봄,코트_싱글코트_ZB,71.49740703182162,8957500,87,3488299,31233000
8215,2023-10-22,봄,팬츠_니트팬츠_ZA,74.7402574988782,1463600,58,902237,5794200
8216,2023-10-22,봄,팬츠_팬츠(일반)_ZA,81.81048264836406,2073800,83,1385471,11537000
8217,2023-10-22,사계절,니트 셔츠_라운드_ZB,73.7100621059343,2226600,106,787557,8469400
8218,2023-10-22,사계절,데님_데님자켓_ZB,25.2754932000215,4516000,35,545307,5565000
8219,2023-10-22,사계절,데님_데님팬츠_ZB,40.56404339721057,29988400,1048,18773482,113845200
8220,2023-10-22,사계절,수트_블레이져(수트)_ZB,56.72889436331468,94946528,684,29901022,177156000
8221,2023-10-22,사계절,수트_블레이져(수트)_ZC,42.20489396959985,29117200,191,8507238,49469000
8222,2023-10-22,사계절,수트_수트팬츠_ZB,54.99862749955123,58590553,768,17007437,106752000
8223,2023-10-22,사계절,수트_수트팬츠_ZC,25.490073158864217,15128750,176,3940464,24464000
8224,2023-10-22,사계절,우븐 셔츠_드레스셔츠_ZB,56.45571498866451,64501782,2527,17486510,176637300
8225,2023-10-22,사계절,자켓_싱글재킷_ZB,49.78948744769875,3840100,32,1085903,7648000
8226,2023-10-22,사계절,팬츠_팬츠(일반)_ZB,47.43795005792804,12140873,240,2640248,23976000
8227,2023-10-22,여름,니트 셔츠_라운드(V넥 등)_ZB,85.77713570832837,238745,14,261720,1678600
8228,2023-10-22,여름,니트 셔츠_라운드_ZB,70.61576235958117,7702190,348,2611017,25185200
8229,2023-10-22,여름,니트 셔츠_티에리_ZB,75.5046347793845,1442600,64,581803,5753600
8230,2023-10-22,여름,수트_블레이져(수트)_ZA,30.839864158829677,3508500,16,929834,5104000
8231,2023-10-22,여름,수트_블레이져(수트)_ZB,40.83838940981798,5927100,32,1836952,8288000
8232,2023-10-22,여름,수트_블레이져(수트)_ZC,16.498149935649934,928650,5,315390,1775000
8233,2023-10-22,여름,수트_수트팬츠_ZA,37.661249365159975,2347700,21,632230,3759000
8234,2023-10-22,여름,수트_수트팬츠_ZB,23.071492805755394,2615650,27,786855,3753000
8235,2023-10-22,여름,수트_수트팬츠_ZC,27.03879753340185,3014600,26,817634,4174000
8236,2023-10-22,여름,스웨터_T-에리_ZA,74.52184829681119,983090,33,450620,3626700
8237,2023-10-22,여름,스웨터_T-에리_ZB,69.87909337909338,1538190,51,496916,5094900
8238,2023-10-22,여름,스웨터_라운드_ZA,73.97160575196327,1636400,73,897226,8022700
8239,2023-10-22,여름,스웨터_라운드_ZB,68.36905729244734,2606400,92,1028694,8270800
8240,2023-10-22,여름,우븐 셔츠_드레스셔츠_ZB,71.84637157773098,17256903,899,6699740,62840100
8241,2023-10-22,여름,우븐 셔츠_캐쥬얼셔츠_ZA,67.04313435352219,2199401,71,704573,7402000
8242,2023-10-22,여름,우븐 셔츠_캐쥬얼셔츠_ZB,79.62526608535572,3557290,196,1369513,17620400
8243,2023-10-22,여름,자켓_싱글재킷_ZA,67.29471501352631,5990678,72,2534531,20468000
8244,2023-10-22,여름,점퍼_점퍼_ZB,68.0117128189542,10217353,117,3980873,31983000
8245,2023-10-22,여름,팬츠_니트팬츠_ZB,68.31652635338538,1646600,40,771877,4673500
8246,2023-10-22,여름,팬츠_반바지_ZA,59.983314794215794,287800,8,119682,719200
8247,2023-10-22,여름,팬츠_반바지_ZB,76.41466725112049,964565,49,309723,4145100
8248,2023-10-22,여름,팬츠_팬츠(일반)_ZA,64.05218777359066,4176180,101,1507059,14039000
8249,2023-10-22,여름,팬츠_팬츠(일반)_ZB,75.7629388730101,6147370,261,2460040,26073900
8250,2023-10-29,가을,니트 셔츠_라운드_ZB,68.10459779883568,9007134,404,2196137,28239600
8251,2023-10-29,가을,수트_블레이져(수트)_ZB,44.08210067652792,62694648,402,20823468,112158000
8252,2023-10-29,가을,수트_블레이져(수트)_ZC,44.038620689655176,22639176,145,7557814,40455000
8253,2023-10-29,가을,수트_수트팬츠_ZB,44.075079127103116,37320328,448,11505404,66752000
8254,2023-10-29,가을,수트_수트팬츠_ZC,44.038356164383565,12173896,146,3732660,21754000
8255,2023-10-29,가을,우븐 셔츠_캐쥬얼셔츠_ZB,63.727307083944055,12865992,442,3744133,35315800
8256,2023-10-29,가을,팬츠_팬츠(일반)_ZB,58.41068559271869,33649896,806,8160754,80519400
8257,2023-10-29,겨울,니트 셔츠_라운드_ZB,46.27322559317524,31681424,737,5108941,58886300
8258,2023-10-29,겨울,니트 셔츠_라운드_ZG,25.852990377765153,3221063,43,768715,4295700
8259,2023-10-29,겨울,니트 셔츠_오픈형티(맨투맨 등)_ZG,21.53062558356676,1680814,18,501248,2142000
8260,2023-10-29,겨울,니트 셔츠_티에리_ZA,38.28794621689359,8451449,137,2237948,13686300
8261,2023-10-29,겨울,사파리_패딩사파리_ZB,39.16071323589175,22777458,68,4733571,35132000
8262,2023-10-29,겨울,수트_블레이져(수트)_ZA,34.80548515591016,30146991,115,8106501,46185000
8263,2023-10-29,겨울,수트_블레이져(수트)_ZB,25.861190956240332,128124159,620,32563590,172980000
8264,2023-10-29,겨울,수트_블레이져(수트)_ZC,30.413826070134263,35775572,164,9591831,50156000
8265,2023-10-29,겨울,수트_수트팬츠_ZA,34.51599510020368,17998607,124,4778427,27466000
8266,2023-10-29,겨울,수트_수트팬츠_ZB,25.875314101310916,72851528,660,17665300,98340000
8267,2023-10-29,겨울,수트_수트팬츠_ZC,30.494439731155403,20171307,174,5099913,28326000
8268,2023-10-29,겨울,스웨터_T-에리_ZA,36.13052019922524,2308243,26,446823,3614000
8269,2023-10-29,겨울,스웨터_T-에리_ZB,42.427756499815324,23337327,407,5241725,40659300
8270,2023-10-29,겨울,스웨터_Turtle_ZA,31.703560247139336,24650234,227,4033055,36093000
8271,2023-10-29,겨울,스웨터_Turtle_ZB,28.722405196292183,9769589,137,1942177,13686300
8272,2023-10-29,겨울,스웨터_라운드_ZA,36.45685647560383,7722462,88,1408262,12232000
8273,2023-10-29,겨울,스웨터_라운드_ZB,39.77734681520601,49913071,828,11987101,82717200
8274,2023-10-29,겨울,스웨터_오픈형(CARDIGAN)_ZA,28.61926930405786,21080661,169,3892212,30251000
8275,2023-10-29,겨울,스웨터_오픈형(CARDIGAN)_ZB,29.211735277301315,9904694,88,1630357,13992000
8276,2023-10-29,겨울,우븐 셔츠_캐쥬얼셔츠_ZA,38.29604039216593,22257719,276,5907132,33974400
8277,2023-10-29,겨울,자켓_싱글재킷_ZA,41.4822989076133,98550658,518,21700468,168682000
8278,2023-10-29,겨울,점퍼_점퍼_ZA,26.218533836839896,12308962,67,3700612,16683000
8279,2023-10-29,겨울,점퍼_점퍼_ZG,25.660052229652198,18787935,127,4348099,25273000
8280,2023-10-29,겨울,점퍼_패딩점퍼_ZB,41.85552532446144,32662428,274,6274493,54826000
8281,2023-10-29,겨울,코트_더블코트_ZA,34.84832823541821,12354060,38,3296582,18962000
8282,2023-10-29,겨울,코트_싱글코트_ZA,42.951608823613014,37663208,120,10192493,67080000
8283,2023-10-29,겨울,코트_싱글코트_ZB,43.40247796800344,58320312,283,18563051,107617000
8284,2023-10-29,겨울,팬츠_니트팬츠_ZG,25.393624393624393,1937826,26,521455,2597400
8285,2023-10-29,겨울,팬츠_팬츠(일반)_ZA,40.71600395311145,24943720,326,5620313,42054000
8286,2023-10-29,겨울,팬츠_팬츠(일반)_ZB,36.20847384163691,49755383,785,10579176,78421500
8287,2023-10-29,겨울,팬츠_팬츠(일반)_ZG,28.158055491388826,2799034,39,705900,3896100
8288,2023-10-29,봄,가죽&FUR_가죽점퍼_ZA,60.3073948981057,4236000,10,2547280,10290000
8289,2023-10-29,봄,니트 셔츠_라운드_ZA,68.81019571103774,5459900,146,2681238,17505400
8290,2023-10-29,봄,니트 셔츠_오픈형티(맨투맨 등)_ZA,75.01512069060318,4089600,117,1952383,16368300
8291,2023-10-29,봄,수트_블레이져(수트)_ZB,40.35714285714286,2460500,16,854926,4144000
8292,2023-10-29,봄,수트_블레이져(수트)_ZC,41.42857142857143,1061900,7,394697,1813000
8293,2023-10-29,봄,수트_수트팬츠_ZB,40.714285714285715,1306600,16,449049,2224000
8294,2023-10-29,봄,수트_수트팬츠_ZC,40.0,417000,5,117784,695000
8295,2023-10-29,봄,스웨터_T-에리_ZA,71.18507064425552,5161820,163,2132245,17913700
8296,2023-10-29,봄,스웨터_라운드_ZB,69.30589626632229,5455000,160,2020935,17584000
8297,2023-10-29,봄,스웨터_오픈형(CARDIGAN)_ZB,73.99384481711263,13769900,294,5252097,55980600
8298,2023-10-29,봄,스웨터_후드T_ZA,60.346333826366006,4584400,89,1886490,11561100
8299,2023-10-29,봄,우븐 셔츠_캐쥬얼셔츠_ZA,66.28175519630484,219000,5,59163,649500
8300,2023-10-29,봄,우븐 셔츠_캐쥬얼셔츠_ZB,67.25830633070561,3385000,115,893321,10338500
8301,2023-10-29,봄,점퍼_패딩점퍼_ZB,72.54583178496222,8865500,108,3119971,32292000
8302,2023-10-29,봄,코트_싱글코트_ZB,73.59068842021489,6374900,67,2694171,24053000
8303,2023-10-29,봄,팬츠_니트팬츠_ZA,78.23216474901868,3870800,178,2768934,17782200
8304,2023-10-29,봄,팬츠_팬츠(일반)_ZA,81.33138489208633,1374500,52,907094,7228000
8305,2023-10-29,사계절,니트 셔츠_라운드_ZB,62.86369833800631,-21245084,-716,-5319727,-57208400
8306,2023-10-29,사계절,데님_데님자켓_ZB,28.110127398806643,5185600,44,668985,6996000
8307,2023-10-29,사계절,데님_데님팬츠_ZB,42.59430332366806,-44815372,-1188,-21553987,-132251200
8308,2023-10-29,사계절,수트_블레이져(수트)_ZB,52.18029496252372,89098922,605,26536120,156695000
8309,2023-10-29,사계절,수트_블레이져(수트)_ZC,39.84427554427554,26242577,173,7685069,44807000
8310,2023-10-29,사계절,수트_수트팬츠_ZB,50.903624327810476,52469004,674,15024150,93686000
8311,2023-10-29,사계절,수트_수트팬츠_ZC,39.625813894339075,14608007,179,4030244,24881000
8312,2023-10-29,사계절,우븐 셔츠_드레스셔츠_ZB,55.982466491713836,71870125,2701,18693551,188799900
8313,2023-10-29,사계절,자켓_싱글재킷_ZB,49.390794979079494,4112504,34,1153772,8126000
8314,2023-10-29,사계절,팬츠_팬츠(일반)_ZB,48.75107239234369,13148443,257,3097067,25674300
8315,2023-10-29,여름,니트 셔츠_라운드(V넥 등)_ZB,67.47289407839867,117000,3,56083,359700
8316,2023-10-29,여름,니트 셔츠_라운드_ZB,69.47918317954506,736000,45,302142,2975500
8317,2023-10-29,여름,니트 셔츠_티에리_ZB,71.449758991472,19000,1,5581,89900
8318,2023-10-29,여름,수트_블레이져(수트)_ZA,30.0,-223300,-1,-59669,-319000
8319,2023-10-29,여름,수트_블레이져(수트)_ZB,20.0,0,0,1476,0
8320,2023-10-29,여름,수트_블레이져(수트)_ZC,0.0,0,0,0,0
8321,2023-10-29,여름,수트_수트팬츠_ZA,30.0,375900,3,87543,537000
8322,2023-10-29,여름,수트_수트팬츠_ZB,35.0,20850,0,-1826,0
8323,2023-10-29,여름,수트_수트팬츠_ZC,35.0,208700,2,58214,318000
8324,2023-10-29,여름,스웨터_T-에리_ZA,55.4140127388535,147000,3,40136,329700
8325,2023-10-29,여름,스웨터_T-에리_ZB,0.0,0,0,0,0
8326,2023-10-29,여름,스웨터_라운드_ZA,0.0,0,0,0,0
8327,2023-10-29,여름,스웨터_라운드_ZB,56.61846496106785,78000,2,22314,179800
8328,2023-10-29,여름,우븐 셔츠_드레스셔츠_ZB,69.60682182394223,16425366,937,7421599,65496300
8329,2023-10-29,여름,우븐 셔츠_캐쥬얼셔츠_ZA,70.78528614150032,1279557,42,450527,4645800
8330,2023-10-29,여름,우븐 셔츠_캐쥬얼셔츠_ZB,78.40192806822395,200000,10,66855,899000
8331,2023-10-29,여름,자켓_싱글재킷_ZA,-inf,108500,1,35972,299000
8332,2023-10-29,여름,점퍼_점퍼_ZB,71.58297556307541,10625100,119,3731772,32621000
8333,2023-10-29,여름,팬츠_니트팬츠_ZB,57.71382893685052,5290000,90,2119926,12510000
8334,2023-10-29,여름,팬츠_반바지_ZA,0.0,0,0,0,0
8335,2023-10-29,여름,팬츠_반바지_ZB,77.9836957858428,19000,1,204662,269900
8336,2023-10-29,여름,팬츠_팬츠(일반)_ZA,67.75779376498801,121900,3,57092,417000
8337,2023-10-29,여름,팬츠_팬츠(일반)_ZB,70.97097097097097,174000,6,63000,599400
8338,2023-11-05,가을,니트 셔츠_라운드_ZB,64.86910648752877,9036790,368,2000442,25723200
8339,2023-11-05,가을,수트_블레이져(수트)_ZB,43.813788949806614,58024826,370,19190694,103230000
8340,2023-11-05,가을,수트_블레이져(수트)_ZC,43.6375,20128176,128,6671726,35712000
8341,2023-11-05,가을,수트_수트팬츠_ZB,44.05964649384946,34441550,413,10597883,61537000
8342,2023-11-05,가을,수트_수트팬츠_ZC,43.976608917330005,10768256,129,3298035,19221000
8343,2023-11-05,가을,우븐 셔츠_캐쥬얼셔츠_ZB,65.14132625426751,14279345,514,4210401,41068600
8344,2023-11-05,가을,팬츠_팬츠(일반)_ZB,61.43072925968187,37710623,970,9821527,96903000
8345,2023-11-05,겨울,니트 셔츠_라운드_ZB,47.07222288452803,35983395,852,5884314,68074800
8346,2023-11-05,겨울,니트 셔츠_라운드_ZG,43.2997425997426,2900661,50,913465,4995000
8347,2023-11-05,겨울,니트 셔츠_오픈형티(맨투맨 등)_ZG,34.49112978524743,1403200,18,502947,2142000
8348,2023-11-05,겨울,니트 셔츠_티에리_ZA,42.96857042227413,5010060,87,1421251,8691300
8349,2023-11-05,겨울,사파리_패딩사파리_ZB,38.789731760843125,-3282600,14,-879008,1086000
8350,2023-11-05,겨울,수트_블레이져(수트)_ZA,38.472296728263736,31777460,129,8935370,51281000
8351,2023-11-05,겨울,수트_블레이져(수트)_ZB,28.881588299760306,143288645,722,37883010,201438000
8352,2023-11-05,겨울,수트_블레이져(수트)_ZC,32.269902148931564,36883970,179,10171996,52801000
8353,2023-11-05,겨울,수트_수트팬츠_ZA,38.195440480875,20199715,150,5633787,32600000
8354,2023-11-05,겨울,수트_수트팬츠_ZB,28.78469015223745,81932590,773,20676847,115177000
8355,2023-11-05,겨울,수트_수트팬츠_ZC,32.5995053163015,20266100,184,5251906,29096000
8356,2023-11-05,겨울,스웨터_T-에리_ZA,39.313779745434424,2193200,26,446836,3614000
8357,2023-11-05,겨울,스웨터_T-에리_ZB,45.2545835044551,29726771,540,6666781,53946000
8358,2023-11-05,겨울,스웨터_Turtle_ZA,35.70519576179954,22694780,222,3944222,35298000
8359,2023-11-05,겨울,스웨터_Turtle_ZB,40.527400942830425,10325236,174,2467730,17382600
8360,2023-11-05,겨울,스웨터_라운드_ZA,37.88189224739611,9964500,115,1834549,15985000
8361,2023-11-05,겨울,스웨터_라운드_ZB,42.374145289568176,61661216,1072,15503412,107092800
8362,2023-11-05,겨울,스웨터_오픈형(CARDIGAN)_ZA,35.526388840695375,20579400,180,4144176,32220000
8363,2023-11-05,겨울,스웨터_오픈형(CARDIGAN)_ZB,38.807858582157905,10021437,103,1908258,16377000
8364,2023-11-05,겨울,우븐 셔츠_캐쥬얼셔츠_ZA,38.1186691927492,21205900,261,5519754,31952100
8365,2023-11-05,겨울,자켓_싱글재킷_ZA,38.137743378255024,111920594,553,23080648,179447000
8366,2023-11-05,겨울,점퍼_점퍼_ZA,21.999165894346618,10099548,52,2872369,12948000
8367,2023-11-05,겨울,점퍼_점퍼_ZG,34.40221495828658,13445578,103,3526411,20497000
8368,2023-11-05,겨울,점퍼_패딩점퍼_ZB,42.23235025841656,42028994,360,8615840,74140000
8369,2023-11-05,겨울,코트_더블코트_ZA,39.932969387049965,8692300,29,2515120,14471000
8370,2023-11-05,겨울,코트_싱글코트_ZA,41.619443597754035,47912760,153,12653998,80247000
8371,2023-11-05,겨울,코트_싱글코트_ZB,39.585090010285555,66152253,290,18836463,113160000
8372,2023-11-05,겨울,팬츠_니트팬츠_ZG,38.65913532580199,1286870,21,421268,2097900
8373,2023-11-05,겨울,팬츠_팬츠(일반)_ZA,39.81385242606948,25096548,321,5568402,41409000
8374,2023-11-05,겨울,팬츠_팬츠(일반)_ZB,36.73774744328352,63726171,1059,13857160,105794100
8375,2023-11-05,겨울,팬츠_팬츠(일반)_ZG,29.445466299632965,3383231,48,868800,4795200
8376,2023-11-05,봄,가죽&FUR_가죽점퍼_ZA,46.9638229453472,0,0,-25770,-300000
8377,2023-11-05,봄,니트 셔츠_라운드_ZA,74.66025609576607,5165000,170,3121989,20383000
8378,2023-11-05,봄,니트 셔츠_오픈형티(맨투맨 등)_ZA,69.87263629865488,9272600,220,3671148,30778000
8379,2023-11-05,봄,수트_블레이져(수트)_ZB,32.940066690066686,3678400,22,1170375,5698000
8380,2023-11-05,봄,수트_블레이져(수트)_ZC,40.0,621600,4,224950,1036000
8381,2023-11-05,봄,수트_수트팬츠_ZB,41.70503597122302,2433500,30,827442,4170000
8382,2023-11-05,봄,수트_수트팬츠_ZC,40.0,417000,5,118065,695000
8383,2023-11-05,봄,스웨터_T-에리_ZA,70.86687198152167,11654300,364,4761577,40003600
8384,2023-11-05,봄,스웨터_라운드_ZB,70.8459762430905,4746400,154,2010059,16924600
8385,2023-11-05,봄,스웨터_오픈형(CARDIGAN)_ZB,79.41006590381119,10101900,270,4798254,51243000
8386,2023-11-05,봄,스웨터_후드T_ZA,65.14801595633004,1992000,44,932647,5715600
8387,2023-11-05,봄,우븐 셔츠_캐쥬얼셔츠_ZA,82.92208581499939,843000,38,449641,4936200
8388,2023-11-05,봄,우븐 셔츠_캐쥬얼셔츠_ZB,63.68650352243233,9402000,288,2237269,25891200
8389,2023-11-05,봄,점퍼_패딩점퍼_ZB,75.54187717924998,6874200,94,2715330,28106000
8390,2023-11-05,봄,코트_싱글코트_ZB,77.93108974872665,8125300,101,3952985,36259000
8391,2023-11-05,봄,팬츠_니트팬츠_ZA,72.66487641487642,12780045,468,7280119,46753200
8392,2023-11-05,봄,팬츠_팬츠(일반)_ZA,80.68029991591143,1335450,50,847423,6950000
8393,2023-11-05,사계절,니트 셔츠_라운드_ZB,58.710888610763455,329900,10,74298,799000
8394,2023-11-05,사계절,데님_데님자켓_ZB,32.13133218982276,3505116,28,439215,4452000
8395,2023-11-05,사계절,데님_데님팬츠_ZB,28.234115223610424,6352950,110,1884426,10869000
8396,2023-11-05,사계절,수트_블레이져(수트)_ZB,32.82816531745103,123110423,840,36835425,217560000
8397,2023-11-05,사계절,수트_블레이져(수트)_ZC,44.72683791013333,34184850,228,10161371,59052000
8398,2023-11-05,사계절,수트_수트팬츠_ZB,46.43811305387876,72174260,926,20644570,128714000
8399,2023-11-05,사계절,수트_수트팬츠_ZC,46.56635707271287,17181434,216,4874609,30024000
8400,2023-11-05,사계절,우븐 셔츠_드레스셔츠_ZB,57.44850386882508,80209162,3023,20968888,211307700
8401,2023-11-05,사계절,자켓_싱글재킷_ZB,52.25439330543933,5705600,50,1696724,11950000
8402,2023-11-05,사계절,팬츠_팬츠(일반)_ZB,48.44503981105288,15615350,294,3173536,29370600
8403,2023-11-05,여름,니트 셔츠_라운드(V넥 등)_ZB,76.43403816906246,960690,34,635606,4076600
8404,2023-11-05,여름,니트 셔츠_라운드_ZB,65.74666058302009,1583660,67,487457,4693300
8405,2023-11-05,여름,니트 셔츠_티에리_ZB,77.56343602392353,903335,45,395666,4045500
8406,2023-11-05,여름,수트_블레이져(수트)_ZA,47.44631661442006,2360040,14,823554,4466000
8407,2023-11-05,여름,수트_블레이져(수트)_ZB,40.21025923883068,4793830,30,1687870,7770000
8408,2023-11-05,여름,수트_블레이져(수트)_ZC,40.434523593390594,3353000,19,1157447,5641000
8409,2023-11-05,여름,수트_수트팬츠_ZA,41.72270187912646,1204960,12,372415,2148000
8410,2023-11-05,여름,수트_수트팬츠_ZB,45.03113758992806,1947330,25,734783,3475000
8411,2023-11-05,여름,수트_수트팬츠_ZC,44.8480366544753,1901350,22,693263,3458000
8412,2023-11-05,여름,스웨터_T-에리_ZA,75.4663330300273,145800,6,81233,659400
8413,2023-11-05,여름,스웨터_T-에리_ZB,84.90342615342615,657470,5,73937,499500
8414,2023-11-05,여름,스웨터_라운드_ZA,73.37147990014232,672300,29,359453,3187100
8415,2023-11-05,여름,스웨터_라운드_ZB,69.72260251181274,598455,22,249945,1977800
8416,2023-11-05,여름,우븐 셔츠_드레스셔츠_ZB,76.00007593663827,27730690,1749,13967817,122255100
8417,2023-11-05,여름,우븐 셔츠_캐쥬얼셔츠_ZA,61.87814429930048,1107666,31,348994,3416900
8418,2023-11-05,여름,우븐 셔츠_캐쥬얼셔츠_ZB,78.29972456168228,976895,49,344318,4405100
8419,2023-11-05,여름,자켓_싱글재킷_ZA,67.30540968546966,13192100,113,3406237,29987000
8420,2023-11-05,여름,점퍼_점퍼_ZB,65.52585188188637,3956600,58,2469357,15742000
8421,2023-11-05,여름,팬츠_니트팬츠_ZB,79.91544736676241,1120600,48,926099,5608200
8422,2023-11-05,여름,팬츠_반바지_ZA,0.0,0,0,0,0
8423,2023-11-05,여름,팬츠_반바지_ZB,69.05726731087199,914025,33,312864,2766700
8424,2023-11-05,여름,팬츠_팬츠(일반)_ZA,72.01180352831486,4292770,106,1273407,14734000
8425,2023-11-05,여름,팬츠_팬츠(일반)_ZB,69.61290420715966,2841014,111,1073656,11088900
8426,2023-11-12,가을,니트 셔츠_라운드_ZB,76.43520561193338,5287445,321,1744951,22437900
8427,2023-11-12,가을,수트_블레이져(수트)_ZB,44.16299379504375,33663256,216,11146647,60264000
8428,2023-11-12,가을,수트_블레이져(수트)_ZC,44.65640445199019,14668820,95,4951671,26505000
8429,2023-11-12,가을,수트_수트팬츠_ZB,44.28026504808068,19682552,237,6081776,35313000
8430,2023-11-12,가을,수트_수트팬츠_ZC,44.17434750186428,7486220,90,2300955,13410000
8431,2023-11-12,가을,우븐 셔츠_캐쥬얼셔츠_ZB,68.0797440180016,11872539,462,3968446,36913800
8432,2023-11-12,가을,팬츠_팬츠(일반)_ZB,67.80609194267777,27428838,838,8482941,83716200
8433,2023-11-12,겨울,니트 셔츠_라운드_ZB,45.309054925051555,42073900,965,6743616,77103500
8434,2023-11-12,겨울,니트 셔츠_라운드_ZG,344.46946946946946,-172100,7,137427,699300
8435,2023-11-12,겨울,니트 셔츠_오픈형티(맨투맨 등)_ZG,31.666666666666668,975800,12,334920,1428000
8436,2023-11-12,겨울,니트 셔츠_티에리_ZA,37.64798131464798,3652090,55,896938,5494500
8437,2023-11-12,겨울,사파리_패딩사파리_ZB,45.420632394115025,81488800,343,16677923,153357000
8438,2023-11-12,겨울,수트_블레이져(수트)_ZA,39.96016139605497,34056480,144,9872250,56916000
8439,2023-11-12,겨울,수트_블레이져(수트)_ZB,30.581984946130902,156380410,807,42303793,225153000
8440,2023-11-12,겨울,수트_블레이져(수트)_ZC,34.94889038850182,43185900,212,12286662,64098000
8441,2023-11-12,겨울,수트_수트팬츠_ZA,40.050826144881306,20813280,162,5993276,34808000
8442,2023-11-12,겨울,수트_수트팬츠_ZB,30.721756416061222,91784280,888,23708845,132312000
8443,2023-11-12,겨울,수트_수트팬츠_ZC,35.171459008450576,22616730,208,6088395,33812000
8444,2023-11-12,겨울,스웨터_T-에리_ZA,40.05861977084999,4499200,54,928071,7506000
8445,2023-11-12,겨울,스웨터_T-에리_ZB,45.962732831153886,25557041,474,6065010,47352600
8446,2023-11-12,겨울,스웨터_Turtle_ZA,35.73930944923993,25237101,247,4388391,39273000
8447,2023-11-12,겨울,스웨터_Turtle_ZB,41.524913221779435,28618776,490,6945177,48951000
8448,2023-11-12,겨울,스웨터_라운드_ZA,43.47255144145713,14342900,182,2905664,25298000
8449,2023-11-12,겨울,스웨터_라운드_ZB,45.313464980280784,49279928,902,13083280,90109800
8450,2023-11-12,겨울,스웨터_오픈형(CARDIGAN)_ZA,42.60016342336421,22259950,219,5003135,39201000
8451,2023-11-12,겨울,스웨터_오픈형(CARDIGAN)_ZB,41.900096758587324,9607400,104,1926785,16536000
8452,2023-11-12,겨울,우븐 셔츠_캐쥬얼셔츠_ZA,39.12926649520592,16268900,201,4425764,24939600
8453,2023-11-12,겨울,자켓_싱글재킷_ZA,37.88508943580618,94083116,451,18920603,148649000
8454,2023-11-12,겨울,점퍼_점퍼_ZA,25.012778386272362,10269500,55,3040912,13695000
8455,2023-11-12,겨울,점퍼_점퍼_ZG,36.30911850921273,6083753,48,1643376,9552000
8456,2023-11-12,겨울,점퍼_패딩점퍼_ZB,52.03241140604419,91349066,924,21729967,189776000
8457,2023-11-12,겨울,코트_더블코트_ZA,40.3857238286096,31234900,105,9110680,52395000
8458,2023-11-12,겨울,코트_싱글코트_ZA,42.88220241832447,108060610,352,29094843,184348000
8459,2023-11-12,겨울,코트_싱글코트_ZB,40.59187768858684,144914974,645,42574702,244305000
8460,2023-11-12,겨울,팬츠_니트팬츠_ZG,66.54988321654989,300750,9,180647,899100
8461,2023-11-12,겨울,팬츠_팬츠(일반)_ZA,39.58820515435877,26918454,345,6011707,44505000
8462,2023-11-12,겨울,팬츠_팬츠(일반)_ZB,37.54815908549718,116773545,1955,25579580,195304500
8463,2023-11-12,겨울,팬츠_팬츠(일반)_ZG,31.641919697475252,2458430,36,651600,3596400
8464,2023-11-12,봄,가죽&FUR_가죽점퍼_ZA,47.247247247247245,2635000,5,1260755,4995000
8465,2023-11-12,봄,니트 셔츠_라운드_ZA,69.29259231177497,4050000,110,2020111,13189000
8466,2023-11-12,봄,니트 셔츠_오픈형티(맨투맨 등)_ZA,70.03812246842983,1006000,24,400489,3357600
8467,2023-11-12,봄,수트_블레이져(수트)_ZB,41.0,4247600,28,1457830,7252000
8468,2023-11-12,봄,수트_블레이져(수트)_ZC,40.0,466200,3,168713,777000
8469,2023-11-12,봄,수트_수트팬츠_ZB,40.90909090909091,2529800,31,831815,4309000
8470,2023-11-12,봄,수트_수트팬츠_ZC,40.0,333600,4,94452,556000
8471,2023-11-12,봄,스웨터_T-에리_ZA,71.50263453033413,1346700,43,562494,4725700
8472,2023-11-12,봄,스웨터_라운드_ZB,62.852979833122205,2492960,61,785548,6703900
8473,2023-11-12,봄,스웨터_오픈형(CARDIGAN)_ZB,74.33923240301536,4801600,112,2025166,21488800
8474,2023-11-12,봄,스웨터_후드T_ZA,52.38095238095238,-1299000,-21,-445127,-2727900
8475,2023-11-12,봄,우븐 셔츠_캐쥬얼셔츠_ZA,73.05619707467282,175000,5,59163,649500
8476,2023-11-12,봄,우븐 셔츠_캐쥬얼셔츠_ZB,73.79804721295267,2120000,90,699223,8091000
8477,2023-11-12,봄,점퍼_패딩점퍼_ZB,76.37398292816852,4733000,67,1935527,20033000
8478,2023-11-12,봄,코트_싱글코트_ZB,76.79452034605238,4030700,48,1951592,17232000
8479,2023-11-12,봄,팬츠_니트팬츠_ZA,79.56973366809433,2490000,122,1897809,12187800
8480,2023-11-12,봄,팬츠_팬츠(일반)_ZA,79.13669064748201,580000,20,328230,2780000
8481,2023-11-12,사계절,니트 셔츠_라운드_ZB,63.70463078848561,-3741000,-129,-958442,-10307100
8482,2023-11-12,사계절,데님_데님자켓_ZB,27.098532494758913,2091400,16,256989,2544000
8483,2023-11-12,사계절,데님_데님팬츠_ZB,45.806578293224845,10269645,160,2734986,16114000
8484,2023-11-12,사계절,수트_블레이져(수트)_ZB,40.99338218055509,89463277,599,26129128,155141000
8485,2023-11-12,사계절,수트_블레이져(수트)_ZC,38.677473269578535,28390770,189,8411947,48951000
8486,2023-11-12,사계절,수트_수트팬츠_ZB,43.919292565947245,51594962,655,14497593,91045000
8487,2023-11-12,사계절,수트_수트팬츠_ZC,38.75133406788083,14869270,184,4101592,25576000
8488,2023-11-12,사계절,우븐 셔츠_드레스셔츠_ZB,52.52695850346415,33141523,1235,8633672,86326500
8489,2023-11-12,사계절,자켓_싱글재킷_ZB,39.12133891213389,2910000,20,678690,4780000
8490,2023-11-12,사계절,팬츠_팬츠(일반)_ZB,44.482447285541525,9342847,169,2061699,16883100
8491,2023-11-12,여름,니트 셔츠_라운드(V넥 등)_ZB,-inf,39000,0,0,0
8492,2023-11-12,여름,니트 셔츠_라운드_ZB,-inf,444790,13,94620,858700
8493,2023-11-12,여름,니트 셔츠_티에리_ZB,71.449758991472,126000,4,41196,359600
8494,2023-11-12,여름,수트_블레이져(수트)_ZA,53.53834472285498,1054100,6,363215,2034000
8495,2023-11-12,여름,수트_블레이져(수트)_ZB,15.360682110682111,-58990,2,106617,518000
8496,2023-11-12,여름,수트_블레이져(수트)_ZC,23.42685475444096,2588020,12,730069,3468000
8497,2023-11-12,여름,수트_수트팬츠_ZA,65.0,125300,0,2346,0
8498,2023-11-12,여름,수트_수트팬츠_ZB,-2.7,373910,4,117427,556000
8499,2023-11-12,여름,수트_수트팬츠_ZC,23.616480446927373,1072980,9,289800,1411000
8500,2023-11-12,여름,스웨터_T-에리_ZA,-inf,11900,-2,-27718,-219800
8501,2023-11-12,여름,스웨터_T-에리_ZB,64.71096096096096,-128910,-1,-2941,-99900
8502,2023-11-12,여름,스웨터_라운드_ZA,61.040339702760086,-60900,-2,-27451,-219800
8503,2023-11-12,여름,스웨터_라운드_ZB,0.0,0,0,0,0
8504,2023-11-12,여름,우븐 셔츠_드레스셔츠_ZB,56.375206243672906,9482585,432,3337585,30196800
8505,2023-11-12,여름,우븐 셔츠_캐쥬얼셔츠_ZA,68.89509345116223,384685,11,117247,1128900
8506,2023-11-12,여름,우븐 셔츠_캐쥬얼셔츠_ZB,77.17213570634038,239445,11,76470,988900
8507,2023-11-12,여름,자켓_싱글재킷_ZA,31.251571206593695,-5118000,-38,-1101509,-9862000
8508,2023-11-12,여름,점퍼_점퍼_ZB,72.59968437476275,2222000,28,1016840,7912000
8509,2023-11-12,여름,팬츠_니트팬츠_ZB,66.8871160893563,-137000,-3,-59443,-357900
8510,2023-11-12,여름,팬츠_반바지_ZA,56.61846496106785,39000,1,14960,89900
8511,2023-11-12,여름,팬츠_반바지_ZB,100.0,0,-1,-6313,-79900
8512,2023-11-12,여름,팬츠_팬츠(일반)_ZA,60.32134292565947,675650,11,138398,1529000
8513,2023-11-12,여름,팬츠_팬츠(일반)_ZB,6.67334000667334,157900,3,25750,299700
8514,2023-11-19,가을,니트 셔츠_라운드_ZB,73.45723915520962,2189300,118,641446,8248200
8515,2023-11-19,가을,수트_블레이져(수트)_ZB,43.91737550566979,26911840,172,8888684,47988000
8516,2023-11-19,가을,수트_블레이져(수트)_ZC,44.0,8905680,57,2971003,15903000
8517,2023-11-19,가을,수트_수트팬츠_ZB,43.884833029751064,16133720,193,4943304,28757000
8518,2023-11-19,가을,수트_수트팬츠_ZC,44.01587301587302,5255230,63,1610668,9387000
8519,2023-11-19,가을,우븐 셔츠_캐쥬얼셔츠_ZB,68.1365567213528,9971893,393,3351244,31400700
8520,2023-11-19,가을,팬츠_팬츠(일반)_ZB,66.83863093761768,27278592,830,8403955,82917000
8521,2023-11-19,겨울,니트 셔츠_라운드_ZB,59.860797762211305,47483025,1458,10171889,116494200
8522,2023-11-19,겨울,니트 셔츠_라운드_ZG,34.559955304141354,3813360,58,1053777,5794200
8523,2023-11-19,겨울,니트 셔츠_오픈형티(맨투맨 등)_ZG,30.58823529411765,1404200,17,474943,2023000
8524,2023-11-19,겨울,니트 셔츠_티에리_ZA,43.789387792047364,3245590,55,896498,5494500
8525,2023-11-19,겨울,사파리_패딩사파리_ZB,59.567454817221275,386198700,3444,127671143,1408356000
8526,2023-11-19,겨울,수트_블레이져(수트)_ZA,40.518177945394186,34301120,144,10072548,57566000
8527,2023-11-19,겨울,수트_블레이져(수트)_ZB,30.33336664140137,142422780,732,38291853,204228000
8528,2023-11-19,겨울,수트_블레이져(수트)_ZC,35.209067147080034,44767500,224,12736891,66126000
8529,2023-11-19,겨울,수트_수트팬츠_ZA,41.08381875493259,19331920,148,5665602,32632000
8530,2023-11-19,겨울,수트_수트팬츠_ZB,30.189023965721635,82280710,791,21078588,117859000
8531,2023-11-19,겨울,수트_수트팬츠_ZC,35.2126391001473,25598200,238,6850292,37982000
8532,2023-11-19,겨울,스웨터_T-에리_ZA,41.764363851384644,5909170,73,1254600,10147000
8533,2023-11-19,겨울,스웨터_T-에리_ZB,50.3319121967496,27030655,546,7012204,54545400
8534,2023-11-19,겨울,스웨터_Turtle_ZA,35.678093719550006,29045200,284,5045761,45156000
8535,2023-11-19,겨울,스웨터_Turtle_ZB,43.834340370922675,47028524,838,11903536,83716200
8536,2023-11-19,겨울,스웨터_라운드_ZA,45.77097038946383,16008100,212,3387727,29468000
8537,2023-11-19,겨울,스웨터_라운드_ZB,49.722254077500864,64181011,1277,18487117,127572300
8538,2023-11-19,겨울,스웨터_오픈형(CARDIGAN)_ZA,43.13002752338669,12233600,119,2747126,21301000
8539,2023-11-19,겨울,스웨터_오픈형(CARDIGAN)_ZB,44.72280456557186,7119150,81,1500669,12879000
8540,2023-11-19,겨울,우븐 셔츠_캐쥬얼셔츠_ZA,43.36602205543756,11916750,163,3609861,20212200
8541,2023-11-19,겨울,자켓_싱글재킷_ZA,40.43999499489871,81531200,415,17572315,137285000
8542,2023-11-19,겨울,점퍼_점퍼_ZA,33.974980381295296,14303000,87,4802639,21663000
8543,2023-11-19,겨울,점퍼_점퍼_ZG,33.34170854271357,3979500,30,1027110,5970000
8544,2023-11-19,겨울,점퍼_패딩점퍼_ZB,58.111327684254064,132083100,1322,36317671,304178000
8545,2023-11-19,겨울,코트_더블코트_ZA,40.4132589503331,55007500,185,16048181,92315000
8546,2023-11-19,겨울,코트_싱글코트_ZA,41.94156751145668,173397600,571,46846448,293629000
8547,2023-11-19,겨울,코트_싱글코트_ZB,41.70550324686955,218109410,999,65963710,377151000
8548,2023-11-19,겨울,팬츠_니트팬츠_ZG,40.8,1478520,25,501556,2497500
8549,2023-11-19,겨울,팬츠_팬츠(일반)_ZA,39.984519417461684,21409130,276,4814796,35604000
8550,2023-11-19,겨울,팬츠_팬츠(일반)_ZB,42.53917375869024,154778950,2730,36660495,272727000
8551,2023-11-19,겨울,팬츠_팬츠(일반)_ZG,30.666666666666668,3116880,45,814500,4495500
8552,2023-11-19,봄,가죽&FUR_가죽점퍼_ZA,49.9668259483502,2276000,4,1060144,4596000
8553,2023-11-19,봄,니트 셔츠_라운드_ZA,74.6955796497081,3337400,110,2020111,13189000
8554,2023-11-19,봄,니트 셔츠_오픈형티(맨투맨 등)_ZA,92.60185847033596,41400,4,66748,559600
8555,2023-11-19,봄,수트_블레이져(수트)_ZB,55.0,1864800,11,550895,2849000
8556,2023-11-19,봄,수트_블레이져(수트)_ZC,40.0,310800,2,114543,518000
8557,2023-11-19,봄,수트_수트팬츠_ZB,42.0,1501200,14,369026,1946000
8558,2023-11-19,봄,수트_수트팬츠_ZC,40.0,333600,4,93890,556000
8559,2023-11-19,봄,스웨터_T-에리_ZA,82.19819917699944,2621600,134,1752888,14726600
8560,2023-11-19,봄,스웨터_라운드_ZB,71.56857894283768,4752000,185,2456559,20331500
8561,2023-11-19,봄,스웨터_오픈형(CARDIGAN)_ZB,78.86298033767386,5147300,132,2339030,25006800
8562,2023-11-19,봄,스웨터_후드T_ZA,93.25797171913618,332800,38,805468,4936200
8563,2023-11-19,봄,우븐 셔츠_캐쥬얼셔츠_ZA,-inf,27900,0,0,0
8564,2023-11-19,봄,우븐 셔츠_캐쥬얼셔츠_ZB,69.31456407502588,1600000,58,450652,5214200
8565,2023-11-19,봄,점퍼_패딩점퍼_ZB,77.69573792985165,2600900,39,1126814,11661000
8566,2023-11-19,봄,코트_싱글코트_ZB,55.22469823584029,103900,7,228576,2513000
8567,2023-11-19,봄,팬츠_니트팬츠_ZA,81.68362537294576,1884700,103,1602248,10289700
8568,2023-11-19,봄,팬츠_팬츠(일반)_ZA,84.88062883026912,1093100,52,892963,7228000
8569,2023-11-19,사계절,니트 셔츠_라운드_ZB,64.3660266389898,3502000,123,913864,9827700
8570,2023-11-19,사계절,데님_데님자켓_ZB,30.997304582210244,1971000,17,258359,2703000
8571,2023-11-19,사계절,데님_데님팬츠_ZB,36.635422093649616,-790750,14,145878,378600
8572,2023-11-19,사계절,수트_블레이져(수트)_ZB,49.586938588269234,78861519,533,23254178,138047000
8573,2023-11-19,사계절,수트_블레이져(수트)_ZC,38.2501775174189,23753900,159,7079371,41181000
8574,2023-11-19,사계절,수트_수트팬츠_ZB,46.546792815291894,46063903,598,13244099,83122000
8575,2023-11-19,사계절,수트_수트팬츠_ZC,42.8433181230659,12432450,158,3489134,21962000
8576,2023-11-19,사계절,우븐 셔츠_드레스셔츠_ZB,52.040251581605084,52375534,1666,11585869,116453400
8577,2023-11-19,사계절,자켓_싱글재킷_ZB,49.78780633592349,1680100,14,475083,3346000
8578,2023-11-19,사계절,팬츠_팬츠(일반)_ZB,52.86585006814562,7838700,174,1847110,17382600
8579,2023-11-19,여름,니트 셔츠_라운드(V넥 등)_ZB,53.72351959966639,221942,4,74777,479600
8580,2023-11-19,여름,니트 셔츠_라운드_ZB,60.696773484565405,856000,34,214385,2176600
8581,2023-11-19,여름,니트 셔츠_티에리_ZB,66.7779013718947,133100,4,35989,359600
8582,2023-11-19,여름,수트_블레이져(수트)_ZA,27.583333333333332,2338270,11,640791,3509000
8583,2023-11-19,여름,수트_블레이져(수트)_ZB,25.0,932400,5,292176,1295000
8584,2023-11-19,여름,수트_블레이져(수트)_ZC,45.0,1403600,8,493341,2552000
8585,2023-11-19,여름,수트_수트팬츠_ZA,33.71508379888268,26600,0,-4962,0
8586,2023-11-19,여름,수트_수트팬츠_ZB,inf,484900,5,148582,695000
8587,2023-11-19,여름,수트_수트팬츠_ZC,33.522533928164734,1011300,10,309619,1630000
8588,2023-11-19,여름,스웨터_T-에리_ZA,0.0,0,0,0,0
8589,2023-11-19,여름,스웨터_T-에리_ZB,69.31931931931932,68000,-3,-39849,-299700
8590,2023-11-19,여름,스웨터_라운드_ZA,0.0,0,0,0,0
8591,2023-11-19,여름,스웨터_라운드_ZB,56.61846496106785,507000,13,146172,1168700
8592,2023-11-19,여름,우븐 셔츠_드레스셔츠_ZB,74.77490956704604,12785400,641,5062583,44805900
8593,2023-11-19,여름,우븐 셔츠_캐쥬얼셔츠_ZA,69.33380811582506,870538,32,305790,3406800
8594,2023-11-19,여름,우븐 셔츠_캐쥬얼셔츠_ZB,-inf,831000,31,225129,2786900
8595,2023-11-19,여름,자켓_싱글재킷_ZA,56.82249497466889,904450,7,231748,1933000
8596,2023-11-19,여름,점퍼_점퍼_ZB,-inf,4624800,65,1853810,16955000
8597,2023-11-19,여름,팬츠_니트팬츠_ZB,64.52900258016365,685000,14,273301,1650500
8598,2023-11-19,여름,팬츠_반바지_ZA,0.0,0,0,0,0
8599,2023-11-19,여름,팬츠_반바지_ZB,62.83715355832059,408445,13,110402,1148700
8600,2023-11-19,여름,팬츠_팬츠(일반)_ZA,56.115107913669064,1123000,17,189284,2363000
8601,2023-11-19,여름,팬츠_팬츠(일반)_ZB,43.19521604938272,1235025,23,211265,2297700
8602,2023-11-26,가을,니트 셔츠_라운드_ZB,65.24446688546664,1239000,51,277235,3564900
8603,2023-11-26,가을,수트_블레이져(수트)_ZB,53.45002930525795,47644760,367,18965263,102393000
8604,2023-11-26,가을,수트_블레이져(수트)_ZC,53.40501792114696,15470000,119,6202620,33201000
8605,2023-11-26,가을,수트_수트팬츠_ZB,53.72253293562019,26199300,380,9715631,56620000
8606,2023-11-26,가을,수트_수트팬츠_ZC,53.691275167785236,8763000,127,3246903,18923000
8607,2023-11-26,가을,우븐 셔츠_캐쥬얼셔츠_ZB,71.79446675207915,8923436,394,3331339,31480600
8608,2023-11-26,가을,팬츠_팬츠(일반)_ZB,65.14454947311333,10455348,298,3016842,29770200
8609,2023-11-26,겨울,니트 셔츠_라운드_ZB,60.95020981533216,43050293,1331,9362143,106346900
8610,2023-11-26,겨울,니트 셔츠_라운드_ZG,34.71396396396396,1503740,23,422867,2297700
8611,2023-11-26,겨울,니트 셔츠_오픈형티(맨투맨 등)_ZG,41.34453781512605,628200,9,251757,1071000
8612,2023-11-26,겨울,니트 셔츠_티에리_ZA,43.3415535049522,4590190,80,1305177,7992000
8613,2023-11-26,겨울,사파리_패딩사파리_ZB,61.47840806911901,266744352,1783,79671727,773617000
8614,2023-11-26,겨울,수트_블레이져(수트)_ZA,41.09276992287918,27538360,117,7998453,46213000
8615,2023-11-26,겨울,수트_블레이져(수트)_ZB,30.302355760483497,116977560,601,31502579,167679000
8616,2023-11-26,겨울,수트_블레이져(수트)_ZC,35.180652189191086,35094870,176,9958407,51634000
8617,2023-11-26,겨울,수트_수트팬츠_ZA,41.14410774410775,16483560,129,4762020,27711000
8618,2023-11-26,겨울,수트_수트팬츠_ZB,30.30581091883816,69172230,666,17805987,99234000
8619,2023-11-26,겨울,수트_수트팬츠_ZC,34.127317780001974,20061400,186,5315857,29454000
8620,2023-11-26,겨울,스웨터_T-에리_ZA,54.9990278047832,9257600,148,2543522,20572000
8621,2023-11-26,겨울,스웨터_T-에리_ZB,51.309509831945235,25967093,534,6908311,53346600
8622,2023-11-26,겨울,스웨터_Turtle_ZA,40.565368660511176,26649300,282,5010228,44838000
8623,2023-11-26,겨울,스웨터_Turtle_ZB,44.59057185534009,45881000,829,11804863,82817100
8624,2023-11-26,겨울,스웨터_라운드_ZA,52.382065775950664,20493900,309,4924152,42951000
8625,2023-11-26,겨울,스웨터_라운드_ZB,51.34464176501222,50058535,1030,14909200,102897000
8626,2023-11-26,겨울,스웨터_오픈형(CARDIGAN)_ZA,56.6016585860436,20476700,259,5964300,46361000
8627,2023-11-26,겨울,스웨터_오픈형(CARDIGAN)_ZB,48.81243063263041,8301600,102,1889731,16218000
8628,2023-11-26,겨울,우븐 셔츠_캐쥬얼셔츠_ZA,42.8997808495668,11547000,164,3268001,19642800
8629,2023-11-26,겨울,자켓_싱글재킷_ZA,50.19407454837199,59458300,354,15315473,120346000
8630,2023-11-26,겨울,점퍼_점퍼_ZA,36.98406529343179,9728400,62,3425450,15438000
8631,2023-11-26,겨울,점퍼_점퍼_ZG,33.737106585559374,2505400,19,650503,3781000
8632,2023-11-26,겨울,점퍼_패딩점퍼_ZB,57.62635552467572,105487600,1001,28762401,237999000
8633,2023-11-26,겨울,코트_더블코트_ZA,42.11536709783203,50836600,176,15267197,87824000
8634,2023-11-26,겨울,코트_싱글코트_ZA,44.566857567241684,143893140,476,39495170,251624000
8635,2023-11-26,겨울,코트_싱글코트_ZB,51.17430414619801,332851800,2049,134658260,784851000
8636,2023-11-26,겨울,팬츠_니트팬츠_ZG,43.28528528528528,1133160,20,401250,1998000
8637,2023-11-26,겨울,팬츠_팬츠(일반)_ZA,48.93731175202358,16766000,254,4498820,32766000
8638,2023-11-26,겨울,팬츠_팬츠(일반)_ZB,44.976007681444834,144781610,2645,35245556,264235500
8639,2023-11-26,겨울,팬츠_팬츠(일반)_ZG,33.50623350623351,2192100,33,597300,3296700
8640,2023-11-26,봄,가죽&FUR_가죽점퍼_ZA,0.0,0,0,0,0
8641,2023-11-26,봄,니트 셔츠_라운드_ZA,74.0386492289674,1463000,47,863138,5635300
8642,2023-11-26,봄,니트 셔츠_오픈형티(맨투맨 등)_ZA,69.2637598284489,215000,5,83435,699500
8643,2023-11-26,봄,수트_블레이져(수트)_ZB,40.625,2305100,15,785294,3885000
8644,2023-11-26,봄,수트_블레이져(수트)_ZC,40.0,155400,1,56238,259000
8645,2023-11-26,봄,수트_수트팬츠_ZB,40.833333333333336,1153700,14,371530,1946000
8646,2023-11-26,봄,수트_수트팬츠_ZC,40.0,333600,4,94452,556000
8647,2023-11-26,봄,스웨터_T-에리_ZA,61.48013345465575,1143000,27,353194,2967300
8648,2023-11-26,봄,스웨터_라운드_ZB,64.56014080683957,2603000,67,867941,7363300
8649,2023-11-26,봄,스웨터_오픈형(CARDIGAN)_ZB,79.68837822475122,2591800,67,1184311,12673300
8650,2023-11-26,봄,스웨터_후드T_ZA,55.13032002639393,-816000,-14,-296751,-1818600
8651,2023-11-26,봄,우븐 셔츠_캐쥬얼셔츠_ZA,0.0,0,0,0,0
8652,2023-11-26,봄,우븐 셔츠_캐쥬얼셔츠_ZB,70.66916456881916,501000,19,147646,1708100
8653,2023-11-26,봄,점퍼_패딩점퍼_ZB,71.95222169135212,1174080,14,404404,4186000
8654,2023-11-26,봄,코트_싱글코트_ZB,72.42339832869081,693000,7,304951,2513000
8655,2023-11-26,봄,팬츠_니트팬츠_ZA,70.97097097097097,638000,22,342228,2197800
8656,2023-11-26,봄,팬츠_팬츠(일반)_ZA,79.13669064748201,232000,8,134118,1112000
8657,2023-11-26,사계절,니트 셔츠_라운드_ZB,63.70463078848561,2900000,100,742979,7990000
8658,2023-11-26,사계절,데님_데님자켓_ZB,25.157232704402517,1429000,11,168483,1749000
8659,2023-11-26,사계절,데님_데님팬츠_ZB,44.56873404620784,22186415,495,8822213,53310500
8660,2023-11-26,사계절,수트_블레이져(수트)_ZB,56.30548181890305,56184573,398,17407656,103082000
8661,2023-11-26,사계절,수트_블레이져(수트)_ZC,37.84242575909243,18858300,126,5578597,32634000
8662,2023-11-26,사계절,수트_수트팬츠_ZB,43.05536755897571,32819321,435,9627530,60465000
8663,2023-11-26,사계절,수트_수트팬츠_ZC,38.56517754256706,9958400,125,2797614,17375000
8664,2023-11-26,사계절,우븐 셔츠_드레스셔츠_ZB,48.25209310071995,21350433,670,4664268,46833000
8665,2023-11-26,사계절,자켓_싱글재킷_ZB,37.65690376569037,1490000,10,339345,2390000
8666,2023-11-26,사계절,팬츠_팬츠(일반)_ZB,33.61202869536203,6589460,100,1159175,9990000
8667,2023-11-26,여름,니트 셔츠_라운드(V넥 등)_ZB,67.47289407839867,-39000,-1,-18694,-119900
8668,2023-11-26,여름,니트 셔츠_라운드_ZB,-inf,127000,4,25117,319600
8669,2023-11-26,여름,니트 셔츠_티에리_ZB,73.30367074527251,67000,3,24698,269700
8670,2023-11-26,여름,수트_블레이져(수트)_ZA,30.0,893200,4,233076,1276000
8671,2023-11-26,여름,수트_블레이져(수트)_ZB,20.0,828800,4,221092,1036000
8672,2023-11-26,여름,수트_블레이져(수트)_ZC,25.0,925400,4,253047,1396000
8673,2023-11-26,여름,수트_수트팬츠_ZA,37.5,223750,2,62473,358000
8674,2023-11-26,여름,수트_수트팬츠_ZB,20.0,1000800,9,241320,1251000
8675,2023-11-26,여름,수트_수트팬츠_ZC,-inf,125300,0,19,0
8676,2023-11-26,여름,스웨터_T-에리_ZA,55.4140127388535,833000,17,235119,1868300
8677,2023-11-26,여름,스웨터_T-에리_ZB,70.97097097097097,-29000,-1,-8582,-99900
8678,2023-11-26,여름,스웨터_라운드_ZA,0.0,0,0,0,0
8679,2023-11-26,여름,스웨터_라운드_ZB,56.61846496106785,390000,10,120549,899000
8680,2023-11-26,여름,우븐 셔츠_드레스셔츠_ZB,63.977229141994854,7091500,299,2312644,20900100
8681,2023-11-26,여름,우븐 셔츠_캐쥬얼셔츠_ZA,65.99377946075406,481472,14,96412,1368600
8682,2023-11-26,여름,우븐 셔츠_캐쥬얼셔츠_ZB,78.86540600667408,209000,11,78207,988900
8683,2023-11-26,여름,자켓_싱글재킷_ZA,63.21070234113712,40000,0,6764,0
8684,2023-11-26,여름,점퍼_점퍼_ZB,68.39968046864598,842000,8,347347,2312000
8685,2023-11-26,여름,팬츠_니트팬츠_ZB,66.8871160893563,-2000,2,13094,100700
8686,2023-11-26,여름,팬츠_반바지_ZA,0.0,0,0,0,0
8687,2023-11-26,여름,팬츠_반바지_ZB,64.11352227919308,223943,7,72993,609300
8688,2023-11-26,여름,팬츠_팬츠(일반)_ZA,59.95203836930455,266000,4,69846,556000
8689,2023-11-26,여름,팬츠_팬츠(일반)_ZB,70.97097097097097,-87000,-3,-19078,-299700
8690,2023-12-03,가을,니트 셔츠_라운드_ZB,69.44270305894456,1901000,89,483803,6221100
8691,2023-12-03,가을,수트_블레이져(수트)_ZB,53.57359962804362,24259780,187,9683591,52173000
8692,2023-12-03,가을,수트_블레이져(수트)_ZC,53.40501792114696,8320000,64,3335863,17856000
8693,2023-12-03,가을,수트_수트팬츠_ZB,53.563498537256926,13818249,200,5137441,29800000
8694,2023-12-03,가을,수트_수트팬츠_ZC,53.691275167785236,4485000,65,1661801,9685000
8695,2023-12-03,가을,우븐 셔츠_캐쥬얼셔츠_ZB,72.20752736652688,10509707,474,3954940,37872600
8696,2023-12-03,가을,팬츠_팬츠(일반)_ZB,69.92061056308955,24244603,810,8197801,80919000
8697,2023-12-03,겨울,니트 셔츠_라운드_ZB,64.78235609987607,52328940,1845,13027378,147415500
8698,2023-12-03,겨울,니트 셔츠_라운드_ZG,35.166012166012166,2217175,34,615806,3396600
8699,2023-12-03,겨울,니트 셔츠_오픈형티(맨투맨 등)_ZG,39.354040077569486,938193,13,363491,1547000
8700,2023-12-03,겨울,니트 셔츠_티에리_ZA,56.72705380819416,6107779,141,2306317,14085900
8701,2023-12-03,겨울,사파리_패딩사파리_ZB,62.92822821170312,380610336,2392,115509992,1066708000
8702,2023-12-03,겨울,수트_블레이져(수트)_ZA,40.78402905292366,30945500,132,9107229,52398000
8703,2023-12-03,겨울,수트_블레이져(수트)_ZB,29.57306524268537,114516280,586,30593954,163494000
8704,2023-12-03,겨울,수트_블레이져(수트)_ZC,35.67415690720121,41539370,208,11850052,61552000
8705,2023-12-03,겨울,수트_수트팬츠_ZA,40.80880026152337,19440300,151,5706672,32959000
8706,2023-12-03,겨울,수트_수트팬츠_ZB,30.355524321256084,66345700,639,16983278,95211000
8707,2023-12-03,겨울,수트_수트팬츠_ZC,35.40900500947304,22769070,213,6085444,33717000
8708,2023-12-03,겨울,스웨터_T-에리_ZA,54.24268219012576,8331950,131,2251340,18209000
8709,2023-12-03,겨울,스웨터_T-에리_ZB,54.5026885095906,20998320,464,5894099,46353600
8710,2023-12-03,겨울,스웨터_Turtle_ZA,47.08369153733617,35085100,417,7408741,66303000
8711,2023-12-03,겨울,스웨터_Turtle_ZB,45.08946140942682,58655393,1069,15194169,106793100
8712,2023-12-03,겨울,스웨터_라운드_ZA,51.75449678995044,25581600,373,5947862,51847000
8713,2023-12-03,겨울,스웨터_라운드_ZB,52.83444907104596,48051611,1019,14745177,101798100
8714,2023-12-03,겨울,스웨터_오픈형(CARDIGAN)_ZA,51.26374262376358,16239857,188,4355996,33652000
8715,2023-12-03,겨울,스웨터_오픈형(CARDIGAN)_ZB,48.68614520363925,8403670,103,1908258,16377000
8716,2023-12-03,겨울,우븐 셔츠_캐쥬얼셔츠_ZA,49.352967969143684,9792833,166,3145168,19493400
8717,2023-12-03,겨울,자켓_싱글재킷_ZA,51.07501253146661,60187590,349,15654722,123051000
8718,2023-12-03,겨울,점퍼_점퍼_ZA,39.29186132284239,7407000,49,2707271,12201000
8719,2023-12-03,겨울,점퍼_점퍼_ZG,33.11557788944724,1730300,13,445081,2587000
8720,2023-12-03,겨울,점퍼_패딩점퍼_ZB,60.0736299237705,97568170,981,29586993,241919000
8721,2023-12-03,겨울,코트_더블코트_ZA,51.64369892047469,58635400,243,21078420,121257000
8722,2023-12-03,겨울,코트_싱글코트_ZA,53.01457174315604,163040500,646,53701741,343054000
8723,2023-12-03,겨울,코트_싱글코트_ZB,57.53968336964542,248406500,1597,105299625,604453000
8724,2023-12-03,겨울,팬츠_니트팬츠_ZG,41.89126269126269,2031772,35,702283,3496500
8725,2023-12-03,겨울,팬츠_팬츠(일반)_ZA,50.88843731220593,14576127,232,4123999,29928000
8726,2023-12-03,겨울,팬츠_팬츠(일반)_ZB,46.32161429601188,170840265,3186,42461484,318281400
8727,2023-12-03,겨울,팬츠_팬츠(일반)_ZG,34.94303827637161,1364830,21,380100,2097900
8728,2023-12-03,봄,가죽&FUR_가죽점퍼_ZA,55.81794265397037,2495000,5,1363835,6195000
8729,2023-12-03,봄,니트 셔츠_라운드_ZA,82.04943513534006,3314500,154,2828155,18464600
8730,2023-12-03,봄,니트 셔츠_오픈형티(맨투맨 등)_ZA,67.40615217766384,1322365,29,483924,4057100
8731,2023-12-03,봄,수트_블레이져(수트)_ZB,40.0,2175600,14,746570,3626000
8732,2023-12-03,봄,수트_블레이져(수트)_ZC,40.0,310800,2,115578,518000
8733,2023-12-03,봄,수트_수트팬츠_ZB,40.0,1668000,20,547694,2780000
8734,2023-12-03,봄,수트_수트팬츠_ZC,40.0,83400,1,23613,139000
8735,2023-12-03,봄,스웨터_T-에리_ZA,63.47346072186836,2408560,60,784875,6594000
8736,2023-12-03,봄,스웨터_라운드_ZB,66.20336669699726,1996400,55,721384,6044500
8737,2023-12-03,봄,스웨터_오픈형(CARDIGAN)_ZB,69.10397766196894,4812650,84,1435834,15561600
8738,2023-12-03,봄,스웨터_후드T_ZA,75.61585835257891,633500,20,423930,2598000
8739,2023-12-03,봄,우븐 셔츠_캐쥬얼셔츠_ZA,82.09611789288464,162800,7,82828,909300
8740,2023-12-03,봄,우븐 셔츠_캐쥬얼셔츠_ZB,60.03559510567297,1796400,50,388361,4495000
8741,2023-12-03,봄,점퍼_패딩점퍼_ZB,77.62207357859532,2007300,30,866106,8970000
8742,2023-12-03,봄,코트_싱글코트_ZB,71.22960604854755,5370000,50,1888476,17950000
8743,2023-12-03,봄,팬츠_니트팬츠_ZA,72.70978844012552,2426400,89,1384467,8891100
8744,2023-12-03,봄,팬츠_팬츠(일반)_ZA,79.07692307692308,791600,31,560333,4309000
8745,2023-12-03,사계절,니트 셔츠_라운드_ZB,63.70463078848561,12441000,429,3187378,34277100
8746,2023-12-03,사계절,데님_데님자켓_ZB,44.313522012578616,1748532,16,249566,2544000
8747,2023-12-03,사계절,데님_데님팬츠_ZB,46.884421329758496,24159545,541,9598393,57985900
8748,2023-12-03,사계절,수트_블레이져(수트)_ZB,75.01899328524328,81846761,725,32468319,187775000
8749,2023-12-03,사계절,수트_블레이져(수트)_ZC,40.13455541508639,21251320,142,6329419,36778000
8750,2023-12-03,사계절,수트_수트팬츠_ZB,58.08380136709327,47472305,795,18069091,110505000
8751,2023-12-03,사계절,수트_수트팬츠_ZC,39.52107951256549,11218940,143,3206850,19877000
8752,2023-12-03,사계절,우븐 셔츠_드레스셔츠_ZB,55.00656255114792,32321015,1080,7670205,75492000
8753,2023-12-03,사계절,자켓_싱글재킷_ZB,37.65690376569037,1788000,12,407214,2868000
8754,2023-12-03,사계절,팬츠_팬츠(일반)_ZB,54.83464360275954,5101300,112,1292015,11188800
8755,2023-12-03,여름,니트 셔츠_라운드(V넥 등)_ZB,67.47289407839867,156000,4,74777,479600
8756,2023-12-03,여름,니트 셔츠_라운드_ZB,66.56943700409896,650417,25,216607,1877500
8757,2023-12-03,여름,니트 셔츠_티에리_ZB,71.449758991472,68000,2,20663,179800
8758,2023-12-03,여름,수트_블레이져(수트)_ZA,30.0,753900,3,189826,1077000
8759,2023-12-03,여름,수트_블레이져(수트)_ZB,20.0,1864800,9,501405,2331000
8760,2023-12-03,여름,수트_블레이져(수트)_ZC,25.0,877100,4,245693,1216000
8761,2023-12-03,여름,수트_수트팬츠_ZA,30.0,0,0,-2086,0
8762,2023-12-03,여름,수트_수트팬츠_ZB,20.0,333600,3,84396,417000
8763,2023-12-03,여름,수트_수트팬츠_ZC,25.0,612400,5,162768,855000
8764,2023-12-03,여름,스웨터_T-에리_ZA,55.4140127388535,98000,2,27238,219800
8765,2023-12-03,여름,스웨터_T-에리_ZB,60.96096096096096,117000,3,25746,299700
8766,2023-12-03,여름,스웨터_라운드_ZA,55.4140127388535,196000,4,46082,439600
8767,2023-12-03,여름,스웨터_라운드_ZB,65.0,31465,1,12279,89900
8768,2023-12-03,여름,우븐 셔츠_드레스셔츠_ZB,73.38634898383546,27662005,2246,18629618,156995400
8769,2023-12-03,여름,우븐 셔츠_캐쥬얼셔츠_ZA,63.214947048665294,234000,6,62070,629400
8770,2023-12-03,여름,우븐 셔츠_캐쥬얼셔츠_ZB,78.86540600667408,-19000,-1,-5823,-89900
8771,2023-12-03,여름,자켓_싱글재킷_ZA,63.56816811077681,1205555,11,415827,3209000
8772,2023-12-03,여름,점퍼_점퍼_ZB,77.2655307165652,2399534,23,812392,6437000
8773,2023-12-03,여름,팬츠_니트팬츠_ZB,68.8681712452316,377956,9,177946,1073700
8774,2023-12-03,여름,팬츠_반바지_ZA,0.0,0,0,0,0
8775,2023-12-03,여름,팬츠_반바지_ZB,56.61846496106785,156000,4,69867,359600
8776,2023-12-03,여름,팬츠_팬츠(일반)_ZA,57.61647482014388,1038771,18,268442,2502000
8777,2023-12-03,여름,팬츠_팬츠(일반)_ZB,68.71834227389783,600098,21,192111,2097900
8778,2023-12-10,가을,니트 셔츠_라운드_ZB,69.31126098508072,2252400,105,570778,7339500
8779,2023-12-10,가을,수트_블레이져(수트)_ZB,52.98524330782396,15860000,121,6232267,33759000
8780,2023-12-10,가을,수트_블레이져(수트)_ZC,53.502090800477895,6227000,48,2501897,13392000
8781,2023-12-10,가을,수트_수트팬츠_ZB,53.718356293418104,8549100,124,3176376,18476000
8782,2023-12-10,가을,수트_수트팬츠_ZC,53.691275167785236,2967000,43,1099345,6407000
8783,2023-12-10,가을,우븐 셔츠_캐쥬얼셔츠_ZB,69.77853141308609,6328143,262,2170668,20933800
8784,2023-12-10,가을,팬츠_팬츠(일반)_ZB,69.55524699617109,13459850,438,4433065,43756200
8785,2023-12-10,겨울,니트 셔츠_라운드_ZB,60.796709386324444,40715802,1234,8702538,98596600
8786,2023-12-10,겨울,니트 셔츠_라운드_ZG,36.698841698841704,1931410,30,543230,2997000
8787,2023-12-10,겨울,니트 셔츠_오픈형티(맨투맨 등)_ZG,38.65546218487395,584000,8,222619,952000
8788,2023-12-10,겨울,니트 셔츠_티에리_ZA,50.27052577052577,3958445,81,1323423,8091900
8789,2023-12-10,겨울,사파리_패딩사파리_ZB,67.26296376335118,227536629,1833,74511753,770267000
8790,2023-12-10,겨울,수트_블레이져(수트)_ZA,40.16235785215072,23306560,98,6791903,39022000
8791,2023-12-10,겨울,수트_블레이져(수트)_ZB,30.90727030121431,103188590,535,27997309,149265000
8792,2023-12-10,겨울,수트_블레이져(수트)_ZC,35.8625,28520430,144,8234795,42816000
8793,2023-12-10,겨울,수트_수트팬츠_ZA,40.14341585188267,14208760,109,4110458,23781000
8794,2023-12-10,겨울,수트_수트팬츠_ZB,30.903995934178255,58969730,573,15283334,85377000
8795,2023-12-10,겨울,수트_수트팬츠_ZC,35.916348453290134,15873820,149,4315331,23941000
8796,2023-12-10,겨울,스웨터_T-에리_ZA,52.99986425953577,6925000,106,1821728,14734000
8797,2023-12-10,겨울,스웨터_T-에리_ZB,58.40226091233648,25118791,618,7704378,61738200
8798,2023-12-10,겨울,스웨터_Turtle_ZA,41.009839724081964,23261000,248,4406158,39432000
8799,2023-12-10,겨울,스웨터_Turtle_ZB,45.57016055749942,43002607,792,11332262,79120800
8800,2023-12-10,겨울,스웨터_라운드_ZA,51.78122157446457,16041700,238,3787460,33082000
8801,2023-12-10,겨울,스웨터_라운드_ZB,53.52821047998353,61716389,1329,19241970,132767100
8802,2023-12-10,겨울,스웨터_오픈형(CARDIGAN)_ZA,53.38393607750591,17265620,204,4750028,36516000
8803,2023-12-10,겨울,스웨터_오픈형(CARDIGAN)_ZB,67.21158280922432,6256030,120,2223213,19080000
8804,2023-12-10,겨울,우븐 셔츠_캐쥬얼셔츠_ZA,56.3361501255802,13038957,282,5462783,33264300
8805,2023-12-10,겨울,자켓_싱글재킷_ZA,50.17523888751218,69776600,405,17883294,140495000
8806,2023-12-10,겨울,점퍼_점퍼_ZA,38.40817816721431,8435000,55,3038500,13695000
8807,2023-12-10,겨울,점퍼_점퍼_ZG,30.0,1114400,8,273896,1592000
8808,2023-12-10,겨울,점퍼_패딩점퍼_ZB,62.981732473644946,78525600,884,27815529,224616000
8809,2023-12-10,겨울,코트_더블코트_ZA,51.28061837961638,42544200,175,15186861,87325000
8810,2023-12-10,겨울,코트_싱글코트_ZA,52.18552486376847,129021600,509,41995474,265391000
8811,2023-12-10,겨울,코트_싱글코트_ZB,56.390254668399265,211453400,1346,88487899,511554000
8812,2023-12-10,겨울,팬츠_니트팬츠_ZG,42.91591591591592,1140540,20,401308,1998000
8813,2023-12-10,겨울,팬츠_팬츠(일반)_ZA,51.08723830617518,15196300,239,4232882,30831000
8814,2023-12-10,겨울,팬츠_팬츠(일반)_ZB,47.50538584268764,117310850,2277,30494112,227472300
8815,2023-12-10,겨울,팬츠_팬츠(일반)_ZG,30.0,1398600,20,362000,1998000
8816,2023-12-10,봄,가죽&FUR_가죽점퍼_ZA,0.0,0,0,0,0
8817,2023-12-10,봄,니트 셔츠_라운드_ZA,73.51135926645458,5303900,167,3066895,20023300
8818,2023-12-10,봄,니트 셔츠_오픈형티(맨투맨 등)_ZA,76.0427955452051,1039000,31,517298,4336900
8819,2023-12-10,봄,수트_블레이져(수트)_ZB,40.0,621600,4,233019,1036000
8820,2023-12-10,봄,수트_블레이져(수트)_ZC,40.0,1709400,11,623784,2849000
8821,2023-12-10,봄,수트_수트팬츠_ZB,40.0,417000,5,140575,695000
8822,2023-12-10,봄,수트_수트팬츠_ZC,40.0,917400,11,258618,1529000
8823,2023-12-10,봄,스웨터_T-에리_ZA,74.80955068474218,2187060,79,1033419,8682100
8824,2023-12-10,봄,스웨터_라운드_ZB,71.69439020151108,3425200,114,1503773,12528600
8825,2023-12-10,봄,스웨터_오픈형(CARDIGAN)_ZB,72.17160864647953,1508700,29,505377,5437100
8826,2023-12-10,봄,스웨터_후드T_ZA,63.67718758018989,849300,18,381537,2338200
8827,2023-12-10,봄,우븐 셔츠_캐쥬얼셔츠_ZA,69.9769053117783,78000,2,23665,259800
8828,2023-12-10,봄,우븐 셔츠_캐쥬얼셔츠_ZB,77.47497219132369,810000,40,310710,3596000
8829,2023-12-10,봄,점퍼_패딩점퍼_ZB,72.09215904868078,751000,9,259950,2691000
8830,2023-12-10,봄,코트_싱글코트_ZB,-102.50696378830085,-1358200,0,6934,0
8831,2023-12-10,봄,팬츠_니트팬츠_ZA,77.144750384187,1621100,71,1104462,7092900
8832,2023-12-10,봄,팬츠_팬츠(일반)_ZA,80.33337615621788,410700,15,258184,2085000
8833,2023-12-10,사계절,니트 셔츠_라운드_ZB,63.70463078848561,-14877000,-513,-3811480,-40988700
8834,2023-12-10,사계절,데님_데님자켓_ZB,19.135220125786162,514300,4,64866,636000
8835,2023-12-10,사계절,데님_데님팬츠_ZB,48.72848926206583,-19102600,-546,-9950979,-61105400
8836,2023-12-10,사계절,수트_블레이져(수트)_ZB,80.76684998490553,78470601,785,35346626,203315000
8837,2023-12-10,사계절,수트_블레이져(수트)_ZC,40.24627224627225,16046900,108,4790505,27972000
8838,2023-12-10,사계절,수트_수트팬츠_ZB,59.30545570278163,43464083,843,19274739,117177000
8839,2023-12-10,사계절,수트_수트팬츠_ZC,40.91629673863017,10003200,127,2844144,17653000
8840,2023-12-10,사계절,우븐 셔츠_드레스셔츠_ZB,46.930519866330236,22596532,642,4503276,44875800
8841,2023-12-10,사계절,자켓_싱글재킷_ZB,41.84100418410042,1251000,9,305410,2151000
8842,2023-12-10,사계절,팬츠_팬츠(일반)_ZB,48.94982702000246,4789900,95,1113271,9490500
8843,2023-12-10,여름,니트 셔츠_라운드(V넥 등)_ZB,67.47289407839867,117000,3,56083,359700
8844,2023-12-10,여름,니트 셔츠_라운드_ZB,69.83201778665685,4667000,445,2434290,26755500
8845,2023-12-10,여름,니트 셔츠_티에리_ZB,67.74193548387096,58000,2,18720,179800
8846,2023-12-10,여름,수트_블레이져(수트)_ZA,30.0,446600,2,114983,638000
8847,2023-12-10,여름,수트_블레이져(수트)_ZB,0.0,0,0,-41,0
8848,2023-12-10,여름,수트_블레이져(수트)_ZC,20.0,207200,1,60636,259000
8849,2023-12-10,여름,수트_수트팬츠_ZA,30.0,501200,4,116856,716000
8850,2023-12-10,여름,수트_수트팬츠_ZB,0.0,139000,1,29943,139000
8851,2023-12-10,여름,수트_수트팬츠_ZC,inf,97500,1,33040,179000
8852,2023-12-10,여름,스웨터_T-에리_ZA,0.0,0,0,0,0
8853,2023-12-10,여름,스웨터_T-에리_ZB,60.96096096096096,273000,7,68536,699300
8854,2023-12-10,여름,스웨터_라운드_ZA,55.4140127388535,98000,2,25246,219800
8855,2023-12-10,여름,스웨터_라운드_ZB,56.61846496106785,39000,1,10035,89900
8856,2023-12-10,여름,우븐 셔츠_드레스셔츠_ZB,68.88938187754731,9576800,514,3980220,35928600
8857,2023-12-10,여름,우븐 셔츠_캐쥬얼셔츠_ZA,64.66009367377575,1004800,25,296027,2895700
8858,2023-12-10,여름,우븐 셔츠_캐쥬얼셔츠_ZB,77.5107897664071,163445,7,16376,629300
8859,2023-12-10,여름,자켓_싱글재킷_ZA,53.60320391376292,1467000,11,366673,3009000
8860,2023-12-10,여름,점퍼_점퍼_ZB,68.1397922777233,850000,10,343811,2770000
8861,2023-12-10,여름,팬츠_니트팬츠_ZB,76.22027534418022,57000,3,36562,239700
8862,2023-12-10,여름,팬츠_반바지_ZA,56.61846496106785,39000,1,14960,89900
8863,2023-12-10,여름,팬츠_반바지_ZB,67.74193548387096,97000,3,38914,269700
8864,2023-12-10,여름,팬츠_팬츠(일반)_ZA,53.9568345323741,473000,7,68094,973000
8865,2023-12-10,여름,팬츠_팬츠(일반)_ZB,70.97097097097097,232000,8,69805,799200
8866,2023-12-17,가을,니트 셔츠_라운드_ZB,66.97862025115244,830950,36,195695,2516400
8867,2023-12-17,가을,수트_블레이져(수트)_ZB,53.40501792114696,12480000,96,4975234,26784000
8868,2023-12-17,가을,수트_블레이져(수트)_ZC,52.17883418222977,5070000,38,1980669,10602000
8869,2023-12-17,가을,수트_수트팬츠_ZB,53.69127516778523,7038000,102,2611561,15198000
8870,2023-12-17,가을,수트_수트팬츠_ZC,53.691275167785236,3243000,47,1201610,7003000
8871,2023-12-17,가을,우븐 셔츠_캐쥬얼셔츠_ZB,69.34676872823871,6549385,268,2255132,21413200
8872,2023-12-17,가을,팬츠_팬츠(일반)_ZB,70.55123714623714,12460699,432,4372294,43156800
8873,2023-12-17,겨울,니트 셔츠_라운드_ZB,55.32535509614933,17260106,475,3295968,37952500
8874,2023-12-17,겨울,니트 셔츠_라운드_ZG,42.985306735306736,2171550,38,690818,3796200
8875,2023-12-17,겨울,니트 셔츠_오픈형티(맨투맨 등)_ZG,33.071895424836605,716800,9,250907,1071000
8876,2023-12-17,겨울,니트 셔츠_티에리_ZA,49.722867964020644,4488298,89,1457303,8891100
8877,2023-12-17,겨울,사파리_패딩사파리_ZB,65.56706239080162,273389488,1902,89442529,840798000
8878,2023-12-17,겨울,수트_블레이져(수트)_ZA,41.940954845963304,22680100,97,6656199,38383000
8879,2023-12-17,겨울,수트_블레이져(수트)_ZB,30.818168500190065,97146177,501,26151292,139779000
8880,2023-12-17,겨울,수트_블레이져(수트)_ZC,35.67210726291703,33024270,166,9464938,49174000
8881,2023-12-17,겨울,수트_수트팬츠_ZA,41.78663351542608,13665700,107,3996027,23163000
8882,2023-12-17,겨울,수트_수트팬츠_ZB,30.50424456707202,56968954,552,14658912,82248000
8883,2023-12-17,겨울,수트_수트팬츠_ZC,35.76619512269016,17907280,167,4841546,26863000
8884,2023-12-17,겨울,스웨터_T-에리_ZA,54.19557277255119,8276860,130,2234224,18070000
8885,2023-12-17,겨울,스웨터_T-에리_ZB,56.54927440876503,22633112,532,6611012,53146800
8886,2023-12-17,겨울,스웨터_Turtle_ZA,46.70715694210931,25674893,303,5383330,48177000
8887,2023-12-17,겨울,스웨터_Turtle_ZB,50.48732185651357,57009626,1158,16565249,115684200
8888,2023-12-17,겨울,스웨터_라운드_ZA,51.96695453817222,18039500,266,4236309,36974000
8889,2023-12-17,겨울,스웨터_라운드_ZB,57.43952814062929,29365467,689,9966944,68831100
8890,2023-12-17,겨울,스웨터_오픈형(CARDIGAN)_ZA,53.14120076223843,13482497,158,3644803,28282000
8891,2023-12-17,겨울,스웨터_오픈형(CARDIGAN)_ZB,48.52660932297447,5565303,68,1259821,10812000
8892,2023-12-17,겨울,우븐 셔츠_캐쥬얼셔츠_ZA,52.21265710280568,8060487,141,2782642,16792200
8893,2023-12-17,겨울,자켓_싱글재킷_ZA,50.34645029047499,56714010,330,14488633,114070000
8894,2023-12-17,겨울,점퍼_점퍼_ZA,39.96875707960045,5829634,39,2154880,9711000
8895,2023-12-17,겨울,점퍼_점퍼_ZG,36.16616415410385,1143264,9,308133,1791000
8896,2023-12-17,겨울,점퍼_패딩점퍼_ZB,61.99951167180116,76892734,806,23956775,196294000
8897,2023-12-17,겨울,코트_더블코트_ZA,52.49208093606568,51443000,217,18820594,108283000
8898,2023-12-17,겨울,코트_싱글코트_ZA,51.32283741922704,131069400,509,42402862,271691000
8899,2023-12-17,겨울,코트_싱글코트_ZB,56.469113859805404,217481346,1388,91589175,522762000
8900,2023-12-17,겨울,팬츠_니트팬츠_ZG,44.6031746031746,1162170,21,421493,2097900
8901,2023-12-17,겨울,팬츠_팬츠(일반)_ZA,50.25243507430161,14375050,224,3975497,28896000
8902,2023-12-17,겨울,팬츠_팬츠(일반)_ZB,46.63511726937458,134467351,2584,34317186,258141600
8903,2023-12-17,겨울,팬츠_팬츠(일반)_ZG,31.61161161161161,888160,13,235300,1298700
8904,2023-12-17,봄,가죽&FUR_가죽점퍼_ZA,69.28406466512702,-399000,-1,-277921,-1299000
8905,2023-12-17,봄,니트 셔츠_라운드_ZA,71.03235747303543,2049200,59,1083514,7074100
8906,2023-12-17,봄,니트 셔츠_오픈형티(맨투맨 등)_ZA,72.18251131760782,467000,12,200244,1678800
8907,2023-12-17,봄,수트_블레이져(수트)_ZB,46.666666666666664,1813000,12,608429,3108000
8908,2023-12-17,봄,수트_블레이져(수트)_ZC,40.0,466200,3,169747,777000
8909,2023-12-17,봄,수트_수트팬츠_ZB,46.666666666666664,889600,11,288165,1529000
8910,2023-12-17,봄,수트_수트팬츠_ZC,40.0,417000,5,117222,695000
8911,2023-12-17,봄,스웨터_T-에리_ZA,78.55742983131518,1225400,52,680225,5714800
8912,2023-12-17,봄,스웨터_라운드_ZB,74.23415225962998,2429000,95,1261325,10440500
8913,2023-12-17,봄,스웨터_오픈형(CARDIGAN)_ZB,72.24345239222748,2882860,60,1076253,11454000
8914,2023-12-17,봄,스웨터_후드T_ZA,67.48916170333455,802400,19,402734,2468100
8915,2023-12-17,봄,우븐 셔츠_캐쥬얼셔츠_ZA,75.67359507313319,94800,3,35498,389700
8916,2023-12-17,봄,우븐 셔츠_캐쥬얼셔츠_ZB,69.76438466983517,299000,11,85456,988900
8917,2023-12-17,봄,점퍼_패딩점퍼_ZB,80.02675585284281,597200,10,288955,2990000
8918,2023-12-17,봄,코트_싱글코트_ZB,73.88247778219923,-2971000,-39,-1446919,-14001000
8919,2023-12-17,봄,팬츠_니트팬츠_ZA,71.97864531197864,419900,15,233337,1498500
8920,2023-12-17,봄,팬츠_팬츠(일반)_ZA,81.5841173215274,540800,21,352414,2919000
8921,2023-12-17,사계절,니트 셔츠_라운드_ZB,63.54707497274819,-3611610,-124,-921293,-9907600
8922,2023-12-17,사계절,데님_데님자켓_ZB,46.121593291404615,712000,8,124783,1272000
8923,2023-12-17,사계절,데님_데님팬츠_ZB,40.107854001355335,-2899981,-20,-449156,-3148000
8924,2023-12-17,사계절,수트_블레이져(수트)_ZB,33.59982547748747,61426595,432,18948900,111888000
8925,2023-12-17,사계절,수트_블레이져(수트)_ZC,38.04358896711838,16738524,110,4915539,28490000
8926,2023-12-17,사계절,수트_수트팬츠_ZB,45.55626966027976,35720788,485,10790797,67415000
8927,2023-12-17,사계절,수트_수트팬츠_ZC,40.78489706267187,9764482,122,2767900,16958000
8928,2023-12-17,사계절,우븐 셔츠_드레스셔츠_ZB,46.700950913709896,16391474,501,3508502,35019900
8929,2023-12-17,사계절,자켓_싱글재킷_ZB,45.18828451882845,1310000,10,339345,2390000
8930,2023-12-17,사계절,팬츠_팬츠(일반)_ZB,41.14432147166421,3385550,60,654952,5994000
8931,2023-12-17,여름,니트 셔츠_라운드(V넥 등)_ZB,61.05206719885619,326890,7,130860,839300
8932,2023-12-17,여름,니트 셔츠_라운드_ZB,59.61186219578779,1221725,99,514133,6070100
8933,2023-12-17,여름,니트 셔츠_티에리_ZB,95.82900753924112,452115,-12,-92323,-1078800
8934,2023-12-17,여름,수트_블레이져(수트)_ZA,30.0,84000,0,14553,120000
8935,2023-12-17,여름,수트_블레이져(수트)_ZB,-inf,1712200,7,412322,1813000
8936,2023-12-17,여름,수트_블레이져(수트)_ZC,27.579252449942107,2853000,14,846790,4106000
8937,2023-12-17,여름,수트_수트팬츠_ZA,65.0,250600,1,33024,179000
8938,2023-12-17,여름,수트_수트팬츠_ZB,38.18345323741007,127300,1,27987,139000
8939,2023-12-17,여름,수트_수트팬츠_ZC,38.41340782122905,1102400,10,312112,1790000
8940,2023-12-17,여름,스웨터_T-에리_ZA,75.20473157415833,109000,4,54476,439600
8941,2023-12-17,여름,스웨터_T-에리_ZB,59.82089232089232,616890,15,168219,1498500
8942,2023-12-17,여름,스웨터_라운드_ZA,55.4140127388535,147000,3,35664,329700
8943,2023-12-17,여름,스웨터_라운드_ZB,46.785388323208124,-151655,-7,-56776,-629300
8944,2023-12-17,여름,우븐 셔츠_드레스셔츠_ZB,72.87449268421473,5353200,267,2001051,18663300
8945,2023-12-17,여름,우븐 셔츠_캐쥬얼셔츠_ZA,68.77617182437459,1016200,29,320722,3026200
8946,2023-12-17,여름,우븐 셔츠_캐쥬얼셔츠_ZB,-inf,361335,14,89809,1258600
8947,2023-12-17,여름,자켓_싱글재킷_ZA,inf,1360000,12,434202,3388000
8948,2023-12-17,여름,점퍼_점퍼_ZB,69.45074738867842,710050,10,209617,2650000
8949,2023-12-17,여름,팬츠_니트팬츠_ZB,59.082047253311245,1014835,20,402444,2425400
8950,2023-12-17,여름,팬츠_반바지_ZA,53.71384872080089,166445,4,59841,359600
8951,2023-12-17,여름,팬츠_반바지_ZB,80.94470563176161,276945,11,42015,938900
8952,2023-12-17,여름,팬츠_팬츠(일반)_ZA,57.04816503939705,1213800,22,319982,3058000
8953,2023-12-17,여름,팬츠_팬츠(일반)_ZB,65.51478497728498,1480670,45,423020,4495500
8954,2023-12-24,가을,니트 셔츠_라운드_ZB,51.82914367463724,471400,14,76104,978600
8955,2023-12-24,가을,수트_블레이져(수트)_ZB,53.44199806565398,14027000,108,5611295,30132000
8956,2023-12-24,가을,수트_블레이져(수트)_ZC,53.565690273143,7514000,58,3023126,16182000
8957,2023-12-24,가을,수트_수트팬츠_ZB,53.76803462060366,10612200,154,3957667,22946000
8958,2023-12-24,가을,수트_수트팬츠_ZC,53.862788963460105,3712200,54,1380573,8046000
8959,2023-12-24,가을,우븐 셔츠_캐쥬얼셔츠_ZB,72.06825896443048,5047826,225,1917197,17977500
8960,2023-12-24,가을,팬츠_팬츠(일반)_ZB,75.092613963758,8910452,368,3725030,36763200
8961,2023-12-24,겨울,니트 셔츠_라운드_ZB,65.13507016728535,54918240,1947,13828824,155565300
8962,2023-12-24,겨울,니트 셔츠_라운드_ZG,49.93112159778826,2541790,51,945666,5094900
8963,2023-12-24,겨울,니트 셔츠_오픈형티(맨투맨 등)_ZG,42.66321913380737,887000,13,363208,1547000
8964,2023-12-24,겨울,니트 셔츠_티에리_ZA,61.1771639364232,4263698,110,1801789,10989000
8965,2023-12-24,겨울,사파리_패딩사파리_ZB,70.38029947847573,494832696,3534,188301975,1632966000
8966,2023-12-24,겨울,수트_블레이져(수트)_ZA,40.19872813990461,16193950,68,4744160,27152000
8967,2023-12-24,겨울,수트_블레이져(수트)_ZB,30.159080365013256,76100040,391,20426474,109089000
8968,2023-12-24,겨울,수트_블레이져(수트)_ZC,35.585470085470085,25268670,129,7216869,37311000
8969,2023-12-24,겨울,수트_수트팬츠_ZA,40.268181818181816,10685470,82,3103941,17938000
8970,2023-12-24,겨울,수트_수트팬츠_ZB,30.115388506044994,48329640,464,12353741,69136000
8971,2023-12-24,겨울,수트_수트팬츠_ZC,35.50869565217391,13074170,125,3478841,19225000
8972,2023-12-24,겨울,스웨터_T-에리_ZA,58.51017664741446,12283892,213,3660579,29607000
8973,2023-12-24,겨울,스웨터_T-에리_ZB,66.59558063810937,17385026,551,6541065,55044900
8974,2023-12-24,겨울,스웨터_Turtle_ZA,44.91876142825567,27412280,313,5560997,49767000
8975,2023-12-24,겨울,스웨터_Turtle_ZB,53.25094889840341,70879713,1538,22037436,153646200
8976,2023-12-24,겨울,스웨터_라운드_ZA,56.48402229405462,19223400,320,5092046,44480000
8977,2023-12-24,겨울,스웨터_라운드_ZB,59.86450524723975,39454740,985,14250062,98401500
8978,2023-12-24,겨울,스웨터_오픈형(CARDIGAN)_ZA,59.522439517898135,18167781,253,5831627,45287000
8979,2023-12-24,겨울,스웨터_오픈형(CARDIGAN)_ZB,51.6838512763596,5223942,68,1259821,10812000
8980,2023-12-24,겨울,우븐 셔츠_캐쥬얼셔츠_ZA,56.504387395331854,8591351,187,3957693,22697100
8981,2023-12-24,겨울,자켓_싱글재킷_ZA,50.327974095965004,43885950,254,11230007,88346000
8982,2023-12-24,겨울,점퍼_점퍼_ZA,40.04908522980812,5374000,36,1987715,8964000
8983,2023-12-24,겨울,점퍼_점퍼_ZG,50.94957546352452,2830700,29,992873,5771000
8984,2023-12-24,겨울,점퍼_패딩점퍼_ZB,66.92508536273158,76153000,874,28772593,230326000
8985,2023-12-24,겨울,코트_더블코트_ZA,51.92392275187078,64053200,267,23165993,133233000
8986,2023-12-24,겨울,코트_싱글코트_ZA,51.98454473006351,122289700,505,41516049,260995000
8987,2023-12-24,겨울,코트_싱글코트_ZB,56.968397982176064,199938418,1286,85245201,481114000
8988,2023-12-24,겨울,팬츠_니트팬츠_ZG,44.21190421190421,1449040,26,521746,2597400
8989,2023-12-24,겨울,팬츠_팬츠(일반)_ZA,49.91570075058447,12757700,198,3521717,25542000
8990,2023-12-24,겨울,팬츠_팬츠(일반)_ZB,47.78657564252674,105125308,2046,27490029,204395400
8991,2023-12-24,겨울,팬츠_팬츠(일반)_ZG,48.85585585585586,1021860,20,362000,1998000
8992,2023-12-24,봄,가죽&FUR_가죽점퍼_ZA,46.9638229453472,3594000,6,1641756,7494000
8993,2023-12-24,봄,니트 셔츠_라운드_ZA,69.14095079232693,370000,10,183646,1199000
8994,2023-12-24,봄,니트 셔츠_오픈형티(맨투맨 등)_ZA,-inf,20000,0,0,0
8995,2023-12-24,봄,수트_블레이져(수트)_ZB,40.44187044187044,1989300,13,662388,3367000
8996,2023-12-24,봄,수트_블레이져(수트)_ZC,40.0,466200,3,169747,777000
8997,2023-12-24,봄,수트_수트팬츠_ZB,40.63004142140833,1305500,16,412877,2224000
8998,2023-12-24,봄,수트_수트팬츠_ZC,40.0,83400,1,23613,139000
8999,2023-12-24,봄,스웨터_T-에리_ZA,-inf,352000,0,0,0
9000,2023-12-24,봄,스웨터_라운드_ZB,71.41368185954173,1525200,48,626894,5275200
9001,2023-12-24,봄,스웨터_오픈형(CARDIGAN)_ZB,73.6359272435904,917300,19,321513,3498100
9002,2023-12-24,봄,스웨터_후드T_ZA,77.15550423402617,237400,8,169572,1039200
9003,2023-12-24,봄,우븐 셔츠_캐쥬얼셔츠_ZA,0.0,0,0,0,0
9004,2023-12-24,봄,우븐 셔츠_캐쥬얼셔츠_ZB,67.74193548387096,435000,15,116749,1348500
9005,2023-12-24,봄,점퍼_패딩점퍼_ZB,66.88963210702342,396000,4,115591,1196000
9006,2023-12-24,봄,코트_싱글코트_ZB,66.15598885793872,357000,3,119827,1077000
9007,2023-12-24,봄,팬츠_니트팬츠_ZA,70.97097097097097,87000,3,46667,299700
9008,2023-12-24,봄,팬츠_팬츠(일반)_ZA,77.45728417266187,567700,20,325403,2780000
9009,2023-12-24,사계절,니트 셔츠_라운드_ZB,63.45902302690393,3883100,133,988161,10626700
9010,2023-12-24,사계절,데님_데님자켓_ZB,50.314465408805034,2449000,31,497762,4929000
9011,2023-12-24,사계절,데님_데님팬츠_ZB,46.15491326189498,14706800,255,4514883,27264500
9012,2023-12-24,사계절,수트_블레이져(수트)_ZB,25.33883754777313,47413888,348,15380427,90132000
9013,2023-12-24,사계절,수트_블레이져(수트)_ZC,40.11318542568542,12596650,86,3842797,22274000
9014,2023-12-24,사계절,수트_수트팬츠_ZB,45.439020513142374,24848699,349,7825508,48511000
9015,2023-12-24,사계절,수트_수트팬츠_ZC,37.27547961630695,8015350,99,2206921,13761000
9016,2023-12-24,사계절,우븐 셔츠_드레스셔츠_ZB,46.093154608649556,17671107,506,3604714,35369400
9017,2023-12-24,사계절,자켓_싱글재킷_ZB,37.65690376569037,745000,5,169672,1195000
9018,2023-12-24,사계절,팬츠_팬츠(일반)_ZB,49.10252157476003,4089000,88,976417,8791200
9019,2023-12-24,여름,니트 셔츠_라운드(V넥 등)_ZB,67.47289407839867,195000,5,93471,599500
9020,2023-12-24,여름,니트 셔츠_라운드_ZB,0.0,921000,36,261920,2616400
9021,2023-12-24,여름,니트 셔츠_티에리_ZB,71.67763564454332,312000,7,80673,629300
9022,2023-12-24,여름,수트_블레이져(수트)_ZA,36.155956112852664,2075900,10,588621,3190000
9023,2023-12-24,여름,수트_블레이져(수트)_ZB,-inf,-1265992,-4,-238861,-1036000
9024,2023-12-24,여름,수트_블레이져(수트)_ZC,48.5,2580430,9,532843,2271000
9025,2023-12-24,여름,수트_수트팬츠_ZA,32.077281191806335,973570,8,240062,1432000
9026,2023-12-24,여름,수트_수트팬츠_ZB,-2.0266666666666664,-251312,0,-4484,0
9027,2023-12-24,여름,수트_수트팬츠_ZC,-inf,1527830,10,301760,1390000
9028,2023-12-24,여름,스웨터_T-에리_ZA,37.92336467495703,-594000,-17,-236079,-1868300
9029,2023-12-24,여름,스웨터_T-에리_ZB,60.98604870534695,1560000,40,396872,3996000
9030,2023-12-24,여름,스웨터_라운드_ZA,55.4140127388535,49000,1,17033,109900
9031,2023-12-24,여름,스웨터_라운드_ZB,56.61846496106785,1248000,32,334581,2876800
9032,2023-12-24,여름,우븐 셔츠_드레스셔츠_ZB,63.71936402929268,4599300,181,1368257,12651900
9033,2023-12-24,여름,우븐 셔츠_캐쥬얼셔츠_ZA,65.25542024953907,614390,12,164643,1387000
9034,2023-12-24,여름,우븐 셔츠_캐쥬얼셔츠_ZB,77.41617670427459,513000,25,165710,2247500
9035,2023-12-24,여름,자켓_싱글재킷_ZA,-inf,-553000,-8,-143507,-1792000
9036,2023-12-24,여름,점퍼_점퍼_ZB,57.915057915057915,572000,8,187213,2072000
9037,2023-12-24,여름,팬츠_니트팬츠_ZB,66.8871160893563,845000,15,342147,2025900
9038,2023-12-24,여름,팬츠_반바지_ZA,13.236929922135706,78000,1,14960,89900
9039,2023-12-24,여름,팬츠_반바지_ZB,71.77274336710283,303000,13,92738,1108700
9040,2023-12-24,여름,팬츠_팬츠(일반)_ZA,-inf,99000,2,74067,278000
9041,2023-12-24,여름,팬츠_팬츠(일반)_ZB,70.03632420299087,1624000,53,514330,5294700
9042,2023-12-31,가을,니트 셔츠_라운드_ZB,64.23064695596885,900100,36,195695,2516400
9043,2023-12-31,가을,수트_블레이져(수트)_ZB,58.78161577431394,18284700,159,8219502,44361000
9044,2023-12-31,가을,수트_블레이져(수트)_ZC,57.690280413240565,8027000,68,3544354,18972000
9045,2023-12-31,가을,수트_수트팬츠_ZB,56.023570132117676,14771076,225,5764103,33525000
9046,2023-12-31,가을,수트_수트팬츠_ZC,55.14134634940004,6617100,99,2531050,14751000
9047,2023-12-31,가을,우븐 셔츠_캐쥬얼셔츠_ZB,69.08473581021661,3992923,161,1356074,12863900
9048,2023-12-31,가을,팬츠_팬츠(일반)_ZB,70.32770830622295,12602414,418,4231881,41758200
9049,2023-12-31,겨울,니트 셔츠_라운드_ZB,65.89173686570902,53105652,1888,13320713,150851200
9050,2023-12-31,겨울,니트 셔츠_라운드_ZG,50.63074438074438,2968150,60,1091276,5994000
9051,2023-12-31,겨울,니트 셔츠_오픈형티(맨투맨 등)_ZG,43.38235294117647,808500,12,334637,1428000
9052,2023-12-31,겨울,니트 셔츠_티에리_ZA,60.81932083348475,8189687,209,3422212,20879100
9053,2023-12-31,겨울,사파리_패딩사파리_ZB,71.96783386163243,432555090,3485,173927743,1570915000
9054,2023-12-31,겨울,수트_블레이져(수트)_ZA,40.21428571428571,20087250,84,5878987,33576000
9055,2023-12-31,겨울,수트_블레이져(수트)_ZB,30.518029537661818,115119360,592,30942188,165168000
9056,2023-12-31,겨울,수트_블레이져(수트)_ZC,35.0394749588298,35640400,177,10113587,52573000
9057,2023-12-31,겨울,수트_수트팬츠_ZA,40.69858073348378,12904050,99,3763923,21691000
9058,2023-12-31,겨울,수트_수트팬츠_ZB,30.686929409713994,69688060,672,17892415,100128000
9059,2023-12-31,겨울,수트_수트팬츠_ZC,35.25224375122161,19135600,178,5099527,28262000
9060,2023-12-31,겨울,스웨터_T-에리_ZA,59.57107156380159,8541824,152,2612158,21128000
9061,2023-12-31,겨울,스웨터_T-에리_ZB,60.67542555699759,18015725,461,5662693,46053900
9062,2023-12-31,겨울,스웨터_Turtle_ZA,46.80200095481246,25629200,303,5383330,48177000
9063,2023-12-31,겨울,스웨터_Turtle_ZB,55.37058353608092,59699235,1362,19601366,136063800
9064,2023-12-31,겨울,스웨터_라운드_ZA,60.12447338024184,21242350,379,6034742,52681000
9065,2023-12-31,겨울,스웨터_라운드_ZB,61.05710560839981,42363040,1089,15784338,108791100
9066,2023-12-31,겨울,스웨터_오픈형(CARDIGAN)_ZA,59.72093245616912,17305658,241,5586779,43139000
9067,2023-12-31,겨울,스웨터_오픈형(CARDIGAN)_ZB,55.50683808114441,7215901,102,1889731,16218000
9068,2023-12-31,겨울,우븐 셔츠_캐쥬얼셔츠_ZA,51.20366621886783,10738617,184,3847388,22310100
9069,2023-12-31,겨울,자켓_싱글재킷_ZA,50.890068405638765,58198100,347,15200152,118553000
9070,2023-12-31,겨울,점퍼_점퍼_ZA,45.251547858099066,6543535,48,2652584,11952000
9071,2023-12-31,겨울,점퍼_점퍼_ZG,50.25125628140704,2673000,27,924399,5373000
9072,2023-12-31,겨울,점퍼_패딩점퍼_ZB,68.89577948488028,77461256,1033,33366313,267467000
9073,2023-12-31,겨울,코트_더블코트_ZA,53.45693887775551,57597969,248,21523211,123752000
9074,2023-12-31,겨울,코트_싱글코트_ZA,52.57382551270961,179817100,715,59760298,384685000
9075,2023-12-31,겨울,코트_싱글코트_ZB,57.76768081786607,256644287,1681,111070304,633469000
9076,2023-12-31,겨울,팬츠_니트팬츠_ZG,42.98662298662299,2506080,44,882738,4395600
9077,2023-12-31,겨울,팬츠_팬츠(일반)_ZA,51.592935639342336,16835639,269,4773836,34701000
9078,2023-12-31,겨울,팬츠_팬츠(일반)_ZB,48.20224910155302,139322674,2745,36589700,274225500
9079,2023-12-31,겨울,팬츠_팬츠(일반)_ZG,51.860951860951864,1587000,33,597300,3296700
9080,2023-12-31,봄,가죽&FUR_가죽점퍼_ZA,40.04004004004004,599000,1,252151,999000
9081,2023-12-31,봄,니트 셔츠_라운드_ZA,65.74526391040152,575000,14,257105,1678600
9082,2023-12-31,봄,니트 셔츠_오픈형티(맨투맨 등)_ZA,66.50668845093433,656000,14,233618,1958600
9083,2023-12-31,봄,수트_블레이져(수트)_ZB,40.0,1709400,11,596683,2849000
9084,2023-12-31,봄,수트_블레이져(수트)_ZC,40.0,310800,2,113509,518000
9085,2023-12-31,봄,수트_수트팬츠_ZB,40.0,667200,8,227599,1112000
9086,2023-12-31,봄,수트_수트팬츠_ZC,40.0,333600,4,93890,556000
9087,2023-12-31,봄,스웨터_T-에리_ZA,70.62635791350208,1581800,49,640982,5385100
9088,2023-12-31,봄,스웨터_라운드_ZB,71.40707539410698,1914065,61,791157,6703900
9089,2023-12-31,봄,스웨터_오픈형(CARDIGAN)_ZB,69.92180969057603,3716560,69,1227368,13103100
9090,2023-12-31,봄,스웨터_후드T_ZA,63.4526558891455,379800,8,169572,1039200
9091,2023-12-31,봄,우븐 셔츠_캐쥬얼셔츠_ZA,69.9769053117783,78000,2,23665,259800
9092,2023-12-31,봄,우븐 셔츠_캐쥬얼셔츠_ZB,68.05527268169641,2039000,71,551442,6382900
9093,2023-12-31,봄,점퍼_패딩점퍼_ZB,75.10033444816054,446700,6,173363,1794000
9094,2023-12-31,봄,코트_싱글코트_ZB,58.37395543175487,601500,5,215796,1795000
9095,2023-12-31,봄,팬츠_니트팬츠_ZA,70.46501046501047,1622800,55,855570,5494500
9096,2023-12-31,봄,팬츠_팬츠(일반)_ZA,81.90810987573578,428500,17,298072,2363000
9097,2023-12-31,사계절,니트 셔츠_라운드_ZB,63.61565237797247,-3721100,-128,-951013,-10227200
9098,2023-12-31,사계절,데님_데님자켓_ZB,66.16837116033179,1746232,26,414205,4134000
9099,2023-12-31,사계절,데님_데님팬츠_ZB,42.81742510103766,-7201592,-102,-1950312,-12289800
9100,2023-12-31,사계절,수트_블레이져(수트)_ZB,54.523273072638034,76362727,565,24673853,146335000
9101,2023-12-31,사계절,수트_블레이져(수트)_ZC,38.85962668601349,17530434,117,5242688,30303000
9102,2023-12-31,사계절,수트_수트팬츠_ZB,57.6969698432834,43279774,618,13705523,85902000
9103,2023-12-31,사계절,수트_수트팬츠_ZC,36.81484702348012,9582370,118,2647050,16402000
9104,2023-12-31,사계절,우븐 셔츠_드레스셔츠_ZB,52.90887005248099,39702262,1272,8839770,88912800
9105,2023-12-31,사계절,자켓_싱글재킷_ZB,43.03646144650329,953000,7,237541,1673000
9106,2023-12-31,사계절,팬츠_팬츠(일반)_ZB,44.89425928105173,5790050,105,1310242,10489500
9107,2023-12-31,여름,니트 셔츠_라운드(V넥 등)_ZB,66.38865721434529,1209000,30,560829,3597000
9108,2023-12-31,여름,니트 셔츠_라운드_ZB,68.76049476155227,1579362,67,417709,4473300
9109,2023-12-31,여름,니트 셔츠_티에리_ZB,76.71746819304803,11008970,459,4418806,41264100
9110,2023-12-31,여름,수트_블레이져(수트)_ZA,55.82210031347963,1391955,6,348422,1794000
9111,2023-12-31,여름,수트_블레이져(수트)_ZB,-inf,51800,-2,-115179,-518000
9112,2023-12-31,여름,수트_블레이져(수트)_ZC,23.115830115830114,1881900,8,487014,2372000
9113,2023-12-31,여름,수트_수트팬츠_ZA,53.333333333333336,375900,2,60995,278000
9114,2023-12-31,여름,수트_수트팬츠_ZB,20.0,1445600,13,379824,1807000
9115,2023-12-31,여름,수트_수트팬츠_ZC,25.494862330407024,1301885,11,350664,1689000
9116,2023-12-31,여름,스웨터_T-에리_ZA,54.16287534121929,-19000,-2,-25797,-219800
9117,2023-12-31,여름,스웨터_T-에리_ZB,64.4942465401181,9469002,339,2943149,33866100
9118,2023-12-31,여름,스웨터_라운드_ZA,55.4140127388535,49000,1,14828,109900
9119,2023-12-31,여름,스웨터_라운드_ZB,53.24925843529848,738347,18,194095,1618200
9120,2023-12-31,여름,우븐 셔츠_드레스셔츠_ZB,74.3763709165618,10439660,681,5534500,47601900
9121,2023-12-31,여름,우븐 셔츠_캐쥬얼셔츠_ZA,67.55066774057359,1312802,47,390108,4705300
9122,2023-12-31,여름,우븐 셔츠_캐쥬얼셔츠_ZB,67.41298974168829,1513335,64,435123,5753600
9123,2023-12-31,여름,자켓_싱글재킷_ZA,54.23934364189237,3473450,29,867395,7731000
9124,2023-12-31,여름,점퍼_점퍼_ZB,64.82903055316848,754900,9,278568,2451000
9125,2023-12-31,여름,팬츠_니트팬츠_ZB,65.02488587352896,586885,19,288475,1813600
9126,2023-12-31,여름,팬츠_반바지_ZA,56.61846496106785,-78000,-2,-29920,-179800
9127,2023-12-31,여름,팬츠_반바지_ZB,26.735349904049375,600000,14,94388,1208600
9128,2023-12-31,여름,팬츠_팬츠(일반)_ZA,46.997935469805974,2050349,27,270701,3753000
9129,2023-12-31,여름,팬츠_팬츠(일반)_ZB,64.57596046439178,11139860,393,3511977,39260700
9130,2024-01-07,봄,니트 셔츠_라운드_ZB,20.128205128205128,9113100,139,916477,11421000
9131,2024-01-07,봄,수트_블레이져(수트)_ZB,20.27777777777778,32029200,144,7339954,40176000
9132,2024-01-07,봄,수트_블레이져(수트)_ZC,0.0,0,0,0,0
9133,2024-01-07,봄,수트_수트팬츠_ZB,20.254777070063696,18654800,157,3999839,23393000
9134,2024-01-07,봄,수트_수트팬츠_ZC,0.0,0,0,0,0
9135,2024-01-07,봄,스웨터_T-에리_ZB,20.0,712800,9,134573,891000
9136,2024-01-07,봄,스웨터_라운드_ZA,0.0,0,0,0,0
9137,2024-01-07,봄,스웨터_라운드_ZB,20.434782608695652,3623400,46,752693,4554000
9138,2024-01-07,봄,스웨터_오픈형(CARDIGAN)_ZB,0.0,0,0,0,0
9139,2024-01-07,봄,자켓_싱글재킷_ZB,20.0,3827200,16,472780,4784000
9140,2024-01-07,봄,팬츠_팬츠(일반)_ZB,20.272727272727273,4405500,56,545254,5544000
9141,2024-01-07,사계절,수트_블레이져(수트)_ZB,20.0,1450400,7,300187,1813000
9142,2024-01-07,사계절,수트_블레이져(수트)_ZC,0.0,0,0,0,0
9143,2024-01-07,사계절,수트_수트팬츠_ZB,20.0,556000,5,103049,695000
9144,2024-01-07,사계절,수트_수트팬츠_ZC,0.0,0,0,0,0
9145,2024-01-07,사계절,우븐 셔츠_드레스셔츠_ZB,66.18130587527682,49479455,1852,14861769,146308000
9146,2024-01-07,여름,니트 셔츠_라운드_ZB,0.0,0,0,0,0
9147,2024-01-07,여름,수트_블레이져(수트)_ZB,0.0,0,0,0,0
9148,2024-01-07,여름,수트_수트팬츠_ZB,0.0,0,0,0,0
9149,2024-01-07,여름,우븐 셔츠_캐쥬얼셔츠_ZB,20.0,884800,14,119204,1106000
9150,2024-01-07,여름,점퍼_점퍼_ZA,0.0,0,0,0,0
9151,2024-01-07,여름,점퍼_점퍼_ZB,0.0,0,0,0,0
9152,2024-01-07,여름,점퍼_점퍼_ZG,0.0,0,0,0,0
9153,2024-01-14,봄,니트 셔츠_라운드_ZB,20.0,-3504000,-60,-381733,-4380000
9154,2024-01-14,봄,수트_블레이져(수트)_ZB,20.288990825688074,61474860,277,13833555,77283000
9155,2024-01-14,봄,수트_블레이져(수트)_ZC,20.229885057471265,19362600,87,4651666,24273000
9156,2024-01-14,봄,수트_수트팬츠_ZB,20.25,34871960,294,7358286,43806000
9157,2024-01-14,봄,수트_수트팬츠_ZC,20.434782608695652,10906800,92,2371445,13708000
9158,2024-01-14,봄,스웨터_T-에리_ZB,22.8,1910700,25,373815,2475000
9159,2024-01-14,봄,스웨터_라운드_ZA,21.5,1554300,20,313873,1980000
9160,2024-01-14,봄,스웨터_라운드_ZB,20.263157894736842,4177800,53,858328,5247000
9161,2024-01-14,봄,스웨터_오픈형(CARDIGAN)_ZB,23.333333333333336,1208400,10,187341,1590000
9162,2024-01-14,봄,자켓_싱글재킷_ZB,20.0,1435200,6,177292,1794000
9163,2024-01-14,봄,코트_싱글코트_ZB,20.0,717600,3,128248,897000
9164,2024-01-14,봄,팬츠_팬츠(일반)_ZB,20.360800711316173,8693880,110,1088512,10890000
9165,2024-01-14,사계절,수트_블레이져(수트)_ZB,42.371072910491996,35971400,241,10335024,62419000
9166,2024-01-14,사계절,수트_블레이져(수트)_ZC,20.0,3729600,18,801378,4662000
9167,2024-01-14,사계절,수트_수트팬츠_ZB,43.14358399212189,20785000,263,5420356,36557000
9168,2024-01-14,사계절,수트_수트팬츠_ZC,20.0,2112800,19,409349,2641000
9169,2024-01-14,사계절,우븐 셔츠_드레스셔츠_ZB,32.27259765846086,50602500,1353,10823703,106887000
9170,2024-01-14,여름,니트 셔츠_라운드_ZB,0.0,0,0,0,0
9171,2024-01-14,여름,수트_블레이져(수트)_ZB,0.0,0,0,0,0
9172,2024-01-14,여름,수트_수트팬츠_ZB,0.0,0,0,0,0
9173,2024-01-14,여름,우븐 셔츠_캐쥬얼셔츠_ZB,20.0,1453600,23,195834,1817000
9174,2024-01-14,여름,점퍼_점퍼_ZA,20.0,28684800,144,5125113,35856000
9175,2024-01-14,여름,점퍼_점퍼_ZB,20.0,1992000,10,254321,2490000
9176,2024-01-14,여름,점퍼_점퍼_ZG,0.0,0,0,0,0
9177,2024-01-21,봄,니트 셔츠_라운드_ZB,30.11930010604454,5473100,87,589882,7793000
9178,2024-01-21,봄,수트_블레이져(수트)_ZB,28.126968775904945,65154870,325,16110746,90675000
9179,2024-01-21,봄,수트_블레이져(수트)_ZC,28.59375,25500600,128,6843830,35712000
9180,2024-01-21,봄,수트_수트팬츠_ZB,28.229684554927275,40189770,376,9360178,56024000
9181,2024-01-21,봄,수트_수트팬츠_ZC,28.58490566037736,11279300,106,2732317,15794000
9182,2024-01-21,봄,스웨터_T-에리_ZB,29.523809523809526,2930400,42,628009,4158000
9183,2024-01-21,봄,스웨터_라운드_ZA,29.23913043478261,6444900,92,1443817,9108000
9184,2024-01-21,봄,스웨터_라운드_ZB,29.971153846153847,9365400,134,2174817,13266000
9185,2024-01-21,봄,스웨터_오픈형(CARDIGAN)_ZB,28.863636363636363,4642800,41,771058,6519000
9186,2024-01-21,봄,자켓_싱글재킷_ZB,31.53846153846154,2661100,13,384134,3887000
9187,2024-01-21,봄,코트_싱글코트_ZB,31.666666666666668,2451800,12,512993,3588000
9188,2024-01-21,봄,팬츠_팬츠(일반)_ZB,30.092504743833018,9810900,141,1395799,13959000
9189,2024-01-21,사계절,데님_데님팬츠_ZB,20.0,554400,7,97776,693000
9190,2024-01-21,사계절,수트_블레이져(수트)_ZB,42.209238189304635,45053100,301,12908059,77959000
9191,2024-01-21,사계절,수트_블레이져(수트)_ZC,42.27106227106227,17493600,117,5208955,30303000
9192,2024-01-21,사계절,수트_수트팬츠_ZB,42.89796645655612,25637100,323,6656939,44897000
9193,2024-01-21,사계절,수트_수트팬츠_ZC,42.83730910008835,9058000,114,2456094,15846000
9194,2024-01-21,사계절,우븐 셔츠_드레스셔츠_ZB,69.99525617015426,33322200,1255,10025029,99145000
9195,2024-01-21,여름,니트 셔츠_라운드_ZB,0.0,0,0,0,0
9196,2024-01-21,여름,수트_블레이져(수트)_ZB,29.285714285714285,10462500,53,2784326,14787000
9197,2024-01-21,여름,수트_수트팬츠_ZB,29.411764705882355,6526200,62,1640251,9238000
9198,2024-01-21,여름,우븐 셔츠_캐쥬얼셔츠_ZB,30.0,1935500,35,298009,2765000
9199,2024-01-21,여름,점퍼_점퍼_ZA,29.690526813134895,37798200,217,7669987,54033000
9200,2024-01-21,여름,점퍼_점퍼_ZB,inf,3859500,22,515964,5478000
9201,2024-01-21,여름,점퍼_점퍼_ZG,0.0,0,0,0,0
9202,2024-01-28,봄,니트 셔츠_라운드_ZB,30.0,3460100,57,382367,4943000
9203,2024-01-28,봄,수트_블레이져(수트)_ZB,32.87612502445705,64471320,345,17217335,96255000
9204,2024-01-28,봄,수트_블레이져(수트)_ZC,33.44134078212291,33240060,179,9570668,49941000
9205,2024-01-28,봄,수트_수트팬츠_ZB,32.72898519630981,37419860,374,9360266,55726000
9206,2024-01-28,봄,수트_수트팬츠_ZC,33.741379310344826,17178210,174,4485123,25926000
9207,2024-01-28,봄,스웨터_T-에리_ZB,30.0,900900,13,194384,1287000
9208,2024-01-28,봄,스웨터_라운드_ZA,30.714285714285715,2880900,42,659134,4158000
9209,2024-01-28,봄,스웨터_라운드_ZB,30.0,9147600,132,2136748,13068000
9210,2024-01-28,봄,스웨터_오픈형(CARDIGAN)_ZB,30.25,4881300,44,827683,6996000
9211,2024-01-28,봄,자켓_싱글재킷_ZB,30.0,3976700,19,561426,5681000
9212,2024-01-28,봄,코트_싱글코트_ZB,30.0,1883700,9,384745,2691000
9213,2024-01-28,봄,팬츠_팬츠(일반)_ZB,30.60606060606061,12889800,187,1850304,18513000
9214,2024-01-28,사계절,데님_데님자켓_ZB,20.0,7433600,48,978870,9292000
9215,2024-01-28,사계절,데님_데님팬츠_ZB,20.0,2930400,37,556500,3663000
9216,2024-01-28,사계절,수트_블레이져(수트)_ZB,42.533653344464156,44056000,296,12693639,76664000
9217,2024-01-28,사계절,수트_블레이져(수트)_ZC,42.857142857142854,12580000,85,3784283,22015000
9218,2024-01-28,사계절,수트_수트팬츠_ZB,43.69244036947099,24810800,317,6533280,44063000
9219,2024-01-28,사계절,수트_수트팬츠_ZC,43.884892086330936,6318000,81,1745120,11259000
9220,2024-01-28,사계절,우븐 셔츠_드레스셔츠_ZB,54.4781065176276,51003900,1611,12881434,127269000
9221,2024-01-28,여름,니트 셔츠_라운드_ZB,0.0,0,0,0,0
9222,2024-01-28,여름,수트_블레이져(수트)_ZB,25.257471264367815,29428920,142,7531797,39618000
9223,2024-01-28,여름,수트_수트팬츠_ZB,25.30002679859823,16017500,145,3906337,21605000
9224,2024-01-28,여름,우븐 셔츠_캐쥬얼셔츠_ZA,20.0,871200,11,101166,1089000
9225,2024-01-28,여름,우븐 셔츠_캐쥬얼셔츠_ZB,30.444444444444443,2472700,45,383154,3555000
9226,2024-01-28,여름,점퍼_점퍼_ZA,31.11572535991141,33042300,193,6856357,48057000
9227,2024-01-28,여름,점퍼_점퍼_ZB,inf,-896400,-4,-78202,-996000
9228,2024-01-28,여름,점퍼_점퍼_ZG,0.0,0,0,0,0
9229,2024-02-04,봄,니트 셔츠_라운드_ZB,44.1232201062966,8638100,181,1213749,15679000
9230,2024-02-04,봄,수트_블레이져(수트)_ZB,32.13646459367651,97036200,519,26023503,144801000
9231,2024-02-04,봄,수트_블레이져(수트)_ZC,32.85333333333333,28100880,150,8020113,41850000
9232,2024-02-04,봄,수트_수트팬츠_ZB,32.279399779960066,59971010,603,15156144,89847000
9233,2024-02-04,봄,수트_수트팬츠_ZC,32.52054794520548,14679480,146,3763379,21754000
9234,2024-02-04,봄,스웨터_T-에리_ZB,39.91502324835658,3747500,63,942013,6237000
9235,2024-02-04,봄,스웨터_라운드_ZA,37.66414141414141,6911800,112,1757691,11088000
9236,2024-02-04,봄,스웨터_라운드_ZB,38.177762473217015,17042550,279,4497566,27621000
9237,2024-02-04,봄,스웨터_오픈형(CARDIGAN)_ZB,55.59536878216124,5390900,72,1345255,11448000
9238,2024-02-04,봄,자켓_싱글재킷_ZB,45.50331169257,8310200,51,1506986,15249000
9239,2024-02-04,봄,코트_싱글코트_ZB,44.41949354992833,8143100,49,2094721,14651000
9240,2024-02-04,봄,팬츠_팬츠(일반)_ZB,39.07424755844196,38132700,630,6320627,62370000
9241,2024-02-04,사계절,데님_데님자켓_ZB,33.977930068899454,11890200,106,2112180,18834000
9242,2024-02-04,사계절,데님_데님팬츠_ZB,38.09968489296446,8062100,131,1916692,12969000
9243,2024-02-04,사계절,수트_블레이져(수트)_ZB,42.37732537732538,49250100,330,14151692,85470000
9244,2024-02-04,사계절,수트_블레이져(수트)_ZC,41.91466191466191,17601600,117,5208955,30303000
9245,2024-02-04,사계절,수트_수트팬츠_ZB,43.185707701248475,28350900,359,7398889,49901000
9246,2024-02-04,사계절,수트_수트팬츠_ZC,43.01639769265669,8792000,111,2391460,15429000
9247,2024-02-04,사계절,우븐 셔츠_드레스셔츠_ZB,54.44653555381476,53288700,1665,13336078,131535000
9248,2024-02-04,여름,니트 셔츠_라운드_ZB,0.0,0,0,0,0
9249,2024-02-04,여름,수트_블레이져(수트)_ZB,25.658864664747018,31560480,149,7900066,41571000
9250,2024-02-04,여름,수트_블레이져(수트)_ZC,21.818181818181817,7198200,33,1880254,9207000
9251,2024-02-04,여름,수트_수트팬츠_ZB,25.318751850137005,20043480,177,4781771,26373000
9252,2024-02-04,여름,수트_수트팬츠_ZC,22.333333333333332,3471700,30,844726,4470000
9253,2024-02-04,여름,우븐 셔츠_캐쥬얼셔츠_ZA,21.5,773380,11,105710,989000
9254,2024-02-04,여름,우븐 셔츠_캐쥬얼셔츠_ZB,23.115942028985508,4337100,74,630354,5846000
9255,2024-02-04,여름,자켓_싱글재킷_ZA,0.0,0,0,0,0
9256,2024-02-04,여름,점퍼_점퍼_ZA,23.690779014308426,51453360,273,9668067,67977000
9257,2024-02-04,여름,점퍼_점퍼_ZB,27.52420164990446,9852933,55,1348739,13695000
9258,2024-02-04,여름,점퍼_점퍼_ZG,0.0,0,0,0,0
9259,2024-02-04,여름,팬츠_팬츠(일반)_ZA,0.0,0,0,0,0
9260,2024-02-11,봄,니트 셔츠_라운드_ZB,50.832978748824246,11132800,261,1750973,22639000
9261,2024-02-11,봄,수트_블레이져(수트)_ZB,30.165002344116267,68025780,349,17406698,97371000
9262,2024-02-11,봄,수트_블레이져(수트)_ZC,30.0,27342000,140,7485439,39060000
9263,2024-02-11,봄,수트_수트팬츠_ZB,30.154996629592183,37685080,362,9039658,53938000
9264,2024-02-11,봄,수트_수트팬츠_ZC,30.0,16375100,157,4046922,23393000
9265,2024-02-11,봄,스웨터_T-에리_ZB,40.4040404040404,4838000,82,1226113,8118000
9266,2024-02-11,봄,스웨터_라운드_ZA,40.484207150873814,7424000,126,1977402,12474000
9267,2024-02-11,봄,스웨터_라운드_ZB,41.54454085009641,23506100,402,6531575,39798000
9268,2024-02-11,봄,스웨터_오픈형(CARDIGAN)_ZB,51.96182279598367,7917400,104,1951196,16536000
9269,2024-02-11,봄,자켓_싱글재킷_ZB,46.943599878382486,6980100,44,1300145,13156000
9270,2024-02-11,봄,코트_싱글코트_ZB,50.08779264214047,7163400,48,2051972,14352000
9271,2024-02-11,봄,팬츠_팬츠(일반)_ZB,42.46920304709249,24617600,424,4157481,41976000
9272,2024-02-11,사계절,데님_데님자켓_ZB,45.78707029954681,7446400,90,1743420,14290000
9273,2024-02-11,사계절,데님_데님팬츠_ZB,40.891031527395164,7754400,133,1946822,13167000
9274,2024-02-11,사계절,수트_블레이져(수트)_ZB,42.79613419986091,47706880,322,13808621,83398000
9275,2024-02-11,사계절,수트_블레이져(수트)_ZC,42.83054483054483,13326200,90,4006888,23310000
9276,2024-02-11,사계절,수트_수트팬츠_ZB,43.64063035286057,26322080,336,6924865,46704000
9277,2024-02-11,사계절,수트_수트팬츠_ZC,43.431577318790126,7312600,93,2003656,12927000
9278,2024-02-11,사계절,우븐 셔츠_드레스셔츠_ZB,53.63483904636206,57056355,1774,14165720,140146000
9279,2024-02-11,여름,니트 셔츠_라운드_ZB,0.0,0,0,0,0
9280,2024-02-11,여름,수트_블레이져(수트)_ZA,21.428571428571427,5593500,21,1203878,7119000
9281,2024-02-11,여름,수트_블레이져(수트)_ZB,24.676282432164783,49090050,232,12368324,64728000
9282,2024-02-11,여름,수트_블레이져(수트)_ZC,20.3943661971831,15769080,71,4045394,19809000
9283,2024-02-11,여름,수트_수트팬츠_ZA,21.25,3572100,24,719331,4536000
9284,2024-02-11,여름,수트_수트팬츠_ZB,24.4267382070199,31731040,281,7631623,41869000
9285,2024-02-11,여름,수트_수트팬츠_ZC,20.15625,7613900,64,1802082,9536000
9286,2024-02-11,여름,우븐 셔츠_캐쥬얼셔츠_ZA,30.384615384615387,1613900,26,244651,2314000
9287,2024-02-11,여름,우븐 셔츠_캐쥬얼셔츠_ZB,29.387540742125022,5354120,96,820013,7584000
9288,2024-02-11,여름,자켓_싱글재킷_ZA,26.090909090909093,5088980,23,859227,6877000
9289,2024-02-11,여름,점퍼_점퍼_ZA,30.800398280492573,51547140,298,10567182,74202000
9290,2024-02-11,여름,점퍼_점퍼_ZB,29.843798270003088,11557500,66,1592974,16434000
9291,2024-02-11,여름,점퍼_점퍼_ZG,0.0,0,0,0,0
9292,2024-02-11,여름,팬츠_팬츠(일반)_ZA,26.543956043956044,2556780,27,301916,3483000
9293,2024-02-18,봄,니트 셔츠_라운드_ZB,50.828109195395314,19463300,467,3108397,39533000
9294,2024-02-18,봄,수트_블레이져(수트)_ZB,30.091996733360553,107272710,550,27284079,153450000
9295,2024-02-18,봄,수트_블레이져(수트)_ZC,30.084158415841586,39403170,202,10800419,56358000
9296,2024-02-18,봄,수트_수트팬츠_ZB,30.103967782099772,63104550,606,15094336,90294000
9297,2024-02-18,봄,수트_수트팬츠_ZC,30.0,22111600,212,5464633,31588000
9298,2024-02-18,봄,스웨터_T-에리_ZB,47.21634954193094,6741000,129,1928885,12771000
9299,2024-02-18,봄,스웨터_라운드_ZA,47.03542603064134,10958900,209,3279977,20691000
9300,2024-02-18,봄,스웨터_라운드_ZB,48.13520088369752,27841800,543,8732473,53757000
9301,2024-02-18,봄,스웨터_오픈형(CARDIGAN)_ZB,59.3105603848148,13617700,210,3938909,33390000
9302,2024-02-18,봄,자켓_싱글재킷_ZB,52.45555359971836,13505000,95,2807130,28405000
9303,2024-02-18,봄,코트_싱글코트_ZB,70.92686441461835,59720000,687,29368847,205413000
9304,2024-02-18,봄,팬츠_팬츠(일반)_ZB,41.1997122401109,52480900,897,8972921,88803000
9305,2024-02-18,사계절,데님_데님자켓_ZB,38.46328679375487,14488700,150,2916660,24190000
9306,2024-02-18,사계절,데님_데님팬츠_ZB,40.4040404040404,12685000,215,3138228,21285000
9307,2024-02-18,사계절,수트_블레이져(수트)_ZB,42.82604032604033,74632600,504,21613493,130536000
9308,2024-02-18,사계절,수트_블레이져(수트)_ZC,42.13899613899614,22179280,148,6589105,38332000
9309,2024-02-18,사계절,수트_수트팬츠_ZB,43.5676850489016,41024600,523,10778882,72697000
9310,2024-02-18,사계절,수트_수트팬츠_ZC,43.03820727202022,11718180,148,3188614,20572000
9311,2024-02-18,사계절,우븐 셔츠_드레스셔츠_ZB,53.75186266990342,90911000,2868,22805833,226572000
9312,2024-02-18,여름,니트 셔츠_라운드_ZB,0.0,0,0,0,0
9313,2024-02-18,여름,수트_블레이져(수트)_ZA,20.81081081081081,10915800,41,2360418,13899000
9314,2024-02-18,여름,수트_블레이져(수트)_ZB,23.682968953016157,98372610,457,24207441,127503000
9315,2024-02-18,여름,수트_블레이져(수트)_ZC,21.09090909090909,29060640,132,7521014,36828000
9316,2024-02-18,여름,수트_수트팬츠_ZA,20.77777777777778,7276500,49,1469524,9261000
9317,2024-02-18,여름,수트_수트팬츠_ZB,24.708123492467095,57762830,501,13557592,74649000
9318,2024-02-18,여름,수트_수트팬츠_ZC,21.266666666666666,14077520,120,3378903,17880000
9319,2024-02-18,여름,우븐 셔츠_캐쥬얼셔츠_ZA,30.609756097560975,4063700,64,595414,5876000
9320,2024-02-18,여름,우븐 셔츠_캐쥬얼셔츠_ZB,30.142929166439302,11030000,200,1718301,15800000
9321,2024-02-18,여름,자켓_싱글재킷_ZA,32.03030303030303,9636770,47,1533410,14053000
9322,2024-02-18,여름,점퍼_점퍼_ZA,31.35482893228422,103181800,602,21328522,149898000
9323,2024-02-18,여름,점퍼_점퍼_ZB,30.514198101762265,28051950,162,3973783,40338000
9324,2024-02-18,여름,점퍼_점퍼_ZG,20.0,796800,4,123599,996000
9325,2024-02-18,여름,팬츠_팬츠(일반)_ZA,31.721031746031745,3968040,45,508660,5805000
9326,2024-02-18,여름,팬츠_팬츠(일반)_ZB,0.0,0,0,0,0
9327,2024-02-25,봄,니트 셔츠_라운드_ZB,53.198280937259554,15671000,389,2592272,33051000
9328,2024-02-25,봄,수트_블레이져(수트)_ZB,30.13611144982319,77241150,396,19613550,110484000
9329,2024-02-25,봄,수트_블레이져(수트)_ZC,30.59278350515464,37567350,194,10372679,54126000
9330,2024-02-25,봄,수트_수트팬츠_ZB,30.279413404706144,43207020,416,10338837,61984000
9331,2024-02-25,봄,수트_수트팬츠_ZC,30.231884057971016,21518580,207,5335750,30843000
9332,2024-02-25,봄,스웨터_T-에리_ZB,52.936026936026934,6290100,135,2018600,13365000
9333,2024-02-25,봄,스웨터_라운드_ZA,51.13353361198189,11223650,232,3640931,22968000
9334,2024-02-25,봄,스웨터_라운드_ZB,53.71389278924772,19479200,421,6809224,41679000
9335,2024-02-25,봄,스웨터_오픈형(CARDIGAN)_ZB,64.48476702508961,8916100,158,2959344,25122000
9336,2024-02-25,봄,자켓_싱글재킷_ZB,57.081657960993574,11421000,89,2629838,26611000
9337,2024-02-25,봄,코트_싱글코트_ZB,72.2441388168375,33279000,401,17142515,119899000
9338,2024-02-25,봄,팬츠_팬츠(일반)_ZB,41.39460609013039,33829153,585,5840951,57915000
9339,2024-02-25,사계절,데님_데님자켓_ZB,28.277891096424675,13181900,115,2236380,18555000
9340,2024-02-25,사계절,데님_데님팬츠_ZB,28.079443503356543,8728000,122,1776474,12078000
9341,2024-02-25,사계절,수트_블레이져(수트)_ZB,42.950466145588095,60580900,410,17582405,106190000
9342,2024-02-25,사계절,수트_블레이져(수트)_ZC,42.47866287339971,22645000,152,6767189,39368000
9343,2024-02-25,사계절,수트_수트팬츠_ZB,43.70209005209625,36309900,464,9562909,64496000
9344,2024-02-25,사계절,수트_수트팬츠_ZC,43.587529976019184,10585800,135,2908533,18765000
9345,2024-02-25,사계절,우븐 셔츠_드레스셔츠_ZB,54.19709329144156,73610400,2319,18361450,183201000
9346,2024-02-25,여름,니트 셔츠_라운드_ZB,30.583911800734995,1700000,31,185868,2449000
9347,2024-02-25,여름,수트_블레이져(수트)_ZA,20.90909090909091,7199000,27,1588851,9253000
9348,2024-02-25,여름,수트_블레이져(수트)_ZB,21.34441236838454,76251990,345,18259523,96255000
9349,2024-02-25,여름,수트_블레이져(수트)_ZC,20.66,22135860,100,5697738,27900000
9350,2024-02-25,여름,수트_수트팬츠_ZA,21.11111111111111,4724300,32,978744,6118000
9351,2024-02-25,여름,수트_수트팬츠_ZB,20.730784382395253,45774290,387,10467361,57663000
9352,2024-02-25,여름,수트_수트팬츠_ZC,20.78787878787879,11684580,99,2787595,14751000
9353,2024-02-25,여름,스웨터_T-에리_ZB,0.0,0,0,0,0
9354,2024-02-25,여름,스웨터_라운드_ZB,0.0,0,0,0,0
9355,2024-02-25,여름,우븐 셔츠_캐쥬얼셔츠_ZA,30.0,3378900,53,496457,4827000
9356,2024-02-25,여름,우븐 셔츠_캐쥬얼셔츠_ZB,30.0,10396400,188,1633598,14852000
9357,2024-02-25,여름,자켓_싱글재킷_ZA,30.060606060606062,17551300,84,2583963,25116000
9358,2024-02-25,여름,점퍼_점퍼_ZA,30.697074613357785,46952800,272,9603927,67728000
9359,2024-02-25,여름,점퍼_점퍼_ZB,30.483585598191837,24919170,144,3546743,35856000
9360,2024-02-25,여름,점퍼_점퍼_ZG,20.0,-796800,-4,-123599,-996000
9361,2024-02-25,여름,팬츠_팬츠(일반)_ZA,30.055555555555557,8114100,90,1066804,11610000
9362,2024-02-25,여름,팬츠_팬츠(일반)_ZB,0.0,0,0,0,0
9363,2024-03-03,봄,니트 셔츠_라운드_ZB,62.77921018060974,25763936,788,5301124,68932000
9364,2024-03-03,봄,수트_블레이져(수트)_ZB,32.97001644736842,87962283,464,22876287,129456000
9365,2024-03-03,봄,수트_블레이져(수트)_ZC,30.89189189189189,28536120,148,7913178,41292000
9366,2024-03-03,봄,수트_수트팬츠_ZB,32.67956766770389,51478523,508,12544454,75692000
9367,2024-03-03,봄,수트_수트팬츠_ZC,30.56687898089172,16242490,157,4046922,23393000
9368,2024-03-03,봄,스웨터_T-에리_ZB,66.15968192563938,15745900,470,7027719,46530000
9369,2024-03-03,봄,스웨터_라운드_ZA,66.68132160937917,13754950,417,6544259,41283000
9370,2024-03-03,봄,스웨터_라운드_ZB,65.68645180610014,46562290,1375,22199165,136125000
9371,2024-03-03,봄,스웨터_오픈형(CARDIGAN)_ZB,79.54998828411723,25937380,793,14867625,126087000
9372,2024-03-03,봄,자켓_싱글재킷_ZB,56.94908955778521,13902000,108,3191264,32292000
9373,2024-03-03,봄,코트_싱글코트_ZB,72.45590173459554,38872435,472,20177723,141128000
9374,2024-03-03,봄,팬츠_팬츠(일반)_ZB,66.72893110287892,97932100,2936,29530291,290664000
9375,2024-03-03,사계절,데님_데님자켓_ZB,40.247295050859194,19895400,207,4081380,35303000
9376,2024-03-03,사계절,데님_데님팬츠_ZB,40.81211131041469,16373400,280,4092422,27720000
9377,2024-03-03,사계절,수트_블레이져(수트)_ZB,26.280843575832915,70003993,470,20112556,121730000
9378,2024-03-03,사계절,수트_블레이져(수트)_ZC,42.26345083487941,23028800,154,6856231,39886000
9379,2024-03-03,사계절,수트_수트팬츠_ZB,43.350472928430165,39528907,502,10346078,69778000
9380,2024-03-03,사계절,수트_수트팬츠_ZC,42.87567129395075,11275200,142,3059345,19738000
9381,2024-03-03,사계절,우븐 셔츠_드레스셔츠_ZB,53.83438312364321,91574716,2797,22102371,220963000
9382,2024-03-03,여름,니트 셔츠_라운드_ZB,30.659560293137908,7285600,133,797435,10507000
9383,2024-03-03,여름,수트_블레이져(수트)_ZA,21.091269841269842,11870400,43,2729166,15177000
9384,2024-03-03,여름,수트_블레이져(수트)_ZB,20.885191816120525,113299720,512,27111928,142848000
9385,2024-03-03,여름,수트_블레이져(수트)_ZC,20.697674418604652,38055600,172,9800109,47988000
9386,2024-03-03,여름,수트_수트팬츠_ZA,20.5,7026600,45,1495579,8925000
9387,2024-03-03,여름,수트_수트팬츠_ZB,20.75766267743579,68374080,579,15637425,86271000
9388,2024-03-03,여름,수트_수트팬츠_ZC,20.571428571428573,20711000,175,4927567,26075000
9389,2024-03-03,여름,스웨터_T-에리_ZB,29.979073033707866,10884000,172,2315030,15558000
9390,2024-03-03,여름,스웨터_라운드_ZB,30.0,3655400,58,835423,5222000
9391,2024-03-03,여름,우븐 셔츠_캐쥬얼셔츠_ZA,30.2841669397299,4782500,77,721012,6863000
9392,2024-03-03,여름,우븐 셔츠_캐쥬얼셔츠_ZB,30.202654164354904,14109100,256,2214962,20224000
9393,2024-03-03,여름,자켓_싱글재킷_ZA,30.01741293532338,38908870,186,5548775,55614000
9394,2024-03-03,여름,점퍼_점퍼_ZA,30.83025191729532,55875083,323,11402262,80427000
9395,2024-03-03,여름,점퍼_점퍼_ZB,31.127937981433934,42703380,249,6106940,62001000
9396,2024-03-03,여름,점퍼_점퍼_ZG,20.238095238095237,7743900,39,1227559,9711000
9397,2024-03-03,여름,팬츠_팬츠(일반)_ZA,30.0,21672000,240,2773164,30960000
9398,2024-03-03,여름,팬츠_팬츠(일반)_ZB,30.094582185491277,14730000,213,2288463,21087000
9399,2024-03-10,봄,니트 셔츠_라운드_ZB,65.2375369021229,19652050,644,4299622,55036000
9400,2024-03-10,봄,수트_블레이져(수트)_ZB,37.087555150179384,69219840,391,19073030,109089000
9401,2024-03-10,봄,수트_블레이져(수트)_ZC,30.707964601769913,21845700,113,6041818,31527000
9402,2024-03-10,봄,수트_수트팬츠_ZB,37.24338526231659,38302870,408,9981899,60792000
9403,2024-03-10,봄,수트_수트팬츠_ZC,30.578512396694215,12516000,121,3118965,18029000
9404,2024-03-10,봄,스웨터_T-에리_ZB,63.77774282618573,10363550,289,4321299,28611000
9405,2024-03-10,봄,스웨터_라운드_ZA,68.91559270869615,5354600,174,2730698,17226000
9406,2024-03-10,봄,스웨터_라운드_ZB,65.52636389501139,31606300,915,14812938,90585000
9407,2024-03-10,봄,스웨터_오픈형(CARDIGAN)_ZB,76.90882980663861,14031500,383,7173975,60897000
9408,2024-03-10,봄,자켓_싱글재킷_ZB,73.17495098604545,18608000,232,6855308,69368000
9409,2024-03-10,봄,코트_싱글코트_ZB,72.98752251093389,25199400,312,13337817,93288000
9410,2024-03-10,봄,팬츠_팬츠(일반)_ZB,58.541085303674194,38383800,941,9476169,93159000
9411,2024-03-10,사계절,데님_데님자켓_ZB,52.257597254724374,21994600,297,5746710,46933000
9412,2024-03-10,사계절,데님_데님팬츠_ZB,59.79566353388061,12165500,305,4434766,30195000
9413,2024-03-10,사계절,수트_블레이져(수트)_ZB,42.4894778948833,49601100,333,14280344,86247000
9414,2024-03-10,사계절,수트_블레이져(수트)_ZC,42.81381072747979,20587600,139,6188416,36001000
9415,2024-03-10,사계절,수트_수트팬츠_ZB,43.40019509815876,27850500,354,7295840,49206000
9416,2024-03-10,사계절,수트_수트팬츠_ZC,43.175559552358116,11373980,144,3102435,20016000
9417,2024-03-10,사계절,우븐 셔츠_드레스셔츠_ZB,53.91411877174231,73783150,2277,18002691,179883000
9418,2024-03-10,여름,니트 셔츠_라운드_ZB,30.594968674082594,8825570,161,941028,12719000
9419,2024-03-10,여름,수트_블레이져(수트)_ZA,20.849206349206348,14788500,53,3423623,18867000
9420,2024-03-10,여름,수트_블레이져(수트)_ZB,20.556043958906393,93077190,420,22237624,117180000
9421,2024-03-10,여름,수트_블레이져(수트)_ZC,20.6793893129771,28990890,131,7464037,36549000
9422,2024-03-10,여름,수트_수트팬츠_ZA,20.88392857142857,8196300,52,1774551,10458000
9423,2024-03-10,여름,수트_수트팬츠_ZB,20.32495689370689,57369470,484,13085005,72116000
9424,2024-03-10,여름,수트_수트팬츠_ZC,20.776,14755470,125,3519691,18625000
9425,2024-03-10,여름,스웨터_T-에리_ZA,0.0,0,0,0,0
9426,2024-03-10,여름,스웨터_T-에리_ZB,30.20872912482585,14198300,226,2928452,20334000
9427,2024-03-10,여름,스웨터_라운드_ZA,0.0,0,0,0,0
9428,2024-03-10,여름,스웨터_라운드_ZB,30.047609979051607,9628300,151,2214885,13769000
9429,2024-03-10,여름,스웨터_오픈형(CARDIGAN)_ZA,0.0,0,0,0,0
9430,2024-03-10,여름,우븐 셔츠_캐쥬얼셔츠_ZA,30.864978902953588,4644000,73,679163,6687000
9431,2024-03-10,여름,우븐 셔츠_캐쥬얼셔츠_ZB,41.29188525461112,17075050,381,3357831,30099000
9432,2024-03-10,여름,자켓_싱글재킷_ZA,30.481127568084087,42133100,194,7118901,60406000
9433,2024-03-10,여름,점퍼_점퍼_ZA,31.424881817707668,33891913,198,6955069,49302000
9434,2024-03-10,여름,점퍼_점퍼_ZB,30.778542742398162,41754060,242,5963283,60258000
9435,2024-03-10,여름,점퍼_점퍼_ZG,20.555555555555557,4905300,25,989711,6225000
9436,2024-03-10,여름,팬츠_팬츠(일반)_ZA,31.356041030459636,7180200,81,961410,10449000
9437,2024-03-10,여름,팬츠_팬츠(일반)_ZB,30.033783783783782,15919200,230,2469882,22770000
9438,2024-03-17,봄,니트 셔츠_라운드_ZB,66.5161774290971,22010200,748,5003771,64312000
9439,2024-03-17,봄,수트_블레이져(수트)_ZB,38.002332627157315,69583700,406,19619731,113274000
9440,2024-03-17,봄,수트_블레이져(수트)_ZC,32.17025089605735,17032050,90,4812068,25110000
9441,2024-03-17,봄,수트_수트팬츠_ZB,37.80237647172474,38179200,418,10136709,62282000
9442,2024-03-17,봄,수트_수트팬츠_ZC,31.513976672965402,10510550,103,2654987,15347000
9443,2024-03-17,봄,스웨터_T-에리_ZB,66.45376638727703,12487250,376,5622175,37224000
9444,2024-03-17,봄,스웨터_라운드_ZA,64.84737076648841,9465900,272,4268678,26928000
9445,2024-03-17,봄,스웨터_라운드_ZB,65.7537107608789,37473300,1092,17674736,108108000
9446,2024-03-17,봄,스웨터_오픈형(CARDIGAN)_ZB,76.41442748995445,26011850,694,13013801,110346000
9447,2024-03-17,봄,자켓_싱글재킷_ZB,73.6118881118881,17358100,220,6500723,65780000
9448,2024-03-17,봄,코트_싱글코트_ZB,73.59315256548459,28661200,363,15518037,108537000
9449,2024-03-17,봄,팬츠_팬츠(일반)_ZB,60.91159446357298,55763070,1465,14705928,145035000
9450,2024-03-17,사계절,데님_데님자켓_ZB,53.06800753338679,26310700,364,7024770,56896000
9451,2024-03-17,사계절,데님_데님팬츠_ZB,59.879054942415394,13222700,333,4843306,32967000
9452,2024-03-17,사계절,수트_블레이져(수트)_ZB,43.01966418245488,57113100,387,16596075,100233000
9453,2024-03-17,사계절,수트_블레이져(수트)_ZC,41.95366795366795,20295900,135,6010332,34965000
9454,2024-03-17,사계절,수트_수트팬츠_ZB,43.8665273869897,33316900,427,8800349,59353000
9455,2024-03-17,사계절,수트_수트팬츠_ZC,42.59877344026418,9734100,122,2628452,16958000
9456,2024-03-17,사계절,우븐 셔츠_드레스셔츠_ZB,53.679523539513944,83385900,2577,20291642,203583000
9457,2024-03-17,여름,니트 셔츠_라운드_ZB,29.62483539888799,14297170,257,1445519,20303000
9458,2024-03-17,여름,니트 셔츠_티에리_ZA,0.0,0,0,0,0
9459,2024-03-17,여름,수트_블레이져(수트)_ZA,21.402831402831406,12749100,47,2879140,16233000
9460,2024-03-17,여름,수트_블레이져(수트)_ZB,20.444937828018723,111103380,502,26597326,140058000
9461,2024-03-17,여름,수트_블레이져(수트)_ZC,20.601506181788892,39430880,178,10141974,49662000
9462,2024-03-17,여름,수트_수트팬츠_ZA,21.198830409356724,7217700,47,1507784,9093000
9463,2024-03-17,여름,수트_수트팬츠_ZB,20.351334283559204,66233480,560,15161687,83440000
9464,2024-03-17,여름,수트_수트팬츠_ZC,20.568677310433948,19054780,161,4533362,23989000
9465,2024-03-17,여름,스웨터_T-에리_ZA,0.0,0,0,0,0
9466,2024-03-17,여름,스웨터_T-에리_ZB,24.41824190946382,15596500,253,3750817,22867000
9467,2024-03-17,여름,스웨터_라운드_ZA,0.0,0,0,0,0
9468,2024-03-17,여름,스웨터_라운드_ZB,30.203657673083438,18482400,291,4211645,26509000
9469,2024-03-17,여름,스웨터_오픈형(CARDIGAN)_ZA,31.176470588235293,1509300,17,241534,2193000
9470,2024-03-17,여름,우븐 셔츠_캐쥬얼셔츠_ZA,30.37800530746877,8928800,139,1290189,12821000
9471,2024-03-17,여름,우븐 셔츠_캐쥬얼셔츠_ZB,47.149783944408085,18696280,455,3960886,35945000
9472,2024-03-17,여름,자켓_싱글재킷_ZA,30.340482533746826,77137670,354,13381274,110796000
9473,2024-03-17,여름,점퍼_점퍼_ZA,33.055852196665455,36900005,222,7733124,55278000
9474,2024-03-17,여름,점퍼_점퍼_ZB,48.91445009936255,101303400,795,19412023,197955000
9475,2024-03-17,여름,점퍼_점퍼_ZG,48.389112003569835,15142800,118,3975738,29382000
9476,2024-03-17,여름,팬츠_팬츠(일반)_ZA,30.979290716398907,21406800,240,2812378,30960000
9477,2024-03-17,여름,팬츠_팬츠(일반)_ZB,30.548473348283594,28388800,415,4477986,41085000
9478,2024-03-17,여름,팬츠_팬츠(일반)_ZG,0.0,0,0,0,0
9479,2024-03-24,겨울,니트 셔츠_라운드_ZB,-20.508474576271187,71100,1,0,59000
9480,2024-03-24,봄,니트 셔츠_라운드_ZB,67.38527449325716,19432850,680,4553778,58660000
9481,2024-03-24,봄,수트_블레이져(수트)_ZB,46.14347367104696,77746750,624,29346873,174096000
9482,2024-03-24,봄,수트_블레이져(수트)_ZC,31.312873357228195,13797870,72,3849654,20088000
9483,2024-03-24,봄,수트_수트팬츠_ZB,48.76050339785772,41329900,684,16249966,101916000
9484,2024-03-24,봄,수트_수트팬츠_ZC,30.000258131130614,8135370,78,2010573,11622000
9485,2024-03-24,봄,스웨터_T-에리_ZB,64.16704928068565,9365300,264,3947485,26136000
9486,2024-03-24,봄,스웨터_라운드_ZA,63.97872736582414,7738450,217,3405526,21483000
9487,2024-03-24,봄,스웨터_라운드_ZB,64.12470555387426,26480100,745,12034215,73755000
9488,2024-03-24,봄,스웨터_오픈형(CARDIGAN)_ZB,77.45984888498305,25715050,717,13486891,114003000
9489,2024-03-24,봄,자켓_싱글재킷_ZB,73.52842809364549,31660000,400,11819496,119600000
9490,2024-03-24,봄,코트_싱글코트_ZB,73.44696684554087,24691400,311,13295067,92989000
9491,2024-03-24,봄,팬츠_팬츠(일반)_ZB,60.781194003621266,36906425,947,9792610,93753000
9492,2024-03-24,사계절,데님_데님자켓_ZB,52.728108761021495,26589650,354,6911430,58046000
9493,2024-03-24,사계절,데님_데님팬츠_ZB,58.9008683602764,17129700,421,6106472,41679000
9494,2024-03-24,사계절,수트_블레이져(수트)_ZB,42.745259071225924,53680900,362,15523977,93758000
9495,2024-03-24,사계절,수트_블레이져(수트)_ZC,42.473719809486234,20412050,137,6099374,35483000
9496,2024-03-24,사계절,수트_수트팬츠_ZB,43.39297634057702,30529300,388,7996570,53932000
9497,2024-03-24,사계절,수트_수트팬츠_ZC,43.63421762589928,10028600,128,2757720,17792000
9498,2024-03-24,사계절,우븐 셔츠_드레스셔츠_ZB,53.70350325712375,85316802,2591,20335503,204689000
9499,2024-03-24,여름,니트 셔츠_라운드_ZB,31.82892321978006,24257600,450,2469379,35550000
9500,2024-03-24,여름,니트 셔츠_라운드_ZG,0.0,0,0,0,0
9501,2024-03-24,여름,니트 셔츠_티에리_ZA,0.0,0,0,0,0
9502,2024-03-24,여름,니트 셔츠_티에리_ZB,0.0,0,0,0,0
9503,2024-03-24,여름,수트_블레이져(수트)_ZA,23.29170763684038,16016000,58,3655497,20462000
9504,2024-03-24,여름,수트_블레이져(수트)_ZB,20.852755170340917,112526280,510,26972437,142290000
9505,2024-03-24,여름,수트_블레이져(수트)_ZC,21.171219305861662,35409100,161,9173358,44919000
9506,2024-03-24,여름,수트_수트팬츠_ZA,23.27777777777778,10361400,67,2204909,13223000
9507,2024-03-24,여름,수트_수트팬츠_ZB,20.771776171795157,68259180,579,15631068,86271000
9508,2024-03-24,여름,수트_수트팬츠_ZC,21.203579418344518,15849900,135,3801266,20115000
9509,2024-03-24,여름,스웨터_T-에리_ZA,31.467532467532468,13962900,186,2668282,20274000
9510,2024-03-24,여름,스웨터_T-에리_ZB,31.689042128759855,28881410,464,6403025,42326000
9511,2024-03-24,여름,스웨터_라운드_ZA,30.0,1373400,18,245045,1962000
9512,2024-03-24,여름,스웨터_라운드_ZB,31.351495235530116,21310110,343,5026649,31077000
9513,2024-03-24,여름,스웨터_오픈형(CARDIGAN)_ZA,35.736434108527135,1243500,15,213118,1935000
9514,2024-03-24,여름,우븐 셔츠_캐쥬얼셔츠_ZA,31.10070576088883,11546940,183,1709092,16737000
9515,2024-03-24,여름,우븐 셔츠_캐쥬얼셔츠_ZB,47.46872600967968,25128779,613,5484468,48427000
9516,2024-03-24,여름,자켓_싱글재킷_ZA,30.502537347601855,113917540,526,19877586,164714000
9517,2024-03-24,여름,점퍼_점퍼_ZA,34.77517869125967,19559283,122,4206391,30378000
9518,2024-03-24,여름,점퍼_점퍼_ZB,59.379080898149546,130320200,1292,31394228,321708000
9519,2024-03-24,여름,점퍼_점퍼_ZG,59.43869618443122,26874100,264,9071338,65736000
9520,2024-03-24,여름,팬츠_팬츠(일반)_ZA,30.29360989078597,29910200,333,3895237,42957000
9521,2024-03-24,여름,팬츠_팬츠(일반)_ZB,32.138244552314255,37355710,560,6077808,55440000
9522,2024-03-24,여름,팬츠_팬츠(일반)_ZG,0.0,0,0,0,0
9523,2024-03-31,겨울,니트 셔츠_라운드_ZB,0.0,0,0,0,0
9524,2024-03-31,봄,니트 셔츠_라운드_ZB,66.8975049514045,13502720,464,3115591,40356000
9525,2024-03-31,봄,수트_블레이져(수트)_ZB,45.92860551113353,50670369,414,19427133,115506000
9526,2024-03-31,봄,수트_블레이져(수트)_ZC,30.0,8593200,44,2352566,12276000
9527,2024-03-31,봄,수트_수트팬츠_ZB,48.39339891514204,24425300,426,10076808,63474000
9528,2024-03-31,봄,수트_수트팬츠_ZC,30.0,6153700,59,1520818,8791000
9529,2024-03-31,봄,스웨터_T-에리_ZB,66.12844662844662,19851440,592,8851935,58608000
9530,2024-03-31,봄,스웨터_라운드_ZA,64.33059407635679,4166900,118,1851853,11682000
9531,2024-03-31,봄,스웨터_라운드_ZB,66.27798991417819,21985700,659,10638880,65241000
9532,2024-03-31,봄,스웨터_오픈형(CARDIGAN)_ZB,78.22713536742039,15997122,464,8690691,73776000
9533,2024-03-31,봄,자켓_싱글재킷_ZB,73.62491638795987,47316900,600,17729244,179400000
9534,2024-03-31,봄,코트_싱글코트_ZB,73.57859531772576,20461000,259,11072098,77441000
9535,2024-03-31,봄,팬츠_팬츠(일반)_ZB,62.88011001881868,60873737,1637,16540364,162063000
9536,2024-03-31,사계절,데님_데님자켓_ZB,53.2738335239418,26540400,342,6795150,60098000
9537,2024-03-31,사계절,데님_데님팬츠_ZB,60.00534594623714,20826000,526,7648558,52074000
9538,2024-03-31,사계절,수트_블레이져(수트)_ZB,40.442643513709505,60775900,394,16896263,102046000
9539,2024-03-31,사계절,수트_블레이져(수트)_ZC,42.620690599414004,20954350,141,6277458,36519000
9540,2024-03-31,사계절,수트_수트팬츠_ZB,41.0814930434507,37181113,454,9356812,63106000
9541,2024-03-31,사계절,수트_수트팬츠_ZC,43.5109518140883,10914249,139,2994711,19321000
9542,2024-03-31,사계절,우븐 셔츠_드레스셔츠_ZB,53.730204265531825,78132650,2378,18605026,187862000
9543,2024-03-31,여름,니트 셔츠_라운드_ZB,41.90503141611076,40699950,892,5176095,70468000
9544,2024-03-31,여름,니트 셔츠_라운드_ZG,0.0,0,0,0,0
9545,2024-03-31,여름,니트 셔츠_티에리_ZA,40.8578431372549,4098600,70,691053,6930000
9546,2024-03-31,여름,니트 셔츠_티에리_ZB,40.63851588505695,5676000,121,966501,9559000
9547,2024-03-31,여름,수트_블레이져(수트)_ZA,29.990662931839402,27382800,107,7080268,38973000
9548,2024-03-31,여름,수트_블레이져(수트)_ZB,28.67833500984625,150517860,759,40319942,211761000
9549,2024-03-31,여름,수트_블레이져(수트)_ZC,28.60683760683761,46609740,234,13332707,65286000
9550,2024-03-31,여름,수트_수트팬츠_ZA,29.98082191780822,17675000,122,4244794,25088000
9551,2024-03-31,여름,수트_수트팬츠_ZB,28.781229714891424,89721840,848,23052197,126352000
9552,2024-03-31,여름,수트_수트팬츠_ZC,28.791125359539787,23766674,224,6307286,33376000
9553,2024-03-31,여름,스웨터_T-에리_ZA,39.953259137886974,12374773,190,2724823,20710000
9554,2024-03-31,여름,스웨터_T-에리_ZB,41.18648129375008,43811860,829,11604768,74431000
9555,2024-03-31,여름,스웨터_라운드_ZA,43.18181818181818,1362500,22,299500,2398000
9556,2024-03-31,여름,스웨터_라운드_ZB,41.66859331679079,35296370,657,9595044,59263000
9557,2024-03-31,여름,스웨터_오픈형(CARDIGAN)_ZA,41.19927040583676,2579000,34,483068,4386000
9558,2024-03-31,여름,우븐 셔츠_캐쥬얼셔츠_ZA,41.57840042590692,11763900,221,2053841,20099000
9559,2024-03-31,여름,우븐 셔츠_캐쥬얼셔츠_ZB,52.218463375717846,32578403,849,7511821,67071000
9560,2024-03-31,여름,자켓_싱글재킷_ZA,40.34393083833796,136656850,748,27755990,232682000
9561,2024-03-31,여름,점퍼_점퍼_ZA,35.80773767004778,17548204,111,3835256,27639000
9562,2024-03-31,여름,점퍼_점퍼_ZB,60.53145433278169,115533750,1177,28579530,293073000
9563,2024-03-31,여름,점퍼_점퍼_ZG,60.30332446894973,29952300,303,10358820,75447000
9564,2024-03-31,여름,팬츠_팬츠(일반)_ZA,41.07004079032894,36875550,505,5995329,65145000
9565,2024-03-31,여름,팬츠_팬츠(일반)_ZB,40.88229896149035,54921820,936,10423148,92664000
9566,2024-03-31,여름,팬츠_팬츠(일반)_ZG,0.0,0,0,0,0
9567,2024-04-07,겨울,니트 셔츠_라운드_ZB,0.0,0,0,0,0
9568,2024-04-07,봄,니트 셔츠_라운드_ZB,66.58025856632028,20504400,700,4688098,60400000
9569,2024-04-07,봄,수트_블레이져(수트)_ZB,45.560138444280284,41417900,328,15450253,91512000
9570,2024-04-07,봄,수트_블레이져(수트)_ZC,30.83599728761019,7139800,37,1978295,10323000
9571,2024-04-07,봄,수트_수트팬츠_ZB,48.33822448657768,22121800,370,8781971,55130000
9572,2024-04-07,봄,수트_수트팬츠_ZC,31.21476510067114,3074700,30,773297,4470000
9573,2024-04-07,봄,스웨터_T-에리_ZB,64.2602495543672,-1203000,-34,-508388,-3366000
9574,2024-04-07,봄,스웨터_라운드_ZA,64.57523957523958,2735500,78,1224106,7722000
9575,2024-04-07,봄,스웨터_라운드_ZB,64.01698823988679,20449850,582,9400310,57618000
9576,2024-04-07,봄,스웨터_오픈형(CARDIGAN)_ZB,78.65156989971887,14702997,435,8139258,69165000
9577,2024-04-07,봄,자켓_싱글재킷_ZB,73.7229035055122,-29698900,-378,-11169424,-113022000
9578,2024-04-07,봄,코트_싱글코트_ZB,73.57859531772576,-6636000,-84,-3590951,-25116000
9579,2024-04-07,봄,팬츠_팬츠(일반)_ZB,66.21370723941882,22016344,659,7098108,65241000
9580,2024-04-07,사계절,데님_데님자켓_ZB,53.5629986570769,22836850,295,5879400,52455000
9581,2024-04-07,사계절,데님_데님팬츠_ZB,59.99724691236803,24027900,607,8779702,60093000
9582,2024-04-07,사계절,수트_블레이져(수트)_ZB,43.41996690568119,51289800,350,15009370,90650000
9583,2024-04-07,사계절,수트_블레이져(수트)_ZC,42.62148848355745,17238800,116,5164434,30044000
9584,2024-04-07,사계절,수트_수트팬츠_ZB,44.38177328407544,28604454,370,7625595,51430000
9585,2024-04-07,사계절,수트_수트팬츠_ZC,43.63840075480599,9557800,122,2628452,16958000
9586,2024-04-07,사계절,우븐 셔츠_드레스셔츠_ZB,53.40864489499504,86140100,2614,20315522,206506000
9587,2024-04-07,여름,니트 셔츠_라운드_ZB,44.45258530438937,63803900,1470,9293916,116130000
9588,2024-04-07,여름,니트 셔츠_라운드_ZG,40.23262932353841,5434400,92,886247,9108000
9589,2024-04-07,여름,니트 셔츠_티에리_ZA,43.65010163592315,10357300,186,1870680,18414000
9590,2024-04-07,여름,니트 셔츠_티에리_ZB,44.795794857376684,15005060,345,2927949,27255000
9591,2024-04-07,여름,수트_블레이져(수트)_ZA,31.499236702233947,25937700,107,6720087,37573000
9592,2024-04-07,여름,수트_블레이져(수트)_ZB,30.5178911100644,132180860,683,36243713,190557000
9593,2024-04-07,여름,수트_블레이져(수트)_ZC,30.19956344334065,56280790,289,16466463,80631000
9594,2024-04-07,여름,수트_수트팬츠_ZA,31.183018516351847,16119200,118,3894694,23352000
9595,2024-04-07,여름,수트_수트팬츠_ZB,30.515065799101787,83550090,808,21920214,120392000
9596,2024-04-07,여름,수트_수트팬츠_ZC,30.36574639007525,27391330,264,7433587,39336000
9597,2024-04-07,여름,스웨터_T-에리_ZA,44.56506177045563,17795850,292,4175314,31828000
9598,2024-04-07,여름,스웨터_T-에리_ZB,43.79825708967192,67314240,1320,18881697,118890000
9599,2024-04-07,여름,스웨터_라운드_ZA,48.57381150959132,1233200,22,299500,2398000
9600,2024-04-07,여름,스웨터_라운드_ZB,43.01603773697528,48889060,932,13434183,84828000
9601,2024-04-07,여름,스웨터_오픈형(CARDIGAN)_ZA,42.128382972936215,4255300,57,809849,7353000
9602,2024-04-07,여름,우븐 셔츠_캐쥬얼셔츠_ZA,42.89074366969258,14651800,281,2618542,25639000
9603,2024-04-07,여름,우븐 셔츠_캐쥬얼셔츠_ZB,53.13813642756681,44693025,1300,11665714,102700000
9604,2024-04-07,여름,자켓_싱글재킷_ZA,42.68700306025735,167096760,945,35643544,294225000
9605,2024-04-07,여름,점퍼_점퍼_ZA,-inf,17498421,136,4658952,33864000
9606,2024-04-07,여름,점퍼_점퍼_ZB,60.92914908178767,133573630,1430,34897236,356070000
9607,2024-04-07,여름,점퍼_점퍼_ZG,53.13133590406089,34660200,297,9499295,73953000
9608,2024-04-07,여름,팬츠_반바지_ZA,0.0,0,0,0,0
9609,2024-04-07,여름,팬츠_반바지_ZG,0.0,0,0,0,0
9610,2024-04-07,여름,팬츠_팬츠(일반)_ZA,43.81451223198928,45076100,636,7698313,82044000
9611,2024-04-07,여름,팬츠_팬츠(일반)_ZB,43.150099840889176,81546740,1422,15684703,140778000
9612,2024-04-07,여름,팬츠_팬츠(일반)_ZG,40.0,2863800,37,724542,4773000
9613,2024-04-14,겨울,니트 셔츠_라운드_ZB,0.0,0,0,0,0
9614,2024-04-14,봄,니트 셔츠_라운드_ZB,76.78502571964873,7884590,357,2367198,29863000
9615,2024-04-14,봄,수트_블레이져(수트)_ZB,71.83526713648604,52672800,673,32401294,187767000
9616,2024-04-14,봄,수트_블레이져(수트)_ZC,71.25642823749416,7377900,92,4919003,25668000
9617,2024-04-14,봄,수트_수트팬츠_ZB,69.42555937102917,32320100,718,17373507,106982000
9618,2024-04-14,봄,수트_수트팬츠_ZC,65.15621383938903,4516800,87,2242562,12963000
9619,2024-04-14,봄,스웨터_T-에리_ZB,72.80828979449669,3903370,145,2168126,14355000
9620,2024-04-14,봄,스웨터_라운드_ZA,66.48137626262626,1061870,32,502197,3168000
9621,2024-04-14,봄,스웨터_라운드_ZB,72.54578562691529,5983700,218,3510711,21582000
9622,2024-04-14,봄,스웨터_오픈형(CARDIGAN)_ZB,79.18134086789078,11225765,340,6374863,54060000
9623,2024-04-14,봄,자켓_싱글재킷_ZB,72.74247491638796,-326000,-4,-118195,-1196000
9624,2024-04-14,봄,코트_싱글코트_ZB,73.91304347826087,2340000,30,1282482,8970000
9625,2024-04-14,봄,팬츠_팬츠(일반)_ZB,67.38885636448208,23834128,739,7827252,73161000
9626,2024-04-14,사계절,데님_데님자켓_ZB,56.286326464201224,20601620,281,5571120,48969000
9627,2024-04-14,사계절,데님_데님팬츠_ZB,59.9648037135893,23264500,587,8471338,58113000
9628,2024-04-14,사계절,수트_블레이져(수트)_ZB,42.92225717403865,62237000,421,18054128,109039000
9629,2024-04-14,사계절,수트_블레이져(수트)_ZC,43.12684947721444,20180300,137,6099374,35483000
9630,2024-04-14,사계절,수트_수트팬츠_ZB,44.00189652199809,35727350,459,9459860,63801000
9631,2024-04-14,사계절,수트_수트팬츠_ZC,42.96568898727172,10306100,130,2800809,18070000
9632,2024-04-14,사계절,우븐 셔츠_드레스셔츠_ZB,53.671966941569636,102799350,3058,23643630,241582000
9633,2024-04-14,여름,니트 셔츠_라운드_ZB,46.19484896298305,90549320,2144,13841144,169376000
9634,2024-04-14,여름,니트 셔츠_라운드_ZG,41.34825396071478,10171300,175,1743722,17325000
9635,2024-04-14,여름,니트 셔츠_티에리_ZA,43.20281303555127,14328860,255,2498966,25245000
9636,2024-04-14,여름,니트 셔츠_티에리_ZB,44.44288933219235,20751800,473,4055946,37367000
9637,2024-04-14,여름,수트_블레이져(수트)_ZA,39.86401287736571,38078350,173,11197628,61947000
9638,2024-04-14,여름,수트_블레이져(수트)_ZB,37.56527326667149,157063920,911,48459557,254169000
9639,2024-04-14,여름,수트_블레이져(수트)_ZC,38.671247057904345,62796350,367,20910698,102393000
9640,2024-04-14,여름,수트_수트팬츠_ZA,40.9423762055341,24607350,199,6828806,40411000
9641,2024-04-14,여름,수트_수트팬츠_ZB,37.67416584941384,97410070,1055,28724877,157195000
9642,2024-04-14,여름,수트_수트팬츠_ZC,38.22165128635347,35347100,384,10812490,57216000
9643,2024-04-14,여름,스웨터_T-에리_ZA,43.8309965627018,30659350,500,7160549,54500000
9644,2024-04-14,여름,스웨터_T-에리_ZB,43.538483415381194,82284900,1615,22410306,145565000
9645,2024-04-14,여름,스웨터_라운드_ZA,44.582888841476425,2597400,43,585386,4687000
9646,2024-04-14,여름,스웨터_라운드_ZB,44.9359824312722,61318060,1190,17379643,106960000
9647,2024-04-14,여름,스웨터_오픈형(CARDIGAN)_ZA,41.26645033351361,6515900,86,1221877,11094000
9648,2024-04-14,여름,우븐 셔츠_캐쥬얼셔츠_ZA,42.71482806166351,20187200,384,3575631,35516000
9649,2024-04-14,여름,우븐 셔츠_캐쥬얼셔츠_ZB,55.95235785696216,46084007,1288,11391892,101752000
9650,2024-04-14,여름,자켓_싱글재킷_ZA,42.33835559883857,216546260,1211,44221859,375079000
9651,2024-04-14,여름,점퍼_점퍼_ZA,9.281568699038578,9468094,65,2225282,16185000
9652,2024-04-14,여름,점퍼_점퍼_ZB,59.23789433508947,71642739,671,16086993,167079000
9653,2024-04-14,여름,점퍼_점퍼_ZG,57.432437023899325,46262000,437,13181089,108813000
9654,2024-04-14,여름,팬츠_반바지_ZA,0.0,0,0,0,0
9655,2024-04-14,여름,팬츠_반바지_ZG,40.41666666666667,1034900,22,280333,1738000
9656,2024-04-14,여름,팬츠_팬츠(일반)_ZA,42.87298813199287,69458200,955,11593512,123195000
9657,2024-04-14,여름,팬츠_팬츠(일반)_ZB,43.943129573006814,106931540,1893,21374374,187407000
9658,2024-04-14,여름,팬츠_팬츠(일반)_ZG,42.880143112701255,2873700,39,763707,5031000
9659,2024-04-21,겨울,니트 셔츠_라운드_ZB,-20.508474576271187,-71100,-1,-4764,-59000
9660,2024-04-21,봄,니트 셔츠_라운드_ZB,70.87718536982594,3176410,127,848909,10893000
9661,2024-04-21,봄,수트_블레이져(수트)_ZB,74.37294198039933,25696610,362,17314024,100998000
9662,2024-04-21,봄,수트_블레이져(수트)_ZC,74.18956590999602,3888600,54,2887241,15066000
9663,2024-04-21,봄,수트_수트팬츠_ZB,71.33955106304509,17889935,426,10240567,63474000
9664,2024-04-21,봄,수트_수트팬츠_ZC,71.24161073825503,2399600,56,1443488,8344000
9665,2024-04-21,봄,스웨터_T-에리_ZB,34.84848484848485,129000,2,29905,198000
9666,2024-04-21,봄,스웨터_라운드_ZA,64.76050830889541,1081500,31,486504,3069000
9667,2024-04-21,봄,스웨터_라운드_ZB,66.40503246753246,3988940,120,1925551,11880000
9668,2024-04-21,봄,스웨터_오픈형(CARDIGAN)_ZB,79.05915658857504,8121631,246,4603073,39114000
9669,2024-04-21,봄,자켓_싱글재킷_ZB,75.08980552458813,2011000,27,797816,8073000
9670,2024-04-21,봄,코트_싱글코트_ZB,73.57859531772576,474000,6,256496,1794000
9671,2024-04-21,봄,팬츠_팬츠(일반)_ZB,66.76656149358175,13051448,407,4391707,40293000
9672,2024-04-21,사계절,데님_데님자켓_ZB,53.52024783274645,10769850,144,2825640,24096000
9673,2024-04-21,사계절,데님_데님팬츠_ZB,54.23895623846216,18885600,417,6000700,41283000
9674,2024-04-21,사계절,수트_블레이져(수트)_ZB,26.365739542683244,55092300,372,15995700,96348000
9675,2024-04-21,사계절,수트_블레이져(수트)_ZC,42.64495848566645,16786100,113,5030871,29267000
9676,2024-04-21,사계절,수트_수트팬츠_ZB,43.66524961848703,31008900,396,8161448,55044000
9677,2024-04-21,사계절,수트_수트팬츠_ZC,43.38758992805755,9442950,120,2585362,16680000
9678,2024-04-21,사계절,우븐 셔츠_드레스셔츠_ZB,53.78966736310052,101140105,2950,22637880,233050000
9679,2024-04-21,여름,니트 셔츠_라운드_ZB,50.2221183680884,99519650,2541,16245365,200739000
9680,2024-04-21,여름,니트 셔츠_라운드_ZG,49.379709288061065,16328300,324,3272850,32076000
9681,2024-04-21,여름,니트 셔츠_티에리_ZA,49.286693375219876,16936900,338,3239125,33462000
9682,2024-04-21,여름,니트 셔츠_티에리_ZB,50.66957664132718,20768700,532,4707590,42028000
9683,2024-04-21,여름,수트_블레이져(수트)_ZA,40.85405405405405,32411660,154,9735379,54306000
9684,2024-04-21,여름,수트_블레이져(수트)_ZB,40.62689632310101,151190560,910,48426260,253890000
9685,2024-04-21,여름,수트_블레이져(수트)_ZC,40.333333333333336,51938640,312,17776942,87048000
9686,2024-04-21,여름,수트_수트팬츠_ZA,40.84878048780488,20486060,173,5734144,34307000
9687,2024-04-21,여름,수트_수트팬츠_ZB,40.399033645492615,95982820,1080,29411326,160920000
9688,2024-04-21,여름,수트_수트팬츠_ZC,40.36426116838488,25857460,291,8193840,43359000
9689,2024-04-21,여름,스웨터_T-에리_ZA,45.812056473661826,31495038,533,7635434,58097000
9690,2024-04-21,여름,스웨터_T-에리_ZB,47.01789396527469,93222508,1925,26936466,174025000
9691,2024-04-21,여름,스웨터_라운드_ZA,45.853854820537585,3364100,57,775977,6213000
9692,2024-04-21,여름,스웨터_라운드_ZB,47.58619477057261,50030000,1021,14865206,92539000
9693,2024-04-21,여름,스웨터_오픈형(CARDIGAN)_ZA,53.68696106610923,5317200,89,1264501,11481000
9694,2024-04-21,여름,우븐 셔츠_캐쥬얼셔츠_ZA,54.658885312490156,17422238,438,4069868,40122000
9695,2024-04-21,여름,우븐 셔츠_캐쥬얼셔츠_ZB,56.242896618097994,36722884,1072,9486934,84688000
9696,2024-04-21,여름,자켓_싱글재킷_ZA,41.50822203824823,190193522,1056,38577051,326484000
9697,2024-04-21,여름,점퍼_점퍼_ZA,34.99210075596503,6570150,41,1428728,10209000
9698,2024-04-21,여름,점퍼_점퍼_ZB,60.568310532421,45235764,464,11304625,115536000
9699,2024-04-21,여름,점퍼_점퍼_ZG,60.37852753920565,25254000,256,7685616,63744000
9700,2024-04-21,여름,팬츠_반바지_ZA,32.666666666666664,797900,15,185386,1185000
9701,2024-04-21,여름,팬츠_반바지_ZB,0.0,0,0,0,0
9702,2024-04-21,여름,팬츠_반바지_ZG,41.165822784810125,2093000,45,579672,3555000
9703,2024-04-21,여름,팬츠_팬츠(일반)_ZA,41.91317523047081,56799004,767,9262525,98943000
9704,2024-04-21,여름,팬츠_팬츠(일반)_ZB,50.1669923905866,102530400,2091,23576577,207009000
9705,2024-04-21,여름,팬츠_팬츠(일반)_ZG,51.302560488607,4146100,66,1292427,8514000
9706,2024-04-28,겨울,니트 셔츠_라운드_ZB,0.0,0,0,0,0
9707,2024-04-28,봄,니트 셔츠_라운드_ZB,72.02031346375145,3782279,150,989639,12350000
9708,2024-04-28,봄,수트_블레이져(수트)_ZB,74.40556905583603,24263531,340,16628397,94860000
9709,2024-04-28,봄,수트_블레이져(수트)_ZC,71.82661290322581,6288300,80,4277394,22320000
9710,2024-04-28,봄,수트_수트팬츠_ZB,71.03590034063579,16602369,384,9415120,57216000
9711,2024-04-28,봄,수트_수트팬츠_ZC,68.54532222851137,3890000,83,2139455,12367000
9712,2024-04-28,봄,스웨터_T-에리_ZB,74.65926708949965,2157510,86,1285923,8514000
9713,2024-04-28,봄,스웨터_라운드_ZA,66.43939393939394,132900,4,62775,396000
9714,2024-04-28,봄,스웨터_라운드_ZB,70.39800542422107,2846692,98,1578035,9702000
9715,2024-04-28,봄,스웨터_오픈형(CARDIGAN)_ZB,78.89757578782736,3914143,117,2195691,18603000
9716,2024-04-28,봄,자켓_싱글재킷_ZB,72.61055218073852,4012828,49,1447888,14651000
9717,2024-04-28,봄,코트_싱글코트_ZB,73.57859531772576,790000,10,427494,2990000
9718,2024-04-28,봄,팬츠_팬츠(일반)_ZB,60.59476576395181,9767418,270,2893688,26730000
9719,2024-04-28,사계절,데님_데님자켓_ZB,21.54480237086366,9273902,129,2502090,21201000
9720,2024-04-28,사계절,데님_데님팬츠_ZB,54.915991767912125,21995956,491,7081010,48609000
9721,2024-04-28,사계절,수트_블레이져(수트)_ZB,42.57233567474531,49380900,332,14237460,85988000
9722,2024-04-28,사계절,수트_블레이져(수트)_ZC,42.16141245267459,15429600,103,4585661,26677000
9723,2024-04-28,사계절,수트_수트팬츠_ZB,21.590470640247577,28413300,359,7378279,49901000
9724,2024-04-28,사계절,수트_수트팬츠_ZC,42.90143884892086,7936700,100,2154469,13900000
9725,2024-04-28,사계절,우븐 셔츠_드레스셔츠_ZB,53.41412641221668,83241200,2468,18934267,194972000
9726,2024-04-28,여름,니트 셔츠_라운드_ZB,54.52276530307585,97310510,2689,17872913,212431000
9727,2024-04-28,여름,니트 셔츠_라운드_ZG,53.00122742699774,6271900,136,1205704,13464000
9728,2024-04-28,여름,니트 셔츠_티에리_ZA,52.38042339517729,18896750,401,3893607,39699000
9729,2024-04-28,여름,니트 셔츠_티에리_ZB,50.86401314700709,22281300,574,4997491,45346000
9730,2024-04-28,여름,수트_블레이져(수트)_ZA,40.33301946236616,31633059,149,9565748,53211000
9731,2024-04-28,여름,수트_블레이져(수트)_ZB,40.33001552849489,109082220,655,34836912,182745000
9732,2024-04-28,여름,수트_블레이져(수트)_ZC,40.08109656423869,39954524,239,13617594,66681000
9733,2024-04-28,여름,수트_수트팬츠_ZA,40.2745694818808,19144841,159,5395666,32151000
9734,2024-04-28,여름,수트_수트팬츠_ZB,40.25999184330033,73413120,824,22406596,122776000
9735,2024-04-28,여름,수트_수트팬츠_ZC,40.067050892346586,19913921,223,6279128,33227000
9736,2024-04-28,여름,스웨터_T-에리_ZA,47.80766122267954,32537300,568,8118487,61912000
9737,2024-04-28,여름,스웨터_T-에리_ZB,50.29885696083447,93713690,2057,29461543,186123000
9738,2024-04-28,여름,스웨터_라운드_ZA,47.23530870319861,4256000,74,1007409,8066000
9739,2024-04-28,여름,스웨터_라운드_ZB,49.7599057455465,47085227,1002,14706632,90848000
9740,2024-04-28,여름,스웨터_오픈형(CARDIGAN)_ZA,54.38468992248062,7532000,128,1818608,16512000
9741,2024-04-28,여름,우븐 셔츠_캐쥬얼셔츠_ZA,54.627985703935074,19332500,501,4826170,44319000
9742,2024-04-28,여름,우븐 셔츠_캐쥬얼셔츠_ZB,55.08301972087465,43787904,1246,10870838,98434000
9743,2024-04-28,여름,자켓_싱글재킷_ZA,41.36061789395502,191635800,1058,38266712,326902000
9744,2024-04-28,여름,점퍼_점퍼_ZA,40.004271631982476,2415066,17,590907,4233000
9745,2024-04-28,여름,점퍼_점퍼_ZB,62.55789531017913,32021830,358,8723219,89142000
9746,2024-04-28,여름,점퍼_점퍼_ZG,61.68533784259846,17616000,184,5445856,45816000
9747,2024-04-28,여름,팬츠_반바지_ZA,30.0,1106000,20,247181,1580000
9748,2024-04-28,여름,팬츠_반바지_ZB,0.0,0,0,0,0
9749,2024-04-28,여름,팬츠_반바지_ZG,40.859649122807014,1587900,34,432617,2686000
9750,2024-04-28,여름,팬츠_팬츠(일반)_ZA,40.190707752310004,69809540,907,10736519,117003000
9751,2024-04-28,여름,팬츠_팬츠(일반)_ZB,52.72333622358463,137269809,2930,32858218,290070000
9752,2024-04-28,여름,팬츠_팬츠(일반)_ZG,54.263565891472865,3186000,54,1057440,6966000
9753,2024-05-05,겨울,니트 셔츠_라운드_ZB,0.0,0,0,0,0
9754,2024-05-05,봄,니트 셔츠_라운드_ZB,67.82648731171938,1402560,40,274164,3700000
9755,2024-05-05,봄,수트_블레이져(수트)_ZB,75.67371352433918,31578100,470,22630162,131130000
9756,2024-05-05,봄,수트_블레이져(수트)_ZC,74.47134676389403,6196570,87,4651666,24273000
9757,2024-05-05,봄,수트_수트팬츠_ZB,71.56909620396439,20358785,486,11762787,72414000
9758,2024-05-05,봄,수트_수트팬츠_ZC,68.9517524235645,4163570,90,2319891,13410000
9759,2024-05-05,봄,스웨터_T-에리_ZB,65.99654439128123,1279210,38,568199,3762000
9760,2024-05-05,봄,스웨터_라운드_ZA,54.64646464646464,179600,4,62775,396000
9761,2024-05-05,봄,스웨터_라운드_ZB,59.94824909435915,1975220,48,767014,4752000
9762,2024-05-05,봄,스웨터_오픈형(CARDIGAN)_ZB,75.74948273649082,3226454,84,1581805,13356000
9763,2024-05-05,봄,자켓_싱글재킷_ZB,73.61170899698665,7969000,101,2984423,30199000
9764,2024-05-05,봄,코트_싱글코트_ZB,62.43032329988852,337000,3,128248,897000
9765,2024-05-05,봄,팬츠_팬츠(일반)_ZB,69.99910829773894,27627716,968,9708146,95832000
9766,2024-05-05,사계절,데님_데님자켓_ZB,50.70247580536212,5455580,72,1388160,11208000
9767,2024-05-05,사계절,데님_데님팬츠_ZB,53.524264309994514,15386549,333,4804802,32967000
9768,2024-05-05,사계절,수트_블레이져(수트)_ZB,42.61851540047029,59298600,399,17110682,103341000
9769,2024-05-05,사계절,수트_블레이져(수트)_ZC,42.6033696033696,16352300,110,4897308,28490000
9770,2024-05-05,사계절,수트_수트팬츠_ZB,43.507664445810555,34001042,433,8924008,60187000
9771,2024-05-05,사계절,수트_수트팬츠_ZC,43.40786829995463,8731600,111,2391460,15429000
9772,2024-05-05,사계절,우븐 셔츠_드레스셔츠_ZB,53.17586700554811,103552900,2993,22941540,236447000
9773,2024-05-05,여름,니트 셔츠_라운드_ZB,55.349978862043834,110119320,3127,20249219,247033000
9774,2024-05-05,여름,니트 셔츠_라운드_ZG,51.34638566737332,15418000,322,3246777,31878000
9775,2024-05-05,여름,니트 셔츠_티에리_ZA,53.312517429210274,20585000,447,4294389,44253000
9776,2024-05-05,여름,니트 셔츠_티에리_ZB,52.46737859917309,29772400,793,6833695,62647000
9777,2024-05-05,여름,수트_블레이져(수트)_ZA,40.71391076115486,40637000,189,12238288,67971000
9778,2024-05-05,여름,수트_블레이져(수트)_ZB,40.34143773887297,153411960,922,49185410,257238000
9779,2024-05-05,여름,수트_블레이져(수트)_ZC,40.141176470588235,42586560,255,14529232,71145000
9780,2024-05-05,여름,수트_수트팬츠_ZA,40.593527738264584,26966800,223,7565144,45087000
9781,2024-05-05,여름,수트_수트팬츠_ZB,40.33042355798651,90983850,1024,27914028,152576000
9782,2024-05-05,여름,수트_수트팬츠_ZC,40.13138686131387,24441960,274,7715162,40826000
9783,2024-05-05,여름,스웨터_T-에리_ZA,48.72555631030617,33199500,593,8479204,64637000
9784,2024-05-05,여름,스웨터_T-에리_ZB,49.44028958322741,105761100,2288,31919896,206882000
9785,2024-05-05,여름,스웨터_라운드_ZA,48.33715596330275,3604000,64,871273,6976000
9786,2024-05-05,여름,스웨터_라운드_ZB,50.762393948266016,51931600,1117,16250504,101203000
9787,2024-05-05,여름,스웨터_오픈형(CARDIGAN)_ZA,56.23227453204765,9259500,164,2330091,21156000
9788,2024-05-05,여름,우븐 셔츠_캐쥬얼셔츠_ZA,55.93063406174551,21380300,571,5473579,49369000
9789,2024-05-05,여름,우븐 셔츠_캐쥬얼셔츠_ZB,56.05100133183114,58839550,1660,14352496,131140000
9790,2024-05-05,여름,자켓_싱글재킷_ZA,40.6138766831378,223215295,1214,43719996,374476000
9791,2024-05-05,여름,점퍼_점퍼_ZA,44.98336332342356,3863877,29,1003414,7221000
9792,2024-05-05,여름,점퍼_점퍼_ZB,56.525775969504615,38289457,340,8200288,84660000
9793,2024-05-05,여름,점퍼_점퍼_ZG,61.56674189264551,19265383,201,6353156,50049000
9794,2024-05-05,여름,팬츠_반바지_ZA,36.234177215189874,1410500,28,346053,2212000
9795,2024-05-05,여름,팬츠_반바지_ZB,30.0,276500,5,41072,395000
9796,2024-05-05,여름,팬츠_반바지_ZG,40.78385573638738,2572800,55,704968,4345000
9797,2024-05-05,여름,팬츠_팬츠(일반)_ZA,40.20349686591223,80210820,1039,12320760,134031000
9798,2024-05-05,여름,팬츠_팬츠(일반)_ZB,54.56455336660239,138516900,3143,35414959,311157000
9799,2024-05-05,여름,팬츠_팬츠(일반)_ZG,56.11346018322762,4982000,88,1723236,11352000
9800,2024-05-12,겨울,니트 셔츠_라운드_ZB,0.0,0,0,0,0
9801,2024-05-12,봄,니트 셔츠_라운드_ZB,50.852558131039146,-184500,8,45551,372000
9802,2024-05-12,봄,수트_블레이져(수트)_ZB,70.25368406465225,19234000,234,11477145,65286000
9803,2024-05-12,봄,수트_블레이져(수트)_ZC,67.3795300677021,6552800,72,3849654,20088000
9804,2024-05-12,봄,수트_수트팬츠_ZB,70.04333380998266,13170250,296,7266748,44104000
9805,2024-05-12,봄,수트_수트팬츠_ZC,68.34766991208998,3348500,71,1830137,10579000
9806,2024-05-12,봄,스웨터_T-에리_ZB,65.15151515151516,138000,4,59810,396000
9807,2024-05-12,봄,스웨터_라운드_ZA,65.15151515151516,172500,5,78468,495000
9808,2024-05-12,봄,스웨터_라운드_ZB,54.928872053872055,-685750,-8,-119029,-792000
9809,2024-05-12,봄,스웨터_오픈형(CARDIGAN)_ZB,80.1723267009096,2723794,86,1617792,13674000
9810,2024-05-12,봄,자켓_싱글재킷_ZB,73.24414715719064,-800000,-10,-295487,-2990000
9811,2024-05-12,봄,코트_싱글코트_ZB,73.57859531772576,158000,2,85499,598000
9812,2024-05-12,봄,팬츠_팬츠(일반)_ZB,71.25807687991022,8203173,289,2964095,28611000
9813,2024-05-12,사계절,데님_데님자켓_ZB,45.51249660401865,4286500,53,1006770,7737000
9814,2024-05-12,사계절,데님_데님팬츠_ZB,55.72944371562816,25911642,593,8592632,58707000
9815,2024-05-12,사계절,수트_블레이져(수트)_ZB,42.38933738933739,59087800,396,16982031,102564000
9816,2024-05-12,사계절,수트_블레이져(수트)_ZC,42.49859943977591,22786080,153,6811710,39627000
9817,2024-05-12,사계절,수트_수트팬츠_ZB,43.55174051467872,32091400,409,8429374,56851000
9818,2024-05-12,사계절,수트_수트팬츠_ZC,43.477875234059326,11470600,146,3145524,20294000
9819,2024-05-12,사계절,우븐 셔츠_드레스셔츠_ZB,53.13546535300606,104739050,3066,23469529,242214000
9820,2024-05-12,여름,니트 셔츠_라운드_ZB,57.631944627072436,114392735,3415,22329533,269785000
9821,2024-05-12,여름,니트 셔츠_라운드_ZG,51.32940568670417,16933500,351,3597638,34749000
9822,2024-05-12,여름,니트 셔츠_티에리_ZA,58.691469349364084,15076000,374,3489912,37026000
9823,2024-05-12,여름,니트 셔츠_티에리_ZB,50.019099775008264,30708533,779,6793985,61541000
9824,2024-05-12,여름,수트_블레이져(수트)_ZA,40.191677175283736,37964000,178,11458711,63742000
9825,2024-05-12,여름,수트_블레이져(수트)_ZB,34.100587403584306,150366050,821,43854669,229059000
9826,2024-05-12,여름,수트_블레이져(수트)_ZC,33.619909502262445,40929300,221,12592001,61659000
9827,2024-05-12,여름,수트_수트팬츠_ZA,40.16785783196103,23511200,195,6620568,39445000
9828,2024-05-12,여름,수트_수트팬츠_ZB,33.962673953877534,86047420,881,24042398,131269000
9829,2024-05-12,여름,수트_수트팬츠_ZC,33.70155877895648,24498600,248,6983066,36952000
9830,2024-05-12,여름,스웨터_T-에리_ZA,43.48281394727815,29239900,472,6737593,51448000
9831,2024-05-12,여름,스웨터_T-에리_ZB,47.330015061971125,107350450,2173,30050373,195817000
9832,2024-05-12,여름,스웨터_라운드_ZA,54.2545871559633,3191200,64,871273,6976000
9833,2024-05-12,여름,스웨터_라운드_ZB,51.892597873371436,56094927,1242,18111979,112378000
9834,2024-05-12,여름,스웨터_오픈형(CARDIGAN)_ZA,56.996855345911946,11760500,212,3012069,27348000
9835,2024-05-12,여름,우븐 셔츠_캐쥬얼셔츠_ZA,55.66618634749464,18183600,472,4510917,41048000
9836,2024-05-12,여름,우븐 셔츠_캐쥬얼셔츠_ZB,59.00899613557875,56403495,1714,14816048,135406000
9837,2024-05-12,여름,자켓_싱글재킷_ZA,41.54788673035524,215253643,1189,43103897,367361000
9838,2024-05-12,여름,점퍼_점퍼_ZA,43.687664945496266,-605704,2,51438,498000
9839,2024-05-12,여름,점퍼_점퍼_ZB,60.98592955170442,16470012,162,3895453,40338000
9840,2024-05-12,여름,점퍼_점퍼_ZG,64.12455466689664,16126541,184,5400915,45816000
9841,2024-05-12,여름,팬츠_반바지_ZA,36.95176188847075,1842900,37,457285,2923000
9842,2024-05-12,여름,팬츠_반바지_ZB,51.64396731293062,3773800,100,805976,7900000
9843,2024-05-12,여름,팬츠_반바지_ZG,42.015171703712674,1880000,41,522941,3239000
9844,2024-05-12,여름,팬츠_팬츠(일반)_ZA,40.70905223925219,68589732,897,10780272,115713000
9845,2024-05-12,여름,팬츠_팬츠(일반)_ZB,50.469453689274424,124810770,2612,29434403,258588000
9846,2024-05-12,여름,팬츠_팬츠(일반)_ZG,54.60963455149502,6558000,112,2193210,14448000
9847,2024-05-19,겨울,니트 셔츠_라운드_ZB,0.0,0,0,0,0
9848,2024-05-19,봄,니트 셔츠_라운드_ZB,74.28422983486274,1228900,57,373791,4603000
9849,2024-05-19,봄,수트_블레이져(수트)_ZB,61.48073476702508,12884000,120,5922959,33480000
9850,2024-05-19,봄,수트_블레이져(수트)_ZC,62.1431219873934,3063000,29,1550555,8091000
9851,2024-05-19,봄,수트_수트팬츠_ZB,66.69583449683688,5406000,109,2689762,16241000
9852,2024-05-19,봄,수트_수트팬츠_ZC,66.87722068693249,1678000,34,876403,5066000
9853,2024-05-19,봄,스웨터_T-에리_ZB,78.60990860990862,1778800,84,1256018,8316000
9854,2024-05-19,봄,스웨터_라운드_ZA,79.33333333333333,409200,20,313873,1980000
9855,2024-05-19,봄,스웨터_라운드_ZB,78.57667584940312,1399800,66,1060359,6534000
9856,2024-05-19,봄,스웨터_오픈형(CARDIGAN)_ZB,79.67162823200559,428194,17,309593,2703000
9857,2024-05-19,봄,자켓_싱글재킷_ZB,73.82412921119177,3208900,41,1211498,12259000
9858,2024-05-19,봄,코트_싱글코트_ZB,76.25418060200668,426000,6,256496,1794000
9859,2024-05-19,봄,팬츠_팬츠(일반)_ZB,67.0381369719605,6078605,194,2083034,19206000
9860,2024-05-19,사계절,데님_데님자켓_ZB,58.08293127596296,7700300,113,2233440,19457000
9861,2024-05-19,사계절,데님_데님팬츠_ZB,51.20765740918066,16981806,361,5213170,35739000
9862,2024-05-19,사계절,수트_블레이져(수트)_ZB,42.24891674769425,61176300,409,17539521,105931000
9863,2024-05-19,사계절,수트_블레이져(수트)_ZC,42.40690513417786,18049100,121,5387039,31339000
9864,2024-05-19,사계절,수트_수트팬츠_ZB,42.60344744338757,35662200,447,9212544,62133000
9865,2024-05-19,사계절,수트_수트팬츠_ZC,43.39675367144301,9520100,121,2606907,16819000
9866,2024-05-19,사계절,우븐 셔츠_드레스셔츠_ZB,54.392416543649425,97777224,2896,22039609,228784000
9867,2024-05-19,여름,니트 셔츠_라운드_ZB,59.648995577167014,116283051,3616,24493104,285664000
9868,2024-05-19,여름,니트 셔츠_라운드_ZG,51.96067718091948,18102400,381,3820355,37719000
9869,2024-05-19,여름,니트 셔츠_티에리_ZA,59.39878645854325,18540100,467,4480767,46233000
9870,2024-05-19,여름,니트 셔츠_티에리_ZB,49.50395544464792,28433700,721,6156902,56959000
9871,2024-05-19,여름,수트_블레이져(수트)_ZA,40.19471840254141,42546988,199,12825334,71161000
9872,2024-05-19,여름,수트_블레이져(수트)_ZB,30.380055598980107,155737800,801,42777081,223479000
9873,2024-05-19,여름,수트_블레이져(수트)_ZC,30.180851063829788,36621540,188,10711747,52452000
9874,2024-05-19,여름,수트_수트팬츠_ZA,40.16616699954449,27378738,227,7685104,45773000
9875,2024-05-19,여름,수트_수트팬츠_ZB,30.479587675340174,91576890,885,24183848,131865000
9876,2024-05-19,여름,수트_수트팬츠_ZC,30.255102040816325,20368300,196,5518875,29204000
9877,2024-05-19,여름,스웨터_T-에리_ZA,47.82878149754639,29704300,523,7445724,57007000
9878,2024-05-19,여름,스웨터_T-에리_ZB,48.684625075538534,110003388,2277,31480172,206343000
9879,2024-05-19,여름,스웨터_라운드_ZA,56.4130239251664,2423000,51,694295,5559000
9880,2024-05-19,여름,스웨터_라운드_ZB,52.75080537238938,50971676,1145,16803330,104025000
9881,2024-05-19,여름,스웨터_오픈형(CARDIGAN)_ZA,58.11714039621016,9725200,180,2557417,23220000
9882,2024-05-19,여름,우븐 셔츠_캐쥬얼셔츠_ZA,54.25637670349739,17420900,452,4439753,37748000
9883,2024-05-19,여름,우븐 셔츠_캐쥬얼셔츠_ZB,59.12769762410787,63258029,1937,17004479,153023000
9884,2024-05-19,여름,자켓_싱글재킷_ZA,42.619654255084676,203818080,1150,40822446,353060000
9885,2024-05-19,여름,점퍼_점퍼_ZA,41.8941990182954,1732802,13,451033,3237000
9886,2024-05-19,여름,점퍼_점퍼_ZB,83.87702752401549,12093863,193,4613932,48057000
9887,2024-05-19,여름,점퍼_점퍼_ZG,67.85747136399146,14704779,186,5597539,46314000
9888,2024-05-19,여름,팬츠_반바지_ZA,38.3167978104687,1803000,37,457285,2923000
9889,2024-05-19,여름,팬츠_반바지_ZB,51.853526220614825,4599000,121,961533,9559000
9890,2024-05-19,여름,팬츠_반바지_ZG,45.53454100003712,4555300,106,1369734,8374000
9891,2024-05-19,여름,팬츠_팬츠(일반)_ZA,41.0602246920248,76826660,1023,12333466,131967000
9892,2024-05-19,여름,팬츠_팬츠(일반)_ZB,51.3698235321996,133154006,2824,31932631,279576000
9893,2024-05-19,여름,팬츠_팬츠(일반)_ZG,55.3928145497913,5984500,104,2036552,13416000
9894,2024-05-26,겨울,니트 셔츠_라운드_ZB,0.0,0,0,0,0
9895,2024-05-26,봄,니트 셔츠_라운드_ZB,64.89757429630848,505900,16,105225,1304000
9896,2024-05-26,봄,수트_블레이져(수트)_ZB,67.95966136097942,18774000,256,11959420,71424000
9897,2024-05-26,봄,수트_블레이져(수트)_ZC,60.93189964157706,2289000,21,1122816,5859000
9898,2024-05-26,봄,수트_수트팬츠_ZB,69.19008076441816,11418000,267,6300365,39783000
9899,2024-05-26,봄,수트_수트팬츠_ZC,66.44295302013423,1200000,24,618638,3576000
9900,2024-05-26,봄,스웨터_T-에리_ZB,61.48760330578512,419400,11,164479,1089000
9901,2024-05-26,봄,스웨터_라운드_ZA,80.9090909090909,-37800,-2,-31387,-198000
9902,2024-05-26,봄,스웨터_라운드_ZB,60.55555555555556,376200,10,161254,990000
9903,2024-05-26,봄,스웨터_오픈형(CARDIGAN)_ZB,79.7237071977638,975010,30,565195,4770000
9904,2024-05-26,봄,자켓_싱글재킷_ZB,75.87673196368848,2019600,28,827365,8372000
9905,2024-05-26,봄,코트_싱글코트_ZB,73.57859531772576,158000,2,85499,598000
9906,2024-05-26,봄,팬츠_팬츠(일반)_ZB,70.11027978124753,6023124,204,2156340,20196000
9907,2024-05-26,사계절,데님_데님자켓_ZB,53.94872046800863,3792000,48,970650,9012000
9908,2024-05-26,사계절,데님_데님팬츠_ZB,53.1824997302542,19978888,445,6464056,44055000
9909,2024-05-26,사계절,수트_블레이져(수트)_ZB,42.42953667953668,53678700,360,15438210,93240000
9910,2024-05-26,사계절,수트_블레이져(수트)_ZC,42.327228327228326,17476580,117,5208955,30303000
9911,2024-05-26,사계절,수트_수트팬츠_ZB,42.70791366906475,29863500,375,7728644,52125000
9912,2024-05-26,사계절,수트_수트팬츠_ZC,43.611228776978415,9797549,125,2693086,17375000
9913,2024-05-26,사계절,우븐 셔츠_드레스셔츠_ZB,53.234465708873685,97762110,2802,21235566,221358000
9914,2024-05-26,여름,니트 셔츠_라운드_ZB,60.55592822703706,127270800,4085,27441604,322715000
9915,2024-05-26,여름,니트 셔츠_라운드_ZG,54.502120774848045,15706900,352,3584992,34848000
9916,2024-05-26,여름,니트 셔츠_티에리_ZA,61.87216394716395,17382100,485,4557102,48015000
9917,2024-05-26,여름,니트 셔츠_티에리_ZB,49.425745537808965,30439550,780,6529226,61620000
9918,2024-05-26,여름,수트_블레이져(수트)_ZA,40.27152111796073,31877000,153,9456865,53267000
9919,2024-05-26,여름,수트_블레이져(수트)_ZB,31.67370893937266,139145670,730,39026571,203670000
9920,2024-05-26,여름,수트_블레이져(수트)_ZC,31.640239285173408,27082770,142,8090788,39618000
9921,2024-05-26,여름,수트_수트팬츠_ZA,40.30083816892328,21286300,181,5884865,35469000
9922,2024-05-26,여름,수트_수트팬츠_ZB,31.553884339409354,81953470,805,22002086,119945000
9923,2024-05-26,여름,수트_수트팬츠_ZC,31.67924528301887,16185870,159,4477047,23691000
9924,2024-05-26,여름,스웨터_T-에리_ZA,46.66598020038387,16438300,283,4003814,30847000
9925,2024-05-26,여름,스웨터_T-에리_ZB,49.725452634273296,102741800,2231,28765303,202039000
9926,2024-05-26,여름,스웨터_라운드_ZA,58.68223519599666,2477000,55,748750,5995000
9927,2024-05-26,여름,스웨터_라운드_ZB,52.83327975012561,41493500,940,13725601,84970000
9928,2024-05-26,여름,스웨터_오픈형(CARDIGAN)_ZA,57.845371939011244,8211300,151,2145389,19479000
9929,2024-05-26,여름,우븐 셔츠_캐쥬얼셔츠_ZA,56.00077003560428,12222900,337,3352332,27443000
9930,2024-05-26,여름,우븐 셔츠_캐쥬얼셔츠_ZB,60.04872225001406,62994738,1940,16644713,153260000
9931,2024-05-26,여름,자켓_싱글재킷_ZA,41.95949531889971,168192320,940,33262351,287990000
9932,2024-05-26,여름,점퍼_점퍼_ZA,51.557257601835914,1688714,14,479598,3486000
9933,2024-05-26,여름,점퍼_점퍼_ZB,65.79137314899187,12418216,145,3490595,36105000
9934,2024-05-26,여름,점퍼_점퍼_ZG,67.96503485205189,11345969,147,4340019,36603000
9935,2024-05-26,여름,팬츠_반바지_ZA,40.95309009679821,1586000,34,420208,2686000
9936,2024-05-26,여름,팬츠_반바지_ZB,52.89971368294153,5371600,145,1154997,11455000
9937,2024-05-26,여름,팬츠_반바지_ZG,45.57753164556962,3872300,90,1145568,7110000
9938,2024-05-26,여름,팬츠_팬츠(일반)_ZA,40.96179788401065,60336960,793,9500361,102297000
9939,2024-05-26,여름,팬츠_팬츠(일반)_ZB,52.61543900965019,146386250,3248,36477531,321552000
9940,2024-05-26,여름,팬츠_팬츠(일반)_ZG,56.54354765161879,4765000,85,1664489,10965000
9941,2024-06-02,겨울,니트 셔츠_라운드_ZB,0.0,0,0,0,0
9942,2024-06-02,봄,니트 셔츠_라운드_ZB,78.9132509543902,1485400,73,471957,5627000
9943,2024-06-02,봄,수트_블레이져(수트)_ZB,60.93189964157706,3924000,36,1781729,10044000
9944,2024-06-02,봄,수트_블레이져(수트)_ZC,60.93189964157706,3379000,31,1657490,8649000
9945,2024-06-02,봄,수트_수트팬츠_ZB,66.17256066081569,2320950,46,1129393,6854000
9946,2024-06-02,봄,수트_수트팬츠_ZC,66.44295302013423,1750000,35,902180,5215000
9947,2024-06-02,봄,스웨터_T-에리_ZB,70.49183135704875,671901,23,343910,2277000
9948,2024-06-02,봄,스웨터_라운드_ZA,62.878787878787875,147000,4,62775,396000
9949,2024-06-02,봄,스웨터_라운드_ZB,72.60479797979798,-189500,-4,-51203,-396000
9950,2024-06-02,봄,스웨터_오픈형(CARDIGAN)_ZB,-inf,1351899,38,723953,6042000
9951,2024-06-02,봄,자켓_싱글재킷_ZB,73.57859531772576,1738000,22,650072,6578000
9952,2024-06-02,봄,코트_싱글코트_ZB,73.57859531772576,158000,2,85499,598000
9953,2024-06-02,봄,팬츠_팬츠(일반)_ZB,80.13828904013397,4177934,167,1589603,16533000
9954,2024-06-02,사계절,데님_데님자켓_ZB,54.59873011413647,3030701,42,826200,7098000
9955,2024-06-02,사계절,데님_데님팬츠_ZB,54.6383305223583,14632355,328,4746524,32472000
9956,2024-06-02,사계절,수트_블레이져(수트)_ZB,42.87178849551731,52378572,354,15180906,91686000
9957,2024-06-02,사계절,수트_블레이져(수트)_ZC,42.495752895752894,14893600,100,4452098,25900000
9958,2024-06-02,사계절,수트_수트팬츠_ZB,43.84936492854234,28956321,371,7646205,51569000
9959,2024-06-02,사계절,수트_수트팬츠_ZC,43.135604723768154,8378400,106,2283737,14734000
9960,2024-06-02,사계절,우븐 셔츠_드레스셔츠_ZB,53.48254306185739,102655551,2998,22643549,236842000
9961,2024-06-02,여름,니트 셔츠_라운드_ZB,62.583149952324874,128103350,4355,29723760,344045000
9962,2024-06-02,여름,니트 셔츠_라운드_ZG,60.71628351260548,15603700,401,4204863,39699000
9963,2024-06-02,여름,니트 셔츠_티에리_ZA,63.28288770053476,22919778,687,6326939,68013000
9964,2024-06-02,여름,니트 셔츠_티에리_ZB,50.04019194122036,31660100,823,6911756,65017000
9965,2024-06-02,여름,수트_블레이져(수트)_ZA,41.96530410318227,37262930,180,11380856,63520000
9966,2024-06-02,여름,수트_블레이져(수트)_ZB,32.161617838416674,138262400,730,39038416,203670000
9967,2024-06-02,여름,수트_블레이져(수트)_ZC,32.4041095890411,27534510,146,8318697,40734000
9968,2024-06-02,여름,수트_수트팬츠_ZA,41.86705303828592,23489270,201,6698889,40019000
9969,2024-06-02,여름,수트_수트팬츠_ZB,32.421577470219155,79434600,789,21579378,117561000
9970,2024-06-02,여름,수트_수트팬츠_ZC,31.47270963046818,16949540,166,4674149,24734000
9971,2024-06-02,여름,스웨터_T-에리_ZA,46.82809201011998,23735500,405,5746248,44145000
9972,2024-06-02,여름,스웨터_T-에리_ZB,50.74948818387249,125843550,2849,35277034,258141000
9973,2024-06-02,여름,스웨터_라운드_ZA,61.86876745113682,3823800,92,1252454,10028000
9974,2024-06-02,여름,스웨터_라운드_ZB,52.59328677151805,44443300,999,14742794,90601000
9975,2024-06-02,여름,스웨터_오픈형(CARDIGAN)_ZA,57.08728957387276,9355400,169,2401130,21801000
9976,2024-06-02,여름,우븐 셔츠_캐쥬얼셔츠_ZA,55.14906992375112,18858350,512,5069226,42368000
9977,2024-06-02,여름,우븐 셔츠_캐쥬얼셔츠_ZB,59.31907019573948,70565939,2159,18483038,170561000
9978,2024-06-02,여름,자켓_싱글재킷_ZA,42.54436131412497,193495718,1091,38024393,333559000
9979,2024-06-02,여름,점퍼_점퍼_ZA,73.46706827309237,1881768,14,496674,3486000
9980,2024-06-02,여름,점퍼_점퍼_ZB,67.21801935712197,6720891,83,2069820,20667000
9981,2024-06-02,여름,점퍼_점퍼_ZG,64.72171269110054,10823364,124,3741680,30876000
9982,2024-06-02,여름,팬츠_반바지_ZA,41.979531376245625,2154300,47,580875,3713000
9983,2024-06-02,여름,팬츠_반바지_ZB,54.45474727990329,7785600,217,1716968,17143000
9984,2024-06-02,여름,팬츠_반바지_ZG,50.62067510548523,4290500,110,1415445,8690000
9985,2024-06-02,여름,팬츠_팬츠(일반)_ZA,41.52130544315963,70007520,927,11168160,119583000
9986,2024-06-02,여름,팬츠_팬츠(일반)_ZB,51.705340188188735,160812350,3468,39214403,343332000
9987,2024-06-02,여름,팬츠_팬츠(일반)_ZG,57.054263565891475,6925000,125,2447779,16125000
9988,2024-06-09,가을,니트 셔츠_라운드_ZB,0.0,0,0,0,0
9989,2024-06-09,가을,니트 셔츠_티에리_ZB,7.391304347826087,1682700,23,200832,1817000
9990,2024-06-09,겨울,니트 셔츠_라운드_ZB,0.0,0,0,0,0
9991,2024-06-09,봄,니트 셔츠_라운드_ZB,66.43012402506073,177000,6,40090,514000
9992,2024-06-09,봄,수트_블레이져(수트)_ZB,61.63489736070382,4164700,39,1905595,10881000
9993,2024-06-09,봄,수트_블레이져(수트)_ZC,59.15607689801238,2507000,22,1176283,6138000
9994,2024-06-09,봄,수트_수트팬츠_ZB,67.0307425849751,2895700,59,1443576,8791000
9995,2024-06-09,봄,수트_수트팬츠_ZC,62.71439224459359,1000000,18,463978,2682000
9996,2024-06-09,봄,스웨터_T-에리_ZB,77.10606060606061,-45330,-2,-29905,-198000
9997,2024-06-09,봄,스웨터_라운드_ZA,0.0,0,0,0,0
9998,2024-06-09,봄,스웨터_라운드_ZB,57.57575757575758,168000,4,64264,396000
9999,2024-06-09,봄,스웨터_오픈형(CARDIGAN)_ZB,53.88663522012579,603781,13,246610,2067000
10000,2024-06-09,봄,자켓_싱글재킷_ZB,73.57859531772576,632000,8,236390,2392000
10001,2024-06-09,봄,코트_싱글코트_ZB,73.57859531772576,-158000,-2,-85499,-598000
10002,2024-06-09,봄,팬츠_팬츠(일반)_ZB,54.63538961038961,1949616,46,497274,4554000
10003,2024-06-09,사계절,데님_데님자켓_ZB,56.62353213640934,1882600,29,552270,4281000
10004,2024-06-09,사계절,데님_데님팬츠_ZB,52.764781782722594,12883290,280,4043204,27720000
10005,2024-06-09,사계절,수트_블레이져(수트)_ZB,44.50777654167484,50878600,354,15180906,91686000
10006,2024-06-09,사계절,수트_블레이져(수트)_ZC,43.659077797008834,12695300,87,3873325,22533000
10007,2024-06-09,사계절,수트_수트팬츠_ZB,48.98247648732399,28153000,397,8182058,55183000
10008,2024-06-09,사계절,수트_수트팬츠_ZC,47.86629233198807,5942200,82,1766664,11398000
10009,2024-06-09,사계절,우븐 셔츠_드레스셔츠_ZB,52.56517952200389,88914500,2478,18470036,195762000
10010,2024-06-09,여름,니트 셔츠_라운드_ZB,63.35393126362604,121481950,4247,29322693,335513000
10011,2024-06-09,여름,니트 셔츠_라운드_ZG,64.88359788359789,18803060,544,5654916,53856000
10012,2024-06-09,여름,니트 셔츠_티에리_ZA,63.34176986208236,20914691,611,5724052,60489000
10013,2024-06-09,여름,니트 셔츠_티에리_ZB,52.69485873715831,31536450,875,7311065,69125000
10014,2024-06-09,여름,수트_블레이져(수트)_ZA,42.08614697772136,37510940,184,11465301,64276000
10015,2024-06-09,여름,수트_블레이져(수트)_ZB,31.9605567547313,141795900,748,39978720,208692000
10016,2024-06-09,여름,수트_블레이져(수트)_ZC,30.821782178217823,19493730,101,5754715,28179000
10017,2024-06-09,여름,수트_수트팬츠_ZA,42.252941176470586,23483320,206,6687530,40264000
10018,2024-06-09,여름,수트_수트팬츠_ZB,32.04525262956398,82821810,819,22384569,122031000
10019,2024-06-09,여름,수트_수트팬츠_ZC,30.52991452991453,12110720,117,3294430,17433000
10020,2024-06-09,여름,스웨터_T-에리_ZA,49.62798973671206,14009400,255,3601506,27795000
10021,2024-06-09,여름,스웨터_T-에리_ZB,51.650496152191415,104829020,2427,29863126,220823000
10022,2024-06-09,여름,스웨터_라운드_ZA,62.82874617737003,3646500,90,1225227,9810000
10023,2024-06-09,여름,스웨터_라운드_ZB,53.62859191119014,43226450,994,14883165,90196000
10024,2024-06-09,여름,스웨터_오픈형(CARDIGAN)_ZA,56.89226793877957,8675000,156,2216428,20124000
10025,2024-06-09,여름,우븐 셔츠_캐쥬얼셔츠_ZA,57.45550044102591,14182000,402,3928520,33078000
10026,2024-06-09,여름,우븐 셔츠_캐쥬얼셔츠_ZB,60.39692894047538,81718935,2606,21883041,205874000
10027,2024-06-09,여름,자켓_싱글재킷_ZA,42.45274866224651,140265080,798,28026096,243582000
10028,2024-06-09,여름,점퍼_점퍼_ZA,47.647028112449796,606389,6,206965,1494000
10029,2024-06-09,여름,점퍼_점퍼_ZB,67.54679551539492,3667407,43,1024383,10707000
10030,2024-06-09,여름,점퍼_점퍼_ZG,70.33703638081738,3293533,49,1371770,12201000
10031,2024-06-09,여름,팬츠_반바지_ZA,47.367455512749956,2869000,69,852774,5451000
10032,2024-06-09,여름,팬츠_반바지_ZB,63.836670063244256,12816700,448,3526099,35392000
10033,2024-06-09,여름,팬츠_반바지_ZG,60.901789611523355,7514700,245,3106245,19355000
10034,2024-06-09,여름,팬츠_팬츠(일반)_ZA,42.079696169640144,61551000,821,9937004,105909000
10035,2024-06-09,여름,팬츠_팬츠(일반)_ZB,52.25677321677768,161605468,3601,41334712,356499000
10036,2024-06-09,여름,팬츠_팬츠(일반)_ZG,68.55312630552848,6774600,167,3270232,21543000
10037,2024-06-16,가을,니트 셔츠_라운드_ZB,63.91367503631459,1739000,61,312212,4819000
10038,2024-06-16,가을,니트 셔츠_티에리_ZB,41.766840754182525,6578600,143,1248651,11297000
10039,2024-06-16,봄,니트 셔츠_라운드_ZB,62.65822784810127,59000,2,13027,158000
10040,2024-06-16,봄,수트_블레이져(수트)_ZB,60.93189964157706,1526000,14,689398,3906000
10041,2024-06-16,봄,수트_블레이져(수트)_ZC,61.32258064516129,1079100,10,534674,2790000
10042,2024-06-16,봄,수트_수트팬츠_ZB,65.37080536912751,1181950,23,564696,3427000
10043,2024-06-16,봄,수트_수트팬츠_ZC,66.44295302013423,500000,10,257766,1490000
10044,2024-06-16,봄,스웨터_T-에리_ZB,74.7159090909091,1602000,64,956966,6336000
10045,2024-06-16,봄,스웨터_라운드_ZA,0.0,0,0,0,0
10046,2024-06-16,봄,스웨터_라운드_ZB,76.00267379679144,1395000,59,950568,5841000
10047,2024-06-16,봄,스웨터_오픈형(CARDIGAN)_ZB,80.42405660377358,569439,17,323344,2703000
10048,2024-06-16,봄,자켓_싱글재킷_ZB,73.57859531772576,790000,10,295487,2990000
10049,2024-06-16,봄,코트_싱글코트_ZB,0.0,0,0,0,0
10050,2024-06-16,봄,팬츠_팬츠(일반)_ZB,73.495934665807,12397289,589,5757873,58311000
10051,2024-06-16,사계절,데님_데님자켓_ZB,53.786455245502445,1698000,22,439230,3938000
10052,2024-06-16,사계절,데님_데님팬츠_ZB,54.585981361830086,11494165,261,3792286,25839000
10053,2024-06-16,사계절,수트_블레이져(수트)_ZB,44.077166735005264,46114251,319,13602796,82621000
10054,2024-06-16,사계절,수트_블레이져(수트)_ZC,42.50849535845813,21898900,147,6502365,38073000
10055,2024-06-16,사계절,수트_수트팬츠_ZB,46.38013157276934,27064100,365,7628143,50735000
10056,2024-06-16,사계절,수트_수트팬츠_ZC,45.627248201438846,11699000,155,3323291,21545000
10057,2024-06-16,사계절,우븐 셔츠_드레스셔츠_ZB,54.46001645575046,88493250,2535,18694444,200265000
10058,2024-06-16,여름,니트 셔츠_라운드_ZB,61.44545210176556,80863500,2733,18240913,215907000
10059,2024-06-16,여름,니트 셔츠_라운드_ZG,53.89686342679423,12191200,267,2800408,26433000
10060,2024-06-16,여름,니트 셔츠_티에리_ZA,63.95875049944273,21760699,689,6313043,68211000
10061,2024-06-16,여름,니트 셔츠_티에리_ZB,50.72367266701784,31238150,849,6915497,67071000
10062,2024-06-16,여름,수트_블레이져(수트)_ZA,40.08761904761904,28369860,137,8431849,47543000
10063,2024-06-16,여름,수트_블레이져(수트)_ZB,32.334132095974205,98994780,522,27916791,145638000
10064,2024-06-16,여름,수트_블레이져(수트)_ZC,34.06349206349206,11589660,63,3589575,17577000
10065,2024-06-16,여름,수트_수트팬츠_ZA,40.0741935483871,18829860,162,5219604,31528000
10066,2024-06-16,여름,수트_수트팬츠_ZB,32.099172444377324,58996500,581,15894856,86569000
10067,2024-06-16,여름,수트_수트팬츠_ZC,33.36904761904762,8339530,84,2365232,12516000
10068,2024-06-16,여름,스웨터_T-에리_ZA,43.551774459191435,16455700,268,3783907,29212000
10069,2024-06-16,여름,스웨터_T-에리_ZB,50.21296754540214,98752366,2460,27898212,223010000
10070,2024-06-16,여름,스웨터_라운드_ZA,65.43119266055047,2260800,60,816818,6540000
10071,2024-06-16,여름,스웨터_라운드_ZB,53.139953803009305,32682550,737,10956974,66773000
10072,2024-06-16,여름,스웨터_오픈형(CARDIGAN)_ZA,56.80045011252813,6910200,124,1761776,15996000
10073,2024-06-16,여름,우븐 셔츠_캐쥬얼셔츠_ZA,57.07683137646197,8077500,225,2207625,18135000
10074,2024-06-16,여름,우븐 셔츠_캐쥬얼셔츠_ZB,60.023946402001094,63262176,1944,16387103,153576000
10075,2024-06-16,여름,자켓_싱글재킷_ZA,41.527997956342176,138375260,772,27397112,235598000
10076,2024-06-16,여름,점퍼_점퍼_ZA,35.44840902069818,3011820,19,659421,4731000
10077,2024-06-16,여름,점퍼_점퍼_ZB,63.97486698932482,2894484,33,810924,8217000
10078,2024-06-16,여름,점퍼_점퍼_ZG,66.49883247274813,2468503,37,971012,9213000
10079,2024-06-16,여름,팬츠_반바지_ZA,49.54992967651196,3587000,90,1112314,7110000
10080,2024-06-16,여름,팬츠_반바지_ZB,57.2571877472447,12948800,385,3043215,30415000
10081,2024-06-16,여름,팬츠_반바지_ZG,55.79452143128897,7642940,229,2882078,18091000
10082,2024-06-16,여름,팬츠_팬츠(일반)_ZA,41.573072718182395,59952680,792,9628354,102168000
10083,2024-06-16,여름,팬츠_팬츠(일반)_ZB,51.67425856811007,189175757,4482,51984289,443718000
10084,2024-06-16,여름,팬츠_팬츠(일반)_ZG,60.647514819881444,3452000,68,1331592,8772000
10085,2024-06-23,가을,니트 셔츠_라운드_ZB,73.57594936708861,9686000,464,2374859,36656000
10086,2024-06-23,가을,니트 셔츠_티에리_ZB,47.473060091289824,11162500,269,2348860,21251000
10087,2024-06-23,가을,스웨터_T-에리_ZA,58.023499114759375,20864000,456,6896365,49704000
10088,2024-06-23,봄,니트 셔츠_라운드_ZB,73.0756936453139,10500,0,505,20000
10089,2024-06-23,봄,수트_블레이져(수트)_ZB,60.93189964157706,1853000,17,890731,4743000
10090,2024-06-23,봄,수트_블레이져(수트)_ZC,60.93189964157706,436000,4,213870,1116000
10091,2024-06-23,봄,수트_수트팬츠_ZB,66.44295302013423,1800000,36,881006,5364000
10092,2024-06-23,봄,수트_수트팬츠_ZC,68.08351976137212,428000,9,231989,1341000
10093,2024-06-23,봄,스웨터_T-에리_ZB,65.15151515151516,69000,2,29905,198000
10094,2024-06-23,봄,스웨터_라운드_ZA,60.60606060606061,-39000,-1,-15694,-99000
10095,2024-06-23,봄,스웨터_라운드_ZB,68.45012626262627,-378500,-14,-230268,-1386000
10096,2024-06-23,봄,스웨터_오픈형(CARDIGAN)_ZB,80.0314465408805,85500,2,39690,318000
10097,2024-06-23,봄,자켓_싱글재킷_ZB,73.57859531772576,79000,1,29549,299000
10098,2024-06-23,봄,코트_싱글코트_ZB,73.57859531772576,158000,2,85499,598000
10099,2024-06-23,봄,팬츠_팬츠(일반)_ZB,60.671279282183534,-1549182,-39,-365946,-3861000
10100,2024-06-23,사계절,데님_데님자켓_ZB,61.088390258280825,295000,5,97770,825000
10101,2024-06-23,사계절,데님_데님팬츠_ZB,53.293631110826084,7988701,174,2510232,17226000
10102,2024-06-23,사계절,수트_블레이져(수트)_ZB,42.54882686282969,55775400,374,15897186,96866000
10103,2024-06-23,사계절,수트_블레이져(수트)_ZC,42.299515489649096,26351400,174,7672365,45066000
10104,2024-06-23,사계절,수트_수트팬츠_ZB,43.34683929197281,32369600,410,8632890,56990000
10105,2024-06-23,사계절,수트_수트팬츠_ZC,42.111945608348485,13802800,172,3677718,23908000
10106,2024-06-23,사계절,우븐 셔츠_드레스셔츠_ZB,54.629183719729994,88722000,2597,19273640,205163000
10107,2024-06-23,여름,니트 셔츠_라운드_ZB,62.77429373576338,92402751,3396,22479589,268284000
10108,2024-06-23,여름,니트 셔츠_라운드_ZG,60.272681886927955,18806600,497,5268085,49203000
10109,2024-06-23,여름,니트 셔츠_티에리_ZA,64.20898015199329,24911397,812,7436285,80388000
10110,2024-06-23,여름,니트 셔츠_티에리_ZB,50.054167858829175,29783200,785,6440259,62015000
10111,2024-06-23,여름,수트_블레이져(수트)_ZA,40.714204744851145,30766040,150,9299973,52350000
10112,2024-06-23,여름,수트_블레이져(수트)_ZB,33.15541839671815,87633900,465,24947792,129735000
10113,2024-06-23,여름,수트_블레이져(수트)_ZC,33.28888888888889,8375580,45,2563982,12555000
10114,2024-06-23,여름,수트_수트팬츠_ZA,40.693685084236265,19413160,169,5476150,33061000
10115,2024-06-23,여름,수트_수트팬츠_ZB,31.9388479956117,52068050,516,14181431,76884000
10116,2024-06-23,여름,수트_수트팬츠_ZC,32.9,6998530,70,1971027,10430000
10117,2024-06-23,여름,스웨터_T-에리_ZA,42.8801895352354,11891300,191,2702282,20819000
10118,2024-06-23,여름,스웨터_T-에리_ZB,50.67764313311878,104760517,2637,29904057,238783000
10119,2024-06-23,여름,스웨터_라운드_ZA,65.38590359691277,2376950,63,857659,6867000
10120,2024-06-23,여름,스웨터_라운드_ZB,53.19566885875466,30377550,686,10092930,62114000
10121,2024-06-23,여름,스웨터_오픈형(CARDIGAN)_ZA,58.35535588442565,4727500,88,1250293,11352000
10122,2024-06-23,여름,우븐 셔츠_캐쥬얼셔츠_ZA,55.346558622801126,9019800,247,2435821,20093000
10123,2024-06-23,여름,우븐 셔츠_캐쥬얼셔츠_ZB,59.56317450819422,67300817,2046,16817371,161634000
10124,2024-06-23,여름,자켓_싱글재킷_ZA,43.43623918369627,117651700,671,24071081,205639000
10125,2024-06-23,여름,점퍼_점퍼_ZA,41.16616465863454,1762510,10,353954,2490000
10126,2024-06-23,여름,점퍼_점퍼_ZB,96.89696285140562,582625,7,171103,1743000
10127,2024-06-23,여름,점퍼_점퍼_ZG,66.59829795371965,1590100,20,558072,4980000
10128,2024-06-23,여름,팬츠_반바지_ZA,55.76766026949775,4333000,124,1532521,9796000
10129,2024-06-23,여름,팬츠_반바지_ZB,61.383624543973994,12897700,423,3324420,33417000
10130,2024-06-23,여름,팬츠_반바지_ZG,57.58587816455696,9652340,288,3665816,22752000
10131,2024-06-23,여름,팬츠_팬츠(일반)_ZA,41.88273557365392,47425480,629,7597238,81141000
10132,2024-06-23,여름,팬츠_팬츠(일반)_ZB,52.67170741581158,138115910,3128,36266888,309672000
10133,2024-06-23,여름,팬츠_팬츠(일반)_ZG,60.34923679373452,4961500,97,1899476,12513000
10134,2024-06-30,가을,니트 셔츠_라운드_ZB,76.43682679455932,14985000,805,4120176,63595000
10135,2024-06-30,가을,니트 셔츠_티에리_ZB,51.25736517154859,17289500,449,3920588,35471000
10136,2024-06-30,가을,스웨터_T-에리_ZA,45.79181369089626,38406500,650,9968981,70850000
10137,2024-06-30,가을,스웨터_T-에리_ZB,32.28560146462289,37726400,626,12402746,55714000
10138,2024-06-30,봄,니트 셔츠_라운드_ZB,66.43012402506073,0,0,503,20000
10139,2024-06-30,봄,수트_블레이져(수트)_ZB,57.123655913978496,1369000,11,546166,3069000
10140,2024-06-30,봄,수트_블레이져(수트)_ZC,72.14541730670763,544000,7,374272,1953000
10141,2024-06-30,봄,수트_수트팬츠_ZB,64.78187919463087,1399000,26,649634,3874000
10142,2024-06-30,봄,수트_수트팬츠_ZC,69.97373796323315,1029000,23,592861,3427000
10143,2024-06-30,봄,스웨터_T-에리_ZB,67.92929292929293,508000,16,239241,1584000
10144,2024-06-30,봄,스웨터_라운드_ZA,0.0,0,0,0,0
10145,2024-06-30,봄,스웨터_라운드_ZB,65.15151515151516,172500,5,80627,495000
10146,2024-06-30,봄,스웨터_오픈형(CARDIGAN)_ZB,177.73993710691823,357787,13,247139,2067000
10147,2024-06-30,봄,자켓_싱글재킷_ZB,73.57859531772576,553000,7,206841,2093000
10148,2024-06-30,봄,코트_싱글코트_ZB,73.57859531772576,79000,1,42749,299000
10149,2024-06-30,봄,팬츠_팬츠(일반)_ZB,71.78759641873279,1605893,53,546222,5247000
10150,2024-06-30,사계절,데님_데님자켓_ZB,58.92774768799971,820800,13,253380,2117000
10151,2024-06-30,사계절,데님_데님팬츠_ZB,54.08450242321266,9288566,206,2972972,20394000
10152,2024-06-30,사계절,수트_블레이져(수트)_ZB,44.00704039353114,67949100,462,19622285,119658000
10153,2024-06-30,사계절,수트_블레이져(수트)_ZC,42.88637617209046,27353500,185,8142857,47915000
10154,2024-06-30,사계절,수트_수트팬츠_ZB,43.636807627069075,41000500,521,10995366,72419000
10155,2024-06-30,사계절,수트_수트팬츠_ZC,44.05365252889468,15070200,193,4119615,26827000
10156,2024-06-30,사계절,우븐 셔츠_드레스셔츠_ZB,58.62056623948829,91189848,2877,21313046,227283000
10157,2024-06-30,여름,니트 셔츠_라운드_ZB,66.299760957608,104771250,4225,27901010,333775000
10158,2024-06-30,여름,니트 셔츠_라운드_ZG,62.61397414925583,21889580,610,6438896,60390000
10159,2024-06-30,여름,니트 셔츠_티에리_ZA,66.81619660728886,23102038,813,7264084,80487000
10160,2024-06-30,여름,니트 셔츠_티에리_ZB,57.070157683030885,30781100,952,7682312,75208000
10161,2024-06-30,여름,수트_블레이져(수트)_ZA,44.295345596432554,28667336,146,9182573,51394000
10162,2024-06-30,여름,수트_블레이져(수트)_ZB,36.026907166907165,89154450,493,26453064,137547000
10163,2024-06-30,여름,수트_블레이져(수트)_ZC,31.571428571428573,5345640,28,1595367,7812000
10164,2024-06-30,여름,수트_수트팬츠_ZA,44.13583239752948,20844964,188,6219721,37282000
10165,2024-06-30,여름,수트_수트팬츠_ZB,36.65648168879422,53172290,551,15132388,82099000
10166,2024-06-30,여름,수트_수트팬츠_ZC,32.68518518518518,5416150,54,1520506,8046000
10167,2024-06-30,여름,스웨터_T-에리_ZA,45.73180004610734,14116100,239,3369365,26051000
10168,2024-06-30,여름,스웨터_T-에리_ZB,50.30564113066301,90045635,2382,25589708,215708000
10169,2024-06-30,여름,스웨터_라운드_ZA,63.6184565569347,2696600,68,925727,7412000
10170,2024-06-30,여름,스웨터_라운드_ZB,55.70196542771337,26714550,644,9764913,58546000
10171,2024-06-30,여름,스웨터_오픈형(CARDIGAN)_ZA,59.81959126145173,5701600,110,1562866,14190000
10172,2024-06-30,여름,우븐 셔츠_캐쥬얼셔츠_ZA,54.67567453107528,7301500,198,1918238,16162000
10173,2024-06-30,여름,우븐 셔츠_캐쥬얼셔츠_ZB,60.42909934655101,62922034,1969,16305539,155551000
10174,2024-06-30,여름,자켓_싱글재킷_ZA,45.51860865427661,154862476,935,32769734,284365000
10175,2024-06-30,여름,점퍼_점퍼_ZA,40.63248709122203,3616203,25,872078,6225000
10176,2024-06-30,여름,점퍼_점퍼_ZB,69.49843819723338,2043120,27,659772,6723000
10177,2024-06-30,여름,점퍼_점퍼_ZG,64.83965434387122,2693503,31,995342,7719000
10178,2024-06-30,여름,팬츠_반바지_ZA,52.7888499865338,3505900,94,1161750,7426000
10179,2024-06-30,여름,팬츠_반바지_ZB,61.05786751116766,16156950,525,4139457,41475000
10180,2024-06-30,여름,팬츠_반바지_ZG,55.82904534232081,10040880,288,3676837,22752000
10181,2024-06-30,여름,팬츠_팬츠(일반)_ZA,44.68167206590674,67014578,932,11234943,120228000
10182,2024-06-30,여름,팬츠_팬츠(일반)_ZB,56.85286174584564,191205276,4625,52950469,457875000
10183,2024-06-30,여름,팬츠_팬츠(일반)_ZG,60.43956043956044,4644000,91,1781983,11739000
10184,2024-07-07,가을,니트 셔츠_라운드_ZB,71.61892071952032,1704000,76,388986,6004000
10185,2024-07-07,가을,니트 셔츠_티에리_ZB,50.55304400241109,6562600,168,1466946,13272000
10186,2024-07-07,가을,스웨터_T-에리_ZA,47.042140216349445,30940100,536,8120515,58424000
10187,2024-07-07,가을,스웨터_T-에리_ZB,26.306012970722463,27612400,421,7952842,37469000
10188,2024-07-07,가을,우븐 셔츠_캐쥬얼셔츠_ZB,0.0,79000,1,8212,79000
10189,2024-07-07,가을,팬츠_팬츠(일반)_ZB,0.0,0,0,0,0
10190,2024-07-07,봄,니트 셔츠_라운드_ZB,52.1713684602062,309100,6,44629,694000
10191,2024-07-07,봄,수트_블레이져(수트)_ZB,60.93189964157706,3379000,31,1507503,8649000
10192,2024-07-07,봄,수트_블레이져(수트)_ZC,62.88331342094783,2796000,27,1443620,7533000
10193,2024-07-07,봄,수트_수트팬츠_ZB,67.33281399808246,3712000,76,1876680,11324000
10194,2024-07-07,봄,수트_수트팬츠_ZC,66.68109980515263,1539000,31,799074,4619000
10195,2024-07-07,봄,스웨터_T-에리_ZB,52.18855218855219,568000,12,179431,1188000
10196,2024-07-07,봄,스웨터_라운드_ZA,43.18181818181818,225000,4,62775,396000
10197,2024-07-07,봄,스웨터_라운드_ZB,60.07805325987144,808000,24,379649,2376000
10198,2024-07-07,봄,스웨터_오픈형(CARDIGAN)_ZB,61.63522012578616,244000,4,76206,636000
10199,2024-07-07,봄,자켓_싱글재킷_ZB,74.92010405053884,674900,9,265939,2691000
10200,2024-07-07,봄,코트_싱글코트_ZB,0.0,0,0,0,0
10201,2024-07-07,봄,팬츠_팬츠(일반)_ZB,47.58162432404857,3642650,195,1888369,19305000
10202,2024-07-07,사계절,데님_데님자켓_ZB,57.32132198518846,919800,14,271290,2226000
10203,2024-07-07,사계절,데님_데님팬츠_ZB,52.85169041469359,7516031,163,2365422,16137000
10204,2024-07-07,사계절,수트_블레이져(수트)_ZB,43.943141867381996,60234330,413,17538064,106967000
10205,2024-07-07,사계절,수트_블레이져(수트)_ZC,42.64453713358823,22699500,155,6827536,40145000
10206,2024-07-07,사계절,수트_수트팬츠_ZB,44.27310672719487,37251700,480,10137160,66720000
10207,2024-07-07,사계절,수트_수트팬츠_ZC,43.20381948986265,13313680,172,3673415,23908000
10208,2024-07-07,사계절,우븐 셔츠_드레스셔츠_ZB,59.56643684179878,81810373,2575,18928170,203425000
10209,2024-07-07,여름,니트 셔츠_라운드_ZB,64.41045924289223,66862753,2443,16788294,192997000
10210,2024-07-07,여름,니트 셔츠_라운드_ZG,61.698548196707264,12602478,342,3670552,33858000
10211,2024-07-07,여름,니트 셔츠_티에리_ZA,69.75849853346917,19754966,724,6490735,71676000
10212,2024-07-07,여름,니트 셔츠_티에리_ZB,60.22650877465886,20030300,640,5281117,50560000
10213,2024-07-07,여름,수트_블레이져(수트)_ZA,45.63434715821813,25381796,132,8313736,46548000
10214,2024-07-07,여름,수트_블레이져(수트)_ZB,36.51884985901652,95172759,538,28861864,150102000
10215,2024-07-07,여름,수트_블레이져(수트)_ZC,32.23529411764706,6428160,34,1937231,9486000
10216,2024-07-07,여름,수트_수트팬츠_ZA,45.6858951048951,16781282,156,5137421,30884000
10217,2024-07-07,여름,수트_수트팬츠_ZB,36.26077691467657,54748649,580,15916951,86420000
10218,2024-07-07,여름,수트_수트팬츠_ZC,28.918032786885245,6460640,61,1717609,9089000
10219,2024-07-07,여름,스웨터_T-에리_ZA,48.145426150660015,9899802,175,2469055,19075000
10220,2024-07-07,여름,스웨터_T-에리_ZB,53.161762531101914,70332406,1937,20836008,175743000
10221,2024-07-07,여름,스웨터_라운드_ZA,64.26079109640547,2376300,61,830432,6649000
10222,2024-07-07,여름,스웨터_라운드_ZB,55.75371792786024,23126950,561,8276211,50949000
10223,2024-07-07,여름,스웨터_오픈형(CARDIGAN)_ZA,58.993031086054344,5237000,99,1406579,12771000
10224,2024-07-07,여름,우븐 셔츠_캐쥬얼셔츠_ZA,53.283563643654844,7844400,200,1925115,16780000
10225,2024-07-07,여름,우븐 셔츠_캐쥬얼셔츠_ZB,59.6556991061798,45416662,1399,11676961,110521000
10226,2024-07-07,여름,자켓_싱글재킷_ZA,43.72387058895496,87879354,523,18423759,159647000
10227,2024-07-07,여름,점퍼_점퍼_ZA,39.56827309236948,-792500,-4,-145566,-996000
10228,2024-07-07,여름,점퍼_점퍼_ZB,64.48014279339581,890000,10,250624,2490000
10229,2024-07-07,여름,점퍼_점퍼_ZG,65.61133422579206,1081100,12,415738,2988000
10230,2024-07-07,여름,팬츠_반바지_ZA,51.659011986109554,4315400,113,1396572,8927000
10231,2024-07-07,여름,팬츠_반바지_ZB,61.65330232127292,11701100,386,3050693,30494000
10232,2024-07-07,여름,팬츠_반바지_ZG,54.18101443856932,6111860,169,2156479,13351000
10233,2024-07-07,여름,팬츠_팬츠(일반)_ZA,47.48050524461881,41610716,615,7291008,79335000
10234,2024-07-07,여름,팬츠_팬츠(일반)_ZB,55.62430979303165,153595394,3754,43216203,371646000
10235,2024-07-07,여름,팬츠_팬츠(일반)_ZG,59.82745686421605,3213000,62,1214098,7998000
10236,2024-07-14,가을,니트 셔츠_라운드_ZB,67.15765247410818,1427000,55,281503,4345000
10237,2024-07-14,가을,니트 셔츠_티에리_ZB,50.63291139240506,7449000,191,1667778,15089000
10238,2024-07-14,가을,수트_블레이져(수트)_ZB,20.600796495420152,7721484,35,1762990,9765000
10239,2024-07-14,가을,수트_블레이져(수트)_ZC,20.90909090909091,4854600,22,1163513,6138000
10240,2024-07-14,가을,수트_수트팬츠_ZB,20.46875,4723300,40,995853,5960000
10241,2024-07-14,가을,수트_수트팬츠_ZC,21.05263157894737,2235000,19,479979,2831000
10242,2024-07-14,가을,스웨터_T-에리_ZA,46.166476355475055,13672100,233,3530000,25397000
10243,2024-07-14,가을,스웨터_T-에리_ZB,31.301670457939846,29898200,489,9237386,43521000
10244,2024-07-14,가을,우븐 셔츠_캐쥬얼셔츠_ZB,15.126050420168067,1580000,24,204514,1896000
10245,2024-07-14,가을,팬츠_팬츠(일반)_ZB,21.021984551396315,5316800,68,715510,6732000
10246,2024-07-14,봄,니트 셔츠_라운드_ZB,54.318980948727784,247450,7,46099,573000
10247,2024-07-14,봄,수트_블레이져(수트)_ZB,-inf,218000,1,50972,279000
10248,2024-07-14,봄,수트_블레이져(수트)_ZC,45.0,153450,1,53467,279000
10249,2024-07-14,봄,수트_수트팬츠_ZB,178.25922818791946,-96000,5,118877,745000
10250,2024-07-14,봄,수트_수트팬츠_ZC,24.0,566200,5,128883,745000
10251,2024-07-14,봄,스웨터_T-에리_ZB,34.5959595959596,194250,3,44858,297000
10252,2024-07-14,봄,스웨터_라운드_ZA,0.0,0,0,0,0
10253,2024-07-14,봄,스웨터_라운드_ZB,50.505050505050505,539000,11,179992,1089000
10254,2024-07-14,봄,스웨터_오픈형(CARDIGAN)_ZB,60.235849056603776,48450,0,529,0
10255,2024-07-14,봄,자켓_싱글재킷_ZB,87.86789297658864,72550,2,59097,598000
10256,2024-07-14,봄,코트_싱글코트_ZB,66.88963210702342,-396000,-4,-170998,-1196000
10257,2024-07-14,봄,팬츠_팬츠(일반)_ZB,70.77651515151516,231450,3,27540,297000
10258,2024-07-14,사계절,데님_데님자켓_ZB,53.94872046800863,1146000,14,287730,2786000
10259,2024-07-14,사계절,데님_데님팬츠_ZB,51.70574709947775,6583981,141,2041958,13959000
10260,2024-07-14,사계절,수트_블레이져(수트)_ZB,53.31599515941621,69525836,553,23546475,143227000
10261,2024-07-14,사계절,수트_블레이져(수트)_ZC,44.724548603225074,21867200,148,6516424,38332000
10262,2024-07-14,사계절,수트_수트팬츠_ZB,54.62699948415652,42148956,639,13407191,88821000
10263,2024-07-14,사계절,수트_수트팬츠_ZC,42.75809352517986,11300380,144,3076617,20016000
10264,2024-07-14,사계절,우븐 셔츠_드레스셔츠_ZB,58.59255180367815,79589050,2482,18346399,196078000
10265,2024-07-14,여름,니트 셔츠_라운드_ZB,65.55317427981714,58927000,2173,14533426,171667000
10266,2024-07-14,여름,니트 셔츠_라운드_ZG,61.16103683897801,11839501,308,3217773,30492000
10267,2024-07-14,여름,니트 셔츠_티에리_ZA,67.93915496121403,15538068,568,5082949,56232000
10268,2024-07-14,여름,니트 셔츠_티에리_ZB,59.52074762658228,16152350,528,4292997,41712000
10269,2024-07-14,여름,수트_블레이져(수트)_ZA,46.15275707898659,16799160,90,5537252,31210000
10270,2024-07-14,여름,수트_블레이져(수트)_ZB,38.28056139062577,73518102,424,22691985,118296000
10271,2024-07-14,여름,수트_블레이져(수트)_ZC,31.393939393939394,6316560,33,1880254,9207000
10272,2024-07-14,여름,수트_수트팬츠_ZA,46.143093010456795,11358900,109,3478750,21091000
10273,2024-07-14,여름,수트_수트팬츠_ZB,38.022048518783755,45920459,494,13522096,73606000
10274,2024-07-14,여름,수트_수트팬츠_ZC,31.46938775510204,5003420,49,1379719,7301000
10275,2024-07-14,여름,스웨터_T-에리_ZA,49.0137196905132,7375500,133,1882980,14497000
10276,2024-07-14,여름,스웨터_T-에리_ZB,53.49911985487291,70543260,2086,22072825,188634000
10277,2024-07-14,여름,스웨터_라운드_ZA,64.01630988786953,1765000,45,612614,4905000
10278,2024-07-14,여름,스웨터_라운드_ZB,58.677674504012074,18883700,486,7275430,44004000
10279,2024-07-14,여름,스웨터_오픈형(CARDIGAN)_ZA,63.10562015503876,3046000,64,909304,8256000
10280,2024-07-14,여름,우븐 셔츠_캐쥬얼셔츠_ZA,50.90504001390078,5320700,137,1298263,11083000
10281,2024-07-14,여름,우븐 셔츠_캐쥬얼셔츠_ZB,62.829680940900666,39164449,1320,11003803,104280000
10282,2024-07-14,여름,자켓_싱글재킷_ZA,45.27639102248282,71271310,434,14180956,130546000
10283,2024-07-14,여름,점퍼_점퍼_ZA,35.30522088353413,-986880,-4,-134182,-996000
10284,2024-07-14,여름,점퍼_점퍼_ZB,80.49464524765729,1422280,15,356839,3735000
10285,2024-07-14,여름,점퍼_점퍼_ZG,68.34158857652834,1418930,18,556195,4482000
10286,2024-07-14,여름,팬츠_반바지_ZA,53.87456846950518,4008300,110,1359495,8690000
10287,2024-07-14,여름,팬츠_반바지_ZB,63.1306574344549,9262000,318,2497266,25122000
10288,2024-07-14,여름,팬츠_반바지_ZG,52.89342578803674,6321947,170,2153441,13430000
10289,2024-07-14,여름,팬츠_팬츠(일반)_ZA,46.543501917281105,41803020,609,7375887,78561000
10290,2024-07-14,여름,팬츠_팬츠(일반)_ZB,56.99698599832875,131922561,3484,40653142,344916000
10291,2024-07-14,여름,팬츠_팬츠(일반)_ZG,56.33074935400517,2535000,45,881200,5805000
10292,2024-07-21,가을,니트 셔츠_라운드_ZB,66.88291139240506,2093000,80,409459,6320000
10293,2024-07-21,가을,니트 셔츠_티에리_ZB,51.077059737952474,8812000,228,1990855,18012000
10294,2024-07-21,가을,수트_블레이져(수트)_ZB,20.151515151515152,20450700,92,4685305,25668000
10295,2024-07-21,가을,수트_블레이져(수트)_ZC,20.784313725490197,11271600,51,2697235,14229000
10296,2024-07-21,가을,수트_수트팬츠_ZB,20.087719298245613,12367000,104,2612153,15496000
10297,2024-07-21,가을,수트_수트팬츠_ZC,21.52542372881356,6898700,59,1490460,8791000
10298,2024-07-21,가을,스웨터_T-에리_ZA,49.49221250266695,16571100,301,4560214,32809000
10299,2024-07-21,가을,스웨터_T-에리_ZB,30.107709323077696,27805250,447,8443991,39783000
10300,2024-07-21,가을,우븐 셔츠_캐쥬얼셔츠_ZB,25.227272727272727,1714300,28,236305,2212000
10301,2024-07-21,가을,팬츠_팬츠(일반)_ZB,20.195286195286194,7110600,90,946998,8910000
10302,2024-07-21,겨울,수트_블레이져(수트)_ZB,0.0,2232000,8,417572,2232000
10303,2024-07-21,겨울,수트_수트팬츠_ZB,0.0,1192000,8,211757,1192000
10304,2024-07-21,봄,니트 셔츠_라운드_ZB,108.22784810126582,78000,-7,-46099,-573000
10305,2024-07-21,봄,수트_블레이져(수트)_ZB,-15.232974910394265,-61000,1,41288,279000
10306,2024-07-21,봄,수트_블레이져(수트)_ZC,0.0,279000,1,53467,279000
10307,2024-07-21,봄,수트_수트팬츠_ZB,33.1096196868009,299000,3,70050,447000
10308,2024-07-21,봄,수트_수트팬츠_ZC,20.0,-357600,-3,-77330,-447000
10309,2024-07-21,봄,스웨터_T-에리_ZB,50.509641873278234,1077900,22,328957,2178000
10310,2024-07-21,봄,스웨터_라운드_ZA,0.0,0,0,0,0
10311,2024-07-21,봄,스웨터_라운드_ZB,50.631313131313135,244000,5,79440,495000
10312,2024-07-21,봄,스웨터_오픈형(CARDIGAN)_ZB,0.0,0,0,529,0
10313,2024-07-21,봄,자켓_싱글재킷_ZB,36.19286510590858,572350,3,88646,897000
10314,2024-07-21,봄,코트_싱글코트_ZB,66.88963210702342,-396000,-4,-170998,-1196000
10315,2024-07-21,봄,팬츠_팬츠(일반)_ZB,44.35353535353535,452800,9,85790,891000
10316,2024-07-21,사계절,데님_데님자켓_ZB,48.08270434292872,1131850,13,257490,2257000
10317,2024-07-21,사계절,데님_데님팬츠_ZB,52.629472901449226,7919656,172,2492652,17028000
10318,2024-07-21,사계절,수트_블레이져(수트)_ZB,41.09030270754408,51376142,348,14758380,90132000
10319,2024-07-21,사계절,수트_블레이져(수트)_ZC,42.394224581724586,20151200,136,5990723,35224000
10320,2024-07-21,사계절,수트_수트팬츠_ZB,42.33071316859556,30228816,385,8151582,53515000
10321,2024-07-21,사계절,수트_수트팬츠_ZC,42.94400677804863,11022100,141,3011769,19599000
10322,2024-07-21,사계절,우븐 셔츠_드레스셔츠_ZB,58.750228826619946,70615499,2267,16748791,179093000
10323,2024-07-21,여름,니트 셔츠_라운드_ZB,66.97817738749453,59912916,2444,16144679,193076000
10324,2024-07-21,여름,니트 셔츠_라운드_ZG,64.77377720432202,12147500,336,3483607,33264000
10325,2024-07-21,여름,니트 셔츠_티에리_ZA,68.96122083580907,14543541,527,4766200,52173000
10326,2024-07-21,여름,니트 셔츠_티에리_ZB,59.995554550934294,17770450,603,4839101,47637000
10327,2024-07-21,여름,수트_블레이져(수트)_ZA,46.27072167518385,16409700,89,5471038,30871000
10328,2024-07-21,여름,수트_블레이져(수트)_ZB,41.31890753892407,56093902,351,18739479,97929000
10329,2024-07-21,여름,수트_블레이져(수트)_ZC,29.73076923076923,5097330,26,1481412,7254000
10330,2024-07-21,여름,수트_수트팬츠_ZA,46.422534872534875,10386670,101,3271853,19719000
10331,2024-07-21,여름,수트_수트팬츠_ZB,42.25070972813102,37609018,441,12042097,65709000
10332,2024-07-21,여름,수트_수트팬츠_ZC,30.4,5185200,50,1407876,7450000
10333,2024-07-21,여름,스웨터_T-에리_ZA,51.39664998609953,8164300,154,2170855,16786000
10334,2024-07-21,여름,스웨터_T-에리_ZB,52.57843692746576,59476600,1641,17716820,149999000
10335,2024-07-21,여름,스웨터_라운드_ZA,62.93819410912602,2302650,57,775977,6213000
10336,2024-07-21,여름,스웨터_라운드_ZB,59.55293419433373,22168550,584,8736668,52846000
10337,2024-07-21,여름,스웨터_오픈형(CARDIGAN)_ZA,62.6124031007752,3376100,70,994551,9030000
10338,2024-07-21,여름,우븐 셔츠_캐쥬얼셔츠_ZA,57.95856264412688,5075100,145,1396809,11595000
10339,2024-07-21,여름,우븐 셔츠_캐쥬얼셔츠_ZB,61.80599761478631,44320689,1497,12423289,118263000
10340,2024-07-21,여름,자켓_싱글재킷_ZA,-inf,57929298,361,12517923,109349000
10341,2024-07-21,여름,점퍼_점퍼_ZA,66.13453815261045,1737350,11,391057,2739000
10342,2024-07-21,여름,점퍼_점퍼_ZB,60.978463561849736,2585440,27,652567,6723000
10343,2024-07-21,여름,점퍼_점퍼_ZG,58.22303058387395,1754241,18,496272,4482000
10344,2024-07-21,여름,팬츠_반바지_ZA,57.23592317765168,3918900,116,1433649,9164000
10345,2024-07-21,여름,팬츠_반바지_ZB,68.37106339385389,10821300,433,3402144,34207000
10346,2024-07-21,여름,팬츠_반바지_ZG,53.39947128350043,6649400,181,2292231,14299000
10347,2024-07-21,여름,팬츠_팬츠(일반)_ZA,44.09054724972954,32528624,470,5510991,60630000
10348,2024-07-21,여름,팬츠_팬츠(일반)_ZB,64.19677923710752,109137070,3244,36823624,321156000
10349,2024-07-21,여름,팬츠_팬츠(일반)_ZG,57.88947236809202,3368000,62,1214098,7998000
10350,2024-07-28,가을,니트 셔츠_라운드_ZB,77.28703386931235,663900,37,189375,2923000
10351,2024-07-28,가을,니트 셔츠_티에리_ZB,53.26693559604952,16798200,455,3972979,35945000
10352,2024-07-28,가을,수트_블레이져(수트)_ZB,21.532980532980535,16327080,74,3788710,20646000
10353,2024-07-28,가을,수트_블레이져(수트)_ZC,20.17391304347826,10244880,46,2432801,12834000
10354,2024-07-28,가을,수트_수트팬츠_ZB,20.998599439775912,11356780,96,2435932,14304000
10355,2024-07-28,가을,수트_수트팬츠_ZC,20.41860465116279,5098780,43,1086267,6407000
10356,2024-07-28,가을,스웨터_T-에리_ZA,47.85704504997946,30464000,536,8120515,58424000
10357,2024-07-28,가을,스웨터_T-에리_ZB,31.6374531835206,27379200,450,8500662,40050000
10358,2024-07-28,가을,우븐 셔츠_캐쥬얼셔츠_ZB,19.583333333333336,2291000,36,308360,2844000
10359,2024-07-28,가을,팬츠_팬츠(일반)_ZB,20.207134637514386,6240600,79,831254,7821000
10360,2024-07-28,겨울,수트_블레이져(수트)_ZB,0.0,837000,3,156590,837000
10361,2024-07-28,겨울,수트_수트팬츠_ZB,4.0,715200,5,132348,745000
10362,2024-07-28,봄,니트 셔츠_라운드_ZB,50.63291139240506,39000,1,6514,79000
10363,2024-07-28,봄,수트_블레이져(수트)_ZB,60.93189964157706,-545000,-5,-240335,-1395000
10364,2024-07-28,봄,수트_블레이져(수트)_ZC,60.93189964157706,545000,5,267337,1395000
10365,2024-07-28,봄,수트_수트팬츠_ZB,66.44295302013423,-300000,-6,-135847,-894000
10366,2024-07-28,봄,수트_수트팬츠_ZC,66.44295302013423,350000,7,180436,1043000
10367,2024-07-28,봄,스웨터_T-에리_ZB,0.0,0,0,0,0
10368,2024-07-28,봄,스웨터_라운드_ZA,0.0,0,0,0,0
10369,2024-07-28,봄,스웨터_라운드_ZB,50.505050505050505,49000,1,15769,99000
10370,2024-07-28,봄,스웨터_오픈형(CARDIGAN)_ZB,0.0,0,0,0,0
10371,2024-07-28,봄,자켓_싱글재킷_ZB,inf,-10000,0,0,0
10372,2024-07-28,봄,코트_싱글코트_ZB,66.88963210702342,99000,1,42749,299000
10373,2024-07-28,봄,팬츠_팬츠(일반)_ZB,70.20202020202021,118000,1,8124,99000
10374,2024-07-28,사계절,데님_데님자켓_ZB,54.66268744703585,868000,12,235470,2008000
10375,2024-07-28,사계절,데님_데님팬츠_ZB,52.033906110917606,4522379,96,1391266,9504000
10376,2024-07-28,사계절,수트_블레이져(수트)_ZB,46.82603843421222,44316969,309,13111804,80031000
10377,2024-07-28,사계절,수트_블레이져(수트)_ZC,43.04089446589447,12833750,87,3833244,22533000
10378,2024-07-28,사계절,수트_수트팬츠_ZB,49.66840712133562,25394566,343,7241348,47677000
10379,2024-07-28,사계절,수트_수트팬츠_ZC,43.46194339087829,7330200,95,2029104,13205000
10380,2024-07-28,사계절,우븐 셔츠_드레스셔츠_ZB,58.83577215067206,70720760,2253,16450425,177987000
10381,2024-07-28,여름,니트 셔츠_라운드_ZB,69.97562281982722,83762487,3992,25131656,315368000
10382,2024-07-28,여름,니트 셔츠_라운드_ZG,65.61851038858975,15735800,470,4915102,46530000
10383,2024-07-28,여름,니트 셔츠_티에리_ZA,72.36436658912999,10417915,401,3643146,39699000
10384,2024-07-28,여름,니트 셔츠_티에리_ZB,64.06702144886466,17824547,634,5070435,50086000
10385,2024-07-28,여름,수트_블레이져(수트)_ZA,46.407111111111114,17972340,99,6046914,34161000
10386,2024-07-28,여름,수트_블레이져(수트)_ZB,42.12571186478471,38404629,239,12793986,66681000
10387,2024-07-28,여름,수트_블레이져(수트)_ZC,31.071428571428573,2692350,14,797683,3906000
10388,2024-07-28,여름,수트_수트팬츠_ZA,46.38852223816356,10670940,105,3345695,20265000
10389,2024-07-28,여름,수트_수트팬츠_ZB,42.443916252306344,24536873,285,7784687,42465000
10390,2024-07-28,여름,수트_수트팬츠_ZC,30.25925925925926,2805670,27,760253,4023000
10391,2024-07-28,여름,스웨터_T-에리_ZA,51.397812713602185,6975100,134,1888693,14606000
10392,2024-07-28,여름,스웨터_T-에리_ZB,56.48621465310313,50714587,1390,15292971,125890000
10393,2024-07-28,여름,스웨터_라운드_ZA,64.3256880733945,2333100,60,816818,6540000
10394,2024-07-28,여름,스웨터_라운드_ZB,58.4398083481425,17946750,459,6912425,41681000
10395,2024-07-28,여름,스웨터_오픈형(CARDIGAN)_ZA,63.0406976744186,1907100,40,568315,5160000
10396,2024-07-28,여름,우븐 셔츠_캐쥬얼셔츠_ZA,60.62191397127568,3477000,113,1061011,9267000
10397,2024-07-28,여름,우븐 셔츠_캐쥬얼셔츠_ZB,62.1020516459207,43178744,1506,12324535,118974000
10398,2024-07-28,여름,자켓_싱글재킷_ZA,45.628741422326186,50689060,317,10584641,95833000
10399,2024-07-28,여름,점퍼_점퍼_ZA,35.02392904953146,5103070,31,1089004,7719000
10400,2024-07-28,여름,점퍼_점퍼_ZB,59.07629406514948,1580934,16,387939,3984000
10401,2024-07-28,여름,점퍼_점퍼_ZG,71.70796519410978,679683,9,300568,2241000
10402,2024-07-28,여름,팬츠_반바지_ZA,63.85582771658721,4397300,154,1903293,12166000
10403,2024-07-28,여름,팬츠_반바지_ZB,75.87836771370527,11886550,624,4904799,49296000
10404,2024-07-28,여름,팬츠_반바지_ZG,56.91284872754057,9918500,294,3715096,23226000
10405,2024-07-28,여름,팬츠_팬츠(일반)_ZA,48.74190187617827,26836234,404,4921995,52116000
10406,2024-07-28,여름,팬츠_팬츠(일반)_ZB,63.2033119724973,93076585,2814,32284973,278586000
10407,2024-07-28,여름,팬츠_팬츠(일반)_ZG,58.521672671689046,3799000,71,1390338,9159000
10408,2024-08-04,가을,니트 셔츠_라운드_ZB,71.80939363324815,14230900,639,3270550,50481000
10409,2024-08-04,가을,니트 셔츠_티에리_ZB,59.58317350722414,6322000,198,1728901,15642000
10410,2024-08-04,가을,수트_블레이져(수트)_ZB,19.761904761904763,28262700,126,6381119,35154000
10411,2024-08-04,가을,수트_블레이져(수트)_ZC,20.928571428571427,18531180,84,4442505,23436000
10412,2024-08-04,가을,수트_수트팬츠_ZB,20.286324786324787,16588170,140,3533019,20860000
10413,2024-08-04,가을,수트_수트팬츠_ZC,21.270588235294117,9971080,85,2147272,12665000
10414,2024-08-04,가을,스웨터_T-에리_ZA,48.49761807155681,36433300,649,9832489,70741000
10415,2024-08-04,가을,스웨터_T-에리_ZB,30.8180731532393,28938800,470,8878469,41830000
10416,2024-08-04,가을,우븐 셔츠_캐쥬얼셔츠_ZB,20.0,5561600,88,761633,6952000
10417,2024-08-04,가을,팬츠_팬츠(일반)_ZB,20.0981240981241,8305800,105,1117495,10395000
10418,2024-08-04,겨울,수트_블레이져(수트)_ZB,0.0,2232000,8,425170,2232000
10419,2024-08-04,겨울,수트_수트팬츠_ZB,0.0,1490000,10,269096,1490000
10420,2024-08-04,봄,니트 셔츠_라운드_ZB,50.63291139240506,195000,5,32568,395000
10421,2024-08-04,봄,수트_블레이져(수트)_ZB,60.93189964157706,109000,1,50972,279000
10422,2024-08-04,봄,수트_블레이져(수트)_ZC,0.0,0,0,0,0
10423,2024-08-04,봄,수트_수트팬츠_ZB,66.44295302013423,200000,4,95527,596000
10424,2024-08-04,봄,수트_수트팬츠_ZC,0.0,0,0,0,0
10425,2024-08-04,봄,스웨터_T-에리_ZB,50.505050505050505,98000,2,29905,198000
10426,2024-08-04,봄,스웨터_라운드_ZA,0.0,0,0,0,0
10427,2024-08-04,봄,스웨터_라운드_ZB,50.505050505050505,441000,9,146078,891000
10428,2024-08-04,봄,스웨터_오픈형(CARDIGAN)_ZB,100.0,236000,2,38632,318000
10429,2024-08-04,봄,자켓_싱글재킷_ZB,73.57859531772576,79000,1,29549,299000
10430,2024-08-04,봄,코트_싱글코트_ZB,0.0,0,0,0,0
10431,2024-08-04,봄,팬츠_팬츠(일반)_ZB,70.20521885521885,177019,0,-4753,0
10432,2024-08-04,사계절,데님_데님자켓_ZB,67.27115254084636,918923,10,221137,1930000
10433,2024-08-04,사계절,데님_데님팬츠_ZB,54.5079576250308,5844988,134,1950300,13266000
10434,2024-08-04,사계절,수트_블레이져(수트)_ZB,44.01600703119817,64026077,435,18465973,112665000
10435,2024-08-04,사계절,수트_블레이져(수트)_ZC,42.69652509652509,24396800,164,7221277,42476000
10436,2024-08-04,사계절,수트_수트팬츠_ZB,45.01697256065011,35686892,457,9659994,63523000
10437,2024-08-04,사계절,수트_수트팬츠_ZC,44.761091127098325,13491700,174,3716504,24186000
10438,2024-08-04,사계절,우븐 셔츠_드레스셔츠_ZB,61.29657010835921,78406800,2678,19803850,211562000
10439,2024-08-04,여름,니트 셔츠_라운드_ZB,71.04961147363582,91095067,4310,28460479,340490000
10440,2024-08-04,여름,니트 셔츠_라운드_ZG,65.98175463105014,30376400,940,10187910,93060000
10441,2024-08-04,여름,니트 셔츠_티에리_ZA,71.73941300895552,15287638,565,5034077,55935000
10442,2024-08-04,여름,니트 셔츠_티에리_ZB,63.05421875612337,21374700,741,5818921,58539000
10443,2024-08-04,여름,수트_블레이져(수트)_ZA,46.333333333333336,16664040,91,5540292,31349000
10444,2024-08-04,여름,수트_블레이져(수트)_ZB,42.15901304047578,49161105,304,16286427,84816000
10445,2024-08-04,여름,수트_블레이져(수트)_ZC,25.4,2081340,10,569774,2790000
10446,2024-08-04,여름,수트_수트팬츠_ZA,46.47312396882289,11467760,113,3578261,21707000
10447,2024-08-04,여름,수트_수트팬츠_ZB,42.46156983460623,30788556,359,9835160,53491000
10448,2024-08-04,여름,수트_수트팬츠_ZC,38.75553691275168,2190102,24,675781,3576000
10449,2024-08-04,여름,스웨터_T-에리_ZA,52.0086441586939,5559710,110,1539667,11990000
10450,2024-08-04,여름,스웨터_T-에리_ZB,54.72676054283842,60216482,1610,17602281,145680000
10451,2024-08-04,여름,스웨터_라운드_ZA,65.3435686201086,1851000,49,667068,5341000
10452,2024-08-04,여름,스웨터_라운드_ZB,58.56733869473544,19659370,506,7646086,45894000
10453,2024-08-04,여름,스웨터_오픈형(CARDIGAN)_ZA,63.44043927648579,2829710,60,852472,7740000
10454,2024-08-04,여름,우븐 셔츠_캐쥬얼셔츠_ZA,57.92240264814105,2897000,93,867116,7647000
10455,2024-08-04,여름,우븐 셔츠_캐쥬얼셔츠_ZB,58.06283442531742,42764280,1468,12020804,115972000
10456,2024-08-04,여름,자켓_싱글재킷_ZA,46.69619446185105,54020754,338,11815203,103012000
10457,2024-08-04,여름,점퍼_점퍼_ZA,40.77710843373494,-2533740,-17,-595176,-4233000
10458,2024-08-04,여름,점퍼_점퍼_ZB,69.73901667275162,3149495,46,1132780,11454000
10459,2024-08-04,여름,점퍼_점퍼_ZG,65.46793842034806,1069909,12,415738,2988000
10460,2024-08-04,여름,팬츠_반바지_ZA,63.33886698485163,5300100,183,2261705,14457000
10461,2024-08-04,여름,팬츠_반바지_ZB,74.06822382290085,16983520,828,6542240,65412000
10462,2024-08-04,여름,팬츠_반바지_ZG,56.73436382297142,15790000,460,5828337,36340000
10463,2024-08-04,여름,팬츠_팬츠(일반)_ZA,47.646336379848755,28370834,420,5130518,54180000
10464,2024-08-04,여름,팬츠_팬츠(일반)_ZB,61.981391379433575,113327166,3269,37442596,323631000
10465,2024-08-04,여름,팬츠_팬츠(일반)_ZG,57.09600477042338,2878000,52,1018276,6708000
10466,2024-08-11,가을,니트 셔츠_라운드_ZB,73.74189564680456,3402000,164,839390,12956000
10467,2024-08-11,가을,니트 셔츠_티에리_ZB,68.14807528119084,8580590,341,2977551,26939000
10468,2024-08-11,가을,수트_블레이져(수트)_ZB,20.56661080854629,27954900,126,6417173,35154000
10469,2024-08-11,가을,수트_블레이져(수트)_ZC,21.956521739130434,10016100,46,2432801,12834000
10470,2024-08-11,가을,수트_수트팬츠_ZB,20.59966320033434,17058800,144,3630954,21456000
10471,2024-08-11,가을,수트_수트팬츠_ZC,21.73076923076923,6064300,52,1313625,7748000
10472,2024-08-11,가을,스웨터_T-에리_ZA,49.74655439654811,23992000,438,6635794,47742000
10473,2024-08-11,가을,스웨터_T-에리_ZB,30.352303523035232,22873000,369,6970543,32841000
10474,2024-08-11,가을,우븐 셔츠_캐쥬얼셔츠_ZB,21.424050632911396,5918200,95,811714,7505000
10475,2024-08-11,가을,팬츠_팬츠(일반)_ZB,21.058044210218124,10785050,138,1510319,13662000
10476,2024-08-11,겨울,니트 셔츠_라운드_ZB,0.0,0,0,0,0
10477,2024-08-11,겨울,수트_블레이져(수트)_ZB,16.666666666666668,1953000,8,386826,2232000
10478,2024-08-11,겨울,수트_블레이져(수트)_ZC,0.0,0,0,0,0
10479,2024-08-11,겨울,수트_수트팬츠_ZB,11.111111111111112,1192000,9,216348,1341000
10480,2024-08-11,겨울,수트_수트팬츠_ZC,0.0,0,0,0,0
10481,2024-08-11,겨울,우븐 셔츠_캐쥬얼셔츠_ZB,0.0,3634000,46,351761,3634000
10482,2024-08-11,겨울,자켓_싱글재킷_ZA,0.0,0,0,0,0
10483,2024-08-11,겨울,팬츠_팬츠(일반)_ZB,0.0,0,0,0,0
10484,2024-08-11,봄,니트 셔츠_라운드_ZB,100.0,0,-1,-7018,-99000
10485,2024-08-11,봄,수트_블레이져(수트)_ZB,60.93189964157706,109000,1,46130,279000
10486,2024-08-11,봄,수트_블레이져(수트)_ZC,0.0,0,0,0,0
10487,2024-08-11,봄,수트_수트팬츠_ZB,66.44295302013423,100000,2,46700,298000
10488,2024-08-11,봄,수트_수트팬츠_ZC,0.0,0,0,0,0
10489,2024-08-11,봄,스웨터_T-에리_ZB,50.505050505050505,245000,5,74763,495000
10490,2024-08-11,봄,스웨터_라운드_ZA,0.0,0,0,0,0
10491,2024-08-11,봄,스웨터_라운드_ZB,50.505050505050505,245000,5,78846,495000
10492,2024-08-11,봄,스웨터_오픈형(CARDIGAN)_ZB,0.0,0,0,0,0
10493,2024-08-11,봄,자켓_싱글재킷_ZB,73.57859531772576,158000,2,59097,598000
10494,2024-08-11,봄,코트_싱글코트_ZB,0.0,0,0,0,0
10495,2024-08-11,봄,팬츠_팬츠(일반)_ZB,70.20202020202021,59000,-1,-8124,-99000
10496,2024-08-11,사계절,데님_데님자켓_ZB,54.39494982990064,1362000,18,359370,3222000
10497,2024-08-11,사계절,데님_데님팬츠_ZB,51.63186666863567,5741666,134,1970148,13266000
10498,2024-08-11,사계절,수트_블레이져(수트)_ZB,52.18470930201961,53330656,381,16178210,98679000
10499,2024-08-11,사계절,수트_블레이져(수트)_ZC,43.73983788580062,18880000,129,5681748,33411000
10500,2024-08-11,사계절,수트_수트팬츠_ZB,53.63626254283582,30751334,421,8884733,58519000
10501,2024-08-11,사계절,수트_수트팬츠_ZC,44.742709832134295,10609200,137,2924729,19043000
10502,2024-08-11,사계절,우븐 셔츠_드레스셔츠_ZB,59.402021475374454,66448703,2175,16030229,171825000
10503,2024-08-11,여름,니트 셔츠_라운드_ZB,71.27148123800711,82609397,3926,26719344,310154000
10504,2024-08-11,여름,니트 셔츠_라운드_ZG,65.54779433476143,13510100,418,4451526,41382000
10505,2024-08-11,여름,니트 셔츠_티에리_ZA,72.45892010025884,13140738,503,4473347,49797000
10506,2024-08-11,여름,니트 셔츠_티에리_ZB,64.09144463726692,12153400,436,3443531,34444000
10507,2024-08-11,여름,수트_블레이져(수트)_ZA,49.66401650864685,14403074,83,5217449,29237000
10508,2024-08-11,여름,수트_블레이져(수트)_ZB,47.773140920600014,43388933,302,16182047,84258000
10509,2024-08-11,여름,수트_블레이져(수트)_ZC,30.0,2538900,13,740706,3627000
10510,2024-08-11,여름,수트_수트팬츠_ZA,49.7094962309248,10104674,99,3234314,19481000
10511,2024-08-11,여름,수트_수트팬츠_ZB,44.969368155925594,27772906,335,9182901,49915000
10512,2024-08-11,여름,수트_수트팬츠_ZC,33.01623644811564,2594951,26,732096,3874000
10513,2024-08-11,여름,스웨터_T-에리_ZA,52.0355504587156,4473000,87,1223520,9483000
10514,2024-08-11,여름,스웨터_T-에리_ZB,54.861227114656465,43050903,1312,13705970,118108000
10515,2024-08-11,여름,스웨터_라운드_ZA,61.162079510703364,1143000,27,367568,2943000
10516,2024-08-11,여름,스웨터_라운드_ZB,58.26582598799146,14142000,364,5619684,32876000
10517,2024-08-11,여름,스웨터_오픈형(CARDIGAN)_ZA,62.11046511627907,1955100,40,568315,5160000
10518,2024-08-11,여름,우븐 셔츠_캐쥬얼셔츠_ZA,58.706677859126955,3365000,105,984613,8755000
10519,2024-08-11,여름,우븐 셔츠_캐쥬얼셔츠_ZB,62.78465970759784,37176360,1276,10464548,100804000
10520,2024-08-11,여름,자켓_싱글재킷_ZA,48.96970743938481,36461020,230,8095466,70120000
10521,2024-08-11,여름,점퍼_점퍼_ZA,36.89902467010901,2896900,18,632279,4482000
10522,2024-08-11,여름,점퍼_점퍼_ZB,60.811499968126476,5347000,53,1283927,13197000
10523,2024-08-11,여름,점퍼_점퍼_ZG,61.78802165182469,4562000,48,1498166,11952000
10524,2024-08-11,여름,팬츠_반바지_ZA,63.1075379176645,3235100,111,1371854,8769000
10525,2024-08-11,여름,팬츠_반바지_ZB,74.45044625424373,11418450,564,4462769,44556000
10526,2024-08-11,여름,팬츠_반바지_ZG,57.47184556235577,14868000,442,5632286,34918000
10527,2024-08-11,여름,팬츠_팬츠(일반)_ZA,47.49622396051161,23938214,355,4297880,45795000
10528,2024-08-11,여름,팬츠_팬츠(일반)_ZB,63.37891000563893,74660072,2276,26112626,225324000
10529,2024-08-11,여름,팬츠_팬츠(일반)_ZG,63.28089375284998,1610500,34,665796,4386000
10530,2024-08-18,가을,니트 셔츠_라운드_ZB,72.2402119517221,1886000,86,440168,6794000
10531,2024-08-18,가을,니트 셔츠_티에리_ZB,63.39685831935336,4800136,166,1449482,13114000
10532,2024-08-18,가을,수트_블레이져(수트)_ZB,20.35333010804709,39288780,177,8972961,49383000
10533,2024-08-18,가을,수트_블레이져(수트)_ZC,20.493506493506494,17080380,77,4072297,21483000
10534,2024-08-18,가을,수트_수트팬츠_ZB,20.396254522238774,23485380,198,4985190,29502000
10535,2024-08-18,가을,수트_수트팬츠_ZC,20.783783783783782,8734380,74,1869390,11026000
10536,2024-08-18,가을,스웨터_T-에리_ZA,49.664202369288326,28256000,515,7802360,56135000
10537,2024-08-18,가을,스웨터_T-에리_ZB,33.3039691509873,20063500,338,6384942,30082000
10538,2024-08-18,가을,우븐 셔츠_캐쥬얼셔츠_ZB,41.167960855228166,1272800,24,216233,1896000
10539,2024-08-18,가을,점퍼_점퍼_ZA,0.0,0,0,0,0
10540,2024-08-18,가을,팬츠_팬츠(일반)_ZB,23.854942871336313,9196800,122,1335210,12078000
10541,2024-08-18,겨울,니트 셔츠_라운드_ZB,20.0,1321600,28,162205,1652000
10542,2024-08-18,겨울,수트_블레이져(수트)_ZB,20.654561403508772,26505000,120,5847733,33480000
10543,2024-08-18,겨울,수트_블레이져(수트)_ZC,20.0,6249600,28,1198305,7812000
10544,2024-08-18,겨울,수트_수트팬츠_ZB,20.531577324039233,17254200,146,3703006,21754000
10545,2024-08-18,겨울,수트_수트팬츠_ZC,20.0,3456800,29,689515,4321000
10546,2024-08-18,겨울,우븐 셔츠_캐쥬얼셔츠_ZB,-26.493544303797467,3450980,59,658181,5161000
10547,2024-08-18,겨울,자켓_싱글재킷_ZA,20.0,8611200,36,1405329,10764000
10548,2024-08-18,겨울,점퍼_점퍼_ZB,0.0,0,0,0,0
10549,2024-08-18,겨울,조끼_패딩베스트_ZB,0.0,0,0,0,0
10550,2024-08-18,겨울,팬츠_팬츠(일반)_ZB,10.0,7306200,88,1019390,8712000
10551,2024-08-18,봄,니트 셔츠_라운드_ZB,59.11658781911947,467450,18,130862,1962000
10552,2024-08-18,봄,수트_블레이져(수트)_ZB,70.24342891278374,3507000,50,2626062,13950000
10553,2024-08-18,봄,수트_블레이져(수트)_ZC,inf,-149000,0,0,0
10554,2024-08-18,봄,수트_수트팬츠_ZB,67.18063086607003,3309000,68,1781329,10132000
10555,2024-08-18,봄,수트_수트팬츠_ZC,66.80902989627822,544000,11,283542,1639000
10556,2024-08-18,봄,스웨터_T-에리_ZB,50.505050505050505,-588000,-12,-179431,-1188000
10557,2024-08-18,봄,스웨터_라운드_ZA,50.505050505050505,-343000,-7,-109856,-693000
10558,2024-08-18,봄,스웨터_라운드_ZB,60.88263588263588,333500,11,171680,1089000
10559,2024-08-18,봄,스웨터_오픈형(CARDIGAN)_ZB,60.83158630328441,-837000,-14,-261959,-2226000
10560,2024-08-18,봄,자켓_싱글재킷_ZB,73.57859531772576,237000,3,88646,897000
10561,2024-08-18,봄,코트_싱글코트_ZB,66.88963210702342,99000,1,42749,299000
10562,2024-08-18,봄,팬츠_팬츠(일반)_ZB,51.08209192768017,855450,40,343974,3960000
10563,2024-08-18,사계절,데님_데님자켓_ZB,54.11933757696734,3422000,38,820320,8902000
10564,2024-08-18,사계절,데님_데님팬츠_ZB,53.12617304956876,5362854,120,1758358,11880000
10565,2024-08-18,사계절,수트_블레이져(수트)_ZB,51.40648666513328,61062224,440,18680393,113960000
10566,2024-08-18,사계절,수트_블레이져(수트)_ZC,43.93053096060615,20128500,141,6206380,36519000
10567,2024-08-18,사계절,수트_수트팬츠_ZB,52.63859888687783,35149860,486,10260819,67554000
10568,2024-08-18,사계절,수트_수트팬츠_ZC,44.58033573141487,11511200,151,3223558,20989000
10569,2024-08-18,사계절,우븐 셔츠_드레스셔츠_ZB,61.01376793109901,89516349,2983,22469186,235657000
10570,2024-08-18,여름,니트 셔츠_라운드_ZB,70.40073996362835,48864312,2129,16236353,168191000
10571,2024-08-18,여름,니트 셔츠_라운드_ZG,64.58386431826007,11554000,326,3462151,32274000
10572,2024-08-18,여름,니트 셔츠_티에리_ZA,72.11457567200512,8940930,342,3105466,33858000
10573,2024-08-18,여름,니트 셔츠_티에리_ZB,63.13550595543794,15814400,544,4279843,42976000
10574,2024-08-18,여름,수트_블레이져(수트)_ZA,48.96124049313317,15214240,85,5317213,29815000
10575,2024-08-18,여름,수트_블레이져(수트)_ZB,45.60534216135167,47679339,319,17097013,89001000
10576,2024-08-18,여름,수트_블레이져(수트)_ZC,30.0,2538900,13,740706,3627000
10577,2024-08-18,여름,수트_수트팬츠_ZA,48.54377391354835,9904900,96,3134887,18844000
10578,2024-08-18,여름,수트_수트팬츠_ZB,43.858930816376926,29865279,358,9792856,53342000
10579,2024-08-18,여름,수트_수트팬츠_ZC,31.61691275167785,2547270,25,703938,3725000
10580,2024-08-18,여름,스웨터_T-에리_ZA,53.122593053409716,4726000,94,1321109,10246000
10581,2024-08-18,여름,스웨터_T-에리_ZB,53.91446598589476,37094979,1058,11417333,95842000
10582,2024-08-18,여름,스웨터_라운드_ZA,64.22018348623853,1248000,32,435636,3488000
10583,2024-08-18,여름,스웨터_라운드_ZB,58.420923699155,19958300,512,7632856,46428000
10584,2024-08-18,여름,스웨터_오픈형(CARDIGAN)_ZA,63.14993382491964,1949000,41,582523,5289000
10585,2024-08-18,여름,우븐 셔츠_캐쥬얼셔츠_ZA,58.51167237059067,3626650,111,1043927,9209000
10586,2024-08-18,여름,우븐 셔츠_캐쥬얼셔츠_ZB,63.114571909219606,37411645,1298,10690809,102542000
10587,2024-08-18,여름,자켓_싱글재킷_ZA,48.3137064674347,49314328,316,11409616,95984000
10588,2024-08-18,여름,점퍼_점퍼_ZA,62.33159303882196,562766,6,205542,1494000
10589,2024-08-18,여름,점퍼_점퍼_ZB,68.78797240243023,2952000,38,960937,9462000
10590,2024-08-18,여름,점퍼_점퍼_ZG,68.27309236947792,672000,8,277159,1992000
10591,2024-08-18,여름,팬츠_반바지_ZA,63.09860093271153,2769450,95,1174109,7505000
10592,2024-08-18,여름,팬츠_반바지_ZB,75.90408347015519,8643100,454,3570965,35866000
10593,2024-08-18,여름,팬츠_반바지_ZG,57.58080373602065,6803100,203,2597362,16037000
10594,2024-08-18,여름,팬츠_팬츠(일반)_ZA,48.2767660466251,26002540,390,4655550,50310000
10595,2024-08-18,여름,팬츠_팬츠(일반)_ZB,63.163261784302364,59073275,1763,20324237,174537000
10596,2024-08-18,여름,팬츠_팬츠(일반)_ZG,56.85492801771871,3506400,63,1233680,8127000
10597,2024-08-25,가을,니트 셔츠_라운드_ZB,73.01310176589018,7434000,366,1936445,28914000
10598,2024-08-25,가을,니트 셔츠_티에리_ZB,62.68669691903511,3124616,106,925573,8374000
10599,2024-08-25,가을,수트_블레이져(수트)_ZB,21.1373680520022,56821140,258,13085010,71982000
10600,2024-08-25,가을,수트_블레이져(수트)_ZC,20.533333333333335,16628400,75,3966523,20925000
10601,2024-08-25,가을,수트_수트팬츠_ZB,21.250253085039137,34258140,291,7315298,43359000
10602,2024-08-25,가을,수트_수트팬츠_ZC,20.13157894736842,9044300,76,1919914,11324000
10603,2024-08-25,가을,스웨터_T-에리_ZA,54.3453891414071,16372200,329,4984420,35861000
10604,2024-08-25,가을,스웨터_T-에리_ZB,36.46186947167105,18604600,329,6214928,29281000
10605,2024-08-25,가을,우븐 셔츠_캐쥬얼셔츠_ZB,25.621010494428216,4946300,84,743541,6636000
10606,2024-08-25,가을,자켓_싱글재킷_ZA,20.0,5980000,25,972556,7475000
10607,2024-08-25,가을,점퍼_점퍼_ZA,20.0,12258400,77,2201276,15323000
10608,2024-08-25,가을,팬츠_팬츠(일반)_ZA,20.0,3199200,31,606137,3999000
10609,2024-08-25,가을,팬츠_팬츠(일반)_ZB,24.527317620650955,16811540,225,2462477,22275000
10610,2024-08-25,겨울,니트 셔츠_라운드_ZB,20.83975346687211,2055000,44,254893,2596000
10611,2024-08-25,겨울,니트 셔츠_티에리_ZB,2.3076923076923075,1257300,13,141498,1287000
10612,2024-08-25,겨울,수트_블레이져(수트)_ZA,0.0,0,0,0,0
10613,2024-08-25,겨울,수트_블레이져(수트)_ZB,21.130526315789474,15066000,69,3362131,19251000
10614,2024-08-25,겨울,수트_블레이져(수트)_ZC,20.0,4464000,20,886193,5580000
10615,2024-08-25,겨울,수트_수트팬츠_ZA,0.0,0,0,0,0
10616,2024-08-25,겨울,수트_수트팬츠_ZB,21.316961561928004,7092600,61,1525837,9089000
10617,2024-08-25,겨울,수트_수트팬츠_ZC,20.0,2026400,17,424411,2533000
10618,2024-08-25,겨울,우븐 셔츠_캐쥬얼셔츠_ZB,21.548049504862608,4494100,69,630436,5751000
10619,2024-08-25,겨울,자켓_싱글재킷_ZA,22.5,2780700,12,468443,3588000
10620,2024-08-25,겨울,점퍼_점퍼_ZB,0.0,5727000,23,959062,5727000
10621,2024-08-25,겨울,점퍼_패딩점퍼_ZB,0.0,0,0,0,0
10622,2024-08-25,겨울,조끼_패딩베스트_ZB,0.0,0,0,0,0
10623,2024-08-25,겨울,팬츠_팬츠(일반)_ZB,25.672604422604422,3114600,49,576874,4851000
10624,2024-08-25,봄,니트 셔츠_라운드_ZB,73.66864851042067,2665000,115,766711,9785000
10625,2024-08-25,봄,수트_블레이져(수트)_ZB,60.93189964157706,3924000,36,1660687,10044000
10626,2024-08-25,봄,수트_블레이져(수트)_ZC,0.0,0,0,0,0
10627,2024-08-25,봄,수트_수트팬츠_ZB,66.44295302013423,2250000,45,1050748,6705000
10628,2024-08-25,봄,수트_수트팬츠_ZC,0.0,0,0,0,0
10629,2024-08-25,봄,스웨터_T-에리_ZB,69.67106967106967,1171000,39,583151,3861000
10630,2024-08-25,봄,스웨터_라운드_ZA,0.0,0,0,0,0
10631,2024-08-25,봄,스웨터_라운드_ZB,70.37037037037038,1615000,55,885117,5445000
10632,2024-08-25,봄,스웨터_오픈형(CARDIGAN)_ZB,76.85534591194968,1060000,30,568897,4770000
10633,2024-08-25,봄,자켓_싱글재킷_ZB,0.0,0,0,0,0
10634,2024-08-25,봄,코트_싱글코트_ZB,0.0,0,0,0,0
10635,2024-08-25,봄,팬츠_팬츠(일반)_ZB,73.37436868686869,1687000,64,621332,6336000
10636,2024-08-25,사계절,데님_데님자켓_ZB,73.13658302936517,471000,9,165300,1121000
10637,2024-08-25,사계절,데님_데님팬츠_ZB,44.11683501683502,4792240,99,1453422,9801000
10638,2024-08-25,사계절,수트_블레이져(수트)_ZB,49.712145098312405,60728564,431,18290293,111629000
10639,2024-08-25,사계절,수트_블레이져(수트)_ZC,43.24977501669231,20745500,142,6250901,36778000
10640,2024-08-25,사계절,수트_수트팬츠_ZB,50.24851691769114,36069234,480,10152873,66720000
10641,2024-08-25,사계절,수트_수트팬츠_ZC,44.92038187631712,11468850,150,3203304,20850000
10642,2024-08-25,사계절,우븐 셔츠_드레스셔츠_ZB,62.94144656110931,81231547,2913,21650801,230127000
10643,2024-08-25,여름,니트 셔츠_라운드_ZB,71.51603366099607,67734733,3264,21248221,257856000
10644,2024-08-25,여름,니트 셔츠_라운드_ZG,66.7651694791514,6835100,200,2062436,19800000
10645,2024-08-25,여름,니트 셔츠_티에리_ZA,71.84425273933945,5665303,221,2012223,21879000
10646,2024-08-25,여름,니트 셔츠_티에리_ZB,62.949608610567516,9536300,327,2551021,25833000
10647,2024-08-25,여름,수트_블레이져(수트)_ZA,53.87203038422295,11315640,67,4241392,23613000
10648,2024-08-25,여름,수트_블레이져(수트)_ZB,47.71748273376799,47773200,338,18030382,94302000
10649,2024-08-25,여름,수트_블레이져(수트)_ZC,30.636363636363637,2128770,11,626751,3069000
10650,2024-08-25,여름,수트_수트팬츠_ZA,53.17463023463024,7341180,73,2369341,14287000
10651,2024-08-25,여름,수트_수트팬츠_ZB,44.241697371716725,28380170,345,9391469,51405000
10652,2024-08-25,여름,수트_수트팬츠_ZC,31.876648923860216,2943610,29,816568,4321000
10653,2024-08-25,여름,스웨터_T-에리_ZA,60.41085825489495,1893100,40,558348,4360000
10654,2024-08-25,여름,스웨터_T-에리_ZB,53.83983603908591,25605706,725,7887214,65555000
10655,2024-08-25,여름,스웨터_라운드_ZA,64.22018348623853,1209000,31,422023,3379000
10656,2024-08-25,여름,스웨터_라운드_ZB,57.319780314665536,10482000,267,4003109,24043000
10657,2024-08-25,여름,스웨터_오픈형(CARDIGAN)_ZA,64.59948320413437,274000,6,85247,774000
10658,2024-08-25,여름,우븐 셔츠_캐쥬얼셔츠_ZA,63.237863870775264,2151000,69,640305,5851000
10659,2024-08-25,여름,우븐 셔츠_캐쥬얼셔츠_ZB,63.34467994093146,30573485,1067,8763265,84293000
10660,2024-08-25,여름,자켓_싱글재킷_ZA,48.99885766392814,44144660,281,9883151,85369000
10661,2024-08-25,여름,점퍼_점퍼_ZA,34.010824474368064,5250862,32,1120415,7968000
10662,2024-08-25,여름,점퍼_점퍼_ZB,66.01747491759151,6909000,81,1989837,20169000
10663,2024-08-25,여름,점퍼_점퍼_ZG,67.26907630522089,494000,6,170418,1494000
10664,2024-08-25,여름,팬츠_반바지_ZA,67.41927150607079,2522400,98,1211186,7742000
10665,2024-08-25,여름,팬츠_반바지_ZB,75.85163654011515,6999200,367,2899775,28993000
10666,2024-08-25,여름,팬츠_반바지_ZG,71.5041364724909,2907000,129,1638766,10191000
10667,2024-08-25,여름,팬츠_팬츠(일반)_ZA,48.255685148743936,22898380,343,4051529,44247000
10668,2024-08-25,여름,팬츠_팬츠(일반)_ZB,62.65275493347876,54367637,1618,18492143,160182000
10669,2024-08-25,여름,팬츠_팬츠(일반)_ZG,56.494401378122305,1010200,18,352480,2322000
10670,2024-09-01,가을,니트 셔츠_라운드_ZB,76.69566638563846,5920800,277,1463509,21883000
10671,2024-09-01,가을,니트 셔츠_티에리_ZB,72.44437613019892,4571478,210,1833683,16590000
10672,2024-09-01,가을,수트_블레이져(수트)_ZB,21.541391174270757,63600840,290,14743806,80910000
10673,2024-09-01,가을,수트_블레이져(수트)_ZC,21.89189189189189,24189300,111,5870454,30969000
10674,2024-09-01,가을,수트_수트팬츠_ZB,21.661279461279463,36211470,310,7807992,46190000
10675,2024-09-01,가을,수트_수트팬츠_ZC,21.761467889908257,12706720,109,2753561,16241000
10676,2024-09-01,가을,스웨터_T-에리_ZA,47.48287764556272,17344830,303,4590515,33027000
10677,2024-09-01,가을,스웨터_T-에리_ZB,27.146406188244594,12903100,199,3759182,17711000
10678,2024-09-01,가을,우븐 셔츠_캐쥬얼셔츠_ZB,21.98780231058712,6173100,100,859928,7900000
10679,2024-09-01,가을,자켓_싱글재킷_ZA,20.0,11960000,50,1945112,14950000
10680,2024-09-01,가을,점퍼_점퍼_ZA,20.0,4616800,29,829052,5771000
10681,2024-09-01,가을,팬츠_팬츠(일반)_ZA,20.0,4334400,42,821218,5418000
10682,2024-09-01,가을,팬츠_팬츠(일반)_ZB,23.40053475935829,25783380,340,3721077,33660000
10683,2024-09-01,겨울,니트 셔츠_라운드_ZA,0.0,0,0,0,0
10684,2024-09-01,겨울,니트 셔츠_라운드_ZB,20.75,1828500,32,216783,2288000
10685,2024-09-01,겨울,니트 셔츠_라운드_ZG,0.0,0,0,0,0
10686,2024-09-01,겨울,니트 셔츠_티에리_ZB,19.326599326599325,1198000,15,163267,1485000
10687,2024-09-01,겨울,니트 셔츠_후드티_ZG,0.0,0,0,0,0
10688,2024-09-01,겨울,수트_블레이져(수트)_ZA,21.69642857142857,8481800,27,1826389,10803000
10689,2024-09-01,겨울,수트_블레이져(수트)_ZB,20.577980665950594,42620040,192,9748625,53568000
10690,2024-09-01,겨울,수트_블레이져(수트)_ZC,21.08815789473684,8584830,39,1856938,10881000
10691,2024-09-01,겨울,수트_수트팬츠_ZA,21.166666666666668,7119400,40,1534751,9010000
10692,2024-09-01,겨울,수트_수트팬츠_ZB,20.72177146720757,23200790,196,5090954,29204000
10693,2024-09-01,겨울,수트_수트팬츠_ZC,20.46315789473684,4621980,39,988257,5811000
10694,2024-09-01,겨울,우븐 셔츠_캐쥬얼셔츠_ZB,20.88217436201371,9469880,138,1350680,11962000
10695,2024-09-01,겨울,자켓_싱글재킷_ZA,20.4,11900200,50,1951846,14950000
10696,2024-09-01,겨울,점퍼_점퍼_ZB,22.751645093889067,32093840,165,6685428,41085000
10697,2024-09-01,겨울,점퍼_패딩점퍼_ZB,20.0,1195200,6,175401,1494000
10698,2024-09-01,겨울,조끼_패딩베스트_ZB,20.0,697600,8,120800,872000
10699,2024-09-01,겨울,팬츠_팬츠(일반)_ZB,29.635924927238484,5532700,75,874320,7425000
10700,2024-09-01,봄,니트 셔츠_라운드_ZB,74.96831195834733,3386000,154,1038897,13586000
10701,2024-09-01,봄,수트_블레이져(수트)_ZB,60.93189964157706,1417000,13,657793,3627000
10702,2024-09-01,봄,수트_블레이져(수트)_ZC,60.93189964157706,1417000,13,695076,3627000
10703,2024-09-01,봄,수트_수트팬츠_ZB,83.2214765100671,750000,14,358800,2086000
10704,2024-09-01,봄,수트_수트팬츠_ZC,63.08724832214765,550000,10,257766,1490000
10705,2024-09-01,봄,스웨터_T-에리_ZB,70.70707070707071,3103000,107,1599927,10593000
10706,2024-09-01,봄,스웨터_라운드_ZA,0.0,0,0,0,0
10707,2024-09-01,봄,스웨터_라운드_ZB,70.70707070707071,4872000,168,2709189,16632000
10708,2024-09-01,봄,스웨터_오픈형(CARDIGAN)_ZB,75.59629761480954,2085000,54,1028246,8586000
10709,2024-09-01,봄,자켓_싱글재킷_ZB,68.60367892976589,751000,8,236390,2392000
10710,2024-09-01,봄,코트_싱글코트_ZB,56.8561872909699,129000,1,42749,299000
10711,2024-09-01,봄,팬츠_팬츠(일반)_ZB,69.68028634695301,4406000,157,1538464,15543000
10712,2024-09-01,사계절,데님_데님자켓_ZB,56.1992068580131,1840222,25,509400,4825000
10713,2024-09-01,사계절,데님_데님팬츠_ZB,36.26018237720555,10190953,168,2606222,16632000
10714,2024-09-01,사계절,수트_블레이져(수트)_ZB,51.563830660455345,66398264,482,20464425,124838000
10715,2024-09-01,사계절,수트_블레이져(수트)_ZC,43.29980091698842,20426500,140,6164531,36260000
10716,2024-09-01,사계절,수트_수트팬츠_ZB,52.355720123767384,39200597,541,11428293,75199000
10717,2024-09-01,사계절,수트_수트팬츠_ZC,43.86456459832134,10984200,143,3053352,19877000
10718,2024-09-01,사계절,우븐 셔츠_드레스셔츠_ZB,64.80890594436276,90007775,3268,24839129,258172000
10719,2024-09-01,여름,니트 셔츠_라운드_ZB,74.61805324679477,39786879,2043,14265639,161397000
10720,2024-09-01,여름,니트 셔츠_라운드_ZG,69.87576005149535,4470501,147,1536710,14553000
10721,2024-09-01,여름,니트 셔츠_티에리_ZA,78.16772193511751,5769491,263,2412395,26037000
10722,2024-09-01,여름,니트 셔츠_티에리_ZB,73.07974834898164,4925900,232,1844368,18328000
10723,2024-09-01,여름,수트_블레이져(수트)_ZA,63.44606467876471,8652500,73,4504991,25347000
10724,2024-09-01,여름,수트_블레이져(수트)_ZB,70.19054051062629,42707460,493,26364135,137547000
10725,2024-09-01,여름,수트_블레이져(수트)_ZC,68.1347072879331,2133700,24,1367457,6696000
10726,2024-09-01,여름,수트_수트팬츠_ZA,61.52415544064289,5655410,77,2485560,14973000
10727,2024-09-01,여름,수트_수트팬츠_ZB,62.16097275016876,32803630,549,14973827,81801000
10728,2024-09-01,여름,수트_수트팬츠_ZC,55.671140939597315,3038300,46,1295246,6854000
10729,2024-09-01,여름,스웨터_T-에리_ZA,55.195585188795846,3144000,65,917977,7085000
10730,2024-09-01,여름,스웨터_T-에리_ZB,56.718130014192695,24234960,706,7807686,63894000
10731,2024-09-01,여름,스웨터_라운드_ZA,72.62996941896024,358000,12,163364,1308000
10732,2024-09-01,여름,스웨터_라운드_ZB,66.30864413968038,10641870,337,5054745,30503000
10733,2024-09-01,여름,스웨터_오픈형(CARDIGAN)_ZA,66.4143535883971,1343090,31,440444,3999000
10734,2024-09-01,여름,우븐 셔츠_캐쥬얼셔츠_ZA,65.1819353876316,2461450,103,958478,8777000
10735,2024-09-01,여름,우븐 셔츠_캐쥬얼셔츠_ZB,68.53791061241343,18195182,819,6863374,64701000
10736,2024-09-01,여름,자켓_싱글재킷_ZA,58.24274542152277,45697610,366,12902335,110544000
10737,2024-09-01,여름,점퍼_점퍼_ZA,46.871829966926526,7737923,58,2035288,14442000
10738,2024-09-01,여름,점퍼_점퍼_ZB,38.11976685208744,9733000,101,2535568,25149000
10739,2024-09-01,여름,점퍼_점퍼_ZG,67.6929941990183,2708000,33,1132045,8217000
10740,2024-09-01,여름,팬츠_반바지_ZA,74.30848570089077,1096000,54,667388,4266000
10741,2024-09-01,여름,팬츠_반바지_ZB,76.17014250106475,10416540,553,4351779,43687000
10742,2024-09-01,여름,팬츠_반바지_ZG,61.9680003540763,2108900,70,883956,5530000
10743,2024-09-01,여름,팬츠_팬츠(일반)_ZA,41.07947650616783,24027286,312,3787392,40248000
10744,2024-09-01,여름,팬츠_팬츠(일반)_ZB,68.42809566023578,44311219,1464,16776703,144936000
10745,2024-09-01,여름,팬츠_팬츠(일반)_ZG,69.46344429244566,2009000,51,998694,6579000
10746,2024-09-08,가을,니트 셔츠_라운드_ZB,75.9493670886076,1767000,93,581251,7347000
10747,2024-09-08,가을,니트 셔츠_티에리_ZB,73.6119577239769,2147195,103,899378,8137000
10748,2024-09-08,가을,수트_블레이져(수트)_ZB,22.21092378511733,83164320,383,19309810,106857000
10749,2024-09-08,가을,수트_블레이져(수트)_ZC,22.455172413793104,31370760,145,7668611,40455000
10750,2024-09-08,가을,수트_수트팬츠_ZB,22.097085267814347,46547600,401,10083441,59749000
10751,2024-09-08,가을,수트_수트팬츠_ZC,22.74125874125874,16461520,143,3612470,21307000
10752,2024-09-08,가을,스웨터_T-에리_ZA,53.27135028631242,7589200,149,2257382,16241000
10753,2024-09-08,가을,스웨터_T-에리_ZB,38.371103916714276,9708400,177,3343594,15753000
10754,2024-09-08,가을,우븐 셔츠_캐쥬얼셔츠_ZB,20.993074963011672,8987100,144,1255287,11376000
10755,2024-09-08,가을,자켓_싱글재킷_ZA,23.894736842105264,4323540,19,739143,5681000
10756,2024-09-08,가을,점퍼_점퍼_ZA,20.357142857142858,4437700,28,800464,5572000
10757,2024-09-08,가을,팬츠_팬츠(일반)_ZA,22.928571428571427,2783820,28,547479,3612000
10758,2024-09-08,가을,팬츠_팬츠(일반)_ZB,22.06451612903226,19134720,248,2714197,24552000
10759,2024-09-08,겨울,니트 셔츠_라운드_ZA,21.194444444444443,5617260,72,945366,7128000
10760,2024-09-08,겨울,니트 셔츠_라운드_ZB,20.832559510396,4784180,74,616816,6026000
10761,2024-09-08,겨울,니트 셔츠_라운드_ZG,20.0,237600,3,40890,297000
10762,2024-09-08,겨울,니트 셔츠_티에리_ZB,140.0,-79200,2,21769,198000
10763,2024-09-08,겨울,니트 셔츠_후드티_ZG,20.0,190400,2,32340,238000
10764,2024-09-08,겨울,수트_블레이져(수트)_ZA,23.225,13643320,44,3008484,17716000
10765,2024-09-08,겨울,수트_블레이져(수트)_ZB,22.324690015866484,57619080,265,13062623,73935000
10766,2024-09-08,겨울,수트_블레이져(수트)_ZC,22.8994708994709,14405480,63,3337998,18567000
10767,2024-09-08,겨울,수트_수트팬츠_ZA,23.192307692307693,8444200,49,1831074,10941000
10768,2024-09-08,겨울,수트_수트팬츠_ZB,22.790341290919912,32830660,284,7140076,42316000
10769,2024-09-08,겨울,수트_수트팬츠_ZC,22.21904761904762,7009040,57,1571674,8973000
10770,2024-09-08,겨울,스웨터_T-에리_ZB,20.40963855421687,6539940,83,1263276,8217000
10771,2024-09-08,겨울,스웨터_Turtle_ZB,0.0,0,0,0,0
10772,2024-09-08,겨울,스웨터_VEST_ZB,20.0,1029600,13,113623,1287000
10773,2024-09-08,겨울,스웨터_라운드_ZA,20.0,1668000,15,215661,2085000
10774,2024-09-08,겨울,스웨터_라운드_ZB,20.294867870625446,7811900,99,1600746,9801000
10775,2024-09-08,겨울,우븐 셔츠_캐쥬얼셔츠_ZB,22.17015519159972,14960620,221,2190725,19159000
10776,2024-09-08,겨울,자켓_싱글재킷_ZA,inf,-179400,0,0,0
10777,2024-09-08,겨울,점퍼_점퍼_ZB,23.42168674698795,9800960,52,2130522,12948000
10778,2024-09-08,겨울,점퍼_패딩점퍼_ZB,10.0,-448200,-2,-69384,-498000
10779,2024-09-08,겨울,조끼_패딩베스트_ZB,20.363636363636363,2345680,17,406663,2953000
10780,2024-09-08,겨울,팬츠_팬츠(일반)_ZA,0.0,0,0,0,0
10781,2024-09-08,겨울,팬츠_팬츠(일반)_ZB,29.317620650953984,6315980,84,957607,8316000
10782,2024-09-08,봄,니트 셔츠_라운드_ZB,70.86133986382306,3743000,147,974135,12273000
10783,2024-09-08,봄,수트_블레이져(수트)_ZB,67.19168054924529,6499000,71,3619005,19809000
10784,2024-09-08,봄,수트_블레이져(수트)_ZC,67.82464846980976,2334000,26,1390153,7254000
10785,2024-09-08,봄,수트_수트팬츠_ZB,72.45317038966243,2750000,67,1706937,9983000
10786,2024-09-08,봄,수트_수트팬츠_ZC,72.88590604026845,1010000,25,644414,3725000
10787,2024-09-08,봄,스웨터_T-에리_ZB,70.70707070707071,3219000,111,1659738,10989000
10788,2024-09-08,봄,스웨터_라운드_ZA,70.70707070707071,232000,8,125549,792000
10789,2024-09-08,봄,스웨터_라운드_ZB,70.70707070707071,6496000,224,3590483,22176000
10790,2024-09-08,봄,스웨터_오픈형(CARDIGAN)_ZB,76.37017070979336,2630000,70,1333597,11130000
10791,2024-09-08,봄,자켓_싱글재킷_ZB,73.38186110564627,2706000,34,1004657,10166000
10792,2024-09-08,봄,코트_싱글코트_ZB,73.12663834402964,2973000,37,1581728,11063000
10793,2024-09-08,봄,팬츠_팬츠(일반)_ZB,70.70707070707071,10266000,354,3489025,35046000
10794,2024-09-08,사계절,데님_데님자켓_ZB,55.246842248058115,3590000,50,985920,8530000
10795,2024-09-08,사계절,데님_데님팬츠_ZB,41.116390102439006,7949360,140,2242002,13860000
10796,2024-09-08,사계절,수트_블레이져(수트)_ZB,51.32938708882429,55631020,404,17164540,104636000
10797,2024-09-08,사계절,수트_블레이져(수트)_ZC,40.57922342828003,18047650,121,5330390,31339000
10798,2024-09-08,사계절,수트_수트팬츠_ZB,52.129282019782224,32364178,451,9500510,62689000
10799,2024-09-08,사계절,수트_수트팬츠_ZC,44.21636424611991,9302950,120,2564494,16680000
10800,2024-09-08,사계절,우븐 셔츠_드레스셔츠_ZB,61.72011926430898,83813200,2883,22035450,227757000
10801,2024-09-08,여름,니트 셔츠_라운드_ZB,75.37584646800195,34470201,1767,12315768,139593000
10802,2024-09-08,여름,니트 셔츠_라운드_ZG,71.14594500979673,4403453,152,1551174,15048000
10803,2024-09-08,여름,니트 셔츠_티에리_ZA,79.5386198046034,3523603,172,1598718,17028000
10804,2024-09-08,여름,니트 셔츠_티에리_ZB,72.56398664626514,3143500,152,1209470,12008000
10805,2024-09-08,여름,수트_블레이져(수트)_ZA,60.97107313004021,6255950,49,3193219,17611000
10806,2024-09-08,여름,수트_블레이져(수트)_ZB,67.88798958168667,32698410,370,19769040,103230000
10807,2024-09-08,여름,수트_블레이져(수트)_ZC,67.46415770609319,1997050,22,1253502,6138000
10808,2024-09-08,여름,수트_수트팬츠_ZA,60.33681733681733,4511450,59,2002592,11921000
10809,2024-09-08,여름,수트_수트팬츠_ZB,59.4772644098393,22761810,383,10421184,57067000
10810,2024-09-08,여름,수트_수트팬츠_ZC,56.13652419639703,2483550,38,1069986,5662000
10811,2024-09-08,여름,스웨터_T-에리_ZA,50.24770642201835,754000,21,288962,2289000
10812,2024-09-08,여름,스웨터_T-에리_ZB,59.736107590886576,15890865,512,5786444,46148000
10813,2024-09-08,여름,스웨터_라운드_ZA,72.91163689039112,561000,19,258659,2071000
10814,2024-09-08,여름,스웨터_라운드_ZB,67.87323084165394,7633300,252,3738454,22948000
10815,2024-09-08,여름,스웨터_오픈형(CARDIGAN)_ZA,69.31144550843594,673000,17,241534,2193000
10816,2024-09-08,여름,우븐 셔츠_캐쥬얼셔츠_ZA,65.09030406801458,2195350,88,817440,7732000
10817,2024-09-08,여름,우븐 셔츠_캐쥬얼셔츠_ZB,71.8790868679051,13684913,697,5792387,55063000
10818,2024-09-08,여름,자켓_싱글재킷_ZA,61.63221083919863,22008020,176,6015872,53344000
10819,2024-09-08,여름,점퍼_점퍼_ZA,44.2979153455929,3716850,27,951976,6723000
10820,2024-09-08,여름,점퍼_점퍼_ZB,67.32388143001184,11515900,140,3420170,34860000
10821,2024-09-08,여름,점퍼_점퍼_ZG,67.6710688909484,3711950,46,1466328,11454000
10822,2024-09-08,여름,팬츠_반바지_ZA,74.67341772151899,500200,25,308976,1975000
10823,2024-09-08,여름,팬츠_반바지_ZB,75.8798163861455,3240000,170,1338256,13430000
10824,2024-09-08,여름,팬츠_반바지_ZG,63.14597146875628,2972450,102,1289586,8058000
10825,2024-09-08,여름,팬츠_팬츠(일반)_ZA,44.70834227861416,18926920,263,3193310,33927000
10826,2024-09-08,여름,팬츠_팬츠(일반)_ZB,70.18298384080214,26426499,895,10047146,88605000
10827,2024-09-08,여름,팬츠_팬츠(일반)_ZG,69.76744186046511,1131000,29,567885,3741000
10828,2024-09-15,가을,니트 셔츠_라운드_ZB,75.9493670886076,3515000,185,1096446,14615000
10829,2024-09-15,가을,니트 셔츠_티에리_ZB,75.27625182032038,2207089,113,986696,8927000
10830,2024-09-15,가을,수트_블레이져(수트)_ZB,27.32532217967552,70640010,347,17451445,96813000
10831,2024-09-15,가을,수트_블레이져(수트)_ZC,27.719685039370077,25611084,127,6716645,35433000
10832,2024-09-15,가을,수트_수트팬츠_ZB,27.451158422713004,42816640,393,9859698,58557000
10833,2024-09-15,가을,수트_수트팬츠_ZC,27.03684210526316,12393522,114,2879871,16986000
10834,2024-09-15,가을,스웨터_T-에리_ZA,58.62767584097859,7576100,168,2545236,18312000
10835,2024-09-15,가을,스웨터_T-에리_ZB,44.284560030299204,8826440,178,3362484,15842000
10836,2024-09-15,가을,우븐 셔츠_캐쥬얼셔츠_ZB,37.1741354560877,12259400,247,2154030,19513000
10837,2024-09-15,가을,자켓_싱글재킷_ZA,27.541666666666668,10399220,48,1867308,14352000
10838,2024-09-15,가을,점퍼_점퍼_ZA,21.996826236445386,2949300,19,543172,3781000
10839,2024-09-15,가을,팬츠_팬츠(일반)_ZA,27.517857142857142,5236110,56,1094957,7224000
10840,2024-09-15,가을,팬츠_팬츠(일반)_ZB,39.85241011147747,22984800,386,4224517,38214000
10841,2024-09-15,겨울,니트 셔츠_라운드_ZA,20.693877551020407,3847140,49,643374,4851000
10842,2024-09-15,겨울,니트 셔츠_라운드_ZB,20.098368523847924,7477600,130,908780,9350000
10843,2024-09-15,겨울,니트 셔츠_라운드_ZG,20.0,158400,2,27260,198000
10844,2024-09-15,겨울,니트 셔츠_티에리_ZA,20.666666666666668,2548980,27,395010,3213000
10845,2024-09-15,겨울,니트 셔츠_티에리_ZB,20.615384615384617,1021680,13,141498,1287000
10846,2024-09-15,겨울,니트 셔츠_후드티_ZG,36.00840336134454,152300,2,32340,238000
10847,2024-09-15,겨울,수트_블레이져(수트)_ZA,21.96590909090909,14994580,48,3295551,19322000
10848,2024-09-15,겨울,수트_블레이져(수트)_ZB,20.433481218574382,47703420,215,10642120,59985000
10849,2024-09-15,겨울,수트_블레이져(수트)_ZC,21.78571428571429,11502740,50,2648964,14720000
10850,2024-09-15,겨울,수트_수트팬츠_ZA,22.416923076923077,8733880,51,1894715,11309000
10851,2024-09-15,겨울,수트_수트팬츠_ZB,20.499098581612852,28536480,241,6085458,35909000
10852,2024-09-15,겨울,수트_수트팬츠_ZC,22.424603174603178,5768460,47,1276412,7423000
10853,2024-09-15,겨울,스웨터_T-에리_ZB,23.835236413977015,15559440,210,2981653,20790000
10854,2024-09-15,겨울,스웨터_Turtle_ZB,0.0,0,0,0,0
10855,2024-09-15,겨울,스웨터_VEST_ZB,19.333333333333332,2395800,30,262206,2970000
10856,2024-09-15,겨울,스웨터_라운드_ZA,19.955555555555556,5006780,45,646982,6255000
10857,2024-09-15,겨울,스웨터_라운드_ZB,21.43617021276596,5199480,67,995371,6633000
10858,2024-09-15,겨울,우븐 셔츠_캐쥬얼셔츠_ZB,20.001193919304036,17063140,238,2309681,21292000
10859,2024-09-15,겨울,자켓_싱글재킷_ZA,22.071301247771835,11708840,50,1900919,14950000
10860,2024-09-15,겨울,점퍼_점퍼_ZB,21.366666666666667,15303540,78,3163982,19422000
10861,2024-09-15,겨울,점퍼_점퍼_ZG,0.0,0,0,0,0
10862,2024-09-15,겨울,점퍼_패딩점퍼_ZB,25.0,-15100,0,-4792,-50000
10863,2024-09-15,겨울,조끼_패딩베스트_ZB,25.0,-551300,-7,-92067,-663000
10864,2024-09-15,겨울,팬츠_팬츠(일반)_ZA,15.0,1754400,16,269267,2064000
10865,2024-09-15,겨울,팬츠_팬츠(일반)_ZB,20.77587081857422,19857000,252,2988775,24948000
10866,2024-09-15,겨울,팬츠_팬츠(일반)_ZG,0.0,0,0,0,0
10867,2024-09-15,봄,니트 셔츠_라운드_ZB,72.7624709840097,3658000,152,1012755,12908000
10868,2024-09-15,봄,수트_블레이져(수트)_ZB,64.92575524833589,1370000,14,713607,3906000
10869,2024-09-15,봄,수트_블레이져(수트)_ZC,76.58303464755078,-196000,-3,-160402,-837000
10870,2024-09-15,봄,수트_수트팬츠_ZB,55.70469798657719,874000,16,405500,2384000
10871,2024-09-15,봄,수트_수트팬츠_ZC,86.35346756152126,-61000,-3,-77330,-447000
10872,2024-09-15,봄,스웨터_T-에리_ZB,70.70707070707071,2929000,101,1510212,9999000
10873,2024-09-15,봄,스웨터_라운드_ZA,70.70707070707071,58000,2,31387,198000
10874,2024-09-15,봄,스웨터_라운드_ZB,70.70707070707071,3248000,112,1844518,11088000
10875,2024-09-15,봄,스웨터_오픈형(CARDIGAN)_ZB,75.55445216815625,2954000,76,1447905,12084000
10876,2024-09-15,봄,자켓_싱글재킷_ZB,70.5685618729097,1760000,20,590975,5980000
10877,2024-09-15,봄,코트_싱글코트_ZB,72.90969899665552,810000,10,427494,2990000
10878,2024-09-15,봄,팬츠_팬츠(일반)_ZB,71.83255916832559,11409100,425,4148214,42075000
10879,2024-09-15,사계절,데님_데님자켓_ZB,35.45132598292892,3494200,44,852005,7176000
10880,2024-09-15,사계절,데님_데님팬츠_ZB,41.56501567162136,7056708,155,2399796,15345000
10881,2024-09-15,사계절,수트_블레이져(수트)_ZB,52.124402675322514,47951329,348,14779615,90132000
10882,2024-09-15,사계절,수트_블레이져(수트)_ZC,41.05875238405359,14929400,99,4363220,25641000
10883,2024-09-15,사계절,수트_수트팬츠_ZB,51.887493251158965,27934991,384,8097032,53376000
10884,2024-09-15,사계절,수트_수트팬츠_ZC,43.92097322905617,7327100,94,2008635,13066000
10885,2024-09-15,사계절,우븐 셔츠_드레스셔츠_ZB,62.03022074763052,67652700,2399,18274989,189521000
10886,2024-09-15,여름,니트 셔츠_라운드_ZB,75.91375217010217,32614730,1735,12005555,137065000
10887,2024-09-15,여름,니트 셔츠_라운드_ZG,70.70707070707071,3828000,132,1300284,13068000
10888,2024-09-15,여름,니트 셔츠_티에리_ZA,80.18511309430096,3768748,191,1768805,18909000
10889,2024-09-15,여름,니트 셔츠_티에리_ZB,74.81334648125414,4271000,219,1734172,17301000
10890,2024-09-15,여름,수트_블레이져(수트)_ZA,61.85783543677459,4890000,39,2501025,13921000
10891,2024-09-15,여름,수트_블레이져(수트)_ZB,68.63281821857606,22438500,261,13980543,72819000
10892,2024-09-15,여름,수트_블레이져(수트)_ZC,71.29629629629629,961000,12,683729,3348000
10893,2024-09-15,여름,수트_수트팬츠_ZA,60.250045964331676,3663000,47,1594228,9513000
10894,2024-09-15,여름,수트_수트팬츠_ZB,58.52396432506776,17145400,288,7892431,42912000
10895,2024-09-15,여름,수트_수트팬츠_ZC,60.81879194630873,1167600,20,563151,2980000
10896,2024-09-15,여름,스웨터_T-에리_ZA,56.17368640533778,1404700,31,435748,3379000
10897,2024-09-15,여름,스웨터_T-에리_ZB,60.953801852034914,11532025,405,4349785,36525000
10898,2024-09-15,여름,스웨터_라운드_ZA,72.4770642201835,300000,10,136136,1090000
10899,2024-09-15,여름,스웨터_라운드_ZB,68.69330875281497,5967000,202,2979258,18358000
10900,2024-09-15,여름,스웨터_오픈형(CARDIGAN)_ZA,69.25064599483204,595000,15,213118,1935000
10901,2024-09-15,여름,우븐 셔츠_캐쥬얼셔츠_ZA,65.48793752976472,1610000,70,648291,5990000
10902,2024-09-15,여름,우븐 셔츠_캐쥬얼셔츠_ZB,73.22090975972824,14271714,739,6255381,58381000
10903,2024-09-15,여름,자켓_싱글재킷_ZA,58.09960012990087,17246800,152,5223770,45718000
10904,2024-09-15,여름,점퍼_점퍼_ZA,36.8268265369169,4542100,29,1011952,7221000
10905,2024-09-15,여름,점퍼_점퍼_ZB,65.31349966203304,16897000,194,4833140,48306000
10906,2024-09-15,여름,점퍼_점퍼_ZG,61.99400777714031,3503000,37,1285605,9213000
10907,2024-09-15,여름,팬츠_반바지_ZA,75.9493670886076,228000,12,148309,948000
10908,2024-09-15,여름,팬츠_반바지_ZB,75.9493670886076,2907000,153,1197136,12087000
10909,2024-09-15,여름,팬츠_반바지_ZG,63.09934790947449,1692000,58,748204,4582000
10910,2024-09-15,여름,팬츠_팬츠(일반)_ZA,45.82830760110625,12419800,177,2135820,22833000
10911,2024-09-15,여름,팬츠_팬츠(일반)_ZB,70.93815945798603,18149165,631,7521208,62469000
10912,2024-09-15,여름,팬츠_팬츠(일반)_ZG,70.05455067470571,1043000,27,528720,3483000
10913,2024-09-22,가을,니트 셔츠_라운드_ZB,75.9493670886076,4769000,251,1650300,19829000
10914,2024-09-22,가을,니트 셔츠_티에리_ZB,76.57223156590246,2646635,143,1248651,11297000
10915,2024-09-22,가을,수트_블레이져(수트)_ZB,34.703681392044736,124077720,677,34104211,188883000
10916,2024-09-22,가을,수트_블레이져(수트)_ZC,33.4040404040404,36788940,198,10471620,55242000
10917,2024-09-22,가을,수트_수트팬츠_ZB,35.12205304795496,67780020,698,17536712,104002000
10918,2024-09-22,가을,수트_수트팬츠_ZC,33.44607843137255,20229730,204,5153454,30396000
10919,2024-09-22,가을,스웨터_T-에리_ZA,51.46355558766163,6718900,127,1924077,13843000
10920,2024-09-22,가을,스웨터_T-에리_ZB,45.08705422569614,5620340,115,2172391,10235000
10921,2024-09-22,가을,우븐 셔츠_캐쥬얼셔츠_ZB,33.861558624216855,10107100,193,1679635,15247000
10922,2024-09-22,가을,자켓_싱글재킷_ZA,33.61363636363637,26201370,132,5135096,39468000
10923,2024-09-22,가을,점퍼_점퍼_ZA,20.526455808454035,5377180,34,971992,6766000
10924,2024-09-22,가을,팬츠_팬츠(일반)_ZA,33.17910447761194,11550660,134,2620076,17286000
10925,2024-09-22,가을,팬츠_팬츠(일반)_ZB,36.47481208675239,29495380,469,5132897,46431000
10926,2024-09-22,겨울,니트 셔츠_라운드_ZA,21.370041882237004,6383180,82,1076667,8118000
10927,2024-09-22,겨울,니트 셔츠_라운드_ZB,20.45167555130308,10893100,193,1334772,13707000
10928,2024-09-22,겨울,니트 셔츠_라운드_ZG,20.94736842105263,1486980,19,258970,1881000
10929,2024-09-22,겨울,니트 셔츠_티에리_ZA,20.566037735849058,5009900,53,775390,6307000
10930,2024-09-22,겨울,니트 셔츠_티에리_ZB,20.5,1574100,20,217689,1980000
10931,2024-09-22,겨울,니트 셔츠_후드티_ZG,20.0,285600,3,48510,357000
10932,2024-09-22,겨울,사파리_패딩사파리_ZB,0.0,1197000,3,77805,1197000
10933,2024-09-22,겨울,수트_블레이져(수트)_ZA,21.178174603174604,24059480,77,5162902,30703000
10934,2024-09-22,겨울,수트_블레이져(수트)_ZB,20.66564571183665,98012700,443,21960243,123597000
10935,2024-09-22,겨울,수트_블레이져(수트)_ZC,20.42962962962963,18142580,78,4082078,22752000
10936,2024-09-22,겨울,수트_수트팬츠_ZA,21.064102564102566,13764380,80,2909833,17520000
10937,2024-09-22,겨울,수트_수트팬츠_ZB,20.703856442469178,55723020,472,11917762,70328000
10938,2024-09-22,겨울,수트_수트팬츠_ZC,20.733951985984508,9880360,79,2139986,12431000
10939,2024-09-22,겨울,스웨터_T-에리_ZA,0.0,0,0,0,0
10940,2024-09-22,겨울,스웨터_T-에리_ZB,17.224106388967073,20559720,250,3390422,24750000
10941,2024-09-22,겨울,스웨터_Turtle_ZB,0.0,0,0,0,0
10942,2024-09-22,겨울,스웨터_VEST_ZB,20.0,2217600,28,244725,2772000
10943,2024-09-22,겨울,스웨터_라운드_ZA,20.655172413793103,6396780,58,833888,8062000
10944,2024-09-22,겨울,스웨터_라운드_ZB,20.490016460316326,19350540,246,3683782,24354000
10945,2024-09-22,겨울,스웨터_오픈형(CARDIGAN)_ZA,0.0,0,0,0,0
10946,2024-09-22,겨울,우븐 셔츠_캐쥬얼셔츠_ZB,20.62216765831596,31409340,431,4276838,39539000
10947,2024-09-22,겨울,자켓_싱글재킷_ZA,20.861507936507934,25337260,107,4072101,31993000
10948,2024-09-22,겨울,점퍼_점퍼_ZB,20.650782013685237,45357840,230,9265544,57270000
10949,2024-09-22,겨울,점퍼_점퍼_ZG,0.0,0,0,0,0
10950,2024-09-22,겨울,점퍼_패딩점퍼_ZB,20.714285714285715,1891300,11,348069,2389000
10951,2024-09-22,겨울,조끼_패딩베스트_ZB,20.916666666666664,2866800,19,491395,3571000
10952,2024-09-22,겨울,팬츠_팬츠(일반)_ZA,24.666666666666668,2040780,21,353413,2709000
10953,2024-09-22,겨울,팬츠_팬츠(일반)_ZB,21.109049293710804,34063220,436,5145168,43164000
10954,2024-09-22,겨울,팬츠_팬츠(일반)_ZG,0.0,0,0,0,0
10955,2024-09-22,봄,니트 셔츠_라운드_ZB,74.52344796581008,4058000,182,1214719,15538000
10956,2024-09-22,봄,수트_블레이져(수트)_ZB,-inf,2785000,23,1172354,6417000
10957,2024-09-22,봄,수트_블레이져(수트)_ZC,60.91303527636295,2072000,19,1015881,5301000
10958,2024-09-22,봄,수트_수트팬츠_ZB,-inf,1823000,21,535010,3129000
10959,2024-09-22,봄,수트_수트팬츠_ZC,57.294242317202404,1209000,19,489755,2831000
10960,2024-09-22,봄,스웨터_T-에리_ZB,70.70707070707071,1102000,38,568199,3762000
10961,2024-09-22,봄,스웨터_라운드_ZA,0.0,0,0,0,0
10962,2024-09-22,봄,스웨터_라운드_ZB,70.70707070707071,4698000,162,2592607,16038000
10963,2024-09-22,봄,스웨터_오픈형(CARDIGAN)_ZB,76.38099568083655,3036000,84,1599787,13356000
10964,2024-09-22,봄,자켓_싱글재킷_ZB,63.46737185968733,4697000,43,1270596,12857000
10965,2024-09-22,봄,코트_싱글코트_ZB,56.8561872909699,129000,1,42749,299000
10966,2024-09-22,봄,팬츠_팬츠(일반)_ZB,70.70707070707071,1682000,58,571004,5742000
10967,2024-09-22,사계절,데님_데님자켓_ZB,55.73363791557668,3215000,45,892260,7845000
10968,2024-09-22,사계절,데님_데님팬츠_ZB,41.39441332371144,7973177,158,2540758,15642000
10969,2024-09-22,사계절,수트_블레이져(수트)_ZB,55.94354076090236,72354511,587,24978112,152033000
10970,2024-09-22,사계절,수트_블레이져(수트)_ZC,41.31972504065527,21642500,147,6475644,38073000
10971,2024-09-22,사계절,수트_수트팬츠_ZB,57.39648263605692,43721652,691,14507180,96049000
10972,2024-09-22,사계절,수트_수트팬츠_ZC,44.78920863309352,9671700,125,2671572,17375000
10973,2024-09-22,사계절,우븐 셔츠_드레스셔츠_ZB,61.679576732095235,89864500,3077,23604743,243083000
10974,2024-09-22,여름,니트 셔츠_라운드_ZB,76.05857004646946,38113278,2021,14146015,159659000
10975,2024-09-22,여름,니트 셔츠_라운드_ZG,70.70707070707071,3219000,111,1148914,10989000
10976,2024-09-22,여름,니트 셔츠_티에리_ZA,80.21839015151515,2297407,116,1084089,11484000
10977,2024-09-22,여름,니트 셔츠_티에리_ZB,76.80490825384521,2371000,129,1036029,10191000
10978,2024-09-22,여름,수트_블레이져(수트)_ZA,61.43130069009078,4569500,36,2327280,12904000
10979,2024-09-22,여름,수트_블레이져(수트)_ZB,68.89647520907886,28042000,324,17342147,90396000
10980,2024-09-22,여름,수트_블레이져(수트)_ZC,69.44444444444444,682000,8,455819,2232000
10981,2024-09-22,여름,수트_수트팬츠_ZA,60.93573165001735,3002000,39,1321921,7861000
10982,2024-09-22,여름,수트_수트팬츠_ZB,58.318626894472835,20980200,346,9456795,51554000
10983,2024-09-22,여름,수트_수트팬츠_ZC,59.43563148261135,1329700,22,619466,3278000
10984,2024-09-22,여름,스웨터_T-에리_ZA,56.014570966001074,1630100,34,480599,3706000
10985,2024-09-22,여름,스웨터_T-에리_ZB,59.87930353091053,7817564,264,2967208,23796000
10986,2024-09-22,여름,스웨터_라운드_ZA,73.39449541284404,493000,17,231432,1853000
10987,2024-09-22,여름,스웨터_라운드_ZB,68.60215846386723,6114000,206,3051263,18744000
10988,2024-09-22,여름,스웨터_오픈형(CARDIGAN)_ZA,69.21373200442967,556000,14,198910,1806000
10989,2024-09-22,여름,우븐 셔츠_캐쥬얼셔츠_ZA,65.84584991137486,1791000,79,732779,6761000
10990,2024-09-22,여름,우븐 셔츠_캐쥬얼셔츠_ZB,70.32955575125006,13823281,721,6109991,56959000
10991,2024-09-22,여름,자켓_싱글재킷_ZA,56.421550858941366,15930600,140,4523045,41740000
10992,2024-09-22,여름,점퍼_점퍼_ZA,30.0,2440200,14,506635,3486000
10993,2024-09-22,여름,점퍼_점퍼_ZB,59.75560699283175,528000,2,-79712,498000
10994,2024-09-22,여름,점퍼_점퍼_ZG,60.29116465863454,-347000,-3,-190073,-747000
10995,2024-09-22,여름,팬츠_반바지_ZA,75.9493670886076,323000,17,210104,1343000
10996,2024-09-22,여름,팬츠_반바지_ZB,75.9493670886076,1615000,85,665075,6715000
10997,2024-09-22,여름,팬츠_반바지_ZG,63.29113924050633,957000,33,410858,2607000
10998,2024-09-22,여름,팬츠_팬츠(일반)_ZA,34.390148169953875,12560100,152,1776964,19608000
10999,2024-09-22,여름,팬츠_팬츠(일반)_ZB,71.1417449130104,14325172,500,5685081,49500000
11000,2024-09-22,여름,팬츠_팬츠(일반)_ZG,70.17543859649123,731000,19,372062,2451000
11001,2024-09-29,가을,니트 셔츠_라운드_ZB,75.9493670886076,2394000,126,803703,9954000
11002,2024-09-29,가을,니트 셔츠_티에리_ZB,78.42449478125694,971545,57,497714,4503000
11003,2024-09-29,가을,수트_블레이져(수트)_ZB,34.23525232188206,88835900,486,24393229,135594000
11004,2024-09-29,가을,수트_블레이져(수트)_ZC,34.83560334528077,27271300,150,7933046,41850000
11005,2024-09-29,가을,수트_수트팬츠_ZB,42.89490783472886,44726380,531,13328236,79119000
11006,2024-09-29,가을,수트_수트팬츠_ZC,43.399814857671835,12228470,145,3662994,21605000
11007,2024-09-29,가을,스웨터_T-에리_ZA,104.22018348623853,-115000,25,378755,2725000
11008,2024-09-29,가을,스웨터_T-에리_ZB,55.44021465705182,2657100,67,1265654,5963000
11009,2024-09-29,가을,우븐 셔츠_캐쥬얼셔츠_ZB,47.74954616818762,14591000,353,3069618,27887000
11010,2024-09-29,가을,자켓_싱글재킷_ZA,49.77358490566038,15918760,106,4123638,31694000
11011,2024-09-29,가을,점퍼_점퍼_ZA,37.7465103294249,5574800,45,1286460,8955000
11012,2024-09-29,가을,팬츠_팬츠(일반)_ZA,48.464285714285715,7445880,112,2189914,14448000
11013,2024-09-29,가을,팬츠_팬츠(일반)_ZB,48.60033844489803,29462800,579,6336775,57321000
11014,2024-09-29,겨울,니트 셔츠_라운드_ZA,20.455931867696574,8032360,102,1339269,10098000
11015,2024-09-29,겨울,니트 셔츠_라운드_ZB,21.306234468230286,8224800,157,999934,10723000
11016,2024-09-29,겨울,니트 셔츠_라운드_ZG,27.090909090909093,1514700,21,291887,2079000
11017,2024-09-29,겨울,니트 셔츠_티에리_ZA,21.914893617021278,4367300,47,687610,5593000
11018,2024-09-29,겨울,니트 셔츠_티에리_ZB,20.0,1346400,17,185036,1683000
11019,2024-09-29,겨울,니트 셔츠_후드티_ZG,41.80672268907563,138500,2,32340,238000
11020,2024-09-29,겨울,사파리_패딩사파리_ZB,0.0,-1197000,-3,-77805,-1197000
11021,2024-09-29,겨울,수트_블레이져(수트)_ZA,20.220588235294116,19657700,62,4164752,24718000
11022,2024-09-29,겨울,수트_블레이져(수트)_ZB,20.096233639654688,68410800,309,15676339,86211000
11023,2024-09-29,겨울,수트_블레이져(수트)_ZC,21.835748792270532,21246700,95,5046235,27165000
11024,2024-09-29,겨울,수트_수트팬츠_ZA,19.879807692307693,11454300,66,2371942,14344000
11025,2024-09-29,겨울,수트_수트팬츠_ZB,19.798165032693753,43284500,365,9351873,54385000
11026,2024-09-29,겨울,수트_수트팬츠_ZC,21.89640768588137,10238500,85,2311291,13085000
11027,2024-09-29,겨울,스웨터_T-에리_ZA,6.470588235294118,2210100,17,350022,2363000
11028,2024-09-29,겨울,스웨터_T-에리_ZB,31.12725680965043,22815130,333,4591867,32967000
11029,2024-09-29,겨울,스웨터_Turtle_ZB,24.48841846909035,4922600,41,668209,6519000
11030,2024-09-29,겨울,스웨터_VEST_ZB,21.11111111111111,2108700,27,235985,2673000
11031,2024-09-29,겨울,스웨터_라운드_ZA,27.501740543049433,6247900,62,891397,8618000
11032,2024-09-29,겨울,스웨터_라운드_ZB,19.429987373737372,20486160,286,4249916,28314000
11033,2024-09-29,겨울,스웨터_오픈형(CARDIGAN)_ZA,0.0,0,0,0,0
11034,2024-09-29,겨울,우븐 셔츠_캐쥬얼셔츠_ZB,22.25589941343174,23788840,342,3296731,30378000
11035,2024-09-29,겨울,자켓_싱글재킷_ZA,20.501703208224946,28761480,121,4603640,36179000
11036,2024-09-29,겨울,점퍼_점퍼_ZB,20.767441860465116,41901720,212,8536482,52788000
11037,2024-09-29,겨울,점퍼_점퍼_ZG,20.0,1135200,11,233093,1419000
11038,2024-09-29,겨울,점퍼_패딩점퍼_ZB,25.333333333333336,2112000,12,430683,3138000
11039,2024-09-29,겨울,조끼_패딩베스트_ZB,15.0,335100,5,61867,445000
11040,2024-09-29,겨울,팬츠_팬츠(일반)_ZA,20.4,2567100,25,420729,3225000
11041,2024-09-29,겨울,팬츠_팬츠(일반)_ZB,27.431051250919094,33161060,469,5504473,46431000
11042,2024-09-29,겨울,팬츠_팬츠(일반)_ZG,22.5,1199700,12,204243,1548000
11043,2024-09-29,봄,니트 셔츠_라운드_ZB,66.6251811917679,5077000,173,1160637,15007000
11044,2024-09-29,봄,수트_블레이져(수트)_ZB,56.98924731182796,2640000,22,1121382,6138000
11045,2024-09-29,봄,수트_블레이져(수트)_ZC,57.97491039426523,469000,4,213870,1116000
11046,2024-09-29,봄,수트_수트팬츠_ZB,46.97986577181208,1580000,20,509534,2980000
11047,2024-09-29,봄,수트_수트팬츠_ZC,50.87248322147651,366000,5,128883,745000
11048,2024-09-29,봄,스웨터_T-에리_ZB,70.70707070707071,2755000,95,1420496,9405000
11049,2024-09-29,봄,스웨터_라운드_ZA,70.70707070707071,232000,8,125549,792000
11050,2024-09-29,봄,스웨터_라운드_ZB,70.70707070707071,4060000,140,2256371,13860000
11051,2024-09-29,봄,스웨터_오픈형(CARDIGAN)_ZB,75.47169811320755,2184000,56,1061589,8904000
11052,2024-09-29,봄,자켓_싱글재킷_ZB,66.11782865963468,-2634000,-26,-768267,-7774000
11053,2024-09-29,봄,코트_싱글코트_ZB,60.936454849498325,584000,5,213747,1495000
11054,2024-09-29,봄,팬츠_팬츠(일반)_ZB,76.05767409338839,6537800,270,2738480,26730000
11055,2024-09-29,사계절,데님_데님자켓_ZB,38.61849996017161,7390700,87,1606073,12563000
11056,2024-09-29,사계절,데님_데님팬츠_ZB,46.37441687811039,10046761,260,3972480,25740000
11057,2024-09-29,사계절,수트_블레이져(수트)_ZB,54.69499920557762,52197756,403,17138230,104377000
11058,2024-09-29,사계절,수트_블레이져(수트)_ZC,43.41591181927316,19476800,130,5724131,33670000
11059,2024-09-29,사계절,수트_수트팬츠_ZB,55.35179173578311,30457180,454,9542226,63106000
11060,2024-09-29,사계절,수트_수트팬츠_ZC,42.193020498525826,10926900,138,2947135,19182000
11061,2024-09-29,사계절,우븐 셔츠_드레스셔츠_ZB,61.53777369726691,85941000,2920,22540910,230680000
11062,2024-09-29,여름,니트 셔츠_라운드_ZB,76.4174705244071,16102938,871,6416089,68809000
11063,2024-09-29,여름,니트 셔츠_라운드_ZG,70.70707070707071,1363000,47,464068,4653000
11064,2024-09-29,여름,니트 셔츠_티에리_ZA,80.25025252525252,1662270,84,779688,8316000
11065,2024-09-29,여름,니트 셔츠_티에리_ZB,75.53659878921299,1331000,69,576278,5451000
11066,2024-09-29,여름,수트_블레이져(수트)_ZA,63.97223623891903,3900000,31,1992323,11109000
11067,2024-09-29,여름,수트_블레이져(수트)_ZB,68.77770807059522,19411000,226,12073738,63054000
11068,2024-09-29,여름,수트_블레이져(수트)_ZC,68.54149434794596,1141000,13,740706,3627000
11069,2024-09-29,여름,수트_수트팬츠_ZA,61.45669479002813,3091000,39,1337789,8001000
11070,2024-09-29,여름,수트_수트팬츠_ZB,57.69085800508872,14944300,247,6740554,36803000
11071,2024-09-29,여름,수트_수트팬츠_ZC,56.33241215949467,1106100,17,478678,2533000
11072,2024-09-29,여름,스웨터_T-에리_ZA,55.04587155963303,686000,14,197894,1526000
11073,2024-09-29,여름,스웨터_T-에리_ZB,59.43247439981991,3491835,120,1323760,10670000
11074,2024-09-29,여름,스웨터_라운드_ZA,73.39449541284404,232000,8,108909,872000
11075,2024-09-29,여름,스웨터_라운드_ZB,68.72781712015689,3094000,106,1585392,9604000
11076,2024-09-29,여름,스웨터_오픈형(CARDIGAN)_ZA,69.76744186046511,312000,8,113663,1032000
11077,2024-09-29,여름,우븐 셔츠_캐쥬얼셔츠_ZA,73.32821889783915,1218000,52,480722,4568000
11078,2024-09-29,여름,우븐 셔츠_캐쥬얼셔츠_ZB,71.11919986619182,14751151,768,6629692,60672000
11079,2024-09-29,여름,자켓_싱글재킷_ZA,55.976298051096514,2189400,23,182678,6577000
11080,2024-09-29,여름,점퍼_점퍼_ZA,30.0,2440200,14,483867,3486000
11081,2024-09-29,여름,점퍼_점퍼_ZB,65.823709753508,12869000,151,3719221,37599000
11082,2024-09-29,여름,점퍼_점퍼_ZG,64.2235609103079,4204000,46,1616134,11454000
11083,2024-09-29,여름,팬츠_반바지_ZA,75.9493670886076,133000,7,86513,553000
11084,2024-09-29,여름,팬츠_반바지_ZB,75.9493670886076,418000,22,176298,1738000
11085,2024-09-29,여름,팬츠_반바지_ZG,63.29113924050633,348000,12,150905,948000
11086,2024-09-29,여름,팬츠_팬츠(일반)_ZA,39.76530309379146,5326000,70,839297,9030000
11087,2024-09-29,여름,팬츠_팬츠(일반)_ZB,74.70817567209338,24849222,1159,12985741,114741000
11088,2024-09-29,여름,팬츠_팬츠(일반)_ZG,69.76744186046511,819000,21,411227,2709000
11089,2024-10-06,가을,니트 셔츠_라운드_ZB,75.4540888085192,11718400,596,3220352,47084000
11090,2024-10-06,가을,니트 셔츠_티에리_ZB,74.56901611047181,883981,44,384200,3476000
11091,2024-10-06,가을,수트_블레이져(수트)_ZB,35.9289154329001,154453200,863,43215336,240777000
11092,2024-10-06,가을,수트_블레이져(수트)_ZC,35.89164460294303,35593600,199,10524507,55521000
11093,2024-10-06,가을,수트_수트팬츠_ZB,46.266746412027565,72339700,902,22597652,134398000
11094,2024-10-06,가을,수트_수트팬츠_ZC,46.28734335095326,18087200,226,5709218,33674000
11095,2024-10-06,가을,스웨터_T-에리_ZA,66.28440366972477,1470000,40,606009,4360000
11096,2024-10-06,가을,스웨터_T-에리_ZB,59.666795815575355,1041000,29,547820,2581000
11097,2024-10-06,가을,우븐 셔츠_캐쥬얼셔츠_ZB,50.79185986988912,16596600,427,3702083,33733000
11098,2024-10-06,가을,자켓_싱글재킷_ZA,58.18292988375348,28382500,227,8830810,67873000
11099,2024-10-06,가을,점퍼_점퍼_ZA,48.405587258325525,18173100,177,5060077,35223000
11100,2024-10-06,가을,팬츠_팬츠(일반)_ZA,54.49714851620394,13324600,227,4438487,29283000
11101,2024-10-06,가을,팬츠_팬츠(일반)_ZB,50.91705851619645,22546740,464,5078176,45936000
11102,2024-10-06,겨울,니트 셔츠_라운드_ZA,21.721649484536083,15034140,194,2547237,19206000
11103,2024-10-06,겨울,니트 셔츠_라운드_ZB,23.00319321976452,27490000,496,3440468,35364000
11104,2024-10-06,겨울,니트 셔츠_라운드_ZG,22.206477732793523,2465100,32,443514,3168000
11105,2024-10-06,겨울,니트 셔츠_티에리_ZA,21.333480760725344,10671900,114,1667820,13566000
11106,2024-10-06,겨울,니트 셔츠_티에리_ZB,21.016949152542374,4613400,59,642183,5841000
11107,2024-10-06,겨울,니트 셔츠_후드티_ZG,20.0,952000,10,161700,1190000
11108,2024-10-06,겨울,사파리_패딩사파리_ZB,0.0,0,0,0,0
11109,2024-10-06,겨울,수트_블레이져(수트)_ZA,21.64358476837254,36851680,117,7901726,46813000
11110,2024-10-06,겨울,수트_블레이져(수트)_ZB,21.44071681924765,146793060,669,34336982,186651000
11111,2024-10-06,겨울,수트_블레이져(수트)_ZC,22.491890959282262,40099160,176,9982051,51414000
11112,2024-10-06,겨울,수트_수트팬츠_ZA,21.66328828828829,22619820,131,4791686,28779000
11113,2024-10-06,겨울,수트_수트팬츠_ZB,21.49978847079412,80024920,683,17632774,101767000
11114,2024-10-06,겨울,수트_수트팬츠_ZC,21.834010313139174,21591800,177,4941052,27513000
11115,2024-10-06,겨울,스웨터_T-에리_ZA,5.0,3961500,30,617685,4170000
11116,2024-10-06,겨울,스웨터_T-에리_ZB,31.35737193371924,52886600,778,10635939,77022000
11117,2024-10-06,겨울,스웨터_Turtle_ZB,62.28395061728395,9714900,80,1305736,12780000
11118,2024-10-06,겨울,스웨터_VEST_ZB,22.264150943396228,4078800,53,463230,5247000
11119,2024-10-06,겨울,스웨터_라운드_ZA,14.1394786268887,18281200,167,2501351,23213000
11120,2024-10-06,겨울,스웨터_라운드_ZB,20.055278606637003,62199710,855,12717231,84645000
11121,2024-10-06,겨울,스웨터_오픈형(CARDIGAN)_ZA,13.5,5119400,31,766392,5549000
11122,2024-10-06,겨울,우븐 셔츠_캐쥬얼셔츠_ZB,21.616963063124125,52141660,720,7029300,66500000
11123,2024-10-06,겨울,자켓_싱글재킷_ZA,15.305469488988393,81220140,329,12782535,100771000
11124,2024-10-06,겨울,점퍼_점퍼_ZB,20.751815528474403,126308640,640,25652106,159360000
11125,2024-10-06,겨울,점퍼_점퍼_ZG,20.689655172413794,2967000,29,614517,3741000
11126,2024-10-06,겨울,점퍼_패딩점퍼_ZB,27.425925925925924,6113900,37,1235689,8713000
11127,2024-10-06,겨울,조끼_패딩베스트_ZB,15.223214285714285,3310100,23,565428,4107000
11128,2024-10-06,겨울,코트_싱글코트_ZA,0.0,0,0,0,0
11129,2024-10-06,겨울,코트_싱글코트_ZB,0.0,1995000,5,332000,1995000
11130,2024-10-06,겨울,팬츠_팬츠(일반)_ZA,22.486072067467415,9099360,91,1531454,11739000
11131,2024-10-06,겨울,팬츠_팬츠(일반)_ZB,23.854399313590374,86826810,1175,14013221,117675000
11132,2024-10-06,겨울,팬츠_팬츠(일반)_ZG,27.20018239854081,1596500,17,289344,2193000
11133,2024-10-06,봄,니트 셔츠_라운드_ZB,73.97956748776893,3708000,162,1092014,14258000
11134,2024-10-06,봄,수트_블레이져(수트)_ZB,69.0137588160481,5360000,62,3160258,17298000
11135,2024-10-06,봄,수트_블레이져(수트)_ZC,68.36917562724014,4589000,52,2780306,14508000
11136,2024-10-06,봄,수트_수트팬츠_ZB,63.50796353801462,3643000,67,1706937,9983000
11137,2024-10-06,봄,수트_수트팬츠_ZC,64.41834451901566,3181000,60,1546594,8940000
11138,2024-10-06,봄,스웨터_T-에리_ZB,70.70707070707071,3161000,109,1629833,10791000
11139,2024-10-06,봄,스웨터_라운드_ZA,70.70707070707071,116000,4,62775,396000
11140,2024-10-06,봄,스웨터_라운드_ZB,70.70707070707071,3683000,127,2040091,12573000
11141,2024-10-06,봄,스웨터_오픈형(CARDIGAN)_ZB,75.47169811320755,2028000,52,986969,8268000
11142,2024-10-06,봄,자켓_싱글재킷_ZB,69.65747895283128,2631000,29,856913,8671000
11143,2024-10-06,봄,코트_싱글코트_ZB,56.8561872909699,258000,2,85499,598000
11144,2024-10-06,봄,팬츠_팬츠(일반)_ZB,70.4375038730867,5278000,179,1996021,17721000
11145,2024-10-06,사계절,데님_데님자켓_ZB,40.44615204554517,14664500,192,3449398,24148000
11146,2024-10-06,사계절,데님_데님팬츠_ZB,42.399848975344774,17575057,281,4606300,27819000
11147,2024-10-06,사계절,수트_블레이져(수트)_ZB,53.50058779231441,66372919,499,21212615,129241000
11148,2024-10-06,사계절,수트_블레이져(수트)_ZC,41.66253780170037,19526500,130,5725734,33670000
11149,2024-10-06,사계절,수트_수트팬츠_ZB,54.57950562317779,39000916,569,11966397,79091000
11150,2024-10-06,사계절,수트_수트팬츠_ZC,43.44561638824534,10518100,133,2840056,18487000
11151,2024-10-06,사계절,우븐 셔츠_드레스셔츠_ZB,60.1831388174872,128327100,4329,33645548,341991000
11152,2024-10-06,여름,니트 셔츠_라운드_ZB,74.16827526383483,12997409,644,4753884,50876000
11153,2024-10-06,여름,니트 셔츠_라운드_ZG,69.36219593438845,1177150,39,400218,3861000
11154,2024-10-06,여름,니트 셔츠_티에리_ZA,81.53817821067821,1581052,91,867901,9009000
11155,2024-10-06,여름,니트 셔츠_티에리_ZB,72.95193182758335,937400,44,331762,3476000
11156,2024-10-06,여름,수트_블레이져(수트)_ZA,-inf,1557060,13,801269,4507000
11157,2024-10-06,여름,수트_블레이져(수트)_ZB,68.34837020141678,8635450,98,5254409,27342000
11158,2024-10-06,여름,수트_블레이져(수트)_ZC,68.8968538430904,781000,9,512796,2511000
11159,2024-10-06,여름,수트_수트팬츠_ZA,57.430851486407036,1076860,14,464922,2786000
11160,2024-10-06,여름,수트_수트팬츠_ZB,58.57159164474601,7480050,124,3398260,18476000
11161,2024-10-06,여름,수트_수트팬츠_ZC,56.10514541387025,981050,15,422363,2235000
11162,2024-10-06,여름,스웨터_T-에리_ZA,-inf,206000,4,55454,436000
11163,2024-10-06,여름,스웨터_T-에리_ZB,62.139683634308426,3649698,120,1390102,10860000
11164,2024-10-06,여름,스웨터_라운드_ZA,69.0401376146789,269970,8,108909,872000
11165,2024-10-06,여름,스웨터_라운드_ZB,65.71414285654637,1449920,44,631380,3996000
11166,2024-10-06,여름,스웨터_오픈형(CARDIGAN)_ZA,66.78100775193798,171410,4,56831,516000
11167,2024-10-06,여름,우븐 셔츠_캐쥬얼셔츠_ZA,61.85561948599923,1135640,36,335572,3344000
11168,2024-10-06,여름,우븐 셔츠_캐쥬얼셔츠_ZB,70.41787475971672,5823527,277,2434137,21883000
11169,2024-10-06,여름,자켓_싱글재킷_ZA,56.37067835032682,9975000,79,2735820,24011000
11170,2024-10-06,여름,점퍼_점퍼_ZA,33.35946056955093,4479600,27,947707,6723000
11171,2024-10-06,여름,점퍼_점퍼_ZB,62.946868211672516,19786000,214,5355949,53286000
11172,2024-10-06,여름,점퍼_점퍼_ZG,60.315772895503585,2533000,26,863315,6474000
11173,2024-10-06,여름,팬츠_반바지_ZA,71.9053964023984,421700,19,234822,1501000
11174,2024-10-06,여름,팬츠_반바지_ZB,75.9493670886076,551000,29,233799,2291000
11175,2024-10-06,여름,팬츠_반바지_ZG,61.83057448880234,639000,21,272350,1659000
11176,2024-10-06,여름,팬츠_팬츠(일반)_ZA,39.72508944543828,4201241,54,643077,6966000
11177,2024-10-06,여름,팬츠_팬츠(일반)_ZB,68.69484573859573,5884080,237,2692967,23463000
11178,2024-10-06,여름,팬츠_팬츠(일반)_ZG,64.95219638242894,271270,6,117493,774000
11179,2024-10-13,가을,니트 셔츠_라운드_ZB,75.9493670886076,1349000,71,402173,5609000
11180,2024-10-13,가을,니트 셔츠_티에리_ZB,77.45569620253164,552110,31,270686,2449000
11181,2024-10-13,가을,수트_블레이져(수트)_ZB,42.27420235065725,98101900,600,29934610,167400000
11182,2024-10-13,가을,수트_블레이져(수트)_ZC,35.97322800087777,26259300,147,7774385,41013000
11183,2024-10-13,가을,수트_수트팬츠_ZB,52.4471432301373,46430500,640,16063325,95360000
11184,2024-10-13,가을,수트_수트팬츠_ZC,46.44728296168002,12368000,155,3915614,23095000
11185,2024-10-13,가을,스웨터_T-에리_ZA,64.22018348623853,780000,20,303004,2180000
11186,2024-10-13,가을,스웨터_T-에리_ZB,56.17977528089887,546000,14,264465,1246000
11187,2024-10-13,가을,우븐 셔츠_캐쥬얼셔츠_ZB,58.04256176900714,12505500,378,3278649,29862000
11188,2024-10-13,가을,자켓_싱글재킷_ZA,65.09596744988603,16385000,157,6107653,46943000
11189,2024-10-13,가을,점퍼_점퍼_ZA,58.74340254732783,13054000,159,4545493,31641000
11190,2024-10-13,가을,팬츠_팬츠(일반)_ZA,61.927243859157564,8152900,166,3245766,21414000
11191,2024-10-13,가을,팬츠_팬츠(일반)_ZB,58.377618550032345,16729700,406,4443404,40194000
11192,2024-10-13,겨울,니트 셔츠_라운드_ZA,22.432546322116874,12517060,163,2140204,16137000
11193,2024-10-13,겨울,니트 셔츠_라운드_ZB,39.31819872604936,28104700,616,4413009,45444000
11194,2024-10-13,겨울,니트 셔츠_라운드_ZG,21.953008344312693,2910100,38,526426,3762000
11195,2024-10-13,겨울,니트 셔츠_티에리_ZA,22.512044817927173,6915800,75,1097250,8925000
11196,2024-10-13,겨울,니트 셔츠_티에리_ZB,46.58754208754209,3172700,60,653067,5940000
11197,2024-10-13,겨울,니트 셔츠_후드티_ZG,20.0,761600,8,129360,952000
11198,2024-10-13,겨울,사파리_패딩사파리_ZB,0.0,0,0,0,0
11199,2024-10-13,겨울,수트_블레이져(수트)_ZA,20.7174688057041,21788300,69,4602674,27491000
11200,2024-10-13,겨울,수트_블레이져(수트)_ZB,20.616216123065804,120770320,546,28080192,152334000
11201,2024-10-13,겨울,수트_블레이져(수트)_ZC,20.9937343358396,39968840,175,9941581,50365000
11202,2024-10-13,겨울,수트_수트팬츠_ZA,20.841752333687815,14650700,85,3065220,18515000
11203,2024-10-13,겨울,수트_수트팬츠_ZB,20.7604298592989,64331980,545,14159617,81205000
11204,2024-10-13,겨울,수트_수트팬츠_ZC,21.024379129642288,21256760,175,4867803,26735000
11205,2024-10-13,겨울,스웨터_T-에리_ZA,4.666666666666667,1987700,15,308843,2085000
11206,2024-10-13,겨울,스웨터_T-에리_ZB,38.53676821674006,51110980,840,11418401,83160000
11207,2024-10-13,겨울,스웨터_Turtle_ZB,8.65585229662959,20428800,187,2853382,23493000
11208,2024-10-13,겨울,스웨터_VEST_ZB,23.157894736842106,4336200,57,498191,5643000
11209,2024-10-13,겨울,스웨터_라운드_ZA,15.651162790697674,11676000,107,1587104,14873000
11210,2024-10-13,겨울,스웨터_라운드_ZB,38.06506719869166,56205570,914,13305570,90486000
11211,2024-10-13,겨울,스웨터_오픈형(CARDIGAN)_ZA,2.4078600248292985,9064800,52,1213203,9308000
11212,2024-10-13,겨울,우븐 셔츠_캐쥬얼셔츠_ZB,28.723989153083995,55420110,906,8737384,82404000
11213,2024-10-13,겨울,자켓_싱글재킷_ZA,19.314462422537954,57167880,237,9123365,71963000
11214,2024-10-13,겨울,점퍼_점퍼_ZB,26.708923052241246,99667980,546,22070137,135954000
11215,2024-10-13,겨울,점퍼_점퍼_ZG,22.0,1006200,10,211902,1290000
11216,2024-10-13,겨울,점퍼_패딩점퍼_ZB,24.20696324951644,10301900,58,1959433,13892000
11217,2024-10-13,겨울,조끼_패딩베스트_ZB,36.06088540024715,7126000,66,1446488,10494000
11218,2024-10-13,겨울,코트_싱글코트_ZA,13.571428571428571,3882700,8,655669,4292000
11219,2024-10-13,겨울,코트_싱글코트_ZB,4.0,5763800,17,1014777,6083000
11220,2024-10-13,겨울,팬츠_팬츠(일반)_ZA,21.245271317829456,5079680,50,841458,6450000
11221,2024-10-13,겨울,팬츠_팬츠(일반)_ZB,30.63092647030454,101685700,1578,19022559,158532000
11222,2024-10-13,겨울,팬츠_팬츠(일반)_ZG,27.5,374100,4,68081,516000
11223,2024-10-13,봄,니트 셔츠_라운드_ZB,67.45940416826494,2686000,94,631944,8206000
11224,2024-10-13,봄,수트_블레이져(수트)_ZB,56.98924731182796,2760000,23,1172354,6417000
11225,2024-10-13,봄,수트_블레이져(수트)_ZC,56.98924731182796,2040000,17,908946,4743000
11226,2024-10-13,봄,수트_수트팬츠_ZB,46.97986577181208,1975000,25,634790,3725000
11227,2024-10-13,봄,수트_수트팬츠_ZC,43.192713326941515,1185000,14,360872,2086000
11228,2024-10-13,봄,스웨터_T-에리_ZB,70.70707070707071,1827000,63,942013,6237000
11229,2024-10-13,봄,스웨터_라운드_ZA,70.70707070707071,261000,9,141243,891000
11230,2024-10-13,봄,스웨터_라운드_ZB,70.70707070707071,2900000,100,1606605,9900000
11231,2024-10-13,봄,스웨터_오픈형(CARDIGAN)_ZB,75.47169811320755,1716000,44,829799,6996000
11232,2024-10-13,봄,자켓_싱글재킷_ZB,68.45039018952062,2830000,30,886462,8970000
11233,2024-10-13,봄,코트_싱글코트_ZB,64.79933110367892,842000,8,341995,2392000
11234,2024-10-13,봄,팬츠_팬츠(일반)_ZB,73.23556073556074,4033000,166,1627423,16434000
11235,2024-10-13,사계절,데님_데님자켓_ZB,38.66376513254359,8338100,97,1743979,12813000
11236,2024-10-13,사계절,데님_데님팬츠_ZB,46.22632909840357,10431582,209,3289248,20691000
11237,2024-10-13,사계절,수트_블레이져(수트)_ZB,54.877119296754664,53011721,415,17651284,107485000
11238,2024-10-13,사계절,수트_블레이져(수트)_ZC,41.92111459968603,14541000,97,4273644,25123000
11239,2024-10-13,사계절,수트_수트팬츠_ZB,55.45695685062688,30246991,449,9442320,62411000
11240,2024-10-13,사계절,수트_수트팬츠_ZC,42.29890281323328,8833250,111,2371452,15429000
11241,2024-10-13,사계절,우븐 셔츠_드레스셔츠_ZB,61.421836494896134,93692300,3271,25363436,258409000
11242,2024-10-13,여름,니트 셔츠_라운드_ZB,76.07355157068993,8819685,465,3140512,36735000
11243,2024-10-13,여름,니트 셔츠_라운드_ZG,70.91750841750843,1266000,44,441148,4356000
11244,2024-10-13,여름,니트 셔츠_티에리_ZA,80.8080808080808,38000,2,22253,198000
11245,2024-10-13,여름,니트 셔츠_티에리_ZB,75.9493670886076,589000,31,221794,2449000
11246,2024-10-13,여름,수트_블레이져(수트)_ZA,66.07669616519175,340000,3,178480,1017000
11247,2024-10-13,여름,수트_블레이져(수트)_ZB,68.71906468680662,2990000,34,1815977,9486000
11248,2024-10-13,여름,수트_블레이져(수트)_ZC,67.74193548387096,270000,3,170932,837000
11249,2024-10-13,여름,수트_수트팬츠_ZA,59.38080938080938,701000,9,300856,1771000
11250,2024-10-13,여름,수트_수트팬츠_ZB,55.28922978587409,2482000,38,1040243,5662000
11251,2024-10-13,여름,수트_수트팬츠_ZC,56.323639075316926,585700,9,253418,1341000
11252,2024-10-13,여름,스웨터_T-에리_ZA,59.63302752293578,254000,6,85355,654000
11253,2024-10-13,여름,스웨터_T-에리_ZB,62.66084403528224,1568711,47,530518,4203000
11254,2024-10-13,여름,스웨터_라운드_ZA,0.0,0,0,0,0
11255,2024-10-13,여름,스웨터_라운드_ZB,68.51284379374268,232000,8,117031,722000
11256,2024-10-13,여름,스웨터_오픈형(CARDIGAN)_ZA,0.0,0,0,0,0
11257,2024-10-13,여름,우븐 셔츠_캐쥬얼셔츠_ZA,70.80296637258664,125000,5,46220,435000
11258,2024-10-13,여름,우븐 셔츠_캐쥬얼셔츠_ZB,75.61315376312433,1813261,94,812476,7426000
11259,2024-10-13,여름,자켓_싱글재킷_ZA,inf,4068900,30,1067630,9240000
11260,2024-10-13,여름,점퍼_점퍼_ZA,30.11904761904762,5216550,30,1040517,7470000
11261,2024-10-13,여름,점퍼_점퍼_ZB,62.39759553012565,9617000,103,2558718,25647000
11262,2024-10-13,여름,점퍼_점퍼_ZG,63.86951314028042,2819000,31,1010323,7719000
11263,2024-10-13,여름,팬츠_반바지_ZA,67.51054852320675,154000,6,74154,474000
11264,2024-10-13,여름,팬츠_반바지_ZB,75.9493670886076,266000,14,109845,1106000
11265,2024-10-13,여름,팬츠_반바지_ZG,63.29113924050633,116000,4,52598,316000
11266,2024-10-13,여름,팬츠_팬츠(일반)_ZA,49.07476869217304,2601000,39,464633,5031000
11267,2024-10-13,여름,팬츠_팬츠(일반)_ZB,75.20801022194004,18310600,893,10196450,88407000
11268,2024-10-13,여름,팬츠_팬츠(일반)_ZG,69.21373200442967,1112000,28,548302,3612000
11269,2024-10-20,가을,니트 셔츠_라운드_ZB,75.9493670886076,551000,29,179821,2291000
11270,2024-10-20,가을,니트 셔츠_티에리_ZB,79.49614002187842,1312042,81,707278,6399000
11271,2024-10-20,가을,수트_블레이져(수트)_ZB,45.65191000051024,61203200,401,19933374,111879000
11272,2024-10-20,가을,수트_블레이져(수트)_ZC,36.035182041124315,20344650,114,6029115,31806000
11273,2024-10-20,가을,수트_수트팬츠_ZB,55.31922106469724,29887900,447,11218992,66603000
11274,2024-10-20,가을,수트_수트팬츠_ZC,45.939597315436245,10229850,127,3208278,18923000
11275,2024-10-20,가을,스웨터_T-에리_ZA,64.22018348623853,429000,11,166652,1199000
11276,2024-10-20,가을,스웨터_T-에리_ZB,56.17977528089887,273000,7,132233,623000
11277,2024-10-20,가을,우븐 셔츠_캐쥬얼셔츠_ZB,63.665092042866206,10798670,376,3281151,29704000
11278,2024-10-20,가을,자켓_싱글재킷_ZA,63.408785298072615,10612550,97,3773518,29003000
11279,2024-10-20,가을,점퍼_점퍼_ZA,61.28274508637864,13021000,169,4831373,33631000
11280,2024-10-20,가을,팬츠_팬츠(일반)_ZA,62.44538407329105,4796100,99,1935728,12771000
11281,2024-10-20,가을,팬츠_팬츠(일반)_ZB,60.668669263440506,17872550,459,5023454,45441000
11282,2024-10-20,겨울,니트 셔츠_라운드_ZA,21.074842917362602,9923260,127,1667521,12573000
11283,2024-10-20,겨울,니트 셔츠_라운드_ZB,43.53493637462145,24128900,555,4094893,41845000
11284,2024-10-20,겨울,니트 셔츠_라운드_ZG,22.5,1267200,17,232276,1683000
11285,2024-10-20,겨울,니트 셔츠_티에리_ZA,20.11904761904762,7984900,84,1228920,9996000
11286,2024-10-20,겨울,니트 셔츠_티에리_ZB,52.65329349836392,3328000,71,772796,7029000
11287,2024-10-20,겨울,니트 셔츠_후드티_ZG,20.0,666400,7,113190,833000
11288,2024-10-20,겨울,사파리_패딩사파리_ZB,20.0,319200,1,24699,399000
11289,2024-10-20,겨울,수트_블레이져(수트)_ZA,20.723684210526315,16408450,52,3506684,20778000
11290,2024-10-20,겨울,수트_블레이져(수트)_ZB,20.729791662077066,105092460,475,24513851,132525000
11291,2024-10-20,겨울,수트_블레이져(수트)_ZC,21.558257345491388,27140120,118,6733582,34022000
11292,2024-10-20,겨울,수트_수트팬츠_ZA,20.625,10269850,59,2168287,12981000
11293,2024-10-20,겨울,수트_수트팬츠_ZB,20.703114128496594,58899360,498,12914596,74202000
11294,2024-10-20,겨울,수트_수트팬츠_ZC,20.80910980910981,12212500,98,2768955,15262000
11295,2024-10-20,겨울,스웨터_T-에리_ZA,20.0,6672000,60,1235371,8340000
11296,2024-10-20,겨울,스웨터_T-에리_ZB,40.83177013162502,53558750,914,12548300,90486000
11297,2024-10-20,겨울,스웨터_Turtle_ZB,24.597153888587684,22089400,241,3640383,29079000
11298,2024-10-20,겨울,스웨터_VEST_ZB,20.81967213114754,4781700,61,533152,6039000
11299,2024-10-20,겨울,스웨터_라운드_ZA,20.524855386399395,21371750,195,3053846,27105000
11300,2024-10-20,겨울,스웨터_라운드_ZB,42.59483480359455,47266350,813,11931961,80487000
11301,2024-10-20,겨울,스웨터_오픈형(CARDIGAN)_ZA,22.731841017455544,14641450,106,2516935,18974000
11302,2024-10-20,겨울,우븐 셔츠_캐쥬얼셔츠_ZB,34.83217590047483,44723600,726,7388448,69144000
11303,2024-10-20,겨울,자켓_싱글재킷_ZA,21.214050587685147,79064200,311,12845374,100189000
11304,2024-10-20,겨울,점퍼_점퍼_ZB,28.73385295994735,90118550,508,20449342,126492000
11305,2024-10-20,겨울,점퍼_점퍼_ZG,22.22222222222222,1806000,18,381424,2322000
11306,2024-10-20,겨울,점퍼_패딩점퍼_ZB,21.06430155210643,9774000,52,1751280,12398000
11307,2024-10-20,겨울,조끼_패딩베스트_ZB,39.5394803757089,6456100,69,1423624,10321000
11308,2024-10-20,겨울,코트_더블코트_ZA,0.0,0,0,0,0
11309,2024-10-20,겨울,코트_싱글코트_ZA,18.51063829787234,20100200,48,3703864,24252000
11310,2024-10-20,겨울,코트_싱글코트_ZB,22.137318345270288,29752630,111,6666518,38739000
11311,2024-10-20,겨울,팬츠_팬츠(일반)_ZA,20.295081967213115,6271980,61,1026579,7869000
11312,2024-10-20,겨울,팬츠_팬츠(일반)_ZB,38.564157354934096,87267750,1380,17060954,141510000
11313,2024-10-20,겨울,팬츠_팬츠(일반)_ZG,24.444444444444443,877200,9,153182,1161000
11314,2024-10-20,봄,니트 셔츠_라운드_ZB,68.85736889692586,2026000,74,498143,6486000
11315,2024-10-20,봄,수트_블레이져(수트)_ZB,52.68817204301075,1320000,10,509719,2790000
11316,2024-10-20,봄,수트_블레이져(수트)_ZC,57.55248335893497,829000,7,374272,1953000
11317,2024-10-20,봄,수트_수트팬츠_ZB,42.561521252796425,632000,7,176210,1043000
11318,2024-10-20,봄,수트_수트팬츠_ZC,50.22371364653244,445000,6,154659,894000
11319,2024-10-20,봄,스웨터_T-에리_ZB,70.70707070707071,1566000,54,807440,5346000
11320,2024-10-20,봄,스웨터_라운드_ZA,70.70707070707071,145000,5,78468,495000
11321,2024-10-20,봄,스웨터_라운드_ZB,70.70707070707071,3393000,117,1899022,11583000
11322,2024-10-20,봄,스웨터_오픈형(CARDIGAN)_ZB,75.47169811320755,663000,17,323344,2703000
11323,2024-10-20,봄,자켓_싱글재킷_ZB,69.46231026498585,2374000,26,768267,7774000
11324,2024-10-20,봄,코트_싱글코트_ZB,84.39897698209718,-793000,-17,-726740,-5083000
11325,2024-10-20,봄,팬츠_팬츠(일반)_ZB,70.70707070707071,2494000,86,891948,8514000
11326,2024-10-20,사계절,데님_데님자켓_ZB,37.18348080384276,5949700,66,1162408,8174000
11327,2024-10-20,사계절,데님_데님팬츠_ZB,42.099544431329946,13190570,213,3455928,21087000
11328,2024-10-20,사계절,수트_블레이져(수트)_ZB,55.0488646780973,44281448,361,15371290,93499000
11329,2024-10-20,사계절,수트_블레이져(수트)_ZC,42.91596868977821,16072300,109,4809498,28231000
11330,2024-10-20,사계절,수트_수트팬츠_ZB,55.60807263691309,27530396,438,9174130,60882000
11331,2024-10-20,사계절,수트_수트팬츠_ZC,42.86463686193902,9841050,125,2670496,17375000
11332,2024-10-20,사계절,우븐 셔츠_드레스셔츠_ZB,59.128752106399965,93783200,3133,24348780,247507000
11333,2024-10-20,여름,니트 셔츠_라운드_ZB,62.54326652601969,2092450,42,316302,3318000
11334,2024-10-20,여름,니트 셔츠_라운드_ZG,48.34415584415584,498150,10,89199,990000
11335,2024-10-20,여름,니트 셔츠_티에리_ZA,59.077681577681574,732700,20,207035,1980000
11336,2024-10-20,여름,니트 셔츠_티에리_ZB,86.01617440225036,420050,10,74079,790000
11337,2024-10-20,여름,수트_블레이져(수트)_ZA,62.65117994100295,406450,3,178977,1017000
11338,2024-10-20,여름,수트_블레이져(수트)_ZB,52.59940636200717,2033800,20,1075714,5580000
11339,2024-10-20,여름,수트_블레이져(수트)_ZC,53.40501792114696,260000,2,113955,558000
11340,2024-10-20,여름,수트_수트팬츠_ZA,60.19179894179894,241950,3,91451,567000
11341,2024-10-20,여름,수트_수트팬츠_ZB,50.79395041014169,1418800,21,578597,3129000
11342,2024-10-20,여름,수트_수트팬츠_ZC,56.057046979865774,261900,4,112630,596000
11343,2024-10-20,여름,스웨터_T-에리_ZA,45.87155963302752,354000,6,86442,654000
11344,2024-10-20,여름,스웨터_T-에리_ZB,14.339887640449437,393950,3,46979,257000
11345,2024-10-20,여름,스웨터_라운드_ZA,0.0,0,0,0,0
11346,2024-10-20,여름,스웨터_라운드_ZB,120.81460674157304,-23050,3,42854,267000
11347,2024-10-20,여름,스웨터_오픈형(CARDIGAN)_ZA,0.0,0,0,0,0
11348,2024-10-20,여름,우븐 셔츠_캐쥬얼셔츠_ZA,49.733410049865746,334450,9,84471,751000
11349,2024-10-20,여름,우븐 셔츠_캐쥬얼셔츠_ZB,65.9680949479907,3870700,189,1619056,14931000
11350,2024-10-20,여름,자켓_싱글재킷_ZA,75.96276256891427,962450,3,92412,957000
11351,2024-10-20,여름,점퍼_점퍼_ZA,25.625,2963100,16,559496,3984000
11352,2024-10-20,여름,점퍼_점퍼_ZB,55.4620808816662,7788450,68,1659865,16932000
11353,2024-10-20,여름,점퍼_점퍼_ZG,60.60606060606061,1267000,13,469109,3237000
11354,2024-10-20,여름,팬츠_반바지_ZA,100.0,0,-1,-12359,-79000
11355,2024-10-20,여름,팬츠_반바지_ZB,93.9873417721519,114000,3,26117,237000
11356,2024-10-20,여름,팬츠_반바지_ZG,50.12082853855006,476900,12,160548,948000
11357,2024-10-20,여름,팬츠_팬츠(일반)_ZA,33.34194659776055,615900,7,83570,903000
11358,2024-10-20,여름,팬츠_팬츠(일반)_ZB,0.0,1062800,20,225592,1980000
11359,2024-10-20,여름,팬츠_팬츠(일반)_ZG,54.263565891472865,59000,1,19582,129000
11360,2024-10-27,가을,니트 셔츠_라운드_ZB,75.9493670886076,703000,37,226306,2923000
11361,2024-10-27,가을,니트 셔츠_티에리_ZB,78.1500904159132,604150,35,305614,2765000
11362,2024-10-27,가을,수트_블레이져(수트)_ZB,55.59983149048506,66147500,528,26222099,147312000
11363,2024-10-27,가을,수트_블레이져(수트)_ZC,45.6440640772438,14862000,98,5182923,27342000
11364,2024-10-27,가을,수트_수트팬츠_ZB,63.89781675699237,29237100,528,13250391,78672000
11365,2024-10-27,가을,수트_수트팬츠_ZC,55.811605392884715,7440000,113,2854609,16837000
11366,2024-10-27,가을,스웨터_T-에리_ZA,64.22018348623853,234000,6,90901,654000
11367,2024-10-27,가을,스웨터_T-에리_ZB,56.17977528089887,351000,9,170013,801000
11368,2024-10-27,가을,우븐 셔츠_캐쥬얼셔츠_ZB,68.87576179556413,14103560,578,4978364,45662000
11369,2024-10-27,가을,자켓_싱글재킷_ZA,75.30359608480869,8048805,109,4240345,32591000
11370,2024-10-27,가을,점퍼_점퍼_ZA,69.3002047273404,13196000,216,6175009,42984000
11371,2024-10-27,가을,팬츠_팬츠(일반)_ZA,73.53555089592071,4164975,122,2385442,15738000
11372,2024-10-27,가을,팬츠_팬츠(일반)_ZB,60.54236239950526,9570450,245,2681364,24255000
11373,2024-10-27,겨울,니트 셔츠_라운드_ZA,40.1897637462491,14151700,239,3138091,23661000
11374,2024-10-27,겨울,니트 셔츠_라운드_ZB,56.93545637634701,24572800,753,5744831,58647000
11375,2024-10-27,겨울,니트 셔츠_라운드_ZG,39.91822991822991,2144200,36,499166,3564000
11376,2024-10-27,겨울,니트 셔츠_티에리_ZA,49.027355623100306,8552700,141,2062830,16779000
11377,2024-10-27,겨울,니트 셔츠_티에리_ZB,57.5679012345679,3780700,90,979601,8910000
11378,2024-10-27,겨울,니트 셔츠_후드티_ZG,50.42016806722689,826000,14,226380,1666000
11379,2024-10-27,겨울,사파리_패딩사파리_ZB,26.14814814814815,4916240,16,554573,6684000
11380,2024-10-27,겨울,수트_블레이져(수트)_ZA,25.53913936109058,24826700,84,5629722,33476000
11381,2024-10-27,겨울,수트_블레이져(수트)_ZB,25.254742050691654,125789940,604,31320631,168516000
11382,2024-10-27,겨울,수트_블레이져(수트)_ZC,25.438401253918496,33705780,155,8826385,45005000
11383,2024-10-27,겨울,수트_수트팬츠_ZA,25.641852030947774,16517800,103,3697807,22327000
11384,2024-10-27,겨울,수트_수트팬츠_ZB,25.19928105744918,71507480,642,16756040,95658000
11385,2024-10-27,겨울,수트_수트팬츠_ZC,25.49500217296827,18059620,157,4392207,24173000
11386,2024-10-27,겨울,스웨터_T-에리_ZA,26.094552929085303,5033700,49,1008886,6811000
11387,2024-10-27,겨울,스웨터_T-에리_ZB,39.55437541439981,48920600,818,11285476,80982000
11388,2024-10-27,겨울,스웨터_Turtle_ZB,25.750905196219662,32991940,386,5754041,44214000
11389,2024-10-27,겨울,스웨터_VEST_ZB,38.075840370922336,3739600,61,533152,6039000
11390,2024-10-27,겨울,스웨터_라운드_ZA,28.983399329544827,18454900,188,2930175,26132000
11391,2024-10-27,겨울,스웨터_라운드_ZB,40.61362785610641,51679900,879,12872956,87021000
11392,2024-10-27,겨울,스웨터_오픈형(CARDIGAN)_ZA,26.333410924891375,7848000,60,1347209,10740000
11393,2024-10-27,겨울,우븐 셔츠_캐쥬얼셔츠_ZB,47.78733908082885,40589000,796,8372629,77574000
11394,2024-10-27,겨울,자켓_싱글재킷_ZA,26.37519489229751,89142020,372,15517951,121028000
11395,2024-10-27,겨울,점퍼_점퍼_ZB,31.655454172767833,78574650,447,18194566,111303000
11396,2024-10-27,겨울,점퍼_점퍼_ZG,23.25581395348837,792000,8,169522,1032000
11397,2024-10-27,겨울,점퍼_패딩점퍼_ZB,30.990188448994665,26967460,162,5750294,40938000
11398,2024-10-27,겨울,조끼_패딩베스트_ZB,58.454567009727114,6345100,132,2224961,16088000
11399,2024-10-27,겨울,코트_더블코트_ZA,27.0,4371240,12,984656,5988000
11400,2024-10-27,겨울,코트_싱글코트_ZA,27.046176046176043,29573380,79,6326931,41221000
11401,2024-10-27,겨울,코트_싱글코트_ZB,25.061421570425807,42437260,161,9790812,57089000
11402,2024-10-27,겨울,팬츠_팬츠(일반)_ZA,27.844660194174757,9587280,103,1733404,13287000
11403,2024-10-27,겨울,팬츠_팬츠(일반)_ZB,40.15714472425593,103741430,1700,20996649,174330000
11404,2024-10-27,겨울,팬츠_팬츠(일반)_ZG,38.75968992248062,1027000,13,221263,1677000
11405,2024-10-27,봄,니트 셔츠_라운드_ZB,66.99910497378852,2204000,76,517222,6884000
11406,2024-10-27,봄,수트_블레이져(수트)_ZB,56.98924731182796,840000,7,356803,1953000
11407,2024-10-27,봄,수트_블레이져(수트)_ZC,56.98924731182796,1320000,11,588142,3069000
11408,2024-10-27,봄,수트_수트팬츠_ZB,38.14317673378076,553000,6,152860,894000
11409,2024-10-27,봄,수트_수트팬츠_ZC,50.767018216682644,1027000,14,360872,2086000
11410,2024-10-27,봄,스웨터_T-에리_ZB,71.56308851224105,1661000,59,882203,5841000
11411,2024-10-27,봄,스웨터_라운드_ZA,72.05387205387206,249000,9,141243,891000
11412,2024-10-27,봄,스웨터_라운드_ZB,71.27278179909759,2000000,70,1137685,6930000
11413,2024-10-27,봄,스웨터_오픈형(CARDIGAN)_ZB,77.9874213836478,522000,14,265132,2226000
11414,2024-10-27,봄,자켓_싱글재킷_ZB,66.88963210702342,1386000,14,413682,4186000
11415,2024-10-27,봄,코트_싱글코트_ZB,56.8561872909699,645000,5,213747,1495000
11416,2024-10-27,봄,팬츠_팬츠(일반)_ZB,72.36751072367511,2225000,85,844218,8415000
11417,2024-10-27,사계절,데님_데님자켓_ZB,35.611695592468514,3882250,45,801699,5605000
11418,2024-10-27,사계절,데님_데님팬츠_ZB,42.434025748970846,10987212,189,3048914,18711000
11419,2024-10-27,사계절,수트_블레이져(수트)_ZB,57.77783389105546,47354153,384,16331205,99456000
11420,2024-10-27,사계절,수트_블레이져(수트)_ZC,42.11982261258934,14953550,100,4409879,25900000
11421,2024-10-27,사계절,수트_수트팬츠_ZB,58.056218244720114,27380328,422,8873287,58658000
11422,2024-10-27,사계절,수트_수트팬츠_ZC,43.33288924416023,8481900,108,2309400,15012000
11423,2024-10-27,사계절,우븐 셔츠_드레스셔츠_ZB,62.52813689328401,94729530,3279,25490471,259041000
11424,2024-10-27,여름,니트 셔츠_라운드_ZB,66.13245931283907,1123900,44,332121,3476000
11425,2024-10-27,여름,니트 셔츠_라운드_ZG,60.60606060606061,156000,4,41634,396000
11426,2024-10-27,여름,니트 셔츠_티에리_ZA,0.0,0,0,0,0
11427,2024-10-27,여름,니트 셔츠_티에리_ZB,0.0,0,0,0,0
11428,2024-10-27,여름,수트_블레이져(수트)_ZA,0.0,0,0,0,0
11429,2024-10-27,여름,수트_블레이져(수트)_ZB,0.0,0,0,0,0
11430,2024-10-27,여름,수트_블레이져(수트)_ZC,0.0,0,0,0,0
11431,2024-10-27,여름,수트_수트팬츠_ZA,0.0,0,0,0,0
11432,2024-10-27,여름,수트_수트팬츠_ZB,0.0,0,0,0,0
11433,2024-10-27,여름,수트_수트팬츠_ZC,0.0,0,0,0,0
11434,2024-10-27,여름,스웨터_T-에리_ZA,45.87155963302752,59000,1,14407,109000
11435,2024-10-27,여름,스웨터_T-에리_ZB,100.0,0,-3,-28728,-267000
11436,2024-10-27,여름,스웨터_라운드_ZA,0.0,0,0,0,0
11437,2024-10-27,여름,스웨터_라운드_ZB,0.0,0,0,0,0
11438,2024-10-27,여름,스웨터_오픈형(CARDIGAN)_ZA,0.0,0,0,0,0
11439,2024-10-27,여름,우븐 셔츠_캐쥬얼셔츠_ZA,60.60606060606061,-39000,-1,-9254,-99000
11440,2024-10-27,여름,우븐 셔츠_캐쥬얼셔츠_ZB,58.71835443037975,188450,6,49145,474000
11441,2024-10-27,여름,자켓_싱글재킷_ZA,57.81759868253855,1878000,15,481427,4545000
11442,2024-10-27,여름,점퍼_점퍼_ZA,30.0,4880400,28,973426,6972000
11443,2024-10-27,여름,점퍼_점퍼_ZB,63.50272886417465,4876000,54,1357511,13446000
11444,2024-10-27,여름,점퍼_점퍼_ZG,63.81079875055779,1068000,12,415738,2988000
11445,2024-10-27,여름,팬츠_반바지_ZA,0.0,0,0,0,0
11446,2024-10-27,여름,팬츠_반바지_ZB,75.9493670886076,19000,1,7478,79000
11447,2024-10-27,여름,팬츠_반바지_ZG,0.0,0,0,0,0
11448,2024-10-27,여름,팬츠_팬츠(일반)_ZA,32.63565891472868,553000,6,71182,774000
11449,2024-10-27,여름,팬츠_팬츠(일반)_ZB,79.3855218855219,6450,-5,-54072,-495000
11450,2024-10-27,여름,팬츠_팬츠(일반)_ZG,54.263565891472865,59000,1,19582,129000
11451,2024-11-03,가을,니트 셔츠_라운드_ZB,83.5675105485232,1235350,80,547952,6320000
11452,2024-11-03,가을,니트 셔츠_티에리_ZB,74.72392405063292,798724,40,349273,3160000
11453,2024-11-03,가을,수트_블레이져(수트)_ZB,59.98719551682793,55721950,498,24743427,138942000
11454,2024-11-03,가을,수트_블레이져(수트)_ZC,57.55850727387729,12078000,102,5394471,28458000
11455,2024-11-03,가을,수트_수트팬츠_ZB,65.77688874827564,26831050,525,13172419,78225000
11456,2024-11-03,가을,수트_수트팬츠_ZC,64.31557606263982,5104300,96,2425155,14304000
11457,2024-11-03,가을,스웨터_T-에리_ZA,141.74311926605503,273000,-6,-90901,-654000
11458,2024-11-03,가을,스웨터_T-에리_ZB,107.62090864680019,156000,-23,-434478,-2047000
11459,2024-11-03,가을,우븐 셔츠_캐쥬얼셔츠_ZB,62.08168137432188,10574285,348,2999432,27492000
11460,2024-11-03,가을,자켓_싱글재킷_ZA,65.70522672474138,8818558,86,3345593,25714000
11461,2024-11-03,가을,점퍼_점퍼_ZA,70.40922636438005,10128330,172,4917137,34228000
11462,2024-11-03,가을,팬츠_팬츠(일반)_ZA,64.69767441860465,3734280,82,1603330,10578000
11463,2024-11-03,가을,팬츠_팬츠(일반)_ZB,60.703830760434535,8247480,212,2320201,20988000
11464,2024-11-03,겨울,니트 셔츠_라운드_ZA,47.563157308377896,14120193,272,3571384,26928000
11465,2024-11-03,겨울,니트 셔츠_라운드_ZB,54.45687721668011,28771140,843,6199718,64117000
11466,2024-11-03,겨울,니트 셔츠_라운드_ZG,48.74717463092463,2702993,53,729744,5247000
11467,2024-11-03,겨울,니트 셔츠_티에리_ZA,50.122976019676166,9734000,164,2399320,19516000
11468,2024-11-03,겨울,니트 셔츠_티에리_ZB,55.337868480725625,4333120,98,1066677,9702000
11469,2024-11-03,겨울,니트 셔츠_후드티_ZG,50.11459129106188,653000,11,177870,1309000
11470,2024-11-03,겨울,사파리_패딩사파리_ZB,36.91888773658284,29077420,105,5329976,45995000
11471,2024-11-03,겨울,수트_블레이져(수트)_ZA,31.162114845938376,24442530,88,5796434,34832000
11472,2024-11-03,겨울,수트_블레이져(수트)_ZB,27.776914159773305,145309500,724,37648742,201996000
11473,2024-11-03,겨울,수트_블레이져(수트)_ZC,28.253521348173297,39346720,189,10824547,54711000
11474,2024-11-03,겨울,수트_수트팬츠_ZA,31.17198248905566,13902860,92,3272413,19828000
11475,2024-11-03,겨울,수트_수트팬츠_ZB,27.449797782505282,81194810,757,19787661,112793000
11476,2024-11-03,겨울,수트_수트팬츠_ZC,28.539814814814815,19979420,180,5069137,27780000
11477,2024-11-03,겨울,스웨터_T-에리_ZA,47.20431654676259,3669300,50,1044996,6950000
11478,2024-11-03,겨울,스웨터_T-에리_ZB,47.872193928451104,46970650,909,12385663,89991000
11479,2024-11-03,겨울,스웨터_Turtle_ZB,46.54350315859222,48977790,803,11961247,91377000
11480,2024-11-03,겨울,스웨터_VEST_ZB,47.92695473251029,5567650,108,943941,10692000
11481,2024-11-03,겨울,스웨터_라운드_ZA,45.14611413049344,23841410,319,4904689,44341000
11482,2024-11-03,겨울,스웨터_라운드_ZB,47.350108069378315,55527370,1070,15690986,105930000
11483,2024-11-03,겨울,스웨터_오픈형(CARDIGAN)_ZA,46.603636731986924,14637600,153,3270321,27387000
11484,2024-11-03,겨울,우븐 셔츠_캐쥬얼셔츠_ZB,50.13176001955732,40248050,842,8716158,80668000
11485,2024-11-03,겨울,자켓_싱글재킷_ZA,30.67438495503229,85378780,372,15721076,123028000
11486,2024-11-03,겨울,점퍼_점퍼_ZB,51.539027114743774,83702820,655,26730789,163095000
11487,2024-11-03,겨울,점퍼_점퍼_ZG,31.24031007751938,1241800,14,296663,1806000
11488,2024-11-03,겨울,점퍼_패딩점퍼_ZB,43.16998231071544,47811190,313,11945387,85487000
11489,2024-11-03,겨울,조끼_패딩베스트_ZB,55.53876846548319,15382550,264,4954342,35876000
11490,2024-11-03,겨울,코트_더블코트_ZA,41.18181818181818,6457060,22,1805203,10978000
11491,2024-11-03,겨울,코트_싱글코트_ZA,41.07889192160087,48457340,159,12743165,82941000
11492,2024-11-03,겨울,코트_싱글코트_ZB,39.57262366442421,77824760,345,21414094,124905000
11493,2024-11-03,겨울,팬츠_팬츠(일반)_ZA,29.479674796747968,11189460,123,2069988,15867000
11494,2024-11-03,겨울,팬츠_팬츠(일반)_ZB,46.79351029377885,115201300,2139,26230385,217641000
11495,2024-11-03,겨울,팬츠_팬츠(일반)_ZG,46.83720930232558,1028700,15,255304,1935000
11496,2024-11-03,봄,니트 셔츠_라운드_ZB,69.62794765009954,1159700,44,294666,3796000
11497,2024-11-03,봄,수트_블레이져(수트)_ZB,56.98924731182796,1080000,9,458747,2511000
11498,2024-11-03,봄,수트_블레이져(수트)_ZC,56.98924731182796,1200000,10,534674,2790000
11499,2024-11-03,봄,수트_수트팬츠_ZB,46.97986577181208,632000,8,203813,1192000
11500,2024-11-03,봄,수트_수트팬츠_ZC,46.97986577181208,948000,12,309319,1788000
11501,2024-11-03,봄,스웨터_T-에리_ZB,76.14306328592043,1157300,49,732677,4851000
11502,2024-11-03,봄,스웨터_라운드_ZA,70.70707070707071,29000,1,15694,99000
11503,2024-11-03,봄,스웨터_라운드_ZB,74.10213243546576,2224000,86,1385836,8514000
11504,2024-11-03,봄,스웨터_오픈형(CARDIGAN)_ZB,75.47169811320755,234000,6,109136,954000
11505,2024-11-03,봄,자켓_싱글재킷_ZB,66.88963210702342,1683000,17,502329,5083000
11506,2024-11-03,봄,코트_싱글코트_ZB,56.8561872909699,258000,2,85499,598000
11507,2024-11-03,봄,팬츠_팬츠(일반)_ZB,71.21933621933621,703700,25,249045,2475000
11508,2024-11-03,사계절,데님_데님자켓_ZB,39.17016204693791,3700180,43,763517,5387000
11509,2024-11-03,사계절,데님_데님팬츠_ZB,38.579934317100076,9603094,142,2333912,14058000
11510,2024-11-03,사계절,수트_블레이져(수트)_ZB,54.754290912813644,46282265,362,15398636,93758000
11511,2024-11-03,사계절,수트_블레이져(수트)_ZC,42.75922275922276,11800900,79,3481886,20461000
11512,2024-11-03,사계절,수트_수트팬츠_ZB,55.84740005063398,27561180,419,8801402,58241000
11513,2024-11-03,사계절,수트_수트팬츠_ZC,41.872993034144116,7086100,88,1882378,12232000
11514,2024-11-03,사계절,우븐 셔츠_드레스셔츠_ZB,59.692862619546474,103405540,3568,27922610,281872000
11515,2024-11-03,여름,니트 셔츠_라운드_ZB,inf,2489740,103,707473,8137000
11516,2024-11-03,여름,니트 셔츠_라운드_ZG,67.5679012345679,230970,7,68581,693000
11517,2024-11-03,여름,니트 셔츠_티에리_ZA,90.22917637917638,252039,-6,-33191,-594000
11518,2024-11-03,여름,니트 셔츠_티에리_ZB,66.88178119349006,283450,11,73638,869000
11519,2024-11-03,여름,수트_블레이져(수트)_ZA,-inf,300000,2,119650,678000
11520,2024-11-03,여름,수트_블레이져(수트)_ZB,67.96594982078852,1790000,20,1051053,5580000
11521,2024-11-03,여름,수트_블레이져(수트)_ZC,67.74193548387096,90000,1,56977,279000
11522,2024-11-03,여름,수트_수트팬츠_ZA,56.447971781305114,621400,7,231569,1393000
11523,2024-11-03,여름,수트_수트팬츠_ZB,54.312919463087255,2200950,32,860295,4768000
11524,2024-11-03,여름,수트_수트팬츠_ZC,50.79418344519016,219950,3,84473,447000
11525,2024-11-03,여름,스웨터_T-에리_ZA,72.93577981651376,118000,1,14950,109000
11526,2024-11-03,여름,스웨터_T-에리_ZB,113.42070990806945,484970,-7,-176703,-583000
11527,2024-11-03,여름,스웨터_라운드_ZA,0.0,0,0,0,0
11528,2024-11-03,여름,스웨터_라운드_ZB,52.550849587366436,592850,14,212676,1286000
11529,2024-11-03,여름,스웨터_오픈형(CARDIGAN)_ZA,62.01550387596899,49000,1,14208,129000
11530,2024-11-03,여름,우븐 셔츠_캐쥬얼셔츠_ZA,71.06056344031028,140810,5,46237,455000
11531,2024-11-03,여름,우븐 셔츠_캐쥬얼셔츠_ZB,60.20571935459972,1850850,60,498399,4740000
11532,2024-11-03,여름,자켓_싱글재킷_ZA,65.18943591099003,681000,5,155681,1435000
11533,2024-11-03,여름,점퍼_점퍼_ZA,37.48176341730559,5342049,33,1161787,8217000
11534,2024-11-03,여름,점퍼_점퍼_ZB,66.38473084256218,5790000,70,1777069,17430000
11535,2024-11-03,여름,점퍼_점퍼_ZG,67.10478276743336,1719000,21,656384,5229000
11536,2024-11-03,여름,팬츠_반바지_ZA,45.0,173800,4,49436,316000
11537,2024-11-03,여름,팬츠_반바지_ZB,75.9493670886076,304000,16,122590,1264000
11538,2024-11-03,여름,팬츠_반바지_ZG,50.63291139240506,156000,4,52598,316000
11539,2024-11-03,여름,팬츠_팬츠(일반)_ZA,38.75968992248062,1264000,16,200937,2064000
11540,2024-11-03,여름,팬츠_팬츠(일반)_ZB,69.94178977272728,755328,-17,-223720,-1683000
11541,2024-11-03,여름,팬츠_팬츠(일반)_ZG,45.0,212850,3,58747,387000
11542,2024-11-10,가을,니트 셔츠_라운드_ZB,79.01911083667798,656142,45,237706,3555000
11543,2024-11-10,가을,니트 셔츠_티에리_ZB,80.83180379746835,484572,32,279418,2528000
11544,2024-11-10,가을,수트_블레이져(수트)_ZB,60.43550650411503,34566900,314,15693084,87606000
11545,2024-11-10,가을,수트_블레이져(수트)_ZC,60.97579638355282,9690100,89,4706940,24831000
11546,2024-11-10,가을,수트_수트팬츠_ZB,66.0395741726452,16578700,329,8286054,49021000
11547,2024-11-10,가을,수트_수트팬츠_ZC,66.47651006711409,4995000,100,2526203,14900000
11548,2024-11-10,가을,스웨터_T-에리_ZA,64.22018348623853,351000,9,136352,981000
11549,2024-11-10,가을,스웨터_T-에리_ZB,0.0,0,0,0,0
11550,2024-11-10,가을,우븐 셔츠_캐쥬얼셔츠_ZB,73.33570335984152,12739960,605,5225174,47795000
11551,2024-11-10,가을,자켓_싱글재킷_ZA,71.15095773791425,6641915,77,2995473,23023000
11552,2024-11-10,가을,점퍼_점퍼_ZA,71.62211055276381,7059000,125,3573501,24875000
11553,2024-11-10,가을,팬츠_팬츠(일반)_ZA,69.42819408555843,3194448,81,1583777,10449000
11554,2024-11-10,가을,팬츠_팬츠(일반)_ZB,60.63659854357529,5027100,129,1411820,12771000
11555,2024-11-10,겨울,니트 셔츠_라운드_ZA,50.72106782106782,17075150,350,4595530,34650000
11556,2024-11-10,겨울,니트 셔츠_라운드_ZB,56.41724217253413,24380347,726,5574997,56774000
11557,2024-11-10,겨울,니트 셔츠_라운드_ZG,61.57974624955757,4971500,134,1842260,13266000
11558,2024-11-10,겨울,니트 셔츠_티에리_ZA,57.226890756302524,10536300,207,3028410,24633000
11559,2024-11-10,겨울,니트 셔츠_티에리_ZB,56.09543712991989,3781500,87,946948,8613000
11560,2024-11-10,겨울,니트 셔츠_후드티_ZG,61.28724216959511,1013500,22,355740,2618000
11561,2024-11-10,겨울,사파리_패딩사파리_ZB,48.209614586272096,61273360,272,13719025,119128000
11562,2024-11-10,겨울,수트_블레이져(수트)_ZA,30.69599358974359,35682790,131,8635276,51859000
11563,2024-11-10,겨울,수트_블레이져(수트)_ZB,27.01041181678389,137753460,682,35452856,190278000
11564,2024-11-10,겨울,수트_블레이져(수트)_ZC,28.701754385964914,48468880,231,13330928,67639000
11565,2024-11-10,겨울,수트_수트팬츠_ZA,30.62644927536232,20718020,139,4962505,30051000
11566,2024-11-10,겨울,수트_수트팬츠_ZB,27.383973678043876,76076420,705,18409108,105045000
11567,2024-11-10,겨울,수트_수트팬츠_ZC,28.681315256350317,26526860,237,6728097,36993000
11568,2024-11-10,겨울,스웨터_T-에리_ZA,50.76583894174983,6364500,93,1949191,12927000
11569,2024-11-10,겨울,스웨터_T-에리_ZB,51.66173416225888,46177482,965,13162275,95535000
11570,2024-11-10,겨울,스웨터_Turtle_ZB,51.28322281950156,70072106,1279,19005558,143661000
11571,2024-11-10,겨울,스웨터_VEST_ZB,50.395944174570126,6433150,131,1144965,12969000
11572,2024-11-10,겨울,스웨터_라운드_ZA,50.2770243609652,32846000,475,7313813,66025000
11573,2024-11-10,겨울,스웨터_라운드_ZB,51.043083961998015,56435300,1159,17084115,114741000
11574,2024-11-10,겨울,스웨터_오픈형(CARDIGAN)_ZA,52.66712290502793,15250653,180,3877540,32220000
11575,2024-11-10,겨울,우븐 셔츠_캐쥬얼셔츠_ZB,52.3435661295894,38137650,829,8748269,80151000
11576,2024-11-10,겨울,자켓_싱글재킷_ZA,31.869539345132797,95309130,429,17817482,139671000
11577,2024-11-10,겨울,점퍼_점퍼_ZB,54.956021757214515,49872100,432,17978053,107568000
11578,2024-11-10,겨울,점퍼_점퍼_ZG,59.43152454780362,157000,3,63571,387000
11579,2024-11-10,겨울,점퍼_패딩점퍼_ZB,49.98392740172663,80647660,634,23979558,171466000
11580,2024-11-10,겨울,조끼_패딩베스트_ZB,59.26257023285744,24930700,528,9186136,66452000
11581,2024-11-10,겨울,코트_더블코트_ZA,40.6,11856240,40,3282188,19960000
11582,2024-11-10,겨울,코트_싱글코트_ZA,40.532521501506785,77948080,252,20252858,131448000
11583,2024-11-10,겨울,코트_싱글코트_ZB,48.48444279321177,154231440,933,58962360,349217000
11584,2024-11-10,겨울,팬츠_팬츠(일반)_ZA,30.39097744360902,11942820,133,2238280,17157000
11585,2024-11-10,겨울,팬츠_팬츠(일반)_ZB,51.25432668667386,123583750,2481,30635359,253599000
11586,2024-11-10,겨울,팬츠_팬츠(일반)_ZG,52.40863787375415,859500,14,238284,1806000
11587,2024-11-10,봄,니트 셔츠_라운드_ZB,69.24066615522312,1628000,62,410901,5178000
11588,2024-11-10,봄,수트_블레이져(수트)_ZB,57.220843672456574,1551600,13,662635,3627000
11589,2024-11-10,봄,수트_블레이져(수트)_ZC,48.38709677419355,720000,5,267337,1395000
11590,2024-11-10,봄,수트_수트팬츠_ZB,47.981414558595766,1007600,13,331197,1937000
11591,2024-11-10,봄,수트_수트팬츠_ZC,46.97986577181208,553000,7,180436,1043000
11592,2024-11-10,봄,스웨터_T-에리_ZB,73.06834579561853,2053000,77,1151350,7623000
11593,2024-11-10,봄,스웨터_라운드_ZA,0.0,0,0,0,0
11594,2024-11-10,봄,스웨터_라운드_ZB,74.91021324354658,3115000,126,2040351,12474000
11595,2024-11-10,봄,스웨터_오픈형(CARDIGAN)_ZB,75.47169811320755,975000,25,434379,3975000
11596,2024-11-10,봄,자켓_싱글재킷_ZB,78.03790412486065,197000,3,88646,897000
11597,2024-11-10,봄,코트_싱글코트_ZB,56.8561872909699,258000,2,85499,598000
11598,2024-11-10,봄,팬츠_팬츠(일반)_ZB,70.70707070707071,667000,23,226460,2277000
11599,2024-11-10,사계절,데님_데님자켓_ZB,36.137093395668984,5548950,69,1200785,8501000
11600,2024-11-10,사계절,데님_데님팬츠_ZB,57.852548151315716,15588953,328,5884682,32472000
11601,2024-11-10,사계절,수트_블레이져(수트)_ZB,53.99391191104674,38952970,297,12628791,76923000
11602,2024-11-10,사계절,수트_블레이져(수트)_ZC,42.43303571428571,11832600,79,3482955,20461000
11603,2024-11-10,사계절,수트_수트팬츠_ZB,54.7610384196483,22484832,325,6834547,45175000
11604,2024-11-10,사계절,수트_수트팬츠_ZC,42.97745803357314,8145200,102,2181423,14178000
11605,2024-11-10,사계절,우븐 셔츠_드레스셔츠_ZB,63.11516379735691,86253740,3013,23483546,238027000
11606,2024-11-10,여름,니트 셔츠_라운드_ZB,62.482229795520944,2655200,93,671050,7347000
11607,2024-11-10,여름,니트 셔츠_라운드_ZG,60.6060606060606,468000,12,118430,1188000
11608,2024-11-10,여름,니트 셔츠_티에리_ZA,65.65656565656566,164000,6,69340,594000
11609,2024-11-10,여름,니트 셔츠_티에리_ZB,54.11392405063292,232000,6,42585,474000
11610,2024-11-10,여름,수트_블레이져(수트)_ZA,61.84812627250187,1238000,10,643171,3590000
11611,2024-11-10,여름,수트_블레이져(수트)_ZB,69.08602150537635,520000,6,316256,1674000
11612,2024-11-10,여름,수트_블레이져(수트)_ZC,-inf,1000,0,0,0
11613,2024-11-10,여름,수트_수트팬츠_ZA,68.78306878306879,295000,5,155306,945000
11614,2024-11-10,여름,수트_수트팬츠_ZB,-inf,394000,1,29864,149000
11615,2024-11-10,여름,수트_수트팬츠_ZC,53.691275167785236,69000,1,28158,149000
11616,2024-11-10,여름,스웨터_T-에리_ZA,63.710499490315996,322000,8,115799,872000
11617,2024-11-10,여름,스웨터_T-에리_ZB,59.92117807286347,1458050,36,509227,3274000
11618,2024-11-10,여름,스웨터_라운드_ZA,64.22018348623853,-117000,-3,-40841,-327000
11619,2024-11-10,여름,스웨터_라운드_ZB,56.554590852343665,1448100,37,576956,3343000
11620,2024-11-10,여름,스웨터_오픈형(CARDIGAN)_ZA,69.76744186046511,78000,2,28416,258000
11621,2024-11-10,여름,우븐 셔츠_캐쥬얼셔츠_ZA,63.78404296125815,143100,4,37000,376000
11622,2024-11-10,여름,우븐 셔츠_캐쥬얼셔츠_ZB,61.30952380952381,674300,21,136312,1659000
11623,2024-11-10,여름,자켓_싱글재킷_ZA,56.588425450590115,2112000,15,564091,4725000
11624,2024-11-10,여름,점퍼_점퍼_ZA,30.0,2265900,13,438226,3237000
11625,2024-11-10,여름,점퍼_점퍼_ZB,63.87454580225665,1573000,17,413894,4233000
11626,2024-11-10,여름,점퍼_점퍼_ZG,48.393574297188756,257000,2,61799,498000
11627,2024-11-10,여름,팬츠_반바지_ZA,63.29113924050633,-29000,-1,-12359,-79000
11628,2024-11-10,여름,팬츠_반바지_ZB,75.04520795660036,352000,18,139756,1422000
11629,2024-11-10,여름,팬츠_반바지_ZG,inf,35100,1,12116,79000
11630,2024-11-10,여름,팬츠_팬츠(일반)_ZA,23.969638242894057,1389800,17,210840,2193000
11631,2024-11-10,여름,팬츠_팬츠(일반)_ZB,60.259462130210444,-2653000,-26,-519528,-2574000
11632,2024-11-10,여름,팬츠_팬츠(일반)_ZG,54.263565891472865,118000,2,39164,258000
11633,2024-11-17,가을,니트 셔츠_라운드_ZB,82.40250265726156,1821165,131,670488,10349000
11634,2024-11-17,가을,니트 셔츠_티에리_ZB,80.5938359933957,705220,46,401664,3634000
11635,2024-11-17,가을,수트_블레이져(수트)_ZB,60.830881815601686,27190600,249,12416462,69471000
11636,2024-11-17,가을,수트_블레이져(수트)_ZC,61.12391193036354,6074000,56,2961670,15624000
11637,2024-11-17,가을,수트_수트팬츠_ZB,66.31418126261799,13629500,272,6839098,40528000
11638,2024-11-17,가을,수트_수트팬츠_ZC,66.55670572176089,2940000,59,1490460,8791000
11639,2024-11-17,가을,스웨터_T-에리_ZA,64.22018348623853,390000,10,151502,1090000
11640,2024-11-17,가을,스웨터_T-에리_ZB,56.17977528089887,39000,1,18890,89000
11641,2024-11-17,가을,우븐 셔츠_캐쥬얼셔츠_ZB,72.35254013918572,13491262,627,5393559,49533000
11642,2024-11-17,가을,자켓_싱글재킷_ZA,75.17353081700908,8313888,112,4357052,33488000
11643,2024-11-17,가을,점퍼_점퍼_ZA,70.35175879396985,6490000,110,3144681,21890000
11644,2024-11-17,가을,팬츠_팬츠(일반)_ZA,73.17281495946506,4533526,131,2561418,16899000
11645,2024-11-17,가을,팬츠_팬츠(일반)_ZB,60.726531368733205,4238000,109,1192933,10791000
11646,2024-11-17,겨울,니트 셔츠_라운드_ZA,51.0,12709620,262,3440083,25938000
11647,2024-11-17,겨울,니트 셔츠_라운드_ZB,58.64918088108671,30002747,930,7493612,75930000
11648,2024-11-17,겨울,니트 셔츠_라운드_ZG,65.31648407969762,7326000,216,2968972,21384000
11649,2024-11-17,겨울,니트 셔츠_티에리_ZA,61.47553851234817,10498301,229,3350270,27251000
11650,2024-11-17,겨울,니트 셔츠_티에리_ZB,63.95039133052378,5389056,151,1643553,14949000
11651,2024-11-17,겨울,니트 셔츠_후드티_ZG,67.1468587434974,821000,21,339570,2499000
11652,2024-11-17,겨울,사파리_패딩사파리_ZB,60.845666086027435,171489080,1489,53474652,610311000
11653,2024-11-17,겨울,수트_블레이져(수트)_ZA,30.42557603686636,22974170,83,5597052,33137000
11654,2024-11-17,겨울,수트_블레이져(수트)_ZB,27.504614964265276,129331510,642,33535534,179118000
11655,2024-11-17,겨울,수트_블레이져(수트)_ZC,28.491473279793265,39470020,187,10804424,54813000
11656,2024-11-17,겨울,수트_수트팬츠_ZA,30.240047233468285,14451170,95,3462581,20755000
11657,2024-11-17,겨울,수트_수트팬츠_ZB,27.459279042601302,72458700,672,17631617,100128000
11658,2024-11-17,겨울,수트_수트팬츠_ZC,28.65740740740741,22185140,200,5655948,30880000
11659,2024-11-17,겨울,스웨터_T-에리_ZA,49.825917044142464,5649100,81,1697683,11259000
11660,2024-11-17,겨울,스웨터_T-에리_ZB,53.02054068221733,49133450,1056,14266067,104544000
11661,2024-11-17,겨울,스웨터_Turtle_ZB,54.80382812298166,85110310,1658,24723592,188622000
11662,2024-11-17,겨울,스웨터_VEST_ZB,51.23860556787386,7916900,164,1433392,16236000
11663,2024-11-17,겨울,스웨터_라운드_ZA,49.747058033552236,33022916,475,7282230,66025000
11664,2024-11-17,겨울,스웨터_라운드_ZB,52.86305042822652,61564712,1311,18926504,129789000
11665,2024-11-17,겨울,스웨터_오픈형(CARDIGAN)_ZA,58.063594320577565,20477600,273,5640550,48867000
11666,2024-11-17,겨울,우븐 셔츠_캐쥬얼셔츠_ZB,56.99405404673828,49612730,1200,12549408,115220000
11667,2024-11-17,겨울,자켓_싱글재킷_ZA,33.83461056090136,72757740,330,14232635,111070000
11668,2024-11-17,겨울,점퍼_점퍼_ZB,54.19494893260925,38658600,334,14049544,83166000
11669,2024-11-17,겨울,점퍼_점퍼_ZG,46.51162790697674,138000,2,42380,258000
11670,2024-11-17,겨울,점퍼_패딩점퍼_ZB,55.97489003069809,93220660,776,29684464,212524000
11671,2024-11-17,겨울,조끼_패딩베스트_ZB,59.339508291586924,21693051,473,8096609,58557000
11672,2024-11-17,겨울,코트_더블코트_ZA,40.214285714285715,8353260,28,2297532,13972000
11673,2024-11-17,겨울,코트_싱글코트_ZA,40.763819735128585,89526380,291,23441536,151809000
11674,2024-11-17,겨울,코트_싱글코트_ZB,48.32393457481637,137309393,838,52639857,309062000
11675,2024-11-17,겨울,팬츠_팬츠(일반)_ZA,30.151162790697676,10632390,118,1985842,15222000
11676,2024-11-17,겨울,팬츠_팬츠(일반)_ZB,51.68359707664874,144219163,2946,36230179,299364000
11677,2024-11-17,겨울,팬츠_팬츠(일반)_ZG,50.0,451500,7,119142,903000
11678,2024-11-17,봄,니트 셔츠_라운드_ZB,69.18098372129019,1348000,51,338747,4289000
11679,2024-11-17,봄,수트_블레이져(수트)_ZB,56.98924731182796,2520000,21,1070410,5859000
11680,2024-11-17,봄,수트_블레이져(수트)_ZC,57.22116803710732,2029000,17,908946,4743000
11681,2024-11-17,봄,수트_수트팬츠_ZB,46.97986577181208,1343000,17,433104,2533000
11682,2024-11-17,봄,수트_수트팬츠_ZC,47.82608695652174,1788000,23,592861,3427000
11683,2024-11-17,봄,스웨터_T-에리_ZB,76.4833520389076,6286000,270,4037200,26730000
11684,2024-11-17,봄,스웨터_라운드_ZA,70.70707070707071,609000,21,329567,2079000
11685,2024-11-17,봄,스웨터_라운드_ZB,76.04738042922708,4081000,169,2749300,16731000
11686,2024-11-17,봄,스웨터_오픈형(CARDIGAN)_ZB,75.47169811320755,1989000,51,929110,8109000
11687,2024-11-17,봄,자켓_싱글재킷_ZB,66.88963210702342,990000,10,295487,2990000
11688,2024-11-17,봄,코트_싱글코트_ZB,-inf,30000,0,0,0
11689,2024-11-17,봄,팬츠_팬츠(일반)_ZB,73.15197428833793,660500,24,236168,2376000
11690,2024-11-17,사계절,데님_데님자켓_ZB,35.15875989974668,3426000,44,743728,4936000
11691,2024-11-17,사계절,데님_데님팬츠_ZB,62.02460609565873,9281289,234,4044366,23166000
11692,2024-11-17,사계절,수트_블레이져(수트)_ZB,56.47711659923132,38760529,299,12708861,77441000
11693,2024-11-17,사계절,수트_블레이져(수트)_ZC,42.977262977262974,8112000,55,2424605,14245000
11694,2024-11-17,사계절,수트_수트팬츠_ZB,56.84398851488005,23346362,345,7260570,47955000
11695,2024-11-17,사계절,수트_수트팬츠_ZC,46.84178707454205,4488200,58,1238620,8062000
11696,2024-11-17,사계절,우븐 셔츠_드레스셔츠_ZB,62.33318581560247,76580619,2638,20559005,208402000
11697,2024-11-17,여름,니트 셔츠_라운드_ZB,35.75787082116196,956700,25,142380,1975000
11698,2024-11-17,여름,니트 셔츠_라운드_ZG,73.73737373737374,156000,3,36728,297000
11699,2024-11-17,여름,니트 셔츠_티에리_ZA,70.70707070707071,174000,6,51266,594000
11700,2024-11-17,여름,니트 셔츠_티에리_ZB,57.17299578059072,290000,8,57666,632000
11701,2024-11-17,여름,수트_블레이져(수트)_ZA,0.0,0,0,0,0
11702,2024-11-17,여름,수트_블레이져(수트)_ZB,83.87096774193549,180000,0,7962,0
11703,2024-11-17,여름,수트_블레이져(수트)_ZC,67.74193548387096,90000,1,56977,279000
11704,2024-11-17,여름,수트_수트팬츠_ZA,63.492063492063494,138000,2,62123,378000
11705,2024-11-17,여름,수트_수트팬츠_ZB,16.531040268456376,199950,3,87830,447000
11706,2024-11-17,여름,수트_수트팬츠_ZC,0.0,-447000,-3,-84473,-447000
11707,2024-11-17,여름,스웨터_T-에리_ZA,51.36085626911315,220100,4,57085,436000
11708,2024-11-17,여름,스웨터_T-에리_ZB,56.17977528089887,39000,1,15344,89000
11709,2024-11-17,여름,스웨터_라운드_ZA,45.0,59950,1,13614,109000
11710,2024-11-17,여름,스웨터_라운드_ZB,-inf,87950,2,32710,178000
11711,2024-11-17,여름,스웨터_오픈형(CARDIGAN)_ZA,0.0,0,0,0,0
11712,2024-11-17,여름,우븐 셔츠_캐쥬얼셔츠_ZA,60.60606060606061,78000,2,18509,198000
11713,2024-11-17,여름,우븐 셔츠_캐쥬얼셔츠_ZB,78.398035646247,1171000,37,309280,2923000
11714,2024-11-17,여름,자켓_싱글재킷_ZA,57.81759868253855,2319000,19,607638,5711000
11715,2024-11-17,여름,점퍼_점퍼_ZA,30.583333333333336,-540330,-3,-115578,-747000
11716,2024-11-17,여름,점퍼_점퍼_ZB,62.650602409638545,761000,9,218267,2241000
11717,2024-11-17,여름,점퍼_점퍼_ZG,63.68330464716007,792000,8,292139,1992000
11718,2024-11-17,여름,팬츠_반바지_ZA,66.9620253164557,26100,1,12359,79000
11719,2024-11-17,여름,팬츠_반바지_ZB,71.9409282700422,19000,0,2210,0
11720,2024-11-17,여름,팬츠_반바지_ZG,75.31645569620254,-78000,-4,-53975,-316000
11721,2024-11-17,여름,팬츠_팬츠(일반)_ZA,42.63565891472868,711000,9,103709,1161000
11722,2024-11-17,여름,팬츠_팬츠(일반)_ZB,61.523252129134484,959230,24,285426,2376000
11723,2024-11-17,여름,팬츠_팬츠(일반)_ZG,54.263565891472865,59000,1,19582,129000
11724,2024-11-24,가을,니트 셔츠_라운드_ZB,79.57897755087768,2439004,183,940330,14457000
11725,2024-11-24,가을,니트 셔츠_티에리_ZB,81.43966244725739,395892,27,235759,2133000
11726,2024-11-24,가을,수트_블레이져(수트)_ZB,60.9784092848609,20481100,188,9419387,52452000
11727,2024-11-24,가을,수트_블레이져(수트)_ZC,60.93189964157706,5559000,51,2697235,14229000
11728,2024-11-24,가을,수트_수트팬츠_ZB,66.48597487523661,11045000,221,5544780,32929000
11729,2024-11-24,가을,수트_수트팬츠_ZC,66.44295302013423,2850000,57,1439936,8493000
11730,2024-11-24,가을,스웨터_T-에리_ZA,64.22018348623853,117000,3,45451,327000
11731,2024-11-24,가을,스웨터_T-에리_ZB,56.17977528089887,78000,2,37781,178000
11732,2024-11-24,가을,우븐 셔츠_캐쥬얼셔츠_ZB,74.52804342982161,7901669,399,3456066,31521000
11733,2024-11-24,가을,자켓_싱글재킷_ZA,75.48795986622073,7109227,97,3773518,29003000
11734,2024-11-24,가을,점퍼_점퍼_ZA,70.7769617317356,3024000,52,1486576,10348000
11735,2024-11-24,가을,팬츠_팬츠(일반)_ZA,74.81231007751938,3249212,100,1955281,12900000
11736,2024-11-24,가을,팬츠_팬츠(일반)_ZB,63.43434343434343,5430000,150,1641652,14850000
11737,2024-11-24,겨울,니트 셔츠_라운드_ZA,50.17564752584208,12676810,257,3374432,25443000
11738,2024-11-24,겨울,니트 셔츠_라운드_ZB,55.59523741966336,19571293,565,4452119,45375000
11739,2024-11-24,겨울,니트 셔츠_라운드_ZG,62.861812861812865,4393000,124,1697474,12276000
11740,2024-11-24,겨울,니트 셔츠_티에리_ZA,54.50972193755551,6658412,123,1799490,14637000
11741,2024-11-24,겨울,니트 셔츠_티에리_ZB,58.93878256246677,6178892,152,1654437,15048000
11742,2024-11-24,겨울,니트 셔츠_후드티_ZG,59.63760504201681,768500,16,258720,1904000
11743,2024-11-24,겨울,사파리_패딩사파리_ZB,61.92967777211517,267297441,2201,84023234,915999000
11744,2024-11-24,겨울,수트_블레이져(수트)_ZA,35.86202185475964,22736630,90,6025792,35860000
11745,2024-11-24,겨울,수트_블레이져(수트)_ZB,27.819024655225103,132770520,660,34487119,184140000
11746,2024-11-24,겨울,수트_블레이져(수트)_ZC,28.80295698924731,40485040,194,11179891,56656000
11747,2024-11-24,겨울,수트_수트팬츠_ZA,35.81420400831915,13939400,101,3642605,21959000
11748,2024-11-24,겨울,수트_수트팬츠_ZB,27.67539786448393,73757980,686,18053301,102214000
11749,2024-11-24,겨울,수트_수트팬츠_ZC,28.74616858237548,22867320,207,5839318,31863000
11750,2024-11-24,겨울,스웨터_T-에리_ZA,50.137833658307,7416000,107,2242618,14873000
11751,2024-11-24,겨울,스웨터_T-에리_ZB,52.33064166987988,40126318,850,11491278,84150000
11752,2024-11-24,겨울,스웨터_Turtle_ZB,52.389223678479645,92103573,1768,26121174,192552000
11753,2024-11-24,겨울,스웨터_VEST_ZB,50.65875533862111,7278327,149,1302289,14751000
11754,2024-11-24,겨울,스웨터_라운드_ZA,50.108580719812174,36934320,532,8108514,73948000
11755,2024-11-24,겨울,스웨터_라운드_ZB,52.639460001894065,56294669,1198,17387714,118602000
11756,2024-11-24,겨울,스웨터_오픈형(CARDIGAN)_ZA,56.090209388939414,21338726,274,5572538,49046000
11757,2024-11-24,겨울,우븐 셔츠_캐쥬얼셔츠_ZB,55.653648117195395,36456387,850,8859715,82160000
11758,2024-11-24,겨울,자켓_싱글재킷_ZA,50.50474445452354,75272800,462,19376055,152138000
11759,2024-11-24,겨울,점퍼_점퍼_ZB,55.138281643267106,13461200,121,5156116,30129000
11760,2024-11-24,겨울,점퍼_점퍼_ZG,38.75968992248062,158000,2,42380,258000
11761,2024-11-24,겨울,점퍼_패딩점퍼_ZB,53.86324644319716,122959892,865,35263458,255685000
11762,2024-11-24,겨울,조끼_패딩베스트_ZB,63.35744471974606,21812020,429,8250188,59761000
11763,2024-11-24,겨울,코트_더블코트_ZA,49.65811965811966,29391100,117,9600400,58383000
11764,2024-11-24,겨울,코트_싱글코트_ZA,49.70932361758164,138788400,533,42703470,275267000
11765,2024-11-24,겨울,코트_싱글코트_ZB,51.46916528848879,205803654,1273,80454797,468777000
11766,2024-11-24,겨울,팬츠_팬츠(일반)_ZA,48.80192581777732,14728150,223,3752905,28767000
11767,2024-11-24,겨울,팬츠_팬츠(일반)_ZB,51.39617362804403,137176741,2784,34500415,283386000
11768,2024-11-24,겨울,팬츠_팬츠(일반)_ZG,50.0,258000,4,68081,516000
11769,2024-11-24,봄,니트 셔츠_라운드_ZB,69.10880961513874,212000,8,53117,672000
11770,2024-11-24,봄,수트_블레이져(수트)_ZB,56.98924731182796,2280000,19,900682,5301000
11771,2024-11-24,봄,수트_블레이져(수트)_ZC,56.98924731182796,360000,3,160402,837000
11772,2024-11-24,봄,수트_수트팬츠_ZB,46.97986577181208,2054000,26,615606,3874000
11773,2024-11-24,봄,수트_수트팬츠_ZC,46.97986577181208,869000,11,283542,1639000
11774,2024-11-24,봄,스웨터_T-에리_ZB,72.76468387579499,1456000,54,807440,5346000
11775,2024-11-24,봄,스웨터_라운드_ZA,0.0,0,0,0,0
11776,2024-11-24,봄,스웨터_라운드_ZB,74.53321089684727,1942000,78,1269181,7722000
11777,2024-11-24,봄,스웨터_오픈형(CARDIGAN)_ZB,75.47169811320755,117000,3,51982,477000
11778,2024-11-24,봄,자켓_싱글재킷_ZB,66.88963210702342,198000,2,59097,598000
11779,2024-11-24,봄,코트_싱글코트_ZB,56.8561872909699,774000,6,256496,1794000
11780,2024-11-24,봄,팬츠_팬츠(일반)_ZB,73.14524555903866,771000,29,281541,2871000
11781,2024-11-24,사계절,데님_데님자켓_ZB,36.43994940004667,3794000,46,797169,5714000
11782,2024-11-24,사계절,데님_데님팬츠_ZB,56.572654198773385,7127887,153,2748098,15147000
11783,2024-11-24,사계절,수트_블레이져(수트)_ZB,57.46027208824327,29745508,251,10684618,65009000
11784,2024-11-24,사계절,수트_블레이져(수트)_ZC,42.9519745309219,10332000,70,3086007,18130000
11785,2024-11-24,사계절,수트_수트팬츠_ZB,57.563487687262345,18015759,295,6182316,41005000
11786,2024-11-24,사계절,수트_수트팬츠_ZC,43.93918827202389,5374000,69,1475181,9591000
11787,2024-11-24,사계절,우븐 셔츠_드레스셔츠_ZB,64.29735993233506,80527700,2801,21884135,221279000
11788,2024-11-24,여름,니트 셔츠_라운드_ZB,68.9170182841069,519000,21,155102,1659000
11789,2024-11-24,여름,니트 셔츠_라운드_ZG,60.60606060606061,195000,5,49562,495000
11790,2024-11-24,여름,니트 셔츠_티에리_ZA,70.70707070707071,116000,4,34177,396000
11791,2024-11-24,여름,니트 셔츠_티에리_ZB,63.29113924050633,145000,5,36375,395000
11792,2024-11-24,여름,수트_블레이져(수트)_ZA,0.0,0,0,0,0
11793,2024-11-24,여름,수트_블레이져(수트)_ZB,67.74193548387096,360000,4,213376,1116000
11794,2024-11-24,여름,수트_블레이져(수트)_ZC,67.74193548387096,270000,3,170932,837000
11795,2024-11-24,여름,수트_수트팬츠_ZA,58.2010582010582,158000,2,62123,378000
11796,2024-11-24,여름,수트_수트팬츠_ZB,53.691275167785236,138000,2,54641,298000
11797,2024-11-24,여름,수트_수트팬츠_ZC,53.691275167785236,966000,14,394205,2086000
11798,2024-11-24,여름,스웨터_T-에리_ZA,45.87155963302752,177000,3,43221,327000
11799,2024-11-24,여름,스웨터_T-에리_ZB,-inf,225000,4,47965,366000
11800,2024-11-24,여름,스웨터_라운드_ZA,0.0,0,0,0,0
11801,2024-11-24,여름,스웨터_라운드_ZB,56.17977528089887,156000,4,62314,356000
11802,2024-11-24,여름,스웨터_오픈형(CARDIGAN)_ZA,0.0,0,0,0,0
11803,2024-11-24,여름,우븐 셔츠_캐쥬얼셔츠_ZA,63.29113924050633,29000,1,9237,79000
11804,2024-11-24,여름,우븐 셔츠_캐쥬얼셔츠_ZB,53.16455696202532,253000,7,58568,553000
11805,2024-11-24,여름,자켓_싱글재킷_ZA,55.76897662929115,1197000,9,345310,2781000
11806,2024-11-24,여름,점퍼_점퍼_ZA,30.0,1045800,6,211234,1494000
11807,2024-11-24,여름,점퍼_점퍼_ZB,64.2570281124498,336000,4,96156,996000
11808,2024-11-24,여름,점퍼_점퍼_ZG,60.24096385542169,198000,2,76780,498000
11809,2024-11-24,여름,팬츠_반바지_ZA,0.0,0,0,0,0
11810,2024-11-24,여름,팬츠_반바지_ZB,0.0,0,0,0,0
11811,2024-11-24,여름,팬츠_반바지_ZG,50.63291139240506,39000,1,12116,79000
11812,2024-11-24,여름,팬츠_팬츠(일반)_ZA,38.75968992248062,1975000,25,277432,3225000
11813,2024-11-24,여름,팬츠_팬츠(일반)_ZB,45.45454545454545,138000,2,19993,198000
11814,2024-11-24,여름,팬츠_팬츠(일반)_ZG,54.263565891472865,118000,2,39164,258000
11815,2024-12-01,가을,니트 셔츠_라운드_ZB,82.02506001745962,3294447,232,1187430,18328000
11816,2024-12-01,가을,니트 셔츠_티에리_ZB,80.90439706862092,573250,38,331809,3002000
11817,2024-12-01,가을,수트_블레이져(수트)_ZB,58.14261095025731,12264000,106,5324328,29574000
11818,2024-12-01,가을,수트_블레이져(수트)_ZC,57.87219162514206,4819000,41,2168366,11439000
11819,2024-12-01,가을,수트_수트팬츠_ZB,65.16306172361851,6758516,129,3236233,19221000
11820,2024-12-01,가을,수트_수트팬츠_ZC,64.30101385120662,2500000,47,1187315,7003000
11821,2024-12-01,가을,스웨터_T-에리_ZA,64.22018348623853,117000,3,45451,327000
11822,2024-12-01,가을,스웨터_T-에리_ZB,56.17977528089887,-78000,-2,-37781,-178000
11823,2024-12-01,가을,우븐 셔츠_캐쥬얼셔츠_ZB,70.8828145197864,10134685,450,3833056,35550000
11824,2024-12-01,가을,자켓_싱글재킷_ZA,73.19065774804905,3607197,45,1750601,13455000
11825,2024-12-01,가을,점퍼_점퍼_ZA,69.9523257312202,2332000,39,1114932,7761000
11826,2024-12-01,가을,팬츠_팬츠(일반)_ZA,71.84799632111418,2142649,59,1153616,7611000
11827,2024-12-01,가을,팬츠_팬츠(일반)_ZB,61.19410319410319,2842920,74,809881,7326000
11828,2024-12-01,겨울,니트 셔츠_라운드_ZA,50.35289713050907,9879277,201,2639147,19899000
11829,2024-12-01,겨울,니트 셔츠_라운드_ZB,56.071296335737614,16223642,472,3689726,37748000
11830,2024-12-01,겨울,니트 셔츠_라운드_ZG,56.63094857020913,3486040,87,1194862,8613000
11831,2024-12-01,겨울,니트 셔츠_티에리_ZA,54.005112579382896,7170143,131,1916530,15589000
11832,2024-12-01,겨울,니트 셔츠_티에리_ZB,59.10726711560045,2914834,72,783681,7128000
11833,2024-12-01,겨울,니트 셔츠_후드티_ZG,67.7374949979992,806240,21,339570,2499000
11834,2024-12-01,겨울,사파리_패딩사파리_ZB,61.46471845974768,321658853,2644,101430547,1107456000
11835,2024-12-01,겨울,수트_블레이져(수트)_ZA,37.083605929699814,19265369,77,5162042,30653000
11836,2024-12-01,겨울,수트_블레이져(수트)_ZB,28.086373708476003,130966226,650,33988929,181350000
11837,2024-12-01,겨울,수트_블레이져(수트)_ZC,28.344611528822053,40887900,193,11178895,56817000
11838,2024-12-01,겨울,수트_수트팬츠_ZA,37.13897113290626,12854259,94,3405503,20446000
11839,2024-12-01,겨울,수트_수트팬츠_ZB,28.114528106614227,72498610,675,17778929,100575000
11840,2024-12-01,겨울,수트_수트팬츠_ZC,27.854334781709085,25161460,223,6338227,34787000
11841,2024-12-01,겨울,스웨터_T-에리_ZA,50.64666177885717,10770379,157,3290570,21823000
11842,2024-12-01,겨울,스웨터_T-에리_ZB,52.1488969399451,34156935,721,9715369,71379000
11843,2024-12-01,겨울,스웨터_Turtle_ZB,53.25954808318907,97343459,1862,27661155,207498000
11844,2024-12-01,겨울,스웨터_VEST_ZB,50.18032173587729,7990080,162,1415911,16038000
11845,2024-12-01,겨울,스웨터_라운드_ZA,50.45355271649775,43966682,638,9838409,88682000
11846,2024-12-01,겨울,스웨터_라운드_ZB,52.203917562140724,53500120,1128,16518191,111672000
11847,2024-12-01,겨울,스웨터_오픈형(CARDIGAN)_ZA,57.15037496916939,12347834,161,3454103,28819000
11848,2024-12-01,겨울,우븐 셔츠_캐쥬얼셔츠_ZB,53.719154508590044,30365595,672,7129286,65498000
11849,2024-12-01,겨울,자켓_싱글재킷_ZA,49.67462221172115,69466715,413,17711657,138287000
11850,2024-12-01,겨울,점퍼_점퍼_ZB,54.644717083436724,9565104,84,3538920,20916000
11851,2024-12-01,겨울,점퍼_점퍼_ZG,38.75968992248062,158000,2,42380,258000
11852,2024-12-01,겨울,점퍼_패딩점퍼_ZB,56.58694772477994,138859502,950,41691562,304850000
11853,2024-12-01,겨울,조끼_패딩베스트_ZB,63.75180817982698,22987175,501,8928398,64609000
11854,2024-12-01,겨울,코트_더블코트_ZA,49.89702738810955,30001660,120,9846564,59880000
11855,2024-12-01,겨울,코트_싱글코트_ZA,49.846284967034244,194015140,737,59905615,386663000
11856,2024-12-01,겨울,코트_싱글코트_ZB,51.919914183002504,194457824,1231,78442553,457219000
11857,2024-12-01,겨울,팬츠_팬츠(일반)_ZA,49.826284291280075,12491750,193,3248030,24897000
11858,2024-12-01,겨울,팬츠_팬츠(일반)_ZB,51.556913646638996,169056835,3448,42688297,349782000
11859,2024-12-01,겨울,팬츠_팬츠(일반)_ZG,50.0,451500,7,119142,903000
11860,2024-12-01,봄,니트 셔츠_라운드_ZB,67.45118453979214,425000,15,98208,1205000
11861,2024-12-01,봄,수트_블레이져(수트)_ZB,56.98924731182796,3480000,29,1478185,8091000
11862,2024-12-01,봄,수트_블레이져(수트)_ZC,56.98924731182796,1440000,12,641609,3348000
11863,2024-12-01,봄,수트_수트팬츠_ZB,46.97986577181208,2291000,29,738824,4321000
11864,2024-12-01,봄,수트_수트팬츠_ZC,46.97986577181208,1343000,17,438202,2533000
11865,2024-12-01,봄,스웨터_T-에리_ZB,68.98395721925134,522000,17,254194,1683000
11866,2024-12-01,봄,스웨터_라운드_ZA,0.0,0,0,0,0
11867,2024-12-01,봄,스웨터_라운드_ZB,70.65656565656566,320000,11,174055,1089000
11868,2024-12-01,봄,스웨터_오픈형(CARDIGAN)_ZB,75.47169811320755,273000,7,126072,1113000
11869,2024-12-01,봄,자켓_싱글재킷_ZB,66.88963210702342,99000,1,29549,299000
11870,2024-12-01,봄,코트_싱글코트_ZB,0.0,0,0,0,0
11871,2024-12-01,봄,팬츠_팬츠(일반)_ZB,70.70707070707071,174000,6,61418,594000
11872,2024-12-01,사계절,데님_데님자켓_ZB,46.031878216228826,3029421,38,683934,5262000
11873,2024-12-01,사계절,데님_데님팬츠_ZB,-inf,7928779,182,3125970,18018000
11874,2024-12-01,사계절,수트_블레이져(수트)_ZB,56.1181041816635,24659185,194,8249558,50246000
11875,2024-12-01,사계절,수트_블레이져(수트)_ZC,41.169404698816464,10440800,69,3044692,17871000
11876,2024-12-01,사계절,수트_수트팬츠_ZB,56.36357673860911,14514838,219,4604036,30441000
11877,2024-12-01,사계절,수트_수트팬츠_ZC,41.962861760281214,6871407,86,1839289,11954000
11878,2024-12-01,사계절,우븐 셔츠_드레스셔츠_ZB,62.069284664814894,89139440,2864,22446465,226256000
11879,2024-12-01,여름,니트 셔츠_라운드_ZB,81.41350210970465,74150,5,44786,395000
11880,2024-12-01,여름,니트 셔츠_라운드_ZG,74.06060606060606,51360,2,22328,198000
11881,2024-12-01,여름,니트 셔츠_티에리_ZA,110.9090909090909,21600,-2,-17089,-198000
11882,2024-12-01,여름,니트 셔츠_티에리_ZB,0.0,0,0,0,0
11883,2024-12-01,여름,수트_블레이져(수트)_ZA,64.60176991150442,240000,2,118655,678000
11884,2024-12-01,여름,수트_블레이져(수트)_ZB,0.0,0,0,0,0
11885,2024-12-01,여름,수트_블레이져(수트)_ZC,67.74193548387096,180000,2,113955,558000
11886,2024-12-01,여름,수트_수트팬츠_ZA,52.1005291005291,437720,4,154260,896000
11887,2024-12-01,여름,수트_수트팬츠_ZB,57.04697986577182,532000,8,214632,1192000
11888,2024-12-01,여름,수트_수트팬츠_ZC,57.33710450623202,444974,7,197103,1043000
11889,2024-12-01,여름,스웨터_T-에리_ZA,55.04587155963303,98000,2,27727,218000
11890,2024-12-01,여름,스웨터_T-에리_ZB,130.95505617977528,55100,-2,-19152,-178000
11891,2024-12-01,여름,스웨터_라운드_ZA,64.22018348623853,39000,1,13614,109000
11892,2024-12-01,여름,스웨터_라운드_ZB,0.0,0,0,0,0
11893,2024-12-01,여름,스웨터_오픈형(CARDIGAN)_ZA,62.01550387596899,49000,1,14208,129000
11894,2024-12-01,여름,우븐 셔츠_캐쥬얼셔츠_ZA,0.0,0,0,0,0
11895,2024-12-01,여름,우븐 셔츠_캐쥬얼셔츠_ZB,50.63291139240506,39000,1,9700,79000
11896,2024-12-01,여름,자켓_싱글재킷_ZA,59.86622073578595,-120000,-1,-39274,-299000
11897,2024-12-01,여름,점퍼_점퍼_ZA,30.0,-174300,-1,-34257,-249000
11898,2024-12-01,여름,점퍼_점퍼_ZB,60.24096385542169,99000,1,23267,249000
11899,2024-12-01,여름,점퍼_점퍼_ZG,0.0,0,0,0,0
11900,2024-12-01,여름,팬츠_반바지_ZA,63.29113924050633,261000,9,111231,711000
11901,2024-12-01,여름,팬츠_반바지_ZB,75.9493670886076,19000,1,8214,79000
11902,2024-12-01,여름,팬츠_반바지_ZG,50.63291139240506,78000,2,25610,158000
11903,2024-12-01,여름,팬츠_팬츠(일반)_ZA,38.75968992248062,474000,6,62457,774000
11904,2024-12-01,여름,팬츠_팬츠(일반)_ZB,85.91313131313132,41838,-2,-22983,-198000
11905,2024-12-01,여름,팬츠_팬츠(일반)_ZG,0.0,0,0,0,0
11906,2024-12-08,가을,니트 셔츠_라운드_ZB,80.18354430379748,3201670,259,1329316,20461000
11907,2024-12-08,가을,니트 셔츠_티에리_ZB,81.21724683544304,237414,16,139709,1264000
11908,2024-12-08,가을,수트_블레이져(수트)_ZB,60.93189964157707,14715000,135,6810842,37665000
11909,2024-12-08,가을,수트_블레이져(수트)_ZC,60.93189964157706,4578000,42,2221253,11718000
11910,2024-12-08,가을,수트_수트팬츠_ZB,66.5884111507847,7029902,141,3543173,21009000
11911,2024-12-08,가을,수트_수트팬츠_ZC,66.52513354335022,2444000,49,1237839,7301000
11912,2024-12-08,가을,스웨터_T-에리_ZA,64.22018348623853,39000,1,15150,109000
11913,2024-12-08,가을,스웨터_T-에리_ZB,56.17977528089887,1482000,38,717834,3382000
11914,2024-12-08,가을,우븐 셔츠_캐쥬얼셔츠_ZB,75.3039559283784,4853020,246,2109965,19434000
11915,2024-12-08,가을,자켓_싱글재킷_ZA,78.2171862412421,8922894,137,5329608,40963000
11916,2024-12-08,가을,점퍼_점퍼_ZA,72.17907720420283,609000,11,314468,2189000
11917,2024-12-08,가을,팬츠_팬츠(일반)_ZA,76.59818948025597,4498062,149,2913368,19221000
11918,2024-12-08,가을,팬츠_팬츠(일반)_ZB,70.70707070707071,1769000,61,667605,6039000
11919,2024-12-08,겨울,니트 셔츠_라운드_ZA,53.649004816093424,10875334,237,3111830,23463000
11920,2024-12-08,겨울,니트 셔츠_라운드_ZB,56.39863995681388,13375553,397,3076243,31443000
11921,2024-12-08,겨울,니트 셔츠_라운드_ZG,64.7189615939616,3708500,107,1467462,10593000
11922,2024-12-08,겨울,니트 셔츠_티에리_ZA,58.092121848739495,6782371,136,1989680,16184000
11923,2024-12-08,겨울,니트 셔츠_티에리_ZB,51.64609053497942,1292500,27,293880,2673000
11924,2024-12-08,겨울,니트 셔츠_후드티_ZG,61.882878151260506,1451500,32,517440,3808000
11925,2024-12-08,겨울,사파리_패딩사파리_ZB,67.07379769693168,302257625,2413,100478237,1031887000
11926,2024-12-08,겨울,수트_블레이져(수트)_ZA,48.96595860566449,22210090,108,7216281,43012000
11927,2024-12-08,겨울,수트_블레이져(수트)_ZB,38.121077021809,105847815,612,32070502,170748000
11928,2024-12-08,겨울,수트_블레이져(수트)_ZC,41.061292588689845,32774770,185,10718927,54475000
11929,2024-12-08,겨울,수트_수트팬츠_ZA,48.952891325577355,13063212,116,4194183,25294000
11930,2024-12-08,겨울,수트_수트팬츠_ZB,38.004475801282084,62824290,681,17922390,101469000
11931,2024-12-08,겨울,수트_수트팬츠_ZC,41.7774917287014,19330070,204,5854111,32256000
11932,2024-12-08,겨울,스웨터_T-에리_ZA,53.76199040767386,12340000,192,4024137,26688000
11933,2024-12-08,겨울,스웨터_T-에리_ZB,54.003461271843626,23269940,509,6950219,50391000
11934,2024-12-08,겨울,스웨터_Turtle_ZB,53.680179997250754,79856643,1514,22625930,172926000
11935,2024-12-08,겨울,스웨터_VEST_ZB,47.62813318368874,6999500,135,1179926,13365000
11936,2024-12-08,겨울,스웨터_라운드_ZA,52.23001113125187,29469459,443,6706600,61577000
11937,2024-12-08,겨울,스웨터_라운드_ZB,52.39023635265081,44232625,937,13531458,92763000
11938,2024-12-08,겨울,스웨터_오픈형(CARDIGAN)_ZA,56.32001801341269,15144000,193,4049175,34547000
11939,2024-12-08,겨울,우븐 셔츠_캐쥬얼셔츠_ZB,53.72267557175887,24796585,532,5763055,53998000
11940,2024-12-08,겨울,자켓_싱글재킷_ZA,49.95630005752588,57776562,346,14762918,115654000
11941,2024-12-08,겨울,점퍼_점퍼_ZB,56.43021478627058,5022100,45,1886259,11205000
11942,2024-12-08,겨울,점퍼_점퍼_ZG,52.04872646733112,866000,14,296663,1806000
11943,2024-12-08,겨울,점퍼_패딩점퍼_ZB,67.49519055906914,123708819,1063,47742028,353637000
11944,2024-12-08,겨울,조끼_패딩베스트_ZB,66.80263060004086,12664300,253,5333561,38677000
11945,2024-12-08,겨울,코트_더블코트_ZA,59.155133797005774,34648700,170,13949299,84830000
11946,2024-12-08,겨울,코트_싱글코트_ZA,59.31784361109275,176242217,814,66629404,428986000
11947,2024-12-08,겨울,코트_싱글코트_ZB,60.491371276821276,159639210,1169,74575341,429231000
11948,2024-12-08,겨울,팬츠_팬츠(일반)_ZA,59.485279350925815,10086950,193,3248030,24897000
11949,2024-12-08,겨울,팬츠_팬츠(일반)_ZB,50.993829483411126,122731527,2444,30527090,249126000
11950,2024-12-08,겨울,팬츠_팬츠(일반)_ZG,51.82724252491694,435000,7,119142,903000
11951,2024-12-08,봄,니트 셔츠_라운드_ZB,63.29113924050633,87000,3,19541,237000
11952,2024-12-08,봄,수트_블레이져(수트)_ZB,56.98924731182796,360000,3,152916,837000
11953,2024-12-08,봄,수트_블레이져(수트)_ZC,56.98924731182796,240000,2,106935,558000
11954,2024-12-08,봄,수트_수트팬츠_ZB,46.97986577181208,316000,4,101907,596000
11955,2024-12-08,봄,수트_수트팬츠_ZC,46.97986577181208,474000,6,154659,894000
11956,2024-12-08,봄,스웨터_T-에리_ZB,70.70707070707071,232000,8,119621,792000
11957,2024-12-08,봄,스웨터_라운드_ZA,0.0,0,0,0,0
11958,2024-12-08,봄,스웨터_라운드_ZB,70.70707070707071,87000,3,49089,297000
11959,2024-12-08,봄,스웨터_오픈형(CARDIGAN)_ZB,0.0,0,0,0,0
11960,2024-12-08,봄,자켓_싱글재킷_ZB,66.88963210702342,396000,4,118195,1196000
11961,2024-12-08,봄,코트_싱글코트_ZB,0.0,0,0,0,0
11962,2024-12-08,봄,팬츠_팬츠(일반)_ZB,0.0,0,0,0,0
11963,2024-12-08,사계절,데님_데님자켓_ZB,28.542303771661572,849000,11,186381,1199000
11964,2024-12-08,사계절,데님_데님팬츠_ZB,57.86295147239591,5800030,128,2270556,12672000
11965,2024-12-08,사계절,수트_블레이져(수트)_ZB,61.109725747685765,34642381,306,13012157,79254000
11966,2024-12-08,사계절,수트_블레이져(수트)_ZC,45.86814959949288,9611000,72,3169704,18648000
11967,2024-12-08,사계절,수트_수트팬츠_ZB,61.792377082200105,20397092,341,7173731,47399000
11968,2024-12-08,사계절,수트_수트팬츠_ZC,43.611132146914045,5904400,81,1728768,11259000
11969,2024-12-08,사계절,우븐 셔츠_드레스셔츠_ZB,65.2969395220624,76773700,2658,20733127,209982000
11970,2024-12-08,여름,니트 셔츠_라운드_ZB,69.62025316455697,0,0,-341,0
11971,2024-12-08,여름,니트 셔츠_라운드_ZG,60.60606060606061,-78000,-2,-22471,-198000
11972,2024-12-08,여름,니트 셔츠_티에리_ZA,60.60606060606061,0,0,-5164,0
11973,2024-12-08,여름,니트 셔츠_티에리_ZB,0.0,0,0,0,0
11974,2024-12-08,여름,수트_블레이져(수트)_ZA,70.50147492625369,100000,1,59327,339000
11975,2024-12-08,여름,수트_블레이져(수트)_ZB,71.32616487455198,80000,1,54150,279000
11976,2024-12-08,여름,수트_블레이져(수트)_ZC,67.74193548387096,90000,1,56977,279000
11977,2024-12-08,여름,수트_수트팬츠_ZA,0.0,0,0,0,0
11978,2024-12-08,여름,수트_수트팬츠_ZB,53.691275167785236,69000,1,27985,149000
11979,2024-12-08,여름,수트_수트팬츠_ZC,0.0,0,0,0,0
11980,2024-12-08,여름,스웨터_T-에리_ZA,45.87155963302752,59000,1,14407,109000
11981,2024-12-08,여름,스웨터_T-에리_ZB,-inf,10000,0,-23073,0
11982,2024-12-08,여름,스웨터_라운드_ZA,0.0,0,0,0,0
11983,2024-12-08,여름,스웨터_라운드_ZB,67.41573033707866,-29000,-1,-16355,-89000
11984,2024-12-08,여름,스웨터_오픈형(CARDIGAN)_ZA,0.0,0,0,0,0
11985,2024-12-08,여름,우븐 셔츠_캐쥬얼셔츠_ZA,70.70707070707071,58000,2,18509,198000
11986,2024-12-08,여름,우븐 셔츠_캐쥬얼셔츠_ZB,63.29113924050633,145000,5,40870,395000
11987,2024-12-08,여름,자켓_싱글재킷_ZA,55.76897662929115,360000,3,100464,897000
11988,2024-12-08,여름,점퍼_점퍼_ZA,0.0,0,0,0,0
11989,2024-12-08,여름,점퍼_점퍼_ZB,60.24096385542169,1386000,14,339575,3486000
11990,2024-12-08,여름,점퍼_점퍼_ZG,60.24096385542169,99000,1,-6552,249000
11991,2024-12-08,여름,팬츠_반바지_ZA,63.29113924050633,-58000,-2,-24718,-158000
11992,2024-12-08,여름,팬츠_반바지_ZB,61.18143459915612,19000,1,10425,79000
11993,2024-12-08,여름,팬츠_반바지_ZG,62.0253164556962,97000,3,33593,237000
11994,2024-12-08,여름,팬츠_팬츠(일반)_ZA,38.75968992248062,237000,3,38838,387000
11995,2024-12-08,여름,팬츠_팬츠(일반)_ZB,-inf,39000,0,3960,0
11996,2024-12-08,여름,팬츠_팬츠(일반)_ZG,69.76744186046511,117000,3,58747,387000
11997,2024-12-15,가을,니트 셔츠_라운드_ZB,81.84497599301615,2079658,145,742144,11455000
11998,2024-12-15,가을,니트 셔츠_티에리_ZB,78.90777576853526,116640,7,61123,553000
11999,2024-12-15,가을,수트_블레이져(수트)_ZB,60.96910735620413,10671100,98,5007739,27342000
12000,2024-12-15,가을,수트_블레이져(수트)_ZC,60.93189964157706,2507000,23,1216400,6417000
12001,2024-12-15,가을,수트_수트팬츠_ZB,66.46781009197116,5945000,119,3036413,17731000
12002,2024-12-15,가을,수트_수트팬츠_ZC,65.07581406910266,1405000,27,682075,4023000
12003,2024-12-15,가을,스웨터_T-에리_ZA,64.22018348623853,351000,9,136352,981000
12004,2024-12-15,가을,스웨터_T-에리_ZB,56.17977528089887,234000,6,113342,534000
12005,2024-12-15,가을,우븐 셔츠_캐쥬얼셔츠_ZB,75.41658240582737,1895369,99,853397,7821000
12006,2024-12-15,가을,자켓_싱글재킷_ZA,76.27888614221317,3262602,46,1789503,13754000
12007,2024-12-15,가을,점퍼_점퍼_ZA,70.35175879396985,1416000,24,686112,4776000
12008,2024-12-15,가을,팬츠_팬츠(일반)_ZA,74.65980267794221,1797887,55,1075404,7095000
12009,2024-12-15,가을,팬츠_팬츠(일반)_ZB,69.98556998556998,1664000,56,612883,5544000
12010,2024-12-15,겨울,니트 셔츠_라운드_ZA,51.32328479601207,7421252,154,2022033,15246000
12011,2024-12-15,겨울,니트 셔츠_라운드_ZB,54.987847357287,11556977,326,2503396,25954000
12012,2024-12-15,겨울,니트 셔츠_라운드_ZG,63.61613247863248,2471458,68,935892,6732000
12013,2024-12-15,겨울,니트 셔츠_티에리_ZA,54.03228803716608,6728294,123,1799490,14637000
12014,2024-12-15,겨울,니트 셔츠_티에리_ZB,50.0,940500,19,206805,1881000
12015,2024-12-15,겨울,니트 셔츠_후드티_ZG,56.129510627780526,887500,17,274890,2023000
12016,2024-12-15,겨울,사파리_패딩사파리_ZB,68.6669695955836,316659914,2620,108688395,1117980000
12017,2024-12-15,겨울,수트_블레이져(수트)_ZA,49.98315434439546,22680494,115,7507848,45335000
12018,2024-12-15,겨울,수트_블레이져(수트)_ZB,40.02988900419751,99821308,597,31228717,166563000
12019,2024-12-15,겨울,수트_블레이져(수트)_ZC,43.48923786721823,25830475,151,8741459,44549000
12020,2024-12-15,겨울,수트_수트팬츠_ZA,50.003782612620746,13096944,122,4318167,26198000
12021,2024-12-15,겨울,수트_수트팬츠_ZB,40.068525873092184,56426452,632,16638537,94168000
12022,2024-12-15,겨울,수트_수트팬츠_ZC,43.4631779800582,15223745,166,4755110,26354000
12023,2024-12-15,겨울,스웨터_T-에리_ZA,52.93166446434689,9617473,147,3080980,20433000
12024,2024-12-15,겨울,스웨터_T-에리_ZB,53.11125448918332,19411236,419,5558767,41481000
12025,2024-12-15,겨울,스웨터_Turtle_ZB,53.92689344745411,69195235,1312,19652503,151368000
12026,2024-12-15,겨울,스웨터_VEST_ZB,50.217113665389526,4287800,87,760397,8613000
12027,2024-12-15,겨울,스웨터_라운드_ZA,50.897858599912524,24683405,363,5619951,50457000
12028,2024-12-15,겨울,스웨터_라운드_ZB,52.3518405896722,29696533,629,9115186,62271000
12029,2024-12-15,겨울,스웨터_오픈형(CARDIGAN)_ZA,55.48143281690952,13700263,172,3601509,30788000
12030,2024-12-15,겨울,우븐 셔츠_캐쥬얼셔츠_ZB,53.21624767239341,23189108,506,5347856,49574000
12031,2024-12-15,겨울,자켓_싱글재킷_ZA,50.07873366122315,47538575,291,12068060,95309000
12032,2024-12-15,겨울,점퍼_점퍼_ZB,58.36512717536814,5363200,51,2155192,12699000
12033,2024-12-15,겨울,점퍼_점퍼_ZG,54.263565891472865,354000,6,127141,774000
12034,2024-12-15,겨울,점퍼_패딩점퍼_ZB,69.96566363921666,115783903,1166,49938421,368684000
12035,2024-12-15,겨울,조끼_패딩베스트_ZB,67.67614661745787,13738381,281,5947223,43129000
12036,2024-12-15,겨울,코트_더블코트_ZA,60.16783567134269,33392100,168,13785189,83832000
12037,2024-12-15,겨울,코트_싱글코트_ZA,61.0212863688565,162877842,779,64293539,414221000
12038,2024-12-15,겨울,코트_싱글코트_ZB,62.641621531474,191044107,1479,92791641,539321000
12039,2024-12-15,겨울,팬츠_팬츠(일반)_ZA,62.40836146536634,12026317,248,4173634,31992000
12040,2024-12-15,겨울,팬츠_팬츠(일반)_ZB,51.80727436660824,117227837,2395,29970198,244185000
12041,2024-12-15,겨울,팬츠_팬츠(일반)_ZG,50.0,387000,6,102122,774000
12042,2024-12-15,봄,니트 셔츠_라운드_ZB,63.29113924050633,87000,3,19541,237000
12043,2024-12-15,봄,수트_블레이져(수트)_ZB,56.98924731182796,120000,1,50972,279000
12044,2024-12-15,봄,수트_블레이져(수트)_ZC,56.98924731182796,240000,2,106935,558000
12045,2024-12-15,봄,수트_수트팬츠_ZB,46.97986577181208,237000,3,76430,447000
12046,2024-12-15,봄,수트_수트팬츠_ZC,46.97986577181208,316000,4,103106,596000
12047,2024-12-15,봄,스웨터_T-에리_ZB,41.41414141414141,58000,1,14953,99000
12048,2024-12-15,봄,스웨터_라운드_ZA,0.0,0,0,0,0
12049,2024-12-15,봄,스웨터_라운드_ZB,70.70707070707071,696000,24,386179,2376000
12050,2024-12-15,봄,스웨터_오픈형(CARDIGAN)_ZB,75.47169811320755,273000,7,121292,1113000
12051,2024-12-15,봄,자켓_싱글재킷_ZB,0.0,0,0,0,0
12052,2024-12-15,봄,코트_싱글코트_ZB,0.0,0,0,0,0
12053,2024-12-15,봄,팬츠_팬츠(일반)_ZB,70.70707070707071,29000,1,9708,99000
12054,2024-12-15,사계절,데님_데님자켓_ZB,41.30143407472909,2563600,31,539762,3939000
12055,2024-12-15,사계절,데님_데님팬츠_ZB,57.70930077547725,5188676,113,1999538,11187000
12056,2024-12-15,사계절,수트_블레이져(수트)_ZB,60.005039626092255,24255608,203,8619975,52577000
12057,2024-12-15,사계절,수트_블레이져(수트)_ZC,43.66795366795367,7623400,57,2511509,14763000
12058,2024-12-15,사계절,수트_수트팬츠_ZB,60.210412384378216,14664443,233,4913313,32387000
12059,2024-12-15,사계절,수트_수트팬츠_ZC,44.20349434737924,4481600,61,1304115,8479000
12060,2024-12-15,사계절,우븐 셔츠_드레스셔츠_ZB,58.069200234055415,56700600,1776,13858552,140304000
12061,2024-12-15,여름,니트 셔츠_라운드_ZB,68.2246024018176,2797000,113,859923,8927000
12062,2024-12-15,여름,니트 셔츠_라운드_ZG,62.99357208448117,769000,21,202865,2079000
12063,2024-12-15,여름,니트 셔츠_티에리_ZA,70.70707070707071,348000,12,115442,1188000
12064,2024-12-15,여름,니트 셔츠_티에리_ZB,63.29113924050633,1131000,39,283451,3081000
12065,2024-12-15,여름,수트_블레이져(수트)_ZA,64.60176991150442,240000,2,119152,678000
12066,2024-12-15,여름,수트_블레이져(수트)_ZB,65.96774193548387,1179000,12,641339,3348000
12067,2024-12-15,여름,수트_블레이져(수트)_ZC,76.27240143369175,331000,5,284887,1395000
12068,2024-12-15,여름,수트_수트팬츠_ZA,46.0,0,0,-2650,0
12069,2024-12-15,여름,수트_수트팬츠_ZB,54.18664109939278,2335000,35,956640,5215000
12070,2024-12-15,여름,수트_수트팬츠_ZC,54.72379969024264,877000,13,366048,1937000
12071,2024-12-15,여름,스웨터_T-에리_ZA,64.22018348623854,283000,7,98675,763000
12072,2024-12-15,여름,스웨터_T-에리_ZB,44.9438202247191,912000,18,258525,1602000
12073,2024-12-15,여름,스웨터_라운드_ZA,64.22018348623853,117000,3,40841,327000
12074,2024-12-15,여름,스웨터_라운드_ZB,57.655203722619454,546000,14,204994,1276000
12075,2024-12-15,여름,스웨터_오픈형(CARDIGAN)_ZA,62.01550387596899,98000,2,28416,258000
12076,2024-12-15,여름,우븐 셔츠_캐쥬얼셔츠_ZA,58.176703746324,437000,13,121471,1127000
12077,2024-12-15,여름,우븐 셔츠_캐쥬얼셔츠_ZB,54.74683544303797,1861000,58,485312,4582000
12078,2024-12-15,여름,자켓_싱글재킷_ZA,59.11066269530654,3948000,33,1132318,10047000
12079,2024-12-15,여름,점퍼_점퍼_ZA,31.02409638554217,856200,5,174131,1245000
12080,2024-12-15,여름,점퍼_점퍼_ZB,62.91834002677376,1939000,21,519770,5229000
12081,2024-12-15,여름,점퍼_점퍼_ZG,66.08788093550675,1779000,21,746268,5229000
12082,2024-12-15,여름,팬츠_반바지_ZA,63.29113924050633,145000,5,61795,395000
12083,2024-12-15,여름,팬츠_반바지_ZB,75.9493670886076,342000,18,141229,1422000
12084,2024-12-15,여름,팬츠_반바지_ZG,50.63291139240506,351000,9,113180,711000
12085,2024-12-15,여름,팬츠_팬츠(일반)_ZA,42.50645994832041,2217000,31,368514,3999000
12086,2024-12-15,여름,팬츠_팬츠(일반)_ZB,61.42102846648302,2241000,58,688877,5742000
12087,2024-12-15,여름,팬츠_팬츠(일반)_ZG,54.263565891472865,236000,4,78329,516000
12088,2024-12-22,가을,니트 셔츠_라운드_ZB,80.07367340095566,1942023,154,793747,12166000
12089,2024-12-22,가을,니트 셔츠_티에리_ZB,81.5881329113924,581815,40,349273,3160000
12090,2024-12-22,가을,수트_블레이져(수트)_ZB,60.93189964157707,8175000,75,3764205,20925000
12091,2024-12-22,가을,수트_블레이져(수트)_ZC,60.93189964157706,3052000,28,1480835,7812000
12092,2024-12-22,가을,수트_수트팬츠_ZB,66.02711565022857,6434244,127,3212671,18923000
12093,2024-12-22,가을,수트_수트팬츠_ZC,66.728,1239382,25,631551,3725000
12094,2024-12-22,가을,스웨터_T-에리_ZA,0.0,0,0,0,0
12095,2024-12-22,가을,스웨터_T-에리_ZB,0.0,0,0,0,0
12096,2024-12-22,가을,우븐 셔츠_캐쥬얼셔츠_ZB,75.24588826469193,9063265,417,3550726,32943000
12097,2024-12-22,가을,자켓_싱글재킷_ZA,77.67140126953791,3271363,49,1906210,14651000
12098,2024-12-22,가을,점퍼_점퍼_ZA,70.83256052992233,2553901,44,1257872,8756000
12099,2024-12-22,가을,팬츠_팬츠(일반)_ZA,75.83023255813953,1558950,50,977640,6450000
12100,2024-12-22,가을,팬츠_팬츠(일반)_ZB,72.28541453179135,5679550,207,2265479,20493000
12101,2024-12-22,겨울,니트 셔츠_라운드_ZA,55.99963443963444,13721514,315,4135977,31185000
12102,2024-12-22,겨울,니트 셔츠_라운드_ZB,62.77381995701546,11071100,420,3184389,33140000
12103,2024-12-22,겨울,니트 셔츠_라운드_ZG,63.57433236474333,3567467,99,1364079,9801000
12104,2024-12-22,겨울,니트 셔츠_티에리_ZA,60.310439297670285,5809361,123,1799490,14637000
12105,2024-12-22,겨울,니트 셔츠_티에리_ZB,51.656565656565654,1196500,25,272111,2475000
12106,2024-12-22,겨울,니트 셔츠_후드티_ZG,67.88991596638655,955275,25,404250,2975000
12107,2024-12-22,겨울,사파리_패딩사파리_ZB,68.66918155078581,332245689,2608,114467723,1134792000
12108,2024-12-22,겨울,수트_블레이져(수트)_ZA,50.00673470167365,23727261,119,8005736,47441000
12109,2024-12-22,겨울,수트_블레이져(수트)_ZB,40.291359788526336,87107190,521,27335008,145359000
12110,2024-12-22,겨울,수트_블레이져(수트)_ZC,43.48484848484848,28935400,168,9769381,50282000
12111,2024-12-22,겨울,수트_수트팬츠_ZA,50.09787358109726,14696277,136,4885749,29474000
12112,2024-12-22,겨울,수트_수트팬츠_ZB,40.37459879269317,49051949,550,14549060,81950000
12113,2024-12-22,겨울,수트_수트팬츠_ZC,43.395833333333336,16223600,176,5060875,28144000
12114,2024-12-22,겨울,스웨터_T-에리_ZA,52.96124620964385,7911448,121,2536044,16819000
12115,2024-12-22,겨울,스웨터_T-에리_ZB,52.45858398043997,14600363,310,4090868,30690000
12116,2024-12-22,겨울,스웨터_Turtle_ZB,51.28621383646527,48513569,860,12916960,100440000
12117,2024-12-22,겨울,스웨터_VEST_ZB,50.16770081770082,4144054,84,734176,8316000
12118,2024-12-22,겨울,스웨터_라운드_ZA,51.17876602056605,19635366,289,4496655,40171000
12119,2024-12-22,겨울,스웨터_라운드_ZB,52.40090113499277,26797186,568,8217414,56232000
12120,2024-12-22,겨울,스웨터_오픈형(CARDIGAN)_ZA,55.026833129626425,12477291,155,3334279,27745000
12121,2024-12-22,겨울,우븐 셔츠_캐쥬얼셔츠_ZB,54.37908103053002,23139449,528,5487204,50402000
12122,2024-12-22,겨울,자켓_싱글재킷_ZA,50.12321351341219,172462271,919,45668022,346381000
12123,2024-12-22,겨울,점퍼_점퍼_ZB,57.704502219403935,4389000,41,1730527,10209000
12124,2024-12-22,겨울,점퍼_점퍼_ZG,54.263565891472865,177000,3,63571,387000
12125,2024-12-22,겨울,점퍼_패딩점퍼_ZB,70.30679016878878,95547716,927,41143819,305373000
12126,2024-12-22,겨울,조끼_패딩베스트_ZB,68.33223895197821,7749101,161,3467207,25149000
12127,2024-12-22,겨울,코트_더블코트_ZA,60.20446839625196,36737245,185,15180119,92315000
12128,2024-12-22,겨울,코트_싱글코트_ZA,61.07736885131549,192611447,920,75870968,489380000
12129,2024-12-22,겨울,코트_싱글코트_ZB,62.93312327176193,185259353,1434,89425302,520266000
12130,2024-12-22,겨울,팬츠_팬츠(일반)_ZA,62.31264443469358,10306738,212,3567784,27348000
12131,2024-12-22,겨울,팬츠_팬츠(일반)_ZB,51.677737302278736,101029331,2059,25734198,209751000
12132,2024-12-22,겨울,팬츠_팬츠(일반)_ZG,56.58979328165375,335995,6,102122,774000
12133,2024-12-22,봄,니트 셔츠_라운드_ZB,66.99910497378852,-29000,-1,-6009,-59000
12134,2024-12-22,봄,수트_블레이져(수트)_ZB,56.98924731182796,-120000,-1,-50972,-279000
12135,2024-12-22,봄,수트_블레이져(수트)_ZC,56.98924731182796,840000,7,374272,1953000
12136,2024-12-22,봄,수트_수트팬츠_ZB,35.23489932885906,535000,5,125257,745000
12137,2024-12-22,봄,수트_수트팬츠_ZC,62.639821029082775,334000,6,154659,894000
12138,2024-12-22,봄,스웨터_T-에리_ZB,70.70707070707071,-174000,-6,-89716,-594000
12139,2024-12-22,봄,스웨터_라운드_ZA,74.4949494949495,404000,16,251099,1584000
12140,2024-12-22,봄,스웨터_라운드_ZB,70.70707070707071,0,0,594,0
12141,2024-12-22,봄,스웨터_오픈형(CARDIGAN)_ZB,80.50314465408805,217000,7,129657,1113000
12142,2024-12-22,봄,자켓_싱글재킷_ZB,0.0,0,0,0,0
12143,2024-12-22,봄,코트_싱글코트_ZB,0.0,0,0,0,0
12144,2024-12-22,봄,팬츠_팬츠(일반)_ZB,78.76382876382877,796000,34,339588,3366000
12145,2024-12-22,사계절,데님_데님자켓_ZB,27.522935779816514,1501000,19,317851,2071000
12146,2024-12-22,사계절,데님_데님팬츠_ZB,57.777694231452394,82270940,1671,31060204,165429000
12147,2024-12-22,사계절,수트_블레이져(수트)_ZB,56.76118851771025,18960344,161,6844747,41699000
12148,2024-12-22,사계절,수트_블레이져(수트)_ZC,52.08697419223735,5405600,42,1849573,10878000
12149,2024-12-22,사계절,수트_수트팬츠_ZB,57.385452956974746,12278500,191,4027592,26549000
12150,2024-12-22,사계절,수트_수트팬츠_ZC,48.752997601918466,3514800,50,1067768,6950000
12151,2024-12-22,사계절,우븐 셔츠_드레스셔츠_ZB,60.14114099522656,73980600,2151,16855963,169929000
12152,2024-12-22,여름,니트 셔츠_라운드_ZB,69.42846183352512,-1191000,-49,-361021,-3871000
12153,2024-12-22,여름,니트 셔츠_라운드_ZG,65.4320987654321,-313000,-8,-59681,-792000
12154,2024-12-22,여름,니트 셔츠_티에리_ZA,70.70707070707071,-377000,-13,-111075,-1287000
12155,2024-12-22,여름,니트 셔츠_티에리_ZB,63.29113924050633,-145000,-5,-35044,-395000
12156,2024-12-22,여름,수트_블레이져(수트)_ZA,73.45132743362831,-360000,-4,-238305,-1356000
12157,2024-12-22,여름,수트_블레이져(수트)_ZB,67.74193548387096,-990000,-11,-573390,-3069000
12158,2024-12-22,여름,수트_블레이져(수트)_ZC,67.74193548387096,90000,1,56977,279000
12159,2024-12-22,여름,수트_수트팬츠_ZA,57.32539682539682,-595720,-7,-252008,-1463000
12160,2024-12-22,여름,수트_수트팬츠_ZB,inf,-1344650,-19,-521663,-2831000
12161,2024-12-22,여름,수트_수트팬츠_ZC,53.691275167785236,-69000,-1,-28158,-149000
12162,2024-12-22,여름,스웨터_T-에리_ZA,53.73525557011796,-608000,-12,-170167,-1308000
12163,2024-12-22,여름,스웨터_T-에리_ZB,74.98297582567245,-2004000,-57,-615954,-5153000
12164,2024-12-22,여름,스웨터_라운드_ZA,64.22018348623853,-78000,-2,-27227,-218000
12165,2024-12-22,여름,스웨터_라운드_ZB,58.392917943479745,-1209000,-31,-430874,-2869000
12166,2024-12-22,여름,스웨터_오픈형(CARDIGAN)_ZA,62.01550387596899,-392000,-8,-113663,-1032000
12167,2024-12-22,여름,우븐 셔츠_캐쥬얼셔츠_ZA,63.239994885564506,-185000,-7,-67282,-573000
12168,2024-12-22,여름,우븐 셔츠_캐쥬얼셔츠_ZB,58.41244725738396,-1411000,-45,-391646,-3555000
12169,2024-12-22,여름,자켓_싱글재킷_ZA,60.28286864450469,-4221550,-32,-1181695,-9988000
12170,2024-12-22,여름,점퍼_점퍼_ZA,30.0,348600,2,67091,498000
12171,2024-12-22,여름,점퍼_점퍼_ZB,60.24096385542169,594000,6,131140,1494000
12172,2024-12-22,여름,점퍼_점퍼_ZG,60.24096385542169,198000,2,121722,498000
12173,2024-12-22,여름,팬츠_반바지_ZA,63.29113924050633,-145000,-5,-61795,-395000
12174,2024-12-22,여름,팬츠_반바지_ZB,75.9493670886076,38000,2,17903,158000
12175,2024-12-22,여름,팬츠_반바지_ZG,50.63291139240506,507000,13,169910,1027000
12176,2024-12-22,여름,팬츠_팬츠(일반)_ZA,23.449612403100772,-395000,-7,-51060,-903000
12177,2024-12-22,여름,팬츠_팬츠(일반)_ZB,61.86868686868688,-1840000,-40,-562355,-3960000
12178,2024-12-22,여름,팬츠_팬츠(일반)_ZG,54.263565891472865,118000,2,39164,258000
12179,2024-12-29,가을,니트 셔츠_라운드_ZB,86.88140909723188,1886191,182,931518,14378000
12180,2024-12-29,가을,니트 셔츠_티에리_ZB,83.01713729308666,174414,13,113514,1027000
12181,2024-12-29,가을,수트_블레이져(수트)_ZB,47.909199522102746,4142000,37,1911650,10323000
12182,2024-12-29,가을,수트_블레이져(수트)_ZC,58.87568383323901,2180000,19,1004852,5301000
12183,2024-12-29,가을,수트_수트팬츠_ZB,66.18250239693192,2482598,49,1249410,7301000
12184,2024-12-29,가을,수트_수트팬츠_ZC,58.053691275167786,750000,12,303144,1788000
12185,2024-12-29,가을,스웨터_T-에리_ZA,63.579510703363916,1190950,30,454506,3270000
12186,2024-12-29,가을,스웨터_T-에리_ZB,45.0,391600,8,151123,712000
12187,2024-12-29,가을,우븐 셔츠_캐쥬얼셔츠_ZB,46.27667710492656,-2179253,-1,29172,-79000
12188,2024-12-29,가을,자켓_싱글재킷_ZA,74.77396082178691,1583943,21,816947,6279000
12189,2024-12-29,가을,점퍼_점퍼_ZA,69.84058222145208,-1740500,-29,-829052,-5771000
12190,2024-12-29,가을,팬츠_팬츠(일반)_ZA,73.15478959025471,969649,28,547479,3612000
12191,2024-12-29,가을,팬츠_팬츠(일반)_ZB,70.41189033189033,2050456,70,766104,6930000
12192,2024-12-29,겨울,니트 셔츠_라운드_ZA,51.22974137931035,11201553,232,3046180,22968000
12193,2024-12-29,겨울,니트 셔츠_라운드_ZB,60.759153040873485,12384937,457,3463261,36103000
12194,2024-12-29,겨울,니트 셔츠_라운드_ZG,62.30921263921264,3182207,86,1184060,8514000
12195,2024-12-29,겨울,니트 셔츠_티에리_ZA,56.66167366946779,6188713,120,1755600,14280000
12196,2024-12-29,겨울,니트 셔츠_티에리_ZB,61.043771043771045,578500,15,163267,1485000
12197,2024-12-29,겨울,니트 셔츠_후드티_ZG,67.08683473389355,470000,12,194040,1428000
12198,2024-12-29,겨울,사파리_패딩사파리_ZB,68.66737857775584,284716746,2284,98413192,986416000
12199,2024-12-29,겨울,수트_블레이져(수트)_ZA,50.0,22284000,112,7499313,44568000
12200,2024-12-29,겨울,수트_블레이져(수트)_ZB,40.18336109920758,91395881,547,28569894,152613000
12201,2024-12-29,겨울,수트_블레이져(수트)_ZC,43.47987288135593,25482300,150,8606141,43610000
12202,2024-12-29,겨울,수트_수트팬츠_ZA,50.036333732057415,14144775,130,4717632,28320000
12203,2024-12-29,겨울,수트_수트팬츠_ZB,40.23842754960474,50825697,570,15022320,84930000
12204,2024-12-29,겨울,수트_수트팬츠_ZC,42.540983606557376,14915700,163,4599886,25367000
12205,2024-12-29,겨울,스웨터_T-에리_ZA,55.35088933108832,14584632,235,4925376,32665000
12206,2024-12-29,겨울,스웨터_T-에리_ZB,53.13887879683623,17113690,369,5003282,36531000
12207,2024-12-29,겨울,스웨터_Turtle_ZB,53.01822257748933,53103068,957,14437823,114063000
12208,2024-12-29,겨울,스웨터_VEST_ZB,50.09590017825312,4199430,85,742916,8415000
12209,2024-12-29,겨울,스웨터_라운드_ZA,53.14937122590257,23908310,366,5692751,50874000
12210,2024-12-29,겨울,스웨터_라운드_ZB,52.69087345679012,31471543,672,9759619,66528000
12211,2024-12-29,겨울,스웨터_오픈형(CARDIGAN)_ZA,55.11470389616956,14141140,176,3819652,31504000
12212,2024-12-29,겨울,우븐 셔츠_캐쥬얼셔츠_ZB,54.14412623810858,23495133,519,5567813,51521000
12213,2024-12-29,겨울,자켓_싱글재킷_ZA,50.56074440637288,-4177761,16,-1666939,-8716000
12214,2024-12-29,겨울,점퍼_점퍼_ZB,58.19054073436604,12177412,116,4911982,28884000
12215,2024-12-29,겨울,점퍼_점퍼_ZG,58.53229974160207,160480,3,63571,387000
12216,2024-12-29,겨울,점퍼_패딩점퍼_ZB,70.24076211047367,98737325,990,42828673,318610000
12217,2024-12-29,겨울,조끼_패딩베스트_ZB,67.89087132598415,8827037,165,4100192,29785000
12218,2024-12-29,겨울,코트_더블코트_ZA,60.160311041244164,33199608,167,13703135,83333000
12219,2024-12-29,겨울,코트_싱글코트_ZA,61.099531467516584,209409438,1008,82442548,531192000
12220,2024-12-29,겨울,코트_싱글코트_ZB,63.04226524218849,173514073,1358,84776670,489542000
12221,2024-12-29,겨울,팬츠_팬츠(일반)_ZA,62.023515335355576,11267623,230,3870709,29670000
12222,2024-12-29,겨울,팬츠_팬츠(일반)_ZB,51.62696404958051,114203379,2347,29324282,239133000
12223,2024-12-29,겨울,팬츠_팬츠(일반)_ZG,51.6953488372093,311565,5,85101,645000
12224,2024-12-29,봄,니트 셔츠_라운드_ZB,0.0,0,0,0,0
12225,2024-12-29,봄,수트_블레이져(수트)_ZB,56.98924731182796,240000,2,101944,558000
12226,2024-12-29,봄,수트_블레이져(수트)_ZC,56.98924731182796,120000,1,53467,279000
12227,2024-12-29,봄,수트_수트팬츠_ZB,46.97986577181208,316000,4,101907,596000
12228,2024-12-29,봄,수트_수트팬츠_ZC,0.0,0,0,0,0
12229,2024-12-29,봄,스웨터_T-에리_ZB,0.0,0,0,0,0
12230,2024-12-29,봄,스웨터_라운드_ZA,0.0,0,0,0,0
12231,2024-12-29,봄,스웨터_라운드_ZB,0.0,0,0,0,0
12232,2024-12-29,봄,스웨터_오픈형(CARDIGAN)_ZB,0.0,0,0,0,0
12233,2024-12-29,봄,자켓_싱글재킷_ZB,100.0,0,-1,-29549,-299000
12234,2024-12-29,봄,코트_싱글코트_ZB,0.0,0,0,0,0
12235,2024-12-29,봄,팬츠_팬츠(일반)_ZB,70.70707070707071,-29000,-1,-9708,-99000
12236,2024-12-29,사계절,데님_데님자켓_ZB,34.41288088132346,2886000,34,592311,4266000
12237,2024-12-29,사계절,데님_데님팬츠_ZB,55.63456507927294,-47919808,-961,-18111858,-95139000
12238,2024-12-29,사계절,수트_블레이져(수트)_ZB,61.78082004522683,17004054,145,6157051,37555000
12239,2024-12-29,사계절,수트_블레이져(수트)_ZC,46.37235975471269,5152900,39,1718148,10101000
12240,2024-12-29,사계절,수트_수트팬츠_ZB,59.524782191499625,11050814,170,3589760,23630000
12241,2024-12-29,사계절,수트_수트팬츠_ZC,43.84609455292909,3838230,51,1091249,7089000
12242,2024-12-29,사계절,우븐 셔츠_드레스셔츠_ZB,56.4052905779026,49167250,1499,11678027,118421000
12243,2024-12-29,여름,니트 셔츠_라운드_ZB,0.0,0,0,0,0
12244,2024-12-29,여름,니트 셔츠_라운드_ZG,0.0,0,0,0,0
12245,2024-12-29,여름,니트 셔츠_티에리_ZA,0.0,0,0,0,0
12246,2024-12-29,여름,니트 셔츠_티에리_ZB,0.0,0,0,0,0
12247,2024-12-29,여름,수트_블레이져(수트)_ZA,0.0,0,0,0,0
12248,2024-12-29,여름,수트_블레이져(수트)_ZB,0.0,0,0,0,0
12249,2024-12-29,여름,수트_블레이져(수트)_ZC,0.0,0,0,0,0
12250,2024-12-29,여름,수트_수트팬츠_ZA,0.0,0,0,0,0
12251,2024-12-29,여름,수트_수트팬츠_ZB,0.0,0,0,0,0
12252,2024-12-29,여름,수트_수트팬츠_ZC,0.0,0,0,0,0
12253,2024-12-29,여름,스웨터_T-에리_ZA,0.0,0,0,0,0
12254,2024-12-29,여름,스웨터_T-에리_ZB,0.0,0,0,0,0
12255,2024-12-29,여름,스웨터_라운드_ZA,0.0,0,0,0,0
12256,2024-12-29,여름,스웨터_라운드_ZB,0.0,0,0,0,0
12257,2024-12-29,여름,스웨터_오픈형(CARDIGAN)_ZA,0.0,0,0,0,0
12258,2024-12-29,여름,우븐 셔츠_캐쥬얼셔츠_ZA,0.0,0,0,0,0
12259,2024-12-29,여름,우븐 셔츠_캐쥬얼셔츠_ZB,0.0,0,0,0,0
12260,2024-12-29,여름,자켓_싱글재킷_ZA,0.0,0,0,0,0
12261,2024-12-29,여름,점퍼_점퍼_ZA,0.0,0,0,0,0
12262,2024-12-29,여름,점퍼_점퍼_ZB,0.0,0,0,0,0
12263,2024-12-29,여름,점퍼_점퍼_ZG,0.0,0,0,0,0
12264,2024-12-29,여름,팬츠_반바지_ZA,0.0,0,0,0,0
12265,2024-12-29,여름,팬츠_반바지_ZB,0.0,0,0,0,0
12266,2024-12-29,여름,팬츠_반바지_ZG,0.0,0,0,0,0
12267,2024-12-29,여름,팬츠_팬츠(일반)_ZA,0.0,0,0,0,0
12268,2024-12-29,여름,팬츠_팬츠(일반)_ZB,0.0,0,0,0,0
12269,2024-12-29,여름,팬츠_팬츠(일반)_ZG,0.0,0,0,0,0
