Unnamed: 0,주차,라인,성별,기획년도,시즌이월,상품년차,시즌,복종,소품종,카테고리,할인율,판매액,판매수량,매출원가,판매택가
3,2021-01-03,ZB,1:남성,2021,01_시즌,당해년도,봄,니트 셔츠,라운드,니트 셔츠_라운드_ZB,32.28151366933168,18981424,401,3559559,28029900
4,2021-01-03,ZB,1:남성,2021,01_시즌,당해년도,봄,수트,블레이져(수트),수트_블레이져(수트)_ZB,-0.2651384176342297,29890941,194,7913293,38606000
5,2021-01-03,ZB,1:남성,2021,01_시즌,당해년도,봄,수트,수트팬츠,수트_수트팬츠_ZB,20.78600154038973,18916910,243,5128800,24057000
6,2021-01-03,ZB,1:남성,2021,01_시즌,당해년도,봄,스웨터,T-에리,스웨터_T-에리_ZB,15.396825396825395,5324670,63,618225,6293700
7,2021-01-03,ZB,1:남성,2021,01_시즌,당해년도,봄,스웨터,라운드,스웨터_라운드_ZB,58.94172612324955,30091342,801,7393795,77079900
8,2021-01-03,ZB,1:남성,2021,01_시즌,당해년도,봄,스웨터,오픈형(CARDIGAN),스웨터_오픈형(CARDIGAN)_ZB,32.23806264050167,14957130,127,1861131,20307300
9,2021-01-03,ZB,1:남성,2021,01_시즌,당해년도,봄,우븐 셔츠,드레스셔츠,우븐 셔츠_드레스셔츠_ZB,13.977571646130416,3728040,62,367604,4333800
12,2021-01-03,ZB,1:남성,2021,01_시즌,당해년도,봄,코트,싱글코트,코트_싱글코트_ZB,0.1265822784810126,19646100,79,1999797,19671000
13,2021-01-03,ZB,1:남성,2021,01_시즌,당해년도,사계절,수트,블레이져(수트),수트_블레이져(수트)_ZB,42.306337452900486,58066516,480,13008514,95520000
14,2021-01-03,ZB,1:남성,2021,01_시즌,당해년도,사계절,수트,수트팬츠,수트_수트팬츠_ZB,30.4996633716204,40054200,589,7360329,58311000
15,2021-01-03,ZB,1:남성,2021,01_시즌,당해년도,사계절,우븐 셔츠,드레스셔츠,우븐 셔츠_드레스셔츠_ZB,18.92682019504764,44692624,1076,7767337,54322400
16,2021-01-03,ZB,1:남성,2021,01_시즌,당해년도,여름,수트,수트팬츠,수트_수트팬츠_ZB,0.0,-198000,-2,-35402,-198000
17,2021-01-03,ZB,4:기타,2021,01_시즌,당해년도,봄,조끼,패딩베스트,조끼_패딩베스트_ZB,71.54974341430038,831601,37,332319,2923000
24,2021-01-10,ZB,1:남성,2021,01_시즌,당해년도,봄,니트 셔츠,라운드,니트 셔츠_라운드_ZB,34.58096600585871,14404290,315,2796642,22018500
25,2021-01-10,ZB,1:남성,2021,01_시즌,당해년도,봄,수트,블레이져(수트),수트_블레이져(수트)_ZB,25.09300060171407,33021760,220,9000109,43780000
26,2021-01-10,ZB,1:남성,2021,01_시즌,당해년도,봄,수트,수트팬츠,수트_수트팬츠_ZB,26.22471776589424,16809800,227,4785540,22473000
27,2021-01-10,ZB,1:남성,2021,01_시즌,당해년도,봄,스웨터,T-에리,스웨터_T-에리_ZB,24.963089811574665,27211160,363,3574950,36263700
28,2021-01-10,ZB,1:남성,2021,01_시즌,당해년도,봄,스웨터,라운드,스웨터_라운드_ZB,61.922997130635245,25320840,576,5376434,56072400
29,2021-01-10,ZB,1:남성,2021,01_시즌,당해년도,봄,스웨터,오픈형(CARDIGAN),스웨터_오픈형(CARDIGAN)_ZB,45.29459880679393,7023940,80,1149882,12792000
30,2021-01-10,ZB,1:남성,2021,01_시즌,당해년도,봄,우븐 셔츠,드레스셔츠,우븐 셔츠_드레스셔츠_ZB,55.37657483040288,1933890,62,367604,4333800
32,2021-01-10,ZB,1:남성,2021,01_시즌,당해년도,봄,점퍼,패딩점퍼,점퍼_패딩점퍼_ZB,24.878344849246236,19134988,128,2474953,25472000
34,2021-01-10,ZB,1:남성,2021,01_시즌,당해년도,봄,코트,싱글코트,코트_싱글코트_ZB,-44.3966341556703,-7550500,-21,-531592,-5229000
35,2021-01-10,ZB,1:남성,2021,01_시즌,당해년도,사계절,수트,블레이져(수트),수트_블레이져(수트)_ZB,28.2924543653374,61448100,478,16764904,95122000
36,2021-01-10,ZB,1:남성,2021,01_시즌,당해년도,사계절,수트,수트팬츠,수트_수트팬츠_ZB,23.457319478422768,39623100,556,9389501,55044000
37,2021-01-10,ZB,1:남성,2021,01_시즌,당해년도,사계절,우븐 셔츠,드레스셔츠,우븐 셔츠_드레스셔츠_ZB,29.026480207819343,39019704,1102,7861677,56409800
39,2021-01-10,ZB,1:남성,2021,01_시즌,당해년도,여름,수트,수트팬츠,수트_수트팬츠_ZB,0.0,0,0,0,0
40,2021-01-10,ZB,1:남성,2021,01_시즌,당해년도,여름,우븐 셔츠,드레스셔츠,우븐 셔츠_드레스셔츠_ZB,0.0,0,0,0,0
41,2021-01-10,ZB,4:기타,2021,01_시즌,당해년도,봄,조끼,패딩베스트,조끼_패딩베스트_ZB,83.15157066542794,11606546,872,8581655,68888000
48,2021-01-17,ZB,1:남성,2021,01_시즌,당해년도,봄,니트 셔츠,라운드,니트 셔츠_라운드_ZB,69.3524372797376,3513314,164,1456031,11463600
49,2021-01-17,ZB,1:남성,2021,01_시즌,당해년도,봄,수트,블레이져(수트),수트_블레이져(수트)_ZB,24.704538565845095,54366700,358,14706902,71242000
50,2021-01-17,ZB,1:남성,2021,01_시즌,당해년도,봄,수트,수트팬츠,수트_수트팬츠_ZB,24.661957110035296,33719000,447,9411933,44253000
51,2021-01-17,ZB,1:남성,2021,01_시즌,당해년도,봄,스웨터,T-에리,스웨터_T-에리_ZB,84.34910103902352,2016947,129,1270447,12887100
52,2021-01-17,ZB,1:남성,2021,01_시즌,당해년도,봄,스웨터,라운드,스웨터_라운드_ZB,53.60998302185384,48397976,1099,9704138,103810100
53,2021-01-17,ZB,1:남성,2021,01_시즌,당해년도,봄,스웨터,오픈형(CARDIGAN),스웨터_오픈형(CARDIGAN)_ZB,78.73351242253682,403700,50,749096,7995000
54,2021-01-17,ZB,1:남성,2021,01_시즌,당해년도,봄,우븐 셔츠,드레스셔츠,우븐 셔츠_드레스셔츠_ZB,48.62121531930861,4381480,122,723350,8527800
56,2021-01-17,ZB,1:남성,2021,01_시즌,당해년도,봄,점퍼,패딩점퍼,점퍼_패딩점퍼_ZB,33.15192986207634,12504600,94,1817544,18706000
58,2021-01-17,ZB,1:남성,2021,01_시즌,당해년도,봄,코트,싱글코트,코트_싱글코트_ZB,39.84675055448436,39707400,211,5388271,52539000
59,2021-01-17,ZB,1:남성,2021,01_시즌,당해년도,사계절,데님,데님팬츠,데님_데님팬츠_ZB,2.7286880778392346,3658470,47,551289,3755300
60,2021-01-17,ZB,1:남성,2021,01_시즌,당해년도,사계절,수트,블레이져(수트),수트_블레이져(수트)_ZB,31.18064874504237,77652310,596,20831125,118604000
61,2021-01-17,ZB,1:남성,2021,01_시즌,당해년도,사계절,수트,수트팬츠,수트_수트팬츠_ZB,27.09700268009684,48170692,694,11570208,68706000
62,2021-01-17,ZB,1:남성,2021,01_시즌,당해년도,사계절,우븐 셔츠,드레스셔츠,우븐 셔츠_드레스셔츠_ZB,37.52542018948211,37518580,1251,8963535,65284900
63,2021-01-17,ZB,1:남성,2021,01_시즌,당해년도,사계절,자켓,싱글재킷,자켓_싱글재킷_ZB,0.0,0,0,0,0
65,2021-01-17,ZB,1:남성,2021,01_시즌,당해년도,여름,수트,수트팬츠,수트_수트팬츠_ZB,0.0,0,0,0,0
66,2021-01-17,ZB,1:남성,2021,01_시즌,당해년도,여름,우븐 셔츠,드레스셔츠,우븐 셔츠_드레스셔츠_ZB,0.0,0,0,0,0
67,2021-01-17,ZB,4:기타,2021,01_시즌,당해년도,봄,조끼,패딩베스트,조끼_패딩베스트_ZB,75.56868879866252,2045878,106,1066600,8374000
74,2021-01-24,ZB,1:남성,2021,01_시즌,당해년도,봄,니트 셔츠,라운드,니트 셔츠_라운드_ZB,27.136894195574868,45201004,961,7368138,67173900
75,2021-01-24,ZB,1:남성,2021,01_시즌,당해년도,봄,수트,블레이져(수트),수트_블레이져(수트)_ZB,23.918819409456468,47355540,311,12743437,61889000
76,2021-01-24,ZB,1:남성,2021,01_시즌,당해년도,봄,수트,수트팬츠,수트_수트팬츠_ZB,23.5987851001928,25318260,333,6990121,32967000
77,2021-01-24,ZB,1:남성,2021,01_시즌,당해년도,봄,스웨터,T-에리,스웨터_T-에리_ZB,73.38173838173839,3802605,143,1408336,14285700
78,2021-01-24,ZB,1:남성,2021,01_시즌,당해년도,봄,스웨터,라운드,스웨터_라운드_ZB,57.279740718901024,61504926,1517,13534420,143948300
79,2021-01-24,ZB,1:남성,2021,01_시즌,당해년도,봄,스웨터,오픈형(CARDIGAN),스웨터_오픈형(CARDIGAN)_ZB,58.25200363942741,7147019,109,1535456,17429100
80,2021-01-24,ZB,1:남성,2021,01_시즌,당해년도,봄,우븐 셔츠,드레스셔츠,우븐 셔츠_드레스셔츠_ZB,50.0999085344403,4255380,122,723350,8527800
82,2021-01-24,ZB,1:남성,2021,01_시즌,당해년도,봄,점퍼,패딩점퍼,점퍼_패딩점퍼_ZB,52.9480346175321,8427007,90,1740202,17910000
84,2021-01-24,ZB,1:남성,2021,01_시즌,당해년도,봄,코트,싱글코트,코트_싱글코트_ZB,46.82904538936964,38637800,289,7364756,71961000
85,2021-01-24,ZB,1:남성,2021,01_시즌,당해년도,사계절,데님,데님팬츠,데님_데님팬츠_ZB,3.9538058937308,5910700,78,915758,6232200
86,2021-01-24,ZB,1:남성,2021,01_시즌,당해년도,사계절,수트,블레이져(수트),수트_블레이져(수트)_ZB,46.62117773201343,65797500,569,19733184,113231000
87,2021-01-24,ZB,1:남성,2021,01_시즌,당해년도,사계절,수트,수트팬츠,수트_수트팬츠_ZB,41.60451151179925,43125700,688,11556199,68112000
88,2021-01-24,ZB,1:남성,2021,01_시즌,당해년도,사계절,우븐 셔츠,드레스셔츠,우븐 셔츠_드레스셔츠_ZB,36.98535158399535,46197943,1525,10813095,76397500
89,2021-01-24,ZB,1:남성,2021,01_시즌,당해년도,사계절,자켓,싱글재킷,자켓_싱글재킷_ZB,0.0,0,0,0,0
91,2021-01-24,ZB,1:남성,2021,01_시즌,당해년도,여름,수트,수트팬츠,수트_수트팬츠_ZB,0.0,0,0,0,0
92,2021-01-24,ZB,1:남성,2021,01_시즌,당해년도,여름,우븐 셔츠,드레스셔츠,우븐 셔츠_드레스셔츠_ZB,0.0,0,0,0,0
93,2021-01-24,ZB,4:기타,2021,01_시즌,당해년도,봄,조끼,패딩베스트,조끼_패딩베스트_ZB,0.3398734177215189,157463,2,22324,158000
100,2021-01-31,ZB,1:남성,2021,01_시즌,당해년도,봄,니트 셔츠,라운드,니트 셔츠_라운드_ZB,114.39533521060136,29689296,1167,9987576,81573300
101,2021-01-31,ZB,1:남성,2021,01_시즌,당해년도,봄,수트,블레이져(수트),수트_블레이져(수트)_ZB,68.23285390631901,31567544,217,8916963,43183000
102,2021-01-31,ZB,1:남성,2021,01_시즌,당해년도,봄,수트,수트팬츠,수트_수트팬츠_ZB,63.3132857409679,18594456,256,5399584,25344000
103,2021-01-31,ZB,1:남성,2021,01_시즌,당해년도,봄,스웨터,T-에리,스웨터_T-에리_ZB,57.99112125824455,18381489,438,4313584,43756200
104,2021-01-31,ZB,1:남성,2021,01_시즌,당해년도,봄,스웨터,라운드,스웨터_라운드_ZB,54.30786833489648,55998890,1297,11137522,121040300
105,2021-01-31,ZB,1:남성,2021,01_시즌,당해년도,봄,스웨터,오픈형(CARDIGAN),스웨터_오픈형(CARDIGAN)_ZB,-144.34878048780487,4636065,46,697829,7355400
106,2021-01-31,ZB,1:남성,2021,01_시즌,당해년도,봄,우븐 셔츠,드레스셔츠,우븐 셔츠_드레스셔츠_ZB,45.41219599427754,6105100,160,948656,11184000
108,2021-01-31,ZB,1:남성,2021,01_시즌,당해년도,봄,점퍼,패딩점퍼,점퍼_패딩점퍼_ZB,48.86034131051296,10278560,101,1952893,20099000
110,2021-01-31,ZB,1:남성,2021,01_시즌,당해년도,봄,코트,싱글코트,코트_싱글코트_ZB,48.06095986441941,24410382,206,5251943,51294000
111,2021-01-31,ZB,1:남성,2021,01_시즌,당해년도,사계절,데님,데님팬츠,데님_데님팬츠_ZB,9.0527640424848,4837063,67,786802,5353300
112,2021-01-31,ZB,1:남성,2021,01_시즌,당해년도,사계절,수트,블레이져(수트),수트_블레이져(수트)_ZB,45.31492436634122,91228080,795,29044657,158205000
113,2021-01-31,ZB,1:남성,2021,01_시즌,당해년도,사계절,수트,수트팬츠,수트_수트팬츠_ZB,42.29355868675592,59744380,1011,17847390,100089000
114,2021-01-31,ZB,1:남성,2021,01_시즌,당해년도,사계절,우븐 셔츠,드레스셔츠,우븐 셔츠_드레스셔츠_ZB,36.04532575275879,55609468,1790,12877928,94061000
115,2021-01-31,ZB,1:남성,2021,01_시즌,당해년도,사계절,자켓,싱글재킷,자켓_싱글재킷_ZB,0.0,6169000,31,732161,6169000
117,2021-01-31,ZB,1:남성,2021,01_시즌,당해년도,여름,수트,수트팬츠,수트_수트팬츠_ZB,0.0,0,0,0,0
118,2021-01-31,ZB,1:남성,2021,01_시즌,당해년도,여름,우븐 셔츠,드레스셔츠,우븐 셔츠_드레스셔츠_ZB,0.0,0,0,0,0
119,2021-01-31,ZB,4:기타,2021,01_시즌,당해년도,봄,조끼,패딩베스트,조끼_패딩베스트_ZB,74.94415995397009,870941,44,389112,3476000
130,2021-02-07,ZB,1:남성,2021,01_시즌,당해년도,봄,니트 셔츠,라운드,니트 셔츠_라운드_ZB,57.74966834142528,58459176,1918,15821427,134068200
131,2021-02-07,ZB,1:남성,2021,01_시즌,당해년도,봄,수트,블레이져(수트),수트_블레이져(수트)_ZB,37.53612072436938,60843498,479,19568397,95321000
132,2021-02-07,ZB,1:남성,2021,01_시즌,당해년도,봄,수트,수트팬츠,수트_수트팬츠_ZB,37.95809374455987,33565294,534,11191852,52866000
133,2021-02-07,ZB,1:남성,2021,01_시즌,당해년도,봄,스웨터,T-에리,스웨터_T-에리_ZB,58.225817598420335,15232329,365,3594659,36463500
134,2021-02-07,ZB,1:남성,2021,01_시즌,당해년도,봄,스웨터,라운드,스웨터_라운드_ZB,54.75008992674674,83949287,1938,16700030,180946200
135,2021-02-07,ZB,1:남성,2021,01_시즌,당해년도,봄,스웨터,오픈형(CARDIGAN),스웨터_오픈형(CARDIGAN)_ZB,52.5358880054002,16007519,211,3046824,33738900
136,2021-02-07,ZB,1:남성,2021,01_시즌,당해년도,봄,우븐 셔츠,드레스셔츠,우븐 셔츠_드레스셔츠_ZB,44.81636879977793,5168830,134,794499,9366600
138,2021-02-07,ZB,1:남성,2021,01_시즌,당해년도,봄,점퍼,패딩점퍼,점퍼_패딩점퍼_ZB,47.16027024008933,23658989,225,4350504,44775000
140,2021-02-07,ZB,1:남성,2021,01_시즌,당해년도,봄,코트,싱글코트,코트_싱글코트_ZB,36.624972110664885,55221500,348,9146038,86652000
141,2021-02-07,ZB,1:남성,2021,01_시즌,당해년도,사계절,니트 셔츠,라운드,니트 셔츠_라운드_ZB,0.0,0,0,0,0
142,2021-02-07,ZB,1:남성,2021,01_시즌,당해년도,사계절,데님,데님팬츠,데님_데님팬츠_ZB,13.971578748583656,13174420,197,2312865,15740300
143,2021-02-07,ZB,1:남성,2021,01_시즌,당해년도,사계절,수트,블레이져(수트),수트_블레이져(수트)_ZB,44.32858529770144,93412380,794,28374786,158006000
144,2021-02-07,ZB,1:남성,2021,01_시즌,당해년도,사계절,수트,수트팬츠,수트_수트팬츠_ZB,39.67207956093633,59697360,948,16250486,93852000
145,2021-02-07,ZB,1:남성,2021,01_시즌,당해년도,사계절,우븐 셔츠,드레스셔츠,우븐 셔츠_드레스셔츠_ZB,33.55180011185957,42800019,1420,10136922,73458000
146,2021-02-07,ZB,1:남성,2021,01_시즌,당해년도,사계절,자켓,싱글재킷,자켓_싱글재킷_ZB,63.62367392518146,1954500,27,637688,5373000
148,2021-02-07,ZB,1:남성,2021,01_시즌,당해년도,여름,수트,블레이져(수트),수트_블레이져(수트)_ZB,0.0,0,0,0,0
149,2021-02-07,ZB,1:남성,2021,01_시즌,당해년도,여름,수트,수트팬츠,수트_수트팬츠_ZB,0.0,0,0,0,0
150,2021-02-07,ZB,1:남성,2021,01_시즌,당해년도,여름,우븐 셔츠,드레스셔츠,우븐 셔츠_드레스셔츠_ZB,16.077305879565024,9561900,163,1031658,11393700
152,2021-02-07,ZB,4:기타,2021,01_시즌,당해년도,봄,조끼,패딩베스트,조끼_패딩베스트_ZB,78.04872011251759,780368,45,452087,3555000
165,2021-02-14,ZB,1:남성,2021,01_시즌,당해년도,봄,니트 셔츠,라운드,니트 셔츠_라운드_ZB,56.37913550798214,86841690,2934,24254310,205086600
166,2021-02-14,ZB,1:남성,2021,01_시즌,당해년도,봄,수트,블레이져(수트),수트_블레이져(수트)_ZB,38.80836779284979,63371228,508,20775825,101092000
167,2021-02-14,ZB,1:남성,2021,01_시즌,당해년도,봄,수트,수트팬츠,수트_수트팬츠_ZB,39.33878826476223,33234251,538,11266458,53262000
168,2021-02-14,ZB,1:남성,2021,01_시즌,당해년도,봄,스웨터,T-에리,스웨터_T-에리_ZB,55.685302693998345,35637658,805,7927948,80419500
169,2021-02-14,ZB,1:남성,2021,01_시즌,당해년도,봄,스웨터,라운드,스웨터_라운드_ZB,57.18809012476813,102622868,2545,21559852,235765500
170,2021-02-14,ZB,1:남성,2021,01_시즌,당해년도,봄,스웨터,오픈형(CARDIGAN),스웨터_오픈형(CARDIGAN)_ZB,55.10868255347077,29519539,411,5933985,65718900
171,2021-02-14,ZB,1:남성,2021,01_시즌,당해년도,봄,우븐 셔츠,드레스셔츠,우븐 셔츠_드레스셔츠_ZB,63.05508348455608,3847850,149,883436,10415100
173,2021-02-14,ZB,1:남성,2021,01_시즌,당해년도,봄,점퍼,패딩점퍼,점퍼_패딩점퍼_ZB,43.17615842369744,42970189,380,7347518,75620000
175,2021-02-14,ZB,1:남성,2021,01_시즌,당해년도,봄,코트,싱글코트,코트_싱글코트_ZB,43.8752628462738,86517400,625,16348249,155625000
176,2021-02-14,ZB,1:남성,2021,01_시즌,당해년도,사계절,니트 셔츠,라운드,니트 셔츠_라운드_ZB,0.0,0,0,0,0
177,2021-02-14,ZB,1:남성,2021,01_시즌,당해년도,사계절,데님,데님팬츠,데님_데님팬츠_ZB,9.466969630041117,13486710,186,2183361,14861400
178,2021-02-14,ZB,1:남성,2021,01_시즌,당해년도,사계절,수트,블레이져(수트),수트_블레이져(수트)_ZB,48.01853785358681,131898902,1264,45008934,251536000
179,2021-02-14,ZB,1:남성,2021,01_시즌,당해년도,사계절,수트,수트팬츠,수트_수트팬츠_ZB,39.94334151233927,79344884,1309,22825608,129591000
180,2021-02-14,ZB,1:남성,2021,01_시즌,당해년도,사계절,우븐 셔츠,드레스셔츠,우븐 셔츠_드레스셔츠_ZB,36.58046285889167,51466855,1643,11839676,85535700
181,2021-02-14,ZB,1:남성,2021,01_시즌,당해년도,사계절,자켓,싱글재킷,자켓_싱글재킷_ZB,41.10511909139192,14415700,123,2905025,24477000
183,2021-02-14,ZB,1:남성,2021,01_시즌,당해년도,여름,수트,블레이져(수트),수트_블레이져(수트)_ZB,3.703703703703704,10348000,54,2311202,10746000
184,2021-02-14,ZB,1:남성,2021,01_시즌,당해년도,여름,수트,수트팬츠,수트_수트팬츠_ZB,2.57029757029757,7137700,74,1640674,7326000
185,2021-02-14,ZB,1:남성,2021,01_시즌,당해년도,여름,우븐 셔츠,드레스셔츠,우븐 셔츠_드레스셔츠_ZB,12.058243010596252,18134030,295,1867112,20620500
187,2021-02-14,ZB,4:기타,2021,01_시즌,당해년도,봄,조끼,패딩베스트,조끼_패딩베스트_ZB,82.54794371706416,3212400,233,2356342,18407000
200,2021-02-21,ZB,1:남성,2021,01_시즌,당해년도,봄,니트 셔츠,라운드,니트 셔츠_라운드_ZB,59.46282098908463,84344532,2763,23241957,193133700
201,2021-02-21,ZB,1:남성,2021,01_시즌,당해년도,봄,수트,블레이져(수트),수트_블레이져(수트)_ZB,38.6898361577414,45642400,356,14658959,70844000
202,2021-02-21,ZB,1:남성,2021,01_시즌,당해년도,봄,수트,수트팬츠,수트_수트팬츠_ZB,38.63876987377122,23495800,369,7784216,36531000
203,2021-02-21,ZB,1:남성,2021,01_시즌,당해년도,봄,스웨터,T-에리,스웨터_T-에리_ZB,62.62764761433647,22438323,601,5918854,60039900
204,2021-02-21,ZB,1:남성,2021,01_시즌,당해년도,봄,스웨터,라운드,스웨터_라운드_ZB,60.74852371170274,98541477,2566,21802177,237543400
205,2021-02-21,ZB,1:남성,2021,01_시즌,당해년도,봄,스웨터,오픈형(CARDIGAN),스웨터_오픈형(CARDIGAN)_ZB,55.138479502095166,23241728,324,4616301,51807600
206,2021-02-21,ZB,1:남성,2021,01_시즌,당해년도,봄,우븐 셔츠,드레스셔츠,우븐 셔츠_드레스셔츠_ZB,52.38313191777728,5059197,152,901223,10624800
208,2021-02-21,ZB,1:남성,2021,01_시즌,당해년도,봄,점퍼,패딩점퍼,점퍼_패딩점퍼_ZB,52.89653157089797,25871109,276,5336618,54924000
210,2021-02-21,ZB,1:남성,2021,01_시즌,당해년도,봄,코트,싱글코트,코트_싱글코트_ZB,47.50597524432314,107685591,819,21484145,203931000
211,2021-02-21,ZB,1:남성,2021,01_시즌,당해년도,사계절,니트 셔츠,라운드,니트 셔츠_라운드_ZB,0.0,0,0,0,0
212,2021-02-21,ZB,1:남성,2021,01_시즌,당해년도,사계절,데님,데님팬츠,데님_데님팬츠_ZB,21.666376685024996,13932843,218,2559304,17418200
213,2021-02-21,ZB,1:남성,2021,01_시즌,당해년도,사계절,수트,블레이져(수트),수트_블레이져(수트)_ZB,43.50308517944835,91380484,746,26937915,148454000
214,2021-02-21,ZB,1:남성,2021,01_시즌,당해년도,사계절,수트,수트팬츠,수트_수트팬츠_ZB,36.380956195277776,55874364,841,14843945,83259000
215,2021-02-21,ZB,1:남성,2021,01_시즌,당해년도,사계절,우븐 셔츠,드레스셔츠,우븐 셔츠_드레스셔츠_ZB,37.16314420972462,59265215,1877,13547626,98802300
216,2021-02-21,ZB,1:남성,2021,01_시즌,당해년도,사계절,자켓,싱글재킷,자켓_싱글재킷_ZB,40.887127947429455,15292500,130,3070352,25870000
218,2021-02-21,ZB,1:남성,2021,01_시즌,당해년도,여름,니트 셔츠,라운드,니트 셔츠_라운드_ZB,0.0,0,0,0,0
219,2021-02-21,ZB,1:남성,2021,01_시즌,당해년도,여름,수트,블레이져(수트),수트_블레이져(수트)_ZB,6.610205909950149,35004352,188,7964905,37412000
220,2021-02-21,ZB,1:남성,2021,01_시즌,당해년도,여름,수트,수트팬츠,수트_수트팬츠_ZB,7.432710190050308,22490800,244,5191583,24156000
221,2021-02-21,ZB,1:남성,2021,01_시즌,당해년도,여름,우븐 셔츠,드레스셔츠,우븐 셔츠_드레스셔츠_ZB,101.659664181914,-110210,95,601273,6640500
223,2021-02-21,ZB,4:기타,2021,01_시즌,당해년도,봄,조끼,패딩베스트,조끼_패딩베스트_ZB,82.33838421444527,2846346,204,2132587,16116000
236,2021-02-28,ZB,1:남성,2021,01_시즌,당해년도,봄,니트 셔츠,라운드,니트 셔츠_라운드_ZB,57.35172070030606,98800844,3304,26227843,230949600
237,2021-02-28,ZB,1:남성,2021,01_시즌,당해년도,봄,수트,블레이져(수트),수트_블레이져(수트)_ZB,38.60341739076374,47750924,387,15745648,77013000
238,2021-02-28,ZB,1:남성,2021,01_시즌,당해년도,봄,수트,수트팬츠,수트_수트팬츠_ZB,39.10166278010431,25665252,418,8740599,41382000
239,2021-02-28,ZB,1:남성,2021,01_시즌,당해년도,봄,스웨터,T-에리,스웨터_T-에리_ZB,64.81274121976332,27031943,769,7573391,76823100
240,2021-02-28,ZB,1:남성,2021,01_시즌,당해년도,봄,스웨터,라운드,스웨터_라운드_ZB,59.73330574940891,112882732,2960,24800036,272484000
241,2021-02-28,ZB,1:남성,2021,01_시즌,당해년도,봄,스웨터,오픈형(CARDIGAN),스웨터_오픈형(CARDIGAN)_ZB,58.45261440760256,25578877,385,5530812,61561500
242,2021-02-28,ZB,1:남성,2021,01_시즌,당해년도,봄,우븐 셔츠,드레스셔츠,우븐 셔츠_드레스셔츠_ZB,53.53487839771102,8119780,250,1482275,17475000
244,2021-02-28,ZB,1:남성,2021,01_시즌,당해년도,봄,점퍼,패딩점퍼,점퍼_패딩점퍼_ZB,56.26387060301508,34813959,400,7734229,79600000
246,2021-02-28,ZB,1:남성,2021,01_시즌,당해년도,봄,코트,싱글코트,코트_싱글코트_ZB,60.4512064662125,140295550,1412,37301137,351588000
247,2021-02-28,ZB,1:남성,2021,01_시즌,당해년도,사계절,니트 셔츠,라운드,니트 셔츠_라운드_ZB,23.16943282147791,3837610,251,1356704,4994900
248,2021-02-28,ZB,1:남성,2021,01_시즌,당해년도,사계절,데님,데님팬츠,데님_데님팬츠_ZB,23.86613131615108,17635430,291,3416322,23250900
249,2021-02-28,ZB,1:남성,2021,01_시즌,당해년도,사계절,수트,블레이져(수트),수트_블레이져(수트)_ZB,45.06959591724645,99644183,851,30518765,169349000
250,2021-02-28,ZB,1:남성,2021,01_시즌,당해년도,사계절,수트,수트팬츠,수트_수트팬츠_ZB,39.59770930915292,62886301,991,17351342,98109000
251,2021-02-28,ZB,1:남성,2021,01_시즌,당해년도,사계절,우븐 셔츠,드레스셔츠,우븐 셔츠_드레스셔츠_ZB,37.41595486834495,65932257,2099,15268686,111750100
252,2021-02-28,ZB,1:남성,2021,01_시즌,당해년도,사계절,자켓,싱글재킷,자켓_싱글재킷_ZB,41.2079444843264,12284600,105,2479899,20895000
254,2021-02-28,ZB,1:남성,2021,01_시즌,당해년도,여름,니트 셔츠,라운드,니트 셔츠_라운드_ZB,21.816688605075782,9033320,214,1123006,11558600
255,2021-02-28,ZB,1:남성,2021,01_시즌,당해년도,여름,수트,블레이져(수트),수트_블레이져(수트)_ZB,34.39235170198782,47178920,357,15093926,71043000
256,2021-02-28,ZB,1:남성,2021,01_시즌,당해년도,여름,수트,수트팬츠,수트_수트팬츠_ZB,33.57449209610226,27378250,409,8706895,40491000
257,2021-02-28,ZB,1:남성,2021,01_시즌,당해년도,여름,우븐 셔츠,드레스셔츠,우븐 셔츠_드레스셔츠_ZB,56.181453873118656,26187935,855,5411460,59764500
258,2021-02-28,ZB,1:남성,2021,01_시즌,당해년도,여름,자켓,싱글재킷,자켓_싱글재킷_ZB,0.0,0,0,0,0
260,2021-02-28,ZB,4:기타,2021,01_시즌,당해년도,봄,조끼,패딩베스트,조끼_패딩베스트_ZB,79.05817820799206,843746,51,485370,4029000
273,2021-03-07,ZB,1:남성,2021,01_시즌,당해년도,봄,니트 셔츠,라운드,니트 셔츠_라운드_ZB,58.59317094694901,116343668,4009,31546577,280229100
274,2021-03-07,ZB,1:남성,2021,01_시즌,당해년도,봄,수트,블레이져(수트),수트_블레이져(수트)_ZB,38.86145590728154,52483835,422,17217254,83978000
275,2021-03-07,ZB,1:남성,2021,01_시즌,당해년도,봄,수트,수트팬츠,수트_수트팬츠_ZB,38.39684168557669,27781231,447,9288922,44253000
276,2021-03-07,ZB,1:남성,2021,01_시즌,당해년도,봄,스웨터,T-에리,스웨터_T-에리_ZB,66.44914229903192,45550020,1359,13383935,135764100
277,2021-03-07,ZB,1:남성,2021,01_시즌,당해년도,봄,스웨터,라운드,스웨터_라운드_ZB,65.21242640963979,124198948,3736,31730792,345926400
278,2021-03-07,ZB,1:남성,2021,01_시즌,당해년도,봄,스웨터,오픈형(CARDIGAN),스웨터_오픈형(CARDIGAN)_ZB,60.90145394142028,39304265,629,8903340,100577100
279,2021-03-07,ZB,1:남성,2021,01_시즌,당해년도,봄,우븐 셔츠,드레스셔츠,우븐 셔츠_드레스셔츠_ZB,56.39405278531607,10942520,359,2128547,25094100
281,2021-03-07,ZB,1:남성,2021,01_시즌,당해년도,봄,점퍼,패딩점퍼,점퍼_패딩점퍼_ZB,55.10316321491853,61826536,692,13380217,137708000
283,2021-03-07,ZB,1:남성,2021,01_시즌,당해년도,봄,코트,싱글코트,코트_싱글코트_ZB,57.5650349725542,210666728,1992,52420878,496008000
284,2021-03-07,ZB,1:남성,2021,01_시즌,당해년도,사계절,니트 셔츠,라운드,니트 셔츠_라운드_ZB,32.73197269977868,17415625,1301,7032161,25889900
285,2021-03-07,ZB,1:남성,2021,01_시즌,당해년도,사계절,데님,데님팬츠,데님_데님팬츠_ZB,31.198829941748173,24259031,441,5176527,35235900
286,2021-03-07,ZB,1:남성,2021,01_시즌,당해년도,사계절,수트,블레이져(수트),수트_블레이져(수트)_ZB,46.26462308223178,103963313,940,34035147,187060000
287,2021-03-07,ZB,1:남성,2021,01_시즌,당해년도,사계절,수트,수트팬츠,수트_수트팬츠_ZB,39.60936001000421,63956513,1056,18668281,104544000
288,2021-03-07,ZB,1:남성,2021,01_시즌,당해년도,사계절,우븐 셔츠,드레스셔츠,우븐 셔츠_드레스셔츠_ZB,39.17908375916469,66347753,2097,15257781,112800300
289,2021-03-07,ZB,1:남성,2021,01_시즌,당해년도,사계절,자켓,싱글재킷,자켓_싱글재킷_ZB,41.86694341271576,15964500,138,3259296,27462000
291,2021-03-07,ZB,1:남성,2021,01_시즌,당해년도,여름,니트 셔츠,라운드,니트 셔츠_라운드_ZB,25.519381618087422,21719996,536,2886372,30506400
293,2021-03-07,ZB,1:남성,2021,01_시즌,당해년도,여름,수트,블레이져(수트),수트_블레이져(수트)_ZB,29.47317762714033,74062851,528,22289049,105072000
294,2021-03-07,ZB,1:남성,2021,01_시즌,당해년도,여름,수트,수트팬츠,수트_수트팬츠_ZB,30.14547002667242,43378451,626,13328047,61974000
295,2021-03-07,ZB,1:남성,2021,01_시즌,당해년도,여름,우븐 셔츠,드레스셔츠,우븐 셔츠_드레스셔츠_ZB,59.15540753952771,39570813,1386,8772261,96881400
297,2021-03-07,ZB,1:남성,2021,01_시즌,당해년도,여름,자켓,싱글재킷,자켓_싱글재킷_ZB,24.857142857142858,2093480,14,294348,2786000
300,2021-03-07,ZB,4:기타,2021,01_시즌,당해년도,봄,조끼,패딩베스트,조끼_패딩베스트_ZB,82.79457590426651,11444704,842,8655634,66518000
313,2021-03-14,ZB,1:남성,2021,01_시즌,당해년도,봄,니트 셔츠,라운드,니트 셔츠_라운드_ZB,57.73030936258815,102616854,3486,26568259,243671400
314,2021-03-14,ZB,1:남성,2021,01_시즌,당해년도,봄,수트,블레이져(수트),수트_블레이져(수트)_ZB,40.393763836442616,45005437,380,15487844,75620000
315,2021-03-14,ZB,1:남성,2021,01_시즌,당해년도,봄,수트,수트팬츠,수트_수트팬츠_ZB,38.8063028183952,23066342,381,7946230,37719000
316,2021-03-14,ZB,1:남성,2021,01_시즌,당해년도,봄,스웨터,T-에리,스웨터_T-에리_ZB,64.42379808379809,37317657,1050,10340804,104895000
317,2021-03-14,ZB,1:남성,2021,01_시즌,당해년도,봄,스웨터,라운드,스웨터_라운드_ZB,63.44246067589247,106561176,3056,25544981,280944400
318,2021-03-14,ZB,1:남성,2021,01_시즌,당해년도,봄,스웨터,오픈형(CARDIGAN),스웨터_오픈형(CARDIGAN)_ZB,61.60124348658935,42867841,699,9931761,111770100
319,2021-03-14,ZB,1:남성,2021,01_시즌,당해년도,봄,우븐 셔츠,드레스셔츠,우븐 셔츠_드레스셔츠_ZB,50.91222115243395,9024150,263,1559353,18383700
321,2021-03-14,ZB,1:남성,2021,01_시즌,당해년도,봄,점퍼,패딩점퍼,점퍼_패딩점퍼_ZB,49.94459270034383,37851899,380,7347518,75620000
323,2021-03-14,ZB,1:남성,2021,01_시즌,당해년도,봄,코트,싱글코트,코트_싱글코트_ZB,55.456326579049886,185752612,1698,44804435,422802000
324,2021-03-14,ZB,1:남성,2021,01_시즌,당해년도,사계절,니트 셔츠,라운드,니트 셔츠_라운드_ZB,42.33007780839682,12807567,1116,6032200,22208400
325,2021-03-14,ZB,1:남성,2021,01_시즌,당해년도,사계절,데님,데님팬츠,데님_데님팬츠_ZB,34.2528329968532,21018843,400,4695946,31960000
326,2021-03-14,ZB,1:남성,2021,01_시즌,당해년도,사계절,수트,블레이져(수트),수트_블레이져(수트)_ZB,45.47499498526126,87325152,768,27511896,152832000
327,2021-03-14,ZB,1:남성,2021,01_시즌,당해년도,사계절,수트,수트팬츠,수트_수트팬츠_ZB,38.13447956525102,55268153,891,15609677,88209000
328,2021-03-14,ZB,1:남성,2021,01_시즌,당해년도,사계절,우븐 셔츠,드레스셔츠,우븐 셔츠_드레스셔츠_ZB,40.04684093838673,54327830,1736,12582576,92876400
329,2021-03-14,ZB,1:남성,2021,01_시즌,당해년도,사계절,자켓,싱글재킷,자켓_싱글재킷_ZB,42.26924687540266,17921935,156,3684422,31044000
331,2021-03-14,ZB,1:남성,2021,01_시즌,당해년도,여름,니트 셔츠,라운드,니트 셔츠_라운드_ZB,18.663968576514804,10145816,398,1346364,14149000
333,2021-03-14,ZB,1:남성,2021,01_시즌,당해년도,여름,수트,블레이져(수트),수트_블레이져(수트)_ZB,27.258348250505247,139493971,944,38288029,187856000
334,2021-03-14,ZB,1:남성,2021,01_시즌,당해년도,여름,수트,수트팬츠,수트_수트팬츠_ZB,27.22594459488719,85220252,1150,24046416,113850000
335,2021-03-14,ZB,1:남성,2021,01_시즌,당해년도,여름,우븐 셔츠,드레스셔츠,우븐 셔츠_드레스셔츠_ZB,55.76436210662991,33796337,1093,6917807,76400700
337,2021-03-14,ZB,1:남성,2021,01_시즌,당해년도,여름,자켓,싱글재킷,자켓_싱글재킷_ZB,23.07232591529074,8572820,56,1182088,11144000
340,2021-03-14,ZB,4:기타,2021,01_시즌,당해년도,봄,조끼,패딩베스트,조끼_패딩베스트_ZB,81.47519694317263,11005215,752,7846075,59408000
353,2021-03-21,ZB,1:남성,2021,01_시즌,당해년도,봄,니트 셔츠,라운드,니트 셔츠_라운드_ZB,64.35164492086165,111560594,4549,33885697,317975100
354,2021-03-21,ZB,1:남성,2021,01_시즌,당해년도,봄,수트,블레이져(수트),수트_블레이져(수트)_ZB,39.5876294237015,29381228,248,10018918,49352000
355,2021-03-21,ZB,1:남성,2021,01_시즌,당해년도,봄,수트,수트팬츠,수트_수트팬츠_ZB,39.83196811105775,15703848,268,5551241,26532000
356,2021-03-21,ZB,1:남성,2021,01_시즌,당해년도,봄,스웨터,T-에리,스웨터_T-에리_ZB,63.5930111635136,22440649,617,6076458,61638300
357,2021-03-21,ZB,1:남성,2021,01_시즌,당해년도,봄,스웨터,라운드,스웨터_라운드_ZB,61.75783532271221,78040027,2155,18083198,198744500
358,2021-03-21,ZB,1:남성,2021,01_시즌,당해년도,봄,스웨터,오픈형(CARDIGAN),스웨터_오픈형(CARDIGAN)_ZB,62.65963372007131,36399738,609,8579943,97379100
359,2021-03-21,ZB,1:남성,2021,01_시즌,당해년도,봄,우븐 셔츠,드레스셔츠,우븐 셔츠_드레스셔츠_ZB,58.881004414720415,9369950,326,1932886,22787400
361,2021-03-21,ZB,1:남성,2021,01_시즌,당해년도,봄,점퍼,패딩점퍼,점퍼_패딩점퍼_ZB,53.8172840554122,27203467,296,5723330,58904000
363,2021-03-21,ZB,1:남성,2021,01_시즌,당해년도,봄,코트,싱글코트,코트_싱글코트_ZB,61.108947599443,136902252,1434,37892700,357066000
364,2021-03-21,ZB,1:남성,2021,01_시즌,당해년도,사계절,니트 셔츠,라운드,니트 셔츠_라운드_ZB,35.58285518327436,33624268,2623,14177832,52197700
365,2021-03-21,ZB,1:남성,2021,01_시즌,당해년도,사계절,데님,데님팬츠,데님_데님팬츠_ZB,39.89856024576477,34046910,686,8051773,54811400
366,2021-03-21,ZB,1:남성,2021,01_시즌,당해년도,사계절,수트,블레이져(수트),수트_블레이져(수트)_ZB,47.75579829320914,107532425,1120,40468411,222880000
367,2021-03-21,ZB,1:남성,2021,01_시즌,당해년도,사계절,수트,수트팬츠,수트_수트팬츠_ZB,40.96072515877626,65776246,1215,21818413,120285000
368,2021-03-21,ZB,1:남성,2021,01_시즌,당해년도,사계절,우븐 셔츠,드레스셔츠,우븐 셔츠_드레스셔츠_ZB,38.33896145839341,62309762,1963,14228577,104793700
369,2021-03-21,ZB,1:남성,2021,01_시즌,당해년도,사계절,자켓,싱글재킷,자켓_싱글재킷_ZB,41.13227207465901,16400549,140,3306532,27860000
371,2021-03-21,ZB,1:남성,2021,01_시즌,당해년도,여름,니트 셔츠,라운드,니트 셔츠_라운드_ZB,45.0288814435588,59874345,2236,10092506,112247400
373,2021-03-21,ZB,1:남성,2021,01_시즌,당해년도,여름,수트,블레이져(수트),수트_블레이져(수트)_ZB,26.74694324541117,145373104,1000,40807402,199000000
374,2021-03-21,ZB,1:남성,2021,01_시즌,당해년도,여름,수트,수트팬츠,수트_수트팬츠_ZB,26.08838038648093,81268679,1114,23340078,110286000
375,2021-03-21,ZB,1:남성,2021,01_시즌,당해년도,여름,스웨터,T-에리,스웨터_T-에리_ZB,35.42010364782658,65372550,1126,8310291,101227400
376,2021-03-21,ZB,1:남성,2021,01_시즌,당해년도,여름,스웨터,라운드,스웨터_라운드_ZB,0.0,0,0,0,0
377,2021-03-21,ZB,1:남성,2021,01_시즌,당해년도,여름,우븐 셔츠,드레스셔츠,우븐 셔츠_드레스셔츠_ZB,59.22090316316736,33264855,1167,7386168,81573300
379,2021-03-21,ZB,1:남성,2021,01_시즌,당해년도,여름,자켓,싱글재킷,자켓_싱글재킷_ZB,37.25687259828555,2122600,17,360034,3383000
382,2021-03-21,ZB,4:기타,2021,01_시즌,당해년도,봄,조끼,패딩베스트,조끼_패딩베스트_ZB,82.77386826861189,11240740,826,8431461,65254000
395,2021-03-28,ZB,1:남성,2021,01_시즌,당해년도,봄,니트 셔츠,라운드,니트 셔츠_라운드_ZB,64.0184884635794,77082753,3188,23330769,222841200
396,2021-03-28,ZB,1:남성,2021,01_시즌,당해년도,봄,수트,블레이져(수트),수트_블레이져(수트)_ZB,41.180695670867706,24232606,210,8500366,41790000
397,2021-03-28,ZB,1:남성,2021,01_시즌,당해년도,봄,수트,수트팬츠,수트_수트팬츠_ZB,41.16316709753191,12796622,222,4560930,21978000
398,2021-03-28,ZB,1:남성,2021,01_시즌,당해년도,봄,스웨터,T-에리,스웨터_T-에리_ZB,63.61339388168656,13413231,369,3634044,36863100
399,2021-03-28,ZB,1:남성,2021,01_시즌,당해년도,봄,스웨터,라운드,스웨터_라운드_ZB,62.40432645495786,47823976,1346,11269691,123935400
400,2021-03-28,ZB,1:남성,2021,01_시즌,당해년도,봄,스웨터,오픈형(CARDIGAN),스웨터_오픈형(CARDIGAN)_ZB,65.58124521490717,36137443,659,9204486,105374100
401,2021-03-28,ZB,1:남성,2021,01_시즌,당해년도,봄,우븐 셔츠,드레스셔츠,우븐 셔츠_드레스셔츠_ZB,59.71821459227468,7039242,250,1482275,17475000
403,2021-03-28,ZB,1:남성,2021,01_시즌,당해년도,봄,점퍼,패딩점퍼,점퍼_패딩점퍼_ZB,47.90535919822577,18556632,179,3461068,35621000
405,2021-03-28,ZB,1:남성,2021,01_시즌,당해년도,봄,코트,싱글코트,코트_싱글코트_ZB,62.05056564940237,105452984,1109,29163800,276141000
406,2021-03-28,ZB,1:남성,2021,01_시즌,당해년도,사계절,니트 셔츠,라운드,니트 셔츠_라운드_ZB,41.0204487785462,36748330,3131,16923672,62306900
407,2021-03-28,ZB,1:남성,2021,01_시즌,당해년도,사계절,데님,데님팬츠,데님_데님팬츠_ZB,38.66451038131648,29881421,594,6974006,47460600
408,2021-03-28,ZB,1:남성,2021,01_시즌,당해년도,사계절,수트,블레이져(수트),수트_블레이져(수트)_ZB,46.34089554435401,66800895,593,21665576,118007000
409,2021-03-28,ZB,1:남성,2021,01_시즌,당해년도,사계절,수트,수트팬츠,수트_수트팬츠_ZB,38.53207271997947,41314735,674,12159574,66726000
410,2021-03-28,ZB,1:남성,2021,01_시즌,당해년도,사계절,우븐 셔츠,드레스셔츠,우븐 셔츠_드레스셔츠_ZB,35.261227340727324,57846868,1768,12827090,95723200
411,2021-03-28,ZB,1:남성,2021,01_시즌,당해년도,사계절,자켓,싱글재킷,자켓_싱글재킷_ZB,41.51289233050498,14199500,122,2881407,24278000
413,2021-03-28,ZB,1:남성,2021,01_시즌,당해년도,여름,니트 셔츠,라운드,니트 셔츠_라운드_ZB,54.35751203597115,65386540,3102,14499728,154500400
415,2021-03-28,ZB,1:남성,2021,01_시즌,당해년도,여름,수트,블레이져(수트),수트_블레이져(수트)_ZB,28.38947338882698,118109228,831,33708548,165369000
416,2021-03-28,ZB,1:남성,2021,01_시즌,당해년도,여름,수트,수트팬츠,수트_수트팬츠_ZB,27.537613678243208,70756702,994,20862093,98406000
417,2021-03-28,ZB,1:남성,2021,01_시즌,당해년도,여름,스웨터,T-에리,스웨터_T-에리_ZB,-171.84343715239154,-18573431,-76,-560908,-6832400
418,2021-03-28,ZB,1:남성,2021,01_시즌,당해년도,여름,스웨터,라운드,스웨터_라운드_ZB,34.740293447746176,30800950,525,4466097,47197500
419,2021-03-28,ZB,1:남성,2021,01_시즌,당해년도,여름,우븐 셔츠,드레스셔츠,우븐 셔츠_드레스셔츠_ZB,57.98699566557667,39469369,1344,8506435,93945600
421,2021-03-28,ZB,1:남성,2021,01_시즌,당해년도,여름,자켓,싱글재킷,자켓_싱글재킷_ZB,37.15429258970911,17758940,142,2995215,28258000
424,2021-03-28,ZB,4:기타,2021,01_시즌,당해년도,봄,조끼,패딩베스트,조끼_패딩베스트_ZB,84.55589971444402,14494597,1188,12516100,93852000
437,2021-04-04,ZB,1:남성,2021,01_시즌,당해년도,봄,니트 셔츠,라운드,니트 셔츠_라운드_ZB,66.07713121064587,92135849,4204,30260995,293859600
438,2021-04-04,ZB,1:남성,2021,01_시즌,당해년도,봄,수트,블레이져(수트),수트_블레이져(수트)_ZB,40.2926238857352,22361014,186,7572392,37014000
439,2021-04-04,ZB,1:남성,2021,01_시즌,당해년도,봄,수트,수트팬츠,수트_수트팬츠_ZB,40.27629829020856,13859796,231,4811357,22869000
440,2021-04-04,ZB,1:남성,2021,01_시즌,당해년도,봄,스웨터,T-에리,스웨터_T-에리_ZB,73.59275470843595,20524292,778,7662086,77722200
441,2021-04-04,ZB,1:남성,2021,01_시즌,당해년도,봄,스웨터,라운드,스웨터_라운드_ZB,72.16779237203295,53666252,2005,16746004,183879500
442,2021-04-04,ZB,1:남성,2021,01_시즌,당해년도,봄,스웨터,오픈형(CARDIGAN),스웨터_오픈형(CARDIGAN)_ZB,63.902378569082025,33327868,577,8029929,92262300
443,2021-04-04,ZB,1:남성,2021,01_시즌,당해년도,봄,우븐 셔츠,드레스셔츠,우븐 셔츠_드레스셔츠_ZB,59.46520522343126,8415145,297,1760943,20760300
445,2021-04-04,ZB,1:남성,2021,01_시즌,당해년도,봄,점퍼,패딩점퍼,점퍼_패딩점퍼_ZB,56.84700465679181,16402022,191,3693094,38009000
447,2021-04-04,ZB,1:남성,2021,01_시즌,당해년도,봄,코트,싱글코트,코트_싱글코트_ZB,63.58225493843063,105657350,1169,30863421,291081000
448,2021-04-04,ZB,1:남성,2021,01_시즌,당해년도,사계절,니트 셔츠,라운드,니트 셔츠_라운드_ZB,30.472185488847742,18927696,1368,7394310,27223200
449,2021-04-04,ZB,1:남성,2021,01_시즌,당해년도,사계절,데님,데님팬츠,데님_데님팬츠_ZB,31.84366749764198,22455066,409,4801517,32679100
450,2021-04-04,ZB,1:남성,2021,01_시즌,당해년도,사계절,수트,블레이져(수트),수트_블레이져(수트)_ZB,45.41808041619462,75933335,611,21958605,121589000
451,2021-04-04,ZB,1:남성,2021,01_시즌,당해년도,사계절,수트,수트팬츠,수트_수트팬츠_ZB,36.74870780976968,47359328,692,12329631,68508000
452,2021-04-04,ZB,1:남성,2021,01_시즌,당해년도,사계절,우븐 셔츠,드레스셔츠,우븐 셔츠_드레스셔츠_ZB,38.30308451206835,65116896,2085,15044422,111241500
453,2021-04-04,ZB,1:남성,2021,01_시즌,당해년도,사계절,자켓,싱글재킷,자켓_싱글재킷_ZB,45.350266182397135,21968100,202,4770854,40198000
455,2021-04-04,ZB,1:남성,2021,01_시즌,당해년도,여름,니트 셔츠,라운드,니트 셔츠_라운드_ZB,52.658555040690125,141417482,5229,30678176,287035000
457,2021-04-04,ZB,1:남성,2021,01_시즌,당해년도,여름,수트,블레이져(수트),수트_블레이져(수트)_ZB,26.57508325805036,154099157,1049,42555649,208751000
458,2021-04-04,ZB,1:남성,2021,01_시즌,당해년도,여름,수트,수트팬츠,수트_수트팬츠_ZB,25.938761607540137,85947407,1167,24498579,115533000
459,2021-04-04,ZB,1:남성,2021,01_시즌,당해년도,여름,스웨터,T-에리,스웨터_T-에리_ZB,35.47621117480962,74063400,1275,10846422,114622500
460,2021-04-04,ZB,1:남성,2021,01_시즌,당해년도,여름,스웨터,라운드,스웨터_라운드_ZB,38.55091515825665,27345150,495,4451412,44500500
461,2021-04-04,ZB,1:남성,2021,01_시즌,당해년도,여름,우븐 셔츠,드레스셔츠,우븐 셔츠_드레스셔츠_ZB,55.44940695745177,48735453,1565,9905186,109393500
463,2021-04-04,ZB,1:남성,2021,01_시즌,당해년도,여름,자켓,싱글재킷,자켓_싱글재킷_ZB,32.31709502928656,21146170,157,3318490,31243000
465,2021-04-04,ZB,1:남성,2021,01_시즌,당해년도,여름,팬츠,반바지,팬츠_반바지_ZB,0.0,0,0,0,0
467,2021-04-04,ZB,4:기타,2021,01_시즌,당해년도,봄,조끼,패딩베스트,조끼_패딩베스트_ZB,89.56253470958846,5450340,661,6474319,52219000
480,2021-04-11,ZB,1:남성,2021,01_시즌,당해년도,봄,니트 셔츠,라운드,니트 셔츠_라운드_ZB,65.56613229071756,45179563,2000,14305267,139800000
481,2021-04-11,ZB,1:남성,2021,01_시즌,당해년도,봄,수트,블레이져(수트),수트_블레이져(수트)_ZB,37.5514755103458,26203865,211,8515461,41989000
482,2021-04-11,ZB,1:남성,2021,01_시즌,당해년도,봄,수트,수트팬츠,수트_수트팬츠_ZB,38.20590708113031,14906238,243,4979291,24057000
483,2021-04-11,ZB,1:남성,2021,01_시즌,당해년도,봄,스웨터,T-에리,스웨터_T-에리_ZB,60.63546539737016,5780800,147,1447719,14685300
484,2021-04-11,ZB,1:남성,2021,01_시즌,당해년도,봄,스웨터,라운드,스웨터_라운드_ZB,60.747463044204224,10082021,269,2327358,25213100
485,2021-04-11,ZB,1:남성,2021,01_시즌,당해년도,봄,스웨터,오픈형(CARDIGAN),스웨터_오픈형(CARDIGAN)_ZB,65.6066308257345,22684643,414,5726686,66198600
486,2021-04-11,ZB,1:남성,2021,01_시즌,당해년도,봄,우븐 셔츠,드레스셔츠,우븐 셔츠_드레스셔츠_ZB,59.84091559370529,8000292,285,1689793,19921500
488,2021-04-11,ZB,1:남성,2021,01_시즌,당해년도,봄,점퍼,패딩점퍼,점퍼_패딩점퍼_ZB,44.50705138596207,6846720,62,1198806,12338000
490,2021-04-11,ZB,1:남성,2021,01_시즌,당해년도,봄,코트,싱글코트,코트_싱글코트_ZB,60.83463101759931,39345300,400,10531535,99600000
491,2021-04-11,ZB,1:남성,2021,01_시즌,당해년도,사계절,니트 셔츠,라운드,니트 셔츠_라운드_ZB,32.87090228630061,20412079,1528,8259141,30407200
492,2021-04-11,ZB,1:남성,2021,01_시즌,당해년도,사계절,데님,데님팬츠,데님_데님팬츠_ZB,44.8619118678568,27008193,616,7233070,49218400
493,2021-04-11,ZB,1:남성,2021,01_시즌,당해년도,사계절,수트,블레이져(수트),수트_블레이져(수트)_ZB,44.43151744048398,88058014,748,27325038,148852000
494,2021-04-11,ZB,1:남성,2021,01_시즌,당해년도,사계절,수트,수트팬츠,수트_수트팬츠_ZB,33.80079755514019,54266899,843,15373623,83457000
495,2021-04-11,ZB,1:남성,2021,01_시즌,당해년도,사계절,우븐 셔츠,드레스셔츠,우븐 셔츠_드레스셔츠_ZB,39.775476913285246,62805561,1934,14127619,105146600
496,2021-04-11,ZB,1:남성,2021,01_시즌,당해년도,사계절,자켓,싱글재킷,자켓_싱글재킷_ZB,43.11670291757294,15168500,134,3164824,26666000
498,2021-04-11,ZB,1:남성,2021,01_시즌,당해년도,여름,니트 셔츠,라운드,니트 셔츠_라운드_ZB,56.114404761972665,123269030,5092,26931075,272416600
500,2021-04-11,ZB,1:남성,2021,01_시즌,당해년도,여름,수트,블레이져(수트),수트_블레이져(수트)_ZB,23.7287065839074,108031997,714,29211252,142086000
501,2021-04-11,ZB,1:남성,2021,01_시즌,당해년도,여름,수트,수트팬츠,수트_수트팬츠_ZB,23.33646243692128,67248383,888,18714965,87912000
502,2021-04-11,ZB,1:남성,2021,01_시즌,당해년도,여름,스웨터,T-에리,스웨터_T-에리_ZB,49.73507486151291,49568815,1108,9075119,99609200
503,2021-04-11,ZB,1:남성,2021,01_시즌,당해년도,여름,스웨터,라운드,스웨터_라운드_ZB,47.76929633214394,36155660,770,7155963,69223000
504,2021-04-11,ZB,1:남성,2021,01_시즌,당해년도,여름,우븐 셔츠,드레스셔츠,우븐 셔츠_드레스셔츠_ZB,58.36287451524702,46887109,1611,10196329,112608900
506,2021-04-11,ZB,1:남성,2021,01_시즌,당해년도,여름,자켓,싱글재킷,자켓_싱글재킷_ZB,38.61612498395725,56241000,460,9711427,91540000
508,2021-04-11,ZB,1:남성,2021,01_시즌,당해년도,여름,팬츠,반바지,팬츠_반바지_ZB,0.0,0,0,0,0
510,2021-04-11,ZB,4:기타,2021,01_시즌,당해년도,봄,조끼,패딩베스트,조끼_패딩베스트_ZB,85.8846186787581,11206907,1005,9556800,79395000
523,2021-04-18,ZB,1:남성,2021,01_시즌,당해년도,봄,니트 셔츠,라운드,니트 셔츠_라운드_ZB,68.10690635012442,37193675,1768,12570232,123583200
524,2021-04-18,ZB,1:남성,2021,01_시즌,당해년도,봄,수트,블레이져(수트),수트_블레이져(수트)_ZB,39.908567772874015,27768863,228,9274666,45372000
525,2021-04-18,ZB,1:남성,2021,01_시즌,당해년도,봄,수트,수트팬츠,수트_수트팬츠_ZB,39.46545676992445,15805037,257,5327023,25443000
526,2021-04-18,ZB,1:남성,2021,01_시즌,당해년도,봄,스웨터,T-에리,스웨터_T-에리_ZB,58.08711937744196,-1298000,-31,-305303,-3096900
527,2021-04-18,ZB,1:남성,2021,01_시즌,당해년도,봄,스웨터,라운드,스웨터_라운드_ZB,61.41876480102368,9631764,259,2177739,24004100
528,2021-04-18,ZB,1:남성,2021,01_시즌,당해년도,봄,스웨터,오픈형(CARDIGAN),스웨터_오픈형(CARDIGAN)_ZB,67.88418636947625,31813602,614,8514206,98178600
529,2021-04-18,ZB,1:남성,2021,01_시즌,당해년도,봄,우븐 셔츠,드레스셔츠,우븐 셔츠_드레스셔츠_ZB,66.28285845733049,5350000,227,1345906,15867300
531,2021-04-18,ZB,1:남성,2021,01_시즌,당해년도,봄,점퍼,패딩점퍼,점퍼_패딩점퍼_ZB,43.24252843163185,4292000,38,734752,7562000
533,2021-04-18,ZB,1:남성,2021,01_시즌,당해년도,봄,코트,싱글코트,코트_싱글코트_ZB,61.97028112449799,21779700,225,5962535,56025000
534,2021-04-18,ZB,1:남성,2021,01_시즌,당해년도,사계절,니트 셔츠,라운드,니트 셔츠_라운드_ZB,37.63114361520157,16407874,1322,7145671,26307800
535,2021-04-18,ZB,1:남성,2021,01_시즌,당해년도,사계절,데님,데님팬츠,데님_데님팬츠_ZB,56.23530414818001,40981704,1142,13405675,91245800
536,2021-04-18,ZB,1:남성,2021,01_시즌,당해년도,사계절,수트,블레이져(수트),수트_블레이져(수트)_ZB,45.95749325409048,108809681,1232,44978171,245168000
537,2021-04-18,ZB,1:남성,2021,01_시즌,당해년도,사계절,수트,수트팬츠,수트_수트팬츠_ZB,33.904074223427976,68866199,1374,25265526,136026000
538,2021-04-18,ZB,1:남성,2021,01_시즌,당해년도,사계절,우븐 셔츠,드레스셔츠,우븐 셔츠_드레스셔츠_ZB,41.688717040991406,53748551,1683,12316688,91901700
539,2021-04-18,ZB,1:남성,2021,01_시즌,당해년도,사계절,자켓,싱글재킷,자켓_싱글재킷_ZB,42.29413195007295,14239500,124,2928643,24676000
541,2021-04-18,ZB,1:남성,2021,01_시즌,당해년도,여름,니트 셔츠,라운드,니트 셔츠_라운드_ZB,59.52228011165863,125444090,5656,26209717,301828700
543,2021-04-18,ZB,1:남성,2021,01_시즌,당해년도,여름,수트,블레이져(수트),수트_블레이져(수트)_ZB,23.892823700292105,109591971,719,29326356,143081000
544,2021-04-18,ZB,1:남성,2021,01_시즌,당해년도,여름,수트,수트팬츠,수트_수트팬츠_ZB,24.006468739120137,63885423,843,17727419,83457000
545,2021-04-18,ZB,1:남성,2021,01_시즌,당해년도,여름,스웨터,T-에리,스웨터_T-에리_ZB,49.97653407097791,68250867,1573,12935031,141412700
546,2021-04-18,ZB,1:남성,2021,01_시즌,당해년도,여름,스웨터,라운드,스웨터_라운드_ZB,44.57536394503773,34181149,686,6375662,61671400
547,2021-04-18,ZB,1:남성,2021,01_시즌,당해년도,여름,우븐 셔츠,드레스셔츠,우븐 셔츠_드레스셔츠_ZB,43.099040236890495,49385677,1557,9647412,108834300
549,2021-04-18,ZB,1:남성,2021,01_시즌,당해년도,여름,자켓,싱글재킷,자켓_싱글재킷_ZB,41.889964210285385,45560069,394,8322022,78406000
551,2021-04-18,ZB,1:남성,2021,01_시즌,당해년도,여름,팬츠,반바지,팬츠_반바지_ZB,0.0,0,0,0,0
553,2021-04-18,ZB,4:기타,2021,01_시즌,당해년도,봄,조끼,패딩베스트,조끼_패딩베스트_ZB,86.50878691983122,3836901,360,3396064,28440000
566,2021-04-25,ZB,1:남성,2021,01_시즌,당해년도,봄,니트 셔츠,라운드,니트 셔츠_라운드_ZB,68.32604402424444,16074842,789,5595610,55151100
567,2021-04-25,ZB,1:남성,2021,01_시즌,당해년도,봄,수트,블레이져(수트),수트_블레이져(수트)_ZB,39.96405505820418,24314328,194,7912580,38606000
568,2021-04-25,ZB,1:남성,2021,01_시즌,당해년도,봄,수트,수트팬츠,수트_수트팬츠_ZB,39.86486649211224,14407020,232,4773836,22968000
569,2021-04-25,ZB,1:남성,2021,01_시즌,당해년도,봄,스웨터,T-에리,스웨터_T-에리_ZB,66.13342754519225,575156,17,167425,1698300
570,2021-04-25,ZB,1:남성,2021,01_시즌,당해년도,봄,스웨터,라운드,스웨터_라운드_ZB,63.442526216565575,6522208,188,1664416,17771200
571,2021-04-25,ZB,1:남성,2021,01_시즌,당해년도,봄,스웨터,오픈형(CARDIGAN),스웨터_오픈형(CARDIGAN)_ZB,64.68711411494601,10461851,189,2589531,30221100
572,2021-04-25,ZB,1:남성,2021,01_시즌,당해년도,봄,우븐 셔츠,드레스셔츠,우븐 셔츠_드레스셔츠_ZB,59.66831737647188,3664940,130,770783,9087000
574,2021-04-25,ZB,1:남성,2021,01_시즌,당해년도,봄,점퍼,패딩점퍼,점퍼_패딩점퍼_ZB,50.21661641541039,2972068,30,580067,5970000
576,2021-04-25,ZB,1:남성,2021,01_시즌,당해년도,봄,코트,싱글코트,코트_싱글코트_ZB,61.18401534064185,12016700,126,3337297,31374000
577,2021-04-25,ZB,1:남성,2021,01_시즌,당해년도,사계절,니트 셔츠,라운드,니트 셔츠_라운드_ZB,31.92796588473664,9306332,687,3713370,13671300
578,2021-04-25,ZB,1:남성,2021,01_시즌,당해년도,사계절,데님,데님팬츠,데님_데님팬츠_ZB,38.324862836476925,18658264,393,4614916,31400700
579,2021-04-25,ZB,1:남성,2021,01_시즌,당해년도,사계절,수트,블레이져(수트),수트_블레이져(수트)_ZB,34.58437742459488,80953204,623,22481577,123977000
580,2021-04-25,ZB,1:남성,2021,01_시즌,당해년도,사계절,수트,수트팬츠,수트_수트팬츠_ZB,33.87392458324009,45973954,660,11925249,65340000
581,2021-04-25,ZB,1:남성,2021,01_시즌,당해년도,사계절,우븐 셔츠,드레스셔츠,우븐 셔츠_드레스셔츠_ZB,45.05409009218607,60230562,2086,15032907,111931400
582,2021-04-25,ZB,1:남성,2021,01_시즌,당해년도,사계절,자켓,싱글재킷,자켓_싱글재킷_ZB,42.197654941373536,8627000,75,1771357,14925000
584,2021-04-25,ZB,1:남성,2021,01_시즌,당해년도,여름,니트 셔츠,라운드,니트 셔츠_라운드_ZB,46.82562484312598,179509802,8301,41484555,438896800
586,2021-04-25,ZB,1:남성,2021,01_시즌,당해년도,여름,수트,블레이져(수트),수트_블레이져(수트)_ZB,26.35043932178566,85932662,591,24100449,117609000
587,2021-04-25,ZB,1:남성,2021,01_시즌,당해년도,여름,수트,수트팬츠,수트_수트팬츠_ZB,25.805383371534752,52952535,730,15358035,72270000
588,2021-04-25,ZB,1:남성,2021,01_시즌,당해년도,여름,스웨터,T-에리,스웨터_T-에리_ZB,55.671541810840736,76199790,1927,16053369,173237300
589,2021-04-25,ZB,1:남성,2021,01_시즌,당해년도,여름,스웨터,라운드,스웨터_라운드_ZB,55.150723748826536,31005695,769,7145092,69133100
590,2021-04-25,ZB,1:남성,2021,01_시즌,당해년도,여름,우븐 셔츠,드레스셔츠,우븐 셔츠_드레스셔츠_ZB,177.65569790884666,26372967,929,5860989,64937100
592,2021-04-25,ZB,1:남성,2021,01_시즌,당해년도,여름,자켓,싱글재킷,자켓_싱글재킷_ZB,42.75283608345384,70769634,620,13090838,123380000
594,2021-04-25,ZB,1:남성,2021,01_시즌,당해년도,여름,팬츠,반바지,팬츠_반바지_ZB,20.0,1277440,32,192397,1596800
596,2021-04-25,ZB,4:기타,2021,01_시즌,당해년도,봄,조끼,패딩베스트,조끼_패딩베스트_ZB,84.98919967333606,2205687,186,1714147,14694000
609,2021-05-02,ZB,1:남성,2021,01_시즌,당해년도,봄,니트 셔츠,라운드,니트 셔츠_라운드_ZB,65.23830888296708,12504186,579,4046590,40472100
610,2021-05-02,ZB,1:남성,2021,01_시즌,당해년도,봄,수트,블레이져(수트),수트_블레이져(수트)_ZB,36.16786234367736,22370843,173,7018092,34427000
611,2021-05-02,ZB,1:남성,2021,01_시즌,당해년도,봄,수트,수트팬츠,수트_수트팬츠_ZB,36.52283524134929,12748540,200,4143702,19800000
612,2021-05-02,ZB,1:남성,2021,01_시즌,당해년도,봄,스웨터,T-에리,스웨터_T-에리_ZB,96.55941126311497,92803,27,265905,2697300
613,2021-05-02,ZB,1:남성,2021,01_시즌,당해년도,봄,스웨터,라운드,스웨터_라운드_ZB,61.19492526055374,3308320,91,776921,8460900
614,2021-05-02,ZB,1:남성,2021,01_시즌,당해년도,봄,스웨터,오픈형(CARDIGAN),스웨터_오픈형(CARDIGAN)_ZB,65.10556277160404,5240628,96,1310876,15350400
615,2021-05-02,ZB,1:남성,2021,01_시즌,당해년도,봄,우븐 셔츠,드레스셔츠,우븐 셔츠_드레스셔츠_ZB,58.89732585011555,4108500,143,847861,9995700
617,2021-05-02,ZB,1:남성,2021,01_시즌,당해년도,봄,점퍼,패딩점퍼,점퍼_패딩점퍼_ZB,57.65003140703518,2696846,32,618738,6368000
619,2021-05-02,ZB,1:남성,2021,01_시즌,당해년도,봄,코트,싱글코트,코트_싱글코트_ZB,66.7713499157922,9663917,118,3110719,29382000
620,2021-05-02,ZB,1:남성,2021,01_시즌,당해년도,사계절,니트 셔츠,라운드,니트 셔츠_라운드_ZB,15.977066401968692,4063097,243,1313463,4835700
621,2021-05-02,ZB,1:남성,2021,01_시즌,당해년도,사계절,데님,데님팬츠,데님_데님팬츠_ZB,24.89301708657561,8762853,139,1678630,11106100
622,2021-05-02,ZB,1:남성,2021,01_시즌,당해년도,사계절,수트,블레이져(수트),수트_블레이져(수트)_ZB,35.12542525773809,81580364,601,21973722,119599000
623,2021-05-02,ZB,1:남성,2021,01_시즌,당해년도,사계절,수트,수트팬츠,수트_수트팬츠_ZB,35.98521003346471,49373358,687,12451626,68013000
624,2021-05-02,ZB,1:남성,2021,01_시즌,당해년도,사계절,우븐 셔츠,드레스셔츠,우븐 셔츠_드레스셔츠_ZB,46.15589167732909,54573227,1715,12287338,90608500
625,2021-05-02,ZB,1:남성,2021,01_시즌,당해년도,사계절,자켓,싱글재킷,자켓_싱글재킷_ZB,43.66373074162019,10201935,91,2149246,18109000
627,2021-05-02,ZB,1:남성,2021,01_시즌,당해년도,여름,니트 셔츠,라운드,니트 셔츠_라운드_ZB,59.701265343602174,182297749,7552,44103450,421210000
629,2021-05-02,ZB,1:남성,2021,01_시즌,당해년도,여름,수트,블레이져(수트),수트_블레이져(수트)_ZB,22.55041958918765,65555806,426,17456539,84774000
630,2021-05-02,ZB,1:남성,2021,01_시즌,당해년도,여름,수트,수트팬츠,수트_수트팬츠_ZB,22.006177434371768,41257151,534,11292435,52866000
631,2021-05-02,ZB,1:남성,2021,01_시즌,당해년도,여름,스웨터,T-에리,스웨터_T-에리_ZB,49.93388573130629,79908910,1787,14732981,160651300
632,2021-05-02,ZB,1:남성,2021,01_시즌,당해년도,여름,스웨터,라운드,스웨터_라운드_ZB,44.54725056826425,27518316,552,5129382,49624800
633,2021-05-02,ZB,1:남성,2021,01_시즌,당해년도,여름,우븐 셔츠,드레스셔츠,우븐 셔츠_드레스셔츠_ZB,43.92930460496833,49606467,1386,8590394,96881400
635,2021-05-02,ZB,1:남성,2021,01_시즌,당해년도,여름,자켓,싱글재킷,자켓_싱글재킷_ZB,42.210528788417335,75281981,655,13829220,130345000
637,2021-05-02,ZB,1:남성,2021,01_시즌,당해년도,여름,팬츠,반바지,팬츠_반바지_ZB,41.7022489423291,1309076,45,267732,2245500
639,2021-05-02,ZB,4:기타,2021,01_시즌,당해년도,봄,조끼,패딩베스트,조끼_패딩베스트_ZB,117.14737098344692,-352207,26,267779,2054000
652,2021-05-09,ZB,1:남성,2021,01_시즌,당해년도,봄,니트 셔츠,라운드,니트 셔츠_라운드_ZB,66.45201846697282,11388401,554,3868668,38724600
653,2021-05-09,ZB,1:남성,2021,01_시즌,당해년도,봄,수트,블레이져(수트),수트_블레이져(수트)_ZB,39.56704543190976,19290798,158,6402194,31442000
654,2021-05-09,ZB,1:남성,2021,01_시즌,당해년도,봄,수트,수트팬츠,수트_수트팬츠_ZB,39.90868563208759,11421170,188,3867022,18612000
655,2021-05-09,ZB,1:남성,2021,01_시즌,당해년도,봄,스웨터,T-에리,스웨터_T-에리_ZB,61.9030459030459,532824,14,137878,1398600
656,2021-05-09,ZB,1:남성,2021,01_시즌,당해년도,봄,스웨터,라운드,스웨터_라운드_ZB,55.54819522808647,1554000,37,336756,3416300
657,2021-05-09,ZB,1:남성,2021,01_시즌,당해년도,봄,스웨터,오픈형(CARDIGAN),스웨터_오픈형(CARDIGAN)_ZB,65.86484240722534,6178916,111,1512228,17748900
658,2021-05-09,ZB,1:남성,2021,01_시즌,당해년도,봄,우븐 셔츠,드레스셔츠,우븐 셔츠_드레스셔츠_ZB,70.91920954581899,1849800,91,539548,6360900
660,2021-05-09,ZB,1:남성,2021,01_시즌,당해년도,봄,점퍼,패딩점퍼,점퍼_패딩점퍼_ZB,54.254094798315904,3368271,37,715416,7363000
662,2021-05-09,ZB,1:남성,2021,01_시즌,당해년도,봄,코트,싱글코트,코트_싱글코트_ZB,66.73590915385681,3151000,39,1025872,9711000
663,2021-05-09,ZB,1:남성,2021,01_시즌,당해년도,사계절,니트 셔츠,라운드,니트 셔츠_라운드_ZB,22.017312170609145,5090086,328,1772905,6527200
664,2021-05-09,ZB,1:남성,2021,01_시즌,당해년도,사계절,데님,데님팬츠,데님_데님팬츠_ZB,30.353057344716127,13417013,264,3205590,21093600
665,2021-05-09,ZB,1:남성,2021,01_시즌,당해년도,사계절,수트,블레이져(수트),수트_블레이져(수트)_ZB,37.25028705927433,88144120,720,26108047,143280000
666,2021-05-09,ZB,1:남성,2021,01_시즌,당해년도,사계절,수트,수트팬츠,수트_수트팬츠_ZB,40.47561610528277,51299369,820,14853468,81180000
667,2021-05-09,ZB,1:남성,2021,01_시즌,당해년도,사계절,우븐 셔츠,드레스셔츠,우븐 셔츠_드레스셔츠_ZB,41.58064238152294,55238718,1762,12709812,93883800
668,2021-05-09,ZB,1:남성,2021,01_시즌,당해년도,사계절,자켓,싱글재킷,자켓_싱글재킷_ZB,42.89085169436928,8864482,78,1842211,15522000
670,2021-05-09,ZB,1:남성,2021,01_시즌,당해년도,여름,니트 셔츠,라운드,니트 셔츠_라운드_ZB,58.57650856257303,260519730,10501,61835493,606943600
672,2021-05-09,ZB,1:남성,2021,01_시즌,당해년도,여름,수트,블레이져(수트),수트_블레이져(수트)_ZB,25.16732873406581,60276913,403,16812933,80197000
673,2021-05-09,ZB,1:남성,2021,01_시즌,당해년도,여름,수트,수트팬츠,수트_수트팬츠_ZB,24.949142267162927,34481330,463,9885999,45837000
674,2021-05-09,ZB,1:남성,2021,01_시즌,당해년도,여름,스웨터,T-에리,스웨터_T-에리_ZB,54.32849963709026,83618812,2035,17359832,182946500
675,2021-05-09,ZB,1:남성,2021,01_시즌,당해년도,여름,스웨터,라운드,스웨터_라운드_ZB,47.19454651994279,31901253,672,6243376,60412800
676,2021-05-09,ZB,1:남성,2021,01_시즌,당해년도,여름,우븐 셔츠,드레스셔츠,우븐 셔츠_드레스셔츠_ZB,63.008174700958286,43775475,1630,10204876,113937000
678,2021-05-09,ZB,1:남성,2021,01_시즌,당해년도,여름,자켓,싱글재킷,자켓_싱글재킷_ZB,41.66562457655323,77881322,671,14166502,133529000
680,2021-05-09,ZB,1:남성,2021,01_시즌,당해년도,여름,팬츠,반바지,팬츠_반바지_ZB,153.00658459776696,-185152,7,42402,349300
682,2021-05-09,ZB,4:기타,2021,01_시즌,당해년도,봄,조끼,패딩베스트,조끼_패딩베스트_ZB,84.27012221737233,1441486,116,1174484,9164000
695,2021-05-16,ZB,1:남성,2021,01_시즌,당해년도,봄,니트 셔츠,라운드,니트 셔츠_라운드_ZB,66.15566931461687,6790890,343,2333777,23975700
696,2021-05-16,ZB,1:남성,2021,01_시즌,당해년도,봄,수트,블레이져(수트),수트_블레이져(수트)_ZB,37.80128998995277,20544802,164,6659081,32636000
697,2021-05-16,ZB,1:남성,2021,01_시즌,당해년도,봄,수트,수트팬츠,수트_수트팬츠_ZB,37.701545165064616,11521675,182,3764321,18018000
698,2021-05-16,ZB,1:남성,2021,01_시즌,당해년도,봄,스웨터,T-에리,스웨터_T-에리_ZB,60.96096096096096,585000,15,147726,1498500
699,2021-05-16,ZB,1:남성,2021,01_시즌,당해년도,봄,스웨터,라운드,스웨터_라운드_ZB,62.60544821000883,1135838,32,288005,3016800
700,2021-05-16,ZB,1:남성,2021,01_시즌,당해년도,봄,스웨터,오픈형(CARDIGAN),스웨터_오픈형(CARDIGAN)_ZB,66.93847744125793,7375040,139,1874925,22226100
701,2021-05-16,ZB,1:남성,2021,01_시즌,당해년도,봄,우븐 셔츠,드레스셔츠,우븐 셔츠_드레스셔츠_ZB,69.22626126824896,1785400,83,492115,5801700
703,2021-05-16,ZB,1:남성,2021,01_시즌,당해년도,봄,점퍼,패딩점퍼,점퍼_패딩점퍼_ZB,58.96930807885582,1061464,13,251362,2587000
705,2021-05-16,ZB,1:남성,2021,01_시즌,당해년도,봄,코트,싱글코트,코트_싱글코트_ZB,61.22292025243833,2208538,23,600742,5727000
706,2021-05-16,ZB,1:남성,2021,01_시즌,당해년도,사계절,니트 셔츠,라운드,니트 셔츠_라운드_ZB,37.42946022630158,5491128,441,2383692,8775900
707,2021-05-16,ZB,1:남성,2021,01_시즌,당해년도,사계절,데님,데님팬츠,데님_데님팬츠_ZB,34.006546048551684,8953137,172,2082302,13742800
708,2021-05-16,ZB,1:남성,2021,01_시즌,당해년도,사계절,수트,블레이져(수트),수트_블레이져(수트)_ZB,38.04810693785131,72796584,572,20699597,113828000
709,2021-05-16,ZB,1:남성,2021,01_시즌,당해년도,사계절,수트,수트팬츠,수트_수트팬츠_ZB,43.09414224494417,42171276,650,11762294,64350000
710,2021-05-16,ZB,1:남성,2021,01_시즌,당해년도,사계절,우븐 셔츠,드레스셔츠,우븐 셔츠_드레스셔츠_ZB,41.25032255856697,44891893,1393,10071513,74370700
711,2021-05-16,ZB,1:남성,2021,01_시즌,당해년도,사계절,자켓,싱글재킷,자켓_싱글재킷_ZB,42.60262350714612,8795000,77,1818593,15323000
713,2021-05-16,ZB,1:남성,2021,01_시즌,당해년도,여름,니트 셔츠,라운드,니트 셔츠_라운드_ZB,inf,182274192,10822,48515243,559741700
715,2021-05-16,ZB,1:남성,2021,01_시즌,당해년도,여름,수트,블레이져(수트),수트_블레이져(수트)_ZB,22.15643719513154,46147659,298,12356247,59302000
716,2021-05-16,ZB,1:남성,2021,01_시즌,당해년도,여름,수트,수트팬츠,수트_수트팬츠_ZB,22.716712425085284,23744733,309,6599006,30591000
717,2021-05-16,ZB,1:남성,2021,01_시즌,당해년도,여름,스웨터,T-에리,스웨터_T-에리_ZB,54.87025455158189,90741642,2221,19452373,199667900
718,2021-05-16,ZB,1:남성,2021,01_시즌,당해년도,여름,스웨터,라운드,스웨터_라운드_ZB,50.56631264570984,16220923,365,3391167,32813500
719,2021-05-16,ZB,1:남성,2021,01_시즌,당해년도,여름,우븐 셔츠,드레스셔츠,우븐 셔츠_드레스셔츠_ZB,51.57990851872594,47297525,1475,9100437,103102500
721,2021-05-16,ZB,1:남성,2021,01_시즌,당해년도,여름,자켓,싱글재킷,자켓_싱글재킷_ZB,46.32258763238073,69281607,649,13702351,129151000
723,2021-05-16,ZB,1:남성,2021,01_시즌,당해년도,여름,팬츠,반바지,팬츠_반바지_ZB,50.379950376944365,2079874,84,502200,4191600
725,2021-05-16,ZB,4:기타,2021,01_시즌,당해년도,봄,조끼,패딩베스트,조끼_패딩베스트_ZB,85.63818276400208,828246,73,707472,5767000
738,2021-05-23,ZB,1:남성,2021,01_시즌,당해년도,봄,니트 셔츠,라운드,니트 셔츠_라운드_ZB,68.57477953708813,10187815,507,3536390,35439300
739,2021-05-23,ZB,1:남성,2021,01_시즌,당해년도,봄,수트,블레이져(수트),수트_블레이져(수트)_ZB,42.06054284870255,16591871,140,5684354,27860000
740,2021-05-23,ZB,1:남성,2021,01_시즌,당해년도,봄,수트,수트팬츠,수트_수트팬츠_ZB,39.40922288989079,10766538,175,3607608,17325000
741,2021-05-23,ZB,1:남성,2021,01_시즌,당해년도,봄,스웨터,T-에리,스웨터_T-에리_ZB,53.82902902902903,922496,20,196966,1998000
742,2021-05-23,ZB,1:남성,2021,01_시즌,당해년도,봄,스웨터,라운드,스웨터_라운드_ZB,61.196654739480095,872890,24,214295,2287600
743,2021-05-23,ZB,1:남성,2021,01_시즌,당해년도,봄,스웨터,오픈형(CARDIGAN),스웨터_오픈형(CARDIGAN)_ZB,64.04227121117364,5472542,97,1312675,15510300
744,2021-05-23,ZB,1:남성,2021,01_시즌,당해년도,봄,우븐 셔츠,드레스셔츠,우븐 셔츠_드레스셔츠_ZB,76.87614608989769,4703600,291,1725368,20340900
746,2021-05-23,ZB,1:남성,2021,01_시즌,당해년도,봄,점퍼,패딩점퍼,점퍼_패딩점퍼_ZB,18.1106783919598,-651839,-4,-77342,-796000
748,2021-05-23,ZB,1:남성,2021,01_시즌,당해년도,봄,코트,싱글코트,코트_싱글코트_ZB,60.37706381079875,7067000,72,1941694,17928000
749,2021-05-23,ZB,1:남성,2021,01_시즌,당해년도,사계절,니트 셔츠,라운드,니트 셔츠_라운드_ZB,28.2294179832882,4955974,347,1875603,6905300
750,2021-05-23,ZB,1:남성,2021,01_시즌,당해년도,사계절,데님,데님팬츠,데님_데님팬츠_ZB,38.53206286473259,11206873,215,2608548,17178500
751,2021-05-23,ZB,1:남성,2021,01_시즌,당해년도,사계절,수트,블레이져(수트),수트_블레이져(수트)_ZB,37.54099398331016,64715740,530,19270601,105470000
752,2021-05-23,ZB,1:남성,2021,01_시즌,당해년도,사계절,수트,수트팬츠,수트_수트팬츠_ZB,39.96433449723573,35544973,567,10135715,56133000
753,2021-05-23,ZB,1:남성,2021,01_시즌,당해년도,사계절,우븐 셔츠,드레스셔츠,우븐 셔츠_드레스셔츠_ZB,39.833264326693694,44631045,1386,9947275,72891400
754,2021-05-23,ZB,1:남성,2021,01_시즌,당해년도,사계절,자켓,싱글재킷,자켓_싱글재킷_ZB,41.579424902289226,8370500,72,1700502,14328000
756,2021-05-23,ZB,1:남성,2021,01_시즌,당해년도,여름,니트 셔츠,라운드,니트 셔츠_라운드_ZB,67.02165011005135,350852936,23799,113575594,1276552000
758,2021-05-23,ZB,1:남성,2021,01_시즌,당해년도,여름,수트,블레이져(수트),수트_블레이져(수트)_ZB,21.506574394693665,44677210,286,11974498,56914000
759,2021-05-23,ZB,1:남성,2021,01_시즌,당해년도,여름,수트,수트팬츠,수트_수트팬츠_ZB,20.975726250019058,28245550,361,7636077,35739000
760,2021-05-23,ZB,1:남성,2021,01_시즌,당해년도,여름,스웨터,T-에리,스웨터_T-에리_ZB,58.17982504008587,76112211,2028,16947968,182317200
761,2021-05-23,ZB,1:남성,2021,01_시즌,당해년도,여름,스웨터,라운드,스웨터_라운드_ZB,51.56573606375025,13280433,305,2834592,27419500
762,2021-05-23,ZB,1:남성,2021,01_시즌,당해년도,여름,우븐 셔츠,드레스셔츠,우븐 셔츠_드레스셔츠_ZB,59.50709208163109,59487130,2095,12802128,146440500
764,2021-05-23,ZB,1:남성,2021,01_시즌,당해년도,여름,자켓,싱글재킷,자켓_싱글재킷_ZB,44.48845316766481,71869792,652,13769190,129748000
766,2021-05-23,ZB,1:남성,2021,01_시즌,당해년도,여름,팬츠,반바지,팬츠_반바지_ZB,25.585770136595627,24961454,617,4032746,33448300
768,2021-05-23,ZB,4:기타,2021,01_시즌,당해년도,봄,조끼,패딩베스트,조끼_패딩베스트_ZB,85.3132911392405,92820,8,85955,632000
781,2021-05-30,ZB,1:남성,2021,01_시즌,당해년도,봄,니트 셔츠,라운드,니트 셔츠_라운드_ZB,72.4057249659624,4389941,231,1720970,16146900
782,2021-05-30,ZB,1:남성,2021,01_시즌,당해년도,봄,수트,블레이져(수트),수트_블레이져(수트)_ZB,55.91991364014821,31468420,520,20704739,103480000
783,2021-05-30,ZB,1:남성,2021,01_시즌,당해년도,봄,수트,수트팬츠,수트_수트팬츠_ZB,55.55981259354749,17711150,565,11639515,55935000
784,2021-05-30,ZB,1:남성,2021,01_시즌,당해년도,봄,스웨터,T-에리,스웨터_T-에리_ZB,70.13813813813813,208824,7,68939,699300
785,2021-05-30,ZB,1:남성,2021,01_시즌,당해년도,봄,스웨터,라운드,스웨터_라운드_ZB,55.63786979415456,798275,20,168748,1848000
786,2021-05-30,ZB,1:남성,2021,01_시즌,당해년도,봄,스웨터,오픈형(CARDIGAN),스웨터_오픈형(CARDIGAN)_ZB,70.80495958495564,14214990,308,4210038,49249200
787,2021-05-30,ZB,1:남성,2021,01_시즌,당해년도,봄,우븐 셔츠,드레스셔츠,우븐 셔츠_드레스셔츠_ZB,59.25817835002384,2135890,75,444682,5242500
789,2021-05-30,ZB,1:남성,2021,01_시즌,당해년도,봄,점퍼,패딩점퍼,점퍼_패딩점퍼_ZB,59.52261306532663,644400,8,154685,1592000
791,2021-05-30,ZB,1:남성,2021,01_시즌,당해년도,봄,코트,싱글코트,코트_싱글코트_ZB,60.15813253012048,-4761900,-48,-1278499,-11952000
792,2021-05-30,ZB,1:남성,2021,01_시즌,당해년도,사계절,니트 셔츠,라운드,니트 셔츠_라운드_ZB,30.83660669761019,3606041,262,1416162,5213800
793,2021-05-30,ZB,1:남성,2021,01_시즌,당해년도,사계절,데님,데님팬츠,데님_데님팬츠_ZB,32.77294128050088,8649415,159,1925579,12704100
794,2021-05-30,ZB,1:남성,2021,01_시즌,당해년도,사계절,수트,블레이져(수트),수트_블레이져(수트)_ZB,39.57585823673561,66112542,639,23586492,127161000
795,2021-05-30,ZB,1:남성,2021,01_시즌,당해년도,사계절,수트,수트팬츠,수트_수트팬츠_ZB,38.73692123345064,45228628,835,15465368,82665000
796,2021-05-30,ZB,1:남성,2021,01_시즌,당해년도,사계절,우븐 셔츠,드레스셔츠,우븐 셔츠_드레스셔츠_ZB,39.506239658668434,38774278,1177,8485012,63212300
797,2021-05-30,ZB,1:남성,2021,01_시즌,당해년도,사계절,자켓,싱글재킷,자켓_싱글재킷_ZB,42.01995894967797,8192000,71,1676884,14129000
799,2021-05-30,ZB,1:남성,2021,01_시즌,당해년도,여름,니트 셔츠,라운드,니트 셔츠_라운드_ZB,66.38894693276319,291945768,22000,91947689,1146460600
801,2021-05-30,ZB,1:남성,2021,01_시즌,당해년도,여름,수트,블레이져(수트),수트_블레이져(수트)_ZB,20.786656519690226,39607715,244,10071610,48556000
802,2021-05-30,ZB,1:남성,2021,01_시즌,당해년도,여름,수트,수트팬츠,수트_수트팬츠_ZB,19.99223561818869,32635335,388,8181619,38412000
803,2021-05-30,ZB,1:남성,2021,01_시즌,당해년도,여름,스웨터,T-에리,스웨터_T-에리_ZB,60.21805109889191,74199048,2131,17696643,191576900
804,2021-05-30,ZB,1:남성,2021,01_시즌,당해년도,여름,스웨터,라운드,스웨터_라운드_ZB,49.7630235538431,11877880,263,2443947,23643700
805,2021-05-30,ZB,1:남성,2021,01_시즌,당해년도,여름,우븐 셔츠,드레스셔츠,우븐 셔츠_드레스셔츠_ZB,59.87882899929923,44695719,1602,9819897,111979800
807,2021-05-30,ZB,1:남성,2021,01_시즌,당해년도,여름,자켓,싱글재킷,자켓_싱글재킷_ZB,45.20583647403685,61135510,560,11820046,111440000
809,2021-05-30,ZB,1:남성,2021,01_시즌,당해년도,여름,팬츠,반바지,팬츠_반바지_ZB,65.85369419567178,-2228828,96,543615,4520400
811,2021-05-30,ZB,4:기타,2021,01_시즌,당해년도,봄,조끼,패딩베스트,조끼_패딩베스트_ZB,84.15976491862568,175193,14,132327,1106000
824,2021-06-06,ZB,1:남성,2021,01_시즌,당해년도,사계절,니트 셔츠,라운드,니트 셔츠_라운드_ZB,27.79983650308961,3002877,209,1129686,4159100
825,2021-06-06,ZB,1:남성,2021,01_시즌,당해년도,사계절,데님,데님팬츠,데님_데님팬츠_ZB,40.90416416879643,7313442,143,1433868,11425700
826,2021-06-06,ZB,1:남성,2021,01_시즌,당해년도,사계절,수트,블레이져(수트),수트_블레이져(수트)_ZB,31.701714233825435,39936766,268,9659796,53332000
827,2021-06-06,ZB,1:남성,2021,01_시즌,당해년도,사계절,수트,수트팬츠,수트_수트팬츠_ZB,26.48786818519823,22488162,237,4200186,23463000
828,2021-06-06,ZB,1:남성,2021,01_시즌,당해년도,사계절,우븐 셔츠,드레스셔츠,우븐 셔츠_드레스셔츠_ZB,41.94299359282639,40762177,1291,9350895,68970900
829,2021-06-06,ZB,1:남성,2021,01_시즌,당해년도,사계절,자켓,싱글재킷,자켓_싱글재킷_ZB,41.64663899206176,8012500,69,1629648,13731000
831,2021-06-06,ZB,1:남성,2021,01_시즌,당해년도,여름,니트 셔츠,라운드,니트 셔츠_라운드_ZB,64.51450932999231,314524188,17333,89127238,949685700
833,2021-06-06,ZB,1:남성,2021,01_시즌,당해년도,여름,수트,블레이져(수트),수트_블레이져(수트)_ZB,17.551325864375322,43992581,259,10630795,51541000
834,2021-06-06,ZB,1:남성,2021,01_시즌,당해년도,여름,수트,수트팬츠,수트_수트팬츠_ZB,15.233286990866208,3755735,82,1857119,8118000
835,2021-06-06,ZB,1:남성,2021,01_시즌,당해년도,여름,스웨터,T-에리,스웨터_T-에리_ZB,51.784690175968336,72415065,1674,14468072,150492600
836,2021-06-06,ZB,1:남성,2021,01_시즌,당해년도,여름,스웨터,라운드,스웨터_라운드_ZB,53.43122092729296,14736597,352,3270209,31644800
837,2021-06-06,ZB,1:남성,2021,01_시즌,당해년도,여름,우븐 셔츠,드레스셔츠,우븐 셔츠_드레스셔츠_ZB,61.81060249269573,87352014,3368,20700122,235423200
839,2021-06-06,ZB,1:남성,2021,01_시즌,당해년도,여름,자켓,싱글재킷,자켓_싱글재킷_ZB,43.35210639199754,62668690,556,11744674,110644000
841,2021-06-06,ZB,1:남성,2021,01_시즌,당해년도,여름,팬츠,반바지,팬츠_반바지_ZB,47.67457962034944,10538860,392,2655194,20830800
843,2021-06-06,ZB,1:남성,2021,02_이월,당해년도,봄,니트 셔츠,라운드,니트 셔츠_라운드_ZB,54.09536340138106,608149,139,836081,9716100
844,2021-06-06,ZB,1:남성,2021,02_이월,당해년도,봄,수트,블레이져(수트),수트_블레이져(수트)_ZB,-35.59203367821458,3132409,-27,-1016590,-5373000
845,2021-06-06,ZB,1:남성,2021,02_이월,당해년도,봄,수트,수트팬츠,수트_수트팬츠_ZB,48.89629279811098,4003029,12,276696,1188000
846,2021-06-06,ZB,1:남성,2021,02_이월,당해년도,봄,스웨터,T-에리,스웨터_T-에리_ZB,-inf,21836,0,1,0
847,2021-06-06,ZB,1:남성,2021,02_이월,당해년도,봄,스웨터,라운드,스웨터_라운드_ZB,69.6284186021394,712650,23,202122,2147700
848,2021-06-06,ZB,1:남성,2021,02_이월,당해년도,봄,스웨터,오픈형(CARDIGAN),스웨터_오픈형(CARDIGAN)_ZB,68.57746101906912,3307295,61,814869,9753900
849,2021-06-06,ZB,1:남성,2021,02_이월,당해년도,봄,우븐 셔츠,드레스셔츠,우븐 셔츠_드레스셔츠_ZB,58.51216022889842,4292000,148,877507,10345200
851,2021-06-06,ZB,1:남성,2021,02_이월,당해년도,봄,점퍼,패딩점퍼,점퍼_패딩점퍼_ZB,61.02943287867911,542860,7,135349,1393000
853,2021-06-06,ZB,1:남성,2021,02_이월,당해년도,봄,코트,싱글코트,코트_싱글코트_ZB,85.28313253012048,455100,-8,-215500,-1992000
854,2021-06-06,ZB,4:기타,2021,02_이월,당해년도,봄,조끼,패딩베스트,조끼_패딩베스트_ZB,-24.424050632911392,-98295,-1,-891,-79000
867,2021-06-13,ZB,1:남성,2021,01_시즌,당해년도,사계절,니트 셔츠,라운드,니트 셔츠_라운드_ZB,35.60664746955752,3421412,267,1443188,5313300
868,2021-06-13,ZB,1:남성,2021,01_시즌,당해년도,사계절,데님,데님팬츠,데님_데님팬츠_ZB,32.70056320400501,8211796,148,1436651,11825200
869,2021-06-13,ZB,1:남성,2021,01_시즌,당해년도,사계절,수트,블레이져(수트),수트_블레이져(수트)_ZB,35.76503350182035,210464249,1347,46594174,314733000
870,2021-06-13,ZB,1:남성,2021,01_시즌,당해년도,사계절,수트,수트팬츠,수트_수트팬츠_ZB,35.1658013891625,150014320,1734,29252320,217986000
871,2021-06-13,ZB,1:남성,2021,01_시즌,당해년도,사계절,우븐 셔츠,드레스셔츠,우븐 셔츠_드레스셔츠_ZB,43.2347932241847,51897340,1686,12134775,90661400
872,2021-06-13,ZB,1:남성,2021,01_시즌,당해년도,사계절,자켓,싱글재킷,자켓_싱글재킷_ZB,43.17444364680546,3957900,35,826633,6965000
874,2021-06-13,ZB,1:남성,2021,01_시즌,당해년도,여름,니트 셔츠,라운드,니트 셔츠_라운드_ZB,68.38062110543238,390552138,27478,124182820,1453372900
876,2021-06-13,ZB,1:남성,2021,01_시즌,당해년도,여름,수트,블레이져(수트),수트_블레이져(수트)_ZB,9.605747653611974,-9589885,-33,-1015747,-6567000
877,2021-06-13,ZB,1:남성,2021,01_시즌,당해년도,여름,수트,수트팬츠,수트_수트팬츠_ZB,16.05131337888691,10736885,131,2818048,12969000
878,2021-06-13,ZB,1:남성,2021,01_시즌,당해년도,여름,스웨터,T-에리,스웨터_T-에리_ZB,55.42999312299294,94274993,2420,19486765,217558000
879,2021-06-13,ZB,1:남성,2021,01_시즌,당해년도,여름,스웨터,라운드,스웨터_라운드_ZB,52.36282651221664,9935590,232,2154721,20856800
880,2021-06-13,ZB,1:남성,2021,01_시즌,당해년도,여름,우븐 셔츠,드레스셔츠,우븐 셔츠_드레스셔츠_ZB,64.59089259148791,82752681,3346,19768452,233885400
882,2021-06-13,ZB,1:남성,2021,01_시즌,당해년도,여름,자켓,싱글재킷,자켓_싱글재킷_ZB,47.72980608546244,54581150,524,11058675,104276000
884,2021-06-13,ZB,1:남성,2021,01_시즌,당해년도,여름,팬츠,반바지,팬츠_반바지_ZB,55.53282456900922,26654700,1101,7474150,58449900
886,2021-06-13,ZB,1:남성,2021,02_이월,당해년도,봄,니트 셔츠,라운드,니트 셔츠_라운드_ZB,71.65461001704828,3844299,204,1469285,14259600
887,2021-06-13,ZB,1:남성,2021,02_이월,당해년도,봄,수트,블레이져(수트),수트_블레이져(수트)_ZB,27.453723161260847,3197720,12,515480,2388000
888,2021-06-13,ZB,1:남성,2021,02_이월,당해년도,봄,수트,수트팬츠,수트_수트팬츠_ZB,-inf,2655760,27,563832,2673000
889,2021-06-13,ZB,1:남성,2021,02_이월,당해년도,봄,스웨터,T-에리,스웨터_T-에리_ZB,67.5905905905906,679917,21,206816,2097900
890,2021-06-13,ZB,1:남성,2021,02_이월,당해년도,봄,스웨터,라운드,스웨터_라운드_ZB,60.74156439103603,1430603,38,335478,3536200
891,2021-06-13,ZB,1:남성,2021,02_이월,당해년도,봄,스웨터,오픈형(CARDIGAN),스웨터_오픈형(CARDIGAN)_ZB,60.74308478271893,1981725,41,552789,6555900
892,2021-06-13,ZB,1:남성,2021,02_이월,당해년도,봄,우븐 셔츠,드레스셔츠,우븐 셔츠_드레스셔츠_ZB,58.68834359644213,2656670,92,545477,6430800
894,2021-06-13,ZB,1:남성,2021,02_이월,당해년도,봄,점퍼,패딩점퍼,점퍼_패딩점퍼_ZB,66.44641062455133,934803,14,270698,2786000
896,2021-06-13,ZB,1:남성,2021,02_이월,당해년도,봄,코트,싱글코트,코트_싱글코트_ZB,69.61501177122283,553600,30,797876,7470000
897,2021-06-13,ZB,4:기타,2021,02_이월,당해년도,봄,조끼,패딩베스트,조끼_패딩베스트_ZB,83.62389240506329,206994,16,157719,1264000
910,2021-06-20,ZB,1:남성,2021,01_시즌,당해년도,사계절,니트 셔츠,라운드,니트 셔츠_라운드_ZB,36.52769947297463,3107223,246,1329678,4895400
911,2021-06-20,ZB,1:남성,2021,01_시즌,당해년도,사계절,데님,데님팬츠,데님_데님팬츠_ZB,53.80516445082169,6395917,172,1738531,13742800
912,2021-06-20,ZB,1:남성,2021,01_시즌,당해년도,사계절,수트,블레이져(수트),수트_블레이져(수트)_ZB,-18.2679981142182,142187307,1009,34771946,238511000
913,2021-06-20,ZB,1:남성,2021,01_시즌,당해년도,사계절,수트,수트팬츠,수트_수트팬츠_ZB,38.66663101352463,81395846,1115,18808241,140295000
914,2021-06-20,ZB,1:남성,2021,01_시즌,당해년도,사계절,우븐 셔츠,드레스셔츠,우븐 셔츠_드레스셔츠_ZB,41.7293023120498,53754064,1687,12169409,91861300
915,2021-06-20,ZB,1:남성,2021,01_시즌,당해년도,사계절,자켓,싱글재킷,자켓_싱글재킷_ZB,43.19232526267702,2487040,22,519598,4378000
917,2021-06-20,ZB,1:남성,2021,01_시즌,당해년도,여름,니트 셔츠,라운드,니트 셔츠_라운드_ZB,72.03336240049299,420024963,34646,152132568,1828596000
919,2021-06-20,ZB,1:남성,2021,01_시즌,당해년도,여름,수트,블레이져(수트),수트_블레이져(수트)_ZB,-inf,10692282,65,2827080,12935000
920,2021-06-20,ZB,1:남성,2021,01_시즌,당해년도,여름,수트,수트팬츠,수트_수트팬츠_ZB,-0.095569153235391,8289718,95,2094455,9405000
921,2021-06-20,ZB,1:남성,2021,01_시즌,당해년도,여름,스웨터,T-에리,스웨터_T-에리_ZB,62.15749888019616,57353412,1672,13505215,150312800
922,2021-06-20,ZB,1:남성,2021,01_시즌,당해년도,여름,스웨터,라운드,스웨터_라운드_ZB,66.99097697204932,5578921,188,1745523,16901200
923,2021-06-20,ZB,1:남성,2021,01_시즌,당해년도,여름,우븐 셔츠,드레스셔츠,우븐 셔츠_드레스셔츠_ZB,70.23771368075411,98215756,4766,28866483,333143400
925,2021-06-20,ZB,1:남성,2021,01_시즌,당해년도,여름,자켓,싱글재킷,자켓_싱글재킷_ZB,60.52673523980451,50286294,641,13533200,127559000
927,2021-06-20,ZB,1:남성,2021,01_시즌,당해년도,여름,팬츠,반바지,팬츠_반바지_ZB,63.21960825042567,57533144,2911,19665800,154098900
929,2021-06-20,ZB,1:남성,2021,02_이월,당해년도,봄,니트 셔츠,라운드,니트 셔츠_라운드_ZB,20.0690702856538,1493530,65,461867,4543500
930,2021-06-20,ZB,1:남성,2021,02_이월,당해년도,봄,수트,블레이져(수트),수트_블레이져(수트)_ZB,-inf,1146690,8,308629,1592000
931,2021-06-20,ZB,1:남성,2021,02_이월,당해년도,봄,수트,수트팬츠,수트_수트팬츠_ZB,194.15322455322456,820820,7,151817,693000
932,2021-06-20,ZB,1:남성,2021,02_이월,당해년도,봄,스웨터,T-에리,스웨터_T-에리_ZB,60.728853853853856,627710,16,157574,1598400
933,2021-06-20,ZB,1:남성,2021,02_이월,당해년도,봄,스웨터,라운드,스웨터_라운드_ZB,130.0243701464993,-1907594,-10,-173945,-1239000
934,2021-06-20,ZB,1:남성,2021,02_이월,당해년도,봄,스웨터,오픈형(CARDIGAN),스웨터_오픈형(CARDIGAN)_ZB,62.878763512909856,894992,15,201352,2398500
935,2021-06-20,ZB,1:남성,2021,02_이월,당해년도,봄,우븐 셔츠,드레스셔츠,우븐 셔츠_드레스셔츠_ZB,60.6896406631322,1868500,68,403179,4753200
937,2021-06-20,ZB,1:남성,2021,02_이월,당해년도,봄,점퍼,패딩점퍼,점퍼_패딩점퍼_ZB,77.65019836022216,845046,19,367376,3781000
939,2021-06-20,ZB,1:남성,2021,02_이월,당해년도,봄,코트,싱글코트,코트_싱글코트_ZB,98.72991967871484,-122100,36,943357,8964000
940,2021-06-20,ZB,4:기타,2021,02_이월,당해년도,봄,조끼,패딩베스트,조끼_패딩베스트_ZB,84.17440225035162,112520,9,92068,711000
953,2021-06-27,ZB,1:남성,2021,01_시즌,당해년도,사계절,니트 셔츠,라운드,니트 셔츠_라운드_ZB,25.7800009220414,1609906,109,589166,2169100
954,2021-06-27,ZB,1:남성,2021,01_시즌,당해년도,사계절,데님,데님팬츠,데님_데님팬츠_ZB,31.00046600804197,6217208,102,941770,8149800
955,2021-06-27,ZB,1:남성,2021,01_시즌,당해년도,사계절,수트,블레이져(수트),수트_블레이져(수트)_ZB,35.40738347095627,108589613,807,27936601,190873000
956,2021-06-27,ZB,1:남성,2021,01_시즌,당해년도,사계절,수트,수트팬츠,수트_수트팬츠_ZB,34.153451936324124,65486725,906,15330124,114384000
957,2021-06-27,ZB,1:남성,2021,01_시즌,당해년도,사계절,우븐 셔츠,드레스셔츠,우븐 셔츠_드레스셔츠_ZB,42.50221021359354,48633996,1543,11223521,85915700
958,2021-06-27,ZB,1:남성,2021,01_시즌,당해년도,사계절,자켓,싱글재킷,자켓_싱글재킷_ZB,46.41523406506215,2026040,19,448744,3781000
960,2021-06-27,ZB,1:남성,2021,01_시즌,당해년도,여름,니트 셔츠,라운드,니트 셔츠_라운드_ZB,71.63468113341305,352648004,27810,127525215,1485850100
962,2021-06-27,ZB,1:남성,2021,01_시즌,당해년도,여름,수트,블레이져(수트),수트_블레이져(수트)_ZB,17.58950997497943,19357171,124,5304772,24676000
963,2021-06-27,ZB,1:남성,2021,01_시즌,당해년도,여름,수트,수트팬츠,수트_수트팬츠_ZB,18.882454986420715,11693299,152,3308939,15048000
964,2021-06-27,ZB,1:남성,2021,01_시즌,당해년도,여름,스웨터,T-에리,스웨터_T-에리_ZB,60.05989667905541,72708187,2022,16432036,181777800
965,2021-06-27,ZB,1:남성,2021,01_시즌,당해년도,여름,스웨터,라운드,스웨터_라운드_ZB,59.97596957513314,6440707,179,1662387,16092100
966,2021-06-27,ZB,1:남성,2021,01_시즌,당해년도,여름,우븐 셔츠,드레스셔츠,우븐 셔츠_드레스셔츠_ZB,70.28325232354054,86697440,4234,25882951,295956600
968,2021-06-27,ZB,1:남성,2021,01_시즌,당해년도,여름,자켓,싱글재킷,자켓_싱글재킷_ZB,58.314587755794896,77141643,930,19655063,185070000
970,2021-06-27,ZB,1:남성,2021,01_시즌,당해년도,여름,팬츠,반바지,팬츠_반바지_ZB,63.92270215061826,53186194,2712,18763952,145288800
972,2021-06-27,ZB,1:남성,2021,02_이월,당해년도,봄,니트 셔츠,라운드,니트 셔츠_라운드_ZB,69.64733474929103,3031589,169,1149652,11813100
973,2021-06-27,ZB,1:남성,2021,02_이월,당해년도,봄,수트,블레이져(수트),수트_블레이져(수트)_ZB,51.93637099973552,7126070,81,3269507,16119000
974,2021-06-27,ZB,1:남성,2021,02_이월,당해년도,봄,수트,수트팬츠,수트_수트팬츠_ZB,54.03193176352268,3762960,92,1910690,9108000
975,2021-06-27,ZB,1:남성,2021,02_이월,당해년도,봄,스웨터,T-에리,스웨터_T-에리_ZB,74.17028567028566,670901,26,256058,2597400
976,2021-06-27,ZB,1:남성,2021,02_이월,당해년도,봄,스웨터,라운드,스웨터_라운드_ZB,33.0622149812127,1667272,29,276945,2797100
977,2021-06-27,ZB,1:남성,2021,02_이월,당해년도,봄,스웨터,오픈형(CARDIGAN),스웨터_오픈형(CARDIGAN)_ZB,79.45437209731492,2471000,69,932730,11033100
978,2021-06-27,ZB,1:남성,2021,02_이월,당해년도,봄,우븐 셔츠,드레스셔츠,우븐 셔츠_드레스셔츠_ZB,62.46824910221599,2571000,98,581052,6850200
980,2021-06-27,ZB,1:남성,2021,02_이월,당해년도,봄,점퍼,패딩점퍼,점퍼_패딩점퍼_ZB,65.597272074659,479230,7,135349,1393000
982,2021-06-27,ZB,1:남성,2021,02_이월,당해년도,봄,코트,싱글코트,코트_싱글코트_ZB,70.08032128514057,1438000,17,445890,4233000
983,2021-06-27,ZB,4:기타,2021,02_이월,당해년도,봄,조끼,패딩베스트,조끼_패딩베스트_ZB,85.65585443037975,90655,8,89450,632000
996,2021-07-04,ZB,1:남성,2021,01_시즌,당해년도,사계절,니트 셔츠,라운드,니트 셔츠_라운드_ZB,18.807271652379544,1373375,85,459442,1691500
997,2021-07-04,ZB,1:남성,2021,01_시즌,당해년도,사계절,데님,데님팬츠,데님_데님팬츠_ZB,27.45079729632585,6423336,104,1231163,8309600
998,2021-07-04,ZB,1:남성,2021,01_시즌,당해년도,사계절,수트,블레이져(수트),수트_블레이져(수트)_ZB,46.60194683815621,146672127,1087,37663061,254833000
999,2021-07-04,ZB,1:남성,2021,01_시즌,당해년도,사계절,수트,수트팬츠,수트_수트팬츠_ZB,47.385293127929856,91753325,1256,21421660,157374000
1000,2021-07-04,ZB,1:남성,2021,01_시즌,당해년도,사계절,우븐 셔츠,드레스셔츠,우븐 셔츠_드레스셔츠_ZB,45.87388821626295,53756659,1750,12743371,96725000
1001,2021-07-04,ZB,1:남성,2021,01_시즌,당해년도,사계절,자켓,싱글재킷,자켓_싱글재킷_ZB,42.106532663316585,1728120,15,354271,2985000
1003,2021-07-04,ZB,1:남성,2021,01_시즌,당해년도,여름,니트 셔츠,라운드,니트 셔츠_라운드_ZB,69.94827889079991,432865583,38139,146848110,1915474500
1005,2021-07-04,ZB,1:남성,2021,01_시즌,당해년도,여름,수트,블레이져(수트),수트_블레이져(수트)_ZB,24.25217274110014,12791480,87,3701881,17313000
1006,2021-07-04,ZB,1:남성,2021,01_시즌,당해년도,여름,수트,수트팬츠,수트_수트팬츠_ZB,23.837625555272613,8363880,112,2419438,11088000
1007,2021-07-04,ZB,1:남성,2021,01_시즌,당해년도,여름,스웨터,T-에리,스웨터_T-에리_ZB,59.972351837199405,73779396,2078,16343021,186812200
1008,2021-07-04,ZB,1:남성,2021,01_시즌,당해년도,여름,스웨터,라운드,스웨터_라운드_ZB,61.332058631878944,5874859,169,1570102,15193100
1009,2021-07-04,ZB,1:남성,2021,01_시즌,당해년도,여름,우븐 셔츠,드레스셔츠,우븐 셔츠_드레스셔츠_ZB,71.59529030492278,71447828,3594,21710471,251220600
1011,2021-07-04,ZB,1:남성,2021,01_시즌,당해년도,여름,자켓,싱글재킷,자켓_싱글재킷_ZB,70.43402682617656,19114451,286,6019115,56914000
1013,2021-07-04,ZB,1:남성,2021,01_시즌,당해년도,여름,팬츠,반바지,팬츠_반바지_ZB,56.09307664742226,40031736,1680,11697488,90202000
1015,2021-07-04,ZB,1:남성,2021,02_이월,당해년도,봄,니트 셔츠,라운드,니트 셔츠_라운드_ZB,86.35231513589355,3401321,327,2214589,22857300
1016,2021-07-04,ZB,1:남성,2021,02_이월,당해년도,봄,수트,블레이져(수트),수트_블레이져(수트)_ZB,52.8357247873249,3081180,61,2408689,12139000
1017,2021-07-04,ZB,1:남성,2021,02_이월,당해년도,봄,수트,수트팬츠,수트_수트팬츠_ZB,56.2013782957783,3648354,98,2021355,9702000
1018,2021-07-04,ZB,1:남성,2021,02_이월,당해년도,봄,스웨터,T-에리,스웨터_T-에리_ZB,89.30864197530865,-128168,-12,-118180,-1198800
1019,2021-07-04,ZB,1:남성,2021,02_이월,당해년도,봄,스웨터,라운드,스웨터_라운드_ZB,56.49491969655544,-1245756,-32,-278542,-2966800
1020,2021-07-04,ZB,1:남성,2021,02_이월,당해년도,봄,스웨터,오픈형(CARDIGAN),스웨터_오픈형(CARDIGAN)_ZB,72.84761309151553,-323000,-1,-3715,-159900
1021,2021-07-04,ZB,1:남성,2021,02_이월,당해년도,봄,우븐 셔츠,드레스셔츠,우븐 셔츠_드레스셔츠_ZB,59.60038149737721,2117950,75,444682,5242500
1023,2021-07-04,ZB,1:남성,2021,02_이월,당해년도,봄,점퍼,패딩점퍼,점퍼_패딩점퍼_ZB,82.9324120603015,135858,4,77342,796000
1025,2021-07-04,ZB,1:남성,2021,02_이월,당해년도,봄,코트,싱글코트,코트_싱글코트_ZB,60.7429718875502,1564000,16,426315,3984000
1026,2021-07-04,ZB,4:기타,2021,02_이월,당해년도,봄,조끼,패딩베스트,조끼_패딩베스트_ZB,96.1487341772152,18255,6,70816,474000
1039,2021-07-11,ZB,1:남성,2021,01_시즌,당해년도,가을,니트 셔츠,라운드,니트 셔츠_라운드_ZB,0.0,0,0,0,0
1040,2021-07-11,ZB,1:남성,2021,01_시즌,당해년도,가을,수트,블레이져(수트),수트_블레이져(수트)_ZB,1.7465590887517797,44645200,190,6762933,45410000
1041,2021-07-11,ZB,1:남성,2021,01_시즌,당해년도,가을,수트,수트팬츠,수트_수트팬츠_ZB,1.246135821203303,36292200,285,5271964,36765000
1043,2021-07-11,ZB,1:남성,2021,01_시즌,당해년도,사계절,니트 셔츠,라운드,니트 셔츠_라운드_ZB,27.711111111111112,1294694,90,486468,1791000
1044,2021-07-11,ZB,1:남성,2021,01_시즌,당해년도,사계절,데님,데님팬츠,데님_데님팬츠_ZB,34.070013781271534,9440141,188,2292394,15021200
1045,2021-07-11,ZB,1:남성,2021,01_시즌,당해년도,사계절,수트,블레이져(수트),수트_블레이져(수트)_ZB,33.369035332466474,104219156,738,25373686,173702000
1046,2021-07-11,ZB,1:남성,2021,01_시즌,당해년도,사계절,수트,수트팬츠,수트_수트팬츠_ZB,35.84757086906159,55976539,759,12607728,95541000
1047,2021-07-11,ZB,1:남성,2021,01_시즌,당해년도,사계절,우븐 셔츠,드레스셔츠,우븐 셔츠_드레스셔츠_ZB,43.39889938204325,40542138,1361,9916853,76073900
1048,2021-07-11,ZB,1:남성,2021,01_시즌,당해년도,사계절,자켓,싱글재킷,자켓_싱글재킷_ZB,44.83958252802474,1427000,13,307035,2587000
1051,2021-07-11,ZB,1:남성,2021,01_시즌,당해년도,여름,니트 셔츠,라운드,니트 셔츠_라운드_ZB,72.47235717596043,296969185,26256,110159487,1335256700
1053,2021-07-11,ZB,1:남성,2021,01_시즌,당해년도,여름,수트,블레이져(수트),수트_블레이져(수트)_ZB,-26.973648946486826,4098265,23,908271,4577000
1054,2021-07-11,ZB,1:남성,2021,01_시즌,당해년도,여름,수트,수트팬츠,수트_수트팬츠_ZB,20.50485209235209,4161155,53,1125066,5247000
1055,2021-07-11,ZB,1:남성,2021,01_시즌,당해년도,여름,스웨터,T-에리,스웨터_T-에리_ZB,63.21466464374183,40048054,1278,10018573,114892200
1056,2021-07-11,ZB,1:남성,2021,01_시즌,당해년도,여름,스웨터,라운드,스웨터_라운드_ZB,54.81792820947437,2558977,63,585177,5663700
1057,2021-07-11,ZB,1:남성,2021,01_시즌,당해년도,여름,우븐 셔츠,드레스셔츠,우븐 셔츠_드레스셔츠_ZB,78.41796002236684,69270432,4451,27326001,311124900
1059,2021-07-11,ZB,1:남성,2021,01_시즌,당해년도,여름,자켓,싱글재킷,자켓_싱글재킷_ZB,61.16845216420266,30189619,391,8256450,77809000
1061,2021-07-11,ZB,1:남성,2021,01_시즌,당해년도,여름,팬츠,반바지,팬츠_반바지_ZB,60.00280412709183,53795994,2448,18434270,135445200
1063,2021-07-11,ZB,1:남성,2021,02_이월,당해년도,봄,니트 셔츠,라운드,니트 셔츠_라운드_ZB,69.63717350504692,1694476,85,608179,5941500
1064,2021-07-11,ZB,1:남성,2021,02_이월,당해년도,봄,수트,블레이져(수트),수트_블레이져(수트)_ZB,46.230268992018914,4242960,56,2240034,11144000
1065,2021-07-11,ZB,1:남성,2021,02_이월,당해년도,봄,수트,수트팬츠,수트_수트팬츠_ZB,inf,2716810,67,1409270,6633000
1066,2021-07-11,ZB,1:남성,2021,02_이월,당해년도,봄,스웨터,T-에리,스웨터_T-에리_ZB,78.82312312312312,211557,10,98482,999000
1067,2021-07-11,ZB,1:남성,2021,02_이월,당해년도,봄,스웨터,라운드,스웨터_라운드_ZB,-inf,270029,8,58397,719200
1068,2021-07-11,ZB,1:남성,2021,02_이월,당해년도,봄,스웨터,오픈형(CARDIGAN),스웨터_오픈형(CARDIGAN)_ZB,66.96042665554862,590945,10,134872,1599000
1069,2021-07-11,ZB,1:남성,2021,02_이월,당해년도,봄,우븐 셔츠,드레스셔츠,우븐 셔츠_드레스셔츠_ZB,58.44329852881515,1946225,67,397250,4683300
1071,2021-07-11,ZB,1:남성,2021,02_이월,당해년도,봄,점퍼,패딩점퍼,점퍼_패딩점퍼_ZB,37.3353844695174,6609237,53,1024785,10547000
1073,2021-07-11,ZB,1:남성,2021,02_이월,당해년도,봄,코트,싱글코트,코트_싱글코트_ZB,66.96014828544949,1383000,17,447900,4233000
1074,2021-07-11,ZB,4:기타,2021,02_이월,당해년도,봄,조끼,패딩베스트,조끼_패딩베스트_ZB,91.23481012658227,69245,10,108163,790000
1089,2021-07-18,ZB,1:남성,2021,01_시즌,당해년도,가을,니트 셔츠,라운드,니트 셔츠_라운드_ZB,20.0,3131520,56,466312,3914400
1090,2021-07-18,ZB,1:남성,2021,01_시즌,당해년도,가을,수트,블레이져(수트),수트_블레이져(수트)_ZB,36.52955709898751,38257745,224,7934223,53536000
1091,2021-07-18,ZB,1:남성,2021,01_시즌,당해년도,가을,수트,수트팬츠,수트_수트팬츠_ZB,165.5886491003485,18695141,223,4061995,28767000
1094,2021-07-18,ZB,1:남성,2021,01_시즌,당해년도,사계절,니트 셔츠,라운드,니트 셔츠_라운드_ZB,35.74036850921273,1534520,120,648624,2388000
1095,2021-07-18,ZB,1:남성,2021,01_시즌,당해년도,사계절,데님,데님팬츠,데님_데님팬츠_ZB,21.5723821443471,7738561,153,1865820,12224700
1096,2021-07-18,ZB,1:남성,2021,01_시즌,당해년도,사계절,수트,블레이져(수트),수트_블레이져(수트)_ZB,35.07591652319415,78323740,533,18339527,125667000
1097,2021-07-18,ZB,1:남성,2021,01_시즌,당해년도,사계절,수트,수트팬츠,수트_수트팬츠_ZB,34.08594602546553,49550440,610,10267739,77160000
1098,2021-07-18,ZB,1:남성,2021,01_시즌,당해년도,사계절,우븐 셔츠,드레스셔츠,우븐 셔츠_드레스셔츠_ZB,42.66807130147,37544433,1215,8738334,65268500
1099,2021-07-18,ZB,1:남성,2021,01_시즌,당해년도,사계절,자켓,싱글재킷,자켓_싱글재킷_ZB,43.56397371472748,1460000,13,307035,2587000
1102,2021-07-18,ZB,1:남성,2021,01_시즌,당해년도,여름,니트 셔츠,라운드,니트 셔츠_라운드_ZB,72.80721979923241,345055119,31388,126339203,1635582700
1104,2021-07-18,ZB,1:남성,2021,01_시즌,당해년도,여름,수트,블레이져(수트),수트_블레이져(수트)_ZB,27.356172099815318,8091134,54,2256869,10746000
1105,2021-07-18,ZB,1:남성,2021,01_시즌,당해년도,여름,수트,수트팬츠,수트_수트팬츠_ZB,24.63090631590632,3993416,51,1080421,5049000
1106,2021-07-18,ZB,1:남성,2021,01_시즌,당해년도,여름,스웨터,T-에리,스웨터_T-에리_ZB,63.03885262271794,47823296,1445,11596319,129905500
1107,2021-07-18,ZB,1:남성,2021,01_시즌,당해년도,여름,스웨터,라운드,스웨터_라운드_ZB,61.34241750092696,2502228,72,668387,6472800
1108,2021-07-18,ZB,1:남성,2021,01_시즌,당해년도,여름,우븐 셔츠,드레스셔츠,우븐 셔츠_드레스셔츠_ZB,77.04836534360732,65727688,4095,24684178,286240500
1110,2021-07-18,ZB,1:남성,2021,01_시즌,당해년도,여름,자켓,싱글재킷,자켓_싱글재킷_ZB,60.63230201540503,17482727,223,4705806,44377000
1112,2021-07-18,ZB,1:남성,2021,01_시즌,당해년도,여름,팬츠,반바지,팬츠_반바지_ZB,60.88382628663695,70941753,3251,25014184,181494900
1114,2021-07-18,ZB,1:남성,2021,02_이월,당해년도,봄,니트 셔츠,라운드,니트 셔츠_라운드_ZB,65.03448378636146,647969,35,244437,2446500
1115,2021-07-18,ZB,1:남성,2021,02_이월,당해년도,봄,수트,블레이져(수트),수트_블레이져(수트)_ZB,-inf,1154660,8,320448,1592000
1116,2021-07-18,ZB,1:남성,2021,02_이월,당해년도,봄,수트,수트팬츠,수트_수트팬츠_ZB,56.24713804713805,735680,10,205972,990000
1117,2021-07-18,ZB,1:남성,2021,02_이월,당해년도,봄,스웨터,T-에리,스웨터_T-에리_ZB,77.47747747747748,135000,6,59090,599400
1118,2021-07-18,ZB,1:남성,2021,02_이월,당해년도,봄,스웨터,라운드,스웨터_라운드_ZB,72.46624918260068,241952,10,84652,929000
1119,2021-07-18,ZB,1:남성,2021,02_이월,당해년도,봄,스웨터,오픈형(CARDIGAN),스웨터_오픈형(CARDIGAN)_ZB,71.39339691473837,1491614,32,440791,5116800
1120,2021-07-18,ZB,1:남성,2021,02_이월,당해년도,봄,우븐 셔츠,드레스셔츠,우븐 셔츠_드레스셔츠_ZB,60.73756159593069,1235000,45,266809,3145500
1122,2021-07-18,ZB,1:남성,2021,02_이월,당해년도,봄,점퍼,패딩점퍼,점퍼_패딩점퍼_ZB,27.261306532663315,-5790000,-40,-773423,-7960000
1124,2021-07-18,ZB,1:남성,2021,02_이월,당해년도,봄,코트,싱글코트,코트_싱글코트_ZB,67.8268630075859,1205000,15,391685,3735000
1125,2021-07-18,ZB,4:기타,2021,02_이월,당해년도,봄,조끼,패딩베스트,조끼_패딩베스트_ZB,84.34303797468354,259749,21,236684,1659000
1140,2021-07-25,ZB,1:남성,2021,01_시즌,당해년도,가을,니트 셔츠,라운드,니트 셔츠_라운드_ZB,-3.45800122624157,-506220,-7,-59024,-489300
1141,2021-07-25,ZB,1:남성,2021,01_시즌,당해년도,가을,수트,블레이져(수트),수트_블레이져(수트)_ZB,24.79423347880241,59521945,334,12016783,79826000
1142,2021-07-25,ZB,1:남성,2021,01_시즌,당해년도,가을,수트,수트팬츠,수트_수트팬츠_ZB,25.750525805142217,38626833,406,7517456,52374000
1145,2021-07-25,ZB,1:남성,2021,01_시즌,당해년도,사계절,니트 셔츠,라운드,니트 셔츠_라운드_ZB,20.80214405360134,1182028,75,405390,1492500
1146,2021-07-25,ZB,1:남성,2021,01_시즌,당해년도,사계절,데님,데님팬츠,데님_데님팬츠_ZB,29.62940565074159,7216123,128,1558200,10227200
1147,2021-07-25,ZB,1:남성,2021,01_시즌,당해년도,사계절,수트,블레이져(수트),수트_블레이져(수트)_ZB,43.21302238913004,72976510,745,26215075,163215000
1148,2021-07-25,ZB,1:남성,2021,01_시즌,당해년도,사계절,수트,수트팬츠,수트_수트팬츠_ZB,44.87590309619208,45715310,891,15578462,101319000
1149,2021-07-25,ZB,1:남성,2021,01_시즌,당해년도,사계절,우븐 셔츠,드레스셔츠,우븐 셔츠_드레스셔츠_ZB,42.99161049959131,29998070,968,6940044,51183200
1150,2021-07-25,ZB,1:남성,2021,01_시즌,당해년도,사계절,자켓,싱글재킷,자켓_싱글재킷_ZB,41.6367552045944,1626000,14,330653,2786000
1153,2021-07-25,ZB,1:남성,2021,01_시즌,당해년도,여름,니트 셔츠,라운드,니트 셔츠_라운드_ZB,74.29287863610519,297742666,27148,114002823,1449599500
1155,2021-07-25,ZB,1:남성,2021,01_시즌,당해년도,여름,수트,블레이져(수트),수트_블레이져(수트)_ZB,21.7219172787012,2397300,15,685329,2985000
1156,2021-07-25,ZB,1:남성,2021,01_시즌,당해년도,여름,수트,수트팬츠,수트_수트팬츠_ZB,22.288167388167388,2445100,32,685417,3168000
1157,2021-07-25,ZB,1:남성,2021,01_시즌,당해년도,여름,스웨터,T-에리,스웨터_T-에리_ZB,64.0418620069729,47748872,1582,12265232,142221800
1158,2021-07-25,ZB,1:남성,2021,01_시즌,당해년도,여름,스웨터,라운드,스웨터_라운드_ZB,64.67976269929551,2381467,75,696530,6742500
1159,2021-07-25,ZB,1:남성,2021,01_시즌,당해년도,여름,우븐 셔츠,드레스셔츠,우븐 셔츠_드레스셔츠_ZB,75.60781944792355,63476950,3840,23759715,268416000
1161,2021-07-25,ZB,1:남성,2021,01_시즌,당해년도,여름,자켓,싱글재킷,자켓_싱글재킷_ZB,63.13608869790191,17480656,239,5042792,47561000
1163,2021-07-25,ZB,1:남성,2021,01_시즌,당해년도,여름,팬츠,반바지,팬츠_반바지_ZB,66.16093962418047,117921807,6309,52289617,360639100
1165,2021-07-25,ZB,1:남성,2021,02_이월,당해년도,봄,니트 셔츠,라운드,니트 셔츠_라운드_ZB,64.28425709166052,864741,38,261514,2656200
1166,2021-07-25,ZB,1:남성,2021,02_이월,당해년도,봄,수트,블레이져(수트),수트_블레이져(수트)_ZB,31.83819095477387,562030,5,198555,995000
1167,2021-07-25,ZB,1:남성,2021,02_이월,당해년도,봄,수트,수트팬츠,수트_수트팬츠_ZB,41.83040404040404,396119,8,178502,792000
1168,2021-07-25,ZB,1:남성,2021,02_이월,당해년도,봄,스웨터,T-에리,스웨터_T-에리_ZB,inf,-24000,0,1,0
1169,2021-07-25,ZB,1:남성,2021,02_이월,당해년도,봄,스웨터,라운드,스웨터_라운드_ZB,64.9286266707939,551003,17,159515,1648300
1170,2021-07-25,ZB,1:남성,2021,02_이월,당해년도,봄,스웨터,오픈형(CARDIGAN),스웨터_오픈형(CARDIGAN)_ZB,69.36366106792937,933343,19,266031,3038100
1171,2021-07-25,ZB,1:남성,2021,02_이월,당해년도,봄,우븐 셔츠,드레스셔츠,우븐 셔츠_드레스셔츠_ZB,57.51072961373391,1188000,40,237164,2796000
1173,2021-07-25,ZB,1:남성,2021,02_이월,당해년도,봄,점퍼,패딩점퍼,점퍼_패딩점퍼_ZB,70.35678391959799,117980,2,38671,398000
1175,2021-07-25,ZB,1:남성,2021,02_이월,당해년도,봄,코트,싱글코트,코트_싱글코트_ZB,-inf,396000,1,25292,249000
1176,2021-07-25,ZB,4:기타,2021,02_이월,당해년도,봄,조끼,패딩베스트,조끼_패딩베스트_ZB,84.27102672292546,111833,9,102140,711000
1192,2021-08-01,ZB,1:남성,2021,01_시즌,당해년도,가을,니트 셔츠,라운드,니트 셔츠_라운드_ZB,15.76923076923077,-1530810,-26,-216112,-1817400
1193,2021-08-01,ZB,1:남성,2021,01_시즌,당해년도,가을,수트,블레이져(수트),수트_블레이져(수트)_ZB,25.810795569592383,69424168,377,13460459,90103000
1194,2021-08-01,ZB,1:남성,2021,01_시즌,당해년도,가을,수트,수트팬츠,수트_수트팬츠_ZB,29.616465312874823,42783992,434,7979644,55986000
1197,2021-08-01,ZB,1:남성,2021,01_시즌,당해년도,겨울,수트,블레이져(수트),수트_블레이져(수트)_ZB,0.0,13623000,57,2238801,13623000
1198,2021-08-01,ZB,1:남성,2021,01_시즌,당해년도,겨울,수트,수트팬츠,수트_수트팬츠_ZB,0.0,10578000,82,1551258,10578000
1199,2021-08-01,ZB,1:남성,2021,01_시즌,당해년도,사계절,니트 셔츠,라운드,니트 셔츠_라운드_ZB,10.937429080888313,549427,31,167561,616900
1200,2021-08-01,ZB,1:남성,2021,01_시즌,당해년도,사계절,데님,데님팬츠,데님_데님팬츠_ZB,-inf,4041509,63,770222,5033700
1201,2021-08-01,ZB,1:남성,2021,01_시즌,당해년도,사계절,수트,블레이져(수트),수트_블레이져(수트)_ZB,45.05521391791937,56269610,339,11628318,82221000
1202,2021-08-01,ZB,1:남성,2021,01_시즌,당해년도,사계절,수트,수트팬츠,수트_수트팬츠_ZB,43.0325509941466,30967480,338,5514599,44562000
1203,2021-08-01,ZB,1:남성,2021,01_시즌,당해년도,사계절,우븐 셔츠,드레스셔츠,우븐 셔츠_드레스셔츠_ZB,44.32653160121813,32196306,1067,7721794,58503300
1204,2021-08-01,ZB,1:남성,2021,01_시즌,당해년도,사계절,자켓,싱글재킷,자켓_싱글재킷_ZB,42.861365651788354,1933000,17,401508,3383000
1207,2021-08-01,ZB,1:남성,2021,01_시즌,당해년도,여름,니트 셔츠,라운드,니트 셔츠_라운드_ZB,70.95391175190764,204343387,15808,66651209,758752300
1209,2021-08-01,ZB,1:남성,2021,01_시즌,당해년도,여름,수트,블레이져(수트),수트_블레이져(수트)_ZB,20.163476724280745,4222580,27,1179922,5373000
1210,2021-08-01,ZB,1:남성,2021,01_시즌,당해년도,여름,수트,수트팬츠,수트_수트팬츠_ZB,22.52671328671329,4074658,53,1139332,5247000
1211,2021-08-01,ZB,1:남성,2021,01_시즌,당해년도,여름,스웨터,T-에리,스웨터_T-에리_ZB,62.71043096230093,30559758,905,7037674,81359500
1212,2021-08-01,ZB,1:남성,2021,01_시즌,당해년도,여름,스웨터,라운드,스웨터_라운드_ZB,64.91724887827924,2807006,89,826605,8001100
1213,2021-08-01,ZB,1:남성,2021,01_시즌,당해년도,여름,우븐 셔츠,드레스셔츠,우븐 셔츠_드레스셔츠_ZB,73.32770863825719,78353228,4244,27002521,296655600
1215,2021-08-01,ZB,1:남성,2021,01_시즌,당해년도,여름,자켓,싱글재킷,자켓_싱글재킷_ZB,51.57514058387174,20933462,210,4436854,41790000
1217,2021-08-01,ZB,1:남성,2021,01_시즌,당해년도,여름,팬츠,반바지,팬츠_반바지_ZB,61.6648638128759,64628549,3019,22502811,165658100
1219,2021-08-01,ZB,1:남성,2021,02_이월,당해년도,봄,니트 셔츠,라운드,니트 셔츠_라운드_ZB,116.2349388014624,421657,17,137621,1188300
1220,2021-08-01,ZB,1:남성,2021,02_이월,당해년도,봄,수트,블레이져(수트),수트_블레이져(수트)_ZB,49.28344500279174,2314550,24,961302,4776000
1221,2021-08-01,ZB,1:남성,2021,02_이월,당해년도,봄,수트,수트팬츠,수트_수트팬츠_ZB,39.46559764309764,1260301,25,517931,2475000
1222,2021-08-01,ZB,1:남성,2021,02_이월,당해년도,봄,스웨터,T-에리,스웨터_T-에리_ZB,66.16616616616616,169000,5,49242,499500
1223,2021-08-01,ZB,1:남성,2021,02_이월,당해년도,봄,스웨터,라운드,스웨터_라운드_ZB,138.70731354268617,148322,-5,-43350,-469500
1224,2021-08-01,ZB,1:남성,2021,02_이월,당해년도,봄,스웨터,오픈형(CARDIGAN),스웨터_오픈형(CARDIGAN)_ZB,-inf,106600,-4,-60848,-639600
1225,2021-08-01,ZB,1:남성,2021,02_이월,당해년도,봄,우븐 셔츠,드레스셔츠,우븐 셔츠_드레스셔츠_ZB,59.48497854077253,1416000,50,296455,3495000
1227,2021-08-01,ZB,1:남성,2021,02_이월,당해년도,봄,점퍼,패딩점퍼,점퍼_패딩점퍼_ZB,91.72236180904522,-65890,-4,-77342,-796000
1229,2021-08-01,ZB,1:남성,2021,02_이월,당해년도,봄,코트,싱글코트,코트_싱글코트_ZB,60.24096385542169,1089000,11,291675,2739000
1230,2021-08-01,ZB,4:기타,2021,02_이월,당해년도,봄,조끼,패딩베스트,조끼_패딩베스트_ZB,83.63835443037975,-129257,-10,-113228,-790000
1246,2021-08-08,ZB,1:남성,2021,01_시즌,당해년도,가을,니트 셔츠,라운드,니트 셔츠_라운드_ZB,20.559771907683704,23612190,425,3095254,29707500
1247,2021-08-08,ZB,1:남성,2021,01_시즌,당해년도,가을,수트,블레이져(수트),수트_블레이져(수트)_ZB,27.26398868345869,65323306,351,12501778,83889000
1248,2021-08-08,ZB,1:남성,2021,01_시즌,당해년도,가을,수트,수트팬츠,수트_수트팬츠_ZB,25.80356489330736,45078174,451,8323049,58179000
1250,2021-08-08,ZB,1:남성,2021,01_시즌,당해년도,가을,코트,싱글코트,코트_싱글코트_ZB,20.0,9362400,47,1386275,11703000
1252,2021-08-08,ZB,1:남성,2021,01_시즌,당해년도,겨울,수트,블레이져(수트),수트_블레이져(수트)_ZB,0.196078431372549,27891300,117,4683355,27963000
1253,2021-08-08,ZB,1:남성,2021,01_시즌,당해년도,겨울,수트,수트팬츠,수트_수트팬츠_ZB,0.2272727272727272,22497600,175,3596984,22575000
1254,2021-08-08,ZB,1:남성,2021,01_시즌,당해년도,겨울,조끼,패딩베스트,조끼_패딩베스트_ZB,0.0,129000,1,12540,129000
1255,2021-08-08,ZB,1:남성,2021,01_시즌,당해년도,사계절,니트 셔츠,라운드,니트 셔츠_라운드_ZB,36.48410320834944,1314525,104,562141,2069600
1256,2021-08-08,ZB,1:남성,2021,01_시즌,당해년도,사계절,데님,데님팬츠,데님_데님팬츠_ZB,37.06502920317063,9403884,184,2239531,14701600
1257,2021-08-08,ZB,1:남성,2021,01_시즌,당해년도,사계절,수트,블레이져(수트),수트_블레이져(수트)_ZB,24.09667490257836,39623510,284,9857603,66236000
1258,2021-08-08,ZB,1:남성,2021,01_시즌,당해년도,사계절,수트,수트팬츠,수트_수트팬츠_ZB,16.161354686649073,25861200,335,5627334,41835000
1259,2021-08-08,ZB,1:남성,2021,01_시즌,당해년도,사계절,우븐 셔츠,드레스셔츠,우븐 셔츠_드레스셔츠_ZB,43.89701232400598,22706894,791,5678278,41640900
1260,2021-08-08,ZB,1:남성,2021,01_시즌,당해년도,사계절,자켓,싱글재킷,자켓_싱글재킷_ZB,45.24261306532663,2724180,25,590452,4975000
1263,2021-08-08,ZB,1:남성,2021,01_시즌,당해년도,여름,니트 셔츠,라운드,니트 셔츠_라운드_ZB,73.7213415932267,165138629,13814,62011278,728415900
1265,2021-08-08,ZB,1:남성,2021,01_시즌,당해년도,여름,수트,블레이져(수트),수트_블레이져(수트)_ZB,19.601351629944595,3455333,22,982955,4378000
1266,2021-08-08,ZB,1:남성,2021,01_시즌,당해년도,여름,수트,수트팬츠,수트_수트팬츠_ZB,21.986801346801347,2656960,34,747818,3366000
1267,2021-08-08,ZB,1:남성,2021,01_시즌,당해년도,여름,스웨터,T-에리,스웨터_T-에리_ZB,65.80043898980415,33629149,1130,8689364,101587000
1268,2021-08-08,ZB,1:남성,2021,01_시즌,당해년도,여름,스웨터,라운드,스웨터_라운드_ZB,64.30533926585095,2952234,92,854580,8270800
1269,2021-08-08,ZB,1:남성,2021,01_시즌,당해년도,여름,우븐 셔츠,드레스셔츠,우븐 셔츠_드레스셔츠_ZB,74.62307784168713,36226137,2052,12759937,143434800
1271,2021-08-08,ZB,1:남성,2021,01_시즌,당해년도,여름,자켓,싱글재킷,자켓_싱글재킷_ZB,74.46881614476415,10536978,207,4367500,41193000
1273,2021-08-08,ZB,1:남성,2021,01_시즌,당해년도,여름,팬츠,반바지,팬츠_반바지_ZB,68.89825096271439,89270720,5159,39645380,288034100
1275,2021-08-08,ZB,1:남성,2021,02_이월,당해년도,봄,니트 셔츠,라운드,니트 셔츠_라운드_ZB,74.12909963048817,1251687,70,519632,4893000
1276,2021-08-08,ZB,1:남성,2021,02_이월,당해년도,봄,수트,블레이져(수트),수트_블레이져(수트)_ZB,53.80334399269073,2170024,23,938790,4577000
1277,2021-08-08,ZB,1:남성,2021,02_이월,당해년도,봄,수트,수트팬츠,수트_수트팬츠_ZB,50.4616835016835,1192932,25,527496,2475000
1278,2021-08-08,ZB,1:남성,2021,02_이월,당해년도,봄,스웨터,T-에리,스웨터_T-에리_ZB,72.97297297297297,54000,2,19699,199800
1279,2021-08-08,ZB,1:남성,2021,02_이월,당해년도,봄,스웨터,라운드,스웨터_라운드_ZB,75.14644176991229,638747,25,218749,2317500
1280,2021-08-08,ZB,1:남성,2021,02_이월,당해년도,봄,스웨터,오픈형(CARDIGAN),스웨터_오픈형(CARDIGAN)_ZB,67.17654973752535,735730,14,191888,2238600
1281,2021-08-08,ZB,1:남성,2021,02_이월,당해년도,봄,우븐 셔츠,드레스셔츠,우븐 셔츠_드레스셔츠_ZB,53.4458092841991,943700,29,171944,2027100
1283,2021-08-08,ZB,1:남성,2021,02_이월,당해년도,봄,점퍼,패딩점퍼,점퍼_패딩점퍼_ZB,62.79564489112228,222110,3,58007,597000
1285,2021-08-08,ZB,1:남성,2021,02_이월,당해년도,봄,코트,싱글코트,코트_싱글코트_ZB,-inf,382500,3,79918,747000
1286,2021-08-08,ZB,4:기타,2021,02_이월,당해년도,봄,조끼,패딩베스트,조끼_패딩베스트_ZB,84.83092224231464,167770,14,150697,1106000
1302,2021-08-15,ZB,1:남성,2021,01_시즌,당해년도,가을,니트 셔츠,라운드,니트 셔츠_라운드_ZB,39.97605142625122,-2965012,-45,-405165,-3145500
1303,2021-08-15,ZB,1:남성,2021,01_시즌,당해년도,가을,수트,블레이져(수트),수트_블레이져(수트)_ZB,21.38127889262702,63098267,337,12132323,80543000
1304,2021-08-15,ZB,1:남성,2021,01_시즌,당해년도,가을,수트,수트팬츠,수트_수트팬츠_ZB,21.665169221993,34015195,338,6307713,43602000
1306,2021-08-15,ZB,1:남성,2021,01_시즌,당해년도,가을,코트,싱글코트,코트_싱글코트_ZB,34.57831325301205,2280600,14,412933,3486000
1308,2021-08-15,ZB,1:남성,2021,01_시즌,당해년도,겨울,수트,블레이져(수트),수트_블레이져(수트)_ZB,17.045036303433292,39630100,235,9581159,56165000
1309,2021-08-15,ZB,1:남성,2021,01_시즌,당해년도,겨울,수트,수트팬츠,수트_수트팬츠_ZB,22.48196584574417,21849360,254,5226564,32766000
1310,2021-08-15,ZB,1:남성,2021,01_시즌,당해년도,겨울,조끼,패딩베스트,조끼_패딩베스트_ZB,0.0,0,0,0,0
1311,2021-08-15,ZB,1:남성,2021,01_시즌,당해년도,사계절,니트 셔츠,라운드,니트 셔츠_라운드_ZB,33.58267809636418,1123449,85,459442,1691500
1312,2021-08-15,ZB,1:남성,2021,01_시즌,당해년도,사계절,데님,데님팬츠,데님_데님팬츠_ZB,40.48714793868275,7048177,151,1834709,12064900
1313,2021-08-15,ZB,1:남성,2021,01_시즌,당해년도,사계절,수트,블레이져(수트),수트_블레이져(수트)_ZB,36.79238788295053,29230290,210,7219497,48510000
1314,2021-08-15,ZB,1:남성,2021,01_시즌,당해년도,사계절,수트,수트팬츠,수트_수트팬츠_ZB,20.693853741707645,15018810,201,3355673,24909000
1315,2021-08-15,ZB,1:남성,2021,01_시즌,당해년도,사계절,우븐 셔츠,드레스셔츠,우븐 셔츠_드레스셔츠_ZB,41.18809624066915,22858353,728,5209497,38077200
1316,2021-08-15,ZB,1:남성,2021,01_시즌,당해년도,사계절,자켓,싱글재킷,자켓_싱글재킷_ZB,44.5900555408622,4190100,38,897487,7562000
1319,2021-08-15,ZB,1:남성,2021,01_시즌,당해년도,여름,니트 셔츠,라운드,니트 셔츠_라운드_ZB,74.86151023899151,160563939,15265,62472487,784174200
1321,2021-08-15,ZB,1:남성,2021,01_시즌,당해년도,여름,수트,블레이져(수트),수트_블레이져(수트)_ZB,21.245114461194863,3413200,22,887237,4378000
1322,2021-08-15,ZB,1:남성,2021,01_시즌,당해년도,여름,수트,수트팬츠,수트_수트팬츠_ZB,15.0,2613600,32,678994,3168000
1323,2021-08-15,ZB,1:남성,2021,01_시즌,당해년도,여름,스웨터,T-에리,스웨터_T-에리_ZB,61.91853937988401,28920192,875,6646118,78662500
1324,2021-08-15,ZB,1:남성,2021,01_시즌,당해년도,여름,스웨터,라운드,스웨터_라운드_ZB,65.74054505005562,1478364,48,445336,4315200
1325,2021-08-15,ZB,1:남성,2021,01_시즌,당해년도,여름,우븐 셔츠,드레스셔츠,우븐 셔츠_드레스셔츠_ZB,76.13544191110456,32576975,1947,12173405,136095300
1327,2021-08-15,ZB,1:남성,2021,01_시즌,당해년도,여름,자켓,싱글재킷,자켓_싱글재킷_ZB,62.99336465253095,15220511,207,4368686,41193000
1329,2021-08-15,ZB,1:남성,2021,01_시즌,당해년도,여름,팬츠,반바지,팬츠_반바지_ZB,64.18352504169303,27905607,1393,11257635,78350700
1331,2021-08-15,ZB,1:남성,2021,02_이월,당해년도,봄,니트 셔츠,라운드,니트 셔츠_라운드_ZB,19.976002131897104,-2945259,17,182834,1188300
1332,2021-08-15,ZB,1:남성,2021,02_이월,당해년도,봄,수트,블레이져(수트),수트_블레이져(수트)_ZB,44.29569723618091,3621500,33,1346151,6567000
1333,2021-08-15,ZB,1:남성,2021,02_이월,당해년도,봄,수트,수트팬츠,수트_수트팬츠_ZB,37.96745230078564,2251900,39,825696,3861000
1334,2021-08-15,ZB,1:남성,2021,02_이월,당해년도,봄,스웨터,T-에리,스웨터_T-에리_ZB,81.50350350350351,110868,6,59090,599400
1335,2021-08-15,ZB,1:남성,2021,02_이월,당해년도,봄,스웨터,라운드,스웨터_라운드_ZB,85.72540697567774,483323,23,189502,2107700
1336,2021-08-15,ZB,1:남성,2021,02_이월,당해년도,봄,스웨터,오픈형(CARDIGAN),스웨터_오픈형(CARDIGAN)_ZB,90.82760058369814,-88000,-6,-79774,-959400
1337,2021-08-15,ZB,1:남성,2021,02_이월,당해년도,봄,우븐 셔츠,드레스셔츠,우븐 셔츠_드레스셔츠_ZB,58.5160267563701,1072900,37,219377,2586300
1339,2021-08-15,ZB,1:남성,2021,02_이월,당해년도,봄,점퍼,패딩점퍼,점퍼_패딩점퍼_ZB,56.93065326633166,428540,5,96678,995000
1341,2021-08-15,ZB,1:남성,2021,02_이월,당해년도,봄,코트,싱글코트,코트_싱글코트_ZB,60.855667568232114,5691000,59,1558519,14691000
1342,2021-08-15,ZB,4:기타,2021,02_이월,당해년도,봄,조끼,패딩베스트,조끼_패딩베스트_ZB,83.47036485480268,221993,17,177464,1343000
1358,2021-08-22,ZB,1:남성,2021,01_시즌,당해년도,가을,니트 셔츠,라운드,니트 셔츠_라운드_ZB,55.35069474032885,8877034,281,2150295,19641900
1359,2021-08-22,ZB,1:남성,2021,01_시즌,당해년도,가을,수트,블레이져(수트),수트_블레이져(수트)_ZB,25.85220676563312,66721712,371,13403801,88669000
1360,2021-08-22,ZB,1:남성,2021,01_시즌,당해년도,가을,수트,수트팬츠,수트_수트팬츠_ZB,26.45059829847765,35924489,375,7021963,48375000
1361,2021-08-22,ZB,1:남성,2021,01_시즌,당해년도,가을,스웨터,오픈형(CARDIGAN),스웨터_오픈형(CARDIGAN)_ZB,27.11694809255785,19229100,165,2673495,26383500
1363,2021-08-22,ZB,1:남성,2021,01_시즌,당해년도,가을,코트,싱글코트,코트_싱글코트_ZB,50.14289430449069,10924689,88,2595578,21912000
1366,2021-08-22,ZB,1:남성,2021,01_시즌,당해년도,겨울,수트,블레이져(수트),수트_블레이져(수트)_ZB,24.85811023111707,74569750,400,16006068,95600000
1367,2021-08-22,ZB,1:남성,2021,01_시즌,당해년도,겨울,수트,수트팬츠,수트_수트팬츠_ZB,24.718999068963672,46864218,469,9471221,60501000
1368,2021-08-22,ZB,1:남성,2021,01_시즌,당해년도,겨울,스웨터,라운드,스웨터_라운드_ZB,23.28663594470046,12068930,175,1686383,15732500
1369,2021-08-22,ZB,1:남성,2021,01_시즌,당해년도,겨울,조끼,패딩베스트,조끼_패딩베스트_ZB,62.01550387596899,1519000,31,386040,3999000
1370,2021-08-22,ZB,1:남성,2021,01_시즌,당해년도,겨울,코트,싱글코트,코트_싱글코트_ZB,20.0,15002400,57,3266982,18753000
1371,2021-08-22,ZB,1:남성,2021,01_시즌,당해년도,사계절,니트 셔츠,라운드,니트 셔츠_라운드_ZB,42.40216348920173,1501518,131,708081,2606900
1372,2021-08-22,ZB,1:남성,2021,01_시즌,당해년도,사계절,데님,데님팬츠,데님_데님팬츠_ZB,40.97370884440696,12152481,261,3178369,20853900
1373,2021-08-22,ZB,1:남성,2021,01_시즌,당해년도,사계절,수트,블레이져(수트),수트_블레이져(수트)_ZB,38.717807356526585,21387935,177,6175768,39903000
1374,2021-08-22,ZB,1:남성,2021,01_시즌,당해년도,사계절,수트,수트팬츠,수트_수트팬츠_ZB,37.988487927888194,17022295,236,3948061,28374000
1375,2021-08-22,ZB,1:남성,2021,01_시즌,당해년도,사계절,우븐 셔츠,드레스셔츠,우븐 셔츠_드레스셔츠_ZB,42.089548458377685,28345812,933,6710851,48856700
1376,2021-08-22,ZB,1:남성,2021,01_시즌,당해년도,사계절,자켓,싱글재킷,자켓_싱글재킷_ZB,71.17341035888101,7285344,127,2999497,25273000
1379,2021-08-22,ZB,1:남성,2021,01_시즌,당해년도,여름,니트 셔츠,라운드,니트 셔츠_라운드_ZB,75.53860907159354,142947667,12289,57794264,657808000
1381,2021-08-22,ZB,1:남성,2021,01_시즌,당해년도,여름,수트,블레이져(수트),수트_블레이져(수트)_ZB,27.111111111111107,-577100,-6,-281157,-1194000
1382,2021-08-22,ZB,1:남성,2021,01_시즌,당해년도,여름,수트,수트팬츠,수트_수트팬츠_ZB,-1.9212121212121216,268680,1,16514,99000
1383,2021-08-22,ZB,1:남성,2021,01_시즌,당해년도,여름,스웨터,T-에리,스웨터_T-에리_ZB,72.29694382069243,5786615,269,2191681,24183100
1384,2021-08-22,ZB,1:남성,2021,01_시즌,당해년도,여름,스웨터,라운드,스웨터_라운드_ZB,49.248159330473015,958144,21,194796,1887900
1385,2021-08-22,ZB,1:남성,2021,01_시즌,당해년도,여름,우븐 셔츠,드레스셔츠,우븐 셔츠_드레스셔츠_ZB,78.35658409733134,33980575,2216,14354045,154898400
1387,2021-08-22,ZB,1:남성,2021,01_시즌,당해년도,여름,자켓,싱글재킷,자켓_싱글재킷_ZB,63.78695859747319,16334531,224,4729379,44576000
1389,2021-08-22,ZB,1:남성,2021,01_시즌,당해년도,여름,팬츠,반바지,팬츠_반바지_ZB,71.46768546934555,-1428818,-178,-979571,-9172200
1391,2021-08-22,ZB,1:남성,2021,02_이월,당해년도,봄,니트 셔츠,라운드,니트 셔츠_라운드_ZB,84.38751894924538,2319575,259,1919976,18104100
1392,2021-08-22,ZB,1:남성,2021,02_이월,당해년도,봄,수트,블레이져(수트),수트_블레이져(수트)_ZB,32.790619765494135,2572400,21,853028,4179000
1393,2021-08-22,ZB,1:남성,2021,02_이월,당해년도,봄,수트,수트팬츠,수트_수트팬츠_ZB,46.20360269360269,1114639,21,438032,2079000
1394,2021-08-22,ZB,1:남성,2021,02_이월,당해년도,봄,스웨터,T-에리,스웨터_T-에리_ZB,63.46346346346346,146000,4,39393,399600
1395,2021-08-22,ZB,1:남성,2021,02_이월,당해년도,봄,스웨터,라운드,스웨터_라운드_ZB,69.35627530149222,1014469,34,293719,3176600
1396,2021-08-22,ZB,1:남성,2021,02_이월,당해년도,봄,스웨터,오픈형(CARDIGAN),스웨터_오픈형(CARDIGAN)_ZB,68.4349593495935,2088540,40,554821,6396000
1397,2021-08-22,ZB,1:남성,2021,02_이월,당해년도,봄,우븐 셔츠,드레스셔츠,우븐 셔츠_드레스셔츠_ZB,65.1284106382612,2023145,83,492115,5801700
1399,2021-08-22,ZB,1:남성,2021,02_이월,당해년도,봄,점퍼,패딩점퍼,점퍼_패딩점퍼_ZB,60.42292414453218,3307852,42,812094,8358000
1401,2021-08-22,ZB,1:남성,2021,02_이월,당해년도,봄,코트,싱글코트,코트_싱글코트_ZB,59.51807228915663,-3348000,-32,-875899,-7968000
1402,2021-08-22,ZB,4:기타,2021,02_이월,당해년도,봄,조끼,패딩베스트,조끼_패딩베스트_ZB,81.76917349218168,244840,17,177278,1343000
1418,2021-08-29,ZB,1:남성,2021,01_시즌,당해년도,가을,니트 셔츠,라운드,니트 셔츠_라운드_ZB,67.9476075951049,13556520,499,3952941,34880100
1419,2021-08-29,ZB,1:남성,2021,01_시즌,당해년도,가을,수트,블레이져(수트),수트_블레이져(수트)_ZB,23.56254362915996,76227834,415,15197186,99185000
1420,2021-08-29,ZB,1:남성,2021,01_시즌,당해년도,가을,수트,수트팬츠,수트_수트팬츠_ZB,25.24675096660306,43407162,447,8391962,57663000
1421,2021-08-29,ZB,1:남성,2021,01_시즌,당해년도,가을,스웨터,오픈형(CARDIGAN),스웨터_오픈형(CARDIGAN)_ZB,62.98257839721254,2071680,35,567105,5596500
1423,2021-08-29,ZB,1:남성,2021,01_시즌,당해년도,가을,코트,싱글코트,코트_싱글코트_ZB,48.085808580858085,13055900,101,2979016,25149000
1426,2021-08-29,ZB,1:남성,2021,01_시즌,당해년도,겨울,수트,블레이져(수트),수트_블레이져(수트)_ZB,24.61633692332469,88211546,486,19377475,116154000
1427,2021-08-29,ZB,1:남성,2021,01_시즌,당해년도,겨울,수트,수트팬츠,수트_수트팬츠_ZB,26.677453871137992,56471683,576,11646827,74304000
1428,2021-08-29,ZB,1:남성,2021,01_시즌,당해년도,겨울,스웨터,라운드,스웨터_라운드_ZB,29.90203761755486,5545590,88,848010,7911200
1429,2021-08-29,ZB,1:남성,2021,01_시즌,당해년도,겨울,조끼,패딩베스트,조끼_패딩베스트_ZB,89.14728682170542,57000,3,37259,387000
1430,2021-08-29,ZB,1:남성,2021,01_시즌,당해년도,겨울,코트,싱글코트,코트_싱글코트_ZB,19.75683890577508,-6600000,-25,-1432887,-8225000
1431,2021-08-29,ZB,1:남성,2021,01_시즌,당해년도,사계절,니트 셔츠,라운드,니트 셔츠_라운드_ZB,28.264525753768844,913623,64,345933,1273600
1432,2021-08-29,ZB,1:남성,2021,01_시즌,당해년도,사계절,데님,데님팬츠,데님_데님팬츠_ZB,41.832732900611866,8995495,199,2421912,15900100
1433,2021-08-29,ZB,1:남성,2021,01_시즌,당해년도,사계절,수트,블레이져(수트),수트_블레이져(수트)_ZB,44.7100319851419,46387727,472,16784051,101408000
1434,2021-08-29,ZB,1:남성,2021,01_시즌,당해년도,사계절,수트,수트팬츠,수트_수트팬츠_ZB,43.525673942822685,28898755,597,10566573,64983000
1435,2021-08-29,ZB,1:남성,2021,01_시즌,당해년도,사계절,우븐 셔츠,드레스셔츠,우븐 셔츠_드레스셔츠_ZB,47.54114517052599,35160047,1294,9194390,65780600
1436,2021-08-29,ZB,1:남성,2021,01_시즌,당해년도,사계절,자켓,싱글재킷,자켓_싱글재킷_ZB,73.41986085543228,32054053,606,14312562,120594000
1439,2021-08-29,ZB,1:남성,2021,01_시즌,당해년도,여름,니트 셔츠,라운드,니트 셔츠_라운드_ZB,77.0707499645313,93717855,8720,40883609,466343700
1441,2021-08-29,ZB,1:남성,2021,01_시즌,당해년도,여름,수트,블레이져(수트),수트_블레이져(수트)_ZB,10.0493216080402,3529937,21,885464,4179000
1442,2021-08-29,ZB,1:남성,2021,01_시즌,당해년도,여름,수트,수트팬츠,수트_수트팬츠_ZB,9.299088023088023,751513,9,204510,891000
1443,2021-08-29,ZB,1:남성,2021,01_시즌,당해년도,여름,스웨터,T-에리,스웨터_T-에리_ZB,68.23045237870207,10132347,309,2445952,27779100
1444,2021-08-29,ZB,1:남성,2021,01_시즌,당해년도,여름,스웨터,라운드,스웨터_라운드_ZB,50.71199480904709,531719,12,111209,1078800
1445,2021-08-29,ZB,1:남성,2021,01_시즌,당해년도,여름,우븐 셔츠,드레스셔츠,우븐 셔츠_드레스셔츠_ZB,77.9338346972526,26726177,2398,15219212,167620200
1447,2021-08-29,ZB,1:남성,2021,01_시즌,당해년도,여름,자켓,싱글재킷,자켓_싱글재킷_ZB,64.7465519370356,19221990,274,5784228,54526000
1449,2021-08-29,ZB,1:남성,2021,01_시즌,당해년도,여름,팬츠,반바지,팬츠_반바지_ZB,65.5077813979243,6620368,342,2566051,18925800
1451,2021-08-29,ZB,1:남성,2021,02_이월,당해년도,봄,니트 셔츠,라운드,니트 셔츠_라운드_ZB,75.2480548022141,7482140,451,3387724,31524900
1452,2021-08-29,ZB,1:남성,2021,02_이월,당해년도,봄,수트,블레이져(수트),수트_블레이져(수트)_ZB,54.31851565519908,5089200,68,2723409,13532000
1453,2021-08-29,ZB,1:남성,2021,02_이월,당해년도,봄,수트,수트팬츠,수트_수트팬츠_ZB,50.26333662438925,3715557,78,1647613,7722000
1454,2021-08-29,ZB,1:남성,2021,02_이월,당해년도,봄,스웨터,T-에리,스웨터_T-에리_ZB,67.97706797706797,703800,22,216664,2197800
1455,2021-08-29,ZB,1:남성,2021,02_이월,당해년도,봄,스웨터,라운드,스웨터_라운드_ZB,67.00782479314182,1850056,59,514843,5524100
1456,2021-08-29,ZB,1:남성,2021,02_이월,당해년도,봄,스웨터,오픈형(CARDIGAN),스웨터_오픈형(CARDIGAN)_ZB,69.81063532354781,2217200,46,634595,7355400
1457,2021-08-29,ZB,1:남성,2021,02_이월,당해년도,봄,우븐 셔츠,드레스셔츠,우븐 셔츠_드레스셔츠_ZB,64.72648702859756,2391650,97,575123,6780300
1459,2021-08-29,ZB,1:남성,2021,02_이월,당해년도,봄,점퍼,패딩점퍼,점퍼_패딩점퍼_ZB,67.21105527638191,2088000,32,618738,6368000
1461,2021-08-29,ZB,1:남성,2021,02_이월,당해년도,봄,코트,싱글코트,코트_싱글코트_ZB,68.0624458618789,10416500,130,3403795,32370000
1462,2021-08-29,ZB,4:기타,2021,02_이월,당해년도,봄,조끼,패딩베스트,조끼_패딩베스트_ZB,81.48428270042194,351058,24,276864,1896000
1482,2021-09-05,ZB,1:남성,2021,01_시즌,당해년도,가을,니트 셔츠,라운드,니트 셔츠_라운드_ZB,51.14228483189223,30539711,879,6754699,61442100
1483,2021-09-05,ZB,1:남성,2021,01_시즌,당해년도,가을,수트,블레이져(수트),수트_블레이져(수트)_ZB,22.85279620858097,81857724,444,16300883,106116000
1484,2021-09-05,ZB,1:남성,2021,01_시즌,당해년도,가을,수트,수트팬츠,수트_수트팬츠_ZB,22.36622154486624,49066136,490,9248185,63210000
1485,2021-09-05,ZB,1:남성,2021,01_시즌,당해년도,가을,스웨터,오픈형(CARDIGAN),스웨터_오픈형(CARDIGAN)_ZB,53.60283677298312,9273633,125,2025375,19987500
1487,2021-09-05,ZB,1:남성,2021,01_시즌,당해년도,가을,코트,싱글코트,코트_싱글코트_ZB,43.48958894401134,23920857,170,5014185,42330000
1489,2021-09-05,ZB,1:남성,2021,01_시즌,당해년도,겨울,니트 셔츠,라운드,니트 셔츠_라운드_ZB,2.114528691781911,7389570,108,702000,7549200
1492,2021-09-05,ZB,1:남성,2021,01_시즌,당해년도,겨울,수트,블레이져(수트),수트_블레이져(수트)_ZB,23.4727871715361,117113498,636,25339818,152004000
1493,2021-09-05,ZB,1:남성,2021,01_시즌,당해년도,겨울,수트,수트팬츠,수트_수트팬츠_ZB,24.42787393791975,64093058,654,13149924,84366000
1494,2021-09-05,ZB,1:남성,2021,01_시즌,당해년도,겨울,스웨터,라운드,스웨터_라운드_ZB,28.95121535316523,35832673,561,5574615,50433900
1496,2021-09-05,ZB,1:남성,2021,01_시즌,당해년도,겨울,점퍼,패딩점퍼,점퍼_패딩점퍼_ZB,0.0,0,0,0,0
1497,2021-09-05,ZB,1:남성,2021,01_시즌,당해년도,겨울,조끼,패딩베스트,조끼_패딩베스트_ZB,63.73775047535469,6322500,133,1648716,17157000
1498,2021-09-05,ZB,1:남성,2021,01_시즌,당해년도,겨울,코트,싱글코트,코트_싱글코트_ZB,21.54168835748711,46721140,181,10257553,59549000
1499,2021-09-05,ZB,1:남성,2021,01_시즌,당해년도,사계절,니트 셔츠,라운드,니트 셔츠_라운드_ZB,24.514517029592408,540778,36,194587,716400
1500,2021-09-05,ZB,1:남성,2021,01_시즌,당해년도,사계절,데님,데님팬츠,데님_데님팬츠_ZB,43.72429242693718,10285810,229,2788160,18297100
1501,2021-09-05,ZB,1:남성,2021,01_시즌,당해년도,사계절,수트,블레이져(수트),수트_블레이져(수트)_ZB,43.92244555794943,35592590,280,9902165,61720000
1502,2021-09-05,ZB,1:남성,2021,01_시즌,당해년도,사계절,수트,수트팬츠,수트_수트팬츠_ZB,43.98622256891224,21958382,325,5565799,37395000
1503,2021-09-05,ZB,1:남성,2021,01_시즌,당해년도,사계절,우븐 셔츠,드레스셔츠,우븐 셔츠_드레스셔츠_ZB,46.22397707232424,45171164,1644,11595803,80525600
1504,2021-09-05,ZB,1:남성,2021,01_시즌,당해년도,사계절,자켓,싱글재킷,자켓_싱글재킷_ZB,62.91572427354162,16973473,230,5432161,45770000
1507,2021-09-05,ZB,1:남성,2021,01_시즌,당해년도,여름,니트 셔츠,라운드,니트 셔츠_라운드_ZB,69.3744849037053,55664144,6163,25846071,302615400
1509,2021-09-05,ZB,1:남성,2021,01_시즌,당해년도,여름,수트,블레이져(수트),수트_블레이져(수트)_ZB,18.11765075376884,2579713,16,660961,3184000
1510,2021-09-05,ZB,1:남성,2021,01_시즌,당해년도,여름,수트,수트팬츠,수트_수트팬츠_ZB,23.452457912457916,1667087,22,470921,2178000
1511,2021-09-05,ZB,1:남성,2021,01_시즌,당해년도,여름,스웨터,T-에리,스웨터_T-에리_ZB,68.96640831509323,5373502,190,1438694,17081000
1512,2021-09-05,ZB,1:남성,2021,01_시즌,당해년도,여름,스웨터,라운드,스웨터_라운드_ZB,51.00640923777743,924950,21,194822,1887900
1513,2021-09-05,ZB,1:남성,2021,01_시즌,당해년도,여름,우븐 셔츠,드레스셔츠,우븐 셔츠_드레스셔츠_ZB,46.011549694871206,30712096,1749,11384475,122255100
1515,2021-09-05,ZB,1:남성,2021,01_시즌,당해년도,여름,자켓,싱글재킷,자켓_싱글재킷_ZB,59.33963270823625,5988727,88,1852621,17512000
1517,2021-09-05,ZB,1:남성,2021,01_시즌,당해년도,여름,팬츠,반바지,팬츠_반바지_ZB,-12.82004034680127,2069604,63,592070,3753700
1519,2021-09-05,ZB,1:남성,2021,02_이월,당해년도,봄,니트 셔츠,라운드,니트 셔츠_라운드_ZB,75.77317374331314,18638646,1197,8685196,83670300
1520,2021-09-05,ZB,1:남성,2021,02_이월,당해년도,봄,수트,블레이져(수트),수트_블레이져(수트)_ZB,70.28587393046786,3855500,92,3680975,18308000
1521,2021-09-05,ZB,1:남성,2021,02_이월,당해년도,봄,수트,수트팬츠,수트_수트팬츠_ZB,67.94394879832811,2030231,92,1912075,9108000
1522,2021-09-05,ZB,1:남성,2021,02_이월,당해년도,봄,스웨터,T-에리,스웨터_T-에리_ZB,64.7022022022022,1410500,40,393935,3996000
1523,2021-09-05,ZB,1:남성,2021,02_이월,당해년도,봄,스웨터,라운드,스웨터_라운드_ZB,63.00757601117724,3820652,110,1011381,10589000
1524,2021-09-05,ZB,1:남성,2021,02_이월,당해년도,봄,스웨터,오픈형(CARDIGAN),스웨터_오픈형(CARDIGAN)_ZB,65.78232517256907,4560960,85,1172288,13591500
1525,2021-09-05,ZB,1:남성,2021,02_이월,당해년도,봄,우븐 셔츠,드레스셔츠,우븐 셔츠_드레스셔츠_ZB,64.51516452074392,2232351,90,533619,6291000
1527,2021-09-05,ZB,1:남성,2021,02_이월,당해년도,봄,점퍼,패딩점퍼,점퍼_패딩점퍼_ZB,64.71651360249524,2036210,29,560732,5771000
1529,2021-09-05,ZB,1:남성,2021,02_이월,당해년도,봄,코트,싱글코트,코트_싱글코트_ZB,65.52642387732749,9929100,113,2977128,28137000
1530,2021-09-05,ZB,4:기타,2021,02_이월,당해년도,봄,조끼,패딩베스트,조끼_패딩베스트_ZB,82.50136575616256,525309,38,343007,3002000
1551,2021-09-12,ZB,1:남성,2021,01_시즌,당해년도,가을,니트 셔츠,라운드,니트 셔츠_라운드_ZB,57.44887011244404,43399671,1450,11023198,101355000
1552,2021-09-12,ZB,1:남성,2021,01_시즌,당해년도,가을,수트,블레이져(수트),수트_블레이져(수트)_ZB,24.731395636314687,40594851,226,8302129,54014000
1553,2021-09-12,ZB,1:남성,2021,01_시즌,당해년도,가을,수트,수트팬츠,수트_수트팬츠_ZB,24.91749199351193,24486984,253,4777270,32637000
1554,2021-09-12,ZB,1:남성,2021,01_시즌,당해년도,가을,스웨터,오픈형(CARDIGAN),스웨터_오픈형(CARDIGAN)_ZB,55.87769197441191,22505951,319,5168757,51008100
1556,2021-09-12,ZB,1:남성,2021,01_시즌,당해년도,가을,코트,싱글코트,코트_싱글코트_ZB,52.547070473675525,17251038,146,4306300,36354000
1558,2021-09-12,ZB,1:남성,2021,01_시즌,당해년도,겨울,니트 셔츠,라운드,니트 셔츠_라운드_ZB,55.87569871539608,8975280,291,1891500,20340900
1561,2021-09-12,ZB,1:남성,2021,01_시즌,당해년도,겨울,수트,블레이져(수트),수트_블레이져(수트)_ZB,24.981295252771808,180004026,979,39439916,233981000
1562,2021-09-12,ZB,1:남성,2021,01_시즌,당해년도,겨울,수트,수트팬츠,수트_수트팬츠_ZB,24.87450479583979,119681137,1204,24452178,155316000
1563,2021-09-12,ZB,1:남성,2021,01_시즌,당해년도,겨울,스웨터,라운드,스웨터_라운드_ZB,38.227174649467926,56255709,1013,2134941,91068700
1565,2021-09-12,ZB,1:남성,2021,01_시즌,당해년도,겨울,점퍼,패딩점퍼,점퍼_패딩점퍼_ZB,29.602476669059584,15690200,112,2646095,22288000
1566,2021-09-12,ZB,1:남성,2021,01_시즌,당해년도,겨울,조끼,패딩베스트,조끼_패딩베스트_ZB,145.01171932133977,3883855,109,1366355,14061000
1567,2021-09-12,ZB,1:남성,2021,01_시즌,당해년도,겨울,코트,싱글코트,코트_싱글코트_ZB,11.655632800879518,-27321379,-94,-5305715,-30926000
1569,2021-09-12,ZB,1:남성,2021,01_시즌,당해년도,사계절,니트 셔츠,라운드,니트 셔츠_라운드_ZB,30.245357220887044,638534,46,248639,915400
1570,2021-09-12,ZB,1:남성,2021,01_시즌,당해년도,사계절,데님,데님팬츠,데님_데님팬츠_ZB,47.5233280977746,14686366,337,4108148,26926300
1571,2021-09-12,ZB,1:남성,2021,01_시즌,당해년도,사계절,수트,블레이져(수트),수트_블레이져(수트)_ZB,27.821880541915785,19112670,128,4490220,27792000
1572,2021-09-12,ZB,1:남성,2021,01_시즌,당해년도,사계절,수트,수트팬츠,수트_수트팬츠_ZB,26.99706487167728,10557169,137,2335244,15183000
1573,2021-09-12,ZB,1:남성,2021,01_시즌,당해년도,사계절,우븐 셔츠,드레스셔츠,우븐 셔츠_드레스셔츠_ZB,42.56524945898995,35633024,1208,8614572,59739200
1574,2021-09-12,ZB,1:남성,2021,01_시즌,당해년도,사계절,자켓,싱글재킷,자켓_싱글재킷_ZB,-15.19139028475712,3438463,15,354271,2985000
1577,2021-09-12,ZB,1:남성,2021,01_시즌,당해년도,여름,니트 셔츠,라운드,니트 셔츠_라운드_ZB,72.85006259294302,37847761,3956,15837548,199131000
1579,2021-09-12,ZB,1:남성,2021,01_시즌,당해년도,여름,수트,블레이져(수트),수트_블레이져(수트)_ZB,21.554974874371855,-80624,0,-17146,0
1580,2021-09-12,ZB,1:남성,2021,01_시즌,당해년도,여름,수트,수트팬츠,수트_수트팬츠_ZB,23.231431966726085,-429700,-5,-119592,-495000
1581,2021-09-12,ZB,1:남성,2021,01_시즌,당해년도,여름,스웨터,T-에리,스웨터_T-에리_ZB,43.90807794100725,-1674745,-33,-256698,-2966700
1582,2021-09-12,ZB,1:남성,2021,01_시즌,당해년도,여름,스웨터,라운드,스웨터_라운드_ZB,48.05808923495242,-840524,-18,-167116,-1618200
1583,2021-09-12,ZB,1:남성,2021,01_시즌,당해년도,여름,우븐 셔츠,드레스셔츠,우븐 셔츠_드레스셔츠_ZB,73.595108861567,34176076,2029,13176256,141827100
1585,2021-09-12,ZB,1:남성,2021,01_시즌,당해년도,여름,자켓,싱글재킷,자켓_싱글재킷_ZB,64.25219155980572,14239535,199,4201389,39601000
1587,2021-09-12,ZB,1:남성,2021,01_시즌,당해년도,여름,팬츠,반바지,팬츠_반바지_ZB,50.733537658292015,1360687,50,373195,2735000
1589,2021-09-12,ZB,1:남성,2021,02_이월,당해년도,봄,니트 셔츠,라운드,니트 셔츠_라운드_ZB,77.86442087778401,26618591,1852,13289608,129454800
1590,2021-09-12,ZB,1:남성,2021,02_이월,당해년도,봄,수트,블레이져(수트),수트_블레이져(수트)_ZB,34.50711683417086,3340667,30,1199540,5970000
1591,2021-09-12,ZB,1:남성,2021,02_이월,당해년도,봄,수트,수트팬츠,수트_수트팬츠_ZB,34.029467941446555,910969,24,508705,2376000
1592,2021-09-12,ZB,1:남성,2021,02_이월,당해년도,봄,스웨터,T-에리,스웨터_T-에리_ZB,64.24088877610005,2536358,71,699235,7092900
1593,2021-09-12,ZB,1:남성,2021,02_이월,당해년도,봄,스웨터,라운드,스웨터_라운드_ZB,65.95134476977047,6327148,204,1862260,19529600
1594,2021-09-12,ZB,1:남성,2021,02_이월,당해년도,봄,스웨터,오픈형(CARDIGAN),스웨터_오픈형(CARDIGAN)_ZB,69.12119634813166,4189100,83,1130367,13271700
1595,2021-09-12,ZB,1:남성,2021,02_이월,당해년도,봄,우븐 셔츠,드레스셔츠,우븐 셔츠_드레스셔츠_ZB,65.09731063551958,3635150,149,883436,10415100
1597,2021-09-12,ZB,1:남성,2021,02_이월,당해년도,봄,점퍼,패딩점퍼,점퍼_패딩점퍼_ZB,65.57875245794189,3150921,46,889436,9154000
1599,2021-09-12,ZB,1:남성,2021,02_이월,당해년도,봄,코트,싱글코트,코트_싱글코트_ZB,73.27028282142655,17618467,377,10014668,93873000
1600,2021-09-12,ZB,4:기타,2021,02_이월,당해년도,봄,조끼,패딩베스트,조끼_패딩베스트_ZB,82.20521974114635,1251151,89,1015665,7031000
1614,2021-09-19,ZA,1:남성,2021,01_시즌,당해년도,겨울,우븐 셔츠,캐쥬얼셔츠,우븐 셔츠_캐쥬얼셔츠_ZA,41.637386018946415,16007155,304,3195874,27329600
1625,2021-09-19,ZB,1:남성,2021,01_시즌,당해년도,가을,니트 셔츠,라운드,니트 셔츠_라운드_ZB,55.73959926103407,52956812,1694,12836811,118410600
1626,2021-09-19,ZB,1:남성,2021,01_시즌,당해년도,가을,수트,블레이져(수트),수트_블레이져(수트)_ZB,24.9882412424186,34748168,193,7128831,46127000
1627,2021-09-19,ZB,1:남성,2021,01_시즌,당해년도,가을,수트,수트팬츠,수트_수트팬츠_ZB,24.558684808919832,19478957,200,3797925,25800000
1628,2021-09-19,ZB,1:남성,2021,01_시즌,당해년도,가을,스웨터,오픈형(CARDIGAN),스웨터_오픈형(CARDIGAN)_ZB,57.4998912894778,34794329,512,8295936,81868800
1630,2021-09-19,ZB,1:남성,2021,01_시즌,당해년도,가을,코트,싱글코트,코트_싱글코트_ZB,53.536568090544,31815835,275,8111182,68475000
1632,2021-09-19,ZB,1:남성,2021,01_시즌,당해년도,겨울,니트 셔츠,라운드,니트 셔츠_라운드_ZB,51.570427618646136,45757590,1341,9405780,93735900
1635,2021-09-19,ZB,1:남성,2021,01_시즌,당해년도,겨울,수트,블레이져(수트),수트_블레이져(수트)_ZB,23.370944427808507,136645943,752,30066356,179728000
1636,2021-09-19,ZB,1:남성,2021,01_시즌,당해년도,겨울,수트,수트팬츠,수트_수트팬츠_ZB,23.226128098083272,77898250,794,16041950,102426000
1637,2021-09-19,ZB,1:남성,2021,01_시즌,당해년도,겨울,스웨터,라운드,스웨터_라운드_ZB,58.32067631800751,30312997,809,6031660,72729100
1639,2021-09-19,ZB,1:남성,2021,01_시즌,당해년도,겨울,점퍼,패딩점퍼,점퍼_패딩점퍼_ZB,44.22332290824753,15872369,143,3378497,28457000
1640,2021-09-19,ZB,1:남성,2021,01_시즌,당해년도,겨울,조끼,패딩베스트,조끼_패딩베스트_ZB,67.75411977420434,6872450,166,2073567,21414000
1641,2021-09-19,ZB,1:남성,2021,01_시즌,당해년도,겨울,코트,싱글코트,코트_싱글코트_ZB,54.89483579212692,30421178,205,11676630,67445000
1643,2021-09-19,ZB,1:남성,2021,01_시즌,당해년도,사계절,니트 셔츠,라운드,니트 셔츠_라운드_ZB,10.45854271356784,855300,48,259449,955200
1644,2021-09-19,ZB,1:남성,2021,01_시즌,당해년도,사계절,데님,데님팬츠,데님_데님팬츠_ZB,45.98254184641824,15796978,367,4471911,29323300
1645,2021-09-19,ZB,1:남성,2021,01_시즌,당해년도,사계절,수트,블레이져(수트),수트_블레이져(수트)_ZB,41.12017423471354,16395411,116,4050929,24804000
1646,2021-09-19,ZB,1:남성,2021,01_시즌,당해년도,사계절,수트,수트팬츠,수트_수트팬츠_ZB,31.82414596003097,8251019,112,1855273,12078000
1647,2021-09-19,ZB,1:남성,2021,01_시즌,당해년도,사계절,우븐 셔츠,드레스셔츠,우븐 셔츠_드레스셔츠_ZB,43.75046047515497,35494011,1221,8777133,62567900
1648,2021-09-19,ZB,1:남성,2021,01_시즌,당해년도,사계절,자켓,싱글재킷,자켓_싱글재킷_ZB,21.37353433835846,1877600,12,283417,2388000
1651,2021-09-19,ZB,1:남성,2021,01_시즌,당해년도,여름,니트 셔츠,라운드,니트 셔츠_라운드_ZB,49.55816199368493,27443384,2125,9887240,107166200
1653,2021-09-19,ZB,1:남성,2021,01_시즌,당해년도,여름,수트,블레이져(수트),수트_블레이져(수트)_ZB,12.743718592964823,1622100,9,391994,1791000
1654,2021-09-19,ZB,1:남성,2021,01_시즌,당해년도,여름,수트,수트팬츠,수트_수트팬츠_ZB,21.18013468013468,1791500,23,495830,2277000
1655,2021-09-19,ZB,1:남성,2021,01_시즌,당해년도,여름,스웨터,T-에리,스웨터_T-에리_ZB,68.86576145592011,1388520,29,155800,2607100
1656,2021-09-19,ZB,1:남성,2021,01_시즌,당해년도,여름,스웨터,라운드,스웨터_라운드_ZB,54.02298850574713,-248000,-6,-55786,-539400
1657,2021-09-19,ZB,1:남성,2021,01_시즌,당해년도,여름,우븐 셔츠,드레스셔츠,우븐 셔츠_드레스셔츠_ZB,73.43309374404136,22878603,1284,8299238,89751600
1659,2021-09-19,ZB,1:남성,2021,01_시즌,당해년도,여름,자켓,싱글재킷,자켓_싱글재킷_ZB,65.10781686208821,6656948,96,2028866,19104000
1661,2021-09-19,ZB,1:남성,2021,01_시즌,당해년도,여름,팬츠,반바지,팬츠_반바지_ZB,64.66390952931647,720130,24,161456,1237600
1663,2021-09-19,ZB,1:남성,2021,02_이월,당해년도,봄,니트 셔츠,라운드,니트 셔츠_라운드_ZB,75.96404477624269,22614740,1425,10520023,99607500
1664,2021-09-19,ZB,1:남성,2021,02_이월,당해년도,봄,수트,블레이져(수트),수트_블레이져(수트)_ZB,60.2826593093057,5754870,81,3218772,16119000
1665,2021-09-19,ZB,1:남성,2021,02_이월,당해년도,봄,수트,수트팬츠,수트_수트팬츠_ZB,50.70198011864679,4232370,91,1943079,9009000
1666,2021-09-19,ZB,1:남성,2021,02_이월,당해년도,봄,스웨터,T-에리,스웨터_T-에리_ZB,61.57018129240352,691045,18,177274,1798200
1667,2021-09-19,ZB,1:남성,2021,02_이월,당해년도,봄,스웨터,라운드,스웨터_라운드_ZB,67.88568601972383,3913710,129,1153006,12217100
1668,2021-09-19,ZB,1:남성,2021,02_이월,당해년도,봄,스웨터,오픈형(CARDIGAN),스웨터_오픈형(CARDIGAN)_ZB,66.98892988462268,3611000,68,944345,10873200
1669,2021-09-19,ZB,1:남성,2021,02_이월,당해년도,봄,우븐 셔츠,드레스셔츠,우븐 셔츠_드레스셔츠_ZB,58.84645703775072,2819100,98,581052,6850200
1671,2021-09-19,ZB,1:남성,2021,02_이월,당해년도,봄,점퍼,패딩점퍼,점퍼_패딩점퍼_ZB,67.21845814438043,2674646,41,792758,8159000
1673,2021-09-19,ZB,1:남성,2021,02_이월,당해년도,봄,코트,싱글코트,코트_싱글코트_ZB,70.43131927334102,16300528,223,5885962,55527000
1674,2021-09-19,ZB,4:기타,2021,02_이월,당해년도,봄,조끼,패딩베스트,조끼_패딩베스트_ZB,81.45273417721519,732617,50,569460,3950000
1688,2021-09-26,ZA,1:남성,2021,01_시즌,당해년도,겨울,우븐 셔츠,캐쥬얼셔츠,우븐 셔츠_캐쥬얼셔츠_ZA,45.84935485065867,28916340,595,6294824,53490500
1699,2021-09-26,ZB,1:남성,2021,01_시즌,당해년도,가을,니트 셔츠,라운드,니트 셔츠_라운드_ZB,57.09076928349282,58905389,1955,14734138,136654500
1700,2021-09-26,ZB,1:남성,2021,01_시즌,당해년도,가을,수트,블레이져(수트),수트_블레이져(수트)_ZB,24.53861964087852,61954479,343,12742435,81977000
1701,2021-09-26,ZB,1:남성,2021,01_시즌,당해년도,가을,수트,수트팬츠,수트_수트팬츠_ZB,23.946681151556096,36862211,376,7148754,48504000
1702,2021-09-26,ZB,1:남성,2021,01_시즌,당해년도,가을,스웨터,오픈형(CARDIGAN),스웨터_오픈형(CARDIGAN)_ZB,57.68873566051775,37075330,548,8879244,87625200
1704,2021-09-26,ZB,1:남성,2021,01_시즌,당해년도,가을,코트,싱글코트,코트_싱글코트_ZB,54.9519769217716,31856160,284,8376639,70716000
1706,2021-09-26,ZB,1:남성,2021,01_시즌,당해년도,겨울,니트 셔츠,라운드,니트 셔츠_라운드_ZB,55.50022708690341,51482720,1654,12260595,115614600
1709,2021-09-26,ZB,1:남성,2021,01_시즌,당해년도,겨울,수트,블레이져(수트),수트_블레이져(수트)_ZB,23.38712613986998,164105158,893,35599530,213427000
1710,2021-09-26,ZB,1:남성,2021,01_시즌,당해년도,겨울,수트,수트팬츠,수트_수트팬츠_ZB,25.94581270356009,94033434,955,19223004,123195000
1711,2021-09-26,ZB,1:남성,2021,01_시즌,당해년도,겨울,스웨터,라운드,스웨터_라운드_ZB,55.87902834782881,47954687,1209,6225431,108689100
1713,2021-09-26,ZB,1:남성,2021,01_시즌,당해년도,겨울,점퍼,패딩점퍼,점퍼_패딩점퍼_ZB,43.09631859739225,25705100,227,5363068,45173000
1714,2021-09-26,ZB,1:남성,2021,01_시즌,당해년도,겨울,조끼,패딩베스트,조끼_패딩베스트_ZB,68.32758694990416,9058826,222,2771129,28638000
1715,2021-09-26,ZB,1:남성,2021,01_시즌,당해년도,겨울,코트,싱글코트,코트_싱글코트_ZB,52.73986281113941,57529765,370,21106821,121730000
1717,2021-09-26,ZB,1:남성,2021,01_시즌,당해년도,사계절,니트 셔츠,라운드,니트 셔츠_라운드_ZB,24.11934673366834,604010,40,216208,796000
1718,2021-09-26,ZB,1:남성,2021,01_시즌,당해년도,사계절,데님,데님팬츠,데님_데님팬츠_ZB,44.60260121714067,20867308,478,5819380,38192200
1719,2021-09-26,ZB,1:남성,2021,01_시즌,당해년도,사계절,수트,블레이져(수트),수트_블레이져(수트)_ZB,25.630692794525118,21024709,135,4845969,28065000
1720,2021-09-26,ZB,1:남성,2021,01_시즌,당해년도,사계절,수트,수트팬츠,수트_수트팬츠_ZB,26.07482052339195,13669832,171,2869945,18399000
1721,2021-09-26,ZB,1:남성,2021,01_시즌,당해년도,사계절,우븐 셔츠,드레스셔츠,우븐 셔츠_드레스셔츠_ZB,41.070981714913074,37806827,1289,9133723,62451100
1722,2021-09-26,ZB,1:남성,2021,01_시즌,당해년도,사계절,자켓,싱글재킷,자켓_싱글재킷_ZB,66.58984610552764,10637793,160,3778894,31840000
1725,2021-09-26,ZB,1:남성,2021,01_시즌,당해년도,여름,니트 셔츠,라운드,니트 셔츠_라운드_ZB,75.3098136154345,24063590,2091,10889963,114402800
1727,2021-09-26,ZB,1:남성,2021,01_시즌,당해년도,여름,수트,블레이져(수트),수트_블레이져(수트)_ZB,21.5,3283500,21,891827,4179000
1728,2021-09-26,ZB,1:남성,2021,01_시즌,당해년도,여름,수트,수트팬츠,수트_수트팬츠_ZB,21.5,1395900,18,391456,1782000
1729,2021-09-26,ZB,1:남성,2021,01_시즌,당해년도,여름,스웨터,T-에리,스웨터_T-에리_ZB,75.20578420467186,200700,18,142214,1618200
1730,2021-09-26,ZB,1:남성,2021,01_시즌,당해년도,여름,스웨터,라운드,스웨터_라운드_ZB,68.29810901001112,114000,4,37129,359600
1731,2021-09-26,ZB,1:남성,2021,01_시즌,당해년도,여름,우븐 셔츠,드레스셔츠,우븐 셔츠_드레스셔츠_ZB,73.46731013358107,22212216,1201,7789011,83949900
1733,2021-09-26,ZB,1:남성,2021,01_시즌,당해년도,여름,자켓,싱글재킷,자켓_싱글재킷_ZB,62.82626895947628,11094708,150,3166851,29850000
1735,2021-09-26,ZB,1:남성,2021,01_시즌,당해년도,여름,팬츠,반바지,팬츠_반바지_ZB,63.5502430456278,427350,15,95073,768500
1737,2021-09-26,ZB,1:남성,2021,02_이월,당해년도,봄,니트 셔츠,라운드,니트 셔츠_라운드_ZB,75.06564301784663,19950866,1300,9230640,90870000
1738,2021-09-26,ZB,1:남성,2021,02_이월,당해년도,봄,수트,블레이져(수트),수트_블레이져(수트)_ZB,42.320378080880594,4252607,36,1442798,7164000
1739,2021-09-26,ZB,1:남성,2021,02_이월,당해년도,봄,수트,수트팬츠,수트_수트팬츠_ZB,42.55315536315536,2047037,35,743284,3465000
1740,2021-09-26,ZB,1:남성,2021,02_이월,당해년도,봄,스웨터,T-에리,스웨터_T-에리_ZB,71.79832894118609,1380500,49,482569,4895100
1741,2021-09-26,ZB,1:남성,2021,02_이월,당해년도,봄,스웨터,라운드,스웨터_라운드_ZB,70.98574418235657,5218679,186,1600012,17371400
1742,2021-09-26,ZB,1:남성,2021,02_이월,당해년도,봄,스웨터,오픈형(CARDIGAN),스웨터_오픈형(CARDIGAN)_ZB,69.07152618534732,3633100,72,991780,11512800
1743,2021-09-26,ZB,1:남성,2021,02_이월,당해년도,봄,우븐 셔츠,드레스셔츠,우븐 셔츠_드레스셔츠_ZB,60.571554210933655,3362379,122,723350,8527800
1745,2021-09-26,ZB,1:남성,2021,02_이월,당해년도,봄,점퍼,패딩점퍼,점퍼_패딩점퍼_ZB,65.32663316582915,1932000,28,541396,5572000
1747,2021-09-26,ZB,1:남성,2021,02_이월,당해년도,봄,코트,싱글코트,코트_싱글코트_ZB,76.57500912741877,2304788,49,1284703,12201000
1748,2021-09-26,ZB,4:기타,2021,02_이월,당해년도,봄,조끼,패딩베스트,조끼_패딩베스트_ZB,82.14784006429576,888502,63,701286,4977000
1764,2021-10-03,ZA,1:남성,2021,01_시즌,당해년도,겨울,우븐 셔츠,캐쥬얼셔츠,우븐 셔츠_캐쥬얼셔츠_ZA,38.47301075592928,21199395,384,4038843,34521600
1775,2021-10-03,ZB,1:남성,2021,01_시즌,당해년도,가을,니트 셔츠,라운드,니트 셔츠_라운드_ZB,59.09362824668219,49164964,1743,12823233,121835700
1776,2021-10-03,ZB,1:남성,2021,01_시즌,당해년도,가을,수트,블레이져(수트),수트_블레이져(수트)_ZB,20.9284246065516,47848442,253,9388014,60467000
1777,2021-10-03,ZB,1:남성,2021,01_시즌,당해년도,가을,수트,수트팬츠,수트_수트팬츠_ZB,21.308132265738355,26843216,264,5017355,34056000
1778,2021-10-03,ZB,1:남성,2021,01_시즌,당해년도,가을,스웨터,오픈형(CARDIGAN),스웨터_오픈형(CARDIGAN)_ZB,57.9485043058744,32477085,483,7987844,77231700
1780,2021-10-03,ZB,1:남성,2021,01_시즌,당해년도,가을,코트,싱글코트,코트_싱글코트_ZB,59.72608320606369,28480103,284,6856219,70716000
1782,2021-10-03,ZB,1:남성,2021,01_시즌,당해년도,겨울,니트 셔츠,라운드,니트 셔츠_라운드_ZB,55.579760750374845,50996826,1649,12363690,115265100
1786,2021-10-03,ZB,1:남성,2021,01_시즌,당해년도,겨울,수트,블레이져(수트),수트_블레이져(수트)_ZB,21.636541577899774,155213322,829,33091349,198131000
1787,2021-10-03,ZB,1:남성,2021,01_시즌,당해년도,겨울,수트,수트팬츠,수트_수트팬츠_ZB,22.540432510181564,75025281,749,15072600,96621000
1788,2021-10-03,ZB,1:남성,2021,01_시즌,당해년도,겨울,스웨터,T-에리,스웨터_T-에리_ZB,40.48816973397979,21283930,358,3475976,35764200
1790,2021-10-03,ZB,1:남성,2021,01_시즌,당해년도,겨울,스웨터,라운드,스웨터_라운드_ZB,53.38228311897849,52470478,1252,9426491,112554800
1792,2021-10-03,ZB,1:남성,2021,01_시즌,당해년도,겨울,점퍼,패딩점퍼,점퍼_패딩점퍼_ZB,51.38998980253247,26335200,233,5852690,54367000
1793,2021-10-03,ZB,1:남성,2021,01_시즌,당해년도,겨울,조끼,패딩베스트,조끼_패딩베스트_ZB,70.19630081469141,9511946,247,3079759,31863000
1794,2021-10-03,ZB,1:남성,2021,01_시즌,당해년도,겨울,코트,싱글코트,코트_싱글코트_ZB,54.54852242652582,39327800,263,15002644,86527000
1796,2021-10-03,ZB,1:남성,2021,01_시즌,당해년도,사계절,니트 셔츠,라운드,니트 셔츠_라운드_ZB,11.028417951828104,1026910,58,313501,1154200
1797,2021-10-03,ZB,1:남성,2021,01_시즌,당해년도,사계절,데님,데님팬츠,데님_데님팬츠_ZB,34.45765092631885,11306869,238,2905252,19016200
1798,2021-10-03,ZB,1:남성,2021,01_시즌,당해년도,사계절,수트,블레이져(수트),수트_블레이져(수트)_ZB,29.968250296840846,23081888,159,5638606,33281000
1799,2021-10-03,ZB,1:남성,2021,01_시즌,당해년도,사계절,수트,수트팬츠,수트_수트팬츠_ZB,33.28256025050076,13861491,219,3790888,22911000
1800,2021-10-03,ZB,1:남성,2021,01_시즌,당해년도,사계절,우븐 셔츠,드레스셔츠,우븐 셔츠_드레스셔츠_ZB,48.00518750341259,41005951,1576,11161041,77992400
1801,2021-10-03,ZB,1:남성,2021,01_시즌,당해년도,사계절,자켓,싱글재킷,자켓_싱글재킷_ZB,69.81936420068256,22462240,374,8833165,74426000
1804,2021-10-03,ZB,1:남성,2021,02_이월,당해년도,봄,니트 셔츠,라운드,니트 셔츠_라운드_ZB,79.29501006834985,16310055,1428,9465821,99817200
1805,2021-10-03,ZB,1:남성,2021,02_이월,당해년도,봄,수트,블레이져(수트),수트_블레이져(수트)_ZB,37.32735104091888,4017200,11,448202,2189000
1806,2021-10-03,ZB,1:남성,2021,02_이월,당해년도,봄,수트,수트팬츠,수트_수트팬츠_ZB,-182.51739618406287,2724700,6,151408,594000
1807,2021-10-03,ZB,1:남성,2021,02_이월,당해년도,봄,스웨터,T-에리,스웨터_T-에리_ZB,76.01557820245694,12052100,503,4953790,50249700
1808,2021-10-03,ZB,1:남성,2021,02_이월,당해년도,봄,스웨터,라운드,스웨터_라운드_ZB,66.73990986059951,3011561,94,813269,8760600
1809,2021-10-03,ZB,1:남성,2021,02_이월,당해년도,봄,스웨터,오픈형(CARDIGAN),스웨터_오픈형(CARDIGAN)_ZB,68.45548135416803,3110000,63,858706,10073700
1810,2021-10-03,ZB,1:남성,2021,02_이월,당해년도,봄,우븐 셔츠,드레스셔츠,우븐 셔츠_드레스셔츠_ZB,59.26746350393034,2647900,93,551406,6500700
1812,2021-10-03,ZB,1:남성,2021,02_이월,당해년도,봄,점퍼,패딩점퍼,점퍼_패딩점퍼_ZB,69.59847236180904,1512476,25,483389,4975000
1814,2021-10-03,ZB,1:남성,2021,02_이월,당해년도,봄,코트,싱글코트,코트_싱글코트_ZB,76.45567800614222,2619757,47,1229542,11703000
1815,2021-10-03,ZB,1:남성,2021,02_이월,당해년도,여름,니트 셔츠,라운드,니트 셔츠_라운드_ZB,61.78257136194188,16798306,1423,6348571,72582500
1817,2021-10-03,ZB,1:남성,2021,02_이월,당해년도,여름,수트,블레이져(수트),수트_블레이져(수트)_ZB,21.2,3283500,21,895555,4179000
1818,2021-10-03,ZB,1:남성,2021,02_이월,당해년도,여름,수트,수트팬츠,수트_수트팬츠_ZB,21.2,1158300,15,322397,1485000
1819,2021-10-03,ZB,1:남성,2021,02_이월,당해년도,여름,스웨터,T-에리,스웨터_T-에리_ZB,53.24368345781026,1300900,29,220290,2607100
1820,2021-10-03,ZB,1:남성,2021,02_이월,당해년도,여름,스웨터,라운드,스웨터_라운드_ZB,56.61846496106785,234000,6,55521,539400
1821,2021-10-03,ZB,1:남성,2021,02_이월,당해년도,여름,우븐 셔츠,드레스셔츠,우븐 셔츠_드레스셔츠_ZB,83.30370699688548,27273357,1839,11883921,128546100
1823,2021-10-03,ZB,1:남성,2021,02_이월,당해년도,여름,자켓,싱글재킷,자켓_싱글재킷_ZB,59.13631550610194,6947510,86,1813601,17114000
1825,2021-10-03,ZB,1:남성,2021,02_이월,당해년도,여름,팬츠,반바지,팬츠_반바지_ZB,65.84825225756761,531539,30,222439,1627000
1827,2021-10-03,ZB,4:기타,2021,02_이월,당해년도,봄,조끼,패딩베스트,조끼_패딩베스트_ZB,82.5201687763713,-207136,-15,-181653,-1185000
1844,2021-10-10,ZA,1:남성,2021,01_시즌,당해년도,겨울,우븐 셔츠,캐쥬얼셔츠,우븐 셔츠_캐쥬얼셔츠_ZA,46.60644404591648,18898316,395,4176540,35510500
1855,2021-10-10,ZB,1:남성,2021,01_시즌,당해년도,가을,니트 셔츠,라운드,니트 셔츠_라운드_ZB,58.62594750295472,47325046,1641,12174383,114705900
1856,2021-10-10,ZB,1:남성,2021,01_시즌,당해년도,가을,수트,블레이져(수트),수트_블레이져(수트)_ZB,24.346146674335348,45911564,253,9422487,60467000
1857,2021-10-10,ZB,1:남성,2021,01_시즌,당해년도,가을,수트,수트팬츠,수트_수트팬츠_ZB,24.50764218119059,28678856,294,5582162,37926000
1858,2021-10-10,ZB,1:남성,2021,01_시즌,당해년도,가을,스웨터,오픈형(CARDIGAN),스웨터_오픈형(CARDIGAN)_ZB,56.83671664159469,38305040,555,9328704,88744500
1860,2021-10-10,ZB,1:남성,2021,01_시즌,당해년도,가을,코트,싱글코트,코트_싱글코트_ZB,63.147468996866586,25051245,273,5964444,67977000
1862,2021-10-10,ZB,1:남성,2021,01_시즌,당해년도,겨울,니트 셔츠,라운드,니트 셔츠_라운드_ZB,56.59723271356378,65491137,2159,16012559,150914100
1866,2021-10-10,ZB,1:남성,2021,01_시즌,당해년도,겨울,수트,블레이져(수트),수트_블레이져(수트)_ZB,24.36202309440553,122014785,669,26592521,159891000
1867,2021-10-10,ZB,1:남성,2021,01_시즌,당해년도,겨울,수트,수트팬츠,수트_수트팬츠_ZB,24.5118887017024,69860139,706,14151222,91074000
1868,2021-10-10,ZB,1:남성,2021,01_시즌,당해년도,겨울,스웨터,T-에리,스웨터_T-에리_ZB,54.13616906380064,13928662,304,3093037,30369600
1871,2021-10-10,ZB,1:남성,2021,01_시즌,당해년도,겨울,스웨터,라운드,스웨터_라운드_ZB,53.37488276734498,64131450,1530,15177880,137547000
1873,2021-10-10,ZB,1:남성,2021,01_시즌,당해년도,겨울,점퍼,패딩점퍼,점퍼_패딩점퍼_ZB,35.378546984834664,13888700,193,4498954,37007000
1874,2021-10-10,ZB,1:남성,2021,01_시즌,당해년도,겨울,조끼,패딩베스트,조끼_패딩베스트_ZB,72.56994345173409,9716767,275,3429263,35475000
1875,2021-10-10,ZB,1:남성,2021,01_시즌,당해년도,겨울,코트,싱글코트,코트_싱글코트_ZB,44.57215771319286,32459653,178,10193215,58562000
1877,2021-10-10,ZB,1:남성,2021,01_시즌,당해년도,사계절,니트 셔츠,라운드,니트 셔츠_라운드_ZB,7.768844221105527,734160,40,216208,796000
1878,2021-10-10,ZB,1:남성,2021,01_시즌,당해년도,사계절,데님,데님팬츠,데님_데님팬츠_ZB,46.02323869797304,14409682,341,4158368,27245900
1879,2021-10-10,ZB,1:남성,2021,01_시즌,당해년도,사계절,수트,블레이져(수트),수트_블레이져(수트)_ZB,19.910868267938135,19462259,116,4128696,24564000
1880,2021-10-10,ZB,1:남성,2021,01_시즌,당해년도,사계절,수트,수트팬츠,수트_수트팬츠_ZB,9.915413068473624,11333391,125,2124597,13815000
1881,2021-10-10,ZB,1:남성,2021,01_시즌,당해년도,사계절,우븐 셔츠,드레스셔츠,우븐 셔츠_드레스셔츠_ZB,45.68063087741778,32397317,1170,8292311,57223000
1882,2021-10-10,ZB,1:남성,2021,01_시즌,당해년도,사계절,자켓,싱글재킷,자켓_싱글재킷_ZB,71.27639104613979,9431397,165,3896985,32835000
1885,2021-10-10,ZB,1:남성,2021,02_이월,당해년도,봄,니트 셔츠,라운드,니트 셔츠_라운드_ZB,78.60260696213379,16222571,1166,8092445,81503400
1886,2021-10-10,ZB,1:남성,2021,02_이월,당해년도,봄,수트,블레이져(수트),수트_블레이져(수트)_ZB,23.76549413735344,1821200,19,769239,3781000
1887,2021-10-10,ZB,1:남성,2021,02_이월,당해년도,봄,수트,수트팬츠,수트_수트팬츠_ZB,60.30751964085298,1465300,28,590021,2772000
1888,2021-10-10,ZB,1:남성,2021,02_이월,당해년도,봄,스웨터,T-에리,스웨터_T-에리_ZB,67.25673041462515,621500,19,187121,1898100
1889,2021-10-10,ZB,1:남성,2021,02_이월,당해년도,봄,스웨터,라운드,스웨터_라운드_ZB,67.7229606827308,2799400,92,825728,8750800
1890,2021-10-10,ZB,1:남성,2021,02_이월,당해년도,봄,스웨터,오픈형(CARDIGAN),스웨터_오픈형(CARDIGAN)_ZB,63.82328799249531,2791945,48,653522,7675200
1891,2021-10-10,ZB,1:남성,2021,02_이월,당해년도,봄,우븐 셔츠,드레스셔츠,우븐 셔츠_드레스셔츠_ZB,66.17911083445271,3096945,131,776712,9156900
1893,2021-10-10,ZB,1:남성,2021,02_이월,당해년도,봄,점퍼,패딩점퍼,점퍼_패딩점퍼_ZB,53.18257956448911,2236000,24,464054,4776000
1895,2021-10-10,ZB,1:남성,2021,02_이월,당해년도,봄,코트,싱글코트,코트_싱글코트_ZB,69.99032931726907,4567408,65,1711760,16185000
1896,2021-10-10,ZB,1:남성,2021,02_이월,당해년도,여름,니트 셔츠,라운드,니트 셔츠_라운드_ZB,66.52979561607566,20512990,1321,6544409,69510500
1898,2021-10-10,ZB,1:남성,2021,02_이월,당해년도,여름,수트,블레이져(수트),수트_블레이져(수트)_ZB,44.0,3094450,14,572818,2786000
1899,2021-10-10,ZB,1:남성,2021,02_이월,당해년도,여름,수트,수트팬츠,수트_수트팬츠_ZB,40.66666666666666,1564200,12,252715,1188000
1900,2021-10-10,ZB,1:남성,2021,02_이월,당해년도,여름,스웨터,T-에리,스웨터_T-에리_ZB,55.75892405703307,1416000,35,267825,3146500
1901,2021-10-10,ZB,1:남성,2021,02_이월,당해년도,여름,스웨터,라운드,스웨터_라운드_ZB,56.61846496106785,78000,2,18576,179800
1902,2021-10-10,ZB,1:남성,2021,02_이월,당해년도,여름,우븐 셔츠,드레스셔츠,우븐 셔츠_드레스셔츠_ZB,62.77330516014562,15368931,809,5235075,56549100
1904,2021-10-10,ZB,1:남성,2021,02_이월,당해년도,여름,자켓,싱글재킷,자켓_싱글재킷_ZB,61.59692989882025,6162657,81,1709635,16119000
1906,2021-10-10,ZB,1:남성,2021,02_이월,당해년도,여름,팬츠,반바지,팬츠_반바지_ZB,-inf,195000,4,35014,239600
1908,2021-10-10,ZB,4:기타,2021,02_이월,당해년도,봄,조끼,패딩베스트,조끼_패딩베스트_ZB,82.21398490749756,1461299,104,1183587,8216000
1925,2021-10-17,ZA,1:남성,2021,01_시즌,당해년도,겨울,우븐 셔츠,캐쥬얼셔츠,우븐 셔츠_캐쥬얼셔츠_ZA,45.16455000974371,42928358,871,9189504,78302900
1936,2021-10-17,ZB,1:남성,2021,01_시즌,당해년도,가을,니트 셔츠,라운드,니트 셔츠_라운드_ZB,58.24629799419631,48427239,1663,12353523,116243700
1937,2021-10-17,ZB,1:남성,2021,01_시즌,당해년도,가을,수트,블레이져(수트),수트_블레이져(수트)_ZB,23.212989269370023,50783334,277,10269287,66203000
1938,2021-10-17,ZB,1:남성,2021,01_시즌,당해년도,가을,수트,수트팬츠,수트_수트팬츠_ZB,23.22980413225336,32020046,324,6114727,41796000
1939,2021-10-17,ZB,1:남성,2021,01_시즌,당해년도,가을,스웨터,오픈형(CARDIGAN),스웨터_오픈형(CARDIGAN)_ZB,59.40285434187873,33625885,518,8706991,82828200
1941,2021-10-17,ZB,1:남성,2021,01_시즌,당해년도,가을,코트,싱글코트,코트_싱글코트_ZB,62.06695113788487,45337580,480,10524947,119520000
1943,2021-10-17,ZB,1:남성,2021,01_시즌,당해년도,겨울,니트 셔츠,라운드,니트 셔츠_라운드_ZB,54.963186688006175,127712476,4068,30523762,284353200
1947,2021-10-17,ZB,1:남성,2021,01_시즌,당해년도,겨울,수트,블레이져(수트),수트_블레이져(수트)_ZB,25.305822519069284,152335738,828,32880124,197892000
1948,2021-10-17,ZB,1:남성,2021,01_시즌,당해년도,겨울,수트,수트팬츠,수트_수트팬츠_ZB,23.695527587373405,77239481,782,15638500,100878000
1949,2021-10-17,ZB,1:남성,2021,01_시즌,당해년도,겨울,스웨터,T-에리,스웨터_T-에리_ZB,54.65337269384267,34700781,766,7696648,76523400
1952,2021-10-17,ZB,1:남성,2021,01_시즌,당해년도,겨울,스웨터,라운드,스웨터_라운드_ZB,54.08640917802941,114170296,2766,27437953,248663400
1954,2021-10-17,ZB,1:남성,2021,01_시즌,당해년도,겨울,점퍼,패딩점퍼,점퍼_패딩점퍼_ZB,58.96366157707685,66997408,641,16330088,154759000
1955,2021-10-17,ZB,1:남성,2021,01_시즌,당해년도,겨울,조끼,패딩베스트,조끼_패딩베스트_ZB,72.22879075519137,27390342,761,9498756,98169000
1956,2021-10-17,ZB,1:남성,2021,01_시즌,당해년도,겨울,코트,싱글코트,코트_싱글코트_ZB,50.34440366972477,178069934,1090,62441263,358610000
1959,2021-10-17,ZB,1:남성,2021,01_시즌,당해년도,사계절,니트 셔츠,라운드,니트 셔츠_라운드_ZB,44.34245402838368,4031610,364,1967492,7243600
1960,2021-10-17,ZB,1:남성,2021,01_시즌,당해년도,사계절,데님,데님팬츠,데님_데님팬츠_ZB,46.63501284431169,12258239,286,3486951,22851400
1961,2021-10-17,ZB,1:남성,2021,01_시즌,당해년도,사계절,수트,블레이져(수트),수트_블레이져(수트)_ZB,-6.156926763468817,23606560,144,5221608,30536000
1962,2021-10-17,ZB,1:남성,2021,01_시즌,당해년도,사계절,수트,수트팬츠,수트_수트팬츠_ZB,44.90708365708366,11693680,131,2224262,14049000
1963,2021-10-17,ZB,1:남성,2021,01_시즌,당해년도,사계절,우븐 셔츠,드레스셔츠,우븐 셔츠_드레스셔츠_ZB,42.95475834821781,30173711,1112,7779686,51878800
1964,2021-10-17,ZB,1:남성,2021,01_시즌,당해년도,사계절,자켓,싱글재킷,자켓_싱글재킷_ZB,9.884422110552764,1434640,8,188945,1592000
1967,2021-10-17,ZB,1:남성,2021,02_이월,당해년도,봄,니트 셔츠,라운드,니트 셔츠_라운드_ZB,76.28110927488866,10284982,657,4538321,45924300
1968,2021-10-17,ZB,1:남성,2021,02_이월,당해년도,봄,수트,블레이져(수트),수트_블레이져(수트)_ZB,38.07035175879397,2996200,25,1007266,4975000
1969,2021-10-17,ZB,1:남성,2021,02_이월,당해년도,봄,수트,수트팬츠,수트_수트팬츠_ZB,36.45307239057239,1504300,26,556753,2574000
1970,2021-10-17,ZB,1:남성,2021,02_이월,당해년도,봄,스웨터,T-에리,스웨터_T-에리_ZB,60.96096096096096,195000,5,49248,499500
1971,2021-10-17,ZB,1:남성,2021,02_이월,당해년도,봄,스웨터,라운드,스웨터_라운드_ZB,70.08092497817924,3172000,112,1010392,10618800
1972,2021-10-17,ZB,1:남성,2021,02_이월,당해년도,봄,스웨터,오픈형(CARDIGAN),스웨터_오픈형(CARDIGAN)_ZB,66.59706671508403,2479000,47,655555,7515300
1973,2021-10-17,ZB,1:남성,2021,02_이월,당해년도,봄,우븐 셔츠,드레스셔츠,우븐 셔츠_드레스셔츠_ZB,68.99044967714495,4010000,185,1096883,12931500
1975,2021-10-17,ZB,1:남성,2021,02_이월,당해년도,봄,점퍼,패딩점퍼,점퍼_패딩점퍼_ZB,59.2689160086145,2269536,28,541396,5572000
1977,2021-10-17,ZB,1:남성,2021,02_이월,당해년도,봄,코트,싱글코트,코트_싱글코트_ZB,69.16455647150003,3766949,60,1594714,14940000
1978,2021-10-17,ZB,1:남성,2021,02_이월,당해년도,여름,니트 셔츠,라운드,니트 셔츠_라운드_ZB,63.3499355665077,8118370,581,2704552,29204800
1980,2021-10-17,ZB,1:남성,2021,02_이월,당해년도,여름,수트,블레이져(수트),수트_블레이져(수트)_ZB,35.98994974874372,2069800,12,512663,2388000
1981,2021-10-17,ZB,1:남성,2021,02_이월,당해년도,여름,수트,수트팬츠,수트_수트팬츠_ZB,37.0,1247400,17,367688,1683000
1982,2021-10-17,ZB,1:남성,2021,02_이월,당해년도,여름,스웨터,T-에리,스웨터_T-에리_ZB,-68.86040044493883,-1005611,-20,-193110,-1798000
1983,2021-10-17,ZB,1:남성,2021,02_이월,당해년도,여름,스웨터,라운드,스웨터_라운드_ZB,56.61846496106785,117000,3,27869,269700
1984,2021-10-17,ZB,1:남성,2021,02_이월,당해년도,여름,우븐 셔츠,드레스셔츠,우븐 셔츠_드레스셔츠_ZB,72.23580821345219,13650403,751,4877343,52494900
1986,2021-10-17,ZB,1:남성,2021,02_이월,당해년도,여름,자켓,싱글재킷,자켓_싱글재킷_ZB,59.62768387391503,2824000,35,740603,6965000
1988,2021-10-17,ZB,1:남성,2021,02_이월,당해년도,여름,팬츠,반바지,팬츠_반바지_ZB,49.98312336042888,271390,11,72388,568900
1990,2021-10-17,ZB,4:기타,2021,02_이월,당해년도,봄,조끼,패딩베스트,조끼_패딩베스트_ZB,82.91593248945148,2024462,150,1722915,11850000
2007,2021-10-24,ZA,1:남성,2021,01_시즌,당해년도,겨울,우븐 셔츠,캐쥬얼셔츠,우븐 셔츠_캐쥬얼셔츠_ZA,49.20254020777791,41504548,819,9256600,81468100
2018,2021-10-24,ZB,1:남성,2021,01_시즌,당해년도,가을,니트 셔츠,라운드,니트 셔츠_라운드_ZB,62.47096973221922,29344181,1122,8088848,78427800
2019,2021-10-24,ZB,1:남성,2021,01_시즌,당해년도,가을,수트,블레이져(수트),수트_블레이져(수트)_ZB,22.45335249900316,33925473,183,6843280,43737000
2020,2021-10-24,ZB,1:남성,2021,01_시즌,당해년도,가을,수트,수트팬츠,수트_수트팬츠_ZB,21.458785973698465,20461261,203,3850836,26187000
2021,2021-10-24,ZB,1:남성,2021,01_시즌,당해년도,가을,스웨터,오픈형(CARDIGAN),스웨터_오픈형(CARDIGAN)_ZB,60.47397938388109,25407247,402,6757003,64279800
2023,2021-10-24,ZB,1:남성,2021,01_시즌,당해년도,가을,코트,싱글코트,코트_싱글코트_ZB,63.07636842770598,37971155,413,8918052,102837000
2025,2021-10-24,ZB,1:남성,2021,01_시즌,당해년도,겨울,니트 셔츠,라운드,니트 셔츠_라운드_ZB,57.02577696634452,148500408,4822,37979643,337057800
2029,2021-10-24,ZB,1:남성,2021,01_시즌,당해년도,겨울,수트,블레이져(수트),수트_블레이져(수트)_ZB,22.78056101435233,124249806,674,27526479,161086000
2030,2021-10-24,ZB,1:남성,2021,01_시즌,당해년도,겨울,수트,수트팬츠,수트_수트팬츠_ZB,22.593595578748797,79479446,797,16644888,102813000
2031,2021-10-24,ZB,1:남성,2021,01_시즌,당해년도,겨울,스웨터,T-에리,스웨터_T-에리_ZB,49.91070027196657,26871056,537,5421111,53646300
2034,2021-10-24,ZB,1:남성,2021,01_시즌,당해년도,겨울,스웨터,라운드,스웨터_라운드_ZB,55.63311817411144,123406748,3094,30695257,278150600
2036,2021-10-24,ZB,1:남성,2021,01_시즌,당해년도,겨울,점퍼,패딩점퍼,점퍼_패딩점퍼_ZB,59.71894220150864,117036958,1112,29014649,283688000
2037,2021-10-24,ZB,1:남성,2021,01_시즌,당해년도,겨울,조끼,패딩베스트,조끼_패딩베스트_ZB,73.7202923423767,54635672,1607,20054047,207303000
2038,2021-10-24,ZB,1:남성,2021,01_시즌,당해년도,겨울,코트,싱글코트,코트_싱글코트_ZB,49.50629036854103,106319555,640,36486111,210560000
2041,2021-10-24,ZB,1:남성,2021,01_시즌,당해년도,사계절,니트 셔츠,라운드,니트 셔츠_라운드_ZB,44.65696434695734,3711470,337,1821551,6706300
2042,2021-10-24,ZB,1:남성,2021,01_시즌,당해년도,사계절,데님,데님팬츠,데님_데님팬츠_ZB,44.06631673966002,10651101,245,2983577,19575500
2043,2021-10-24,ZB,1:남성,2021,01_시즌,당해년도,사계절,수트,블레이져(수트),수트_블레이져(수트)_ZB,31.78307201793801,16373217,110,3830496,23010000
2044,2021-10-24,ZB,1:남성,2021,01_시즌,당해년도,사계절,수트,수트팬츠,수트_수트팬츠_ZB,29.984889396218097,11220506,144,2368839,15546000
2045,2021-10-24,ZB,1:남성,2021,01_시즌,당해년도,사계절,우븐 셔츠,드레스셔츠,우븐 셔츠_드레스셔츠_ZB,48.70259569438118,29824394,1174,8184355,54442600
2046,2021-10-24,ZB,1:남성,2021,01_시즌,당해년도,사계절,자켓,싱글재킷,자켓_싱글재킷_ZB,-34.94462311557789,1342699,5,118090,995000
2049,2021-10-24,ZB,1:남성,2021,02_이월,당해년도,봄,니트 셔츠,라운드,니트 셔츠_라운드_ZB,73.78826315365733,7360962,502,3295326,35089800
2050,2021-10-24,ZB,1:남성,2021,02_이월,당해년도,봄,수트,블레이져(수트),수트_블레이져(수트)_ZB,41.08978224455611,2437570,22,882141,4378000
2051,2021-10-24,ZB,1:남성,2021,02_이월,당해년도,봄,수트,수트팬츠,수트_수트팬츠_ZB,70.27878787878788,1600220,32,683086,3168000
2052,2021-10-24,ZB,1:남성,2021,02_이월,당해년도,봄,스웨터,T-에리,스웨터_T-에리_ZB,75.51538466571147,3742400,153,1506759,15284700
2053,2021-10-24,ZB,1:남성,2021,02_이월,당해년도,봄,스웨터,라운드,스웨터_라운드_ZB,64.25619360554474,2162704,64,568352,6053600
2054,2021-10-24,ZB,1:남성,2021,02_이월,당해년도,봄,스웨터,오픈형(CARDIGAN),스웨터_오픈형(CARDIGAN)_ZB,69.98855278701234,1358000,28,389524,4477200
2055,2021-10-24,ZB,1:남성,2021,02_이월,당해년도,봄,우븐 셔츠,드레스셔츠,우븐 셔츠_드레스셔츠_ZB,59.957948584558025,2770950,99,586981,6920100
2057,2021-10-24,ZB,1:남성,2021,02_이월,당해년도,봄,점퍼,패딩점퍼,점퍼_패딩점퍼_ZB,49.11708542713568,810056,8,154685,1592000
2059,2021-10-24,ZB,1:남성,2021,02_이월,당해년도,봄,코트,싱글코트,코트_싱글코트_ZB,65.62464605898342,5731469,74,1956974,18426000
2060,2021-10-24,ZB,1:남성,2021,02_이월,당해년도,여름,니트 셔츠,라운드,니트 셔츠_라운드_ZB,65.97389155543091,5532700,389,1678047,20538000
2062,2021-10-24,ZB,1:남성,2021,02_이월,당해년도,여름,수트,블레이져(수트),수트_블레이져(수트)_ZB,20.0,-1432800,-9,-394196,-1791000
2063,2021-10-24,ZB,1:남성,2021,02_이월,당해년도,여름,수트,수트팬츠,수트_수트팬츠_ZB,24.0,-1663200,-22,-459734,-2178000
2064,2021-10-24,ZB,1:남성,2021,02_이월,당해년도,여름,스웨터,T-에리,스웨터_T-에리_ZB,81.24582869855395,843000,24,177950,2157600
2065,2021-10-24,ZB,1:남성,2021,02_이월,당해년도,여름,스웨터,라운드,스웨터_라운드_ZB,56.61846496106785,117000,3,27573,269700
2066,2021-10-24,ZB,1:남성,2021,02_이월,당해년도,여름,우븐 셔츠,드레스셔츠,우븐 셔츠_드레스셔츠_ZB,64.56670131384008,13466170,810,5265131,56619000
2068,2021-10-24,ZB,1:남성,2021,02_이월,당해년도,여름,자켓,싱글재킷,자켓_싱글재킷_ZB,63.27470686767169,1372000,-15,-316370,-2985000
2070,2021-10-24,ZB,1:남성,2021,02_이월,당해년도,여름,팬츠,반바지,팬츠_반바지_ZB,47.02932743617452,415445,14,114016,788600
2072,2021-10-24,ZB,4:기타,2021,02_이월,당해년도,봄,조끼,패딩베스트,조끼_패딩베스트_ZB,83.08116040410493,4236985,317,3267600,25043000
2089,2021-10-31,ZA,1:남성,2021,01_시즌,당해년도,겨울,우븐 셔츠,캐쥬얼셔츠,우븐 셔츠_캐쥬얼셔츠_ZA,50.39060270855783,17845899,364,4013895,34803600
2100,2021-10-31,ZB,1:남성,2021,01_시즌,당해년도,가을,니트 셔츠,라운드,니트 셔츠_라운드_ZB,63.25918296290577,40159798,1558,11142182,108904200
2101,2021-10-31,ZB,1:남성,2021,01_시즌,당해년도,가을,수트,블레이져(수트),수트_블레이져(수트)_ZB,22.45590610997297,116456952,620,25382925,148180000
2102,2021-10-31,ZB,1:남성,2021,01_시즌,당해년도,가을,수트,수트팬츠,수트_수트팬츠_ZB,21.830173839613224,73073726,719,14647477,92751000
2103,2021-10-31,ZB,1:남성,2021,01_시즌,당해년도,가을,스웨터,오픈형(CARDIGAN),스웨터_오픈형(CARDIGAN)_ZB,60.922924094440056,38865200,622,10454896,99457800
2105,2021-10-31,ZB,1:남성,2021,01_시즌,당해년도,가을,코트,싱글코트,코트_싱글코트_ZB,62.74241581711461,15678364,169,3814495,42081000
2107,2021-10-31,ZB,1:남성,2021,01_시즌,당해년도,겨울,니트 셔츠,라운드,니트 셔츠_라운드_ZB,59.9316136957259,118358693,4274,33247946,298752600
2111,2021-10-31,ZB,1:남성,2021,01_시즌,당해년도,겨울,수트,블레이져(수트),수트_블레이져(수트)_ZB,23.02599104141444,75283027,409,16334747,97751000
2112,2021-10-31,ZB,1:남성,2021,01_시즌,당해년도,겨울,수트,수트팬츠,수트_수트팬츠_ZB,21.153071098311305,34192462,348,6827273,44892000
2113,2021-10-31,ZB,1:남성,2021,01_시즌,당해년도,겨울,스웨터,T-에리,스웨터_T-에리_ZB,59.001067199464,20438009,499,5066797,49850100
2116,2021-10-31,ZB,1:남성,2021,01_시즌,당해년도,겨울,스웨터,라운드,스웨터_라운드_ZB,56.63380787725667,105613634,2709,26872600,243539100
2118,2021-10-31,ZB,1:남성,2021,01_시즌,당해년도,겨울,점퍼,패딩점퍼,점퍼_패딩점퍼_ZB,62.52731942434322,87800197,867,23853008,249533000
2119,2021-10-31,ZB,1:남성,2021,01_시즌,당해년도,겨울,조끼,패딩베스트,조끼_패딩베스트_ZB,71.53932373373227,39778960,1093,13625837,140997000
2120,2021-10-31,ZB,1:남성,2021,01_시즌,당해년도,겨울,코트,싱글코트,코트_싱글코트_ZB,50.82378448455881,169555657,1048,59968789,344792000
2123,2021-10-31,ZB,1:남성,2021,01_시즌,당해년도,사계절,니트 셔츠,라운드,니트 셔츠_라운드_ZB,38.57656828744662,2603555,213,1151307,4238700
2124,2021-10-31,ZB,1:남성,2021,01_시즌,당해년도,사계절,데님,데님팬츠,데님_데님팬츠_ZB,47.68108394833668,9587911,238,2903571,19016200
2125,2021-10-31,ZB,1:남성,2021,01_시즌,당해년도,사계절,수트,블레이져(수트),수트_블레이져(수트)_ZB,20.8581663093435,25612068,175,6181995,36785000
2126,2021-10-31,ZB,1:남성,2021,01_시즌,당해년도,사계절,수트,수트팬츠,수트_수트팬츠_ZB,22.493552973293387,15273290,226,3918512,23814000
2127,2021-10-31,ZB,1:남성,2021,01_시즌,당해년도,사계절,우븐 셔츠,드레스셔츠,우븐 셔츠_드레스셔츠_ZB,52.14500718073273,34331494,1584,10874697,72191600
2128,2021-10-31,ZB,1:남성,2021,01_시즌,당해년도,사계절,자켓,싱글재킷,자켓_싱글재킷_ZB,61.13428987040466,2939025,38,897487,7562000
2131,2021-10-31,ZB,1:남성,2021,02_이월,당해년도,봄,니트 셔츠,라운드,니트 셔츠_라운드_ZB,76.57267016037957,12539613,862,6208403,60253800
2132,2021-10-31,ZB,1:남성,2021,02_이월,당해년도,봄,수트,블레이져(수트),수트_블레이져(수트)_ZB,68.4107683302878,3568900,64,2576400,12736000
2133,2021-10-31,ZB,1:남성,2021,02_이월,당해년도,봄,수트,수트팬츠,수트_수트팬츠_ZB,55.70880681818182,2908450,68,1441062,6732000
2134,2021-10-31,ZB,1:남성,2021,02_이월,당해년도,봄,스웨터,T-에리,스웨터_T-에리_ZB,54.95495495495496,225000,5,49242,499500
2135,2021-10-31,ZB,1:남성,2021,02_이월,당해년도,봄,스웨터,라운드,스웨터_라운드_ZB,77.02726960660613,10455420,484,4258640,45381600
2136,2021-10-31,ZB,1:남성,2021,02_이월,당해년도,봄,스웨터,오픈형(CARDIGAN),스웨터_오픈형(CARDIGAN)_ZB,72.20103223855568,1191000,27,385810,4317300
2137,2021-10-31,ZB,1:남성,2021,02_이월,당해년도,봄,우븐 셔츠,드레스셔츠,우븐 셔츠_드레스셔츠_ZB,76.67897392183488,7058505,433,2567300,30266700
2139,2021-10-31,ZB,1:남성,2021,02_이월,당해년도,봄,점퍼,패딩점퍼,점퍼_패딩점퍼_ZB,51.97415649676956,1338000,14,270698,2786000
2141,2021-10-31,ZB,1:남성,2021,02_이월,당해년도,봄,코트,싱글코트,코트_싱글코트_ZB,69.93608879964302,5814787,78,2046051,19422000
2142,2021-10-31,ZB,1:남성,2021,02_이월,당해년도,여름,니트 셔츠,라운드,니트 셔츠_라운드_ZB,67.38799303922472,4502353,227,725900,10984100
2144,2021-10-31,ZB,1:남성,2021,02_이월,당해년도,여름,수트,블레이져(수트),수트_블레이져(수트)_ZB,21.0,1377080,9,383485,1791000
2145,2021-10-31,ZB,1:남성,2021,02_이월,당해년도,여름,수트,수트팬츠,수트_수트팬츠_ZB,inf,-364720,-4,-95076,-396000
2146,2021-10-31,ZB,1:남성,2021,02_이월,당해년도,여름,스웨터,T-에리,스웨터_T-에리_ZB,51.17330413811799,1772445,27,187144,2427300
2147,2021-10-31,ZB,1:남성,2021,02_이월,당해년도,여름,스웨터,라운드,스웨터_라운드_ZB,65.7026325546904,-185000,-6,-55783,-539400
2148,2021-10-31,ZB,1:남성,2021,02_이월,당해년도,여름,우븐 셔츠,드레스셔츠,우븐 셔츠_드레스셔츠_ZB,95.80653173684034,4991540,984,6407933,68781600
2150,2021-10-31,ZB,1:남성,2021,02_이월,당해년도,여름,자켓,싱글재킷,자켓_싱글재킷_ZB,58.03740926856504,1503100,18,379858,3582000
2152,2021-10-31,ZB,1:남성,2021,02_이월,당해년도,여름,팬츠,반바지,팬츠_반바지_ZB,66.41504458590164,618535,75,658742,4402500
2154,2021-10-31,ZB,4:기타,2021,02_이월,당해년도,봄,조끼,패딩베스트,조끼_패딩베스트_ZB,83.33428849631382,-2396196,-182,-1728146,-14378000
2171,2021-11-07,ZA,1:남성,2021,01_시즌,당해년도,겨울,우븐 셔츠,캐쥬얼셔츠,우븐 셔츠_캐쥬얼셔츠_ZA,51.05562545612964,38048568,795,8850770,77470500
2182,2021-11-07,ZB,1:남성,2021,01_시즌,당해년도,가을,니트 셔츠,라운드,니트 셔츠_라운드_ZB,65.30466723214212,27711717,1156,8366864,80804400
2183,2021-11-07,ZB,1:남성,2021,01_시즌,당해년도,가을,수트,블레이져(수트),수트_블레이져(수트)_ZB,22.57636806685324,80827819,434,16558287,103726000
2184,2021-11-07,ZB,1:남성,2021,01_시즌,당해년도,가을,수트,수트팬츠,수트_수트팬츠_ZB,22.82380455067471,28689813,290,5746474,37410000
2185,2021-11-07,ZB,1:남성,2021,01_시즌,당해년도,가을,스웨터,오픈형(CARDIGAN),스웨터_오픈형(CARDIGAN)_ZB,58.77144438295517,18327000,278,4672914,44452200
2187,2021-11-07,ZB,1:남성,2021,01_시즌,당해년도,가을,코트,싱글코트,코트_싱글코트_ZB,62.25839273323661,17949531,191,4193786,47559000
2189,2021-11-07,ZB,1:남성,2021,01_시즌,당해년도,겨울,니트 셔츠,라운드,니트 셔츠_라운드_ZB,61.991596044887686,175834689,6689,52727286,467561100
2193,2021-11-07,ZB,1:남성,2021,01_시즌,당해년도,겨울,수트,블레이져(수트),수트_블레이져(수트)_ZB,22.200303243481105,244954820,1309,53708788,312851000
2194,2021-11-07,ZB,1:남성,2021,01_시즌,당해년도,겨울,수트,수트팬츠,수트_수트팬츠_ZB,22.303082849769176,152758715,1507,31538977,194403000
2195,2021-11-07,ZB,1:남성,2021,01_시즌,당해년도,겨울,스웨터,T-에리,스웨터_T-에리_ZB,56.65555516530176,44426929,1026,11328045,102497400
2198,2021-11-07,ZB,1:남성,2021,01_시즌,당해년도,겨울,스웨터,라운드,스웨터_라운드_ZB,58.35367054351672,123851686,3308,33710275,297389200
2200,2021-11-07,ZB,1:남성,2021,01_시즌,당해년도,겨울,점퍼,패딩점퍼,점퍼_패딩점퍼_ZB,64.47895428286998,102916363,1079,29085150,296521000
2201,2021-11-07,ZB,1:남성,2021,01_시즌,당해년도,겨울,조끼,패딩베스트,조끼_패딩베스트_ZB,72.90132444392745,60978158,1756,21909732,226524000
2202,2021-11-07,ZB,1:남성,2021,01_시즌,당해년도,겨울,코트,싱글코트,코트_싱글코트_ZB,52.4208042649684,197234798,1260,73898025,414540000
2205,2021-11-07,ZB,1:남성,2021,01_시즌,당해년도,사계절,니트 셔츠,라운드,니트 셔츠_라운드_ZB,15.030641009927686,693265,41,221613,815900
2206,2021-11-07,ZB,1:남성,2021,01_시즌,당해년도,사계절,데님,데님팬츠,데님_데님팬츠_ZB,46.36465969366471,12567732,293,3569244,23410700
2207,2021-11-07,ZB,1:남성,2021,01_시즌,당해년도,사계절,수트,블레이져(수트),수트_블레이져(수트)_ZB,25.57082356180835,22055164,137,4881608,29143000
2208,2021-11-07,ZB,1:남성,2021,01_시즌,당해년도,사계절,수트,수트팬츠,수트_수트팬츠_ZB,26.75814698251009,13113789,163,2821770,17487000
2209,2021-11-07,ZB,1:남성,2021,01_시즌,당해년도,사계절,우븐 셔츠,드레스셔츠,우븐 셔츠_드레스셔츠_ZB,44.11368874223791,25374274,1002,6899431,45039800
2210,2021-11-07,ZB,1:남성,2021,01_시즌,당해년도,사계절,자켓,싱글재킷,자켓_싱글재킷_ZB,47.57452479790256,2399514,23,543216,4577000
2213,2021-11-07,ZB,1:남성,2021,02_이월,당해년도,봄,니트 셔츠,라운드,니트 셔츠_라운드_ZB,76.37949328549142,5664923,362,2522600,25303800
2214,2021-11-07,ZB,1:남성,2021,02_이월,당해년도,봄,수트,블레이져(수트),수트_블레이져(수트)_ZB,34.240153146685806,1994132,16,653736,3184000
2215,2021-11-07,ZB,1:남성,2021,02_이월,당해년도,봄,수트,수트팬츠,수트_수트팬츠_ZB,28.700454545454544,1343662,21,448454,2079000
2216,2021-11-07,ZB,1:남성,2021,02_이월,당해년도,봄,스웨터,T-에리,스웨터_T-에리_ZB,66.42642642642643,167700,5,49242,499500
2217,2021-11-07,ZB,1:남성,2021,02_이월,당해년도,봄,스웨터,라운드,스웨터_라운드_ZB,63.414174985242255,2910766,83,744518,7911700
2218,2021-11-07,ZB,1:남성,2021,02_이월,당해년도,봄,스웨터,오픈형(CARDIGAN),스웨터_오픈형(CARDIGAN)_ZB,67.91744840525328,565000,11,155833,1758900
2219,2021-11-07,ZB,1:남성,2021,02_이월,당해년도,봄,우븐 셔츠,드레스셔츠,우븐 셔츠_드레스셔츠_ZB,58.98617923564275,1605445,56,332030,3914400
2221,2021-11-07,ZB,1:남성,2021,02_이월,당해년도,봄,점퍼,패딩점퍼,점퍼_패딩점퍼_ZB,43.96984924623116,892000,8,154685,1592000
2223,2021-11-07,ZB,1:남성,2021,02_이월,당해년도,봄,코트,싱글코트,코트_싱글코트_ZB,64.58929616772174,5157373,65,1723688,16185000
2224,2021-11-07,ZB,1:남성,2021,02_이월,당해년도,여름,니트 셔츠,라운드,니트 셔츠_라운드_ZB,-inf,961580,66,362559,4535200
2226,2021-11-07,ZB,1:남성,2021,02_이월,당해년도,여름,수트,블레이져(수트),수트_블레이져(수트)_ZB,45.0,218900,2,84982,398000
2227,2021-11-07,ZB,1:남성,2021,02_이월,당해년도,여름,수트,수트팬츠,수트_수트팬츠_ZB,44.31313131313131,580500,11,240160,1089000
2228,2021-11-07,ZB,1:남성,2021,02_이월,당해년도,여름,스웨터,T-에리,스웨터_T-에리_ZB,45.0,49445,1,7514,89900
2229,2021-11-07,ZB,1:남성,2021,02_이월,당해년도,여름,스웨터,라운드,스웨터_라운드_ZB,45.0,49445,1,9288,89900
2230,2021-11-07,ZB,1:남성,2021,02_이월,당해년도,여름,우븐 셔츠,드레스셔츠,우븐 셔츠_드레스셔츠_ZB,62.16506574017304,2552570,106,675875,7409400
2232,2021-11-07,ZB,1:남성,2021,02_이월,당해년도,여름,자켓,싱글재킷,자켓_싱글재킷_ZB,48.99497487437186,361000,4,84372,796000
2234,2021-11-07,ZB,1:남성,2021,02_이월,당해년도,여름,팬츠,반바지,팬츠_반바지_ZB,72.5,27445,0,-2618,-10000
2236,2021-11-07,ZB,4:기타,2021,02_이월,당해년도,봄,조끼,패딩베스트,조끼_패딩베스트_ZB,83.06156940570693,3158001,236,2382051,18644000
2253,2021-11-14,ZA,1:남성,2021,01_시즌,당해년도,겨울,우븐 셔츠,캐쥬얼셔츠,우븐 셔츠_캐쥬얼셔츠_ZA,57.13177146722095,32663584,761,8619620,75973900
2264,2021-11-14,ZB,1:남성,2021,01_시즌,당해년도,가을,니트 셔츠,라운드,니트 셔츠_라운드_ZB,69.47839222148905,15449787,730,5268426,51027000
2265,2021-11-14,ZB,1:남성,2021,01_시즌,당해년도,가을,수트,블레이져(수트),수트_블레이져(수트)_ZB,21.297528159558794,13320584,73,3436853,17447000
2266,2021-11-14,ZB,1:남성,2021,01_시즌,당해년도,가을,수트,수트팬츠,수트_수트팬츠_ZB,22.56609199207152,18151703,181,3601243,23349000
2267,2021-11-14,ZB,1:남성,2021,01_시즌,당해년도,가을,스웨터,오픈형(CARDIGAN),스웨터_오픈형(CARDIGAN)_ZB,55.70188884392615,10837400,153,2571708,24464700
2269,2021-11-14,ZB,1:남성,2021,01_시즌,당해년도,가을,코트,싱글코트,코트_싱글코트_ZB,61.703086419753085,5149403,54,1174700,13446000
2271,2021-11-14,ZB,1:남성,2021,01_시즌,당해년도,겨울,니트 셔츠,라운드,니트 셔츠_라운드_ZB,60.6859632023408,164262974,6150,47888964,429885000
2275,2021-11-14,ZB,1:남성,2021,01_시즌,당해년도,겨울,수트,블레이져(수트),수트_블레이져(수트)_ZB,23.473975917425182,63389530,339,13616879,81021000
2276,2021-11-14,ZB,1:남성,2021,01_시즌,당해년도,겨울,수트,수트팬츠,수트_수트팬츠_ZB,20.206578691260383,26201858,261,5369693,33669000
2277,2021-11-14,ZB,1:남성,2021,01_시즌,당해년도,겨울,스웨터,T-에리,스웨터_T-에리_ZB,55.4855257556407,38688865,870,9578897,86913000
2280,2021-11-14,ZB,1:남성,2021,01_시즌,당해년도,겨울,스웨터,라운드,스웨터_라운드_ZB,56.71513487208009,120786243,3104,31670782,279049600
2282,2021-11-14,ZB,1:남성,2021,01_시즌,당해년도,겨울,점퍼,패딩점퍼,점퍼_패딩점퍼_ZB,61.47949124205832,175719000,1550,47724481,561450000
2283,2021-11-14,ZB,1:남성,2021,01_시즌,당해년도,겨울,조끼,패딩베스트,조끼_패딩베스트_ZB,73.52382233952048,40313234,1162,14519122,149898000
2284,2021-11-14,ZB,1:남성,2021,01_시즌,당해년도,겨울,코트,싱글코트,코트_싱글코트_ZB,48.21348973114578,246706792,1448,84821881,476392000
2287,2021-11-14,ZB,1:남성,2021,01_시즌,당해년도,사계절,니트 셔츠,라운드,니트 셔츠_라운드_ZB,30.68731816979635,1048285,76,410795,1512400
2288,2021-11-14,ZB,1:남성,2021,01_시즌,당해년도,사계절,데님,데님팬츠,데님_데님팬츠_ZB,46.4162239590268,7727369,194,2367267,15500600
2289,2021-11-14,ZB,1:남성,2021,01_시즌,당해년도,사계절,수트,블레이져(수트),수트_블레이져(수트)_ZB,23.47832252895067,13170430,85,3014963,17315000
2290,2021-11-14,ZB,1:남성,2021,01_시즌,당해년도,사계절,수트,수트팬츠,수트_수트팬츠_ZB,25.234709583205795,8647212,109,1924261,11511000
2291,2021-11-14,ZB,1:남성,2021,01_시즌,당해년도,사계절,우븐 셔츠,드레스셔츠,우븐 셔츠_드레스셔츠_ZB,41.244447696362926,19947022,747,5149872,33675300
2292,2021-11-14,ZB,1:남성,2021,01_시즌,당해년도,사계절,자켓,싱글재킷,자켓_싱글재킷_ZB,37.536611629576456,870115,7,165327,1393000
2295,2021-11-14,ZB,1:남성,2021,02_이월,당해년도,봄,니트 셔츠,라운드,니트 셔츠_라운드_ZB,73.02861025585203,2633672,149,1042644,10415100
2296,2021-11-14,ZB,1:남성,2021,02_이월,당해년도,봄,수트,블레이져(수트),수트_블레이져(수트)_ZB,40.52093802345059,823450,7,276191,1393000
2297,2021-11-14,ZB,1:남성,2021,02_이월,당해년도,봄,수트,수트팬츠,수트_수트팬츠_ZB,-inf,546650,8,171199,792000
2298,2021-11-14,ZB,1:남성,2021,02_이월,당해년도,봄,스웨터,T-에리,스웨터_T-에리_ZB,67.0337003670337,98800,3,29545,299700
2299,2021-11-14,ZB,1:남성,2021,02_이월,당해년도,봄,스웨터,라운드,스웨터_라운드_ZB,58.12588721361232,2516840,64,579717,6123600
2300,2021-11-14,ZB,1:남성,2021,02_이월,당해년도,봄,스웨터,오픈형(CARDIGAN),스웨터_오픈형(CARDIGAN)_ZB,68.51650702741846,1341000,27,374313,4317300
2301,2021-11-14,ZB,1:남성,2021,02_이월,당해년도,봄,우븐 셔츠,드레스셔츠,우븐 셔츠_드레스셔츠_ZB,56.76042305334151,846285,28,166015,1957200
2303,2021-11-14,ZB,1:남성,2021,02_이월,당해년도,봄,점퍼,패딩점퍼,점퍼_패딩점퍼_ZB,45.550879396984925,433415,4,77342,796000
2305,2021-11-14,ZB,1:남성,2021,02_이월,당해년도,봄,코트,싱글코트,코트_싱글코트_ZB,-inf,11491785,117,3116463,29133000
2306,2021-11-14,ZB,1:남성,2021,02_이월,당해년도,여름,니트 셔츠,라운드,니트 셔츠_라운드_ZB,57.02164236189798,6485380,245,1636588,15557400
2308,2021-11-14,ZB,1:남성,2021,02_이월,당해년도,여름,수트,블레이져(수트),수트_블레이져(수트)_ZB,45.0,109450,1,40980,199000
2309,2021-11-14,ZB,1:남성,2021,02_이월,당해년도,여름,수트,수트팬츠,수트_수트팬츠_ZB,72.5,108900,1,18832,99000
2310,2021-11-14,ZB,1:남성,2021,02_이월,당해년도,여름,스웨터,T-에리,스웨터_T-에리_ZB,326.19948090470893,590560,2,21676,179800
2311,2021-11-14,ZB,1:남성,2021,02_이월,당해년도,여름,스웨터,라운드,스웨터_라운드_ZB,0.0,0,0,41,0
2312,2021-11-14,ZB,1:남성,2021,02_이월,당해년도,여름,우븐 셔츠,드레스셔츠,우븐 셔츠_드레스셔츠_ZB,100.02154438313237,1324455,36,242972,2516400
2314,2021-11-14,ZB,1:남성,2021,02_이월,당해년도,여름,자켓,싱글재킷,자켓_싱글재킷_ZB,72.5,218900,1,21645,199000
2316,2021-11-14,ZB,1:남성,2021,02_이월,당해년도,여름,팬츠,반바지,팬츠_반바지_ZB,-16.23246492985972,58000,1,6241,49900
2318,2021-11-14,ZB,4:기타,2021,02_이월,당해년도,봄,조끼,패딩베스트,조끼_패딩베스트_ZB,82.96068037974683,1723016,128,1540127,10112000
2335,2021-11-21,ZA,1:남성,2021,01_시즌,당해년도,겨울,우븐 셔츠,캐쥬얼셔츠,우븐 셔츠_캐쥬얼셔츠_ZA,59.666190974984126,28052195,694,7853885,69390600
2347,2021-11-21,ZB,1:남성,2021,01_시즌,당해년도,가을,니트 셔츠,라운드,니트 셔츠_라운드_ZB,73.41346866890918,16672926,893,6279365,62420700
2348,2021-11-21,ZB,1:남성,2021,01_시즌,당해년도,가을,수트,블레이져(수트),수트_블레이져(수트)_ZB,14.159627030918871,15660601,88,3516689,21032000
2349,2021-11-21,ZB,1:남성,2021,01_시즌,당해년도,가을,수트,수트팬츠,수트_수트팬츠_ZB,31.1885448622794,10029662,106,2101012,13674000
2350,2021-11-21,ZB,1:남성,2021,01_시즌,당해년도,가을,스웨터,오픈형(CARDIGAN),스웨터_오픈형(CARDIGAN)_ZB,55.590895884731104,9018290,127,2134712,20307300
2352,2021-11-21,ZB,1:남성,2021,01_시즌,당해년도,가을,코트,싱글코트,코트_싱글코트_ZB,77.03827943352357,2172638,38,841202,9462000
2354,2021-11-21,ZB,1:남성,2021,01_시즌,당해년도,겨울,니트 셔츠,라운드,니트 셔츠_라운드_ZB,63.61268581336631,98636381,3924,30693259,274287600
2358,2021-11-21,ZB,1:남성,2021,01_시즌,당해년도,겨울,수트,블레이져(수트),수트_블레이져(수트)_ZB,22.547689382762563,64092139,344,13795666,82216000
2359,2021-11-21,ZB,1:남성,2021,01_시즌,당해년도,겨울,수트,수트팬츠,수트_수트팬츠_ZB,23.474167106478045,29908356,301,6241179,38829000
2360,2021-11-21,ZB,1:남성,2021,01_시즌,당해년도,겨울,스웨터,T-에리,스웨터_T-에리_ZB,63.851733953659206,31887000,883,9772058,88211700
2363,2021-11-21,ZB,1:남성,2021,01_시즌,당해년도,겨울,스웨터,라운드,스웨터_라운드_ZB,59.32023282867308,95816310,2620,26708468,235538000
2365,2021-11-21,ZB,1:남성,2021,01_시즌,당해년도,겨울,점퍼,패딩점퍼,점퍼_패딩점퍼_ZB,60.754978632935135,81120205,809,25827415,313791000
2366,2021-11-21,ZB,1:남성,2021,01_시즌,당해년도,겨울,조끼,패딩베스트,조끼_패딩베스트_ZB,73.89699015287034,44611224,1329,16591860,171441000
2368,2021-11-21,ZB,1:남성,2021,01_시즌,당해년도,겨울,코트,싱글코트,코트_싱글코트_ZB,55.36828496248658,262400118,1787,105028482,587923000
2371,2021-11-21,ZB,1:남성,2021,01_시즌,당해년도,사계절,니트 셔츠,라운드,니트 셔츠_라운드_ZB,7.375406443984629,626698,34,183777,676600
2372,2021-11-21,ZB,1:남성,2021,01_시즌,당해년도,사계절,데님,데님팬츠,데님_데님팬츠_ZB,50.78949579831932,6966905,183,2231429,14621700
2373,2021-11-21,ZB,1:남성,2021,01_시즌,당해년도,사계절,수트,블레이져(수트),수트_블레이져(수트)_ZB,26.44553601340034,4625635,36,1289200,6844000
2374,2021-11-21,ZB,1:남성,2021,01_시즌,당해년도,사계절,수트,수트팬츠,수트_수트팬츠_ZB,28.79904296589079,4783081,68,1199373,6852000
2375,2021-11-21,ZB,1:남성,2021,01_시즌,당해년도,사계절,우븐 셔츠,드레스셔츠,우븐 셔츠_드레스셔츠_ZB,39.368632363814605,18213252,659,4491990,28664100
2376,2021-11-21,ZB,1:남성,2021,01_시즌,당해년도,사계절,자켓,싱글재킷,자켓_싱글재킷_ZB,64.19000558347292,641357,9,212563,1791000
2379,2021-11-21,ZB,1:남성,2021,02_이월,당해년도,봄,니트 셔츠,라운드,니트 셔츠_라운드_ZB,64.2130771588926,2746219,143,956873,9995700
2380,2021-11-21,ZB,1:남성,2021,02_이월,당해년도,봄,수트,블레이져(수트),수트_블레이져(수트)_ZB,40.20100502512563,952000,8,321438,1592000
2381,2021-11-21,ZB,1:남성,2021,02_이월,당해년도,봄,수트,수트팬츠,수트_수트팬츠_ZB,33.6026936026936,925400,15,322845,1485000
2382,2021-11-21,ZB,1:남성,2021,02_이월,당해년도,봄,스웨터,T-에리,스웨터_T-에리_ZB,0.0,0,0,0,0
2383,2021-11-21,ZB,1:남성,2021,02_이월,당해년도,봄,스웨터,라운드,스웨터_라운드_ZB,62.34045944687398,1728960,48,447375,4645200
2384,2021-11-21,ZB,1:남성,2021,02_이월,당해년도,봄,스웨터,오픈형(CARDIGAN),스웨터_오픈형(CARDIGAN)_ZB,66.20330888623572,873900,15,207100,2398500
2385,2021-11-21,ZB,1:남성,2021,02_이월,당해년도,봄,우븐 셔츠,드레스셔츠,우븐 셔츠_드레스셔츠_ZB,55.29113018597997,1250060,40,237164,2796000
2387,2021-11-21,ZB,1:남성,2021,02_이월,당해년도,봄,점퍼,패딩점퍼,점퍼_패딩점퍼_ZB,52.76381909547739,188000,2,38671,398000
2389,2021-11-21,ZB,1:남성,2021,02_이월,당해년도,봄,코트,싱글코트,코트_싱글코트_ZB,59.00510516642843,-12045120,-118,-3142958,-29382000
2390,2021-11-21,ZB,1:남성,2021,02_이월,당해년도,여름,니트 셔츠,라운드,니트 셔츠_라운드_ZB,65.72029811707924,1222179,36,234454,2212800
2392,2021-11-21,ZB,1:남성,2021,02_이월,당해년도,여름,수트,블레이져(수트),수트_블레이져(수트)_ZB,20.0,159200,1,45749,199000
2393,2021-11-21,ZB,1:남성,2021,02_이월,당해년도,여름,수트,수트팬츠,수트_수트팬츠_ZB,20.0,79200,1,23291,99000
2394,2021-11-21,ZB,1:남성,2021,02_이월,당해년도,여름,스웨터,T-에리,스웨터_T-에리_ZB,64.46051167964404,188400,7,54840,629300
2395,2021-11-21,ZB,1:남성,2021,02_이월,당해년도,여름,스웨터,라운드,스웨터_라운드_ZB,56.61846496106785,156000,4,37094,359600
2396,2021-11-21,ZB,1:남성,2021,02_이월,당해년도,여름,우븐 셔츠,드레스셔츠,우븐 셔츠_드레스셔츠_ZB,69.72738833253855,190445,9,58688,629100
2398,2021-11-21,ZB,1:남성,2021,02_이월,당해년도,여름,자켓,싱글재킷,자켓_싱글재킷_ZB,70.35175879396985,236000,4,84359,796000
2400,2021-11-21,ZB,1:남성,2021,02_이월,당해년도,여름,팬츠,반바지,팬츠_반바지_ZB,53.84181969949916,1040785,37,305981,2176300
2402,2021-11-21,ZB,4:기타,2021,02_이월,당해년도,봄,조끼,패딩베스트,조끼_패딩베스트_ZB,83.5494013000342,480851,37,444732,2923000
2419,2021-11-28,ZA,1:남성,2021,01_시즌,당해년도,겨울,우븐 셔츠,캐쥬얼셔츠,우븐 셔츠_캐쥬얼셔츠_ZA,56.03159291356706,22228465,512,5733792,50468800
2431,2021-11-28,ZB,1:남성,2021,01_시즌,당해년도,가을,니트 셔츠,라운드,니트 셔츠_라운드_ZB,74.54172183927759,10199394,573,4038206,40052700
2432,2021-11-28,ZB,1:남성,2021,01_시즌,당해년도,가을,수트,블레이져(수트),수트_블레이져(수트)_ZB,inf,133571508,946,34853409,226094000
2433,2021-11-28,ZB,1:남성,2021,01_시즌,당해년도,가을,수트,수트팬츠,수트_수트팬츠_ZB,29.539970853933955,50654466,691,13331308,89139000
2434,2021-11-28,ZB,1:남성,2021,01_시즌,당해년도,가을,스웨터,오픈형(CARDIGAN),스웨터_오픈형(CARDIGAN)_ZB,61.179160542217865,9745700,157,2638973,25104300
2436,2021-11-28,ZB,1:남성,2021,01_시즌,당해년도,가을,코트,싱글코트,코트_싱글코트_ZB,34.99196787148595,37230100,230,5034727,57270000
2438,2021-11-28,ZB,1:남성,2021,01_시즌,당해년도,겨울,니트 셔츠,라운드,니트 셔츠_라운드_ZB,68.21889829846391,87340324,3683,29437488,257441700
2442,2021-11-28,ZB,1:남성,2021,01_시즌,당해년도,겨울,수트,블레이져(수트),수트_블레이져(수트)_ZB,23.51825006089661,39515762,217,8891312,51863000
2443,2021-11-28,ZB,1:남성,2021,01_시즌,당해년도,겨울,수트,수트팬츠,수트_수트팬츠_ZB,23.06609475556658,25922742,262,5374383,33798000
2444,2021-11-28,ZB,1:남성,2021,01_시즌,당해년도,겨울,스웨터,T-에리,스웨터_T-에리_ZB,68.05469437048384,15765200,494,5446734,49350600
2447,2021-11-28,ZB,1:남성,2021,01_시즌,당해년도,겨울,스웨터,라운드,스웨터_라운드_ZB,62.66105572042724,69552297,2072,21101076,186272800
2449,2021-11-28,ZB,1:남성,2021,01_시즌,당해년도,겨울,점퍼,패딩점퍼,점퍼_패딩점퍼_ZB,73.12528918899451,90196093,1102,33358309,385898000
2450,2021-11-28,ZB,1:남성,2021,01_시즌,당해년도,겨울,조끼,패딩베스트,조끼_패딩베스트_ZB,74.71233151313797,38367148,1169,14582335,150801000
2452,2021-11-28,ZB,1:남성,2021,01_시즌,당해년도,겨울,코트,싱글코트,코트_싱글코트_ZB,52.84101327239853,217524599,1402,82382709,461258000
2455,2021-11-28,ZB,1:남성,2021,01_시즌,당해년도,사계절,니트 셔츠,라운드,니트 셔츠_라운드_ZB,6.90640703517588,592820,32,172966,636800
2456,2021-11-28,ZB,1:남성,2021,01_시즌,당해년도,사계절,데님,데님팬츠,데님_데님팬츠_ZB,49.22941059501947,8027745,222,2708833,17737800
2457,2021-11-28,ZB,1:남성,2021,01_시즌,당해년도,사계절,수트,블레이져(수트),수트_블레이져(수트)_ZB,36.672470831590175,8294150,62,2093324,12978000
2458,2021-11-28,ZB,1:남성,2021,01_시즌,당해년도,사계절,수트,수트팬츠,수트_수트팬츠_ZB,33.81238407600282,5779011,79,1380994,8541000
2459,2021-11-28,ZB,1:남성,2021,01_시즌,당해년도,사계절,우븐 셔츠,드레스셔츠,우븐 셔츠_드레스셔츠_ZB,44.01119933091403,15875236,617,4222986,27638300
2460,2021-11-28,ZB,1:남성,2021,01_시즌,당해년도,사계절,자켓,싱글재킷,자켓_싱글재킷_ZB,61.88931018730014,834243,11,259799,2189000
2463,2021-11-28,ZB,1:남성,2021,02_이월,당해년도,봄,니트 셔츠,라운드,니트 셔츠_라운드_ZB,72.6492121045547,2492661,153,1022206,10694700
2464,2021-11-28,ZB,1:남성,2021,02_이월,당해년도,봄,수트,블레이져(수트),수트_블레이져(수트)_ZB,64.01730876605248,1535500,29,1158338,5771000
2465,2021-11-28,ZB,1:남성,2021,02_이월,당해년도,봄,수트,수트팬츠,수트_수트팬츠_ZB,53.564491064491065,1536500,34,720914,3366000
2466,2021-11-28,ZB,1:남성,2021,02_이월,당해년도,봄,스웨터,T-에리,스웨터_T-에리_ZB,60.96096096096096,-39000,-1,-9848,-99900
2467,2021-11-28,ZB,1:남성,2021,02_이월,당해년도,봄,스웨터,라운드,스웨터_라운드_ZB,62.06975768283471,1033497,29,261177,2767100
2468,2021-11-28,ZB,1:남성,2021,02_이월,당해년도,봄,스웨터,오픈형(CARDIGAN),스웨터_오픈형(CARDIGAN)_ZB,75.60975609756098,78000,2,30424,319800
2469,2021-11-28,ZB,1:남성,2021,02_이월,당해년도,봄,우븐 셔츠,드레스셔츠,우븐 셔츠_드레스셔츠_ZB,69.78261628109843,866000,41,243093,2865900
2471,2021-11-28,ZB,1:남성,2021,02_이월,당해년도,봄,점퍼,패딩점퍼,점퍼_패딩점퍼_ZB,52.76381909547739,188000,2,38671,398000
2473,2021-11-28,ZB,1:남성,2021,02_이월,당해년도,봄,코트,싱글코트,코트_싱글코트_ZB,71.77999776885318,1186641,19,504807,4731000
2474,2021-11-28,ZB,1:남성,2021,02_이월,당해년도,여름,니트 셔츠,라운드,니트 셔츠_라운드_ZB,-inf,763915,23,130010,1281400
2476,2021-11-28,ZB,1:남성,2021,02_이월,당해년도,여름,수트,블레이져(수트),수트_블레이져(수트)_ZB,34.02010050251256,151000,2,89281,398000
2477,2021-11-28,ZB,1:남성,2021,02_이월,당해년도,여름,수트,수트팬츠,수트_수트팬츠_ZB,-1.8181818181818183,-43200,0,2090,0
2478,2021-11-28,ZB,1:남성,2021,02_이월,당해년도,여름,스웨터,T-에리,스웨터_T-에리_ZB,76.37282165368929,127445,2,12706,179800
2479,2021-11-28,ZB,1:남성,2021,02_이월,당해년도,여름,스웨터,라운드,스웨터_라운드_ZB,0.0,0,0,0,0
2480,2021-11-28,ZB,1:남성,2021,02_이월,당해년도,여름,우븐 셔츠,드레스셔츠,우븐 셔츠_드레스셔츠_ZB,73.78979814206514,6129680,361,2354546,25233900
2482,2021-11-28,ZB,1:남성,2021,02_이월,당해년도,여름,자켓,싱글재킷,자켓_싱글재킷_ZB,-inf,109450,1,21692,199000
2484,2021-11-28,ZB,1:남성,2021,02_이월,당해년도,여름,팬츠,반바지,팬츠_반바지_ZB,41.88376753507014,87000,3,16084,149700
2486,2021-11-28,ZB,4:기타,2021,02_이월,당해년도,봄,조끼,패딩베스트,조끼_패딩베스트_ZB,83.54224097515237,351044,27,326275,2133000
2502,2021-12-05,ZA,1:남성,2021,01_시즌,당해년도,겨울,우븐 셔츠,캐쥬얼셔츠,우븐 셔츠_캐쥬얼셔츠_ZA,69.28245784426902,15601415,492,5625941,49830800
2515,2021-12-05,ZB,1:남성,2021,01_시즌,당해년도,겨울,니트 셔츠,라운드,니트 셔츠_라운드_ZB,66.64492101661062,115900967,5041,40155489,352365900
2519,2021-12-05,ZB,1:남성,2021,01_시즌,당해년도,겨울,수트,블레이져(수트),수트_블레이져(수트)_ZB,24.04904794047106,47783967,263,10734196,62857000
2520,2021-12-05,ZB,1:남성,2021,01_시즌,당해년도,겨울,수트,수트팬츠,수트_수트팬츠_ZB,23.804102799692213,29650419,301,6185719,38829000
2521,2021-12-05,ZB,1:남성,2021,01_시즌,당해년도,겨울,스웨터,T-에리,스웨터_T-에리_ZB,63.5518171232457,32115150,882,9726408,88111800
2524,2021-12-05,ZB,1:남성,2021,01_시즌,당해년도,겨울,스웨터,라운드,스웨터_라운드_ZB,63.42540548056399,97326459,2960,30150677,266104000
2526,2021-12-05,ZB,1:남성,2021,01_시즌,당해년도,겨울,점퍼,패딩점퍼,점퍼_패딩점퍼_ZB,65.22741657322541,99356565,999,32198906,386601000
2527,2021-12-05,ZB,1:남성,2021,01_시즌,당해년도,겨울,조끼,패딩베스트,조끼_패딩베스트_ZB,75.90594325959285,47539777,1526,19027983,196854000
2529,2021-12-05,ZB,1:남성,2021,01_시즌,당해년도,겨울,코트,싱글코트,코트_싱글코트_ZB,52.076803277038586,238077649,1510,88740402,496790000
2532,2021-12-05,ZB,1:남성,2021,01_시즌,당해년도,사계절,니트 셔츠,라운드,니트 셔츠_라운드_ZB,13.657239686806124,738835,43,232423,855700
2533,2021-12-05,ZB,1:남성,2021,01_시즌,당해년도,사계절,데님,데님팬츠,데님_데님팬츠_ZB,49.03196462465499,6068485,162,1973412,12943800
2534,2021-12-05,ZB,1:남성,2021,01_시즌,당해년도,사계절,수트,블레이져(수트),수트_블레이져(수트)_ZB,19.98859575656058,2638018,20,679962,3940000
2535,2021-12-05,ZB,1:남성,2021,01_시즌,당해년도,사계절,수트,수트팬츠,수트_수트팬츠_ZB,28.941156220322885,3245459,44,760776,4686000
2536,2021-12-05,ZB,1:남성,2021,01_시즌,당해년도,사계절,우븐 셔츠,드레스셔츠,우븐 셔츠_드레스셔츠_ZB,47.02598205664313,18169113,802,5441024,35039800
2537,2021-12-05,ZB,1:남성,2021,01_시즌,당해년도,사계절,자켓,싱글재킷,자켓_싱글재킷_ZB,99.96326731697704,3728,51,1204523,10149000
2540,2021-12-05,ZB,1:남성,2021,02_이월,당해년도,가을,니트 셔츠,라운드,니트 셔츠_라운드_ZB,77.51007501919027,29775724,1907,13592046,133299300
2541,2021-12-05,ZB,1:남성,2021,02_이월,당해년도,가을,수트,블레이져(수트),수트_블레이져(수트)_ZB,-inf,-107894705,-804,-29268156,-192156000
2542,2021-12-05,ZB,1:남성,2021,02_이월,당해년도,가을,수트,수트팬츠,수트_수트팬츠_ZB,31.65116042771658,-35819282,-540,-10341029,-69660000
2543,2021-12-05,ZB,1:남성,2021,02_이월,당해년도,가을,스웨터,오픈형(CARDIGAN),스웨터_오픈형(CARDIGAN)_ZB,74.64277945455039,7460500,184,3092957,29421600
2545,2021-12-05,ZB,1:남성,2021,02_이월,당해년도,가을,코트,싱글코트,코트_싱글코트_ZB,14.380959298185653,-30059989,-141,-3085775,-35109000
2547,2021-12-05,ZB,1:남성,2021,02_이월,당해년도,봄,니트 셔츠,라운드,니트 셔츠_라운드_ZB,73.04544970383478,3296774,183,1292423,12791700
2548,2021-12-05,ZB,1:남성,2021,02_이월,당해년도,봄,수트,블레이져(수트),수트_블레이져(수트)_ZB,40.15410385259632,1072400,9,368023,1791000
2549,2021-12-05,ZB,1:남성,2021,02_이월,당해년도,봄,수트,수트팬츠,수트_수트팬츠_ZB,35.3030303030303,473600,7,147380,693000
2550,2021-12-05,ZB,1:남성,2021,02_이월,당해년도,봄,스웨터,T-에리,스웨터_T-에리_ZB,73.54497354497354,740000,28,275748,2797200
2551,2021-12-05,ZB,1:남성,2021,02_이월,당해년도,봄,스웨터,라운드,스웨터_라운드_ZB,76.1060071961073,5903000,264,2305276,24833600
2552,2021-12-05,ZB,1:남성,2021,02_이월,당해년도,봄,스웨터,오픈형(CARDIGAN),스웨터_오픈형(CARDIGAN)_ZB,71.1848414030699,1581000,34,480795,5436600
2553,2021-12-05,ZB,1:남성,2021,02_이월,당해년도,봄,우븐 셔츠,드레스셔츠,우븐 셔츠_드레스셔츠_ZB,59.2804535579929,768500,27,160086,1887300
2555,2021-12-05,ZB,1:남성,2021,02_이월,당해년도,봄,점퍼,패딩점퍼,점퍼_패딩점퍼_ZB,68.04020100502512,318000,5,96678,995000
2557,2021-12-05,ZB,1:남성,2021,02_이월,당해년도,봄,코트,싱글코트,코트_싱글코트_ZB,73.64997341839447,5008264,68,1796722,16932000
2558,2021-12-05,ZB,1:남성,2021,02_이월,당해년도,여름,니트 셔츠,라운드,니트 셔츠_라운드_ZB,-inf,1410655,89,-494164,11320800
2560,2021-12-05,ZB,1:남성,2021,02_이월,당해년도,여름,수트,블레이져(수트),수트_블레이져(수트)_ZB,0.0,0,0,0,0
2561,2021-12-05,ZB,1:남성,2021,02_이월,당해년도,여름,수트,수트팬츠,수트_수트팬츠_ZB,100.0,0,-1,-20635,-99000
2562,2021-12-05,ZB,1:남성,2021,02_이월,당해년도,여름,스웨터,T-에리,스웨터_T-에리_ZB,149.19076751946608,88445,-2,-15078,-179800
2563,2021-12-05,ZB,1:남성,2021,02_이월,당해년도,여름,스웨터,라운드,스웨터_라운드_ZB,45.0,49445,1,9291,89900
2564,2021-12-05,ZB,1:남성,2021,02_이월,당해년도,여름,우븐 셔츠,드레스셔츠,우븐 셔츠_드레스셔츠_ZB,86.88996703365055,843080,34,233832,2376600
2566,2021-12-05,ZB,1:남성,2021,02_이월,당해년도,여름,자켓,싱글재킷,자켓_싱글재킷_ZB,0.0,0,0,0,0
2568,2021-12-05,ZB,1:남성,2021,02_이월,당해년도,여름,팬츠,반바지,팬츠_반바지_ZB,100.0,0,-42,-372650,-2465800
2570,2021-12-05,ZB,4:기타,2021,02_이월,당해년도,봄,조끼,패딩베스트,조끼_패딩베스트_ZB,84.62316455696202,-121477,-10,-124313,-790000
2586,2021-12-12,ZA,1:남성,2021,01_시즌,당해년도,겨울,우븐 셔츠,캐쥬얼셔츠,우븐 셔츠_캐쥬얼셔츠_ZA,59.2286203311916,16487990,408,4593244,40479200
2599,2021-12-12,ZB,1:남성,2021,01_시즌,당해년도,겨울,니트 셔츠,라운드,니트 셔츠_라운드_ZB,64.59982810612539,65897388,2623,20386159,183347700
2603,2021-12-12,ZB,1:남성,2021,01_시즌,당해년도,겨울,수트,블레이져(수트),수트_블레이져(수트)_ZB,25.57624163207261,32437588,184,7340944,43976000
2604,2021-12-12,ZB,1:남성,2021,01_시즌,당해년도,겨울,수트,수트팬츠,수트_수트팬츠_ZB,25.3248096676616,15620748,169,3375757,21801000
2605,2021-12-12,ZB,1:남성,2021,01_시즌,당해년도,겨울,스웨터,T-에리,스웨터_T-에리_ZB,62.44797429007955,19957700,532,5875304,53146800
2608,2021-12-12,ZB,1:남성,2021,01_시즌,당해년도,겨울,스웨터,라운드,스웨터_라운드_ZB,61.624378584120265,68378373,1982,20195955,178181800
2610,2021-12-12,ZB,1:남성,2021,01_시즌,당해년도,겨울,점퍼,패딩점퍼,점퍼_패딩점퍼_ZB,64.28241661069987,82375791,768,24712965,295232000
2611,2021-12-12,ZB,1:남성,2021,01_시즌,당해년도,겨울,조끼,패딩베스트,조끼_패딩베스트_ZB,76.08187332455034,35891950,1164,14513130,150156000
2613,2021-12-12,ZB,1:남성,2021,01_시즌,당해년도,겨울,코트,싱글코트,코트_싱글코트_ZB,54.57778364763964,122091738,817,48115538,268793000
2616,2021-12-12,ZB,1:남성,2021,01_시즌,당해년도,사계절,니트 셔츠,라운드,니트 셔츠_라운드_ZB,11.178750897343862,618640,35,189182,696500
2617,2021-12-12,ZB,1:남성,2021,01_시즌,당해년도,사계절,데님,데님팬츠,데님_데님팬츠_ZB,48.2592721099394,4615850,112,1362792,8948800
2618,2021-12-12,ZB,1:남성,2021,01_시즌,당해년도,사계절,수트,블레이져(수트),수트_블레이져(수트)_ZB,28.80363560225369,4479543,34,1227614,6846000
2619,2021-12-12,ZB,1:남성,2021,01_시즌,당해년도,사계절,수트,수트팬츠,수트_수트팬츠_ZB,25.76168548227372,4768985,66,1174765,6834000
2620,2021-12-12,ZB,1:남성,2021,01_시즌,당해년도,사계절,우븐 셔츠,드레스셔츠,우븐 셔츠_드레스셔츠_ZB,41.0272738893872,14749259,635,4320794,27456500
2621,2021-12-12,ZB,1:남성,2021,01_시즌,당해년도,사계절,자켓,싱글재킷,자켓_싱글재킷_ZB,52.67580760947595,1318452,14,330653,2786000
2624,2021-12-12,ZB,1:남성,2021,02_이월,당해년도,가을,니트 셔츠,라운드,니트 셔츠_라운드_ZB,72.48274033913438,8483329,436,3107960,30476400
2625,2021-12-12,ZB,1:남성,2021,02_이월,당해년도,가을,수트,블레이져(수트),수트_블레이져(수트)_ZB,29.671201932655908,12950222,78,3039367,18642000
2626,2021-12-12,ZB,1:남성,2021,02_이월,당해년도,가을,수트,수트팬츠,수트_수트팬츠_ZB,34.9843841677838,7824648,89,1763093,11481000
2627,2021-12-12,ZB,1:남성,2021,02_이월,당해년도,가을,스웨터,오픈형(CARDIGAN),스웨터_오픈형(CARDIGAN)_ZB,54.72910700766927,5501500,76,1277480,12152400
2629,2021-12-12,ZB,1:남성,2021,02_이월,당해년도,가을,코트,싱글코트,코트_싱글코트_ZB,64.14437751004016,1428488,16,349346,3984000
2631,2021-12-12,ZB,1:남성,2021,02_이월,당해년도,봄,니트 셔츠,라운드,니트 셔츠_라운드_ZB,71.00561824853669,8615413,554,3546729,38724600
2632,2021-12-12,ZB,1:남성,2021,02_이월,당해년도,봄,수트,블레이져(수트),수트_블레이져(수트)_ZB,-inf,714000,5,199279,995000
2633,2021-12-12,ZB,1:남성,2021,02_이월,당해년도,봄,수트,수트팬츠,수트_수트팬츠_ZB,40.4040404040404,413000,7,149030,693000
2634,2021-12-12,ZB,1:남성,2021,02_이월,당해년도,봄,스웨터,T-에리,스웨터_T-에리_ZB,0.0,0,0,0,0
2635,2021-12-12,ZB,1:남성,2021,02_이월,당해년도,봄,스웨터,라운드,스웨터_라운드_ZB,58.87312971109782,1478000,38,349711,3656200
2636,2021-12-12,ZB,1:남성,2021,02_이월,당해년도,봄,스웨터,오픈형(CARDIGAN),스웨터_오픈형(CARDIGAN)_ZB,67.7100819591192,1332000,24,328677,3837600
2637,2021-12-12,ZB,1:남성,2021,02_이월,당해년도,봄,우븐 셔츠,드레스셔츠,우븐 셔츠_드레스셔츠_ZB,60.02010594285272,1034000,37,219377,2586300
2639,2021-12-12,ZB,1:남성,2021,02_이월,당해년도,봄,점퍼,패딩점퍼,점퍼_패딩점퍼_ZB,0.0,0,0,0,0
2641,2021-12-12,ZB,1:남성,2021,02_이월,당해년도,봄,코트,싱글코트,코트_싱글코트_ZB,46.49423917893797,4158641,46,1224072,11454000
2642,2021-12-12,ZB,1:남성,2021,02_이월,당해년도,여름,니트 셔츠,라운드,니트 셔츠_라운드_ZB,67.51568925174728,2828260,-29,-692713,-3353600
2644,2021-12-12,ZB,1:남성,2021,02_이월,당해년도,여름,수트,블레이져(수트),수트_블레이져(수트)_ZB,0.0,0,0,0,0
2645,2021-12-12,ZB,1:남성,2021,02_이월,당해년도,여름,수트,수트팬츠,수트_수트팬츠_ZB,-inf,79200,0,1120,0
2646,2021-12-12,ZB,1:남성,2021,02_이월,당해년도,여름,스웨터,T-에리,스웨터_T-에리_ZB,0.0,0,0,0,0
2647,2021-12-12,ZB,1:남성,2021,02_이월,당해년도,여름,스웨터,라운드,스웨터_라운드_ZB,0.0,0,0,0,0
2648,2021-12-12,ZB,1:남성,2021,02_이월,당해년도,여름,우븐 셔츠,드레스셔츠,우븐 셔츠_드레스셔츠_ZB,87.31701658740286,-656040,-38,-240287,-2656200
2650,2021-12-12,ZB,1:남성,2021,02_이월,당해년도,여름,자켓,싱글재킷,자켓_싱글재킷_ZB,96.69179229480736,0,-10,-210854,-1990000
2652,2021-12-12,ZB,1:남성,2021,02_이월,당해년도,여름,팬츠,반바지,팬츠_반바지_ZB,28.18773408172574,39920,-9,-64086,-469100
2654,2021-12-12,ZB,4:기타,2021,02_이월,당해년도,봄,조끼,패딩베스트,조끼_패딩베스트_ZB,83.72886075949367,578439,45,535984,3555000
2670,2021-12-19,ZA,1:남성,2021,01_시즌,당해년도,겨울,우븐 셔츠,캐쥬얼셔츠,우븐 셔츠_캐쥬얼셔츠_ZA,58.34878331839525,15086560,359,4093471,36274100
2683,2021-12-19,ZB,1:남성,2021,01_시즌,당해년도,겨울,니트 셔츠,라운드,니트 셔츠_라운드_ZB,64.89002392024489,70301394,2894,22938303,202290600
2687,2021-12-19,ZB,1:남성,2021,01_시즌,당해년도,겨울,수트,블레이져(수트),수트_블레이져(수트)_ZB,26.738496385615413,24716007,143,5771226,34177000
2688,2021-12-19,ZB,1:남성,2021,01_시즌,당해년도,겨울,수트,수트팬츠,수트_수트팬츠_ZB,26.607753453964943,13640439,149,3025445,19221000
2689,2021-12-19,ZB,1:남성,2021,01_시즌,당해년도,겨울,스웨터,T-에리,스웨터_T-에리_ZB,60.87262900294062,13798150,353,3896516,35264700
2692,2021-12-19,ZB,1:남성,2021,01_시즌,당해년도,겨울,스웨터,라운드,스웨터_라운드_ZB,62.3669853492419,63299822,1871,19040045,168202900
2694,2021-12-19,ZB,1:남성,2021,01_시즌,당해년도,겨울,점퍼,패딩점퍼,점퍼_패딩점퍼_ZB,68.23188050893644,65343948,742,23855533,285058000
2695,2021-12-19,ZB,1:남성,2021,01_시즌,당해년도,겨울,조끼,패딩베스트,조끼_패딩베스트_ZB,75.68365202755282,25475711,810,10098600,104490000
2697,2021-12-19,ZB,1:남성,2021,01_시즌,당해년도,겨울,코트,싱글코트,코트_싱글코트_ZB,56.16512516795596,100807500,699,41110196,229971000
2700,2021-12-19,ZB,1:남성,2021,01_시즌,당해년도,사계절,니트 셔츠,라운드,니트 셔츠_라운드_ZB,27.409776153494747,317800,22,118914,437800
2701,2021-12-19,ZB,1:남성,2021,01_시즌,당해년도,사계절,데님,데님팬츠,데님_데님팬츠_ZB,43.4528762218596,3365622,81,988654,6471900
2702,2021-12-19,ZB,1:남성,2021,01_시즌,당해년도,사계절,수트,블레이져(수트),수트_블레이져(수트)_ZB,24.53183975432719,3352139,22,797083,4538000
2703,2021-12-19,ZB,1:남성,2021,01_시즌,당해년도,사계절,수트,수트팬츠,수트_수트팬츠_ZB,inf,2842530,39,697553,3891000
2704,2021-12-19,ZB,1:남성,2021,01_시즌,당해년도,사계절,우븐 셔츠,드레스셔츠,우븐 셔츠_드레스셔츠_ZB,44.81613093179441,14805110,694,4696555,29840600
2705,2021-12-19,ZB,1:남성,2021,01_시즌,당해년도,사계절,자켓,싱글재킷,자켓_싱글재킷_ZB,56.8664752333094,600850,7,165327,1393000
2708,2021-12-19,ZB,1:남성,2021,02_이월,당해년도,가을,니트 셔츠,라운드,니트 셔츠_라운드_ZB,74.5997938071855,6973138,389,2826694,27191100
2709,2021-12-19,ZB,1:남성,2021,02_이월,당해년도,가을,수트,블레이져(수트),수트_블레이져(수트)_ZB,29.08336820083682,7726587,42,1668001,10038000
2710,2021-12-19,ZB,1:남성,2021,02_이월,당해년도,가을,수트,수트팬츠,수트_수트팬츠_ZB,-inf,4788214,50,981238,6450000
2711,2021-12-19,ZB,1:남성,2021,02_이월,당해년도,가을,스웨터,오픈형(CARDIGAN),스웨터_오픈형(CARDIGAN)_ZB,57.49888323059055,4757150,70,1176592,11193000
2713,2021-12-19,ZB,1:남성,2021,02_이월,당해년도,가을,코트,싱글코트,코트_싱글코트_ZB,60.9838911200357,874351,9,199735,2241000
2715,2021-12-19,ZB,1:남성,2021,02_이월,당해년도,봄,니트 셔츠,라운드,니트 셔츠_라운드_ZB,69.23627840078761,2279249,141,916778,9855900
2716,2021-12-19,ZB,1:남성,2021,02_이월,당해년도,봄,수트,블레이져(수트),수트_블레이져(수트)_ZB,33.46733668341709,159200,1,39620,199000
2717,2021-12-19,ZB,1:남성,2021,02_이월,당해년도,봄,수트,수트팬츠,수트_수트팬츠_ZB,inf,-82000,2,49736,198000
2718,2021-12-19,ZB,1:남성,2021,02_이월,당해년도,봄,스웨터,T-에리,스웨터_T-에리_ZB,0.0,0,0,0,0
2719,2021-12-19,ZB,1:남성,2021,02_이월,당해년도,봄,스웨터,라운드,스웨터_라운드_ZB,63.57716472578396,1462000,43,386120,4095700
2720,2021-12-19,ZB,1:남성,2021,02_이월,당해년도,봄,스웨터,오픈형(CARDIGAN),스웨터_오픈형(CARDIGAN)_ZB,63.10193871169481,295000,5,66478,799500
2721,2021-12-19,ZB,1:남성,2021,02_이월,당해년도,봄,우븐 셔츠,드레스셔츠,우븐 셔츠_드레스셔츠_ZB,64.38790108318005,1394000,56,332030,3914400
2723,2021-12-19,ZB,1:남성,2021,02_이월,당해년도,봄,점퍼,패딩점퍼,점퍼_패딩점퍼_ZB,0.0,0,0,0,0
2725,2021-12-19,ZB,1:남성,2021,02_이월,당해년도,봄,코트,싱글코트,코트_싱글코트_ZB,60.88482964114522,6038600,62,1651352,15438000
2726,2021-12-19,ZB,1:남성,2021,02_이월,당해년도,여름,니트 셔츠,라운드,니트 셔츠_라운드_ZB,-inf,276980,18,94947,1279100
2728,2021-12-19,ZB,1:남성,2021,02_이월,당해년도,여름,수트,블레이져(수트),수트_블레이져(수트)_ZB,20.0,3343200,21,882980,4179000
2729,2021-12-19,ZB,1:남성,2021,02_이월,당해년도,여름,수트,수트팬츠,수트_수트팬츠_ZB,20.0,2534400,32,681402,3168000
2730,2021-12-19,ZB,1:남성,2021,02_이월,당해년도,여름,스웨터,T-에리,스웨터_T-에리_ZB,56.61846496106785,39000,1,9382,89900
2731,2021-12-19,ZB,1:남성,2021,02_이월,당해년도,여름,스웨터,라운드,스웨터_라운드_ZB,0.0,0,0,-514,0
2732,2021-12-19,ZB,1:남성,2021,02_이월,당해년도,여름,우븐 셔츠,드레스셔츠,우븐 셔츠_드레스셔츠_ZB,45.63662374821173,38000,1,2531,69900
2734,2021-12-19,ZB,1:남성,2021,02_이월,당해년도,여름,자켓,싱글재킷,자켓_싱글재킷_ZB,60.30150753768845,158000,2,42746,398000
2736,2021-12-19,ZB,1:남성,2021,02_이월,당해년도,여름,팬츠,반바지,팬츠_반바지_ZB,46.7348720813915,-348000,-12,-55462,-578800
2738,2021-12-19,ZB,4:기타,2021,02_이월,당해년도,봄,조끼,패딩베스트,조끼_패딩베스트_ZB,82.80513775130305,230927,17,172682,1343000
2754,2021-12-26,ZA,1:남성,2021,01_시즌,당해년도,겨울,우븐 셔츠,캐쥬얼셔츠,우븐 셔츠_캐쥬얼셔츠_ZA,57.48698401307255,14182171,327,3764043,33477300
2767,2021-12-26,ZB,1:남성,2021,01_시즌,당해년도,겨울,니트 셔츠,라운드,니트 셔츠_라운드_ZB,62.912923390976246,64272864,2559,20474129,178874100
2771,2021-12-26,ZB,1:남성,2021,01_시즌,당해년도,겨울,수트,블레이져(수트),수트_블레이져(수트)_ZB,24.3598392774125,20531320,115,4648238,27485000
2772,2021-12-26,ZB,1:남성,2021,01_시즌,당해년도,겨울,수트,수트팬츠,수트_수트팬츠_ZB,25.38849274393428,12975820,137,2849026,17673000
2773,2021-12-26,ZB,1:남성,2021,01_시즌,당해년도,겨울,스웨터,T-에리,스웨터_T-에리_ZB,61.17960065328487,18421250,475,5247938,47452500
2776,2021-12-26,ZB,1:남성,2021,01_시즌,당해년도,겨울,스웨터,라운드,스웨터_라운드_ZB,61.31292817564688,52099957,1498,15270782,134670200
2778,2021-12-26,ZB,1:남성,2021,01_시즌,당해년도,겨울,점퍼,패딩점퍼,점퍼_패딩점퍼_ZB,68.34058799760123,49581872,547,17412697,206253000
2779,2021-12-26,ZB,1:남성,2021,01_시즌,당해년도,겨울,조끼,패딩베스트,조끼_패딩베스트_ZB,75.9777062470092,24817704,803,9992932,103587000
2781,2021-12-26,ZB,1:남성,2021,01_시즌,당해년도,겨울,코트,싱글코트,코트_싱글코트_ZB,56.42278577422972,61792054,431,25373117,141799000
2784,2021-12-26,ZB,1:남성,2021,01_시즌,당해년도,사계절,니트 셔츠,라운드,니트 셔츠_라운드_ZB,21.46446518305815,437600,28,151346,557200
2785,2021-12-26,ZB,1:남성,2021,01_시즌,당해년도,사계절,데님,데님팬츠,데님_데님팬츠_ZB,46.273685129667896,3843500,92,1121074,7350800
2786,2021-12-26,ZB,1:남성,2021,01_시즌,당해년도,사계절,수트,블레이져(수트),수트_블레이져(수트)_ZB,32.15187511632235,4066019,36,1191766,7244000
2787,2021-12-26,ZB,1:남성,2021,01_시즌,당해년도,사계절,수트,수트팬츠,수트_수트팬츠_ZB,78.00764003079895,2110841,27,469860,2643000
2788,2021-12-26,ZB,1:남성,2021,01_시즌,당해년도,사계절,우븐 셔츠,드레스셔츠,우븐 셔츠_드레스셔츠_ZB,37.244306684226885,5324692,220,1464797,8328000
2789,2021-12-26,ZB,1:남성,2021,01_시즌,당해년도,사계절,자켓,싱글재킷,자켓_싱글재킷_ZB,32.65829145728643,134010,1,23618,199000
2792,2021-12-26,ZB,1:남성,2021,02_이월,당해년도,가을,니트 셔츠,라운드,니트 셔츠_라운드_ZB,74.34182704568022,8479173,493,3848401,34460700
2793,2021-12-26,ZB,1:남성,2021,02_이월,당해년도,가을,수트,블레이져(수트),수트_블레이져(수트)_ZB,26.15129143868684,6015005,30,1203057,7170000
2794,2021-12-26,ZB,1:남성,2021,02_이월,당해년도,가을,수트,수트팬츠,수트_수트팬츠_ZB,37.35192875599852,2971535,28,556160,3612000
2795,2021-12-26,ZB,1:남성,2021,02_이월,당해년도,가을,스웨터,오픈형(CARDIGAN),스웨터_오픈형(CARDIGAN)_ZB,58.27829036983732,4870050,73,1227092,11672700
2797,2021-12-26,ZB,1:남성,2021,02_이월,당해년도,가을,코트,싱글코트,코트_싱글코트_ZB,60.24096385542169,297000,3,58501,747000
2799,2021-12-26,ZB,1:남성,2021,02_이월,당해년도,봄,니트 셔츠,라운드,니트 셔츠_라운드_ZB,65.3134271300569,3481921,147,1079369,10275300
2800,2021-12-26,ZB,1:남성,2021,02_이월,당해년도,봄,수트,블레이져(수트),수트_블레이져(수트)_ZB,62.83082077051927,427700,3,124137,597000
2801,2021-12-26,ZB,1:남성,2021,02_이월,당해년도,봄,수트,수트팬츠,수트_수트팬츠_ZB,56.24242424242424,669200,8,171062,792000
2802,2021-12-26,ZB,1:남성,2021,02_이월,당해년도,봄,스웨터,T-에리,스웨터_T-에리_ZB,41.44144144144144,117000,2,19696,199800
2803,2021-12-26,ZB,1:남성,2021,02_이월,당해년도,봄,스웨터,라운드,스웨터_라운드_ZB,59.422332510486015,4267500,111,1019938,10768900
2804,2021-12-26,ZB,1:남성,2021,02_이월,당해년도,봄,스웨터,오픈형(CARDIGAN),스웨터_오픈형(CARDIGAN)_ZB,63.10193871169481,885000,15,220513,2398500
2805,2021-12-26,ZB,1:남성,2021,02_이월,당해년도,봄,우븐 셔츠,드레스셔츠,우븐 셔츠_드레스셔츠_ZB,80.39994478327435,1561850,114,675917,7968600
2807,2021-12-26,ZB,1:남성,2021,02_이월,당해년도,봄,점퍼,패딩점퍼,점퍼_패딩점퍼_ZB,50.87939698492463,1564000,16,309369,3184000
2809,2021-12-26,ZB,1:남성,2021,02_이월,당해년도,봄,코트,싱글코트,코트_싱글코트_ZB,60.47720292936452,-1762000,-18,-478150,-4482000
2810,2021-12-26,ZB,1:남성,2021,02_이월,당해년도,여름,니트 셔츠,라운드,니트 셔츠_라운드_ZB,78.13916646308543,2450000,144,510454,7960000
2812,2021-12-26,ZB,1:남성,2021,02_이월,당해년도,여름,수트,블레이져(수트),수트_블레이져(수트)_ZB,20.0,159200,1,45749,199000
2813,2021-12-26,ZB,1:남성,2021,02_이월,당해년도,여름,수트,수트팬츠,수트_수트팬츠_ZB,0.0,0,0,0,0
2814,2021-12-26,ZB,1:남성,2021,02_이월,당해년도,여름,스웨터,T-에리,스웨터_T-에리_ZB,69.6329254727475,273000,10,75224,899000
2815,2021-12-26,ZB,1:남성,2021,02_이월,당해년도,여름,스웨터,라운드,스웨터_라운드_ZB,100.0,0,-1,-9284,-89900
2816,2021-12-26,ZB,1:남성,2021,02_이월,당해년도,여름,우븐 셔츠,드레스셔츠,우븐 셔츠_드레스셔츠_ZB,83.17324068397029,285000,7,57897,489300
2818,2021-12-26,ZB,1:남성,2021,02_이월,당해년도,여름,자켓,싱글재킷,자켓_싱글재킷_ZB,159.54773869346735,237000,-3,-62320,-597000
2820,2021-12-26,ZB,1:남성,2021,02_이월,당해년도,여름,팬츠,반바지,팬츠_반바지_ZB,-inf,29000,-2,-18535,-119800
2822,2021-12-26,ZB,4:기타,2021,02_이월,당해년도,봄,조끼,패딩베스트,조끼_패딩베스트_ZB,81.7539029535865,172973,12,137291,948000
2834,2022-01-02,ZA,1:남성,2022,01_시즌,당해년도,봄,우븐 셔츠,캐쥬얼셔츠,우븐 셔츠_캐쥬얼셔츠_ZA,24.49162077337597,7650660,78,1079267,10132200
2837,2022-01-02,ZB,1:남성,2022,01_시즌,당해년도,봄,수트,블레이져(수트),수트_블레이져(수트)_ZB,27.393608654414454,26998200,151,6403133,36089000
2838,2022-01-02,ZB,1:남성,2022,01_시즌,당해년도,봄,수트,수트팬츠,수트_수트팬츠_ZB,33.448764973701934,14704950,157,3269050,20253000
2839,2022-01-02,ZB,1:남성,2022,01_시즌,당해년도,봄,스웨터,라운드,스웨터_라운드_ZB,44.324673505541135,11047730,205,2442961,19979500
2840,2022-01-02,ZB,1:남성,2022,01_시즌,당해년도,봄,스웨터,오픈형(CARDIGAN),스웨터_오픈형(CARDIGAN)_ZB,32.13447358087176,4666230,43,637899,6875700
2842,2022-01-02,ZB,1:남성,2022,01_시즌,당해년도,봄,점퍼,패딩점퍼,점퍼_패딩점퍼_ZB,45.29228023203927,3678000,27,635090,6723000
2843,2022-01-02,ZB,1:남성,2022,01_시즌,당해년도,사계절,니트 셔츠,라운드,니트 셔츠_라운드_ZB,48.59015182980294,2228000,62,330673,4333800
2844,2022-01-02,ZB,1:남성,2022,01_시즌,당해년도,사계절,수트,블레이져(수트),수트_블레이져(수트)_ZB,30.039191798944543,179081088,1071,38666091,255969000
2845,2022-01-02,ZB,1:남성,2022,01_시즌,당해년도,사계절,수트,수트팬츠,수트_수트팬츠_ZB,29.954225986701054,108575539,1207,21134213,155703000
2846,2022-01-02,ZB,1:남성,2022,01_시즌,당해년도,사계절,우븐 셔츠,드레스셔츠,우븐 셔츠_드레스셔츠_ZB,45.16104552740056,60345650,1595,11296026,111490500
2849,2022-01-02,ZB,3:남녀공용,2022,01_시즌,당해년도,봄,니트 셔츠,라운드,니트 셔츠_라운드_ZB,45.16939092320336,1801350,47,438283,3285300
2856,2022-01-09,ZA,1:남성,2022,01_시즌,당해년도,봄,우븐 셔츠,캐쥬얼셔츠,우븐 셔츠_캐쥬얼셔츠_ZA,25.83333333333333,6936660,72,997497,9352800
2860,2022-01-09,ZB,1:남성,2022,01_시즌,당해년도,봄,수트,블레이져(수트),수트_블레이져(수트)_ZB,22.259946384977148,111142300,593,24692294,141727000
2861,2022-01-09,ZB,1:남성,2022,01_시즌,당해년도,봄,수트,수트팬츠,수트_수트팬츠_ZB,21.85505173372749,80229960,789,16506652,101781000
2862,2022-01-09,ZB,1:남성,2022,01_시즌,당해년도,봄,스웨터,T-에리,스웨터_T-에리_ZB,20.078740157480315,10139850,127,1338880,12687300
2863,2022-01-09,ZB,1:남성,2022,01_시즌,당해년도,봄,스웨터,라운드,스웨터_라운드_ZB,-1.113873094198457,36946820,520,6486428,52028000
2864,2022-01-09,ZB,1:남성,2022,01_시즌,당해년도,봄,스웨터,오픈형(CARDIGAN),스웨터_오픈형(CARDIGAN)_ZB,46.629864819358254,4345480,45,687824,7195500
2866,2022-01-09,ZB,1:남성,2022,01_시즌,당해년도,봄,점퍼,패딩점퍼,점퍼_패딩점퍼_ZB,40.08032128514056,1342800,9,211697,2241000
2867,2022-01-09,ZB,1:남성,2022,01_시즌,당해년도,봄,코트,싱글코트,코트_싱글코트_ZB,39.45288753799392,5179200,26,679110,8554000
2868,2022-01-09,ZB,1:남성,2022,01_시즌,당해년도,사계절,니트 셔츠,라운드,니트 셔츠_라운드_ZB,47.070490310833655,813950,22,120118,1537800
2869,2022-01-09,ZB,1:남성,2022,01_시즌,당해년도,사계절,수트,블레이져(수트),수트_블레이져(수트)_ZB,31.44432149439333,155632370,953,34308895,227767000
2870,2022-01-09,ZB,1:남성,2022,01_시즌,당해년도,사계절,수트,수트팬츠,수트_수트팬츠_ZB,31.165357450473728,91127300,1025,18020014,132225000
2871,2022-01-09,ZB,1:남성,2022,01_시즌,당해년도,사계절,우븐 셔츠,드레스셔츠,우븐 셔츠_드레스셔츠_ZB,46.85211122220525,64453740,1724,13263194,120507600
2872,2022-01-09,ZB,1:남성,2022,01_시즌,당해년도,사계절,자켓,싱글재킷,자켓_싱글재킷_ZB,26.154292520538743,24179300,137,4013500,32743000
2875,2022-01-09,ZB,3:남녀공용,2022,01_시즌,당해년도,봄,니트 셔츠,라운드,니트 셔츠_라운드_ZB,35.265057552729324,4932220,109,1021169,7619100
2882,2022-01-16,ZA,1:남성,2022,01_시즌,당해년도,봄,우븐 셔츠,캐쥬얼셔츠,우븐 셔츠_캐쥬얼셔츠_ZA,-5.891434159332543,-5089460,-37,-512602,-4806300
2886,2022-01-16,ZB,1:남성,2022,01_시즌,당해년도,봄,수트,블레이져(수트),수트_블레이져(수트)_ZB,24.688130933644697,95834017,525,21723681,125475000
2887,2022-01-16,ZB,1:남성,2022,01_시즌,당해년도,봄,수트,수트팬츠,수트_수트팬츠_ZB,25.5935619337607,56127031,567,11766282,73143000
2888,2022-01-16,ZB,1:남성,2022,01_시즌,당해년도,봄,스웨터,T-에리,스웨터_T-에리_ZB,4.984101748807631,-3227310,-34,-358440,-3396600
2889,2022-01-16,ZB,1:남성,2022,01_시즌,당해년도,봄,스웨터,라운드,스웨터_라운드_ZB,69.25759281021658,13937052,342,3683201,31655800
2890,2022-01-16,ZB,1:남성,2022,01_시즌,당해년도,봄,스웨터,오픈형(CARDIGAN),스웨터_오픈형(CARDIGAN)_ZB,44.167415489944375,5312320,58,873082,9274200
2892,2022-01-16,ZB,1:남성,2022,01_시즌,당해년도,봄,점퍼,패딩점퍼,점퍼_패딩점퍼_ZB,40.67058933408051,6352400,43,1011439,10707000
2893,2022-01-16,ZB,1:남성,2022,01_시즌,당해년도,봄,코트,싱글코트,코트_싱글코트_ZB,29.72644376899696,0,0,-45907,-1280000
2894,2022-01-16,ZB,1:남성,2022,01_시즌,당해년도,사계절,니트 셔츠,라운드,니트 셔츠_라운드_ZB,45.37651190011705,2520000,66,360387,4613400
2895,2022-01-16,ZB,1:남성,2022,01_시즌,당해년도,사계절,수트,블레이져(수트),수트_블레이져(수트)_ZB,31.420029715649637,99259052,609,21936362,145551000
2896,2022-01-16,ZB,1:남성,2022,01_시즌,당해년도,사계절,수트,수트팬츠,수트_수트팬츠_ZB,31.627482482865613,59368156,676,11834231,87204000
2897,2022-01-16,ZB,1:남성,2022,01_시즌,당해년도,사계절,우븐 셔츠,드레스셔츠,우븐 셔츠_드레스셔츠_ZB,46.8913875627494,58197539,1568,12053229,109603200
2898,2022-01-16,ZB,1:남성,2022,01_시즌,당해년도,사계절,자켓,싱글재킷,자켓_싱글재킷_ZB,26.447437238493723,11250600,64,1874920,15296000
2901,2022-01-16,ZB,3:남녀공용,2022,01_시즌,당해년도,봄,니트 셔츠,라운드,니트 셔츠_라운드_ZB,60.89047070728218,2241680,82,771680,5731800
2910,2022-01-23,ZA,1:남성,2022,01_시즌,당해년도,봄,우븐 셔츠,캐쥬얼셔츠,우븐 셔츠_캐쥬얼셔츠_ZA,44.68314787598853,3161690,44,609581,5715600
2914,2022-01-23,ZB,1:남성,2022,01_시즌,당해년도,봄,수트,블레이져(수트),수트_블레이져(수트)_ZB,23.005591279640026,70473211,381,15783662,91059000
2915,2022-01-23,ZB,1:남성,2022,01_시즌,당해년도,봄,수트,수트팬츠,수트_수트팬츠_ZB,22.991856319342997,38685849,390,8142887,50310000
2916,2022-01-23,ZB,1:남성,2022,01_시즌,당해년도,봄,스웨터,T-에리,스웨터_T-에리_ZB,49.84401513813278,9369790,187,1971421,18681300
2917,2022-01-23,ZB,1:남성,2022,01_시즌,당해년도,봄,스웨터,라운드,스웨터_라운드_ZB,56.37560099891116,24235765,537,5722812,49656300
2918,2022-01-23,ZB,1:남성,2022,01_시즌,당해년도,봄,스웨터,오픈형(CARDIGAN),스웨터_오픈형(CARDIGAN)_ZB,44.29908844542991,9016020,98,1467109,15670200
2920,2022-01-23,ZB,1:남성,2022,01_시즌,당해년도,봄,점퍼,패딩점퍼,점퍼_패딩점퍼_ZB,37.5686077643909,7461800,48,1129049,11952000
2921,2022-01-23,ZB,1:남성,2022,01_시즌,당해년도,봄,코트,싱글코트,코트_싱글코트_ZB,32.43915770187422,22551000,119,2806969,30751000
2922,2022-01-23,ZB,1:남성,2022,01_시즌,당해년도,사계절,니트 셔츠,라운드,니트 셔츠_라운드_ZB,54.32828569114909,1692000,53,289486,3704700
2923,2022-01-23,ZB,1:남성,2022,01_시즌,당해년도,사계절,데님,데님팬츠,데님_데님팬츠_ZB,0.0,0,0,0,0
2924,2022-01-23,ZB,1:남성,2022,01_시즌,당해년도,사계절,수트,블레이져(수트),수트_블레이져(수트)_ZB,38.82468746458318,111456003,765,27532076,182835000
2925,2022-01-23,ZB,1:남성,2022,01_시즌,당해년도,사계절,수트,수트팬츠,수트_수트팬츠_ZB,38.931360907826026,63968765,815,14349721,105135000
2926,2022-01-23,ZB,1:남성,2022,01_시즌,당해년도,사계절,우븐 셔츠,드레스셔츠,우븐 셔츠_드레스셔츠_ZB,50.78540975131159,62154561,1851,14241974,129384900
2927,2022-01-23,ZB,1:남성,2022,01_시즌,당해년도,사계절,자켓,싱글재킷,자켓_싱글재킷_ZB,43.68723849372385,13997100,104,3046745,24856000
2930,2022-01-23,ZB,1:남성,2022,01_시즌,당해년도,여름,우븐 셔츠,드레스셔츠,우븐 셔츠_드레스셔츠_ZB,20.83820740592873,2379366,43,267284,3005700
2931,2022-01-23,ZB,3:남녀공용,2022,01_시즌,당해년도,봄,니트 셔츠,라운드,니트 셔츠_라운드_ZB,56.04962592931354,5622000,183,1716779,12791700
2940,2022-01-30,ZA,1:남성,2022,01_시즌,당해년도,봄,우븐 셔츠,캐쥬얼셔츠,우븐 셔츠_캐쥬얼셔츠_ZA,39.17463005730904,3555547,45,623435,5845500
2944,2022-01-30,ZB,1:남성,2022,01_시즌,당해년도,봄,수트,블레이져(수트),수트_블레이져(수트)_ZB,24.853005239962638,66541509,370,15480996,88430000
2945,2022-01-30,ZB,1:남성,2022,01_시즌,당해년도,봄,수트,수트팬츠,수트_수트팬츠_ZB,24.860013460026096,39839851,410,8587407,52890000
2946,2022-01-30,ZB,1:남성,2022,01_시즌,당해년도,봄,스웨터,T-에리,스웨터_T-에리_ZB,44.24141788847671,9469480,170,1792201,16983000
2947,2022-01-30,ZB,1:남성,2022,01_시즌,당해년도,봄,스웨터,라운드,스웨터_라운드_ZB,41.12695276173609,59830310,1069,11616483,99743100
2948,2022-01-30,ZB,1:남성,2022,01_시즌,당해년도,봄,스웨터,오픈형(CARDIGAN),스웨터_오픈형(CARDIGAN)_ZB,38.42735371481016,13892720,142,2134402,22705800
2950,2022-01-30,ZB,1:남성,2022,01_시즌,당해년도,봄,점퍼,패딩점퍼,점퍼_패딩점퍼_ZB,100.29657089898052,-9600,13,305784,3237000
2951,2022-01-30,ZB,1:남성,2022,01_시즌,당해년도,봄,코트,싱글코트,코트_싱글코트_ZB,20.1152462806308,-5693934,-15,-262681,-1335000
2952,2022-01-30,ZB,1:남성,2022,01_시즌,당해년도,사계절,니트 셔츠,라운드,니트 셔츠_라운드_ZB,48.27196747232889,3435000,95,518797,6640500
2953,2022-01-30,ZB,1:남성,2022,01_시즌,당해년도,사계절,데님,데님팬츠,데님_데님팬츠_ZB,40.999836793315055,6425587,109,1343637,10889100
2954,2022-01-30,ZB,1:남성,2022,01_시즌,당해년도,사계절,수트,블레이져(수트),수트_블레이져(수트)_ZB,41.48123075453002,67545993,482,17286998,115198000
2955,2022-01-30,ZB,1:남성,2022,01_시즌,당해년도,사계절,수트,수트팬츠,수트_수트팬츠_ZB,40.96561737312047,38693478,510,8998783,65790000
2956,2022-01-30,ZB,1:남성,2022,01_시즌,당해년도,사계절,우븐 셔츠,드레스셔츠,우븐 셔츠_드레스셔츠_ZB,51.21444159874105,43368862,1304,9998527,91149600
2957,2022-01-30,ZB,1:남성,2022,01_시즌,당해년도,사계절,자켓,싱글재킷,자켓_싱글재킷_ZB,43.038522579714325,7896000,58,1699146,13862000
2960,2022-01-30,ZB,1:남성,2022,01_시즌,당해년도,여름,수트,블레이져(수트),수트_블레이져(수트)_ZB,20.08620689655172,22155300,116,4630544,27724000
2961,2022-01-30,ZB,1:남성,2022,01_시즌,당해년도,여름,수트,수트팬츠,수트_수트팬츠_ZB,20.104166666666668,19788600,192,3915833,24768000
2962,2022-01-30,ZB,1:남성,2022,01_시즌,당해년도,여름,우븐 셔츠,드레스셔츠,우븐 셔츠_드레스셔츠_ZB,25.10593364670618,2198740,42,261068,2935800
2964,2022-01-30,ZB,3:남녀공용,2022,01_시즌,당해년도,봄,니트 셔츠,라운드,니트 셔츠_라운드_ZB,41.61073749901434,10366780,254,2383449,17754600
2973,2022-02-06,ZA,1:남성,2022,01_시즌,당해년도,봄,우븐 셔츠,캐쥬얼셔츠,우븐 셔츠_캐쥬얼셔츠_ZA,39.91696124177154,7648691,98,1357702,12730200
2977,2022-02-06,ZB,1:남성,2022,01_시즌,당해년도,봄,수트,블레이져(수트),수트_블레이져(수트)_ZB,22.978601710388176,133085442,722,30249243,172558000
2978,2022-02-06,ZB,1:남성,2022,01_시즌,당해년도,봄,수트,수트팬츠,수트_수트팬츠_ZB,22.86564106336761,78429645,786,16536122,101394000
2979,2022-02-06,ZB,1:남성,2022,01_시즌,당해년도,봄,스웨터,T-에리,스웨터_T-에리_ZB,45.243808164600246,11049690,202,2211769,20179800
2980,2022-02-06,ZB,1:남성,2022,01_시즌,당해년도,봄,스웨터,라운드,스웨터_라운드_ZB,47.39501094531684,51230975,1035,11605207,97396500
2981,2022-02-06,ZB,1:남성,2022,01_시즌,당해년도,봄,스웨터,오픈형(CARDIGAN),스웨터_오픈형(CARDIGAN)_ZB,42.49980851897378,22076779,241,3677756,38535900
2983,2022-02-06,ZB,1:남성,2022,01_시즌,당해년도,봄,점퍼,패딩점퍼,점퍼_패딩점퍼_ZB,42.85870755750274,9390600,66,1552442,16434000
2984,2022-02-06,ZB,1:남성,2022,01_시즌,당해년도,봄,코트,싱글코트,코트_싱글코트_ZB,32.66119717130308,44431046,236,6220074,65964000
2985,2022-02-06,ZB,1:남성,2022,01_시즌,당해년도,사계절,니트 셔츠,라운드,니트 셔츠_라운드_ZB,49.23249429687198,5252000,148,808170,10345200
2986,2022-02-06,ZB,1:남성,2022,01_시즌,당해년도,사계절,데님,데님팬츠,데님_데님팬츠_ZB,41.26150372092543,19745850,337,4145187,33666300
2987,2022-02-06,ZB,1:남성,2022,01_시즌,당해년도,사계절,수트,블레이져(수트),수트_블레이져(수트)_ZB,34.39833460361701,145564520,967,34884024,231113000
2988,2022-02-06,ZB,1:남성,2022,01_시즌,당해년도,사계절,수트,수트팬츠,수트_수트팬츠_ZB,38.25011389461756,73516938,940,16552478,121260000
2989,2022-02-06,ZB,1:남성,2022,01_시즌,당해년도,사계절,우븐 셔츠,드레스셔츠,우븐 셔츠_드레스셔츠_ZB,50.69712558435105,73397653,2214,17161645,154758600
2990,2022-02-06,ZB,1:남성,2022,01_시즌,당해년도,사계절,자켓,싱글재킷,자켓_싱글재킷_ZB,41.61019274298648,17025300,122,3574066,29158000
2993,2022-02-06,ZB,1:남성,2022,01_시즌,당해년도,여름,수트,블레이져(수트),수트_블레이져(수트)_ZB,22.567568797481957,61256022,331,13213019,79109000
2994,2022-02-06,ZB,1:남성,2022,01_시즌,당해년도,여름,수트,수트팬츠,수트_수트팬츠_ZB,22.341790311831357,44279158,442,9014574,57018000
2995,2022-02-06,ZB,1:남성,2022,01_시즌,당해년도,여름,우븐 셔츠,드레스셔츠,우븐 셔츠_드레스셔츠_ZB,28.67685186541476,14607480,293,1821258,20480700
2998,2022-02-06,ZB,3:남녀공용,2022,01_시즌,당해년도,봄,니트 셔츠,라운드,니트 셔츠_라운드_ZB,50.367365794672665,11656919,336,3153691,23486400
3007,2022-02-13,ZA,1:남성,2022,01_시즌,당해년도,봄,우븐 셔츠,캐쥬얼셔츠,우븐 셔츠_캐쥬얼셔츠_ZA,36.71000024832998,10194500,124,1717910,16107600
3013,2022-02-13,ZA,1:남성,2022,01_시즌,당해년도,여름,우븐 셔츠,캐쥬얼셔츠,우븐 셔츠_캐쥬얼셔츠_ZA,0.0,0,0,0,0
3016,2022-02-13,ZB,1:남성,2022,01_시즌,당해년도,봄,수트,블레이져(수트),수트_블레이져(수트)_ZB,22.14438015729401,74998211,401,16949801,95839000
3017,2022-02-13,ZB,1:남성,2022,01_시즌,당해년도,봄,수트,수트팬츠,수트_수트팬츠_ZB,22.47554063527719,41436941,413,8718491,53277000
3018,2022-02-13,ZB,1:남성,2022,01_시즌,당해년도,봄,스웨터,T-에리,스웨터_T-에리_ZB,50.38238238238238,4213280,85,934962,8491500
3019,2022-02-13,ZB,1:남성,2022,01_시즌,당해년도,봄,스웨터,라운드,스웨터_라운드_ZB,47.39439609151975,56111329,1137,12430540,105336300
3020,2022-02-13,ZB,1:남성,2022,01_시즌,당해년도,봄,스웨터,오픈형(CARDIGAN),스웨터_오픈형(CARDIGAN)_ZB,45.67253521769838,19486220,226,3453835,36137400
3022,2022-02-13,ZB,1:남성,2022,01_시즌,당해년도,봄,점퍼,패딩점퍼,점퍼_패딩점퍼_ZB,45.54656104733896,17219811,127,2987274,31623000
3023,2022-02-13,ZB,1:남성,2022,01_시즌,당해년도,봄,코트,싱글코트,코트_싱글코트_ZB,32.257308083485874,62640851,327,8649953,92463000
3024,2022-02-13,ZB,1:남성,2022,01_시즌,당해년도,사계절,니트 셔츠,라운드,니트 셔츠_라운드_ZB,51.864490800811794,7234045,215,1174089,15028500
3025,2022-02-13,ZB,1:남성,2022,01_시즌,당해년도,사계절,데님,데님팬츠,데님_데님팬츠_ZB,inf,6089000,108,1342232,10789200
3026,2022-02-13,ZB,1:남성,2022,01_시즌,당해년도,사계절,수트,블레이져(수트),수트_블레이져(수트)_ZB,36.18329479291823,112029018,765,27581988,182835000
3027,2022-02-13,ZB,1:남성,2022,01_시즌,당해년도,사계절,수트,수트팬츠,수트_수트팬츠_ZB,42.394266222467934,52017195,694,12275508,89526000
3028,2022-02-13,ZB,1:남성,2022,01_시즌,당해년도,사계절,우븐 셔츠,드레스셔츠,우븐 셔츠_드레스셔츠_ZB,49.73706898934661,79652612,2326,17973286,162587400
3029,2022-02-13,ZB,1:남성,2022,01_시즌,당해년도,사계절,자켓,싱글재킷,자켓_싱글재킷_ZB,39.44845949030049,15919000,110,3222518,26290000
3032,2022-02-13,ZB,1:남성,2022,01_시즌,당해년도,여름,수트,블레이져(수트),수트_블레이져(수트)_ZB,24.240471476681293,37118381,205,8183290,48995000
3033,2022-02-13,ZB,1:남성,2022,01_시즌,당해년도,여름,수트,수트팬츠,수트_수트팬츠_ZB,25.514203935599284,18736902,195,3977138,25155000
3034,2022-02-13,ZB,1:남성,2022,01_시즌,당해년도,여름,우븐 셔츠,드레스셔츠,우븐 셔츠_드레스셔츠_ZB,54.04390805339529,8544800,266,1653428,18593400
3036,2022-02-13,ZB,1:남성,2022,01_시즌,당해년도,여름,자켓,싱글재킷,자켓_싱글재킷_ZB,20.0,1912000,10,234697,2390000
3038,2022-02-13,ZB,3:남녀공용,2022,01_시즌,당해년도,봄,니트 셔츠,라운드,니트 셔츠_라운드_ZB,63.425361209413616,4371730,171,1605773,11952900
3048,2022-02-20,ZA,1:남성,2022,01_시즌,당해년도,봄,우븐 셔츠,캐쥬얼셔츠,우븐 셔츠_캐쥬얼셔츠_ZA,38.64325051392026,7252920,91,1260725,11820900
3054,2022-02-20,ZA,1:남성,2022,01_시즌,당해년도,여름,우븐 셔츠,캐쥬얼셔츠,우븐 셔츠_캐쥬얼셔츠_ZA,0.0,0,0,0,0
3057,2022-02-20,ZB,1:남성,2022,01_시즌,당해년도,봄,수트,블레이져(수트),수트_블레이져(수트)_ZB,22.019618986044428,62431710,334,14077904,79826000
3058,2022-02-20,ZB,1:남성,2022,01_시즌,당해년도,봄,수트,수트팬츠,수트_수트팬츠_ZB,22.72866472502468,36333140,363,7665503,46827000
3059,2022-02-20,ZB,1:남성,2022,01_시즌,당해년도,봄,스웨터,T-에리,스웨터_T-에리_ZB,52.72538865396008,9256558,196,2155742,19580400
3060,2022-02-20,ZB,1:남성,2022,01_시즌,당해년도,봄,스웨터,라운드,스웨터_라운드_ZB,48.01054734303271,52889000,1084,11907588,100701600
3061,2022-02-20,ZB,1:남성,2022,01_시즌,당해년도,봄,스웨터,오픈형(CARDIGAN),스웨터_오픈형(CARDIGAN)_ZB,55.60159848332881,10725340,136,2053239,21746400
3063,2022-02-20,ZB,1:남성,2022,01_시즌,당해년도,봄,점퍼,패딩점퍼,점퍼_패딩점퍼_ZB,50.24030135139097,16974526,137,3222493,34113000
3064,2022-02-20,ZB,1:남성,2022,01_시즌,당해년도,봄,코트,싱글코트,코트_싱글코트_ZB,38.407316959073015,43740650,253,6696812,71077000
3065,2022-02-20,ZB,1:남성,2022,01_시즌,당해년도,사계절,니트 셔츠,라운드,니트 셔츠_라운드_ZB,51.74772210874205,6307200,187,1021128,13071300
3066,2022-02-20,ZB,1:남성,2022,01_시즌,당해년도,사계절,데님,데님팬츠,데님_데님팬츠_ZB,42.81954556163857,17536450,303,3786366,30269700
3067,2022-02-20,ZB,1:남성,2022,01_시즌,당해년도,사계절,수트,블레이져(수트),수트_블레이져(수트)_ZB,25.69978695243788,33343879,315,11012041,75285000
3068,2022-02-20,ZB,1:남성,2022,01_시즌,당해년도,사계절,수트,수트팬츠,수트_수트팬츠_ZB,38.77213766356682,48794014,629,11098921,81141000
3069,2022-02-20,ZB,1:남성,2022,01_시즌,당해년도,사계절,우븐 셔츠,드레스셔츠,우븐 셔츠_드레스셔츠_ZB,51.04695777086794,62157162,1860,14402881,130014000
3070,2022-02-20,ZB,1:남성,2022,01_시즌,당해년도,사계절,자켓,싱글재킷,자켓_싱글재킷_ZB,41.724425166020495,15181370,109,3193223,26051000
3073,2022-02-20,ZB,1:남성,2022,01_시즌,당해년도,여름,수트,블레이져(수트),수트_블레이져(수트)_ZB,21.77851803250476,83485360,449,18033749,107311000
3074,2022-02-20,ZB,1:남성,2022,01_시즌,당해년도,여름,수트,수트팬츠,수트_수트팬츠_ZB,21.74566077265895,54965384,549,11330447,70821000
3075,2022-02-20,ZB,1:남성,2022,01_시즌,당해년도,여름,우븐 셔츠,드레스셔츠,우븐 셔츠_드레스셔츠_ZB,48.39891998629833,15365460,426,2647972,29777400
3077,2022-02-20,ZB,1:남성,2022,01_시즌,당해년도,여름,자켓,싱글재킷,자켓_싱글재킷_ZB,20.0,191200,1,23470,239000
3079,2022-02-20,ZB,3:남녀공용,2022,01_시즌,당해년도,봄,니트 셔츠,라운드,니트 셔츠_라운드_ZB,51.64975767773976,15343756,454,4262122,31734600
3089,2022-02-27,ZA,1:남성,2022,01_시즌,당해년도,봄,우븐 셔츠,캐쥬얼셔츠,우븐 셔츠_캐쥬얼셔츠_ZA,48.058628094485634,5127860,76,1052912,9872400
3095,2022-02-27,ZA,1:남성,2022,01_시즌,당해년도,여름,우븐 셔츠,캐쥬얼셔츠,우븐 셔츠_캐쥬얼셔츠_ZA,0.0,0,0,0,0
3100,2022-02-27,ZB,1:남성,2022,01_시즌,당해년도,봄,수트,블레이져(수트),수트_블레이져(수트)_ZB,24.66793298874124,46152850,254,10705929,60706000
3101,2022-02-27,ZB,1:남성,2022,01_시즌,당해년도,봄,수트,수트팬츠,수트_수트팬츠_ZB,25.64634006174704,27844884,289,6088992,37281000
3102,2022-02-27,ZB,1:남성,2022,01_시즌,당해년도,봄,스웨터,T-에리,스웨터_T-에리_ZB,51.342647480193946,13075739,269,2958717,26873100
3103,2022-02-27,ZB,1:남성,2022,01_시즌,당해년도,봄,스웨터,라운드,스웨터_라운드_ZB,50.5699552700212,44440324,941,10446959,87915900
3104,2022-02-27,ZB,1:남성,2022,01_시즌,당해년도,봄,스웨터,오픈형(CARDIGAN),스웨터_오픈형(CARDIGAN)_ZB,45.3413447222494,12049180,138,2110285,22066200
3106,2022-02-27,ZB,1:남성,2022,01_시즌,당해년도,봄,점퍼,패딩점퍼,점퍼_패딩점퍼_ZB,53.83597198712204,13908760,121,2846143,30129000
3107,2022-02-27,ZB,1:남성,2022,01_시즌,당해년도,봄,코트,싱글코트,코트_싱글코트_ZB,57.59844915767842,31959680,267,7217654,75203000
3108,2022-02-27,ZB,1:남성,2022,01_시즌,당해년도,사계절,니트 셔츠,라운드,니트 셔츠_라운드_ZB,60.26207993927185,5444254,196,1070150,13700400
3109,2022-02-27,ZB,1:남성,2022,01_시즌,당해년도,사계절,데님,데님팬츠,데님_데님팬츠_ZB,35.279872143871046,8722550,182,2237192,18181800
3110,2022-02-27,ZB,1:남성,2022,01_시즌,당해년도,사계절,수트,블레이져(수트),수트_블레이져(수트)_ZB,40.6630678235672,64557327,457,16404306,109223000
3111,2022-02-27,ZB,1:남성,2022,01_시즌,당해년도,사계절,수트,수트팬츠,수트_수트팬츠_ZB,40.83920449551679,38064013,496,8780429,63984000
3112,2022-02-27,ZB,1:남성,2022,01_시즌,당해년도,사계절,우븐 셔츠,드레스셔츠,우븐 셔츠_드레스셔츠_ZB,50.2880826500434,52432648,1570,12040049,109743000
3113,2022-02-27,ZB,1:남성,2022,01_시즌,당해년도,사계절,자켓,싱글재킷,자켓_싱글재킷_ZB,42.17424242424242,18242870,132,3867022,31548000
3116,2022-02-27,ZB,1:남성,2022,01_시즌,당해년도,여름,수트,블레이져(수트),수트_블레이져(수트)_ZB,23.86429056541919,98198508,544,22009393,130016000
3117,2022-02-27,ZB,1:남성,2022,01_시즌,당해년도,여름,수트,수트팬츠,수트_수트팬츠_ZB,24.3784081834236,59545454,614,12634277,79206000
3118,2022-02-27,ZB,1:남성,2022,01_시즌,당해년도,여름,우븐 셔츠,드레스셔츠,우븐 셔츠_드레스셔츠_ZB,47.5637573653653,18216508,497,3089300,34740300
3120,2022-02-27,ZB,1:남성,2022,01_시즌,당해년도,여름,자켓,싱글재킷,자켓_싱글재킷_ZB,27.355648535564853,694480,4,93879,956000
3123,2022-02-27,ZB,3:남녀공용,2022,01_시즌,당해년도,봄,니트 셔츠,라운드,니트 셔츠_라운드_ZB,58.45238464587965,12052340,415,3894829,29008500
3133,2022-03-06,ZA,1:남성,2022,01_시즌,당해년도,봄,우븐 셔츠,캐쥬얼셔츠,우븐 셔츠_캐쥬얼셔츠_ZA,46.55230680591263,11039140,159,2202804,20654100
3139,2022-03-06,ZA,1:남성,2022,01_시즌,당해년도,여름,우븐 셔츠,캐쥬얼셔츠,우븐 셔츠_캐쥬얼셔츠_ZA,29.81651376146789,7642350,109,945253,10889100
3144,2022-03-06,ZB,1:남성,2022,01_시즌,당해년도,봄,수트,블레이져(수트),수트_블레이져(수트)_ZB,24.22351479555215,67883835,375,15848131,89625000
3145,2022-03-06,ZB,1:남성,2022,01_시즌,당해년도,봄,수트,수트팬츠,수트_수트팬츠_ZB,24.401181262460103,38828180,398,8420303,51342000
3146,2022-03-06,ZB,1:남성,2022,01_시즌,당해년도,봄,스웨터,T-에리,스웨터_T-에리_ZB,50.69355417005336,30391655,617,6786266,61638300
3147,2022-03-06,ZB,1:남성,2022,01_시즌,당해년도,봄,스웨터,라운드,스웨터_라운드_ZB,55.094957674235246,90585266,2147,23530898,199175300
3148,2022-03-06,ZB,1:남성,2022,01_시즌,당해년도,봄,스웨터,오픈형(CARDIGAN),스웨터_오픈형(CARDIGAN)_ZB,50.97745804690549,29726536,377,5727222,60282300
3150,2022-03-06,ZB,1:남성,2022,01_시즌,당해년도,봄,점퍼,패딩점퍼,점퍼_패딩점퍼_ZB,52.8118391373714,25732176,219,5151284,54531000
3151,2022-03-06,ZB,1:남성,2022,01_시즌,당해년도,봄,코트,싱글코트,코트_싱글코트_ZB,45.822127835581725,131302367,871,24541040,242159000
3152,2022-03-06,ZB,1:남성,2022,01_시즌,당해년도,사계절,니트 셔츠,라운드,니트 셔츠_라운드_ZB,48.99109194519276,14939540,419,2287989,29288100
3153,2022-03-06,ZB,1:남성,2022,01_시즌,당해년도,사계절,데님,데님팬츠,데님_데님팬츠_ZB,54.39057759193387,21858105,452,5723516,45154800
3154,2022-03-06,ZB,1:남성,2022,01_시즌,당해년도,사계절,수트,블레이져(수트),수트_블레이져(수트)_ZB,38.86769080414135,89967596,623,22357011,148897000
3155,2022-03-06,ZB,1:남성,2022,01_시즌,당해년도,사계절,수트,수트팬츠,수트_수트팬츠_ZB,38.43851376442875,51480207,655,11500638,84495000
3156,2022-03-06,ZB,1:남성,2022,01_시즌,당해년도,사계절,우븐 셔츠,드레스셔츠,우븐 셔츠_드레스셔츠_ZB,50.51525324597909,71548134,2133,16445724,149096700
3157,2022-03-06,ZB,1:남성,2022,01_시즌,당해년도,사계절,자켓,싱글재킷,자켓_싱글재킷_ZB,40.61216607660122,18451800,130,3808431,31070000
3160,2022-03-06,ZB,1:남성,2022,01_시즌,당해년도,여름,수트,블레이져(수트),수트_블레이져(수트)_ZB,23.252589113023635,145068694,796,32421346,190244000
3161,2022-03-06,ZB,1:남성,2022,01_시즌,당해년도,여름,수트,수트팬츠,수트_수트팬츠_ZB,23.252251752863494,96116351,977,20659936,126033000
3162,2022-03-06,ZB,1:남성,2022,01_시즌,당해년도,여름,스웨터,T-에리,스웨터_T-에리_ZB,0.0,0,0,0,0
3163,2022-03-06,ZB,1:남성,2022,01_시즌,당해년도,여름,우븐 셔츠,드레스셔츠,우븐 셔츠_드레스셔츠_ZB,38.947430804336776,17001698,485,3013782,33901500
3165,2022-03-06,ZB,1:남성,2022,01_시즌,당해년도,여름,자켓,싱글재킷,자켓_싱글재킷_ZB,33.34986311276409,12902800,81,1901046,19359000
3167,2022-03-06,ZB,1:남성,2022,01_시즌,당해년도,여름,팬츠,반바지,팬츠_반바지_ZB,0.0,0,0,0,0
3169,2022-03-06,ZB,3:남녀공용,2022,01_시즌,당해년도,봄,니트 셔츠,라운드,니트 셔츠_라운드_ZB,54.13960702154059,27055614,844,7920636,58995600
3179,2022-03-13,ZA,1:남성,2022,01_시즌,당해년도,봄,우븐 셔츠,캐쥬얼셔츠,우븐 셔츠_캐쥬얼셔츠_ZA,48.22600125500546,16006553,238,3297282,30916200
3185,2022-03-13,ZA,1:남성,2022,01_시즌,당해년도,여름,우븐 셔츠,캐쥬얼셔츠,우븐 셔츠_캐쥬얼셔츠_ZA,268.5735735735736,-336810,2,17344,199800
3190,2022-03-13,ZB,1:남성,2022,01_시즌,당해년도,봄,수트,블레이져(수트),수트_블레이져(수트)_ZB,24.64665545769284,63132480,352,14993537,84128000
3191,2022-03-13,ZB,1:남성,2022,01_시즌,당해년도,봄,수트,수트팬츠,수트_수트팬츠_ZB,24.68356341284243,37408445,388,8236505,50052000
3192,2022-03-13,ZB,1:남성,2022,01_시즌,당해년도,봄,스웨터,T-에리,스웨터_T-에리_ZB,61.57608084274751,28213339,735,8084270,73426500
3193,2022-03-13,ZB,1:남성,2022,01_시즌,당해년도,봄,스웨터,라운드,스웨터_라운드_ZB,56.00727398253508,99817378,2435,26322189,224166500
3194,2022-03-13,ZB,1:남성,2022,01_시즌,당해년도,봄,스웨터,오픈형(CARDIGAN),스웨터_오픈형(CARDIGAN)_ZB,57.78273213619184,45470855,669,10225618,106973100
3196,2022-03-13,ZB,1:남성,2022,01_시즌,당해년도,봄,점퍼,패딩점퍼,점퍼_패딩점퍼_ZB,58.35302234579343,24266028,234,5504112,58266000
3197,2022-03-13,ZB,1:남성,2022,01_시즌,당해년도,봄,코트,싱글코트,코트_싱글코트_ZB,45.84934191613832,133595714,903,26059175,254527000
3198,2022-03-13,ZB,1:남성,2022,01_시즌,당해년도,사계절,니트 셔츠,라운드,니트 셔츠_라운드_ZB,53.62059041592264,22207157,685,3740500,47881500
3199,2022-03-13,ZB,1:남성,2022,01_시즌,당해년도,사계절,데님,데님팬츠,데님_데님팬츠_ZB,57.44982102201467,21599900,493,6209957,49250700
3200,2022-03-13,ZB,1:남성,2022,01_시즌,당해년도,사계절,수트,블레이져(수트),수트_블레이져(수트)_ZB,39.13626769194837,75101415,526,18821123,125714000
3201,2022-03-13,ZB,1:남성,2022,01_시즌,당해년도,사계절,수트,수트팬츠,수트_수트팬츠_ZB,39.5081117420828,42921691,556,9756742,71724000
3202,2022-03-13,ZB,1:남성,2022,01_시즌,당해년도,사계절,우븐 셔츠,드레스셔츠,우븐 셔츠_드레스셔츠_ZB,53.1912317717048,65231222,2013,15469637,140708700
3203,2022-03-13,ZB,1:남성,2022,01_시즌,당해년도,사계절,자켓,싱글재킷,자켓_싱글재킷_ZB,42.135980758148975,23095266,167,4892369,39913000
3206,2022-03-13,ZB,1:남성,2022,01_시즌,당해년도,여름,니트 셔츠,라운드,니트 셔츠_라운드_ZB,0.0,0,0,0,0
3207,2022-03-13,ZB,1:남성,2022,01_시즌,당해년도,여름,수트,블레이져(수트),수트_블레이져(수트)_ZB,24.498542426090147,115501450,643,26419272,153677000
3208,2022-03-13,ZB,1:남성,2022,01_시즌,당해년도,여름,수트,수트팬츠,수트_수트팬츠_ZB,24.309939721682277,72634055,748,15825670,96492000
3209,2022-03-13,ZB,1:남성,2022,01_시즌,당해년도,여름,스웨터,T-에리,스웨터_T-에리_ZB,0.0,0,0,0,0
3210,2022-03-13,ZB,1:남성,2022,01_시즌,당해년도,여름,우븐 셔츠,드레스셔츠,우븐 셔츠_드레스셔츠_ZB,52.00358197062712,26504102,790,4910558,55221000
3212,2022-03-13,ZB,1:남성,2022,01_시즌,당해년도,여름,자켓,싱글재킷,자켓_싱글재킷_ZB,-24.89539748953975,-597000,-2,-46939,-478000
3214,2022-03-13,ZB,1:남성,2022,01_시즌,당해년도,여름,팬츠,반바지,팬츠_반바지_ZB,0.0,0,0,0,0
3216,2022-03-13,ZB,3:남녀공용,2022,01_시즌,당해년도,봄,니트 셔츠,라운드,니트 셔츠_라운드_ZB,57.09580710661391,29180300,973,9133822,68012700
3226,2022-03-20,ZA,1:남성,2022,01_시즌,당해년도,봄,우븐 셔츠,캐쥬얼셔츠,우븐 셔츠_캐쥬얼셔츠_ZA,57.55167772950683,7885073,143,1981137,18575700
3232,2022-03-20,ZA,1:남성,2022,01_시즌,당해년도,여름,우븐 셔츠,캐쥬얼셔츠,우븐 셔츠_캐쥬얼셔츠_ZA,45.3033553033553,4207430,77,667747,7692300
3237,2022-03-20,ZB,1:남성,2022,01_시즌,당해년도,봄,수트,블레이져(수트),수트_블레이져(수트)_ZB,25.809307362417847,56088502,318,13416525,76002000
3238,2022-03-20,ZB,1:남성,2022,01_시즌,당해년도,봄,수트,수트팬츠,수트_수트팬츠_ZB,25.219321929731795,32602980,341,7203668,43989000
3239,2022-03-20,ZB,1:남성,2022,01_시즌,당해년도,봄,스웨터,T-에리,스웨터_T-에리_ZB,60.82392894313424,41367698,1057,11625753,105594300
3240,2022-03-20,ZB,1:남성,2022,01_시즌,당해년도,봄,스웨터,라운드,스웨터_라운드_ZB,58.87249086539203,94169296,2408,27044565,226529200
3241,2022-03-20,ZB,1:남성,2022,01_시즌,당해년도,봄,스웨터,오픈형(CARDIGAN),스웨터_오픈형(CARDIGAN)_ZB,62.41655917817431,32167962,541,8274394,86505900
3243,2022-03-20,ZB,1:남성,2022,01_시즌,당해년도,봄,점퍼,패딩점퍼,점퍼_패딩점퍼_ZB,58.98965990544456,32268576,316,7432903,78684000
3244,2022-03-20,ZB,1:남성,2022,01_시즌,당해년도,봄,코트,싱글코트,코트_싱글코트_ZB,54.03191497865669,111381100,835,23356154,226075000
3245,2022-03-20,ZB,1:남성,2022,01_시즌,당해년도,사계절,니트 셔츠,라운드,니트 셔츠_라운드_ZB,53.40756587252023,21039000,646,3527385,45155400
3246,2022-03-20,ZB,1:남성,2022,01_시즌,당해년도,사계절,데님,데님팬츠,데님_데님팬츠_ZB,55.04173184482488,22982045,535,6794899,53446500
3247,2022-03-20,ZB,1:남성,2022,01_시즌,당해년도,사계절,수트,블레이져(수트),수트_블레이져(수트)_ZB,39.98383556916706,73688299,517,18489140,123563000
3248,2022-03-20,ZB,1:남성,2022,01_시즌,당해년도,사계절,수트,수트팬츠,수트_수트팬츠_ZB,40.49606068730112,44918041,585,10275852,75465000
3249,2022-03-20,ZB,1:남성,2022,01_시즌,당해년도,사계절,우븐 셔츠,드레스셔츠,우븐 셔츠_드레스셔츠_ZB,53.59227724383373,60252524,1947,14926748,136095300
3250,2022-03-20,ZB,1:남성,2022,01_시즌,당해년도,사계절,자켓,싱글재킷,자켓_싱글재킷_ZB,41.96726638772664,24965682,180,5273212,43020000
3253,2022-03-20,ZB,1:남성,2022,01_시즌,당해년도,여름,니트 셔츠,라운드,니트 셔츠_라운드_ZB,39.38412209033452,23592912,780,3836383,38922000
3254,2022-03-20,ZB,1:남성,2022,01_시즌,당해년도,여름,수트,블레이져(수트),수트_블레이져(수트)_ZB,25.081272532725816,130618102,740,30387476,176860000
3255,2022-03-20,ZB,1:남성,2022,01_시즌,당해년도,여름,수트,수트팬츠,수트_수트팬츠_ZB,24.66245696983876,77746165,812,17217317,104748000
3256,2022-03-20,ZB,1:남성,2022,01_시즌,당해년도,여름,스웨터,T-에리,스웨터_T-에리_ZB,34.59586062331592,32574270,554,3936170,49804600
3257,2022-03-20,ZB,1:남성,2022,01_시즌,당해년도,여름,우븐 셔츠,드레스셔츠,우븐 셔츠_드레스셔츠_ZB,51.06670135865505,28492245,833,5177841,58226700
3259,2022-03-20,ZB,1:남성,2022,01_시즌,당해년도,여름,자켓,싱글재킷,자켓_싱글재킷_ZB,-4.469379992392545,-2746500,-11,-258167,-2629000
3261,2022-03-20,ZB,1:남성,2022,01_시즌,당해년도,여름,팬츠,반바지,팬츠_반바지_ZB,0.0,0,0,0,0
3263,2022-03-20,ZB,3:남녀공용,2022,01_시즌,당해년도,봄,니트 셔츠,라운드,니트 셔츠_라운드_ZB,57.25362986490124,38275912,1281,12022841,89541900
3273,2022-03-27,ZA,1:남성,2022,01_시즌,당해년도,봄,우븐 셔츠,캐쥬얼셔츠,우븐 셔츠_캐쥬얼셔츠_ZA,54.837550440321806,10677216,182,2521449,23641800
3279,2022-03-27,ZA,1:남성,2022,01_시즌,당해년도,여름,우븐 셔츠,캐쥬얼셔츠,우븐 셔츠_캐쥬얼셔츠_ZA,47.51779817200378,5609980,107,927909,10689300
3284,2022-03-27,ZB,1:남성,2022,01_시즌,당해년도,봄,수트,블레이져(수트),수트_블레이져(수트)_ZB,24.598498091403403,58446450,326,13750193,77914000
3285,2022-03-27,ZB,1:남성,2022,01_시즌,당해년도,봄,수트,수트팬츠,수트_수트팬츠_ZB,24.934361186099697,33682340,350,7395290,45150000
3286,2022-03-27,ZB,1:남성,2022,01_시즌,당해년도,봄,스웨터,T-에리,스웨터_T-에리_ZB,44.8931275025025,24663191,448,4927595,44755200
3287,2022-03-27,ZB,1:남성,2022,01_시즌,당해년도,봄,스웨터,라운드,스웨터_라운드_ZB,43.94148991783304,67464720,1499,15939547,136710100
3288,2022-03-27,ZB,1:남성,2022,01_시즌,당해년도,봄,스웨터,오픈형(CARDIGAN),스웨터_오픈형(CARDIGAN)_ZB,59.7206669414098,38853571,603,9190587,96419700
3290,2022-03-27,ZB,1:남성,2022,01_시즌,당해년도,봄,점퍼,패딩점퍼,점퍼_패딩점퍼_ZB,59.349250554129085,18523327,183,4304498,45567000
3291,2022-03-27,ZB,1:남성,2022,01_시즌,당해년도,봄,코트,싱글코트,코트_싱글코트_ZB,57.53467191374847,98517470,817,23161788,228233000
3292,2022-03-27,ZB,1:남성,2022,01_시즌,당해년도,사계절,니트 셔츠,라운드,니트 셔츠_라운드_ZB,53.03653195447421,19236894,586,3199791,40961400
3293,2022-03-27,ZB,1:남성,2022,01_시즌,당해년도,사계절,데님,데님팬츠,데님_데님팬츠_ZB,52.64413284490172,20472652,439,5476755,43856100
3294,2022-03-27,ZB,1:남성,2022,01_시즌,당해년도,사계절,수트,블레이져(수트),수트_블레이져(수트)_ZB,39.03994568876089,76602931,541,19351284,129299000
3295,2022-03-27,ZB,1:남성,2022,01_시즌,당해년도,사계절,수트,수트팬츠,수트_수트팬츠_ZB,38.87517064595461,45078138,579,10164063,74691000
3296,2022-03-27,ZB,1:남성,2022,01_시즌,당해년도,사계절,우븐 셔츠,드레스셔츠,우븐 셔츠_드레스셔츠_ZB,54.21112046607959,58313460,1915,14657683,133858500
3297,2022-03-27,ZB,1:남성,2022,01_시즌,당해년도,사계절,자켓,싱글재킷,자켓_싱글재킷_ZB,41.98235953377167,15530162,112,3281110,26768000
3300,2022-03-27,ZB,1:남성,2022,01_시즌,당해년도,여름,니트 셔츠,라운드,니트 셔츠_라운드_ZB,46.62408294850571,18377862,690,3393724,34431000
3301,2022-03-27,ZB,1:남성,2022,01_시즌,당해년도,여름,수트,블레이져(수트),수트_블레이져(수트)_ZB,27.36771935777805,138679102,828,33879636,197892000
3302,2022-03-27,ZB,1:남성,2022,01_시즌,당해년도,여름,수트,수트팬츠,수트_수트팬츠_ZB,27.71982215508142,81534016,894,18938556,115326000
3303,2022-03-27,ZB,1:남성,2022,01_시즌,당해년도,여름,스웨터,T-에리,스웨터_T-에리_ZB,35.81799048274016,13905610,241,1712305,21665900
3304,2022-03-27,ZB,1:남성,2022,01_시즌,당해년도,여름,우븐 셔츠,드레스셔츠,우븐 셔츠_드레스셔츠_ZB,52.22226878734326,28387139,850,5283512,59415000
3306,2022-03-27,ZB,1:남성,2022,01_시즌,당해년도,여름,자켓,싱글재킷,자켓_싱글재킷_ZB,41.667662881052,9759000,70,1642879,16730000
3308,2022-03-27,ZB,1:남성,2022,01_시즌,당해년도,여름,팬츠,반바지,팬츠_반바지_ZB,0.0,0,0,0,0
3310,2022-03-27,ZB,3:남녀공용,2022,01_시즌,당해년도,봄,니트 셔츠,라운드,니트 셔츠_라운드_ZB,59.40413841720056,23495748,828,7774289,57877200
3320,2022-04-03,ZA,1:남성,2022,01_시즌,당해년도,봄,우븐 셔츠,캐쥬얼셔츠,우븐 셔츠_캐쥬얼셔츠_ZA,57.9543704947862,17422910,319,4419464,41438100
3326,2022-04-03,ZA,1:남성,2022,01_시즌,당해년도,여름,우븐 셔츠,캐쥬얼셔츠,우븐 셔츠_캐쥬얼셔츠_ZA,52.29995620620621,3049750,64,555011,6393600
3331,2022-04-03,ZB,1:남성,2022,01_시즌,당해년도,봄,수트,블레이져(수트),수트_블레이져(수트)_ZB,24.7625811549883,63115424,349,14687554,83411000
3332,2022-04-03,ZB,1:남성,2022,01_시즌,당해년도,봄,수트,수트팬츠,수트_수트팬츠_ZB,23.714028630475827,37876898,382,8050833,49278000
3333,2022-04-03,ZB,1:남성,2022,01_시즌,당해년도,봄,스웨터,T-에리,스웨터_T-에리_ZB,66.5591111170606,44966425,1346,14804539,134465400
3334,2022-04-03,ZB,1:남성,2022,01_시즌,당해년도,봄,스웨터,라운드,스웨터_라운드_ZB,64.01019649625111,84107194,2384,26003009,220591600
3335,2022-04-03,ZB,1:남성,2022,01_시즌,당해년도,봄,스웨터,오픈형(CARDIGAN),스웨터_오픈형(CARDIGAN)_ZB,58.41483566143292,57126882,853,12998080,136394700
3337,2022-04-03,ZB,1:남성,2022,01_시즌,당해년도,봄,점퍼,패딩점퍼,점퍼_패딩점퍼_ZB,65.65963184356966,33262424,389,9149998,96861000
3338,2022-04-03,ZB,1:남성,2022,01_시즌,당해년도,봄,코트,싱글코트,코트_싱글코트_ZB,63.19113860358453,116072309,1122,32096447,311058000
3339,2022-04-03,ZB,1:남성,2022,01_시즌,당해년도,사계절,니트 셔츠,라운드,니트 셔츠_라운드_ZB,52.97195185298726,22090391,672,3669293,46972800
3340,2022-04-03,ZB,1:남성,2022,01_시즌,당해년도,사계절,데님,데님팬츠,데님_데님팬츠_ZB,52.65761702960514,26791584,586,7421426,58541400
3341,2022-04-03,ZB,1:남성,2022,01_시즌,당해년도,사계절,수트,블레이져(수트),수트_블레이져(수트)_ZB,38.54761344751217,105218289,720,25725670,172080000
3342,2022-04-03,ZB,1:남성,2022,01_시즌,당해년도,사계절,수트,수트팬츠,수트_수트팬츠_ZB,38.34175596716081,58031994,741,13018635,95589000
3343,2022-04-03,ZB,1:남성,2022,01_시즌,당해년도,사계절,우븐 셔츠,드레스셔츠,우븐 셔츠_드레스셔츠_ZB,51.66051770907925,73001581,2182,16565188,152521800
3344,2022-04-03,ZB,1:남성,2022,01_시즌,당해년도,사계절,자켓,싱글재킷,자켓_싱글재킷_ZB,41.78786305469871,19060400,137,4013500,32743000
3347,2022-04-03,ZB,1:남성,2022,01_시즌,당해년도,여름,니트 셔츠,라운드,니트 셔츠_라운드_ZB,44.66523091092364,35064397,1337,6726527,66716300
3348,2022-04-03,ZB,1:남성,2022,01_시즌,당해년도,여름,수트,블레이져(수트),수트_블레이져(수트)_ZB,24.80102313283746,135398908,754,34629654,180206000
3349,2022-04-03,ZB,1:남성,2022,01_시즌,당해년도,여름,수트,수트팬츠,수트_수트팬츠_ZB,24.395731915780694,84874076,872,20554493,112488000
3350,2022-04-03,ZB,1:남성,2022,01_시즌,당해년도,여름,스웨터,T-에리,스웨터_T-에리_ZB,20.043032563414688,-14663788,-204,-1425105,-18339600
3351,2022-04-03,ZB,1:남성,2022,01_시즌,당해년도,여름,우븐 셔츠,드레스셔츠,우븐 셔츠_드레스셔츠_ZB,51.92347018182135,38612713,1149,7142065,80315100
3353,2022-04-03,ZB,1:남성,2022,01_시즌,당해년도,여름,자켓,싱글재킷,자켓_싱글재킷_ZB,43.68487980966445,13728500,102,2410972,24378000
3355,2022-04-03,ZB,1:남성,2022,01_시즌,당해년도,여름,팬츠,반바지,팬츠_반바지_ZB,0.0,0,0,0,0
3357,2022-04-03,ZB,3:남녀공용,2022,01_시즌,당해년도,봄,니트 셔츠,라운드,니트 셔츠_라운드_ZB,65.06253163680526,37340153,1529,14351802,106877100
3360,2022-04-03,ZB,3:남녀공용,2022,01_시즌,당해년도,여름,니트 셔츠,라운드,니트 셔츠_라운드_ZB,0.0,0,0,0,0
3368,2022-04-10,ZA,1:남성,2022,01_시즌,당해년도,봄,우븐 셔츠,캐쥬얼셔츠,우븐 셔츠_캐쥬얼셔츠_ZA,58.77467230156112,7872100,147,2036555,19095300
3374,2022-04-10,ZA,1:남성,2022,01_시즌,당해년도,여름,우븐 셔츠,캐쥬얼셔츠,우븐 셔츠_캐쥬얼셔츠_ZA,50.12702614895597,11359667,228,1977226,22777200
3379,2022-04-10,ZB,1:남성,2022,01_시즌,당해년도,봄,수트,블레이져(수트),수트_블레이져(수트)_ZB,23.543889634315168,47197720,256,10753247,61184000
3380,2022-04-10,ZB,1:남성,2022,01_시즌,당해년도,봄,수트,수트팬츠,수트_수트팬츠_ZB,23.84468204220215,29486140,298,6269409,38442000
3381,2022-04-10,ZB,1:남성,2022,01_시즌,당해년도,봄,스웨터,T-에리,스웨터_T-에리_ZB,61.35312876979544,30114415,780,8579145,77922000
3382,2022-04-10,ZB,1:남성,2022,01_시즌,당해년도,봄,스웨터,라운드,스웨터_라운드_ZB,63.13973012674512,71604103,2016,22332158,188208400
3383,2022-04-10,ZB,1:남성,2022,01_시즌,당해년도,봄,스웨터,오픈형(CARDIGAN),스웨터_오픈형(CARDIGAN)_ZB,55.655716511922776,40494860,583,8864131,93221700
3385,2022-04-10,ZB,1:남성,2022,01_시즌,당해년도,봄,점퍼,패딩점퍼,점퍼_패딩점퍼_ZB,65.33282016956716,24860528,288,6774292,71712000
3386,2022-04-10,ZB,1:남성,2022,01_시즌,당해년도,봄,코트,싱글코트,코트_싱글코트_ZB,69.32844200153794,69426653,823,23005867,227007000
3387,2022-04-10,ZB,1:남성,2022,01_시즌,당해년도,사계절,니트 셔츠,라운드,니트 셔츠_라운드_ZB,57.58590613318566,16543278,558,3046844,39004200
3388,2022-04-10,ZB,1:남성,2022,01_시즌,당해년도,사계절,데님,데님팬츠,데님_데님팬츠_ZB,52.69094674186207,19774650,415,5254657,41458500
3389,2022-04-10,ZB,1:남성,2022,01_시즌,당해년도,사계절,수트,블레이져(수트),수트_블레이져(수트)_ZB,40.45879401589468,94877400,667,23835331,159413000
3390,2022-04-10,ZB,1:남성,2022,01_시즌,당해년도,사계절,수트,수트팬츠,수트_수트팬츠_ZB,40.67523603192335,57206039,743,13026534,95847000
3391,2022-04-10,ZB,1:남성,2022,01_시즌,당해년도,사계절,우븐 셔츠,드레스셔츠,우븐 셔츠_드레스셔츠_ZB,51.91522526106827,70390336,2110,15902838,147489000
3392,2022-04-10,ZB,1:남성,2022,01_시즌,당해년도,사계절,자켓,싱글재킷,자켓_싱글재킷_ZB,42.58899736556641,22228392,162,4745891,38718000
3395,2022-04-10,ZB,1:남성,2022,01_시즌,당해년도,여름,니트 셔츠,라운드,니트 셔츠_라운드_ZB,49.19067270508868,75706609,2986,15225304,149001400
3396,2022-04-10,ZB,1:남성,2022,01_시즌,당해년도,여름,수트,블레이져(수트),수트_블레이져(수트)_ZB,22.9856504337197,124218721,672,31544529,160608000
3397,2022-04-10,ZB,1:남성,2022,01_시즌,당해년도,여름,수트,수트팬츠,수트_수트팬츠_ZB,23.473124162562414,73501231,742,17698578,95718000
3398,2022-04-10,ZB,1:남성,2022,01_시즌,당해년도,여름,스웨터,T-에리,스웨터_T-에리_ZB,42.62536993349007,42243850,819,6013787,73628100
3399,2022-04-10,ZB,1:남성,2022,01_시즌,당해년도,여름,우븐 셔츠,드레스셔츠,우븐 셔츠_드레스셔츠_ZB,51.85938418250138,40548600,1205,7490155,84229500
3401,2022-04-10,ZB,1:남성,2022,01_시즌,당해년도,여름,자켓,싱글재킷,자켓_싱글재킷_ZB,43.00322349038152,23021568,169,4006714,40391000
3403,2022-04-10,ZB,1:남성,2022,01_시즌,당해년도,여름,팬츠,반바지,팬츠_반바지_ZB,0.0,0,0,0,0
3405,2022-04-10,ZB,3:남녀공용,2022,01_시즌,당해년도,봄,니트 셔츠,라운드,니트 셔츠_라운드_ZB,66.10362429058782,34497833,1456,13668472,101774400
3408,2022-04-10,ZB,3:남녀공용,2022,01_시즌,당해년도,여름,니트 셔츠,라운드,니트 셔츠_라운드_ZB,0.0,0,0,0,0
3416,2022-04-17,ZA,1:남성,2022,01_시즌,당해년도,봄,우븐 셔츠,캐쥬얼셔츠,우븐 셔츠_캐쥬얼셔츠_ZA,60.0910957146523,5598900,108,1496245,14029200
3422,2022-04-17,ZA,1:남성,2022,01_시즌,당해년도,여름,우븐 셔츠,캐쥬얼셔츠,우븐 셔츠_캐쥬얼셔츠_ZA,52.850066413906895,19763350,414,3760752,41358600
3427,2022-04-17,ZB,1:남성,2022,01_시즌,당해년도,봄,수트,블레이져(수트),수트_블레이져(수트)_ZB,25.521547997491066,59204072,332,13949574,79348000
3428,2022-04-17,ZB,1:남성,2022,01_시즌,당해년도,봄,수트,수트팬츠,수트_수트팬츠_ZB,25.32482354814676,34010169,354,7447462,45666000
3429,2022-04-17,ZB,1:남성,2022,01_시즌,당해년도,봄,스웨터,T-에리,스웨터_T-에리_ZB,64.81963468170365,22422628,638,7017233,63736200
3430,2022-04-17,ZB,1:남성,2022,01_시즌,당해년도,봄,스웨터,라운드,스웨터_라운드_ZB,59.59037058311025,37911599,1043,11192242,95635700
3431,2022-04-17,ZB,1:남성,2022,01_시즌,당해년도,봄,스웨터,오픈형(CARDIGAN),스웨터_오픈형(CARDIGAN)_ZB,61.396725644148376,27460555,466,7003488,74513400
3433,2022-04-17,ZB,1:남성,2022,01_시즌,당해년도,봄,점퍼,패딩점퍼,점퍼_패딩점퍼_ZB,66.5386822013328,7582000,91,2140488,22659000
3434,2022-04-17,ZB,1:남성,2022,01_시즌,당해년도,봄,코트,싱글코트,코트_싱글코트_ZB,74.00281674306311,31238600,453,12628472,125437000
3435,2022-04-17,ZB,1:남성,2022,01_시즌,당해년도,사계절,니트 셔츠,라운드,니트 셔츠_라운드_ZB,60.11318107783577,10065000,361,1970968,25233900
3436,2022-04-17,ZB,1:남성,2022,01_시즌,당해년도,사계절,데님,데님팬츠,데님_데님팬츠_ZB,56.02257923053393,24688925,556,7035566,55544400
3437,2022-04-17,ZB,1:남성,2022,01_시즌,당해년도,사계절,수트,블레이져(수트),수트_블레이져(수트)_ZB,40.09161494432208,76668486,534,19094168,127626000
3438,2022-04-17,ZB,1:남성,2022,01_시즌,당해년도,사계절,수트,수트팬츠,수트_수트팬츠_ZB,40.35927917249445,45066817,581,10201837,74949000
3439,2022-04-17,ZB,1:남성,2022,01_시즌,당해년도,사계절,우븐 셔츠,드레스셔츠,우븐 셔츠_드레스셔츠_ZB,52.56131663346045,61078892,1905,14307978,133159500
3440,2022-04-17,ZB,1:남성,2022,01_시즌,당해년도,사계절,자켓,싱글재킷,자켓_싱글재킷_ZB,44.511516431734165,13659600,103,3017449,24617000
3443,2022-04-17,ZB,1:남성,2022,01_시즌,당해년도,여름,니트 셔츠,라운드,니트 셔츠_라운드_ZB,54.33872524572995,121550409,5508,29157217,274849200
3444,2022-04-17,ZB,1:남성,2022,01_시즌,당해년도,여름,수트,블레이져(수트),수트_블레이져(수트)_ZB,25.916992000186184,138681000,776,35502272,185464000
3445,2022-04-17,ZB,1:남성,2022,01_시즌,당해년도,여름,수트,수트팬츠,수트_수트팬츠_ZB,26.6175210828986,82330651,859,20095524,110811000
3446,2022-04-17,ZB,1:남성,2022,01_시즌,당해년도,여름,스웨터,T-에리,스웨터_T-에리_ZB,45.35972940948881,44799500,1129,8373191,101497100
3447,2022-04-17,ZB,1:남성,2022,01_시즌,당해년도,여름,우븐 셔츠,드레스셔츠,우븐 셔츠_드레스셔츠_ZB,53.72724881611163,40463161,1251,7776086,87444900
3449,2022-04-17,ZB,1:남성,2022,01_시즌,당해년도,여름,자켓,싱글재킷,자켓_싱글재킷_ZB,49.55465711651656,35566489,295,6992070,70505000
3451,2022-04-17,ZB,1:남성,2022,01_시즌,당해년도,여름,팬츠,반바지,팬츠_반바지_ZB,0.0,0,0,0,0
3453,2022-04-17,ZB,3:남녀공용,2022,01_시즌,당해년도,봄,니트 셔츠,라운드,니트 셔츠_라운드_ZB,65.00152176667068,22653605,926,8691229,64727400
3456,2022-04-17,ZB,3:남녀공용,2022,01_시즌,당해년도,여름,니트 셔츠,라운드,니트 셔츠_라운드_ZB,46.93557884586505,21737650,592,4807324,41380800
3464,2022-04-24,ZA,1:남성,2022,01_시즌,당해년도,봄,우븐 셔츠,캐쥬얼셔츠,우븐 셔츠_캐쥬얼셔츠_ZA,59.85373364126251,3859100,74,1025204,9612600
3470,2022-04-24,ZA,1:남성,2022,01_시즌,당해년도,여름,우븐 셔츠,캐쥬얼셔츠,우븐 셔츠_캐쥬얼셔츠_ZA,48.90423686206034,33761100,661,6121460,66033900
3476,2022-04-24,ZB,1:남성,2022,01_시즌,당해년도,봄,수트,블레이져(수트),수트_블레이져(수트)_ZB,23.58170667368285,43033765,236,9961018,56404000
3477,2022-04-24,ZB,1:남성,2022,01_시즌,당해년도,봄,수트,수트팬츠,수트_수트팬츠_ZB,24.46208483249077,25432940,262,5532288,33798000
3478,2022-04-24,ZB,1:남성,2022,01_시즌,당해년도,봄,스웨터,T-에리,스웨터_T-에리_ZB,65.96869054484948,10267178,302,3321629,30169800
3479,2022-04-24,ZB,1:남성,2022,01_시즌,당해년도,봄,스웨터,라운드,스웨터_라운드_ZB,63.21199791654855,18139614,541,5827112,49705900
3480,2022-04-24,ZB,1:남성,2022,01_시즌,당해년도,봄,스웨터,오픈형(CARDIGAN),스웨터_오픈형(CARDIGAN)_ZB,63.36813618160473,21237662,364,5535560,58203600
3482,2022-04-24,ZB,1:남성,2022,01_시즌,당해년도,봄,점퍼,패딩점퍼,점퍼_패딩점퍼_ZB,68.14939759036145,25775100,325,7644600,80925000
3483,2022-04-24,ZB,1:남성,2022,01_시즌,당해년도,봄,코트,싱글코트,코트_싱글코트_ZB,72.69212395231939,22967280,306,8382031,82834000
3484,2022-04-24,ZB,1:남성,2022,01_시즌,당해년도,사계절,니트 셔츠,라운드,니트 셔츠_라운드_ZB,60.15224129709108,7353346,264,1441375,18453600
3485,2022-04-24,ZB,1:남성,2022,01_시즌,당해년도,사계절,데님,데님팬츠,데님_데님팬츠_ZB,56.73892477339476,20187650,462,5843434,46153800
3486,2022-04-24,ZB,1:남성,2022,01_시즌,당해년도,사계절,수트,블레이져(수트),수트_블레이져(수트)_ZB,40.17996992003634,71592410,499,17828334,119261000
3487,2022-04-24,ZB,1:남성,2022,01_시즌,당해년도,사계절,수트,수트팬츠,수트_수트팬츠_ZB,40.252765673338125,42398834,543,9526364,70047000
3488,2022-04-24,ZB,1:남성,2022,01_시즌,당해년도,사계절,우븐 셔츠,드레스셔츠,우븐 셔츠_드레스셔츠_ZB,50.21014585009426,59374644,1754,13072451,122604600
3489,2022-04-24,ZB,1:남성,2022,01_시즌,당해년도,사계절,자켓,싱글재킷,자켓_싱글재킷_ZB,44.4101281111159,12887400,97,2841675,23183000
3492,2022-04-24,ZB,1:남성,2022,01_시즌,당해년도,여름,니트 셔츠,라운드,니트 셔츠_라운드_ZB,55.47837484458948,125445356,5693,30364523,284080700
3494,2022-04-24,ZB,1:남성,2022,01_시즌,당해년도,여름,수트,블레이져(수트),수트_블레이져(수트)_ZB,22.62307491663923,110861178,601,27102619,143639000
3495,2022-04-24,ZB,1:남성,2022,01_시즌,당해년도,여름,수트,수트팬츠,수트_수트팬츠_ZB,22.70143339188474,62533975,627,14266001,80883000
3496,2022-04-24,ZB,1:남성,2022,01_시즌,당해년도,여름,스웨터,T-에리,스웨터_T-에리_ZB,61.45666488714944,52013942,1402,10835313,126039800
3497,2022-04-24,ZB,1:남성,2022,01_시즌,당해년도,여름,스웨터,라운드,스웨터_라운드_ZB,34.37152391546162,1298000,22,214595,1977800
3498,2022-04-24,ZB,1:남성,2022,01_시즌,당해년도,여름,우븐 셔츠,드레스셔츠,우븐 셔츠_드레스셔츠_ZB,52.98464754888256,48934096,1489,9255469,104081100
3500,2022-04-24,ZB,1:남성,2022,01_시즌,당해년도,여름,자켓,싱글재킷,자켓_싱글재킷_ZB,46.57922552020443,38047344,298,7068552,71222000
3502,2022-04-24,ZB,1:남성,2022,01_시즌,당해년도,여름,팬츠,반바지,팬츠_반바지_ZB,0.0,0,0,0,0
3504,2022-04-24,ZB,3:남녀공용,2022,01_시즌,당해년도,봄,니트 셔츠,라운드,니트 셔츠_라운드_ZB,66.28262016454451,14188206,602,5649927,42079800
3507,2022-04-24,ZB,3:남녀공용,2022,01_시즌,당해년도,여름,니트 셔츠,라운드,니트 셔츠_라운드_ZB,52.31438315347895,44985857,1338,11605000,93526200
3515,2022-05-01,ZA,1:남성,2022,01_시즌,당해년도,봄,우븐 셔츠,캐쥬얼셔츠,우븐 셔츠_캐쥬얼셔츠_ZA,63.27247680401928,2719416,57,789685,7404300
3521,2022-05-01,ZA,1:남성,2022,01_시즌,당해년도,여름,우븐 셔츠,캐쥬얼셔츠,우븐 셔츠_캐쥬얼셔츠_ZA,57.29270441786849,20639297,475,4406024,47452500
3527,2022-05-01,ZB,1:남성,2022,01_시즌,당해년도,봄,수트,블레이져(수트),수트_블레이져(수트)_ZB,23.636777283964147,26103780,144,6060128,34416000
3528,2022-05-01,ZB,1:남성,2022,01_시즌,당해년도,봄,수트,수트팬츠,수트_수트팬츠_ZB,24.969345828289853,14221040,148,3119138,19092000
3529,2022-05-01,ZB,1:남성,2022,01_시즌,당해년도,봄,스웨터,T-에리,스웨터_T-에리_ZB,70.86167299374847,9256722,318,3497634,31768200
3530,2022-05-01,ZB,1:남성,2022,01_시즌,당해년도,봄,스웨터,라운드,스웨터_라운드_ZB,75.3060871688458,32927765,1401,15538539,130899900
3531,2022-05-01,ZB,1:남성,2022,01_시즌,당해년도,봄,스웨터,오픈형(CARDIGAN),스웨터_오픈형(CARDIGAN)_ZB,69.31412223523296,37809947,823,12410220,131597700
3533,2022-05-01,ZB,1:남성,2022,01_시즌,당해년도,봄,점퍼,패딩점퍼,점퍼_패딩점퍼_ZB,67.93653022686773,-12055544,-151,-3551799,-37599000
3534,2022-05-01,ZB,1:남성,2022,01_시즌,당해년도,봄,코트,싱글코트,코트_싱글코트_ZB,71.64716152447399,17190918,209,5890034,58121000
3535,2022-05-01,ZB,1:남성,2022,01_시즌,당해년도,사계절,니트 셔츠,라운드,니트 셔츠_라운드_ZB,59.719974671075775,5152500,183,999067,12791700
3536,2022-05-01,ZB,1:남성,2022,01_시즌,당해년도,사계절,데님,데님팬츠,데님_데님팬츠_ZB,57.10532351602183,19693986,467,5994346,46653300
3537,2022-05-01,ZB,1:남성,2022,01_시즌,당해년도,사계절,수트,블레이져(수트),수트_블레이져(수트)_ZB,38.36952311540856,71000871,497,17742645,118783000
3538,2022-05-01,ZB,1:남성,2022,01_시즌,당해년도,사계절,수트,수트팬츠,수트_수트팬츠_ZB,37.74099890965034,42974849,544,9548025,70176000
3539,2022-05-01,ZB,1:남성,2022,01_시즌,당해년도,사계절,우븐 셔츠,드레스셔츠,우븐 셔츠_드레스셔츠_ZB,51.43053388499211,58902854,1747,12977105,122115300
3540,2022-05-01,ZB,1:남성,2022,01_시즌,당해년도,사계절,자켓,싱글재킷,자켓_싱글재킷_ZB,42.75015956315155,8072800,59,1728442,14101000
3543,2022-05-01,ZB,1:남성,2022,01_시즌,당해년도,여름,니트 셔츠,라운드,니트 셔츠_라운드_ZB,66.4740851252617,58461362,3325,17495501,165917500
3545,2022-05-01,ZB,1:남성,2022,01_시즌,당해년도,여름,수트,블레이져(수트),수트_블레이져(수트)_ZB,29.03349704021601,101654630,597,26936002,142683000
3546,2022-05-01,ZB,1:남성,2022,01_시즌,당해년도,여름,수트,수트팬츠,수트_수트팬츠_ZB,29.521348980373563,58589517,638,14247408,82302000
3547,2022-05-01,ZB,1:남성,2022,01_시즌,당해년도,여름,스웨터,T-에리,스웨터_T-에리_ZB,55.69430942869221,68509086,1611,12160655,144828900
3548,2022-05-01,ZB,1:남성,2022,01_시즌,당해년도,여름,스웨터,라운드,스웨터_라운드_ZB,48.00523722839904,59924900,1282,12840003,115251800
3549,2022-05-01,ZB,1:남성,2022,01_시즌,당해년도,여름,우븐 셔츠,드레스셔츠,우븐 셔츠_드레스셔츠_ZB,54.83624006668924,37220403,1179,7438396,82412100
3551,2022-05-01,ZB,1:남성,2022,01_시즌,당해년도,여름,자켓,싱글재킷,자켓_싱글재킷_ZB,52.59493421715207,51777235,457,10807451,109223000
3553,2022-05-01,ZB,1:남성,2022,01_시즌,당해년도,여름,팬츠,반바지,팬츠_반바지_ZB,55.55365306081098,4450000,126,811861,10067400
3555,2022-05-01,ZB,3:남녀공용,2022,01_시즌,당해년도,봄,니트 셔츠,라운드,니트 셔츠_라운드_ZB,68.26060300765009,23627918,1065,9994712,74443500
3558,2022-05-01,ZB,3:남녀공용,2022,01_시즌,당해년도,여름,니트 셔츠,라운드,니트 셔츠_라운드_ZB,56.58713662211189,68618925,2414,18992420,159798600
3566,2022-05-08,ZA,1:남성,2022,01_시즌,당해년도,봄,우븐 셔츠,캐쥬얼셔츠,우븐 셔츠_캐쥬얼셔츠_ZA,61.062406979728,1517398,30,415623,3897000
3572,2022-05-08,ZA,1:남성,2022,01_시즌,당해년도,여름,우븐 셔츠,캐쥬얼셔츠,우븐 셔츠_캐쥬얼셔츠_ZA,51.48119385965428,35533450,750,6756505,74925000
3578,2022-05-08,ZB,1:남성,2022,01_시즌,당해년도,봄,수트,블레이져(수트),수트_블레이져(수트)_ZB,23.91498027097322,30891968,170,7166926,40630000
3579,2022-05-08,ZB,1:남성,2022,01_시즌,당해년도,봄,수트,수트팬츠,수트_수트팬츠_ZB,23.94498892580288,18450860,188,3978777,24252000
3580,2022-05-08,ZB,1:남성,2022,01_시즌,당해년도,봄,스웨터,T-에리,스웨터_T-에리_ZB,68.27852852852853,3929529,124,1363856,12387600
3581,2022-05-08,ZB,1:남성,2022,01_시즌,당해년도,봄,스웨터,라운드,스웨터_라운드_ZB,70.81120529444813,5201710,191,2071486,17620900
3582,2022-05-08,ZB,1:남성,2022,01_시즌,당해년도,봄,스웨터,오픈형(CARDIGAN),스웨터_오픈형(CARDIGAN)_ZB,65.59657541117838,12326311,222,3408782,35497800
3584,2022-05-08,ZB,1:남성,2022,01_시즌,당해년도,봄,점퍼,패딩점퍼,점퍼_패딩점퍼_ZB,68.96496270797476,5409407,70,1646529,17430000
3585,2022-05-08,ZB,1:남성,2022,01_시즌,당해년도,봄,코트,싱글코트,코트_싱글코트_ZB,73.54749049674635,8079131,107,3006033,29763000
3586,2022-05-08,ZB,1:남성,2022,01_시즌,당해년도,사계절,니트 셔츠,라운드,니트 셔츠_라운드_ZB,59.90069847681562,2859000,102,556882,7129800
3587,2022-05-08,ZB,1:남성,2022,01_시즌,당해년도,사계절,데님,데님팬츠,데님_데님팬츠_ZB,59.21061760137877,21317562,501,6416218,50049900
3588,2022-05-08,ZB,1:남성,2022,01_시즌,당해년도,사계절,수트,블레이져(수트),수트_블레이져(수트)_ZB,32.19373659843626,65496579,439,15797050,104921000
3589,2022-05-08,ZB,1:남성,2022,01_시즌,당해년도,사계절,수트,수트팬츠,수트_수트팬츠_ZB,32.08544368049018,40651840,502,8888477,64758000
3590,2022-05-08,ZB,1:남성,2022,01_시즌,당해년도,사계절,우븐 셔츠,드레스셔츠,우븐 셔츠_드레스셔츠_ZB,54.783207262381936,49249672,1606,11811047,112259400
3591,2022-05-08,ZB,1:남성,2022,01_시즌,당해년도,사계절,자켓,싱글재킷,자켓_싱글재킷_ZB,44.73783995815899,8452900,64,1874920,15296000
3594,2022-05-08,ZB,1:남성,2022,01_시즌,당해년도,여름,니트 셔츠,라운드,니트 셔츠_라운드_ZB,63.55456336483212,79188249,4357,23653630,217414300
3596,2022-05-08,ZB,1:남성,2022,01_시즌,당해년도,여름,수트,블레이져(수트),수트_블레이져(수트)_ZB,31.31344580433554,96154927,585,26228867,139815000
3597,2022-05-08,ZB,1:남성,2022,01_시즌,당해년도,여름,수트,수트팬츠,수트_수트팬츠_ZB,31.425715770941817,59400750,671,14501429,86559000
3598,2022-05-08,ZB,1:남성,2022,01_시즌,당해년도,여름,스웨터,T-에리,스웨터_T-에리_ZB,63.29887505681268,160333635,4866,46994985,437453400
3599,2022-05-08,ZB,1:남성,2022,01_시즌,당해년도,여름,스웨터,라운드,스웨터_라운드_ZB,65.20178702862614,44016016,1407,14812888,126489300
3600,2022-05-08,ZB,1:남성,2022,01_시즌,당해년도,여름,우븐 셔츠,드레스셔츠,우븐 셔츠_드레스셔츠_ZB,55.2522272019036,68902059,2256,13859009,157694400
3602,2022-05-08,ZB,1:남성,2022,01_시즌,당해년도,여름,자켓,싱글재킷,자켓_싱글재킷_ZB,49.03469708996489,37882000,311,7388369,74329000
3604,2022-05-08,ZB,1:남성,2022,01_시즌,당해년도,여름,팬츠,반바지,팬츠_반바지_ZB,55.09908920943548,16097000,449,2971449,35875100
3606,2022-05-08,ZB,3:남녀공용,2022,01_시즌,당해년도,봄,니트 셔츠,라운드,니트 셔츠_라운드_ZB,67.88055124341764,4220881,188,1764211,13141200
3609,2022-05-08,ZB,3:남녀공용,2022,01_시즌,당해년도,여름,니트 셔츠,라운드,니트 셔츠_라운드_ZB,59.028706501220746,126856099,4575,37406560,306232500
3617,2022-05-15,ZA,1:남성,2022,01_시즌,당해년도,봄,우븐 셔츠,캐쥬얼셔츠,우븐 셔츠_캐쥬얼셔츠_ZA,65.6089299461124,1116850,25,346353,3247500
3623,2022-05-15,ZA,1:남성,2022,01_시즌,당해년도,여름,우븐 셔츠,캐쥬얼셔츠,우븐 셔츠_캐쥬얼셔츠_ZA,53.87244812375611,35256976,766,6799075,76523400
3629,2022-05-15,ZB,1:남성,2022,01_시즌,당해년도,봄,수트,블레이져(수트),수트_블레이져(수트)_ZB,24.684725330041637,24978540,140,5866661,33460000
3630,2022-05-15,ZB,1:남성,2022,01_시즌,당해년도,봄,수트,수트팬츠,수트_수트팬츠_ZB,23.56936626781233,15789500,160,3369154,20640000
3631,2022-05-15,ZB,1:남성,2022,01_시즌,당해년도,봄,스웨터,T-에리,스웨터_T-에리_ZB,71.53017385201294,2474398,87,956925,8691300
3632,2022-05-15,ZB,1:남성,2022,01_시즌,당해년도,봄,스웨터,라운드,스웨터_라운드_ZB,70.98332505015196,3669527,133,1433628,12226700
3633,2022-05-15,ZB,1:남성,2022,01_시즌,당해년도,봄,스웨터,오픈형(CARDIGAN),스웨터_오픈형(CARDIGAN)_ZB,68.54943396155022,8168112,166,2513762,26543400
3635,2022-05-15,ZB,1:남성,2022,01_시즌,당해년도,봄,점퍼,패딩점퍼,점퍼_패딩점퍼_ZB,68.53743248857499,27262944,348,8185602,86652000
3636,2022-05-15,ZB,1:남성,2022,01_시즌,당해년도,봄,코트,싱글코트,코트_싱글코트_ZB,75.26750245154885,3378270,48,1287419,13392000
3637,2022-05-15,ZB,1:남성,2022,01_시즌,당해년도,사계절,니트 셔츠,라운드,니트 셔츠_라운드_ZB,57.791360399914495,2566834,87,474957,6081300
3638,2022-05-15,ZB,1:남성,2022,01_시즌,당해년도,사계절,데님,데님팬츠,데님_데님팬츠_ZB,56.36669785608154,11533414,270,3422574,26973000
3639,2022-05-15,ZB,1:남성,2022,01_시즌,당해년도,사계절,수트,블레이져(수트),수트_블레이져(수트)_ZB,39.17490562691315,134121734,916,34390461,218924000
3640,2022-05-15,ZB,1:남성,2022,01_시즌,당해년도,사계절,수트,수트팬츠,수트_수트팬츠_ZB,39.15158847999276,81574814,1025,19076065,132225000
3641,2022-05-15,ZB,1:남성,2022,01_시즌,당해년도,사계절,우븐 셔츠,드레스셔츠,우븐 셔츠_드레스셔츠_ZB,55.55274092651845,44109845,1414,10404915,98838600
3642,2022-05-15,ZB,1:남성,2022,01_시즌,당해년도,사계절,자켓,싱글재킷,자켓_싱글재킷_ZB,47.17118428233582,5808000,46,1347599,10994000
3645,2022-05-15,ZB,1:남성,2022,01_시즌,당해년도,여름,니트 셔츠,라운드,니트 셔츠_라운드_ZB,62.01094394284222,61961619,3271,17542488,163222900
3647,2022-05-15,ZB,1:남성,2022,01_시즌,당해년도,여름,수트,블레이져(수트),수트_블레이져(수트)_ZB,21.78995867055958,80221105,430,18906987,102770000
3648,2022-05-15,ZB,1:남성,2022,01_시즌,당해년도,여름,수트,수트팬츠,수트_수트팬츠_ZB,21.83319602905456,47714422,475,10027671,61275000
3649,2022-05-15,ZB,1:남성,2022,01_시즌,당해년도,여름,스웨터,T-에리,스웨터_T-에리_ZB,60.41991064845263,110548628,3099,29444373,278600100
3650,2022-05-15,ZB,1:남성,2022,01_시즌,당해년도,여름,스웨터,라운드,스웨터_라운드_ZB,64.46532486372625,23735635,743,7745964,66795700
3651,2022-05-15,ZB,1:남성,2022,01_시즌,당해년도,여름,우븐 셔츠,드레스셔츠,우븐 셔츠_드레스셔츠_ZB,62.28644727170308,60195661,2224,13845492,155457600
3653,2022-05-15,ZB,1:남성,2022,01_시즌,당해년도,여름,자켓,싱글재킷,자켓_싱글재킷_ZB,51.64922716358251,33627479,291,6891482,69549000
3655,2022-05-15,ZB,1:남성,2022,01_시즌,당해년도,여름,팬츠,반바지,팬츠_반바지_ZB,52.33630469773996,4888122,174,1090971,13902600
3657,2022-05-15,ZB,3:남녀공용,2022,01_시즌,당해년도,봄,니트 셔츠,라운드,니트 셔츠_라운드_ZB,67.9698548947476,2194129,98,919668,6850200
3660,2022-05-15,ZB,3:남녀공용,2022,01_시즌,당해년도,여름,니트 셔츠,라운드,니트 셔츠_라운드_ZB,62.97343784101763,73555776,2886,23417571,191651400
3668,2022-05-22,ZA,1:남성,2022,01_시즌,당해년도,봄,우븐 셔츠,캐쥬얼셔츠,우븐 셔츠_캐쥬얼셔츠_ZA,73.12091031562741,1117310,32,443332,4156800
3674,2022-05-22,ZA,1:남성,2022,01_시즌,당해년도,여름,우븐 셔츠,캐쥬얼셔츠,우븐 셔츠_캐쥬얼셔츠_ZA,57.06026296196305,30978550,721,6451588,72027900
3680,2022-05-22,ZB,1:남성,2022,01_시즌,당해년도,봄,수트,블레이져(수트),수트_블레이져(수트)_ZB,24.22381970656029,20216000,112,4728501,26768000
3681,2022-05-22,ZB,1:남성,2022,01_시즌,당해년도,봄,수트,수트팬츠,수트_수트팬츠_ZB,24.16437273355424,12427200,127,2682445,16383000
3682,2022-05-22,ZB,1:남성,2022,01_시즌,당해년도,봄,스웨터,T-에리,스웨터_T-에리_ZB,74.87225935613033,1556362,62,681867,6193800
3683,2022-05-22,ZB,1:남성,2022,01_시즌,당해년도,봄,스웨터,라운드,스웨터_라운드_ZB,74.09183677582055,2499312,106,1170836,9879400
3684,2022-05-22,ZB,1:남성,2022,01_시즌,당해년도,봄,스웨터,오픈형(CARDIGAN),스웨터_오픈형(CARDIGAN)_ZB,73.41138276624082,9839174,232,3586882,37096800
3686,2022-05-22,ZB,1:남성,2022,01_시즌,당해년도,봄,점퍼,패딩점퍼,점퍼_패딩점퍼_ZB,68.31628528930537,106504807,1350,31754492,336150000
3687,2022-05-22,ZB,1:남성,2022,01_시즌,당해년도,봄,코트,싱글코트,코트_싱글코트_ZB,80.62313668902668,3589369,62,1712042,17598000
3688,2022-05-22,ZB,1:남성,2022,01_시즌,당해년도,사계절,니트 셔츠,라운드,니트 셔츠_라운드_ZB,66.54330953154752,5595095,333,2140592,15146700
3689,2022-05-22,ZB,1:남성,2022,01_시즌,당해년도,사계절,데님,데님팬츠,데님_데님팬츠_ZB,62.637545350613046,18680800,478,6045484,47752200
3690,2022-05-22,ZB,1:남성,2022,01_시즌,당해년도,사계절,수트,블레이져(수트),수트_블레이져(수트)_ZB,43.28160647033291,119067398,814,30638148,194546000
3691,2022-05-22,ZB,1:남성,2022,01_시즌,당해년도,사계절,수트,수트팬츠,수트_수트팬츠_ZB,41.51970539906469,62302328,807,14979852,104103000
3692,2022-05-22,ZB,1:남성,2022,01_시즌,당해년도,사계절,우븐 셔츠,드레스셔츠,우븐 셔츠_드레스셔츠_ZB,65.78363226803422,35173260,1344,9836309,93945600
3693,2022-05-22,ZB,1:남성,2022,01_시즌,당해년도,사계절,자켓,싱글재킷,자켓_싱글재킷_ZB,49.67492758287737,7818000,65,1904215,15535000
3696,2022-05-22,ZB,1:남성,2022,01_시즌,당해년도,여름,니트 셔츠,라운드,니트 셔츠_라운드_ZB,62.09440268907456,61019602,3226,17312276,160977400
3698,2022-05-22,ZB,1:남성,2022,01_시즌,당해년도,여름,수트,블레이져(수트),수트_블레이져(수트)_ZB,23.0410542109901,82849224,454,19953340,108506000
3699,2022-05-22,ZB,1:남성,2022,01_시즌,당해년도,여름,수트,수트팬츠,수트_수트팬츠_ZB,22.88794895225761,51095051,517,10670026,66693000
3700,2022-05-22,ZB,1:남성,2022,01_시즌,당해년도,여름,스웨터,T-에리,스웨터_T-에리_ZB,62.81675313242178,120109457,3554,34086265,319504600
3701,2022-05-22,ZB,1:남성,2022,01_시즌,당해년도,여름,스웨터,라운드,스웨터_라운드_ZB,60.091498579243584,38496818,1073,11266769,96462700
3702,2022-05-22,ZB,1:남성,2022,01_시즌,당해년도,여름,우븐 셔츠,드레스셔츠,우븐 셔츠_드레스셔츠_ZB,58.556238588088455,54745683,1887,11371116,131901300
3704,2022-05-22,ZB,1:남성,2022,01_시즌,당해년도,여름,자켓,싱글재킷,자켓_싱글재킷_ZB,64.9373671521088,32430481,387,9175214,92493000
3706,2022-05-22,ZB,1:남성,2022,01_시즌,당해년도,여름,팬츠,반바지,팬츠_반바지_ZB,64.08471746802364,27373600,955,6149677,76304500
3708,2022-05-22,ZB,3:남녀공용,2022,01_시즌,당해년도,봄,니트 셔츠,라운드,니트 셔츠_라운드_ZB,72.00978701215354,2093472,107,1004088,7479300
3711,2022-05-22,ZB,3:남녀공용,2022,01_시즌,당해년도,여름,니트 셔츠,라운드,니트 셔츠_라운드_ZB,61.04471409266724,92256530,3615,28854908,236068500
3719,2022-05-29,ZA,1:남성,2022,01_시즌,당해년도,봄,우븐 셔츠,캐쥬얼셔츠,우븐 셔츠_캐쥬얼셔츠_ZA,83.98768283294842,41600,2,27708,259800
3725,2022-05-29,ZA,1:남성,2022,01_시즌,당해년도,여름,우븐 셔츠,캐쥬얼셔츠,우븐 셔츠_캐쥬얼셔츠_ZA,56.630529822159616,32733885,768,6712144,76723200
3731,2022-05-29,ZB,1:남성,2022,01_시즌,당해년도,봄,수트,블레이져(수트),수트_블레이져(수트)_ZB,22.281734344555623,19904300,107,4519047,25573000
3732,2022-05-29,ZB,1:남성,2022,01_시즌,당해년도,봄,수트,수트팬츠,수트_수트팬츠_ZB,22.35946321486032,11323190,113,2395339,14577000
3733,2022-05-29,ZB,1:남성,2022,01_시즌,당해년도,봄,스웨터,T-에리,스웨터_T-에리_ZB,76.44301444301445,1976808,84,923921,8391600
3734,2022-05-29,ZB,1:남성,2022,01_시즌,당해년도,봄,스웨터,라운드,스웨터_라운드_ZB,68.12885239201516,672894,85,875112,7611500
3735,2022-05-29,ZB,1:남성,2022,01_시즌,당해년도,봄,스웨터,오픈형(CARDIGAN),스웨터_오픈형(CARDIGAN)_ZB,67.59588480625067,2340705,51,764909,8154900
3737,2022-05-29,ZB,1:남성,2022,01_시즌,당해년도,봄,점퍼,패딩점퍼,점퍼_패딩점퍼_ZB,78.95686382912737,280902510,5361,126100617,1334889000
3738,2022-05-29,ZB,1:남성,2022,01_시즌,당해년도,봄,코트,싱글코트,코트_싱글코트_ZB,64.78799561637295,1317860,16,396399,4304000
3739,2022-05-29,ZB,1:남성,2022,01_시즌,당해년도,사계절,니트 셔츠,라운드,니트 셔츠_라운드_ZB,61.37274032603344,6494039,340,2218111,14646000
3740,2022-05-29,ZB,1:남성,2022,01_시즌,당해년도,사계절,데님,데님팬츠,데님_데님팬츠_ZB,55.71599987235792,12269295,269,3433480,26873100
3741,2022-05-29,ZB,1:남성,2022,01_시즌,당해년도,사계절,수트,블레이져(수트),수트_블레이져(수트)_ZB,50.78374003024394,95231253,708,26890287,169212000
3742,2022-05-29,ZB,1:남성,2022,01_시즌,당해년도,사계절,수트,수트팬츠,수트_수트팬츠_ZB,39.08425238864206,66638711,863,16276929,111327000
3743,2022-05-29,ZB,1:남성,2022,01_시즌,당해년도,사계절,우븐 셔츠,드레스셔츠,우븐 셔츠_드레스셔츠_ZB,67.66191844054387,24195128,951,6916609,66474900
3744,2022-05-29,ZB,1:남성,2022,01_시즌,당해년도,사계절,자켓,싱글재킷,자켓_싱글재킷_ZB,44.80205986482137,5145000,39,1142529,9321000
3747,2022-05-29,ZB,1:남성,2022,01_시즌,당해년도,여름,니트 셔츠,라운드,니트 셔츠_라운드_ZB,71.90895346201577,61982888,4396,23644672,219360400
3749,2022-05-29,ZB,1:남성,2022,01_시즌,당해년도,여름,수트,블레이져(수트),수트_블레이져(수트)_ZB,23.540001368108523,75788287,412,18388939,98468000
3750,2022-05-29,ZB,1:남성,2022,01_시즌,당해년도,여름,수트,수트팬츠,수트_수트팬츠_ZB,23.44683571176521,44621658,450,9453139,58050000
3751,2022-05-29,ZB,1:남성,2022,01_시즌,당해년도,여름,스웨터,T-에리,스웨터_T-에리_ZB,68.92498398785297,85140141,3066,28956544,275633400
3752,2022-05-29,ZB,1:남성,2022,01_시즌,당해년도,여름,스웨터,라운드,스웨터_라운드_ZB,56.52039412628101,33029500,845,8883664,75965500
3753,2022-05-29,ZB,1:남성,2022,01_시즌,당해년도,여름,우븐 셔츠,드레스셔츠,우븐 셔츠_드레스셔츠_ZB,57.74317547260286,66990776,2268,13618152,158533200
3755,2022-05-29,ZB,1:남성,2022,01_시즌,당해년도,여름,자켓,싱글재킷,자켓_싱글재킷_ZB,64.14663086242427,28706000,335,7938626,80065000
3757,2022-05-29,ZB,1:남성,2022,01_시즌,당해년도,여름,팬츠,반바지,팬츠_반바지_ZB,69.88524903624977,19369800,734,5115256,58646600
3759,2022-05-29,ZB,3:남녀공용,2022,01_시즌,당해년도,봄,니트 셔츠,라운드,니트 셔츠_라운드_ZB,75.17568190685631,2099616,121,1135697,8457900
3762,2022-05-29,ZB,3:남녀공용,2022,01_시즌,당해년도,여름,니트 셔츠,라운드,니트 셔츠_라운드_ZB,67.63546282919415,66392144,3381,24650563,211551900
3772,2022-06-05,ZA,1:남성,2022,01_시즌,당해년도,여름,우븐 셔츠,캐쥬얼셔츠,우븐 셔츠_캐쥬얼셔츠_ZA,56.99612289235236,40021340,941,8222117,94005900
3778,2022-06-05,ZA,1:남성,2022,02_이월,당해년도,봄,우븐 셔츠,캐쥬얼셔츠,우븐 셔츠_캐쥬얼셔츠_ZA,95.76597382602002,16500,3,41562,389700
3782,2022-06-05,ZB,1:남성,2022,01_시즌,당해년도,사계절,니트 셔츠,라운드,니트 셔츠_라운드_ZB,37.03346729144977,7290075,483,3202411,19511700
3783,2022-06-05,ZB,1:남성,2022,01_시즌,당해년도,사계절,데님,데님팬츠,데님_데님팬츠_ZB,55.120341769941206,13644763,326,4177708,32567400
3784,2022-06-05,ZB,1:남성,2022,01_시즌,당해년도,사계절,수트,블레이져(수트),수트_블레이져(수트)_ZB,38.4172848964671,116440235,805,30406491,192395000
3785,2022-06-05,ZB,1:남성,2022,01_시즌,당해년도,사계절,수트,수트팬츠,수트_수트팬츠_ZB,38.96553345783689,68526377,872,16495532,112488000
3786,2022-06-05,ZB,1:남성,2022,01_시즌,당해년도,사계절,우븐 셔츠,드레스셔츠,우븐 셔츠_드레스셔츠_ZB,66.58463802595801,26952155,1036,7569426,72416400
3787,2022-06-05,ZB,1:남성,2022,01_시즌,당해년도,사계절,자켓,싱글재킷,자켓_싱글재킷_ZB,38.84776311554554,3800000,26,761686,6214000
3790,2022-06-05,ZB,1:남성,2022,01_시즌,당해년도,여름,니트 셔츠,라운드,니트 셔츠_라운드_ZB,75.26348373310128,64489886,5234,27969284,261176600
3792,2022-06-05,ZB,1:남성,2022,01_시즌,당해년도,여름,수트,블레이져(수트),수트_블레이져(수트)_ZB,23.75538006486565,81155821,444,20242268,106116000
3793,2022-06-05,ZB,1:남성,2022,01_시즌,당해년도,여름,수트,수트팬츠,수트_수트팬츠_ZB,23.961433264703004,48566841,496,10444415,63984000
3794,2022-06-05,ZB,1:남성,2022,01_시즌,당해년도,여름,스웨터,T-에리,스웨터_T-에리_ZB,62.17537701461488,150453838,4474,40745548,402212600
3795,2022-06-05,ZB,1:남성,2022,01_시즌,당해년도,여름,스웨터,라운드,스웨터_라운드_ZB,59.37600405492386,38310500,1049,11110260,94305100
3796,2022-06-05,ZB,1:남성,2022,01_시즌,당해년도,여름,우븐 셔츠,드레스셔츠,우븐 셔츠_드레스셔츠_ZB,57.33654793492148,66749675,2236,13475534,156296400
3798,2022-06-05,ZB,1:남성,2022,01_시즌,당해년도,여름,자켓,싱글재킷,자켓_싱글재킷_ZB,65.77100438623087,33868222,414,9811316,98946000
3800,2022-06-05,ZB,1:남성,2022,01_시즌,당해년도,여름,팬츠,반바지,팬츠_반바지_ZB,66.51600153730435,9676970,369,2189267,29483100
3802,2022-06-05,ZB,1:남성,2022,02_이월,당해년도,봄,수트,블레이져(수트),수트_블레이져(수트)_ZB,20.98541434411,21411690,114,4809997,27246000
3803,2022-06-05,ZB,1:남성,2022,02_이월,당해년도,봄,수트,수트팬츠,수트_수트팬츠_ZB,18.940345049885707,12662450,124,2624106,15996000
3804,2022-06-05,ZB,1:남성,2022,02_이월,당해년도,봄,스웨터,T-에리,스웨터_T-에리_ZB,71.18461214838027,3972547,138,1517766,13786200
3805,2022-06-05,ZB,1:남성,2022,02_이월,당해년도,봄,스웨터,라운드,스웨터_라운드_ZB,74.0777679146996,8776260,356,4067325,33834400
3806,2022-06-05,ZB,1:남성,2022,02_이월,당해년도,봄,스웨터,오픈형(CARDIGAN),스웨터_오픈형(CARDIGAN)_ZB,60.51939513477975,3919600,63,981014,10073700
3808,2022-06-05,ZB,1:남성,2022,02_이월,당해년도,봄,점퍼,패딩점퍼,점퍼_패딩점퍼_ZB,81.31966446467368,-165171340,-3551,-83526075,-884199000
3809,2022-06-05,ZB,1:남성,2022,02_이월,당해년도,봄,코트,싱글코트,코트_싱글코트_ZB,76.46601768195957,316579,5,9170,1325000
3810,2022-06-05,ZB,3:남녀공용,2022,01_시즌,당해년도,여름,니트 셔츠,라운드,니트 셔츠_라운드_ZB,60.56981011256685,93256463,4729,30016327,275977100
3812,2022-06-05,ZB,3:남녀공용,2022,02_이월,당해년도,봄,니트 셔츠,라운드,니트 셔츠_라운드_ZB,73.4123664255442,3958553,213,1996790,14888700
3823,2022-06-12,ZA,1:남성,2022,01_시즌,당해년도,여름,우븐 셔츠,캐쥬얼셔츠,우븐 셔츠_캐쥬얼셔츠_ZA,55.36835101474103,32745685,748,6595746,74725200
3829,2022-06-12,ZA,1:남성,2022,02_이월,당해년도,봄,우븐 셔츠,캐쥬얼셔츠,우븐 셔츠_캐쥬얼셔츠_ZA,56.49400637853294,395600,7,96979,909300
3833,2022-06-12,ZB,1:남성,2022,01_시즌,당해년도,사계절,니트 셔츠,라운드,니트 셔츠_라운드_ZB,69.76569017588386,7906479,543,3559741,22955700
3834,2022-06-12,ZB,1:남성,2022,01_시즌,당해년도,사계절,데님,데님팬츠,데님_데님팬츠_ZB,58.47465802956381,11744350,269,3439432,26873100
3835,2022-06-12,ZB,1:남성,2022,01_시즌,당해년도,사계절,수트,블레이져(수트),수트_블레이져(수트)_ZB,39.34696465030156,141061121,963,36460219,230157000
3836,2022-06-12,ZB,1:남성,2022,01_시즌,당해년도,사계절,수트,수트팬츠,수트_수트팬츠_ZB,39.2692719492645,80067547,1017,19354857,131193000
3837,2022-06-12,ZB,1:남성,2022,01_시즌,당해년도,사계절,우븐 셔츠,드레스셔츠,우븐 셔츠_드레스셔츠_ZB,67.4210765637196,21681000,813,5837156,56828700
3838,2022-06-12,ZB,1:남성,2022,01_시즌,당해년도,사계절,자켓,싱글재킷,자켓_싱글재킷_ZB,44.36333823363112,4919950,37,1083938,8843000
3841,2022-06-12,ZB,1:남성,2022,01_시즌,당해년도,여름,니트 셔츠,라운드,니트 셔츠_라운드_ZB,74.55480035138996,75844648,5960,31846333,297404000
3843,2022-06-12,ZB,1:남성,2022,01_시즌,당해년도,여름,수트,블레이져(수트),수트_블레이져(수트)_ZB,21.871470973162527,79748445,429,19730440,102531000
3844,2022-06-12,ZB,1:남성,2022,01_시즌,당해년도,여름,수트,수트팬츠,수트_수트팬츠_ZB,22.602129836362973,47511817,477,10125243,61533000
3845,2022-06-12,ZB,1:남성,2022,01_시즌,당해년도,여름,스웨터,T-에리,스웨터_T-에리_ZB,62.3194843660574,146213580,4284,41535144,385131600
3846,2022-06-12,ZB,1:남성,2022,01_시즌,당해년도,여름,스웨터,라운드,스웨터_라운드_ZB,66.34908736980483,31946292,1056,11182956,94934400
3847,2022-06-12,ZB,1:남성,2022,01_시즌,당해년도,여름,우븐 셔츠,드레스셔츠,우븐 셔츠_드레스셔츠_ZB,65.67173157508928,124304121,5234,31951183,365856600
3849,2022-06-12,ZB,1:남성,2022,01_시즌,당해년도,여름,자켓,싱글재킷,자켓_싱글재킷_ZB,65.45432811407304,29145147,353,8361587,84367000
3851,2022-06-12,ZB,1:남성,2022,01_시즌,당해년도,여름,팬츠,반바지,팬츠_반바지_ZB,69.40558421079925,23979937,993,6342590,79340700
3853,2022-06-12,ZB,1:남성,2022,02_이월,당해년도,봄,수트,블레이져(수트),수트_블레이져(수트)_ZB,18.838895113009062,18999647,101,4254731,24139000
3854,2022-06-12,ZB,1:남성,2022,02_이월,당해년도,봄,수트,수트팬츠,수트_수트팬츠_ZB,19.3655804508939,10528280,103,2189183,13287000
3855,2022-06-12,ZB,1:남성,2022,02_이월,당해년도,봄,스웨터,T-에리,스웨터_T-에리_ZB,54.17963417963418,503520,11,120975,1098900
3856,2022-06-12,ZB,1:남성,2022,02_이월,당해년도,봄,스웨터,라운드,스웨터_라운드_ZB,75.29759316906147,942389,32,379230,3096800
3857,2022-06-12,ZB,1:남성,2022,02_이월,당해년도,봄,스웨터,오픈형(CARDIGAN),스웨터_오픈형(CARDIGAN)_ZB,57.83894289991851,1539100,23,355482,3677700
3859,2022-06-12,ZB,1:남성,2022,02_이월,당해년도,봄,점퍼,패딩점퍼,점퍼_패딩점퍼_ZB,71.7362565014155,-180305160,-2562,-60262970,-637938000
3860,2022-06-12,ZB,1:남성,2022,02_이월,당해년도,봄,코트,싱글코트,코트_싱글코트_ZB,70.96761242877623,771000,7,265495,2063000
3861,2022-06-12,ZB,3:남녀공용,2022,01_시즌,당해년도,여름,니트 셔츠,라운드,니트 셔츠_라운드_ZB,68.84569163477853,121359455,6834,47785084,417816600
3863,2022-06-12,ZB,3:남녀공용,2022,02_이월,당해년도,봄,니트 셔츠,라운드,니트 셔츠_라운드_ZB,71.4173664240841,919046,46,431723,3215400
3874,2022-06-19,ZA,1:남성,2022,01_시즌,당해년도,여름,우븐 셔츠,캐쥬얼셔츠,우븐 셔츠_캐쥬얼셔츠_ZA,57.87118783880991,38212650,907,7747827,90609300
3880,2022-06-19,ZA,1:남성,2022,02_이월,당해년도,봄,우븐 셔츠,캐쥬얼셔츠,우븐 셔츠_캐쥬얼셔츠_ZA,44.86874518860662,-716155,-10,-138541,-1299000
3884,2022-06-19,ZB,1:남성,2022,01_시즌,당해년도,사계절,니트 셔츠,라운드,니트 셔츠_라운드_ZB,70.95231375623814,11376960,854,5662417,34494600
3885,2022-06-19,ZB,1:남성,2022,01_시즌,당해년도,사계절,데님,데님팬츠,데님_데님팬츠_ZB,54.58501402051008,14526300,322,4128036,32167800
3886,2022-06-19,ZB,1:남성,2022,01_시즌,당해년도,사계절,수트,블레이져(수트),수트_블레이져(수트)_ZB,37.31364783780239,136983746,955,36375853,228245000
3887,2022-06-19,ZB,1:남성,2022,01_시즌,당해년도,사계절,수트,수트팬츠,수트_수트팬츠_ZB,34.92633151981256,87342361,1097,21023901,141513000
3888,2022-06-19,ZB,1:남성,2022,01_시즌,당해년도,사계절,우븐 셔츠,드레스셔츠,우븐 셔츠_드레스셔츠_ZB,54.03458773807031,28404591,857,5978747,59904300
3889,2022-06-19,ZB,1:남성,2022,01_시즌,당해년도,사계절,자켓,싱글재킷,자켓_싱글재킷_ZB,45.64853556485355,1299000,10,292956,2390000
3892,2022-06-19,ZB,1:남성,2022,01_시즌,당해년도,여름,니트 셔츠,라운드,니트 셔츠_라운드_ZB,76.86906471504147,60004009,5260,28000168,262474000
3894,2022-06-19,ZB,1:남성,2022,01_시즌,당해년도,여름,수트,블레이져(수트),수트_블레이져(수트)_ZB,23.997138579925963,67216726,372,17037451,88908000
3895,2022-06-19,ZB,1:남성,2022,01_시즌,당해년도,여름,수트,수트팬츠,수트_수트팬츠_ZB,23.711046350916217,40985088,417,8892651,53793000
3896,2022-06-19,ZB,1:남성,2022,01_시즌,당해년도,여름,스웨터,T-에리,스웨터_T-에리_ZB,68.57250967836751,99902355,3657,32855108,328764300
3897,2022-06-19,ZB,1:남성,2022,01_시즌,당해년도,여름,스웨터,라운드,스웨터_라운드_ZB,61.6908298230578,25210039,732,7747306,65806800
3898,2022-06-19,ZB,1:남성,2022,01_시즌,당해년도,여름,우븐 셔츠,드레스셔츠,우븐 셔츠_드레스셔츠_ZB,37.49315301324802,147600067,3350,20457896,234165000
3900,2022-06-19,ZB,1:남성,2022,01_시즌,당해년도,여름,자켓,싱글재킷,자켓_싱글재킷_ZB,70.58398622352962,32199357,458,10841822,109462000
3902,2022-06-19,ZB,1:남성,2022,01_시즌,당해년도,여름,팬츠,반바지,팬츠_반바지_ZB,72.58934892680712,34602519,1572,10193820,125602800
3904,2022-06-19,ZB,1:남성,2022,02_이월,당해년도,봄,수트,블레이져(수트),수트_블레이져(수트)_ZB,23.74613821138212,14966180,81,3382436,19359000
3905,2022-06-19,ZB,1:남성,2022,02_이월,당해년도,봄,수트,수트팬츠,수트_수트팬츠_ZB,24.20486111111111,7923180,80,1703840,10320000
3906,2022-06-19,ZB,1:남성,2022,02_이월,당해년도,봄,스웨터,T-에리,스웨터_T-에리_ZB,25.21271271271271,-597700,-8,-87999,-799200
3907,2022-06-19,ZB,1:남성,2022,02_이월,당해년도,봄,스웨터,라운드,스웨터_라운드_ZB,68.25186373406618,148727,17,161498,1458300
3908,2022-06-19,ZB,1:남성,2022,02_이월,당해년도,봄,스웨터,오픈형(CARDIGAN),스웨터_오픈형(CARDIGAN)_ZB,77.48462580779653,731600,20,310979,3198000
3910,2022-06-19,ZB,1:남성,2022,02_이월,당해년도,봄,점퍼,패딩점퍼,점퍼_패딩점퍼_ZB,269.02155287817936,-1262591,3,70566,747000
3911,2022-06-19,ZB,1:남성,2022,02_이월,당해년도,봄,코트,싱글코트,코트_싱글코트_ZB,60.30429316048387,461800,16,477538,5424000
3912,2022-06-19,ZB,3:남녀공용,2022,01_시즌,당해년도,여름,니트 셔츠,라운드,니트 셔츠_라운드_ZB,70.92172270713596,93852175,5802,39875858,348579800
3914,2022-06-19,ZB,3:남녀공용,2022,02_이월,당해년도,봄,니트 셔츠,라운드,니트 셔츠_라운드_ZB,30.93671231010287,-1013780,-21,-196810,-1467900
3925,2022-06-26,ZA,1:남성,2022,01_시즌,당해년도,여름,우븐 셔츠,캐쥬얼셔츠,우븐 셔츠_캐쥬얼셔츠_ZA,56.464262531951945,44565385,1031,8821182,102996900
3931,2022-06-26,ZA,1:남성,2022,02_이월,당해년도,봄,우븐 셔츠,캐쥬얼셔츠,우븐 셔츠_캐쥬얼셔츠_ZA,-inf,59000,0,0,0
3935,2022-06-26,ZB,1:남성,2022,01_시즌,당해년도,사계절,니트 셔츠,라운드,니트 셔츠_라운드_ZB,71.2895699313381,11299904,911,6023621,37218900
3936,2022-06-26,ZB,1:남성,2022,01_시즌,당해년도,사계절,데님,데님팬츠,데님_데님팬츠_ZB,55.84137532101578,8345050,185,2352020,18481500
3937,2022-06-26,ZB,1:남성,2022,01_시즌,당해년도,사계절,수트,블레이져(수트),수트_블레이져(수트)_ZB,37.90496210676515,190266256,1305,49706990,311895000
3938,2022-06-26,ZB,1:남성,2022,01_시즌,당해년도,사계절,수트,수트팬츠,수트_수트팬츠_ZB,40.00808428394361,117220771,1479,28492111,190791000
3939,2022-06-26,ZB,1:남성,2022,01_시즌,당해년도,사계절,우븐 셔츠,드레스셔츠,우븐 셔츠_드레스셔츠_ZB,67.28411575621202,32596884,1288,9131898,90031200
3940,2022-06-26,ZB,1:남성,2022,01_시즌,당해년도,사계절,자켓,싱글재킷,자켓_싱글재킷_ZB,46.06694560669456,2578000,20,585912,4780000
3943,2022-06-26,ZB,1:남성,2022,01_시즌,당해년도,여름,니트 셔츠,라운드,니트 셔츠_라운드_ZB,76.17804596966081,55972770,4765,25390183,237773500
3945,2022-06-26,ZB,1:남성,2022,01_시즌,당해년도,여름,수트,블레이져(수트),수트_블레이져(수트)_ZB,22.38057747802839,43072568,233,10456998,55687000
3946,2022-06-26,ZB,1:남성,2022,01_시즌,당해년도,여름,수트,수트팬츠,수트_수트팬츠_ZB,22.66709153854332,28398409,285,6124894,36765000
3947,2022-06-26,ZB,1:남성,2022,01_시즌,당해년도,여름,스웨터,T-에리,스웨터_T-에리_ZB,68.13446934916098,142013754,5453,46891619,490224700
3948,2022-06-26,ZB,1:남성,2022,01_시즌,당해년도,여름,스웨터,라운드,스웨터_라운드_ZB,59.99696550519973,26576456,739,7839696,66436100
3949,2022-06-26,ZB,1:남성,2022,01_시즌,당해년도,여름,우븐 셔츠,드레스셔츠,우븐 셔츠_드레스셔츠_ZB,59.50193274528803,64236613,2269,13621091,158603100
3951,2022-06-26,ZB,1:남성,2022,01_시즌,당해년도,여름,자켓,싱글재킷,자켓_싱글재킷_ZB,61.97211867630278,18995307,209,4961245,49951000
3953,2022-06-26,ZB,1:남성,2022,01_시즌,당해년도,여름,팬츠,반바지,팬츠_반바지_ZB,71.77318730920173,38403450,1698,10991141,135670200
3955,2022-06-26,ZB,1:남성,2022,02_이월,당해년도,봄,수트,블레이져(수트),수트_블레이져(수트)_ZB,22.68771043771044,9110680,49,2061935,11711000
3956,2022-06-26,ZB,1:남성,2022,02_이월,당해년도,봄,수트,수트팬츠,수트_수트팬츠_ZB,21.881451139299976,6455703,63,1331095,8127000
3957,2022-06-26,ZB,1:남성,2022,02_이월,당해년도,봄,스웨터,T-에리,스웨터_T-에리_ZB,71.86607660291871,534010,19,208994,1898100
3958,2022-06-26,ZB,1:남성,2022,02_이월,당해년도,봄,스웨터,라운드,스웨터_라운드_ZB,72.45634479863622,752236,31,333422,2846900
3959,2022-06-26,ZB,1:남성,2022,02_이월,당해년도,봄,스웨터,오픈형(CARDIGAN),스웨터_오픈형(CARDIGAN)_ZB,61.525472651176216,1063700,18,272978,2878200
3961,2022-06-26,ZB,1:남성,2022,02_이월,당해년도,봄,점퍼,패딩점퍼,점퍼_패딩점퍼_ZB,68.27309236947791,52772000,668,15712593,166332000
3962,2022-06-26,ZB,1:남성,2022,02_이월,당해년도,봄,코트,싱글코트,코트_싱글코트_ZB,-inf,8150850,102,2557653,25478000
3963,2022-06-26,ZB,3:남녀공용,2022,01_시즌,당해년도,여름,니트 셔츠,라운드,니트 셔츠_라운드_ZB,68.5895310517507,131641976,8107,52656056,476279300
3965,2022-06-26,ZB,3:남녀공용,2022,02_이월,당해년도,봄,니트 셔츠,라운드,니트 셔츠_라운드_ZB,58.68592521099863,12071229,418,3930362,29218200
3976,2022-07-03,ZA,1:남성,2022,01_시즌,당해년도,여름,우븐 셔츠,캐쥬얼셔츠,우븐 셔츠_캐쥬얼셔츠_ZA,56.65426912579596,41709150,992,8599526,99100800
3982,2022-07-03,ZA,1:남성,2022,02_이월,당해년도,봄,우븐 셔츠,캐쥬얼셔츠,우븐 셔츠_캐쥬얼셔츠_ZA,108.79522709776752,45700,-4,-55416,-519600
3986,2022-07-03,ZB,1:남성,2022,01_시즌,당해년도,사계절,니트 셔츠,라운드,니트 셔츠_라운드_ZB,65.60719590877711,6682986,401,2653557,16329900
3987,2022-07-03,ZB,1:남성,2022,01_시즌,당해년도,사계절,데님,데님팬츠,데님_데님팬츠_ZB,50.12916442556852,9212086,195,2510977,19480500
3988,2022-07-03,ZB,1:남성,2022,01_시즌,당해년도,사계절,수트,블레이져(수트),수트_블레이져(수트)_ZB,38.58697930218113,181710479,1244,48998001,297316000
3989,2022-07-03,ZB,1:남성,2022,01_시즌,당해년도,사계절,수트,수트팬츠,수트_수트팬츠_ZB,26.58207808201257,109584595,1370,26810425,176730000
3990,2022-07-03,ZB,1:남성,2022,01_시즌,당해년도,사계절,우븐 셔츠,드레스셔츠,우븐 셔츠_드레스셔츠_ZB,64.57368644694465,26994114,934,6486544,65286600
3991,2022-07-03,ZB,1:남성,2022,01_시즌,당해년도,사계절,자켓,싱글재킷,자켓_싱글재킷_ZB,42.00836820083682,2079000,15,439434,3585000
3994,2022-07-03,ZB,1:남성,2022,01_시즌,당해년도,여름,니트 셔츠,라운드,니트 셔츠_라운드_ZB,74.55344060302887,41395854,3280,17453675,163672000
3996,2022-07-03,ZB,1:남성,2022,01_시즌,당해년도,여름,수트,블레이져(수트),수트_블레이져(수트)_ZB,22.02469028177686,46909929,253,10851953,60467000
3997,2022-07-03,ZB,1:남성,2022,01_시즌,당해년도,여름,수트,수트팬츠,수트_수트팬츠_ZB,22.694586464076338,33389047,337,6786377,43473000
3998,2022-07-03,ZB,1:남성,2022,01_시즌,당해년도,여름,스웨터,T-에리,스웨터_T-에리_ZB,64.57835048560746,77097601,2458,22336657,220974200
3999,2022-07-03,ZB,1:남성,2022,01_시즌,당해년도,여름,스웨터,라운드,스웨터_라운드_ZB,66.69701702288256,13412843,448,4741017,40275200
4000,2022-07-03,ZB,1:남성,2022,01_시즌,당해년도,여름,우븐 셔츠,드레스셔츠,우븐 셔츠_드레스셔츠_ZB,58.96227885796516,66589041,2310,13727153,161469000
4002,2022-07-03,ZB,1:남성,2022,01_시즌,당해년도,여름,자켓,싱글재킷,자켓_싱글재킷_ZB,67.26973118587723,17131350,219,5186914,52341000
4004,2022-07-03,ZB,1:남성,2022,01_시즌,당해년도,여름,팬츠,반바지,팬츠_반바지_ZB,63.049675503329695,39226102,1314,8559424,104988600
4006,2022-07-03,ZB,1:남성,2022,02_이월,당해년도,봄,수트,블레이져(수트),수트_블레이져(수트)_ZB,22.77151565430674,9885950,53,2229610,12667000
4007,2022-07-03,ZB,1:남성,2022,02_이월,당해년도,봄,수트,수트팬츠,수트_수트팬츠_ZB,-3.748741568509012,6023000,60,1265730,7740000
4008,2022-07-03,ZB,1:남성,2022,02_이월,당해년도,봄,스웨터,T-에리,스웨터_T-에리_ZB,75.00250250250251,199780,8,87986,799200
4009,2022-07-03,ZB,1:남성,2022,02_이월,당해년도,봄,스웨터,라운드,스웨터_라운드_ZB,90.39564369708977,219028,-7,-62041,-579300
4010,2022-07-03,ZB,1:남성,2022,02_이월,당해년도,봄,스웨터,오픈형(CARDIGAN),스웨터_오픈형(CARDIGAN)_ZB,67.12528663748176,453800,9,137085,1439100
4012,2022-07-03,ZB,1:남성,2022,02_이월,당해년도,봄,점퍼,패딩점퍼,점퍼_패딩점퍼_ZB,70.1984786436386,-60255100,-812,-19099739,-202188000
4013,2022-07-03,ZB,1:남성,2022,02_이월,당해년도,봄,코트,싱글코트,코트_싱글코트_ZB,71.99715579643804,-442520,-5,-103562,-1085000
4014,2022-07-03,ZB,3:남녀공용,2022,01_시즌,당해년도,여름,니트 셔츠,라운드,니트 셔츠_라운드_ZB,74.02368941602455,96183537,6406,43998295,384739400
4016,2022-07-03,ZB,3:남녀공용,2022,02_이월,당해년도,봄,니트 셔츠,라운드,니트 셔츠_라운드_ZB,57.62333736840175,-11552302,-390,-3668160,-27261000
4029,2022-07-10,ZA,1:남성,2022,01_시즌,당해년도,여름,우븐 셔츠,캐쥬얼셔츠,우븐 셔츠_캐쥬얼셔츠_ZA,62.36922845285264,47236890,1287,11159411,128571300
4035,2022-07-10,ZA,1:남성,2022,02_이월,당해년도,봄,우븐 셔츠,캐쥬얼셔츠,우븐 셔츠_캐쥬얼셔츠_ZA,73.13317936874519,139600,4,55416,519600
4039,2022-07-10,ZB,1:남성,2022,01_시즌,당해년도,사계절,니트 셔츠,라운드,니트 셔츠_라운드_ZB,71.0448695729896,8992960,739,4881002,30326100
4040,2022-07-10,ZB,1:남성,2022,01_시즌,당해년도,사계절,데님,데님팬츠,데님_데님팬츠_ZB,61.84400961196014,9410445,227,2881268,22677300
4041,2022-07-10,ZB,1:남성,2022,01_시즌,당해년도,사계절,수트,블레이져(수트),수트_블레이져(수트)_ZB,37.872989588837775,131637357,916,36610430,218924000
4042,2022-07-10,ZB,1:남성,2022,01_시즌,당해년도,사계절,수트,수트팬츠,수트_수트팬츠_ZB,38.11244989791634,73199726,941,18582682,121389000
4043,2022-07-10,ZB,1:남성,2022,01_시즌,당해년도,사계절,우븐 셔츠,드레스셔츠,우븐 셔츠_드레스셔츠_ZB,61.04906913198376,13969722,568,4118596,39703200
4044,2022-07-10,ZB,1:남성,2022,01_시즌,당해년도,사계절,자켓,싱글재킷,자켓_싱글재킷_ZB,44.76987447698745,1848000,14,410139,3346000
4047,2022-07-10,ZB,1:남성,2022,01_시즌,당해년도,여름,니트 셔츠,라운드,니트 셔츠_라운드_ZB,76.1267846790131,54498090,4996,25837499,249300400
4049,2022-07-10,ZB,1:남성,2022,01_시즌,당해년도,여름,수트,블레이져(수트),수트_블레이져(수트)_ZB,23.133395789255847,38697088,211,8852685,50429000
4050,2022-07-10,ZB,1:남성,2022,01_시즌,당해년도,여름,수트,수트팬츠,수트_수트팬츠_ZB,22.864634661129877,26086848,262,5215615,33798000
4051,2022-07-10,ZB,1:남성,2022,01_시즌,당해년도,여름,스웨터,T-에리,스웨터_T-에리_ZB,69.6349048233707,140241974,5681,48882515,510721900
4052,2022-07-10,ZB,1:남성,2022,01_시즌,당해년도,여름,스웨터,라운드,스웨터_라운드_ZB,60.43843327603061,23473460,660,6987702,59334000
4053,2022-07-10,ZB,1:남성,2022,01_시즌,당해년도,여름,우븐 셔츠,드레스셔츠,우븐 셔츠_드레스셔츠_ZB,63.81935821313412,59571659,2342,13994962,163705800
4055,2022-07-10,ZB,1:남성,2022,01_시즌,당해년도,여름,자켓,싱글재킷,자켓_싱글재킷_ZB,66.91546159680932,67606600,855,20444068,204345000
4057,2022-07-10,ZB,1:남성,2022,01_시즌,당해년도,여름,팬츠,반바지,팬츠_반바지_ZB,69.42991812652822,40916850,1681,10901490,134311900
4059,2022-07-10,ZB,1:남성,2022,02_이월,당해년도,봄,수트,블레이져(수트),수트_블레이져(수트)_ZB,23.25,5602160,30,1283239,7170000
4060,2022-07-10,ZB,1:남성,2022,02_이월,당해년도,봄,수트,수트팬츠,수트_수트팬츠_ZB,22.18928571428572,4120260,41,870804,5289000
4061,2022-07-10,ZB,1:남성,2022,02_이월,당해년도,봄,스웨터,T-에리,스웨터_T-에리_ZB,76.45472138805472,705652,30,329972,2997000
4062,2022-07-10,ZB,1:남성,2022,02_이월,당해년도,봄,스웨터,라운드,스웨터_라운드_ZB,75.71580146277958,1975783,85,911654,7791500
4063,2022-07-10,ZB,1:남성,2022,02_이월,당해년도,봄,스웨터,오픈형(CARDIGAN),스웨터_오픈형(CARDIGAN)_ZB,76.26728619449656,1931311,52,795214,8314800
4065,2022-07-10,ZB,1:남성,2022,02_이월,당해년도,봄,점퍼,패딩점퍼,점퍼_패딩점퍼_ZB,68.09260206850568,-20577400,-259,-6092158,-64491000
4066,2022-07-10,ZB,1:남성,2022,02_이월,당해년도,봄,코트,싱글코트,코트_싱글코트_ZB,70.54389114304163,-5911288,-75,-1867572,-18355000
4068,2022-07-10,ZB,3:남녀공용,2022,01_시즌,당해년도,여름,니트 셔츠,라운드,니트 셔츠_라운드_ZB,70.0821441640575,350093710,18762,140776809,1154503800
4070,2022-07-10,ZB,3:남녀공용,2022,02_이월,당해년도,봄,니트 셔츠,라운드,니트 셔츠_라운드_ZB,70.32970177176186,1348070,65,609812,4543500
4083,2022-07-17,ZA,1:남성,2022,01_시즌,당해년도,여름,우븐 셔츠,캐쥬얼셔츠,우븐 셔츠_캐쥬얼셔츠_ZA,58.27610808407747,40033914,977,8213671,97602300
4089,2022-07-17,ZA,1:남성,2022,02_이월,당해년도,봄,우븐 셔츠,캐쥬얼셔츠,우븐 셔츠_캐쥬얼셔츠_ZA,63.75545291249679,141245,3,41562,389700
4094,2022-07-17,ZB,1:남성,2022,01_시즌,당해년도,사계절,니트 셔츠,라운드,니트 셔츠_라운드_ZB,386.9004538039523,10074467,802,5334509,31969800
4095,2022-07-17,ZB,1:남성,2022,01_시즌,당해년도,사계절,데님,데님팬츠,데님_데님팬츠_ZB,53.91855947411503,7471220,173,2196135,17282700
4096,2022-07-17,ZB,1:남성,2022,01_시즌,당해년도,사계절,수트,블레이져(수트),수트_블레이져(수트)_ZB,35.145132638705725,113426563,800,32441317,191200000
4097,2022-07-17,ZB,1:남성,2022,01_시즌,당해년도,사계절,수트,수트팬츠,수트_수트팬츠_ZB,36.163338577898,70789837,917,18178601,118293000
4098,2022-07-17,ZB,1:남성,2022,01_시즌,당해년도,사계절,우븐 셔츠,드레스셔츠,우븐 셔츠_드레스셔츠_ZB,64.73388289859555,19343755,686,4727323,47951400
4099,2022-07-17,ZB,1:남성,2022,01_시즌,당해년도,사계절,자켓,싱글재킷,자켓_싱글재킷_ZB,38.7398474033965,2489000,17,498026,4063000
4102,2022-07-17,ZB,1:남성,2022,01_시즌,당해년도,여름,니트 셔츠,라운드,니트 셔츠_라운드_ZB,75.65956907586661,19022220,1559,8477526,77794100
4104,2022-07-17,ZB,1:남성,2022,01_시즌,당해년도,여름,수트,블레이져(수트),수트_블레이져(수트)_ZB,20.66541368683309,30909599,164,6840618,39196000
4105,2022-07-17,ZB,1:남성,2022,01_시즌,당해년도,여름,수트,수트팬츠,수트_수트팬츠_ZB,21.239591986341328,21619090,213,4245790,27477000
4106,2022-07-17,ZB,1:남성,2022,01_시즌,당해년도,여름,스웨터,T-에리,스웨터_T-에리_ZB,69.40630826745542,89926449,3847,32474465,345845300
4107,2022-07-17,ZB,1:남성,2022,01_시즌,당해년도,여름,스웨터,라운드,스웨터_라운드_ZB,61.688239771056246,22249708,646,6841080,58075400
4108,2022-07-17,ZB,1:남성,2022,01_시즌,당해년도,여름,우븐 셔츠,드레스셔츠,우븐 셔츠_드레스셔츠_ZB,62.71353713088413,52993962,2029,12407024,141827100
4110,2022-07-17,ZB,1:남성,2022,01_시즌,당해년도,여름,자켓,싱글재킷,자켓_싱글재킷_ZB,91.115760111576,191100,9,161627,2151000
4112,2022-07-17,ZB,1:남성,2022,01_시즌,당해년도,여름,팬츠,반바지,팬츠_반바지_ZB,68.94520247150236,59438911,2429,14966305,194077100
4114,2022-07-17,ZB,1:남성,2022,02_이월,당해년도,봄,수트,블레이져(수트),수트_블레이져(수트)_ZB,7.499999999999998,6166200,31,1323726,7409000
4115,2022-07-17,ZB,1:남성,2022,02_이월,당해년도,봄,수트,수트팬츠,수트_수트팬츠_ZB,6.375088090204369,4075100,38,809652,4902000
4116,2022-07-17,ZB,1:남성,2022,02_이월,당해년도,봄,스웨터,T-에리,스웨터_T-에리_ZB,55.88075575575576,705202,16,175968,1598400
4117,2022-07-17,ZB,1:남성,2022,02_이월,당해년도,봄,스웨터,라운드,스웨터_라운드_ZB,68.78652353902632,1731106,57,628423,5304300
4118,2022-07-17,ZB,1:남성,2022,02_이월,당해년도,봄,스웨터,오픈형(CARDIGAN),스웨터_오픈형(CARDIGAN)_ZB,74.86606212215969,1390945,33,503832,5276700
4120,2022-07-17,ZB,1:남성,2022,02_이월,당해년도,봄,점퍼,패딩점퍼,점퍼_패딩점퍼_ZB,68.5228110330504,-29705338,-379,-8914780,-94371000
4121,2022-07-17,ZB,1:남성,2022,02_이월,당해년도,봄,코트,싱글코트,코트_싱글코트_ZB,78.87379609623906,419220,7,200111,1983000
4123,2022-07-17,ZB,3:남녀공용,2022,01_시즌,당해년도,여름,니트 셔츠,라운드,니트 셔츠_라운드_ZB,66.94655034942834,277395197,18203,102493189,995489700
4125,2022-07-17,ZB,3:남녀공용,2022,02_이월,당해년도,봄,니트 셔츠,라운드,니트 셔츠_라운드_ZB,51.74969736986905,876901,26,244524,1817400
4138,2022-07-24,ZA,1:남성,2022,01_시즌,당해년도,여름,우븐 셔츠,캐쥬얼셔츠,우븐 셔츠_캐쥬얼셔츠_ZA,67.31568438215072,44216713,1346,11202755,134465400
4144,2022-07-24,ZA,1:남성,2022,02_이월,당해년도,봄,우븐 셔츠,캐쥬얼셔츠,우븐 셔츠_캐쥬얼셔츠_ZA,-inf,34900,0,0,0
4148,2022-07-24,ZB,1:남성,2022,01_시즌,당해년도,가을,수트,블레이져(수트),수트_블레이져(수트)_ZB,20.514020514020515,20381000,99,4097548,25641000
4149,2022-07-24,ZB,1:남성,2022,01_시즌,당해년도,가을,수트,수트팬츠,수트_수트팬츠_ZB,20.58033573141487,10597760,96,1959937,13344000
4151,2022-07-24,ZB,1:남성,2022,01_시즌,당해년도,사계절,니트 셔츠,라운드,니트 셔츠_라운드_ZB,73.21282794196678,11759487,961,6351360,39333900
4152,2022-07-24,ZB,1:남성,2022,01_시즌,당해년도,사계절,데님,데님팬츠,데님_데님팬츠_ZB,50.12634213097177,6933653,143,1836298,14285700
4153,2022-07-24,ZB,1:남성,2022,01_시즌,당해년도,사계절,수트,블레이져(수트),수트_블레이져(수트)_ZB,30.346138149217754,96018881,594,24447253,141966000
4154,2022-07-24,ZB,1:남성,2022,01_시즌,당해년도,사계절,수트,수트팬츠,수트_수트팬츠_ZB,12.648764833856092,59029304,674,13333784,86946000
4155,2022-07-24,ZB,1:남성,2022,01_시즌,당해년도,사계절,우븐 셔츠,드레스셔츠,우븐 셔츠_드레스셔츠_ZB,61.72753793560512,15824545,549,3933327,38375100
4156,2022-07-24,ZB,1:남성,2022,01_시즌,당해년도,사계절,자켓,싱글재킷,자켓_싱글재킷_ZB,43.12412831241283,2039000,15,439434,3585000
4159,2022-07-24,ZB,1:남성,2022,01_시즌,당해년도,여름,니트 셔츠,라운드,니트 셔츠_라운드_ZB,68.97177964514889,12362330,838,4687255,41816200
4161,2022-07-24,ZB,1:남성,2022,01_시즌,당해년도,여름,수트,블레이져(수트),수트_블레이져(수트)_ZB,21.12301268869978,27914365,149,6228746,35611000
4162,2022-07-24,ZB,1:남성,2022,01_시즌,당해년도,여름,수트,수트팬츠,수트_수트팬츠_ZB,21.20966777279003,17201661,170,3249888,21930000
4163,2022-07-24,ZB,1:남성,2022,01_시즌,당해년도,여름,스웨터,T-에리,스웨터_T-에리_ZB,74.89897477927003,66375407,2970,26539101,267003000
4164,2022-07-24,ZB,1:남성,2022,01_시즌,당해년도,여름,스웨터,라운드,스웨터_라운드_ZB,68.08964904136705,14573202,508,5394813,45669200
4165,2022-07-24,ZB,1:남성,2022,01_시즌,당해년도,여름,우븐 셔츠,드레스셔츠,우븐 셔츠_드레스셔츠_ZB,67.22167388213745,44028053,1921,11774245,134277900
4167,2022-07-24,ZB,1:남성,2022,01_시즌,당해년도,여름,자켓,싱글재킷,자켓_싱글재킷_ZB,63.71567999050417,-24454906,-282,-6834772,-67398000
4169,2022-07-24,ZB,1:남성,2022,01_시즌,당해년도,여름,팬츠,반바지,팬츠_반바지_ZB,77.54176620677174,35155256,1950,12350172,155805000
4171,2022-07-24,ZB,1:남성,2022,02_이월,당해년도,봄,수트,블레이져(수트),수트_블레이져(수트)_ZB,21.75,3059200,17,765077,4063000
4172,2022-07-24,ZB,1:남성,2022,02_이월,당해년도,봄,수트,수트팬츠,수트_수트팬츠_ZB,21.18181818181818,1470600,15,351261,1935000
4173,2022-07-24,ZB,1:남성,2022,02_이월,당해년도,봄,스웨터,T-에리,스웨터_T-에리_ZB,54.03060203060203,642928,14,153990,1398600
4174,2022-07-24,ZB,1:남성,2022,02_이월,당해년도,봄,스웨터,라운드,스웨터_라운드_ZB,79.50626595079356,1536430,80,884398,7462000
4175,2022-07-24,ZB,1:남성,2022,02_이월,당해년도,봄,스웨터,오픈형(CARDIGAN),스웨터_오픈형(CARDIGAN)_ZB,68.2614133833646,2547000,51,789902,8154900
4177,2022-07-24,ZB,1:남성,2022,02_이월,당해년도,봄,점퍼,패딩점퍼,점퍼_패딩점퍼_ZB,68.98092369477912,617900,8,188175,1992000
4178,2022-07-24,ZB,1:남성,2022,02_이월,당해년도,봄,코트,싱글코트,코트_싱글코트_ZB,76.28154162630618,4892000,70,2010810,20710000
4180,2022-07-24,ZB,3:남녀공용,2022,01_시즌,당해년도,여름,니트 셔츠,라운드,니트 셔츠_라운드_ZB,78.33428175718383,73763478,6705,51754109,428099500
4182,2022-07-24,ZB,3:남녀공용,2022,02_이월,당해년도,봄,니트 셔츠,라운드,니트 셔츠_라운드_ZB,72.29807463042441,929455,48,447762,3355200
4192,2022-07-31,ZA,1:남성,2022,01_시즌,당해년도,겨울,우븐 셔츠,캐쥬얼셔츠,우븐 셔츠_캐쥬얼셔츠_ZA,0.0,0,0,0,0
4197,2022-07-31,ZA,1:남성,2022,01_시즌,당해년도,여름,우븐 셔츠,캐쥬얼셔츠,우븐 셔츠_캐쥬얼셔츠_ZA,65.38083840861619,8277364,242,2010187,24175800
4203,2022-07-31,ZA,1:남성,2022,02_이월,당해년도,봄,우븐 셔츠,캐쥬얼셔츠,우븐 셔츠_캐쥬얼셔츠_ZA,54.58044649730562,118000,2,27708,259800
4207,2022-07-31,ZB,1:남성,2022,01_시즌,당해년도,가을,수트,블레이져(수트),수트_블레이져(수트)_ZB,20.897843439294217,39540795,193,7988150,49987000
4208,2022-07-31,ZB,1:남성,2022,01_시즌,당해년도,가을,수트,수트팬츠,수트_수트팬츠_ZB,20.84237702089251,29817885,271,5532738,37669000
4210,2022-07-31,ZB,1:남성,2022,01_시즌,당해년도,사계절,니트 셔츠,라운드,니트 셔츠_라운드_ZB,63.08511198105191,3172545,175,1144695,7462500
4211,2022-07-31,ZB,1:남성,2022,01_시즌,당해년도,사계절,데님,데님팬츠,데님_데님팬츠_ZB,46.45965445965446,2064720,41,517890,4095900
4212,2022-07-31,ZB,1:남성,2022,01_시즌,당해년도,사계절,수트,블레이져(수트),수트_블레이져(수트)_ZB,43.176603705664185,42116494,256,10396253,61184000
4213,2022-07-31,ZB,1:남성,2022,01_시즌,당해년도,사계절,수트,수트팬츠,수트_수트팬츠_ZB,-inf,24163506,278,5509007,35862000
4214,2022-07-31,ZB,1:남성,2022,01_시즌,당해년도,사계절,우븐 셔츠,드레스셔츠,우븐 셔츠_드레스셔츠_ZB,51.44482702584315,4949516,144,994575,10065600
4215,2022-07-31,ZB,1:남성,2022,01_시즌,당해년도,사계절,자켓,싱글재킷,자켓_싱글재킷_ZB,inf,-20500,0,0,0
4218,2022-07-31,ZB,1:남성,2022,01_시즌,당해년도,여름,니트 셔츠,라운드,니트 셔츠_라운드_ZB,76.93683036521915,14024222,1226,6646565,61177400
4220,2022-07-31,ZB,1:남성,2022,01_시즌,당해년도,여름,수트,블레이져(수트),수트_블레이져(수트)_ZB,inf,14304462,74,3053343,17686000
4221,2022-07-31,ZB,1:남성,2022,01_시즌,당해년도,여름,수트,수트팬츠,수트_수트팬츠_ZB,23.348795994567105,8341298,79,1475185,10191000
4222,2022-07-31,ZB,1:남성,2022,01_시즌,당해년도,여름,스웨터,T-에리,스웨터_T-에리_ZB,63.61556222169093,14328845,440,3992821,39556000
4223,2022-07-31,ZB,1:남성,2022,01_시즌,당해년도,여름,스웨터,라운드,스웨터_라운드_ZB,66.483492915149,4610095,153,1618464,13754700
4224,2022-07-31,ZB,1:남성,2022,01_시즌,당해년도,여름,우븐 셔츠,드레스셔츠,우븐 셔츠_드레스셔츠_ZB,70.64205286727957,11788319,575,3475440,40192500
4226,2022-07-31,ZB,1:남성,2022,01_시즌,당해년도,여름,자켓,싱글재킷,자켓_싱글재킷_ZB,68.54867487335041,129816288,1727,41379813,412753000
4228,2022-07-31,ZB,1:남성,2022,01_시즌,당해년도,여름,팬츠,반바지,팬츠_반바지_ZB,91.90505498224984,8737606,130,1169484,10387000
4230,2022-07-31,ZB,1:남성,2022,02_이월,당해년도,봄,수트,블레이져(수트),수트_블레이져(수트)_ZB,11.377405857740586,3550368,19,794257,4541000
4231,2022-07-31,ZB,1:남성,2022,02_이월,당해년도,봄,수트,수트팬츠,수트_수트팬츠_ZB,18.75104097452935,2983532,28,596492,3612000
4232,2022-07-31,ZB,1:남성,2022,02_이월,당해년도,봄,스웨터,T-에리,스웨터_T-에리_ZB,-inf,123501,0,6,0
4233,2022-07-31,ZB,1:남성,2022,02_이월,당해년도,봄,스웨터,라운드,스웨터_라운드_ZB,79.39773011331687,47707,-6,-58207,-519400
4234,2022-07-31,ZB,1:남성,2022,02_이월,당해년도,봄,스웨터,오픈형(CARDIGAN),스웨터_오픈형(CARDIGAN)_ZB,47.603636201197176,464945,8,127009,1279200
4236,2022-07-31,ZB,1:남성,2022,02_이월,당해년도,봄,점퍼,패딩점퍼,점퍼_패딩점퍼_ZB,8.333333333333334,684750,3,70566,747000
4237,2022-07-31,ZB,1:남성,2022,02_이월,당해년도,봄,코트,싱글코트,코트_싱글코트_ZB,88.94109263802932,4230,9,193478,2401000
4238,2022-07-31,ZB,3:남녀공용,2022,01_시즌,당해년도,가을,니트 셔츠,라운드,니트 셔츠_라운드_ZB,0.0,0,0,0,0
4241,2022-07-31,ZB,3:남녀공용,2022,01_시즌,당해년도,여름,니트 셔츠,라운드,니트 셔츠_라운드_ZB,53.66219503281911,-134551181,-2960,-27473381,-196904000
4243,2022-07-31,ZB,3:남녀공용,2022,02_이월,당해년도,봄,니트 셔츠,라운드,니트 셔츠_라운드_ZB,38.58593909666871,300499,7,65517,489300
4253,2022-08-07,ZA,1:남성,2022,01_시즌,당해년도,겨울,우븐 셔츠,캐쥬얼셔츠,우븐 셔츠_캐쥬얼셔츠_ZA,0.0,0,0,0,0
4258,2022-08-07,ZA,1:남성,2022,01_시즌,당해년도,여름,우븐 셔츠,캐쥬얼셔츠,우븐 셔츠_캐쥬얼셔츠_ZA,67.55991988220863,55942480,1749,14435630,174725100
4264,2022-08-07,ZA,1:남성,2022,02_이월,당해년도,봄,우븐 셔츠,캐쥬얼셔츠,우븐 셔츠_캐쥬얼셔츠_ZA,79.29176289453426,26900,1,13854,129900
4268,2022-08-07,ZB,1:남성,2022,01_시즌,당해년도,가을,수트,블레이져(수트),수트_블레이져(수트)_ZB,21.51686753166829,128034672,632,28781850,163688000
4269,2022-08-07,ZB,1:남성,2022,01_시즌,당해년도,가을,수트,수트팬츠,수트_수트팬츠_ZB,21.947902666468195,88204678,815,18643546,113285000
4270,2022-08-07,ZB,1:남성,2022,01_시즌,당해년도,가을,스웨터,오픈형(CARDIGAN),스웨터_오픈형(CARDIGAN)_ZB,0.0,0,0,0,0
4272,2022-08-07,ZB,1:남성,2022,01_시즌,당해년도,사계절,니트 셔츠,라운드,니트 셔츠_라운드_ZB,72.98999155179808,20638388,1918,12787002,76888200
4273,2022-08-07,ZB,1:남성,2022,01_시즌,당해년도,사계절,데님,데님팬츠,데님_데님팬츠_ZB,35.3818787192615,15415390,236,3109767,23576400
4274,2022-08-07,ZB,1:남성,2022,01_시즌,당해년도,사계절,수트,블레이져(수트),수트_블레이져(수트)_ZB,24.794606350938896,132032944,766,30877053,183074000
4275,2022-08-07,ZB,1:남성,2022,01_시즌,당해년도,사계절,수트,수트팬츠,수트_수트팬츠_ZB,30.08663389740501,78366802,852,16854365,109908000
4276,2022-08-07,ZB,1:남성,2022,01_시즌,당해년도,사계절,우븐 셔츠,드레스셔츠,우븐 셔츠_드레스셔츠_ZB,63.15264993588552,27970400,923,6387136,64517700
4277,2022-08-07,ZB,1:남성,2022,01_시즌,당해년도,사계절,자켓,싱글재킷,자켓_싱글재킷_ZB,42.94856017720896,2318000,17,498026,4063000
4280,2022-08-07,ZB,1:남성,2022,01_시즌,당해년도,여름,니트 셔츠,라운드,니트 셔츠_라운드_ZB,74.8082986029442,30118753,2440,12953228,121756000
4282,2022-08-07,ZB,1:남성,2022,01_시즌,당해년도,여름,수트,블레이져(수트),수트_블레이져(수트)_ZB,23.75793383035524,37417230,205,8486932,48995000
4283,2022-08-07,ZB,1:남성,2022,01_시즌,당해년도,여름,수트,수트팬츠,수트_수트팬츠_ZB,22.650922198271463,25428805,254,4860075,32766000
4284,2022-08-07,ZB,1:남성,2022,01_시즌,당해년도,여름,스웨터,T-에리,스웨터_T-에리_ZB,69.35047902200535,103436880,3887,35021884,349441300
4285,2022-08-07,ZB,1:남성,2022,01_시즌,당해년도,여름,스웨터,라운드,스웨터_라운드_ZB,65.19952705128226,21618367,691,7330522,62120900
4286,2022-08-07,ZB,1:남성,2022,01_시즌,당해년도,여름,우븐 셔츠,드레스셔츠,우븐 셔츠_드레스셔츠_ZB,66.22693690290563,70650883,2987,18258842,208791300
4288,2022-08-07,ZB,1:남성,2022,01_시즌,당해년도,여름,자켓,싱글재킷,자켓_싱글재킷_ZB,67.362303171612,-81748292,-1048,-25194704,-250472000
4290,2022-08-07,ZB,1:남성,2022,01_시즌,당해년도,여름,팬츠,반바지,팬츠_반바지_ZB,74.07977390725465,51473027,2497,15700854,199510300
4292,2022-08-07,ZB,1:남성,2022,02_이월,당해년도,봄,수트,블레이져(수트),수트_블레이져(수트)_ZB,25.05275529909421,11069700,61,2602449,14579000
4293,2022-08-07,ZB,1:남성,2022,02_이월,당해년도,봄,수트,수트팬츠,수트_수트팬츠_ZB,23.329757290513104,5804300,59,1249653,7611000
4294,2022-08-07,ZB,1:남성,2022,02_이월,당해년도,봄,스웨터,T-에리,스웨터_T-에리_ZB,75.46641641641642,490181,20,219985,1998000
4295,2022-08-07,ZB,1:남성,2022,02_이월,당해년도,봄,스웨터,라운드,스웨터_라운드_ZB,72.10869807900033,1118706,45,499166,4205500
4296,2022-08-07,ZB,1:남성,2022,02_이월,당해년도,봄,스웨터,오픈형(CARDIGAN),스웨터_오픈형(CARDIGAN)_ZB,62.51066007163568,1318800,22,339459,3517800
4298,2022-08-07,ZB,1:남성,2022,02_이월,당해년도,봄,점퍼,패딩점퍼,점퍼_패딩점퍼_ZB,70.20635483108906,1261165,17,399871,4233000
4299,2022-08-07,ZB,1:남성,2022,02_이월,당해년도,봄,코트,싱글코트,코트_싱글코트_ZB,68.81424133548717,2033399,24,679288,6696000
4300,2022-08-07,ZB,3:남녀공용,2022,01_시즌,당해년도,가을,니트 셔츠,라운드,니트 셔츠_라운드_ZB,0.0,0,0,0,0
4303,2022-08-07,ZB,3:남녀공용,2022,01_시즌,당해년도,여름,니트 셔츠,라운드,니트 셔츠_라운드_ZB,61.85921136800757,74701593,2562,23780829,189883800
4305,2022-08-07,ZB,3:남녀공용,2022,02_이월,당해년도,봄,니트 셔츠,라운드,니트 셔츠_라운드_ZB,72.32010641768943,1102850,57,535681,3984300
4315,2022-08-14,ZA,1:남성,2022,01_시즌,당해년도,겨울,우븐 셔츠,캐쥬얼셔츠,우븐 셔츠_캐쥬얼셔츠_ZA,0.0,0,0,0,0
4320,2022-08-14,ZA,1:남성,2022,01_시즌,당해년도,여름,우븐 셔츠,캐쥬얼셔츠,우븐 셔츠_캐쥬얼셔츠_ZA,67.36287429929354,29435672,883,7354473,88211700
4326,2022-08-14,ZA,1:남성,2022,02_이월,당해년도,봄,우븐 셔츠,캐쥬얼셔츠,우븐 셔츠_캐쥬얼셔츠_ZA,76.69057169482598,575300,19,263228,2468100
4330,2022-08-14,ZB,1:남성,2022,01_시즌,당해년도,가을,수트,블레이져(수트),수트_블레이져(수트)_ZB,20.66730866544807,122347102,595,26644237,154105000
4331,2022-08-14,ZB,1:남성,2022,01_시즌,당해년도,가을,수트,수트팬츠,수트_수트팬츠_ZB,20.818217790645893,78414115,711,16067763,98829000
4332,2022-08-14,ZB,1:남성,2022,01_시즌,당해년도,가을,스웨터,오픈형(CARDIGAN),스웨터_오픈형(CARDIGAN)_ZB,50.4752376188094,3168000,32,703676,6396800
4334,2022-08-14,ZB,1:남성,2022,01_시즌,당해년도,겨울,수트,블레이져(수트),수트_블레이져(수트)_ZB,20.6128577557149,12953600,63,3024884,16317000
4335,2022-08-14,ZB,1:남성,2022,01_시즌,당해년도,겨울,수트,수트팬츠,수트_수트팬츠_ZB,20.405309555172764,7855200,71,1745288,9869000
4336,2022-08-14,ZB,1:남성,2022,01_시즌,당해년도,사계절,니트 셔츠,라운드,니트 셔츠_라운드_ZB,72.78632209130663,26307996,2318,15395741,94348200
4337,2022-08-14,ZB,1:남성,2022,01_시즌,당해년도,사계절,데님,데님팬츠,데님_데님팬츠_ZB,-inf,11989662,241,3195365,24075900
4338,2022-08-14,ZB,1:남성,2022,01_시즌,당해년도,사계절,수트,블레이져(수트),수트_블레이져(수트)_ZB,41.25628548549877,76791187,484,19537100,115676000
4339,2022-08-14,ZB,1:남성,2022,01_시즌,당해년도,사계절,수트,수트팬츠,수트_수트팬츠_ZB,41.86154558072837,49303037,587,11668616,75723000
4340,2022-08-14,ZB,1:남성,2022,01_시즌,당해년도,사계절,우븐 셔츠,드레스셔츠,우븐 셔츠_드레스셔츠_ZB,61.92487338297322,20874906,643,4338235,44945700
4341,2022-08-14,ZB,1:남성,2022,01_시즌,당해년도,사계절,자켓,싱글재킷,자켓_싱글재킷_ZB,47.83577405857741,2493450,20,585912,4780000
4344,2022-08-14,ZB,1:남성,2022,01_시즌,당해년도,여름,니트 셔츠,라운드,니트 셔츠_라운드_ZB,78.29808365226697,17498561,1660,8913052,82834000
4346,2022-08-14,ZB,1:남성,2022,01_시즌,당해년도,여름,수트,블레이져(수트),수트_블레이져(수트)_ZB,19.879839309038356,17828520,95,3884101,22705000
4347,2022-08-14,ZB,1:남성,2022,01_시즌,당해년도,여름,수트,수트팬츠,수트_수트팬츠_ZB,21.616360604353257,11490346,116,2259381,14964000
4348,2022-08-14,ZB,1:남성,2022,01_시즌,당해년도,여름,스웨터,T-에리,스웨터_T-에리_ZB,69.66410082484708,25393402,982,8323267,88281800
4349,2022-08-14,ZB,1:남성,2022,01_시즌,당해년도,여름,스웨터,라운드,스웨터_라운드_ZB,71.07163076456915,14511685,558,5911446,50164200
4350,2022-08-14,ZB,1:남성,2022,01_시즌,당해년도,여름,우븐 셔츠,드레스셔츠,우븐 셔츠_드레스셔츠_ZB,70.5795928038279,53959028,2617,15967773,182928300
4352,2022-08-14,ZB,1:남성,2022,01_시즌,당해년도,여름,자켓,싱글재킷,자켓_싱글재킷_ZB,61.73748762336708,-11979610,-131,-3207133,-31309000
4354,2022-08-14,ZB,1:남성,2022,01_시즌,당해년도,여름,팬츠,반바지,팬츠_반바지_ZB,76.11622799987494,27785366,1468,9314910,117293200
4356,2022-08-14,ZB,1:남성,2022,02_이월,당해년도,봄,수트,블레이져(수트),수트_블레이져(수트)_ZB,22.321428571428573,6237900,34,1443049,8126000
4357,2022-08-14,ZB,1:남성,2022,02_이월,당해년도,봄,수트,수트팬츠,수트_수트팬츠_ZB,16.968194254445965,3256600,32,675518,4128000
4358,2022-08-14,ZB,1:남성,2022,02_이월,당해년도,봄,스웨터,T-에리,스웨터_T-에리_ZB,73.10089576756243,3144048,117,1286857,11688300
4359,2022-08-14,ZB,1:남성,2022,02_이월,당해년도,봄,스웨터,라운드,스웨터_라운드_ZB,68.2464725769787,3126725,102,1114966,9449800
4360,2022-08-14,ZB,1:남성,2022,02_이월,당해년도,봄,스웨터,오픈형(CARDIGAN),스웨터_오픈형(CARDIGAN)_ZB,74.25074756024841,3729735,93,1439149,14870700
4362,2022-08-14,ZB,1:남성,2022,02_이월,당해년도,봄,점퍼,패딩점퍼,점퍼_패딩점퍼_ZB,73.48688873139618,2244600,34,799743,8466000
4363,2022-08-14,ZB,1:남성,2022,02_이월,당해년도,봄,코트,싱글코트,코트_싱글코트_ZB,61.689561751386016,2801000,28,786701,7852000
4364,2022-08-14,ZB,3:남녀공용,2022,01_시즌,당해년도,가을,니트 셔츠,라운드,니트 셔츠_라운드_ZB,45.49499443826474,2793000,57,735177,5124300
4367,2022-08-14,ZB,3:남녀공용,2022,01_시즌,당해년도,여름,니트 셔츠,라운드,니트 셔츠_라운드_ZB,76.74974792777176,123546349,10059,52318897,537244100
4369,2022-08-14,ZB,3:남녀공용,2022,02_이월,당해년도,봄,니트 셔츠,라운드,니트 셔츠_라운드_ZB,74.01274329474279,2161646,119,1118743,8318100
4380,2022-08-21,ZA,1:남성,2022,01_시즌,당해년도,겨울,우븐 셔츠,캐쥬얼셔츠,우븐 셔츠_캐쥬얼셔츠_ZA,50.95095095095096,3185000,65,534300,6493500
4385,2022-08-21,ZA,1:남성,2022,01_시즌,당해년도,여름,우븐 셔츠,캐쥬얼셔츠,우븐 셔츠_캐쥬얼셔츠_ZA,66.90021178644622,24471846,758,6492735,75724200
4391,2022-08-21,ZA,1:남성,2022,02_이월,당해년도,봄,우븐 셔츠,캐쥬얼셔츠,우븐 셔츠_캐쥬얼셔츠_ZA,58.071593533487295,326790,6,83125,779400
4395,2022-08-21,ZB,1:남성,2022,01_시즌,당해년도,가을,수트,블레이져(수트),수트_블레이져(수트)_ZB,21.05178208123601,138229015,676,30103863,175084000
4396,2022-08-21,ZB,1:남성,2022,01_시즌,당해년도,가을,수트,수트팬츠,수트_수트팬츠_ZB,20.938388970429727,81399155,742,16728328,103138000
4397,2022-08-21,ZB,1:남성,2022,01_시즌,당해년도,가을,스웨터,오픈형(CARDIGAN),스웨터_오픈형(CARDIGAN)_ZB,43.40273585068396,6562000,58,1275412,11594200
4399,2022-08-21,ZB,1:남성,2022,01_시즌,당해년도,겨울,수트,블레이져(수트),수트_블레이져(수트)_ZB,20.401768227855182,28450000,138,6625935,35742000
4400,2022-08-21,ZB,1:남성,2022,01_시즌,당해년도,겨울,수트,수트팬츠,수트_수트팬츠_ZB,20.303030303030305,18278500,165,4055951,22935000
4401,2022-08-21,ZB,1:남성,2022,01_시즌,당해년도,사계절,니트 셔츠,라운드,니트 셔츠_라운드_ZB,48.23771944734051,37407308,2671,17798381,112562900
4402,2022-08-21,ZB,1:남성,2022,01_시즌,당해년도,사계절,데님,데님팬츠,데님_데님팬츠_ZB,28.091654063876287,-439720,59,697614,5894100
4403,2022-08-21,ZB,1:남성,2022,01_시즌,당해년도,사계절,수트,블레이져(수트),수트_블레이져(수트)_ZB,-78.81953715185777,84314438,540,22008309,129060000
4404,2022-08-21,ZB,1:남성,2022,01_시즌,당해년도,사계절,수트,수트팬츠,수트_수트팬츠_ZB,30.369749530971376,58537834,669,13304053,86301000
4405,2022-08-21,ZB,1:남성,2022,01_시즌,당해년도,사계절,우븐 셔츠,드레스셔츠,우븐 셔츠_드레스셔츠_ZB,60.13186193611466,26422624,818,5502556,57178200
4406,2022-08-21,ZB,1:남성,2022,01_시즌,당해년도,사계절,자켓,싱글재킷,자켓_싱글재킷_ZB,46.9586820083682,3042450,24,703095,5736000
4409,2022-08-21,ZB,1:남성,2022,01_시즌,당해년도,여름,니트 셔츠,라운드,니트 셔츠_라운드_ZB,72.90618091876148,64817522,5126,26234276,255787400
4411,2022-08-21,ZB,1:남성,2022,01_시즌,당해년도,여름,수트,블레이져(수트),수트_블레이져(수트)_ZB,22.175466291850736,25136205,134,5505260,32026000
4412,2022-08-21,ZB,1:남성,2022,01_시즌,당해년도,여름,수트,수트팬츠,수트_수트팬츠_ZB,20.033744770403324,17476572,169,3252966,21801000
4413,2022-08-21,ZB,1:남성,2022,01_시즌,당해년도,여름,스웨터,T-에리,스웨터_T-에리_ZB,46.00526732279635,12173349,476,3474203,42792400
4414,2022-08-21,ZB,1:남성,2022,01_시즌,당해년도,여름,스웨터,라운드,스웨터_라운드_ZB,63.50952319209483,10694410,326,3458222,29307400
4415,2022-08-21,ZB,1:남성,2022,01_시즌,당해년도,여름,우븐 셔츠,드레스셔츠,우븐 셔츠_드레스셔츠_ZB,73.19623170405868,61061634,3323,20767529,232277700
4417,2022-08-21,ZB,1:남성,2022,01_시즌,당해년도,여름,자켓,싱글재킷,자켓_싱글재킷_ZB,69.06494287997744,6580196,89,2094221,21271000
4419,2022-08-21,ZB,1:남성,2022,01_시즌,당해년도,여름,팬츠,반바지,팬츠_반바지_ZB,75.08567294346284,18349956,924,5886061,73827600
4421,2022-08-21,ZB,1:남성,2022,02_이월,당해년도,봄,수트,블레이져(수트),수트_블레이져(수트)_ZB,24.88849280628349,6367900,35,1477196,8365000
4422,2022-08-21,ZB,1:남성,2022,02_이월,당해년도,봄,수트,수트팬츠,수트_수트팬츠_ZB,23.12019908386188,3672300,37,776992,4773000
4423,2022-08-21,ZB,1:남성,2022,02_이월,당해년도,봄,스웨터,T-에리,스웨터_T-에리_ZB,68.13207146540479,1050590,33,362962,3296700
4424,2022-08-21,ZB,1:남성,2022,02_이월,당해년도,봄,스웨터,라운드,스웨터_라운드_ZB,69.98108190557208,3795621,132,1455107,12286800
4425,2022-08-21,ZB,1:남성,2022,02_이월,당해년도,봄,스웨터,오픈형(CARDIGAN),스웨터_오픈형(CARDIGAN)_ZB,72.33791647639012,1826000,42,636156,6715800
4427,2022-08-21,ZB,1:남성,2022,02_이월,당해년도,봄,점퍼,패딩점퍼,점퍼_패딩점퍼_ZB,68.27309236947791,1027000,13,305784,3237000
4428,2022-08-21,ZB,1:남성,2022,02_이월,당해년도,봄,코트,싱글코트,코트_싱글코트_ZB,66.33193480758962,1966000,23,618285,6207000
4429,2022-08-21,ZB,3:남녀공용,2022,01_시즌,당해년도,가을,니트 셔츠,라운드,니트 셔츠_라운드_ZB,46.90479217270891,4677794,98,1263988,8810200
4432,2022-08-21,ZB,3:남녀공용,2022,01_시즌,당해년도,여름,니트 셔츠,라운드,니트 셔츠_라운드_ZB,74.89775999471216,107445559,7857,47375955,444404300
4434,2022-08-21,ZB,3:남녀공용,2022,02_이월,당해년도,봄,니트 셔츠,라운드,니트 셔츠_라운드_ZB,70.42376130232732,3163090,153,1436865,10694700
4447,2022-08-28,ZA,1:남성,2022,01_시즌,당해년도,겨울,우븐 셔츠,캐쥬얼셔츠,우븐 셔츠_캐쥬얼셔츠_ZA,51.580469358247136,6530100,135,1109700,13486500
4454,2022-08-28,ZA,1:남성,2022,01_시즌,당해년도,여름,우븐 셔츠,캐쥬얼셔츠,우븐 셔츠_캐쥬얼셔츠_ZA,66.222138686916,13656945,405,3441753,40459500
4460,2022-08-28,ZA,1:남성,2022,02_이월,당해년도,봄,우븐 셔츠,캐쥬얼셔츠,우븐 셔츠_캐쥬얼셔츠_ZA,47.72202393449506,747000,11,152396,1428900
4464,2022-08-28,ZB,1:남성,2022,01_시즌,당해년도,가을,수트,블레이져(수트),수트_블레이져(수트)_ZB,22.733588382829456,132101930,662,29471851,171458000
4465,2022-08-28,ZB,1:남성,2022,01_시즌,당해년도,가을,수트,수트팬츠,수트_수트팬츠_ZB,22.81431686358535,76015364,710,16040681,98690000
4466,2022-08-28,ZB,1:남성,2022,01_시즌,당해년도,가을,스웨터,오픈형(CARDIGAN),스웨터_오픈형(CARDIGAN)_ZB,-1.574537268634317,4060950,20,439797,3998000
4468,2022-08-28,ZB,1:남성,2022,01_시즌,당해년도,겨울,수트,블레이져(수트),수트_블레이져(수트)_ZB,21.577460085568195,37576160,185,8882594,47915000
4469,2022-08-28,ZB,1:남성,2022,01_시즌,당해년도,겨울,수트,수트팬츠,수트_수트팬츠_ZB,21.52691454313185,23342604,214,5260446,29746000
4470,2022-08-28,ZB,1:남성,2022,01_시즌,당해년도,사계절,니트 셔츠,라운드,니트 셔츠_라운드_ZB,70.09703989932541,11352107,833,5531478,36336700
4471,2022-08-28,ZB,1:남성,2022,01_시즌,당해년도,사계절,데님,데님팬츠,데님_데님팬츠_ZB,50.55893659749039,14038947,266,3546836,26573400
4472,2022-08-28,ZB,1:남성,2022,01_시즌,당해년도,사계절,수트,블레이져(수트),수트_블레이져(수트)_ZB,32.52053583945773,64631609,403,16370063,96317000
4473,2022-08-28,ZB,1:남성,2022,01_시즌,당해년도,사계절,수트,수트팬츠,수트_수트팬츠_ZB,31.21869677060521,41729305,476,9507598,61404000
4474,2022-08-28,ZB,1:남성,2022,01_시즌,당해년도,사계절,우븐 셔츠,드레스셔츠,우븐 셔츠_드레스셔츠_ZB,69.95348041482715,18680027,547,3542213,38235300
4475,2022-08-28,ZB,1:남성,2022,01_시즌,당해년도,사계절,자켓,싱글재킷,자켓_싱글재킷_ZB,44.10422213769494,2939000,22,644504,5258000
4478,2022-08-28,ZB,1:남성,2022,01_시즌,당해년도,여름,니트 셔츠,라운드,니트 셔츠_라운드_ZB,72.91712606791945,-24349886,-1936,-9242745,-96606400
4480,2022-08-28,ZB,1:남성,2022,01_시즌,당해년도,여름,수트,블레이져(수트),수트_블레이져(수트)_ZB,27.414690841469085,13715080,79,3312358,18881000
4481,2022-08-28,ZB,1:남성,2022,01_시즌,당해년도,여름,수트,수트팬츠,수트_수트팬츠_ZB,24.92548855453312,9043240,94,1945906,12126000
4482,2022-08-28,ZB,1:남성,2022,01_시즌,당해년도,여름,스웨터,T-에리,스웨터_T-에리_ZB,65.71588304901158,11266761,375,3261164,33712500
4483,2022-08-28,ZB,1:남성,2022,01_시즌,당해년도,여름,스웨터,라운드,스웨터_라운드_ZB,63.62048366497755,4415200,135,1426969,12136500
4484,2022-08-28,ZB,1:남성,2022,01_시즌,당해년도,여름,우븐 셔츠,드레스셔츠,우븐 셔츠_드레스셔츠_ZB,72.22062202467502,43092826,2215,13758151,154828500
4486,2022-08-28,ZB,1:남성,2022,01_시즌,당해년도,여름,자켓,싱글재킷,자켓_싱글재킷_ZB,71.57272951021413,8085000,119,2804166,28441000
4488,2022-08-28,ZB,1:남성,2022,01_시즌,당해년도,여름,팬츠,반바지,팬츠_반바지_ZB,64.62263932261327,-7208710,-133,-501356,-10626700
4490,2022-08-28,ZB,1:남성,2022,02_이월,당해년도,봄,수트,블레이져(수트),수트_블레이져(수트)_ZB,21.96823507036896,4099282,22,936266,5258000
4491,2022-08-28,ZB,1:남성,2022,02_이월,당해년도,봄,수트,수트팬츠,수트_수트팬츠_ZB,10.560806570690293,2660077,24,508364,3096000
4492,2022-08-28,ZB,1:남성,2022,02_이월,당해년도,봄,스웨터,T-에리,스웨터_T-에리_ZB,61.41856141856142,2158400,56,615936,5594400
4493,2022-08-28,ZB,1:남성,2022,02_이월,당해년도,봄,스웨터,라운드,스웨터_라운드_ZB,73.51838195711915,5185900,208,2329002,19539200
4494,2022-08-28,ZB,1:남성,2022,02_이월,당해년도,봄,스웨터,오픈형(CARDIGAN),스웨터_오픈형(CARDIGAN)_ZB,67.0674900979779,2893945,55,851623,8794500
4496,2022-08-28,ZB,1:남성,2022,02_이월,당해년도,봄,점퍼,패딩점퍼,점퍼_패딩점퍼_ZB,72.52984351197895,1983620,29,682134,7221000
4497,2022-08-28,ZB,1:남성,2022,02_이월,당해년도,봄,코트,싱글코트,코트_싱글코트_ZB,68.43535906885819,13781110,156,4360985,44444000
4498,2022-08-28,ZB,3:남녀공용,2022,01_시즌,당해년도,가을,니트 셔츠,라운드,니트 셔츠_라운드_ZB,14.503225806451614,-384308,-5,-64489,-449500
4501,2022-08-28,ZB,3:남녀공용,2022,01_시즌,당해년도,여름,니트 셔츠,라운드,니트 셔츠_라운드_ZB,71.5226233080165,72957413,6381,34386709,343251900
4503,2022-08-28,ZB,3:남녀공용,2022,02_이월,당해년도,봄,니트 셔츠,라운드,니트 셔츠_라운드_ZB,60.7459882448248,2277400,83,779220,5801700
4516,2022-09-04,ZA,1:남성,2022,01_시즌,당해년도,겨울,우븐 셔츠,캐쥬얼셔츠,우븐 셔츠_캐쥬얼셔츠_ZA,52.033209680268506,8146200,170,1397400,16983000
4523,2022-09-04,ZA,1:남성,2022,01_시즌,당해년도,여름,우븐 셔츠,캐쥬얼셔츠,우븐 셔츠_캐쥬얼셔츠_ZA,67.12114779697906,12466390,386,3314258,38561400
4529,2022-09-04,ZA,1:남성,2022,02_이월,당해년도,봄,우븐 셔츠,캐쥬얼셔츠,우븐 셔츠_캐쥬얼셔츠_ZA,59.13227137245613,2070400,39,540311,5066100
4533,2022-09-04,ZB,1:남성,2022,01_시즌,당해년도,가을,수트,블레이져(수트),수트_블레이져(수트)_ZB,23.80977844270913,191003151,967,43161679,250453000
4534,2022-09-04,ZB,1:남성,2022,01_시즌,당해년도,가을,수트,수트팬츠,수트_수트팬츠_ZB,23.87385618605841,109014411,1030,23296014,143170000
4535,2022-09-04,ZB,1:남성,2022,01_시즌,당해년도,가을,스웨터,오픈형(CARDIGAN),스웨터_오픈형(CARDIGAN)_ZB,35.2498283039825,7636700,59,1387684,11794100
4538,2022-09-04,ZB,1:남성,2022,01_시즌,당해년도,겨울,수트,블레이져(수트),수트_블레이져(수트)_ZB,24.2679270106887,88069585,449,21558297,116291000
4539,2022-09-04,ZB,1:남성,2022,01_시즌,당해년도,겨울,수트,수트팬츠,수트_수트팬츠_ZB,24.079145272251385,53081584,503,12300961,69917000
4540,2022-09-04,ZB,1:남성,2022,01_시즌,당해년도,사계절,니트 셔츠,라운드,니트 셔츠_라운드_ZB,66.01073794048459,39501940,1914,12942699,105738600
4541,2022-09-04,ZB,1:남성,2022,01_시즌,당해년도,사계절,데님,데님팬츠,데님_데님팬츠_ZB,53.74147816864367,14794586,310,4032265,30969000
4542,2022-09-04,ZB,1:남성,2022,01_시즌,당해년도,사계절,수트,블레이져(수트),수트_블레이져(수트)_ZB,33.19229634625266,80236013,500,20173753,119500000
4543,2022-09-04,ZB,1:남성,2022,01_시즌,당해년도,사계절,수트,수트팬츠,수트_수트팬츠_ZB,33.306714177302304,49093598,566,11210449,73014000
4544,2022-09-04,ZB,1:남성,2022,01_시즌,당해년도,사계절,우븐 셔츠,드레스셔츠,우븐 셔츠_드레스셔츠_ZB,61.24122731903826,25823385,776,5217134,54242400
4545,2022-09-04,ZB,1:남성,2022,01_시즌,당해년도,사계절,자켓,싱글재킷,자켓_싱글재킷_ZB,46.331258291662415,5259000,41,1201120,9799000
4548,2022-09-04,ZB,1:남성,2022,01_시즌,당해년도,여름,니트 셔츠,라운드,니트 셔츠_라운드_ZB,83.71986503275379,3818455,223,1448048,11127700
4550,2022-09-04,ZB,1:남성,2022,01_시즌,당해년도,여름,수트,블레이져(수트),수트_블레이져(수트)_ZB,22.19119769119769,16108600,86,3627157,20554000
4551,2022-09-04,ZB,1:남성,2022,01_시즌,당해년도,여름,수트,수트팬츠,수트_수트팬츠_ZB,23.462545391116823,7133700,71,1503193,9159000
4552,2022-09-04,ZB,1:남성,2022,01_시즌,당해년도,여름,스웨터,T-에리,스웨터_T-에리_ZB,98.50918041597389,614635,284,2124857,25531600
4553,2022-09-04,ZB,1:남성,2022,01_시즌,당해년도,여름,스웨터,라운드,스웨터_라운드_ZB,68.62693315153038,6120352,217,2297911,19508300
4554,2022-09-04,ZB,1:남성,2022,01_시즌,당해년도,여름,우븐 셔츠,드레스셔츠,우븐 셔츠_드레스셔츠_ZB,69.19938354134081,44668140,2231,14242490,155946900
4556,2022-09-04,ZB,1:남성,2022,01_시즌,당해년도,여름,자켓,싱글재킷,자켓_싱글재킷_ZB,69.33002524291987,8869450,121,2864765,28919000
4558,2022-09-04,ZB,1:남성,2022,01_시즌,당해년도,여름,팬츠,반바지,팬츠_반바지_ZB,81.02144163383046,8944903,567,3322888,45303300
4560,2022-09-04,ZB,1:남성,2022,02_이월,당해년도,봄,수트,블레이져(수트),수트_블레이져(수트)_ZB,20.0,5162400,27,1144254,6453000
4561,2022-09-04,ZB,1:남성,2022,02_이월,당해년도,봄,수트,수트팬츠,수트_수트팬츠_ZB,22.96296296296296,3302400,33,699049,4257000
4562,2022-09-04,ZB,1:남성,2022,02_이월,당해년도,봄,스웨터,T-에리,스웨터_T-에리_ZB,65.91847968495803,18079190,531,5840345,53046900
4563,2022-09-04,ZB,1:남성,2022,02_이월,당해년도,봄,스웨터,라운드,스웨터_라운드_ZB,68.50705984498293,24545851,802,8802549,74459800
4564,2022-09-04,ZB,1:남성,2022,02_이월,당해년도,봄,스웨터,오픈형(CARDIGAN),스웨터_오픈형(CARDIGAN)_ZB,71.56423591950852,11447300,250,3803925,39975000
4566,2022-09-04,ZB,1:남성,2022,02_이월,당해년도,봄,점퍼,패딩점퍼,점퍼_패딩점퍼_ZB,73.73532591906086,6801500,104,2446272,25896000
4567,2022-09-04,ZB,1:남성,2022,02_이월,당해년도,봄,코트,싱글코트,코트_싱글코트_ZB,71.37371883643124,31189600,358,11806252,107942000
4568,2022-09-04,ZB,3:남녀공용,2022,01_시즌,당해년도,가을,니트 셔츠,라운드,니트 셔츠_라운드_ZB,49.506865007554,9124059,201,2592465,18069900
4573,2022-09-04,ZB,3:남녀공용,2022,01_시즌,당해년도,여름,니트 셔츠,라운드,니트 셔츠_라운드_ZB,39.967675003010655,3703081,1605,15457400,117009500
4575,2022-09-04,ZB,3:남녀공용,2022,02_이월,당해년도,봄,니트 셔츠,라운드,니트 셔츠_라운드_ZB,66.94019685949988,15436680,668,6277729,46693200
4590,2022-09-11,ZA,1:남성,2022,01_시즌,당해년도,겨울,우븐 셔츠,캐쥬얼셔츠,우븐 셔츠_캐쥬얼셔츠_ZA,55.86775454699984,11683350,265,2178300,26473500
4597,2022-09-11,ZA,1:남성,2022,01_시즌,당해년도,여름,우븐 셔츠,캐쥬얼셔츠,우븐 셔츠_캐쥬얼셔츠_ZA,64.12748731919054,8710390,242,2091283,24175800
4603,2022-09-11,ZA,1:남성,2022,02_이월,당해년도,봄,우븐 셔츠,캐쥬얼셔츠,우븐 셔츠_캐쥬얼셔츠_ZA,58.84319740787977,3582000,67,928227,8703300
4605,2022-09-11,ZA,3:남녀공용,2022,01_시즌,당해년도,겨울,우븐 셔츠,캐쥬얼셔츠,우븐 셔츠_캐쥬얼셔츠_ZA,0.0,0,0,0,0
4608,2022-09-11,ZB,1:남성,2022,01_시즌,당해년도,가을,수트,블레이져(수트),수트_블레이져(수트)_ZB,28.41455678208941,142378650,766,33955425,198394000
4609,2022-09-11,ZB,1:남성,2022,01_시즌,당해년도,가을,수트,수트팬츠,수트_수트팬츠_ZB,28.433521759056816,79372882,796,17911644,110644000
4610,2022-09-11,ZB,1:남성,2022,01_시즌,당해년도,가을,스웨터,오픈형(CARDIGAN),스웨터_오픈형(CARDIGAN)_ZB,42.73982330148125,13506645,118,2830522,23588200
4613,2022-09-11,ZB,1:남성,2022,01_시즌,당해년도,겨울,수트,블레이져(수트),수트_블레이져(수트)_ZB,28.58977594016964,93955860,508,24391124,131572000
4614,2022-09-11,ZB,1:남성,2022,01_시즌,당해년도,겨울,수트,수트팬츠,수트_수트팬츠_ZB,28.441820224118104,53512638,538,13128030,74782000
4615,2022-09-11,ZB,1:남성,2022,01_시즌,당해년도,겨울,스웨터,라운드,스웨터_라운드_ZB,41.58794892744773,97800699,1676,20044952,167432400
4616,2022-09-11,ZB,1:남성,2022,01_시즌,당해년도,사계절,니트 셔츠,라운드,니트 셔츠_라운드_ZB,77.84663282022238,18605282,1574,10393403,92352600
4617,2022-09-11,ZB,1:남성,2022,01_시즌,당해년도,사계절,데님,데님팬츠,데님_데님팬츠_ZB,51.46930751011444,19021138,390,5152849,38961000
4618,2022-09-11,ZB,1:남성,2022,01_시즌,당해년도,사계절,수트,블레이져(수트),수트_블레이져(수트)_ZB,33.548603272185055,67296839,428,17249261,102292000
4619,2022-09-11,ZB,1:남성,2022,01_시즌,당해년도,사계절,수트,수트팬츠,수트_수트팬츠_ZB,33.32939101380962,39385554,463,9234983,59727000
4620,2022-09-11,ZB,1:남성,2022,01_시즌,당해년도,사계절,우븐 셔츠,드레스셔츠,우븐 셔츠_드레스셔츠_ZB,58.00818734250578,22000052,648,4271410,45295200
4621,2022-09-11,ZB,1:남성,2022,01_시즌,당해년도,사계절,자켓,싱글재킷,자켓_싱글재킷_ZB,41.45746164574616,3358000,24,703095,5736000
4624,2022-09-11,ZB,1:남성,2022,01_시즌,당해년도,여름,니트 셔츠,라운드,니트 셔츠_라운드_ZB,78.50324088964017,16850450,1577,8100044,78692300
4626,2022-09-11,ZB,1:남성,2022,01_시즌,당해년도,여름,수트,블레이져(수트),수트_블레이져(수트)_ZB,26.41496598639456,10468200,57,2302178,13623000
4627,2022-09-11,ZB,1:남성,2022,01_시즌,당해년도,여름,수트,수트팬츠,수트_수트팬츠_ZB,26.482108699716672,4868800,51,996442,6579000
4628,2022-09-11,ZB,1:남성,2022,01_시즌,당해년도,여름,스웨터,T-에리,스웨터_T-에리_ZB,68.6071146953405,8683673,305,2606027,27419500
4629,2022-09-11,ZB,1:남성,2022,01_시즌,당해년도,여름,스웨터,라운드,스웨터_라운드_ZB,62.57007235762509,3398600,101,1068677,9079900
4630,2022-09-11,ZB,1:남성,2022,01_시즌,당해년도,여름,우븐 셔츠,드레스셔츠,우븐 셔츠_드레스셔츠_ZB,69.84771664812942,32113966,1477,9392526,103242300
4632,2022-09-11,ZB,1:남성,2022,01_시즌,당해년도,여름,자켓,싱글재킷,자켓_싱글재킷_ZB,66.32597945987067,4426450,55,1296508,13145000
4634,2022-09-11,ZB,1:남성,2022,01_시즌,당해년도,여름,팬츠,반바지,팬츠_반바지_ZB,78.11472298330871,1566845,90,565277,7191000
4636,2022-09-11,ZB,1:남성,2022,02_이월,당해년도,봄,수트,블레이져(수트),수트_블레이져(수트)_ZB,23.214285714285715,2366100,13,549179,3107000
4637,2022-09-11,ZB,1:남성,2022,02_이월,당해년도,봄,수트,수트팬츠,수트_수트팬츠_ZB,22.929263565891475,1656700,17,361711,2193000
4638,2022-09-11,ZB,1:남성,2022,02_이월,당해년도,봄,스웨터,T-에리,스웨터_T-에리_ZB,62.91554712607344,19709200,532,5851386,53146800
4639,2022-09-11,ZB,1:남성,2022,02_이월,당해년도,봄,스웨터,라운드,스웨터_라운드_ZB,64.09029381630653,17292725,505,5792918,48109500
4640,2022-09-11,ZB,1:남성,2022,02_이월,당해년도,봄,스웨터,오픈형(CARDIGAN),스웨터_오픈형(CARDIGAN)_ZB,70.07145953250375,18635200,376,5742150,60122400
4642,2022-09-11,ZB,1:남성,2022,02_이월,당해년도,봄,점퍼,패딩점퍼,점퍼_패딩점퍼_ZB,70.16235153379475,6983800,94,2211054,23406000
4643,2022-09-11,ZB,1:남성,2022,02_이월,당해년도,봄,코트,싱글코트,코트_싱글코트_ZB,67.74600180862717,5076000,73,542467,13537000
4644,2022-09-11,ZB,3:남녀공용,2022,01_시즌,당해년도,가을,니트 셔츠,라운드,니트 셔츠_라운드_ZB,53.81140966232721,8263185,199,2566669,17890100
4647,2022-09-11,ZB,3:남녀공용,2022,01_시즌,당해년도,겨울,니트 셔츠,라운드,니트 셔츠_라운드_ZB,0.0,0,0,0,0
4650,2022-09-11,ZB,3:남녀공용,2022,01_시즌,당해년도,여름,니트 셔츠,라운드,니트 셔츠_라운드_ZB,72.43174865095122,41522883,3174,19161261,180002600
4652,2022-09-11,ZB,3:남녀공용,2022,02_이월,당해년도,봄,니트 셔츠,라운드,니트 셔츠_라운드_ZB,66.35927379526761,11545800,491,4612767,34320900
4667,2022-09-18,ZA,1:남성,2022,01_시즌,당해년도,겨울,우븐 셔츠,캐쥬얼셔츠,우븐 셔츠_캐쥬얼셔츠_ZA,54.63197187335118,9200500,203,1668660,20279700
4675,2022-09-18,ZA,1:남성,2022,01_시즌,당해년도,여름,우븐 셔츠,캐쥬얼셔츠,우븐 셔츠_캐쥬얼셔츠_ZA,65.48987939908449,9103200,264,2295750,26373600
4681,2022-09-18,ZA,1:남성,2022,02_이월,당해년도,봄,우븐 셔츠,캐쥬얼셔츠,우븐 셔츠_캐쥬얼셔츠_ZA,57.31565073366459,3659500,66,914372,8573400
4686,2022-09-18,ZA,3:남녀공용,2022,01_시즌,당해년도,겨울,우븐 셔츠,캐쥬얼셔츠,우븐 셔츠_캐쥬얼셔츠_ZA,34.687913720171785,6067950,93,1293072,9290700
4689,2022-09-18,ZB,1:남성,2022,01_시즌,당해년도,가을,수트,블레이져(수트),수트_블레이져(수트)_ZB,23.881796838851848,184580074,937,41577342,242683000
4690,2022-09-18,ZB,1:남성,2022,01_시즌,당해년도,가을,수트,수트팬츠,수트_수트팬츠_ZB,23.88196554305379,104585444,990,22327579,137610000
4691,2022-09-18,ZB,1:남성,2022,01_시즌,당해년도,가을,스웨터,오픈형(CARDIGAN),스웨터_오픈형(CARDIGAN)_ZB,41.23815940228179,14565650,124,2974794,24787600
4694,2022-09-18,ZB,1:남성,2022,01_시즌,당해년도,겨울,수트,블레이져(수트),수트_블레이져(수트)_ZB,24.195023535522843,141557455,721,34618111,186739000
4695,2022-09-18,ZB,1:남성,2022,01_시즌,당해년도,겨울,수트,수트팬츠,수트_수트팬츠_ZB,24.651258340365192,86615639,827,20159972,114953000
4696,2022-09-18,ZB,1:남성,2022,01_시즌,당해년도,겨울,스웨터,라운드,스웨터_라운드_ZB,35.685294669669666,-16448100,-256,-3027570,-25574400
4697,2022-09-18,ZB,1:남성,2022,01_시즌,당해년도,겨울,점퍼,패딩점퍼,점퍼_패딩점퍼_ZB,0.0,0,0,0,0
4698,2022-09-18,ZB,1:남성,2022,01_시즌,당해년도,겨울,코트,싱글코트,코트_싱글코트_ZB,0.0,0,0,0,0
4700,2022-09-18,ZB,1:남성,2022,01_시즌,당해년도,사계절,니트 셔츠,라운드,니트 셔츠_라운드_ZB,70.85142169781595,45439747,2822,18963895,150867800
4701,2022-09-18,ZB,1:남성,2022,01_시즌,당해년도,사계절,데님,데님팬츠,데님_데님팬츠_ZB,48.6740176092028,23255245,458,6151657,45754200
4702,2022-09-18,ZB,1:남성,2022,01_시즌,당해년도,사계절,수트,블레이져(수트),수트_블레이져(수트)_ZB,32.408492585941474,82274030,506,20391282,120934000
4703,2022-09-18,ZB,1:남성,2022,01_시즌,당해년도,사계절,수트,수트팬츠,수트_수트팬츠_ZB,31.615375795608355,50485473,571,11373990,73659000
4704,2022-09-18,ZB,1:남성,2022,01_시즌,당해년도,사계절,우븐 셔츠,드레스셔츠,우븐 셔츠_드레스셔츠_ZB,62.05001360370475,31448473,983,6571257,68711700
4705,2022-09-18,ZB,1:남성,2022,01_시즌,당해년도,사계절,자켓,싱글재킷,자켓_싱글재킷_ZB,43.4637246388253,7161450,53,1552668,12667000
4708,2022-09-18,ZB,1:남성,2022,01_시즌,당해년도,여름,니트 셔츠,라운드,니트 셔츠_라운드_ZB,79.3076610959036,32102492,3075,16050948,153442500
4710,2022-09-18,ZB,1:남성,2022,01_시즌,당해년도,여름,수트,블레이져(수트),수트_블레이져(수트)_ZB,22.890549246197786,13471300,73,3110727,17447000
4711,2022-09-18,ZB,1:남성,2022,01_시즌,당해년도,여름,수트,수트팬츠,수트_수트팬츠_ZB,19.963982492221696,7777750,76,1529618,9804000
4712,2022-09-18,ZB,1:남성,2022,01_시즌,당해년도,여름,스웨터,T-에리,스웨터_T-에리_ZB,43.8154471151521,11559077,601,4471743,54029900
4713,2022-09-18,ZB,1:남성,2022,01_시즌,당해년도,여름,스웨터,라운드,스웨터_라운드_ZB,72.65047427286765,5827172,237,2527246,21306300
4714,2022-09-18,ZB,1:남성,2022,01_시즌,당해년도,여름,우븐 셔츠,드레스셔츠,우븐 셔츠_드레스셔츠_ZB,67.96652016530956,46916752,2301,14693018,160839900
4716,2022-09-18,ZB,1:남성,2022,01_시즌,당해년도,여름,자켓,싱글재킷,자켓_싱글재킷_ZB,67.30103027849013,7268000,93,2198555,22227000
4718,2022-09-18,ZB,1:남성,2022,01_시즌,당해년도,여름,팬츠,반바지,팬츠_반바지_ZB,87.06816059757237,1138600,84,539062,6711600
4720,2022-09-18,ZB,1:남성,2022,02_이월,당해년도,봄,수트,블레이져(수트),수트_블레이져(수트)_ZB,23.35759115361626,4980700,28,1188021,6692000
4721,2022-09-18,ZB,1:남성,2022,02_이월,당해년도,봄,수트,수트팬츠,수트_수트팬츠_ZB,-5.4399224806201545,2704180,23,495790,2967000
4722,2022-09-18,ZB,1:남성,2022,02_이월,당해년도,봄,스웨터,T-에리,스웨터_T-에리_ZB,64.45603681676106,25495045,718,7897230,71728200
4723,2022-09-18,ZB,1:남성,2022,02_이월,당해년도,봄,스웨터,라운드,스웨터_라운드_ZB,63.11374781705766,40791530,1172,13115049,110032800
4724,2022-09-18,ZB,1:남성,2022,02_이월,당해년도,봄,스웨터,오픈형(CARDIGAN),스웨터_오픈형(CARDIGAN)_ZB,69.67340253540624,21372900,446,6906741,71315400
4726,2022-09-18,ZB,1:남성,2022,02_이월,당해년도,봄,점퍼,패딩점퍼,점퍼_패딩점퍼_ZB,68.60230158301367,17434200,223,5245372,55527000
4727,2022-09-18,ZB,1:남성,2022,02_이월,당해년도,봄,코트,싱글코트,코트_싱글코트_ZB,69.4814956914832,41322000,486,13694307,137014000
4728,2022-09-18,ZB,3:남녀공용,2022,01_시즌,당해년도,가을,니트 셔츠,라운드,니트 셔츠_라운드_ZB,49.78775906818559,15709000,348,4488447,31285200
4731,2022-09-18,ZB,3:남녀공용,2022,01_시즌,당해년도,겨울,니트 셔츠,라운드,니트 셔츠_라운드_ZB,46.50621903124684,1058000,22,238473,1977800
4734,2022-09-18,ZB,3:남녀공용,2022,01_시즌,당해년도,여름,니트 셔츠,라운드,니트 셔츠_라운드_ZB,79.31304929365689,39882502,3601,20600781,200809900
4736,2022-09-18,ZB,3:남녀공용,2022,02_이월,당해년도,봄,니트 셔츠,라운드,니트 셔츠_라운드_ZB,66.06231250486846,17863000,753,7072473,52634700
4751,2022-09-25,ZA,1:남성,2022,01_시즌,당해년도,겨울,우븐 셔츠,캐쥬얼셔츠,우븐 셔츠_캐쥬얼셔츠_ZA,54.27427427427428,11420000,250,2055000,24975000
4759,2022-09-25,ZA,1:남성,2022,01_시즌,당해년도,여름,우븐 셔츠,캐쥬얼셔츠,우븐 셔츠_캐쥬얼셔츠_ZA,70.03662904563805,2564500,90,765303,8991000
4765,2022-09-25,ZA,1:남성,2022,02_이월,당해년도,봄,우븐 셔츠,캐쥬얼셔츠,우븐 셔츠_캐쥬얼셔츠_ZA,57.1964939292033,3169300,57,789685,7404300
4770,2022-09-25,ZA,3:남녀공용,2022,01_시즌,당해년도,겨울,우븐 셔츠,캐쥬얼셔츠,우븐 셔츠_캐쥬얼셔츠_ZA,41.4046093162528,13193000,197,2634091,23310300
4773,2022-09-25,ZB,1:남성,2022,01_시즌,당해년도,가을,수트,블레이져(수트),수트_블레이져(수트)_ZB,23.321036443191677,126162396,634,28060386,164206000
4774,2022-09-25,ZB,1:남성,2022,01_시즌,당해년도,가을,수트,수트팬츠,수트_수트팬츠_ZB,23.54942351993248,70832410,665,14964666,92435000
4775,2022-09-25,ZB,1:남성,2022,01_시즌,당해년도,가을,스웨터,오픈형(CARDIGAN),스웨터_오픈형(CARDIGAN)_ZB,37.20186364368625,14812950,118,2830923,23588200
4777,2022-09-25,ZB,1:남성,2022,01_시즌,당해년도,겨울,니트 셔츠,라운드,니트 셔츠_라운드_ZB,0.0,0,0,0,0
4779,2022-09-25,ZB,1:남성,2022,01_시즌,당해년도,겨울,수트,블레이져(수트),수트_블레이져(수트)_ZB,22.887879697834457,190586902,951,46440993,246309000
4780,2022-09-25,ZB,1:남성,2022,01_시즌,당해년도,겨울,수트,수트팬츠,수트_수트팬츠_ZB,23.2561642075039,110871418,1035,25752073,143865000
4781,2022-09-25,ZB,1:남성,2022,01_시즌,당해년도,겨울,스웨터,T-에리,스웨터_T-에리_ZB,42.51020434276355,49423000,717,8952857,85968300
4782,2022-09-25,ZB,1:남성,2022,01_시즌,당해년도,겨울,스웨터,라운드,스웨터_라운드_ZB,55.174169840836505,10344412,231,2815009,23076900
4783,2022-09-25,ZB,1:남성,2022,01_시즌,당해년도,겨울,점퍼,패딩점퍼,점퍼_패딩점퍼_ZB,0.0,0,0,0,0
4784,2022-09-25,ZB,1:남성,2022,01_시즌,당해년도,겨울,코트,싱글코트,코트_싱글코트_ZB,32.290168741692284,66730070,247,15541200,98553000
4786,2022-09-25,ZB,1:남성,2022,01_시즌,당해년도,사계절,니트 셔츠,라운드,니트 셔츠_라운드_ZB,68.15108112791187,28621148,1376,9334550,85952400
4787,2022-09-25,ZB,1:남성,2022,01_시즌,당해년도,사계절,데님,데님팬츠,데님_데님팬츠_ZB,51.8708946701872,18002100,386,5016770,38561400
4788,2022-09-25,ZB,1:남성,2022,01_시즌,당해년도,사계절,수트,블레이져(수트),수트_블레이져(수트)_ZB,33.05644705063854,65929526,411,16591278,98229000
4789,2022-09-25,ZB,1:남성,2022,01_시즌,당해년도,사계절,수트,수트팬츠,수트_수트팬츠_ZB,33.071731719157384,39987847,461,9195616,59469000
4790,2022-09-25,ZB,1:남성,2022,01_시즌,당해년도,사계절,우븐 셔츠,드레스셔츠,우븐 셔츠_드레스셔츠_ZB,63.23608807718465,26793634,881,5783213,61581900
4791,2022-09-25,ZB,1:남성,2022,01_시즌,당해년도,사계절,자켓,싱글재킷,자켓_싱글재킷_ZB,44.3435699060551,7050000,53,1552668,12667000
4794,2022-09-25,ZB,1:남성,2022,01_시즌,당해년도,여름,니트 셔츠,라운드,니트 셔츠_라운드_ZB,85.34330215766573,-17594000,-1663,-8039247,-82983700
4796,2022-09-25,ZB,1:남성,2022,01_시즌,당해년도,여름,수트,블레이져(수트),수트_블레이져(수트)_ZB,27.957576593559857,7281200,40,1746270,9560000
4797,2022-09-25,ZB,1:남성,2022,01_시즌,당해년도,여름,수트,수트팬츠,수트_수트팬츠_ZB,21.72806693736926,5359000,53,1129371,6837000
4798,2022-09-25,ZB,1:남성,2022,01_시즌,당해년도,여름,스웨터,T-에리,스웨터_T-에리_ZB,66.26151490697065,5047709,167,1508404,15013300
4799,2022-09-25,ZB,1:남성,2022,01_시즌,당해년도,여름,스웨터,라운드,스웨터_라운드_ZB,-90.24842417500928,-513100,-3,-26950,-269700
4800,2022-09-25,ZB,1:남성,2022,01_시즌,당해년도,여름,우븐 셔츠,드레스셔츠,우븐 셔츠_드레스셔츠_ZB,69.06380710124012,39945888,1967,12656979,137493300
4802,2022-09-25,ZB,1:남성,2022,01_시즌,당해년도,여름,자켓,싱글재킷,자켓_싱글재킷_ZB,70.2928870292887,3905000,55,1304628,13145000
4804,2022-09-25,ZB,1:남성,2022,01_시즌,당해년도,여름,팬츠,반바지,팬츠_반바지_ZB,75.0502964073201,4349000,223,1346532,17817700
4806,2022-09-25,ZB,1:남성,2022,02_이월,당해년도,봄,수트,블레이져(수트),수트_블레이져(수트)_ZB,22.91288354253836,3115039,17,712710,4063000
4807,2022-09-25,ZB,1:남성,2022,02_이월,당해년도,봄,수트,수트팬츠,수트_수트팬츠_ZB,20.21689276485788,31445,1,29828,129000
4808,2022-09-25,ZB,1:남성,2022,02_이월,당해년도,봄,스웨터,T-에리,스웨터_T-에리_ZB,60.89329422662756,16760000,429,4718575,42857100
4809,2022-09-25,ZB,1:남성,2022,02_이월,당해년도,봄,스웨터,라운드,스웨터_라운드_ZB,60.74363150697937,33430302,900,10187352,85060000
4810,2022-09-25,ZB,1:남성,2022,02_이월,당해년도,봄,스웨터,오픈형(CARDIGAN),스웨터_오픈형(CARDIGAN)_ZB,66.76444211373389,10126100,200,3144302,31980000
4812,2022-09-25,ZB,1:남성,2022,02_이월,당해년도,봄,점퍼,패딩점퍼,점퍼_패딩점퍼_ZB,72.77186264437596,17491900,258,6068636,64242000
4813,2022-09-25,ZB,1:남성,2022,02_이월,당해년도,봄,코트,싱글코트,코트_싱글코트_ZB,69.22440715528393,35287000,413,11568487,115477000
4814,2022-09-25,ZB,3:남녀공용,2022,01_시즌,당해년도,가을,니트 셔츠,라운드,니트 셔츠_라운드_ZB,66.30410362910075,6149400,203,2618261,18249700
4817,2022-09-25,ZB,3:남녀공용,2022,01_시즌,당해년도,겨울,니트 셔츠,라운드,니트 셔츠_라운드_ZB,50.6890372018292,797950,18,195114,1618200
4820,2022-09-25,ZB,3:남녀공용,2022,01_시즌,당해년도,여름,니트 셔츠,라운드,니트 셔츠_라운드_ZB,72.47843592918073,16009500,1161,5754086,61733900
4822,2022-09-25,ZB,3:남녀공용,2022,02_이월,당해년도,봄,니트 셔츠,라운드,니트 셔츠_라운드_ZB,63.97933607399318,15535100,617,5795086,43128300
4837,2022-10-02,ZA,1:남성,2022,01_시즌,당해년도,겨울,우븐 셔츠,캐쥬얼셔츠,우븐 셔츠_캐쥬얼셔츠_ZA,55.46252282433187,8854095,199,1635780,19880100
4844,2022-10-02,ZA,1:남성,2022,02_이월,당해년도,봄,우븐 셔츠,캐쥬얼셔츠,우븐 셔츠_캐쥬얼셔츠_ZA,57.93639337952271,1748500,32,443332,4156800
4850,2022-10-02,ZA,1:남성,2022,02_이월,당해년도,여름,우븐 셔츠,캐쥬얼셔츠,우븐 셔츠_캐쥬얼셔츠_ZA,61.11183636273242,-5332700,-142,-1312146,-14185800
4857,2022-10-02,ZA,3:남녀공용,2022,01_시즌,당해년도,겨울,우븐 셔츠,캐쥬얼셔츠,우븐 셔츠_캐쥬얼셔츠_ZA,46.39540320838441,14821500,243,3256320,28505700
4860,2022-10-02,ZB,1:남성,2022,01_시즌,당해년도,가을,수트,블레이져(수트),수트_블레이져(수트)_ZB,26.31324140890199,104322952,547,25353432,141673000
4861,2022-10-02,ZB,1:남성,2022,01_시즌,당해년도,가을,수트,수트팬츠,수트_수트팬츠_ZB,26.46203891776224,55908330,548,12888576,76172000
4862,2022-10-02,ZB,1:남성,2022,01_시즌,당해년도,가을,스웨터,오픈형(CARDIGAN),스웨터_오픈형(CARDIGAN)_ZB,40.23945566533266,15291050,128,3070440,25587200
4864,2022-10-02,ZB,1:남성,2022,01_시즌,당해년도,겨울,니트 셔츠,라운드,니트 셔츠_라운드_ZB,0.0,0,0,0,0
4866,2022-10-02,ZB,1:남성,2022,01_시즌,당해년도,겨울,수트,블레이져(수트),수트_블레이져(수트)_ZB,26.63718780165261,222869510,1171,57614165,303289000
4867,2022-10-02,ZB,1:남성,2022,01_시즌,당해년도,겨울,수트,수트팬츠,수트_수트팬츠_ZB,26.64057907415227,123458052,1208,30137990,167912000
4868,2022-10-02,ZB,1:남성,2022,01_시즌,당해년도,겨울,스웨터,T-에리,스웨터_T-에리_ZB,50.15590141372227,16912950,283,3603726,33931700
4869,2022-10-02,ZB,1:남성,2022,01_시즌,당해년도,겨울,스웨터,라운드,스웨터_라운드_ZB,45.404735417235415,47995789,880,10520150,87912000
4870,2022-10-02,ZB,1:남성,2022,01_시즌,당해년도,겨울,점퍼,패딩점퍼,점퍼_패딩점퍼_ZB,0.0,0,0,0,0
4871,2022-10-02,ZB,1:남성,2022,01_시즌,당해년도,겨울,코트,싱글코트,코트_싱글코트_ZB,178.2484869783796,1209090,22,1218723,10478000
4873,2022-10-02,ZB,1:남성,2022,01_시즌,당해년도,사계절,니트 셔츠,라운드,니트 셔츠_라운드_ZB,69.95290102036405,37376018,2013,13520132,120738700
4874,2022-10-02,ZB,1:남성,2022,01_시즌,당해년도,사계절,데님,데님팬츠,데님_데님팬츠_ZB,49.66884276799026,24637757,481,6505286,48051900
4875,2022-10-02,ZB,1:남성,2022,01_시즌,당해년도,사계절,수트,블레이져(수트),수트_블레이져(수트)_ZB,32.18600294686642,47795541,295,11838362,70505000
4876,2022-10-02,ZB,1:남성,2022,01_시즌,당해년도,사계절,수트,수트팬츠,수트_수트팬츠_ZB,31.416651412047955,30702584,348,6887210,44892000
4877,2022-10-02,ZB,1:남성,2022,01_시즌,당해년도,사계절,우븐 셔츠,드레스셔츠,우븐 셔츠_드레스셔츠_ZB,63.54855913753197,29452545,956,6367780,66824400
4878,2022-10-02,ZB,1:남성,2022,01_시즌,당해년도,사계절,자켓,싱글재킷,자켓_싱글재킷_ZB,42.15481171548117,4977000,36,1054642,8604000
4881,2022-10-02,ZB,1:남성,2022,02_이월,당해년도,봄,수트,블레이져(수트),수트_블레이져(수트)_ZB,23.723849372384937,3561600,19,808672,4541000
4882,2022-10-02,ZB,1:남성,2022,02_이월,당해년도,봄,수트,수트팬츠,수트_수트팬츠_ZB,20.66998892580288,2143000,21,448574,2709000
4883,2022-10-02,ZB,1:남성,2022,02_이월,당해년도,봄,스웨터,T-에리,스웨터_T-에리_ZB,67.00693318687419,11173465,339,3728762,33866100
4884,2022-10-02,ZB,1:남성,2022,02_이월,당해년도,봄,스웨터,라운드,스웨터_라운드_ZB,65.5439324718937,39439600,1215,13620708,114188500
4885,2022-10-02,ZB,1:남성,2022,02_이월,당해년도,봄,스웨터,오픈형(CARDIGAN),스웨터_오픈형(CARDIGAN)_ZB,64.53602831413792,9581284,169,2609445,27023100
4887,2022-10-02,ZB,1:남성,2022,02_이월,당해년도,봄,점퍼,패딩점퍼,점퍼_패딩점퍼_ZB,70.0960839946818,21817000,293,6891901,72957000
4888,2022-10-02,ZB,1:남성,2022,02_이월,당해년도,봄,코트,싱글코트,코트_싱글코트_ZB,71.35896530421759,42626000,514,14590037,144626000
4889,2022-10-02,ZB,1:남성,2022,02_이월,당해년도,여름,니트 셔츠,라운드,니트 셔츠_라운드_ZB,76.86240316292556,-950835,-109,-672335,-5439100
4891,2022-10-02,ZB,1:남성,2022,02_이월,당해년도,여름,수트,블레이져(수트),수트_블레이져(수트)_ZB,23.009404263797567,4979816,27,1147581,6453000
4892,2022-10-02,ZB,1:남성,2022,02_이월,당해년도,여름,수트,수트팬츠,수트_수트팬츠_ZB,-inf,2286166,23,470379,2967000
4893,2022-10-02,ZB,1:남성,2022,02_이월,당해년도,여름,스웨터,T-에리,스웨터_T-에리_ZB,104.61608850488484,-2625736,-13,-237813,-1168700
4894,2022-10-02,ZB,1:남성,2022,02_이월,당해년도,여름,스웨터,라운드,스웨터_라운드_ZB,30.78976640711902,-2177700,-35,-386292,-3146500
4895,2022-10-02,ZB,1:남성,2022,02_이월,당해년도,여름,우븐 셔츠,드레스셔츠,우븐 셔츠_드레스셔츠_ZB,65.78980945624896,31558113,1477,9497685,103242300
4897,2022-10-02,ZB,1:남성,2022,02_이월,당해년도,여름,자켓,싱글재킷,자켓_싱글재킷_ZB,68.13394485570218,2970235,39,920518,9321000
4899,2022-10-02,ZB,1:남성,2022,02_이월,당해년도,여름,팬츠,반바지,팬츠_반바지_ZB,76.83543257363269,6214260,340,2089677,27166000
4901,2022-10-02,ZB,3:남녀공용,2022,01_시즌,당해년도,가을,니트 셔츠,라운드,니트 셔츠_라운드_ZB,60.041959420453104,14189300,395,5094645,35510500
4904,2022-10-02,ZB,3:남녀공용,2022,01_시즌,당해년도,겨울,니트 셔츠,라운드,니트 셔츠_라운드_ZB,48.83091427751265,11408250,248,2749134,22295200
4907,2022-10-02,ZB,3:남녀공용,2022,02_이월,당해년도,봄,니트 셔츠,라운드,니트 셔츠_라운드_ZB,70.42342523042848,34504949,1669,15689902,116663100
4910,2022-10-02,ZB,3:남녀공용,2022,02_이월,당해년도,여름,니트 셔츠,라운드,니트 셔츠_라운드_ZB,74.56121712375139,45030508,3453,20540321,196724700
4924,2022-10-09,ZA,1:남성,2022,01_시즌,당해년도,겨울,우븐 셔츠,캐쥬얼셔츠,우븐 셔츠_캐쥬얼셔츠_ZA,57.81298539919229,6111000,145,1191900,14485500
4931,2022-10-09,ZA,1:남성,2022,02_이월,당해년도,봄,우븐 셔츠,캐쥬얼셔츠,우븐 셔츠_캐쥬얼셔츠_ZA,60.3325094877301,2937100,57,789685,7404300
4937,2022-10-09,ZA,1:남성,2022,02_이월,당해년도,여름,우븐 셔츠,캐쥬얼셔츠,우븐 셔츠_캐쥬얼셔츠_ZA,72.19809094809095,420200,-22,-182525,-2197800
4944,2022-10-09,ZA,3:남녀공용,2022,01_시즌,당해년도,겨울,우븐 셔츠,캐쥬얼셔츠,우븐 셔츠_캐쥬얼셔츠_ZA,48.45554473433876,22023550,373,4984007,44252700
4947,2022-10-09,ZB,1:남성,2022,01_시즌,당해년도,가을,수트,블레이져(수트),수트_블레이져(수트)_ZB,27.97347248458688,98073063,525,25315664,135975000
4948,2022-10-09,ZB,1:남성,2022,01_시즌,당해년도,가을,수트,수트팬츠,수트_수트팬츠_ZB,27.957000233763164,56920986,568,13863733,78952000
4949,2022-10-09,ZB,1:남성,2022,01_시즌,당해년도,가을,스웨터,오픈형(CARDIGAN),스웨터_오픈형(CARDIGAN)_ZB,41.77793316547777,21065850,181,4341981,36181900
4951,2022-10-09,ZB,1:남성,2022,01_시즌,당해년도,겨울,니트 셔츠,라운드,니트 셔츠_라운드_ZB,58.35006375647739,4605525,123,871980,11057700
4953,2022-10-09,ZB,1:남성,2022,01_시즌,당해년도,겨울,수트,블레이져(수트),수트_블레이져(수트)_ZB,28.311535789701576,281530505,1517,75200140,392903000
4954,2022-10-09,ZB,1:남성,2022,01_시즌,당해년도,겨울,수트,수트팬츠,수트_수트팬츠_ZB,27.921833081733865,152952190,1529,38320203,212531000
4955,2022-10-09,ZB,1:남성,2022,01_시즌,당해년도,겨울,스웨터,T-에리,스웨터_T-에리_ZB,62.09039447766756,10681600,235,3034365,28176500
4957,2022-10-09,ZB,1:남성,2022,01_시즌,당해년도,겨울,스웨터,라운드,스웨터_라운드_ZB,51.20933630259473,43380267,890,10660242,88911000
4959,2022-10-09,ZB,1:남성,2022,01_시즌,당해년도,겨울,점퍼,패딩점퍼,점퍼_패딩점퍼_ZB,0.0,0,0,0,0
4960,2022-10-09,ZB,1:남성,2022,01_시즌,당해년도,겨울,코트,싱글코트,코트_싱글코트_ZB,43.16894835807263,55882750,246,15358224,99254000
4962,2022-10-09,ZB,1:남성,2022,01_시즌,당해년도,사계절,니트 셔츠,라운드,니트 셔츠_라운드_ZB,66.35926217552465,40264482,2308,15761461,120119200
4963,2022-10-09,ZB,1:남성,2022,01_시즌,당해년도,사계절,데님,데님팬츠,데님_데님팬츠_ZB,49.33779033353578,28345320,548,7426717,54745200
4964,2022-10-09,ZB,1:남성,2022,01_시즌,당해년도,사계절,수트,블레이져(수트),수트_블레이져(수트)_ZB,31.86630568420156,49962697,304,12189780,72656000
4965,2022-10-09,ZB,1:남성,2022,01_시즌,당해년도,사계절,수트,수트팬츠,수트_수트팬츠_ZB,31.36728659779721,31458012,356,7081946,45924000
4966,2022-10-09,ZB,1:남성,2022,01_시즌,당해년도,사계절,우븐 셔츠,드레스셔츠,우븐 셔츠_드레스셔츠_ZB,62.05542020434382,34748724,1054,6929504,73674600
4967,2022-10-09,ZB,1:남성,2022,01_시즌,당해년도,사계절,자켓,싱글재킷,자켓_싱글재킷_ZB,51.80396460662597,7026500,61,1787033,14579000
4970,2022-10-09,ZB,1:남성,2022,02_이월,당해년도,봄,수트,블레이져(수트),수트_블레이져(수트)_ZB,20.0,1720800,9,381102,2151000
4971,2022-10-09,ZB,1:남성,2022,02_이월,당해년도,봄,수트,수트팬츠,수트_수트팬츠_ZB,20.0,1341600,13,277202,1677000
4972,2022-10-09,ZB,1:남성,2022,02_이월,당해년도,봄,스웨터,T-에리,스웨터_T-에리_ZB,63.12488069464813,15840445,430,4729581,42957000
4973,2022-10-09,ZB,1:남성,2022,02_이월,당해년도,봄,스웨터,라운드,스웨터_라운드_ZB,65.36571421993006,36932225,1123,12590466,105547700
4974,2022-10-09,ZB,1:남성,2022,02_이월,당해년도,봄,스웨터,오픈형(CARDIGAN),스웨터_오픈형(CARDIGAN)_ZB,65.73164811073038,12514600,229,3537608,36617100
4976,2022-10-09,ZB,1:남성,2022,02_이월,당해년도,봄,점퍼,패딩점퍼,점퍼_패딩점퍼_ZB,72.42278203723987,15106800,220,5174806,54780000
4977,2022-10-09,ZB,1:남성,2022,02_이월,당해년도,봄,코트,싱글코트,코트_싱글코트_ZB,69.43546932521282,22268153,255,7189705,75815000
4978,2022-10-09,ZB,1:남성,2022,02_이월,당해년도,여름,니트 셔츠,라운드,니트 셔츠_라운드_ZB,61.6104431084391,635445,33,173685,1646700
4980,2022-10-09,ZB,1:남성,2022,02_이월,당해년도,여름,수트,블레이져(수트),수트_블레이져(수트)_ZB,26.62183701932656,6338500,37,1547971,8843000
4981,2022-10-09,ZB,1:남성,2022,02_이월,당해년도,여름,수트,수트팬츠,수트_수트팬츠_ZB,28.20334335284501,3469500,39,760526,5031000
4982,2022-10-09,ZB,1:남성,2022,02_이월,당해년도,여름,스웨터,T-에리,스웨터_T-에리_ZB,66.67508593508242,-4889300,-165,-1498740,-14833500
4983,2022-10-09,ZB,1:남성,2022,02_이월,당해년도,여름,스웨터,라운드,스웨터_라운드_ZB,49.79421579532814,947835,21,225679,1887900
4984,2022-10-09,ZB,1:남성,2022,02_이월,당해년도,여름,우븐 셔츠,드레스셔츠,우븐 셔츠_드레스셔츠_ZB,75.60120023124057,45021776,2199,14308533,153710100
4986,2022-10-09,ZB,1:남성,2022,02_이월,당해년도,여름,자켓,싱글재킷,자켓_싱글재킷_ZB,66.94560669456067,1501000,19,449420,4541000
4988,2022-10-09,ZB,1:남성,2022,02_이월,당해년도,여름,팬츠,반바지,팬츠_반바지_ZB,69.26853010707829,373600,15,98907,1198500
4990,2022-10-09,ZB,3:남녀공용,2022,01_시즌,당해년도,가을,니트 셔츠,라운드,니트 셔츠_라운드_ZB,55.178757588067135,11806229,293,3779066,26340700
4993,2022-10-09,ZB,3:남녀공용,2022,01_시즌,당해년도,겨울,니트 셔츠,라운드,니트 셔츠_라운드_ZB,58.32126330363714,12402300,331,3717779,29756900
4996,2022-10-09,ZB,3:남녀공용,2022,01_시즌,당해년도,겨울,점퍼,패딩점퍼,점퍼_패딩점퍼_ZB,0.0,0,0,0,0
4997,2022-10-09,ZB,3:남녀공용,2022,01_시즌,당해년도,겨울,코트,싱글코트,코트_싱글코트_ZB,0.0,0,0,0,0
4999,2022-10-09,ZB,3:남녀공용,2022,02_이월,당해년도,봄,니트 셔츠,라운드,니트 셔츠_라운드_ZB,69.34741100835521,26161341,1221,11478220,85347900
5002,2022-10-09,ZB,3:남녀공용,2022,02_이월,당해년도,여름,니트 셔츠,라운드,니트 셔츠_라운드_ZB,63.22196066251328,695000,48,255631,2535200
5017,2022-10-16,ZA,1:남성,2022,01_시즌,당해년도,겨울,우븐 셔츠,캐쥬얼셔츠,우븐 셔츠_캐쥬얼셔츠_ZA,53.58128829466409,7280450,157,1290540,15684300
5024,2022-10-16,ZA,1:남성,2022,02_이월,당해년도,봄,우븐 셔츠,캐쥬얼셔츠,우븐 셔츠_캐쥬얼셔츠_ZA,60.6286887349243,1534300,30,415624,3897000
5030,2022-10-16,ZA,1:남성,2022,02_이월,당해년도,여름,우븐 셔츠,캐쥬얼셔츠,우븐 셔츠_캐쥬얼셔츠_ZA,52.60920642865088,1753890,43,381305,4295700
5037,2022-10-16,ZA,3:남녀공용,2022,01_시즌,당해년도,겨울,우븐 셔츠,캐쥬얼셔츠,우븐 셔츠_캐쥬얼셔츠_ZA,56.99662323672273,33625250,556,8494939,78204400
5041,2022-10-16,ZB,1:남성,2022,01_시즌,당해년도,가을,수트,블레이져(수트),수트_블레이져(수트)_ZB,24.120082768508556,74284140,379,18145386,98161000
5042,2022-10-16,ZB,1:남성,2022,01_시즌,당해년도,가을,수트,수트팬츠,수트_수트팬츠_ZB,23.874256525118568,42625123,404,9773788,56156000
5043,2022-10-16,ZB,1:남성,2022,01_시즌,당해년도,가을,스웨터,오픈형(CARDIGAN),스웨터_오픈형(CARDIGAN)_ZB,45.76993496748374,21681180,200,4797776,39980000
5045,2022-10-16,ZB,1:남성,2022,01_시즌,당해년도,겨울,니트 셔츠,라운드,니트 셔츠_라운드_ZB,57.76200698603204,10290400,271,1926903,24362900
5047,2022-10-16,ZB,1:남성,2022,01_시즌,당해년도,겨울,수트,블레이져(수트),수트_블레이져(수트)_ZB,24.56793701798438,243454490,1246,61743017,322714000
5048,2022-10-16,ZB,1:남성,2022,01_시즌,당해년도,겨울,수트,수트팬츠,수트_수트팬츠_ZB,24.01048265579417,133836059,1273,31944798,176947000
5049,2022-10-16,ZB,1:남성,2022,01_시즌,당해년도,겨울,스웨터,T-에리,스웨터_T-에리_ZB,54.78622557632979,22335062,412,5336163,49398800
5051,2022-10-16,ZB,1:남성,2022,01_시즌,당해년도,겨울,스웨터,라운드,스웨터_라운드_ZB,50.590630886477534,77248337,1565,18727796,156343500
5053,2022-10-16,ZB,1:남성,2022,01_시즌,당해년도,겨울,점퍼,패딩점퍼,점퍼_패딩점퍼_ZB,50.656916283444815,37769170,256,6324831,76544000
5054,2022-10-16,ZB,1:남성,2022,01_시즌,당해년도,겨울,코트,싱글코트,코트_싱글코트_ZB,45.05957214091592,174395235,729,44806691,301771000
5056,2022-10-16,ZB,1:남성,2022,01_시즌,당해년도,사계절,니트 셔츠,라운드,니트 셔츠_라운드_ZB,68.69717637114893,30669234,1571,10702268,91002900
5057,2022-10-16,ZB,1:남성,2022,01_시즌,당해년도,사계절,데님,데님팬츠,데님_데님팬츠_ZB,67.24864704473413,26453538,503,6811648,50249700
5058,2022-10-16,ZB,1:남성,2022,01_시즌,당해년도,사계절,수트,블레이져(수트),수트_블레이져(수트)_ZB,30.91769384032982,52441283,318,12746893,76002000
5059,2022-10-16,ZB,1:남성,2022,01_시즌,당해년도,사계절,수트,수트팬츠,수트_수트팬츠_ZB,30.849237135283246,31874948,358,7162250,46182000
5060,2022-10-16,ZB,1:남성,2022,01_시즌,당해년도,사계절,우븐 셔츠,드레스셔츠,우븐 셔츠_드레스셔츠_ZB,61.73824848815839,38531912,1140,7407760,79686000
5061,2022-10-16,ZB,1:남성,2022,01_시즌,당해년도,사계절,자켓,싱글재킷,자켓_싱글재킷_ZB,44.53078302450688,6496000,49,1435485,11711000
5064,2022-10-16,ZB,1:남성,2022,02_이월,당해년도,봄,수트,블레이져(수트),수트_블레이져(수트)_ZB,25.236262203626215,1989408,11,462200,2629000
5065,2022-10-16,ZB,1:남성,2022,02_이월,당해년도,봄,수트,수트팬츠,수트_수트팬츠_ZB,6.2203488372093005,1216623,12,249325,1548000
5066,2022-10-16,ZB,1:남성,2022,02_이월,당해년도,봄,스웨터,T-에리,스웨터_T-에리_ZB,58.52990000676834,11641445,281,3090696,28071900
5067,2022-10-16,ZB,1:남성,2022,02_이월,당해년도,봄,스웨터,라운드,스웨터_라운드_ZB,64.19218142268858,47000473,1396,15999851,132870400
5068,2022-10-16,ZB,1:남성,2022,02_이월,당해년도,봄,스웨터,오픈형(CARDIGAN),스웨터_오픈형(CARDIGAN)_ZB,62.40374114418526,6285600,104,1622567,16629600
5070,2022-10-16,ZB,1:남성,2022,02_이월,당해년도,봄,점퍼,패딩점퍼,점퍼_패딩점퍼_ZB,71.20286302804341,25025000,349,8209124,86901000
5071,2022-10-16,ZB,1:남성,2022,02_이월,당해년도,봄,코트,싱글코트,코트_싱글코트_ZB,69.07002009044938,34845500,404,11406198,113076000
5072,2022-10-16,ZB,1:남성,2022,02_이월,당해년도,여름,니트 셔츠,라운드,니트 셔츠_라운드_ZB,75.57730221919988,1077490,90,439432,4491000
5074,2022-10-16,ZB,1:남성,2022,02_이월,당해년도,여름,수트,블레이져(수트),수트_블레이져(수트)_ZB,25.714285714285715,1529600,7,336458,1673000
5075,2022-10-16,ZB,1:남성,2022,02_이월,당해년도,여름,수트,수트팬츠,수트_수트팬츠_ZB,21.2640404999209,1739000,17,284927,2193000
5076,2022-10-16,ZB,1:남성,2022,02_이월,당해년도,여름,스웨터,T-에리,스웨터_T-에리_ZB,43.39358546533185,569670,11,97591,988900
5077,2022-10-16,ZB,1:남성,2022,02_이월,당해년도,여름,스웨터,라운드,스웨터_라운드_ZB,67.74193548387096,58000,2,21564,179800
5078,2022-10-16,ZB,1:남성,2022,02_이월,당해년도,여름,우븐 셔츠,드레스셔츠,우븐 셔츠_드레스셔츠_ZB,63.219442781195966,36447835,1559,10080600,108974100
5080,2022-10-16,ZB,1:남성,2022,02_이월,당해년도,여름,자켓,싱글재킷,자켓_싱글재킷_ZB,68.16279954355268,-4185000,-55,-1300570,-13145000
5082,2022-10-16,ZB,1:남성,2022,02_이월,당해년도,여름,팬츠,반바지,팬츠_반바지_ZB,78.96999225222004,-1098200,-60,-400342,-4794000
5084,2022-10-16,ZB,3:남녀공용,2022,01_시즌,당해년도,가을,니트 셔츠,라운드,니트 셔츠_라운드_ZB,59.86693487134506,16380150,454,5855617,40814600
5087,2022-10-16,ZB,3:남녀공용,2022,01_시즌,당해년도,겨울,니트 셔츠,라운드,니트 셔츠_라운드_ZB,61.66749921037092,44661350,1296,14550700,116510400
5090,2022-10-16,ZB,3:남녀공용,2022,01_시즌,당해년도,겨울,점퍼,패딩점퍼,점퍼_패딩점퍼_ZB,57.782746080888494,17181578,102,3553661,40698000
5091,2022-10-16,ZB,3:남녀공용,2022,01_시즌,당해년도,겨울,코트,싱글코트,코트_싱글코트_ZB,49.81705467008784,26794180,107,6464700,53393000
5093,2022-10-16,ZB,3:남녀공용,2022,02_이월,당해년도,봄,니트 셔츠,라운드,니트 셔츠_라운드_ZB,70.91421673819742,8132385,400,3751459,27960000
5096,2022-10-16,ZB,3:남녀공용,2022,02_이월,당해년도,여름,니트 셔츠,라운드,니트 셔츠_라운드_ZB,70.95677993045219,32855140,2343,14144551,133555700
5111,2022-10-23,ZA,1:남성,2022,01_시즌,당해년도,겨울,우븐 셔츠,캐쥬얼셔츠,우븐 셔츠_캐쥬얼셔츠_ZA,59.34913408031687,3776750,93,764460,9290700
5118,2022-10-23,ZA,1:남성,2022,02_이월,당해년도,봄,우븐 셔츠,캐쥬얼셔츠,우븐 셔츠_캐쥬얼셔츠_ZA,67.17114638101322,2004300,47,651144,6105300
5124,2022-10-23,ZA,1:남성,2022,02_이월,당해년도,여름,우븐 셔츠,캐쥬얼셔츠,우븐 셔츠_캐쥬얼셔츠_ZA,67.45995400162067,2440835,77,664147,7692300
5132,2022-10-23,ZA,3:남녀공용,2022,01_시즌,당해년도,겨울,우븐 셔츠,캐쥬얼셔츠,우븐 셔츠_캐쥬얼셔츠_ZA,56.302474462663554,45510500,699,11775386,106340100
5136,2022-10-23,ZB,1:남성,2022,01_시즌,당해년도,가을,수트,블레이져(수트),수트_블레이져(수트)_ZB,22.79328501957812,50140014,251,12247022,65009000
5137,2022-10-23,ZB,1:남성,2022,01_시즌,당해년도,가을,수트,수트팬츠,수트_수트팬츠_ZB,23.351942860597102,29049303,273,6693888,37947000
5138,2022-10-23,ZB,1:남성,2022,01_시즌,당해년도,가을,스웨터,오픈형(CARDIGAN),스웨터_오픈형(CARDIGAN)_ZB,44.35798407678416,13124950,118,2830923,23588200
5140,2022-10-23,ZB,1:남성,2022,01_시즌,당해년도,겨울,니트 셔츠,라운드,니트 셔츠_라운드_ZB,59.67423422010751,16458800,454,3229232,40814600
5142,2022-10-23,ZB,1:남성,2022,01_시즌,당해년도,겨울,수트,블레이져(수트),수트_블레이져(수트)_ZB,23.44405055002008,182760682,915,45236375,236985000
5143,2022-10-23,ZB,1:남성,2022,01_시즌,당해년도,겨울,수트,수트팬츠,수트_수트팬츠_ZB,23.47884634154107,94705916,889,22364575,123571000
5144,2022-10-23,ZB,1:남성,2022,01_시즌,당해년도,겨울,스웨터,T-에리,스웨터_T-에리_ZB,56.09533666323426,37691451,716,9187558,85848400
5146,2022-10-23,ZB,1:남성,2022,01_시즌,당해년도,겨울,스웨터,라운드,스웨터_라운드_ZB,54.52284669010648,76597806,1686,20347413,168431400
5148,2022-10-23,ZB,1:남성,2022,01_시즌,당해년도,겨울,점퍼,패딩점퍼,점퍼_패딩점퍼_ZB,53.07084220127698,41674500,297,7337792,88803000
5149,2022-10-23,ZB,1:남성,2022,01_시즌,당해년도,겨울,코트,싱글코트,코트_싱글코트_ZB,58.51267037611551,37363657,226,13874521,93674000
5151,2022-10-23,ZB,1:남성,2022,01_시즌,당해년도,사계절,니트 셔츠,라운드,니트 셔츠_라운드_ZB,69.80152588224232,35173680,2459,16455907,116514100
5152,2022-10-23,ZB,1:남성,2022,01_시즌,당해년도,사계절,데님,데님팬츠,데님_데님팬츠_ZB,53.1646611055684,26196435,549,7445849,54845100
5153,2022-10-23,ZB,1:남성,2022,01_시즌,당해년도,사계절,수트,블레이져(수트),수트_블레이져(수트)_ZB,32.419125586013024,40622790,246,9873975,58794000
5154,2022-10-23,ZB,1:남성,2022,01_시즌,당해년도,사계절,수트,수트팬츠,수트_수트팬츠_ZB,30.260594241501774,23286951,259,5166680,33411000
5155,2022-10-23,ZB,1:남성,2022,01_시즌,당해년도,사계절,우븐 셔츠,드레스셔츠,우븐 셔츠_드레스셔츠_ZB,63.61519829789248,26531319,878,5720207,61372200
5156,2022-10-23,ZB,1:남성,2022,01_시즌,당해년도,사계절,자켓,싱글재킷,자켓_싱글재킷_ZB,47.04703943197667,4176400,33,966755,7887000
5159,2022-10-23,ZB,1:남성,2022,02_이월,당해년도,봄,수트,블레이져(수트),수트_블레이져(수트)_ZB,28.25,1947850,11,456508,2629000
5160,2022-10-23,ZB,1:남성,2022,02_이월,당해년도,봄,수트,수트팬츠,수트_수트팬츠_ZB,inf,632100,7,149550,903000
5161,2022-10-23,ZB,1:남성,2022,02_이월,당해년도,봄,스웨터,T-에리,스웨터_T-에리_ZB,73.28970671075935,13181690,494,5433315,49350600
5162,2022-10-23,ZB,1:남성,2022,02_이월,당해년도,봄,스웨터,라운드,스웨터_라운드_ZB,69.47601603254284,40414535,1404,15811724,132309600
5163,2022-10-23,ZB,1:남성,2022,02_이월,당해년도,봄,스웨터,오픈형(CARDIGAN),스웨터_오픈형(CARDIGAN)_ZB,69.14320979269661,6346300,129,2006528,20627100
5165,2022-10-23,ZB,1:남성,2022,02_이월,당해년도,봄,점퍼,패딩점퍼,점퍼_패딩점퍼_ZB,72.85286600949252,18589000,275,6468508,68475000
5166,2022-10-23,ZB,1:남성,2022,02_이월,당해년도,봄,코트,싱글코트,코트_싱글코트_ZB,68.22090648232877,26620100,314,8782841,87226000
5167,2022-10-23,ZB,1:남성,2022,02_이월,당해년도,여름,니트 셔츠,라운드,니트 셔츠_라운드_ZB,57.607114814424165,1130115,85,425840,4241500
5169,2022-10-23,ZB,1:남성,2022,02_이월,당해년도,여름,수트,블레이져(수트),수트_블레이져(수트)_ZB,21.666666666666668,2629000,14,587435,3346000
5170,2022-10-23,ZB,1:남성,2022,02_이월,당해년도,여름,수트,수트팬츠,수트_수트팬츠_ZB,34.3,838500,4,70512,516000
5171,2022-10-23,ZB,1:남성,2022,02_이월,당해년도,여름,스웨터,T-에리,스웨터_T-에리_ZB,59.786882378269766,1232645,35,271787,3146500
5172,2022-10-23,ZB,1:남성,2022,02_이월,당해년도,여름,스웨터,라운드,스웨터_라운드_ZB,68.79177922559458,2945900,105,1109364,9439500
5173,2022-10-23,ZB,1:남성,2022,02_이월,당해년도,여름,우븐 셔츠,드레스셔츠,우븐 셔츠_드레스셔츠_ZB,62.874079258060206,24441755,1165,7546076,81433500
5175,2022-10-23,ZB,1:남성,2022,02_이월,당해년도,여름,자켓,싱글재킷,자켓_싱글재킷_ZB,72.43200836820084,-263550,-4,-94753,-956000
5177,2022-10-23,ZB,1:남성,2022,02_이월,당해년도,여름,팬츠,반바지,팬츠_반바지_ZB,-inf,631945,22,155609,1757800
5179,2022-10-23,ZB,3:남녀공용,2022,01_시즌,당해년도,가을,니트 셔츠,라운드,니트 셔츠_라운드_ZB,61.36642400286032,15559750,448,5778230,40275200
5182,2022-10-23,ZB,3:남녀공용,2022,01_시즌,당해년도,겨울,니트 셔츠,라운드,니트 셔츠_라운드_ZB,63.36372579574133,83167109,2448,27497178,220115200
5185,2022-10-23,ZB,3:남녀공용,2022,01_시즌,당해년도,겨울,점퍼,패딩점퍼,점퍼_패딩점퍼_ZB,69.2781059792338,6864500,56,1951029,22344000
5186,2022-10-23,ZB,3:남녀공용,2022,01_시즌,당해년도,겨울,코트,싱글코트,코트_싱글코트_ZB,54.20726301087023,22622070,99,5981358,49401000
5188,2022-10-23,ZB,3:남녀공용,2022,02_이월,당해년도,봄,니트 셔츠,라운드,니트 셔츠_라운드_ZB,73.30275686578015,18213500,976,9166066,68222400
5191,2022-10-23,ZB,3:남녀공용,2022,02_이월,당해년도,여름,니트 셔츠,라운드,니트 셔츠_라운드_ZB,72.69013075318801,7607450,427,3345289,27947300
5206,2022-10-30,ZA,1:남성,2022,01_시즌,당해년도,겨울,우븐 셔츠,캐쥬얼셔츠,우븐 셔츠_캐쥬얼셔츠_ZA,61.49930632386773,2192345,57,468540,5694300
5213,2022-10-30,ZA,1:남성,2022,02_이월,당해년도,봄,우븐 셔츠,캐쥬얼셔츠,우븐 셔츠_캐쥬얼셔츠_ZA,66.83421636553004,732400,17,235520,2208300
5219,2022-10-30,ZA,1:남성,2022,02_이월,당해년도,여름,우븐 셔츠,캐쥬얼셔츠,우븐 셔츠_캐쥬얼셔츠_ZA,100.0,0,-2,-17485,-199800
5227,2022-10-30,ZA,3:남녀공용,2022,01_시즌,당해년도,겨울,우븐 셔츠,캐쥬얼셔츠,우븐 셔츠_캐쥬얼셔츠_ZA,56.54293751756829,18913989,323,4868592,43377700
5231,2022-10-30,ZB,1:남성,2022,01_시즌,당해년도,가을,수트,블레이져(수트),수트_블레이져(수트)_ZB,23.81540154583633,35364302,178,8574426,46102000
5232,2022-10-30,ZB,1:남성,2022,01_시즌,당해년도,가을,수트,수트팬츠,수트_수트팬츠_ZB,24.761382120673854,21234763,203,4913447,28217000
5233,2022-10-30,ZB,1:남성,2022,01_시즌,당해년도,가을,스웨터,오픈형(CARDIGAN),스웨터_오픈형(CARDIGAN)_ZB,44.394238786059695,8003226,72,1727196,14392800
5235,2022-10-30,ZB,1:남성,2022,01_시즌,당해년도,겨울,니트 셔츠,라운드,니트 셔츠_라운드_ZB,57.08951975625091,13308900,345,2454919,31015500
5237,2022-10-30,ZB,1:남성,2022,01_시즌,당해년도,겨울,수트,블레이져(수트),수트_블레이져(수트)_ZB,23.79417218564288,132661352,671,33062545,173789000
5238,2022-10-30,ZB,1:남성,2022,01_시즌,당해년도,겨울,수트,수트팬츠,수트_수트팬츠_ZB,23.552727181933324,72437570,687,17151666,95493000
5239,2022-10-30,ZB,1:남성,2022,01_시즌,당해년도,겨울,스웨터,T-에리,스웨터_T-에리_ZB,60.67128012082141,19192140,407,5252970,48799300
5241,2022-10-30,ZB,1:남성,2022,01_시즌,당해년도,겨울,스웨터,라운드,스웨터_라운드_ZB,48.939759477787646,90541295,1775,21277178,177322500
5243,2022-10-30,ZB,1:남성,2022,01_시즌,당해년도,겨울,점퍼,패딩점퍼,점퍼_패딩점퍼_ZB,51.392542449189605,30229950,208,5138925,62192000
5244,2022-10-30,ZB,1:남성,2022,01_시즌,당해년도,겨울,코트,싱글코트,코트_싱글코트_ZB,58.73449096546118,62542980,290,18147557,116710000
5246,2022-10-30,ZB,1:남성,2022,01_시즌,당해년도,사계절,니트 셔츠,라운드,니트 셔츠_라운드_ZB,69.68684560765792,26787747,1993,13342656,90890700
5247,2022-10-30,ZB,1:남성,2022,01_시즌,당해년도,사계절,데님,데님팬츠,데님_데님팬츠_ZB,50.30594230131268,15687587,306,4169848,30569400
5248,2022-10-30,ZB,1:남성,2022,01_시즌,당해년도,사계절,수트,블레이져(수트),수트_블레이져(수트)_ZB,33.980792472001234,47746911,302,12143207,72178000
5249,2022-10-30,ZB,1:남성,2022,01_시즌,당해년도,사계절,수트,수트팬츠,수트_수트팬츠_ZB,36.54562178680264,30662489,361,7180677,46569000
5250,2022-10-30,ZB,1:남성,2022,01_시즌,당해년도,사계절,우븐 셔츠,드레스셔츠,우븐 셔츠_드레스셔츠_ZB,62.95573604199196,26839054,863,5650950,60323700
5251,2022-10-30,ZB,1:남성,2022,01_시즌,당해년도,사계절,자켓,싱글재킷,자켓_싱글재킷_ZB,45.21152952115296,2357000,18,527321,4302000
5254,2022-10-30,ZB,1:남성,2022,02_이월,당해년도,봄,수트,블레이져(수트),수트_블레이져(수트)_ZB,26.27077106993425,2103700,12,495438,2868000
5255,2022-10-30,ZB,1:남성,2022,02_이월,당해년도,봄,수트,수트팬츠,수트_수트팬츠_ZB,34.63465403387884,1822700,20,420267,2580000
5256,2022-10-30,ZB,1:남성,2022,02_이월,당해년도,봄,스웨터,T-에리,스웨터_T-에리_ZB,70.96484239341382,7106500,245,2694684,24475500
5257,2022-10-30,ZB,1:남성,2022,02_이월,당해년도,봄,스웨터,라운드,스웨터_라운드_ZB,68.32135304530905,27452200,907,10180047,85299300
5258,2022-10-30,ZB,1:남성,2022,02_이월,당해년도,봄,스웨터,오픈형(CARDIGAN),스웨터_오픈형(CARDIGAN)_ZB,68.19004010373617,5603000,109,1694360,17429100
5260,2022-10-30,ZB,1:남성,2022,02_이월,당해년도,봄,점퍼,패딩점퍼,점퍼_패딩점퍼_ZB,83.71091202416504,9491000,234,5504112,58266000
5261,2022-10-30,ZB,1:남성,2022,02_이월,당해년도,봄,코트,싱글코트,코트_싱글코트_ZB,71.5498552724597,20747950,249,6938411,71841000
5262,2022-10-30,ZB,1:남성,2022,02_이월,당해년도,여름,니트 셔츠,라운드,니트 셔츠_라운드_ZB,79.57187457710242,414300,25,11125,1247500
5264,2022-10-30,ZB,1:남성,2022,02_이월,당해년도,여름,수트,블레이져(수트),수트_블레이져(수트)_ZB,28.26585309158531,2113444,12,534657,2868000
5265,2022-10-30,ZB,1:남성,2022,02_이월,당해년도,여름,수트,수트팬츠,수트_수트팬츠_ZB,20.773385012919896,715045,6,151132,774000
5266,2022-10-30,ZB,1:남성,2022,02_이월,당해년도,여름,스웨터,T-에리,스웨터_T-에리_ZB,52.55200222469411,572315,12,100917,1078800
5267,2022-10-30,ZB,1:남성,2022,02_이월,당해년도,여름,스웨터,라운드,스웨터_라운드_ZB,34.12402669632925,355335,6,63301,539400
5268,2022-10-30,ZB,1:남성,2022,02_이월,당해년도,여름,우븐 셔츠,드레스셔츠,우븐 셔츠_드레스셔츠_ZB,61.55555163782822,25536456,1210,7834840,84579000
5270,2022-10-30,ZB,1:남성,2022,02_이월,당해년도,여름,자켓,싱글재킷,자켓_싱글재킷_ZB,11.94560669456067,210450,1,23500,239000
5272,2022-10-30,ZB,1:남성,2022,02_이월,당해년도,여름,팬츠,반바지,팬츠_반바지_ZB,6.116745709171023,412074,11,26784,878900
5274,2022-10-30,ZB,3:남녀공용,2022,01_시즌,당해년도,가을,니트 셔츠,라운드,니트 셔츠_라운드_ZB,55.37172323776579,6940902,173,2231326,15552700
5277,2022-10-30,ZB,3:남녀공용,2022,01_시즌,당해년도,겨울,니트 셔츠,라운드,니트 셔츠_라운드_ZB,165.13634612697135,6342871,87,849677,9761300
5280,2022-10-30,ZB,3:남녀공용,2022,01_시즌,당해년도,겨울,점퍼,패딩점퍼,점퍼_패딩점퍼_ZB,58.05913593507579,14056900,84,2926544,33516000
5281,2022-10-30,ZB,3:남녀공용,2022,01_시즌,당해년도,겨울,코트,싱글코트,코트_싱글코트_ZB,53.41177436840895,14180990,61,3685483,30439000
5283,2022-10-30,ZB,3:남녀공용,2022,02_이월,당해년도,봄,니트 셔츠,라운드,니트 셔츠_라운드_ZB,79.92484038748364,21104935,1504,14118715,105129600
5286,2022-10-30,ZB,3:남녀공용,2022,02_이월,당해년도,여름,니트 셔츠,라운드,니트 셔츠_라운드_ZB,56.80060506274704,3965326,222,1217858,12097800
5301,2022-11-06,ZA,1:남성,2022,01_시즌,당해년도,겨울,우븐 셔츠,캐쥬얼셔츠,우븐 셔츠_캐쥬얼셔츠_ZA,61.02801262801263,2530646,65,534300,6493500
5308,2022-11-06,ZA,1:남성,2022,02_이월,당해년도,봄,우븐 셔츠,캐쥬얼셔츠,우븐 셔츠_캐쥬얼셔츠_ZA,55.73719711133106,1207445,21,290937,2727900
5314,2022-11-06,ZA,1:남성,2022,02_이월,당해년도,여름,우븐 셔츠,캐쥬얼셔츠,우븐 셔츠_캐쥬얼셔츠_ZA,60.96096096096096,663000,17,147706,1698300
5322,2022-11-06,ZA,3:남녀공용,2022,01_시즌,당해년도,겨울,우븐 셔츠,캐쥬얼셔츠,우븐 셔츠_캐쥬얼셔츠_ZA,53.28581633333969,28077564,407,6715715,60759300
5326,2022-11-06,ZB,1:남성,2022,01_시즌,당해년도,가을,수트,블레이져(수트),수트_블레이져(수트)_ZB,24.33058275710151,62117480,317,15219716,82103000
5327,2022-11-06,ZB,1:남성,2022,01_시즌,당해년도,가을,수트,수트팬츠,수트_수트팬츠_ZB,25.3057335308224,35979189,348,8453951,48372000
5328,2022-11-06,ZB,1:남성,2022,01_시즌,당해년도,가을,스웨터,오픈형(CARDIGAN),스웨터_오픈형(CARDIGAN)_ZB,48.2028700917623,6937345,67,1607166,13393300
5330,2022-11-06,ZB,1:남성,2022,01_시즌,당해년도,겨울,니트 셔츠,라운드,니트 셔츠_라운드_ZB,59.73869930319814,13971235,386,2745658,34701400
5332,2022-11-06,ZB,1:남성,2022,01_시즌,당해년도,겨울,수트,블레이져(수트),수트_블레이져(수트)_ZB,25.699442960590417,153091308,796,39344541,206164000
5333,2022-11-06,ZB,1:남성,2022,01_시즌,당해년도,겨울,수트,수트팬츠,수트_수트팬츠_ZB,25.983938872017205,81657160,794,19897595,110366000
5334,2022-11-06,ZB,1:남성,2022,01_시즌,당해년도,겨울,스웨터,T-에리,스웨터_T-에리_ZB,60.50447093889717,28886635,610,8436048,73139000
5336,2022-11-06,ZB,1:남성,2022,01_시즌,당해년도,겨울,스웨터,라운드,스웨터_라운드_ZB,69.994715202636,39357542,1313,18338710,131168700
5338,2022-11-06,ZB,1:남성,2022,01_시즌,당해년도,겨울,점퍼,패딩점퍼,점퍼_패딩점퍼_ZB,56.647747065926914,77903565,601,14848529,179699000
5339,2022-11-06,ZB,1:남성,2022,01_시즌,당해년도,겨울,코트,싱글코트,코트_싱글코트_ZB,52.91127498590831,264676876,1426,92521382,577674000
5341,2022-11-06,ZB,1:남성,2022,01_시즌,당해년도,사계절,니트 셔츠,라운드,니트 셔츠_라운드_ZB,70.87818623886217,33301573,2507,16685817,115969300
5342,2022-11-06,ZB,1:남성,2022,01_시즌,당해년도,사계절,데님,데님팬츠,데님_데님팬츠_ZB,50.89793853275597,18806415,379,5181458,37862100
5343,2022-11-06,ZB,1:남성,2022,01_시즌,당해년도,사계절,수트,블레이져(수트),수트_블레이져(수트)_ZB,34.62613196336136,44533165,284,11302938,67876000
5344,2022-11-06,ZB,1:남성,2022,01_시즌,당해년도,사계절,수트,수트팬츠,수트_수트팬츠_ZB,33.02246980597689,27853984,323,6411372,41667000
5345,2022-11-06,ZB,1:남성,2022,01_시즌,당해년도,사계절,우븐 셔츠,드레스셔츠,우븐 셔츠_드레스셔츠_ZB,62.21942972904892,25238429,794,5133494,55500600
5346,2022-11-06,ZB,1:남성,2022,01_시즌,당해년도,사계절,자켓,싱글재킷,자켓_싱글재킷_ZB,49.26945606694561,5213578,43,1259712,10277000
5349,2022-11-06,ZB,1:남성,2022,02_이월,당해년도,봄,수트,블레이져(수트),수트_블레이져(수트)_ZB,33.43096234309623,3014900,19,784247,4541000
5350,2022-11-06,ZB,1:남성,2022,02_이월,당해년도,봄,수트,수트팬츠,수트_수트팬츠_ZB,33.2213608957795,1279000,14,292983,1806000
5351,2022-11-06,ZB,1:남성,2022,02_이월,당해년도,봄,스웨터,T-에리,스웨터_T-에리_ZB,63.9620121514272,12924700,359,3948597,35864100
5352,2022-11-06,ZB,1:남성,2022,02_이월,당해년도,봄,스웨터,라운드,스웨터_라운드_ZB,71.11395815507218,32993780,1208,13786485,114709200
5353,2022-11-06,ZB,1:남성,2022,02_이월,당해년도,봄,스웨터,오픈형(CARDIGAN),스웨터_오픈형(CARDIGAN)_ZB,63.29204927715523,4602545,79,1244549,12632100
5355,2022-11-06,ZB,1:남성,2022,02_이월,당해년도,봄,점퍼,패딩점퍼,점퍼_패딩점퍼_ZB,69.63553137280304,7031500,93,2187532,23157000
5356,2022-11-06,ZB,1:남성,2022,02_이월,당해년도,봄,코트,싱글코트,코트_싱글코트_ZB,135.94467155941172,7574550,114,3069353,31186000
5357,2022-11-06,ZB,1:남성,2022,02_이월,당해년도,여름,니트 셔츠,라운드,니트 셔츠_라운드_ZB,89.97995991983967,-290000,-31,-154294,-1546900
5359,2022-11-06,ZB,1:남성,2022,02_이월,당해년도,여름,수트,블레이져(수트),수트_블레이져(수트)_ZB,30.426778242677823,1244800,8,357797,1912000
5360,2022-11-06,ZB,1:남성,2022,02_이월,당해년도,여름,수트,수트팬츠,수트_수트팬츠_ZB,44.84237726098191,491080,7,152950,903000
5361,2022-11-06,ZB,1:남성,2022,02_이월,당해년도,여름,스웨터,T-에리,스웨터_T-에리_ZB,76.18497296737978,367470,87,683905,7821300
5362,2022-11-06,ZB,1:남성,2022,02_이월,당해년도,여름,스웨터,라운드,스웨터_라운드_ZB,23.85984427141268,136900,2,22122,179800
5363,2022-11-06,ZB,1:남성,2022,02_이월,당해년도,여름,우븐 셔츠,드레스셔츠,우븐 셔츠_드레스셔츠_ZB,67.29450861303424,59816712,4093,26617324,286100700
5365,2022-11-06,ZB,1:남성,2022,02_이월,당해년도,여름,자켓,싱글재킷,자켓_싱글재킷_ZB,-inf,20000,0,265,0
5367,2022-11-06,ZB,1:남성,2022,02_이월,당해년도,여름,팬츠,반바지,팬츠_반바지_ZB,93.11639549436796,221000,6,25857,479400
5369,2022-11-06,ZB,3:남녀공용,2022,01_시즌,당해년도,가을,니트 셔츠,라운드,니트 셔츠_라운드_ZB,54.38506629941558,5166986,126,1625127,11327400
5372,2022-11-06,ZB,3:남녀공용,2022,01_시즌,당해년도,겨울,니트 셔츠,라운드,니트 셔츠_라운드_ZB,63.28505377559507,42601366,1288,14382723,117651200
5375,2022-11-06,ZB,3:남녀공용,2022,01_시즌,당해년도,겨울,점퍼,패딩점퍼,점퍼_패딩점퍼_ZB,60.58491817779744,53470500,340,11808767,135660000
5376,2022-11-06,ZB,3:남녀공용,2022,01_시즌,당해년도,겨울,코트,싱글코트,코트_싱글코트_ZB,55.54916284181266,20628300,93,5745288,46407000
5378,2022-11-06,ZB,3:남녀공용,2022,02_이월,당해년도,봄,니트 셔츠,라운드,니트 셔츠_라운드_ZB,65.02640965687335,23737590,971,9122546,67872900
5381,2022-11-06,ZB,3:남녀공용,2022,02_이월,당해년도,여름,니트 셔츠,라운드,니트 셔츠_라운드_ZB,80.24172006387596,-2794498,-266,-813498,-11633400
5396,2022-11-13,ZA,1:남성,2022,01_시즌,당해년도,겨울,우븐 셔츠,캐쥬얼셔츠,우븐 셔츠_캐쥬얼셔츠_ZA,57.79550041845124,2571900,61,501420,6093900
5403,2022-11-13,ZA,1:남성,2022,02_이월,당해년도,봄,우븐 셔츠,캐쥬얼셔츠,우븐 셔츠_캐쥬얼셔츠_ZA,64.94006378532937,637600,14,193957,1818600
5409,2022-11-13,ZA,1:남성,2022,02_이월,당해년도,여름,우븐 셔츠,캐쥬얼셔츠,우븐 셔츠_캐쥬얼셔츠_ZA,41.44144144144144,117000,2,16019,199800
5417,2022-11-13,ZA,3:남녀공용,2022,01_시즌,당해년도,겨울,우븐 셔츠,캐쥬얼셔츠,우븐 셔츠_캐쥬얼셔츠_ZA,52.20582007974206,28197054,397,6733559,61510300
5421,2022-11-13,ZB,1:남성,2022,01_시즌,당해년도,가을,수트,블레이져(수트),수트_블레이져(수트)_ZB,23.196266386295083,42169852,212,10162351,54908000
5422,2022-11-13,ZB,1:남성,2022,01_시즌,당해년도,가을,수트,수트팬츠,수트_수트팬츠_ZB,23.06497250328136,26612670,249,6055284,34611000
5423,2022-11-13,ZB,1:남성,2022,01_시즌,당해년도,가을,스웨터,오픈형(CARDIGAN),스웨터_오픈형(CARDIGAN)_ZB,40.757335189333794,5447600,46,1103346,9195400
5425,2022-11-13,ZB,1:남성,2022,01_시즌,당해년도,겨울,니트 셔츠,라운드,니트 셔츠_라운드_ZB,61.58786022113216,12638900,366,2602263,32903400
5427,2022-11-13,ZB,1:남성,2022,01_시즌,당해년도,겨울,수트,블레이져(수트),수트_블레이져(수트)_ZB,24.18481149378989,83548556,422,20943174,109298000
5428,2022-11-13,ZB,1:남성,2022,01_시즌,당해년도,겨울,수트,수트팬츠,수트_수트팬츠_ZB,24.5097423413455,46988790,444,11188000,61716000
5429,2022-11-13,ZB,1:남성,2022,01_시즌,당해년도,겨울,스웨터,T-에리,스웨터_T-에리_ZB,64.91349525540654,26966049,641,9575229,76855900
5431,2022-11-13,ZB,1:남성,2022,01_시즌,당해년도,겨울,스웨터,라운드,스웨터_라운드_ZB,61.25802985085218,87353186,2257,32063475,225474300
5433,2022-11-13,ZB,1:남성,2022,01_시즌,당해년도,겨울,점퍼,패딩점퍼,점퍼_패딩점퍼_ZB,70.29034076291602,25405918,286,7066022,85514000
5434,2022-11-13,ZB,1:남성,2022,01_시즌,당해년도,겨울,코트,싱글코트,코트_싱글코트_ZB,54.86269055560206,145894867,771,49866767,313329000
5436,2022-11-13,ZB,1:남성,2022,01_시즌,당해년도,사계절,니트 셔츠,라운드,니트 셔츠_라운드_ZB,70.59061300889796,10166204,757,5067836,33634300
5437,2022-11-13,ZB,1:남성,2022,01_시즌,당해년도,사계절,데님,데님팬츠,데님_데님팬츠_ZB,49.80418206681304,14871795,290,3933894,28971000
5438,2022-11-13,ZB,1:남성,2022,01_시즌,당해년도,사계절,수트,블레이져(수트),수트_블레이져(수트)_ZB,30.81377212376104,32222255,195,7795542,46605000
5439,2022-11-13,ZB,1:남성,2022,01_시즌,당해년도,사계절,수트,수트팬츠,수트_수트팬츠_ZB,31.04594200401953,19394244,218,4355249,28122000
5440,2022-11-13,ZB,1:남성,2022,01_시즌,당해년도,사계절,우븐 셔츠,드레스셔츠,우븐 셔츠_드레스셔츠_ZB,62.03191150007488,27270181,806,5130307,56339400
5441,2022-11-13,ZB,1:남성,2022,01_시즌,당해년도,사계절,자켓,싱글재킷,자켓_싱글재킷_ZB,44.10922704250165,2538000,19,556617,4541000
5444,2022-11-13,ZB,1:남성,2022,02_이월,당해년도,봄,수트,블레이져(수트),수트_블레이져(수트)_ZB,22.75,3011400,16,661331,3824000
5445,2022-11-13,ZB,1:남성,2022,02_이월,당해년도,봄,수트,수트팬츠,수트_수트팬츠_ZB,21.11111111111111,1728600,17,353627,2193000
5446,2022-11-13,ZB,1:남성,2022,02_이월,당해년도,봄,스웨터,T-에리,스웨터_T-에리_ZB,65.50576550576551,2653400,77,846796,7692300
5447,2022-11-13,ZB,1:남성,2022,02_이월,당해년도,봄,스웨터,라운드,스웨터_라운드_ZB,68.68438457608082,14621035,497,5699597,47260300
5448,2022-11-13,ZB,1:남성,2022,02_이월,당해년도,봄,스웨터,오픈형(CARDIGAN),스웨터_오픈형(CARDIGAN)_ZB,65.69340212632895,3045700,55,862331,8794500
5450,2022-11-13,ZB,1:남성,2022,02_이월,당해년도,봄,점퍼,패딩점퍼,점퍼_패딩점퍼_ZB,72.71190023250898,2582000,38,893830,9462000
5451,2022-11-13,ZB,1:남성,2022,02_이월,당해년도,봄,코트,싱글코트,코트_싱글코트_ZB,70.77825158565139,6813300,81,2341547,23049000
5452,2022-11-13,ZB,1:남성,2022,02_이월,당해년도,여름,니트 셔츠,라운드,니트 셔츠_라운드_ZB,71.04208416833667,47900,3,16067,149700
5454,2022-11-13,ZB,1:남성,2022,02_이월,당해년도,여름,수트,블레이져(수트),수트_블레이져(수트)_ZB,74.66666666666667,936880,-5,-213470,-1195000
5455,2022-11-13,ZB,1:남성,2022,02_이월,당해년도,여름,수트,수트팬츠,수트_수트팬츠_ZB,20.0,206400,2,40196,258000
5456,2022-11-13,ZB,1:남성,2022,02_이월,당해년도,여름,스웨터,T-에리,스웨터_T-에리_ZB,72.5,49445,0,3781,0
5457,2022-11-13,ZB,1:남성,2022,02_이월,당해년도,여름,스웨터,라운드,스웨터_라운드_ZB,56.61846496106785,-195000,-5,-52754,-449500
5458,2022-11-13,ZB,1:남성,2022,02_이월,당해년도,여름,우븐 셔츠,드레스셔츠,우븐 셔츠_드레스셔츠_ZB,66.96323808126382,10111455,587,3820854,41031300
5460,2022-11-13,ZB,1:남성,2022,02_이월,당해년도,여름,자켓,싱글재킷,자켓_싱글재킷_ZB,66.94560669456067,-790000,-10,-235004,-2390000
5462,2022-11-13,ZB,1:남성,2022,02_이월,당해년도,여름,팬츠,반바지,팬츠_반바지_ZB,63.70463078848561,435000,15,73609,1198500
5464,2022-11-13,ZB,3:남녀공용,2022,01_시즌,당해년도,가을,니트 셔츠,라운드,니트 셔츠_라운드_ZB,57.7264498680451,7752800,204,2631158,18339600
5467,2022-11-13,ZB,3:남녀공용,2022,01_시즌,당해년도,겨울,니트 셔츠,라운드,니트 셔츠_라운드_ZB,62.04432804694392,49852350,1408,15707793,128859200
5470,2022-11-13,ZB,3:남녀공용,2022,01_시즌,당해년도,겨울,점퍼,패딩점퍼,점퍼_패딩점퍼_ZB,64.19315734390922,26002213,182,6331418,72618000
5471,2022-11-13,ZB,3:남녀공용,2022,01_시즌,당해년도,겨울,코트,싱글코트,코트_싱글코트_ZB,52.511379347842976,30568900,129,8027962,64371000
5473,2022-11-13,ZB,3:남녀공용,2022,02_이월,당해년도,봄,니트 셔츠,라운드,니트 셔츠_라운드_ZB,67.8811149032992,13156345,586,5490129,40961400
5476,2022-11-13,ZB,3:남녀공용,2022,02_이월,당해년도,여름,니트 셔츠,라운드,니트 셔츠_라운드_ZB,57.27301487412912,658445,45,114935,1945500
5491,2022-11-20,ZA,1:남성,2022,01_시즌,당해년도,겨울,우븐 셔츠,캐쥬얼셔츠,우븐 셔츠_캐쥬얼셔츠_ZA,56.70542337209004,3373600,78,641160,7792200
5498,2022-11-20,ZA,1:남성,2022,02_이월,당해년도,봄,우븐 셔츠,캐쥬얼셔츠,우븐 셔츠_캐쥬얼셔츠_ZA,67.85219399538106,417600,10,138541,1299000
5504,2022-11-20,ZA,1:남성,2022,02_이월,당해년도,여름,우븐 셔츠,캐쥬얼셔츠,우븐 셔츠_캐쥬얼셔츠_ZA,60.96096096096096,858000,22,209644,2197800
5512,2022-11-20,ZA,3:남녀공용,2022,01_시즌,당해년도,겨울,우븐 셔츠,캐쥬얼셔츠,우븐 셔츠_캐쥬얼셔츠_ZA,60.53267024390916,23244726,421,7222622,66087900
5516,2022-11-20,ZB,1:남성,2022,01_시즌,당해년도,가을,수트,블레이져(수트),수트_블레이져(수트)_ZB,24.34198095073095,36329678,185,8827537,47915000
5517,2022-11-20,ZB,1:남성,2022,01_시즌,당해년도,가을,수트,수트팬츠,수트_수트팬츠_ZB,24.79358882581595,20120560,192,4640306,26688000
5518,2022-11-20,ZB,1:남성,2022,01_시즌,당해년도,가을,스웨터,오픈형(CARDIGAN),스웨터_오픈형(CARDIGAN)_ZB,45.94916505871984,4538000,42,1007158,8395800
5520,2022-11-20,ZB,1:남성,2022,01_시즌,당해년도,겨울,니트 셔츠,라운드,니트 셔츠_라운드_ZB,76.74323386137854,12126543,580,4125848,52142000
5522,2022-11-20,ZB,1:남성,2022,01_시즌,당해년도,겨울,수트,블레이져(수트),수트_블레이져(수트)_ZB,23.166940427701963,79695953,399,19859065,103341000
5523,2022-11-20,ZB,1:남성,2022,01_시즌,당해년도,겨울,수트,수트팬츠,수트_수트팬츠_ZB,23.1395316766836,41731258,392,9923538,54488000
5524,2022-11-20,ZB,1:남성,2022,01_시즌,당해년도,겨울,스웨터,T-에리,스웨터_T-에리_ZB,68.70476098714433,31181606,831,12412427,99636900
5526,2022-11-20,ZB,1:남성,2022,01_시즌,당해년도,겨울,스웨터,라운드,스웨터_라운드_ZB,61.51907293914245,88494511,2302,32695250,229969800
5528,2022-11-20,ZB,1:남성,2022,01_시즌,당해년도,겨울,점퍼,패딩점퍼,점퍼_패딩점퍼_ZB,68.58949198654025,30710996,327,8078983,97773000
5529,2022-11-20,ZB,1:남성,2022,01_시즌,당해년도,겨울,코트,싱글코트,코트_싱글코트_ZB,55.75860910529186,188135384,976,62633776,405324000
5531,2022-11-20,ZB,1:남성,2022,01_시즌,당해년도,사계절,니트 셔츠,라운드,니트 셔츠_라운드_ZB,74.20881759305284,15686766,1348,9010450,57685200
5532,2022-11-20,ZB,1:남성,2022,01_시즌,당해년도,사계절,데님,데님팬츠,데님_데님팬츠_ZB,51.67692388095316,17273881,372,5048770,37162800
5533,2022-11-20,ZB,1:남성,2022,01_시즌,당해년도,사계절,수트,블레이져(수트),수트_블레이져(수트)_ZB,31.02409117816067,31859664,195,7767411,46605000
5534,2022-11-20,ZB,1:남성,2022,01_시즌,당해년도,사계절,수트,수트팬츠,수트_수트팬츠_ZB,31.209189946823248,19979150,225,4471932,29025000
5535,2022-11-20,ZB,1:남성,2022,01_시즌,당해년도,사계절,우븐 셔츠,드레스셔츠,우븐 셔츠_드레스셔츠_ZB,63.16060574185271,15210234,497,3232668,34740300
5536,2022-11-20,ZB,1:남성,2022,01_시즌,당해년도,사계절,자켓,싱글재킷,자켓_싱글재킷_ZB,43.68693083928132,2288000,17,498026,4063000
5539,2022-11-20,ZB,1:남성,2022,02_이월,당해년도,봄,수트,블레이져(수트),수트_블레이져(수트)_ZB,25.0,717000,4,164842,956000
5540,2022-11-20,ZB,1:남성,2022,02_이월,당해년도,봄,수트,수트팬츠,수트_수트팬츠_ZB,-inf,386450,3,59959,387000
5541,2022-11-20,ZB,1:남성,2022,02_이월,당해년도,봄,스웨터,T-에리,스웨터_T-에리_ZB,76.9615025653673,4764200,207,2276792,20679300
5542,2022-11-20,ZB,1:남성,2022,02_이월,당해년도,봄,스웨터,라운드,스웨터_라운드_ZB,72.98027994930237,14726509,576,6540310,54532400
5543,2022-11-20,ZB,1:남성,2022,02_이월,당해년도,봄,스웨터,오픈형(CARDIGAN),스웨터_오픈형(CARDIGAN)_ZB,68.91134610646806,2617000,53,825524,8474700
5545,2022-11-20,ZB,1:남성,2022,02_이월,당해년도,봄,점퍼,패딩점퍼,점퍼_패딩점퍼_ZB,76.40744797371303,4523400,77,1811182,19173000
5546,2022-11-20,ZB,1:남성,2022,02_이월,당해년도,봄,코트,싱글코트,코트_싱글코트_ZB,71.70950691677388,5388000,66,1850248,19234000
5547,2022-11-20,ZB,1:남성,2022,02_이월,당해년도,여름,니트 셔츠,라운드,니트 셔츠_라운드_ZB,73.29724383832601,-228000,-18,-105054,-898200
5549,2022-11-20,ZB,1:남성,2022,02_이월,당해년도,여름,수트,블레이져(수트),수트_블레이져(수트)_ZB,20.0,764800,4,177879,956000
5550,2022-11-20,ZB,1:남성,2022,02_이월,당해년도,여름,수트,수트팬츠,수트_수트팬츠_ZB,25.33333333333333,381840,4,90042,516000
5551,2022-11-20,ZB,1:남성,2022,02_이월,당해년도,여름,스웨터,T-에리,스웨터_T-에리_ZB,65.7304412309974,812600,36,215837,3236400
5552,2022-11-20,ZB,1:남성,2022,02_이월,당해년도,여름,스웨터,라운드,스웨터_라운드_ZB,56.61846496106785,-195000,-5,-52734,-449500
5553,2022-11-20,ZB,1:남성,2022,02_이월,당해년도,여름,우븐 셔츠,드레스셔츠,우븐 셔츠_드레스셔츠_ZB,59.61811390161894,18726393,947,6126030,66195300
5555,2022-11-20,ZB,1:남성,2022,02_이월,당해년도,여름,자켓,싱글재킷,자켓_싱글재킷_ZB,50.48640167364017,473350,4,90851,956000
5557,2022-11-20,ZB,1:남성,2022,02_이월,당해년도,여름,팬츠,반바지,팬츠_반바지_ZB,94.61827284105132,-129000,-12,-63672,-958800
5559,2022-11-20,ZB,3:남녀공용,2022,01_시즌,당해년도,가을,니트 셔츠,라운드,니트 셔츠_라운드_ZB,68.7080294977959,7595500,270,3482416,24273000
5562,2022-11-20,ZB,3:남녀공용,2022,01_시즌,당해년도,겨울,니트 셔츠,라운드,니트 셔츠_라운드_ZB,68.20533156758329,40333682,1340,14876350,123686000
5565,2022-11-20,ZB,3:남녀공용,2022,01_시즌,당해년도,겨울,점퍼,패딩점퍼,점퍼_패딩점퍼_ZB,68.69708655391982,44588809,357,12406077,142443000
5566,2022-11-20,ZB,3:남녀공용,2022,01_시즌,당해년도,겨울,코트,싱글코트,코트_싱글코트_ZB,56.39161301326056,40909900,188,11719919,93812000
5568,2022-11-20,ZB,3:남녀공용,2022,02_이월,당해년도,봄,니트 셔츠,라운드,니트 셔츠_라운드_ZB,93.0451576786714,2236260,460,4325307,32154000
5571,2022-11-20,ZB,3:남녀공용,2022,02_이월,당해년도,여름,니트 셔츠,라운드,니트 셔츠_라운드_ZB,59.30705617243069,528890,31,108639,1446900
5586,2022-11-27,ZA,1:남성,2022,01_시즌,당해년도,겨울,우븐 셔츠,캐쥬얼셔츠,우븐 셔츠_캐쥬얼셔츠_ZA,58.38060282504727,1871000,45,369900,4495500
5593,2022-11-27,ZA,1:남성,2022,02_이월,당해년도,봄,우븐 셔츠,캐쥬얼셔츠,우븐 셔츠_캐쥬얼셔츠_ZA,71.99310825176876,764000,21,290937,2727900
5599,2022-11-27,ZA,1:남성,2022,02_이월,당해년도,여름,우븐 셔츠,캐쥬얼셔츠,우븐 셔츠_캐쥬얼셔츠_ZA,60.96096096096096,117000,3,26331,299700
5607,2022-11-27,ZA,3:남녀공용,2022,01_시즌,당해년도,겨울,우븐 셔츠,캐쥬얼셔츠,우븐 셔츠_캐쥬얼셔츠_ZA,63.8502316625251,17285750,326,5636349,51047400
5611,2022-11-27,ZB,1:남성,2022,01_시즌,당해년도,가을,수트,블레이져(수트),수트_블레이져(수트)_ZB,19.004126269751268,28970220,138,6685857,35742000
5612,2022-11-27,ZB,1:남성,2022,01_시즌,당해년도,가을,수트,수트팬츠,수트_수트팬츠_ZB,18.40272121012867,18150000,160,3951689,22240000
5613,2022-11-27,ZB,1:남성,2022,01_시즌,당해년도,가을,스웨터,오픈형(CARDIGAN),스웨터_오픈형(CARDIGAN)_ZB,43.69105088258415,6303449,56,1343546,11194400
5615,2022-11-27,ZB,1:남성,2022,01_시즌,당해년도,겨울,니트 셔츠,라운드,니트 셔츠_라운드_ZB,78.80920195072223,15964342,838,5958636,75336200
5617,2022-11-27,ZB,1:남성,2022,01_시즌,당해년도,겨울,수트,블레이져(수트),수트_블레이져(수트)_ZB,22.95755158735244,67861912,341,16946516,88319000
5618,2022-11-27,ZB,1:남성,2022,01_시즌,당해년도,겨울,수트,수트팬츠,수트_수트팬츠_ZB,23.322671841147496,38854722,364,9174308,50596000
5619,2022-11-27,ZB,1:남성,2022,01_시즌,당해년도,겨울,스웨터,T-에리,스웨터_T-에리_ZB,68.18372669428825,18921265,496,7406255,59470400
5621,2022-11-27,ZB,1:남성,2022,01_시즌,당해년도,겨울,스웨터,라운드,스웨터_라운드_ZB,61.506401639734975,64604576,1680,23865440,167832000
5623,2022-11-27,ZB,1:남성,2022,01_시즌,당해년도,겨울,점퍼,패딩점퍼,점퍼_패딩점퍼_ZB,69.90199243379571,27447878,305,7535443,91195000
5624,2022-11-27,ZB,1:남성,2022,01_시즌,당해년도,겨울,코트,싱글코트,코트_싱글코트_ZB,61.63154344158443,172895749,1014,65921623,416386000
5626,2022-11-27,ZB,1:남성,2022,01_시즌,당해년도,사계절,니트 셔츠,라운드,니트 셔츠_라운드_ZB,75.67104937308254,8481327,624,4173687,28807600
5627,2022-11-27,ZB,1:남성,2022,01_시즌,당해년도,사계절,데님,데님팬츠,데님_데님팬츠_ZB,47.82494233283257,13422350,269,3659247,26873100
5628,2022-11-27,ZB,1:남성,2022,01_시즌,당해년도,사계절,수트,블레이져(수트),수트_블레이져(수트)_ZB,32.02907675243524,24811598,154,6139379,36806000
5629,2022-11-27,ZB,1:남성,2022,01_시즌,당해년도,사계절,수트,수트팬츠,수트_수트팬츠_ZB,30.488919927679618,16219544,184,3657097,23736000
5630,2022-11-27,ZB,1:남성,2022,01_시즌,당해년도,사계절,우븐 셔츠,드레스셔츠,우븐 셔츠_드레스셔츠_ZB,62.05051301549422,17287439,516,3310757,36068400
5631,2022-11-27,ZB,1:남성,2022,01_시즌,당해년도,사계절,자켓,싱글재킷,자켓_싱글재킷_ZB,38.23221757322176,1181000,8,234365,1912000
5634,2022-11-27,ZB,1:남성,2022,02_이월,당해년도,봄,수트,블레이져(수트),수트_블레이져(수트)_ZB,20.0,764800,4,172705,956000
5635,2022-11-27,ZB,1:남성,2022,02_이월,당해년도,봄,수트,수트팬츠,수트_수트팬츠_ZB,24.166666666666664,967500,10,212625,1290000
5636,2022-11-27,ZB,1:남성,2022,02_이월,당해년도,봄,스웨터,T-에리,스웨터_T-에리_ZB,2.7861194527861195,582700,6,65981,599400
5637,2022-11-27,ZB,1:남성,2022,02_이월,당해년도,봄,스웨터,라운드,스웨터_라운드_ZB,65.19585211704995,6561900,201,2294813,19089900
5638,2022-11-27,ZB,1:남성,2022,02_이월,당해년도,봄,스웨터,오픈형(CARDIGAN),스웨터_오픈형(CARDIGAN)_ZB,65.41588492808006,1349000,24,377458,3837600
5640,2022-11-27,ZB,1:남성,2022,02_이월,당해년도,봄,점퍼,패딩점퍼,점퍼_패딩점퍼_ZB,69.78078982597054,1805900,24,564524,5976000
5641,2022-11-27,ZB,1:남성,2022,02_이월,당해년도,봄,코트,싱글코트,코트_싱글코트_ZB,69.47676493946682,1641000,19,569977,5371000
5642,2022-11-27,ZB,1:남성,2022,02_이월,당해년도,여름,니트 셔츠,라운드,니트 셔츠_라운드_ZB,61.92384769539078,-19000,-1,-4761,-49900
5644,2022-11-27,ZB,1:남성,2022,02_이월,당해년도,여름,수트,블레이져(수트),수트_블레이져(수트)_ZB,28.0,172080,1,44861,239000
5645,2022-11-27,ZB,1:남성,2022,02_이월,당해년도,여름,수트,수트팬츠,수트_수트팬츠_ZB,20.0,206400,2,42653,258000
5646,2022-11-27,ZB,1:남성,2022,02_이월,당해년도,여름,스웨터,T-에리,스웨터_T-에리_ZB,88.86725991842789,360300,16,187453,1438400
5647,2022-11-27,ZB,1:남성,2022,02_이월,당해년도,여름,스웨터,라운드,스웨터_라운드_ZB,56.61846496106785,39000,1,11104,89900
5648,2022-11-27,ZB,1:남성,2022,02_이월,당해년도,여름,우븐 셔츠,드레스셔츠,우븐 셔츠_드레스셔츠_ZB,41.274160871769794,15288393,633,4106835,44246700
5650,2022-11-27,ZB,1:남성,2022,02_이월,당해년도,여름,자켓,싱글재킷,자켓_싱글재킷_ZB,83.47280334728033,-79000,-2,-47266,-478000
5652,2022-11-27,ZB,1:남성,2022,02_이월,당해년도,여름,팬츠,반바지,팬츠_반바지_ZB,63.70463078848561,116000,4,17570,319600
5654,2022-11-27,ZB,3:남녀공용,2022,01_시즌,당해년도,가을,니트 셔츠,라운드,니트 셔츠_라운드_ZB,73.54309666567188,3900700,164,2115245,14743600
5657,2022-11-27,ZB,3:남녀공용,2022,01_시즌,당해년도,겨울,니트 셔츠,라운드,니트 셔츠_라운드_ZB,74.62368628270147,39330300,1606,17787060,148939400
5660,2022-11-27,ZB,3:남녀공용,2022,01_시즌,당해년도,겨울,점퍼,패딩점퍼,점퍼_패딩점퍼_ZB,69.99434128452121,37473167,313,10879092,124887000
5661,2022-11-27,ZB,3:남녀공용,2022,01_시즌,당해년도,겨울,코트,싱글코트,코트_싱글코트_ZB,53.53895670128135,38253700,165,10282986,82335000
5663,2022-11-27,ZB,3:남녀공용,2022,02_이월,당해년도,봄,니트 셔츠,라운드,니트 셔츠_라운드_ZB,64.99968899670337,7877800,322,3017252,22507800
5666,2022-11-27,ZB,3:남녀공용,2022,02_이월,당해년도,여름,니트 셔츠,라운드,니트 셔츠_라운드_ZB,-inf,962000,80,352871,3992000
5679,2022-12-04,ZA,1:남성,2022,01_시즌,당해년도,겨울,우븐 셔츠,캐쥬얼셔츠,우븐 셔츠_캐쥬얼셔츠_ZA,63.27683615819209,2164500,59,484980,5894100
5688,2022-12-04,ZA,1:남성,2022,02_이월,당해년도,봄,우븐 셔츠,캐쥬얼셔츠,우븐 셔츠_캐쥬얼셔츠_ZA,71.55504234026174,295600,8,110833,1039200
5694,2022-12-04,ZA,1:남성,2022,02_이월,당해년도,여름,우븐 셔츠,캐쥬얼셔츠,우븐 셔츠_캐쥬얼셔츠_ZA,68.21509009009009,908100,28,245188,2797200
5702,2022-12-04,ZA,3:남녀공용,2022,01_시즌,당해년도,겨울,우븐 셔츠,캐쥬얼셔츠,우븐 셔츠_캐쥬얼셔츠_ZA,64.30001447643538,18551802,365,6121326,55413500
5706,2022-12-04,ZB,1:남성,2022,01_시즌,당해년도,겨울,니트 셔츠,라운드,니트 셔츠_라운드_ZB,78.49582944811395,28689058,1484,10578805,133411600
5708,2022-12-04,ZB,1:남성,2022,01_시즌,당해년도,겨울,수트,블레이져(수트),수트_블레이져(수트)_ZB,22.13477647738732,66073821,328,16373392,84952000
5709,2022-12-04,ZB,1:남성,2022,01_시즌,당해년도,겨울,수트,수트팬츠,수트_수트팬츠_ZB,22.91754765841832,37153071,345,8733448,47955000
5710,2022-12-04,ZB,1:남성,2022,01_시즌,당해년도,겨울,스웨터,T-에리,스웨터_T-에리_ZB,69.1670376943192,24584200,665,9937019,79733500
5712,2022-12-04,ZB,1:남성,2022,01_시즌,당해년도,겨울,스웨터,라운드,스웨터_라운드_ZB,62.00259253285681,89052776,2346,33331270,234365400
5714,2022-12-04,ZB,1:남성,2022,01_시즌,당해년도,겨울,점퍼,패딩점퍼,점퍼_패딩점퍼_ZB,69.25923738152964,160391466,1745,43112618,521755000
5715,2022-12-04,ZB,1:남성,2022,01_시즌,당해년도,겨울,코트,싱글코트,코트_싱글코트_ZB,62.583965916930296,209275292,1253,79355789,525647000
5717,2022-12-04,ZB,1:남성,2022,01_시즌,당해년도,사계절,니트 셔츠,라운드,니트 셔츠_라운드_ZB,71.24570609670262,17440098,1448,9653205,64055200
5718,2022-12-04,ZB,1:남성,2022,01_시즌,당해년도,사계절,데님,데님팬츠,데님_데님팬츠_ZB,58.127733612229726,14390700,320,4379459,31968000
5719,2022-12-04,ZB,1:남성,2022,01_시즌,당해년도,사계절,수트,블레이져(수트),수트_블레이져(수트)_ZB,30.650015654797485,21155770,128,5066118,30592000
5720,2022-12-04,ZB,1:남성,2022,01_시즌,당해년도,사계절,수트,수트팬츠,수트_수트팬츠_ZB,30.70002731035062,14497610,163,3197212,21027000
5721,2022-12-04,ZB,1:남성,2022,01_시즌,당해년도,사계절,우븐 셔츠,드레스셔츠,우븐 셔츠_드레스셔츠_ZB,61.721015835106016,46540474,2059,16304619,143924100
5722,2022-12-04,ZB,1:남성,2022,01_시즌,당해년도,사계절,자켓,싱글재킷,자켓_싱글재킷_ZB,46.84290604792697,2795000,22,644504,5258000
5725,2022-12-04,ZB,1:남성,2022,02_이월,당해년도,가을,수트,블레이져(수트),수트_블레이져(수트)_ZB,21.899799204280814,23906560,118,5670650,30562000
5726,2022-12-04,ZB,1:남성,2022,02_이월,당해년도,가을,수트,수트팬츠,수트_수트팬츠_ZB,22.669498813992284,13926501,129,3167233,17931000
5727,2022-12-04,ZB,1:남성,2022,02_이월,당해년도,가을,스웨터,오픈형(CARDIGAN),스웨터_오픈형(CARDIGAN)_ZB,52.11430715357679,4211834,44,1055543,8795600
5729,2022-12-04,ZB,1:남성,2022,02_이월,당해년도,봄,수트,블레이져(수트),수트_블레이져(수트)_ZB,18.33333333333333,1195000,6,255097,1434000
5730,2022-12-04,ZB,1:남성,2022,02_이월,당해년도,봄,수트,수트팬츠,수트_수트팬츠_ZB,25.241325212255447,1226500,13,276296,1677000
5731,2022-12-04,ZB,1:남성,2022,02_이월,당해년도,봄,스웨터,T-에리,스웨터_T-에리_ZB,75.28778778778779,2765000,112,1231857,11188800
5732,2022-12-04,ZB,1:남성,2022,02_이월,당해년도,봄,스웨터,라운드,스웨터_라운드_ZB,76.46284241236175,17899400,802,9037092,75609800
5733,2022-12-04,ZB,1:남성,2022,02_이월,당해년도,봄,스웨터,오픈형(CARDIGAN),스웨터_오픈형(CARDIGAN)_ZB,66.051431717473,1208800,22,341838,3517800
5735,2022-12-04,ZB,1:남성,2022,02_이월,당해년도,봄,점퍼,패딩점퍼,점퍼_패딩점퍼_ZB,69.27911646586345,1529900,20,470437,4980000
5736,2022-12-04,ZB,1:남성,2022,02_이월,당해년도,봄,코트,싱글코트,코트_싱글코트_ZB,72.88688952467255,3807000,47,1362341,14183000
5737,2022-12-04,ZB,1:남성,2022,02_이월,당해년도,여름,니트 셔츠,라운드,니트 셔츠_라운드_ZB,60.388694054776224,806445,41,237955,2045900
5739,2022-12-04,ZB,1:남성,2022,02_이월,당해년도,여름,수트,블레이져(수트),수트_블레이져(수트)_ZB,22.933333333333334,1854640,10,425238,2390000
5740,2022-12-04,ZB,1:남성,2022,02_이월,당해년도,여름,수트,수트팬츠,수트_수트팬츠_ZB,20.53333333333333,1124880,11,217104,1419000
5741,2022-12-04,ZB,1:남성,2022,02_이월,당해년도,여름,스웨터,T-에리,스웨터_T-에리_ZB,-52.02076381164257,410000,3,17803,269700
5742,2022-12-04,ZB,1:남성,2022,02_이월,당해년도,여름,스웨터,라운드,스웨터_라운드_ZB,57.34149054505006,690300,18,190430,1618200
5743,2022-12-04,ZB,1:남성,2022,02_이월,당해년도,여름,우븐 셔츠,드레스셔츠,우븐 셔츠_드레스셔츠_ZB,69.55093703971082,37947872,2748,17788128,192085200
5745,2022-12-04,ZB,1:남성,2022,02_이월,당해년도,여름,자켓,싱글재킷,자켓_싱글재킷_ZB,71.59460715946072,611000,9,210449,2151000
5747,2022-12-04,ZB,1:남성,2022,02_이월,당해년도,여름,팬츠,반바지,팬츠_반바지_ZB,63.70463078848561,899000,31,210909,2476900
5749,2022-12-04,ZB,3:남녀공용,2022,01_시즌,당해년도,겨울,니트 셔츠,라운드,니트 셔츠_라운드_ZB,77.06598529935494,67669381,3091,34265729,286320900
5752,2022-12-04,ZB,3:남녀공용,2022,01_시즌,당해년도,겨울,점퍼,패딩점퍼,점퍼_패딩점퍼_ZB,70.91254513694705,84258794,726,26124844,289674000
5753,2022-12-04,ZB,3:남녀공용,2022,01_시즌,당해년도,겨울,코트,싱글코트,코트_싱글코트_ZB,53.17065950081982,61691100,264,16454142,131736000
5755,2022-12-04,ZB,3:남녀공용,2022,02_이월,당해년도,가을,니트 셔츠,라운드,니트 셔츠_라운드_ZB,74.58072010665909,6444245,282,3637190,25351800
5758,2022-12-04,ZB,3:남녀공용,2022,02_이월,당해년도,봄,니트 셔츠,라운드,니트 셔츠_라운드_ZB,47.4338426323319,-4592968,-125,-1173506,-8737500
5761,2022-12-04,ZB,3:남녀공용,2022,02_이월,당해년도,여름,니트 셔츠,라운드,니트 셔츠_라운드_ZB,62.619996751604845,2085243,99,640908,5540100
5774,2022-12-11,ZA,1:남성,2022,01_시즌,당해년도,겨울,우븐 셔츠,캐쥬얼셔츠,우븐 셔츠_캐쥬얼셔츠_ZA,57.67585767585768,1860400,44,361680,4395600
5783,2022-12-11,ZA,1:남성,2022,02_이월,당해년도,봄,우븐 셔츠,캐쥬얼셔츠,우븐 셔츠_캐쥬얼셔츠_ZA,64.16012317167052,465560,10,138541,1299000
5789,2022-12-11,ZA,1:남성,2022,02_이월,당해년도,여름,우븐 셔츠,캐쥬얼셔츠,우븐 셔츠_캐쥬얼셔츠_ZA,90.47436325214105,66145,-4,-27814,-399600
5797,2022-12-11,ZA,3:남녀공용,2022,01_시즌,당해년도,겨울,우븐 셔츠,캐쥬얼셔츠,우븐 셔츠_캐쥬얼셔츠_ZA,65.45123628590619,18106733,374,6351054,57982600
5801,2022-12-11,ZB,1:남성,2022,01_시즌,당해년도,겨울,니트 셔츠,라운드,니트 셔츠_라운드_ZB,79.42643171037076,16498109,892,6326343,80190800
5803,2022-12-11,ZB,1:남성,2022,01_시즌,당해년도,겨울,수트,블레이져(수트),수트_블레이져(수트)_ZB,22.974779896269386,43608703,220,10983107,56980000
5804,2022-12-11,ZB,1:남성,2022,01_시즌,당해년도,겨울,수트,수트팬츠,수트_수트팬츠_ZB,22.756535973567185,26192200,245,6229774,34055000
5805,2022-12-11,ZB,1:남성,2022,01_시즌,당해년도,겨울,스웨터,T-에리,스웨터_T-에리_ZB,68.96814116093093,23775400,639,9534709,76616100
5807,2022-12-11,ZB,1:남성,2022,01_시즌,당해년도,겨울,스웨터,라운드,스웨터_라운드_ZB,61.77186526943056,86270999,2259,32070743,225674100
5809,2022-12-11,ZB,1:남성,2022,01_시즌,당해년도,겨울,점퍼,패딩점퍼,점퍼_패딩점퍼_ZB,62.37933785400877,-24521900,-218,-5385989,-65182000
5810,2022-12-11,ZB,1:남성,2022,01_시즌,당해년도,겨울,코트,싱글코트,코트_싱글코트_ZB,63.41075754595691,223207928,1366,87534705,567934000
5812,2022-12-11,ZB,1:남성,2022,01_시즌,당해년도,사계절,니트 셔츠,라운드,니트 셔츠_라운드_ZB,64.60744490852919,3616902,176,1171349,9932400
5813,2022-12-11,ZB,1:남성,2022,01_시즌,당해년도,사계절,데님,데님팬츠,데님_데님팬츠_ZB,47.878139808083056,13399206,265,3635457,26473500
5814,2022-12-11,ZB,1:남성,2022,01_시즌,당해년도,사계절,수트,블레이져(수트),수트_블레이져(수트)_ZB,33.260430364614464,18274042,114,4524829,27246000
5815,2022-12-11,ZB,1:남성,2022,01_시즌,당해년도,사계절,수트,수트팬츠,수트_수트팬츠_ZB,32.26475694444445,14320050,167,3276894,21543000
5816,2022-12-11,ZB,1:남성,2022,01_시즌,당해년도,사계절,우븐 셔츠,드레스셔츠,우븐 셔츠_드레스셔츠_ZB,60.56951031288891,-12761710,-832,-8479007,-58156800
5817,2022-12-11,ZB,1:남성,2022,01_시즌,당해년도,사계절,자켓,싱글재킷,자켓_싱글재킷_ZB,52.44072524407253,1364000,12,351547,2868000
5820,2022-12-11,ZB,1:남성,2022,02_이월,당해년도,가을,수트,블레이져(수트),수트_블레이져(수트)_ZB,18.942706677265495,18284516,88,4210347,22792000
5821,2022-12-11,ZB,1:남성,2022,02_이월,당해년도,가을,수트,수트팬츠,수트_수트팬츠_ZB,17.567592592592593,10627900,93,2288767,12927000
5822,2022-12-11,ZB,1:남성,2022,02_이월,당해년도,가을,스웨터,오픈형(CARDIGAN),스웨터_오픈형(CARDIGAN)_ZB,45.95797898949475,3240900,30,719737,5997000
5824,2022-12-11,ZB,1:남성,2022,02_이월,당해년도,봄,수트,블레이져(수트),수트_블레이져(수트)_ZB,17.77777777777778,2724600,14,584605,3346000
5825,2022-12-11,ZB,1:남성,2022,02_이월,당해년도,봄,수트,수트팬츠,수트_수트팬츠_ZB,16.875,1973700,18,383948,2322000
5826,2022-12-11,ZB,1:남성,2022,02_이월,당해년도,봄,스웨터,T-에리,스웨터_T-에리_ZB,40.90201312423535,1062700,18,198036,1798200
5827,2022-12-11,ZB,1:남성,2022,02_이월,당해년도,봄,스웨터,라운드,스웨터_라운드_ZB,59.871016445760496,9235640,242,2757291,23035800
5828,2022-12-11,ZB,1:남성,2022,02_이월,당해년도,봄,스웨터,오픈형(CARDIGAN),스웨터_오픈형(CARDIGAN)_ZB,55.617399763741226,1011920,15,233234,2398500
5830,2022-12-11,ZB,1:남성,2022,02_이월,당해년도,봄,점퍼,패딩점퍼,점퍼_패딩점퍼_ZB,60.43373493975904,492600,5,117609,1245000
5831,2022-12-11,ZB,1:남성,2022,02_이월,당해년도,봄,코트,싱글코트,코트_싱글코트_ZB,52.21743119867856,10115200,122,3423404,32058000
5832,2022-12-11,ZB,1:남성,2022,02_이월,당해년도,여름,니트 셔츠,라운드,니트 셔츠_라운드_ZB,65.56625796395659,584000,40,211954,1996000
5834,2022-12-11,ZB,1:남성,2022,02_이월,당해년도,여름,수트,블레이져(수트),수트_블레이져(수트)_ZB,4.047619047619048,4612700,22,913620,5258000
5835,2022-12-11,ZB,1:남성,2022,02_이월,당해년도,여름,수트,수트팬츠,수트_수트팬츠_ZB,5.136212624584717,2451300,22,419862,2838000
5836,2022-12-11,ZB,1:남성,2022,02_이월,당해년도,여름,스웨터,T-에리,스웨터_T-에리_ZB,68.59758706254813,-38000,-2,-66200,-179800
5837,2022-12-11,ZB,1:남성,2022,02_이월,당해년도,여름,스웨터,라운드,스웨터_라운드_ZB,67.32995509413752,793000,27,292468,2427300
5838,2022-12-11,ZB,1:남성,2022,02_이월,당해년도,여름,우븐 셔츠,드레스셔츠,우븐 셔츠_드레스셔츠_ZB,61.303153809375445,18476335,1401,9059558,97929900
5840,2022-12-11,ZB,1:남성,2022,02_이월,당해년도,여름,자켓,싱글재킷,자켓_싱글재킷_ZB,66.94560669456067,1896000,24,567570,5736000
5842,2022-12-11,ZB,1:남성,2022,02_이월,당해년도,여름,팬츠,반바지,팬츠_반바지_ZB,67.72751653853031,500000,20,127812,1598000
5844,2022-12-11,ZB,3:남녀공용,2022,01_시즌,당해년도,겨울,니트 셔츠,라운드,니트 셔츠_라운드_ZB,74.78884737999859,54593010,2213,24341224,207848700
5847,2022-12-11,ZB,3:남녀공용,2022,01_시즌,당해년도,겨울,점퍼,패딩점퍼,점퍼_패딩점퍼_ZB,73.3998124808424,73763650,695,25175811,277305000
5848,2022-12-11,ZB,3:남녀공용,2022,01_시즌,당해년도,겨울,코트,싱글코트,코트_싱글코트_ZB,59.005691382765534,45003552,220,13718804,109780000
5850,2022-12-11,ZB,3:남녀공용,2022,02_이월,당해년도,가을,니트 셔츠,라운드,니트 셔츠_라운드_ZB,74.31243415670556,4364600,189,2437691,16991100
5853,2022-12-11,ZB,3:남녀공용,2022,02_이월,당해년도,봄,니트 셔츠,라운드,니트 셔츠_라운드_ZB,75.75385987403155,-2610000,-154,-1453224,-10764600
5856,2022-12-11,ZB,3:남녀공용,2022,02_이월,당해년도,여름,니트 셔츠,라운드,니트 셔츠_라운드_ZB,-inf,1217100,51,454878,3544900
5869,2022-12-18,ZA,1:남성,2022,01_시즌,당해년도,겨울,우븐 셔츠,캐쥬얼셔츠,우븐 셔츠_캐쥬얼셔츠_ZA,61.3694775856938,1427900,37,304140,3696300
5878,2022-12-18,ZA,1:남성,2022,02_이월,당해년도,봄,우븐 셔츠,캐쥬얼셔츠,우븐 셔츠_캐쥬얼셔츠_ZA,53.34872979214781,484800,8,110833,1039200
5884,2022-12-18,ZA,1:남성,2022,02_이월,당해년도,여름,우븐 셔츠,캐쥬얼셔츠,우븐 셔츠_캐쥬얼셔츠_ZA,60.96096096096096,936000,24,212939,2397600
5892,2022-12-18,ZA,3:남녀공용,2022,01_시즌,당해년도,겨울,우븐 셔츠,캐쥬얼셔츠,우븐 셔츠_캐쥬얼셔츠_ZA,64.76151324278062,12212200,251,4079713,37154900
5896,2022-12-18,ZB,1:남성,2022,01_시즌,당해년도,겨울,니트 셔츠,라운드,니트 셔츠_라운드_ZB,78.95040929296799,25717148,1359,9682275,122174100
5898,2022-12-18,ZB,1:남성,2022,01_시즌,당해년도,겨울,수트,블레이져(수트),수트_블레이져(수트)_ZB,24.43304197541389,37393179,192,9662344,49728000
5899,2022-12-18,ZB,1:남성,2022,01_시즌,당해년도,겨울,수트,수트팬츠,수트_수트팬츠_ZB,25.194700863411526,21336865,206,5270534,28634000
5900,2022-12-18,ZB,1:남성,2022,01_시즌,당해년도,겨울,스웨터,T-에리,스웨터_T-에리_ZB,70.73593816809655,17999944,513,7640434,61508700
5902,2022-12-18,ZB,1:남성,2022,01_시즌,당해년도,겨울,스웨터,라운드,스웨터_라운드_ZB,63.016476995727714,64102246,1735,24642253,173326500
5904,2022-12-18,ZB,1:남성,2022,01_시즌,당해년도,겨울,점퍼,패딩점퍼,점퍼_패딩점퍼_ZB,73.12792049147276,11329000,141,3483598,42159000
5905,2022-12-18,ZB,1:남성,2022,01_시즌,당해년도,겨울,코트,싱글코트,코트_싱글코트_ZB,63.50493348799971,168391405,1036,66167845,433164000
5907,2022-12-18,ZB,1:남성,2022,01_시즌,당해년도,사계절,니트 셔츠,라운드,니트 셔츠_라운드_ZB,69.37356848137564,5958197,456,3053394,20144400
5908,2022-12-18,ZB,1:남성,2022,01_시즌,당해년도,사계절,데님,데님팬츠,데님_데님팬츠_ZB,50.60622033279985,9931311,201,2734428,20079900
5909,2022-12-18,ZB,1:남성,2022,01_시즌,당해년도,사계절,수트,블레이져(수트),수트_블레이져(수트)_ZB,30.341419206206695,9520000,57,2237538,13623000
5910,2022-12-18,ZB,1:남성,2022,01_시즌,당해년도,사계절,수트,수트팬츠,수트_수트팬츠_ZB,29.872962179938924,7251040,80,1561191,10320000
5911,2022-12-18,ZB,1:남성,2022,01_시즌,당해년도,사계절,우븐 셔츠,드레스셔츠,우븐 셔츠_드레스셔츠_ZB,63.12728807282514,11009117,370,2338146,25863000
5912,2022-12-18,ZB,1:남성,2022,01_시즌,당해년도,사계절,자켓,싱글재킷,자켓_싱글재킷_ZB,41.42259414225941,560000,4,117182,956000
5915,2022-12-18,ZB,1:남성,2022,02_이월,당해년도,가을,수트,블레이져(수트),수트_블레이져(수트)_ZB,24.641204673137445,15476960,79,3841418,20461000
5916,2022-12-18,ZB,1:남성,2022,02_이월,당해년도,가을,수트,수트팬츠,수트_수트팬츠_ZB,19.042624233946174,8635680,77,1921696,10703000
5917,2022-12-18,ZB,1:남성,2022,02_이월,당해년도,가을,스웨터,오픈형(CARDIGAN),스웨터_오픈형(CARDIGAN)_ZB,54.87203060989955,3337800,37,887529,7396300
5919,2022-12-18,ZB,1:남성,2022,02_이월,당해년도,봄,수트,블레이져(수트),수트_블레이져(수트)_ZB,20.0,1338400,7,300314,1673000
5920,2022-12-18,ZB,1:남성,2022,02_이월,당해년도,봄,수트,수트팬츠,수트_수트팬츠_ZB,10.0,1548000,14,299292,1806000
5921,2022-12-18,ZB,1:남성,2022,02_이월,당해년도,봄,스웨터,T-에리,스웨터_T-에리_ZB,70.57968682968684,1645890,56,615943,5594400
5922,2022-12-18,ZB,1:남성,2022,02_이월,당해년도,봄,스웨터,라운드,스웨터_라운드_ZB,72.95024539150148,6242070,240,2751131,22846000
5923,2022-12-18,ZB,1:남성,2022,02_이월,당해년도,봄,스웨터,오픈형(CARDIGAN),스웨터_오픈형(CARDIGAN)_ZB,61.56451949134876,2006000,33,503831,5276700
5925,2022-12-18,ZB,1:남성,2022,02_이월,당해년도,봄,점퍼,패딩점퍼,점퍼_패딩점퍼_ZB,68.27309236947791,1580000,20,470437,4980000
5926,2022-12-18,ZB,1:남성,2022,02_이월,당해년도,봄,코트,싱글코트,코트_싱글코트_ZB,64.49556060235862,2611950,25,632006,7505000
5927,2022-12-18,ZB,1:남성,2022,02_이월,당해년도,여름,니트 셔츠,라운드,니트 셔츠_라운드_ZB,56.48439736616089,608000,30,159363,1497000
5929,2022-12-18,ZB,1:남성,2022,02_이월,당해년도,여름,수트,블레이져(수트),수트_블레이져(수트)_ZB,20.0,191200,1,34372,239000
5930,2022-12-18,ZB,1:남성,2022,02_이월,당해년도,여름,수트,수트팬츠,수트_수트팬츠_ZB,20.0,0,0,9368,0
5931,2022-12-18,ZB,1:남성,2022,02_이월,당해년도,여름,스웨터,T-에리,스웨터_T-에리_ZB,56.61846496106785,117000,3,-22671,269700
5932,2022-12-18,ZB,1:남성,2022,02_이월,당해년도,여름,스웨터,라운드,스웨터_라운드_ZB,0.0,0,0,9,0
5933,2022-12-18,ZB,1:남성,2022,02_이월,당해년도,여름,우븐 셔츠,드레스셔츠,우븐 셔츠_드레스셔츠_ZB,67.2721900852149,7880600,466,3005432,32573400
5935,2022-12-18,ZB,1:남성,2022,02_이월,당해년도,여름,자켓,싱글재킷,자켓_싱글재킷_ZB,0.0,0,0,0,0
5937,2022-12-18,ZB,1:남성,2022,02_이월,당해년도,여름,팬츠,반바지,팬츠_반바지_ZB,69.75385899040467,29000,-2,-16048,-159800
5939,2022-12-18,ZB,3:남녀공용,2022,01_시즌,당해년도,겨울,니트 셔츠,라운드,니트 셔츠_라운드_ZB,75.19680471737237,48225829,2000,21977973,188180000
5942,2022-12-18,ZB,3:남녀공용,2022,01_시즌,당해년도,겨울,점퍼,패딩점퍼,점퍼_패딩점퍼_ZB,75.29216466627204,58854805,597,21626013,238203000
5943,2022-12-18,ZB,3:남녀공용,2022,01_시즌,당해년도,겨울,코트,싱글코트,코트_싱글코트_ZB,59.51043899392989,55763843,276,17211097,137724000
5945,2022-12-18,ZB,3:남녀공용,2022,02_이월,당해년도,가을,니트 셔츠,라운드,니트 셔츠_라운드_ZB,70.43796308516053,1568000,59,760972,5304100
5948,2022-12-18,ZB,3:남녀공용,2022,02_이월,당해년도,봄,니트 셔츠,라운드,니트 셔츠_라운드_ZB,3.079124023330032,8807200,130,1219444,9087000
5951,2022-12-18,ZB,3:남녀공용,2022,02_이월,당해년도,여름,니트 셔츠,라운드,니트 셔츠_라운드_ZB,64.78083509802211,279000,-8,83447,120800
5964,2022-12-25,ZA,1:남성,2022,01_시즌,당해년도,겨울,우븐 셔츠,캐쥬얼셔츠,우븐 셔츠_캐쥬얼셔츠_ZA,61.49482816149483,1269400,33,271260,3296700
5973,2022-12-25,ZA,1:남성,2022,02_이월,당해년도,봄,우븐 셔츠,캐쥬얼셔츠,우븐 셔츠_캐쥬얼셔츠_ZA,67.6674364896074,252000,6,83125,779400
5979,2022-12-25,ZA,1:남성,2022,02_이월,당해년도,여름,우븐 셔츠,캐쥬얼셔츠,우븐 셔츠_캐쥬얼셔츠_ZA,-inf,720000,18,153527,1798200
5987,2022-12-25,ZA,3:남녀공용,2022,01_시즌,당해년도,겨울,우븐 셔츠,캐쥬얼셔츠,우븐 셔츠_캐쥬얼셔츠_ZA,64.7359979094886,13559400,279,4427584,40252100
5991,2022-12-25,ZB,1:남성,2022,01_시즌,당해년도,겨울,니트 셔츠,라운드,니트 셔츠_라운드_ZB,79.50427853751809,11276500,612,4350641,55018800
5993,2022-12-25,ZB,1:남성,2022,01_시즌,당해년도,겨울,수트,블레이져(수트),수트_블레이져(수트)_ZB,21.197795442501327,22656660,111,5633745,28749000
5994,2022-12-25,ZB,1:남성,2022,01_시즌,당해년도,겨울,수트,수트팬츠,수트_수트팬츠_ZB,20.959584713181837,12649110,115,2974693,15985000
5995,2022-12-25,ZB,1:남성,2022,01_시즌,당해년도,겨울,스웨터,T-에리,스웨터_T-에리_ZB,70.53444118355254,16887360,478,7138451,57312200
5997,2022-12-25,ZB,1:남성,2022,01_시즌,당해년도,겨울,스웨터,라운드,스웨터_라운드_ZB,63.59109618092669,53649430,1475,20988072,147352500
5999,2022-12-25,ZB,1:남성,2022,01_시즌,당해년도,겨울,점퍼,패딩점퍼,점퍼_패딩점퍼_ZB,73.71794871794872,-11316000,-144,-3557717,-43056000
6000,2022-12-25,ZB,1:남성,2022,01_시즌,당해년도,겨울,코트,싱글코트,코트_싱글코트_ZB,63.87966068729286,163511834,1019,63527728,436581000
6002,2022-12-25,ZB,1:남성,2022,01_시즌,당해년도,사계절,니트 셔츠,라운드,니트 셔츠_라운드_ZB,73.53086851120675,14204670,778,5471860,54792200
6003,2022-12-25,ZB,1:남성,2022,01_시즌,당해년도,사계절,데님,데님팬츠,데님_데님팬츠_ZB,49.34367564014728,9224600,187,2558622,18681300
6004,2022-12-25,ZB,1:남성,2022,01_시즌,당해년도,사계절,수트,블레이져(수트),수트_블레이져(수트)_ZB,33.49799953064811,10507100,65,2546290,15535000
6005,2022-12-25,ZB,1:남성,2022,01_시즌,당해년도,사계절,수트,수트팬츠,수트_수트팬츠_ZB,28.60471125533321,5527640,61,1191780,7869000
6006,2022-12-25,ZB,1:남성,2022,01_시즌,당해년도,사계절,우븐 셔츠,드레스셔츠,우븐 셔츠_드레스셔츠_ZB,60.78462517412866,8021585,255,1631690,17824500
6007,2022-12-25,ZB,1:남성,2022,01_시즌,당해년도,사계절,자켓,싱글재킷,자켓_싱글재킷_ZB,41.42259414225941,420000,3,87887,717000
6010,2022-12-25,ZB,1:남성,2022,02_이월,당해년도,가을,수트,블레이져(수트),수트_블레이져(수트)_ZB,19.88636363636364,5076400,24,1175732,6216000
6011,2022-12-25,ZB,1:남성,2022,02_이월,당해년도,가을,수트,수트팬츠,수트_수트팬츠_ZB,inf,3064950,29,743767,4031000
6012,2022-12-25,ZB,1:남성,2022,02_이월,당해년도,가을,스웨터,오픈형(CARDIGAN),스웨터_오픈형(CARDIGAN)_ZB,60.48605698197936,3396500,43,1031681,8595700
6014,2022-12-25,ZB,1:남성,2022,02_이월,당해년도,봄,수트,블레이져(수트),수트_블레이져(수트)_ZB,45.56485355648535,-53200,1,49459,239000
6015,2022-12-25,ZB,1:남성,2022,02_이월,당해년도,봄,수트,수트팬츠,수트_수트팬츠_ZB,44.88372093023256,-1779600,-16,-334703,-2064000
6016,2022-12-25,ZB,1:남성,2022,02_이월,당해년도,봄,스웨터,T-에리,스웨터_T-에리_ZB,54.43591739888036,1229000,27,297055,2697300
6017,2022-12-25,ZB,1:남성,2022,02_이월,당해년도,봄,스웨터,라운드,스웨터_라운드_ZB,61.555131327100185,3877000,104,1218569,10029600
6018,2022-12-25,ZB,1:남성,2022,02_이월,당해년도,봄,스웨터,오픈형(CARDIGAN),스웨터_오픈형(CARDIGAN)_ZB,63.10193871169481,1062000,18,268216,2878200
6020,2022-12-25,ZB,1:남성,2022,02_이월,당해년도,봄,점퍼,패딩점퍼,점퍼_패딩점퍼_ZB,68.27309236947791,-316000,-4,-94087,-996000
6021,2022-12-25,ZB,1:남성,2022,02_이월,당해년도,봄,코트,싱글코트,코트_싱글코트_ZB,68.98150886871728,1186000,14,337911,4366000
6022,2022-12-25,ZB,1:남성,2022,02_이월,당해년도,여름,니트 셔츠,라운드,니트 셔츠_라운드_ZB,86.73897795591182,6445,15,79363,748500
6024,2022-12-25,ZB,1:남성,2022,02_이월,당해년도,여름,수트,블레이져(수트),수트_블레이져(수트)_ZB,6.394700139470015,6500800,33,1326243,7887000
6025,2022-12-25,ZB,1:남성,2022,02_이월,당해년도,여름,수트,수트팬츠,수트_수트팬츠_ZB,20.91273718789841,3942200,39,709129,5031000
6026,2022-12-25,ZB,1:남성,2022,02_이월,당해년도,여름,스웨터,T-에리,스웨터_T-에리_ZB,58.42404258700143,1196100,33,264342,2966700
6027,2022-12-25,ZB,1:남성,2022,02_이월,당해년도,여름,스웨터,라운드,스웨터_라운드_ZB,59.68081819305401,652445,18,194228,1618200
6028,2022-12-25,ZB,1:남성,2022,02_이월,당해년도,여름,우븐 셔츠,드레스셔츠,우븐 셔츠_드레스셔츠_ZB,74.36082039086331,9276500,517,3126261,36138300
6030,2022-12-25,ZB,1:남성,2022,02_이월,당해년도,여름,자켓,싱글재킷,자켓_싱글재킷_ZB,65.8793359427723,2528000,31,731895,7409000
6032,2022-12-25,ZB,1:남성,2022,02_이월,당해년도,여름,팬츠,반바지,팬츠_반바지_ZB,56.31444066988498,1534000,46,310268,3675400
6034,2022-12-25,ZB,3:남녀공용,2022,01_시즌,당해년도,겨울,니트 셔츠,라운드,니트 셔츠_라운드_ZB,76.99714682516407,65033400,2937,32434380,273996300
6037,2022-12-25,ZB,3:남녀공용,2022,01_시즌,당해년도,겨울,점퍼,패딩점퍼,점퍼_패딩점퍼_ZB,77.12184391108777,41808000,458,16586768,182742000
6038,2022-12-25,ZB,3:남녀공용,2022,01_시즌,당해년도,겨울,코트,싱글코트,코트_싱글코트_ZB,61.52581162324649,61435584,320,19930963,159680000
6040,2022-12-25,ZB,3:남녀공용,2022,02_이월,당해년도,가을,니트 셔츠,라운드,니트 셔츠_라운드_ZB,76.5503931243642,7399500,351,4527140,31554900
6043,2022-12-25,ZB,3:남녀공용,2022,02_이월,당해년도,봄,니트 셔츠,라운드,니트 셔츠_라운드_ZB,52.1757272293753,-8023000,-240,-2243789,-16776000
6046,2022-12-25,ZB,3:남녀공용,2022,02_이월,당해년도,여름,니트 셔츠,라운드,니트 셔츠_라운드_ZB,55.31492043525152,4615445,198,948655,9740200
6057,2023-01-01,ZB,1:남성,2023,01_시즌,당해년도,봄,수트,블레이져(수트),수트_블레이져(수트)_ZB,23.525802694872795,119193681,602,30381973,155918000
6058,2023-01-01,ZB,1:남성,2023,01_시즌,당해년도,봄,수트,수트팬츠,수트_수트팬츠_ZB,24.1785267717815,70063371,665,17553474,92435000
6061,2023-01-01,ZB,1:남성,2023,01_시즌,당해년도,사계절,수트,블레이져(수트),수트_블레이져(수트)_ZB,23.659712724918084,80826858,409,17574383,105931000
6062,2023-01-01,ZB,1:남성,2023,01_시즌,당해년도,사계절,수트,수트팬츠,수트_수트팬츠_ZB,24.10967666278112,49171519,466,9645799,64774000
6063,2023-01-01,ZB,1:남성,2023,01_시즌,당해년도,사계절,우븐 셔츠,드레스셔츠,우븐 셔츠_드레스셔츠_ZB,46.54678118998576,51181672,1367,9354429,95553300
6065,2023-01-01,ZB,1:남성,2023,01_시즌,당해년도,여름,우븐 셔츠,드레스셔츠,우븐 셔츠_드레스셔츠_ZB,0.0,0,0,0,0
6075,2023-01-08,ZA,3:남녀공용,2023,01_시즌,당해년도,봄,우븐 셔츠,캐쥬얼셔츠,우븐 셔츠_캐쥬얼셔츠_ZA,54.58044649730562,472000,8,81947,1039200
6076,2023-01-08,ZA,3:남녀공용,2023,01_시즌,당해년도,여름,우븐 셔츠,캐쥬얼셔츠,우븐 셔츠_캐쥬얼셔츠_ZA,0.0,0,0,0,0
6077,2023-01-08,ZB,1:남성,2023,01_시즌,당해년도,봄,수트,블레이져(수트),수트_블레이져(수트)_ZB,22.5224641889276,173935594,857,42405226,221963000
6078,2023-01-08,ZB,1:남성,2023,01_시즌,당해년도,봄,수트,수트팬츠,수트_수트팬츠_ZB,22.72760149227492,103582604,952,24792077,132328000
6079,2023-01-08,ZB,1:남성,2023,01_시즌,당해년도,봄,스웨터,라운드,스웨터_라운드_ZB,46.97254421015152,18765250,322,4346524,35387800
6080,2023-01-08,ZB,1:남성,2023,01_시즌,당해년도,봄,스웨터,오픈형(CARDIGAN),스웨터_오픈형(CARDIGAN)_ZB,40.49822623730166,18198439,153,2950479,30584700
6082,2023-01-08,ZB,1:남성,2023,01_시즌,당해년도,봄,점퍼,패딩점퍼,점퍼_패딩점퍼_ZB,46.82274247491639,9063000,57,1396702,17043000
6083,2023-01-08,ZB,1:남성,2023,01_시즌,당해년도,봄,코트,싱글코트,코트_싱글코트_ZB,0.0,0,0,0,0
6084,2023-01-08,ZB,1:남성,2023,01_시즌,당해년도,사계절,니트 셔츠,라운드,니트 셔츠_라운드_ZB,0.0,0,0,0,0
6086,2023-01-08,ZB,1:남성,2023,01_시즌,당해년도,사계절,수트,블레이져(수트),수트_블레이져(수트)_ZB,25.090680364037507,75470313,390,16817649,101010000
6087,2023-01-08,ZB,1:남성,2023,01_시즌,당해년도,사계절,수트,수트팬츠,수트_수트팬츠_ZB,25.347381389006443,42392606,408,8685426,56712000
6088,2023-01-08,ZB,1:남성,2023,01_시즌,당해년도,사계절,우븐 셔츠,드레스셔츠,우븐 셔츠_드레스셔츠_ZB,47.54324420871136,76368489,2080,13712212,145392000
6089,2023-01-08,ZB,1:남성,2023,01_시즌,당해년도,사계절,자켓,싱글재킷,자켓_싱글재킷_ZB,0.0,0,0,0,0
6091,2023-01-08,ZB,1:남성,2023,01_시즌,당해년도,여름,수트,블레이져(수트),수트_블레이져(수트)_ZB,0.0,0,0,0,0
6092,2023-01-08,ZB,1:남성,2023,01_시즌,당해년도,여름,수트,수트팬츠,수트_수트팬츠_ZB,0.0,0,0,0,0
6093,2023-01-08,ZB,1:남성,2023,01_시즌,당해년도,여름,우븐 셔츠,드레스셔츠,우븐 셔츠_드레스셔츠_ZB,100.0,0,-1,-4928,-69900
6104,2023-01-15,ZA,3:남녀공용,2023,01_시즌,당해년도,봄,우븐 셔츠,캐쥬얼셔츠,우븐 셔츠_캐쥬얼셔츠_ZA,54.58044649730562,590000,10,102434,1299000
6105,2023-01-15,ZA,3:남녀공용,2023,01_시즌,당해년도,여름,우븐 셔츠,캐쥬얼셔츠,우븐 셔츠_캐쥬얼셔츠_ZA,0.0,0,0,0,0
6106,2023-01-15,ZB,1:남성,2023,01_시즌,당해년도,봄,수트,블레이져(수트),수트_블레이져(수트)_ZB,21.493424406177837,121449772,600,29637521,155400000
6107,2023-01-15,ZB,1:남성,2023,01_시즌,당해년도,봄,수트,수트팬츠,수트_수트팬츠_ZB,21.5277654659687,76097387,702,18228191,97578000
6108,2023-01-15,ZB,1:남성,2023,01_시즌,당해년도,봄,스웨터,라운드,스웨터_라운드_ZB,47.29645855051853,8746100,151,2038277,16594900
6109,2023-01-15,ZB,1:남성,2023,01_시즌,당해년도,봄,스웨터,오픈형(CARDIGAN),스웨터_오픈형(CARDIGAN)_ZB,40.136534934133735,-5385018,-45,-867788,-8995500
6111,2023-01-15,ZB,1:남성,2023,01_시즌,당해년도,봄,점퍼,패딩점퍼,점퍼_패딩점퍼_ZB,46.95652173913044,7930000,50,1225177,14950000
6112,2023-01-15,ZB,1:남성,2023,01_시즌,당해년도,봄,코트,싱글코트,코트_싱글코트_ZB,0.0,0,0,0,0
6113,2023-01-15,ZB,1:남성,2023,01_시즌,당해년도,사계절,니트 셔츠,라운드,니트 셔츠_라운드_ZB,0.0,0,0,0,0
6115,2023-01-15,ZB,1:남성,2023,01_시즌,당해년도,사계절,데님,데님팬츠,데님_데님팬츠_ZB,33.328312153852,6998000,102,1813547,10709800
6116,2023-01-15,ZB,1:남성,2023,01_시즌,당해년도,사계절,수트,블레이져(수트),수트_블레이져(수트)_ZB,22.445047641589632,46282295,231,9974516,59829000
6117,2023-01-15,ZB,1:남성,2023,01_시즌,당해년도,사계절,수트,수트팬츠,수트_수트팬츠_ZB,23.09475480839818,25936460,243,5159511,33777000
6118,2023-01-15,ZB,1:남성,2023,01_시즌,당해년도,사계절,우븐 셔츠,드레스셔츠,우븐 셔츠_드레스셔츠_ZB,48.18390455588258,63313054,1759,11647707,122954100
6119,2023-01-15,ZB,1:남성,2023,01_시즌,당해년도,사계절,자켓,싱글재킷,자켓_싱글재킷_ZB,38.11333406738604,5620547,38,1221585,9082000
6121,2023-01-15,ZB,1:남성,2023,01_시즌,당해년도,여름,수트,블레이져(수트),수트_블레이져(수트)_ZB,22.124122460452448,42708240,214,12428386,55426000
6122,2023-01-15,ZB,1:남성,2023,01_시즌,당해년도,여름,수트,수트팬츠,수트_수트팬츠_ZB,23.141335410933927,25562340,241,7259243,33499000
6123,2023-01-15,ZB,1:남성,2023,01_시즌,당해년도,여름,우븐 셔츠,드레스셔츠,우븐 셔츠_드레스셔츠_ZB,0.0,0,0,0,0
6138,2023-01-22,ZA,3:남녀공용,2023,01_시즌,당해년도,봄,우븐 셔츠,캐쥬얼셔츠,우븐 셔츠_캐쥬얼셔츠_ZA,54.58044649730562,177000,3,30730,389700
6139,2023-01-22,ZA,3:남녀공용,2023,01_시즌,당해년도,여름,우븐 셔츠,캐쥬얼셔츠,우븐 셔츠_캐쥬얼셔츠_ZA,52.92458777190623,3893000,77,623254,8112300
6140,2023-01-22,ZB,1:남성,2023,01_시즌,당해년도,봄,수트,블레이져(수트),수트_블레이져(수트)_ZB,21.3457865988664,61585180,301,15013754,77959000
6141,2023-01-22,ZB,1:남성,2023,01_시즌,당해년도,봄,수트,수트팬츠,수트_수트팬츠_ZB,21.14476175465384,36009795,329,8655754,45731000
6142,2023-01-22,ZB,1:남성,2023,01_시즌,당해년도,봄,스웨터,라운드,스웨터_라운드_ZB,46.4927978254109,23227744,395,5331916,43410500
6143,2023-01-22,ZB,1:남성,2023,01_시즌,당해년도,봄,스웨터,오픈형(CARDIGAN),스웨터_오픈형(CARDIGAN)_ZB,40.79064532266133,5681256,48,925640,9595200
6145,2023-01-22,ZB,1:남성,2023,01_시즌,당해년도,봄,점퍼,패딩점퍼,점퍼_패딩점퍼_ZB,47.31261538461538,3938382,25,612589,7475000
6146,2023-01-22,ZB,1:남성,2023,01_시즌,당해년도,봄,코트,싱글코트,코트_싱글코트_ZB,44.56824512534819,5174000,26,978402,9334000
6147,2023-01-22,ZB,1:남성,2023,01_시즌,당해년도,사계절,니트 셔츠,라운드,니트 셔츠_라운드_ZB,63.91409764297422,6891000,239,1775719,19096100
6149,2023-01-22,ZB,1:남성,2023,01_시즌,당해년도,사계절,데님,데님팬츠,데님_데님팬츠_ZB,34.79356932803916,4411810,66,1190816,6963400
6150,2023-01-22,ZB,1:남성,2023,01_시즌,당해년도,사계절,수트,블레이져(수트),수트_블레이져(수트)_ZB,22.350137093615352,32403260,161,6876125,41699000
6151,2023-01-22,ZB,1:남성,2023,01_시즌,당해년도,사계절,수트,수트팬츠,수트_수트팬츠_ZB,22.44325135543739,20176293,187,3975426,25993000
6152,2023-01-22,ZB,1:남성,2023,01_시즌,당해년도,사계절,우븐 셔츠,드레스셔츠,우븐 셔츠_드레스셔츠_ZB,46.24917352296683,44443576,1226,8177391,85697400
6153,2023-01-22,ZB,1:남성,2023,01_시즌,당해년도,사계절,자켓,싱글재킷,자켓_싱글재킷_ZB,40.70055788005579,8078363,57,1832378,13623000
6155,2023-01-22,ZB,1:남성,2023,01_시즌,당해년도,여름,수트,블레이져(수트),수트_블레이져(수트)_ZB,22.387188733677498,39711904,194,11235377,50246000
6156,2023-01-22,ZB,1:남성,2023,01_시즌,당해년도,여름,수트,수트팬츠,수트_수트팬츠_ZB,21.440106366323946,25101015,227,6821171,31553000
6157,2023-01-22,ZB,1:남성,2023,01_시즌,당해년도,여름,우븐 셔츠,드레스셔츠,우븐 셔츠_드레스셔츠_ZB,0.0,0,0,0,0
6172,2023-01-29,ZA,3:남녀공용,2023,01_시즌,당해년도,봄,우븐 셔츠,캐쥬얼셔츠,우븐 셔츠_캐쥬얼셔츠_ZA,54.58044649730562,767000,13,133164,1688700
6173,2023-01-29,ZA,3:남녀공용,2023,01_시즌,당해년도,여름,우븐 셔츠,캐쥬얼셔츠,우븐 셔츠_캐쥬얼셔츠_ZA,52.9755318969831,6492862,125,1092520,13657500
6174,2023-01-29,ZB,1:남성,2023,01_시즌,당해년도,봄,수트,블레이져(수트),수트_블레이져(수트)_ZB,22.34244216992141,105588052,524,26258551,135716000
6175,2023-01-29,ZB,1:남성,2023,01_시즌,당해년도,봄,수트,수트팬츠,수트_수트팬츠_ZB,22.107105546454125,64038836,591,15588311,82149000
6176,2023-01-29,ZB,1:남성,2023,01_시즌,당해년도,봄,스웨터,라운드,스웨터_라운드_ZB,46.78548897265912,32704754,558,7044172,61324200
6177,2023-01-29,ZB,1:남성,2023,01_시즌,당해년도,봄,스웨터,오픈형(CARDIGAN),스웨터_오픈형(CARDIGAN)_ZB,40.81521611869765,5560588,47,906356,9395300
6179,2023-01-29,ZB,1:남성,2023,01_시즌,당해년도,봄,점퍼,패딩점퍼,점퍼_패딩점퍼_ZB,46.87817587169017,28749000,181,4435141,54119000
6180,2023-01-29,ZB,1:남성,2023,01_시즌,당해년도,봄,코트,싱글코트,코트_싱글코트_ZB,44.81828786605945,12286441,62,2576670,22258000
6181,2023-01-29,ZB,1:남성,2023,01_시즌,당해년도,사계절,니트 셔츠,라운드,니트 셔츠_라운드_ZB,64.27079657024697,4596169,161,1196196,12863900
6183,2023-01-29,ZB,1:남성,2023,01_시즌,당해년도,사계절,데님,데님팬츠,데님_데님팬츠_ZB,37.48811840659665,9438121,142,2530125,15135800
6184,2023-01-29,ZB,1:남성,2023,01_시즌,당해년도,사계절,수트,블레이져(수트),수트_블레이져(수트)_ZB,22.66069109347798,64299608,320,13757970,82880000
6185,2023-01-29,ZB,1:남성,2023,01_시즌,당해년도,사계절,수트,수트팬츠,수트_수트팬츠_ZB,22.062898175551933,41074603,378,8080933,52542000
6186,2023-01-29,ZB,1:남성,2023,01_시즌,당해년도,사계절,우븐 셔츠,드레스셔츠,우븐 셔츠_드레스셔츠_ZB,46.1559877062553,84022294,2249,14887308,157205100
6187,2023-01-29,ZB,1:남성,2023,01_시즌,당해년도,사계절,자켓,싱글재킷,자켓_싱글재킷_ZB,38.39769874476988,12072819,82,2636052,19598000
6189,2023-01-29,ZB,1:남성,2023,01_시즌,당해년도,여름,수트,블레이져(수트),수트_블레이져(수트)_ZB,22.17382380038118,68680848,341,19769266,88319000
6190,2023-01-29,ZB,1:남성,2023,01_시즌,당해년도,여름,수트,수트팬츠,수트_수트팬츠_ZB,21.956108245725297,45932180,422,12689882,58658000
6191,2023-01-29,ZB,1:남성,2023,01_시즌,당해년도,여름,우븐 셔츠,드레스셔츠,우븐 셔츠_드레스셔츠_ZB,0.0,0,0,0,0
6206,2023-02-05,ZA,3:남녀공용,2023,01_시즌,당해년도,봄,우븐 셔츠,캐쥬얼셔츠,우븐 셔츠_캐쥬얼셔츠_ZA,46.88221709006928,-69000,-1,-21368,-129900
6207,2023-02-05,ZA,3:남녀공용,2023,01_시즌,당해년도,여름,우븐 셔츠,캐쥬얼셔츠,우븐 셔츠_캐쥬얼셔츠_ZA,52.765698724128285,4954000,96,877945,10340400
6208,2023-02-05,ZB,1:남성,2023,01_시즌,당해년도,봄,수트,블레이져(수트),수트_블레이져(수트)_ZB,22.123580138793955,76293630,375,18846989,97125000
6209,2023-02-05,ZB,1:남성,2023,01_시즌,당해년도,봄,수트,수트팬츠,수트_수트팬츠_ZB,20.826966090966938,45017930,408,10787502,56712000
6210,2023-02-05,ZB,1:남성,2023,01_시즌,당해년도,봄,스웨터,라운드,스웨터_라운드_ZB,46.87282793607804,44410488,761,9611887,83633900
6211,2023-02-05,ZB,1:남성,2023,01_시즌,당해년도,봄,스웨터,오픈형(CARDIGAN),스웨터_오픈형(CARDIGAN)_ZB,45.70872503879772,15295100,153,2654224,28604700
6213,2023-02-05,ZB,1:남성,2023,01_시즌,당해년도,봄,점퍼,패딩점퍼,점퍼_패딩점퍼_ZB,30.493802872319492,-3533000,-17,-442382,-5083000
6214,2023-02-05,ZB,1:남성,2023,01_시즌,당해년도,봄,코트,싱글코트,코트_싱글코트_ZB,48.75978246451784,5669000,31,1236046,11129000
6215,2023-02-05,ZB,1:남성,2023,01_시즌,당해년도,사계절,니트 셔츠,라운드,니트 셔츠_라운드_ZB,61.387179984370135,6571400,213,1582544,17018700
6217,2023-02-05,ZB,1:남성,2023,01_시즌,당해년도,사계절,데님,데님팬츠,데님_데님팬츠_ZB,33.3705034341977,8023000,117,2079281,12128300
6218,2023-02-05,ZB,1:남성,2023,01_시즌,당해년도,사계절,수트,블레이져(수트),수트_블레이져(수트)_ZB,21.647381890576085,76140720,375,16172217,97125000
6219,2023-02-05,ZB,1:남성,2023,01_시즌,당해년도,사계절,수트,수트팬츠,수트_수트팬츠_ZB,22.033687201499305,45088272,416,8812529,57824000
6220,2023-02-05,ZB,1:남성,2023,01_시즌,당해년도,사계절,우븐 셔츠,드레스셔츠,우븐 셔츠_드레스셔츠_ZB,45.27373820685958,77158953,2035,14083048,142246500
6221,2023-02-05,ZB,1:남성,2023,01_시즌,당해년도,사계절,자켓,싱글재킷,자켓_싱글재킷_ZB,37.94732955943884,12606000,85,2854043,20315000
6223,2023-02-05,ZB,1:남성,2023,01_시즌,당해년도,여름,수트,블레이져(수트),수트_블레이져(수트)_ZB,20.43795675906404,88256840,429,24882622,111111000
6224,2023-02-05,ZB,1:남성,2023,01_시즌,당해년도,여름,수트,수트팬츠,수트_수트팬츠_ZB,20.63442546901291,55391500,502,15070244,69778000
6225,2023-02-05,ZB,1:남성,2023,01_시즌,당해년도,여름,우븐 셔츠,드레스셔츠,우븐 셔츠_드레스셔츠_ZB,0.0,0,0,0,0
6242,2023-02-12,ZA,3:남녀공용,2023,01_시즌,당해년도,봄,우븐 셔츠,캐쥬얼셔츠,우븐 셔츠_캐쥬얼셔츠_ZA,58.429561200923786,648000,12,141992,1558800
6243,2023-02-12,ZA,3:남녀공용,2023,01_시즌,당해년도,여름,우븐 셔츠,캐쥬얼셔츠,우븐 셔츠_캐쥬얼셔츠_ZA,53.40071686149197,9137100,178,1693791,19282200
6244,2023-02-12,ZB,1:남성,2023,01_시즌,당해년도,봄,수트,블레이져(수트),수트_블레이져(수트)_ZB,20.89385369532428,62740160,308,15587376,79772000
6245,2023-02-12,ZB,1:남성,2023,01_시즌,당해년도,봄,수트,수트팬츠,수트_수트팬츠_ZB,20.856545569531303,32976360,302,8016701,41978000
6246,2023-02-12,ZB,1:남성,2023,01_시즌,당해년도,봄,스웨터,라운드,스웨터_라운드_ZB,47.560316952949286,41466380,721,9070544,79237900
6247,2023-02-12,ZB,1:남성,2023,01_시즌,당해년도,봄,스웨터,오픈형(CARDIGAN),스웨터_오픈형(CARDIGAN)_ZB,49.74802478117535,12616853,136,2254573,24726400
6249,2023-02-12,ZB,1:남성,2023,01_시즌,당해년도,봄,점퍼,패딩점퍼,점퍼_패딩점퍼_ZB,54.06911928651059,9888000,72,2080643,21528000
6250,2023-02-12,ZB,1:남성,2023,01_시즌,당해년도,봄,코트,싱글코트,코트_싱글코트_ZB,35.27807941079269,9525500,55,2041935,19745000
6251,2023-02-12,ZB,1:남성,2023,01_시즌,당해년도,사계절,니트 셔츠,라운드,니트 셔츠_라운드_ZB,63.95366960499185,8006683,278,2065480,22212200
6253,2023-02-12,ZB,1:남성,2023,01_시즌,당해년도,사계절,데님,데님팬츠,데님_데님팬츠_ZB,33.57423473075384,11571000,169,3028019,17793100
6254,2023-02-12,ZB,1:남성,2023,01_시즌,당해년도,사계절,수트,블레이져(수트),수트_블레이져(수트)_ZB,20.575203252032523,70336630,343,14804810,88837000
6255,2023-02-12,ZB,1:남성,2023,01_시즌,당해년도,사계절,수트,수트팬츠,수트_수트팬츠_ZB,20.62350597609562,38484930,350,7432659,48650000
6256,2023-02-12,ZB,1:남성,2023,01_시즌,당해년도,사계절,우븐 셔츠,드레스셔츠,우븐 셔츠_드레스셔츠_ZB,44.3651399609563,81543795,2100,14713281,146790000
6257,2023-02-12,ZB,1:남성,2023,01_시즌,당해년도,사계절,자켓,싱글재킷,자켓_싱글재킷_ZB,37.65690376569037,15198000,102,3461317,24378000
6259,2023-02-12,ZB,1:남성,2023,01_시즌,당해년도,여름,수트,블레이져(수트),수트_블레이져(수트)_ZB,20.43628295054257,104667080,509,29568343,131831000
6260,2023-02-12,ZB,1:남성,2023,01_시즌,당해년도,여름,수트,수트팬츠,수트_수트팬츠_ZB,20.41592011888368,63028160,571,17166157,79369000
6261,2023-02-12,ZB,1:남성,2023,01_시즌,당해년도,여름,우븐 셔츠,드레스셔츠,우븐 셔츠_드레스셔츠_ZB,0.0,0,0,0,0
6280,2023-02-19,ZA,3:남녀공용,2023,01_시즌,당해년도,봄,우븐 셔츠,캐쥬얼셔츠,우븐 셔츠_캐쥬얼셔츠_ZA,58.429561200923786,1188000,22,260318,2857800
6281,2023-02-19,ZA,3:남녀공용,2023,01_시즌,당해년도,여름,우븐 셔츠,캐쥬얼셔츠,우븐 셔츠_캐쥬얼셔츠_ZA,52.544172850428495,8340900,160,1522670,17334000
6282,2023-02-19,ZB,1:남성,2023,01_시즌,당해년도,봄,수트,블레이져(수트),수트_블레이져(수트)_ZB,20.870847789178416,45185140,221,11431249,57239000
6283,2023-02-19,ZB,1:남성,2023,01_시즌,당해년도,봄,수트,수트팬츠,수트_수트팬츠_ZB,20.805243161094225,26448920,241,6495632,33499000
6284,2023-02-19,ZB,1:남성,2023,01_시즌,당해년도,봄,스웨터,라운드,스웨터_라운드_ZB,46.77109850888821,46630874,797,10141305,87590300
6285,2023-02-19,ZB,1:남성,2023,01_시즌,당해년도,봄,스웨터,오픈형(CARDIGAN),스웨터_오픈형(CARDIGAN)_ZB,47.23739382813457,22857192,236,4003443,43516400
6287,2023-02-19,ZB,1:남성,2023,01_시즌,당해년도,봄,점퍼,패딩점퍼,점퍼_패딩점퍼_ZB,52.39002060741191,14093030,99,2859878,29601000
6288,2023-02-19,ZB,1:남성,2023,01_시즌,당해년도,봄,코트,싱글코트,코트_싱글코트_ZB,48.57792786334589,33023000,179,7088905,64261000
6289,2023-02-19,ZB,1:남성,2023,01_시즌,당해년도,사계절,니트 셔츠,라운드,니트 셔츠_라운드_ZB,63.92348193863018,13374864,464,3447421,37073600
6291,2023-02-19,ZB,1:남성,2023,01_시즌,당해년도,사계절,데님,데님팬츠,데님_데님팬츠_ZB,34.15209875109624,15491900,230,4095483,24377000
6292,2023-02-19,ZB,1:남성,2023,01_시즌,당해년도,사계절,수트,블레이져(수트),수트_블레이져(수트)_ZB,21.190213624996236,83284040,410,17716519,106190000
6293,2023-02-19,ZB,1:남성,2023,01_시즌,당해년도,사계절,수트,수트팬츠,수트_수트팬츠_ZB,21.416786783457148,46350940,427,9068591,59353000
6294,2023-02-19,ZB,1:남성,2023,01_시즌,당해년도,사계절,우븐 셔츠,드레스셔츠,우븐 셔츠_드레스셔츠_ZB,45.23828726842064,85646040,2269,15920562,158603100
6295,2023-02-19,ZB,1:남성,2023,01_시즌,당해년도,사계절,자켓,싱글재킷,자켓_싱글재킷_ZB,38.3177570093458,15774000,107,3630990,25573000
6297,2023-02-19,ZB,1:남성,2023,01_시즌,당해년도,여름,수트,블레이져(수트),수트_블레이져(수트)_ZB,20.42178308188297,127236340,620,35976972,160580000
6298,2023-02-19,ZB,1:남성,2023,01_시즌,당해년도,여름,수트,수트팬츠,수트_수트팬츠_ZB,20.516209613336265,79649780,723,21734856,100497000
6299,2023-02-19,ZB,1:남성,2023,01_시즌,당해년도,여름,우븐 셔츠,드레스셔츠,우븐 셔츠_드레스셔츠_ZB,0.0,0,0,0,0
6318,2023-02-26,ZA,3:남녀공용,2023,01_시즌,당해년도,봄,우븐 셔츠,캐쥬얼셔츠,우븐 셔츠_캐쥬얼셔츠_ZA,56.89127383054839,951970,17,201155,2208300
6319,2023-02-26,ZA,3:남녀공용,2023,01_시즌,당해년도,여름,우븐 셔츠,캐쥬얼셔츠,우븐 셔츠_캐쥬얼셔츠_ZA,52.38526393171456,12064745,230,2226473,25107000
6320,2023-02-26,ZB,1:남성,2023,01_시즌,당해년도,봄,수트,블레이져(수트),수트_블레이져(수트)_ZB,21.996189558836743,33840360,167,8730244,43253000
6321,2023-02-26,ZB,1:남성,2023,01_시즌,당해년도,봄,수트,수트팬츠,수트_수트팬츠_ZB,21.93379437181646,18516960,170,4655071,23630000
6322,2023-02-26,ZB,1:남성,2023,01_시즌,당해년도,봄,스웨터,라운드,스웨터_라운드_ZB,46.83934735614628,48792642,835,10547675,91766500
6323,2023-02-26,ZB,1:남성,2023,01_시즌,당해년도,봄,스웨터,오픈형(CARDIGAN),스웨터_오픈형(CARDIGAN)_ZB,47.46466817338266,17368097,180,3035747,33072000
6325,2023-02-26,ZB,1:남성,2023,01_시즌,당해년도,봄,점퍼,패딩점퍼,점퍼_패딩점퍼_ZB,50.71077914034436,19895594,135,3901004,40365000
6326,2023-02-26,ZB,1:남성,2023,01_시즌,당해년도,봄,코트,싱글코트,코트_싱글코트_ZB,48.41344798584535,25107264,136,5443041,48824000
6327,2023-02-26,ZB,1:남성,2023,01_시즌,당해년도,사계절,니트 셔츠,라운드,니트 셔츠_라운드_ZB,64.2793015751799,15155185,531,3945216,42426900
6329,2023-02-26,ZB,1:남성,2023,01_시즌,당해년도,사계절,데님,데님팬츠,데님_데님팬츠_ZB,34.809256552321784,12465750,184,3281680,19411600
6330,2023-02-26,ZB,1:남성,2023,01_시즌,당해년도,사계절,수트,블레이져(수트),수트_블레이져(수트)_ZB,21.68826189483233,66023700,327,14188087,84693000
6331,2023-02-26,ZB,1:남성,2023,01_시즌,당해년도,사계절,수트,수트팬츠,수트_수트팬츠_ZB,21.21686280319374,38063140,349,7443826,48511000
6332,2023-02-26,ZB,1:남성,2023,01_시즌,당해년도,사계절,우븐 셔츠,드레스셔츠,우븐 셔츠_드레스셔츠_ZB,44.4589755869871,72792890,1872,13072291,130852800
6333,2023-02-26,ZB,1:남성,2023,01_시즌,당해년도,사계절,자켓,싱글재킷,자켓_싱글재킷_ZB,37.28907076187411,13639000,91,3088038,21749000
6335,2023-02-26,ZB,1:남성,2023,01_시즌,당해년도,여름,수트,블레이져(수트),수트_블레이져(수트)_ZB,21.138517369353607,111728540,548,31850820,141932000
6336,2023-02-26,ZB,1:남성,2023,01_시즌,당해년도,여름,수트,수트팬츠,수트_수트팬츠_ZB,21.160081483224324,70578470,645,19410693,89655000
6337,2023-02-26,ZB,1:남성,2023,01_시즌,당해년도,여름,우븐 셔츠,드레스셔츠,우븐 셔츠_드레스셔츠_ZB,44.134000953743445,11715100,300,1814296,20970000
6358,2023-03-05,ZA,3:남녀공용,2023,01_시즌,당해년도,봄,우븐 셔츠,캐쥬얼셔츠,우븐 셔츠_캐쥬얼셔츠_ZA,62.38050248442858,2150180,44,520636,5715600
6359,2023-03-05,ZA,3:남녀공용,2023,01_시즌,당해년도,여름,우븐 셔츠,캐쥬얼셔츠,우븐 셔츠_캐쥬얼셔츠_ZA,52.94019095595141,16218800,311,3058343,34188900
6360,2023-03-05,ZB,1:남성,2023,01_시즌,당해년도,봄,수트,블레이져(수트),수트_블레이져(수트)_ZB,21.62929485838118,52012380,257,13577506,66563000
6361,2023-03-05,ZB,1:남성,2023,01_시즌,당해년도,봄,수트,수트팬츠,수트_수트팬츠_ZB,21.719971001221,29306760,270,7442096,37530000
6362,2023-03-05,ZB,1:남성,2023,01_시즌,당해년도,봄,스웨터,라운드,스웨터_라운드_ZB,49.809612911054096,66596537,1213,15410321,133308700
6363,2023-03-05,ZB,1:남성,2023,01_시즌,당해년도,봄,스웨터,오픈형(CARDIGAN),스웨터_오픈형(CARDIGAN)_ZB,52.38534182616343,32555147,371,6175890,67622900
6365,2023-03-05,ZB,1:남성,2023,01_시즌,당해년도,봄,점퍼,패딩점퍼,점퍼_패딩점퍼_ZB,56.00766795467091,27096637,206,5950939,61594000
6366,2023-03-05,ZB,1:남성,2023,01_시즌,당해년도,봄,코트,싱글코트,코트_싱글코트_ZB,51.12483269268526,56814582,323,12819076,115957000
6367,2023-03-05,ZB,1:남성,2023,01_시즌,당해년도,사계절,니트 셔츠,라운드,니트 셔츠_라운드_ZB,63.78618034910272,29831822,1031,7660109,82376900
6369,2023-03-05,ZB,1:남성,2023,01_시즌,당해년도,사계절,데님,데님팬츠,데님_데님팬츠_ZB,35.570911239266856,21652304,324,5805676,34017600
6370,2023-03-05,ZB,1:남성,2023,01_시즌,당해년도,사계절,수트,블레이져(수트),수트_블레이져(수트)_ZB,22.780913840349427,86909630,435,19469415,112665000
6371,2023-03-05,ZB,1:남성,2023,01_시즌,당해년도,사계절,수트,수트팬츠,수트_수트팬츠_ZB,22.87571297009629,48779206,454,10267581,63106000
6372,2023-03-05,ZB,1:남성,2023,01_시즌,당해년도,사계절,우븐 셔츠,드레스셔츠,우븐 셔츠_드레스셔츠_ZB,45.55260969008018,83547310,2207,15943393,154269300
6373,2023-03-05,ZB,1:남성,2023,01_시즌,당해년도,사계절,자켓,싱글재킷,자켓_싱글재킷_ZB,37.75772546251953,24694000,166,5633124,39674000
6375,2023-03-05,ZB,1:남성,2023,01_시즌,당해년도,여름,니트 셔츠,라운드,니트 셔츠_라운드_ZB,0.0,0,0,0,0
6376,2023-03-05,ZB,1:남성,2023,01_시즌,당해년도,여름,수트,블레이져(수트),수트_블레이져(수트)_ZB,21.992846258568715,156739300,778,45248421,201502000
6377,2023-03-05,ZB,1:남성,2023,01_시즌,당해년도,여름,수트,수트팬츠,수트_수트팬츠_ZB,21.93022999781993,93702360,866,26114978,120374000
6378,2023-03-05,ZB,1:남성,2023,01_시즌,당해년도,여름,우븐 셔츠,드레스셔츠,우븐 셔츠_드레스셔츠_ZB,44.31598248477386,52507300,1349,8158282,94295100
6400,2023-03-12,ZA,3:남녀공용,2023,01_시즌,당해년도,봄,우븐 셔츠,캐쥬얼셔츠,우븐 셔츠_캐쥬얼셔츠_ZA,62.05880862591477,3893563,79,934778,10262100
6401,2023-03-12,ZA,3:남녀공용,2023,01_시즌,당해년도,여름,우븐 셔츠,캐쥬얼셔츠,우븐 셔츠_캐쥬얼셔츠_ZA,49.04448464030471,19117550,352,3778511,39214800
6402,2023-03-12,ZB,1:남성,2023,01_시즌,당해년도,봄,수트,블레이져(수트),수트_블레이져(수트)_ZB,25.73301282051282,34250160,182,9837797,47138000
6403,2023-03-12,ZB,1:남성,2023,01_시즌,당해년도,봄,수트,수트팬츠,수트_수트팬츠_ZB,25.672272727272727,18770560,186,5271797,25854000
6404,2023-03-12,ZB,1:남성,2023,01_시즌,당해년도,봄,스웨터,라운드,스웨터_라운드_ZB,47.33519479032328,55836568,962,12456908,105723800
6405,2023-03-12,ZB,1:남성,2023,01_시즌,당해년도,봄,스웨터,오픈형(CARDIGAN),스웨터_오픈형(CARDIGAN)_ZB,50.29006135510106,29784990,326,5483162,59797400
6407,2023-03-12,ZB,1:남성,2023,01_시즌,당해년도,봄,점퍼,패딩점퍼,점퍼_패딩점퍼_ZB,70.55463127683294,12413873,141,4073421,42159000
6408,2023-03-12,ZB,1:남성,2023,01_시즌,당해년도,봄,코트,싱글코트,코트_싱글코트_ZB,62.82470001682931,44986384,338,13598386,121342000
6409,2023-03-12,ZB,1:남성,2023,01_시즌,당해년도,사계절,니트 셔츠,라운드,니트 셔츠_라운드_ZB,64.01725317976059,24236431,843,6263309,67355700
6411,2023-03-12,ZB,1:남성,2023,01_시즌,당해년도,사계절,데님,데님팬츠,데님_데님팬츠_ZB,34.07683750294996,18346775,270,4845582,28303000
6412,2023-03-12,ZB,1:남성,2023,01_시즌,당해년도,사계절,수트,블레이져(수트),수트_블레이져(수트)_ZB,24.931935086575383,67554970,364,16655429,94276000
6413,2023-03-12,ZB,1:남성,2023,01_시즌,당해년도,사계절,수트,수트팬츠,수트_수트팬츠_ZB,23.93158694503171,39477390,395,9188177,54905000
6414,2023-03-12,ZB,1:남성,2023,01_시즌,당해년도,사계절,우븐 셔츠,드레스셔츠,우븐 셔츠_드레스셔츠_ZB,44.88910947953999,73926885,1915,13895262,133858500
6415,2023-03-12,ZB,1:남성,2023,01_시즌,당해년도,사계절,자켓,싱글재킷,자켓_싱글재킷_ZB,38.20773368890524,13439200,91,3088038,21749000
6417,2023-03-12,ZB,1:남성,2023,01_시즌,당해년도,여름,니트 셔츠,라운드,니트 셔츠_라운드_ZB,26.665317830902605,28491850,631,3569079,37796900
6418,2023-03-12,ZB,1:남성,2023,01_시즌,당해년도,여름,수트,블레이져(수트),수트_블레이져(수트)_ZB,21.42561523557383,134187900,657,37997035,170163000
6419,2023-03-12,ZB,1:남성,2023,01_시즌,당해년도,여름,수트,수트팬츠,수트_수트팬츠_ZB,21.28408373057961,84475860,769,23003171,106891000
6420,2023-03-12,ZB,1:남성,2023,01_시즌,당해년도,여름,스웨터,라운드,스웨터_라운드_ZB,0.0,0,0,0,0
6421,2023-03-12,ZB,1:남성,2023,01_시즌,당해년도,여름,우븐 셔츠,드레스셔츠,우븐 셔츠_드레스셔츠_ZB,44.29246621501791,9423375,242,1463532,16915800
6440,2023-03-19,ZA,1:남성,2023,01_시즌,당해년도,여름,우븐 셔츠,캐쥬얼셔츠,우븐 셔츠_캐쥬얼셔츠_ZA,0.0,0,0,0,0
6444,2023-03-19,ZA,3:남녀공용,2023,01_시즌,당해년도,봄,우븐 셔츠,캐쥬얼셔츠,우븐 셔츠_캐쥬얼셔츠_ZA,62.86449984150704,3280253,68,804620,8833200
6445,2023-03-19,ZA,3:남녀공용,2023,01_시즌,당해년도,여름,우븐 셔츠,캐쥬얼셔츠,우븐 셔츠_캐쥬얼셔츠_ZA,49.14683917647736,18273600,337,3663043,38106300
6446,2023-03-19,ZB,1:남성,2023,01_시즌,당해년도,봄,수트,블레이져(수트),수트_블레이져(수트)_ZB,25.153508771929825,28412300,148,7895657,38332000
6447,2023-03-19,ZB,1:남성,2023,01_시즌,당해년도,봄,수트,수트팬츠,수트_수트팬츠_ZB,24.66348039215686,15998900,156,4383384,21684000
6448,2023-03-19,ZB,1:남성,2023,01_시즌,당해년도,봄,스웨터,라운드,스웨터_라운드_ZB,51.54058594607807,39175289,743,9576456,81655700
6449,2023-03-19,ZB,1:남성,2023,01_시즌,당해년도,봄,스웨터,오픈형(CARDIGAN),스웨터_오픈형(CARDIGAN)_ZB,63.76386040377804,46103490,695,11391558,125490500
6451,2023-03-19,ZB,1:남성,2023,01_시즌,당해년도,봄,점퍼,패딩점퍼,점퍼_패딩점퍼_ZB,69.42142357765054,16183100,177,5114216,52923000
6452,2023-03-19,ZB,1:남성,2023,01_시즌,당해년도,봄,코트,싱글코트,코트_싱글코트_ZB,62.54679476247324,43194780,322,12989310,115598000
6453,2023-03-19,ZB,1:남성,2023,01_시즌,당해년도,사계절,니트 셔츠,라운드,니트 셔츠_라운드_ZB,63.93451616871517,26972077,936,6954279,74786400
6455,2023-03-19,ZB,1:남성,2023,01_시즌,당해년도,사계절,데님,데님팬츠,데님_데님팬츠_ZB,34.18422888156413,18357950,272,4889385,28582800
6456,2023-03-19,ZB,1:남성,2023,01_시즌,당해년도,사계절,수트,블레이져(수트),수트_블레이져(수트)_ZB,25.883936152148078,62411230,341,15604178,88319000
6457,2023-03-19,ZB,1:남성,2023,01_시즌,당해년도,사계절,수트,수트팬츠,수트_수트팬츠_ZB,26.12315818737837,36404100,371,8629397,51569000
6458,2023-03-19,ZB,1:남성,2023,01_시즌,당해년도,사계절,우븐 셔츠,드레스셔츠,우븐 셔츠_드레스셔츠_ZB,44.65373701004236,60505902,1562,11408883,109183800
6459,2023-03-19,ZB,1:남성,2023,01_시즌,당해년도,사계절,자켓,싱글재킷,자켓_싱글재킷_ZB,37.32664728991664,19622400,131,4445417,31309000
6461,2023-03-19,ZB,1:남성,2023,01_시즌,당해년도,여름,니트 셔츠,라운드,니트 셔츠_라운드_ZB,30.817677404322595,30088510,722,4255837,43247800
6462,2023-03-19,ZB,1:남성,2023,01_시즌,당해년도,여름,수트,블레이져(수트),수트_블레이져(수트)_ZB,21.115135562084514,153441960,752,43274980,194768000
6463,2023-03-19,ZB,1:남성,2023,01_시즌,당해년도,여름,수트,수트팬츠,수트_수트팬츠_ZB,21.03877813010311,91050560,829,24628468,115231000
6464,2023-03-19,ZB,1:남성,2023,01_시즌,당해년도,여름,스웨터,T-에리,스웨터_T-에리_ZB,0.0,0,0,0,0
6465,2023-03-19,ZB,1:남성,2023,01_시즌,당해년도,여름,스웨터,라운드,스웨터_라운드_ZB,34.40900227537659,24588950,417,5120474,37488300
6466,2023-03-19,ZB,1:남성,2023,01_시즌,당해년도,여름,우븐 셔츠,드레스셔츠,우븐 셔츠_드레스셔츠_ZB,44.31351251988075,34837745,895,5412648,62560500
6485,2023-03-26,ZA,1:남성,2023,01_시즌,당해년도,여름,우븐 셔츠,캐쥬얼셔츠,우븐 셔츠_캐쥬얼셔츠_ZA,0.0,0,0,0,0
6489,2023-03-26,ZA,3:남녀공용,2023,01_시즌,당해년도,봄,우븐 셔츠,캐쥬얼셔츠,우븐 셔츠_캐쥬얼셔츠_ZA,62.4496662854922,5024122,103,1218762,13379700
6490,2023-03-26,ZA,3:남녀공용,2023,01_시즌,당해년도,여름,우븐 셔츠,캐쥬얼셔츠,우븐 셔츠_캐쥬얼셔츠_ZA,49.30122934911021,21394800,396,4281922,44750400
6491,2023-03-26,ZB,1:남성,2023,01_시즌,당해년도,봄,수트,블레이져(수트),수트_블레이져(수트)_ZB,25.467032967032967,29927450,162,8793110,41958000
6492,2023-03-26,ZB,1:남성,2023,01_시즌,당해년도,봄,수트,수트팬츠,수트_수트팬츠_ZB,25.42027598710717,17722500,177,5022214,24603000
6493,2023-03-26,ZB,1:남성,2023,01_시즌,당해년도,봄,스웨터,라운드,스웨터_라운드_ZB,55.060995436336654,30593795,624,8040247,68577600
6494,2023-03-26,ZB,1:남성,2023,01_시즌,당해년도,봄,스웨터,오픈형(CARDIGAN),스웨터_오픈형(CARDIGAN)_ZB,64.82025134893456,40732460,631,10269589,113446900
6496,2023-03-26,ZB,1:남성,2023,01_시즌,당해년도,봄,점퍼,패딩점퍼,점퍼_패딩점퍼_ZB,70.24696549473856,7294849,82,2369881,24518000
6497,2023-03-26,ZB,1:남성,2023,01_시즌,당해년도,봄,코트,싱글코트,코트_싱글코트_ZB,65.24002044288314,42040454,337,13768452,120983000
6498,2023-03-26,ZB,1:남성,2023,01_시즌,당해년도,사계절,니트 셔츠,라운드,니트 셔츠_라운드_ZB,63.78103581858275,15192950,525,3900638,41947500
6500,2023-03-26,ZB,1:남성,2023,01_시즌,당해년도,사계절,데님,데님팬츠,데님_데님팬츠_ZB,34.19355391698076,20226195,299,5401681,31220100
6501,2023-03-26,ZB,1:남성,2023,01_시즌,당해년도,사계절,수트,블레이져(수트),수트_블레이져(수트)_ZB,26.90468583599574,60530890,334,15457324,86506000
6502,2023-03-26,ZB,1:남성,2023,01_시즌,당해년도,사계절,수트,수트팬츠,수트_수트팬츠_ZB,26.95971802618328,34174540,352,8289841,48928000
6503,2023-03-26,ZB,1:남성,2023,01_시즌,당해년도,사계절,우븐 셔츠,드레스셔츠,우븐 셔츠_드레스셔츠_ZB,45.03787768145731,59854270,1553,11233534,108554700
6504,2023-03-26,ZB,1:남성,2023,01_시즌,당해년도,사계절,자켓,싱글재킷,자켓_싱글재킷_ZB,38.20880653516637,15506500,105,3563121,25095000
6506,2023-03-26,ZB,1:남성,2023,01_시즌,당해년도,여름,니트 셔츠,라운드,니트 셔츠_라운드_ZB,41.58280621835205,52266670,1306,8293782,81149400
6508,2023-03-26,ZB,1:남성,2023,01_시즌,당해년도,여름,수트,블레이져(수트),수트_블레이져(수트)_ZB,21.843228119615716,155840300,772,44370193,199948000
6509,2023-03-26,ZB,1:남성,2023,01_시즌,당해년도,여름,수트,수트팬츠,수트_수트팬츠_ZB,21.8806482609109,91272960,843,25026212,117177000
6510,2023-03-26,ZB,1:남성,2023,01_시즌,당해년도,여름,스웨터,T-에리,스웨터_T-에리_ZB,40.98727883894124,23050900,391,3355566,39060900
6511,2023-03-26,ZB,1:남성,2023,01_시즌,당해년도,여름,스웨터,라운드,스웨터_라운드_ZB,34.147523719058896,21731250,367,4209979,32993300
6512,2023-03-26,ZB,1:남성,2023,01_시즌,당해년도,여름,우븐 셔츠,드레스셔츠,우븐 셔츠_드레스셔츠_ZB,44.47419615179136,34193845,881,5327981,61581900
6516,2023-03-26,ZB,1:남성,2023,01_시즌,당해년도,여름,팬츠,반바지,팬츠_반바지_ZB,45.7316640238563,2293000,47,820804,4225300
6533,2023-04-02,ZA,1:남성,2023,01_시즌,당해년도,여름,우븐 셔츠,캐쥬얼셔츠,우븐 셔츠_캐쥬얼셔츠_ZA,23.66863905325444,1290000,10,170144,1690000
6537,2023-04-02,ZA,3:남녀공용,2023,01_시즌,당해년도,봄,우븐 셔츠,캐쥬얼셔츠,우븐 셔츠_캐쥬얼셔츠_ZA,67.88597072285778,5381380,129,1526407,16757100
6538,2023-04-02,ZA,3:남녀공용,2023,01_시즌,당해년도,여름,우븐 셔츠,캐쥬얼셔츠,우븐 셔츠_캐쥬얼셔츠_ZA,51.888830746737405,22022800,434,4716704,48786600
6539,2023-04-02,ZB,1:남성,2023,01_시즌,당해년도,봄,수트,블레이져(수트),수트_블레이져(수트)_ZB,26.21082621082621,22040900,117,6290261,30303000
6540,2023-04-02,ZB,1:남성,2023,01_시즌,당해년도,봄,수트,수트팬츠,수트_수트팬츠_ZB,26.342261904761905,13332880,130,3650869,18070000
6541,2023-04-02,ZB,1:남성,2023,01_시즌,당해년도,봄,스웨터,라운드,스웨터_라운드_ZB,61.92712185158655,16304625,388,4956964,42641200
6542,2023-04-02,ZB,1:남성,2023,01_시즌,당해년도,봄,스웨터,오픈형(CARDIGAN),스웨터_오픈형(CARDIGAN)_ZB,64.61391405788069,34392077,528,8624462,95137200
6544,2023-04-02,ZB,1:남성,2023,01_시즌,당해년도,봄,점퍼,패딩점퍼,점퍼_패딩점퍼_ZB,67.56428258128187,11831901,122,3525179,36478000
6545,2023-04-02,ZB,1:남성,2023,01_시즌,당해년도,봄,코트,싱글코트,코트_싱글코트_ZB,65.20145296897954,27605180,221,9064134,79339000
6546,2023-04-02,ZB,1:남성,2023,01_시즌,당해년도,사계절,니트 셔츠,라운드,니트 셔츠_라운드_ZB,65.22821819005426,17808681,641,4762493,51215900
6548,2023-04-02,ZB,1:남성,2023,01_시즌,당해년도,사계절,데님,데님팬츠,데님_데님팬츠_ZB,35.27783068113413,20818653,311,5580505,32458900
6549,2023-04-02,ZB,1:남성,2023,01_시즌,당해년도,사계절,수트,블레이져(수트),수트_블레이져(수트)_ZB,25.582608695652176,66998120,368,16984229,95312000
6550,2023-04-02,ZB,1:남성,2023,01_시즌,당해년도,사계절,수트,수트팬츠,수트_수트팬츠_ZB,25.441713483146067,38041520,388,9023971,53932000
6551,2023-04-02,ZB,1:남성,2023,01_시즌,당해년도,사계절,우븐 셔츠,드레스셔츠,우븐 셔츠_드레스셔츠_ZB,45.097240644942666,63353025,1673,12114047,116942700
6552,2023-04-02,ZB,1:남성,2023,01_시즌,당해년도,사계절,자켓,싱글재킷,자켓_싱글재킷_ZB,38.06375247742788,11250100,76,2579021,18164000
6554,2023-04-02,ZB,1:남성,2023,01_시즌,당해년도,여름,니트 셔츠,라운드,니트 셔츠_라운드_ZB,32.249082278784805,63151680,1554,9228205,94844600
6556,2023-04-02,ZB,1:남성,2023,01_시즌,당해년도,여름,수트,블레이져(수트),수트_블레이져(수트)_ZB,22.453591154849896,162429260,804,46112910,208236000
6557,2023-04-02,ZB,1:남성,2023,01_시즌,당해년도,여름,수트,수트팬츠,수트_수트팬츠_ZB,22.22093623344197,93772237,864,25524137,120096000
6558,2023-04-02,ZB,1:남성,2023,01_시즌,당해년도,여름,스웨터,T-에리,스웨터_T-에리_ZB,41.38343722695801,23950200,409,3510042,40859100
6559,2023-04-02,ZB,1:남성,2023,01_시즌,당해년도,여름,스웨터,라운드,스웨터_라운드_ZB,35.13792809547655,38855628,668,7927778,60053200
6560,2023-04-02,ZB,1:남성,2023,01_시즌,당해년도,여름,우븐 셔츠,드레스셔츠,우븐 셔츠_드레스셔츠_ZB,45.48577021016641,34980800,918,5551744,64168200
6564,2023-04-02,ZB,1:남성,2023,01_시즌,당해년도,여름,팬츠,반바지,팬츠_반바지_ZB,28.9210233592881,-63900,-1,-17464,-89900
6582,2023-04-09,ZA,1:남성,2023,01_시즌,당해년도,여름,우븐 셔츠,캐쥬얼셔츠,우븐 셔츠_캐쥬얼셔츠_ZA,23.66863905325444,-516000,-4,-68058,-676000
6587,2023-04-09,ZA,3:남녀공용,2023,01_시즌,당해년도,봄,우븐 셔츠,캐쥬얼셔츠,우븐 셔츠_캐쥬얼셔츠_ZA,69.61432954927409,5604880,142,1680234,18445800
6588,2023-04-09,ZA,3:남녀공용,2023,01_시즌,당해년도,여름,우븐 셔츠,캐쥬얼셔츠,우븐 셔츠_캐쥬얼셔츠_ZA,52.32169807762906,14012151,285,2972009,31321500
6589,2023-04-09,ZB,1:남성,2023,01_시즌,당해년도,봄,수트,블레이져(수트),수트_블레이져(수트)_ZB,25.227272727272727,25174800,135,7310393,34965000
6590,2023-04-09,ZB,1:남성,2023,01_시즌,당해년도,봄,수트,수트팬츠,수트_수트팬츠_ZB,25.653846153846157,13015960,131,3724691,18209000
6591,2023-04-09,ZB,1:남성,2023,01_시즌,당해년도,봄,스웨터,라운드,스웨터_라운드_ZB,66.09769381731255,10769933,275,3613932,30222500
6592,2023-04-09,ZB,1:남성,2023,01_시즌,당해년도,봄,스웨터,오픈형(CARDIGAN),스웨터_오픈형(CARDIGAN)_ZB,67.65023909050048,26847539,452,7315969,80994800
6594,2023-04-09,ZB,1:남성,2023,01_시즌,당해년도,봄,점퍼,패딩점퍼,점퍼_패딩점퍼_ZB,74.33779264214047,3145930,41,1184112,12259000
6595,2023-04-09,ZB,1:남성,2023,01_시즌,당해년도,봄,코트,싱글코트,코트_싱글코트_ZB,72.45139240054283,17590590,178,7238431,63902000
6596,2023-04-09,ZB,1:남성,2023,01_시즌,당해년도,사계절,니트 셔츠,라운드,니트 셔츠_라운드_ZB,64.39957842039391,9728100,342,2540987,27325800
6598,2023-04-09,ZB,1:남성,2023,01_시즌,당해년도,사계절,데님,데님팬츠,데님_데님팬츠_ZB,33.421433527841565,19929040,291,5252056,30510900
6599,2023-04-09,ZB,1:남성,2023,01_시즌,당해년도,사계절,수트,블레이져(수트),수트_블레이져(수트)_ZB,25.47018615474113,72579570,400,18587881,103600000
6600,2023-04-09,ZB,1:남성,2023,01_시즌,당해년도,사계절,수트,수트팬츠,수트_수트팬츠_ZB,25.487111111111112,38256970,393,9333915,54627000
6601,2023-04-09,ZB,1:남성,2023,01_시즌,당해년도,사계절,우븐 셔츠,드레스셔츠,우븐 셔츠_드레스셔츠_ZB,44.66037474142755,65731900,1706,12340078,119249400
6602,2023-04-09,ZB,1:남성,2023,01_시즌,당해년도,사계절,자켓,싱글재킷,자켓_싱글재킷_ZB,36.753380631859805,10430000,69,2341479,16491000
6604,2023-04-09,ZB,1:남성,2023,01_시즌,당해년도,여름,니트 셔츠,라운드,니트 셔츠_라운드_ZB,30.12081874185756,57998188,1351,8649870,85724900
6607,2023-04-09,ZB,1:남성,2023,01_시즌,당해년도,여름,수트,블레이져(수트),수트_블레이져(수트)_ZB,21.10462822447603,148287860,724,41465955,187516000
6608,2023-04-09,ZB,1:남성,2023,01_시즌,당해년도,여름,수트,수트팬츠,수트_수트팬츠_ZB,20.9167131195566,84556480,768,22679208,106752000
6609,2023-04-09,ZB,1:남성,2023,01_시즌,당해년도,여름,스웨터,T-에리,스웨터_T-에리_ZB,41.0868204081436,43550700,740,7278676,73926000
6610,2023-04-09,ZB,1:남성,2023,01_시즌,당해년도,여름,스웨터,라운드,스웨터_라운드_ZB,34.460302641635074,23868168,406,4734033,36499400
6611,2023-04-09,ZB,1:남성,2023,01_시즌,당해년도,여름,우븐 셔츠,드레스셔츠,우븐 셔츠_드레스셔츠_ZB,44.55495841087774,35035500,904,5467077,63189600
6615,2023-04-09,ZB,1:남성,2023,01_시즌,당해년도,여름,팬츠,반바지,팬츠_반바지_ZB,45.98525110204754,2622200,54,943052,4854600
6633,2023-04-16,ZA,1:남성,2023,01_시즌,당해년도,여름,우븐 셔츠,캐쥬얼셔츠,우븐 셔츠_캐쥬얼셔츠_ZA,23.66863905325444,387000,3,51043,507000
6638,2023-04-16,ZA,3:남녀공용,2023,01_시즌,당해년도,봄,우븐 셔츠,캐쥬얼셔츠,우븐 셔츠_캐쥬얼셔츠_ZA,70.09612094773757,5593700,144,1703899,18705600
6639,2023-04-16,ZA,3:남녀공용,2023,01_시즌,당해년도,여름,우븐 셔츠,캐쥬얼셔츠,우븐 셔츠_캐쥬얼셔츠_ZA,52.63793904950404,15983237,328,3410227,35857200
6640,2023-04-16,ZB,1:남성,2023,01_시즌,당해년도,봄,수트,블레이져(수트),수트_블레이져(수트)_ZB,27.195299145299145,18365690,96,5099618,24864000
6641,2023-04-16,ZB,1:남성,2023,01_시즌,당해년도,봄,수트,수트팬츠,수트_수트팬츠_ZB,26.547619047619047,10598750,102,2834220,14178000
6642,2023-04-16,ZB,1:남성,2023,01_시즌,당해년도,봄,스웨터,라운드,스웨터_라운드_ZB,64.40813868026694,8956418,230,2982659,25277000
6643,2023-04-16,ZB,1:남성,2023,01_시즌,당해년도,봄,스웨터,오픈형(CARDIGAN),스웨터_오픈형(CARDIGAN)_ZB,69.04780886444624,26415503,465,7476889,82993500
6645,2023-04-16,ZB,1:남성,2023,01_시즌,당해년도,봄,점퍼,패딩점퍼,점퍼_패딩점퍼_ZB,70.23978232526501,5250000,59,1704817,17641000
6646,2023-04-16,ZB,1:남성,2023,01_시즌,당해년도,봄,코트,싱글코트,코트_싱글코트_ZB,72.80654517098343,15134340,155,6344825,55645000
6647,2023-04-16,ZB,1:남성,2023,01_시즌,당해년도,사계절,니트 셔츠,라운드,니트 셔츠_라운드_ZB,67.20764592103767,7205300,275,2043191,21972500
6649,2023-04-16,ZB,1:남성,2023,01_시즌,당해년도,사계절,데님,데님팬츠,데님_데님팬츠_ZB,34.11766181481003,16599735,245,4407291,25485500
6650,2023-04-16,ZB,1:남성,2023,01_시즌,당해년도,사계절,수트,블레이져(수트),수트_블레이져(수트)_ZB,25.313370473537603,66783150,370,17160948,95830000
6651,2023-04-16,ZB,1:남성,2023,01_시즌,당해년도,사계절,수트,수트팬츠,수트_수트팬츠_ZB,26.11420905233855,39159470,401,9495462,55739000
6652,2023-04-16,ZB,1:남성,2023,01_시즌,당해년도,사계절,우븐 셔츠,드레스셔츠,우븐 셔츠_드레스셔츠_ZB,44.50609170182728,67554135,1801,13078912,125889900
6653,2023-04-16,ZB,1:남성,2023,01_시즌,당해년도,사계절,자켓,싱글재킷,자켓_싱글재킷_ZB,41.706659273075566,11563650,83,2816562,19837000
6655,2023-04-16,ZB,1:남성,2023,01_시즌,당해년도,여름,니트 셔츠,라운드,니트 셔츠_라운드_ZB,31.80571111952901,64882034,1622,9733995,99957800
6658,2023-04-16,ZB,1:남성,2023,01_시즌,당해년도,여름,수트,블레이져(수트),수트_블레이져(수트)_ZB,21.497385647449317,141037950,694,39720027,179746000
6659,2023-04-16,ZB,1:남성,2023,01_시즌,당해년도,여름,수트,수트팬츠,수트_수트팬츠_ZB,21.63580691834168,83726650,764,22552274,106196000
6660,2023-04-16,ZB,1:남성,2023,01_시즌,당해년도,여름,스웨터,T-에리,스웨터_T-에리_ZB,45.62674595361952,42901548,792,8511898,79120800
6661,2023-04-16,ZB,1:남성,2023,01_시즌,당해년도,여름,스웨터,라운드,스웨터_라운드_ZB,34.795568649851184,36786480,629,7308477,56547100
6662,2023-04-16,ZB,1:남성,2023,01_시즌,당해년도,여름,우븐 셔츠,드레스셔츠,우븐 셔츠_드레스셔츠_ZB,44.25992413639915,45201900,1164,6745530,81363600
6666,2023-04-16,ZB,1:남성,2023,01_시즌,당해년도,여름,팬츠,반바지,팬츠_반바지_ZB,45.18226079979577,3121300,63,1072374,5663700
6668,2023-04-16,ZB,3:남녀공용,2023,01_시즌,당해년도,여름,니트 셔츠,라운드,니트 셔츠_라운드_ZB,0.0,0,0,0,0
6685,2023-04-23,ZA,1:남성,2023,01_시즌,당해년도,여름,우븐 셔츠,캐쥬얼셔츠,우븐 셔츠_캐쥬얼셔츠_ZA,30.442144822350603,1818000,22,408922,2713300
6690,2023-04-23,ZA,3:남녀공용,2023,01_시즌,당해년도,봄,우븐 셔츠,캐쥬얼셔츠,우븐 셔츠_캐쥬얼셔츠_ZA,66.3889382365133,5675900,130,1538245,16887000
6691,2023-04-23,ZA,3:남녀공용,2023,01_시즌,당해년도,여름,우븐 셔츠,캐쥬얼셔츠,우븐 셔츠_캐쥬얼셔츠_ZA,51.888975790432816,10628358,224,2118479,23427600
6692,2023-04-23,ZB,1:남성,2023,01_시즌,당해년도,봄,수트,블레이져(수트),수트_블레이져(수트)_ZB,30.393840579710144,16617440,93,4998029,24087000
6693,2023-04-23,ZB,1:남성,2023,01_시즌,당해년도,봄,수트,수트팬츠,수트_수트팬츠_ZB,31.6017094017094,9635480,105,2975071,14595000
6694,2023-04-23,ZB,1:남성,2023,01_시즌,당해년도,봄,스웨터,라운드,스웨터_라운드_ZB,85.67485240614059,4387784,277,3532951,30442300
6695,2023-04-23,ZB,1:남성,2023,01_시즌,당해년도,봄,스웨터,오픈형(CARDIGAN),스웨터_오픈형(CARDIGAN)_ZB,78.49144442574813,16734232,422,6804775,75447800
6697,2023-04-23,ZB,1:남성,2023,01_시즌,당해년도,봄,점퍼,패딩점퍼,점퍼_패딩점퍼_ZB,71.67732593493463,22356786,264,7630633,78936000
6698,2023-04-23,ZB,1:남성,2023,01_시즌,당해년도,봄,코트,싱글코트,코트_싱글코트_ZB,84.36039952002545,6825000,125,5105332,44875000
6699,2023-04-23,ZB,1:남성,2023,01_시즌,당해년도,사계절,니트 셔츠,라운드,니트 셔츠_라운드_ZB,64.53242451267677,4732545,167,1240774,13343300
6701,2023-04-23,ZB,1:남성,2023,01_시즌,당해년도,사계절,데님,데님팬츠,데님_데님팬츠_ZB,35.06882874605012,16445330,245,4455298,25605500
6702,2023-04-23,ZB,1:남성,2023,01_시즌,당해년도,사계절,수트,블레이져(수트),수트_블레이져(수트)_ZB,30.930997499671008,81714759,481,22264647,124579000
6703,2023-04-23,ZB,1:남성,2023,01_시즌,당해년도,사계절,수트,수트팬츠,수트_수트팬츠_ZB,30.739614661654137,44863779,491,11594713,68249000
6704,2023-04-23,ZB,1:남성,2023,01_시즌,당해년도,사계절,우븐 셔츠,드레스셔츠,우븐 셔츠_드레스셔츠_ZB,44.16694669498981,68432230,1760,12726846,123024000
6705,2023-04-23,ZB,1:남성,2023,01_시즌,당해년도,사계절,자켓,싱글재킷,자켓_싱글재킷_ZB,42.19597786475908,12848100,93,3155907,22227000
6707,2023-04-23,ZB,1:남성,2023,01_시즌,당해년도,여름,니트 셔츠,라운드,니트 셔츠_라운드_ZB,30.737448524039245,61146260,1489,9156960,92591100
6710,2023-04-23,ZB,1:남성,2023,01_시즌,당해년도,여름,수트,블레이져(수트),수트_블레이져(수트)_ZB,26.293400290663268,169748600,891,50933459,230769000
6711,2023-04-23,ZB,1:남성,2023,01_시즌,당해년도,여름,수트,수트팬츠,수트_수트팬츠_ZB,26.16371833522864,101205900,988,29110028,137332000
6712,2023-04-23,ZB,1:남성,2023,01_시즌,당해년도,여름,스웨터,T-에리,스웨터_T-에리_ZB,41.807060332007545,50318101,866,8864903,86513400
6713,2023-04-23,ZB,1:남성,2023,01_시즌,당해년도,여름,스웨터,라운드,스웨터_라운드_ZB,34.790455760677105,33172849,567,6580827,50973300
6714,2023-04-23,ZB,1:남성,2023,01_시즌,당해년도,여름,우븐 셔츠,드레스셔츠,우븐 셔츠_드레스셔츠_ZB,44.403384282286936,42234085,1087,6414496,75981300
6718,2023-04-23,ZB,1:남성,2023,01_시즌,당해년도,여름,팬츠,반바지,팬츠_반바지_ZB,42.66075693008414,3464120,69,1049214,6073100
6720,2023-04-23,ZB,3:남녀공용,2023,01_시즌,당해년도,여름,니트 셔츠,라운드,니트 셔츠_라운드_ZB,38.67334167709637,6664000,136,941739,10866400
6737,2023-04-30,ZA,1:남성,2023,01_시즌,당해년도,여름,우븐 셔츠,캐쥬얼셔츠,우븐 셔츠_캐쥬얼셔츠_ZA,31.804302997345623,1227300,12,214351,1732500
6742,2023-04-30,ZA,3:남녀공용,2023,01_시즌,당해년도,봄,우븐 셔츠,캐쥬얼셔츠,우븐 셔츠_캐쥬얼셔츠_ZA,84.13823104709586,3482150,169,1999716,21953100
6743,2023-04-30,ZA,3:남녀공용,2023,01_시즌,당해년도,여름,우븐 셔츠,캐쥬얼셔츠,우븐 셔츠_캐쥬얼셔츠_ZA,49.27462357004544,10730376,197,2125160,21810300
6744,2023-04-30,ZB,1:남성,2023,01_시즌,당해년도,봄,수트,블레이져(수트),수트_블레이져(수트)_ZB,30.815686274509805,9463860,53,2839885,13727000
6745,2023-04-30,ZB,1:남성,2023,01_시즌,당해년도,봄,수트,수트팬츠,수트_수트팬츠_ZB,34.68632478632479,5359840,57,1605297,7923000
6746,2023-04-30,ZB,1:남성,2023,01_시즌,당해년도,봄,스웨터,라운드,스웨터_라운드_ZB,82.87420916155105,6845400,355,4592847,39014500
6747,2023-04-30,ZB,1:남성,2023,01_시즌,당해년도,봄,스웨터,오픈형(CARDIGAN),스웨터_오픈형(CARDIGAN)_ZB,77.87764129233882,20482204,504,8345679,91569600
6749,2023-04-30,ZB,1:남성,2023,01_시즌,당해년도,봄,점퍼,패딩점퍼,점퍼_패딩점퍼_ZB,67.52482856524145,-13497006,-139,-4019293,-41561000
6750,2023-04-30,ZB,1:남성,2023,01_시즌,당해년도,봄,코트,싱글코트,코트_싱글코트_ZB,80.94475914843888,12873550,189,7749261,67851000
6751,2023-04-30,ZB,1:남성,2023,01_시즌,당해년도,사계절,니트 셔츠,라운드,니트 셔츠_라운드_ZB,64.17679837892604,-1202155,-42,-312051,-3355800
6753,2023-04-30,ZB,1:남성,2023,01_시즌,당해년도,사계절,데님,데님팬츠,데님_데님팬츠_ZB,27.255941884985567,14960550,227,4100617,23607300
6754,2023-04-30,ZB,1:남성,2023,01_시즌,당해년도,사계절,수트,블레이져(수트),수트_블레이져(수트)_ZB,31.506783904440155,55352595,328,15236242,84952000
6755,2023-04-30,ZB,1:남성,2023,01_시즌,당해년도,사계절,수트,수트팬츠,수트_수트팬츠_ZB,27.61806845432745,30930384,341,8036236,47399000
6756,2023-04-30,ZB,1:남성,2023,01_시즌,당해년도,사계절,우븐 셔츠,드레스셔츠,우븐 셔츠_드레스셔츠_ZB,44.26212699946952,41843579,1088,7881991,76051200
6757,2023-04-30,ZB,1:남성,2023,01_시즌,당해년도,사계절,자켓,싱글재킷,자켓_싱글재킷_ZB,42.14123174043896,7882100,57,1934265,13623000
6759,2023-04-30,ZB,1:남성,2023,01_시즌,당해년도,여름,니트 셔츠,라운드,니트 셔츠_라운드_ZB,36.004798098132525,54947400,1393,8878216,88680700
6762,2023-04-30,ZB,1:남성,2023,01_시즌,당해년도,여름,수트,블레이져(수트),수트_블레이져(수트)_ZB,26.649606499601823,115038260,607,34853124,157213000
6763,2023-04-30,ZB,1:남성,2023,01_시즌,당해년도,여름,수트,수트팬츠,수트_수트팬츠_ZB,26.289070458487664,66115440,648,19211319,90072000
6764,2023-04-30,ZB,1:남성,2023,01_시즌,당해년도,여름,스웨터,T-에리,스웨터_T-에리_ZB,47.77135500856302,52445761,1001,10514265,99999900
6765,2023-04-30,ZB,1:남성,2023,01_시즌,당해년도,여름,스웨터,라운드,스웨터_라운드_ZB,43.9201347864061,24369785,482,5658285,43331800
6766,2023-04-30,ZB,1:남성,2023,01_시즌,당해년도,여름,우븐 셔츠,드레스셔츠,우븐 셔츠_드레스셔츠_ZB,44.08228599931987,38061185,980,5697510,68502000
6770,2023-04-30,ZB,1:남성,2023,01_시즌,당해년도,여름,팬츠,반바지,팬츠_반바지_ZB,45.24489759120354,3682800,79,1203899,6992100
6772,2023-04-30,ZB,3:남녀공용,2023,01_시즌,당해년도,여름,니트 셔츠,라운드,니트 셔츠_라운드_ZB,41.68231401424347,7792900,167,1165963,13343300
6789,2023-05-07,ZA,1:남성,2023,01_시즌,당해년도,여름,우븐 셔츠,캐쥬얼셔츠,우븐 셔츠_캐쥬얼셔츠_ZA,32.79155337558082,2240900,30,563287,3592500
6794,2023-05-07,ZA,3:남녀공용,2023,01_시즌,당해년도,봄,우븐 셔츠,캐쥬얼셔츠,우븐 셔츠_캐쥬얼셔츠_ZA,85.86154452768547,3765000,205,2425690,26629500
6795,2023-05-07,ZA,3:남녀공용,2023,01_시즌,당해년도,여름,우븐 셔츠,캐쥬얼셔츠,우븐 셔츠_캐쥬얼셔츠_ZA,54.68929353483154,16689691,361,3638270,38673900
6796,2023-05-07,ZB,1:남성,2023,01_시즌,당해년도,봄,수트,블레이져(수트),수트_블레이져(수트)_ZB,30.94117647058824,12742800,72,3848005,18648000
6797,2023-05-07,ZB,1:남성,2023,01_시즌,당해년도,봄,수트,수트팬츠,수트_수트팬츠_ZB,30.75,7119580,75,2089619,10425000
6798,2023-05-07,ZB,1:남성,2023,01_시즌,당해년도,봄,스웨터,라운드,스웨터_라운드_ZB,82.59130309851061,4367154,228,2944443,25057200
6799,2023-05-07,ZB,1:남성,2023,01_시즌,당해년도,봄,스웨터,오픈형(CARDIGAN),스웨터_오픈형(CARDIGAN)_ZB,78.85529250564115,18166092,468,7660426,84433200
6801,2023-05-07,ZB,1:남성,2023,01_시즌,당해년도,봄,점퍼,패딩점퍼,점퍼_패딩점퍼_ZB,78.85546022975134,2908220,46,1329276,13754000
6802,2023-05-07,ZB,1:남성,2023,01_시즌,당해년도,봄,코트,싱글코트,코트_싱글코트_ZB,80.83028253083964,6193820,91,3714479,32669000
6803,2023-05-07,ZB,1:남성,2023,01_시즌,당해년도,사계절,니트 셔츠,라운드,니트 셔츠_라운드_ZB,63.27449541812323,2552900,87,646391,6951300
6805,2023-05-07,ZB,1:남성,2023,01_시즌,당해년도,사계절,데님,데님팬츠,데님_데님팬츠_ZB,39.147257052129554,21818843,348,6341403,36105200
6806,2023-05-07,ZB,1:남성,2023,01_시즌,당해년도,사계절,수트,블레이져(수트),수트_블레이져(수트)_ZB,29.97802513759961,77981420,475,22232034,123025000
6807,2023-05-07,ZB,1:남성,2023,01_시즌,당해년도,사계절,수트,수트팬츠,수트_수트팬츠_ZB,30.319364140589368,43489850,493,11781916,68527000
6808,2023-05-07,ZB,1:남성,2023,01_시즌,당해년도,사계절,우븐 셔츠,드레스셔츠,우븐 셔츠_드레스셔츠_ZB,45.27947499715447,69515835,1839,13321256,128546100
6809,2023-05-07,ZB,1:남성,2023,01_시즌,당해년도,사계절,자켓,싱글재킷,자켓_싱글재킷_ZB,43.22999873209079,8954900,66,2239676,15774000
6811,2023-05-07,ZB,1:남성,2023,01_시즌,당해년도,여름,니트 셔츠,라운드,니트 셔츠_라운드_ZB,31.879534438707765,74288741,1770,11608292,113023000
6814,2023-05-07,ZB,1:남성,2023,01_시즌,당해년도,여름,수트,블레이져(수트),수트_블레이져(수트)_ZB,27.91846182212851,156833360,843,48258961,218337000
6815,2023-05-07,ZB,1:남성,2023,01_시즌,당해년도,여름,수트,수트팬츠,수트_수트팬츠_ZB,27.90074099970908,91072740,912,26894418,126768000
6816,2023-05-07,ZB,1:남성,2023,01_시즌,당해년도,여름,스웨터,T-에리,스웨터_T-에리_ZB,48.623888617784175,72157561,1411,14639326,140958900
6817,2023-05-07,ZB,1:남성,2023,01_시즌,당해년도,여름,스웨터,라운드,스웨터_라운드_ZB,43.08182974766613,42371415,830,9684610,74617000
6818,2023-05-07,ZB,1:남성,2023,01_시즌,당해년도,여름,우븐 셔츠,드레스셔츠,우븐 셔츠_드레스셔츠_ZB,44.14528764741607,63289940,1622,8879091,113377800
6822,2023-05-07,ZB,1:남성,2023,01_시즌,당해년도,여름,팬츠,반바지,팬츠_반바지_ZB,44.074248869258206,6287640,131,1931577,11576900
6824,2023-05-07,ZB,3:남녀공용,2023,01_시즌,당해년도,여름,니트 셔츠,라운드,니트 셔츠_라운드_ZB,42.68634655334624,12594805,275,1916754,21972500
6841,2023-05-14,ZA,1:남성,2023,01_시즌,당해년도,여름,우븐 셔츠,캐쥬얼셔츠,우븐 셔츠_캐쥬얼셔츠_ZA,39.0858151817545,6578000,112,1211141,11637000
6846,2023-05-14,ZA,3:남녀공용,2023,01_시즌,당해년도,봄,우븐 셔츠,캐쥬얼셔츠,우븐 셔츠_캐쥬얼셔츠_ZA,85.37336412625096,3667000,193,2283700,25070700
6847,2023-05-14,ZA,3:남녀공용,2023,01_시즌,당해년도,여름,우븐 셔츠,캐쥬얼셔츠,우븐 셔츠_캐쥬얼셔츠_ZA,56.20677157204321,9505748,220,2035598,22788000
6848,2023-05-14,ZB,1:남성,2023,01_시즌,당해년도,봄,수트,블레이져(수트),수트_블레이져(수트)_ZB,32.55263975155279,8614340,51,2791772,13209000
6849,2023-05-14,ZB,1:남성,2023,01_시즌,당해년도,봄,수트,수트팬츠,수트_수트팬츠_ZB,30.145092136471447,5960320,65,1862558,9035000
6850,2023-05-14,ZB,1:남성,2023,01_시즌,당해년도,봄,스웨터,라운드,스웨터_라운드_ZB,82.97729870978279,4676575,250,3206353,27475000
6851,2023-05-14,ZB,1:남성,2023,01_시즌,당해년도,봄,스웨터,오픈형(CARDIGAN),스웨터_오픈형(CARDIGAN)_ZB,79.2625211831903,11427464,300,4847112,53700000
6853,2023-05-14,ZB,1:남성,2023,01_시즌,당해년도,봄,점퍼,패딩점퍼,점퍼_패딩점퍼_ZB,79.45608167576131,2334200,38,1098188,11362000
6854,2023-05-14,ZB,1:남성,2023,01_시즌,당해년도,봄,코트,싱글코트,코트_싱글코트_ZB,80.90922791229198,4519798,64,2678265,22976000
6855,2023-05-14,ZB,1:남성,2023,01_시즌,당해년도,사계절,니트 셔츠,라운드,니트 셔츠_라운드_ZB,65.8009427672441,2923780,107,794987,8549300
6857,2023-05-14,ZB,1:남성,2023,01_시즌,당해년도,사계절,데님,데님팬츠,데님_데님팬츠_ZB,30.53467726047866,16340940,268,4876286,27993200
6858,2023-05-14,ZB,1:남성,2023,01_시즌,당해년도,사계절,수트,블레이져(수트),수트_블레이져(수트)_ZB,28.627808002808003,72125100,443,20810032,114737000
6859,2023-05-14,ZB,1:남성,2023,01_시즌,당해년도,사계절,수트,수트팬츠,수트_수트팬츠_ZB,28.732815964523283,39535770,454,10937692,63106000
6860,2023-05-14,ZB,1:남성,2023,01_시즌,당해년도,사계절,우븐 셔츠,드레스셔츠,우븐 셔츠_드레스셔츠_ZB,45.92927774649364,65539787,1760,12773827,123024000
6861,2023-05-14,ZB,1:남성,2023,01_시즌,당해년도,사계절,자켓,싱글재킷,자켓_싱글재킷_ZB,40.00092980009298,6452900,45,1527052,10755000
6863,2023-05-14,ZB,1:남성,2023,01_시즌,당해년도,여름,니트 셔츠,라운드,니트 셔츠_라운드_ZB,42.37792087851458,63806920,1764,11681245,113543600
6866,2023-05-14,ZB,1:남성,2023,01_시즌,당해년도,여름,수트,블레이져(수트),수트_블레이져(수트)_ZB,28.249236079810306,117311460,634,36320927,164206000
6867,2023-05-14,ZB,1:남성,2023,01_시즌,당해년도,여름,수트,수트팬츠,수트_수트팬츠_ZB,28.120194490637555,70008740,704,20794932,97856000
6868,2023-05-14,ZB,1:남성,2023,01_시즌,당해년도,여름,스웨터,T-에리,스웨터_T-에리_ZB,48.16628552624829,76180540,1476,15295878,147452400
6869,2023-05-14,ZB,1:남성,2023,01_시즌,당해년도,여름,스웨터,라운드,스웨터_라운드_ZB,42.68548027543002,40240938,780,9108793,70122000
6870,2023-05-14,ZB,1:남성,2023,01_시즌,당해년도,여름,우븐 셔츠,드레스셔츠,우븐 셔츠_드레스셔츠_ZB,44.89600641996368,59710180,1554,8481482,108624600
6874,2023-05-14,ZB,1:남성,2023,01_시즌,당해년도,여름,팬츠,반바지,팬츠_반바지_ZB,43.67783538987672,6787053,141,1948341,12375900
6876,2023-05-14,ZB,3:남녀공용,2023,01_시즌,당해년도,여름,니트 셔츠,라운드,니트 셔츠_라운드_ZB,47.44946160436684,13028874,308,2132551,24609200
6893,2023-05-21,ZA,1:남성,2023,01_시즌,당해년도,여름,우븐 셔츠,캐쥬얼셔츠,우븐 셔츠_캐쥬얼셔츠_ZA,39.7738299849668,8705000,154,1503205,15891900
6898,2023-05-21,ZA,3:남녀공용,2023,01_시즌,당해년도,봄,우븐 셔츠,캐쥬얼셔츠,우븐 셔츠_캐쥬얼셔츠_ZA,85.12767595367959,1816000,94,1112268,12210600
6899,2023-05-21,ZA,3:남녀공용,2023,01_시즌,당해년도,여름,우븐 셔츠,캐쥬얼셔츠,우븐 셔츠_캐쥬얼셔츠_ZA,54.99197650997281,5819834,127,1197229,13017300
6900,2023-05-21,ZB,1:남성,2023,01_시즌,당해년도,봄,수트,블레이져(수트),수트_블레이져(수트)_ZB,27.86521739130435,7308980,42,2320540,10878000
6901,2023-05-21,ZB,1:남성,2023,01_시즌,당해년도,봄,수트,수트팬츠,수트_수트팬츠_ZB,31.130434782608692,4103280,45,1287694,6255000
6902,2023-05-21,ZB,1:남성,2023,01_시즌,당해년도,봄,스웨터,라운드,스웨터_라운드_ZB,83.05922050348802,676560,36,469120,3956400
6903,2023-05-21,ZB,1:남성,2023,01_시즌,당해년도,봄,스웨터,오픈형(CARDIGAN),스웨터_오픈형(CARDIGAN)_ZB,79.5031066937762,7624600,203,3322177,36619700
6905,2023-05-21,ZB,1:남성,2023,01_시즌,당해년도,봄,점퍼,패딩점퍼,점퍼_패딩점퍼_ZB,78.34458612040133,1035995,16,462365,4784000
6906,2023-05-21,ZB,1:남성,2023,01_시즌,당해년도,봄,코트,싱글코트,코트_싱글코트_ZB,80.77994428969359,1814000,26,1075244,9334000
6907,2023-05-21,ZB,1:남성,2023,01_시즌,당해년도,사계절,니트 셔츠,라운드,니트 셔츠_라운드_ZB,63.8715060492282,866000,30,222894,2397000
6909,2023-05-21,ZB,1:남성,2023,01_시즌,당해년도,사계절,데님,데님팬츠,데님_데님팬츠_ZB,41.18296269952321,14347445,236,4299781,24536400
6910,2023-05-21,ZB,1:남성,2023,01_시즌,당해년도,사계절,수트,블레이져(수트),수트_블레이져(수트)_ZB,40.9552752293578,72097830,442,20671221,114478000
6911,2023-05-21,ZB,1:남성,2023,01_시즌,당해년도,사계절,수트,수트팬츠,수트_수트팬츠_ZB,39.202521008403366,37801050,432,10348473,60048000
6912,2023-05-21,ZB,1:남성,2023,01_시즌,당해년도,사계절,우븐 셔츠,드레스셔츠,우븐 셔츠_드레스셔츠_ZB,45.27646953002538,92052989,2418,17358865,169018200
6913,2023-05-21,ZB,1:남성,2023,01_시즌,당해년도,사계절,자켓,싱글재킷,자켓_싱글재킷_ZB,40.1255230125523,5008500,35,1187707,8365000
6915,2023-05-21,ZB,1:남성,2023,01_시즌,당해년도,여름,니트 셔츠,라운드,니트 셔츠_라운드_ZB,44.32574206583722,75376047,2227,14300774,141357300
6918,2023-05-21,ZB,1:남성,2023,01_시즌,당해년도,여름,수트,블레이져(수트),수트_블레이져(수트)_ZB,28.26736283202248,90572300,487,27978508,126133000
6919,2023-05-21,ZB,1:남성,2023,01_시즌,당해년도,여름,수트,수트팬츠,수트_수트팬츠_ZB,28.176932362973197,53637320,537,15922395,74643000
6920,2023-05-21,ZB,1:남성,2023,01_시즌,당해년도,여름,스웨터,T-에리,스웨터_T-에리_ZB,48.22781354588255,105113289,2036,21261085,203396400
6921,2023-05-21,ZB,1:남성,2023,01_시즌,당해년도,여름,스웨터,라운드,스웨터_라운드_ZB,43.56833028894982,35665010,707,8127131,63559300
6922,2023-05-21,ZB,1:남성,2023,01_시즌,당해년도,여름,우븐 셔츠,드레스셔츠,우븐 셔츠_드레스셔츠_ZB,44.89557237982626,66734950,1733,9015555,121136700
6926,2023-05-21,ZB,1:남성,2023,01_시즌,당해년도,여름,팬츠,반바지,팬츠_반바지_ZB,43.53558787881834,10591904,219,3154357,19278100
6928,2023-05-21,ZB,3:남녀공용,2023,01_시즌,당해년도,여름,니트 셔츠,라운드,니트 셔츠_라운드_ZB,48.79633060636619,12959672,316,2204943,25248400
6945,2023-05-28,ZA,1:남성,2023,01_시즌,당해년도,여름,우븐 셔츠,캐쥬얼셔츠,우븐 셔츠_캐쥬얼셔츠_ZA,42.26352787869048,10045100,190,1734425,19379200
6950,2023-05-28,ZA,3:남녀공용,2023,01_시즌,당해년도,봄,우븐 셔츠,캐쥬얼셔츠,우븐 셔츠_캐쥬얼셔츠_ZA,85.37336412625096,1159000,61,721791,7923900
6951,2023-05-28,ZA,3:남녀공용,2023,01_시즌,당해년도,여름,우븐 셔츠,캐쥬얼셔츠,우븐 셔츠_캐쥬얼셔츠_ZA,53.66893197314034,7913900,161,1603440,16503900
6952,2023-05-28,ZB,1:남성,2023,01_시즌,당해년도,봄,수트,블레이져(수트),수트_블레이져(수트)_ZB,32.0,6588960,39,2168873,10101000
6953,2023-05-28,ZB,1:남성,2023,01_시즌,당해년도,봄,수트,수트팬츠,수트_수트팬츠_ZB,32.0,3052440,34,1002169,4726000
6954,2023-05-28,ZB,1:남성,2023,01_시즌,당해년도,봄,스웨터,라운드,스웨터_라운드_ZB,81.07991391885841,1296500,62,799046,6813800
6955,2023-05-28,ZB,1:남성,2023,01_시즌,당해년도,봄,스웨터,오픈형(CARDIGAN),스웨터_오픈형(CARDIGAN)_ZB,81.08161909401244,11572000,333,5609174,61136700
6957,2023-05-28,ZB,1:남성,2023,01_시즌,당해년도,봄,점퍼,패딩점퍼,점퍼_패딩점퍼_ZB,80.406784519828,2050430,35,1010797,10465000
6958,2023-05-28,ZB,1:남성,2023,01_시즌,당해년도,봄,코트,싱글코트,코트_싱글코트_ZB,80.14819669743477,1944000,26,1096143,9334000
6959,2023-05-28,ZB,1:남성,2023,01_시즌,당해년도,사계절,니트 셔츠,라운드,니트 셔츠_라운드_ZB,67.2090112640801,340600,13,96587,1038700
6961,2023-05-28,ZB,1:남성,2023,01_시즌,당해년도,사계절,데님,데님팬츠,데님_데님팬츠_ZB,37.29663119304326,11917000,183,3322484,19131700
6962,2023-05-28,ZB,1:남성,2023,01_시즌,당해년도,사계절,수트,블레이져(수트),수트_블레이져(수트)_ZB,50.150377255187074,101281501,757,33562618,196063000
6963,2023-05-28,ZB,1:남성,2023,01_시즌,당해년도,사계절,수트,수트팬츠,수트_수트팬츠_ZB,52.50343983689178,54337457,800,17812551,111200000
6964,2023-05-28,ZB,1:남성,2023,01_시즌,당해년도,사계절,우븐 셔츠,드레스셔츠,우븐 셔츠_드레스셔츠_ZB,46.3575120042516,39052680,1085,7964538,75841500
6965,2023-05-28,ZB,1:남성,2023,01_시즌,당해년도,사계절,자켓,싱글재킷,자켓_싱글재킷_ZB,46.54811715481171,6132000,48,1628855,11472000
6967,2023-05-28,ZB,1:남성,2023,01_시즌,당해년도,여름,니트 셔츠,라운드,니트 셔츠_라운드_ZB,52.15803477595952,78598210,2652,17274993,169414800
6970,2023-05-28,ZB,1:남성,2023,01_시즌,당해년도,여름,수트,블레이져(수트),수트_블레이져(수트)_ZB,28.52802974924685,61582430,331,18981115,85729000
6971,2023-05-28,ZB,1:남성,2023,01_시즌,당해년도,여름,수트,수트팬츠,수트_수트팬츠_ZB,28.613779011616696,37511930,377,11138982,52403000
6972,2023-05-28,ZB,1:남성,2023,01_시즌,당해년도,여름,스웨터,T-에리,스웨터_T-에리_ZB,51.232793131023215,88836458,1797,18927921,179520300
6973,2023-05-28,ZB,1:남성,2023,01_시즌,당해년도,여름,스웨터,라운드,스웨터_라운드_ZB,50.42056190024918,33136990,743,8636497,66795700
6974,2023-05-28,ZB,1:남성,2023,01_시즌,당해년도,여름,우븐 셔츠,드레스셔츠,우븐 셔츠_드레스셔츠_ZB,44.91677061530547,52453550,1362,7142510,95203800
6978,2023-05-28,ZB,1:남성,2023,01_시즌,당해년도,여름,팬츠,반바지,팬츠_반바지_ZB,53.30629978264118,14532750,345,4242486,29635500
6980,2023-05-28,ZB,3:남녀공용,2023,01_시즌,당해년도,여름,니트 셔츠,라운드,니트 셔츠_라운드_ZB,50.52284480964864,15959300,404,2809546,32279600
6991,2023-06-04,ZA,1:남성,2023,01_시즌,당해년도,여름,우븐 셔츠,캐쥬얼셔츠,우븐 셔츠_캐쥬얼셔츠_ZA,45.566190383036535,15586200,282,2681521,29203700
7001,2023-06-04,ZA,3:남녀공용,2023,01_시즌,당해년도,여름,우븐 셔츠,캐쥬얼셔츠,우븐 셔츠_캐쥬얼셔츠_ZA,62.32230026473106,7240796,199,1912059,20210100
7003,2023-06-04,ZA,3:남녀공용,2023,02_이월,당해년도,봄,우븐 셔츠,캐쥬얼셔츠,우븐 셔츠_캐쥬얼셔츠_ZA,83.45026678346738,1246890,58,686294,7534200
7004,2023-06-04,ZB,1:남성,2023,01_시즌,당해년도,사계절,니트 셔츠,라운드,니트 셔츠_라운드_ZB,63.103879849812266,766480,26,193174,2077400
7006,2023-06-04,ZB,1:남성,2023,01_시즌,당해년도,사계절,데님,데님팬츠,데님_데님팬츠_ZB,46.90974613835835,14861724,275,5029204,28732500
7007,2023-06-04,ZB,1:남성,2023,01_시즌,당해년도,사계절,수트,블레이져(수트),수트_블레이져(수트)_ZB,46.00492057374739,174720377,1083,49724513,280497000
7008,2023-06-04,ZB,1:남성,2023,01_시즌,당해년도,사계절,수트,수트팬츠,수트_수트팬츠_ZB,49.07901854110154,96571867,1131,26434120,157209000
7009,2023-06-04,ZB,1:남성,2023,01_시즌,당해년도,사계절,우븐 셔츠,드레스셔츠,우븐 셔츠_드레스셔츠_ZB,45.88432655716061,57975190,1548,11239167,108205200
7010,2023-06-04,ZB,1:남성,2023,01_시즌,당해년도,사계절,자켓,싱글재킷,자켓_싱글재킷_ZB,46.28353433423579,4365000,34,1153772,8126000
7012,2023-06-04,ZB,1:남성,2023,01_시즌,당해년도,여름,니트 셔츠,라운드,니트 셔츠_라운드_ZB,59.16143471111491,111715389,4281,27755394,272951900
7015,2023-06-04,ZB,1:남성,2023,01_시즌,당해년도,여름,수트,블레이져(수트),수트_블레이져(수트)_ZB,28.14820429946128,75811890,407,23227198,105413000
7016,2023-06-04,ZB,1:남성,2023,01_시즌,당해년도,여름,수트,수트팬츠,수트_수트팬츠_ZB,28.58773726420202,48573739,488,14313310,67832000
7017,2023-06-04,ZB,1:남성,2023,01_시즌,당해년도,여름,스웨터,T-에리,스웨터_T-에리_ZB,65.30723908670518,115888869,3337,33850700,333366300
7018,2023-06-04,ZB,1:남성,2023,01_시즌,당해년도,여름,스웨터,라운드,스웨터_라운드_ZB,58.75171175679272,45880127,1197,14027267,107610300
7019,2023-06-04,ZB,1:남성,2023,01_시즌,당해년도,여름,우븐 셔츠,드레스셔츠,우븐 셔츠_드레스셔츠_ZB,46.52062828991289,78113680,2089,12231152,146021100
7023,2023-06-04,ZB,1:남성,2023,01_시즌,당해년도,여름,팬츠,반바지,팬츠_반바지_ZB,60.6326982604844,21992532,608,8024930,52749200
7025,2023-06-04,ZB,1:남성,2023,02_이월,당해년도,봄,수트,블레이져(수트),수트_블레이져(수트)_ZB,32.043436293436294,4345800,26,1456906,6734000
7026,2023-06-04,ZB,1:남성,2023,02_이월,당해년도,봄,수트,수트팬츠,수트_수트팬츠_ZB,49.0,2885640,31,909314,4309000
7027,2023-06-04,ZB,1:남성,2023,02_이월,당해년도,봄,스웨터,라운드,스웨터_라운드_ZB,81.60080592746652,1132360,56,716653,6154400
7028,2023-06-04,ZB,1:남성,2023,02_이월,당해년도,봄,스웨터,오픈형(CARDIGAN),스웨터_오픈형(CARDIGAN)_ZB,80.33041882727069,3392700,94,1606231,17410600
7030,2023-06-04,ZB,1:남성,2023,02_이월,당해년도,봄,점퍼,패딩점퍼,점퍼_패딩점퍼_ZB,79.5524788510722,2078695,34,982408,10166000
7031,2023-06-04,ZB,1:남성,2023,02_이월,당해년도,봄,코트,싱글코트,코트_싱글코트_ZB,74.80152042711235,1625202,22,994136,7898000
7032,2023-06-04,ZB,3:남녀공용,2023,01_시즌,당해년도,여름,니트 셔츠,라운드,니트 셔츠_라운드_ZB,58.70266591782457,23380231,708,4928481,56569200
7043,2023-06-11,ZA,1:남성,2023,01_시즌,당해년도,여름,우븐 셔츠,캐쥬얼셔츠,우븐 셔츠_캐쥬얼셔츠_ZA,40.55993453624143,14847500,266,2564785,27260700
7053,2023-06-11,ZA,3:남녀공용,2023,01_시즌,당해년도,여름,우븐 셔츠,캐쥬얼셔츠,우븐 셔츠_캐쥬얼셔츠_ZA,68.32545261599013,7907330,248,2204482,24895200
7055,2023-06-11,ZA,3:남녀공용,2023,02_이월,당해년도,봄,우븐 셔츠,캐쥬얼셔츠,우븐 셔츠_캐쥬얼셔츠_ZA,84.3870284834488,649000,32,378645,4156800
7056,2023-06-11,ZB,1:남성,2023,01_시즌,당해년도,사계절,니트 셔츠,라운드,니트 셔츠_라운드_ZB,61.76032540675845,427749,14,104017,1118600
7058,2023-06-11,ZB,1:남성,2023,01_시즌,당해년도,사계절,데님,데님팬츠,데님_데님팬츠_ZB,47.73726493609129,12739800,244,4471277,25435600
7059,2023-06-11,ZB,1:남성,2023,01_시즌,당해년도,사계절,수트,블레이져(수트),수트_블레이져(수트)_ZB,57.385175902439,124613571,946,42225258,245014000
7060,2023-06-11,ZB,1:남성,2023,01_시즌,당해년도,사계절,수트,수트팬츠,수트_수트팬츠_ZB,59.442799175339054,72879843,1081,24503153,150259000
7061,2023-06-11,ZB,1:남성,2023,01_시즌,당해년도,사계절,우븐 셔츠,드레스셔츠,우븐 셔츠_드레스셔츠_ZB,47.40162592934965,58181250,1584,11439789,110721600
7062,2023-06-11,ZB,1:남성,2023,01_시즌,당해년도,사계절,자켓,싱글재킷,자켓_싱글재킷_ZB,37.65690376569037,2086000,14,475083,3346000
7064,2023-06-11,ZB,1:남성,2023,01_시즌,당해년도,여름,니트 셔츠,라운드,니트 셔츠_라운드_ZB,60.94413358162631,108497850,4376,28802413,279482400
7067,2023-06-11,ZB,1:남성,2023,01_시즌,당해년도,여름,수트,블레이져(수트),수트_블레이져(수트)_ZB,28.38310460758377,71406300,384,21880577,99456000
7068,2023-06-11,ZB,1:남성,2023,01_시즌,당해년도,여름,수트,수트팬츠,수트_수트팬츠_ZB,28.28920023827377,41143500,412,12048481,57268000
7069,2023-06-11,ZB,1:남성,2023,01_시즌,당해년도,여름,스웨터,T-에리,스웨터_T-에리_ZB,65.0459620951704,146258495,4176,41981815,417182400
7070,2023-06-11,ZB,1:남성,2023,01_시즌,당해년도,여름,스웨터,라운드,스웨터_라운드_ZB,56.24684014849674,42496940,1083,12358118,97361700
7071,2023-06-11,ZB,1:남성,2023,01_시즌,당해년도,여름,우븐 셔츠,드레스셔츠,우븐 셔츠_드레스셔츠_ZB,47.18346220580316,63946950,1731,11001917,120996900
7075,2023-06-11,ZB,1:남성,2023,01_시즌,당해년도,여름,팬츠,반바지,팬츠_반바지_ZB,64.5254807227861,31818470,977,12950316,84652300
7077,2023-06-11,ZB,1:남성,2023,02_이월,당해년도,봄,수트,블레이져(수트),수트_블레이져(수트)_ZB,31.84375,3535350,21,1153757,5439000
7078,2023-06-11,ZB,1:남성,2023,02_이월,당해년도,봄,수트,수트팬츠,수트_수트팬츠_ZB,32.9,2164230,24,691533,3336000
7079,2023-06-11,ZB,1:남성,2023,02_이월,당해년도,봄,스웨터,라운드,스웨터_라운드_ZB,83.43376933575978,983906,54,695265,5934600
7080,2023-06-11,ZB,1:남성,2023,02_이월,당해년도,봄,스웨터,오픈형(CARDIGAN),스웨터_오픈형(CARDIGAN)_ZB,79.09081418442042,2765300,72,1213401,13222800
7082,2023-06-11,ZB,1:남성,2023,02_이월,당해년도,봄,점퍼,패딩점퍼,점퍼_패딩점퍼_ZB,87.00191113234591,272050,7,202178,2093000
7083,2023-06-11,ZB,1:남성,2023,02_이월,당해년도,봄,코트,싱글코트,코트_싱글코트_ZB,80.36211699164346,2516000,34,1445850,12206000
7084,2023-06-11,ZB,3:남녀공용,2023,01_시즌,당해년도,여름,니트 셔츠,라운드,니트 셔츠_라운드_ZB,61.095136019037454,18172410,586,4066982,46821400
7095,2023-06-18,ZA,1:남성,2023,01_시즌,당해년도,여름,우븐 셔츠,캐쥬얼셔츠,우븐 셔츠_캐쥬얼셔츠_ZA,54.392370560907445,7795700,159,1745922,16620500
7105,2023-06-18,ZA,3:남녀공용,2023,01_시즌,당해년도,여름,우븐 셔츠,캐쥬얼셔츠,우븐 셔츠_캐쥬얼셔츠_ZA,64.64831438080738,6621911,173,1641600,17492700
7107,2023-06-18,ZA,3:남녀공용,2023,02_이월,당해년도,봄,우븐 셔츠,캐쥬얼셔츠,우븐 셔츠_캐쥬얼셔츠_ZA,84.69310712382305,1033950,52,615296,6754800
7108,2023-06-18,ZB,1:남성,2023,01_시즌,당해년도,사계절,니트 셔츠,라운드,니트 셔츠_라운드_ZB,63.79587785224141,17616600,609,4524739,48659100
7110,2023-06-18,ZB,1:남성,2023,01_시즌,당해년도,사계절,데님,데님팬츠,데님_데님팬츠_ZB,49.84916612891806,9262900,180,3279222,18742000
7111,2023-06-18,ZB,1:남성,2023,01_시즌,당해년도,사계절,수트,블레이져(수트),수트_블레이져(수트)_ZB,58.325047766000544,102045804,725,32996079,187775000
7112,2023-06-18,ZB,1:남성,2023,01_시즌,당해년도,사계절,수트,수트팬츠,수트_수트팬츠_ZB,59.32782159202346,60977543,823,18996292,114397000
7113,2023-06-18,ZB,1:남성,2023,01_시즌,당해년도,사계절,우븐 셔츠,드레스셔츠,우븐 셔츠_드레스셔츠_ZB,42.55486770731677,60278100,1524,10896040,106527600
7114,2023-06-18,ZB,1:남성,2023,01_시즌,당해년도,사계절,자켓,싱글재킷,자켓_싱글재킷_ZB,37.65690376569037,2384000,16,542952,3824000
7116,2023-06-18,ZB,1:남성,2023,01_시즌,당해년도,여름,니트 셔츠,라운드,니트 셔츠_라운드_ZB,63.181355591514745,107608373,4776,31616036,305602400
7119,2023-06-18,ZB,1:남성,2023,01_시즌,당해년도,여름,수트,블레이져(수트),수트_블레이져(수트)_ZB,34.00321041981532,59979160,349,19914666,90391000
7120,2023-06-18,ZB,1:남성,2023,01_시즌,당해년도,여름,수트,수트팬츠,수트_수트팬츠_ZB,33.92404390729467,36916990,401,11792478,55739000
7121,2023-06-18,ZB,1:남성,2023,01_시즌,당해년도,여름,스웨터,T-에리,스웨터_T-에리_ZB,67.03432802191199,184306834,5589,56141874,558341100
7122,2023-06-18,ZB,1:남성,2023,01_시즌,당해년도,여름,스웨터,라운드,스웨터_라운드_ZB,64.90532498523946,39213650,1212,14274297,108958800
7123,2023-06-18,ZB,1:남성,2023,01_시즌,당해년도,여름,우븐 셔츠,드레스셔츠,우븐 셔츠_드레스셔츠_ZB,60.09123292289844,62448100,2245,14657144,156925500
7127,2023-06-18,ZB,1:남성,2023,01_시즌,당해년도,여름,팬츠,반바지,팬츠_반바지_ZB,69.95187357527745,27506530,1030,12950689,89107000
7129,2023-06-18,ZB,1:남성,2023,02_이월,당해년도,봄,수트,블레이져(수트),수트_블레이져(수트)_ZB,31.0,3978240,23,1258785,5957000
7130,2023-06-18,ZB,1:남성,2023,02_이월,당해년도,봄,수트,수트팬츠,수트_수트팬츠_ZB,31.0,2301840,25,720680,3475000
7131,2023-06-18,ZB,1:남성,2023,02_이월,당해년도,봄,스웨터,라운드,스웨터_라운드_ZB,83.27700506954375,293700,16,206160,1758400
7132,2023-06-18,ZB,1:남성,2023,02_이월,당해년도,봄,스웨터,오픈형(CARDIGAN),스웨터_오픈형(CARDIGAN)_ZB,79.71797915314028,1632100,44,763218,8225600
7134,2023-06-18,ZB,1:남성,2023,02_이월,당해년도,봄,점퍼,패딩점퍼,점퍼_패딩점퍼_ZB,78.80565217391305,633711,10,288907,2990000
7135,2023-06-18,ZB,1:남성,2023,02_이월,당해년도,봄,코트,싱글코트,코트_싱글코트_ZB,80.77994428969359,4917000,63,2786544,22617000
7136,2023-06-18,ZB,3:남녀공용,2023,01_시즌,당해년도,여름,니트 셔츠,라운드,니트 셔츠_라운드_ZB,67.4321800374947,15511000,597,4149675,47700300
7147,2023-06-25,ZA,1:남성,2023,01_시즌,당해년도,여름,우븐 셔츠,캐쥬얼셔츠,우븐 셔츠_캐쥬얼셔츠_ZA,56.55026380557138,7858700,167,1815022,17537900
7157,2023-06-25,ZA,3:남녀공용,2023,01_시즌,당해년도,여름,우븐 셔츠,캐쥬얼셔츠,우븐 셔츠_캐쥬얼셔츠_ZA,66.08657299111495,3221050,100,903187,10140000
7159,2023-06-25,ZA,3:남녀공용,2023,02_이월,당해년도,봄,우븐 셔츠,캐쥬얼셔츠,우븐 셔츠_캐쥬얼셔츠_ZA,85.61830778920849,1233000,66,780953,8573400
7160,2023-06-25,ZB,1:남성,2023,01_시즌,당해년도,사계절,니트 셔츠,라운드,니트 셔츠_라운드_ZB,42.27439471753485,6687800,145,1077319,11585500
7162,2023-06-25,ZB,1:남성,2023,01_시즌,당해년도,사계절,데님,데님팬츠,데님_데님팬츠_ZB,42.25196449253893,9264800,157,2897642,16244300
7163,2023-06-25,ZB,1:남성,2023,01_시즌,당해년도,사계절,수트,블레이져(수트),수트_블레이져(수트)_ZB,56.73933364402321,92162557,576,26714784,149184000
7164,2023-06-25,ZB,1:남성,2023,01_시즌,당해년도,사계절,수트,수트팬츠,수트_수트팬츠_ZB,59.1521569442749,51730786,599,14236940,83261000
7165,2023-06-25,ZB,1:남성,2023,01_시즌,당해년도,사계절,우븐 셔츠,드레스셔츠,우븐 셔츠_드레스셔츠_ZB,49.54408554374693,34078300,1019,7552229,71228100
7166,2023-06-25,ZB,1:남성,2023,01_시즌,당해년도,사계절,자켓,싱글재킷,자켓_싱글재킷_ZB,32.86128097843579,2086000,13,441148,3107000
7168,2023-06-25,ZB,1:남성,2023,01_시즌,당해년도,여름,니트 셔츠,라운드,니트 셔츠_라운드_ZB,62.11670530967581,116918277,4813,32964211,313698700
7171,2023-06-25,ZB,1:남성,2023,01_시즌,당해년도,여름,수트,블레이져(수트),수트_블레이져(수트)_ZB,36.327151097371456,44490372,268,15269201,69412000
7172,2023-06-25,ZB,1:남성,2023,01_시즌,당해년도,여름,수트,수트팬츠,수트_수트팬츠_ZB,35.205679620035795,29045528,322,9440149,44758000
7173,2023-06-25,ZB,1:남성,2023,01_시즌,당해년도,여름,스웨터,T-에리,스웨터_T-에리_ZB,65.49650321374443,121606772,3479,35813994,347552100
7174,2023-06-25,ZB,1:남성,2023,01_시즌,당해년도,여름,스웨터,라운드,스웨터_라운드_ZB,59.59200967818728,35513130,976,11138477,87742400
7175,2023-06-25,ZB,1:남성,2023,01_시즌,당해년도,여름,우븐 셔츠,드레스셔츠,우븐 셔츠_드레스셔츠_ZB,63.17689364335543,73597100,2915,20220822,203758500
7179,2023-06-25,ZB,1:남성,2023,01_시즌,당해년도,여름,팬츠,반바지,팬츠_반바지_ZB,67.28736624382282,46826302,1633,20340948,141116700
7181,2023-06-25,ZB,1:남성,2023,02_이월,당해년도,봄,수트,블레이져(수트),수트_블레이져(수트)_ZB,27.25,2393160,13,717978,3367000
7182,2023-06-25,ZB,1:남성,2023,02_이월,당해년도,봄,수트,수트팬츠,수트_수트팬츠_ZB,27.25,1617960,17,500331,2363000
7183,2023-06-25,ZB,1:남성,2023,02_이월,당해년도,봄,스웨터,라운드,스웨터_라운드_ZB,82.68225659690629,2514400,135,1647012,14836500
7184,2023-06-25,ZB,1:남성,2023,02_이월,당해년도,봄,스웨터,오픈형(CARDIGAN),스웨터_오픈형(CARDIGAN)_ZB,82.28019166369384,2599000,80,1331765,14582000
7186,2023-06-25,ZB,1:남성,2023,02_이월,당해년도,봄,점퍼,패딩점퍼,점퍼_패딩점퍼_ZB,83.13311036789298,756480,15,433361,4485000
7187,2023-06-25,ZB,1:남성,2023,02_이월,당해년도,봄,코트,싱글코트,코트_싱글코트_ZB,80.93557943140115,-5618400,-66,-3066172,-23694000
7188,2023-06-25,ZB,3:남녀공용,2023,01_시즌,당해년도,여름,니트 셔츠,라운드,니트 셔츠_라운드_ZB,70.38558426529363,17430910,741,5141972,59205900
7199,2023-07-02,ZA,1:남성,2023,01_시즌,당해년도,여름,우븐 셔츠,캐쥬얼셔츠,우븐 셔츠_캐쥬얼셔츠_ZA,54.25159365280405,11799500,240,2356152,24742400
7209,2023-07-02,ZA,3:남녀공용,2023,01_시즌,당해년도,여름,우븐 셔츠,캐쥬얼셔츠,우븐 셔츠_캐쥬얼셔츠_ZA,62.027440107024624,4585156,116,1077779,11678400
7211,2023-07-02,ZA,3:남녀공용,2023,02_이월,당해년도,봄,우븐 셔츠,캐쥬얼셔츠,우븐 셔츠_캐쥬얼셔츠_ZA,85.6598220504522,2738300,147,1739397,19095300
7212,2023-07-02,ZB,1:남성,2023,01_시즌,당해년도,사계절,니트 셔츠,라운드,니트 셔츠_라운드_ZB,63.74268648819154,17816300,615,4569318,49138500
7214,2023-07-02,ZB,1:남성,2023,01_시즌,당해년도,사계절,데님,데님팬츠,데님_데님팬츠_ZB,37.63057076074134,8437900,132,2437036,13666800
7215,2023-07-02,ZB,1:남성,2023,01_시즌,당해년도,사계절,수트,블레이져(수트),수트_블레이져(수트)_ZB,51.01098322595283,85240290,548,24966241,141932000
7216,2023-07-02,ZB,1:남성,2023,01_시즌,당해년도,사계절,수트,수트팬츠,수트_수트팬츠_ZB,51.99130526379082,55213451,655,15223816,91045000
7217,2023-07-02,ZB,1:남성,2023,01_시즌,당해년도,사계절,우븐 셔츠,드레스셔츠,우븐 셔츠_드레스셔츠_ZB,49.37302178979451,42064199,1357,9754801,94854300
7218,2023-07-02,ZB,1:남성,2023,01_시즌,당해년도,사계절,자켓,싱글재킷,자켓_싱글재킷_ZB,31.95131228604032,1789000,11,373279,2629000
7220,2023-07-02,ZB,1:남성,2023,01_시즌,당해년도,여름,니트 셔츠,라운드,니트 셔츠_라운드_ZB,62.36097338483269,108151125,4466,31395106,295593400
7223,2023-07-02,ZB,1:남성,2023,01_시즌,당해년도,여름,수트,블레이져(수트),수트_블레이져(수트)_ZB,34.946464174635295,42952318,252,14417755,65268000
7224,2023-07-02,ZB,1:남성,2023,01_시즌,당해년도,여름,수트,수트팬츠,수트_수트팬츠_ZB,32.88474554260837,26935473,289,8493850,40171000
7225,2023-07-02,ZB,1:남성,2023,01_시즌,당해년도,여름,스웨터,T-에리,스웨터_T-에리_ZB,68.59613411710137,177129755,5715,60830800,570928500
7226,2023-07-02,ZB,1:남성,2023,01_시즌,당해년도,여름,스웨터,라운드,스웨터_라운드_ZB,60.77692627303882,31873145,905,10477641,81359500
7227,2023-07-02,ZB,1:남성,2023,01_시즌,당해년도,여름,우븐 셔츠,드레스셔츠,우븐 셔츠_드레스셔츠_ZB,48.18924209113744,47877365,1501,8170853,104919900
7231,2023-07-02,ZB,1:남성,2023,01_시즌,당해년도,여름,팬츠,반바지,팬츠_반바지_ZB,69.2624021489345,38603493,1412,16301902,121498800
7233,2023-07-02,ZB,1:남성,2023,02_이월,당해년도,봄,수트,블레이져(수트),수트_블레이져(수트)_ZB,26.32017993267993,9432350,53,2769910,13727000
7234,2023-07-02,ZB,1:남성,2023,02_이월,당해년도,봄,수트,수트팬츠,수트_수트팬츠_ZB,34.79820804195804,5338990,58,1609391,8062000
7235,2023-07-02,ZB,1:남성,2023,02_이월,당해년도,봄,스웨터,라운드,스웨터_라운드_ZB,83.47697475761665,13143350,714,9287367,78468600
7236,2023-07-02,ZB,1:남성,2023,02_이월,당해년도,봄,스웨터,오픈형(CARDIGAN),스웨터_오픈형(CARDIGAN)_ZB,79.96090879073519,11008350,291,4520938,50880900
7238,2023-07-02,ZB,1:남성,2023,02_이월,당해년도,봄,점퍼,패딩점퍼,점퍼_패딩점퍼_ZB,79.68157748049052,2916100,48,1387001,14352000
7239,2023-07-02,ZB,1:남성,2023,02_이월,당해년도,봄,코트,싱글코트,코트_싱글코트_ZB,79.90139275766018,3017700,40,1678259,14360000
7240,2023-07-02,ZB,3:남녀공용,2023,01_시즌,당해년도,여름,니트 셔츠,라운드,니트 셔츠_라운드_ZB,68.07418455407945,16341581,641,4460433,51215900
7247,2023-07-09,ZA,1:남성,2023,01_시즌,당해년도,겨울,우븐 셔츠,캐쥬얼셔츠,우븐 셔츠_캐쥬얼셔츠_ZA,0.0,0,0,0,0
7252,2023-07-09,ZA,1:남성,2023,01_시즌,당해년도,여름,우븐 셔츠,캐쥬얼셔츠,우븐 셔츠_캐쥬얼셔츠_ZA,60.258930686890736,10267100,243,2390751,25012100
7262,2023-07-09,ZA,3:남녀공용,2023,01_시즌,당해년도,여름,우븐 셔츠,캐쥬얼셔츠,우븐 셔츠_캐쥬얼셔츠_ZA,69.4486725504292,8670411,315,2753940,31708500
7264,2023-07-09,ZA,3:남녀공용,2023,02_이월,당해년도,봄,우븐 셔츠,캐쥬얼셔츠,우븐 셔츠_캐쥬얼셔츠_ZA,85.36694893507827,684300,36,425974,4676400
7267,2023-07-09,ZB,1:남성,2023,01_시즌,당해년도,사계절,니트 셔츠,라운드,니트 셔츠_라운드_ZB,63.70463078848561,-7859000,-271,-2013472,-21652900
7269,2023-07-09,ZB,1:남성,2023,01_시즌,당해년도,사계절,데님,데님팬츠,데님_데님팬츠_ZB,40.09508731694307,8909840,144,2622610,15005600
7270,2023-07-09,ZB,1:남성,2023,01_시즌,당해년도,사계절,수트,블레이져(수트),수트_블레이져(수트)_ZB,62.19487501187374,111194141,925,41466653,239575000
7271,2023-07-09,ZB,1:남성,2023,01_시즌,당해년도,사계절,수트,수트팬츠,수트_수트팬츠_ZB,63.94166657167985,67674954,1088,24889138,151232000
7272,2023-07-09,ZB,1:남성,2023,01_시즌,당해년도,사계절,우븐 셔츠,드레스셔츠,우븐 셔츠_드레스셔츠_ZB,48.55694472303087,36472145,1019,7346923,71228100
7273,2023-07-09,ZB,1:남성,2023,01_시즌,당해년도,사계절,자켓,싱글재킷,자켓_싱글재킷_ZB,37.65690376569037,1341000,9,305410,2151000
7275,2023-07-09,ZB,1:남성,2023,01_시즌,당해년도,여름,니트 셔츠,라운드,니트 셔츠_라운드_ZB,68.05878410518181,77797900,4159,26353664,260884100
7278,2023-07-09,ZB,1:남성,2023,01_시즌,당해년도,여름,수트,블레이져(수트),수트_블레이져(수트)_ZB,32.14238242061771,35222676,200,11370646,51800000
7279,2023-07-09,ZB,1:남성,2023,01_시즌,당해년도,여름,수트,수트팬츠,수트_수트팬츠_ZB,31.31493903953276,23165484,243,7094365,33777000
7280,2023-07-09,ZB,1:남성,2023,01_시즌,당해년도,여름,스웨터,T-에리,스웨터_T-에리_ZB,70.96982685775392,102415702,3727,35657616,372327300
7281,2023-07-09,ZB,1:남성,2023,01_시즌,당해년도,여름,스웨터,라운드,스웨터_라운드_ZB,59.66022768942261,24993490,685,7897373,61581500
7282,2023-07-09,ZB,1:남성,2023,01_시즌,당해년도,여름,우븐 셔츠,드레스셔츠,우븐 셔츠_드레스셔츠_ZB,65.20427371317788,58960890,2424,15616301,169437600
7286,2023-07-09,ZB,1:남성,2023,01_시즌,당해년도,여름,팬츠,반바지,팬츠_반바지_ZB,70.17964303538065,29955250,1158,10611864,98494200
7288,2023-07-09,ZB,1:남성,2023,02_이월,당해년도,봄,수트,블레이져(수트),수트_블레이져(수트)_ZB,36.22,7065520,40,2116880,10360000
7289,2023-07-09,ZB,1:남성,2023,02_이월,당해년도,봄,수트,수트팬츠,수트_수트팬츠_ZB,29.925,6905520,71,1959894,9869000
7290,2023-07-09,ZB,1:남성,2023,02_이월,당해년도,봄,스웨터,라운드,스웨터_라운드_ZB,83.16601006464356,1294000,70,921058,7693000
7291,2023-07-09,ZB,1:남성,2023,02_이월,당해년도,봄,스웨터,오픈형(CARDIGAN),스웨터_오픈형(CARDIGAN)_ZB,79.00554317431275,2237900,58,1001776,10814200
7293,2023-07-09,ZB,1:남성,2023,02_이월,당해년도,봄,점퍼,패딩점퍼,점퍼_패딩점퍼_ZB,81.90001153269519,1569450,29,837954,8671000
7294,2023-07-09,ZB,1:남성,2023,02_이월,당해년도,봄,코트,싱글코트,코트_싱글코트_ZB,81.68523676880223,-28000,3,64423,1077000
7295,2023-07-09,ZB,3:남녀공용,2023,01_시즌,당해년도,여름,니트 셔츠,라운드,니트 셔츠_라운드_ZB,69.2574464302993,11320567,461,3203874,36833900
7302,2023-07-16,ZA,1:남성,2023,01_시즌,당해년도,겨울,우븐 셔츠,캐쥬얼셔츠,우븐 셔츠_캐쥬얼셔츠_ZA,0.0,0,0,0,0
7307,2023-07-16,ZA,1:남성,2023,01_시즌,당해년도,여름,우븐 셔츠,캐쥬얼셔츠,우븐 셔츠_캐쥬얼셔츠_ZA,66.89873476819938,9176000,288,2959421,30062200
7317,2023-07-16,ZA,3:남녀공용,2023,01_시즌,당해년도,여름,우븐 셔츠,캐쥬얼셔츠,우븐 셔츠_캐쥬얼셔츠_ZA,71.8451782773167,4297809,176,1520787,17642400
7319,2023-07-16,ZA,3:남녀공용,2023,02_이월,당해년도,봄,우븐 셔츠,캐쥬얼셔츠,우븐 셔츠_캐쥬얼셔츠_ZA,85.37336412625096,1102000,58,686292,7534200
7320,2023-07-16,ZB,1:남성,2023,01_시즌,당해년도,가을,수트,블레이져(수트),수트_블레이져(수트)_ZB,20.89793103448276,18374940,83,4232777,23157000
7321,2023-07-16,ZB,1:남성,2023,01_시즌,당해년도,가을,수트,수트팬츠,수트_수트팬츠_ZB,20.950663129973474,11109440,94,2371406,14006000
7324,2023-07-16,ZB,1:남성,2023,01_시즌,당해년도,사계절,니트 셔츠,라운드,니트 셔츠_라운드_ZB,58.17124826228225,-20520600,-614,-4561888,-49058600
7326,2023-07-16,ZB,1:남성,2023,01_시즌,당해년도,사계절,데님,데님팬츠,데님_데님팬츠_ZB,43.94841388414869,6803780,118,2163874,12128200
7327,2023-07-16,ZB,1:남성,2023,01_시즌,당해년도,사계절,수트,블레이져(수트),수트_블레이져(수트)_ZB,62.469190384434285,95983742,706,32114569,182854000
7328,2023-07-16,ZB,1:남성,2023,01_시즌,당해년도,사계절,수트,수트팬츠,수트_수트팬츠_ZB,63.104855797901365,58079270,835,19332381,116065000
7329,2023-07-16,ZB,1:남성,2023,01_시즌,당해년도,사계절,우븐 셔츠,드레스셔츠,우븐 셔츠_드레스셔츠_ZB,46.47208122055425,31209704,842,6100439,58855800
7330,2023-07-16,ZB,1:남성,2023,01_시즌,당해년도,사계절,자켓,싱글재킷,자켓_싱글재킷_ZB,38.26882845188285,1770450,12,407214,2868000
7332,2023-07-16,ZB,1:남성,2023,01_시즌,당해년도,여름,니트 셔츠,라운드,니트 셔츠_라운드_ZB,71.70702669943157,50691610,2908,18866681,185229200
7335,2023-07-16,ZB,1:남성,2023,01_시즌,당해년도,여름,수트,블레이져(수트),수트_블레이져(수트)_ZB,28.563987058104704,31741344,171,9726018,44289000
7336,2023-07-16,ZB,1:남성,2023,01_시즌,당해년도,여름,수트,수트팬츠,수트_수트팬츠_ZB,28.27510154789526,20892064,209,6089552,29051000
7337,2023-07-16,ZB,1:남성,2023,01_시즌,당해년도,여름,스웨터,T-에리,스웨터_T-에리_ZB,73.17294955383161,74568049,2912,27828370,290908800
7338,2023-07-16,ZB,1:남성,2023,01_시즌,당해년도,여름,스웨터,라운드,스웨터_라운드_ZB,63.54872831804594,24364965,732,8416164,65806800
7339,2023-07-16,ZB,1:남성,2023,01_시즌,당해년도,여름,우븐 셔츠,드레스셔츠,우븐 셔츠_드레스셔츠_ZB,67.13016368913776,47827650,2086,13030939,145811400
7343,2023-07-16,ZB,1:남성,2023,01_시즌,당해년도,여름,팬츠,반바지,팬츠_반바지_ZB,71.13678654036363,35416590,1372,13672703,116642800
7345,2023-07-16,ZB,1:남성,2023,02_이월,당해년도,봄,수트,블레이져(수트),수트_블레이져(수트)_ZB,27.676748176748177,8033600,45,2457094,11655000
7346,2023-07-16,ZB,1:남성,2023,02_이월,당해년도,봄,수트,수트팬츠,수트_수트팬츠_ZB,7.617942583732058,2988500,33,963516,4587000
7347,2023-07-16,ZB,1:남성,2023,02_이월,당해년도,봄,스웨터,라운드,스웨터_라운드_ZB,82.79171541227956,721900,38,489105,4176200
7348,2023-07-16,ZB,1:남성,2023,02_이월,당해년도,봄,스웨터,오픈형(CARDIGAN),스웨터_오픈형(CARDIGAN)_ZB,81.09003001612832,2736200,80,1412561,15122000
7350,2023-07-16,ZB,1:남성,2023,02_이월,당해년도,봄,점퍼,패딩점퍼,점퍼_패딩점퍼_ZB,80.2675585284281,531000,9,259903,2691000
7351,2023-07-16,ZB,1:남성,2023,02_이월,당해년도,봄,코트,싱글코트,코트_싱글코트_ZB,81.80618677613253,2364000,36,1485937,12924000
7352,2023-07-16,ZB,3:남녀공용,2023,01_시즌,당해년도,여름,니트 셔츠,라운드,니트 셔츠_라운드_ZB,70.70212595572723,9773619,418,2897324,33398200
7361,2023-07-23,ZA,1:남성,2023,01_시즌,당해년도,겨울,우븐 셔츠,캐쥬얼셔츠,우븐 셔츠_캐쥬얼셔츠_ZA,0.0,99900,1,10378,99900
7366,2023-07-23,ZA,1:남성,2023,01_시즌,당해년도,여름,우븐 셔츠,캐쥬얼셔츠,우븐 셔츠_캐쥬얼셔츠_ZA,66.66639865513393,9337100,304,2794722,30623200
7376,2023-07-23,ZA,3:남녀공용,2023,01_시즌,당해년도,여름,우븐 셔츠,캐쥬얼셔츠,우븐 셔츠_캐쥬얼셔츠_ZA,69.92630197557064,4334932,145,1340834,14665500
7378,2023-07-23,ZA,3:남녀공용,2023,02_이월,당해년도,봄,우븐 셔츠,캐쥬얼셔츠,우븐 셔츠_캐쥬얼셔츠_ZA,82.62336412625096,451445,20,236653,2598000
7379,2023-07-23,ZB,1:남성,2023,01_시즌,당해년도,가을,수트,블레이져(수트),수트_블레이져(수트)_ZB,21.123456790123456,22375800,101,5105717,28179000
7380,2023-07-23,ZB,1:남성,2023,01_시즌,당해년도,가을,수트,수트팬츠,수트_수트팬츠_ZB,20.980676328502412,13380200,113,2834733,16837000
7383,2023-07-23,ZB,1:남성,2023,01_시즌,당해년도,사계절,니트 셔츠,라운드,니트 셔츠_라운드_ZB,63.36090112640801,-7318660,-250,-1857446,-19975000
7385,2023-07-23,ZB,1:남성,2023,01_시즌,당해년도,사계절,데님,데님팬츠,데님_데님팬츠_ZB,44.992798437807245,6567910,117,2139083,12148300
7386,2023-07-23,ZB,1:남성,2023,01_시즌,당해년도,사계절,수트,블레이져(수트),수트_블레이져(수트)_ZB,61.10932753728452,94685486,715,32355926,185185000
7387,2023-07-23,ZB,1:남성,2023,01_시즌,당해년도,사계절,수트,수트팬츠,수트_수트팬츠_ZB,62.41857626100556,56527281,824,18985548,114536000
7388,2023-07-23,ZB,1:남성,2023,01_시즌,당해년도,사계절,우븐 셔츠,드레스셔츠,우븐 셔츠_드레스셔츠_ZB,46.27449037602823,33550679,903,6500432,63119700
7389,2023-07-23,ZB,1:남성,2023,01_시즌,당해년도,사계절,자켓,싱글재킷,자켓_싱글재킷_ZB,37.65690376569037,1937000,13,441148,3107000
7391,2023-07-23,ZB,1:남성,2023,01_시즌,당해년도,여름,니트 셔츠,라운드,니트 셔츠_라운드_ZB,70.45777344456869,82648465,4723,29639832,295387700
7394,2023-07-23,ZB,1:남성,2023,01_시즌,당해년도,여름,수트,블레이져(수트),수트_블레이져(수트)_ZB,28.03925339366516,22942220,123,7057457,31857000
7395,2023-07-23,ZB,1:남성,2023,01_시즌,당해년도,여름,수트,수트팬츠,수트_수트팬츠_ZB,28.05218253968254,16313040,163,4797489,22657000
7396,2023-07-23,ZB,1:남성,2023,01_시즌,당해년도,여름,스웨터,T-에리,스웨터_T-에리_ZB,71.62412474126606,75961988,2767,27015537,276423300
7397,2023-07-23,ZB,1:남성,2023,01_시즌,당해년도,여름,스웨터,라운드,스웨터_라운드_ZB,62.59165766544761,22965130,678,7779996,60952200
7398,2023-07-23,ZB,1:남성,2023,01_시즌,당해년도,여름,우븐 셔츠,드레스셔츠,우븐 셔츠_드레스셔츠_ZB,67.27722082187273,46426800,2038,13323089,142456200
7402,2023-07-23,ZB,1:남성,2023,01_시즌,당해년도,여름,팬츠,반바지,팬츠_반바지_ZB,72.30371157493191,35618860,1433,14695025,123006700
7404,2023-07-23,ZB,1:남성,2023,02_이월,당해년도,봄,수트,블레이져(수트),수트_블레이져(수트)_ZB,52.4375,1857030,8,450530,2072000
7405,2023-07-23,ZB,1:남성,2023,02_이월,당해년도,봄,수트,수트팬츠,수트_수트팬츠_ZB,10.310353221182456,1798440,15,496386,2085000
7406,2023-07-23,ZB,1:남성,2023,02_이월,당해년도,봄,스웨터,라운드,스웨터_라운드_ZB,97.91770928116468,820445,14,203003,1538600
7407,2023-07-23,ZB,1:남성,2023,02_이월,당해년도,봄,스웨터,오픈형(CARDIGAN),스웨터_오픈형(CARDIGAN)_ZB,62.902515421752,1819285,22,401808,4247800
7409,2023-07-23,ZB,1:남성,2023,02_이월,당해년도,봄,점퍼,패딩점퍼,점퍼_패딩점퍼_ZB,115.04459308807137,269900,-6,-173363,-1794000
7410,2023-07-23,ZB,1:남성,2023,02_이월,당해년도,봄,코트,싱글코트,코트_싱글코트_ZB,92.32729805013928,591450,0,-34744,0
7411,2023-07-23,ZB,3:남녀공용,2023,01_시즌,당해년도,여름,니트 셔츠,라운드,니트 셔츠_라운드_ZB,71.7678715820322,13275759,591,4107945,47220900
7420,2023-07-30,ZA,1:남성,2023,01_시즌,당해년도,겨울,우븐 셔츠,캐쥬얼셔츠,우븐 셔츠_캐쥬얼셔츠_ZA,0.5555555555555556,5364630,54,560393,5394600
7425,2023-07-30,ZA,1:남성,2023,01_시즌,당해년도,여름,우븐 셔츠,캐쥬얼셔츠,우븐 셔츠_캐쥬얼셔츠_ZA,65.07773033104135,8726200,251,2536718,26255900
7435,2023-07-30,ZA,3:남녀공용,2023,01_시즌,당해년도,여름,우븐 셔츠,캐쥬얼셔츠,우븐 셔츠_캐쥬얼셔츠_ZA,72.53850284923138,4876284,180,1643798,18252000
7437,2023-07-30,ZA,3:남녀공용,2023,02_이월,당해년도,봄,우븐 셔츠,캐쥬얼셔츠,우븐 셔츠_캐쥬얼셔츠_ZA,85.37336412625096,38000,2,23665,259800
7438,2023-07-30,ZB,1:남성,2023,01_시즌,당해년도,가을,수트,블레이져(수트),수트_블레이져(수트)_ZB,20.196078431372552,34930800,157,8159966,43803000
7439,2023-07-30,ZB,1:남성,2023,01_시즌,당해년도,가을,수트,수트팬츠,수트_수트팬츠_ZB,20.18018018018018,20085200,169,4349847,25181000
7442,2023-07-30,ZB,1:남성,2023,01_시즌,당해년도,사계절,니트 셔츠,라운드,니트 셔츠_라운드_ZB,-334.8435544430538,-1389760,-4,-29719,-319600
7444,2023-07-30,ZB,1:남성,2023,01_시즌,당해년도,사계절,데님,데님팬츠,데님_데님팬츠_ZB,25.473932470535445,10280960,147,2617636,15085300
7445,2023-07-30,ZB,1:남성,2023,01_시즌,당해년도,사계절,수트,블레이져(수트),수트_블레이져(수트)_ZB,59.45104121345256,80439044,585,26667629,151515000
7446,2023-07-30,ZB,1:남성,2023,01_시즌,당해년도,사계절,수트,수트팬츠,수트_수트팬츠_ZB,59.90733849209253,46756907,635,14818198,88265000
7447,2023-07-30,ZB,1:남성,2023,01_시즌,당해년도,사계절,우븐 셔츠,드레스셔츠,우븐 셔츠_드레스셔츠_ZB,46.50981617005087,45512562,1253,8959876,87584700
7448,2023-07-30,ZB,1:남성,2023,01_시즌,당해년도,사계절,자켓,싱글재킷,자켓_싱글재킷_ZB,37.65690376569037,1639000,11,373279,2629000
7450,2023-07-30,ZB,1:남성,2023,01_시즌,당해년도,여름,니트 셔츠,라운드,니트 셔츠_라운드_ZB,70.86965936506206,66836095,3921,23859700,240867900
7453,2023-07-30,ZB,1:남성,2023,01_시즌,당해년도,여름,수트,블레이져(수트),수트_블레이져(수트)_ZB,28.717932817932816,22574132,122,6930265,31598000
7454,2023-07-30,ZB,1:남성,2023,01_시즌,당해년도,여름,수트,수트팬츠,수트_수트팬츠_ZB,27.543507229830645,15307772,154,4484733,21406000
7455,2023-07-30,ZB,1:남성,2023,01_시즌,당해년도,여름,스웨터,T-에리,스웨터_T-에리_ZB,73.00027795092723,50802775,1814,18645079,181218600
7456,2023-07-30,ZB,1:남성,2023,01_시즌,당해년도,여름,스웨터,라운드,스웨터_라운드_ZB,63.03125100464871,15683276,469,5370724,42163100
7457,2023-07-30,ZB,1:남성,2023,01_시즌,당해년도,여름,우븐 셔츠,드레스셔츠,우븐 셔츠_드레스셔츠_ZB,67.42389089273114,44731323,1964,12581291,137283600
7461,2023-07-30,ZB,1:남성,2023,01_시즌,당해년도,여름,팬츠,반바지,팬츠_반바지_ZB,70.58956531171364,23496220,962,8106188,81043800
7463,2023-07-30,ZB,1:남성,2023,02_이월,당해년도,봄,수트,블레이져(수트),수트_블레이져(수트)_ZB,39.14285714285714,2051280,13,711433,3367000
7464,2023-07-30,ZB,1:남성,2023,02_이월,당해년도,봄,수트,수트팬츠,수트_수트팬츠_ZB,43.0,1109220,14,406197,1946000
7465,2023-07-30,ZB,1:남성,2023,02_이월,당해년도,봄,스웨터,라운드,스웨터_라운드_ZB,0.0,0,0,0,0
7466,2023-07-30,ZB,1:남성,2023,02_이월,당해년도,봄,스웨터,오픈형(CARDIGAN),스웨터_오픈형(CARDIGAN)_ZB,0.0,0,0,0,0
7468,2023-07-30,ZB,1:남성,2023,02_이월,당해년도,봄,점퍼,패딩점퍼,점퍼_패딩점퍼_ZB,0.0,0,0,0,0
7469,2023-07-30,ZB,1:남성,2023,02_이월,당해년도,봄,코트,싱글코트,코트_싱글코트_ZB,0.0,0,0,0,0
7470,2023-07-30,ZB,3:남녀공용,2023,01_시즌,당해년도,여름,니트 셔츠,라운드,니트 셔츠_라운드_ZB,71.23175515950446,9311929,406,2825905,32439400
7479,2023-08-06,ZA,1:남성,2023,01_시즌,당해년도,겨울,우븐 셔츠,캐쥬얼셔츠,우븐 셔츠_캐쥬얼셔츠_ZA,0.0,199800,2,20755,199800
7484,2023-08-06,ZA,1:남성,2023,01_시즌,당해년도,여름,우븐 셔츠,캐쥬얼셔츠,우븐 셔츠_캐쥬얼셔츠_ZA,65.57710360585087,12920600,371,4044582,39217600
7494,2023-08-06,ZA,3:남녀공용,2023,01_시즌,당해년도,여름,우븐 셔츠,캐쥬얼셔츠,우븐 셔츠_캐쥬얼셔츠_ZA,72.054128067948,7527476,381,3171840,38271900
7496,2023-08-06,ZA,3:남녀공용,2023,02_이월,당해년도,봄,우븐 셔츠,캐쥬얼셔츠,우븐 셔츠_캐쥬얼셔츠_ZA,0.0,0,0,0,0
7497,2023-08-06,ZB,1:남성,2023,01_시즌,당해년도,가을,수트,블레이져(수트),수트_블레이져(수트)_ZB,20.62121212121212,39450600,178,9178377,49662000
7498,2023-08-06,ZB,1:남성,2023,01_시즌,당해년도,가을,수트,수트팬츠,수트_수트팬츠_ZB,20.770562770562773,23497300,199,5072540,29651000
7501,2023-08-06,ZB,1:남성,2023,01_시즌,당해년도,사계절,니트 셔츠,라운드,니트 셔츠_라운드_ZB,-36.42052565707134,1635000,15,111447,1198500
7503,2023-08-06,ZB,1:남성,2023,01_시즌,당해년도,사계절,데님,데님팬츠,데님_데님팬츠_ZB,23.13831857059033,5265607,81,1472136,8421900
7504,2023-08-06,ZB,1:남성,2023,01_시즌,당해년도,사계절,수트,블레이져(수트),수트_블레이져(수트)_ZB,58.74481442848378,81538498,522,24151939,135198000
7505,2023-08-06,ZB,1:남성,2023,01_시즌,당해년도,사계절,수트,수트팬츠,수트_수트팬츠_ZB,63.01172363612204,44678984,496,11798180,68944000
7506,2023-08-06,ZB,1:남성,2023,01_시즌,당해년도,사계절,우븐 셔츠,드레스셔츠,우븐 셔츠_드레스셔츠_ZB,44.92869122586672,39291820,1023,7287827,71507700
7507,2023-08-06,ZB,1:남성,2023,01_시즌,당해년도,사계절,자켓,싱글재킷,자켓_싱글재킷_ZB,37.65690376569037,2235000,15,509017,3585000
7509,2023-08-06,ZB,1:남성,2023,01_시즌,당해년도,여름,니트 셔츠,라운드,니트 셔츠_라운드_ZB,70.63623327277213,55126512,3000,19689262,192580000
7512,2023-08-06,ZB,1:남성,2023,01_시즌,당해년도,여름,수트,블레이져(수트),수트_블레이져(수트)_ZB,27.903856107660456,27713000,148,8394173,38332000
7513,2023-08-06,ZB,1:남성,2023,01_시즌,당해년도,여름,수트,수트팬츠,수트_수트팬츠_ZB,27.80894639726897,16364354,163,4734658,22657000
7514,2023-08-06,ZB,1:남성,2023,01_시즌,당해년도,여름,스웨터,T-에리,스웨터_T-에리_ZB,75.14511101200164,57476615,2271,22976050,226872900
7515,2023-08-06,ZB,1:남성,2023,01_시즌,당해년도,여름,스웨터,라운드,스웨터_라운드_ZB,62.12301240317659,19255817,564,6380157,50703600
7516,2023-08-06,ZB,1:남성,2023,01_시즌,당해년도,여름,우븐 셔츠,드레스셔츠,우븐 셔츠_드레스셔츠_ZB,66.06700072859431,60395390,2524,15550845,176427600
7520,2023-08-06,ZB,1:남성,2023,01_시즌,당해년도,여름,팬츠,반바지,팬츠_반바지_ZB,72.81303833756569,38214150,1691,13909310,142470900
7522,2023-08-06,ZB,1:남성,2023,02_이월,당해년도,봄,수트,블레이져(수트),수트_블레이져(수트)_ZB,42.333333333333336,4993520,35,1780430,9065000
7523,2023-08-06,ZB,1:남성,2023,02_이월,당해년도,봄,수트,수트팬츠,수트_수트팬츠_ZB,42.333333333333336,2913440,38,1020456,5282000
7524,2023-08-06,ZB,1:남성,2023,02_이월,당해년도,봄,스웨터,라운드,스웨터_라운드_ZB,57.89560757713624,1018000,22,296967,2417800
7525,2023-08-06,ZB,1:남성,2023,02_이월,당해년도,봄,스웨터,오픈형(CARDIGAN),스웨터_오픈형(CARDIGAN)_ZB,65.11461432002928,2193000,37,547432,6286300
7527,2023-08-06,ZB,1:남성,2023,02_이월,당해년도,봄,점퍼,패딩점퍼,점퍼_패딩점퍼_ZB,96.94983277591972,9120,1,28862,299000
7528,2023-08-06,ZB,1:남성,2023,02_이월,당해년도,봄,코트,싱글코트,코트_싱글코트_ZB,0.0,0,0,0,0
7529,2023-08-06,ZB,3:남녀공용,2023,01_시즌,당해년도,여름,니트 셔츠,라운드,니트 셔츠_라운드_ZB,70.62590140244284,10326535,440,3048577,35156000
7539,2023-08-13,ZA,1:남성,2023,01_시즌,당해년도,겨울,우븐 셔츠,캐쥬얼셔츠,우븐 셔츠_캐쥬얼셔츠_ZA,-1.6216216216216215,-3756240,-37,-383973,-3696300
7544,2023-08-13,ZA,1:남성,2023,01_시즌,당해년도,여름,우븐 셔츠,캐쥬얼셔츠,우븐 셔츠_캐쥬얼셔츠_ZA,66.99484380497577,8032390,255,2665578,26351800
7554,2023-08-13,ZA,3:남녀공용,2023,01_시즌,당해년도,여름,우븐 셔츠,캐쥬얼셔츠,우븐 셔츠_캐쥬얼셔츠_ZA,73.37013918824931,8960969,450,3779657,45645000
7556,2023-08-13,ZA,3:남녀공용,2023,02_이월,당해년도,봄,우븐 셔츠,캐쥬얼셔츠,우븐 셔츠_캐쥬얼셔츠_ZA,67.47498075442648,507000,12,141992,1558800
7557,2023-08-13,ZB,1:남성,2023,01_시즌,당해년도,가을,니트 셔츠,라운드,니트 셔츠_라운드_ZB,30.55013655872025,1068000,22,119592,1537800
7558,2023-08-13,ZB,1:남성,2023,01_시즌,당해년도,가을,수트,블레이져(수트),수트_블레이져(수트)_ZB,29.50729729634354,95197590,483,24887330,134757000
7559,2023-08-13,ZB,1:남성,2023,01_시즌,당해년도,가을,수트,수트팬츠,수트_수트팬츠_ZB,29.49925436095113,53771120,511,13060518,76139000
7562,2023-08-13,ZB,1:남성,2023,01_시즌,당해년도,겨울,니트 셔츠,라운드,니트 셔츠_라운드_ZB,0.0,0,0,0,0
7563,2023-08-13,ZB,1:남성,2023,01_시즌,당해년도,겨울,수트,블레이져(수트),수트_블레이져(수트)_ZB,0.0,0,0,0,0
7564,2023-08-13,ZB,1:남성,2023,01_시즌,당해년도,겨울,수트,수트팬츠,수트_수트팬츠_ZB,0.0,0,0,0,0
7565,2023-08-13,ZB,1:남성,2023,01_시즌,당해년도,사계절,니트 셔츠,라운드,니트 셔츠_라운드_ZB,63.82393576386067,8902640,308,2288374,24609200
7567,2023-08-13,ZB,1:남성,2023,01_시즌,당해년도,사계절,데님,데님팬츠,데님_데님팬츠_ZB,16.686967699099938,5833345,99,1786768,10310100
7568,2023-08-13,ZB,1:남성,2023,01_시즌,당해년도,사계절,수트,블레이져(수트),수트_블레이져(수트)_ZB,59.51459437665845,82109464,618,28157077,160062000
7569,2023-08-13,ZB,1:남성,2023,01_시즌,당해년도,사계절,수트,수트팬츠,수트_수트팬츠_ZB,62.38635099505213,47123929,690,16024358,95910000
7570,2023-08-13,ZB,1:남성,2023,01_시즌,당해년도,사계절,우븐 셔츠,드레스셔츠,우븐 셔츠_드레스셔츠_ZB,51.97633005278672,36916010,1219,8729979,85208100
7571,2023-08-13,ZB,1:남성,2023,01_시즌,당해년도,사계절,자켓,싱글재킷,자켓_싱글재킷_ZB,39.71408647140865,1729000,12,407214,2868000
7573,2023-08-13,ZB,1:남성,2023,01_시즌,당해년도,여름,니트 셔츠,라운드,니트 셔츠_라운드_ZB,71.72847937033701,15118190,942,5381929,57625800
7576,2023-08-13,ZB,1:남성,2023,01_시즌,당해년도,여름,수트,블레이져(수트),수트_블레이져(수트)_ZB,30.03991056141792,22364822,124,7070482,32116000
7577,2023-08-13,ZB,1:남성,2023,01_시즌,당해년도,여름,수트,수트팬츠,수트_수트팬츠_ZB,27.705960500142083,14279192,142,4156995,19738000
7578,2023-08-13,ZB,1:남성,2023,01_시즌,당해년도,여름,스웨터,T-에리,스웨터_T-에리_ZB,72.85099170988462,32487530,1181,11912353,117981900
7579,2023-08-13,ZB,1:남성,2023,01_시즌,당해년도,여름,스웨터,라운드,스웨터_라운드_ZB,51.3881822891897,15653466,427,4516103,38387300
7580,2023-08-13,ZB,1:남성,2023,01_시즌,당해년도,여름,우븐 셔츠,드레스셔츠,우븐 셔츠_드레스셔츠_ZB,76.50625833359891,40435695,2601,15933628,181809900
7584,2023-08-13,ZB,1:남성,2023,01_시즌,당해년도,여름,팬츠,반바지,팬츠_반바지_ZB,75.79555770166776,25863744,1242,10208862,104755800
7586,2023-08-13,ZB,1:남성,2023,02_이월,당해년도,봄,수트,블레이져(수트),수트_블레이져(수트)_ZB,64.68478260869566,4638690,23,1128422,5957000
7587,2023-08-13,ZB,1:남성,2023,02_이월,당해년도,봄,수트,수트팬츠,수트_수트팬츠_ZB,76.5673076923077,3113600,14,358757,1946000
7588,2023-08-13,ZB,1:남성,2023,02_이월,당해년도,봄,스웨터,라운드,스웨터_라운드_ZB,103.71698573272197,2500000,-599,-7674738,-65830100
7589,2023-08-13,ZB,1:남성,2023,02_이월,당해년도,봄,스웨터,오픈형(CARDIGAN),스웨터_오픈형(CARDIGAN)_ZB,104.4402672657487,2142500,-163,-2505924,-28323700
7591,2023-08-13,ZB,1:남성,2023,02_이월,당해년도,봄,점퍼,패딩점퍼,점퍼_패딩점퍼_ZB,59.00621118012423,2574000,21,606535,6279000
7592,2023-08-13,ZB,1:남성,2023,02_이월,당해년도,봄,코트,싱글코트,코트_싱글코트_ZB,82.03342618384401,387000,2,68328,718000
7593,2023-08-13,ZB,3:남녀공용,2023,01_시즌,당해년도,여름,니트 셔츠,라운드,니트 셔츠_라운드_ZB,70.88049794696317,10117166,436,3022380,34836400
7604,2023-08-20,ZA,1:남성,2023,01_시즌,당해년도,겨울,우븐 셔츠,캐쥬얼셔츠,우븐 셔츠_캐쥬얼셔츠_ZA,23.75265509411851,6246030,82,850967,8191800
7609,2023-08-20,ZA,1:남성,2023,01_시즌,당해년도,여름,우븐 셔츠,캐쥬얼셔츠,우븐 셔츠_캐쥬얼셔츠_ZA,62.46529077164168,3873560,117,983469,11551900
7619,2023-08-20,ZA,3:남녀공용,2023,01_시즌,당해년도,여름,우븐 셔츠,캐쥬얼셔츠,우븐 셔츠_캐쥬얼셔츠_ZA,72.83313818546792,5319326,234,2081449,24006600
7621,2023-08-20,ZA,3:남녀공용,2023,02_이월,당해년도,봄,우븐 셔츠,캐쥬얼셔츠,우븐 셔츠_캐쥬얼셔츠_ZA,79.4754399470578,1519700,57,674460,7404300
7622,2023-08-20,ZB,1:남성,2023,01_시즌,당해년도,가을,니트 셔츠,라운드,니트 셔츠_라운드_ZB,30.014306151645208,6115000,125,679498,8737500
7623,2023-08-20,ZB,1:남성,2023,01_시즌,당해년도,가을,수트,블레이져(수트),수트_블레이져(수트)_ZB,30.27121980602733,116545440,599,30752701,167121000
7624,2023-08-20,ZB,1:남성,2023,01_시즌,당해년도,가을,수트,수트팬츠,수트_수트팬츠_ZB,30.24909177905189,65479540,630,16030259,93870000
7627,2023-08-20,ZB,1:남성,2023,01_시즌,당해년도,겨울,니트 셔츠,라운드,니트 셔츠_라운드_ZB,38.67334167709637,294000,6,40048,479400
7628,2023-08-20,ZB,1:남성,2023,01_시즌,당해년도,겨울,수트,블레이져(수트),수트_블레이져(수트)_ZB,20.0,2455200,11,568053,3069000
7629,2023-08-20,ZB,1:남성,2023,01_시즌,당해년도,겨울,수트,수트팬츠,수트_수트팬츠_ZB,20.0,1430400,12,314984,1788000
7630,2023-08-20,ZB,1:남성,2023,01_시즌,당해년도,겨울,스웨터,라운드,스웨터_라운드_ZB,30.0,9230760,132,1892567,13186800
7631,2023-08-20,ZB,1:남성,2023,01_시즌,당해년도,겨울,스웨터,오픈형(CARDIGAN),스웨터_오픈형(CARDIGAN)_ZB,20.0,2162400,17,314955,2703000
7632,2023-08-20,ZB,1:남성,2023,01_시즌,당해년도,사계절,니트 셔츠,라운드,니트 셔츠_라운드_ZB,56.4246975385899,-10027200,-288,-2139778,-23011200
7634,2023-08-20,ZB,1:남성,2023,01_시즌,당해년도,사계절,데님,데님팬츠,데님_데님팬츠_ZB,37.76836895585304,100126590,1063,19106654,115693700
7635,2023-08-20,ZB,1:남성,2023,01_시즌,당해년도,사계절,수트,블레이져(수트),수트_블레이져(수트)_ZB,62.40404760826757,97202216,727,33280666,188293000
7636,2023-08-20,ZB,1:남성,2023,01_시즌,당해년도,사계절,수트,수트팬츠,수트_수트팬츠_ZB,61.55951735201547,57403440,817,19079385,113563000
7637,2023-08-20,ZB,1:남성,2023,01_시즌,당해년도,사계절,우븐 셔츠,드레스셔츠,우븐 셔츠_드레스셔츠_ZB,50.05212912715081,40098093,1326,9287991,92687400
7638,2023-08-20,ZB,1:남성,2023,01_시즌,당해년도,사계절,자켓,싱글재킷,자켓_싱글재킷_ZB,39.26617315738655,1887000,13,441148,3107000
7640,2023-08-20,ZB,1:남성,2023,01_시즌,당해년도,여름,니트 셔츠,라운드,니트 셔츠_라운드_ZB,71.59834852467998,34631200,2076,12949821,129592400
7643,2023-08-20,ZB,1:남성,2023,01_시즌,당해년도,여름,수트,블레이져(수트),수트_블레이져(수트)_ZB,29.96780729026369,26744990,148,8464427,38332000
7644,2023-08-20,ZB,1:남성,2023,01_시즌,당해년도,여름,수트,수트팬츠,수트_수트팬츠_ZB,29.862467283155212,16088000,166,4878268,23074000
7645,2023-08-20,ZB,1:남성,2023,01_시즌,당해년도,여름,스웨터,T-에리,스웨터_T-에리_ZB,71.63043633426734,27497767,952,9718602,95104800
7646,2023-08-20,ZB,1:남성,2023,01_시즌,당해년도,여름,스웨터,라운드,스웨터_라운드_ZB,61.50825060098117,13525933,391,4359071,35150900
7647,2023-08-20,ZB,1:남성,2023,01_시즌,당해년도,여름,우븐 셔츠,드레스셔츠,우븐 셔츠_드레스셔츠_ZB,68.16805480630543,37494725,1761,12832615,123093900
7651,2023-08-20,ZB,1:남성,2023,01_시즌,당해년도,여름,팬츠,반바지,팬츠_반바지_ZB,73.63801466618294,23001109,1027,8788424,87617300
7653,2023-08-20,ZB,1:남성,2023,02_이월,당해년도,봄,수트,블레이져(수트),수트_블레이져(수트)_ZB,45.33720930232558,9013200,66,3452791,17094000
7654,2023-08-20,ZB,1:남성,2023,02_이월,당해년도,봄,수트,수트팬츠,수트_수트팬츠_ZB,45.13292682926829,4357650,60,1636147,8340000
7655,2023-08-20,ZB,1:남성,2023,02_이월,당해년도,봄,스웨터,라운드,스웨터_라운드_ZB,59.58913697767201,615700,15,199673,1648500
7656,2023-08-20,ZB,1:남성,2023,02_이월,당해년도,봄,스웨터,오픈형(CARDIGAN),스웨터_오픈형(CARDIGAN)_ZB,48.15561182186352,3552900,59,877421,10054100
7658,2023-08-20,ZB,1:남성,2023,02_이월,당해년도,봄,점퍼,패딩점퍼,점퍼_패딩점퍼_ZB,66.88963210702342,495000,5,144548,1495000
7659,2023-08-20,ZB,1:남성,2023,02_이월,당해년도,봄,코트,싱글코트,코트_싱글코트_ZB,71.55821727019499,3170300,35,1386208,12565000
7660,2023-08-20,ZB,3:남녀공용,2023,01_시즌,당해년도,여름,니트 셔츠,라운드,니트 셔츠_라운드_ZB,74.50956718423629,12290741,602,4176301,48099800
7673,2023-08-27,ZA,1:남성,2023,01_시즌,당해년도,겨울,우븐 셔츠,캐쥬얼셔츠,우븐 셔츠_캐쥬얼셔츠_ZA,36.822536822536826,3976200,63,653792,6293700
7680,2023-08-27,ZA,1:남성,2023,01_시즌,당해년도,여름,우븐 셔츠,캐쥬얼셔츠,우븐 셔츠_캐쥬얼셔츠_ZA,63.52930505927577,3141430,104,913573,10470500
7690,2023-08-27,ZA,3:남녀공용,2023,01_시즌,당해년도,여름,우븐 셔츠,캐쥬얼셔츠,우븐 셔츠_캐쥬얼셔츠_ZA,72.32418993723579,9349736,408,3716528,42829200
7692,2023-08-27,ZA,3:남녀공용,2023,02_이월,당해년도,봄,우븐 셔츠,캐쥬얼셔츠,우븐 셔츠_캐쥬얼셔츠_ZA,73.05619707467282,875000,25,295817,3247500
7693,2023-08-27,ZB,1:남성,2023,01_시즌,당해년도,가을,니트 셔츠,라운드,니트 셔츠_라운드_ZB,29.89985693848355,2695000,55,298979,3844500
7694,2023-08-27,ZB,1:남성,2023,01_시즌,당해년도,가을,수트,블레이져(수트),수트_블레이져(수트)_ZB,30.15052230636276,104488290,536,27676726,149544000
7695,2023-08-27,ZB,1:남성,2023,01_시즌,당해년도,가을,수트,수트팬츠,수트_수트팬츠_ZB,30.16882394055996,59218560,569,14535108,84781000
7698,2023-08-27,ZB,1:남성,2023,01_시즌,당해년도,겨울,니트 셔츠,라운드,니트 셔츠_라운드_ZB,38.67334167709637,2401000,49,327060,3915100
7700,2023-08-27,ZB,1:남성,2023,01_시즌,당해년도,겨울,수트,블레이져(수트),수트_블레이져(수트)_ZB,20.0,6472800,29,1500225,8091000
7701,2023-08-27,ZB,1:남성,2023,01_시즌,당해년도,겨울,수트,수트팬츠,수트_수트팬츠_ZB,20.0,3695200,31,815107,4619000
7702,2023-08-27,ZB,1:남성,2023,01_시즌,당해년도,겨울,스웨터,라운드,스웨터_라운드_ZB,30.0,-4825170,-69,-989296,-6893100
7703,2023-08-27,ZB,1:남성,2023,01_시즌,당해년도,겨울,스웨터,오픈형(CARDIGAN),스웨터_오픈형(CARDIGAN)_ZB,20.27027027027027,4690500,37,685491,5883000
7705,2023-08-27,ZB,1:남성,2023,01_시즌,당해년도,사계절,니트 셔츠,라운드,니트 셔츠_라운드_ZB,64.83456262075167,5788020,206,1530536,16459400
7707,2023-08-27,ZB,1:남성,2023,01_시즌,당해년도,사계절,데님,데님팬츠,데님_데님팬츠_ZB,33.9159206679172,127812800,1344,24183086,146655600
7708,2023-08-27,ZB,1:남성,2023,01_시즌,당해년도,사계절,수트,블레이져(수트),수트_블레이져(수트)_ZB,56.3856986126307,103284746,758,34723733,196322000
7709,2023-08-27,ZB,1:남성,2023,01_시즌,당해년도,사계절,수트,수트팬츠,수트_수트팬츠_ZB,59.02417033734599,58363823,826,19309972,114814000
7710,2023-08-27,ZB,1:남성,2023,01_시즌,당해년도,사계절,우븐 셔츠,드레스셔츠,우븐 셔츠_드레스셔츠_ZB,51.73841497717984,49778683,1613,11267786,112748700
7711,2023-08-27,ZB,1:남성,2023,01_시즌,당해년도,사계절,자켓,싱글재킷,자켓_싱글재킷_ZB,37.65690376569037,2384000,16,542952,3824000
7713,2023-08-27,ZB,1:남성,2023,01_시즌,당해년도,여름,니트 셔츠,라운드,니트 셔츠_라운드_ZB,71.31692702627707,24559545,1582,9320296,96121800
7716,2023-08-27,ZB,1:남성,2023,01_시즌,당해년도,여름,수트,블레이져(수트),수트_블레이져(수트)_ZB,29.61078862533604,19578370,108,6158419,27972000
7717,2023-08-27,ZB,1:남성,2023,01_시즌,당해년도,여름,수트,수트팬츠,수트_수트팬츠_ZB,29.180782177336205,12267310,125,3653483,17375000
7718,2023-08-27,ZB,1:남성,2023,01_시즌,당해년도,여름,스웨터,T-에리,스웨터_T-에리_ZB,70.83861747373209,15391921,531,5281951,53046900
7719,2023-08-27,ZB,1:남성,2023,01_시즌,당해년도,여름,스웨터,라운드,스웨터_라운드_ZB,61.51650303880318,10262150,295,3364294,26520500
7720,2023-08-27,ZB,1:남성,2023,01_시즌,당해년도,여름,우븐 셔츠,드레스셔츠,우븐 셔츠_드레스셔츠_ZB,68.38538385945816,23959802,1100,7746744,76890000
7724,2023-08-27,ZB,1:남성,2023,01_시즌,당해년도,여름,팬츠,반바지,팬츠_반바지_ZB,72.07059241275999,7951741,354,2619577,30164600
7726,2023-08-27,ZB,1:남성,2023,02_이월,당해년도,봄,수트,블레이져(수트),수트_블레이져(수트)_ZB,44.0859375,8818950,62,3280488,16058000
7727,2023-08-27,ZB,1:남성,2023,02_이월,당해년도,봄,수트,수트팬츠,수트_수트팬츠_ZB,44.19375,5416830,71,1955374,9869000
7728,2023-08-27,ZB,1:남성,2023,02_이월,당해년도,봄,스웨터,라운드,스웨터_라운드_ZB,72.76508750576085,2317600,72,932629,7912800
7729,2023-08-27,ZB,1:남성,2023,02_이월,당해년도,봄,스웨터,오픈형(CARDIGAN),스웨터_오픈형(CARDIGAN)_ZB,74.5962351638228,3986100,83,1367173,15031700
7731,2023-08-27,ZB,1:남성,2023,02_이월,당해년도,봄,점퍼,패딩점퍼,점퍼_패딩점퍼_ZB,68.06193484454354,2578360,27,779993,8073000
7732,2023-08-27,ZB,1:남성,2023,02_이월,당해년도,봄,코트,싱글코트,코트_싱글코트_ZB,65.25698187606265,6227100,50,2075275,17950000
7733,2023-08-27,ZB,3:남녀공용,2023,01_시즌,당해년도,여름,니트 셔츠,라운드,니트 셔츠_라운드_ZB,72.61697713182382,4312878,199,1376259,15900100
7751,2023-09-03,ZA,1:남성,2023,01_시즌,당해년도,겨울,우븐 셔츠,캐쥬얼셔츠,우븐 셔츠_캐쥬얼셔츠_ZA,30.93093093093093,2001000,29,300952,2897100
7758,2023-09-03,ZA,1:남성,2023,01_시즌,당해년도,여름,우븐 셔츠,캐쥬얼셔츠,우븐 셔츠_캐쥬얼셔츠_ZA,62.75947952136095,1799900,48,507034,5043400
7768,2023-09-03,ZA,3:남녀공용,2023,01_시즌,당해년도,여름,우븐 셔츠,캐쥬얼셔츠,우븐 셔츠_캐쥬얼셔츠_ZA,71.3313206451487,5426014,224,2051521,23487600
7770,2023-09-03,ZA,3:남녀공용,2023,02_이월,당해년도,봄,우븐 셔츠,캐쥬얼셔츠,우븐 셔츠_캐쥬얼셔츠_ZA,71.84421941927715,2852800,78,922946,10132200
7771,2023-09-03,ZB,1:남성,2023,01_시즌,당해년도,가을,니트 셔츠,라운드,니트 셔츠_라운드_ZB,30.00661926419405,6556000,134,728422,9366600
7772,2023-09-03,ZB,1:남성,2023,01_시즌,당해년도,가을,수트,블레이져(수트),수트_블레이져(수트)_ZB,30.24746113016112,142635960,733,37812821,204507000
7773,2023-09-03,ZB,1:남성,2023,01_시즌,당해년도,가을,수트,수트팬츠,수트_수트팬츠_ZB,30.245876754323877,83024290,799,20449497,119051000
7776,2023-09-03,ZB,1:남성,2023,01_시즌,당해년도,겨울,니트 셔츠,라운드,니트 셔츠_라운드_ZB,38.67334167709637,4165000,85,567348,6791500
7778,2023-09-03,ZB,1:남성,2023,01_시즌,당해년도,겨울,수트,블레이져(수트),수트_블레이져(수트)_ZB,20.448145512685365,37768580,171,8938100,47709000
7779,2023-09-03,ZB,1:남성,2023,01_시즌,당해년도,겨울,수트,수트팬츠,수트_수트팬츠_ZB,20.673192326610923,21354680,181,4812813,26969000
7780,2023-09-03,ZB,1:남성,2023,01_시즌,당해년도,겨울,스웨터,라운드,스웨터_라운드_ZB,30.0,10209780,146,2093294,14585400
7781,2023-09-03,ZB,1:남성,2023,01_시즌,당해년도,겨울,스웨터,오픈형(CARDIGAN),스웨터_오픈형(CARDIGAN)_ZB,20.48780487804878,5183400,41,759598,6519000
7783,2023-09-03,ZB,1:남성,2023,01_시즌,당해년도,사계절,니트 셔츠,라운드,니트 셔츠_라운드_ZB,63.53997487169039,15031885,516,3833769,41228400
7785,2023-09-03,ZB,1:남성,2023,01_시즌,당해년도,사계절,데님,데님팬츠,데님_데님팬츠_ZB,42.8443316092523,36812339,784,14067109,84951600
7786,2023-09-03,ZB,1:남성,2023,01_시즌,당해년도,사계절,수트,블레이져(수트),수트_블레이져(수트)_ZB,81.81122101038068,103754677,635,29716051,164465000
7787,2023-09-03,ZB,1:남성,2023,01_시즌,당해년도,사계절,수트,수트팬츠,수트_수트팬츠_ZB,88.6878522136624,62478905,703,16829214,97717000
7788,2023-09-03,ZB,1:남성,2023,01_시즌,당해년도,사계절,우븐 셔츠,드레스셔츠,우븐 셔츠_드레스셔츠_ZB,49.94428149896587,58590155,1927,13438579,134697300
7789,2023-09-03,ZB,1:남성,2023,01_시즌,당해년도,사계절,자켓,싱글재킷,자켓_싱글재킷_ZB,43.1115760111576,6118350,45,1527052,10755000
7791,2023-09-03,ZB,1:남성,2023,01_시즌,당해년도,여름,니트 셔츠,라운드,니트 셔츠_라운드_ZB,69.21453180190788,18889402,1021,6419342,64517900
7794,2023-09-03,ZB,1:남성,2023,01_시즌,당해년도,여름,수트,블레이져(수트),수트_블레이져(수트)_ZB,27.95642361111111,16544920,89,5066761,23051000
7795,2023-09-03,ZB,1:남성,2023,01_시즌,당해년도,여름,수트,수트팬츠,수트_수트팬츠_ZB,26.46434284390669,10620325,105,3061103,14595000
7796,2023-09-03,ZB,1:남성,2023,01_시즌,당해년도,여름,스웨터,T-에리,스웨터_T-에리_ZB,70.31631483679627,8353550,249,2658738,24875100
7797,2023-09-03,ZB,1:남성,2023,01_시즌,당해년도,여름,스웨터,라운드,스웨터_라운드_ZB,65.69411004517937,11386695,399,4324882,35870100
7798,2023-09-03,ZB,1:남성,2023,01_시즌,당해년도,여름,우븐 셔츠,드레스셔츠,우븐 셔츠_드레스셔츠_ZB,62.71539325600594,41071745,1804,13603706,126099600
7802,2023-09-03,ZB,1:남성,2023,01_시즌,당해년도,여름,팬츠,반바지,팬츠_반바지_ZB,70.52508952939623,4854200,196,1682659,16990400
7804,2023-09-03,ZB,1:남성,2023,02_이월,당해년도,봄,수트,블레이져(수트),수트_블레이져(수트)_ZB,38.7032967032967,8803410,57,3007612,14763000
7805,2023-09-03,ZB,1:남성,2023,02_이월,당해년도,봄,수트,수트팬츠,수트_수트팬츠_ZB,39.96785714285714,5533590,68,1865111,9452000
7806,2023-09-03,ZB,1:남성,2023,02_이월,당해년도,봄,스웨터,라운드,스웨터_라운드_ZB,73.18754586280784,4326550,174,2174856,19122600
7807,2023-09-03,ZB,1:남성,2023,02_이월,당해년도,봄,스웨터,오픈형(CARDIGAN),스웨터_오픈형(CARDIGAN)_ZB,80.61035833852445,9833400,273,4528431,49652700
7809,2023-09-03,ZB,1:남성,2023,02_이월,당해년도,봄,점퍼,패딩점퍼,점퍼_패딩점퍼_ZB,70.49734408813693,4498860,51,1473304,15249000
7810,2023-09-03,ZB,1:남성,2023,02_이월,당해년도,봄,코트,싱글코트,코트_싱글코트_ZB,66.33511679858793,13181100,106,4023565,38054000
7811,2023-09-03,ZB,3:남녀공용,2023,01_시즌,당해년도,여름,니트 셔츠,라운드,니트 셔츠_라운드_ZB,69.20485275495076,3060014,124,859530,9907600
7830,2023-09-10,ZA,1:남성,2023,01_시즌,당해년도,겨울,우븐 셔츠,캐쥬얼셔츠,우븐 셔츠_캐쥬얼셔츠_ZA,30.93093093093093,6141000,89,923610,8891100
7837,2023-09-10,ZA,1:남성,2023,01_시즌,당해년도,여름,우븐 셔츠,캐쥬얼셔츠,우븐 셔츠_캐쥬얼셔츠_ZA,59.65295881186785,2085300,49,527558,5281500
7847,2023-09-10,ZA,3:남녀공용,2023,01_시즌,당해년도,여름,우븐 셔츠,캐쥬얼셔츠,우븐 셔츠_캐쥬얼셔츠_ZA,71.95264531989687,8652507,365,3478546,39103500
7849,2023-09-10,ZA,3:남녀공용,2023,02_이월,당해년도,봄,우븐 셔츠,캐쥬얼셔츠,우븐 셔츠_캐쥬얼셔츠_ZA,72.00275515578785,1382000,38,449641,4936200
7850,2023-09-10,ZB,1:남성,2023,01_시즌,당해년도,가을,니트 셔츠,라운드,니트 셔츠_라운드_ZB,30.037416088918235,5086000,104,565342,7269600
7851,2023-09-10,ZB,1:남성,2023,01_시즌,당해년도,가을,수트,블레이져(수트),수트_블레이져(수트)_ZB,30.37628744091737,111143600,572,29408246,159588000
7852,2023-09-10,ZB,1:남성,2023,01_시즌,당해년도,가을,수트,수트팬츠,수트_수트팬츠_ZB,30.36282023066977,65074120,627,15988797,93423000
7855,2023-09-10,ZB,1:남성,2023,01_시즌,당해년도,겨울,니트 셔츠,라운드,니트 셔츠_라운드_ZB,38.91433440737092,2293950,47,313710,3755300
7857,2023-09-10,ZB,1:남성,2023,01_시즌,당해년도,겨울,수트,블레이져(수트),수트_블레이져(수트)_ZB,20.919557372720096,59851080,271,14259608,75609000
7858,2023-09-10,ZB,1:남성,2023,01_시즌,당해년도,겨울,수트,수트팬츠,수트_수트팬츠_ZB,20.804890113171005,32842580,278,7458076,41422000
7859,2023-09-10,ZB,1:남성,2023,01_시즌,당해년도,겨울,스웨터,T-에리,스웨터_T-에리_ZB,0.0,0,0,0,0
7860,2023-09-10,ZB,1:남성,2023,01_시즌,당해년도,겨울,스웨터,라운드,스웨터_라운드_ZB,30.0,12517470,179,2580380,17882100
7861,2023-09-10,ZB,1:남성,2023,01_시즌,당해년도,겨울,스웨터,오픈형(CARDIGAN),스웨터_오픈형(CARDIGAN)_ZB,20.0,5469600,43,796651,6837000
7863,2023-09-10,ZB,1:남성,2023,01_시즌,당해년도,사계절,니트 셔츠,라운드,니트 셔츠_라운드_ZB,122.5003476567932,-161800,9,66868,719100
7865,2023-09-10,ZB,1:남성,2023,01_시즌,당해년도,사계절,데님,데님팬츠,데님_데님팬츠_ZB,33.74160522512418,-170399455,-1821,-32881935,-201107900
7866,2023-09-10,ZB,1:남성,2023,01_시즌,당해년도,사계절,수트,블레이져(수트),수트_블레이져(수트)_ZB,54.861331453815296,101985572,821,37309396,212639000
7867,2023-09-10,ZB,1:남성,2023,01_시즌,당해년도,사계절,수트,수트팬츠,수트_수트팬츠_ZB,55.17997704655683,58412289,907,21090479,126073000
7868,2023-09-10,ZB,1:남성,2023,01_시즌,당해년도,사계절,우븐 셔츠,드레스셔츠,우븐 셔츠_드레스셔츠_ZB,51.32860750264358,58267250,2093,14530736,146300700
7869,2023-09-10,ZB,1:남성,2023,01_시즌,당해년도,사계절,자켓,싱글재킷,자켓_싱글재킷_ZB,37.71856419290905,5656400,38,1289510,9082000
7871,2023-09-10,ZB,1:남성,2023,01_시즌,당해년도,여름,니트 셔츠,라운드,니트 셔츠_라운드_ZB,73.55480749651181,18162700,1236,7551027,75956400
7874,2023-09-10,ZB,1:남성,2023,01_시즌,당해년도,여름,수트,블레이져(수트),수트_블레이져(수트)_ZB,25.59657287157287,12887840,68,3916847,17612000
7875,2023-09-10,ZB,1:남성,2023,01_시즌,당해년도,여름,수트,수트팬츠,수트_수트팬츠_ZB,26.254532163742688,8198220,81,2394998,11259000
7876,2023-09-10,ZB,1:남성,2023,01_시즌,당해년도,여름,스웨터,T-에리,스웨터_T-에리_ZB,67.58102833881381,11665132,421,3985350,42057900
7877,2023-09-10,ZB,1:남성,2023,01_시즌,당해년도,여름,스웨터,라운드,스웨터_라운드_ZB,85.81832105732032,4877300,49,745325,4405100
7878,2023-09-10,ZB,1:남성,2023,01_시즌,당해년도,여름,우븐 셔츠,드레스셔츠,우븐 셔츠_드레스셔츠_ZB,71.6838368549915,33869100,1722,12909410,120367800
7882,2023-09-10,ZB,1:남성,2023,01_시즌,당해년도,여름,팬츠,반바지,팬츠_반바지_ZB,71.99130467640197,5516000,240,1893054,20506000
7884,2023-09-10,ZB,1:남성,2023,02_이월,당해년도,봄,수트,블레이져(수트),수트_블레이져(수트)_ZB,40.0,8236200,53,2743484,13727000
7885,2023-09-10,ZB,1:남성,2023,02_이월,당해년도,봄,수트,수트팬츠,수트_수트팬츠_ZB,40.0,5587800,67,1822956,9313000
7886,2023-09-10,ZB,1:남성,2023,02_이월,당해년도,봄,스웨터,라운드,스웨터_라운드_ZB,79.39886353875147,10382500,464,5890300,50993600
7887,2023-09-10,ZB,1:남성,2023,02_이월,당해년도,봄,스웨터,오픈형(CARDIGAN),스웨터_오픈형(CARDIGAN)_ZB,75.73422673667616,12506500,276,4599750,50342400
7889,2023-09-10,ZB,1:남성,2023,02_이월,당해년도,봄,점퍼,패딩점퍼,점퍼_패딩점퍼_ZB,82.88865265169613,2865124,56,1618230,16744000
7890,2023-09-10,ZB,1:남성,2023,02_이월,당해년도,봄,코트,싱글코트,코트_싱글코트_ZB,85.92107706592387,596100,11,455545,3949000
7891,2023-09-10,ZB,3:남녀공용,2023,01_시즌,당해년도,여름,니트 셔츠,라운드,니트 셔츠_라운드_ZB,72.97744995495069,3981263,185,1287422,14781500
7912,2023-09-17,ZA,1:남성,2023,01_시즌,당해년도,겨울,우븐 셔츠,캐쥬얼셔츠,우븐 셔츠_캐쥬얼셔츠_ZA,30.93093093093093,4899000,71,736813,7092900
7919,2023-09-17,ZA,1:남성,2023,01_시즌,당해년도,여름,우븐 셔츠,캐쥬얼셔츠,우븐 셔츠_캐쥬얼셔츠_ZA,62.04824782319474,836000,22,222925,2247800
7930,2023-09-17,ZA,3:남녀공용,2023,01_시즌,당해년도,여름,우븐 셔츠,캐쥬얼셔츠,우븐 셔츠_캐쥬얼셔츠_ZA,71.56934410373266,4311054,156,1632160,17414400
7932,2023-09-17,ZA,3:남녀공용,2023,02_이월,당해년도,봄,우븐 셔츠,캐쥬얼셔츠,우븐 셔츠_캐쥬얼셔츠_ZA,69.9769053117783,1833000,47,556135,6105300
7933,2023-09-17,ZB,1:남성,2023,01_시즌,당해년도,가을,니트 셔츠,라운드,니트 셔츠_라운드_ZB,44.23789086450031,6821100,175,951297,12232500
7934,2023-09-17,ZB,1:남성,2023,01_시즌,당해년도,가을,수트,블레이져(수트),수트_블레이져(수트)_ZB,30.160631805967693,111112380,570,29198508,159030000
7935,2023-09-17,ZB,1:남성,2023,01_시즌,당해년도,가을,수트,수트팬츠,수트_수트팬츠_ZB,30.155591042316857,62995710,605,15400979,90145000
7938,2023-09-17,ZB,1:남성,2023,01_시즌,당해년도,겨울,니트 셔츠,라운드,니트 셔츠_라운드_ZB,38.67334167709637,4557000,93,620746,7430700
7940,2023-09-17,ZB,1:남성,2023,01_시즌,당해년도,겨울,수트,블레이져(수트),수트_블레이져(수트)_ZB,20.37625347254495,67891860,306,16165630,85374000
7941,2023-09-17,ZB,1:남성,2023,01_시즌,당해년도,겨울,수트,수트팬츠,수트_수트팬츠_ZB,20.41342501097936,37673160,318,8571963,47382000
7942,2023-09-17,ZB,1:남성,2023,01_시즌,당해년도,겨울,스웨터,T-에리,스웨터_T-에리_ZB,36.25191694157211,8030440,127,1516811,12687300
7943,2023-09-17,ZB,1:남성,2023,01_시즌,당해년도,겨울,스웨터,라운드,스웨터_라운드_ZB,36.12442532352712,22431410,351,5093600,35064900
7944,2023-09-17,ZB,1:남성,2023,01_시즌,당해년도,겨울,스웨터,오픈형(CARDIGAN),스웨터_오픈형(CARDIGAN)_ZB,23.134591194968557,9166200,75,1389508,11925000
7945,2023-09-17,ZB,1:남성,2023,01_시즌,당해년도,겨울,코트,싱글코트,코트_싱글코트_ZB,22.0,1556100,5,323597,1995000
7947,2023-09-17,ZB,1:남성,2023,01_시즌,당해년도,사계절,니트 셔츠,라운드,니트 셔츠_라운드_ZB,63.70463078848561,4582000,158,1173906,12624200
7949,2023-09-17,ZB,1:남성,2023,01_시즌,당해년도,사계절,데님,데님팬츠,데님_데님팬츠_ZB,28.96246307234183,-11639200,-76,-1446108,-9412400
7950,2023-09-17,ZB,1:남성,2023,01_시즌,당해년도,사계절,수트,블레이져(수트),수트_블레이져(수트)_ZB,52.57759331223518,89745384,673,30641701,174307000
7951,2023-09-17,ZB,1:남성,2023,01_시즌,당해년도,사계절,수트,수트팬츠,수트_수트팬츠_ZB,52.57211761562728,52412631,746,17395766,103694000
7952,2023-09-17,ZB,1:남성,2023,01_시즌,당해년도,사계절,우븐 셔츠,드레스셔츠,우븐 셔츠_드레스셔츠_ZB,48.29853851168678,54258250,1792,12395949,125260800
7953,2023-09-17,ZB,1:남성,2023,01_시즌,당해년도,사계절,자켓,싱글재킷,자켓_싱글재킷_ZB,37.65690376569037,4470000,30,1018034,7170000
7955,2023-09-17,ZB,1:남성,2023,01_시즌,당해년도,여름,니트 셔츠,라운드,니트 셔츠_라운드_ZB,73.72493907397313,22340100,1557,8987559,94744300
7958,2023-09-17,ZB,1:남성,2023,01_시즌,당해년도,여름,수트,블레이져(수트),수트_블레이져(수트)_ZB,26.61011904761905,6640760,36,2052246,9324000
7959,2023-09-17,ZB,1:남성,2023,01_시즌,당해년도,여름,수트,수트팬츠,수트_수트팬츠_ZB,25.99070743405276,3417860,34,994969,4726000
7960,2023-09-17,ZB,1:남성,2023,01_시즌,당해년도,여름,스웨터,T-에리,스웨터_T-에리_ZB,63.13734170678615,6783878,182,1917326,18181800
7961,2023-09-17,ZB,1:남성,2023,01_시즌,당해년도,여름,스웨터,라운드,스웨터_라운드_ZB,60.70523509687109,5972790,173,1996391,15552700
7962,2023-09-17,ZB,1:남성,2023,01_시즌,당해년도,여름,우븐 셔츠,드레스셔츠,우븐 셔츠_드레스셔츠_ZB,68.06284285723949,22738900,1052,7633046,73534800
7966,2023-09-17,ZB,1:남성,2023,01_시즌,당해년도,여름,팬츠,반바지,팬츠_반바지_ZB,68.7821077930741,1890819,73,611758,6342700
7968,2023-09-17,ZB,1:남성,2023,02_이월,당해년도,봄,수트,블레이져(수트),수트_블레이져(수트)_ZB,40.10416666666666,7277900,47,2462178,12173000
7969,2023-09-17,ZB,1:남성,2023,02_이월,당해년도,봄,수트,수트팬츠,수트_수트팬츠_ZB,40.43103448275862,4517500,55,1519143,7645000
7970,2023-09-17,ZB,1:남성,2023,02_이월,당해년도,봄,스웨터,라운드,스웨터_라운드_ZB,69.88725758766694,7362300,223,2857319,24507700
7971,2023-09-17,ZB,1:남성,2023,02_이월,당해년도,봄,스웨터,오픈형(CARDIGAN),스웨터_오픈형(CARDIGAN)_ZB,71.40130191500639,6717000,129,2002878,22547100
7973,2023-09-17,ZB,1:남성,2023,02_이월,당해년도,봄,점퍼,패딩점퍼,점퍼_패딩점퍼_ZB,75.50160535117057,1465004,20,577436,5980000
7974,2023-09-17,ZB,1:남성,2023,02_이월,당해년도,봄,코트,싱글코트,코트_싱글코트_ZB,65.47649193888748,-6107000,-43,-1535009,-15437000
7975,2023-09-17,ZB,3:남녀공용,2023,01_시즌,당해년도,겨울,니트 셔츠,라운드,니트 셔츠_라운드_ZB,0.0,0,0,0,0
7976,2023-09-17,ZB,3:남녀공용,2023,01_시즌,당해년도,여름,니트 셔츠,라운드,니트 셔츠_라운드_ZB,71.00485122806222,2196600,94,655539,7510600
7997,2023-09-24,ZA,1:남성,2023,01_시즌,당해년도,겨울,우븐 셔츠,캐쥬얼셔츠,우븐 셔츠_캐쥬얼셔츠_ZA,30.93093093093093,3036000,44,456616,4395600
8007,2023-09-24,ZA,1:남성,2023,01_시즌,당해년도,여름,우븐 셔츠,캐쥬얼셔츠,우븐 셔츠_캐쥬얼셔츠_ZA,65.54583768549327,472000,14,142002,1428600
8018,2023-09-24,ZA,3:남녀공용,2023,01_시즌,당해년도,여름,우븐 셔츠,캐쥬얼셔츠,우븐 셔츠_캐쥬얼셔츠_ZA,70.15824324659906,2416050,76,833862,8522400
8020,2023-09-24,ZA,3:남녀공용,2023,02_이월,당해년도,봄,우븐 셔츠,캐쥬얼셔츠,우븐 셔츠_캐쥬얼셔츠_ZA,77.16191942519887,1335000,45,532470,5845500
8021,2023-09-24,ZB,1:남성,2023,01_시즌,당해년도,가을,니트 셔츠,라운드,니트 셔츠_라운드_ZB,48.560054736580206,8270000,230,1250276,16077000
8022,2023-09-24,ZB,1:남성,2023,01_시즌,당해년도,가을,수트,블레이져(수트),수트_블레이져(수트)_ZB,30.442902698259275,87200500,449,23151942,125271000
8023,2023-09-24,ZB,1:남성,2023,01_시즌,당해년도,가을,수트,수트팬츠,수트_수트팬츠_ZB,30.49767807264871,50370940,486,12438731,72414000
8026,2023-09-24,ZB,1:남성,2023,01_시즌,당해년도,겨울,니트 셔츠,라운드,니트 셔츠_라운드_ZB,43.91038443444376,6319000,141,941131,11265900
8028,2023-09-24,ZB,1:남성,2023,01_시즌,당해년도,겨울,수트,블레이져(수트),수트_블레이져(수트)_ZB,28.562835143674334,91403730,459,24125978,128061000
8029,2023-09-24,ZB,1:남성,2023,01_시즌,당해년도,겨울,수트,수트팬츠,수트_수트팬츠_ZB,28.62868031397328,51028030,480,12853506,71520000
8030,2023-09-24,ZB,1:남성,2023,01_시즌,당해년도,겨울,스웨터,T-에리,스웨터_T-에리_ZB,37.031349531349534,14046950,224,2751627,22377600
8031,2023-09-24,ZB,1:남성,2023,01_시즌,당해년도,겨울,스웨터,라운드,스웨터_라운드_ZB,39.92864465250224,16097660,268,3890627,26773200
8032,2023-09-24,ZB,1:남성,2023,01_시즌,당해년도,겨울,스웨터,오픈형(CARDIGAN),스웨터_오픈형(CARDIGAN)_ZB,21.617824167001203,11715000,94,1741517,14946000
8033,2023-09-24,ZB,1:남성,2023,01_시즌,당해년도,겨울,점퍼,패딩점퍼,점퍼_패딩점퍼_ZB,20.0,318400,2,43321,398000
8034,2023-09-24,ZB,1:남성,2023,01_시즌,당해년도,겨울,코트,싱글코트,코트_싱글코트_ZB,20.0,5107200,16,1035511,6384000
8036,2023-09-24,ZB,1:남성,2023,01_시즌,당해년도,사계절,니트 셔츠,라운드,니트 셔츠_라운드_ZB,63.70463078848561,-17342000,-598,-4443012,-47780200
8038,2023-09-24,ZB,1:남성,2023,01_시즌,당해년도,사계절,데님,데님팬츠,데님_데님팬츠_ZB,30.392226892423917,60682685,685,12219393,73691500
8039,2023-09-24,ZB,1:남성,2023,01_시즌,당해년도,사계절,수트,블레이져(수트),수트_블레이져(수트)_ZB,56.45964143226047,89903715,701,31587306,181559000
8040,2023-09-24,ZB,1:남성,2023,01_시즌,당해년도,사계절,수트,수트팬츠,수트_수트팬츠_ZB,54.40188247888449,53692815,767,17692458,106613000
8041,2023-09-24,ZB,1:남성,2023,01_시즌,당해년도,사계절,우븐 셔츠,드레스셔츠,우븐 셔츠_드레스셔츠_ZB,54.61256952570322,38207713,1455,10250103,101704500
8042,2023-09-24,ZB,1:남성,2023,01_시즌,당해년도,사계절,자켓,싱글재킷,자켓_싱글재킷_ZB,39.10631906447806,5675900,39,1323445,9321000
8044,2023-09-24,ZB,1:남성,2023,01_시즌,당해년도,여름,니트 셔츠,라운드,니트 셔츠_라운드_ZB,73.86193830726353,17481780,1223,7194501,74457700
8047,2023-09-24,ZB,1:남성,2023,01_시즌,당해년도,여름,수트,블레이져(수트),수트_블레이져(수트)_ZB,25.65,5687640,30,1718790,7770000
8048,2023-09-24,ZB,1:남성,2023,01_시즌,당해년도,여름,수트,수트팬츠,수트_수트팬츠_ZB,-inf,3747440,37,1091463,5143000
8049,2023-09-24,ZB,1:남성,2023,01_시즌,당해년도,여름,스웨터,T-에리,스웨터_T-에리_ZB,69.86900361900362,1565245,52,519601,5194800
8050,2023-09-24,ZB,1:남성,2023,01_시즌,당해년도,여름,스웨터,라운드,스웨터_라운드_ZB,61.62705149971704,3489390,101,1141459,9079900
8051,2023-09-24,ZB,1:남성,2023,01_시즌,당해년도,여름,우븐 셔츠,드레스셔츠,우븐 셔츠_드레스셔츠_ZB,68.66763545960896,19788250,905,6565895,63259500
8055,2023-09-24,ZB,1:남성,2023,01_시즌,당해년도,여름,팬츠,반바지,팬츠_반바지_ZB,70.40171639827633,1779150,65,686309,5513500
8057,2023-09-24,ZB,1:남성,2023,02_이월,당해년도,봄,수트,블레이져(수트),수트_블레이져(수트)_ZB,41.78249678249678,5794400,38,1989517,9842000
8058,2023-09-24,ZB,1:남성,2023,02_이월,당해년도,봄,수트,수트팬츠,수트_수트팬츠_ZB,41.91164568345324,2939700,36,971516,5004000
8059,2023-09-24,ZB,1:남성,2023,02_이월,당해년도,봄,스웨터,라운드,스웨터_라운드_ZB,71.36080802572883,5516500,173,2241289,19012700
8060,2023-09-24,ZB,1:남성,2023,02_이월,당해년도,봄,스웨터,오픈형(CARDIGAN),스웨터_오픈형(CARDIGAN)_ZB,73.68015380106834,13154300,272,4598921,50052800
8062,2023-09-24,ZB,1:남성,2023,02_이월,당해년도,봄,점퍼,패딩점퍼,점퍼_패딩점퍼_ZB,83.6574215639433,2052301,42,1213211,12558000
8063,2023-09-24,ZB,1:남성,2023,02_이월,당해년도,봄,코트,싱글코트,코트_싱글코트_ZB,69.2087810054384,4877000,44,1752671,15796000
8064,2023-09-24,ZB,3:남녀공용,2023,01_시즌,당해년도,겨울,니트 셔츠,라운드,니트 셔츠_라운드_ZB,38.83176755754821,3861000,79,565726,6312100
8065,2023-09-24,ZB,3:남녀공용,2023,01_시즌,당해년도,겨울,코트,싱글코트,코트_싱글코트_ZB,20.0,279200,1,65440,349000
8066,2023-09-24,ZB,3:남녀공용,2023,01_시즌,당해년도,여름,니트 셔츠,라운드,니트 셔츠_라운드_ZB,72.95540596599739,7110721,361,2444990,28843900
8088,2023-10-01,ZA,1:남성,2023,01_시즌,당해년도,겨울,우븐 셔츠,캐쥬얼셔츠,우븐 셔츠_캐쥬얼셔츠_ZA,34.665665665665664,5743672,88,913233,8791200
8104,2023-10-01,ZA,1:남성,2023,02_이월,당해년도,여름,우븐 셔츠,캐쥬얼셔츠,우븐 셔츠_캐쥬얼셔츠_ZA,67.56929762126016,384236,12,127491,1287900
8109,2023-10-01,ZA,3:남녀공용,2023,01_시즌,당해년도,겨울,우븐 셔츠,캐쥬얼셔츠,우븐 셔츠_캐쥬얼셔츠_ZA,27.696137745974955,7199895,77,1866054,9933000
8111,2023-10-01,ZA,3:남녀공용,2023,02_이월,당해년도,봄,우븐 셔츠,캐쥬얼셔츠,우븐 셔츠_캐쥬얼셔츠_ZA,81.84501474773161,2098916,89,1053104,11561100
8112,2023-10-01,ZA,3:남녀공용,2023,02_이월,당해년도,여름,우븐 셔츠,캐쥬얼셔츠,우븐 셔츠_캐쥬얼셔츠_ZA,71.61819800340332,6854509,225,2466370,25567500
8113,2023-10-01,ZB,1:남성,2023,01_시즌,당해년도,가을,니트 셔츠,라운드,니트 셔츠_라운드_ZB,48.09237063400677,11900966,328,1783003,22927200
8114,2023-10-01,ZB,1:남성,2023,01_시즌,당해년도,가을,수트,블레이져(수트),수트_블레이져(수트)_ZB,35.14451719662838,96599244,533,27385636,148707000
8115,2023-10-01,ZB,1:남성,2023,01_시즌,당해년도,가을,수트,수트팬츠,수트_수트팬츠_ZB,35.338333665544575,56125718,582,14874900,86718000
8118,2023-10-01,ZB,1:남성,2023,01_시즌,당해년도,겨울,니트 셔츠,라운드,니트 셔츠_라운드_ZB,44.78569580690947,7896805,179,1194769,14302100
8120,2023-10-01,ZB,1:남성,2023,01_시즌,당해년도,겨울,수트,블레이져(수트),수트_블레이져(수트)_ZB,34.96746443830133,103656787,571,30011925,159309000
8121,2023-10-01,ZB,1:남성,2023,01_시즌,당해년도,겨울,수트,수트팬츠,수트_수트팬츠_ZB,35.01096684899448,56615398,584,15644556,87016000
8122,2023-10-01,ZB,1:남성,2023,01_시즌,당해년도,겨울,스웨터,T-에리,스웨터_T-에리_ZB,37.33244520786307,31038684,493,6015303,49250700
8123,2023-10-01,ZB,1:남성,2023,01_시즌,당해년도,겨울,스웨터,라운드,스웨터_라운드_ZB,37.74353970115386,47487322,763,11076404,76223700
8124,2023-10-01,ZB,1:남성,2023,01_시즌,당해년도,겨울,스웨터,오픈형(CARDIGAN),스웨터_오픈형(CARDIGAN)_ZB,25.010938296787355,17646426,148,2741963,23532000
8125,2023-10-01,ZB,1:남성,2023,01_시즌,당해년도,겨울,점퍼,패딩점퍼,점퍼_패딩점퍼_ZB,25.377075503568264,4595680,31,693087,6169000
8126,2023-10-01,ZB,1:남성,2023,01_시즌,당해년도,겨울,코트,싱글코트,코트_싱글코트_ZB,25.491566635887967,16945453,57,3688703,22743000
8128,2023-10-01,ZB,1:남성,2023,01_시즌,당해년도,사계절,니트 셔츠,라운드,니트 셔츠_라운드_ZB,63.883424998379446,7243143,251,1864876,20054900
8130,2023-10-01,ZB,1:남성,2023,01_시즌,당해년도,사계절,데님,데님팬츠,데님_데님팬츠_ZB,40.19778967533581,208283998,3161,56806772,345393900
8131,2023-10-01,ZB,1:남성,2023,01_시즌,당해년도,사계절,수트,블레이져(수트),수트_블레이져(수트)_ZB,57.11116022669782,132212573,1062,46954965,275058000
8132,2023-10-01,ZB,1:남성,2023,01_시즌,당해년도,사계절,수트,수트팬츠,수트_수트팬츠_ZB,58.50745457067998,76020654,1183,26738702,164437000
8133,2023-10-01,ZB,1:남성,2023,01_시즌,당해년도,사계절,우븐 셔츠,드레스셔츠,우븐 셔츠_드레스셔츠_ZB,58.48225713256657,81944569,3117,21666178,217878300
8134,2023-10-01,ZB,1:남성,2023,01_시즌,당해년도,사계절,자켓,싱글재킷,자켓_싱글재킷_ZB,45.20562439652398,6809845,52,1764593,12428000
8136,2023-10-01,ZB,1:남성,2023,02_이월,당해년도,봄,수트,블레이져(수트),수트_블레이져(수트)_ZB,46.88939233739234,7579663,55,2875739,14245000
8137,2023-10-01,ZB,1:남성,2023,02_이월,당해년도,봄,수트,수트팬츠,수트_수트팬츠_ZB,46.30149208219631,4560623,61,1663231,8479000
8138,2023-10-01,ZB,1:남성,2023,02_이월,당해년도,봄,스웨터,라운드,스웨터_라운드_ZB,80.32858128658705,10239564,473,6056661,51982700
8139,2023-10-01,ZB,1:남성,2023,02_이월,당해년도,봄,스웨터,오픈형(CARDIGAN),스웨터_오픈형(CARDIGAN)_ZB,78.32892310964564,13219379,317,5076191,56438300
8141,2023-10-01,ZB,1:남성,2023,02_이월,당해년도,봄,점퍼,패딩점퍼,점퍼_패딩점퍼_ZB,80.31888059914816,6885046,117,3380489,34983000
8142,2023-10-01,ZB,1:남성,2023,02_이월,당해년도,봄,코트,싱글코트,코트_싱글코트_ZB,78.6622505471548,21798610,312,11962197,112008000
8143,2023-10-01,ZB,1:남성,2023,02_이월,당해년도,여름,니트 셔츠,라운드,니트 셔츠_라운드_ZB,74.26754744851056,14980345,995,5989415,60880500
8146,2023-10-01,ZB,1:남성,2023,02_이월,당해년도,여름,수트,블레이져(수트),수트_블레이져(수트)_ZB,28.37236969111969,8687436,46,2630646,11914000
8147,2023-10-01,ZB,1:남성,2023,02_이월,당해년도,여름,수트,수트팬츠,수트_수트팬츠_ZB,28.670922580117725,4900893,49,1433177,6811000
8148,2023-10-01,ZB,1:남성,2023,02_이월,당해년도,여름,스웨터,T-에리,스웨터_T-에리_ZB,72.84855558489438,7483579,310,2846585,30969000
8149,2023-10-01,ZB,1:남성,2023,02_이월,당해년도,여름,스웨터,라운드,스웨터_라운드_ZB,68.00359049552598,3404363,118,1300827,10608200
8150,2023-10-01,ZB,1:남성,2023,02_이월,당해년도,여름,우븐 셔츠,드레스셔츠,우븐 셔츠_드레스셔츠_ZB,70.98602457370498,26622155,1368,10096242,95623200
8154,2023-10-01,ZB,1:남성,2023,02_이월,당해년도,여름,팬츠,반바지,팬츠_반바지_ZB,70.98621422309068,2478031,106,810201,9369400
8156,2023-10-01,ZB,3:남녀공용,2023,01_시즌,당해년도,겨울,니트 셔츠,라운드,니트 셔츠_라운드_ZB,43.633225742704695,8557040,190,1360607,15181000
8157,2023-10-01,ZB,3:남녀공용,2023,01_시즌,당해년도,겨울,코트,싱글코트,코트_싱글코트_ZB,22.292263610315185,1356000,5,327199,1745000
8158,2023-10-01,ZB,3:남녀공용,2023,02_이월,당해년도,여름,니트 셔츠,라운드,니트 셔츠_라운드_ZB,73.12908874428288,2696273,126,882030,10067400
8180,2023-10-08,ZA,1:남성,2023,01_시즌,당해년도,겨울,우븐 셔츠,캐쥬얼셔츠,우븐 셔츠_캐쥬얼셔츠_ZA,36.712756234495366,7270755,115,1193429,11488500
8196,2023-10-08,ZA,1:남성,2023,02_이월,당해년도,여름,우븐 셔츠,캐쥬얼셔츠,우븐 셔츠_캐쥬얼셔츠_ZA,66.80005005005005,132667,4,32098,399600
8201,2023-10-08,ZA,3:남녀공용,2023,01_시즌,당해년도,겨울,우븐 셔츠,캐쥬얼셔츠,우븐 셔츠_캐쥬얼셔츠_ZA,30.42304234423268,15200365,170,4121175,21930000
8203,2023-10-08,ZA,3:남녀공용,2023,02_이월,당해년도,봄,우븐 셔츠,캐쥬얼셔츠,우븐 셔츠_캐쥬얼셔츠_ZA,80.39258118780829,2750764,108,1277927,14029200
8204,2023-10-08,ZA,3:남녀공용,2023,02_이월,당해년도,여름,우븐 셔츠,캐쥬얼셔츠,우븐 셔츠_캐쥬얼셔츠_ZA,70.3112109840889,2650230,78,928934,9142200
8205,2023-10-08,ZB,1:남성,2023,01_시즌,당해년도,가을,니트 셔츠,라운드,니트 셔츠_라운드_ZB,49.1493048001424,15426372,434,2359217,30336600
8206,2023-10-08,ZB,1:남성,2023,01_시즌,당해년도,가을,수트,블레이져(수트),수트_블레이져(수트)_ZB,35.70840181521384,96706916,539,27743297,150381000
8207,2023-10-08,ZB,1:남성,2023,01_시즌,당해년도,가을,수트,수트팬츠,수트_수트팬츠_ZB,35.83488144753483,55615614,582,14895733,86718000
8210,2023-10-08,ZB,1:남성,2023,01_시즌,당해년도,겨울,니트 셔츠,라운드,니트 셔츠_라운드_ZB,45.1677620768978,15684323,358,2389538,28604200
8212,2023-10-08,ZB,1:남성,2023,01_시즌,당해년도,겨울,수트,블레이져(수트),수트_블레이져(수트)_ZB,35.8086617038801,150902587,842,44135883,234918000
8213,2023-10-08,ZB,1:남성,2023,01_시즌,당해년도,겨울,수트,수트팬츠,수트_수트팬츠_ZB,35.69307682868086,87023504,909,24256598,135441000
8214,2023-10-08,ZB,1:남성,2023,01_시즌,당해년도,겨울,스웨터,T-에리,스웨터_T-에리_ZB,41.19033260972988,38878504,663,8362153,66233700
8216,2023-10-08,ZB,1:남성,2023,01_시즌,당해년도,겨울,스웨터,라운드,스웨터_라운드_ZB,39.13867533718326,80348073,1322,19154556,132067800
8217,2023-10-08,ZB,1:남성,2023,01_시즌,당해년도,겨울,스웨터,오픈형(CARDIGAN),스웨터_오픈형(CARDIGAN)_ZB,26.19354336160637,25582794,218,4038838,34662000
8218,2023-10-08,ZB,1:남성,2023,01_시즌,당해년도,겨울,점퍼,패딩점퍼,점퍼_패딩점퍼_ZB,29.44172170375688,10119574,72,1622715,14328000
8219,2023-10-08,ZB,1:남성,2023,01_시즌,당해년도,겨울,코트,싱글코트,코트_싱글코트_ZB,33.728670360110804,10048059,38,2442660,15162000
8221,2023-10-08,ZB,1:남성,2023,01_시즌,당해년도,사계절,니트 셔츠,라운드,니트 셔츠_라운드_ZB,66.05784535278316,13532771,499,3707463,39870100
8223,2023-10-08,ZB,1:남성,2023,01_시즌,당해년도,사계절,데님,데님팬츠,데님_데님팬츠_ZB,38.58159645235727,-118012176,-1606,-29118855,-178759400
8224,2023-10-08,ZB,1:남성,2023,01_시즌,당해년도,사계절,수트,블레이져(수트),수트_블레이져(수트)_ZB,53.430762161284406,116783012,796,35069679,206164000
8225,2023-10-08,ZB,1:남성,2023,01_시즌,당해년도,사계절,수트,수트팬츠,수트_수트팬츠_ZB,53.3758617883123,69737944,884,19791937,122876000
8226,2023-10-08,ZB,1:남성,2023,01_시즌,당해년도,사계절,우븐 셔츠,드레스셔츠,우븐 셔츠_드레스셔츠_ZB,53.73914534747459,75534847,2705,18916153,189079500
8227,2023-10-08,ZB,1:남성,2023,01_시즌,당해년도,사계절,자켓,싱글재킷,자켓_싱글재킷_ZB,46.81917712691772,6863517,54,1832462,12906000
8229,2023-10-08,ZB,1:남성,2023,02_이월,당해년도,봄,수트,블레이져(수트),수트_블레이져(수트)_ZB,45.71565774958633,6456891,46,2424388,11914000
8230,2023-10-08,ZB,1:남성,2023,02_이월,당해년도,봄,수트,수트팬츠,수트_수트팬츠_ZB,46.30892835731415,4335957,58,1580797,8062000
8231,2023-10-08,ZB,1:남성,2023,02_이월,당해년도,봄,스웨터,라운드,스웨터_라운드_ZB,70.77688054819103,13567667,425,5536341,46707500
8232,2023-10-08,ZB,1:남성,2023,02_이월,당해년도,봄,스웨터,오픈형(CARDIGAN),스웨터_오픈형(CARDIGAN)_ZB,77.63463336288396,17666940,428,7180825,78387200
8234,2023-10-08,ZB,1:남성,2023,02_이월,당해년도,봄,점퍼,패딩점퍼,점퍼_패딩점퍼_ZB,72.50761614623,8302425,101,2917556,30199000
8235,2023-10-08,ZB,1:남성,2023,02_이월,당해년도,봄,코트,싱글코트,코트_싱글코트_ZB,80.35219595327926,-265532,-58,-1968149,-20822000
8236,2023-10-08,ZB,1:남성,2023,02_이월,당해년도,여름,니트 셔츠,라운드,니트 셔츠_라운드_ZB,71.84934690482935,9879999,600,3659831,36860000
8239,2023-10-08,ZB,1:남성,2023,02_이월,당해년도,여름,수트,블레이져(수트),수트_블레이져(수트)_ZB,32.680447086697086,8095767,47,2709160,12173000
8240,2023-10-08,ZB,1:남성,2023,02_이월,당해년도,여름,수트,수트팬츠,수트_수트팬츠_ZB,31.772933296220167,4819532,52,1528330,7228000
8241,2023-10-08,ZB,1:남성,2023,02_이월,당해년도,여름,스웨터,T-에리,스웨터_T-에리_ZB,70.9357023690357,652779,22,217010,2197800
8242,2023-10-08,ZB,1:남성,2023,02_이월,당해년도,여름,스웨터,라운드,스웨터_라운드_ZB,64.63418989182382,2319919,73,802128,6562700
8243,2023-10-08,ZB,1:남성,2023,02_이월,당해년도,여름,우븐 셔츠,드레스셔츠,우븐 셔츠_드레스셔츠_ZB,71.53934104433328,26006760,1364,10367677,95343600
8247,2023-10-08,ZB,1:남성,2023,02_이월,당해년도,여름,팬츠,반바지,팬츠_반바지_ZB,67.38298603231793,1058316,36,364793,3096400
8249,2023-10-08,ZB,3:남녀공용,2023,01_시즌,당해년도,겨울,니트 셔츠,라운드,니트 셔츠_라운드_ZB,45.20850435804613,24428350,558,3995888,44584200
8250,2023-10-08,ZB,3:남녀공용,2023,01_시즌,당해년도,겨울,코트,싱글코트,코트_싱글코트_ZB,15.984240687679083,-293215,-1,-65440,-349000
8251,2023-10-08,ZB,3:남녀공용,2023,02_이월,당해년도,여름,니트 셔츠,라운드,니트 셔츠_라운드_ZB,74.73791205956715,162148,1,16339,79900
8273,2023-10-15,ZA,1:남성,2023,01_시즌,당해년도,겨울,우븐 셔츠,캐쥬얼셔츠,우븐 셔츠_캐쥬얼셔츠_ZA,45.84102381951844,5031748,93,965121,9290700
8289,2023-10-15,ZA,1:남성,2023,02_이월,당해년도,여름,우븐 셔츠,캐쥬얼셔츠,우븐 셔츠_캐쥬얼셔츠_ZA,60.96096096096096,78000,2,14222,199800
8294,2023-10-15,ZA,3:남녀공용,2023,01_시즌,당해년도,겨울,우븐 셔츠,캐쥬얼셔츠,우븐 셔츠_캐쥬얼셔츠_ZA,26.17625413346344,19752938,208,5036635,26832000
8296,2023-10-15,ZA,3:남녀공용,2023,02_이월,당해년도,봄,우븐 셔츠,캐쥬얼셔츠,우븐 셔츠_캐쥬얼셔츠_ZA,70.57868690201254,535056,14,165657,1818600
8297,2023-10-15,ZA,3:남녀공용,2023,02_이월,당해년도,여름,우븐 셔츠,캐쥬얼셔츠,우븐 셔츠_캐쥬얼셔츠_ZA,68.14320937137633,2393962,66,795616,7673400
8298,2023-10-15,ZB,1:남성,2023,01_시즌,당해년도,가을,니트 셔츠,라운드,니트 셔츠_라운드_ZB,55.76160877256038,12554590,406,2207009,28379400
8299,2023-10-15,ZB,1:남성,2023,01_시즌,당해년도,가을,수트,블레이져(수트),수트_블레이져(수트)_ZB,36.74686315324492,92291590,523,26916954,145917000
8300,2023-10-15,ZB,1:남성,2023,01_시즌,당해년도,가을,수트,수트팬츠,수트_수트팬츠_ZB,36.74832189344407,54850745,582,14891011,86718000
8303,2023-10-15,ZB,1:남성,2023,01_시즌,당해년도,겨울,니트 셔츠,라운드,니트 셔츠_라운드_ZB,44.582507093677975,18729838,423,2823393,33797700
8305,2023-10-15,ZB,1:남성,2023,01_시즌,당해년도,겨울,수트,블레이져(수트),수트_블레이져(수트)_ZB,26.759575187972388,128802522,631,33201894,176049000
8306,2023-10-15,ZB,1:남성,2023,01_시즌,당해년도,겨울,수트,수트팬츠,수트_수트팬츠_ZB,27.05904609223956,70999574,653,17529012,97297000
8307,2023-10-15,ZB,1:남성,2023,01_시즌,당해년도,겨울,스웨터,T-에리,스웨터_T-에리_ZB,36.94061725438243,34505607,547,6873449,54645300
8309,2023-10-15,ZB,1:남성,2023,01_시즌,당해년도,겨울,스웨터,라운드,스웨터_라운드_ZB,39.35315307217981,37595942,623,9017341,62237700
8310,2023-10-15,ZB,1:남성,2023,01_시즌,당해년도,겨울,스웨터,오픈형(CARDIGAN),스웨터_오픈형(CARDIGAN)_ZB,24.04082363174093,22705717,188,3483034,29892000
8311,2023-10-15,ZB,1:남성,2023,01_시즌,당해년도,겨울,점퍼,패딩점퍼,점퍼_패딩점퍼_ZB,36.07159362680264,20537573,162,3731813,32438000
8312,2023-10-15,ZB,1:남성,2023,01_시즌,당해년도,겨울,코트,싱글코트,코트_싱글코트_ZB,29.92952970661949,41970080,152,9838944,59848000
8314,2023-10-15,ZB,1:남성,2023,01_시즌,당해년도,사계절,니트 셔츠,라운드,니트 셔츠_라운드_ZB,63.71783808708254,9914391,342,2540987,27325800
8316,2023-10-15,ZB,1:남성,2023,01_시즌,당해년도,사계절,데님,데님팬츠,데님_데님팬츠_ZB,34.275647859179664,-42087539,-602,-11009963,-67909800
8317,2023-10-15,ZB,1:남성,2023,01_시즌,당해년도,사계절,수트,블레이져(수트),수트_블레이져(수트)_ZB,57.7180395963302,114158559,882,38597242,228438000
8318,2023-10-15,ZB,1:남성,2023,01_시즌,당해년도,사계절,수트,수트팬츠,수트_수트팬츠_ZB,58.47181819514932,67550472,977,21766722,135803000
8319,2023-10-15,ZB,1:남성,2023,01_시즌,당해년도,사계절,우븐 셔츠,드레스셔츠,우븐 셔츠_드레스셔츠_ZB,50.64352472048103,76858750,2742,19038905,191665800
8320,2023-10-15,ZB,1:남성,2023,01_시즌,당해년도,사계절,자켓,싱글재킷,자켓_싱글재킷_ZB,41.8457949790795,5559542,40,1357379,9560000
8322,2023-10-15,ZB,1:남성,2023,02_이월,당해년도,봄,수트,블레이져(수트),수트_블레이져(수트)_ZB,42.49031684745971,4476155,30,1590452,7770000
8323,2023-10-15,ZB,1:남성,2023,02_이월,당해년도,봄,수트,수트팬츠,수트_수트팬츠_ZB,42.54230492529054,2636930,33,903943,4587000
8324,2023-10-15,ZB,1:남성,2023,02_이월,당해년도,봄,스웨터,라운드,스웨터_라운드_ZB,72.34135167141315,8877936,303,3847453,33299700
8325,2023-10-15,ZB,1:남성,2023,02_이월,당해년도,봄,스웨터,오픈형(CARDIGAN),스웨터_오픈형(CARDIGAN)_ZB,74.81441219887436,11603767,250,4143248,45445000
8327,2023-10-15,ZB,1:남성,2023,02_이월,당해년도,봄,점퍼,패딩점퍼,점퍼_패딩점퍼_ZB,71.44067479834743,8710023,102,2946702,30498000
8328,2023-10-15,ZB,1:남성,2023,02_이월,당해년도,봄,코트,싱글코트,코트_싱글코트_ZB,70.4427341403528,12717222,123,4933229,44157000
8329,2023-10-15,ZB,1:남성,2023,02_이월,당해년도,여름,니트 셔츠,라운드,니트 셔츠_라운드_ZB,72.53257793261136,5120051,307,1785026,18749300
8332,2023-10-15,ZB,1:남성,2023,02_이월,당해년도,여름,수트,블레이져(수트),수트_블레이져(수트)_ZB,25.436017037445605,5800931,29,1674092,7511000
8333,2023-10-15,ZB,1:남성,2023,02_이월,당해년도,여름,수트,수트팬츠,수트_수트팬츠_ZB,23.825647664641394,5317344,50,1489060,6950000
8334,2023-10-15,ZB,1:남성,2023,02_이월,당해년도,여름,스웨터,T-에리,스웨터_T-에리_ZB,61.60919252585919,500166,13,122849,1298700
8335,2023-10-15,ZB,1:남성,2023,02_이월,당해년도,여름,스웨터,라운드,스웨터_라운드_ZB,58.01122775305896,909872,24,276749,2157600
8336,2023-10-15,ZB,1:남성,2023,02_이월,당해년도,여름,우븐 셔츠,드레스셔츠,우븐 셔츠_드레스셔츠_ZB,67.00482822972563,18451898,860,6560764,60114000
8340,2023-10-15,ZB,1:남성,2023,02_이월,당해년도,여름,팬츠,반바지,팬츠_반바지_ZB,69.31687384205097,718744,30,206079,2557000
8342,2023-10-15,ZB,3:남녀공용,2023,01_시즌,당해년도,겨울,니트 셔츠,라운드,니트 셔츠_라운드_ZB,44.97499106025389,12310195,280,2005105,22372000
8343,2023-10-15,ZB,3:남녀공용,2023,01_시즌,당해년도,겨울,코트,싱글코트,코트_싱글코트_ZB,40.0,209400,1,65440,349000
8344,2023-10-15,ZB,3:남녀공용,2023,02_이월,당해년도,여름,니트 셔츠,라운드,니트 셔츠_라운드_ZB,inf,97192,5,35156,399500
8366,2023-10-22,ZA,1:남성,2023,01_시즌,당해년도,겨울,우븐 셔츠,캐쥬얼셔츠,우븐 셔츠_캐쥬얼셔츠_ZA,52.494716939161385,2135600,45,466994,4495500
8382,2023-10-22,ZA,1:남성,2023,02_이월,당해년도,여름,우븐 셔츠,캐쥬얼셔츠,우븐 셔츠_캐쥬얼셔츠_ZA,64.30269451521289,1173045,33,355469,3455800
8387,2023-10-22,ZA,3:남녀공용,2023,01_시즌,당해년도,겨울,우븐 셔츠,캐쥬얼셔츠,우븐 셔츠_캐쥬얼셔츠_ZA,25.1121202711144,23387816,243,5889146,31347000
8389,2023-10-22,ZA,3:남녀공용,2023,02_이월,당해년도,봄,우븐 셔츠,캐쥬얼셔츠,우븐 셔츠_캐쥬얼셔츠_ZA,76.69176958864678,696380,23,272150,2987700
8390,2023-10-22,ZA,3:남녀공용,2023,02_이월,당해년도,여름,우븐 셔츠,캐쥬얼셔츠,우븐 셔츠_캐쥬얼셔츠_ZA,70.69705413793459,1026356,38,349104,3946200
8391,2023-10-22,ZB,1:남성,2023,01_시즌,당해년도,가을,니트 셔츠,라운드,니트 셔츠_라운드_ZB,62.04795793829765,9391081,354,1924338,24744600
8392,2023-10-22,ZB,1:남성,2023,01_시즌,당해년도,가을,수트,블레이져(수트),수트_블레이져(수트)_ZB,43.09195827247647,61799895,389,20071804,108531000
8393,2023-10-22,ZB,1:남성,2023,01_시즌,당해년도,가을,수트,수트팬츠,수트_수트팬츠_ZB,43.07137199331444,35488075,418,10698339,62282000
8396,2023-10-22,ZB,1:남성,2023,01_시즌,당해년도,겨울,니트 셔츠,라운드,니트 셔츠_라운드_ZB,40.58714534309028,15807800,333,2222671,26606700
8398,2023-10-22,ZB,1:남성,2023,01_시즌,당해년도,겨울,수트,블레이져(수트),수트_블레이져(수트)_ZB,23.410883731125523,116097480,544,28620017,151776000
8399,2023-10-22,ZB,1:남성,2023,01_시즌,당해년도,겨울,수트,수트팬츠,수트_수트팬츠_ZB,23.90772235542416,66878650,589,15811592,87761000
8400,2023-10-22,ZB,1:남성,2023,01_시즌,당해년도,겨울,스웨터,T-에리,스웨터_T-에리_ZB,33.554924453525224,26762310,406,5109268,40559400
8402,2023-10-22,ZB,1:남성,2023,01_시즌,당해년도,겨울,스웨터,라운드,스웨터_라운드_ZB,34.69520808762756,54821311,839,12159756,83816100
8403,2023-10-22,ZB,1:남성,2023,01_시즌,당해년도,겨울,스웨터,오픈형(CARDIGAN),스웨터_오픈형(CARDIGAN)_ZB,23.44432112467629,4138600,34,629910,5406000
8404,2023-10-22,ZB,1:남성,2023,01_시즌,당해년도,겨울,점퍼,패딩점퍼,점퍼_패딩점퍼_ZB,37.16014767444808,36258453,287,6726453,58513000
8405,2023-10-22,ZB,1:남성,2023,01_시즌,당해년도,겨울,코트,싱글코트,코트_싱글코트_ZB,39.33352659879616,35725279,156,10411294,59694000
8407,2023-10-22,ZB,1:남성,2023,01_시즌,당해년도,사계절,니트 셔츠,라운드,니트 셔츠_라운드_ZB,73.7100621059343,2226600,106,787557,8469400
8409,2023-10-22,ZB,1:남성,2023,01_시즌,당해년도,사계절,데님,데님팬츠,데님_데님팬츠_ZB,40.56404339721057,29988400,1048,18773482,113845200
8410,2023-10-22,ZB,1:남성,2023,01_시즌,당해년도,사계절,수트,블레이져(수트),수트_블레이져(수트)_ZB,56.72889436331468,94946528,684,29901022,177156000
8411,2023-10-22,ZB,1:남성,2023,01_시즌,당해년도,사계절,수트,수트팬츠,수트_수트팬츠_ZB,54.99862749955123,58590553,768,17007437,106752000
8412,2023-10-22,ZB,1:남성,2023,01_시즌,당해년도,사계절,우븐 셔츠,드레스셔츠,우븐 셔츠_드레스셔츠_ZB,56.45571498866451,64501782,2527,17486510,176637300
8413,2023-10-22,ZB,1:남성,2023,01_시즌,당해년도,사계절,자켓,싱글재킷,자켓_싱글재킷_ZB,49.78948744769875,3840100,32,1085903,7648000
8415,2023-10-22,ZB,1:남성,2023,02_이월,당해년도,봄,수트,블레이져(수트),수트_블레이져(수트)_ZB,55.77777777777778,3211600,20,1037652,5180000
8416,2023-10-22,ZB,1:남성,2023,02_이월,당해년도,봄,수트,수트팬츠,수트_수트팬츠_ZB,40.66666666666666,2057200,25,675890,3475000
8417,2023-10-22,ZB,1:남성,2023,02_이월,당해년도,봄,스웨터,라운드,스웨터_라운드_ZB,79.29805191088643,6047900,259,3362898,28464100
8418,2023-10-22,ZB,1:남성,2023,02_이월,당해년도,봄,스웨터,오픈형(CARDIGAN),스웨터_오픈형(CARDIGAN)_ZB,82.02627371328536,8007300,242,4087727,44505800
8420,2023-10-22,ZB,1:남성,2023,02_이월,당해년도,봄,점퍼,패딩점퍼,점퍼_패딩점퍼_ZB,72.18745107806163,7816995,94,2715661,28106000
8421,2023-10-22,ZB,1:남성,2023,02_이월,당해년도,봄,코트,싱글코트,코트_싱글코트_ZB,71.49740703182162,8957500,87,3488299,31233000
8422,2023-10-22,ZB,1:남성,2023,02_이월,당해년도,여름,니트 셔츠,라운드,니트 셔츠_라운드_ZB,68.7599179283238,5651845,255,1965141,17754500
8425,2023-10-22,ZB,1:남성,2023,02_이월,당해년도,여름,수트,블레이져(수트),수트_블레이져(수트)_ZB,40.83838940981798,5927100,32,1836952,8288000
8426,2023-10-22,ZB,1:남성,2023,02_이월,당해년도,여름,수트,수트팬츠,수트_수트팬츠_ZB,23.071492805755398,2615650,27,786855,3753000
8427,2023-10-22,ZB,1:남성,2023,02_이월,당해년도,여름,스웨터,T-에리,스웨터_T-에리_ZB,69.87909337909338,1538190,51,496916,5094900
8428,2023-10-22,ZB,1:남성,2023,02_이월,당해년도,여름,스웨터,라운드,스웨터_라운드_ZB,68.36905729244734,2606400,92,1028694,8270800
8429,2023-10-22,ZB,1:남성,2023,02_이월,당해년도,여름,우븐 셔츠,드레스셔츠,우븐 셔츠_드레스셔츠_ZB,71.84637157773098,17256903,899,6699740,62840100
8433,2023-10-22,ZB,1:남성,2023,02_이월,당해년도,여름,팬츠,반바지,팬츠_반바지_ZB,76.41466725112049,964565,49,309723,4145100
8435,2023-10-22,ZB,3:남녀공용,2023,01_시즌,당해년도,겨울,니트 셔츠,라운드,니트 셔츠_라운드_ZB,40.40290477893285,18666287,392,2807147,31320800
8436,2023-10-22,ZB,3:남녀공용,2023,01_시즌,당해년도,겨울,코트,싱글코트,코트_싱글코트_ZB,36.60847318870242,7293970,33,2171636,11517000
8437,2023-10-22,ZB,3:남녀공용,2023,02_이월,당해년도,여름,니트 셔츠,라운드,니트 셔츠_라운드_ZB,72.47160679083855,2050345,93,645876,7430700
8459,2023-10-29,ZA,1:남성,2023,01_시즌,당해년도,겨울,우븐 셔츠,캐쥬얼셔츠,우븐 셔츠_캐쥬얼셔츠_ZA,54.27016302016302,2558310,56,581148,5594400
8475,2023-10-29,ZA,1:남성,2023,02_이월,당해년도,여름,우븐 셔츠,캐쥬얼셔츠,우븐 셔츠_캐쥬얼셔츠_ZA,0.0,0,0,0,0
8480,2023-10-29,ZA,3:남녀공용,2023,01_시즌,당해년도,겨울,우븐 셔츠,캐쥬얼셔츠,우븐 셔츠_캐쥬얼셔츠_ZA,30.308979078167376,19699409,220,5325984,28380000
8482,2023-10-29,ZA,3:남녀공용,2023,02_이월,당해년도,봄,우븐 셔츠,캐쥬얼셔츠,우븐 셔츠_캐쥬얼셔츠_ZA,66.28175519630484,219000,5,59163,649500
8483,2023-10-29,ZA,3:남녀공용,2023,02_이월,당해년도,여름,우븐 셔츠,캐쥬얼셔츠,우븐 셔츠_캐쥬얼셔츠_ZA,70.78528614150032,1279557,42,450527,4645800
8484,2023-10-29,ZB,1:남성,2023,01_시즌,당해년도,가을,니트 셔츠,라운드,니트 셔츠_라운드_ZB,68.10459779883568,9007134,404,2196137,28239600
8485,2023-10-29,ZB,1:남성,2023,01_시즌,당해년도,가을,수트,블레이져(수트),수트_블레이져(수트)_ZB,44.08210067652792,62694648,402,20823468,112158000
8486,2023-10-29,ZB,1:남성,2023,01_시즌,당해년도,가을,수트,수트팬츠,수트_수트팬츠_ZB,44.07507912710312,37320328,448,11505404,66752000
8489,2023-10-29,ZB,1:남성,2023,01_시즌,당해년도,겨울,니트 셔츠,라운드,니트 셔츠_라운드_ZB,47.54558471865048,14543144,347,2316116,27725300
8491,2023-10-29,ZB,1:남성,2023,01_시즌,당해년도,겨울,수트,블레이져(수트),수트_블레이져(수트)_ZB,25.86119095624033,128124159,620,32563590,172980000
8492,2023-10-29,ZB,1:남성,2023,01_시즌,당해년도,겨울,수트,수트팬츠,수트_수트팬츠_ZB,25.87531410131092,72851528,660,17665300,98340000
8493,2023-10-29,ZB,1:남성,2023,01_시즌,당해년도,겨울,스웨터,T-에리,스웨터_T-에리_ZB,42.42775649981533,23337327,407,5241725,40659300
8495,2023-10-29,ZB,1:남성,2023,01_시즌,당해년도,겨울,스웨터,라운드,스웨터_라운드_ZB,39.77734681520601,49913071,828,11987101,82717200
8496,2023-10-29,ZB,1:남성,2023,01_시즌,당해년도,겨울,스웨터,오픈형(CARDIGAN),스웨터_오픈형(CARDIGAN)_ZB,29.211735277301315,9904694,88,1630357,13992000
8497,2023-10-29,ZB,1:남성,2023,01_시즌,당해년도,겨울,점퍼,패딩점퍼,점퍼_패딩점퍼_ZB,41.85552532446144,32662428,274,6274493,54826000
8498,2023-10-29,ZB,1:남성,2023,01_시즌,당해년도,겨울,코트,싱글코트,코트_싱글코트_ZB,45.454359422588006,47100854,228,14940256,88422000
8500,2023-10-29,ZB,1:남성,2023,01_시즌,당해년도,사계절,니트 셔츠,라운드,니트 셔츠_라운드_ZB,62.86369833800631,-21245084,-716,-5319727,-57208400
8502,2023-10-29,ZB,1:남성,2023,01_시즌,당해년도,사계절,데님,데님팬츠,데님_데님팬츠_ZB,42.59430332366806,-44815372,-1188,-21553987,-132251200
8503,2023-10-29,ZB,1:남성,2023,01_시즌,당해년도,사계절,수트,블레이져(수트),수트_블레이져(수트)_ZB,52.18029496252372,89098922,605,26536120,156695000
8504,2023-10-29,ZB,1:남성,2023,01_시즌,당해년도,사계절,수트,수트팬츠,수트_수트팬츠_ZB,50.90362432781048,52469004,674,15024150,93686000
8505,2023-10-29,ZB,1:남성,2023,01_시즌,당해년도,사계절,우븐 셔츠,드레스셔츠,우븐 셔츠_드레스셔츠_ZB,55.98246649171384,71870125,2701,18693551,188799900
8506,2023-10-29,ZB,1:남성,2023,01_시즌,당해년도,사계절,자켓,싱글재킷,자켓_싱글재킷_ZB,49.39079497907949,4112504,34,1153772,8126000
8508,2023-10-29,ZB,1:남성,2023,02_이월,당해년도,봄,수트,블레이져(수트),수트_블레이져(수트)_ZB,40.35714285714286,2460500,16,854926,4144000
8509,2023-10-29,ZB,1:남성,2023,02_이월,당해년도,봄,수트,수트팬츠,수트_수트팬츠_ZB,40.71428571428572,1306600,16,449049,2224000
8510,2023-10-29,ZB,1:남성,2023,02_이월,당해년도,봄,스웨터,라운드,스웨터_라운드_ZB,69.30589626632229,5455000,160,2020935,17584000
8511,2023-10-29,ZB,1:남성,2023,02_이월,당해년도,봄,스웨터,오픈형(CARDIGAN),스웨터_오픈형(CARDIGAN)_ZB,73.99384481711263,13769900,294,5252097,55980600
8513,2023-10-29,ZB,1:남성,2023,02_이월,당해년도,봄,점퍼,패딩점퍼,점퍼_패딩점퍼_ZB,72.54583178496222,8865500,108,3119971,32292000
8514,2023-10-29,ZB,1:남성,2023,02_이월,당해년도,봄,코트,싱글코트,코트_싱글코트_ZB,73.59068842021489,6374900,67,2694171,24053000
8515,2023-10-29,ZB,1:남성,2023,02_이월,당해년도,여름,니트 셔츠,라운드,니트 셔츠_라운드_ZB,70.50357593792053,636000,41,274250,2655900
8518,2023-10-29,ZB,1:남성,2023,02_이월,당해년도,여름,수트,블레이져(수트),수트_블레이져(수트)_ZB,20.0,0,0,1476,0
8519,2023-10-29,ZB,1:남성,2023,02_이월,당해년도,여름,수트,수트팬츠,수트_수트팬츠_ZB,35.0,20850,0,-1826,0
8520,2023-10-29,ZB,1:남성,2023,02_이월,당해년도,여름,스웨터,T-에리,스웨터_T-에리_ZB,0.0,0,0,0,0
8521,2023-10-29,ZB,1:남성,2023,02_이월,당해년도,여름,스웨터,라운드,스웨터_라운드_ZB,56.61846496106785,78000,2,22314,179800
8522,2023-10-29,ZB,1:남성,2023,02_이월,당해년도,여름,우븐 셔츠,드레스셔츠,우븐 셔츠_드레스셔츠_ZB,69.60682182394223,16425366,937,7421599,65496300
8526,2023-10-29,ZB,1:남성,2023,02_이월,당해년도,여름,팬츠,반바지,팬츠_반바지_ZB,77.9836957858428,19000,1,204662,269900
8528,2023-10-29,ZB,3:남녀공용,2023,01_시즌,당해년도,겨울,니트 셔츠,라운드,니트 셔츠_라운드_ZB,45.00086646770001,17138280,390,2792825,31161000
8529,2023-10-29,ZB,3:남녀공용,2023,01_시즌,당해년도,겨울,코트,싱글코트,코트_싱글코트_ZB,41.350596513418864,11219458,55,3622795,19195000
8530,2023-10-29,ZB,3:남녀공용,2023,02_이월,당해년도,여름,니트 셔츠,라운드,니트 셔츠_라운드_ZB,68.71088861076345,100000,4,27892,319600
8552,2023-11-05,ZA,1:남성,2023,01_시즌,당해년도,겨울,우븐 셔츠,캐쥬얼셔츠,우븐 셔츠_캐쥬얼셔츠_ZA,51.70268573658405,2846692,59,612281,5894100
8568,2023-11-05,ZA,1:남성,2023,02_이월,당해년도,여름,우븐 셔츠,캐쥬얼셔츠,우븐 셔츠_캐쥬얼셔츠_ZA,53.10653363908849,299865,6,68528,619400
8573,2023-11-05,ZA,3:남녀공용,2023,01_시즌,당해년도,겨울,우븐 셔츠,캐쥬얼셔츠,우븐 셔츠_캐쥬얼셔츠_ZA,31.32666092083178,18359208,202,4907473,26058000
8575,2023-11-05,ZA,3:남녀공용,2023,02_이월,당해년도,봄,우븐 셔츠,캐쥬얼셔츠,우븐 셔츠_캐쥬얼셔츠_ZA,82.92208581499939,843000,38,449641,4936200
8576,2023-11-05,ZA,3:남녀공용,2023,02_이월,당해년도,여름,우븐 셔츠,캐쥬얼셔츠,우븐 셔츠_캐쥬얼셔츠_ZA,70.64975495951246,807801,25,280466,2797500
8577,2023-11-05,ZB,1:남성,2023,01_시즌,당해년도,가을,니트 셔츠,라운드,니트 셔츠_라운드_ZB,64.86910648752877,9036790,368,2000442,25723200
8578,2023-11-05,ZB,1:남성,2023,01_시즌,당해년도,가을,수트,블레이져(수트),수트_블레이져(수트)_ZB,43.81378894980661,58024826,370,19190694,103230000
8579,2023-11-05,ZB,1:남성,2023,01_시즌,당해년도,가을,수트,수트팬츠,수트_수트팬츠_ZB,44.05964649384946,34441550,413,10597883,61537000
8582,2023-11-05,ZB,1:남성,2023,01_시즌,당해년도,겨울,니트 셔츠,라운드,니트 셔츠_라운드_ZB,48.54542112618351,18336045,446,2976911,35635400
8584,2023-11-05,ZB,1:남성,2023,01_시즌,당해년도,겨울,수트,블레이져(수트),수트_블레이져(수트)_ZB,28.881588299760303,143288645,722,37883010,201438000
8585,2023-11-05,ZB,1:남성,2023,01_시즌,당해년도,겨울,수트,수트팬츠,수트_수트팬츠_ZB,28.78469015223745,81932590,773,20676847,115177000
8586,2023-11-05,ZB,1:남성,2023,01_시즌,당해년도,겨울,스웨터,T-에리,스웨터_T-에리_ZB,45.2545835044551,29726771,540,6666781,53946000
8588,2023-11-05,ZB,1:남성,2023,01_시즌,당해년도,겨울,스웨터,라운드,스웨터_라운드_ZB,42.374145289568176,61661216,1072,15503412,107092800
8589,2023-11-05,ZB,1:남성,2023,01_시즌,당해년도,겨울,스웨터,오픈형(CARDIGAN),스웨터_오픈형(CARDIGAN)_ZB,38.80785858215791,10021437,103,1908258,16377000
8590,2023-11-05,ZB,1:남성,2023,01_시즌,당해년도,겨울,점퍼,패딩점퍼,점퍼_패딩점퍼_ZB,42.23235025841656,42028994,360,8615840,74140000
8591,2023-11-05,ZB,1:남성,2023,01_시즌,당해년도,겨울,코트,싱글코트,코트_싱글코트_ZB,41.07892489387861,61218333,267,17320502,105133000
8593,2023-11-05,ZB,1:남성,2023,01_시즌,당해년도,사계절,니트 셔츠,라운드,니트 셔츠_라운드_ZB,58.710888610763455,329900,10,74298,799000
8595,2023-11-05,ZB,1:남성,2023,01_시즌,당해년도,사계절,데님,데님팬츠,데님_데님팬츠_ZB,28.234115223610424,6352950,110,1884426,10869000
8596,2023-11-05,ZB,1:남성,2023,01_시즌,당해년도,사계절,수트,블레이져(수트),수트_블레이져(수트)_ZB,32.82816531745103,123110423,840,36835425,217560000
8597,2023-11-05,ZB,1:남성,2023,01_시즌,당해년도,사계절,수트,수트팬츠,수트_수트팬츠_ZB,46.43811305387876,72174260,926,20644570,128714000
8598,2023-11-05,ZB,1:남성,2023,01_시즌,당해년도,사계절,우븐 셔츠,드레스셔츠,우븐 셔츠_드레스셔츠_ZB,57.44850386882508,80209162,3023,20968888,211307700
8599,2023-11-05,ZB,1:남성,2023,01_시즌,당해년도,사계절,자켓,싱글재킷,자켓_싱글재킷_ZB,52.25439330543933,5705600,50,1696724,11950000
8601,2023-11-05,ZB,1:남성,2023,02_이월,당해년도,봄,수트,블레이져(수트),수트_블레이져(수트)_ZB,32.940066690066686,3678400,22,1170375,5698000
8602,2023-11-05,ZB,1:남성,2023,02_이월,당해년도,봄,수트,수트팬츠,수트_수트팬츠_ZB,41.70503597122302,2433500,30,827442,4170000
8603,2023-11-05,ZB,1:남성,2023,02_이월,당해년도,봄,스웨터,라운드,스웨터_라운드_ZB,70.8459762430905,4746400,154,2010059,16924600
8604,2023-11-05,ZB,1:남성,2023,02_이월,당해년도,봄,스웨터,오픈형(CARDIGAN),스웨터_오픈형(CARDIGAN)_ZB,79.41006590381119,10101900,270,4798254,51243000
8606,2023-11-05,ZB,1:남성,2023,02_이월,당해년도,봄,점퍼,패딩점퍼,점퍼_패딩점퍼_ZB,75.54187717924998,6874200,94,2715330,28106000
8607,2023-11-05,ZB,1:남성,2023,02_이월,당해년도,봄,코트,싱글코트,코트_싱글코트_ZB,77.93108974872665,8125300,101,3952985,36259000
8608,2023-11-05,ZB,1:남성,2023,02_이월,당해년도,여름,니트 셔츠,라운드,니트 셔츠_라운드_ZB,61.11628737379989,1404960,59,432255,4054100
8611,2023-11-05,ZB,1:남성,2023,02_이월,당해년도,여름,수트,블레이져(수트),수트_블레이져(수트)_ZB,40.21025923883068,4793830,30,1687870,7770000
8612,2023-11-05,ZB,1:남성,2023,02_이월,당해년도,여름,수트,수트팬츠,수트_수트팬츠_ZB,45.03113758992806,1947330,25,734783,3475000
8613,2023-11-05,ZB,1:남성,2023,02_이월,당해년도,여름,스웨터,T-에리,스웨터_T-에리_ZB,84.90342615342615,657470,5,73937,499500
8614,2023-11-05,ZB,1:남성,2023,02_이월,당해년도,여름,스웨터,라운드,스웨터_라운드_ZB,69.72260251181274,598455,22,249945,1977800
8615,2023-11-05,ZB,1:남성,2023,02_이월,당해년도,여름,우븐 셔츠,드레스셔츠,우븐 셔츠_드레스셔츠_ZB,76.00007593663827,27730690,1749,13967817,122255100
8619,2023-11-05,ZB,1:남성,2023,02_이월,당해년도,여름,팬츠,반바지,팬츠_반바지_ZB,69.05726731087199,914025,33,312864,2766700
8621,2023-11-05,ZB,3:남녀공용,2023,01_시즌,당해년도,겨울,니트 셔츠,라운드,니트 셔츠_라운드_ZB,45.59902464287256,17647350,406,2907403,32439400
8622,2023-11-05,ZB,3:남녀공용,2023,01_시즌,당해년도,겨울,코트,싱글코트,코트_싱글코트_ZB,38.09125512669251,4933920,23,1515961,8027000
8623,2023-11-05,ZB,3:남녀공용,2023,02_이월,당해년도,여름,니트 셔츠,라운드,니트 셔츠_라운드_ZB,70.3770337922403,178700,8,55202,639200
8645,2023-11-12,ZA,1:남성,2023,01_시즌,당해년도,겨울,우븐 셔츠,캐쥬얼셔츠,우븐 셔츠_캐쥬얼셔츠_ZA,50.95095095095096,1666000,34,352840,3396600
8661,2023-11-12,ZA,1:남성,2023,02_이월,당해년도,여름,우븐 셔츠,캐쥬얼셔츠,우븐 셔츠_캐쥬얼셔츠_ZA,0.0,0,0,0,0
8666,2023-11-12,ZA,3:남녀공용,2023,01_시즌,당해년도,겨울,우븐 셔츠,캐쥬얼셔츠,우븐 셔츠_캐쥬얼셔츠_ZA,33.218424267333404,14602900,167,4072924,21543000
8668,2023-11-12,ZA,3:남녀공용,2023,02_이월,당해년도,봄,우븐 셔츠,캐쥬얼셔츠,우븐 셔츠_캐쥬얼셔츠_ZA,73.05619707467282,175000,5,59163,649500
8669,2023-11-12,ZA,3:남녀공용,2023,02_이월,당해년도,여름,우븐 셔츠,캐쥬얼셔츠,우븐 셔츠_캐쥬얼셔츠_ZA,68.89509345116223,384685,11,117247,1128900
8670,2023-11-12,ZB,1:남성,2023,01_시즌,당해년도,가을,니트 셔츠,라운드,니트 셔츠_라운드_ZB,76.43520561193338,5287445,321,1744951,22437900
8671,2023-11-12,ZB,1:남성,2023,01_시즌,당해년도,가을,수트,블레이져(수트),수트_블레이져(수트)_ZB,44.16299379504375,33663256,216,11146647,60264000
8672,2023-11-12,ZB,1:남성,2023,01_시즌,당해년도,가을,수트,수트팬츠,수트_수트팬츠_ZB,44.28026504808068,19682552,237,6081776,35313000
8675,2023-11-12,ZB,1:남성,2023,01_시즌,당해년도,겨울,니트 셔츠,라운드,니트 셔츠_라운드_ZB,44.88409345501118,15104900,343,2289418,27405700
8677,2023-11-12,ZB,1:남성,2023,01_시즌,당해년도,겨울,수트,블레이져(수트),수트_블레이져(수트)_ZB,30.581984946130905,156380410,807,42303793,225153000
8678,2023-11-12,ZB,1:남성,2023,01_시즌,당해년도,겨울,수트,수트팬츠,수트_수트팬츠_ZB,30.721756416061226,91784280,888,23708845,132312000
8679,2023-11-12,ZB,1:남성,2023,01_시즌,당해년도,겨울,스웨터,T-에리,스웨터_T-에리_ZB,45.962732831153886,25557041,474,6065010,47352600
8681,2023-11-12,ZB,1:남성,2023,01_시즌,당해년도,겨울,스웨터,라운드,스웨터_라운드_ZB,45.313464980280784,49279928,902,13083280,90109800
8682,2023-11-12,ZB,1:남성,2023,01_시즌,당해년도,겨울,스웨터,오픈형(CARDIGAN),스웨터_오픈형(CARDIGAN)_ZB,41.90009675858733,9607400,104,1926785,16536000
8683,2023-11-12,ZB,1:남성,2023,01_시즌,당해년도,겨울,점퍼,패딩점퍼,점퍼_패딩점퍼_ZB,52.03241140604419,91349066,924,21729967,189776000
8684,2023-11-12,ZB,1:남성,2023,01_시즌,당해년도,겨울,코트,싱글코트,코트_싱글코트_ZB,40.5499556107317,121862354,534,35254103,205566000
8686,2023-11-12,ZB,1:남성,2023,01_시즌,당해년도,사계절,니트 셔츠,라운드,니트 셔츠_라운드_ZB,63.70463078848561,-3741000,-129,-958442,-10307100
8688,2023-11-12,ZB,1:남성,2023,01_시즌,당해년도,사계절,데님,데님팬츠,데님_데님팬츠_ZB,45.806578293224845,10269645,160,2734986,16114000
8689,2023-11-12,ZB,1:남성,2023,01_시즌,당해년도,사계절,수트,블레이져(수트),수트_블레이져(수트)_ZB,40.99338218055509,89463277,599,26129128,155141000
8690,2023-11-12,ZB,1:남성,2023,01_시즌,당해년도,사계절,수트,수트팬츠,수트_수트팬츠_ZB,43.919292565947245,51594962,655,14497593,91045000
8691,2023-11-12,ZB,1:남성,2023,01_시즌,당해년도,사계절,우븐 셔츠,드레스셔츠,우븐 셔츠_드레스셔츠_ZB,52.52695850346415,33141523,1235,8633672,86326500
8692,2023-11-12,ZB,1:남성,2023,01_시즌,당해년도,사계절,자켓,싱글재킷,자켓_싱글재킷_ZB,39.12133891213389,2910000,20,678690,4780000
8694,2023-11-12,ZB,1:남성,2023,02_이월,당해년도,봄,수트,블레이져(수트),수트_블레이져(수트)_ZB,41.0,4247600,28,1457830,7252000
8695,2023-11-12,ZB,1:남성,2023,02_이월,당해년도,봄,수트,수트팬츠,수트_수트팬츠_ZB,40.90909090909091,2529800,31,831815,4309000
8696,2023-11-12,ZB,1:남성,2023,02_이월,당해년도,봄,스웨터,라운드,스웨터_라운드_ZB,62.852979833122205,2492960,61,785548,6703900
8697,2023-11-12,ZB,1:남성,2023,02_이월,당해년도,봄,스웨터,오픈형(CARDIGAN),스웨터_오픈형(CARDIGAN)_ZB,74.33923240301536,4801600,112,2025166,21488800
8699,2023-11-12,ZB,1:남성,2023,02_이월,당해년도,봄,점퍼,패딩점퍼,점퍼_패딩점퍼_ZB,76.37398292816852,4733000,67,1935527,20033000
8700,2023-11-12,ZB,1:남성,2023,02_이월,당해년도,봄,코트,싱글코트,코트_싱글코트_ZB,76.79452034605238,4030700,48,1951592,17232000
8701,2023-11-12,ZB,1:남성,2023,02_이월,당해년도,여름,니트 셔츠,라운드,니트 셔츠_라운드_ZB,49.04541227370943,394790,13,94800,858700
8704,2023-11-12,ZB,1:남성,2023,02_이월,당해년도,여름,수트,블레이져(수트),수트_블레이져(수트)_ZB,15.360682110682111,-58990,2,106617,518000
8705,2023-11-12,ZB,1:남성,2023,02_이월,당해년도,여름,수트,수트팬츠,수트_수트팬츠_ZB,-2.7,373910,4,117427,556000
8706,2023-11-12,ZB,1:남성,2023,02_이월,당해년도,여름,스웨터,T-에리,스웨터_T-에리_ZB,64.71096096096096,-128910,-1,-2941,-99900
8707,2023-11-12,ZB,1:남성,2023,02_이월,당해년도,여름,스웨터,라운드,스웨터_라운드_ZB,0.0,0,0,0,0
8708,2023-11-12,ZB,1:남성,2023,02_이월,당해년도,여름,우븐 셔츠,드레스셔츠,우븐 셔츠_드레스셔츠_ZB,56.375206243672906,9482585,432,3337585,30196800
8712,2023-11-12,ZB,1:남성,2023,02_이월,당해년도,여름,팬츠,반바지,팬츠_반바지_ZB,100.0,0,-1,-6313,-79900
8714,2023-11-12,ZB,3:남녀공용,2023,01_시즌,당해년도,겨울,니트 셔츠,라운드,니트 셔츠_라운드_ZB,45.734016395091935,26969000,622,4454198,49697800
8715,2023-11-12,ZB,3:남녀공용,2023,01_시즌,당해년도,겨울,코트,싱글코트,코트_싱글코트_ZB,40.63379976644198,23052620,111,7320599,38739000
8716,2023-11-12,ZB,3:남녀공용,2023,02_이월,당해년도,여름,니트 셔츠,라운드,니트 셔츠_라운드_ZB,-inf,50000,0,-180,0
8738,2023-11-19,ZA,1:남성,2023,01_시즌,당해년도,겨울,우븐 셔츠,캐쥬얼셔츠,우븐 셔츠_캐쥬얼셔츠_ZA,52.17360217360218,1337800,28,290574,2797200
8754,2023-11-19,ZA,1:남성,2023,02_이월,당해년도,여름,우븐 셔츠,캐쥬얼셔츠,우븐 셔츠_캐쥬얼셔츠_ZA,60.96096096096096,195000,5,34643,499500
8759,2023-11-19,ZA,3:남녀공용,2023,01_시즌,당해년도,겨울,우븐 셔츠,캐쥬얼셔츠,우븐 셔츠_캐쥬얼셔츠_ZA,38.96223199635526,10578950,135,3319287,17415000
8761,2023-11-19,ZA,3:남녀공용,2023,02_이월,당해년도,봄,우븐 셔츠,캐쥬얼셔츠,우븐 셔츠_캐쥬얼셔츠_ZA,-inf,27900,0,0,0
8762,2023-11-19,ZA,3:남녀공용,2023,02_이월,당해년도,여름,우븐 셔츠,캐쥬얼셔츠,우븐 셔츠_캐쥬얼셔츠_ZA,74.91570621906779,675538,27,271147,2907300
8763,2023-11-19,ZB,1:남성,2023,01_시즌,당해년도,가을,니트 셔츠,라운드,니트 셔츠_라운드_ZB,73.45723915520962,2189300,118,641446,8248200
8764,2023-11-19,ZB,1:남성,2023,01_시즌,당해년도,가을,수트,블레이져(수트),수트_블레이져(수트)_ZB,43.91737550566979,26911840,172,8888684,47988000
8765,2023-11-19,ZB,1:남성,2023,01_시즌,당해년도,가을,수트,수트팬츠,수트_수트팬츠_ZB,43.88483302975106,16133720,193,4943304,28757000
8768,2023-11-19,ZB,1:남성,2023,01_시즌,당해년도,겨울,니트 셔츠,라운드,니트 셔츠_라운드_ZB,62.43213148442787,16599250,553,3691102,44184700
8770,2023-11-19,ZB,1:남성,2023,01_시즌,당해년도,겨울,수트,블레이져(수트),수트_블레이져(수트)_ZB,30.33336664140137,142422780,732,38291853,204228000
8771,2023-11-19,ZB,1:남성,2023,01_시즌,당해년도,겨울,수트,수트팬츠,수트_수트팬츠_ZB,30.189023965721635,82280710,791,21078588,117859000
8772,2023-11-19,ZB,1:남성,2023,01_시즌,당해년도,겨울,스웨터,T-에리,스웨터_T-에리_ZB,50.3319121967496,27030655,546,7012204,54545400
8774,2023-11-19,ZB,1:남성,2023,01_시즌,당해년도,겨울,스웨터,라운드,스웨터_라운드_ZB,49.722254077500864,64181011,1277,18487117,127572300
8775,2023-11-19,ZB,1:남성,2023,01_시즌,당해년도,겨울,스웨터,오픈형(CARDIGAN),스웨터_오픈형(CARDIGAN)_ZB,44.72280456557186,7119150,81,1500669,12879000
8776,2023-11-19,ZB,1:남성,2023,01_시즌,당해년도,겨울,점퍼,패딩점퍼,점퍼_패딩점퍼_ZB,58.111327684254064,132083100,1322,36317671,304178000
8777,2023-11-19,ZB,1:남성,2023,01_시즌,당해년도,겨울,코트,싱글코트,코트_싱글코트_ZB,41.730123614082935,177369820,799,52773671,307351000
8779,2023-11-19,ZB,1:남성,2023,01_시즌,당해년도,사계절,니트 셔츠,라운드,니트 셔츠_라운드_ZB,64.3660266389898,3502000,123,913864,9827700
8781,2023-11-19,ZB,1:남성,2023,01_시즌,당해년도,사계절,데님,데님팬츠,데님_데님팬츠_ZB,36.635422093649616,-790750,14,145878,378600
8782,2023-11-19,ZB,1:남성,2023,01_시즌,당해년도,사계절,수트,블레이져(수트),수트_블레이져(수트)_ZB,49.586938588269234,78861519,533,23254178,138047000
8783,2023-11-19,ZB,1:남성,2023,01_시즌,당해년도,사계절,수트,수트팬츠,수트_수트팬츠_ZB,46.54679281529189,46063903,598,13244099,83122000
8784,2023-11-19,ZB,1:남성,2023,01_시즌,당해년도,사계절,우븐 셔츠,드레스셔츠,우븐 셔츠_드레스셔츠_ZB,52.04025158160509,52375534,1666,11585869,116453400
8785,2023-11-19,ZB,1:남성,2023,01_시즌,당해년도,사계절,자켓,싱글재킷,자켓_싱글재킷_ZB,49.78780633592349,1680100,14,475083,3346000
8787,2023-11-19,ZB,1:남성,2023,02_이월,당해년도,봄,수트,블레이져(수트),수트_블레이져(수트)_ZB,55.0,1864800,11,550895,2849000
8788,2023-11-19,ZB,1:남성,2023,02_이월,당해년도,봄,수트,수트팬츠,수트_수트팬츠_ZB,42.0,1501200,14,369026,1946000
8789,2023-11-19,ZB,1:남성,2023,02_이월,당해년도,봄,스웨터,라운드,스웨터_라운드_ZB,71.56857894283768,4752000,185,2456559,20331500
8790,2023-11-19,ZB,1:남성,2023,02_이월,당해년도,봄,스웨터,오픈형(CARDIGAN),스웨터_오픈형(CARDIGAN)_ZB,78.86298033767386,5147300,132,2339030,25006800
8792,2023-11-19,ZB,1:남성,2023,02_이월,당해년도,봄,점퍼,패딩점퍼,점퍼_패딩점퍼_ZB,77.69573792985165,2600900,39,1126814,11661000
8793,2023-11-19,ZB,1:남성,2023,02_이월,당해년도,봄,코트,싱글코트,코트_싱글코트_ZB,55.22469823584029,103900,7,228576,2513000
8794,2023-11-19,ZB,1:남성,2023,02_이월,당해년도,여름,니트 셔츠,라운드,니트 셔츠_라운드_ZB,58.69324470301589,831000,33,207527,2096700
8797,2023-11-19,ZB,1:남성,2023,02_이월,당해년도,여름,수트,블레이져(수트),수트_블레이져(수트)_ZB,25.0,932400,5,292176,1295000
8798,2023-11-19,ZB,1:남성,2023,02_이월,당해년도,여름,수트,수트팬츠,수트_수트팬츠_ZB,inf,484900,5,148582,695000
8799,2023-11-19,ZB,1:남성,2023,02_이월,당해년도,여름,스웨터,T-에리,스웨터_T-에리_ZB,69.31931931931932,68000,-3,-39849,-299700
8800,2023-11-19,ZB,1:남성,2023,02_이월,당해년도,여름,스웨터,라운드,스웨터_라운드_ZB,56.61846496106785,507000,13,146172,1168700
8801,2023-11-19,ZB,1:남성,2023,02_이월,당해년도,여름,우븐 셔츠,드레스셔츠,우븐 셔츠_드레스셔츠_ZB,74.77490956704604,12785400,641,5062583,44805900
8805,2023-11-19,ZB,1:남성,2023,02_이월,당해년도,여름,팬츠,반바지,팬츠_반바지_ZB,62.83715355832059,408445,13,110402,1148700
8807,2023-11-19,ZB,3:남녀공용,2023,01_시즌,당해년도,겨울,니트 셔츠,라운드,니트 셔츠_라운드_ZB,57.28946403999475,30883775,905,6480787,72309500
8808,2023-11-19,ZB,3:남녀공용,2023,01_시즌,당해년도,겨울,코트,싱글코트,코트_싱글코트_ZB,41.68088287965616,40739590,200,13190039,69800000
8809,2023-11-19,ZB,3:남녀공용,2023,02_이월,당해년도,여름,니트 셔츠,라운드,니트 셔츠_라운드_ZB,68.71088861076345,25000,1,6858,79900
8831,2023-11-26,ZA,1:남성,2023,01_시즌,당해년도,겨울,우븐 셔츠,캐쥬얼셔츠,우븐 셔츠_캐쥬얼셔츠_ZA,53.06845306845307,2438000,52,539637,5194800
8847,2023-11-26,ZA,1:남성,2023,02_이월,당해년도,여름,우븐 셔츠,캐쥬얼셔츠,우븐 셔츠_캐쥬얼셔츠_ZA,60.96096096096096,390000,10,67458,999000
8852,2023-11-26,ZA,3:남녀공용,2023,01_시즌,당해년도,겨울,우븐 셔츠,캐쥬얼셔츠,우븐 셔츠_캐쥬얼셔츠_ZA,37.81544474012367,9109000,112,2728364,14448000
8854,2023-11-26,ZA,3:남녀공용,2023,02_이월,당해년도,봄,우븐 셔츠,캐쥬얼셔츠,우븐 셔츠_캐쥬얼셔츠_ZA,0.0,0,0,0,0
8855,2023-11-26,ZA,3:남녀공용,2023,02_이월,당해년도,여름,우븐 셔츠,캐쥬얼셔츠,우븐 셔츠_캐쥬얼셔츠_ZA,69.34899179394945,91472,4,28954,369600
8856,2023-11-26,ZB,1:남성,2023,01_시즌,당해년도,가을,니트 셔츠,라운드,니트 셔츠_라운드_ZB,65.24446688546664,1239000,51,277235,3564900
8857,2023-11-26,ZB,1:남성,2023,01_시즌,당해년도,가을,수트,블레이져(수트),수트_블레이져(수트)_ZB,53.45002930525795,47644760,367,18965263,102393000
8858,2023-11-26,ZB,1:남성,2023,01_시즌,당해년도,가을,수트,수트팬츠,수트_수트팬츠_ZB,53.72253293562019,26199300,380,9715631,56620000
8861,2023-11-26,ZB,1:남성,2023,01_시즌,당해년도,겨울,니트 셔츠,라운드,니트 셔츠_라운드_ZB,63.95012443715564,10023740,348,2322791,27805200
8863,2023-11-26,ZB,1:남성,2023,01_시즌,당해년도,겨울,수트,블레이져(수트),수트_블레이져(수트)_ZB,30.302355760483497,116977560,601,31502579,167679000
8864,2023-11-26,ZB,1:남성,2023,01_시즌,당해년도,겨울,수트,수트팬츠,수트_수트팬츠_ZB,30.30581091883816,69172230,666,17805987,99234000
8865,2023-11-26,ZB,1:남성,2023,01_시즌,당해년도,겨울,스웨터,T-에리,스웨터_T-에리_ZB,51.30950983194524,25967093,534,6908311,53346600
8867,2023-11-26,ZB,1:남성,2023,01_시즌,당해년도,겨울,스웨터,라운드,스웨터_라운드_ZB,51.34464176501222,50058535,1030,14909200,102897000
8868,2023-11-26,ZB,1:남성,2023,01_시즌,당해년도,겨울,스웨터,오픈형(CARDIGAN),스웨터_오픈형(CARDIGAN)_ZB,48.81243063263041,8301600,102,1889731,16218000
8869,2023-11-26,ZB,1:남성,2023,01_시즌,당해년도,겨울,점퍼,패딩점퍼,점퍼_패딩점퍼_ZB,57.62635552467572,105487600,1001,28762401,237999000
8870,2023-11-26,ZB,1:남성,2023,01_시즌,당해년도,겨울,코트,싱글코트,코트_싱글코트_ZB,57.14350191530759,286546300,1805,118564626,699695000
8872,2023-11-26,ZB,1:남성,2023,01_시즌,당해년도,사계절,니트 셔츠,라운드,니트 셔츠_라운드_ZB,63.70463078848561,2900000,100,742979,7990000
8874,2023-11-26,ZB,1:남성,2023,01_시즌,당해년도,사계절,데님,데님팬츠,데님_데님팬츠_ZB,44.56873404620784,22186415,495,8822213,53310500
8875,2023-11-26,ZB,1:남성,2023,01_시즌,당해년도,사계절,수트,블레이져(수트),수트_블레이져(수트)_ZB,56.30548181890305,56184573,398,17407656,103082000
8876,2023-11-26,ZB,1:남성,2023,01_시즌,당해년도,사계절,수트,수트팬츠,수트_수트팬츠_ZB,43.05536755897571,32819321,435,9627530,60465000
8877,2023-11-26,ZB,1:남성,2023,01_시즌,당해년도,사계절,우븐 셔츠,드레스셔츠,우븐 셔츠_드레스셔츠_ZB,48.25209310071995,21350433,670,4664268,46833000
8878,2023-11-26,ZB,1:남성,2023,01_시즌,당해년도,사계절,자켓,싱글재킷,자켓_싱글재킷_ZB,37.65690376569037,1490000,10,339345,2390000
8880,2023-11-26,ZB,1:남성,2023,02_이월,당해년도,봄,수트,블레이져(수트),수트_블레이져(수트)_ZB,40.625,2305100,15,785294,3885000
8881,2023-11-26,ZB,1:남성,2023,02_이월,당해년도,봄,수트,수트팬츠,수트_수트팬츠_ZB,40.833333333333336,1153700,14,371530,1946000
8882,2023-11-26,ZB,1:남성,2023,02_이월,당해년도,봄,스웨터,라운드,스웨터_라운드_ZB,64.56014080683957,2603000,67,867941,7363300
8883,2023-11-26,ZB,1:남성,2023,02_이월,당해년도,봄,스웨터,오픈형(CARDIGAN),스웨터_오픈형(CARDIGAN)_ZB,79.68837822475122,2591800,67,1184311,12673300
8885,2023-11-26,ZB,1:남성,2023,02_이월,당해년도,봄,점퍼,패딩점퍼,점퍼_패딩점퍼_ZB,71.95222169135212,1174080,14,404404,4186000
8886,2023-11-26,ZB,1:남성,2023,02_이월,당해년도,봄,코트,싱글코트,코트_싱글코트_ZB,72.42339832869081,693000,7,304951,2513000
8887,2023-11-26,ZB,1:남성,2023,02_이월,당해년도,여름,니트 셔츠,라운드,니트 셔츠_라운드_ZB,-inf,27000,0,-1813,0
8890,2023-11-26,ZB,1:남성,2023,02_이월,당해년도,여름,수트,블레이져(수트),수트_블레이져(수트)_ZB,20.0,828800,4,221092,1036000
8891,2023-11-26,ZB,1:남성,2023,02_이월,당해년도,여름,수트,수트팬츠,수트_수트팬츠_ZB,20.0,1000800,9,241320,1251000
8892,2023-11-26,ZB,1:남성,2023,02_이월,당해년도,여름,스웨터,T-에리,스웨터_T-에리_ZB,70.97097097097097,-29000,-1,-8582,-99900
8893,2023-11-26,ZB,1:남성,2023,02_이월,당해년도,여름,스웨터,라운드,스웨터_라운드_ZB,56.61846496106785,390000,10,120549,899000
8894,2023-11-26,ZB,1:남성,2023,02_이월,당해년도,여름,우븐 셔츠,드레스셔츠,우븐 셔츠_드레스셔츠_ZB,63.97722914199485,7091500,299,2312644,20900100
8898,2023-11-26,ZB,1:남성,2023,02_이월,당해년도,여름,팬츠,반바지,팬츠_반바지_ZB,64.11352227919308,223943,7,72993,609300
8900,2023-11-26,ZB,3:남녀공용,2023,01_시즌,당해년도,겨울,니트 셔츠,라운드,니트 셔츠_라운드_ZB,57.95029519350867,33026553,983,7039352,78541700
8901,2023-11-26,ZB,3:남녀공용,2023,01_시즌,당해년도,겨울,코트,싱글코트,코트_싱글코트_ZB,45.20510637708844,46305500,244,16093634,85156000
8902,2023-11-26,ZB,3:남녀공용,2023,02_이월,당해년도,여름,니트 셔츠,라운드,니트 셔츠_라운드_ZB,68.71088861076345,100000,4,26930,319600
8924,2023-12-03,ZA,1:남성,2023,01_시즌,당해년도,겨울,우븐 셔츠,캐쥬얼셔츠,우븐 셔츠_캐쥬얼셔츠_ZA,58.94227560894228,2707100,66,684925,6593400
8940,2023-12-03,ZA,1:남성,2023,02_이월,당해년도,여름,우븐 셔츠,캐쥬얼셔츠,우븐 셔츠_캐쥬얼셔츠_ZA,60.96096096096096,39000,1,6198,99900
8945,2023-12-03,ZA,3:남녀공용,2023,01_시즌,당해년도,겨울,우븐 셔츠,캐쥬얼셔츠,우븐 셔츠_캐쥬얼셔츠_ZA,44.55831414924438,7085733,100,2460243,12900000
8947,2023-12-03,ZA,3:남녀공용,2023,02_이월,당해년도,봄,우븐 셔츠,캐쥬얼셔츠,우븐 셔츠_캐쥬얼셔츠_ZA,82.09611789288464,162800,7,82828,909300
8948,2023-12-03,ZA,3:남녀공용,2023,02_이월,당해년도,여름,우븐 셔츠,캐쥬얼셔츠,우븐 셔츠_캐쥬얼셔츠_ZA,63.96627574456674,195000,5,55872,529500
8949,2023-12-03,ZB,1:남성,2023,01_시즌,당해년도,겨울,니트 셔츠,라운드,니트 셔츠_라운드_ZB,65.25838218826165,10548250,380,2536381,30362000
8951,2023-12-03,ZB,1:남성,2023,01_시즌,당해년도,겨울,수트,블레이져(수트),수트_블레이져(수트)_ZB,29.57306524268537,114516280,586,30593954,163494000
8952,2023-12-03,ZB,1:남성,2023,01_시즌,당해년도,겨울,수트,수트팬츠,수트_수트팬츠_ZB,30.355524321256084,66345700,639,16983278,95211000
8953,2023-12-03,ZB,1:남성,2023,01_시즌,당해년도,겨울,스웨터,T-에리,스웨터_T-에리_ZB,54.5026885095906,20998320,464,5894099,46353600
8955,2023-12-03,ZB,1:남성,2023,01_시즌,당해년도,겨울,스웨터,라운드,스웨터_라운드_ZB,52.83444907104596,48051611,1019,14745177,101798100
8956,2023-12-03,ZB,1:남성,2023,01_시즌,당해년도,겨울,스웨터,오픈형(CARDIGAN),스웨터_오픈형(CARDIGAN)_ZB,48.68614520363925,8403670,103,1908258,16377000
8957,2023-12-03,ZB,1:남성,2023,01_시즌,당해년도,겨울,점퍼,패딩점퍼,점퍼_패딩점퍼_ZB,60.0736299237705,97568170,981,29586993,241919000
8958,2023-12-03,ZB,1:남성,2023,01_시즌,당해년도,겨울,코트,싱글코트,코트_싱글코트_ZB,57.99201273208568,200139200,1282,84524675,494518000
8960,2023-12-03,ZB,1:남성,2023,01_시즌,당해년도,사계절,니트 셔츠,라운드,니트 셔츠_라운드_ZB,63.70463078848561,12441000,429,3187378,34277100
8962,2023-12-03,ZB,1:남성,2023,01_시즌,당해년도,사계절,데님,데님팬츠,데님_데님팬츠_ZB,46.884421329758496,24159545,541,9598393,57985900
8963,2023-12-03,ZB,1:남성,2023,01_시즌,당해년도,사계절,수트,블레이져(수트),수트_블레이져(수트)_ZB,75.01899328524328,81846761,725,32468319,187775000
8964,2023-12-03,ZB,1:남성,2023,01_시즌,당해년도,사계절,수트,수트팬츠,수트_수트팬츠_ZB,58.08380136709327,47472305,795,18069091,110505000
8965,2023-12-03,ZB,1:남성,2023,01_시즌,당해년도,사계절,우븐 셔츠,드레스셔츠,우븐 셔츠_드레스셔츠_ZB,55.00656255114792,32321015,1080,7670205,75492000
8966,2023-12-03,ZB,1:남성,2023,01_시즌,당해년도,사계절,자켓,싱글재킷,자켓_싱글재킷_ZB,37.65690376569037,1788000,12,407214,2868000
8968,2023-12-03,ZB,1:남성,2023,02_이월,당해년도,가을,니트 셔츠,라운드,니트 셔츠_라운드_ZB,69.44270305894456,1901000,89,483803,6221100
8969,2023-12-03,ZB,1:남성,2023,02_이월,당해년도,가을,수트,블레이져(수트),수트_블레이져(수트)_ZB,53.57359962804362,24259780,187,9683591,52173000
8970,2023-12-03,ZB,1:남성,2023,02_이월,당해년도,가을,수트,수트팬츠,수트_수트팬츠_ZB,53.563498537256926,13818249,200,5137441,29800000
8973,2023-12-03,ZB,1:남성,2023,02_이월,당해년도,봄,수트,블레이져(수트),수트_블레이져(수트)_ZB,40.0,2175600,14,746570,3626000
8974,2023-12-03,ZB,1:남성,2023,02_이월,당해년도,봄,수트,수트팬츠,수트_수트팬츠_ZB,40.0,1668000,20,547694,2780000
8975,2023-12-03,ZB,1:남성,2023,02_이월,당해년도,봄,스웨터,라운드,스웨터_라운드_ZB,66.20336669699726,1996400,55,721384,6044500
8976,2023-12-03,ZB,1:남성,2023,02_이월,당해년도,봄,스웨터,오픈형(CARDIGAN),스웨터_오픈형(CARDIGAN)_ZB,69.10397766196894,4812650,84,1435834,15561600
8978,2023-12-03,ZB,1:남성,2023,02_이월,당해년도,봄,점퍼,패딩점퍼,점퍼_패딩점퍼_ZB,77.62207357859532,2007300,30,866106,8970000
8979,2023-12-03,ZB,1:남성,2023,02_이월,당해년도,봄,코트,싱글코트,코트_싱글코트_ZB,71.22960604854755,5370000,50,1888476,17950000
8980,2023-12-03,ZB,1:남성,2023,02_이월,당해년도,여름,니트 셔츠,라운드,니트 셔츠_라운드_ZB,65.4987112007667,575417,22,195954,1637800
8983,2023-12-03,ZB,1:남성,2023,02_이월,당해년도,여름,수트,블레이져(수트),수트_블레이져(수트)_ZB,20.0,1864800,9,501405,2331000
8984,2023-12-03,ZB,1:남성,2023,02_이월,당해년도,여름,수트,수트팬츠,수트_수트팬츠_ZB,20.0,333600,3,84396,417000
8985,2023-12-03,ZB,1:남성,2023,02_이월,당해년도,여름,스웨터,T-에리,스웨터_T-에리_ZB,60.96096096096096,117000,3,25746,299700
8986,2023-12-03,ZB,1:남성,2023,02_이월,당해년도,여름,스웨터,라운드,스웨터_라운드_ZB,65.0,31465,1,12279,89900
8987,2023-12-03,ZB,1:남성,2023,02_이월,당해년도,여름,우븐 셔츠,드레스셔츠,우븐 셔츠_드레스셔츠_ZB,73.38634898383546,27662005,2246,18629618,156995400
8991,2023-12-03,ZB,1:남성,2023,02_이월,당해년도,여름,팬츠,반바지,팬츠_반바지_ZB,56.61846496106785,156000,4,69867,359600
8993,2023-12-03,ZB,3:남녀공용,2023,01_시즌,당해년도,겨울,니트 셔츠,라운드,니트 셔츠_라운드_ZB,64.30633001149047,41780690,1465,10490997,117053500
8994,2023-12-03,ZB,3:남녀공용,2023,01_시즌,당해년도,겨울,코트,싱글코트,코트_싱글코트_ZB,57.08735400720516,48267300,315,20774950,109935000
8995,2023-12-03,ZB,3:남녀공용,2023,02_이월,당해년도,여름,니트 셔츠,라운드,니트 셔츠_라운드_ZB,68.71088861076345,75000,3,20653,239700
9017,2023-12-10,ZA,1:남성,2023,01_시즌,당해년도,겨울,우븐 셔츠,캐쥬얼셔츠,우븐 셔츠_캐쥬얼셔츠_ZA,70.10172789612042,3195916,107,1110408,10689300
9033,2023-12-10,ZA,1:남성,2023,02_이월,당해년도,여름,우븐 셔츠,캐쥬얼셔츠,우븐 셔츠_캐쥬얼셔츠_ZA,61.40167834190372,138000,2,19272,328000
9038,2023-12-10,ZA,3:남녀공용,2023,01_시즌,당해년도,겨울,우븐 셔츠,캐쥬얼셔츠,우븐 셔츠_캐쥬얼셔츠_ZA,49.45336124031008,9843041,175,4352375,22575000
9040,2023-12-10,ZA,3:남녀공용,2023,02_이월,당해년도,봄,우븐 셔츠,캐쥬얼셔츠,우븐 셔츠_캐쥬얼셔츠_ZA,69.9769053117783,78000,2,23665,259800
9041,2023-12-10,ZA,3:남녀공용,2023,02_이월,당해년도,여름,우븐 셔츠,캐쥬얼셔츠,우븐 셔츠_캐쥬얼셔츠_ZA,69.00464744960512,866800,23,276755,2567700
9042,2023-12-10,ZB,1:남성,2023,01_시즌,당해년도,겨울,니트 셔츠,라운드,니트 셔츠_라운드_ZB,64.58203188768569,7810512,276,1842214,22052400
9044,2023-12-10,ZB,1:남성,2023,01_시즌,당해년도,겨울,수트,블레이져(수트),수트_블레이져(수트)_ZB,30.90727030121431,103188590,535,27997309,149265000
9045,2023-12-10,ZB,1:남성,2023,01_시즌,당해년도,겨울,수트,수트팬츠,수트_수트팬츠_ZB,30.90399593417825,58969730,573,15283334,85377000
9046,2023-12-10,ZB,1:남성,2023,01_시즌,당해년도,겨울,스웨터,T-에리,스웨터_T-에리_ZB,58.40226091233648,25118791,618,7704378,61738200
9048,2023-12-10,ZB,1:남성,2023,01_시즌,당해년도,겨울,스웨터,라운드,스웨터_라운드_ZB,53.52821047998353,61716389,1329,19241970,132767100
9049,2023-12-10,ZB,1:남성,2023,01_시즌,당해년도,겨울,스웨터,오픈형(CARDIGAN),스웨터_오픈형(CARDIGAN)_ZB,67.21158280922432,6256030,120,2223213,19080000
9050,2023-12-10,ZB,1:남성,2023,01_시즌,당해년도,겨울,점퍼,패딩점퍼,점퍼_패딩점퍼_ZB,62.98173247364495,78525600,884,27815529,224616000
9051,2023-12-10,ZB,1:남성,2023,01_시즌,당해년도,겨울,코트,싱글코트,코트_싱글코트_ZB,57.800160721707805,172647300,1098,72131230,425002000
9053,2023-12-10,ZB,1:남성,2023,01_시즌,당해년도,사계절,니트 셔츠,라운드,니트 셔츠_라운드_ZB,63.70463078848561,-14877000,-513,-3811480,-40988700
9055,2023-12-10,ZB,1:남성,2023,01_시즌,당해년도,사계절,데님,데님팬츠,데님_데님팬츠_ZB,48.72848926206583,-19102600,-546,-9950979,-61105400
9056,2023-12-10,ZB,1:남성,2023,01_시즌,당해년도,사계절,수트,블레이져(수트),수트_블레이져(수트)_ZB,80.76684998490553,78470601,785,35346626,203315000
9057,2023-12-10,ZB,1:남성,2023,01_시즌,당해년도,사계절,수트,수트팬츠,수트_수트팬츠_ZB,59.30545570278163,43464083,843,19274739,117177000
9058,2023-12-10,ZB,1:남성,2023,01_시즌,당해년도,사계절,우븐 셔츠,드레스셔츠,우븐 셔츠_드레스셔츠_ZB,46.93051986633024,22596532,642,4503276,44875800
9059,2023-12-10,ZB,1:남성,2023,01_시즌,당해년도,사계절,자켓,싱글재킷,자켓_싱글재킷_ZB,41.84100418410042,1251000,9,305410,2151000
9061,2023-12-10,ZB,1:남성,2023,02_이월,당해년도,가을,니트 셔츠,라운드,니트 셔츠_라운드_ZB,69.31126098508072,2252400,105,570778,7339500
9062,2023-12-10,ZB,1:남성,2023,02_이월,당해년도,가을,수트,블레이져(수트),수트_블레이져(수트)_ZB,52.98524330782396,15860000,121,6232267,33759000
9063,2023-12-10,ZB,1:남성,2023,02_이월,당해년도,가을,수트,수트팬츠,수트_수트팬츠_ZB,53.7183562934181,8549100,124,3176376,18476000
9066,2023-12-10,ZB,1:남성,2023,02_이월,당해년도,봄,수트,블레이져(수트),수트_블레이져(수트)_ZB,40.0,621600,4,233019,1036000
9067,2023-12-10,ZB,1:남성,2023,02_이월,당해년도,봄,수트,수트팬츠,수트_수트팬츠_ZB,40.0,417000,5,140575,695000
9068,2023-12-10,ZB,1:남성,2023,02_이월,당해년도,봄,스웨터,라운드,스웨터_라운드_ZB,71.69439020151108,3425200,114,1503773,12528600
9069,2023-12-10,ZB,1:남성,2023,02_이월,당해년도,봄,스웨터,오픈형(CARDIGAN),스웨터_오픈형(CARDIGAN)_ZB,72.17160864647953,1508700,29,505377,5437100
9071,2023-12-10,ZB,1:남성,2023,02_이월,당해년도,봄,점퍼,패딩점퍼,점퍼_패딩점퍼_ZB,72.09215904868078,751000,9,259950,2691000
9072,2023-12-10,ZB,1:남성,2023,02_이월,당해년도,봄,코트,싱글코트,코트_싱글코트_ZB,-102.50696378830084,-1358200,0,6934,0
9073,2023-12-10,ZB,1:남성,2023,02_이월,당해년도,여름,니트 셔츠,라운드,니트 셔츠_라운드_ZB,70.1123000806302,4642000,444,2427102,26675600
9076,2023-12-10,ZB,1:남성,2023,02_이월,당해년도,여름,수트,블레이져(수트),수트_블레이져(수트)_ZB,0.0,0,0,-41,0
9077,2023-12-10,ZB,1:남성,2023,02_이월,당해년도,여름,수트,수트팬츠,수트_수트팬츠_ZB,0.0,139000,1,29943,139000
9078,2023-12-10,ZB,1:남성,2023,02_이월,당해년도,여름,스웨터,T-에리,스웨터_T-에리_ZB,60.96096096096096,273000,7,68536,699300
9079,2023-12-10,ZB,1:남성,2023,02_이월,당해년도,여름,스웨터,라운드,스웨터_라운드_ZB,56.61846496106785,39000,1,10035,89900
9080,2023-12-10,ZB,1:남성,2023,02_이월,당해년도,여름,우븐 셔츠,드레스셔츠,우븐 셔츠_드레스셔츠_ZB,68.88938187754731,9576800,514,3980220,35928600
9084,2023-12-10,ZB,1:남성,2023,02_이월,당해년도,여름,팬츠,반바지,팬츠_반바지_ZB,67.74193548387096,97000,3,38914,269700
9086,2023-12-10,ZB,3:남녀공용,2023,01_시즌,당해년도,겨울,니트 셔츠,라운드,니트 셔츠_라운드_ZB,57.0113868849632,32905290,958,6860324,76544200
9087,2023-12-10,ZB,3:남녀공용,2023,01_시즌,당해년도,겨울,코트,싱글코트,코트_싱글코트_ZB,54.98034861509073,38806100,248,16356669,86552000
9088,2023-12-10,ZB,3:남녀공용,2023,02_이월,당해년도,여름,니트 셔츠,라운드,니트 셔츠_라운드_ZB,68.71088861076345,25000,1,7188,79900
9110,2023-12-17,ZA,1:남성,2023,01_시즌,당해년도,겨울,우븐 셔츠,캐쥬얼셔츠,우븐 셔츠_캐쥬얼셔츠_ZA,59.555075909242575,1939415,48,498127,4795200
9126,2023-12-17,ZA,1:남성,2023,02_이월,당해년도,여름,우븐 셔츠,캐쥬얼셔츠,우븐 셔츠_캐쥬얼셔츠_ZA,70.02920079843157,176000,5,45459,568600
9131,2023-12-17,ZA,3:남녀공용,2023,01_시즌,당해년도,겨울,우븐 셔츠,캐쥬얼셔츠,우븐 셔츠_캐쥬얼셔츠_ZA,48.54144769958724,6121072,93,2284515,11997000
9133,2023-12-17,ZA,3:남녀공용,2023,02_이월,당해년도,봄,우븐 셔츠,캐쥬얼셔츠,우븐 셔츠_캐쥬얼셔츠_ZA,75.67359507313319,94800,3,35498,389700
9134,2023-12-17,ZA,3:남녀공용,2023,02_이월,당해년도,여름,우븐 셔츠,캐쥬얼셔츠,우븐 셔츠_캐쥬얼셔츠_ZA,67.5231428503176,840200,24,275263,2457600
9135,2023-12-17,ZB,1:남성,2023,01_시즌,당해년도,겨울,니트 셔츠,라운드,니트 셔츠_라운드_ZB,64.63459508717695,6131760,217,1448407,17338300
9137,2023-12-17,ZB,1:남성,2023,01_시즌,당해년도,겨울,수트,블레이져(수트),수트_블레이져(수트)_ZB,30.818168500190065,97146177,501,26151292,139779000
9138,2023-12-17,ZB,1:남성,2023,01_시즌,당해년도,겨울,수트,수트팬츠,수트_수트팬츠_ZB,30.50424456707202,56968954,552,14658912,82248000
9139,2023-12-17,ZB,1:남성,2023,01_시즌,당해년도,겨울,스웨터,T-에리,스웨터_T-에리_ZB,56.54927440876503,22633112,532,6611012,53146800
9141,2023-12-17,ZB,1:남성,2023,01_시즌,당해년도,겨울,스웨터,라운드,스웨터_라운드_ZB,57.43952814062929,29365467,689,9966944,68831100
9142,2023-12-17,ZB,1:남성,2023,01_시즌,당해년도,겨울,스웨터,오픈형(CARDIGAN),스웨터_오픈형(CARDIGAN)_ZB,48.52660932297447,5565303,68,1259821,10812000
9143,2023-12-17,ZB,1:남성,2023,01_시즌,당해년도,겨울,점퍼,패딩점퍼,점퍼_패딩점퍼_ZB,61.99951167180116,76892734,806,23956775,196294000
9144,2023-12-17,ZB,1:남성,2023,01_시즌,당해년도,겨울,코트,싱글코트,코트_싱글코트_ZB,57.90461537246642,166621246,1064,70201026,409686000
9146,2023-12-17,ZB,1:남성,2023,01_시즌,당해년도,사계절,니트 셔츠,라운드,니트 셔츠_라운드_ZB,63.54707497274819,-3611610,-124,-921293,-9907600
9148,2023-12-17,ZB,1:남성,2023,01_시즌,당해년도,사계절,데님,데님팬츠,데님_데님팬츠_ZB,40.107854001355335,-2899981,-20,-449156,-3148000
9149,2023-12-17,ZB,1:남성,2023,01_시즌,당해년도,사계절,수트,블레이져(수트),수트_블레이져(수트)_ZB,33.59982547748747,61426595,432,18948900,111888000
9150,2023-12-17,ZB,1:남성,2023,01_시즌,당해년도,사계절,수트,수트팬츠,수트_수트팬츠_ZB,45.55626966027976,35720788,485,10790797,67415000
9151,2023-12-17,ZB,1:남성,2023,01_시즌,당해년도,사계절,우븐 셔츠,드레스셔츠,우븐 셔츠_드레스셔츠_ZB,46.700950913709896,16391474,501,3508502,35019900
9152,2023-12-17,ZB,1:남성,2023,01_시즌,당해년도,사계절,자켓,싱글재킷,자켓_싱글재킷_ZB,45.18828451882845,1310000,10,339345,2390000
9154,2023-12-17,ZB,1:남성,2023,02_이월,당해년도,가을,니트 셔츠,라운드,니트 셔츠_라운드_ZB,66.97862025115244,830950,36,195695,2516400
9155,2023-12-17,ZB,1:남성,2023,02_이월,당해년도,가을,수트,블레이져(수트),수트_블레이져(수트)_ZB,53.40501792114696,12480000,96,4975234,26784000
9156,2023-12-17,ZB,1:남성,2023,02_이월,당해년도,가을,수트,수트팬츠,수트_수트팬츠_ZB,53.69127516778523,7038000,102,2611561,15198000
9159,2023-12-17,ZB,1:남성,2023,02_이월,당해년도,봄,수트,블레이져(수트),수트_블레이져(수트)_ZB,46.66666666666666,1813000,12,608429,3108000
9160,2023-12-17,ZB,1:남성,2023,02_이월,당해년도,봄,수트,수트팬츠,수트_수트팬츠_ZB,46.66666666666666,889600,11,288165,1529000
9161,2023-12-17,ZB,1:남성,2023,02_이월,당해년도,봄,스웨터,라운드,스웨터_라운드_ZB,74.23415225962998,2429000,95,1261325,10440500
9162,2023-12-17,ZB,1:남성,2023,02_이월,당해년도,봄,스웨터,오픈형(CARDIGAN),스웨터_오픈형(CARDIGAN)_ZB,72.24345239222748,2882860,60,1076253,11454000
9164,2023-12-17,ZB,1:남성,2023,02_이월,당해년도,봄,점퍼,패딩점퍼,점퍼_패딩점퍼_ZB,80.02675585284281,597200,10,288955,2990000
9165,2023-12-17,ZB,1:남성,2023,02_이월,당해년도,봄,코트,싱글코트,코트_싱글코트_ZB,73.88247778219923,-2971000,-39,-1446919,-14001000
9166,2023-12-17,ZB,1:남성,2023,02_이월,당해년도,여름,니트 셔츠,라운드,니트 셔츠_라운드_ZB,44.01803668993777,1137780,94,478929,5670600
9169,2023-12-17,ZB,1:남성,2023,02_이월,당해년도,여름,수트,블레이져(수트),수트_블레이져(수트)_ZB,-inf,1712200,7,412322,1813000
9170,2023-12-17,ZB,1:남성,2023,02_이월,당해년도,여름,수트,수트팬츠,수트_수트팬츠_ZB,38.18345323741007,127300,1,27987,139000
9171,2023-12-17,ZB,1:남성,2023,02_이월,당해년도,여름,스웨터,T-에리,스웨터_T-에리_ZB,59.82089232089232,616890,15,168219,1498500
9172,2023-12-17,ZB,1:남성,2023,02_이월,당해년도,여름,스웨터,라운드,스웨터_라운드_ZB,46.785388323208124,-151655,-7,-56776,-629300
9173,2023-12-17,ZB,1:남성,2023,02_이월,당해년도,여름,우븐 셔츠,드레스셔츠,우븐 셔츠_드레스셔츠_ZB,72.87449268421473,5353200,267,2001051,18663300
9177,2023-12-17,ZB,1:남성,2023,02_이월,당해년도,여름,팬츠,반바지,팬츠_반바지_ZB,80.94470563176161,276945,11,42015,938900
9179,2023-12-17,ZB,3:남녀공용,2023,01_시즌,당해년도,겨울,니트 셔츠,라운드,니트 셔츠_라운드_ZB,46.01611510512171,11128346,258,1847561,20614200
9180,2023-12-17,ZB,3:남녀공용,2023,01_시즌,당해년도,겨울,코트,싱글코트,코트_싱글코트_ZB,55.033612347144384,50860100,324,21388149,113076000
9181,2023-12-17,ZB,3:남녀공용,2023,02_이월,당해년도,여름,니트 셔츠,라운드,니트 셔츠_라운드_ZB,80.40362953692114,83945,5,35204,399500
9203,2023-12-24,ZA,1:남성,2023,01_시즌,당해년도,겨울,우븐 셔츠,캐쥬얼셔츠,우븐 셔츠_캐쥬얼셔츠_ZA,67.62223447937734,1584924,49,508505,4895100
9219,2023-12-24,ZA,1:남성,2023,02_이월,당해년도,여름,우븐 셔츠,캐쥬얼셔츠,우븐 셔츠_캐쥬얼셔츠_ZA,58.83989624588596,321390,6,86508,757600
9224,2023-12-24,ZA,3:남녀공용,2023,01_시즌,당해년도,겨울,우븐 셔츠,캐쥬얼셔츠,우븐 셔츠_캐쥬얼셔츠_ZA,50.94546385330911,7006427,138,3449188,17802000
9226,2023-12-24,ZA,3:남녀공용,2023,02_이월,당해년도,봄,우븐 셔츠,캐쥬얼셔츠,우븐 셔츠_캐쥬얼셔츠_ZA,0.0,0,0,0,0
9227,2023-12-24,ZA,3:남녀공용,2023,02_이월,당해년도,여름,우븐 셔츠,캐쥬얼셔츠,우븐 셔츠_캐쥬얼셔츠_ZA,73.80945225440992,293000,6,78135,629400
9228,2023-12-24,ZB,1:남성,2023,01_시즌,당해년도,겨울,니트 셔츠,라운드,니트 셔츠_라운드_ZB,65.71093139929185,6410890,234,1561877,18696600
9230,2023-12-24,ZB,1:남성,2023,01_시즌,당해년도,겨울,수트,블레이져(수트),수트_블레이져(수트)_ZB,30.159080365013256,76100040,391,20426474,109089000
9231,2023-12-24,ZB,1:남성,2023,01_시즌,당해년도,겨울,수트,수트팬츠,수트_수트팬츠_ZB,30.115388506044997,48329640,464,12353741,69136000
9232,2023-12-24,ZB,1:남성,2023,01_시즌,당해년도,겨울,스웨터,T-에리,스웨터_T-에리_ZB,66.59558063810937,17385026,551,6541065,55044900
9234,2023-12-24,ZB,1:남성,2023,01_시즌,당해년도,겨울,스웨터,라운드,스웨터_라운드_ZB,59.86450524723975,39454740,985,14250062,98401500
9235,2023-12-24,ZB,1:남성,2023,01_시즌,당해년도,겨울,스웨터,오픈형(CARDIGAN),스웨터_오픈형(CARDIGAN)_ZB,51.6838512763596,5223942,68,1259821,10812000
9236,2023-12-24,ZB,1:남성,2023,01_시즌,당해년도,겨울,점퍼,패딩점퍼,점퍼_패딩점퍼_ZB,66.92508536273158,76153000,874,28772593,230326000
9237,2023-12-24,ZB,1:남성,2023,01_시즌,당해년도,겨울,코트,싱글코트,코트_싱글코트_ZB,58.2350340600828,151011318,974,64651261,372226000
9239,2023-12-24,ZB,1:남성,2023,01_시즌,당해년도,사계절,니트 셔츠,라운드,니트 셔츠_라운드_ZB,63.45902302690393,3883100,133,988161,10626700
9241,2023-12-24,ZB,1:남성,2023,01_시즌,당해년도,사계절,데님,데님팬츠,데님_데님팬츠_ZB,46.15491326189498,14706800,255,4514883,27264500
9242,2023-12-24,ZB,1:남성,2023,01_시즌,당해년도,사계절,수트,블레이져(수트),수트_블레이져(수트)_ZB,25.33883754777313,47413888,348,15380427,90132000
9243,2023-12-24,ZB,1:남성,2023,01_시즌,당해년도,사계절,수트,수트팬츠,수트_수트팬츠_ZB,45.43902051314237,24848699,349,7825508,48511000
9244,2023-12-24,ZB,1:남성,2023,01_시즌,당해년도,사계절,우븐 셔츠,드레스셔츠,우븐 셔츠_드레스셔츠_ZB,46.09315460864956,17671107,506,3604714,35369400
9245,2023-12-24,ZB,1:남성,2023,01_시즌,당해년도,사계절,자켓,싱글재킷,자켓_싱글재킷_ZB,37.65690376569037,745000,5,169672,1195000
9247,2023-12-24,ZB,1:남성,2023,02_이월,당해년도,가을,니트 셔츠,라운드,니트 셔츠_라운드_ZB,51.82914367463724,471400,14,76104,978600
9248,2023-12-24,ZB,1:남성,2023,02_이월,당해년도,가을,수트,블레이져(수트),수트_블레이져(수트)_ZB,53.44199806565398,14027000,108,5611295,30132000
9249,2023-12-24,ZB,1:남성,2023,02_이월,당해년도,가을,수트,수트팬츠,수트_수트팬츠_ZB,53.76803462060366,10612200,154,3957667,22946000
9252,2023-12-24,ZB,1:남성,2023,02_이월,당해년도,봄,수트,블레이져(수트),수트_블레이져(수트)_ZB,40.44187044187044,1989300,13,662388,3367000
9253,2023-12-24,ZB,1:남성,2023,02_이월,당해년도,봄,수트,수트팬츠,수트_수트팬츠_ZB,40.63004142140833,1305500,16,412877,2224000
9254,2023-12-24,ZB,1:남성,2023,02_이월,당해년도,봄,스웨터,라운드,스웨터_라운드_ZB,71.41368185954173,1525200,48,626894,5275200
9255,2023-12-24,ZB,1:남성,2023,02_이월,당해년도,봄,스웨터,오픈형(CARDIGAN),스웨터_오픈형(CARDIGAN)_ZB,73.6359272435904,917300,19,321513,3498100
9257,2023-12-24,ZB,1:남성,2023,02_이월,당해년도,봄,점퍼,패딩점퍼,점퍼_패딩점퍼_ZB,66.88963210702342,396000,4,115591,1196000
9258,2023-12-24,ZB,1:남성,2023,02_이월,당해년도,봄,코트,싱글코트,코트_싱글코트_ZB,66.15598885793872,357000,3,119827,1077000
9259,2023-12-24,ZB,1:남성,2023,02_이월,당해년도,여름,니트 셔츠,라운드,니트 셔츠_라운드_ZB,-inf,558000,21,160805,1417900
9262,2023-12-24,ZB,1:남성,2023,02_이월,당해년도,여름,수트,블레이져(수트),수트_블레이져(수트)_ZB,-inf,-1265992,-4,-238861,-1036000
9263,2023-12-24,ZB,1:남성,2023,02_이월,당해년도,여름,수트,수트팬츠,수트_수트팬츠_ZB,-2.0266666666666664,-251312,0,-4484,0
9264,2023-12-24,ZB,1:남성,2023,02_이월,당해년도,여름,스웨터,T-에리,스웨터_T-에리_ZB,60.98604870534695,1560000,40,396872,3996000
9265,2023-12-24,ZB,1:남성,2023,02_이월,당해년도,여름,스웨터,라운드,스웨터_라운드_ZB,56.61846496106785,1248000,32,334581,2876800
9266,2023-12-24,ZB,1:남성,2023,02_이월,당해년도,여름,우븐 셔츠,드레스셔츠,우븐 셔츠_드레스셔츠_ZB,63.71936402929268,4599300,181,1368257,12651900
9270,2023-12-24,ZB,1:남성,2023,02_이월,당해년도,여름,팬츠,반바지,팬츠_반바지_ZB,71.77274336710283,303000,13,92738,1108700
9272,2023-12-24,ZB,3:남녀공용,2023,01_시즌,당해년도,겨울,니트 셔츠,라운드,니트 셔츠_라운드_ZB,64.55920893527885,48507350,1713,12266947,136868700
9273,2023-12-24,ZB,3:남녀공용,2023,01_시즌,당해년도,겨울,코트,싱글코트,코트_싱글코트_ZB,55.701761904269325,48927100,312,20593940,108888000
9274,2023-12-24,ZB,3:남녀공용,2023,02_이월,당해년도,여름,니트 셔츠,라운드,니트 셔츠_라운드_ZB,inf,363000,15,101115,1198500
9296,2023-12-31,ZA,1:남성,2023,01_시즌,당해년도,겨울,우븐 셔츠,캐쥬얼셔츠,우븐 셔츠_캐쥬얼셔츠_ZA,58.32209760781189,2040175,49,508505,4895100
9312,2023-12-31,ZA,1:남성,2023,02_이월,당해년도,여름,우븐 셔츠,캐쥬얼셔츠,우븐 셔츠_캐쥬얼셔츠_ZA,67.94724660966699,10000,-1,6733,-89900
9317,2023-12-31,ZA,3:남녀공용,2023,01_시즌,당해년도,겨울,우븐 셔츠,캐쥬얼셔츠,우븐 셔츠_캐쥬얼셔츠_ZA,47.64445052439581,8698442,135,3338883,17415000
9319,2023-12-31,ZA,3:남녀공용,2023,02_이월,당해년도,봄,우븐 셔츠,캐쥬얼셔츠,우븐 셔츠_캐쥬얼셔츠_ZA,69.9769053117783,78000,2,23665,259800
9320,2023-12-31,ZA,3:남녀공용,2023,02_이월,당해년도,여름,우븐 셔츠,캐쥬얼셔츠,우븐 셔츠_캐쥬얼셔츠_ZA,67.15408887148018,1302802,48,383375,4795200
9321,2023-12-31,ZB,1:남성,2023,01_시즌,당해년도,겨울,니트 셔츠,라운드,니트 셔츠_라운드_ZB,67.82876461430446,10538975,410,2736622,32759000
9323,2023-12-31,ZB,1:남성,2023,01_시즌,당해년도,겨울,수트,블레이져(수트),수트_블레이져(수트)_ZB,30.518029537661818,115119360,592,30942188,165168000
9324,2023-12-31,ZB,1:남성,2023,01_시즌,당해년도,겨울,수트,수트팬츠,수트_수트팬츠_ZB,30.686929409713997,69688060,672,17892415,100128000
9325,2023-12-31,ZB,1:남성,2023,01_시즌,당해년도,겨울,스웨터,T-에리,스웨터_T-에리_ZB,60.67542555699759,18015725,461,5662693,46053900
9327,2023-12-31,ZB,1:남성,2023,01_시즌,당해년도,겨울,스웨터,라운드,스웨터_라운드_ZB,61.05710560839981,42363040,1089,15784338,108791100
9328,2023-12-31,ZB,1:남성,2023,01_시즌,당해년도,겨울,스웨터,오픈형(CARDIGAN),스웨터_오픈형(CARDIGAN)_ZB,55.50683808114441,7215901,102,1889731,16218000
9329,2023-12-31,ZB,1:남성,2023,01_시즌,당해년도,겨울,점퍼,패딩점퍼,점퍼_패딩점퍼_ZB,68.89577948488028,77461256,1033,33366313,267467000
9330,2023-12-31,ZB,1:남성,2023,01_시즌,당해년도,겨울,코트,싱글코트,코트_싱글코트_ZB,59.02045203426248,197771503,1298,85804617,499802000
9332,2023-12-31,ZB,1:남성,2023,01_시즌,당해년도,사계절,니트 셔츠,라운드,니트 셔츠_라운드_ZB,63.61565237797247,-3721100,-128,-951013,-10227200
9334,2023-12-31,ZB,1:남성,2023,01_시즌,당해년도,사계절,데님,데님팬츠,데님_데님팬츠_ZB,42.81742510103766,-7201592,-102,-1950312,-12289800
9335,2023-12-31,ZB,1:남성,2023,01_시즌,당해년도,사계절,수트,블레이져(수트),수트_블레이져(수트)_ZB,54.523273072638034,76362727,565,24673853,146335000
9336,2023-12-31,ZB,1:남성,2023,01_시즌,당해년도,사계절,수트,수트팬츠,수트_수트팬츠_ZB,57.6969698432834,43279774,618,13705523,85902000
9337,2023-12-31,ZB,1:남성,2023,01_시즌,당해년도,사계절,우븐 셔츠,드레스셔츠,우븐 셔츠_드레스셔츠_ZB,52.90887005248099,39702262,1272,8839770,88912800
9338,2023-12-31,ZB,1:남성,2023,01_시즌,당해년도,사계절,자켓,싱글재킷,자켓_싱글재킷_ZB,43.03646144650329,953000,7,237541,1673000
9340,2023-12-31,ZB,1:남성,2023,02_이월,당해년도,가을,니트 셔츠,라운드,니트 셔츠_라운드_ZB,64.23064695596885,900100,36,195695,2516400
9341,2023-12-31,ZB,1:남성,2023,02_이월,당해년도,가을,수트,블레이져(수트),수트_블레이져(수트)_ZB,58.78161577431394,18284700,159,8219502,44361000
9342,2023-12-31,ZB,1:남성,2023,02_이월,당해년도,가을,수트,수트팬츠,수트_수트팬츠_ZB,56.02357013211768,14771076,225,5764103,33525000
9345,2023-12-31,ZB,1:남성,2023,02_이월,당해년도,봄,수트,블레이져(수트),수트_블레이져(수트)_ZB,40.0,1709400,11,596683,2849000
9346,2023-12-31,ZB,1:남성,2023,02_이월,당해년도,봄,수트,수트팬츠,수트_수트팬츠_ZB,40.0,667200,8,227599,1112000
9347,2023-12-31,ZB,1:남성,2023,02_이월,당해년도,봄,스웨터,라운드,스웨터_라운드_ZB,71.40707539410698,1914065,61,791157,6703900
9348,2023-12-31,ZB,1:남성,2023,02_이월,당해년도,봄,스웨터,오픈형(CARDIGAN),스웨터_오픈형(CARDIGAN)_ZB,69.92180969057603,3716560,69,1227368,13103100
9350,2023-12-31,ZB,1:남성,2023,02_이월,당해년도,봄,점퍼,패딩점퍼,점퍼_패딩점퍼_ZB,75.10033444816054,446700,6,173363,1794000
9351,2023-12-31,ZB,1:남성,2023,02_이월,당해년도,봄,코트,싱글코트,코트_싱글코트_ZB,58.37395543175487,601500,5,215796,1795000
9352,2023-12-31,ZB,1:남성,2023,02_이월,당해년도,여름,니트 셔츠,라운드,니트 셔츠_라운드_ZB,68.81010091234108,1154362,50,299655,3115000
9355,2023-12-31,ZB,1:남성,2023,02_이월,당해년도,여름,수트,블레이져(수트),수트_블레이져(수트)_ZB,-inf,51800,-2,-115179,-518000
9356,2023-12-31,ZB,1:남성,2023,02_이월,당해년도,여름,수트,수트팬츠,수트_수트팬츠_ZB,20.0,1445600,13,379824,1807000
9357,2023-12-31,ZB,1:남성,2023,02_이월,당해년도,여름,스웨터,T-에리,스웨터_T-에리_ZB,64.4942465401181,9469002,339,2943149,33866100
9358,2023-12-31,ZB,1:남성,2023,02_이월,당해년도,여름,스웨터,라운드,스웨터_라운드_ZB,53.24925843529848,738347,18,194095,1618200
9359,2023-12-31,ZB,1:남성,2023,02_이월,당해년도,여름,우븐 셔츠,드레스셔츠,우븐 셔츠_드레스셔츠_ZB,74.3763709165618,10439660,681,5534500,47601900
9363,2023-12-31,ZB,1:남성,2023,02_이월,당해년도,여름,팬츠,반바지,팬츠_반바지_ZB,26.73534990404937,600000,14,94388,1208600
9365,2023-12-31,ZB,3:남녀공용,2023,01_시즌,당해년도,겨울,니트 셔츠,라운드,니트 셔츠_라운드_ZB,63.95470911711358,42566677,1478,10584091,118092200
9366,2023-12-31,ZB,3:남녀공용,2023,01_시즌,당해년도,겨울,코트,싱글코트,코트_싱글코트_ZB,56.51490960146967,58872784,383,25265687,133667000
9367,2023-12-31,ZB,3:남녀공용,2023,02_이월,당해년도,여름,니트 셔츠,라운드,니트 셔츠_라운드_ZB,68.71088861076345,425000,17,118054,1358300
9385,2024-01-07,ZB,1:남성,2024,01_시즌,당해년도,봄,니트 셔츠,라운드,니트 셔츠_라운드_ZB,20.128205128205128,9113100,139,916477,11421000
9386,2024-01-07,ZB,1:남성,2024,01_시즌,당해년도,봄,수트,블레이져(수트),수트_블레이져(수트)_ZB,20.27777777777778,32029200,144,7339954,40176000
9387,2024-01-07,ZB,1:남성,2024,01_시즌,당해년도,봄,수트,수트팬츠,수트_수트팬츠_ZB,20.254777070063696,18654800,157,3999839,23393000
9388,2024-01-07,ZB,1:남성,2024,01_시즌,당해년도,봄,스웨터,T-에리,스웨터_T-에리_ZB,20.0,712800,9,134573,891000
9389,2024-01-07,ZB,1:남성,2024,01_시즌,당해년도,봄,스웨터,라운드,스웨터_라운드_ZB,20.43478260869565,3623400,46,752693,4554000
9390,2024-01-07,ZB,1:남성,2024,01_시즌,당해년도,봄,스웨터,오픈형(CARDIGAN),스웨터_오픈형(CARDIGAN)_ZB,0.0,0,0,0,0
9391,2024-01-07,ZB,1:남성,2024,01_시즌,당해년도,봄,자켓,싱글재킷,자켓_싱글재킷_ZB,20.0,3827200,16,472780,4784000
9393,2024-01-07,ZB,1:남성,2024,01_시즌,당해년도,사계절,수트,블레이져(수트),수트_블레이져(수트)_ZB,20.0,1450400,7,300187,1813000
9394,2024-01-07,ZB,1:남성,2024,01_시즌,당해년도,사계절,수트,수트팬츠,수트_수트팬츠_ZB,20.0,556000,5,103049,695000
9395,2024-01-07,ZB,1:남성,2024,01_시즌,당해년도,사계절,우븐 셔츠,드레스셔츠,우븐 셔츠_드레스셔츠_ZB,66.18130587527682,49479455,1852,14861769,146308000
9396,2024-01-07,ZB,1:남성,2024,01_시즌,당해년도,여름,니트 셔츠,라운드,니트 셔츠_라운드_ZB,0.0,0,0,0,0
9397,2024-01-07,ZB,1:남성,2024,01_시즌,당해년도,여름,수트,블레이져(수트),수트_블레이져(수트)_ZB,0.0,0,0,0,0
9398,2024-01-07,ZB,1:남성,2024,01_시즌,당해년도,여름,수트,수트팬츠,수트_수트팬츠_ZB,0.0,0,0,0,0
9408,2024-01-14,ZB,1:남성,2024,01_시즌,당해년도,봄,니트 셔츠,라운드,니트 셔츠_라운드_ZB,20.0,-3504000,-60,-381733,-4380000
9409,2024-01-14,ZB,1:남성,2024,01_시즌,당해년도,봄,수트,블레이져(수트),수트_블레이져(수트)_ZB,20.288990825688074,61474860,277,13833555,77283000
9410,2024-01-14,ZB,1:남성,2024,01_시즌,당해년도,봄,수트,수트팬츠,수트_수트팬츠_ZB,20.25,34871960,294,7358286,43806000
9411,2024-01-14,ZB,1:남성,2024,01_시즌,당해년도,봄,스웨터,T-에리,스웨터_T-에리_ZB,22.8,1910700,25,373815,2475000
9412,2024-01-14,ZB,1:남성,2024,01_시즌,당해년도,봄,스웨터,라운드,스웨터_라운드_ZB,20.26315789473684,4177800,53,858328,5247000
9413,2024-01-14,ZB,1:남성,2024,01_시즌,당해년도,봄,스웨터,오픈형(CARDIGAN),스웨터_오픈형(CARDIGAN)_ZB,23.333333333333336,1208400,10,187341,1590000
9414,2024-01-14,ZB,1:남성,2024,01_시즌,당해년도,봄,자켓,싱글재킷,자켓_싱글재킷_ZB,20.0,1435200,6,177292,1794000
9415,2024-01-14,ZB,1:남성,2024,01_시즌,당해년도,봄,코트,싱글코트,코트_싱글코트_ZB,20.0,717600,3,128248,897000
9417,2024-01-14,ZB,1:남성,2024,01_시즌,당해년도,사계절,수트,블레이져(수트),수트_블레이져(수트)_ZB,42.371072910492,35971400,241,10335024,62419000
9418,2024-01-14,ZB,1:남성,2024,01_시즌,당해년도,사계절,수트,수트팬츠,수트_수트팬츠_ZB,43.14358399212189,20785000,263,5420356,36557000
9419,2024-01-14,ZB,1:남성,2024,01_시즌,당해년도,사계절,우븐 셔츠,드레스셔츠,우븐 셔츠_드레스셔츠_ZB,32.27259765846086,50602500,1353,10823703,106887000
9420,2024-01-14,ZB,1:남성,2024,01_시즌,당해년도,여름,니트 셔츠,라운드,니트 셔츠_라운드_ZB,0.0,0,0,0,0
9421,2024-01-14,ZB,1:남성,2024,01_시즌,당해년도,여름,수트,블레이져(수트),수트_블레이져(수트)_ZB,0.0,0,0,0,0
9422,2024-01-14,ZB,1:남성,2024,01_시즌,당해년도,여름,수트,수트팬츠,수트_수트팬츠_ZB,0.0,0,0,0,0
9432,2024-01-21,ZB,1:남성,2024,01_시즌,당해년도,봄,니트 셔츠,라운드,니트 셔츠_라운드_ZB,30.11930010604454,5473100,87,589882,7793000
9433,2024-01-21,ZB,1:남성,2024,01_시즌,당해년도,봄,수트,블레이져(수트),수트_블레이져(수트)_ZB,28.126968775904945,65154870,325,16110746,90675000
9434,2024-01-21,ZB,1:남성,2024,01_시즌,당해년도,봄,수트,수트팬츠,수트_수트팬츠_ZB,28.229684554927275,40189770,376,9360178,56024000
9435,2024-01-21,ZB,1:남성,2024,01_시즌,당해년도,봄,스웨터,T-에리,스웨터_T-에리_ZB,29.52380952380953,2930400,42,628009,4158000
9436,2024-01-21,ZB,1:남성,2024,01_시즌,당해년도,봄,스웨터,라운드,스웨터_라운드_ZB,29.971153846153847,9365400,134,2174817,13266000
9437,2024-01-21,ZB,1:남성,2024,01_시즌,당해년도,봄,스웨터,오픈형(CARDIGAN),스웨터_오픈형(CARDIGAN)_ZB,28.863636363636363,4642800,41,771058,6519000
9438,2024-01-21,ZB,1:남성,2024,01_시즌,당해년도,봄,자켓,싱글재킷,자켓_싱글재킷_ZB,31.53846153846154,2661100,13,384134,3887000
9439,2024-01-21,ZB,1:남성,2024,01_시즌,당해년도,봄,코트,싱글코트,코트_싱글코트_ZB,31.666666666666668,2451800,12,512993,3588000
9441,2024-01-21,ZB,1:남성,2024,01_시즌,당해년도,사계절,데님,데님팬츠,데님_데님팬츠_ZB,20.0,554400,7,97776,693000
9442,2024-01-21,ZB,1:남성,2024,01_시즌,당해년도,사계절,수트,블레이져(수트),수트_블레이져(수트)_ZB,42.20923818930464,45053100,301,12908059,77959000
9443,2024-01-21,ZB,1:남성,2024,01_시즌,당해년도,사계절,수트,수트팬츠,수트_수트팬츠_ZB,42.89796645655612,25637100,323,6656939,44897000
9444,2024-01-21,ZB,1:남성,2024,01_시즌,당해년도,사계절,우븐 셔츠,드레스셔츠,우븐 셔츠_드레스셔츠_ZB,69.99525617015426,33322200,1255,10025029,99145000
9445,2024-01-21,ZB,1:남성,2024,01_시즌,당해년도,여름,니트 셔츠,라운드,니트 셔츠_라운드_ZB,0.0,0,0,0,0
9446,2024-01-21,ZB,1:남성,2024,01_시즌,당해년도,여름,수트,블레이져(수트),수트_블레이져(수트)_ZB,29.285714285714285,10462500,53,2784326,14787000
9447,2024-01-21,ZB,1:남성,2024,01_시즌,당해년도,여름,수트,수트팬츠,수트_수트팬츠_ZB,29.411764705882355,6526200,62,1640251,9238000
9456,2024-01-28,ZA,1:남성,2024,01_시즌,당해년도,여름,우븐 셔츠,캐쥬얼셔츠,우븐 셔츠_캐쥬얼셔츠_ZA,20.0,871200,11,101166,1089000
9458,2024-01-28,ZB,1:남성,2024,01_시즌,당해년도,봄,니트 셔츠,라운드,니트 셔츠_라운드_ZB,30.0,3460100,57,382367,4943000
9459,2024-01-28,ZB,1:남성,2024,01_시즌,당해년도,봄,수트,블레이져(수트),수트_블레이져(수트)_ZB,32.87612502445705,64471320,345,17217335,96255000
9460,2024-01-28,ZB,1:남성,2024,01_시즌,당해년도,봄,수트,수트팬츠,수트_수트팬츠_ZB,32.72898519630981,37419860,374,9360266,55726000
9461,2024-01-28,ZB,1:남성,2024,01_시즌,당해년도,봄,스웨터,T-에리,스웨터_T-에리_ZB,30.0,900900,13,194384,1287000
9462,2024-01-28,ZB,1:남성,2024,01_시즌,당해년도,봄,스웨터,라운드,스웨터_라운드_ZB,30.0,9147600,132,2136748,13068000
9463,2024-01-28,ZB,1:남성,2024,01_시즌,당해년도,봄,스웨터,오픈형(CARDIGAN),스웨터_오픈형(CARDIGAN)_ZB,30.25,4881300,44,827683,6996000
9464,2024-01-28,ZB,1:남성,2024,01_시즌,당해년도,봄,자켓,싱글재킷,자켓_싱글재킷_ZB,30.0,3976700,19,561426,5681000
9465,2024-01-28,ZB,1:남성,2024,01_시즌,당해년도,봄,코트,싱글코트,코트_싱글코트_ZB,30.0,1883700,9,384745,2691000
9468,2024-01-28,ZB,1:남성,2024,01_시즌,당해년도,사계절,데님,데님팬츠,데님_데님팬츠_ZB,20.0,2930400,37,556500,3663000
9469,2024-01-28,ZB,1:남성,2024,01_시즌,당해년도,사계절,수트,블레이져(수트),수트_블레이져(수트)_ZB,42.53365334446416,44056000,296,12693639,76664000
9470,2024-01-28,ZB,1:남성,2024,01_시즌,당해년도,사계절,수트,수트팬츠,수트_수트팬츠_ZB,43.69244036947099,24810800,317,6533280,44063000
9471,2024-01-28,ZB,1:남성,2024,01_시즌,당해년도,사계절,우븐 셔츠,드레스셔츠,우븐 셔츠_드레스셔츠_ZB,54.4781065176276,51003900,1611,12881434,127269000
9472,2024-01-28,ZB,1:남성,2024,01_시즌,당해년도,여름,니트 셔츠,라운드,니트 셔츠_라운드_ZB,0.0,0,0,0,0
9473,2024-01-28,ZB,1:남성,2024,01_시즌,당해년도,여름,수트,블레이져(수트),수트_블레이져(수트)_ZB,25.257471264367812,29428920,142,7531797,39618000
9474,2024-01-28,ZB,1:남성,2024,01_시즌,당해년도,여름,수트,수트팬츠,수트_수트팬츠_ZB,25.30002679859823,16017500,145,3906337,21605000
9483,2024-02-04,ZA,1:남성,2024,01_시즌,당해년도,여름,우븐 셔츠,캐쥬얼셔츠,우븐 셔츠_캐쥬얼셔츠_ZA,21.5,773380,11,105710,989000
9487,2024-02-04,ZB,1:남성,2024,01_시즌,당해년도,봄,니트 셔츠,라운드,니트 셔츠_라운드_ZB,44.1232201062966,8638100,181,1213749,15679000
9488,2024-02-04,ZB,1:남성,2024,01_시즌,당해년도,봄,수트,블레이져(수트),수트_블레이져(수트)_ZB,32.13646459367651,97036200,519,26023503,144801000
9489,2024-02-04,ZB,1:남성,2024,01_시즌,당해년도,봄,수트,수트팬츠,수트_수트팬츠_ZB,32.279399779960066,59971010,603,15156144,89847000
9490,2024-02-04,ZB,1:남성,2024,01_시즌,당해년도,봄,스웨터,T-에리,스웨터_T-에리_ZB,39.91502324835658,3747500,63,942013,6237000
9491,2024-02-04,ZB,1:남성,2024,01_시즌,당해년도,봄,스웨터,라운드,스웨터_라운드_ZB,38.177762473217015,17042550,279,4497566,27621000
9492,2024-02-04,ZB,1:남성,2024,01_시즌,당해년도,봄,스웨터,오픈형(CARDIGAN),스웨터_오픈형(CARDIGAN)_ZB,55.59536878216124,5390900,72,1345255,11448000
9493,2024-02-04,ZB,1:남성,2024,01_시즌,당해년도,봄,자켓,싱글재킷,자켓_싱글재킷_ZB,45.50331169257,8310200,51,1506986,15249000
9494,2024-02-04,ZB,1:남성,2024,01_시즌,당해년도,봄,코트,싱글코트,코트_싱글코트_ZB,44.41949354992833,8143100,49,2094721,14651000
9497,2024-02-04,ZB,1:남성,2024,01_시즌,당해년도,사계절,데님,데님팬츠,데님_데님팬츠_ZB,38.09968489296446,8062100,131,1916692,12969000
9498,2024-02-04,ZB,1:남성,2024,01_시즌,당해년도,사계절,수트,블레이져(수트),수트_블레이져(수트)_ZB,42.37732537732538,49250100,330,14151692,85470000
9499,2024-02-04,ZB,1:남성,2024,01_시즌,당해년도,사계절,수트,수트팬츠,수트_수트팬츠_ZB,43.18570770124848,28350900,359,7398889,49901000
9500,2024-02-04,ZB,1:남성,2024,01_시즌,당해년도,사계절,우븐 셔츠,드레스셔츠,우븐 셔츠_드레스셔츠_ZB,54.44653555381476,53288700,1665,13336078,131535000
9501,2024-02-04,ZB,1:남성,2024,01_시즌,당해년도,여름,니트 셔츠,라운드,니트 셔츠_라운드_ZB,0.0,0,0,0,0
9502,2024-02-04,ZB,1:남성,2024,01_시즌,당해년도,여름,수트,블레이져(수트),수트_블레이져(수트)_ZB,25.658864664747018,31560480,149,7900066,41571000
9503,2024-02-04,ZB,1:남성,2024,01_시즌,당해년도,여름,수트,수트팬츠,수트_수트팬츠_ZB,25.318751850137005,20043480,177,4781771,26373000
9516,2024-02-11,ZA,1:남성,2024,01_시즌,당해년도,여름,우븐 셔츠,캐쥬얼셔츠,우븐 셔츠_캐쥬얼셔츠_ZA,30.384615384615387,1613900,26,244651,2314000
9520,2024-02-11,ZB,1:남성,2024,01_시즌,당해년도,봄,니트 셔츠,라운드,니트 셔츠_라운드_ZB,50.832978748824246,11132800,261,1750973,22639000
9521,2024-02-11,ZB,1:남성,2024,01_시즌,당해년도,봄,수트,블레이져(수트),수트_블레이져(수트)_ZB,30.165002344116267,68025780,349,17406698,97371000
9522,2024-02-11,ZB,1:남성,2024,01_시즌,당해년도,봄,수트,수트팬츠,수트_수트팬츠_ZB,30.154996629592183,37685080,362,9039658,53938000
9523,2024-02-11,ZB,1:남성,2024,01_시즌,당해년도,봄,스웨터,T-에리,스웨터_T-에리_ZB,40.4040404040404,4838000,82,1226113,8118000
9524,2024-02-11,ZB,1:남성,2024,01_시즌,당해년도,봄,스웨터,라운드,스웨터_라운드_ZB,41.54454085009641,23506100,402,6531575,39798000
9525,2024-02-11,ZB,1:남성,2024,01_시즌,당해년도,봄,스웨터,오픈형(CARDIGAN),스웨터_오픈형(CARDIGAN)_ZB,51.96182279598367,7917400,104,1951196,16536000
9526,2024-02-11,ZB,1:남성,2024,01_시즌,당해년도,봄,자켓,싱글재킷,자켓_싱글재킷_ZB,46.943599878382486,6980100,44,1300145,13156000
9527,2024-02-11,ZB,1:남성,2024,01_시즌,당해년도,봄,코트,싱글코트,코트_싱글코트_ZB,50.08779264214047,7163400,48,2051972,14352000
9530,2024-02-11,ZB,1:남성,2024,01_시즌,당해년도,사계절,데님,데님팬츠,데님_데님팬츠_ZB,40.89103152739517,7754400,133,1946822,13167000
9531,2024-02-11,ZB,1:남성,2024,01_시즌,당해년도,사계절,수트,블레이져(수트),수트_블레이져(수트)_ZB,42.79613419986091,47706880,322,13808621,83398000
9532,2024-02-11,ZB,1:남성,2024,01_시즌,당해년도,사계절,수트,수트팬츠,수트_수트팬츠_ZB,43.64063035286057,26322080,336,6924865,46704000
9533,2024-02-11,ZB,1:남성,2024,01_시즌,당해년도,사계절,우븐 셔츠,드레스셔츠,우븐 셔츠_드레스셔츠_ZB,53.63483904636206,57056355,1774,14165720,140146000
9534,2024-02-11,ZB,1:남성,2024,01_시즌,당해년도,여름,니트 셔츠,라운드,니트 셔츠_라운드_ZB,0.0,0,0,0,0
9535,2024-02-11,ZB,1:남성,2024,01_시즌,당해년도,여름,수트,블레이져(수트),수트_블레이져(수트)_ZB,24.676282432164783,49090050,232,12368324,64728000
9536,2024-02-11,ZB,1:남성,2024,01_시즌,당해년도,여름,수트,수트팬츠,수트_수트팬츠_ZB,24.4267382070199,31731040,281,7631623,41869000
9549,2024-02-18,ZA,1:남성,2024,01_시즌,당해년도,여름,우븐 셔츠,캐쥬얼셔츠,우븐 셔츠_캐쥬얼셔츠_ZA,30.60975609756097,4063700,64,595414,5876000
9553,2024-02-18,ZB,1:남성,2024,01_시즌,당해년도,봄,니트 셔츠,라운드,니트 셔츠_라운드_ZB,50.828109195395314,19463300,467,3108397,39533000
9554,2024-02-18,ZB,1:남성,2024,01_시즌,당해년도,봄,수트,블레이져(수트),수트_블레이져(수트)_ZB,30.091996733360556,107272710,550,27284079,153450000
9555,2024-02-18,ZB,1:남성,2024,01_시즌,당해년도,봄,수트,수트팬츠,수트_수트팬츠_ZB,30.10396778209977,63104550,606,15094336,90294000
9556,2024-02-18,ZB,1:남성,2024,01_시즌,당해년도,봄,스웨터,T-에리,스웨터_T-에리_ZB,47.21634954193094,6741000,129,1928885,12771000
9557,2024-02-18,ZB,1:남성,2024,01_시즌,당해년도,봄,스웨터,라운드,스웨터_라운드_ZB,48.13520088369752,27841800,543,8732473,53757000
9558,2024-02-18,ZB,1:남성,2024,01_시즌,당해년도,봄,스웨터,오픈형(CARDIGAN),스웨터_오픈형(CARDIGAN)_ZB,59.3105603848148,13617700,210,3938909,33390000
9559,2024-02-18,ZB,1:남성,2024,01_시즌,당해년도,봄,자켓,싱글재킷,자켓_싱글재킷_ZB,52.45555359971836,13505000,95,2807130,28405000
9560,2024-02-18,ZB,1:남성,2024,01_시즌,당해년도,봄,코트,싱글코트,코트_싱글코트_ZB,70.92686441461835,59720000,687,29368847,205413000
9563,2024-02-18,ZB,1:남성,2024,01_시즌,당해년도,사계절,데님,데님팬츠,데님_데님팬츠_ZB,40.4040404040404,12685000,215,3138228,21285000
9564,2024-02-18,ZB,1:남성,2024,01_시즌,당해년도,사계절,수트,블레이져(수트),수트_블레이져(수트)_ZB,42.82604032604033,74632600,504,21613493,130536000
9565,2024-02-18,ZB,1:남성,2024,01_시즌,당해년도,사계절,수트,수트팬츠,수트_수트팬츠_ZB,43.5676850489016,41024600,523,10778882,72697000
9566,2024-02-18,ZB,1:남성,2024,01_시즌,당해년도,사계절,우븐 셔츠,드레스셔츠,우븐 셔츠_드레스셔츠_ZB,53.75186266990342,90911000,2868,22805833,226572000
9567,2024-02-18,ZB,1:남성,2024,01_시즌,당해년도,여름,니트 셔츠,라운드,니트 셔츠_라운드_ZB,0.0,0,0,0,0
9568,2024-02-18,ZB,1:남성,2024,01_시즌,당해년도,여름,수트,블레이져(수트),수트_블레이져(수트)_ZB,23.68296895301616,98372610,457,24207441,127503000
9569,2024-02-18,ZB,1:남성,2024,01_시즌,당해년도,여름,수트,수트팬츠,수트_수트팬츠_ZB,24.70812349246709,57762830,501,13557592,74649000
9583,2024-02-25,ZA,1:남성,2024,01_시즌,당해년도,여름,우븐 셔츠,캐쥬얼셔츠,우븐 셔츠_캐쥬얼셔츠_ZA,30.0,3378900,53,496457,4827000
9587,2024-02-25,ZB,1:남성,2024,01_시즌,당해년도,봄,니트 셔츠,라운드,니트 셔츠_라운드_ZB,53.198280937259554,15671000,389,2592272,33051000
9588,2024-02-25,ZB,1:남성,2024,01_시즌,당해년도,봄,수트,블레이져(수트),수트_블레이져(수트)_ZB,30.13611144982319,77241150,396,19613550,110484000
9589,2024-02-25,ZB,1:남성,2024,01_시즌,당해년도,봄,수트,수트팬츠,수트_수트팬츠_ZB,30.279413404706144,43207020,416,10338837,61984000
9590,2024-02-25,ZB,1:남성,2024,01_시즌,당해년도,봄,스웨터,T-에리,스웨터_T-에리_ZB,52.93602693602693,6290100,135,2018600,13365000
9591,2024-02-25,ZB,1:남성,2024,01_시즌,당해년도,봄,스웨터,라운드,스웨터_라운드_ZB,53.71389278924772,19479200,421,6809224,41679000
9592,2024-02-25,ZB,1:남성,2024,01_시즌,당해년도,봄,스웨터,오픈형(CARDIGAN),스웨터_오픈형(CARDIGAN)_ZB,64.48476702508961,8916100,158,2959344,25122000
9593,2024-02-25,ZB,1:남성,2024,01_시즌,당해년도,봄,자켓,싱글재킷,자켓_싱글재킷_ZB,57.08165796099357,11421000,89,2629838,26611000
9594,2024-02-25,ZB,1:남성,2024,01_시즌,당해년도,봄,코트,싱글코트,코트_싱글코트_ZB,72.2441388168375,33279000,401,17142515,119899000
9597,2024-02-25,ZB,1:남성,2024,01_시즌,당해년도,사계절,데님,데님팬츠,데님_데님팬츠_ZB,28.079443503356543,8728000,122,1776474,12078000
9598,2024-02-25,ZB,1:남성,2024,01_시즌,당해년도,사계절,수트,블레이져(수트),수트_블레이져(수트)_ZB,42.950466145588095,60580900,410,17582405,106190000
9599,2024-02-25,ZB,1:남성,2024,01_시즌,당해년도,사계절,수트,수트팬츠,수트_수트팬츠_ZB,43.70209005209625,36309900,464,9562909,64496000
9600,2024-02-25,ZB,1:남성,2024,01_시즌,당해년도,사계절,우븐 셔츠,드레스셔츠,우븐 셔츠_드레스셔츠_ZB,54.19709329144156,73610400,2319,18361450,183201000
9601,2024-02-25,ZB,1:남성,2024,01_시즌,당해년도,여름,니트 셔츠,라운드,니트 셔츠_라운드_ZB,30.583911800734995,1700000,31,185868,2449000
9602,2024-02-25,ZB,1:남성,2024,01_시즌,당해년도,여름,수트,블레이져(수트),수트_블레이져(수트)_ZB,21.34441236838454,76251990,345,18259523,96255000
9603,2024-02-25,ZB,1:남성,2024,01_시즌,당해년도,여름,수트,수트팬츠,수트_수트팬츠_ZB,20.730784382395253,45774290,387,10467361,57663000
9604,2024-02-25,ZB,1:남성,2024,01_시즌,당해년도,여름,스웨터,T-에리,스웨터_T-에리_ZB,0.0,0,0,0,0
9605,2024-02-25,ZB,1:남성,2024,01_시즌,당해년도,여름,스웨터,라운드,스웨터_라운드_ZB,0.0,0,0,0,0
9619,2024-03-03,ZA,1:남성,2024,01_시즌,당해년도,여름,우븐 셔츠,캐쥬얼셔츠,우븐 셔츠_캐쥬얼셔츠_ZA,30.2841669397299,4782500,77,721012,6863000
9623,2024-03-03,ZB,1:남성,2024,01_시즌,당해년도,봄,니트 셔츠,라운드,니트 셔츠_라운드_ZB,62.77921018060974,25763936,788,5301124,68932000
9624,2024-03-03,ZB,1:남성,2024,01_시즌,당해년도,봄,수트,블레이져(수트),수트_블레이져(수트)_ZB,32.97001644736842,87962283,464,22876287,129456000
9625,2024-03-03,ZB,1:남성,2024,01_시즌,당해년도,봄,수트,수트팬츠,수트_수트팬츠_ZB,32.67956766770389,51478523,508,12544454,75692000
9626,2024-03-03,ZB,1:남성,2024,01_시즌,당해년도,봄,스웨터,T-에리,스웨터_T-에리_ZB,66.15968192563938,15745900,470,7027719,46530000
9627,2024-03-03,ZB,1:남성,2024,01_시즌,당해년도,봄,스웨터,라운드,스웨터_라운드_ZB,65.68645180610014,46562290,1375,22199165,136125000
9628,2024-03-03,ZB,1:남성,2024,01_시즌,당해년도,봄,스웨터,오픈형(CARDIGAN),스웨터_오픈형(CARDIGAN)_ZB,79.54998828411723,25937380,793,14867625,126087000
9629,2024-03-03,ZB,1:남성,2024,01_시즌,당해년도,봄,자켓,싱글재킷,자켓_싱글재킷_ZB,56.94908955778521,13902000,108,3191264,32292000
9630,2024-03-03,ZB,1:남성,2024,01_시즌,당해년도,봄,코트,싱글코트,코트_싱글코트_ZB,72.45590173459554,38872435,472,20177723,141128000
9633,2024-03-03,ZB,1:남성,2024,01_시즌,당해년도,사계절,데님,데님팬츠,데님_데님팬츠_ZB,40.81211131041469,16373400,280,4092422,27720000
9634,2024-03-03,ZB,1:남성,2024,01_시즌,당해년도,사계절,수트,블레이져(수트),수트_블레이져(수트)_ZB,26.280843575832915,70003993,470,20112556,121730000
9635,2024-03-03,ZB,1:남성,2024,01_시즌,당해년도,사계절,수트,수트팬츠,수트_수트팬츠_ZB,43.350472928430165,39528907,502,10346078,69778000
9636,2024-03-03,ZB,1:남성,2024,01_시즌,당해년도,사계절,우븐 셔츠,드레스셔츠,우븐 셔츠_드레스셔츠_ZB,53.83438312364321,91574716,2797,22102371,220963000
9637,2024-03-03,ZB,1:남성,2024,01_시즌,당해년도,여름,니트 셔츠,라운드,니트 셔츠_라운드_ZB,30.659560293137908,7285600,133,797435,10507000
9638,2024-03-03,ZB,1:남성,2024,01_시즌,당해년도,여름,수트,블레이져(수트),수트_블레이져(수트)_ZB,20.885191816120525,113299720,512,27111928,142848000
9639,2024-03-03,ZB,1:남성,2024,01_시즌,당해년도,여름,수트,수트팬츠,수트_수트팬츠_ZB,20.75766267743579,68374080,579,15637425,86271000
9640,2024-03-03,ZB,1:남성,2024,01_시즌,당해년도,여름,스웨터,T-에리,스웨터_T-에리_ZB,29.979073033707863,10884000,172,2315030,15558000
9641,2024-03-03,ZB,1:남성,2024,01_시즌,당해년도,여름,스웨터,라운드,스웨터_라운드_ZB,30.0,3655400,58,835423,5222000
9658,2024-03-10,ZA,1:남성,2024,01_시즌,당해년도,여름,우븐 셔츠,캐쥬얼셔츠,우븐 셔츠_캐쥬얼셔츠_ZA,30.864978902953588,4644000,73,679163,6687000
9662,2024-03-10,ZB,1:남성,2024,01_시즌,당해년도,봄,니트 셔츠,라운드,니트 셔츠_라운드_ZB,65.2375369021229,19652050,644,4299622,55036000
9663,2024-03-10,ZB,1:남성,2024,01_시즌,당해년도,봄,수트,블레이져(수트),수트_블레이져(수트)_ZB,37.08755515017938,69219840,391,19073030,109089000
9664,2024-03-10,ZB,1:남성,2024,01_시즌,당해년도,봄,수트,수트팬츠,수트_수트팬츠_ZB,37.24338526231659,38302870,408,9981899,60792000
9665,2024-03-10,ZB,1:남성,2024,01_시즌,당해년도,봄,스웨터,T-에리,스웨터_T-에리_ZB,63.77774282618573,10363550,289,4321299,28611000
9666,2024-03-10,ZB,1:남성,2024,01_시즌,당해년도,봄,스웨터,라운드,스웨터_라운드_ZB,65.52636389501139,31606300,915,14812938,90585000
9667,2024-03-10,ZB,1:남성,2024,01_시즌,당해년도,봄,스웨터,오픈형(CARDIGAN),스웨터_오픈형(CARDIGAN)_ZB,76.90882980663861,14031500,383,7173975,60897000
9668,2024-03-10,ZB,1:남성,2024,01_시즌,당해년도,봄,자켓,싱글재킷,자켓_싱글재킷_ZB,73.17495098604545,18608000,232,6855308,69368000
9669,2024-03-10,ZB,1:남성,2024,01_시즌,당해년도,봄,코트,싱글코트,코트_싱글코트_ZB,72.98752251093389,25199400,312,13337817,93288000
9672,2024-03-10,ZB,1:남성,2024,01_시즌,당해년도,사계절,데님,데님팬츠,데님_데님팬츠_ZB,59.79566353388061,12165500,305,4434766,30195000
9673,2024-03-10,ZB,1:남성,2024,01_시즌,당해년도,사계절,수트,블레이져(수트),수트_블레이져(수트)_ZB,42.4894778948833,49601100,333,14280344,86247000
9674,2024-03-10,ZB,1:남성,2024,01_시즌,당해년도,사계절,수트,수트팬츠,수트_수트팬츠_ZB,43.40019509815876,27850500,354,7295840,49206000
9675,2024-03-10,ZB,1:남성,2024,01_시즌,당해년도,사계절,우븐 셔츠,드레스셔츠,우븐 셔츠_드레스셔츠_ZB,53.91411877174231,73783150,2277,18002691,179883000
9676,2024-03-10,ZB,1:남성,2024,01_시즌,당해년도,여름,니트 셔츠,라운드,니트 셔츠_라운드_ZB,30.594968674082597,8825570,161,941028,12719000
9677,2024-03-10,ZB,1:남성,2024,01_시즌,당해년도,여름,수트,블레이져(수트),수트_블레이져(수트)_ZB,20.556043958906397,93077190,420,22237624,117180000
9678,2024-03-10,ZB,1:남성,2024,01_시즌,당해년도,여름,수트,수트팬츠,수트_수트팬츠_ZB,20.32495689370689,57369470,484,13085005,72116000
9679,2024-03-10,ZB,1:남성,2024,01_시즌,당해년도,여름,스웨터,T-에리,스웨터_T-에리_ZB,30.20872912482585,14198300,226,2928452,20334000
9680,2024-03-10,ZB,1:남성,2024,01_시즌,당해년도,여름,스웨터,라운드,스웨터_라운드_ZB,30.047609979051607,9628300,151,2214885,13769000
9698,2024-03-17,ZA,1:남성,2024,01_시즌,당해년도,여름,우븐 셔츠,캐쥬얼셔츠,우븐 셔츠_캐쥬얼셔츠_ZA,30.37800530746877,8928800,139,1290189,12821000
9702,2024-03-17,ZB,1:남성,2024,01_시즌,당해년도,봄,니트 셔츠,라운드,니트 셔츠_라운드_ZB,66.5161774290971,22010200,748,5003771,64312000
9703,2024-03-17,ZB,1:남성,2024,01_시즌,당해년도,봄,수트,블레이져(수트),수트_블레이져(수트)_ZB,38.00233262715732,69583700,406,19619731,113274000
9704,2024-03-17,ZB,1:남성,2024,01_시즌,당해년도,봄,수트,수트팬츠,수트_수트팬츠_ZB,37.80237647172474,38179200,418,10136709,62282000
9705,2024-03-17,ZB,1:남성,2024,01_시즌,당해년도,봄,스웨터,T-에리,스웨터_T-에리_ZB,66.45376638727703,12487250,376,5622175,37224000
9706,2024-03-17,ZB,1:남성,2024,01_시즌,당해년도,봄,스웨터,라운드,스웨터_라운드_ZB,65.7537107608789,37473300,1092,17674736,108108000
9707,2024-03-17,ZB,1:남성,2024,01_시즌,당해년도,봄,스웨터,오픈형(CARDIGAN),스웨터_오픈형(CARDIGAN)_ZB,76.41442748995445,26011850,694,13013801,110346000
9708,2024-03-17,ZB,1:남성,2024,01_시즌,당해년도,봄,자켓,싱글재킷,자켓_싱글재킷_ZB,73.6118881118881,17358100,220,6500723,65780000
9709,2024-03-17,ZB,1:남성,2024,01_시즌,당해년도,봄,코트,싱글코트,코트_싱글코트_ZB,73.59315256548459,28661200,363,15518037,108537000
9712,2024-03-17,ZB,1:남성,2024,01_시즌,당해년도,사계절,데님,데님팬츠,데님_데님팬츠_ZB,59.879054942415394,13222700,333,4843306,32967000
9713,2024-03-17,ZB,1:남성,2024,01_시즌,당해년도,사계절,수트,블레이져(수트),수트_블레이져(수트)_ZB,43.01966418245488,57113100,387,16596075,100233000
9714,2024-03-17,ZB,1:남성,2024,01_시즌,당해년도,사계절,수트,수트팬츠,수트_수트팬츠_ZB,43.8665273869897,33316900,427,8800349,59353000
9715,2024-03-17,ZB,1:남성,2024,01_시즌,당해년도,사계절,우븐 셔츠,드레스셔츠,우븐 셔츠_드레스셔츠_ZB,53.67952353951394,83385900,2577,20291642,203583000
9716,2024-03-17,ZB,1:남성,2024,01_시즌,당해년도,여름,니트 셔츠,라운드,니트 셔츠_라운드_ZB,29.62483539888799,14297170,257,1445519,20303000
9717,2024-03-17,ZB,1:남성,2024,01_시즌,당해년도,여름,수트,블레이져(수트),수트_블레이져(수트)_ZB,20.444937828018723,111103380,502,26597326,140058000
9718,2024-03-17,ZB,1:남성,2024,01_시즌,당해년도,여름,수트,수트팬츠,수트_수트팬츠_ZB,20.351334283559204,66233480,560,15161687,83440000
9719,2024-03-17,ZB,1:남성,2024,01_시즌,당해년도,여름,스웨터,T-에리,스웨터_T-에리_ZB,24.41824190946382,15596500,253,3750817,22867000
9720,2024-03-17,ZB,1:남성,2024,01_시즌,당해년도,여름,스웨터,라운드,스웨터_라운드_ZB,30.20365767308344,18482400,291,4211645,26509000
9724,2024-03-17,ZB,3:남녀공용,2024,01_시즌,당해년도,여름,니트 셔츠,라운드,니트 셔츠_라운드_ZB,0.0,0,0,0,0
9740,2024-03-24,ZA,1:남성,2024,01_시즌,당해년도,여름,우븐 셔츠,캐쥬얼셔츠,우븐 셔츠_캐쥬얼셔츠_ZA,31.10070576088883,11546940,183,1709092,16737000
9744,2024-03-24,ZB,1:남성,2024,01_시즌,당해년도,겨울,니트 셔츠,라운드,니트 셔츠_라운드_ZB,-20.508474576271187,71100,1,0,59000
9745,2024-03-24,ZB,1:남성,2024,01_시즌,당해년도,봄,니트 셔츠,라운드,니트 셔츠_라운드_ZB,67.38527449325716,19432850,680,4553778,58660000
9746,2024-03-24,ZB,1:남성,2024,01_시즌,당해년도,봄,수트,블레이져(수트),수트_블레이져(수트)_ZB,46.14347367104696,77746750,624,29346873,174096000
9747,2024-03-24,ZB,1:남성,2024,01_시즌,당해년도,봄,수트,수트팬츠,수트_수트팬츠_ZB,48.76050339785772,41329900,684,16249966,101916000
9748,2024-03-24,ZB,1:남성,2024,01_시즌,당해년도,봄,스웨터,T-에리,스웨터_T-에리_ZB,64.16704928068565,9365300,264,3947485,26136000
9749,2024-03-24,ZB,1:남성,2024,01_시즌,당해년도,봄,스웨터,라운드,스웨터_라운드_ZB,64.12470555387426,26480100,745,12034215,73755000
9750,2024-03-24,ZB,1:남성,2024,01_시즌,당해년도,봄,스웨터,오픈형(CARDIGAN),스웨터_오픈형(CARDIGAN)_ZB,77.45984888498305,25715050,717,13486891,114003000
9751,2024-03-24,ZB,1:남성,2024,01_시즌,당해년도,봄,자켓,싱글재킷,자켓_싱글재킷_ZB,73.52842809364549,31660000,400,11819496,119600000
9752,2024-03-24,ZB,1:남성,2024,01_시즌,당해년도,봄,코트,싱글코트,코트_싱글코트_ZB,73.44696684554087,24691400,311,13295067,92989000
9755,2024-03-24,ZB,1:남성,2024,01_시즌,당해년도,사계절,데님,데님팬츠,데님_데님팬츠_ZB,58.9008683602764,17129700,421,6106472,41679000
9756,2024-03-24,ZB,1:남성,2024,01_시즌,당해년도,사계절,수트,블레이져(수트),수트_블레이져(수트)_ZB,42.74525907122592,53680900,362,15523977,93758000
9757,2024-03-24,ZB,1:남성,2024,01_시즌,당해년도,사계절,수트,수트팬츠,수트_수트팬츠_ZB,43.39297634057702,30529300,388,7996570,53932000
9758,2024-03-24,ZB,1:남성,2024,01_시즌,당해년도,사계절,우븐 셔츠,드레스셔츠,우븐 셔츠_드레스셔츠_ZB,53.70350325712375,85316802,2591,20335503,204689000
9759,2024-03-24,ZB,1:남성,2024,01_시즌,당해년도,여름,니트 셔츠,라운드,니트 셔츠_라운드_ZB,31.82892321978006,24257600,450,2469379,35550000
9761,2024-03-24,ZB,1:남성,2024,01_시즌,당해년도,여름,수트,블레이져(수트),수트_블레이져(수트)_ZB,20.85275517034092,112526280,510,26972437,142290000
9762,2024-03-24,ZB,1:남성,2024,01_시즌,당해년도,여름,수트,수트팬츠,수트_수트팬츠_ZB,20.77177617179516,68259180,579,15631068,86271000
9763,2024-03-24,ZB,1:남성,2024,01_시즌,당해년도,여름,스웨터,T-에리,스웨터_T-에리_ZB,31.68904212875985,28881410,464,6403025,42326000
9764,2024-03-24,ZB,1:남성,2024,01_시즌,당해년도,여름,스웨터,라운드,스웨터_라운드_ZB,31.35149523553012,21310110,343,5026649,31077000
9768,2024-03-24,ZB,3:남녀공용,2024,01_시즌,당해년도,여름,니트 셔츠,라운드,니트 셔츠_라운드_ZB,0.0,0,0,0,0
9785,2024-03-31,ZA,1:남성,2024,01_시즌,당해년도,여름,우븐 셔츠,캐쥬얼셔츠,우븐 셔츠_캐쥬얼셔츠_ZA,41.57840042590692,11763900,221,2053841,20099000
9789,2024-03-31,ZB,1:남성,2024,01_시즌,당해년도,겨울,니트 셔츠,라운드,니트 셔츠_라운드_ZB,0.0,0,0,0,0
9790,2024-03-31,ZB,1:남성,2024,01_시즌,당해년도,봄,니트 셔츠,라운드,니트 셔츠_라운드_ZB,66.8975049514045,13502720,464,3115591,40356000
9791,2024-03-31,ZB,1:남성,2024,01_시즌,당해년도,봄,수트,블레이져(수트),수트_블레이져(수트)_ZB,45.92860551113353,50670369,414,19427133,115506000
9792,2024-03-31,ZB,1:남성,2024,01_시즌,당해년도,봄,수트,수트팬츠,수트_수트팬츠_ZB,48.39339891514204,24425300,426,10076808,63474000
9793,2024-03-31,ZB,1:남성,2024,01_시즌,당해년도,봄,스웨터,T-에리,스웨터_T-에리_ZB,66.12844662844662,19851440,592,8851935,58608000
9794,2024-03-31,ZB,1:남성,2024,01_시즌,당해년도,봄,스웨터,라운드,스웨터_라운드_ZB,66.27798991417819,21985700,659,10638880,65241000
9795,2024-03-31,ZB,1:남성,2024,01_시즌,당해년도,봄,스웨터,오픈형(CARDIGAN),스웨터_오픈형(CARDIGAN)_ZB,78.22713536742039,15997122,464,8690691,73776000
9796,2024-03-31,ZB,1:남성,2024,01_시즌,당해년도,봄,자켓,싱글재킷,자켓_싱글재킷_ZB,73.62491638795987,47316900,600,17729244,179400000
9797,2024-03-31,ZB,1:남성,2024,01_시즌,당해년도,봄,코트,싱글코트,코트_싱글코트_ZB,73.57859531772576,20461000,259,11072098,77441000
9800,2024-03-31,ZB,1:남성,2024,01_시즌,당해년도,사계절,데님,데님팬츠,데님_데님팬츠_ZB,60.00534594623714,20826000,526,7648558,52074000
9801,2024-03-31,ZB,1:남성,2024,01_시즌,당해년도,사계절,수트,블레이져(수트),수트_블레이져(수트)_ZB,40.44264351370951,60775900,394,16896263,102046000
9802,2024-03-31,ZB,1:남성,2024,01_시즌,당해년도,사계절,수트,수트팬츠,수트_수트팬츠_ZB,41.0814930434507,37181113,454,9356812,63106000
9803,2024-03-31,ZB,1:남성,2024,01_시즌,당해년도,사계절,우븐 셔츠,드레스셔츠,우븐 셔츠_드레스셔츠_ZB,53.73020426553183,78132650,2378,18605026,187862000
9804,2024-03-31,ZB,1:남성,2024,01_시즌,당해년도,여름,니트 셔츠,라운드,니트 셔츠_라운드_ZB,41.91184043178325,37911250,831,4705583,65649000
9806,2024-03-31,ZB,1:남성,2024,01_시즌,당해년도,여름,수트,블레이져(수트),수트_블레이져(수트)_ZB,28.67833500984625,150517860,759,40319942,211761000
9807,2024-03-31,ZB,1:남성,2024,01_시즌,당해년도,여름,수트,수트팬츠,수트_수트팬츠_ZB,28.781229714891424,89721840,848,23052197,126352000
9808,2024-03-31,ZB,1:남성,2024,01_시즌,당해년도,여름,스웨터,T-에리,스웨터_T-에리_ZB,41.18648129375008,43811860,829,11604768,74431000
9809,2024-03-31,ZB,1:남성,2024,01_시즌,당해년도,여름,스웨터,라운드,스웨터_라운드_ZB,41.66859331679079,35296370,657,9595044,59263000
9813,2024-03-31,ZB,3:남녀공용,2024,01_시즌,당해년도,여름,니트 셔츠,라운드,니트 셔츠_라운드_ZB,41.89652014652015,2788700,61,470512,4819000
9830,2024-04-07,ZA,1:남성,2024,01_시즌,당해년도,여름,우븐 셔츠,캐쥬얼셔츠,우븐 셔츠_캐쥬얼셔츠_ZA,42.89074366969258,14651800,281,2618542,25639000
9835,2024-04-07,ZB,1:남성,2024,01_시즌,당해년도,겨울,니트 셔츠,라운드,니트 셔츠_라운드_ZB,0.0,0,0,0,0
9836,2024-04-07,ZB,1:남성,2024,01_시즌,당해년도,봄,니트 셔츠,라운드,니트 셔츠_라운드_ZB,66.58025856632028,20504400,700,4688098,60400000
9837,2024-04-07,ZB,1:남성,2024,01_시즌,당해년도,봄,수트,블레이져(수트),수트_블레이져(수트)_ZB,45.56013844428029,41417900,328,15450253,91512000
9838,2024-04-07,ZB,1:남성,2024,01_시즌,당해년도,봄,수트,수트팬츠,수트_수트팬츠_ZB,48.33822448657768,22121800,370,8781971,55130000
9839,2024-04-07,ZB,1:남성,2024,01_시즌,당해년도,봄,스웨터,T-에리,스웨터_T-에리_ZB,64.2602495543672,-1203000,-34,-508388,-3366000
9840,2024-04-07,ZB,1:남성,2024,01_시즌,당해년도,봄,스웨터,라운드,스웨터_라운드_ZB,64.01698823988679,20449850,582,9400310,57618000
9841,2024-04-07,ZB,1:남성,2024,01_시즌,당해년도,봄,스웨터,오픈형(CARDIGAN),스웨터_오픈형(CARDIGAN)_ZB,78.65156989971887,14702997,435,8139258,69165000
9842,2024-04-07,ZB,1:남성,2024,01_시즌,당해년도,봄,자켓,싱글재킷,자켓_싱글재킷_ZB,73.7229035055122,-29698900,-378,-11169424,-113022000
9843,2024-04-07,ZB,1:남성,2024,01_시즌,당해년도,봄,코트,싱글코트,코트_싱글코트_ZB,73.57859531772576,-6636000,-84,-3590951,-25116000
9846,2024-04-07,ZB,1:남성,2024,01_시즌,당해년도,사계절,데님,데님팬츠,데님_데님팬츠_ZB,59.99724691236803,24027900,607,8779702,60093000
9847,2024-04-07,ZB,1:남성,2024,01_시즌,당해년도,사계절,수트,블레이져(수트),수트_블레이져(수트)_ZB,43.41996690568119,51289800,350,15009370,90650000
9848,2024-04-07,ZB,1:남성,2024,01_시즌,당해년도,사계절,수트,수트팬츠,수트_수트팬츠_ZB,44.38177328407544,28604454,370,7625595,51430000
9849,2024-04-07,ZB,1:남성,2024,01_시즌,당해년도,사계절,우븐 셔츠,드레스셔츠,우븐 셔츠_드레스셔츠_ZB,53.40864489499504,86140100,2614,20315522,206506000
9850,2024-04-07,ZB,1:남성,2024,01_시즌,당해년도,여름,니트 셔츠,라운드,니트 셔츠_라운드_ZB,44.99313229089775,47113700,1091,6078921,86189000
9852,2024-04-07,ZB,1:남성,2024,01_시즌,당해년도,여름,수트,블레이져(수트),수트_블레이져(수트)_ZB,30.5178911100644,132180860,683,36243713,190557000
9853,2024-04-07,ZB,1:남성,2024,01_시즌,당해년도,여름,수트,수트팬츠,수트_수트팬츠_ZB,30.515065799101787,83550090,808,21920214,120392000
9854,2024-04-07,ZB,1:남성,2024,01_시즌,당해년도,여름,스웨터,T-에리,스웨터_T-에리_ZB,43.79825708967192,67314240,1320,18881697,118890000
9855,2024-04-07,ZB,1:남성,2024,01_시즌,당해년도,여름,스웨터,라운드,스웨터_라운드_ZB,43.01603773697528,48889060,932,13434183,84828000
9859,2024-04-07,ZB,3:남녀공용,2024,01_시즌,당해년도,여름,니트 셔츠,라운드,니트 셔츠_라운드_ZB,44.114743437821645,16690200,379,3214995,29941000
9877,2024-04-14,ZA,1:남성,2024,01_시즌,당해년도,여름,우븐 셔츠,캐쥬얼셔츠,우븐 셔츠_캐쥬얼셔츠_ZA,42.71482806166351,20187200,384,3575631,35516000
9882,2024-04-14,ZB,1:남성,2024,01_시즌,당해년도,겨울,니트 셔츠,라운드,니트 셔츠_라운드_ZB,0.0,0,0,0,0
9883,2024-04-14,ZB,1:남성,2024,01_시즌,당해년도,봄,니트 셔츠,라운드,니트 셔츠_라운드_ZB,76.78502571964873,7884590,357,2367198,29863000
9884,2024-04-14,ZB,1:남성,2024,01_시즌,당해년도,봄,수트,블레이져(수트),수트_블레이져(수트)_ZB,71.83526713648604,52672800,673,32401294,187767000
9885,2024-04-14,ZB,1:남성,2024,01_시즌,당해년도,봄,수트,수트팬츠,수트_수트팬츠_ZB,69.42555937102917,32320100,718,17373507,106982000
9886,2024-04-14,ZB,1:남성,2024,01_시즌,당해년도,봄,스웨터,T-에리,스웨터_T-에리_ZB,72.80828979449669,3903370,145,2168126,14355000
9887,2024-04-14,ZB,1:남성,2024,01_시즌,당해년도,봄,스웨터,라운드,스웨터_라운드_ZB,72.54578562691529,5983700,218,3510711,21582000
9888,2024-04-14,ZB,1:남성,2024,01_시즌,당해년도,봄,스웨터,오픈형(CARDIGAN),스웨터_오픈형(CARDIGAN)_ZB,79.18134086789078,11225765,340,6374863,54060000
9889,2024-04-14,ZB,1:남성,2024,01_시즌,당해년도,봄,자켓,싱글재킷,자켓_싱글재킷_ZB,72.74247491638796,-326000,-4,-118195,-1196000
9890,2024-04-14,ZB,1:남성,2024,01_시즌,당해년도,봄,코트,싱글코트,코트_싱글코트_ZB,73.91304347826087,2340000,30,1282482,8970000
9893,2024-04-14,ZB,1:남성,2024,01_시즌,당해년도,사계절,데님,데님팬츠,데님_데님팬츠_ZB,59.9648037135893,23264500,587,8471338,58113000
9894,2024-04-14,ZB,1:남성,2024,01_시즌,당해년도,사계절,수트,블레이져(수트),수트_블레이져(수트)_ZB,42.92225717403865,62237000,421,18054128,109039000
9895,2024-04-14,ZB,1:남성,2024,01_시즌,당해년도,사계절,수트,수트팬츠,수트_수트팬츠_ZB,44.00189652199809,35727350,459,9459860,63801000
9896,2024-04-14,ZB,1:남성,2024,01_시즌,당해년도,사계절,우븐 셔츠,드레스셔츠,우븐 셔츠_드레스셔츠_ZB,53.67196694156964,102799350,3058,23643630,241582000
9897,2024-04-14,ZB,1:남성,2024,01_시즌,당해년도,여름,니트 셔츠,라운드,니트 셔츠_라운드_ZB,46.86096368614035,63886270,1517,8474418,119843000
9899,2024-04-14,ZB,1:남성,2024,01_시즌,당해년도,여름,수트,블레이져(수트),수트_블레이져(수트)_ZB,37.56527326667149,157063920,911,48459557,254169000
9900,2024-04-14,ZB,1:남성,2024,01_시즌,당해년도,여름,수트,수트팬츠,수트_수트팬츠_ZB,37.67416584941384,97410070,1055,28724877,157195000
9901,2024-04-14,ZB,1:남성,2024,01_시즌,당해년도,여름,스웨터,T-에리,스웨터_T-에리_ZB,43.5384834153812,82284900,1615,22410306,145565000
9902,2024-04-14,ZB,1:남성,2024,01_시즌,당해년도,여름,스웨터,라운드,스웨터_라운드_ZB,44.9359824312722,61318060,1190,17379643,106960000
9906,2024-04-14,ZB,3:남녀공용,2024,01_시즌,당해년도,여름,니트 셔츠,라운드,니트 셔츠_라운드_ZB,45.77852726100974,26663050,627,5366726,49533000
9924,2024-04-21,ZA,1:남성,2024,01_시즌,당해년도,여름,우븐 셔츠,캐쥬얼셔츠,우븐 셔츠_캐쥬얼셔츠_ZA,54.65888531249016,17422238,438,4069868,40122000
9929,2024-04-21,ZB,1:남성,2024,01_시즌,당해년도,겨울,니트 셔츠,라운드,니트 셔츠_라운드_ZB,-20.508474576271187,-71100,-1,-4764,-59000
9930,2024-04-21,ZB,1:남성,2024,01_시즌,당해년도,봄,니트 셔츠,라운드,니트 셔츠_라운드_ZB,70.87718536982594,3176410,127,848909,10893000
9931,2024-04-21,ZB,1:남성,2024,01_시즌,당해년도,봄,수트,블레이져(수트),수트_블레이져(수트)_ZB,74.37294198039933,25696610,362,17314024,100998000
9932,2024-04-21,ZB,1:남성,2024,01_시즌,당해년도,봄,수트,수트팬츠,수트_수트팬츠_ZB,71.33955106304509,17889935,426,10240567,63474000
9933,2024-04-21,ZB,1:남성,2024,01_시즌,당해년도,봄,스웨터,T-에리,스웨터_T-에리_ZB,34.84848484848485,129000,2,29905,198000
9934,2024-04-21,ZB,1:남성,2024,01_시즌,당해년도,봄,스웨터,라운드,스웨터_라운드_ZB,66.40503246753246,3988940,120,1925551,11880000
9935,2024-04-21,ZB,1:남성,2024,01_시즌,당해년도,봄,스웨터,오픈형(CARDIGAN),스웨터_오픈형(CARDIGAN)_ZB,79.05915658857504,8121631,246,4603073,39114000
9936,2024-04-21,ZB,1:남성,2024,01_시즌,당해년도,봄,자켓,싱글재킷,자켓_싱글재킷_ZB,75.08980552458813,2011000,27,797816,8073000
9937,2024-04-21,ZB,1:남성,2024,01_시즌,당해년도,봄,코트,싱글코트,코트_싱글코트_ZB,73.57859531772576,474000,6,256496,1794000
9940,2024-04-21,ZB,1:남성,2024,01_시즌,당해년도,사계절,데님,데님팬츠,데님_데님팬츠_ZB,54.23895623846216,18885600,417,6000700,41283000
9941,2024-04-21,ZB,1:남성,2024,01_시즌,당해년도,사계절,수트,블레이져(수트),수트_블레이져(수트)_ZB,26.365739542683244,55092300,372,15995700,96348000
9942,2024-04-21,ZB,1:남성,2024,01_시즌,당해년도,사계절,수트,수트팬츠,수트_수트팬츠_ZB,43.66524961848703,31008900,396,8161448,55044000
9943,2024-04-21,ZB,1:남성,2024,01_시즌,당해년도,사계절,우븐 셔츠,드레스셔츠,우븐 셔츠_드레스셔츠_ZB,53.78966736310052,101140105,2950,22637880,233050000
9944,2024-04-21,ZB,1:남성,2024,01_시즌,당해년도,여름,니트 셔츠,라운드,니트 셔츠_라운드_ZB,50.97484850360927,71639750,1838,10214551,145202000
9946,2024-04-21,ZB,1:남성,2024,01_시즌,당해년도,여름,수트,블레이져(수트),수트_블레이져(수트)_ZB,40.62689632310101,151190560,910,48426260,253890000
9947,2024-04-21,ZB,1:남성,2024,01_시즌,당해년도,여름,수트,수트팬츠,수트_수트팬츠_ZB,40.399033645492615,95982820,1080,29411326,160920000
9948,2024-04-21,ZB,1:남성,2024,01_시즌,당해년도,여름,스웨터,T-에리,스웨터_T-에리_ZB,47.01789396527469,93222508,1925,26936466,174025000
9949,2024-04-21,ZB,1:남성,2024,01_시즌,당해년도,여름,스웨터,라운드,스웨터_라운드_ZB,47.58619477057261,50030000,1021,14865206,92539000
9952,2024-04-21,ZB,1:남성,2024,01_시즌,당해년도,여름,팬츠,반바지,팬츠_반바지_ZB,0.0,0,0,0,0
9954,2024-04-21,ZB,3:남녀공용,2024,01_시즌,당해년도,여름,니트 셔츠,라운드,니트 셔츠_라운드_ZB,49.751662033387866,27879900,703,6030814,55537000
9972,2024-04-28,ZA,1:남성,2024,01_시즌,당해년도,여름,우븐 셔츠,캐쥬얼셔츠,우븐 셔츠_캐쥬얼셔츠_ZA,54.627985703935074,19332500,501,4826170,44319000
9977,2024-04-28,ZB,1:남성,2024,01_시즌,당해년도,겨울,니트 셔츠,라운드,니트 셔츠_라운드_ZB,0.0,0,0,0,0
9978,2024-04-28,ZB,1:남성,2024,01_시즌,당해년도,봄,니트 셔츠,라운드,니트 셔츠_라운드_ZB,72.02031346375145,3782279,150,989639,12350000
9979,2024-04-28,ZB,1:남성,2024,01_시즌,당해년도,봄,수트,블레이져(수트),수트_블레이져(수트)_ZB,74.40556905583603,24263531,340,16628397,94860000
9980,2024-04-28,ZB,1:남성,2024,01_시즌,당해년도,봄,수트,수트팬츠,수트_수트팬츠_ZB,71.03590034063579,16602369,384,9415120,57216000
9981,2024-04-28,ZB,1:남성,2024,01_시즌,당해년도,봄,스웨터,T-에리,스웨터_T-에리_ZB,74.65926708949965,2157510,86,1285923,8514000
9982,2024-04-28,ZB,1:남성,2024,01_시즌,당해년도,봄,스웨터,라운드,스웨터_라운드_ZB,70.39800542422107,2846692,98,1578035,9702000
9983,2024-04-28,ZB,1:남성,2024,01_시즌,당해년도,봄,스웨터,오픈형(CARDIGAN),스웨터_오픈형(CARDIGAN)_ZB,78.89757578782736,3914143,117,2195691,18603000
9984,2024-04-28,ZB,1:남성,2024,01_시즌,당해년도,봄,자켓,싱글재킷,자켓_싱글재킷_ZB,72.61055218073852,4012828,49,1447888,14651000
9985,2024-04-28,ZB,1:남성,2024,01_시즌,당해년도,봄,코트,싱글코트,코트_싱글코트_ZB,73.57859531772576,790000,10,427494,2990000
9988,2024-04-28,ZB,1:남성,2024,01_시즌,당해년도,사계절,데님,데님팬츠,데님_데님팬츠_ZB,54.915991767912125,21995956,491,7081010,48609000
9989,2024-04-28,ZB,1:남성,2024,01_시즌,당해년도,사계절,수트,블레이져(수트),수트_블레이져(수트)_ZB,42.57233567474531,49380900,332,14237460,85988000
9990,2024-04-28,ZB,1:남성,2024,01_시즌,당해년도,사계절,수트,수트팬츠,수트_수트팬츠_ZB,21.590470640247577,28413300,359,7378279,49901000
9991,2024-04-28,ZB,1:남성,2024,01_시즌,당해년도,사계절,우븐 셔츠,드레스셔츠,우븐 셔츠_드레스셔츠_ZB,53.41412641221668,83241200,2468,18934267,194972000
9992,2024-04-28,ZB,1:남성,2024,01_시즌,당해년도,여름,니트 셔츠,라운드,니트 셔츠_라운드_ZB,54.09911259578115,64692910,1773,10036501,140067000
9994,2024-04-28,ZB,1:남성,2024,01_시즌,당해년도,여름,수트,블레이져(수트),수트_블레이져(수트)_ZB,40.33001552849489,109082220,655,34836912,182745000
9995,2024-04-28,ZB,1:남성,2024,01_시즌,당해년도,여름,수트,수트팬츠,수트_수트팬츠_ZB,40.25999184330033,73413120,824,22406596,122776000
9996,2024-04-28,ZB,1:남성,2024,01_시즌,당해년도,여름,스웨터,T-에리,스웨터_T-에리_ZB,50.29885696083447,93713690,2057,29461543,186123000
9997,2024-04-28,ZB,1:남성,2024,01_시즌,당해년도,여름,스웨터,라운드,스웨터_라운드_ZB,49.7599057455465,47085227,1002,14706632,90848000
10000,2024-04-28,ZB,1:남성,2024,01_시즌,당해년도,여름,팬츠,반바지,팬츠_반바지_ZB,0.0,0,0,0,0
10002,2024-04-28,ZB,3:남녀공용,2024,01_시즌,당해년도,여름,니트 셔츠,라운드,니트 셔츠_라운드_ZB,54.78754824513506,32617600,916,7836412,72364000
10020,2024-05-05,ZA,1:남성,2024,01_시즌,당해년도,여름,우븐 셔츠,캐쥬얼셔츠,우븐 셔츠_캐쥬얼셔츠_ZA,55.93063406174551,21380300,571,5473579,49369000
10025,2024-05-05,ZB,1:남성,2024,01_시즌,당해년도,겨울,니트 셔츠,라운드,니트 셔츠_라운드_ZB,0.0,0,0,0,0
10026,2024-05-05,ZB,1:남성,2024,01_시즌,당해년도,봄,니트 셔츠,라운드,니트 셔츠_라운드_ZB,67.82648731171938,1402560,40,274164,3700000
10027,2024-05-05,ZB,1:남성,2024,01_시즌,당해년도,봄,수트,블레이져(수트),수트_블레이져(수트)_ZB,75.67371352433918,31578100,470,22630162,131130000
10028,2024-05-05,ZB,1:남성,2024,01_시즌,당해년도,봄,수트,수트팬츠,수트_수트팬츠_ZB,71.56909620396439,20358785,486,11762787,72414000
10029,2024-05-05,ZB,1:남성,2024,01_시즌,당해년도,봄,스웨터,T-에리,스웨터_T-에리_ZB,65.99654439128123,1279210,38,568199,3762000
10030,2024-05-05,ZB,1:남성,2024,01_시즌,당해년도,봄,스웨터,라운드,스웨터_라운드_ZB,59.94824909435915,1975220,48,767014,4752000
10031,2024-05-05,ZB,1:남성,2024,01_시즌,당해년도,봄,스웨터,오픈형(CARDIGAN),스웨터_오픈형(CARDIGAN)_ZB,75.74948273649082,3226454,84,1581805,13356000
10032,2024-05-05,ZB,1:남성,2024,01_시즌,당해년도,봄,자켓,싱글재킷,자켓_싱글재킷_ZB,73.61170899698665,7969000,101,2984423,30199000
10033,2024-05-05,ZB,1:남성,2024,01_시즌,당해년도,봄,코트,싱글코트,코트_싱글코트_ZB,62.43032329988852,337000,3,128248,897000
10036,2024-05-05,ZB,1:남성,2024,01_시즌,당해년도,사계절,데님,데님팬츠,데님_데님팬츠_ZB,53.524264309994514,15386549,333,4804802,32967000
10037,2024-05-05,ZB,1:남성,2024,01_시즌,당해년도,사계절,수트,블레이져(수트),수트_블레이져(수트)_ZB,42.61851540047029,59298600,399,17110682,103341000
10038,2024-05-05,ZB,1:남성,2024,01_시즌,당해년도,사계절,수트,수트팬츠,수트_수트팬츠_ZB,43.50766444581056,34001042,433,8924008,60187000
10039,2024-05-05,ZB,1:남성,2024,01_시즌,당해년도,사계절,우븐 셔츠,드레스셔츠,우븐 셔츠_드레스셔츠_ZB,53.17586700554811,103552900,2993,22941540,236447000
10040,2024-05-05,ZB,1:남성,2024,01_시즌,당해년도,여름,니트 셔츠,라운드,니트 셔츠_라운드_ZB,55.49287750353776,78478920,2233,12534207,176407000
10042,2024-05-05,ZB,1:남성,2024,01_시즌,당해년도,여름,수트,블레이져(수트),수트_블레이져(수트)_ZB,40.34143773887297,153411960,922,49185410,257238000
10043,2024-05-05,ZB,1:남성,2024,01_시즌,당해년도,여름,수트,수트팬츠,수트_수트팬츠_ZB,40.33042355798651,90983850,1024,27914028,152576000
10044,2024-05-05,ZB,1:남성,2024,01_시즌,당해년도,여름,스웨터,T-에리,스웨터_T-에리_ZB,49.44028958322741,105761100,2288,31919896,206882000
10045,2024-05-05,ZB,1:남성,2024,01_시즌,당해년도,여름,스웨터,라운드,스웨터_라운드_ZB,50.762393948266016,51931600,1117,16250504,101203000
10048,2024-05-05,ZB,1:남성,2024,01_시즌,당해년도,여름,팬츠,반바지,팬츠_반바지_ZB,30.0,276500,5,41072,395000
10050,2024-05-05,ZB,3:남녀공용,2024,01_시즌,당해년도,여름,니트 셔츠,라운드,니트 셔츠_라운드_ZB,55.26066721111015,31640400,894,7715012,70626000
10068,2024-05-12,ZA,1:남성,2024,01_시즌,당해년도,여름,우븐 셔츠,캐쥬얼셔츠,우븐 셔츠_캐쥬얼셔츠_ZA,55.66618634749464,18183600,472,4510917,41048000
10073,2024-05-12,ZB,1:남성,2024,01_시즌,당해년도,겨울,니트 셔츠,라운드,니트 셔츠_라운드_ZB,0.0,0,0,0,0
10074,2024-05-12,ZB,1:남성,2024,01_시즌,당해년도,봄,니트 셔츠,라운드,니트 셔츠_라운드_ZB,50.852558131039146,-184500,8,45551,372000
10075,2024-05-12,ZB,1:남성,2024,01_시즌,당해년도,봄,수트,블레이져(수트),수트_블레이져(수트)_ZB,70.25368406465225,19234000,234,11477145,65286000
10076,2024-05-12,ZB,1:남성,2024,01_시즌,당해년도,봄,수트,수트팬츠,수트_수트팬츠_ZB,70.04333380998266,13170250,296,7266748,44104000
10077,2024-05-12,ZB,1:남성,2024,01_시즌,당해년도,봄,스웨터,T-에리,스웨터_T-에리_ZB,65.15151515151516,138000,4,59810,396000
10078,2024-05-12,ZB,1:남성,2024,01_시즌,당해년도,봄,스웨터,라운드,스웨터_라운드_ZB,54.928872053872055,-685750,-8,-119029,-792000
10079,2024-05-12,ZB,1:남성,2024,01_시즌,당해년도,봄,스웨터,오픈형(CARDIGAN),스웨터_오픈형(CARDIGAN)_ZB,80.1723267009096,2723794,86,1617792,13674000
10080,2024-05-12,ZB,1:남성,2024,01_시즌,당해년도,봄,자켓,싱글재킷,자켓_싱글재킷_ZB,73.24414715719064,-800000,-10,-295487,-2990000
10081,2024-05-12,ZB,1:남성,2024,01_시즌,당해년도,봄,코트,싱글코트,코트_싱글코트_ZB,73.57859531772576,158000,2,85499,598000
10084,2024-05-12,ZB,1:남성,2024,01_시즌,당해년도,사계절,데님,데님팬츠,데님_데님팬츠_ZB,55.72944371562816,25911642,593,8592632,58707000
10085,2024-05-12,ZB,1:남성,2024,01_시즌,당해년도,사계절,수트,블레이져(수트),수트_블레이져(수트)_ZB,42.38933738933739,59087800,396,16982031,102564000
10086,2024-05-12,ZB,1:남성,2024,01_시즌,당해년도,사계절,수트,수트팬츠,수트_수트팬츠_ZB,43.55174051467872,32091400,409,8429374,56851000
10087,2024-05-12,ZB,1:남성,2024,01_시즌,당해년도,사계절,우븐 셔츠,드레스셔츠,우븐 셔츠_드레스셔츠_ZB,53.13546535300606,104739050,3066,23469529,242214000
10088,2024-05-12,ZB,1:남성,2024,01_시즌,당해년도,여름,니트 셔츠,라운드,니트 셔츠_라운드_ZB,57.41404354044332,79084235,2353,13106991,185887000
10090,2024-05-12,ZB,1:남성,2024,01_시즌,당해년도,여름,수트,블레이져(수트),수트_블레이져(수트)_ZB,34.100587403584306,150366050,821,43854669,229059000
10091,2024-05-12,ZB,1:남성,2024,01_시즌,당해년도,여름,수트,수트팬츠,수트_수트팬츠_ZB,33.962673953877534,86047420,881,24042398,131269000
10092,2024-05-12,ZB,1:남성,2024,01_시즌,당해년도,여름,스웨터,T-에리,스웨터_T-에리_ZB,47.330015061971125,107350450,2173,30050373,195817000
10093,2024-05-12,ZB,1:남성,2024,01_시즌,당해년도,여름,스웨터,라운드,스웨터_라운드_ZB,51.89259787337144,56094927,1242,18111979,112378000
10096,2024-05-12,ZB,1:남성,2024,01_시즌,당해년도,여름,팬츠,반바지,팬츠_반바지_ZB,51.64396731293062,3773800,100,805976,7900000
10098,2024-05-12,ZB,3:남녀공용,2024,01_시즌,당해년도,여름,니트 셔츠,라운드,니트 셔츠_라운드_ZB,57.76813280621565,35308500,1062,9222542,83898000
10116,2024-05-19,ZA,1:남성,2024,01_시즌,당해년도,여름,우븐 셔츠,캐쥬얼셔츠,우븐 셔츠_캐쥬얼셔츠_ZA,54.25637670349739,17420900,452,4439753,37748000
10121,2024-05-19,ZB,1:남성,2024,01_시즌,당해년도,겨울,니트 셔츠,라운드,니트 셔츠_라운드_ZB,0.0,0,0,0,0
10122,2024-05-19,ZB,1:남성,2024,01_시즌,당해년도,봄,니트 셔츠,라운드,니트 셔츠_라운드_ZB,74.28422983486274,1228900,57,373791,4603000
10123,2024-05-19,ZB,1:남성,2024,01_시즌,당해년도,봄,수트,블레이져(수트),수트_블레이져(수트)_ZB,61.48073476702508,12884000,120,5922959,33480000
10124,2024-05-19,ZB,1:남성,2024,01_시즌,당해년도,봄,수트,수트팬츠,수트_수트팬츠_ZB,66.69583449683688,5406000,109,2689762,16241000
10125,2024-05-19,ZB,1:남성,2024,01_시즌,당해년도,봄,스웨터,T-에리,스웨터_T-에리_ZB,78.60990860990862,1778800,84,1256018,8316000
10126,2024-05-19,ZB,1:남성,2024,01_시즌,당해년도,봄,스웨터,라운드,스웨터_라운드_ZB,78.57667584940312,1399800,66,1060359,6534000
10127,2024-05-19,ZB,1:남성,2024,01_시즌,당해년도,봄,스웨터,오픈형(CARDIGAN),스웨터_오픈형(CARDIGAN)_ZB,79.67162823200559,428194,17,309593,2703000
10128,2024-05-19,ZB,1:남성,2024,01_시즌,당해년도,봄,자켓,싱글재킷,자켓_싱글재킷_ZB,73.82412921119177,3208900,41,1211498,12259000
10129,2024-05-19,ZB,1:남성,2024,01_시즌,당해년도,봄,코트,싱글코트,코트_싱글코트_ZB,76.25418060200668,426000,6,256496,1794000
10132,2024-05-19,ZB,1:남성,2024,01_시즌,당해년도,사계절,데님,데님팬츠,데님_데님팬츠_ZB,51.20765740918066,16981806,361,5213170,35739000
10133,2024-05-19,ZB,1:남성,2024,01_시즌,당해년도,사계절,수트,블레이져(수트),수트_블레이져(수트)_ZB,42.24891674769425,61176300,409,17539521,105931000
10134,2024-05-19,ZB,1:남성,2024,01_시즌,당해년도,사계절,수트,수트팬츠,수트_수트팬츠_ZB,42.60344744338757,35662200,447,9212544,62133000
10135,2024-05-19,ZB,1:남성,2024,01_시즌,당해년도,사계절,우븐 셔츠,드레스셔츠,우븐 셔츠_드레스셔츠_ZB,54.39241654364943,97777224,2896,22039609,228784000
10136,2024-05-19,ZB,1:남성,2024,01_시즌,당해년도,여름,니트 셔츠,라운드,니트 셔츠_라운드_ZB,58.95114240019456,73175651,2251,12598817,177829000
10138,2024-05-19,ZB,1:남성,2024,01_시즌,당해년도,여름,수트,블레이져(수트),수트_블레이져(수트)_ZB,30.380055598980107,155737800,801,42777081,223479000
10139,2024-05-19,ZB,1:남성,2024,01_시즌,당해년도,여름,수트,수트팬츠,수트_수트팬츠_ZB,30.479587675340174,91576890,885,24183848,131865000
10140,2024-05-19,ZB,1:남성,2024,01_시즌,당해년도,여름,스웨터,T-에리,스웨터_T-에리_ZB,48.68462507553853,110003388,2277,31480172,206343000
10141,2024-05-19,ZB,1:남성,2024,01_시즌,당해년도,여름,스웨터,라운드,스웨터_라운드_ZB,52.75080537238938,50971676,1145,16803330,104025000
10144,2024-05-19,ZB,1:남성,2024,01_시즌,당해년도,여름,팬츠,반바지,팬츠_반바지_ZB,51.853526220614825,4599000,121,961533,9559000
10146,2024-05-19,ZB,3:남녀공용,2024,01_시즌,당해년도,여름,니트 셔츠,라운드,니트 셔츠_라운드_ZB,60.08515381277479,43107400,1365,11894287,107835000
10164,2024-05-26,ZA,1:남성,2024,01_시즌,당해년도,여름,우븐 셔츠,캐쥬얼셔츠,우븐 셔츠_캐쥬얼셔츠_ZA,56.00077003560428,12222900,337,3352332,27443000
10169,2024-05-26,ZB,1:남성,2024,01_시즌,당해년도,겨울,니트 셔츠,라운드,니트 셔츠_라운드_ZB,0.0,0,0,0,0
10170,2024-05-26,ZB,1:남성,2024,01_시즌,당해년도,봄,니트 셔츠,라운드,니트 셔츠_라운드_ZB,64.89757429630848,505900,16,105225,1304000
10171,2024-05-26,ZB,1:남성,2024,01_시즌,당해년도,봄,수트,블레이져(수트),수트_블레이져(수트)_ZB,67.95966136097942,18774000,256,11959420,71424000
10172,2024-05-26,ZB,1:남성,2024,01_시즌,당해년도,봄,수트,수트팬츠,수트_수트팬츠_ZB,69.19008076441816,11418000,267,6300365,39783000
10173,2024-05-26,ZB,1:남성,2024,01_시즌,당해년도,봄,스웨터,T-에리,스웨터_T-에리_ZB,61.48760330578512,419400,11,164479,1089000
10174,2024-05-26,ZB,1:남성,2024,01_시즌,당해년도,봄,스웨터,라운드,스웨터_라운드_ZB,60.55555555555556,376200,10,161254,990000
10175,2024-05-26,ZB,1:남성,2024,01_시즌,당해년도,봄,스웨터,오픈형(CARDIGAN),스웨터_오픈형(CARDIGAN)_ZB,79.7237071977638,975010,30,565195,4770000
10176,2024-05-26,ZB,1:남성,2024,01_시즌,당해년도,봄,자켓,싱글재킷,자켓_싱글재킷_ZB,75.87673196368848,2019600,28,827365,8372000
10177,2024-05-26,ZB,1:남성,2024,01_시즌,당해년도,봄,코트,싱글코트,코트_싱글코트_ZB,73.57859531772576,158000,2,85499,598000
10180,2024-05-26,ZB,1:남성,2024,01_시즌,당해년도,사계절,데님,데님팬츠,데님_데님팬츠_ZB,53.1824997302542,19978888,445,6464056,44055000
10181,2024-05-26,ZB,1:남성,2024,01_시즌,당해년도,사계절,수트,블레이져(수트),수트_블레이져(수트)_ZB,42.42953667953668,53678700,360,15438210,93240000
10182,2024-05-26,ZB,1:남성,2024,01_시즌,당해년도,사계절,수트,수트팬츠,수트_수트팬츠_ZB,42.70791366906475,29863500,375,7728644,52125000
10183,2024-05-26,ZB,1:남성,2024,01_시즌,당해년도,사계절,우븐 셔츠,드레스셔츠,우븐 셔츠_드레스셔츠_ZB,53.234465708873685,97762110,2802,21235566,221358000
10184,2024-05-26,ZB,1:남성,2024,01_시즌,당해년도,여름,니트 셔츠,라운드,니트 셔츠_라운드_ZB,59.94112967122373,80458800,2561,14246092,202319000
10186,2024-05-26,ZB,1:남성,2024,01_시즌,당해년도,여름,수트,블레이져(수트),수트_블레이져(수트)_ZB,31.67370893937266,139145670,730,39026571,203670000
10187,2024-05-26,ZB,1:남성,2024,01_시즌,당해년도,여름,수트,수트팬츠,수트_수트팬츠_ZB,31.553884339409358,81953470,805,22002086,119945000
10188,2024-05-26,ZB,1:남성,2024,01_시즌,당해년도,여름,스웨터,T-에리,스웨터_T-에리_ZB,49.725452634273296,102741800,2231,28765303,202039000
10189,2024-05-26,ZB,1:남성,2024,01_시즌,당해년도,여름,스웨터,라운드,스웨터_라운드_ZB,52.83327975012561,41493500,940,13725601,84970000
10192,2024-05-26,ZB,1:남성,2024,01_시즌,당해년도,여름,팬츠,반바지,팬츠_반바지_ZB,52.89971368294153,5371600,145,1154997,11455000
10194,2024-05-26,ZB,3:남녀공용,2024,01_시즌,당해년도,여름,니트 셔츠,라운드,니트 셔츠_라운드_ZB,60.9401773244204,46812000,1524,13195512,120396000
10211,2024-06-02,ZA,1:남성,2024,01_시즌,당해년도,여름,우븐 셔츠,캐쥬얼셔츠,우븐 셔츠_캐쥬얼셔츠_ZA,55.14906992375112,18858350,512,5069226,42368000
10217,2024-06-02,ZB,1:남성,2024,01_시즌,당해년도,겨울,니트 셔츠,라운드,니트 셔츠_라운드_ZB,0.0,0,0,0,0
10219,2024-06-02,ZB,1:남성,2024,01_시즌,당해년도,사계절,데님,데님팬츠,데님_데님팬츠_ZB,54.6383305223583,14632355,328,4746524,32472000
10220,2024-06-02,ZB,1:남성,2024,01_시즌,당해년도,사계절,수트,블레이져(수트),수트_블레이져(수트)_ZB,42.87178849551731,52378572,354,15180906,91686000
10221,2024-06-02,ZB,1:남성,2024,01_시즌,당해년도,사계절,수트,수트팬츠,수트_수트팬츠_ZB,43.84936492854234,28956321,371,7646205,51569000
10222,2024-06-02,ZB,1:남성,2024,01_시즌,당해년도,사계절,우븐 셔츠,드레스셔츠,우븐 셔츠_드레스셔츠_ZB,53.48254306185739,102655551,2998,22643549,236842000
10223,2024-06-02,ZB,1:남성,2024,01_시즌,당해년도,여름,니트 셔츠,라운드,니트 셔츠_라운드_ZB,62.02712165716336,76855150,2599,14493940,205321000
10225,2024-06-02,ZB,1:남성,2024,01_시즌,당해년도,여름,수트,블레이져(수트),수트_블레이져(수트)_ZB,32.161617838416674,138262400,730,39038416,203670000
10226,2024-06-02,ZB,1:남성,2024,01_시즌,당해년도,여름,수트,수트팬츠,수트_수트팬츠_ZB,32.421577470219155,79434600,789,21579378,117561000
10227,2024-06-02,ZB,1:남성,2024,01_시즌,당해년도,여름,스웨터,T-에리,스웨터_T-에리_ZB,50.74948818387249,125843550,2849,35277034,258141000
10228,2024-06-02,ZB,1:남성,2024,01_시즌,당해년도,여름,스웨터,라운드,스웨터_라운드_ZB,52.59328677151805,44443300,999,14742794,90601000
10231,2024-06-02,ZB,1:남성,2024,01_시즌,당해년도,여름,팬츠,반바지,팬츠_반바지_ZB,54.45474727990329,7785600,217,1716968,17143000
10233,2024-06-02,ZB,1:남성,2024,02_이월,당해년도,봄,니트 셔츠,라운드,니트 셔츠_라운드_ZB,78.9132509543902,1485400,73,471957,5627000
10234,2024-06-02,ZB,1:남성,2024,02_이월,당해년도,봄,수트,블레이져(수트),수트_블레이져(수트)_ZB,60.93189964157706,3924000,36,1781729,10044000
10235,2024-06-02,ZB,1:남성,2024,02_이월,당해년도,봄,수트,수트팬츠,수트_수트팬츠_ZB,66.17256066081569,2320950,46,1129393,6854000
10236,2024-06-02,ZB,1:남성,2024,02_이월,당해년도,봄,스웨터,T-에리,스웨터_T-에리_ZB,70.49183135704875,671901,23,343910,2277000
10237,2024-06-02,ZB,1:남성,2024,02_이월,당해년도,봄,스웨터,라운드,스웨터_라운드_ZB,72.60479797979798,-189500,-4,-51203,-396000
10238,2024-06-02,ZB,1:남성,2024,02_이월,당해년도,봄,스웨터,오픈형(CARDIGAN),스웨터_오픈형(CARDIGAN)_ZB,-inf,1351899,38,723953,6042000
10239,2024-06-02,ZB,1:남성,2024,02_이월,당해년도,봄,자켓,싱글재킷,자켓_싱글재킷_ZB,73.57859531772576,1738000,22,650072,6578000
10240,2024-06-02,ZB,1:남성,2024,02_이월,당해년도,봄,코트,싱글코트,코트_싱글코트_ZB,73.57859531772576,158000,2,85499,598000
10242,2024-06-02,ZB,3:남녀공용,2024,01_시즌,당해년도,여름,니트 셔츠,라운드,니트 셔츠_라운드_ZB,62.93066763680083,51248200,1756,15229820,138724000
10259,2024-06-09,ZA,1:남성,2024,01_시즌,당해년도,여름,우븐 셔츠,캐쥬얼셔츠,우븐 셔츠_캐쥬얼셔츠_ZA,57.45550044102591,14182000,402,3928520,33078000
10265,2024-06-09,ZB,1:남성,2024,01_시즌,당해년도,가을,니트 셔츠,라운드,니트 셔츠_라운드_ZB,0.0,0,0,0,0
10267,2024-06-09,ZB,1:남성,2024,01_시즌,당해년도,겨울,니트 셔츠,라운드,니트 셔츠_라운드_ZB,0.0,0,0,0,0
10269,2024-06-09,ZB,1:남성,2024,01_시즌,당해년도,사계절,데님,데님팬츠,데님_데님팬츠_ZB,52.764781782722594,12883290,280,4043204,27720000
10270,2024-06-09,ZB,1:남성,2024,01_시즌,당해년도,사계절,수트,블레이져(수트),수트_블레이져(수트)_ZB,44.50777654167484,50878600,354,15180906,91686000
10271,2024-06-09,ZB,1:남성,2024,01_시즌,당해년도,사계절,수트,수트팬츠,수트_수트팬츠_ZB,48.98247648732399,28153000,397,8182058,55183000
10272,2024-06-09,ZB,1:남성,2024,01_시즌,당해년도,사계절,우븐 셔츠,드레스셔츠,우븐 셔츠_드레스셔츠_ZB,52.56517952200389,88914500,2478,18470036,195762000
10273,2024-06-09,ZB,1:남성,2024,01_시즌,당해년도,여름,니트 셔츠,라운드,니트 셔츠_라운드_ZB,62.36449421295517,69438350,2400,13298212,189600000
10275,2024-06-09,ZB,1:남성,2024,01_시즌,당해년도,여름,수트,블레이져(수트),수트_블레이져(수트)_ZB,31.9605567547313,141795900,748,39978720,208692000
10276,2024-06-09,ZB,1:남성,2024,01_시즌,당해년도,여름,수트,수트팬츠,수트_수트팬츠_ZB,32.04525262956398,82821810,819,22384569,122031000
10277,2024-06-09,ZB,1:남성,2024,01_시즌,당해년도,여름,스웨터,T-에리,스웨터_T-에리_ZB,51.650496152191415,104829020,2427,29863126,220823000
10278,2024-06-09,ZB,1:남성,2024,01_시즌,당해년도,여름,스웨터,라운드,스웨터_라운드_ZB,53.62859191119014,43226450,994,14883165,90196000
10281,2024-06-09,ZB,1:남성,2024,01_시즌,당해년도,여름,팬츠,반바지,팬츠_반바지_ZB,63.836670063244256,12816700,448,3526099,35392000
10283,2024-06-09,ZB,1:남성,2024,02_이월,당해년도,봄,니트 셔츠,라운드,니트 셔츠_라운드_ZB,66.43012402506073,177000,6,40090,514000
10284,2024-06-09,ZB,1:남성,2024,02_이월,당해년도,봄,수트,블레이져(수트),수트_블레이져(수트)_ZB,61.63489736070382,4164700,39,1905595,10881000
10285,2024-06-09,ZB,1:남성,2024,02_이월,당해년도,봄,수트,수트팬츠,수트_수트팬츠_ZB,67.0307425849751,2895700,59,1443576,8791000
10286,2024-06-09,ZB,1:남성,2024,02_이월,당해년도,봄,스웨터,T-에리,스웨터_T-에리_ZB,77.10606060606061,-45330,-2,-29905,-198000
10287,2024-06-09,ZB,1:남성,2024,02_이월,당해년도,봄,스웨터,라운드,스웨터_라운드_ZB,57.57575757575758,168000,4,64264,396000
10288,2024-06-09,ZB,1:남성,2024,02_이월,당해년도,봄,스웨터,오픈형(CARDIGAN),스웨터_오픈형(CARDIGAN)_ZB,53.88663522012579,603781,13,246610,2067000
10289,2024-06-09,ZB,1:남성,2024,02_이월,당해년도,봄,자켓,싱글재킷,자켓_싱글재킷_ZB,73.57859531772576,632000,8,236390,2392000
10290,2024-06-09,ZB,1:남성,2024,02_이월,당해년도,봄,코트,싱글코트,코트_싱글코트_ZB,73.57859531772576,-158000,-2,-85499,-598000
10292,2024-06-09,ZB,3:남녀공용,2024,01_시즌,당해년도,여름,니트 셔츠,라운드,니트 셔츠_라운드_ZB,63.97232942029533,52043600,1847,16024481,145913000
10309,2024-06-16,ZA,1:남성,2024,01_시즌,당해년도,여름,우븐 셔츠,캐쥬얼셔츠,우븐 셔츠_캐쥬얼셔츠_ZA,57.07683137646197,8077500,225,2207625,18135000
10315,2024-06-16,ZB,1:남성,2024,01_시즌,당해년도,가을,니트 셔츠,라운드,니트 셔츠_라운드_ZB,63.91367503631459,1739000,61,312212,4819000
10318,2024-06-16,ZB,1:남성,2024,01_시즌,당해년도,사계절,데님,데님팬츠,데님_데님팬츠_ZB,54.585981361830086,11494165,261,3792286,25839000
10319,2024-06-16,ZB,1:남성,2024,01_시즌,당해년도,사계절,수트,블레이져(수트),수트_블레이져(수트)_ZB,44.077166735005264,46114251,319,13602796,82621000
10320,2024-06-16,ZB,1:남성,2024,01_시즌,당해년도,사계절,수트,수트팬츠,수트_수트팬츠_ZB,46.38013157276934,27064100,365,7628143,50735000
10321,2024-06-16,ZB,1:남성,2024,01_시즌,당해년도,사계절,우븐 셔츠,드레스셔츠,우븐 셔츠_드레스셔츠_ZB,54.46001645575046,88493250,2535,18694444,200265000
10322,2024-06-16,ZB,1:남성,2024,01_시즌,당해년도,여름,니트 셔츠,라운드,니트 셔츠_라운드_ZB,61.85070827596138,50362400,1737,9588554,137223000
10324,2024-06-16,ZB,1:남성,2024,01_시즌,당해년도,여름,수트,블레이져(수트),수트_블레이져(수트)_ZB,32.334132095974205,98994780,522,27916791,145638000
10325,2024-06-16,ZB,1:남성,2024,01_시즌,당해년도,여름,수트,수트팬츠,수트_수트팬츠_ZB,32.099172444377324,58996500,581,15894856,86569000
10326,2024-06-16,ZB,1:남성,2024,01_시즌,당해년도,여름,스웨터,T-에리,스웨터_T-에리_ZB,50.21296754540214,98752366,2460,27898212,223010000
10327,2024-06-16,ZB,1:남성,2024,01_시즌,당해년도,여름,스웨터,라운드,스웨터_라운드_ZB,53.139953803009305,32682550,737,10956974,66773000
10330,2024-06-16,ZB,1:남성,2024,01_시즌,당해년도,여름,팬츠,반바지,팬츠_반바지_ZB,57.2571877472447,12948800,385,3043215,30415000
10332,2024-06-16,ZB,1:남성,2024,02_이월,당해년도,봄,니트 셔츠,라운드,니트 셔츠_라운드_ZB,62.65822784810127,59000,2,13027,158000
10333,2024-06-16,ZB,1:남성,2024,02_이월,당해년도,봄,수트,블레이져(수트),수트_블레이져(수트)_ZB,60.93189964157706,1526000,14,689398,3906000
10334,2024-06-16,ZB,1:남성,2024,02_이월,당해년도,봄,수트,수트팬츠,수트_수트팬츠_ZB,65.37080536912751,1181950,23,564696,3427000
10335,2024-06-16,ZB,1:남성,2024,02_이월,당해년도,봄,스웨터,T-에리,스웨터_T-에리_ZB,74.7159090909091,1602000,64,956966,6336000
10336,2024-06-16,ZB,1:남성,2024,02_이월,당해년도,봄,스웨터,라운드,스웨터_라운드_ZB,76.00267379679144,1395000,59,950568,5841000
10337,2024-06-16,ZB,1:남성,2024,02_이월,당해년도,봄,스웨터,오픈형(CARDIGAN),스웨터_오픈형(CARDIGAN)_ZB,80.42405660377358,569439,17,323344,2703000
10338,2024-06-16,ZB,1:남성,2024,02_이월,당해년도,봄,자켓,싱글재킷,자켓_싱글재킷_ZB,73.57859531772576,790000,10,295487,2990000
10339,2024-06-16,ZB,1:남성,2024,02_이월,당해년도,봄,코트,싱글코트,코트_싱글코트_ZB,0.0,0,0,0,0
10341,2024-06-16,ZB,3:남녀공용,2024,01_시즌,당해년도,여름,니트 셔츠,라운드,니트 셔츠_라운드_ZB,61.19216699289318,30501100,996,8652359,78684000
10359,2024-06-23,ZA,1:남성,2024,01_시즌,당해년도,여름,우븐 셔츠,캐쥬얼셔츠,우븐 셔츠_캐쥬얼셔츠_ZA,55.346558622801126,9019800,247,2435821,20093000
10365,2024-06-23,ZB,1:남성,2024,01_시즌,당해년도,가을,니트 셔츠,라운드,니트 셔츠_라운드_ZB,73.57594936708861,9686000,464,2374859,36656000
10368,2024-06-23,ZB,1:남성,2024,01_시즌,당해년도,사계절,데님,데님팬츠,데님_데님팬츠_ZB,53.29363111082608,7988701,174,2510232,17226000
10369,2024-06-23,ZB,1:남성,2024,01_시즌,당해년도,사계절,수트,블레이져(수트),수트_블레이져(수트)_ZB,42.54882686282969,55775400,374,15897186,96866000
10370,2024-06-23,ZB,1:남성,2024,01_시즌,당해년도,사계절,수트,수트팬츠,수트_수트팬츠_ZB,43.34683929197281,32369600,410,8632890,56990000
10371,2024-06-23,ZB,1:남성,2024,01_시즌,당해년도,사계절,우븐 셔츠,드레스셔츠,우븐 셔츠_드레스셔츠_ZB,54.62918371973,88722000,2597,19273640,205163000
10372,2024-06-23,ZB,1:남성,2024,01_시즌,당해년도,여름,니트 셔츠,라운드,니트 셔츠_라운드_ZB,67.14781966662117,56198550,2247,12515058,177513000
10374,2024-06-23,ZB,1:남성,2024,01_시즌,당해년도,여름,수트,블레이져(수트),수트_블레이져(수트)_ZB,33.15541839671815,87633900,465,24947792,129735000
10375,2024-06-23,ZB,1:남성,2024,01_시즌,당해년도,여름,수트,수트팬츠,수트_수트팬츠_ZB,31.9388479956117,52068050,516,14181431,76884000
10376,2024-06-23,ZB,1:남성,2024,01_시즌,당해년도,여름,스웨터,T-에리,스웨터_T-에리_ZB,50.67764313311878,104760517,2637,29904057,238783000
10377,2024-06-23,ZB,1:남성,2024,01_시즌,당해년도,여름,스웨터,라운드,스웨터_라운드_ZB,53.19566885875466,30377550,686,10092930,62114000
10380,2024-06-23,ZB,1:남성,2024,01_시즌,당해년도,여름,팬츠,반바지,팬츠_반바지_ZB,61.383624543974,12897700,423,3324420,33417000
10382,2024-06-23,ZB,1:남성,2024,02_이월,당해년도,봄,니트 셔츠,라운드,니트 셔츠_라운드_ZB,73.0756936453139,10500,0,505,20000
10383,2024-06-23,ZB,1:남성,2024,02_이월,당해년도,봄,수트,블레이져(수트),수트_블레이져(수트)_ZB,60.93189964157706,1853000,17,890731,4743000
10384,2024-06-23,ZB,1:남성,2024,02_이월,당해년도,봄,수트,수트팬츠,수트_수트팬츠_ZB,66.44295302013423,1800000,36,881006,5364000
10385,2024-06-23,ZB,1:남성,2024,02_이월,당해년도,봄,스웨터,T-에리,스웨터_T-에리_ZB,65.15151515151516,69000,2,29905,198000
10386,2024-06-23,ZB,1:남성,2024,02_이월,당해년도,봄,스웨터,라운드,스웨터_라운드_ZB,68.45012626262627,-378500,-14,-230268,-1386000
10387,2024-06-23,ZB,1:남성,2024,02_이월,당해년도,봄,스웨터,오픈형(CARDIGAN),스웨터_오픈형(CARDIGAN)_ZB,80.0314465408805,85500,2,39690,318000
10388,2024-06-23,ZB,1:남성,2024,02_이월,당해년도,봄,자켓,싱글재킷,자켓_싱글재킷_ZB,73.57859531772576,79000,1,29549,299000
10389,2024-06-23,ZB,1:남성,2024,02_이월,당해년도,봄,코트,싱글코트,코트_싱글코트_ZB,73.57859531772576,158000,2,85499,598000
10391,2024-06-23,ZB,3:남녀공용,2024,01_시즌,당해년도,여름,니트 셔츠,라운드,니트 셔츠_라운드_ZB,60.040840028977264,36204201,1149,9964531,90771000
10409,2024-06-30,ZA,1:남성,2024,01_시즌,당해년도,여름,우븐 셔츠,캐쥬얼셔츠,우븐 셔츠_캐쥬얼셔츠_ZA,54.67567453107528,7301500,198,1918238,16162000
10415,2024-06-30,ZB,1:남성,2024,01_시즌,당해년도,가을,니트 셔츠,라운드,니트 셔츠_라운드_ZB,76.43682679455932,14985000,805,4120176,63595000
10417,2024-06-30,ZB,1:남성,2024,01_시즌,당해년도,가을,스웨터,T-에리,스웨터_T-에리_ZB,32.28560146462289,37726400,626,12402746,55714000
10419,2024-06-30,ZB,1:남성,2024,01_시즌,당해년도,사계절,데님,데님팬츠,데님_데님팬츠_ZB,54.08450242321266,9288566,206,2972972,20394000
10420,2024-06-30,ZB,1:남성,2024,01_시즌,당해년도,사계절,수트,블레이져(수트),수트_블레이져(수트)_ZB,44.00704039353114,67949100,462,19622285,119658000
10421,2024-06-30,ZB,1:남성,2024,01_시즌,당해년도,사계절,수트,수트팬츠,수트_수트팬츠_ZB,43.63680762706908,41000500,521,10995366,72419000
10422,2024-06-30,ZB,1:남성,2024,01_시즌,당해년도,사계절,우븐 셔츠,드레스셔츠,우븐 셔츠_드레스셔츠_ZB,58.62056623948829,91189848,2877,21313046,227283000
10423,2024-06-30,ZB,1:남성,2024,01_시즌,당해년도,여름,니트 셔츠,라운드,니트 셔츠_라운드_ZB,68.7972262997087,64584500,2756,15064780,217724000
10425,2024-06-30,ZB,1:남성,2024,01_시즌,당해년도,여름,수트,블레이져(수트),수트_블레이져(수트)_ZB,36.026907166907165,89154450,493,26453064,137547000
10426,2024-06-30,ZB,1:남성,2024,01_시즌,당해년도,여름,수트,수트팬츠,수트_수트팬츠_ZB,36.65648168879422,53172290,551,15132388,82099000
10427,2024-06-30,ZB,1:남성,2024,01_시즌,당해년도,여름,스웨터,T-에리,스웨터_T-에리_ZB,50.30564113066301,90045635,2382,25589708,215708000
10428,2024-06-30,ZB,1:남성,2024,01_시즌,당해년도,여름,스웨터,라운드,스웨터_라운드_ZB,55.70196542771337,26714550,644,9764913,58546000
10431,2024-06-30,ZB,1:남성,2024,01_시즌,당해년도,여름,팬츠,반바지,팬츠_반바지_ZB,61.05786751116766,16156950,525,4139457,41475000
10433,2024-06-30,ZB,1:남성,2024,02_이월,당해년도,봄,니트 셔츠,라운드,니트 셔츠_라운드_ZB,66.43012402506073,0,0,503,20000
10434,2024-06-30,ZB,1:남성,2024,02_이월,당해년도,봄,수트,블레이져(수트),수트_블레이져(수트)_ZB,57.123655913978496,1369000,11,546166,3069000
10435,2024-06-30,ZB,1:남성,2024,02_이월,당해년도,봄,수트,수트팬츠,수트_수트팬츠_ZB,64.78187919463087,1399000,26,649634,3874000
10436,2024-06-30,ZB,1:남성,2024,02_이월,당해년도,봄,스웨터,T-에리,스웨터_T-에리_ZB,67.92929292929293,508000,16,239241,1584000
10437,2024-06-30,ZB,1:남성,2024,02_이월,당해년도,봄,스웨터,라운드,스웨터_라운드_ZB,65.15151515151516,172500,5,80627,495000
10438,2024-06-30,ZB,1:남성,2024,02_이월,당해년도,봄,스웨터,오픈형(CARDIGAN),스웨터_오픈형(CARDIGAN)_ZB,177.73993710691823,357787,13,247139,2067000
10439,2024-06-30,ZB,1:남성,2024,02_이월,당해년도,봄,자켓,싱글재킷,자켓_싱글재킷_ZB,73.57859531772576,553000,7,206841,2093000
10440,2024-06-30,ZB,1:남성,2024,02_이월,당해년도,봄,코트,싱글코트,코트_싱글코트_ZB,73.57859531772576,79000,1,42749,299000
10442,2024-06-30,ZB,3:남녀공용,2024,01_시즌,당해년도,여름,니트 셔츠,라운드,니트 셔츠_라운드_ZB,64.73884511879507,40186750,1469,12836230,116051000
10460,2024-07-07,ZA,1:남성,2024,01_시즌,당해년도,여름,우븐 셔츠,캐쥬얼셔츠,우븐 셔츠_캐쥬얼셔츠_ZA,53.28356364365485,7844400,200,1925115,16780000
10466,2024-07-07,ZB,1:남성,2024,01_시즌,당해년도,가을,니트 셔츠,라운드,니트 셔츠_라운드_ZB,71.61892071952032,1704000,76,388986,6004000
10468,2024-07-07,ZB,1:남성,2024,01_시즌,당해년도,가을,스웨터,T-에리,스웨터_T-에리_ZB,26.306012970722463,27612400,421,7952842,37469000
10472,2024-07-07,ZB,1:남성,2024,01_시즌,당해년도,사계절,데님,데님팬츠,데님_데님팬츠_ZB,52.85169041469359,7516031,163,2365422,16137000
10473,2024-07-07,ZB,1:남성,2024,01_시즌,당해년도,사계절,수트,블레이져(수트),수트_블레이져(수트)_ZB,43.943141867382,60234330,413,17538064,106967000
10474,2024-07-07,ZB,1:남성,2024,01_시즌,당해년도,사계절,수트,수트팬츠,수트_수트팬츠_ZB,44.27310672719487,37251700,480,10137160,66720000
10475,2024-07-07,ZB,1:남성,2024,01_시즌,당해년도,사계절,우븐 셔츠,드레스셔츠,우븐 셔츠_드레스셔츠_ZB,59.56643684179878,81810373,2575,18928170,203425000
10476,2024-07-07,ZB,1:남성,2024,01_시즌,당해년도,여름,니트 셔츠,라운드,니트 셔츠_라운드_ZB,64.94523870588172,37686600,1398,7712727,110442000
10478,2024-07-07,ZB,1:남성,2024,01_시즌,당해년도,여름,수트,블레이져(수트),수트_블레이져(수트)_ZB,36.51884985901652,95172759,538,28861864,150102000
10479,2024-07-07,ZB,1:남성,2024,01_시즌,당해년도,여름,수트,수트팬츠,수트_수트팬츠_ZB,36.26077691467657,54748649,580,15916951,86420000
10480,2024-07-07,ZB,1:남성,2024,01_시즌,당해년도,여름,스웨터,T-에리,스웨터_T-에리_ZB,53.16176253110192,70332406,1937,20836008,175743000
10481,2024-07-07,ZB,1:남성,2024,01_시즌,당해년도,여름,스웨터,라운드,스웨터_라운드_ZB,55.75371792786024,23126950,561,8276211,50949000
10484,2024-07-07,ZB,1:남성,2024,01_시즌,당해년도,여름,팬츠,반바지,팬츠_반바지_ZB,61.65330232127292,11701100,386,3050693,30494000
10486,2024-07-07,ZB,1:남성,2024,02_이월,당해년도,봄,니트 셔츠,라운드,니트 셔츠_라운드_ZB,52.1713684602062,309100,6,44629,694000
10487,2024-07-07,ZB,1:남성,2024,02_이월,당해년도,봄,수트,블레이져(수트),수트_블레이져(수트)_ZB,60.93189964157706,3379000,31,1507503,8649000
10488,2024-07-07,ZB,1:남성,2024,02_이월,당해년도,봄,수트,수트팬츠,수트_수트팬츠_ZB,67.33281399808246,3712000,76,1876680,11324000
10489,2024-07-07,ZB,1:남성,2024,02_이월,당해년도,봄,스웨터,T-에리,스웨터_T-에리_ZB,52.18855218855219,568000,12,179431,1188000
10490,2024-07-07,ZB,1:남성,2024,02_이월,당해년도,봄,스웨터,라운드,스웨터_라운드_ZB,60.07805325987144,808000,24,379649,2376000
10491,2024-07-07,ZB,1:남성,2024,02_이월,당해년도,봄,스웨터,오픈형(CARDIGAN),스웨터_오픈형(CARDIGAN)_ZB,61.63522012578616,244000,4,76206,636000
10492,2024-07-07,ZB,1:남성,2024,02_이월,당해년도,봄,자켓,싱글재킷,자켓_싱글재킷_ZB,74.92010405053884,674900,9,265939,2691000
10493,2024-07-07,ZB,1:남성,2024,02_이월,당해년도,봄,코트,싱글코트,코트_싱글코트_ZB,0.0,0,0,0,0
10495,2024-07-07,ZB,3:남녀공용,2024,01_시즌,당해년도,여름,니트 셔츠,라운드,니트 셔츠_라운드_ZB,64.07622207852381,29176153,1045,9075567,82555000
10513,2024-07-14,ZA,1:남성,2024,01_시즌,당해년도,여름,우븐 셔츠,캐쥬얼셔츠,우븐 셔츠_캐쥬얼셔츠_ZA,50.90504001390078,5320700,137,1298263,11083000
10519,2024-07-14,ZB,1:남성,2024,01_시즌,당해년도,가을,니트 셔츠,라운드,니트 셔츠_라운드_ZB,67.15765247410818,1427000,55,281503,4345000
10521,2024-07-14,ZB,1:남성,2024,01_시즌,당해년도,가을,수트,블레이져(수트),수트_블레이져(수트)_ZB,20.600796495420152,7721484,35,1762990,9765000
10522,2024-07-14,ZB,1:남성,2024,01_시즌,당해년도,가을,수트,수트팬츠,수트_수트팬츠_ZB,20.46875,4723300,40,995853,5960000
10523,2024-07-14,ZB,1:남성,2024,01_시즌,당해년도,가을,스웨터,T-에리,스웨터_T-에리_ZB,31.30167045793985,29898200,489,9237386,43521000
10527,2024-07-14,ZB,1:남성,2024,01_시즌,당해년도,사계절,데님,데님팬츠,데님_데님팬츠_ZB,51.70574709947775,6583981,141,2041958,13959000
10528,2024-07-14,ZB,1:남성,2024,01_시즌,당해년도,사계절,수트,블레이져(수트),수트_블레이져(수트)_ZB,53.31599515941621,69525836,553,23546475,143227000
10529,2024-07-14,ZB,1:남성,2024,01_시즌,당해년도,사계절,수트,수트팬츠,수트_수트팬츠_ZB,54.62699948415652,42148956,639,13407191,88821000
10530,2024-07-14,ZB,1:남성,2024,01_시즌,당해년도,사계절,우븐 셔츠,드레스셔츠,우븐 셔츠_드레스셔츠_ZB,58.59255180367815,79589050,2482,18346399,196078000
10531,2024-07-14,ZB,1:남성,2024,01_시즌,당해년도,여름,니트 셔츠,라운드,니트 셔츠_라운드_ZB,65.74641211559279,37268750,1378,7614628,108862000
10533,2024-07-14,ZB,1:남성,2024,01_시즌,당해년도,여름,수트,블레이져(수트),수트_블레이져(수트)_ZB,38.28056139062577,73518102,424,22691985,118296000
10534,2024-07-14,ZB,1:남성,2024,01_시즌,당해년도,여름,수트,수트팬츠,수트_수트팬츠_ZB,38.02204851878376,45920459,494,13522096,73606000
10535,2024-07-14,ZB,1:남성,2024,01_시즌,당해년도,여름,스웨터,T-에리,스웨터_T-에리_ZB,53.49911985487291,70543260,2086,22072825,188634000
10536,2024-07-14,ZB,1:남성,2024,01_시즌,당해년도,여름,스웨터,라운드,스웨터_라운드_ZB,58.67767450401208,18883700,486,7275430,44004000
10539,2024-07-14,ZB,1:남성,2024,01_시즌,당해년도,여름,팬츠,반바지,팬츠_반바지_ZB,63.1306574344549,9262000,318,2497266,25122000
10541,2024-07-14,ZB,1:남성,2024,02_이월,당해년도,봄,니트 셔츠,라운드,니트 셔츠_라운드_ZB,54.31898094872778,247450,7,46099,573000
10542,2024-07-14,ZB,1:남성,2024,02_이월,당해년도,봄,수트,블레이져(수트),수트_블레이져(수트)_ZB,-inf,218000,1,50972,279000
10543,2024-07-14,ZB,1:남성,2024,02_이월,당해년도,봄,수트,수트팬츠,수트_수트팬츠_ZB,178.25922818791946,-96000,5,118877,745000
10544,2024-07-14,ZB,1:남성,2024,02_이월,당해년도,봄,스웨터,T-에리,스웨터_T-에리_ZB,34.5959595959596,194250,3,44858,297000
10545,2024-07-14,ZB,1:남성,2024,02_이월,당해년도,봄,스웨터,라운드,스웨터_라운드_ZB,50.505050505050505,539000,11,179992,1089000
10546,2024-07-14,ZB,1:남성,2024,02_이월,당해년도,봄,스웨터,오픈형(CARDIGAN),스웨터_오픈형(CARDIGAN)_ZB,60.235849056603776,48450,0,529,0
10547,2024-07-14,ZB,1:남성,2024,02_이월,당해년도,봄,자켓,싱글재킷,자켓_싱글재킷_ZB,87.86789297658864,72550,2,59097,598000
10548,2024-07-14,ZB,1:남성,2024,02_이월,당해년도,봄,코트,싱글코트,코트_싱글코트_ZB,66.88963210702342,-396000,-4,-170998,-1196000
10550,2024-07-14,ZB,3:남녀공용,2024,01_시즌,당해년도,여름,니트 셔츠,라운드,니트 셔츠_라운드_ZB,65.43240063245739,21658250,795,6918798,62805000
10570,2024-07-21,ZA,1:남성,2024,01_시즌,당해년도,여름,우븐 셔츠,캐쥬얼셔츠,우븐 셔츠_캐쥬얼셔츠_ZA,57.95856264412688,5075100,145,1396809,11595000
10576,2024-07-21,ZB,1:남성,2024,01_시즌,당해년도,가을,니트 셔츠,라운드,니트 셔츠_라운드_ZB,66.88291139240506,2093000,80,409459,6320000
10578,2024-07-21,ZB,1:남성,2024,01_시즌,당해년도,가을,수트,블레이져(수트),수트_블레이져(수트)_ZB,20.151515151515152,20450700,92,4685305,25668000
10579,2024-07-21,ZB,1:남성,2024,01_시즌,당해년도,가을,수트,수트팬츠,수트_수트팬츠_ZB,20.087719298245613,12367000,104,2612153,15496000
10580,2024-07-21,ZB,1:남성,2024,01_시즌,당해년도,가을,스웨터,T-에리,스웨터_T-에리_ZB,30.107709323077696,27805250,447,8443991,39783000
10583,2024-07-21,ZB,1:남성,2024,01_시즌,당해년도,겨울,수트,블레이져(수트),수트_블레이져(수트)_ZB,0.0,2232000,8,417572,2232000
10584,2024-07-21,ZB,1:남성,2024,01_시즌,당해년도,겨울,수트,수트팬츠,수트_수트팬츠_ZB,0.0,1192000,8,211757,1192000
10586,2024-07-21,ZB,1:남성,2024,01_시즌,당해년도,사계절,데님,데님팬츠,데님_데님팬츠_ZB,52.629472901449226,7919656,172,2492652,17028000
10587,2024-07-21,ZB,1:남성,2024,01_시즌,당해년도,사계절,수트,블레이져(수트),수트_블레이져(수트)_ZB,41.09030270754408,51376142,348,14758380,90132000
10588,2024-07-21,ZB,1:남성,2024,01_시즌,당해년도,사계절,수트,수트팬츠,수트_수트팬츠_ZB,42.33071316859556,30228816,385,8151582,53515000
10589,2024-07-21,ZB,1:남성,2024,01_시즌,당해년도,사계절,우븐 셔츠,드레스셔츠,우븐 셔츠_드레스셔츠_ZB,58.750228826619946,70615499,2267,16748791,179093000
10590,2024-07-21,ZB,1:남성,2024,01_시즌,당해년도,여름,니트 셔츠,라운드,니트 셔츠_라운드_ZB,70.57868009649644,35792950,1578,8650212,124662000
10592,2024-07-21,ZB,1:남성,2024,01_시즌,당해년도,여름,수트,블레이져(수트),수트_블레이져(수트)_ZB,41.31890753892407,56093902,351,18739479,97929000
10593,2024-07-21,ZB,1:남성,2024,01_시즌,당해년도,여름,수트,수트팬츠,수트_수트팬츠_ZB,42.25070972813102,37609018,441,12042097,65709000
10594,2024-07-21,ZB,1:남성,2024,01_시즌,당해년도,여름,스웨터,T-에리,스웨터_T-에리_ZB,52.57843692746576,59476600,1641,17716820,149999000
10595,2024-07-21,ZB,1:남성,2024,01_시즌,당해년도,여름,스웨터,라운드,스웨터_라운드_ZB,59.55293419433373,22168550,584,8736668,52846000
10598,2024-07-21,ZB,1:남성,2024,01_시즌,당해년도,여름,팬츠,반바지,팬츠_반바지_ZB,68.37106339385389,10821300,433,3402144,34207000
10600,2024-07-21,ZB,1:남성,2024,02_이월,당해년도,봄,니트 셔츠,라운드,니트 셔츠_라운드_ZB,108.22784810126582,78000,-7,-46099,-573000
10601,2024-07-21,ZB,1:남성,2024,02_이월,당해년도,봄,수트,블레이져(수트),수트_블레이져(수트)_ZB,-15.232974910394264,-61000,1,41288,279000
10602,2024-07-21,ZB,1:남성,2024,02_이월,당해년도,봄,수트,수트팬츠,수트_수트팬츠_ZB,33.1096196868009,299000,3,70050,447000
10603,2024-07-21,ZB,1:남성,2024,02_이월,당해년도,봄,스웨터,T-에리,스웨터_T-에리_ZB,50.50964187327824,1077900,22,328957,2178000
10604,2024-07-21,ZB,1:남성,2024,02_이월,당해년도,봄,스웨터,라운드,스웨터_라운드_ZB,50.631313131313135,244000,5,79440,495000
10605,2024-07-21,ZB,1:남성,2024,02_이월,당해년도,봄,스웨터,오픈형(CARDIGAN),스웨터_오픈형(CARDIGAN)_ZB,0.0,0,0,529,0
10606,2024-07-21,ZB,1:남성,2024,02_이월,당해년도,봄,자켓,싱글재킷,자켓_싱글재킷_ZB,36.19286510590858,572350,3,88646,897000
10607,2024-07-21,ZB,1:남성,2024,02_이월,당해년도,봄,코트,싱글코트,코트_싱글코트_ZB,66.88963210702342,-396000,-4,-170998,-1196000
10609,2024-07-21,ZB,3:남녀공용,2024,01_시즌,당해년도,여름,니트 셔츠,라운드,니트 셔츠_라운드_ZB,64.72786319436834,24119966,866,7494467,68414000
10629,2024-07-28,ZA,1:남성,2024,01_시즌,당해년도,여름,우븐 셔츠,캐쥬얼셔츠,우븐 셔츠_캐쥬얼셔츠_ZA,60.62191397127568,3477000,113,1061011,9267000
10635,2024-07-28,ZB,1:남성,2024,01_시즌,당해년도,가을,니트 셔츠,라운드,니트 셔츠_라운드_ZB,77.28703386931235,663900,37,189375,2923000
10637,2024-07-28,ZB,1:남성,2024,01_시즌,당해년도,가을,수트,블레이져(수트),수트_블레이져(수트)_ZB,21.53298053298053,16327080,74,3788710,20646000
10638,2024-07-28,ZB,1:남성,2024,01_시즌,당해년도,가을,수트,수트팬츠,수트_수트팬츠_ZB,20.998599439775912,11356780,96,2435932,14304000
10639,2024-07-28,ZB,1:남성,2024,01_시즌,당해년도,가을,스웨터,T-에리,스웨터_T-에리_ZB,31.6374531835206,27379200,450,8500662,40050000
10642,2024-07-28,ZB,1:남성,2024,01_시즌,당해년도,겨울,수트,블레이져(수트),수트_블레이져(수트)_ZB,0.0,837000,3,156590,837000
10643,2024-07-28,ZB,1:남성,2024,01_시즌,당해년도,겨울,수트,수트팬츠,수트_수트팬츠_ZB,4.0,715200,5,132348,745000
10645,2024-07-28,ZB,1:남성,2024,01_시즌,당해년도,사계절,데님,데님팬츠,데님_데님팬츠_ZB,52.033906110917606,4522379,96,1391266,9504000
10646,2024-07-28,ZB,1:남성,2024,01_시즌,당해년도,사계절,수트,블레이져(수트),수트_블레이져(수트)_ZB,46.82603843421222,44316969,309,13111804,80031000
10647,2024-07-28,ZB,1:남성,2024,01_시즌,당해년도,사계절,수트,수트팬츠,수트_수트팬츠_ZB,49.66840712133562,25394566,343,7241348,47677000
10648,2024-07-28,ZB,1:남성,2024,01_시즌,당해년도,사계절,우븐 셔츠,드레스셔츠,우븐 셔츠_드레스셔츠_ZB,58.83577215067206,70720760,2253,16450425,177987000
10649,2024-07-28,ZB,1:남성,2024,01_시즌,당해년도,여름,니트 셔츠,라운드,니트 셔츠_라운드_ZB,76.21989473069698,54802250,2905,15715864,229495000
10651,2024-07-28,ZB,1:남성,2024,01_시즌,당해년도,여름,수트,블레이져(수트),수트_블레이져(수트)_ZB,42.12571186478471,38404629,239,12793986,66681000
10652,2024-07-28,ZB,1:남성,2024,01_시즌,당해년도,여름,수트,수트팬츠,수트_수트팬츠_ZB,42.44391625230634,24536873,285,7784687,42465000
10653,2024-07-28,ZB,1:남성,2024,01_시즌,당해년도,여름,스웨터,T-에리,스웨터_T-에리_ZB,56.48621465310313,50714587,1390,15292971,125890000
10654,2024-07-28,ZB,1:남성,2024,01_시즌,당해년도,여름,스웨터,라운드,스웨터_라운드_ZB,58.4398083481425,17946750,459,6912425,41681000
10657,2024-07-28,ZB,1:남성,2024,01_시즌,당해년도,여름,팬츠,반바지,팬츠_반바지_ZB,75.87836771370527,11886550,624,4904799,49296000
10659,2024-07-28,ZB,1:남성,2024,02_이월,당해년도,봄,니트 셔츠,라운드,니트 셔츠_라운드_ZB,50.63291139240506,39000,1,6514,79000
10660,2024-07-28,ZB,1:남성,2024,02_이월,당해년도,봄,수트,블레이져(수트),수트_블레이져(수트)_ZB,60.93189964157706,-545000,-5,-240335,-1395000
10661,2024-07-28,ZB,1:남성,2024,02_이월,당해년도,봄,수트,수트팬츠,수트_수트팬츠_ZB,66.44295302013423,-300000,-6,-135847,-894000
10662,2024-07-28,ZB,1:남성,2024,02_이월,당해년도,봄,스웨터,T-에리,스웨터_T-에리_ZB,0.0,0,0,0,0
10663,2024-07-28,ZB,1:남성,2024,02_이월,당해년도,봄,스웨터,라운드,스웨터_라운드_ZB,50.505050505050505,49000,1,15769,99000
10664,2024-07-28,ZB,1:남성,2024,02_이월,당해년도,봄,스웨터,오픈형(CARDIGAN),스웨터_오픈형(CARDIGAN)_ZB,0.0,0,0,0,0
10665,2024-07-28,ZB,1:남성,2024,02_이월,당해년도,봄,자켓,싱글재킷,자켓_싱글재킷_ZB,inf,-10000,0,0,0
10666,2024-07-28,ZB,1:남성,2024,02_이월,당해년도,봄,코트,싱글코트,코트_싱글코트_ZB,66.88963210702342,99000,1,42749,299000
10668,2024-07-28,ZB,3:남녀공용,2024,01_시즌,당해년도,여름,니트 셔츠,라운드,니트 셔츠_라운드_ZB,66.07295287553363,28960237,1087,9415792,85873000
10688,2024-08-04,ZA,1:남성,2024,01_시즌,당해년도,여름,우븐 셔츠,캐쥬얼셔츠,우븐 셔츠_캐쥬얼셔츠_ZA,57.92240264814105,2897000,93,867116,7647000
10694,2024-08-04,ZB,1:남성,2024,01_시즌,당해년도,가을,니트 셔츠,라운드,니트 셔츠_라운드_ZB,71.80939363324815,14230900,639,3270550,50481000
10696,2024-08-04,ZB,1:남성,2024,01_시즌,당해년도,가을,수트,블레이져(수트),수트_블레이져(수트)_ZB,19.761904761904763,28262700,126,6381119,35154000
10697,2024-08-04,ZB,1:남성,2024,01_시즌,당해년도,가을,수트,수트팬츠,수트_수트팬츠_ZB,20.286324786324787,16588170,140,3533019,20860000
10698,2024-08-04,ZB,1:남성,2024,01_시즌,당해년도,가을,스웨터,T-에리,스웨터_T-에리_ZB,30.8180731532393,28938800,470,8878469,41830000
10701,2024-08-04,ZB,1:남성,2024,01_시즌,당해년도,겨울,수트,블레이져(수트),수트_블레이져(수트)_ZB,0.0,2232000,8,425170,2232000
10702,2024-08-04,ZB,1:남성,2024,01_시즌,당해년도,겨울,수트,수트팬츠,수트_수트팬츠_ZB,0.0,1490000,10,269096,1490000
10704,2024-08-04,ZB,1:남성,2024,01_시즌,당해년도,사계절,데님,데님팬츠,데님_데님팬츠_ZB,54.5079576250308,5844988,134,1950300,13266000
10705,2024-08-04,ZB,1:남성,2024,01_시즌,당해년도,사계절,수트,블레이져(수트),수트_블레이져(수트)_ZB,44.01600703119817,64026077,435,18465973,112665000
10706,2024-08-04,ZB,1:남성,2024,01_시즌,당해년도,사계절,수트,수트팬츠,수트_수트팬츠_ZB,45.01697256065011,35686892,457,9659994,63523000
10707,2024-08-04,ZB,1:남성,2024,01_시즌,당해년도,사계절,우븐 셔츠,드레스셔츠,우븐 셔츠_드레스셔츠_ZB,61.29657010835921,78406800,2678,19803850,211562000
10708,2024-08-04,ZB,1:남성,2024,01_시즌,당해년도,여름,니트 셔츠,라운드,니트 셔츠_라운드_ZB,76.14291964680699,51263800,2743,14944568,216697000
10710,2024-08-04,ZB,1:남성,2024,01_시즌,당해년도,여름,수트,블레이져(수트),수트_블레이져(수트)_ZB,42.15901304047578,49161105,304,16286427,84816000
10711,2024-08-04,ZB,1:남성,2024,01_시즌,당해년도,여름,수트,수트팬츠,수트_수트팬츠_ZB,42.46156983460623,30788556,359,9835160,53491000
10712,2024-08-04,ZB,1:남성,2024,01_시즌,당해년도,여름,스웨터,T-에리,스웨터_T-에리_ZB,54.72676054283842,60216482,1610,17602281,145680000
10713,2024-08-04,ZB,1:남성,2024,01_시즌,당해년도,여름,스웨터,라운드,스웨터_라운드_ZB,58.56733869473544,19659370,506,7646086,45894000
10716,2024-08-04,ZB,1:남성,2024,01_시즌,당해년도,여름,팬츠,반바지,팬츠_반바지_ZB,74.06822382290085,16983520,828,6542240,65412000
10718,2024-08-04,ZB,1:남성,2024,02_이월,당해년도,봄,니트 셔츠,라운드,니트 셔츠_라운드_ZB,50.63291139240506,195000,5,32568,395000
10719,2024-08-04,ZB,1:남성,2024,02_이월,당해년도,봄,수트,블레이져(수트),수트_블레이져(수트)_ZB,60.93189964157706,109000,1,50972,279000
10720,2024-08-04,ZB,1:남성,2024,02_이월,당해년도,봄,수트,수트팬츠,수트_수트팬츠_ZB,66.44295302013423,200000,4,95527,596000
10721,2024-08-04,ZB,1:남성,2024,02_이월,당해년도,봄,스웨터,T-에리,스웨터_T-에리_ZB,50.505050505050505,98000,2,29905,198000
10722,2024-08-04,ZB,1:남성,2024,02_이월,당해년도,봄,스웨터,라운드,스웨터_라운드_ZB,50.505050505050505,441000,9,146078,891000
10723,2024-08-04,ZB,1:남성,2024,02_이월,당해년도,봄,스웨터,오픈형(CARDIGAN),스웨터_오픈형(CARDIGAN)_ZB,100.0,236000,2,38632,318000
10724,2024-08-04,ZB,1:남성,2024,02_이월,당해년도,봄,자켓,싱글재킷,자켓_싱글재킷_ZB,73.57859531772576,79000,1,29549,299000
10725,2024-08-04,ZB,1:남성,2024,02_이월,당해년도,봄,코트,싱글코트,코트_싱글코트_ZB,0.0,0,0,0,0
10727,2024-08-04,ZB,3:남녀공용,2024,01_시즌,당해년도,여름,니트 셔츠,라운드,니트 셔츠_라운드_ZB,67.86629386540385,39831267,1567,13515911,123793000
10748,2024-08-11,ZA,1:남성,2024,01_시즌,당해년도,여름,우븐 셔츠,캐쥬얼셔츠,우븐 셔츠_캐쥬얼셔츠_ZA,58.70667785912696,3365000,105,984613,8755000
10754,2024-08-11,ZB,1:남성,2024,01_시즌,당해년도,가을,니트 셔츠,라운드,니트 셔츠_라운드_ZB,73.74189564680456,3402000,164,839390,12956000
10756,2024-08-11,ZB,1:남성,2024,01_시즌,당해년도,가을,수트,블레이져(수트),수트_블레이져(수트)_ZB,20.56661080854629,27954900,126,6417173,35154000
10757,2024-08-11,ZB,1:남성,2024,01_시즌,당해년도,가을,수트,수트팬츠,수트_수트팬츠_ZB,20.59966320033434,17058800,144,3630954,21456000
10758,2024-08-11,ZB,1:남성,2024,01_시즌,당해년도,가을,스웨터,T-에리,스웨터_T-에리_ZB,30.352303523035232,22873000,369,6970543,32841000
10761,2024-08-11,ZB,1:남성,2024,01_시즌,당해년도,겨울,니트 셔츠,라운드,니트 셔츠_라운드_ZB,0.0,0,0,0,0
10762,2024-08-11,ZB,1:남성,2024,01_시즌,당해년도,겨울,수트,블레이져(수트),수트_블레이져(수트)_ZB,16.666666666666668,1953000,8,386826,2232000
10763,2024-08-11,ZB,1:남성,2024,01_시즌,당해년도,겨울,수트,수트팬츠,수트_수트팬츠_ZB,11.111111111111112,1192000,9,216348,1341000
10767,2024-08-11,ZB,1:남성,2024,01_시즌,당해년도,사계절,데님,데님팬츠,데님_데님팬츠_ZB,51.63186666863567,5741666,134,1970148,13266000
10768,2024-08-11,ZB,1:남성,2024,01_시즌,당해년도,사계절,수트,블레이져(수트),수트_블레이져(수트)_ZB,52.18470930201961,53330656,381,16178210,98679000
10769,2024-08-11,ZB,1:남성,2024,01_시즌,당해년도,사계절,수트,수트팬츠,수트_수트팬츠_ZB,53.63626254283582,30751334,421,8884733,58519000
10770,2024-08-11,ZB,1:남성,2024,01_시즌,당해년도,사계절,우븐 셔츠,드레스셔츠,우븐 셔츠_드레스셔츠_ZB,59.40202147537445,66448703,2175,16030229,171825000
10771,2024-08-11,ZB,1:남성,2024,01_시즌,당해년도,여름,니트 셔츠,라운드,니트 셔츠_라운드_ZB,75.99554402507563,43344900,2300,12527999,181700000
10773,2024-08-11,ZB,1:남성,2024,01_시즌,당해년도,여름,수트,블레이져(수트),수트_블레이져(수트)_ZB,47.773140920600014,43388933,302,16182047,84258000
10774,2024-08-11,ZB,1:남성,2024,01_시즌,당해년도,여름,수트,수트팬츠,수트_수트팬츠_ZB,44.9693681559256,27772906,335,9182901,49915000
10775,2024-08-11,ZB,1:남성,2024,01_시즌,당해년도,여름,스웨터,T-에리,스웨터_T-에리_ZB,54.86122711465647,43050903,1312,13705970,118108000
10776,2024-08-11,ZB,1:남성,2024,01_시즌,당해년도,여름,스웨터,라운드,스웨터_라운드_ZB,58.26582598799146,14142000,364,5619684,32876000
10779,2024-08-11,ZB,1:남성,2024,01_시즌,당해년도,여름,팬츠,반바지,팬츠_반바지_ZB,74.45044625424373,11418450,564,4462769,44556000
10781,2024-08-11,ZB,1:남성,2024,02_이월,당해년도,봄,니트 셔츠,라운드,니트 셔츠_라운드_ZB,100.0,0,-1,-7018,-99000
10782,2024-08-11,ZB,1:남성,2024,02_이월,당해년도,봄,수트,블레이져(수트),수트_블레이져(수트)_ZB,60.93189964157706,109000,1,46130,279000
10783,2024-08-11,ZB,1:남성,2024,02_이월,당해년도,봄,수트,수트팬츠,수트_수트팬츠_ZB,66.44295302013423,100000,2,46700,298000
10784,2024-08-11,ZB,1:남성,2024,02_이월,당해년도,봄,스웨터,T-에리,스웨터_T-에리_ZB,50.505050505050505,245000,5,74763,495000
10785,2024-08-11,ZB,1:남성,2024,02_이월,당해년도,봄,스웨터,라운드,스웨터_라운드_ZB,50.505050505050505,245000,5,78846,495000
10786,2024-08-11,ZB,1:남성,2024,02_이월,당해년도,봄,스웨터,오픈형(CARDIGAN),스웨터_오픈형(CARDIGAN)_ZB,0.0,0,0,0,0
10787,2024-08-11,ZB,1:남성,2024,02_이월,당해년도,봄,자켓,싱글재킷,자켓_싱글재킷_ZB,73.57859531772576,158000,2,59097,598000
10788,2024-08-11,ZB,1:남성,2024,02_이월,당해년도,봄,코트,싱글코트,코트_싱글코트_ZB,0.0,0,0,0,0
10790,2024-08-11,ZB,3:남녀공용,2024,01_시즌,당해년도,여름,니트 셔츠,라운드,니트 셔츠_라운드_ZB,68.31894199608928,39264497,1626,14191345,128454000
10814,2024-08-18,ZA,1:남성,2024,01_시즌,당해년도,여름,우븐 셔츠,캐쥬얼셔츠,우븐 셔츠_캐쥬얼셔츠_ZA,58.51167237059067,3626650,111,1043927,9209000
10820,2024-08-18,ZB,1:남성,2024,01_시즌,당해년도,가을,니트 셔츠,라운드,니트 셔츠_라운드_ZB,72.2402119517221,1886000,86,440168,6794000
10822,2024-08-18,ZB,1:남성,2024,01_시즌,당해년도,가을,수트,블레이져(수트),수트_블레이져(수트)_ZB,20.35333010804709,39288780,177,8972961,49383000
10823,2024-08-18,ZB,1:남성,2024,01_시즌,당해년도,가을,수트,수트팬츠,수트_수트팬츠_ZB,20.39625452223877,23485380,198,4985190,29502000
10824,2024-08-18,ZB,1:남성,2024,01_시즌,당해년도,가을,스웨터,T-에리,스웨터_T-에리_ZB,33.3039691509873,20063500,338,6384942,30082000
10827,2024-08-18,ZB,1:남성,2024,01_시즌,당해년도,겨울,니트 셔츠,라운드,니트 셔츠_라운드_ZB,20.0,1321600,28,162205,1652000
10828,2024-08-18,ZB,1:남성,2024,01_시즌,당해년도,겨울,수트,블레이져(수트),수트_블레이져(수트)_ZB,20.65456140350877,26505000,120,5847733,33480000
10829,2024-08-18,ZB,1:남성,2024,01_시즌,당해년도,겨울,수트,수트팬츠,수트_수트팬츠_ZB,20.531577324039237,17254200,146,3703006,21754000
10832,2024-08-18,ZB,1:남성,2024,01_시즌,당해년도,겨울,조끼,패딩베스트,조끼_패딩베스트_ZB,0.0,0,0,0,0
10835,2024-08-18,ZB,1:남성,2024,01_시즌,당해년도,사계절,데님,데님팬츠,데님_데님팬츠_ZB,53.12617304956876,5362854,120,1758358,11880000
10836,2024-08-18,ZB,1:남성,2024,01_시즌,당해년도,사계절,수트,블레이져(수트),수트_블레이져(수트)_ZB,51.40648666513328,61062224,440,18680393,113960000
10837,2024-08-18,ZB,1:남성,2024,01_시즌,당해년도,사계절,수트,수트팬츠,수트_수트팬츠_ZB,52.63859888687783,35149860,486,10260819,67554000
10838,2024-08-18,ZB,1:남성,2024,01_시즌,당해년도,사계절,우븐 셔츠,드레스셔츠,우븐 셔츠_드레스셔츠_ZB,61.01376793109901,89516349,2983,22469186,235657000
10839,2024-08-18,ZB,1:남성,2024,01_시즌,당해년도,여름,니트 셔츠,라운드,니트 셔츠_라운드_ZB,75.94320298977286,16660100,873,5307509,68967000
10841,2024-08-18,ZB,1:남성,2024,01_시즌,당해년도,여름,수트,블레이져(수트),수트_블레이져(수트)_ZB,45.60534216135167,47679339,319,17097013,89001000
10842,2024-08-18,ZB,1:남성,2024,01_시즌,당해년도,여름,수트,수트팬츠,수트_수트팬츠_ZB,43.858930816376926,29865279,358,9792856,53342000
10843,2024-08-18,ZB,1:남성,2024,01_시즌,당해년도,여름,스웨터,T-에리,스웨터_T-에리_ZB,53.91446598589476,37094979,1058,11417333,95842000
10844,2024-08-18,ZB,1:남성,2024,01_시즌,당해년도,여름,스웨터,라운드,스웨터_라운드_ZB,58.420923699155,19958300,512,7632856,46428000
10847,2024-08-18,ZB,1:남성,2024,01_시즌,당해년도,여름,팬츠,반바지,팬츠_반바지_ZB,75.90408347015519,8643100,454,3570965,35866000
10849,2024-08-18,ZB,1:남성,2024,02_이월,당해년도,봄,니트 셔츠,라운드,니트 셔츠_라운드_ZB,59.11658781911947,467450,18,130862,1962000
10850,2024-08-18,ZB,1:남성,2024,02_이월,당해년도,봄,수트,블레이져(수트),수트_블레이져(수트)_ZB,70.24342891278374,3507000,50,2626062,13950000
10851,2024-08-18,ZB,1:남성,2024,02_이월,당해년도,봄,수트,수트팬츠,수트_수트팬츠_ZB,67.18063086607003,3309000,68,1781329,10132000
10852,2024-08-18,ZB,1:남성,2024,02_이월,당해년도,봄,스웨터,T-에리,스웨터_T-에리_ZB,50.505050505050505,-588000,-12,-179431,-1188000
10853,2024-08-18,ZB,1:남성,2024,02_이월,당해년도,봄,스웨터,라운드,스웨터_라운드_ZB,60.88263588263588,333500,11,171680,1089000
10854,2024-08-18,ZB,1:남성,2024,02_이월,당해년도,봄,스웨터,오픈형(CARDIGAN),스웨터_오픈형(CARDIGAN)_ZB,60.83158630328441,-837000,-14,-261959,-2226000
10855,2024-08-18,ZB,1:남성,2024,02_이월,당해년도,봄,자켓,싱글재킷,자켓_싱글재킷_ZB,73.57859531772576,237000,3,88646,897000
10856,2024-08-18,ZB,1:남성,2024,02_이월,당해년도,봄,코트,싱글코트,코트_싱글코트_ZB,66.88963210702342,99000,1,42749,299000
10858,2024-08-18,ZB,3:남녀공용,2024,01_시즌,당해년도,여름,니트 셔츠,라운드,니트 셔츠_라운드_ZB,66.93670057228805,32204212,1256,10928844,99224000
10886,2024-08-25,ZA,1:남성,2024,01_시즌,당해년도,여름,우븐 셔츠,캐쥬얼셔츠,우븐 셔츠_캐쥬얼셔츠_ZA,63.237863870775264,2151000,69,640305,5851000
10892,2024-08-25,ZB,1:남성,2024,01_시즌,당해년도,가을,니트 셔츠,라운드,니트 셔츠_라운드_ZB,73.01310176589018,7434000,366,1936445,28914000
10894,2024-08-25,ZB,1:남성,2024,01_시즌,당해년도,가을,수트,블레이져(수트),수트_블레이져(수트)_ZB,21.1373680520022,56821140,258,13085010,71982000
10895,2024-08-25,ZB,1:남성,2024,01_시즌,당해년도,가을,수트,수트팬츠,수트_수트팬츠_ZB,21.250253085039137,34258140,291,7315298,43359000
10896,2024-08-25,ZB,1:남성,2024,01_시즌,당해년도,가을,스웨터,T-에리,스웨터_T-에리_ZB,36.46186947167105,18604600,329,6214928,29281000
10899,2024-08-25,ZB,1:남성,2024,01_시즌,당해년도,겨울,니트 셔츠,라운드,니트 셔츠_라운드_ZB,20.83975346687211,2055000,44,254893,2596000
10901,2024-08-25,ZB,1:남성,2024,01_시즌,당해년도,겨울,수트,블레이져(수트),수트_블레이져(수트)_ZB,21.130526315789474,15066000,69,3362131,19251000
10902,2024-08-25,ZB,1:남성,2024,01_시즌,당해년도,겨울,수트,수트팬츠,수트_수트팬츠_ZB,21.316961561928004,7092600,61,1525837,9089000
10905,2024-08-25,ZB,1:남성,2024,01_시즌,당해년도,겨울,점퍼,패딩점퍼,점퍼_패딩점퍼_ZB,0.0,0,0,0,0
10906,2024-08-25,ZB,1:남성,2024,01_시즌,당해년도,겨울,조끼,패딩베스트,조끼_패딩베스트_ZB,0.0,0,0,0,0
10909,2024-08-25,ZB,1:남성,2024,01_시즌,당해년도,사계절,데님,데님팬츠,데님_데님팬츠_ZB,44.11683501683502,4792240,99,1453422,9801000
10910,2024-08-25,ZB,1:남성,2024,01_시즌,당해년도,사계절,수트,블레이져(수트),수트_블레이져(수트)_ZB,49.712145098312405,60728564,431,18290293,111629000
10911,2024-08-25,ZB,1:남성,2024,01_시즌,당해년도,사계절,수트,수트팬츠,수트_수트팬츠_ZB,50.24851691769114,36069234,480,10152873,66720000
10912,2024-08-25,ZB,1:남성,2024,01_시즌,당해년도,사계절,우븐 셔츠,드레스셔츠,우븐 셔츠_드레스셔츠_ZB,62.94144656110931,81231547,2913,21650801,230127000
10913,2024-08-25,ZB,1:남성,2024,01_시즌,당해년도,여름,니트 셔츠,라운드,니트 셔츠_라운드_ZB,75.79747954048398,42257200,2216,12118984,175064000
10915,2024-08-25,ZB,1:남성,2024,01_시즌,당해년도,여름,수트,블레이져(수트),수트_블레이져(수트)_ZB,47.71748273376799,47773200,338,18030382,94302000
10916,2024-08-25,ZB,1:남성,2024,01_시즌,당해년도,여름,수트,수트팬츠,수트_수트팬츠_ZB,44.241697371716725,28380170,345,9391469,51405000
10917,2024-08-25,ZB,1:남성,2024,01_시즌,당해년도,여름,스웨터,T-에리,스웨터_T-에리_ZB,53.83983603908591,25605706,725,7887214,65555000
10918,2024-08-25,ZB,1:남성,2024,01_시즌,당해년도,여름,스웨터,라운드,스웨터_라운드_ZB,57.319780314665536,10482000,267,4003109,24043000
10921,2024-08-25,ZB,1:남성,2024,01_시즌,당해년도,여름,팬츠,반바지,팬츠_반바지_ZB,75.85163654011515,6999200,367,2899775,28993000
10923,2024-08-25,ZB,1:남성,2024,02_이월,당해년도,봄,니트 셔츠,라운드,니트 셔츠_라운드_ZB,73.66864851042067,2665000,115,766711,9785000
10924,2024-08-25,ZB,1:남성,2024,02_이월,당해년도,봄,수트,블레이져(수트),수트_블레이져(수트)_ZB,60.93189964157706,3924000,36,1660687,10044000
10925,2024-08-25,ZB,1:남성,2024,02_이월,당해년도,봄,수트,수트팬츠,수트_수트팬츠_ZB,66.44295302013423,2250000,45,1050748,6705000
10926,2024-08-25,ZB,1:남성,2024,02_이월,당해년도,봄,스웨터,T-에리,스웨터_T-에리_ZB,69.67106967106967,1171000,39,583151,3861000
10927,2024-08-25,ZB,1:남성,2024,02_이월,당해년도,봄,스웨터,라운드,스웨터_라운드_ZB,70.37037037037038,1615000,55,885117,5445000
10928,2024-08-25,ZB,1:남성,2024,02_이월,당해년도,봄,스웨터,오픈형(CARDIGAN),스웨터_오픈형(CARDIGAN)_ZB,76.85534591194968,1060000,30,568897,4770000
10929,2024-08-25,ZB,1:남성,2024,02_이월,당해년도,봄,자켓,싱글재킷,자켓_싱글재킷_ZB,0.0,0,0,0,0
10930,2024-08-25,ZB,1:남성,2024,02_이월,당해년도,봄,코트,싱글코트,코트_싱글코트_ZB,0.0,0,0,0,0
10932,2024-08-25,ZB,3:남녀공용,2024,01_시즌,당해년도,여름,니트 셔츠,라운드,니트 셔츠_라운드_ZB,68.84012998631616,25477533,1048,9129237,82792000
10961,2024-09-01,ZA,1:남성,2024,01_시즌,당해년도,여름,우븐 셔츠,캐쥬얼셔츠,우븐 셔츠_캐쥬얼셔츠_ZA,65.1819353876316,2461450,103,958478,8777000
10967,2024-09-01,ZB,1:남성,2024,01_시즌,당해년도,가을,니트 셔츠,라운드,니트 셔츠_라운드_ZB,76.69566638563846,5920800,277,1463509,21883000
10969,2024-09-01,ZB,1:남성,2024,01_시즌,당해년도,가을,수트,블레이져(수트),수트_블레이져(수트)_ZB,21.54139117427076,63600840,290,14743806,80910000
10970,2024-09-01,ZB,1:남성,2024,01_시즌,당해년도,가을,수트,수트팬츠,수트_수트팬츠_ZB,21.661279461279463,36211470,310,7807992,46190000
10971,2024-09-01,ZB,1:남성,2024,01_시즌,당해년도,가을,스웨터,T-에리,스웨터_T-에리_ZB,27.146406188244598,12903100,199,3759182,17711000
10974,2024-09-01,ZB,1:남성,2024,01_시즌,당해년도,겨울,니트 셔츠,라운드,니트 셔츠_라운드_ZB,20.75,1828500,32,216783,2288000
10976,2024-09-01,ZB,1:남성,2024,01_시즌,당해년도,겨울,수트,블레이져(수트),수트_블레이져(수트)_ZB,20.577980665950594,42620040,192,9748625,53568000
10977,2024-09-01,ZB,1:남성,2024,01_시즌,당해년도,겨울,수트,수트팬츠,수트_수트팬츠_ZB,20.72177146720757,23200790,196,5090954,29204000
10980,2024-09-01,ZB,1:남성,2024,01_시즌,당해년도,겨울,점퍼,패딩점퍼,점퍼_패딩점퍼_ZB,20.0,1195200,6,175401,1494000
10981,2024-09-01,ZB,1:남성,2024,01_시즌,당해년도,겨울,조끼,패딩베스트,조끼_패딩베스트_ZB,20.0,697600,8,120800,872000
10984,2024-09-01,ZB,1:남성,2024,01_시즌,당해년도,사계절,데님,데님팬츠,데님_데님팬츠_ZB,36.26018237720555,10190953,168,2606222,16632000
10985,2024-09-01,ZB,1:남성,2024,01_시즌,당해년도,사계절,수트,블레이져(수트),수트_블레이져(수트)_ZB,51.56383066045535,66398264,482,20464425,124838000
10986,2024-09-01,ZB,1:남성,2024,01_시즌,당해년도,사계절,수트,수트팬츠,수트_수트팬츠_ZB,52.35572012376738,39200597,541,11428293,75199000
10987,2024-09-01,ZB,1:남성,2024,01_시즌,당해년도,사계절,우븐 셔츠,드레스셔츠,우븐 셔츠_드레스셔츠_ZB,64.80890594436276,90007775,3268,24839129,258172000
10988,2024-09-01,ZB,1:남성,2024,01_시즌,당해년도,여름,니트 셔츠,라운드,니트 셔츠_라운드_ZB,77.06702588599474,20290900,1138,6431592,89902000
10990,2024-09-01,ZB,1:남성,2024,01_시즌,당해년도,여름,수트,블레이져(수트),수트_블레이져(수트)_ZB,70.19054051062629,42707460,493,26364135,137547000
10991,2024-09-01,ZB,1:남성,2024,01_시즌,당해년도,여름,수트,수트팬츠,수트_수트팬츠_ZB,62.16097275016876,32803630,549,14973827,81801000
10992,2024-09-01,ZB,1:남성,2024,01_시즌,당해년도,여름,스웨터,T-에리,스웨터_T-에리_ZB,56.718130014192695,24234960,706,7807686,63894000
10993,2024-09-01,ZB,1:남성,2024,01_시즌,당해년도,여름,스웨터,라운드,스웨터_라운드_ZB,66.30864413968038,10641870,337,5054745,30503000
10996,2024-09-01,ZB,1:남성,2024,01_시즌,당해년도,여름,팬츠,반바지,팬츠_반바지_ZB,76.17014250106475,10416540,553,4351779,43687000
10998,2024-09-01,ZB,1:남성,2024,02_이월,당해년도,봄,니트 셔츠,라운드,니트 셔츠_라운드_ZB,74.96831195834733,3386000,154,1038897,13586000
10999,2024-09-01,ZB,1:남성,2024,02_이월,당해년도,봄,수트,블레이져(수트),수트_블레이져(수트)_ZB,60.93189964157706,1417000,13,657793,3627000
11000,2024-09-01,ZB,1:남성,2024,02_이월,당해년도,봄,수트,수트팬츠,수트_수트팬츠_ZB,83.2214765100671,750000,14,358800,2086000
11001,2024-09-01,ZB,1:남성,2024,02_이월,당해년도,봄,스웨터,T-에리,스웨터_T-에리_ZB,70.70707070707071,3103000,107,1599927,10593000
11002,2024-09-01,ZB,1:남성,2024,02_이월,당해년도,봄,스웨터,라운드,스웨터_라운드_ZB,70.70707070707071,4872000,168,2709189,16632000
11003,2024-09-01,ZB,1:남성,2024,02_이월,당해년도,봄,스웨터,오픈형(CARDIGAN),스웨터_오픈형(CARDIGAN)_ZB,75.59629761480954,2085000,54,1028246,8586000
11004,2024-09-01,ZB,1:남성,2024,02_이월,당해년도,봄,자켓,싱글재킷,자켓_싱글재킷_ZB,68.60367892976589,751000,8,236390,2392000
11005,2024-09-01,ZB,1:남성,2024,02_이월,당해년도,봄,코트,싱글코트,코트_싱글코트_ZB,56.8561872909699,129000,1,42749,299000
11007,2024-09-01,ZB,3:남녀공용,2024,01_시즌,당해년도,여름,니트 셔츠,라운드,니트 셔츠_라운드_ZB,73.08744534729482,19495979,905,7834047,71495000
11040,2024-09-08,ZA,1:남성,2024,01_시즌,당해년도,여름,우븐 셔츠,캐쥬얼셔츠,우븐 셔츠_캐쥬얼셔츠_ZA,65.09030406801458,2195350,88,817440,7732000
11046,2024-09-08,ZB,1:남성,2024,01_시즌,당해년도,가을,니트 셔츠,라운드,니트 셔츠_라운드_ZB,75.9493670886076,1767000,93,581251,7347000
11048,2024-09-08,ZB,1:남성,2024,01_시즌,당해년도,가을,수트,블레이져(수트),수트_블레이져(수트)_ZB,22.21092378511733,83164320,383,19309810,106857000
11049,2024-09-08,ZB,1:남성,2024,01_시즌,당해년도,가을,수트,수트팬츠,수트_수트팬츠_ZB,22.097085267814347,46547600,401,10083441,59749000
11050,2024-09-08,ZB,1:남성,2024,01_시즌,당해년도,가을,스웨터,T-에리,스웨터_T-에리_ZB,38.37110391671428,9708400,177,3343594,15753000
11053,2024-09-08,ZB,1:남성,2024,01_시즌,당해년도,겨울,니트 셔츠,라운드,니트 셔츠_라운드_ZB,20.832559510396,4784180,74,616816,6026000
11055,2024-09-08,ZB,1:남성,2024,01_시즌,당해년도,겨울,수트,블레이져(수트),수트_블레이져(수트)_ZB,22.324690015866484,57619080,265,13062623,73935000
11056,2024-09-08,ZB,1:남성,2024,01_시즌,당해년도,겨울,수트,수트팬츠,수트_수트팬츠_ZB,22.790341290919912,32830660,284,7140076,42316000
11057,2024-09-08,ZB,1:남성,2024,01_시즌,당해년도,겨울,스웨터,T-에리,스웨터_T-에리_ZB,20.40963855421687,6539940,83,1263276,8217000
11060,2024-09-08,ZB,1:남성,2024,01_시즌,당해년도,겨울,스웨터,라운드,스웨터_라운드_ZB,20.29486787062545,7811900,99,1600746,9801000
11063,2024-09-08,ZB,1:남성,2024,01_시즌,당해년도,겨울,점퍼,패딩점퍼,점퍼_패딩점퍼_ZB,10.0,-448200,-2,-69384,-498000
11064,2024-09-08,ZB,1:남성,2024,01_시즌,당해년도,겨울,조끼,패딩베스트,조끼_패딩베스트_ZB,20.363636363636363,2345680,17,406663,2953000
11067,2024-09-08,ZB,1:남성,2024,01_시즌,당해년도,사계절,데님,데님팬츠,데님_데님팬츠_ZB,41.116390102439006,7949360,140,2242002,13860000
11068,2024-09-08,ZB,1:남성,2024,01_시즌,당해년도,사계절,수트,블레이져(수트),수트_블레이져(수트)_ZB,51.32938708882429,55631020,404,17164540,104636000
11069,2024-09-08,ZB,1:남성,2024,01_시즌,당해년도,사계절,수트,수트팬츠,수트_수트팬츠_ZB,52.129282019782224,32364178,451,9500510,62689000
11070,2024-09-08,ZB,1:남성,2024,01_시즌,당해년도,사계절,우븐 셔츠,드레스셔츠,우븐 셔츠_드레스셔츠_ZB,61.72011926430898,83813200,2883,22035450,227757000
11071,2024-09-08,ZB,1:남성,2024,01_시즌,당해년도,여름,니트 셔츠,라운드,니트 셔츠_라운드_ZB,75.25019737460177,18670300,955,5304703,75445000
11073,2024-09-08,ZB,1:남성,2024,01_시즌,당해년도,여름,수트,블레이져(수트),수트_블레이져(수트)_ZB,67.88798958168667,32698410,370,19769040,103230000
11074,2024-09-08,ZB,1:남성,2024,01_시즌,당해년도,여름,수트,수트팬츠,수트_수트팬츠_ZB,59.4772644098393,22761810,383,10421184,57067000
11075,2024-09-08,ZB,1:남성,2024,01_시즌,당해년도,여름,스웨터,T-에리,스웨터_T-에리_ZB,59.736107590886576,15890865,512,5786444,46148000
11076,2024-09-08,ZB,1:남성,2024,01_시즌,당해년도,여름,스웨터,라운드,스웨터_라운드_ZB,67.87323084165394,7633300,252,3738454,22948000
11079,2024-09-08,ZB,1:남성,2024,01_시즌,당해년도,여름,팬츠,반바지,팬츠_반바지_ZB,75.8798163861455,3240000,170,1338256,13430000
11081,2024-09-08,ZB,1:남성,2024,02_이월,당해년도,봄,니트 셔츠,라운드,니트 셔츠_라운드_ZB,70.86133986382306,3743000,147,974135,12273000
11082,2024-09-08,ZB,1:남성,2024,02_이월,당해년도,봄,수트,블레이져(수트),수트_블레이져(수트)_ZB,67.19168054924529,6499000,71,3619005,19809000
11083,2024-09-08,ZB,1:남성,2024,02_이월,당해년도,봄,수트,수트팬츠,수트_수트팬츠_ZB,72.45317038966243,2750000,67,1706937,9983000
11084,2024-09-08,ZB,1:남성,2024,02_이월,당해년도,봄,스웨터,T-에리,스웨터_T-에리_ZB,70.70707070707071,3219000,111,1659738,10989000
11085,2024-09-08,ZB,1:남성,2024,02_이월,당해년도,봄,스웨터,라운드,스웨터_라운드_ZB,70.70707070707071,6496000,224,3590483,22176000
11086,2024-09-08,ZB,1:남성,2024,02_이월,당해년도,봄,스웨터,오픈형(CARDIGAN),스웨터_오픈형(CARDIGAN)_ZB,76.37017070979336,2630000,70,1333597,11130000
11087,2024-09-08,ZB,1:남성,2024,02_이월,당해년도,봄,자켓,싱글재킷,자켓_싱글재킷_ZB,73.38186110564627,2706000,34,1004657,10166000
11088,2024-09-08,ZB,1:남성,2024,02_이월,당해년도,봄,코트,싱글코트,코트_싱글코트_ZB,73.12663834402964,2973000,37,1581728,11063000
11091,2024-09-08,ZB,3:남녀공용,2024,01_시즌,당해년도,여름,니트 셔츠,라운드,니트 셔츠_라운드_ZB,75.45437715137706,15799901,812,7011065,64148000
11125,2024-09-15,ZA,1:남성,2024,01_시즌,당해년도,여름,우븐 셔츠,캐쥬얼셔츠,우븐 셔츠_캐쥬얼셔츠_ZA,65.48793752976472,1610000,70,648291,5990000
11131,2024-09-15,ZB,1:남성,2024,01_시즌,당해년도,가을,니트 셔츠,라운드,니트 셔츠_라운드_ZB,75.9493670886076,3515000,185,1096446,14615000
11133,2024-09-15,ZB,1:남성,2024,01_시즌,당해년도,가을,수트,블레이져(수트),수트_블레이져(수트)_ZB,27.32532217967552,70640010,347,17451445,96813000
11134,2024-09-15,ZB,1:남성,2024,01_시즌,당해년도,가을,수트,수트팬츠,수트_수트팬츠_ZB,27.451158422713004,42816640,393,9859698,58557000
11135,2024-09-15,ZB,1:남성,2024,01_시즌,당해년도,가을,스웨터,T-에리,스웨터_T-에리_ZB,44.2845600302992,8826440,178,3362484,15842000
11138,2024-09-15,ZB,1:남성,2024,01_시즌,당해년도,겨울,니트 셔츠,라운드,니트 셔츠_라운드_ZB,20.098368523847924,7477600,130,908780,9350000
11140,2024-09-15,ZB,1:남성,2024,01_시즌,당해년도,겨울,수트,블레이져(수트),수트_블레이져(수트)_ZB,20.433481218574386,47703420,215,10642120,59985000
11141,2024-09-15,ZB,1:남성,2024,01_시즌,당해년도,겨울,수트,수트팬츠,수트_수트팬츠_ZB,20.49909858161285,28536480,241,6085458,35909000
11142,2024-09-15,ZB,1:남성,2024,01_시즌,당해년도,겨울,스웨터,T-에리,스웨터_T-에리_ZB,23.83523641397701,15559440,210,2981653,20790000
11145,2024-09-15,ZB,1:남성,2024,01_시즌,당해년도,겨울,스웨터,라운드,스웨터_라운드_ZB,21.43617021276596,5199480,67,995371,6633000
11148,2024-09-15,ZB,1:남성,2024,01_시즌,당해년도,겨울,점퍼,패딩점퍼,점퍼_패딩점퍼_ZB,25.0,-15100,0,-4792,-50000
11149,2024-09-15,ZB,1:남성,2024,01_시즌,당해년도,겨울,조끼,패딩베스트,조끼_패딩베스트_ZB,25.0,-551300,-7,-92067,-663000
11152,2024-09-15,ZB,1:남성,2024,01_시즌,당해년도,사계절,데님,데님팬츠,데님_데님팬츠_ZB,41.56501567162136,7056708,155,2399796,15345000
11153,2024-09-15,ZB,1:남성,2024,01_시즌,당해년도,사계절,수트,블레이져(수트),수트_블레이져(수트)_ZB,52.124402675322514,47951329,348,14779615,90132000
11154,2024-09-15,ZB,1:남성,2024,01_시즌,당해년도,사계절,수트,수트팬츠,수트_수트팬츠_ZB,51.887493251158965,27934991,384,8097032,53376000
11155,2024-09-15,ZB,1:남성,2024,01_시즌,당해년도,사계절,우븐 셔츠,드레스셔츠,우븐 셔츠_드레스셔츠_ZB,62.03022074763052,67652700,2399,18274989,189521000
11156,2024-09-15,ZB,1:남성,2024,01_시즌,당해년도,여름,니트 셔츠,라운드,니트 셔츠_라운드_ZB,76.28024145064498,17914000,967,5330503,76393000
11158,2024-09-15,ZB,1:남성,2024,01_시즌,당해년도,여름,수트,블레이져(수트),수트_블레이져(수트)_ZB,68.63281821857606,22438500,261,13980543,72819000
11159,2024-09-15,ZB,1:남성,2024,01_시즌,당해년도,여름,수트,수트팬츠,수트_수트팬츠_ZB,58.52396432506776,17145400,288,7892431,42912000
11160,2024-09-15,ZB,1:남성,2024,01_시즌,당해년도,여름,스웨터,T-에리,스웨터_T-에리_ZB,60.953801852034914,11532025,405,4349785,36525000
11161,2024-09-15,ZB,1:남성,2024,01_시즌,당해년도,여름,스웨터,라운드,스웨터_라운드_ZB,68.69330875281497,5967000,202,2979258,18358000
11164,2024-09-15,ZB,1:남성,2024,01_시즌,당해년도,여름,팬츠,반바지,팬츠_반바지_ZB,75.9493670886076,2907000,153,1197136,12087000
11166,2024-09-15,ZB,1:남성,2024,02_이월,당해년도,봄,니트 셔츠,라운드,니트 셔츠_라운드_ZB,72.7624709840097,3658000,152,1012755,12908000
11167,2024-09-15,ZB,1:남성,2024,02_이월,당해년도,봄,수트,블레이져(수트),수트_블레이져(수트)_ZB,64.92575524833589,1370000,14,713607,3906000
11168,2024-09-15,ZB,1:남성,2024,02_이월,당해년도,봄,수트,수트팬츠,수트_수트팬츠_ZB,55.70469798657719,874000,16,405500,2384000
11169,2024-09-15,ZB,1:남성,2024,02_이월,당해년도,봄,스웨터,T-에리,스웨터_T-에리_ZB,70.70707070707071,2929000,101,1510212,9999000
11170,2024-09-15,ZB,1:남성,2024,02_이월,당해년도,봄,스웨터,라운드,스웨터_라운드_ZB,70.70707070707071,3248000,112,1844518,11088000
11171,2024-09-15,ZB,1:남성,2024,02_이월,당해년도,봄,스웨터,오픈형(CARDIGAN),스웨터_오픈형(CARDIGAN)_ZB,75.55445216815625,2954000,76,1447905,12084000
11172,2024-09-15,ZB,1:남성,2024,02_이월,당해년도,봄,자켓,싱글재킷,자켓_싱글재킷_ZB,70.5685618729097,1760000,20,590975,5980000
11173,2024-09-15,ZB,1:남성,2024,02_이월,당해년도,봄,코트,싱글코트,코트_싱글코트_ZB,72.90969899665552,810000,10,427494,2990000
11176,2024-09-15,ZB,3:남녀공용,2024,01_시즌,당해년도,여름,니트 셔츠,라운드,니트 셔츠_라운드_ZB,75.68469636976292,14700730,768,6675052,60672000
11214,2024-09-22,ZA,1:남성,2024,01_시즌,당해년도,여름,우븐 셔츠,캐쥬얼셔츠,우븐 셔츠_캐쥬얼셔츠_ZA,65.84584991137486,1791000,79,732779,6761000
11220,2024-09-22,ZB,1:남성,2024,01_시즌,당해년도,가을,니트 셔츠,라운드,니트 셔츠_라운드_ZB,75.9493670886076,4769000,251,1650300,19829000
11222,2024-09-22,ZB,1:남성,2024,01_시즌,당해년도,가을,수트,블레이져(수트),수트_블레이져(수트)_ZB,34.703681392044736,124077720,677,34104211,188883000
11223,2024-09-22,ZB,1:남성,2024,01_시즌,당해년도,가을,수트,수트팬츠,수트_수트팬츠_ZB,35.12205304795496,67780020,698,17536712,104002000
11224,2024-09-22,ZB,1:남성,2024,01_시즌,당해년도,가을,스웨터,T-에리,스웨터_T-에리_ZB,45.08705422569614,5620340,115,2172391,10235000
11227,2024-09-22,ZB,1:남성,2024,01_시즌,당해년도,겨울,니트 셔츠,라운드,니트 셔츠_라운드_ZB,20.45167555130308,10893100,193,1334772,13707000
11230,2024-09-22,ZB,1:남성,2024,01_시즌,당해년도,겨울,수트,블레이져(수트),수트_블레이져(수트)_ZB,20.66564571183665,98012700,443,21960243,123597000
11231,2024-09-22,ZB,1:남성,2024,01_시즌,당해년도,겨울,수트,수트팬츠,수트_수트팬츠_ZB,20.703856442469174,55723020,472,11917762,70328000
11232,2024-09-22,ZB,1:남성,2024,01_시즌,당해년도,겨울,스웨터,T-에리,스웨터_T-에리_ZB,17.224106388967073,20559720,250,3390422,24750000
11235,2024-09-22,ZB,1:남성,2024,01_시즌,당해년도,겨울,스웨터,라운드,스웨터_라운드_ZB,20.49001646031633,19350540,246,3683782,24354000
11238,2024-09-22,ZB,1:남성,2024,01_시즌,당해년도,겨울,점퍼,패딩점퍼,점퍼_패딩점퍼_ZB,20.714285714285715,1891300,11,348069,2389000
11239,2024-09-22,ZB,1:남성,2024,01_시즌,당해년도,겨울,조끼,패딩베스트,조끼_패딩베스트_ZB,20.916666666666664,2866800,19,491395,3571000
11242,2024-09-22,ZB,1:남성,2024,01_시즌,당해년도,사계절,데님,데님팬츠,데님_데님팬츠_ZB,41.39441332371144,7973177,158,2540758,15642000
11243,2024-09-22,ZB,1:남성,2024,01_시즌,당해년도,사계절,수트,블레이져(수트),수트_블레이져(수트)_ZB,55.94354076090236,72354511,587,24978112,152033000
11244,2024-09-22,ZB,1:남성,2024,01_시즌,당해년도,사계절,수트,수트팬츠,수트_수트팬츠_ZB,57.39648263605692,43721652,691,14507180,96049000
11245,2024-09-22,ZB,1:남성,2024,01_시즌,당해년도,사계절,우븐 셔츠,드레스셔츠,우븐 셔츠_드레스셔츠_ZB,61.67957673209524,89864500,3077,23604743,243083000
11246,2024-09-22,ZB,1:남성,2024,01_시즌,당해년도,여름,니트 셔츠,라운드,니트 셔츠_라운드_ZB,75.92849507735585,20427800,1075,5838028,84925000
11248,2024-09-22,ZB,1:남성,2024,01_시즌,당해년도,여름,수트,블레이져(수트),수트_블레이져(수트)_ZB,68.89647520907886,28042000,324,17342147,90396000
11249,2024-09-22,ZB,1:남성,2024,01_시즌,당해년도,여름,수트,수트팬츠,수트_수트팬츠_ZB,58.31862689447284,20980200,346,9456795,51554000
11250,2024-09-22,ZB,1:남성,2024,01_시즌,당해년도,여름,스웨터,T-에리,스웨터_T-에리_ZB,59.87930353091053,7817564,264,2967208,23796000
11251,2024-09-22,ZB,1:남성,2024,01_시즌,당해년도,여름,스웨터,라운드,스웨터_라운드_ZB,68.60215846386723,6114000,206,3051263,18744000
11254,2024-09-22,ZB,1:남성,2024,01_시즌,당해년도,여름,팬츠,반바지,팬츠_반바지_ZB,75.9493670886076,1615000,85,665075,6715000
11256,2024-09-22,ZB,1:남성,2024,02_이월,당해년도,봄,니트 셔츠,라운드,니트 셔츠_라운드_ZB,74.52344796581008,4058000,182,1214719,15538000
11257,2024-09-22,ZB,1:남성,2024,02_이월,당해년도,봄,수트,블레이져(수트),수트_블레이져(수트)_ZB,-inf,2785000,23,1172354,6417000
11258,2024-09-22,ZB,1:남성,2024,02_이월,당해년도,봄,수트,수트팬츠,수트_수트팬츠_ZB,-inf,1823000,21,535010,3129000
11259,2024-09-22,ZB,1:남성,2024,02_이월,당해년도,봄,스웨터,T-에리,스웨터_T-에리_ZB,70.70707070707071,1102000,38,568199,3762000
11260,2024-09-22,ZB,1:남성,2024,02_이월,당해년도,봄,스웨터,라운드,스웨터_라운드_ZB,70.70707070707071,4698000,162,2592607,16038000
11261,2024-09-22,ZB,1:남성,2024,02_이월,당해년도,봄,스웨터,오픈형(CARDIGAN),스웨터_오픈형(CARDIGAN)_ZB,76.38099568083655,3036000,84,1599787,13356000
11262,2024-09-22,ZB,1:남성,2024,02_이월,당해년도,봄,자켓,싱글재킷,자켓_싱글재킷_ZB,63.46737185968733,4697000,43,1270596,12857000
11263,2024-09-22,ZB,1:남성,2024,02_이월,당해년도,봄,코트,싱글코트,코트_싱글코트_ZB,56.8561872909699,129000,1,42749,299000
11266,2024-09-22,ZB,3:남녀공용,2024,01_시즌,당해년도,여름,니트 셔츠,라운드,니트 셔츠_라운드_ZB,76.13986690216547,17685478,946,8307987,74734000
11304,2024-09-29,ZA,1:남성,2024,01_시즌,당해년도,여름,우븐 셔츠,캐쥬얼셔츠,우븐 셔츠_캐쥬얼셔츠_ZA,73.32821889783915,1218000,52,480722,4568000
11310,2024-09-29,ZB,1:남성,2024,01_시즌,당해년도,가을,니트 셔츠,라운드,니트 셔츠_라운드_ZB,75.9493670886076,2394000,126,803703,9954000
11312,2024-09-29,ZB,1:남성,2024,01_시즌,당해년도,가을,수트,블레이져(수트),수트_블레이져(수트)_ZB,34.23525232188206,88835900,486,24393229,135594000
11313,2024-09-29,ZB,1:남성,2024,01_시즌,당해년도,가을,수트,수트팬츠,수트_수트팬츠_ZB,42.89490783472886,44726380,531,13328236,79119000
11314,2024-09-29,ZB,1:남성,2024,01_시즌,당해년도,가을,스웨터,T-에리,스웨터_T-에리_ZB,55.44021465705182,2657100,67,1265654,5963000
11317,2024-09-29,ZB,1:남성,2024,01_시즌,당해년도,겨울,니트 셔츠,라운드,니트 셔츠_라운드_ZB,21.306234468230286,8224800,157,999934,10723000
11320,2024-09-29,ZB,1:남성,2024,01_시즌,당해년도,겨울,수트,블레이져(수트),수트_블레이져(수트)_ZB,20.096233639654688,68410800,309,15676339,86211000
11321,2024-09-29,ZB,1:남성,2024,01_시즌,당해년도,겨울,수트,수트팬츠,수트_수트팬츠_ZB,19.798165032693756,43284500,365,9351873,54385000
11322,2024-09-29,ZB,1:남성,2024,01_시즌,당해년도,겨울,스웨터,T-에리,스웨터_T-에리_ZB,31.12725680965043,22815130,333,4591867,32967000
11325,2024-09-29,ZB,1:남성,2024,01_시즌,당해년도,겨울,스웨터,라운드,스웨터_라운드_ZB,19.42998737373737,20486160,286,4249916,28314000
11328,2024-09-29,ZB,1:남성,2024,01_시즌,당해년도,겨울,점퍼,패딩점퍼,점퍼_패딩점퍼_ZB,25.333333333333336,2112000,12,430683,3138000
11329,2024-09-29,ZB,1:남성,2024,01_시즌,당해년도,겨울,조끼,패딩베스트,조끼_패딩베스트_ZB,15.0,335100,5,61867,445000
11332,2024-09-29,ZB,1:남성,2024,01_시즌,당해년도,사계절,데님,데님팬츠,데님_데님팬츠_ZB,46.37441687811039,10046761,260,3972480,25740000
11333,2024-09-29,ZB,1:남성,2024,01_시즌,당해년도,사계절,수트,블레이져(수트),수트_블레이져(수트)_ZB,54.69499920557762,52197756,403,17138230,104377000
11334,2024-09-29,ZB,1:남성,2024,01_시즌,당해년도,사계절,수트,수트팬츠,수트_수트팬츠_ZB,55.35179173578311,30457180,454,9542226,63106000
11335,2024-09-29,ZB,1:남성,2024,01_시즌,당해년도,사계절,우븐 셔츠,드레스셔츠,우븐 셔츠_드레스셔츠_ZB,61.53777369726691,85941000,2920,22540910,230680000
11336,2024-09-29,ZB,1:남성,2024,01_시즌,당해년도,여름,니트 셔츠,라운드,니트 셔츠_라운드_ZB,75.9493670886076,7429000,391,2171033,30889000
11338,2024-09-29,ZB,1:남성,2024,01_시즌,당해년도,여름,수트,블레이져(수트),수트_블레이져(수트)_ZB,68.77770807059522,19411000,226,12073738,63054000
11339,2024-09-29,ZB,1:남성,2024,01_시즌,당해년도,여름,수트,수트팬츠,수트_수트팬츠_ZB,57.69085800508872,14944300,247,6740554,36803000
11340,2024-09-29,ZB,1:남성,2024,01_시즌,당해년도,여름,스웨터,T-에리,스웨터_T-에리_ZB,59.43247439981991,3491835,120,1323760,10670000
11341,2024-09-29,ZB,1:남성,2024,01_시즌,당해년도,여름,스웨터,라운드,스웨터_라운드_ZB,68.72781712015689,3094000,106,1585392,9604000
11344,2024-09-29,ZB,1:남성,2024,01_시즌,당해년도,여름,팬츠,반바지,팬츠_반바지_ZB,75.9493670886076,418000,22,176298,1738000
11346,2024-09-29,ZB,1:남성,2024,02_이월,당해년도,봄,니트 셔츠,라운드,니트 셔츠_라운드_ZB,66.6251811917679,5077000,173,1160637,15007000
11347,2024-09-29,ZB,1:남성,2024,02_이월,당해년도,봄,수트,블레이져(수트),수트_블레이져(수트)_ZB,56.98924731182796,2640000,22,1121382,6138000
11348,2024-09-29,ZB,1:남성,2024,02_이월,당해년도,봄,수트,수트팬츠,수트_수트팬츠_ZB,46.97986577181208,1580000,20,509534,2980000
11349,2024-09-29,ZB,1:남성,2024,02_이월,당해년도,봄,스웨터,T-에리,스웨터_T-에리_ZB,70.70707070707071,2755000,95,1420496,9405000
11350,2024-09-29,ZB,1:남성,2024,02_이월,당해년도,봄,스웨터,라운드,스웨터_라운드_ZB,70.70707070707071,4060000,140,2256371,13860000
11351,2024-09-29,ZB,1:남성,2024,02_이월,당해년도,봄,스웨터,오픈형(CARDIGAN),스웨터_오픈형(CARDIGAN)_ZB,75.47169811320755,2184000,56,1061589,8904000
11352,2024-09-29,ZB,1:남성,2024,02_이월,당해년도,봄,자켓,싱글재킷,자켓_싱글재킷_ZB,66.11782865963468,-2634000,-26,-768267,-7774000
11353,2024-09-29,ZB,1:남성,2024,02_이월,당해년도,봄,코트,싱글코트,코트_싱글코트_ZB,60.936454849498325,584000,5,213747,1495000
11356,2024-09-29,ZB,3:남녀공용,2024,01_시즌,당해년도,여름,니트 셔츠,라운드,니트 셔츠_라운드_ZB,76.71003517178175,8673938,480,4245056,37920000
11396,2024-10-06,ZA,1:남성,2024,02_이월,당해년도,여름,우븐 셔츠,캐쥬얼셔츠,우븐 셔츠_캐쥬얼셔츠_ZA,61.85561948599923,1135640,36,335572,3344000
11401,2024-10-06,ZB,1:남성,2024,01_시즌,당해년도,가을,니트 셔츠,라운드,니트 셔츠_라운드_ZB,75.4540888085192,11718400,596,3220352,47084000
11403,2024-10-06,ZB,1:남성,2024,01_시즌,당해년도,가을,수트,블레이져(수트),수트_블레이져(수트)_ZB,35.9289154329001,154453200,863,43215336,240777000
11404,2024-10-06,ZB,1:남성,2024,01_시즌,당해년도,가을,수트,수트팬츠,수트_수트팬츠_ZB,46.266746412027565,72339700,902,22597652,134398000
11405,2024-10-06,ZB,1:남성,2024,01_시즌,당해년도,가을,스웨터,T-에리,스웨터_T-에리_ZB,59.66679581557536,1041000,29,547820,2581000
11408,2024-10-06,ZB,1:남성,2024,01_시즌,당해년도,겨울,니트 셔츠,라운드,니트 셔츠_라운드_ZB,23.00319321976452,27490000,496,3440468,35364000
11411,2024-10-06,ZB,1:남성,2024,01_시즌,당해년도,겨울,수트,블레이져(수트),수트_블레이져(수트)_ZB,21.44071681924765,146793060,669,34336982,186651000
11412,2024-10-06,ZB,1:남성,2024,01_시즌,당해년도,겨울,수트,수트팬츠,수트_수트팬츠_ZB,21.49978847079412,80024920,683,17632774,101767000
11413,2024-10-06,ZB,1:남성,2024,01_시즌,당해년도,겨울,스웨터,T-에리,스웨터_T-에리_ZB,31.35737193371924,52886600,778,10635939,77022000
11416,2024-10-06,ZB,1:남성,2024,01_시즌,당해년도,겨울,스웨터,라운드,스웨터_라운드_ZB,20.055278606637003,62199710,855,12717231,84645000
11419,2024-10-06,ZB,1:남성,2024,01_시즌,당해년도,겨울,점퍼,패딩점퍼,점퍼_패딩점퍼_ZB,27.425925925925924,6113900,37,1235689,8713000
11420,2024-10-06,ZB,1:남성,2024,01_시즌,당해년도,겨울,조끼,패딩베스트,조끼_패딩베스트_ZB,15.223214285714285,3310100,23,565428,4107000
11421,2024-10-06,ZB,1:남성,2024,01_시즌,당해년도,겨울,코트,싱글코트,코트_싱글코트_ZB,0.0,1995000,5,332000,1995000
11424,2024-10-06,ZB,1:남성,2024,01_시즌,당해년도,사계절,데님,데님팬츠,데님_데님팬츠_ZB,42.39984897534477,17575057,281,4606300,27819000
11425,2024-10-06,ZB,1:남성,2024,01_시즌,당해년도,사계절,수트,블레이져(수트),수트_블레이져(수트)_ZB,53.50058779231441,66372919,499,21212615,129241000
11426,2024-10-06,ZB,1:남성,2024,01_시즌,당해년도,사계절,수트,수트팬츠,수트_수트팬츠_ZB,54.57950562317779,39000916,569,11966397,79091000
11427,2024-10-06,ZB,1:남성,2024,01_시즌,당해년도,사계절,우븐 셔츠,드레스셔츠,우븐 셔츠_드레스셔츠_ZB,60.1831388174872,128327100,4329,33645548,341991000
11428,2024-10-06,ZB,1:남성,2024,02_이월,당해년도,봄,니트 셔츠,라운드,니트 셔츠_라운드_ZB,73.97956748776893,3708000,162,1092014,14258000
11429,2024-10-06,ZB,1:남성,2024,02_이월,당해년도,봄,수트,블레이져(수트),수트_블레이져(수트)_ZB,69.0137588160481,5360000,62,3160258,17298000
11430,2024-10-06,ZB,1:남성,2024,02_이월,당해년도,봄,수트,수트팬츠,수트_수트팬츠_ZB,63.50796353801462,3643000,67,1706937,9983000
11431,2024-10-06,ZB,1:남성,2024,02_이월,당해년도,봄,스웨터,T-에리,스웨터_T-에리_ZB,70.70707070707071,3161000,109,1629833,10791000
11432,2024-10-06,ZB,1:남성,2024,02_이월,당해년도,봄,스웨터,라운드,스웨터_라운드_ZB,70.70707070707071,3683000,127,2040091,12573000
11433,2024-10-06,ZB,1:남성,2024,02_이월,당해년도,봄,스웨터,오픈형(CARDIGAN),스웨터_오픈형(CARDIGAN)_ZB,75.47169811320755,2028000,52,986969,8268000
11434,2024-10-06,ZB,1:남성,2024,02_이월,당해년도,봄,자켓,싱글재킷,자켓_싱글재킷_ZB,69.65747895283128,2631000,29,856913,8671000
11435,2024-10-06,ZB,1:남성,2024,02_이월,당해년도,봄,코트,싱글코트,코트_싱글코트_ZB,56.8561872909699,258000,2,85499,598000
11437,2024-10-06,ZB,1:남성,2024,02_이월,당해년도,여름,니트 셔츠,라운드,니트 셔츠_라운드_ZB,75.59801914358876,5407050,282,1546015,22278000
11439,2024-10-06,ZB,1:남성,2024,02_이월,당해년도,여름,수트,블레이져(수트),수트_블레이져(수트)_ZB,68.34837020141678,8635450,98,5254409,27342000
11440,2024-10-06,ZB,1:남성,2024,02_이월,당해년도,여름,수트,수트팬츠,수트_수트팬츠_ZB,58.57159164474601,7480050,124,3398260,18476000
11441,2024-10-06,ZB,1:남성,2024,02_이월,당해년도,여름,스웨터,T-에리,스웨터_T-에리_ZB,62.139683634308426,3649698,120,1390102,10860000
11442,2024-10-06,ZB,1:남성,2024,02_이월,당해년도,여름,스웨터,라운드,스웨터_라운드_ZB,65.71414285654637,1449920,44,631380,3996000
11445,2024-10-06,ZB,1:남성,2024,02_이월,당해년도,여름,팬츠,반바지,팬츠_반바지_ZB,75.9493670886076,551000,29,233799,2291000
11448,2024-10-06,ZB,3:남녀공용,2024,02_이월,당해년도,여름,니트 셔츠,라운드,니트 셔츠_라운드_ZB,73.27468533898862,7590359,362,3207869,28598000
11488,2024-10-13,ZA,1:남성,2024,02_이월,당해년도,여름,우븐 셔츠,캐쥬얼셔츠,우븐 셔츠_캐쥬얼셔츠_ZA,70.80296637258664,125000,5,46220,435000
11493,2024-10-13,ZB,1:남성,2024,01_시즌,당해년도,가을,니트 셔츠,라운드,니트 셔츠_라운드_ZB,75.9493670886076,1349000,71,402173,5609000
11495,2024-10-13,ZB,1:남성,2024,01_시즌,당해년도,가을,수트,블레이져(수트),수트_블레이져(수트)_ZB,42.27420235065725,98101900,600,29934610,167400000
11496,2024-10-13,ZB,1:남성,2024,01_시즌,당해년도,가을,수트,수트팬츠,수트_수트팬츠_ZB,52.4471432301373,46430500,640,16063325,95360000
11497,2024-10-13,ZB,1:남성,2024,01_시즌,당해년도,가을,스웨터,T-에리,스웨터_T-에리_ZB,56.17977528089887,546000,14,264465,1246000
11500,2024-10-13,ZB,1:남성,2024,01_시즌,당해년도,겨울,니트 셔츠,라운드,니트 셔츠_라운드_ZB,39.31819872604936,28104700,616,4413009,45444000
11503,2024-10-13,ZB,1:남성,2024,01_시즌,당해년도,겨울,수트,블레이져(수트),수트_블레이져(수트)_ZB,20.616216123065804,120770320,546,28080192,152334000
11504,2024-10-13,ZB,1:남성,2024,01_시즌,당해년도,겨울,수트,수트팬츠,수트_수트팬츠_ZB,20.7604298592989,64331980,545,14159617,81205000
11505,2024-10-13,ZB,1:남성,2024,01_시즌,당해년도,겨울,스웨터,T-에리,스웨터_T-에리_ZB,38.53676821674006,51110980,840,11418401,83160000
11508,2024-10-13,ZB,1:남성,2024,01_시즌,당해년도,겨울,스웨터,라운드,스웨터_라운드_ZB,38.06506719869166,56205570,914,13305570,90486000
11511,2024-10-13,ZB,1:남성,2024,01_시즌,당해년도,겨울,점퍼,패딩점퍼,점퍼_패딩점퍼_ZB,24.20696324951644,10301900,58,1959433,13892000
11512,2024-10-13,ZB,1:남성,2024,01_시즌,당해년도,겨울,조끼,패딩베스트,조끼_패딩베스트_ZB,36.06088540024715,7126000,66,1446488,10494000
11513,2024-10-13,ZB,1:남성,2024,01_시즌,당해년도,겨울,코트,싱글코트,코트_싱글코트_ZB,4.0,5763800,17,1014777,6083000
11516,2024-10-13,ZB,1:남성,2024,01_시즌,당해년도,사계절,데님,데님팬츠,데님_데님팬츠_ZB,46.22632909840357,10431582,209,3289248,20691000
11517,2024-10-13,ZB,1:남성,2024,01_시즌,당해년도,사계절,수트,블레이져(수트),수트_블레이져(수트)_ZB,54.87711929675466,53011721,415,17651284,107485000
11518,2024-10-13,ZB,1:남성,2024,01_시즌,당해년도,사계절,수트,수트팬츠,수트_수트팬츠_ZB,55.45695685062688,30246991,449,9442320,62411000
11519,2024-10-13,ZB,1:남성,2024,01_시즌,당해년도,사계절,우븐 셔츠,드레스셔츠,우븐 셔츠_드레스셔츠_ZB,61.42183649489613,93692300,3271,25363436,258409000
11520,2024-10-13,ZB,1:남성,2024,02_이월,당해년도,봄,니트 셔츠,라운드,니트 셔츠_라운드_ZB,67.45940416826494,2686000,94,631944,8206000
11521,2024-10-13,ZB,1:남성,2024,02_이월,당해년도,봄,수트,블레이져(수트),수트_블레이져(수트)_ZB,56.98924731182796,2760000,23,1172354,6417000
11522,2024-10-13,ZB,1:남성,2024,02_이월,당해년도,봄,수트,수트팬츠,수트_수트팬츠_ZB,46.97986577181208,1975000,25,634790,3725000
11523,2024-10-13,ZB,1:남성,2024,02_이월,당해년도,봄,스웨터,T-에리,스웨터_T-에리_ZB,70.70707070707071,1827000,63,942013,6237000
11524,2024-10-13,ZB,1:남성,2024,02_이월,당해년도,봄,스웨터,라운드,스웨터_라운드_ZB,70.70707070707071,2900000,100,1606605,9900000
11525,2024-10-13,ZB,1:남성,2024,02_이월,당해년도,봄,스웨터,오픈형(CARDIGAN),스웨터_오픈형(CARDIGAN)_ZB,75.47169811320755,1716000,44,829799,6996000
11526,2024-10-13,ZB,1:남성,2024,02_이월,당해년도,봄,자켓,싱글재킷,자켓_싱글재킷_ZB,68.45039018952062,2830000,30,886462,8970000
11527,2024-10-13,ZB,1:남성,2024,02_이월,당해년도,봄,코트,싱글코트,코트_싱글코트_ZB,64.79933110367892,842000,8,341995,2392000
11529,2024-10-13,ZB,1:남성,2024,02_이월,당해년도,여름,니트 셔츠,라운드,니트 셔츠_라운드_ZB,75.86563167270282,5554200,291,1626665,22989000
11531,2024-10-13,ZB,1:남성,2024,02_이월,당해년도,여름,수트,블레이져(수트),수트_블레이져(수트)_ZB,68.71906468680662,2990000,34,1815977,9486000
11532,2024-10-13,ZB,1:남성,2024,02_이월,당해년도,여름,수트,수트팬츠,수트_수트팬츠_ZB,55.28922978587409,2482000,38,1040243,5662000
11533,2024-10-13,ZB,1:남성,2024,02_이월,당해년도,여름,스웨터,T-에리,스웨터_T-에리_ZB,62.66084403528224,1568711,47,530518,4203000
11534,2024-10-13,ZB,1:남성,2024,02_이월,당해년도,여름,스웨터,라운드,스웨터_라운드_ZB,68.51284379374268,232000,8,117031,722000
11537,2024-10-13,ZB,1:남성,2024,02_이월,당해년도,여름,팬츠,반바지,팬츠_반바지_ZB,75.9493670886076,266000,14,109845,1106000
11540,2024-10-13,ZB,3:남녀공용,2024,02_이월,당해년도,여름,니트 셔츠,라운드,니트 셔츠_라운드_ZB,76.20350150693189,3265485,174,1513847,13746000
11581,2024-10-20,ZA,1:남성,2024,02_이월,당해년도,여름,우븐 셔츠,캐쥬얼셔츠,우븐 셔츠_캐쥬얼셔츠_ZA,49.73341004986575,334450,9,84471,751000
11586,2024-10-20,ZB,1:남성,2024,01_시즌,당해년도,가을,니트 셔츠,라운드,니트 셔츠_라운드_ZB,75.9493670886076,551000,29,179821,2291000
11588,2024-10-20,ZB,1:남성,2024,01_시즌,당해년도,가을,수트,블레이져(수트),수트_블레이져(수트)_ZB,45.65191000051024,61203200,401,19933374,111879000
11589,2024-10-20,ZB,1:남성,2024,01_시즌,당해년도,가을,수트,수트팬츠,수트_수트팬츠_ZB,55.31922106469724,29887900,447,11218992,66603000
11590,2024-10-20,ZB,1:남성,2024,01_시즌,당해년도,가을,스웨터,T-에리,스웨터_T-에리_ZB,56.17977528089887,273000,7,132233,623000
11593,2024-10-20,ZB,1:남성,2024,01_시즌,당해년도,겨울,니트 셔츠,라운드,니트 셔츠_라운드_ZB,43.53493637462145,24128900,555,4094893,41845000
11596,2024-10-20,ZB,1:남성,2024,01_시즌,당해년도,겨울,수트,블레이져(수트),수트_블레이져(수트)_ZB,20.729791662077066,105092460,475,24513851,132525000
11597,2024-10-20,ZB,1:남성,2024,01_시즌,당해년도,겨울,수트,수트팬츠,수트_수트팬츠_ZB,20.703114128496598,58899360,498,12914596,74202000
11598,2024-10-20,ZB,1:남성,2024,01_시즌,당해년도,겨울,스웨터,T-에리,스웨터_T-에리_ZB,40.83177013162502,53558750,914,12548300,90486000
11601,2024-10-20,ZB,1:남성,2024,01_시즌,당해년도,겨울,스웨터,라운드,스웨터_라운드_ZB,42.59483480359455,47266350,813,11931961,80487000
11604,2024-10-20,ZB,1:남성,2024,01_시즌,당해년도,겨울,점퍼,패딩점퍼,점퍼_패딩점퍼_ZB,21.06430155210643,9774000,52,1751280,12398000
11605,2024-10-20,ZB,1:남성,2024,01_시즌,당해년도,겨울,조끼,패딩베스트,조끼_패딩베스트_ZB,39.5394803757089,6456100,69,1423624,10321000
11606,2024-10-20,ZB,1:남성,2024,01_시즌,당해년도,겨울,코트,싱글코트,코트_싱글코트_ZB,22.137318345270288,29752630,111,6666518,38739000
11609,2024-10-20,ZB,1:남성,2024,01_시즌,당해년도,사계절,데님,데님팬츠,데님_데님팬츠_ZB,42.099544431329946,13190570,213,3455928,21087000
11610,2024-10-20,ZB,1:남성,2024,01_시즌,당해년도,사계절,수트,블레이져(수트),수트_블레이져(수트)_ZB,55.0488646780973,44281448,361,15371290,93499000
11611,2024-10-20,ZB,1:남성,2024,01_시즌,당해년도,사계절,수트,수트팬츠,수트_수트팬츠_ZB,55.60807263691309,27530396,438,9174130,60882000
11612,2024-10-20,ZB,1:남성,2024,01_시즌,당해년도,사계절,우븐 셔츠,드레스셔츠,우븐 셔츠_드레스셔츠_ZB,59.128752106399965,93783200,3133,24348780,247507000
11613,2024-10-20,ZB,1:남성,2024,02_이월,당해년도,봄,니트 셔츠,라운드,니트 셔츠_라운드_ZB,68.85736889692586,2026000,74,498143,6486000
11614,2024-10-20,ZB,1:남성,2024,02_이월,당해년도,봄,수트,블레이져(수트),수트_블레이져(수트)_ZB,52.68817204301075,1320000,10,509719,2790000
11615,2024-10-20,ZB,1:남성,2024,02_이월,당해년도,봄,수트,수트팬츠,수트_수트팬츠_ZB,42.561521252796425,632000,7,176210,1043000
11616,2024-10-20,ZB,1:남성,2024,02_이월,당해년도,봄,스웨터,T-에리,스웨터_T-에리_ZB,70.70707070707071,1566000,54,807440,5346000
11617,2024-10-20,ZB,1:남성,2024,02_이월,당해년도,봄,스웨터,라운드,스웨터_라운드_ZB,70.70707070707071,3393000,117,1899022,11583000
11618,2024-10-20,ZB,1:남성,2024,02_이월,당해년도,봄,스웨터,오픈형(CARDIGAN),스웨터_오픈형(CARDIGAN)_ZB,75.47169811320755,663000,17,323344,2703000
11619,2024-10-20,ZB,1:남성,2024,02_이월,당해년도,봄,자켓,싱글재킷,자켓_싱글재킷_ZB,69.46231026498585,2374000,26,768267,7774000
11620,2024-10-20,ZB,1:남성,2024,02_이월,당해년도,봄,코트,싱글코트,코트_싱글코트_ZB,84.39897698209718,-793000,-17,-726740,-5083000
11622,2024-10-20,ZB,1:남성,2024,02_이월,당해년도,여름,니트 셔츠,라운드,니트 셔츠_라운드_ZB,75.89556962025317,961200,12,63686,948000
11624,2024-10-20,ZB,1:남성,2024,02_이월,당해년도,여름,수트,블레이져(수트),수트_블레이져(수트)_ZB,52.59940636200717,2033800,20,1075714,5580000
11625,2024-10-20,ZB,1:남성,2024,02_이월,당해년도,여름,수트,수트팬츠,수트_수트팬츠_ZB,50.79395041014169,1418800,21,578597,3129000
11626,2024-10-20,ZB,1:남성,2024,02_이월,당해년도,여름,스웨터,T-에리,스웨터_T-에리_ZB,14.339887640449437,393950,3,46979,257000
11627,2024-10-20,ZB,1:남성,2024,02_이월,당해년도,여름,스웨터,라운드,스웨터_라운드_ZB,120.81460674157304,-23050,3,42854,267000
11630,2024-10-20,ZB,1:남성,2024,02_이월,당해년도,여름,팬츠,반바지,팬츠_반바지_ZB,93.9873417721519,114000,3,26117,237000
11633,2024-10-20,ZB,3:남녀공용,2024,02_이월,당해년도,여름,니트 셔츠,라운드,니트 셔츠_라운드_ZB,53.64173112986404,1131250,30,252616,2370000
11674,2024-10-27,ZA,1:남성,2024,02_이월,당해년도,여름,우븐 셔츠,캐쥬얼셔츠,우븐 셔츠_캐쥬얼셔츠_ZA,60.60606060606061,-39000,-1,-9254,-99000
11679,2024-10-27,ZB,1:남성,2024,01_시즌,당해년도,가을,니트 셔츠,라운드,니트 셔츠_라운드_ZB,75.9493670886076,703000,37,226306,2923000
11681,2024-10-27,ZB,1:남성,2024,01_시즌,당해년도,가을,수트,블레이져(수트),수트_블레이져(수트)_ZB,55.59983149048506,66147500,528,26222099,147312000
11682,2024-10-27,ZB,1:남성,2024,01_시즌,당해년도,가을,수트,수트팬츠,수트_수트팬츠_ZB,63.89781675699237,29237100,528,13250391,78672000
11683,2024-10-27,ZB,1:남성,2024,01_시즌,당해년도,가을,스웨터,T-에리,스웨터_T-에리_ZB,56.17977528089887,351000,9,170013,801000
11686,2024-10-27,ZB,1:남성,2024,01_시즌,당해년도,겨울,니트 셔츠,라운드,니트 셔츠_라운드_ZB,56.93545637634701,24572800,753,5744831,58647000
11689,2024-10-27,ZB,1:남성,2024,01_시즌,당해년도,겨울,수트,블레이져(수트),수트_블레이져(수트)_ZB,25.25474205069165,125789940,604,31320631,168516000
11690,2024-10-27,ZB,1:남성,2024,01_시즌,당해년도,겨울,수트,수트팬츠,수트_수트팬츠_ZB,25.19928105744918,71507480,642,16756040,95658000
11691,2024-10-27,ZB,1:남성,2024,01_시즌,당해년도,겨울,스웨터,T-에리,스웨터_T-에리_ZB,39.55437541439981,48920600,818,11285476,80982000
11694,2024-10-27,ZB,1:남성,2024,01_시즌,당해년도,겨울,스웨터,라운드,스웨터_라운드_ZB,40.61362785610641,51679900,879,12872956,87021000
11697,2024-10-27,ZB,1:남성,2024,01_시즌,당해년도,겨울,점퍼,패딩점퍼,점퍼_패딩점퍼_ZB,30.990188448994665,26967460,162,5750294,40938000
11698,2024-10-27,ZB,1:남성,2024,01_시즌,당해년도,겨울,조끼,패딩베스트,조끼_패딩베스트_ZB,58.45456700972712,6345100,132,2224961,16088000
11699,2024-10-27,ZB,1:남성,2024,01_시즌,당해년도,겨울,코트,싱글코트,코트_싱글코트_ZB,25.061421570425807,42437260,161,9790812,57089000
11702,2024-10-27,ZB,1:남성,2024,01_시즌,당해년도,사계절,데님,데님팬츠,데님_데님팬츠_ZB,42.434025748970846,10987212,189,3048914,18711000
11703,2024-10-27,ZB,1:남성,2024,01_시즌,당해년도,사계절,수트,블레이져(수트),수트_블레이져(수트)_ZB,57.77783389105546,47354153,384,16331205,99456000
11704,2024-10-27,ZB,1:남성,2024,01_시즌,당해년도,사계절,수트,수트팬츠,수트_수트팬츠_ZB,58.056218244720114,27380328,422,8873287,58658000
11705,2024-10-27,ZB,1:남성,2024,01_시즌,당해년도,사계절,우븐 셔츠,드레스셔츠,우븐 셔츠_드레스셔츠_ZB,62.52813689328401,94729530,3279,25490471,259041000
11706,2024-10-27,ZB,1:남성,2024,02_이월,당해년도,봄,니트 셔츠,라운드,니트 셔츠_라운드_ZB,66.99910497378852,2204000,76,517222,6884000
11707,2024-10-27,ZB,1:남성,2024,02_이월,당해년도,봄,수트,블레이져(수트),수트_블레이져(수트)_ZB,56.98924731182796,840000,7,356803,1953000
11708,2024-10-27,ZB,1:남성,2024,02_이월,당해년도,봄,수트,수트팬츠,수트_수트팬츠_ZB,38.14317673378076,553000,6,152860,894000
11709,2024-10-27,ZB,1:남성,2024,02_이월,당해년도,봄,스웨터,T-에리,스웨터_T-에리_ZB,71.56308851224105,1661000,59,882203,5841000
11710,2024-10-27,ZB,1:남성,2024,02_이월,당해년도,봄,스웨터,라운드,스웨터_라운드_ZB,71.27278179909759,2000000,70,1137685,6930000
11711,2024-10-27,ZB,1:남성,2024,02_이월,당해년도,봄,스웨터,오픈형(CARDIGAN),스웨터_오픈형(CARDIGAN)_ZB,77.9874213836478,522000,14,265132,2226000
11712,2024-10-27,ZB,1:남성,2024,02_이월,당해년도,봄,자켓,싱글재킷,자켓_싱글재킷_ZB,66.88963210702342,1386000,14,413682,4186000
11713,2024-10-27,ZB,1:남성,2024,02_이월,당해년도,봄,코트,싱글코트,코트_싱글코트_ZB,56.8561872909699,645000,5,213747,1495000
11715,2024-10-27,ZB,1:남성,2024,02_이월,당해년도,여름,니트 셔츠,라운드,니트 셔츠_라운드_ZB,74.96722423146474,442450,21,126756,1659000
11717,2024-10-27,ZB,1:남성,2024,02_이월,당해년도,여름,수트,블레이져(수트),수트_블레이져(수트)_ZB,0.0,0,0,0,0
11718,2024-10-27,ZB,1:남성,2024,02_이월,당해년도,여름,수트,수트팬츠,수트_수트팬츠_ZB,0.0,0,0,0,0
11719,2024-10-27,ZB,1:남성,2024,02_이월,당해년도,여름,스웨터,T-에리,스웨터_T-에리_ZB,100.0,0,-3,-28728,-267000
11720,2024-10-27,ZB,1:남성,2024,02_이월,당해년도,여름,스웨터,라운드,스웨터_라운드_ZB,0.0,0,0,0,0
11723,2024-10-27,ZB,1:남성,2024,02_이월,당해년도,여름,팬츠,반바지,팬츠_반바지_ZB,75.9493670886076,19000,1,7478,79000
11726,2024-10-27,ZB,3:남녀공용,2024,02_이월,당해년도,여름,니트 셔츠,라운드,니트 셔츠_라운드_ZB,60.24261603375528,681450,23,205365,1817000
11767,2024-11-03,ZA,1:남성,2024,02_이월,당해년도,여름,우븐 셔츠,캐쥬얼셔츠,우븐 셔츠_캐쥬얼셔츠_ZA,71.06056344031028,140810,5,46237,455000
11772,2024-11-03,ZB,1:남성,2024,01_시즌,당해년도,가을,니트 셔츠,라운드,니트 셔츠_라운드_ZB,83.5675105485232,1235350,80,547952,6320000
11774,2024-11-03,ZB,1:남성,2024,01_시즌,당해년도,가을,수트,블레이져(수트),수트_블레이져(수트)_ZB,59.98719551682793,55721950,498,24743427,138942000
11775,2024-11-03,ZB,1:남성,2024,01_시즌,당해년도,가을,수트,수트팬츠,수트_수트팬츠_ZB,65.77688874827564,26831050,525,13172419,78225000
11776,2024-11-03,ZB,1:남성,2024,01_시즌,당해년도,가을,스웨터,T-에리,스웨터_T-에리_ZB,107.6209086468002,156000,-23,-434478,-2047000
11779,2024-11-03,ZB,1:남성,2024,01_시즌,당해년도,겨울,니트 셔츠,라운드,니트 셔츠_라운드_ZB,54.45687721668011,28771140,843,6199718,64117000
11782,2024-11-03,ZB,1:남성,2024,01_시즌,당해년도,겨울,수트,블레이져(수트),수트_블레이져(수트)_ZB,27.776914159773305,145309500,724,37648742,201996000
11783,2024-11-03,ZB,1:남성,2024,01_시즌,당해년도,겨울,수트,수트팬츠,수트_수트팬츠_ZB,27.44979778250528,81194810,757,19787661,112793000
11784,2024-11-03,ZB,1:남성,2024,01_시즌,당해년도,겨울,스웨터,T-에리,스웨터_T-에리_ZB,47.872193928451104,46970650,909,12385663,89991000
11787,2024-11-03,ZB,1:남성,2024,01_시즌,당해년도,겨울,스웨터,라운드,스웨터_라운드_ZB,47.35010806937832,55527370,1070,15690986,105930000
11790,2024-11-03,ZB,1:남성,2024,01_시즌,당해년도,겨울,점퍼,패딩점퍼,점퍼_패딩점퍼_ZB,43.16998231071544,47811190,313,11945387,85487000
11791,2024-11-03,ZB,1:남성,2024,01_시즌,당해년도,겨울,조끼,패딩베스트,조끼_패딩베스트_ZB,55.53876846548319,15382550,264,4954342,35876000
11792,2024-11-03,ZB,1:남성,2024,01_시즌,당해년도,겨울,코트,싱글코트,코트_싱글코트_ZB,39.57262366442421,77824760,345,21414094,124905000
11795,2024-11-03,ZB,1:남성,2024,01_시즌,당해년도,사계절,데님,데님팬츠,데님_데님팬츠_ZB,38.57993431710008,9603094,142,2333912,14058000
11796,2024-11-03,ZB,1:남성,2024,01_시즌,당해년도,사계절,수트,블레이져(수트),수트_블레이져(수트)_ZB,54.75429091281365,46282265,362,15398636,93758000
11797,2024-11-03,ZB,1:남성,2024,01_시즌,당해년도,사계절,수트,수트팬츠,수트_수트팬츠_ZB,55.84740005063398,27561180,419,8801402,58241000
11798,2024-11-03,ZB,1:남성,2024,01_시즌,당해년도,사계절,우븐 셔츠,드레스셔츠,우븐 셔츠_드레스셔츠_ZB,59.69286261954648,103405540,3568,27922610,281872000
11799,2024-11-03,ZB,1:남성,2024,02_이월,당해년도,봄,니트 셔츠,라운드,니트 셔츠_라운드_ZB,69.62794765009954,1159700,44,294666,3796000
11800,2024-11-03,ZB,1:남성,2024,02_이월,당해년도,봄,수트,블레이져(수트),수트_블레이져(수트)_ZB,56.98924731182796,1080000,9,458747,2511000
11801,2024-11-03,ZB,1:남성,2024,02_이월,당해년도,봄,수트,수트팬츠,수트_수트팬츠_ZB,46.97986577181208,632000,8,203813,1192000
11802,2024-11-03,ZB,1:남성,2024,02_이월,당해년도,봄,스웨터,T-에리,스웨터_T-에리_ZB,76.14306328592043,1157300,49,732677,4851000
11803,2024-11-03,ZB,1:남성,2024,02_이월,당해년도,봄,스웨터,라운드,스웨터_라운드_ZB,74.10213243546576,2224000,86,1385836,8514000
11804,2024-11-03,ZB,1:남성,2024,02_이월,당해년도,봄,스웨터,오픈형(CARDIGAN),스웨터_오픈형(CARDIGAN)_ZB,75.47169811320755,234000,6,109136,954000
11805,2024-11-03,ZB,1:남성,2024,02_이월,당해년도,봄,자켓,싱글재킷,자켓_싱글재킷_ZB,66.88963210702342,1683000,17,502329,5083000
11806,2024-11-03,ZB,1:남성,2024,02_이월,당해년도,봄,코트,싱글코트,코트_싱글코트_ZB,56.8561872909699,258000,2,85499,598000
11808,2024-11-03,ZB,1:남성,2024,02_이월,당해년도,여름,니트 셔츠,라운드,니트 셔츠_라운드_ZB,70.3296635989572,1297900,57,308285,4503000
11810,2024-11-03,ZB,1:남성,2024,02_이월,당해년도,여름,수트,블레이져(수트),수트_블레이져(수트)_ZB,67.96594982078852,1790000,20,1051053,5580000
11811,2024-11-03,ZB,1:남성,2024,02_이월,당해년도,여름,수트,수트팬츠,수트_수트팬츠_ZB,54.312919463087255,2200950,32,860295,4768000
11812,2024-11-03,ZB,1:남성,2024,02_이월,당해년도,여름,스웨터,T-에리,스웨터_T-에리_ZB,113.42070990806944,484970,-7,-176703,-583000
11813,2024-11-03,ZB,1:남성,2024,02_이월,당해년도,여름,스웨터,라운드,스웨터_라운드_ZB,52.55084958736644,592850,14,212676,1286000
11816,2024-11-03,ZB,1:남성,2024,02_이월,당해년도,여름,팬츠,반바지,팬츠_반바지_ZB,75.9493670886076,304000,16,122590,1264000
11819,2024-11-03,ZB,3:남녀공용,2024,02_이월,당해년도,여름,니트 셔츠,라운드,니트 셔츠_라운드_ZB,inf,1191840,46,399188,3634000
11860,2024-11-10,ZA,1:남성,2024,02_이월,당해년도,여름,우븐 셔츠,캐쥬얼셔츠,우븐 셔츠_캐쥬얼셔츠_ZA,63.78404296125815,143100,4,37000,376000
11865,2024-11-10,ZB,1:남성,2024,01_시즌,당해년도,가을,니트 셔츠,라운드,니트 셔츠_라운드_ZB,79.01911083667798,656142,45,237706,3555000
11867,2024-11-10,ZB,1:남성,2024,01_시즌,당해년도,가을,수트,블레이져(수트),수트_블레이져(수트)_ZB,60.43550650411503,34566900,314,15693084,87606000
11868,2024-11-10,ZB,1:남성,2024,01_시즌,당해년도,가을,수트,수트팬츠,수트_수트팬츠_ZB,66.0395741726452,16578700,329,8286054,49021000
11869,2024-11-10,ZB,1:남성,2024,01_시즌,당해년도,가을,스웨터,T-에리,스웨터_T-에리_ZB,0.0,0,0,0,0
11872,2024-11-10,ZB,1:남성,2024,01_시즌,당해년도,겨울,니트 셔츠,라운드,니트 셔츠_라운드_ZB,56.41724217253413,24380347,726,5574997,56774000
11875,2024-11-10,ZB,1:남성,2024,01_시즌,당해년도,겨울,수트,블레이져(수트),수트_블레이져(수트)_ZB,27.01041181678389,137753460,682,35452856,190278000
11876,2024-11-10,ZB,1:남성,2024,01_시즌,당해년도,겨울,수트,수트팬츠,수트_수트팬츠_ZB,27.38397367804388,76076420,705,18409108,105045000
11877,2024-11-10,ZB,1:남성,2024,01_시즌,당해년도,겨울,스웨터,T-에리,스웨터_T-에리_ZB,51.66173416225888,46177482,965,13162275,95535000
11880,2024-11-10,ZB,1:남성,2024,01_시즌,당해년도,겨울,스웨터,라운드,스웨터_라운드_ZB,51.043083961998015,56435300,1159,17084115,114741000
11883,2024-11-10,ZB,1:남성,2024,01_시즌,당해년도,겨울,점퍼,패딩점퍼,점퍼_패딩점퍼_ZB,49.98392740172663,80647660,634,23979558,171466000
11884,2024-11-10,ZB,1:남성,2024,01_시즌,당해년도,겨울,조끼,패딩베스트,조끼_패딩베스트_ZB,59.26257023285744,24930700,528,9186136,66452000
11885,2024-11-10,ZB,1:남성,2024,01_시즌,당해년도,겨울,코트,싱글코트,코트_싱글코트_ZB,48.48444279321177,154231440,933,58962360,349217000
11888,2024-11-10,ZB,1:남성,2024,01_시즌,당해년도,사계절,데님,데님팬츠,데님_데님팬츠_ZB,57.85254815131572,15588953,328,5884682,32472000
11889,2024-11-10,ZB,1:남성,2024,01_시즌,당해년도,사계절,수트,블레이져(수트),수트_블레이져(수트)_ZB,53.99391191104674,38952970,297,12628791,76923000
11890,2024-11-10,ZB,1:남성,2024,01_시즌,당해년도,사계절,수트,수트팬츠,수트_수트팬츠_ZB,54.7610384196483,22484832,325,6834547,45175000
11891,2024-11-10,ZB,1:남성,2024,01_시즌,당해년도,사계절,우븐 셔츠,드레스셔츠,우븐 셔츠_드레스셔츠_ZB,63.11516379735691,86253740,3013,23483546,238027000
11892,2024-11-10,ZB,1:남성,2024,02_이월,당해년도,봄,니트 셔츠,라운드,니트 셔츠_라운드_ZB,69.24066615522312,1628000,62,410901,5178000
11893,2024-11-10,ZB,1:남성,2024,02_이월,당해년도,봄,수트,블레이져(수트),수트_블레이져(수트)_ZB,57.220843672456574,1551600,13,662635,3627000
11894,2024-11-10,ZB,1:남성,2024,02_이월,당해년도,봄,수트,수트팬츠,수트_수트팬츠_ZB,47.981414558595766,1007600,13,331197,1937000
11895,2024-11-10,ZB,1:남성,2024,02_이월,당해년도,봄,스웨터,T-에리,스웨터_T-에리_ZB,73.06834579561853,2053000,77,1151350,7623000
11896,2024-11-10,ZB,1:남성,2024,02_이월,당해년도,봄,스웨터,라운드,스웨터_라운드_ZB,74.91021324354658,3115000,126,2040351,12474000
11897,2024-11-10,ZB,1:남성,2024,02_이월,당해년도,봄,스웨터,오픈형(CARDIGAN),스웨터_오픈형(CARDIGAN)_ZB,75.47169811320755,975000,25,434379,3975000
11898,2024-11-10,ZB,1:남성,2024,02_이월,당해년도,봄,자켓,싱글재킷,자켓_싱글재킷_ZB,78.03790412486065,197000,3,88646,897000
11899,2024-11-10,ZB,1:남성,2024,02_이월,당해년도,봄,코트,싱글코트,코트_싱글코트_ZB,56.8561872909699,258000,2,85499,598000
11901,2024-11-10,ZB,1:남성,2024,02_이월,당해년도,여름,니트 셔츠,라운드,니트 셔츠_라운드_ZB,67.06666666666668,853100,36,193561,2844000
11903,2024-11-10,ZB,1:남성,2024,02_이월,당해년도,여름,수트,블레이져(수트),수트_블레이져(수트)_ZB,69.08602150537635,520000,6,316256,1674000
11904,2024-11-10,ZB,1:남성,2024,02_이월,당해년도,여름,수트,수트팬츠,수트_수트팬츠_ZB,-inf,394000,1,29864,149000
11905,2024-11-10,ZB,1:남성,2024,02_이월,당해년도,여름,스웨터,T-에리,스웨터_T-에리_ZB,59.92117807286347,1458050,36,509227,3274000
11906,2024-11-10,ZB,1:남성,2024,02_이월,당해년도,여름,스웨터,라운드,스웨터_라운드_ZB,56.55459085234367,1448100,37,576956,3343000
11909,2024-11-10,ZB,1:남성,2024,02_이월,당해년도,여름,팬츠,반바지,팬츠_반바지_ZB,75.04520795660036,352000,18,139756,1422000
11912,2024-11-10,ZB,3:남녀공용,2024,02_이월,당해년도,여름,니트 셔츠,라운드,니트 셔츠_라운드_ZB,59.61695675105485,1802100,57,477489,4503000
11953,2024-11-17,ZA,1:남성,2024,02_이월,당해년도,여름,우븐 셔츠,캐쥬얼셔츠,우븐 셔츠_캐쥬얼셔츠_ZA,60.60606060606061,78000,2,18509,198000
11958,2024-11-17,ZB,1:남성,2024,01_시즌,당해년도,가을,니트 셔츠,라운드,니트 셔츠_라운드_ZB,82.40250265726156,1821165,131,670488,10349000
11960,2024-11-17,ZB,1:남성,2024,01_시즌,당해년도,가을,수트,블레이져(수트),수트_블레이져(수트)_ZB,60.830881815601686,27190600,249,12416462,69471000
11961,2024-11-17,ZB,1:남성,2024,01_시즌,당해년도,가을,수트,수트팬츠,수트_수트팬츠_ZB,66.31418126261799,13629500,272,6839098,40528000
11962,2024-11-17,ZB,1:남성,2024,01_시즌,당해년도,가을,스웨터,T-에리,스웨터_T-에리_ZB,56.17977528089887,39000,1,18890,89000
11965,2024-11-17,ZB,1:남성,2024,01_시즌,당해년도,겨울,니트 셔츠,라운드,니트 셔츠_라운드_ZB,58.64918088108671,30002747,930,7493612,75930000
11968,2024-11-17,ZB,1:남성,2024,01_시즌,당해년도,겨울,수트,블레이져(수트),수트_블레이져(수트)_ZB,27.50461496426528,129331510,642,33535534,179118000
11969,2024-11-17,ZB,1:남성,2024,01_시즌,당해년도,겨울,수트,수트팬츠,수트_수트팬츠_ZB,27.459279042601302,72458700,672,17631617,100128000
11970,2024-11-17,ZB,1:남성,2024,01_시즌,당해년도,겨울,스웨터,T-에리,스웨터_T-에리_ZB,53.02054068221733,49133450,1056,14266067,104544000
11973,2024-11-17,ZB,1:남성,2024,01_시즌,당해년도,겨울,스웨터,라운드,스웨터_라운드_ZB,52.86305042822652,61564712,1311,18926504,129789000
11976,2024-11-17,ZB,1:남성,2024,01_시즌,당해년도,겨울,점퍼,패딩점퍼,점퍼_패딩점퍼_ZB,55.97489003069809,93220660,776,29684464,212524000
11977,2024-11-17,ZB,1:남성,2024,01_시즌,당해년도,겨울,조끼,패딩베스트,조끼_패딩베스트_ZB,59.33950829158693,21693051,473,8096609,58557000
11978,2024-11-17,ZB,1:남성,2024,01_시즌,당해년도,겨울,코트,싱글코트,코트_싱글코트_ZB,48.32393457481637,137309393,838,52639857,309062000
11981,2024-11-17,ZB,1:남성,2024,01_시즌,당해년도,사계절,데님,데님팬츠,데님_데님팬츠_ZB,62.02460609565873,9281289,234,4044366,23166000
11982,2024-11-17,ZB,1:남성,2024,01_시즌,당해년도,사계절,수트,블레이져(수트),수트_블레이져(수트)_ZB,56.47711659923132,38760529,299,12708861,77441000
11983,2024-11-17,ZB,1:남성,2024,01_시즌,당해년도,사계절,수트,수트팬츠,수트_수트팬츠_ZB,56.84398851488005,23346362,345,7260570,47955000
11984,2024-11-17,ZB,1:남성,2024,01_시즌,당해년도,사계절,우븐 셔츠,드레스셔츠,우븐 셔츠_드레스셔츠_ZB,62.33318581560247,76580619,2638,20559005,208402000
11985,2024-11-17,ZB,1:남성,2024,02_이월,당해년도,봄,니트 셔츠,라운드,니트 셔츠_라운드_ZB,69.18098372129019,1348000,51,338747,4289000
11986,2024-11-17,ZB,1:남성,2024,02_이월,당해년도,봄,수트,블레이져(수트),수트_블레이져(수트)_ZB,56.98924731182796,2520000,21,1070410,5859000
11987,2024-11-17,ZB,1:남성,2024,02_이월,당해년도,봄,수트,수트팬츠,수트_수트팬츠_ZB,46.97986577181208,1343000,17,433104,2533000
11988,2024-11-17,ZB,1:남성,2024,02_이월,당해년도,봄,스웨터,T-에리,스웨터_T-에리_ZB,76.4833520389076,6286000,270,4037200,26730000
11989,2024-11-17,ZB,1:남성,2024,02_이월,당해년도,봄,스웨터,라운드,스웨터_라운드_ZB,76.04738042922708,4081000,169,2749300,16731000
11990,2024-11-17,ZB,1:남성,2024,02_이월,당해년도,봄,스웨터,오픈형(CARDIGAN),스웨터_오픈형(CARDIGAN)_ZB,75.47169811320755,1989000,51,929110,8109000
11991,2024-11-17,ZB,1:남성,2024,02_이월,당해년도,봄,자켓,싱글재킷,자켓_싱글재킷_ZB,66.88963210702342,990000,10,295487,2990000
11992,2024-11-17,ZB,1:남성,2024,02_이월,당해년도,봄,코트,싱글코트,코트_싱글코트_ZB,-inf,30000,0,0,0
11994,2024-11-17,ZB,1:남성,2024,02_이월,당해년도,여름,니트 셔츠,라운드,니트 셔츠_라운드_ZB,82.48945147679326,393000,25,139616,1975000
11996,2024-11-17,ZB,1:남성,2024,02_이월,당해년도,여름,수트,블레이져(수트),수트_블레이져(수트)_ZB,83.87096774193549,180000,0,7962,0
11997,2024-11-17,ZB,1:남성,2024,02_이월,당해년도,여름,수트,수트팬츠,수트_수트팬츠_ZB,16.531040268456376,199950,3,87830,447000
11998,2024-11-17,ZB,1:남성,2024,02_이월,당해년도,여름,스웨터,T-에리,스웨터_T-에리_ZB,56.17977528089887,39000,1,15344,89000
11999,2024-11-17,ZB,1:남성,2024,02_이월,당해년도,여름,스웨터,라운드,스웨터_라운드_ZB,-inf,87950,2,32710,178000
12002,2024-11-17,ZB,1:남성,2024,02_이월,당해년도,여름,팬츠,반바지,팬츠_반바지_ZB,71.9409282700422,19000,0,2210,0
12005,2024-11-17,ZB,3:남녀공용,2024,02_이월,당해년도,여름,니트 셔츠,라운드,니트 셔츠_라운드_ZB,6.550632911392405,563700,0,2764,0
12046,2024-11-24,ZA,1:남성,2024,02_이월,당해년도,여름,우븐 셔츠,캐쥬얼셔츠,우븐 셔츠_캐쥬얼셔츠_ZA,63.29113924050633,29000,1,9237,79000
12051,2024-11-24,ZB,1:남성,2024,01_시즌,당해년도,가을,니트 셔츠,라운드,니트 셔츠_라운드_ZB,79.57897755087768,2439004,183,940330,14457000
12053,2024-11-24,ZB,1:남성,2024,01_시즌,당해년도,가을,수트,블레이져(수트),수트_블레이져(수트)_ZB,60.9784092848609,20481100,188,9419387,52452000
12054,2024-11-24,ZB,1:남성,2024,01_시즌,당해년도,가을,수트,수트팬츠,수트_수트팬츠_ZB,66.48597487523661,11045000,221,5544780,32929000
12055,2024-11-24,ZB,1:남성,2024,01_시즌,당해년도,가을,스웨터,T-에리,스웨터_T-에리_ZB,56.17977528089887,78000,2,37781,178000
12058,2024-11-24,ZB,1:남성,2024,01_시즌,당해년도,겨울,니트 셔츠,라운드,니트 셔츠_라운드_ZB,55.59523741966336,19571293,565,4452119,45375000
12061,2024-11-24,ZB,1:남성,2024,01_시즌,당해년도,겨울,수트,블레이져(수트),수트_블레이져(수트)_ZB,27.819024655225103,132770520,660,34487119,184140000
12062,2024-11-24,ZB,1:남성,2024,01_시즌,당해년도,겨울,수트,수트팬츠,수트_수트팬츠_ZB,27.67539786448393,73757980,686,18053301,102214000
12063,2024-11-24,ZB,1:남성,2024,01_시즌,당해년도,겨울,스웨터,T-에리,스웨터_T-에리_ZB,52.33064166987988,40126318,850,11491278,84150000
12066,2024-11-24,ZB,1:남성,2024,01_시즌,당해년도,겨울,스웨터,라운드,스웨터_라운드_ZB,52.63946000189407,56294669,1198,17387714,118602000
12069,2024-11-24,ZB,1:남성,2024,01_시즌,당해년도,겨울,점퍼,패딩점퍼,점퍼_패딩점퍼_ZB,53.86324644319716,122959892,865,35263458,255685000
12070,2024-11-24,ZB,1:남성,2024,01_시즌,당해년도,겨울,조끼,패딩베스트,조끼_패딩베스트_ZB,63.35744471974606,21812020,429,8250188,59761000
12071,2024-11-24,ZB,1:남성,2024,01_시즌,당해년도,겨울,코트,싱글코트,코트_싱글코트_ZB,51.46916528848879,205803654,1273,80454797,468777000
12074,2024-11-24,ZB,1:남성,2024,01_시즌,당해년도,사계절,데님,데님팬츠,데님_데님팬츠_ZB,56.572654198773385,7127887,153,2748098,15147000
12075,2024-11-24,ZB,1:남성,2024,01_시즌,당해년도,사계절,수트,블레이져(수트),수트_블레이져(수트)_ZB,57.46027208824327,29745508,251,10684618,65009000
12076,2024-11-24,ZB,1:남성,2024,01_시즌,당해년도,사계절,수트,수트팬츠,수트_수트팬츠_ZB,57.563487687262345,18015759,295,6182316,41005000
12077,2024-11-24,ZB,1:남성,2024,01_시즌,당해년도,사계절,우븐 셔츠,드레스셔츠,우븐 셔츠_드레스셔츠_ZB,64.29735993233506,80527700,2801,21884135,221279000
12078,2024-11-24,ZB,1:남성,2024,02_이월,당해년도,봄,니트 셔츠,라운드,니트 셔츠_라운드_ZB,69.10880961513874,212000,8,53117,672000
12079,2024-11-24,ZB,1:남성,2024,02_이월,당해년도,봄,수트,블레이져(수트),수트_블레이져(수트)_ZB,56.98924731182796,2280000,19,900682,5301000
12080,2024-11-24,ZB,1:남성,2024,02_이월,당해년도,봄,수트,수트팬츠,수트_수트팬츠_ZB,46.97986577181208,2054000,26,615606,3874000
12081,2024-11-24,ZB,1:남성,2024,02_이월,당해년도,봄,스웨터,T-에리,스웨터_T-에리_ZB,72.76468387579499,1456000,54,807440,5346000
12082,2024-11-24,ZB,1:남성,2024,02_이월,당해년도,봄,스웨터,라운드,스웨터_라운드_ZB,74.53321089684727,1942000,78,1269181,7722000
12083,2024-11-24,ZB,1:남성,2024,02_이월,당해년도,봄,스웨터,오픈형(CARDIGAN),스웨터_오픈형(CARDIGAN)_ZB,75.47169811320755,117000,3,51982,477000
12084,2024-11-24,ZB,1:남성,2024,02_이월,당해년도,봄,자켓,싱글재킷,자켓_싱글재킷_ZB,66.88963210702342,198000,2,59097,598000
12085,2024-11-24,ZB,1:남성,2024,02_이월,당해년도,봄,코트,싱글코트,코트_싱글코트_ZB,56.8561872909699,774000,6,256496,1794000
12087,2024-11-24,ZB,1:남성,2024,02_이월,당해년도,여름,니트 셔츠,라운드,니트 셔츠_라운드_ZB,75.9493670886076,171000,9,53378,711000
12089,2024-11-24,ZB,1:남성,2024,02_이월,당해년도,여름,수트,블레이져(수트),수트_블레이져(수트)_ZB,67.74193548387096,360000,4,213376,1116000
12090,2024-11-24,ZB,1:남성,2024,02_이월,당해년도,여름,수트,수트팬츠,수트_수트팬츠_ZB,53.69127516778524,138000,2,54641,298000
12091,2024-11-24,ZB,1:남성,2024,02_이월,당해년도,여름,스웨터,T-에리,스웨터_T-에리_ZB,-inf,225000,4,47965,366000
12092,2024-11-24,ZB,1:남성,2024,02_이월,당해년도,여름,스웨터,라운드,스웨터_라운드_ZB,56.17977528089887,156000,4,62314,356000
12095,2024-11-24,ZB,1:남성,2024,02_이월,당해년도,여름,팬츠,반바지,팬츠_반바지_ZB,0.0,0,0,0,0
12098,2024-11-24,ZB,3:남녀공용,2024,02_이월,당해년도,여름,니트 셔츠,라운드,니트 셔츠_라운드_ZB,63.29113924050633,348000,12,101724,948000
12139,2024-12-01,ZA,1:남성,2024,02_이월,당해년도,여름,우븐 셔츠,캐쥬얼셔츠,우븐 셔츠_캐쥬얼셔츠_ZA,0.0,0,0,0,0
12144,2024-12-01,ZB,1:남성,2024,01_시즌,당해년도,겨울,니트 셔츠,라운드,니트 셔츠_라운드_ZB,56.071296335737614,16223642,472,3689726,37748000
12147,2024-12-01,ZB,1:남성,2024,01_시즌,당해년도,겨울,수트,블레이져(수트),수트_블레이져(수트)_ZB,28.086373708476003,130966226,650,33988929,181350000
12148,2024-12-01,ZB,1:남성,2024,01_시즌,당해년도,겨울,수트,수트팬츠,수트_수트팬츠_ZB,28.114528106614227,72498610,675,17778929,100575000
12149,2024-12-01,ZB,1:남성,2024,01_시즌,당해년도,겨울,스웨터,T-에리,스웨터_T-에리_ZB,52.1488969399451,34156935,721,9715369,71379000
12152,2024-12-01,ZB,1:남성,2024,01_시즌,당해년도,겨울,스웨터,라운드,스웨터_라운드_ZB,52.20391756214072,53500120,1128,16518191,111672000
12155,2024-12-01,ZB,1:남성,2024,01_시즌,당해년도,겨울,점퍼,패딩점퍼,점퍼_패딩점퍼_ZB,56.58694772477994,138859502,950,41691562,304850000
12156,2024-12-01,ZB,1:남성,2024,01_시즌,당해년도,겨울,조끼,패딩베스트,조끼_패딩베스트_ZB,63.75180817982698,22987175,501,8928398,64609000
12157,2024-12-01,ZB,1:남성,2024,01_시즌,당해년도,겨울,코트,싱글코트,코트_싱글코트_ZB,51.9199141830025,194457824,1231,78442553,457219000
12160,2024-12-01,ZB,1:남성,2024,01_시즌,당해년도,사계절,데님,데님팬츠,데님_데님팬츠_ZB,-inf,7928779,182,3125970,18018000
12161,2024-12-01,ZB,1:남성,2024,01_시즌,당해년도,사계절,수트,블레이져(수트),수트_블레이져(수트)_ZB,56.1181041816635,24659185,194,8249558,50246000
12162,2024-12-01,ZB,1:남성,2024,01_시즌,당해년도,사계절,수트,수트팬츠,수트_수트팬츠_ZB,56.36357673860911,14514838,219,4604036,30441000
12163,2024-12-01,ZB,1:남성,2024,01_시즌,당해년도,사계절,우븐 셔츠,드레스셔츠,우븐 셔츠_드레스셔츠_ZB,62.069284664814894,89139440,2864,22446465,226256000
12164,2024-12-01,ZB,1:남성,2024,02_이월,당해년도,가을,니트 셔츠,라운드,니트 셔츠_라운드_ZB,82.02506001745962,3294447,232,1187430,18328000
12166,2024-12-01,ZB,1:남성,2024,02_이월,당해년도,가을,수트,블레이져(수트),수트_블레이져(수트)_ZB,58.14261095025731,12264000,106,5324328,29574000
12167,2024-12-01,ZB,1:남성,2024,02_이월,당해년도,가을,수트,수트팬츠,수트_수트팬츠_ZB,65.16306172361851,6758516,129,3236233,19221000
12168,2024-12-01,ZB,1:남성,2024,02_이월,당해년도,가을,스웨터,T-에리,스웨터_T-에리_ZB,56.17977528089887,-78000,-2,-37781,-178000
12171,2024-12-01,ZB,1:남성,2024,02_이월,당해년도,봄,니트 셔츠,라운드,니트 셔츠_라운드_ZB,67.45118453979214,425000,15,98208,1205000
12172,2024-12-01,ZB,1:남성,2024,02_이월,당해년도,봄,수트,블레이져(수트),수트_블레이져(수트)_ZB,56.98924731182796,3480000,29,1478185,8091000
12173,2024-12-01,ZB,1:남성,2024,02_이월,당해년도,봄,수트,수트팬츠,수트_수트팬츠_ZB,46.97986577181208,2291000,29,738824,4321000
12174,2024-12-01,ZB,1:남성,2024,02_이월,당해년도,봄,스웨터,T-에리,스웨터_T-에리_ZB,68.98395721925134,522000,17,254194,1683000
12175,2024-12-01,ZB,1:남성,2024,02_이월,당해년도,봄,스웨터,라운드,스웨터_라운드_ZB,70.65656565656566,320000,11,174055,1089000
12176,2024-12-01,ZB,1:남성,2024,02_이월,당해년도,봄,스웨터,오픈형(CARDIGAN),스웨터_오픈형(CARDIGAN)_ZB,75.47169811320755,273000,7,126072,1113000
12177,2024-12-01,ZB,1:남성,2024,02_이월,당해년도,봄,자켓,싱글재킷,자켓_싱글재킷_ZB,66.88963210702342,99000,1,29549,299000
12178,2024-12-01,ZB,1:남성,2024,02_이월,당해년도,봄,코트,싱글코트,코트_싱글코트_ZB,0.0,0,0,0,0
12180,2024-12-01,ZB,1:남성,2024,02_이월,당해년도,여름,니트 셔츠,라운드,니트 셔츠_라운드_ZB,0.0,0,0,0,0
12182,2024-12-01,ZB,1:남성,2024,02_이월,당해년도,여름,수트,블레이져(수트),수트_블레이져(수트)_ZB,0.0,0,0,0,0
12183,2024-12-01,ZB,1:남성,2024,02_이월,당해년도,여름,수트,수트팬츠,수트_수트팬츠_ZB,57.04697986577182,532000,8,214632,1192000
12184,2024-12-01,ZB,1:남성,2024,02_이월,당해년도,여름,스웨터,T-에리,스웨터_T-에리_ZB,130.95505617977528,55100,-2,-19152,-178000
12185,2024-12-01,ZB,1:남성,2024,02_이월,당해년도,여름,스웨터,라운드,스웨터_라운드_ZB,0.0,0,0,0,0
12188,2024-12-01,ZB,1:남성,2024,02_이월,당해년도,여름,팬츠,반바지,팬츠_반바지_ZB,75.9493670886076,19000,1,8214,79000
12191,2024-12-01,ZB,3:남녀공용,2024,02_이월,당해년도,여름,니트 셔츠,라운드,니트 셔츠_라운드_ZB,81.41350210970465,74150,5,44786,395000
12232,2024-12-08,ZA,1:남성,2024,02_이월,당해년도,여름,우븐 셔츠,캐쥬얼셔츠,우븐 셔츠_캐쥬얼셔츠_ZA,70.70707070707071,58000,2,18509,198000
12237,2024-12-08,ZB,1:남성,2024,01_시즌,당해년도,겨울,니트 셔츠,라운드,니트 셔츠_라운드_ZB,56.39863995681388,13375553,397,3076243,31443000
12240,2024-12-08,ZB,1:남성,2024,01_시즌,당해년도,겨울,수트,블레이져(수트),수트_블레이져(수트)_ZB,38.121077021809,105847815,612,32070502,170748000
12241,2024-12-08,ZB,1:남성,2024,01_시즌,당해년도,겨울,수트,수트팬츠,수트_수트팬츠_ZB,38.00447580128208,62824290,681,17922390,101469000
12242,2024-12-08,ZB,1:남성,2024,01_시즌,당해년도,겨울,스웨터,T-에리,스웨터_T-에리_ZB,54.003461271843626,23269940,509,6950219,50391000
12245,2024-12-08,ZB,1:남성,2024,01_시즌,당해년도,겨울,스웨터,라운드,스웨터_라운드_ZB,52.39023635265081,44232625,937,13531458,92763000
12248,2024-12-08,ZB,1:남성,2024,01_시즌,당해년도,겨울,점퍼,패딩점퍼,점퍼_패딩점퍼_ZB,67.49519055906914,123708819,1063,47742028,353637000
12249,2024-12-08,ZB,1:남성,2024,01_시즌,당해년도,겨울,조끼,패딩베스트,조끼_패딩베스트_ZB,66.80263060004086,12664300,253,5333561,38677000
12250,2024-12-08,ZB,1:남성,2024,01_시즌,당해년도,겨울,코트,싱글코트,코트_싱글코트_ZB,60.49137127682128,159639210,1169,74575341,429231000
12253,2024-12-08,ZB,1:남성,2024,01_시즌,당해년도,사계절,데님,데님팬츠,데님_데님팬츠_ZB,57.86295147239591,5800030,128,2270556,12672000
12254,2024-12-08,ZB,1:남성,2024,01_시즌,당해년도,사계절,수트,블레이져(수트),수트_블레이져(수트)_ZB,61.109725747685765,34642381,306,13012157,79254000
12255,2024-12-08,ZB,1:남성,2024,01_시즌,당해년도,사계절,수트,수트팬츠,수트_수트팬츠_ZB,61.792377082200105,20397092,341,7173731,47399000
12256,2024-12-08,ZB,1:남성,2024,01_시즌,당해년도,사계절,우븐 셔츠,드레스셔츠,우븐 셔츠_드레스셔츠_ZB,65.2969395220624,76773700,2658,20733127,209982000
12257,2024-12-08,ZB,1:남성,2024,02_이월,당해년도,가을,니트 셔츠,라운드,니트 셔츠_라운드_ZB,80.18354430379748,3201670,259,1329316,20461000
12259,2024-12-08,ZB,1:남성,2024,02_이월,당해년도,가을,수트,블레이져(수트),수트_블레이져(수트)_ZB,60.93189964157707,14715000,135,6810842,37665000
12260,2024-12-08,ZB,1:남성,2024,02_이월,당해년도,가을,수트,수트팬츠,수트_수트팬츠_ZB,66.5884111507847,7029902,141,3543173,21009000
12261,2024-12-08,ZB,1:남성,2024,02_이월,당해년도,가을,스웨터,T-에리,스웨터_T-에리_ZB,56.17977528089887,1482000,38,717834,3382000
12264,2024-12-08,ZB,1:남성,2024,02_이월,당해년도,봄,니트 셔츠,라운드,니트 셔츠_라운드_ZB,63.29113924050633,87000,3,19541,237000
12265,2024-12-08,ZB,1:남성,2024,02_이월,당해년도,봄,수트,블레이져(수트),수트_블레이져(수트)_ZB,56.98924731182796,360000,3,152916,837000
12266,2024-12-08,ZB,1:남성,2024,02_이월,당해년도,봄,수트,수트팬츠,수트_수트팬츠_ZB,46.97986577181208,316000,4,101907,596000
12267,2024-12-08,ZB,1:남성,2024,02_이월,당해년도,봄,스웨터,T-에리,스웨터_T-에리_ZB,70.70707070707071,232000,8,119621,792000
12268,2024-12-08,ZB,1:남성,2024,02_이월,당해년도,봄,스웨터,라운드,스웨터_라운드_ZB,70.70707070707071,87000,3,49089,297000
12269,2024-12-08,ZB,1:남성,2024,02_이월,당해년도,봄,스웨터,오픈형(CARDIGAN),스웨터_오픈형(CARDIGAN)_ZB,0.0,0,0,0,0
12270,2024-12-08,ZB,1:남성,2024,02_이월,당해년도,봄,자켓,싱글재킷,자켓_싱글재킷_ZB,66.88963210702342,396000,4,118195,1196000
12271,2024-12-08,ZB,1:남성,2024,02_이월,당해년도,봄,코트,싱글코트,코트_싱글코트_ZB,0.0,0,0,0,0
12273,2024-12-08,ZB,1:남성,2024,02_이월,당해년도,여름,니트 셔츠,라운드,니트 셔츠_라운드_ZB,75.9493670886076,0,0,-85,0
12275,2024-12-08,ZB,1:남성,2024,02_이월,당해년도,여름,수트,블레이져(수트),수트_블레이져(수트)_ZB,71.32616487455198,80000,1,54150,279000
12276,2024-12-08,ZB,1:남성,2024,02_이월,당해년도,여름,수트,수트팬츠,수트_수트팬츠_ZB,53.69127516778524,69000,1,27985,149000
12277,2024-12-08,ZB,1:남성,2024,02_이월,당해년도,여름,스웨터,T-에리,스웨터_T-에리_ZB,-inf,10000,0,-23073,0
12278,2024-12-08,ZB,1:남성,2024,02_이월,당해년도,여름,스웨터,라운드,스웨터_라운드_ZB,67.41573033707866,-29000,-1,-16355,-89000
12281,2024-12-08,ZB,1:남성,2024,02_이월,당해년도,여름,팬츠,반바지,팬츠_반바지_ZB,61.18143459915612,19000,1,10425,79000
12284,2024-12-08,ZB,3:남녀공용,2024,02_이월,당해년도,여름,니트 셔츠,라운드,니트 셔츠_라운드_ZB,63.29113924050633,0,0,-256,0
12325,2024-12-15,ZA,1:남성,2024,02_이월,당해년도,여름,우븐 셔츠,캐쥬얼셔츠,우븐 셔츠_캐쥬얼셔츠_ZA,58.176703746324,437000,13,121471,1127000
12330,2024-12-15,ZB,1:남성,2024,01_시즌,당해년도,겨울,니트 셔츠,라운드,니트 셔츠_라운드_ZB,54.987847357287,11556977,326,2503396,25954000
12333,2024-12-15,ZB,1:남성,2024,01_시즌,당해년도,겨울,수트,블레이져(수트),수트_블레이져(수트)_ZB,40.02988900419751,99821308,597,31228717,166563000
12334,2024-12-15,ZB,1:남성,2024,01_시즌,당해년도,겨울,수트,수트팬츠,수트_수트팬츠_ZB,40.06852587309218,56426452,632,16638537,94168000
12335,2024-12-15,ZB,1:남성,2024,01_시즌,당해년도,겨울,스웨터,T-에리,스웨터_T-에리_ZB,53.11125448918332,19411236,419,5558767,41481000
12338,2024-12-15,ZB,1:남성,2024,01_시즌,당해년도,겨울,스웨터,라운드,스웨터_라운드_ZB,52.3518405896722,29696533,629,9115186,62271000
12341,2024-12-15,ZB,1:남성,2024,01_시즌,당해년도,겨울,점퍼,패딩점퍼,점퍼_패딩점퍼_ZB,69.96566363921666,115783903,1166,49938421,368684000
12342,2024-12-15,ZB,1:남성,2024,01_시즌,당해년도,겨울,조끼,패딩베스트,조끼_패딩베스트_ZB,67.67614661745787,13738381,281,5947223,43129000
12343,2024-12-15,ZB,1:남성,2024,01_시즌,당해년도,겨울,코트,싱글코트,코트_싱글코트_ZB,62.641621531474,191044107,1479,92791641,539321000
12346,2024-12-15,ZB,1:남성,2024,01_시즌,당해년도,사계절,데님,데님팬츠,데님_데님팬츠_ZB,57.70930077547725,5188676,113,1999538,11187000
12347,2024-12-15,ZB,1:남성,2024,01_시즌,당해년도,사계절,수트,블레이져(수트),수트_블레이져(수트)_ZB,60.005039626092255,24255608,203,8619975,52577000
12348,2024-12-15,ZB,1:남성,2024,01_시즌,당해년도,사계절,수트,수트팬츠,수트_수트팬츠_ZB,60.210412384378216,14664443,233,4913313,32387000
12349,2024-12-15,ZB,1:남성,2024,01_시즌,당해년도,사계절,우븐 셔츠,드레스셔츠,우븐 셔츠_드레스셔츠_ZB,58.069200234055415,56700600,1776,13858552,140304000
12350,2024-12-15,ZB,1:남성,2024,02_이월,당해년도,가을,니트 셔츠,라운드,니트 셔츠_라운드_ZB,81.84497599301615,2079658,145,742144,11455000
12352,2024-12-15,ZB,1:남성,2024,02_이월,당해년도,가을,수트,블레이져(수트),수트_블레이져(수트)_ZB,60.96910735620413,10671100,98,5007739,27342000
12353,2024-12-15,ZB,1:남성,2024,02_이월,당해년도,가을,수트,수트팬츠,수트_수트팬츠_ZB,66.46781009197116,5945000,119,3036413,17731000
12354,2024-12-15,ZB,1:남성,2024,02_이월,당해년도,가을,스웨터,T-에리,스웨터_T-에리_ZB,56.17977528089887,234000,6,113342,534000
12357,2024-12-15,ZB,1:남성,2024,02_이월,당해년도,봄,니트 셔츠,라운드,니트 셔츠_라운드_ZB,63.29113924050633,87000,3,19541,237000
12358,2024-12-15,ZB,1:남성,2024,02_이월,당해년도,봄,수트,블레이져(수트),수트_블레이져(수트)_ZB,56.98924731182796,120000,1,50972,279000
12359,2024-12-15,ZB,1:남성,2024,02_이월,당해년도,봄,수트,수트팬츠,수트_수트팬츠_ZB,46.97986577181208,237000,3,76430,447000
12360,2024-12-15,ZB,1:남성,2024,02_이월,당해년도,봄,스웨터,T-에리,스웨터_T-에리_ZB,41.41414141414141,58000,1,14953,99000
12361,2024-12-15,ZB,1:남성,2024,02_이월,당해년도,봄,스웨터,라운드,스웨터_라운드_ZB,70.70707070707071,696000,24,386179,2376000
12362,2024-12-15,ZB,1:남성,2024,02_이월,당해년도,봄,스웨터,오픈형(CARDIGAN),스웨터_오픈형(CARDIGAN)_ZB,75.47169811320755,273000,7,121292,1113000
12363,2024-12-15,ZB,1:남성,2024,02_이월,당해년도,봄,자켓,싱글재킷,자켓_싱글재킷_ZB,0.0,0,0,0,0
12364,2024-12-15,ZB,1:남성,2024,02_이월,당해년도,봄,코트,싱글코트,코트_싱글코트_ZB,0.0,0,0,0,0
12366,2024-12-15,ZB,1:남성,2024,02_이월,당해년도,여름,니트 셔츠,라운드,니트 셔츠_라운드_ZB,75.9493670886076,893000,47,278958,3713000
12368,2024-12-15,ZB,1:남성,2024,02_이월,당해년도,여름,수트,블레이져(수트),수트_블레이져(수트)_ZB,65.96774193548387,1179000,12,641339,3348000
12369,2024-12-15,ZB,1:남성,2024,02_이월,당해년도,여름,수트,수트팬츠,수트_수트팬츠_ZB,54.18664109939278,2335000,35,956640,5215000
12370,2024-12-15,ZB,1:남성,2024,02_이월,당해년도,여름,스웨터,T-에리,스웨터_T-에리_ZB,44.9438202247191,912000,18,258525,1602000
12371,2024-12-15,ZB,1:남성,2024,02_이월,당해년도,여름,스웨터,라운드,스웨터_라운드_ZB,57.655203722619454,546000,14,204994,1276000
12374,2024-12-15,ZB,1:남성,2024,02_이월,당해년도,여름,팬츠,반바지,팬츠_반바지_ZB,75.9493670886076,342000,18,141229,1422000
12377,2024-12-15,ZB,3:남녀공용,2024,02_이월,당해년도,여름,니트 셔츠,라운드,니트 셔츠_라운드_ZB,63.39662447257384,1904000,66,580965,5214000
12418,2024-12-22,ZA,1:남성,2024,02_이월,당해년도,여름,우븐 셔츠,캐쥬얼셔츠,우븐 셔츠_캐쥬얼셔츠_ZA,63.239994885564506,-185000,-7,-67282,-573000
12423,2024-12-22,ZB,1:남성,2024,01_시즌,당해년도,겨울,니트 셔츠,라운드,니트 셔츠_라운드_ZB,62.77381995701546,11071100,420,3184389,33140000
12426,2024-12-22,ZB,1:남성,2024,01_시즌,당해년도,겨울,수트,블레이져(수트),수트_블레이져(수트)_ZB,40.291359788526336,87107190,521,27335008,145359000
12427,2024-12-22,ZB,1:남성,2024,01_시즌,당해년도,겨울,수트,수트팬츠,수트_수트팬츠_ZB,40.37459879269317,49051949,550,14549060,81950000
12428,2024-12-22,ZB,1:남성,2024,01_시즌,당해년도,겨울,스웨터,T-에리,스웨터_T-에리_ZB,52.45858398043997,14600363,310,4090868,30690000
12431,2024-12-22,ZB,1:남성,2024,01_시즌,당해년도,겨울,스웨터,라운드,스웨터_라운드_ZB,52.40090113499277,26797186,568,8217414,56232000
12434,2024-12-22,ZB,1:남성,2024,01_시즌,당해년도,겨울,점퍼,패딩점퍼,점퍼_패딩점퍼_ZB,70.30679016878878,95547716,927,41143819,305373000
12435,2024-12-22,ZB,1:남성,2024,01_시즌,당해년도,겨울,조끼,패딩베스트,조끼_패딩베스트_ZB,68.33223895197821,7749101,161,3467207,25149000
12436,2024-12-22,ZB,1:남성,2024,01_시즌,당해년도,겨울,코트,싱글코트,코트_싱글코트_ZB,62.93312327176193,185259353,1434,89425302,520266000
12439,2024-12-22,ZB,1:남성,2024,01_시즌,당해년도,사계절,데님,데님팬츠,데님_데님팬츠_ZB,57.7776942314524,82270940,1671,31060204,165429000
12440,2024-12-22,ZB,1:남성,2024,01_시즌,당해년도,사계절,수트,블레이져(수트),수트_블레이져(수트)_ZB,56.76118851771025,18960344,161,6844747,41699000
12441,2024-12-22,ZB,1:남성,2024,01_시즌,당해년도,사계절,수트,수트팬츠,수트_수트팬츠_ZB,57.385452956974746,12278500,191,4027592,26549000
12442,2024-12-22,ZB,1:남성,2024,01_시즌,당해년도,사계절,우븐 셔츠,드레스셔츠,우븐 셔츠_드레스셔츠_ZB,60.14114099522656,73980600,2151,16855963,169929000
12443,2024-12-22,ZB,1:남성,2024,02_이월,당해년도,가을,니트 셔츠,라운드,니트 셔츠_라운드_ZB,80.07367340095566,1942023,154,793747,12166000
12445,2024-12-22,ZB,1:남성,2024,02_이월,당해년도,가을,수트,블레이져(수트),수트_블레이져(수트)_ZB,60.93189964157707,8175000,75,3764205,20925000
12446,2024-12-22,ZB,1:남성,2024,02_이월,당해년도,가을,수트,수트팬츠,수트_수트팬츠_ZB,66.02711565022857,6434244,127,3212671,18923000
12447,2024-12-22,ZB,1:남성,2024,02_이월,당해년도,가을,스웨터,T-에리,스웨터_T-에리_ZB,0.0,0,0,0,0
12450,2024-12-22,ZB,1:남성,2024,02_이월,당해년도,봄,니트 셔츠,라운드,니트 셔츠_라운드_ZB,66.99910497378852,-29000,-1,-6009,-59000
12451,2024-12-22,ZB,1:남성,2024,02_이월,당해년도,봄,수트,블레이져(수트),수트_블레이져(수트)_ZB,56.98924731182796,-120000,-1,-50972,-279000
12452,2024-12-22,ZB,1:남성,2024,02_이월,당해년도,봄,수트,수트팬츠,수트_수트팬츠_ZB,35.23489932885906,535000,5,125257,745000
12453,2024-12-22,ZB,1:남성,2024,02_이월,당해년도,봄,스웨터,T-에리,스웨터_T-에리_ZB,70.70707070707071,-174000,-6,-89716,-594000
12454,2024-12-22,ZB,1:남성,2024,02_이월,당해년도,봄,스웨터,라운드,스웨터_라운드_ZB,70.70707070707071,0,0,594,0
12455,2024-12-22,ZB,1:남성,2024,02_이월,당해년도,봄,스웨터,오픈형(CARDIGAN),스웨터_오픈형(CARDIGAN)_ZB,80.50314465408805,217000,7,129657,1113000
12456,2024-12-22,ZB,1:남성,2024,02_이월,당해년도,봄,자켓,싱글재킷,자켓_싱글재킷_ZB,0.0,0,0,0,0
12457,2024-12-22,ZB,1:남성,2024,02_이월,당해년도,봄,코트,싱글코트,코트_싱글코트_ZB,0.0,0,0,0,0
12459,2024-12-22,ZB,1:남성,2024,02_이월,당해년도,여름,니트 셔츠,라운드,니트 셔츠_라운드_ZB,75.9493670886076,-380000,-20,-105898,-1580000
12461,2024-12-22,ZB,1:남성,2024,02_이월,당해년도,여름,수트,블레이져(수트),수트_블레이져(수트)_ZB,67.74193548387096,-990000,-11,-573390,-3069000
12462,2024-12-22,ZB,1:남성,2024,02_이월,당해년도,여름,수트,수트팬츠,수트_수트팬츠_ZB,inf,-1344650,-19,-521663,-2831000
12463,2024-12-22,ZB,1:남성,2024,02_이월,당해년도,여름,스웨터,T-에리,스웨터_T-에리_ZB,74.98297582567245,-2004000,-57,-615954,-5153000
12464,2024-12-22,ZB,1:남성,2024,02_이월,당해년도,여름,스웨터,라운드,스웨터_라운드_ZB,58.39291794347975,-1209000,-31,-430874,-2869000
12467,2024-12-22,ZB,1:남성,2024,02_이월,당해년도,여름,팬츠,반바지,팬츠_반바지_ZB,75.9493670886076,38000,2,17903,158000
12470,2024-12-22,ZB,3:남녀공용,2024,02_이월,당해년도,여름,니트 셔츠,라운드,니트 셔츠_라운드_ZB,63.9943741209564,-811000,-29,-255123,-2291000
12511,2024-12-29,ZA,1:남성,2024,02_이월,당해년도,여름,우븐 셔츠,캐쥬얼셔츠,우븐 셔츠_캐쥬얼셔츠_ZA,0.0,0,0,0,0
12516,2024-12-29,ZB,1:남성,2024,01_시즌,당해년도,겨울,니트 셔츠,라운드,니트 셔츠_라운드_ZB,60.759153040873485,12384937,457,3463261,36103000
12519,2024-12-29,ZB,1:남성,2024,01_시즌,당해년도,겨울,수트,블레이져(수트),수트_블레이져(수트)_ZB,40.18336109920758,91395881,547,28569894,152613000
12520,2024-12-29,ZB,1:남성,2024,01_시즌,당해년도,겨울,수트,수트팬츠,수트_수트팬츠_ZB,40.23842754960474,50825697,570,15022320,84930000
12521,2024-12-29,ZB,1:남성,2024,01_시즌,당해년도,겨울,스웨터,T-에리,스웨터_T-에리_ZB,53.13887879683623,17113690,369,5003282,36531000
12524,2024-12-29,ZB,1:남성,2024,01_시즌,당해년도,겨울,스웨터,라운드,스웨터_라운드_ZB,52.69087345679012,31471543,672,9759619,66528000
12527,2024-12-29,ZB,1:남성,2024,01_시즌,당해년도,겨울,점퍼,패딩점퍼,점퍼_패딩점퍼_ZB,70.24076211047367,98737325,990,42828673,318610000
12528,2024-12-29,ZB,1:남성,2024,01_시즌,당해년도,겨울,조끼,패딩베스트,조끼_패딩베스트_ZB,67.89087132598415,8827037,165,4100192,29785000
12529,2024-12-29,ZB,1:남성,2024,01_시즌,당해년도,겨울,코트,싱글코트,코트_싱글코트_ZB,63.04226524218849,173514073,1358,84776670,489542000
12532,2024-12-29,ZB,1:남성,2024,01_시즌,당해년도,사계절,데님,데님팬츠,데님_데님팬츠_ZB,55.63456507927294,-47919808,-961,-18111858,-95139000
12533,2024-12-29,ZB,1:남성,2024,01_시즌,당해년도,사계절,수트,블레이져(수트),수트_블레이져(수트)_ZB,61.78082004522683,17004054,145,6157051,37555000
12534,2024-12-29,ZB,1:남성,2024,01_시즌,당해년도,사계절,수트,수트팬츠,수트_수트팬츠_ZB,59.524782191499625,11050814,170,3589760,23630000
12535,2024-12-29,ZB,1:남성,2024,01_시즌,당해년도,사계절,우븐 셔츠,드레스셔츠,우븐 셔츠_드레스셔츠_ZB,56.4052905779026,49167250,1499,11678027,118421000
12536,2024-12-29,ZB,1:남성,2024,02_이월,당해년도,가을,니트 셔츠,라운드,니트 셔츠_라운드_ZB,86.88140909723188,1886191,182,931518,14378000
12538,2024-12-29,ZB,1:남성,2024,02_이월,당해년도,가을,수트,블레이져(수트),수트_블레이져(수트)_ZB,47.909199522102746,4142000,37,1911650,10323000
12539,2024-12-29,ZB,1:남성,2024,02_이월,당해년도,가을,수트,수트팬츠,수트_수트팬츠_ZB,66.18250239693192,2482598,49,1249410,7301000
12540,2024-12-29,ZB,1:남성,2024,02_이월,당해년도,가을,스웨터,T-에리,스웨터_T-에리_ZB,45.0,391600,8,151123,712000
12543,2024-12-29,ZB,1:남성,2024,02_이월,당해년도,봄,니트 셔츠,라운드,니트 셔츠_라운드_ZB,0.0,0,0,0,0
12544,2024-12-29,ZB,1:남성,2024,02_이월,당해년도,봄,수트,블레이져(수트),수트_블레이져(수트)_ZB,56.98924731182796,240000,2,101944,558000
12545,2024-12-29,ZB,1:남성,2024,02_이월,당해년도,봄,수트,수트팬츠,수트_수트팬츠_ZB,46.97986577181208,316000,4,101907,596000
12546,2024-12-29,ZB,1:남성,2024,02_이월,당해년도,봄,스웨터,T-에리,스웨터_T-에리_ZB,0.0,0,0,0,0
12547,2024-12-29,ZB,1:남성,2024,02_이월,당해년도,봄,스웨터,라운드,스웨터_라운드_ZB,0.0,0,0,0,0
12548,2024-12-29,ZB,1:남성,2024,02_이월,당해년도,봄,스웨터,오픈형(CARDIGAN),스웨터_오픈형(CARDIGAN)_ZB,0.0,0,0,0,0
12549,2024-12-29,ZB,1:남성,2024,02_이월,당해년도,봄,자켓,싱글재킷,자켓_싱글재킷_ZB,100.0,0,-1,-29549,-299000
12550,2024-12-29,ZB,1:남성,2024,02_이월,당해년도,봄,코트,싱글코트,코트_싱글코트_ZB,0.0,0,0,0,0
12552,2024-12-29,ZB,1:남성,2024,02_이월,당해년도,여름,니트 셔츠,라운드,니트 셔츠_라운드_ZB,0.0,0,0,0,0
12554,2024-12-29,ZB,1:남성,2024,02_이월,당해년도,여름,수트,블레이져(수트),수트_블레이져(수트)_ZB,0.0,0,0,0,0
12555,2024-12-29,ZB,1:남성,2024,02_이월,당해년도,여름,수트,수트팬츠,수트_수트팬츠_ZB,0.0,0,0,0,0
12556,2024-12-29,ZB,1:남성,2024,02_이월,당해년도,여름,스웨터,T-에리,스웨터_T-에리_ZB,0.0,0,0,0,0
12557,2024-12-29,ZB,1:남성,2024,02_이월,당해년도,여름,스웨터,라운드,스웨터_라운드_ZB,0.0,0,0,0,0
12560,2024-12-29,ZB,1:남성,2024,02_이월,당해년도,여름,팬츠,반바지,팬츠_반바지_ZB,0.0,0,0,0,0
12563,2024-12-29,ZB,3:남녀공용,2024,02_이월,당해년도,여름,니트 셔츠,라운드,니트 셔츠_라운드_ZB,0.0,0,0,0,0
