기획년도,주차,카테고리_통합,시즌이월,시즌,총입고수량,판매수량,판매액,평균택가,평균원가,주차별_평균_실판매가,월별_평균_실판매가,시즌별_평균_실판매가,총입고원가,총입고택가,매출원가계,판매택가계,실판매가,할인율,누적판매수량,누적판매액,누적매출원가,누적판매택가,누적판매율,ROI,악천후일수,평균기온(도)
2021,2021-01-03,봄_가디건,01_시즌,봄,8976,127,14957130,159900,14254,108352.0,152746.0,79061.0,127943904,1435262400,1810258,20307300,117773,26,127,14957130,1810258,20307300,1.41,0.09,0,-9.1
2021,2021-01-03,봄_가성비 수트셋업,01_시즌,봄,24728,498,56952161,165667,32868,135805.0,118744.0,97673.0,812759904,4096613576,16368264,82502166,114362,31,498,56952161,16368264,82502166,2.01,0.04,0,-9.1
2021,2021-01-03,봄_고가 수트셋업,01_시즌,봄,9635,237,32607290,265666,44136,162746.0,146322.0,116112.0,425250360,2559691910,10460232,62962842,137584,48,237,32607290,10460232,62962842,2.46,0.05,0,-9.1
2021,2021-01-03,봄_맨투맨셋업,01_시즌,봄,20076,401,18981424,69900,8878,47335.0,41774.0,27610.0,178234728,1403312400,3560078,28029900,47335,32,401,18981424,3560078,28029900,2.0,0.08,0,-9.1
2021,2021-01-03,봄_셋업셔츠,01_시즌,봄,24771,190,11160429,69900,6976,60467.0,39288.0,29786.0,172802496,1731492900,1325440,13281000,58739,16,190,11160429,1325440,13281000,0.77,0.05,0,-9.1
2021,2021-01-03,봄_스웨터,01_시즌,봄,49594,864,35416012,97400,9388,61581.0,44662.0,37942.0,465588472,4830455600,8111232,84153600,40991,58,864,35416012,8111232,84153600,1.74,0.05,0,-9.1
2021,2021-01-03,봄_아우터,01_시즌,봄,18645,214,87580101,414000,68682,396967.0,245954.0,184178.0,1280575890,7719030000,14697948,88596000,409253,1,214,87580101,14697948,88596000,1.15,0.05,0,-9.1
2021,2021-01-03,사계절_가성비 수트셋업,01_시즌,사계절,18518,1069,98120716,149000,25338,91808.0,94322.0,100914.0,469209084,2759182000,27086322,159281000,91787,38,1069,98120716,27086322,159281000,5.77,0.13,0,-9.1
2021,2021-01-03,사계절_셋업셔츠,01_시즌,사계절,102915,1091,45283144,48234,7656,42214.0,34720.0,30818.0,787917240,4964002110,8352696,52623294,41506,14,1091,45283144,8352696,52623294,1.06,0.04,0,-9.1
2021,2021-01-10,봄_가디건,01_시즌,봄,8976,80,7023940,159900,14254,87474.0,152746.0,79061.0,127943904,1435262400,1140320,12792000,87799,45,207,21981070,2950578,33099300,2.31,0.13,0,-2.1
2021,2021-01-10,봄_가성비 수트셋업,01_시즌,봄,24728,525,58943260,165667,32868,114391.0,118744.0,97673.0,812759904,4096613576,17255700,86975175,112273,32,1023,115895421,33623964,169477341,4.14,0.09,0,-2.1
2021,2021-01-10,봄_고가 수트셋업,01_시즌,봄,12924,120,16965960,249000,41924,155640.0,146322.0,116112.0,541825776,3218076000,5030880,29880000,141383,43,357,49573250,15491112,92842842,2.76,0.05,0,-2.1
2021,2021-01-10,봄_맨투맨셋업,01_시즌,봄,62476,315,14404290,69900,7574,45728.0,41774.0,27610.0,473193224,4367072400,2385810,22018500,45728,35,716,33385714,5945888,50048400,1.15,0.05,0,-2.1
2021,2021-01-10,봄_셋업셔츠,01_시즌,봄,24925,242,7218170,69900,6976,33601.0,39288.0,29786.0,173876800,1742257500,1688192,16915800,29827,57,432,18378599,3013632,30196800,1.73,0.08,0,-2.1
2021,2021-01-10,봄_스웨터,01_시즌,봄,49594,939,52532000,97400,9388,55883.0,44662.0,37942.0,465588472,4830455600,8815332,91458600,55945,43,1803,87948012,16926564,175612200,3.64,0.14,0,-2.1
2021,2021-01-10,봄_아우터,01_시즌,봄,29719,1132,74804534,371000,58838,214369.0,220659.0,168011.0,1748606522,11025749000,66604616,419972000,66082,82,1346,162384635,81302564,508568000,4.53,0.04,0,-2.1
2021,2021-01-10,사계절_가성비 수트셋업,01_시즌,사계절,35676,1034,101071200,149000,26682,109238.0,94322.0,100914.0,951907032,5315724000,27589188,154066000,97748,34,2103,199191916,54675510,313347000,5.89,0.13,0,-2.1
2021,2021-01-10,사계절_셋업,01_시즌,사계절,5008,0,0,69900,10105,,57987.0,41957.0,50605840,350059200,0,0,57987,17,0,0,0,0,0.0,0.0,0,-2.1
2021,2021-01-10,사계절_셋업셔츠,01_시즌,사계절,102915,1120,39596034,48234,7656,35860.0,34720.0,30818.0,787917240,4964002110,8574720,54022080,35354,27,2211,84879178,16927416,106645374,2.15,0.08,0,-2.1
2021,2021-01-10,여름_캐주얼셔츠,01_시즌,여름,42909,0,0,69900,6329,,,24611.0,271571061,2999339100,0,0,24611,65,0,0,0,0,0.0,0.0,0,-2.1
2021,2021-01-17,봄_가디건,01_시즌,봄,8976,50,403700,159900,14254,68125.0,152746.0,79061.0,127943904,1435262400,712700,7995000,8074,95,257,22384770,3663278,41094300,2.86,0.13,0,0.3
2021,2021-01-17,봄_가성비 수트셋업,01_시즌,봄,24728,898,99022600,165667,32868,114515.0,118744.0,97673.0,812759904,4096613576,29515464,148768966,110270,33,1921,214918021,63139428,318246307,7.77,0.16,0,0.3
2021,2021-01-17,봄_고가 수트셋업,01_시즌,봄,12924,212,25867220,249000,41924,119369.0,146322.0,116112.0,541825776,3218076000,8887888,52788000,122015,51,569,75440470,24379000,145630842,4.4,0.08,0,0.3
2021,2021-01-17,봄_맨투맨셋업,01_시즌,봄,62476,164,3513314,69900,7574,21423.0,41774.0,27610.0,473193224,4367072400,1242136,11463600,21423,69,880,36899028,7188024,61512000,1.41,0.06,0,0.3
2021,2021-01-17,봄_셋업셔츠,01_시즌,봄,24925,406,14102100,69900,6976,34892.0,39288.0,29786.0,173876800,1742257500,2832256,28379400,34734,50,838,32480699,5845888,58576200,3.36,0.14,0,0.3
2021,2021-01-17,봄_스웨터,01_시즌,봄,49594,1228,50414923,97400,9388,29668.0,44662.0,37942.0,465588472,4830455600,11528464,119607200,41054,58,3031,138362935,28455028,295219400,6.11,0.21,0,0.3
2021,2021-01-17,봄_아우터,01_시즌,봄,29756,478,71947978,371000,58838,209504.0,220659.0,168011.0,1750783528,11039476000,28124564,177338000,150519,59,1824,234332613,109427128,685906000,6.13,0.06,0,0.3
2021,2021-01-17,사계절_가성비 수트셋업,01_시즌,사계절,49009,1290,125823002,149000,26949,104562.0,94322.0,100914.0,1320743541,7302341000,34764210,192210000,97537,35,3393,325014918,89439720,505557000,6.92,0.16,0,0.3
2021,2021-01-17,사계절_데님셋업,01_시즌,사계절,6147,47,3658470,79900,11720,77720.0,75709.0,51123.0,72042840,491145300,550840,3755300,77840,3,47,3658470,550840,3755300,0.76,0.04,0,0.3
2021,2021-01-17,사계절_셋업,01_시즌,사계절,12482,253,17448980,134450,16862,68968.0,128494.0,76338.0,210471484,1678204900,4266086,34015850,68968,49,253,17448980,4266086,34015850,2.03,0.06,0,0.3
2021,2021-01-17,사계절_셋업셔츠,01_시즌,사계절,102915,1264,37868530,48234,7656,31260.0,34720.0,30818.0,787917240,4964002110,9677184,60967776,29959,38,3475,122747708,26604600,167613150,3.38,0.11,0,0.3
2021,2021-01-17,여름_캐주얼셔츠,01_시즌,여름,42909,0,0,69900,6329,,,24611.0,271571061,2999339100,0,0,24611,65,0,0,0,0,0.0,0.0,0,0.3
2021,2021-01-24,봄_가디건,01_시즌,봄,8976,109,7147019,159900,14254,66755.0,152746.0,79061.0,127943904,1435262400,1553686,17429100,65569,59,366,29531789,5216964,58523400,4.08,0.17,0,1.3
2021,2021-01-24,봄_가성비 수트셋업,01_시즌,봄,24728,747,84956676,165667,32868,115945.0,118744.0,97673.0,812759904,4096613576,24552396,123753249,113730,31,2668,299874697,87691824,441999556,10.79,0.23,0,1.3
2021,2021-01-24,봄_고가 수트셋업,01_시즌,봄,12924,198,23307300,249000,41924,141219.0,146322.0,116112.0,541825776,3218076000,8300952,49302000,117714,53,767,98747770,32679952,194932842,5.93,0.11,0,1.3
2021,2021-01-24,봄_맨투맨셋업,01_시즌,봄,62476,961,45201004,69900,7574,50931.0,41774.0,27610.0,473193224,4367072400,7278614,67173900,47035,33,1841,82100032,14466638,128685900,2.95,0.13,0,1.3
2021,2021-01-24,봄_셋업셔츠,01_시즌,봄,24925,561,18931837,69900,6976,34087.0,39288.0,29786.0,173876800,1742257500,3913536,39213900,33747,52,1399,51412536,9759424,97790100,5.61,0.21,0,1.3
2021,2021-01-24,봄_스웨터,01_시즌,봄,49594,1660,65307531,97400,9388,33570.0,44662.0,37942.0,465588472,4830455600,15584080,161684000,39342,60,4691,203670466,44039108,456903400,9.46,0.3,0,1.3
2021,2021-01-24,봄_아우터,01_시즌,봄,29756,454,75307577,371000,58838,188173.0,220659.0,168011.0,1750783528,11039476000,26712452,168434000,165876,55,2278,309640190,136139580,854340000,7.66,0.08,0,1.3
2021,2021-01-24,사계절_가성비 수트셋업,01_시즌,사계절,49009,1257,108923200,149000,26949,82018.0,94322.0,100914.0,1320743541,7302341000,33874893,187293000,86653,42,4650,433938118,123314613,692850000,9.49,0.21,0,1.3
2021,2021-01-24,사계절_데님셋업,01_시즌,사계절,10609,78,5910700,79900,11720,76741.0,75709.0,51123.0,124337480,847659100,914160,6232200,75778,5,125,9569170,1465000,9987500,1.18,0.06,0,1.3
2021,2021-01-24,사계절_셋업,01_시즌,사계절,14929,110,6691440,134450,16862,60831.0,128494.0,76338.0,251732798,2007204050,1854820,14789500,60831,55,363,24140420,6120906,48805350,2.43,0.06,0,1.3
2021,2021-01-24,사계절_셋업셔츠,01_시즌,사계절,102915,1539,46579943,48234,7656,31650.0,34720.0,30818.0,787917240,4964002110,11782584,74232126,30266,37,5014,169327651,38387184,241845276,4.87,0.15,0,1.3
2021,2021-01-24,여름_캐주얼셔츠,01_시즌,여름,42909,0,0,69900,6329,,,24611.0,271571061,2999339100,0,0,24611,65,0,0,0,0,0.0,0.0,0,1.3
2021,2021-01-31,봄_가디건,01_시즌,봄,8976,46,4636065,159900,14254,390714.0,152746.0,79061.0,127943904,1435262400,655684,7355400,100784,37,412,34167854,5872648,65878800,4.59,0.2,0,0.6
2021,2021-01-31,봄_가성비 수트셋업,01_시즌,봄,24728,555,59385474,165667,32868,112374.0,118744.0,97673.0,812759904,4096613576,18241740,91945185,107001,35,3223,359260171,105933564,533944741,13.03,0.27,0,0.6
2021,2021-01-31,봄_고가 수트셋업,01_시즌,봄,12924,280,35061940,249000,41924,144318.0,146322.0,116112.0,541825776,3218076000,11738720,69720000,125221,50,1047,133809710,44418672,264652842,8.1,0.14,0,0.6
2021,2021-01-31,봄_맨투맨셋업,01_시즌,봄,62476,1167,29689296,69900,7574,33454.0,41774.0,27610.0,473193224,4367072400,8838858,81573300,25441,64,3008,111789328,23305496,210259200,4.81,0.17,0,0.6
2021,2021-01-31,봄_셋업셔츠,01_시즌,봄,24925,471,16251859,69900,6976,35814.0,39288.0,29786.0,173876800,1742257500,3285696,32922900,34505,51,1870,67664395,13045120,130713000,7.5,0.28,0,0.6
2021,2021-01-31,봄_스웨터,01_시즌,봄,49594,1735,74380379,97400,9388,42610.0,44662.0,37942.0,465588472,4830455600,16288180,168989000,42871,56,6426,278050845,60327288,625892400,12.96,0.41,0,0.6
2021,2021-01-31,봄_아우터,01_시즌,봄,29756,529,120558302,371000,58838,174823.0,220659.0,168011.0,1750783528,11039476000,31125302,196259000,227898,39,2807,430198492,167264882,1050599000,9.43,0.13,0,0.6
2021,2021-01-31,사계절_가성비 수트셋업,01_시즌,사계절,49009,1806,150972460,149000,26949,82976.0,94322.0,100914.0,1320743541,7302341000,48669894,269094000,83595,44,6456,584910578,171984507,961944000,13.17,0.27,0,0.6
2021,2021-01-31,사계절_데님셋업,01_시즌,사계절,10609,67,4837063,79900,11720,72667.0,75709.0,51123.0,124337480,847659100,785240,5353300,72195,10,192,14406233,2250240,15340800,1.81,0.09,0,0.6
2021,2021-01-31,사계절_셋업,01_시즌,사계절,27460,796,40367855,131950,16946,125037.0,128494.0,76338.0,465337160,3623347000,13489016,105032200,50713,62,1159,64508275,19609922,153837550,4.22,0.08,0,0.6
2021,2021-01-31,사계절_셋업셔츠,01_시즌,사계절,102915,1805,56036468,48234,7656,32618.0,34720.0,30818.0,787917240,4964002110,13819080,87062370,31045,36,6819,225364119,52206264,328907646,6.63,0.19,0,0.6
2021,2021-01-31,여름_캐주얼셔츠,01_시즌,여름,42909,0,0,69900,6329,,,24611.0,271571061,2999339100,0,0,24611,65,0,0,0,0,0.0,0.0,0,0.6
2021,2021-02-07,봄_가디건,01_시즌,봄,8976,211,16007519,159900,14254,75895.0,71461.0,79061.0,127943904,1435262400,3007594,33738900,75865,53,623,50175373,8880242,99617700,6.94,0.29,0,3.2
2021,2021-02-07,봄_가성비 수트셋업,01_시즌,봄,24728,1124,108017012,165667,32868,103931.0,100328.0,97673.0,812759904,4096613576,36943632,186209708,96101,42,4347,467277183,142877196,720154449,17.58,0.35,0,3.2
2021,2021-02-07,봄_고가 수트셋업,01_시즌,봄,12924,206,24162650,249000,41924,125834.0,122763.0,116112.0,541825776,3218076000,8636344,51294000,117294,53,1253,157972360,53055016,315946842,9.7,0.17,0,3.2
2021,2021-02-07,봄_맨투맨셋업,01_시즌,봄,62476,1918,58459176,69900,7585,29533.0,29542.0,27610.0,473880460,4367072400,14548030,134068200,30479,56,4926,170248504,37853526,344327400,7.88,0.25,0,3.2
2021,2021-02-07,봄_셋업셔츠,01_시즌,봄,24925,677,22606887,69900,6976,34742.0,31484.0,29786.0,173876800,1742257500,4722752,47322300,33393,52,2547,90271282,17767872,178035300,10.22,0.37,0,3.2
2021,2021-02-07,봄_스웨터,01_시즌,봄,49594,2303,99181616,97400,9388,42226.0,39605.0,37942.0,465588472,4830455600,21620564,224312200,43066,56,8729,377232461,81947852,850204600,17.6,0.56,0,3.2
2021,2021-02-07,봄_아우터,01_시즌,봄,29756,676,94890573,371000,58946,188436.0,171581.0,168011.0,1753997176,11039476000,39847496,250796000,140371,62,3483,525089065,207112378,1301395000,11.71,0.15,0,3.2
2021,2021-02-07,사계절_가성비 수트셋업,01_시즌,사계절,49009,1742,153109740,149000,26949,85256.0,84741.0,100914.0,1320743541,7302341000,46945158,259558000,87893,41,8198,738020318,218929665,1221502000,16.73,0.34,0,3.2
2021,2021-02-07,사계절_니트셋업,01_시즌,사계절,19983,0,0,19900,5405,,15289.0,14508.0,108008115,397661700,0,0,15289,23,0,0,0,0,0.0,0.0,0,3.2
2021,2021-02-07,사계절_데님셋업,01_시즌,사계절,10609,197,13174420,79900,11720,68737.0,66123.0,51123.0,124337480,847659100,2308840,15740300,66875,16,389,27580653,4559080,31081100,3.67,0.16,0,3.2
2021,2021-02-07,사계절_셋업,01_시즌,사계절,27460,1026,37859220,131950,16862,54206.0,70502.0,76338.0,463030520,3623347000,17300412,135380700,36900,72,2185,102367495,36910334,289218250,7.96,0.12,0,3.2
2021,2021-02-07,사계절_셋업셔츠,01_시즌,사계절,102915,1426,42974019,48234,7656,33922.0,32415.0,30818.0,787917240,4964002110,10917456,68781684,30136,38,8245,268338138,63123720,397689330,8.01,0.23,0,3.2
2021,2021-02-07,여름_가성비 수트셋업,01_시즌,여름,5160,0,0,174000,34697,,124542.0,123276.0,179036520,897840000,0,0,124542,28,0,0,0,0,0.0,0.0,0,3.2
2021,2021-02-07,여름_고가 수트셋업,01_시즌,여름,4111,0,0,199000,35994,,151792.0,135248.0,147971334,818089000,0,0,151792,24,0,0,0,0,0.0,0.0,0,3.2
2021,2021-02-07,여름_디자인팬츠,01_시즌,여름,3750,42,5083000,139000,16300,121024.0,146158.0,75327.0,61125000,521250000,684600,5838000,121024,13,42,5083000,684600,5838000,1.12,0.06,0,3.2
2021,2021-02-07,여름_자켓,01_시즌,여름,3752,31,6783500,259000,36600,218823.0,208955.0,142803.0,137323200,971768000,1134600,8029000,218823,16,31,6783500,1134600,8029000,0.83,0.04,0,3.2
2021,2021-02-07,여름_점퍼,01_시즌,여름,8338,0,0,224000,20458,,189298.0,109435.0,170578804,1867712000,0,0,189298,15,0,0,0,0,0.0,0.0,0,3.2
2021,2021-02-07,여름_캐주얼셔츠,01_시즌,여름,42909,163,9561900,69900,6329,58662.0,50254.0,24611.0,271571061,2999339100,1031627,11393700,58662,16,163,9561900,1031627,11393700,0.38,0.03,0,3.2
2021,2021-02-14,봄_가디건,01_시즌,봄,8976,411,29519539,159900,14254,71781.0,71461.0,79061.0,127943904,1435262400,5858394,65718900,71824,55,1034,79694912,14738636,165336600,11.52,0.45,0,0.3
2021,2021-02-14,봄_가성비 수트셋업,01_시즌,봄,24728,1286,124760149,165667,32868,102252.0,100328.0,97673.0,812759904,4096613576,42268248,213047762,97014,41,5633,592037332,185145444,933202211,22.78,0.43,0,0.3
2021,2021-02-14,봄_고가 수트셋업,01_시즌,봄,12924,268,32060876,249000,41924,136924.0,122763.0,116112.0,541825776,3218076000,11235632,66732000,119630,52,1521,190033236,64290648,382678842,11.77,0.2,0,0.3
2021,2021-02-14,봄_맨투맨셋업,01_시즌,봄,65972,2934,86841690,69900,7590,30491.0,29542.0,27610.0,500727480,4611442800,22269060,205086600,29598,58,7860,257090194,60122586,549414000,11.91,0.35,0,0.3
2021,2021-02-14,봄_셋업셔츠,01_시즌,봄,24925,977,31122535,69900,6976,28586.0,31484.0,29786.0,173876800,1742257500,6815552,68292300,31855,54,3524,121393817,24583424,246327600,14.14,0.49,0,0.3
2021,2021-02-14,봄_스웨터,01_시즌,봄,49594,3350,138260526,97400,9388,42406.0,39605.0,37942.0,465588472,4830455600,31449800,326290000,41272,58,12079,515492987,113397652,1176494600,24.36,0.76,0,0.3
2021,2021-02-14,봄_아우터,01_시즌,봄,34657,1346,152441373,371000,58946,184744.0,171581.0,168011.0,2042891522,12857747000,79341316,499366000,113255,69,4829,677530438,286453694,1800761000,13.93,0.16,0,0.3
2021,2021-02-14,사계절_가성비 수트셋업,01_시즌,사계절,49009,2573,211243786,149000,26949,81450.0,84741.0,100914.0,1320743541,7302341000,69339777,383377000,82100,45,10771,949264104,288269442,1604879000,21.98,0.44,0,0.3
2021,2021-02-14,사계절_니트셋업,01_시즌,사계절,19983,0,0,19900,5405,,15289.0,14508.0,108008115,397661700,0,0,15289,23,0,0,0,0,0.0,0.0,0,0.3
2021,2021-02-14,사계절_데님셋업,01_시즌,사계절,10609,186,13486710,79900,11720,72336.0,66123.0,51123.0,124337480,847659100,2179920,14861400,72509,9,575,41067363,6739000,45942500,5.42,0.25,0,0.3
2021,2021-02-14,사계절_셋업,01_시즌,사계절,27460,1073,49603380,131950,16862,75876.0,70502.0,76338.0,463030520,3623347000,18092926,141582350,46229,65,3258,151970875,55003260,430800600,11.86,0.18,0,0.3
2021,2021-02-14,사계절_셋업셔츠,01_시즌,사계절,102915,1655,51806855,48234,7656,32266.0,32415.0,30818.0,787917240,4964002110,12670680,79827270,31303,35,9900,320144993,75794400,477516600,9.62,0.27,0,0.3
2021,2021-02-14,여름_가성비 수트셋업,01_시즌,여름,15109,128,17485700,161500,32666,144042.0,124542.0,123276.0,493550594,2440103500,4181248,20672000,136607,15,128,17485700,4181248,20672000,0.85,0.02,0,0.3
2021,2021-02-14,여름_고가 수트셋업,01_시즌,여름,4111,165,30242300,199000,35994,197290.0,151792.0,135248.0,147971334,818089000,5939010,32835000,183287,8,165,30242300,5939010,32835000,4.01,0.15,0,0.3
2021,2021-02-14,여름_디자인팬츠,01_시즌,여름,3750,12,1578500,139000,16300,131542.0,146158.0,75327.0,61125000,521250000,195600,1668000,131542,5,54,6661500,880200,7506000,1.44,0.08,0,0.3
2021,2021-02-14,여름_자켓,01_시즌,여름,3752,11,2719500,259000,36600,247227.0,208955.0,142803.0,137323200,971768000,402600,2849000,247227,5,42,9503000,1537200,10878000,1.12,0.05,0,0.3
2021,2021-02-14,여름_점퍼,01_시즌,여름,8338,48,9552000,224000,20458,199000.0,189298.0,109435.0,170578804,1867712000,981984,10752000,199000,11,48,9552000,981984,10752000,0.58,0.05,0,0.3
2021,2021-02-14,여름_캐주얼셔츠,01_시즌,여름,42909,295,18134030,69900,6329,61471.0,50254.0,24611.0,271571061,2999339100,1867055,20620500,61471,12,458,27695930,2898682,32014200,1.07,0.08,0,0.3
2021,2021-02-21,봄_가디건,01_시즌,봄,8976,324,23241728,159900,14254,71734.0,71461.0,79061.0,127943904,1435262400,4618296,51807600,71734,55,1358,102936640,19356932,217144200,15.13,0.58,0,6.2
2021,2021-02-21,봄_가성비 수트셋업,01_시즌,봄,24728,838,82247200,165667,32868,101304.0,100328.0,97673.0,812759904,4096613576,27543384,138828946,98147,41,6471,674284532,212688828,1072031157,26.17,0.49,0,6.2
2021,2021-02-21,봄_고가 수트셋업,01_시즌,봄,12924,328,31236693,249000,41924,105135.0,122763.0,116112.0,541825776,3218076000,13751072,81672000,95234,62,1849,221269929,78041720,464350842,14.31,0.23,0,6.2
2021,2021-02-21,봄_맨투맨셋업,01_시즌,봄,65972,2763,84344532,69900,7590,28335.0,29542.0,27610.0,500727480,4611442800,20971170,193133700,30526,56,10623,341434726,81093756,742547700,16.1,0.46,0,6.2
2021,2021-02-21,봄_셋업셔츠,01_시즌,봄,24925,683,20172755,69900,6976,30551.0,31484.0,29786.0,173876800,1742257500,4764608,47741700,29536,58,4207,141566572,29348032,294069300,16.88,0.57,0,6.2
2021,2021-02-21,봄_스웨터,01_시즌,봄,49594,3167,120979800,97400,9388,37160.0,39605.0,37942.0,465588472,4830455600,29731796,308465800,38200,61,15246,636472787,143129448,1484960400,30.74,0.94,0,6.2
2021,2021-02-21,봄_아우터,01_시즌,봄,34657,1577,218700175,371000,58946,165056.0,171581.0,168011.0,2042891522,12857747000,92957842,585067000,138681,63,6406,896230613,379411536,2385828000,18.48,0.21,0,6.2
2021,2021-02-21,사계절_가성비 수트셋업,01_시즌,사계절,49009,1587,147254848,149000,26949,87706.0,84741.0,100914.0,1320743541,7302341000,42768063,236463000,92788,38,12358,1096518952,331037505,1841342000,25.22,0.5,0,6.2
2021,2021-02-21,사계절_니트셋업,01_시즌,사계절,19983,0,0,19900,5405,,15289.0,14508.0,108008115,397661700,0,0,15289,23,0,0,0,0,0.0,0.0,0,6.2
2021,2021-02-21,사계절_데님셋업,01_시즌,사계절,10609,218,13932843,79900,11720,62588.0,66123.0,51123.0,124337480,847659100,2554960,17418200,63912,20,793,55000206,9293960,63360700,7.47,0.33,0,6.2
2021,2021-02-21,사계절_셋업,01_시즌,사계절,36597,1466,63014113,131950,16836,75988.0,70502.0,76338.0,616147092,4828974150,24681576,193438700,42984,67,4724,214984988,79684836,624239300,12.91,0.19,0,6.2
2021,2021-02-21,사계절_셋업셔츠,01_시즌,사계절,102915,1895,59786145,48234,7656,32377.0,32415.0,30818.0,787917240,4964002110,14508120,91403430,31549,35,11795,379931138,90302520,568920030,11.46,0.32,0,6.2
2021,2021-02-21,여름_가성비 수트셋업,01_시즌,여름,20599,579,81998152,157333,33244,149951.0,124542.0,123276.0,684793156,3240902467,19248276,91095807,141620,10,707,99483852,23429524,111767807,3.43,0.1,0,6.2
2021,2021-02-21,여름_고가 수트셋업,01_시즌,여름,6668,297,49244700,199000,33513,144837.0,151792.0,135248.0,223464684,1326932000,9953361,59103000,165807,17,462,79487000,15892371,91938000,6.93,0.25,0,6.2
2021,2021-02-21,여름_디자인팬츠,01_시즌,여름,7666,90,12314300,139000,15350,134108.0,146158.0,75327.0,117673100,1065574000,1381500,12510000,136826,2,144,18975800,2261700,20016000,1.88,0.13,0,6.2
2021,2021-02-21,여름_반팔티셔츠,01_시즌,여름,29946,0,0,59900,5597,,46838.0,21210.0,167607762,1793765400,0,0,46838,22,0,0,0,0,0.0,0.0,0,6.2
2021,2021-02-21,여름_자켓,01_시즌,여름,7621,64,16098500,259000,35100,253031.0,208955.0,142803.0,267497100,1973839000,2246400,16576000,251539,3,106,25601500,3783600,27454000,1.39,0.07,0,6.2
2021,2021-02-21,여름_점퍼,01_시즌,여름,8338,212,49571200,224000,20458,218464.0,189298.0,109435.0,170578804,1867712000,4337096,47488000,233826,-4,260,59123200,5319080,58240000,3.12,0.28,0,6.2
2021,2021-02-21,여름_캐주얼셔츠,01_시즌,여름,42909,95,-110210,69900,6329,,50254.0,24611.0,271571061,2999339100,601255,6640500,50254,28,553,27585720,3499937,38654700,1.29,0.08,0,6.2
2021,2021-02-28,봄_가디건,01_시즌,봄,8976,385,25578877,159900,14254,66434.0,71461.0,79061.0,127943904,1435262400,5487790,61561500,66439,58,1743,128515517,24844722,278705700,19.42,0.72,0,6.0
2021,2021-02-28,봄_가성비 수트셋업,01_시즌,봄,24728,997,92384936,165667,32868,93826.0,100328.0,97673.0,812759904,4096613576,32769396,165169999,92663,44,7468,766669468,245458224,1237201156,30.2,0.56,0,6.0
2021,2021-02-28,봄_고가 수트셋업,01_시즌,봄,12924,241,25168880,249000,41924,123158.0,122763.0,116112.0,541825776,3218076000,10103684,60009000,104435,58,2090,246438809,88145404,524359842,16.17,0.25,0,6.0
2021,2021-02-28,봄_맨투맨셋업,01_시즌,봄,65972,3304,98800844,69900,7590,29811.0,29542.0,27610.0,500727480,4611442800,25077360,230949600,29903,57,13927,440235570,106171116,973497300,21.11,0.59,0,6.0
2021,2021-02-28,봄_셋업셔츠,01_시즌,봄,24925,764,24327261,69900,6976,32058.0,31484.0,29786.0,173876800,1742257500,5329664,53403600,31842,54,4971,165893833,34677696,347472900,19.94,0.67,0,6.0
2021,2021-02-28,봄_스웨터,01_시즌,봄,49594,3729,139914675,97400,9388,36628.0,39605.0,37942.0,465588472,4830455600,35007852,363204600,37521,61,18975,776387462,178137300,1848165000,38.26,1.13,0,6.0
2021,2021-02-28,봄_아우터,01_시즌,봄,34657,2014,200785803,371000,58946,148088.0,171581.0,168011.0,2042891522,12857747000,118717244,747194000,99695,73,8420,1097016416,498128780,3133022000,24.3,0.24,0,6.0
2021,2021-02-28,사계절_가성비 수트셋업,01_시즌,사계절,49009,1842,162530484,149000,26949,84554.0,84741.0,100914.0,1320743541,7302341000,49640058,274458000,88236,41,14200,1259049436,380677563,2115800000,28.97,0.58,0,6.0
2021,2021-02-28,사계절_니트셋업,01_시즌,사계절,19983,251,3837610,19900,5405,15289.0,15289.0,14508.0,108008115,397661700,1356655,4994900,15289,23,251,3837610,1356655,4994900,1.26,0.02,0,6.0
2021,2021-02-28,사계절_데님셋업,01_시즌,사계절,10609,291,17635430,79900,11720,60831.0,66123.0,51123.0,124337480,847659100,3410520,23250900,60603,24,1084,72635636,12704480,86611600,10.22,0.43,0,6.0
2021,2021-02-28,사계절_셋업,01_시즌,사계절,41044,1752,70812090,131950,16838,75938.0,70502.0,76338.0,691098872,5415755800,29500176,231176400,40418,69,6476,285797078,109185012,855415700,15.78,0.22,0,6.0
2021,2021-02-28,사계절_셋업셔츠,01_시즌,사계절,102915,2120,66484187,48234,7656,31095.0,32415.0,30818.0,787917240,4964002110,16230720,102256080,31360,35,13915,446415325,106533240,671176110,13.52,0.38,0,6.0
2021,2021-02-28,여름_가성비 수트셋업,01_시즌,여름,20599,962,94115400,157333,33244,96289.0,124542.0,123276.0,684793156,3240902467,31980728,151354346,97833,38,1669,193599252,55410252,263122153,8.1,0.18,0,6.0
2021,2021-02-28,여름_고가 수트셋업,01_시즌,여름,6668,393,37413370,199000,33513,120204.0,151792.0,135248.0,223464684,1326932000,13170609,78207000,95199,52,855,116900370,29062980,170145000,12.82,0.35,0,6.0
2021,2021-02-28,여름_디자인팬츠,01_시즌,여름,7666,86,4834161,139000,15350,178084.0,146158.0,75327.0,117673100,1065574000,1320100,11954000,56211,60,230,23809961,3581800,31970000,3.0,0.15,0,6.0
2021,2021-02-28,여름_반팔티셔츠,01_시즌,여름,88274,214,9033320,61900,5614,46838.0,46838.0,21210.0,495570236,5464160600,1201396,13246600,42212,32,214,9033320,1201396,13246600,0.24,0.01,0,6.0
2021,2021-02-28,여름_자켓,01_시즌,여름,9588,105,14900270,229000,27722,140809.0,208955.0,118262.0,265798536,2195652000,2910810,24045000,141907,38,211,40501770,6694410,51499000,2.2,0.11,0,6.0
2021,2021-02-28,여름_점퍼,01_시즌,여름,8338,471,43944961,224000,20458,121264.0,189298.0,109435.0,170578804,1867712000,9635718,105504000,93301,58,731,103068161,14954798,163744000,8.77,0.46,0,6.0
2021,2021-02-28,여름_캐주얼셔츠,01_시즌,여름,42909,855,26187935,69900,6329,30629.0,50254.0,24611.0,271571061,2999339100,5411295,59764500,30629,56,1408,53773655,8911232,98419200,3.28,0.15,0,6.0
2021,2021-03-07,봄_가디건,01_시즌,봄,8976,629,39304265,159900,14254,62518.0,59665.0,79061.0,127943904,1435262400,8965766,100577100,62487,61,2372,167819782,33810488,379282800,26.43,0.93,0,8.4
2021,2021-03-07,봄_가성비 수트셋업,01_시즌,봄,24728,1047,96590290,165667,32868,91012.0,89490.0,97673.0,812759904,4096613576,34412796,173453349,92254,44,8515,863259758,279871020,1410654505,34.43,0.62,0,8.4
2021,2021-03-07,봄_고가 수트셋업,01_시즌,봄,12924,405,35326240,249000,41924,93796.0,92204.0,116112.0,541825776,3218076000,16979220,100845000,87225,65,2495,281765049,105124624,625204842,19.31,0.28,0,8.4
2021,2021-03-07,봄_맨투맨셋업,01_시즌,봄,65972,4009,116343668,69900,7590,28943.0,27140.0,27610.0,500727480,4611442800,30428310,280229100,29021,58,17936,556579238,136599426,1253726400,27.19,0.74,0,8.4
2021,2021-03-07,봄_셋업셔츠,01_시즌,봄,24925,1218,36843926,69900,6976,29846.0,29821.0,29786.0,173876800,1742257500,8496768,85138200,30250,57,6189,202737759,43174464,432611100,24.83,0.81,0,8.4
2021,2021-03-07,봄_스웨터,01_시즌,봄,49594,5095,169748968,97400,9388,33198.0,35126.0,37942.0,465588472,4830455600,47831860,496253000,33317,66,24070,946136430,225969160,2344418000,48.53,1.36,0,8.4
2021,2021-03-07,봄_아우터,01_시즌,봄,34657,3909,364804275,371000,58946,156677.0,150638.0,168011.0,2042891522,12857747000,230419914,1450239000,93324,75,12329,1461820691,728548694,4583261000,35.57,0.29,0,8.4
2021,2021-03-07,사계절_가성비 수트셋업,01_시즌,사계절,49009,1996,167919826,149000,26949,83360.0,83315.0,100914.0,1320743541,7302341000,53790204,297404000,84128,44,16196,1426969262,434467767,2413204000,33.05,0.65,0,8.4
2021,2021-03-07,사계절_니트셋업,01_시즌,사계절,19983,1301,17415625,19900,5405,13386.0,12354.0,14508.0,108008115,397661700,7031905,25889900,13386,33,1552,21253235,8388560,30884800,7.77,0.1,0,8.4
2021,2021-03-07,사계절_데님셋업,01_시즌,사계절,10609,441,24259031,79900,11720,54972.0,51133.0,51123.0,124337480,847659100,5168520,35235900,55009,31,1525,96894667,17873000,121847500,14.37,0.56,0,8.4
2021,2021-03-07,사계절_셋업,01_시즌,사계절,41044,2170,88443507,131950,16838,75440.0,75810.0,76338.0,691098872,5415755800,36538460,286331500,40757,69,8646,374240585,145723472,1141747200,21.07,0.28,0,8.4
2021,2021-03-07,사계절_셋업셔츠,01_시즌,사계절,102915,2117,66887856,48234,7656,30636.0,31259.0,30818.0,787917240,4964002110,16207752,102111378,31596,34,16032,513303181,122740992,773287488,15.58,0.44,0,8.4
2021,2021-03-07,여름_가성비 수트셋업,01_시즌,여름,20599,1536,162032743,157333,33244,108160.0,111135.0,123276.0,684793156,3240902467,51062784,241663488,105490,33,3205,355631995,106473036,504785641,15.56,0.32,0,8.4
2021,2021-03-07,여름_고가 수트셋업,01_시즌,여름,6668,648,72760186,199000,33513,98189.0,123310.0,135248.0,223464684,1326932000,21716424,128952000,112284,44,1503,189660556,50779404,299097000,22.54,0.54,0,8.4
2021,2021-03-07,여름_디자인팬츠,01_시즌,여름,7666,45,2498223,139000,15350,60265.0,81966.0,75327.0,117673100,1065574000,690750,6255000,55516,60,275,26308184,4272550,38225000,3.59,0.17,0,8.4
2021,2021-03-07,여름_반팔티셔츠,01_시즌,여름,173664,536,21719996,72693,8346,46287.0,53350.0,26902.0,1449399744,12624157152,4473456,38963448,40522,44,750,30753316,5674852,52210048,0.43,0.02,0,8.4
2021,2021-03-07,여름_자켓,01_시즌,여름,10035,106,15403053,229000,28084,148430.0,149370.0,118262.0,281822940,2298015000,2976904,24274000,145312,37,317,55904823,9671314,75773000,3.16,0.15,0,8.4
2021,2021-03-07,여름_점퍼,01_시즌,여름,8338,821,84280781,224000,20458,98690.0,103971.0,109435.0,170578804,1867712000,16796018,183904000,102656,54,1552,187348942,31750816,347648000,18.61,0.81,0,8.4
2021,2021-03-07,여름_캐주얼셔츠,01_시즌,여름,140581,1977,71429963,69900,6614,41228.0,32669.0,23952.0,929802734,9826611900,13075878,138192300,36130,48,3385,125203618,21987110,236611500,2.41,0.1,0,8.4
2021,2021-03-07,여름_팬츠,01_시즌,여름,46670,0,0,79900,9858,,52274.0,35643.0,460072860,3728933000,0,0,52274,35,0,0,0,0,0.0,0.0,0,8.4
2021,2021-03-14,봄_가디건,01_시즌,봄,8976,699,42867841,159900,14254,61400.0,59665.0,79061.0,127943904,1435262400,9963546,111770100,61327,62,3071,210687623,43774034,491052900,34.21,1.15,0,10.5
2021,2021-03-14,봄_가성비 수트셋업,01_시즌,봄,24728,928,83538224,165667,32868,90218.0,89490.0,97673.0,812759904,4096613576,30501504,153738976,90020,46,9443,946797982,310372524,1564393481,38.19,0.68,0,10.5
2021,2021-03-14,봄_고가 수트셋업,01_시즌,봄,12924,229,24609255,249000,41924,94292.0,92204.0,116112.0,541825776,3218076000,9600596,57021000,107464,57,2724,306374304,114725220,682225842,21.08,0.3,0,10.5
2021,2021-03-14,봄_맨투맨셋업,01_시즌,봄,65972,3486,102616854,69900,7590,29546.0,27140.0,27610.0,500727480,4611442800,26458740,243671400,29437,58,21422,659196092,163058166,1497397800,32.47,0.87,0,10.5
2021,2021-03-14,봄_셋업셔츠,01_시즌,봄,24925,805,26059333,69900,6976,32850.0,29821.0,29786.0,173876800,1742257500,5615680,56269500,32372,54,6994,228797092,48790144,488880600,28.06,0.92,0,10.5
2021,2021-03-14,봄_스웨터,01_시즌,봄,49594,4106,143878833,97400,9388,35056.0,35126.0,37942.0,465588472,4830455600,38547128,399924400,35041,64,28176,1090015263,264516288,2744342400,56.81,1.56,0,10.5
2021,2021-03-14,봄_아우터,01_시즌,봄,34657,3077,270772879,371000,58946,135350.0,150638.0,168011.0,2042891522,12857747000,181376842,1141567000,87999,76,15406,1732593570,909925536,5724828000,44.45,0.33,0,10.5
2021,2021-03-14,사계절_가성비 수트셋업,01_시즌,사계절,49009,1659,142593305,149000,26949,84876.0,83315.0,100914.0,1320743541,7302341000,44708391,247191000,85951,42,17855,1569562567,479176158,2660395000,36.43,0.72,0,10.5
2021,2021-03-14,사계절_니트셋업,01_시즌,사계절,19983,1116,12807567,19900,5405,11476.0,12354.0,14508.0,108008115,397661700,6031980,22208400,11476,42,2668,34060802,14420540,53093200,13.35,0.15,0,10.5
2021,2021-03-14,사계절_데님셋업,01_시즌,사계절,10609,400,21018843,79900,11720,52532.0,51133.0,51123.0,124337480,847659100,4688000,31960000,52547,34,1925,117913510,22561000,153807500,18.14,0.68,0,10.5
2021,2021-03-14,사계절_셋업,01_시즌,사계절,41044,2438,101522491,131950,16838,75296.0,75810.0,76338.0,691098872,5415755800,41051044,321694100,41642,68,11084,475763076,186774516,1463441300,27.01,0.36,0,10.5
2021,2021-03-14,사계절_셋업셔츠,01_시즌,사계절,102915,1748,54667830,48234,7656,30973.0,31259.0,30818.0,787917240,4964002110,13382688,84313032,31275,35,17780,567971011,136123680,857600520,17.28,0.48,0,10.5
2021,2021-03-14,여름_가성비 수트셋업,01_시즌,여름,32563,2729,298533558,155250,32579,111438.0,111135.0,123276.0,1060869977,5055405750,88908091,423677250,109393,30,5934,654165553,195381127,928462891,18.22,0.38,0,10.5
2021,2021-03-14,여름_고가 수트셋업,01_시즌,여름,9176,426,51317966,199000,34197,124576.0,123310.0,135248.0,313791672,1826024000,14567922,84774000,120465,39,1929,240978522,65347326,383871000,21.02,0.49,0,10.5
2021,2021-03-14,여름_디자인팬츠,01_시즌,여름,7666,233,20925849,139000,15350,91050.0,81966.0,75327.0,117673100,1065574000,3576550,32387000,89811,35,508,47234033,7849100,70612000,6.63,0.3,0,10.5
2021,2021-03-14,여름_반팔티셔츠,01_시즌,여름,266703,420,11719066,72344,8193,58246.0,53350.0,26902.0,2185097679,19294361832,3441060,30384480,27903,61,1170,42472382,9115912,82594528,0.44,0.01,0,10.5
2021,2021-03-14,여름_자켓,01_시즌,여름,10035,218,35238511,229000,28084,158516.0,149370.0,118262.0,281822940,2298015000,6122312,49922000,161645,29,535,91143334,15793626,125695000,5.33,0.24,0,10.5
2021,2021-03-14,여름_점퍼,01_시즌,여름,8338,953,105027018,224000,20458,109020.0,103971.0,109435.0,170578804,1867712000,19496474,213472000,110207,51,2505,292375960,51247290,561120000,30.04,1.26,0,10.5
2021,2021-03-14,여름_캐주얼셔츠,01_시즌,여름,140581,1368,46205597,69900,6614,42682.0,32669.0,23952.0,929802734,9826611900,9047952,95623200,33776,52,4753,171409215,31035062,332234700,3.38,0.13,0,10.5
2021,2021-03-14,여름_팬츠,01_시즌,여름,50634,56,2743720,79900,9858,48995.0,52274.0,35643.0,499149972,4045656600,552048,4474400,48995,39,56,2743720,552048,4474400,0.11,0.0,0,10.5
2021,2021-03-21,봄_가디건,01_시즌,봄,8976,609,36399738,159900,14254,59707.0,59665.0,79061.0,127943904,1435262400,8680686,97379100,59770,63,3680,247087361,52454720,588432000,41.0,1.35,0,9.8
2021,2021-03-21,봄_가성비 수트셋업,01_시즌,봄,24728,652,58230576,165667,32868,89348.0,89490.0,97673.0,812759904,4096613576,21429936,108014884,89311,46,10095,1005028558,331802460,1672408365,40.82,0.72,0,9.8
2021,2021-03-21,봄_고가 수트셋업,01_시즌,봄,12924,231,24607148,249000,41924,91076.0,92204.0,116112.0,541825776,3218076000,9684444,57519000,106524,57,2955,330981452,124409664,739744842,22.86,0.33,0,9.8
2021,2021-03-21,봄_맨투맨셋업,01_시즌,봄,65972,4549,111560594,69900,7590,24918.0,27140.0,27610.0,500727480,4611442800,34526910,317975100,24524,65,25971,770756686,197585076,1815372900,39.37,1.0,0,9.8
2021,2021-03-21,봄_셋업셔츠,01_시즌,봄,24925,863,25392481,69900,6976,28778.0,29821.0,29786.0,173876800,1742257500,6020288,60323700,29424,58,7857,254189573,54810432,549204300,31.52,1.01,0,9.8
2021,2021-03-21,봄_스웨터,01_시즌,봄,49594,2772,100480676,97400,9388,36280.0,35126.0,37942.0,465588472,4830455600,26023536,269992800,36248,63,30948,1190495939,290539824,3014335200,62.4,1.7,0,9.8
2021,2021-03-21,봄_아우터,01_시즌,봄,34657,3019,247633281,371000,58946,155410.0,150638.0,168011.0,2042891522,12857747000,177957974,1120049000,82025,78,18425,1980226851,1087883510,6844877000,53.16,0.35,0,9.8
2021,2021-03-21,사계절_가성비 수트셋업,01_시즌,사계절,49009,2335,173308671,149000,26949,81208.0,83315.0,100914.0,1320743541,7302341000,62925915,347915000,74222,50,20190,1742871238,542102073,3008310000,41.2,0.79,0,9.8
2021,2021-03-21,사계절_니트셋업,01_시즌,사계절,19983,2623,33624268,19900,5405,12819.0,12354.0,14508.0,108008115,397661700,14177315,52197700,12819,36,5291,67685070,28597855,105290900,26.48,0.3,0,9.8
2021,2021-03-21,사계절_데님셋업,01_시즌,사계절,10609,686,34046910,79900,11720,48021.0,51133.0,51123.0,124337480,847659100,8039920,54811400,49631,38,2611,151960420,30600920,208618900,24.61,0.86,0,9.8
2021,2021-03-21,사계절_셋업,01_시즌,사계절,41044,2356,98591129,131950,16838,76750.0,75810.0,76338.0,691098872,5415755800,39670328,310874200,41847,68,13440,574354205,226444844,1774315500,32.75,0.43,0,9.8
2021,2021-03-21,사계절_셋업셔츠,01_시즌,사계절,102915,1975,62640692,48234,7656,31165.0,31259.0,30818.0,787917240,4964002110,15120600,95262150,31717,34,19755,630611703,151244280,952862670,19.2,0.54,0,9.8
2021,2021-03-21,여름_가성비 수트셋업,01_시즌,여름,33573,2783,302877633,159000,33002,111566.0,111135.0,123276.0,1107976146,5338107000,91844566,442497000,108831,32,8717,957043186,287225693,1370959891,25.96,0.53,0,9.8
2021,2021-03-21,여름_고가 수트셋업,01_시즌,여름,15571,353,43749615,199000,34790,127217.0,123310.0,135248.0,541715090,3098629000,12280870,70247000,123937,38,2282,284728137,77628196,454118000,14.66,0.33,0,9.8
2021,2021-03-21,여름_디자인팬츠,01_시즌,여름,11929,204,17133916,139000,14867,85148.0,81966.0,75327.0,177348443,1658131000,3032868,28356000,83990,40,712,64367949,10881968,98968000,5.97,0.27,0,9.8
2021,2021-03-21,여름_반팔스웨터,01_시즌,여름,28226,1126,65372550,89900,7944,58057.0,104945.0,41230.0,224227344,2537517400,8944944,101227400,58057,35,1126,65372550,8944944,101227400,3.99,0.23,0,9.8
2021,2021-03-21,여름_반팔티셔츠,01_시즌,여름,295740,2401,69571365,73855,8582,44212.0,53350.0,26902.0,2538040680,21841877700,20605382,177325855,28976,61,3571,112043747,29721294,259920383,1.21,0.03,0,9.8
2021,2021-03-21,여름_자켓,01_시즌,여름,18435,299,48143764,229000,27660,144682.0,149370.0,118262.0,509912100,4221615000,8270340,68471000,161016,30,834,139287098,24063966,194166000,4.52,0.2,0,9.8
2021,2021-03-21,여름_점퍼,01_시즌,여름,8338,949,100254786,224000,20458,104714.0,103971.0,109435.0,170578804,1867712000,19414642,212576000,105643,53,3454,392630746,70661932,773696000,41.42,1.68,0,9.8
2021,2021-03-21,여름_캐주얼셔츠,01_시즌,여름,151230,2931,97323255,69900,7003,32288.0,32669.0,23952.0,1059063690,10570977000,20525793,204876900,33205,52,7684,268732470,51560855,537111600,5.08,0.18,0,9.8
2021,2021-03-21,여름_팬츠,01_시즌,여름,61634,355,19338520,83233,9646,53644.0,52274.0,35643.0,594521564,5129982722,3424330,29547715,54475,35,411,22082240,3976378,34022115,0.67,0.03,0,9.8
2021,2021-03-28,봄_가디건,01_시즌,봄,8976,659,36137443,159900,14254,55036.0,59665.0,79061.0,127943904,1435262400,9393386,105374100,54837,66,4339,283224804,61848106,693806100,48.34,1.53,0,13.6
2021,2021-03-28,봄_가성비 수트셋업,01_시즌,봄,24728,527,45795694,165667,32868,87010.0,89490.0,97673.0,812759904,4096613576,17321436,87306509,86899,48,10622,1050824252,349123896,1759714874,42.96,0.75,0,13.6
2021,2021-03-28,봄_고가 수트셋업,01_시즌,봄,12924,169,18379610,249000,41924,88804.0,92204.0,116112.0,541825776,3218076000,7085156,42081000,108755,56,3124,349361062,131494820,781825842,24.17,0.34,0,13.6
2021,2021-03-28,봄_맨투맨셋업,01_시즌,봄,65972,3188,77082753,69900,7590,25151.0,27140.0,27610.0,500727480,4611442800,24196920,222841200,24179,65,29159,847839439,221781996,2038214100,44.2,1.1,0,13.6
2021,2021-03-28,봄_셋업셔츠,01_시즌,봄,24925,586,16439817,69900,6976,27810.0,29821.0,29786.0,173876800,1742257500,4087936,40961400,28054,60,8443,270629390,58898368,590165700,33.87,1.08,0,13.6
2021,2021-03-28,봄_스웨터,01_시즌,봄,49594,1715,61237207,97400,9388,35967.0,35126.0,37942.0,465588472,4830455600,16100420,167041000,35707,63,32663,1251733146,306640244,3181376200,65.86,1.79,0,13.6
2021,2021-03-28,봄_아우터,01_시즌,봄,34657,2788,162265387,371000,58946,155114.0,150638.0,168011.0,2042891522,12857747000,164341448,1034348000,58201,84,21213,2142492238,1252224958,7879225000,61.21,0.34,0,13.6
2021,2021-03-28,사계절_가성비 수트셋업,01_시즌,사계절,49009,1267,108115630,149000,26949,83818.0,83315.0,100914.0,1320743541,7302341000,34144383,188783000,85332,43,21457,1850986868,576246456,3197093000,43.78,0.84,0,13.6
2021,2021-03-28,사계절_니트셋업,01_시즌,사계절,19983,3131,36748330,19900,5405,11737.0,12354.0,14508.0,108008115,397661700,16923055,62306900,11737,41,8422,104433400,45520910,167597800,42.15,0.46,0,13.6
2021,2021-03-28,사계절_데님셋업,01_시즌,사계절,10609,594,29881421,79900,11720,49007.0,51133.0,51123.0,124337480,847659100,6961680,47460600,50305,37,3205,181841841,37562600,256079500,30.21,1.03,0,13.6
2021,2021-03-28,사계절_셋업,01_시즌,사계절,41044,1953,78820958,131950,16838,75756.0,75810.0,76338.0,691098872,5415755800,32884614,257698350,40359,69,15393,653175163,259329458,2032013850,37.5,0.48,0,13.6
2021,2021-03-28,사계절_셋업셔츠,01_시즌,사계절,102915,1777,58096798,48234,7656,32262.0,31259.0,30818.0,787917240,4964002110,13604712,85711818,32694,32,21532,688708501,164848992,1038574488,20.92,0.59,0,13.6
2021,2021-03-28,여름_가성비 수트셋업,01_시즌,여름,34580,2474,260976850,159000,33002,112346.0,111135.0,123276.0,1141209160,5498220000,81646948,393366000,105488,34,11191,1218020036,368872641,1764325891,32.36,0.65,0,13.6
2021,2021-03-28,여름_고가 수트셋업,01_시즌,여름,19562,1007,127994994,199000,35020,129958.0,123310.0,135248.0,685061240,3892838000,35265140,200393000,127105,36,3289,412723131,112893336,654511000,16.81,0.38,0,13.6
2021,2021-03-28,여름_디자인팬츠,01_시즌,여름,18476,746,64498373,139000,15250,86684.0,81966.0,75327.0,281759000,2568164000,11376500,103694000,86459,38,1458,128866322,22258468,202662000,7.89,0.34,0,13.6
2021,2021-03-28,여름_반팔스웨터,01_시즌,여름,39356,449,12227519,89900,8366,151528.0,104945.0,41230.0,329252296,3538104400,3756334,40365100,27233,70,1575,77600069,12701278,141592500,4.0,0.18,0,13.6
2021,2021-03-28,여름_반팔티셔츠,01_시즌,여름,295740,3063,62145540,73855,8582,55246.0,53350.0,26902.0,2538040680,21841877700,26286666,226217865,20289,73,6634,174189287,56007960,486138248,2.24,0.04,0,13.6
2021,2021-03-28,여름_자켓,01_시즌,여름,27587,821,128361094,229000,27266,144342.0,149370.0,118262.0,752187142,6317423000,22385386,188009000,156347,32,1655,267648192,46449352,382175000,6.0,0.26,0,13.6
2021,2021-03-28,여름_점퍼,01_시즌,여름,8338,884,90802900,224000,20458,103460.0,103971.0,109435.0,170578804,1867712000,18084872,198016000,102718,54,4338,483433646,88746804,971712000,52.03,2.06,0,13.6
2021,2021-03-28,여름_캐주얼셔츠,01_시즌,여름,151230,2564,68744223,69900,7003,26604.0,32669.0,23952.0,1059063690,10570977000,17955692,179223600,26811,62,10248,337476693,69516547,716335200,6.78,0.22,0,13.6
2021,2021-03-28,여름_팬츠,01_시즌,여름,102357,794,43300790,85900,9928,52455.0,52274.0,35643.0,1016200296,8792466300,7882832,68204600,54535,37,1205,65383030,11859210,102226715,1.18,0.05,0,13.6
2021,2021-04-04,봄_가디건,01_시즌,봄,8976,577,33327868,159900,14254,57720.0,55133.0,79061.0,127943904,1435262400,8224558,92262300,57761,64,4916,316552672,70072664,786068400,54.77,1.7,0,13.0
2021,2021-04-04,봄_가성비 수트셋업,01_시즌,봄,24728,514,45119212,165667,32868,89647.0,89553.0,97673.0,812759904,4096613576,16894152,85152838,87781,47,11136,1095943464,366018048,1844867712,45.03,0.78,0,13.0
2021,2021-04-04,봄_고가 수트셋업,01_시즌,봄,12924,184,22631506,249000,41924,111547.0,103971.0,116112.0,541825776,3218076000,7714016,45816000,122997,51,3308,371992568,139208836,827641842,25.6,0.37,0,13.0
2021,2021-04-04,봄_맨투맨셋업,01_시즌,봄,65972,4204,92135849,69900,7590,23712.0,23054.0,27610.0,500727480,4611442800,31908360,293859600,21916,69,33363,939975288,253690356,2332073700,50.57,1.2,0,13.0
2021,2021-04-04,봄_셋업셔츠,01_시즌,봄,24925,709,19233888,69900,6976,27516.0,26380.0,29786.0,173876800,1742257500,4945984,49559100,27128,61,9152,289863278,63844352,639724800,36.72,1.15,0,13.0
2021,2021-04-04,봄_스웨터,01_시즌,봄,49594,2783,74190544,97400,9388,26341.0,34443.0,37942.0,465588472,4830455600,26126804,271064200,26658,73,35446,1325923690,332767048,3452440400,71.47,1.87,0,13.0
2021,2021-04-04,봄_아우터,01_시즌,봄,34657,2341,173093660,371000,58946,153532.0,155419.0,168011.0,2042891522,12857747000,137992586,868511000,73940,80,23554,2315585898,1390217544,8747736000,67.96,0.35,0,13.0
2021,2021-04-04,사계절_가성비 수트셋업,01_시즌,사계절,49009,1303,123292663,149000,26959,85618.0,89497.0,100914.0,1321233631,7302341000,35127577,194147000,94622,36,22760,1974279531,611374033,3391240000,46.44,0.9,0,13.0
2021,2021-04-04,사계절_니트셋업,01_시즌,사계절,19983,1368,18927696,19900,5405,13836.0,13288.0,14508.0,108008115,397661700,7394040,27223200,13836,30,9790,123361096,52914950,194821000,48.99,0.55,0,13.0
2021,2021-04-04,사계절_데님셋업,01_시즌,사계절,10609,409,22455066,79900,11720,54457.0,45690.0,51123.0,124337480,847659100,4793480,32679100,54902,31,3614,204296907,42356080,288758600,34.07,1.15,0,13.0
2021,2021-04-04,사계절_셋업,01_시즌,사계절,41044,2375,99588190,131950,16838,72212.0,74238.0,76338.0,691098872,5415755800,39990250,313381250,41932,68,17768,752763353,299319708,2345395100,43.29,0.56,0,13.0
2021,2021-04-04,사계절_셋업셔츠,01_시즌,사계절,102915,2102,65548791,48234,7656,30191.0,29869.0,30818.0,787917240,4964002110,16092912,101387868,31184,35,23634,754257292,180941904,1139962356,22.96,0.64,0,13.0
2021,2021-04-04,여름_가성비 수트셋업,01_시즌,여름,34580,3049,331687423,159000,33002,113060.0,116345.0,123276.0,1141209160,5498220000,100623098,484791000,108786,32,14240,1549707459,469495739,2249116891,41.18,0.82,0,13.0
2021,2021-04-04,여름_고가 수트셋업,01_시즌,여름,19562,736,95497521,199000,35020,131380.0,138102.0,135248.0,685061240,3892838000,25774720,146464000,129752,35,4025,508220652,138668056,800975000,20.58,0.47,0,13.0
2021,2021-04-04,여름_디자인팬츠,01_시즌,여름,19477,793,69777562,139000,15250,88016.0,78197.0,75327.0,297024250,2707303000,12093250,110227000,87992,37,2251,198643884,34351718,312889000,11.56,0.49,0,13.0
2021,2021-04-04,여름_반바지,01_시즌,여름,1200,0,0,49900,6012,,39920.0,26361.0,7214400,59880000,0,0,39920,20,0,0,0,0,0.0,0.0,0,13.0
2021,2021-04-04,여름_반팔스웨터,01_시즌,여름,39356,1770,101408550,89900,8929,56625.0,47545.0,41230.0,351409724,3538104400,15804330,159123000,57293,36,3345,179008619,28505608,300715500,8.5,0.38,0,13.0
2021,2021-04-04,여름_반팔티셔츠,01_시즌,여름,544670,5268,143762796,74868,8678,44198.0,37472.0,26902.0,4726646260,40778353560,45715704,394404624,27290,64,11902,317952083,101723664,880542872,2.19,0.04,0,13.0
2021,2021-04-04,여름_자켓,01_시즌,여름,34729,1307,211932519,229000,28016,152368.0,137212.0,118262.0,972967664,7952941000,36616912,299303000,162152,29,2962,479580711,83066264,681478000,8.53,0.36,0,13.0
2021,2021-04-04,여름_점퍼,01_시즌,여름,8338,561,58043000,224000,20458,108248.0,103563.0,109435.0,170578804,1867712000,11476938,125664000,103463,54,4899,541476646,100223742,1097376000,58.76,2.3,0,13.0
2021,2021-04-04,여름_캐주얼셔츠,01_시즌,여름,151230,3706,120835375,69900,6922,32764.0,33557.0,23952.0,1046814060,10570977000,25652932,259049400,32605,53,13954,458312068,95169479,975384600,9.23,0.31,0,13.0
2021,2021-04-04,여름_팬츠,01_시즌,여름,112292,1918,74916048,85900,9906,41594.0,43447.0,35643.0,1112364552,9645882800,18999708,164756200,39059,55,3123,140299078,30858918,266982915,2.78,0.09,0,13.0
2021,2021-04-11,봄_가디건,01_시즌,봄,8976,414,22684643,159900,14254,54995.0,55133.0,79061.0,127943904,1435262400,5901156,66198600,54794,66,5330,339237315,75973820,852267000,59.38,1.82,0,11.4
2021,2021-04-11,봄_가성비 수트셋업,01_시즌,봄,24728,553,50457365,165667,32868,90300.0,89553.0,97673.0,812759904,4096613576,18176004,91613851,91243,45,11689,1146400829,384194052,1936481563,47.27,0.81,0,11.4
2021,2021-04-11,봄_고가 수트셋업,01_시즌,봄,12924,160,20369150,249000,41924,103376.0,103971.0,116112.0,541825776,3218076000,6707840,39840000,127307,49,3468,392361718,145916676,867481842,26.83,0.39,0,11.4
2021,2021-04-11,봄_맨투맨셋업,01_시즌,봄,65972,2000,45179563,69900,7590,24070.0,23054.0,27610.0,500727480,4611442800,15180000,139800000,22590,68,35363,985154851,268870356,2471873700,53.6,1.25,0,11.4
2021,2021-04-11,봄_셋업셔츠,01_시즌,봄,24925,573,15767579,69900,6976,27056.0,26380.0,29786.0,173876800,1742257500,3997248,40052700,27518,61,9725,305630857,67841600,679777500,39.02,1.21,0,11.4
2021,2021-04-11,봄_스웨터,01_시즌,봄,49594,416,15862821,97400,9388,38188.0,34443.0,37942.0,465588472,4830455600,3905408,40518400,38132,61,35862,1341786511,336672456,3492958800,72.31,1.9,0,11.4
2021,2021-04-11,봄_아우터,01_시즌,봄,34657,1555,66373529,371000,58946,157522.0,155419.0,168011.0,2042891522,12857747000,91661030,576905000,42684,88,25109,2381959427,1481878574,9324641000,72.45,0.33,0,11.4
2021,2021-04-11,사계절_가성비 수트셋업,01_시즌,사계절,49009,1591,142324913,149000,26959,88059.0,89497.0,100914.0,1321233631,7302341000,42891769,237059000,89456,40,24351,2116604444,654265802,3628299000,49.69,0.96,0,11.4
2021,2021-04-11,사계절_니트셋업,01_시즌,사계절,19983,1528,20412079,19900,5405,13359.0,13288.0,14508.0,108008115,397661700,8258840,30407200,13359,33,11318,143773175,61173790,225228200,56.64,0.64,0,11.4
2021,2021-04-11,사계절_데님셋업,01_시즌,사계절,10609,616,27008193,79900,11720,44055.0,45690.0,51123.0,124337480,847659100,7219520,49218400,43844,45,4230,231305100,49575600,337977000,39.87,1.29,0,11.4
2021,2021-04-11,사계절_셋업,01_시즌,사계절,41044,1411,62337728,131950,16838,74894.0,74238.0,76338.0,691098872,5415755800,23758418,186181450,44180,67,19179,815101081,323078126,2531576550,46.73,0.6,0,11.4
2021,2021-04-11,사계절_셋업셔츠,01_시즌,사계절,102915,1955,63384441,48234,7656,30528.0,29869.0,30818.0,787917240,4964002110,14967480,94297470,32422,33,25589,817641733,195909384,1234259826,24.86,0.69,0,11.4
2021,2021-04-11,여름_가성비 수트셋업,01_시즌,여름,34580,2456,275333878,159000,33002,116649.0,116345.0,123276.0,1141209160,5498220000,81052912,390504000,112107,29,16696,1825041337,550548651,2639620891,48.28,0.97,0,11.4
2021,2021-04-11,여름_고가 수트셋업,01_시즌,여름,21688,877,112861714,199000,34696,130178.0,138102.0,135248.0,752486848,4315912000,30428392,174523000,128691,35,4902,621082366,169096448,975498000,22.6,0.53,0,11.4
2021,2021-04-11,여름_디자인팬츠,01_시즌,여름,19477,614,45252442,139000,15250,73364.0,78197.0,75327.0,297024250,2707303000,9363500,85346000,73701,47,2865,243896326,43715218,398235000,14.71,0.6,0,11.4
2021,2021-04-11,여름_반바지,01_시즌,여름,1200,0,0,49900,6012,,39920.0,26361.0,7214400,59880000,0,0,39920,20,0,0,0,0,0.0,0.0,0,11.4
2021,2021-04-11,여름_반팔스웨터,01_시즌,여름,39356,1878,85724475,89900,8929,46072.0,47545.0,41230.0,351409724,3538104400,16768662,168832200,45647,49,5223,264733094,45274270,469547700,13.27,0.56,0,11.4
2021,2021-04-11,여름_반팔티셔츠,01_시즌,여름,622281,5431,136269008,74868,8020,31915.0,37472.0,26902.0,4990693620,46588933908,43556620,406608108,25091,66,17333,454221091,145280284,1287150980,2.79,0.05,0,11.4
2021,2021-04-11,여름_자켓,01_시즌,여름,52898,1509,216001692,229000,28818,137170.0,137212.0,118262.0,1524414564,12113642000,43486362,345561000,143142,37,4471,695582403,126552626,1027039000,8.45,0.33,0,11.4
2021,2021-04-11,여름_점퍼,01_시즌,여름,8338,495,49763600,224000,20458,106352.0,103563.0,109435.0,170578804,1867712000,10126710,110880000,100533,55,5394,591240246,110350452,1208256000,64.69,2.5,0,11.4
2021,2021-04-11,여름_캐주얼셔츠,01_시즌,여름,161958,4037,127180226,69900,6668,31160.0,33557.0,23952.0,1079935944,11320864200,26918716,282186300,31504,55,17991,585492294,122088195,1257570900,11.11,0.38,0,11.4
2021,2021-04-11,여름_팬츠,01_시즌,여름,112292,2203,105358864,85900,9906,47987.0,43447.0,35643.0,1112364552,9645882800,21822918,189237700,47825,44,5326,245657942,52681836,456220615,4.74,0.15,0,11.4
2021,2021-04-18,봄_가디건,01_시즌,봄,8976,614,31813602,159900,14254,51353.0,55133.0,79061.0,127943904,1435262400,8751956,98178600,51814,68,5944,371050917,84725776,950445600,66.22,1.97,0,16.3
2021,2021-04-18,봄_가성비 수트셋업,01_시즌,봄,24728,547,49210500,165667,32868,89383.0,89553.0,97673.0,812759904,4096613576,17978796,90619849,89964,46,12236,1195611329,402172848,2027101412,49.48,0.84,0,16.3
2021,2021-04-18,봄_고가 수트셋업,01_시즌,봄,12924,149,18645600,249000,41924,94322.0,103971.0,116112.0,541825776,3218076000,6246676,37101000,125138,50,3617,411007318,152163352,904582842,27.99,0.41,0,16.3
2021,2021-04-18,봄_맨투맨셋업,01_시즌,봄,65972,1768,37193675,69900,7590,22293.0,23054.0,27610.0,500727480,4611442800,13419120,123583200,21037,70,37131,1022348526,282289476,2595456900,56.28,1.29,0,16.3
2021,2021-04-18,봄_셋업셔츠,01_시즌,봄,24925,452,10708842,69900,6976,23984.0,26380.0,29786.0,173876800,1742257500,3153152,31594800,23692,66,10177,316339699,70994752,711372300,40.83,1.25,0,16.3
2021,2021-04-18,봄_스웨터,01_시즌,봄,49594,228,8333764,97400,9388,39146.0,34443.0,37942.0,465588472,4830455600,2140464,22207200,36552,62,36090,1350120275,338812920,3515166000,72.77,1.91,0,16.3
2021,2021-04-18,봄_아우터,01_시즌,봄,34657,688,43488601,371000,58946,156247.0,155419.0,168011.0,2042891522,12857747000,40554848,255248000,63210,83,25797,2425448028,1522433422,9579889000,74.44,0.33,0,16.3
2021,2021-04-18,사계절_가성비 수트셋업,01_시즌,사계절,49009,2606,177675880,149000,26959,86490.0,89497.0,100914.0,1321233631,7302341000,70255154,388294000,68180,54,26957,2294280324,724520956,4016593000,55.0,1.03,0,16.3
2021,2021-04-18,사계절_니트셋업,01_시즌,사계절,19983,1322,16407874,19900,5405,12411.0,13288.0,14508.0,108008115,397661700,7145410,26307800,12411,38,12640,160181049,68319200,251536000,63.25,0.72,0,16.3
2021,2021-04-18,사계절_데님셋업,01_시즌,사계절,10609,1142,40981704,79900,11720,34968.0,45690.0,51123.0,124337480,847659100,13384240,91245800,35886,55,5372,272286804,62959840,429222800,50.64,1.48,0,16.3
2021,2021-04-18,사계절_셋업,01_시즌,사계절,41044,2845,101664235,131950,16838,73330.0,74238.0,76338.0,691098872,5415755800,47904110,375397750,35734,73,22024,916765316,370982236,2906974300,53.66,0.67,0,16.3
2021,2021-04-18,사계절_셋업셔츠,01_시즌,사계절,102915,1692,53996501,48234,7656,29922.0,29869.0,30818.0,787917240,4964002110,12953952,81611928,31913,34,27281,871638234,208863336,1315871754,26.51,0.74,0,16.3
2021,2021-04-18,여름_가성비 수트셋업,01_시즌,여름,34580,2185,247827394,159000,33002,118842.0,116345.0,123276.0,1141209160,5498220000,72109370,347415000,113422,29,18881,2072868731,622658021,2987035891,54.6,1.11,0,16.3
2021,2021-04-18,여름_고가 수트셋업,01_시즌,여름,21688,722,102796487,199000,34696,142172.0,138102.0,135248.0,752486848,4315912000,25050512,143678000,142377,28,5624,723878853,194146960,1119176000,25.93,0.62,0,16.3
2021,2021-04-18,여름_디자인팬츠,01_시즌,여름,19477,973,72302165,139000,15250,74821.0,78197.0,75327.0,297024250,2707303000,14838250,135247000,74308,47,3838,316198491,58553468,533482000,19.71,0.77,0,16.3
2021,2021-04-18,여름_반바지,01_시즌,여름,5350,0,0,49900,6012,,39920.0,26361.0,32164200,266965000,0,0,39920,20,0,0,0,0,0.0,0.0,0,16.3
2021,2021-04-18,여름_반팔스웨터,01_시즌,여름,39356,2259,102432016,89900,8929,47399.0,47545.0,41230.0,351409724,3538104400,20170611,203084100,45344,50,7482,367165110,65444881,672631800,19.01,0.76,0,16.3
2021,2021-04-18,여름_반팔티셔츠,01_시즌,여름,643196,6663,162817051,75497,8134,30756.0,37472.0,26902.0,5231756264,48559368412,54196842,503036511,24436,68,23996,617038142,199477126,1790187491,3.73,0.07,0,16.3
2021,2021-04-18,여름_자켓,01_시즌,여름,52898,1546,216762233,229000,28818,131505.0,137212.0,118262.0,1524414564,12113642000,44552628,354034000,140208,39,6017,912344636,171105254,1381073000,11.37,0.43,0,16.3
2021,2021-04-18,여름_점퍼,01_시즌,여름,8338,424,40999550,224000,20458,98244.0,103563.0,109435.0,170578804,1867712000,8674192,94976000,96697,57,5818,632239796,119024644,1303232000,69.78,2.67,0,16.3
2021,2021-04-18,여름_캐주얼셔츠,01_시즌,여름,207862,4494,140288008,69900,6416,37451.0,33557.0,23952.0,1333642592,14529553800,28833504,314130600,31217,55,22485,725780302,150921699,1571701500,10.82,0.38,0,16.3
2021,2021-04-18,여름_팬츠,01_시즌,여름,112821,2177,101068917,85900,9905,47291.0,43447.0,35643.0,1117492005,9691323900,21563185,187004300,46426,46,7503,346726859,74245021,643224915,6.65,0.22,0,16.3
2021,2021-04-25,봄_가디건,01_시즌,봄,8976,189,10461851,159900,14254,56466.0,55133.0,79061.0,127943904,1435262400,2694006,30221100,55354,65,6133,381512768,87419782,980666700,68.33,2.03,0,14.3
2021,2021-04-25,봄_가성비 수트셋업,01_시즌,봄,24728,486,44184648,165667,32868,88882.0,89553.0,97673.0,812759904,4096613576,15973848,80514162,90915,45,12722,1239795977,418146696,2107615574,51.45,0.87,0,14.3
2021,2021-04-25,봄_고가 수트셋업,01_시즌,봄,12924,101,13770600,249000,41924,104691.0,103971.0,116112.0,541825776,3218076000,4234324,25149000,136343,45,3718,424777918,156397676,929731842,28.77,0.42,0,14.3
2021,2021-04-25,봄_맨투맨셋업,01_시즌,봄,65972,789,16074842,69900,7590,22140.0,23054.0,27610.0,500727480,4611442800,5988510,55151100,20374,71,37920,1038423368,288277986,2650608000,57.48,1.31,0,14.3
2021,2021-04-25,봄_셋업셔츠,01_시즌,봄,24925,285,7668506,69900,6976,26963.0,26380.0,29786.0,173876800,1742257500,1988160,19921500,26907,62,10462,324008205,72982912,731293800,41.97,1.27,0,14.3
2021,2021-04-25,봄_스웨터,01_시즌,봄,49594,205,7097364,97400,9388,34099.0,34443.0,37942.0,465588472,4830455600,1924540,19967000,34621,64,36295,1357217639,340737460,3535133000,73.18,1.92,0,14.3
2021,2021-04-25,봄_아우터,01_시즌,봄,34657,412,35283815,371000,58946,154362.0,155419.0,168011.0,2042891522,12857747000,24285752,152852000,85640,77,26209,2460731843,1546719174,9732741000,75.62,0.34,0,14.3
2021,2021-04-25,사계절_가성비 수트셋업,01_시즌,사계절,49009,1283,126927158,149000,26959,97821.0,89497.0,100914.0,1321233631,7302341000,34588397,191167000,98930,34,28240,2421207482,759109353,4207760000,57.62,1.09,0,14.3
2021,2021-04-25,사계절_니트셋업,01_시즌,사계절,19983,687,9306332,19900,5405,13546.0,13288.0,14508.0,108008115,397661700,3713235,13671300,13546,32,13327,169487381,72032435,265207300,66.69,0.76,0,14.3
2021,2021-04-25,사계절_데님셋업,01_시즌,사계절,10609,393,18658264,79900,11720,49278.0,45690.0,51123.0,124337480,847659100,4605960,31400700,47476,41,5765,290945068,67565800,460623500,54.34,1.58,0,14.3
2021,2021-04-25,사계절_셋업,01_시즌,사계절,41044,814,36957222,131950,16838,76516.0,74238.0,76338.0,691098872,5415755800,13706132,107407300,45402,66,22838,953722538,384688368,3014381600,55.64,0.7,0,14.3
2021,2021-04-25,사계절_셋업셔츠,01_시즌,사계절,102915,2096,60502562,48234,7656,28836.0,29869.0,30818.0,787917240,4964002110,16046976,101098464,28866,40,29377,932140796,224910312,1416970218,28.54,0.79,0,14.3
2021,2021-04-25,여름_가성비 수트셋업,01_시즌,여름,34580,1878,205460377,159000,33002,116830.0,116345.0,123276.0,1141209160,5498220000,61977756,298602000,109404,31,20759,2278329108,684635777,3285637891,60.03,1.22,0,14.3
2021,2021-04-25,여름_고가 수트셋업,01_시즌,여름,21688,897,126014191,199000,34696,146516.0,138102.0,135248.0,752486848,4315912000,31122312,178503000,140484,29,6521,849893044,225269272,1297679000,30.07,0.73,0,14.3
2021,2021-04-25,여름_디자인팬츠,01_시즌,여름,19477,1036,80020452,139000,15250,76586.0,78197.0,75327.0,297024250,2707303000,15799000,144004000,77240,44,4874,396218943,74352468,677486000,25.02,0.96,0,14.3
2021,2021-04-25,여름_반바지,01_시즌,여름,7100,32,1277440,49900,6012,39920.0,39920.0,26361.0,42685200,354290000,192384,1596800,39920,20,32,1277440,192384,1596800,0.45,0.02,0,14.3
2021,2021-04-25,여름_반팔스웨터,01_시즌,여름,39356,2696,107205485,89900,8929,40085.0,47545.0,41230.0,351409724,3538104400,24072584,242370400,39765,56,10178,474370595,89517465,915002200,25.86,0.97,0,14.3
2021,2021-04-25,여름_반팔티셔츠,01_시즌,여름,653196,9129,221865268,75497,7651,42604.0,37472.0,26902.0,4997602596,49314338412,69845979,689212113,24303,68,33125,838903410,269323105,2479399604,5.07,0.1,0,14.3
2021,2021-04-25,여름_자켓,01_시즌,여름,54939,2083,290677117,229000,28818,131542.0,137212.0,118262.0,1583232102,12581031000,60027894,477007000,139547,39,8100,1203021753,231133148,1858080000,14.74,0.54,0,14.3
2021,2021-04-25,여름_점퍼,01_시즌,여름,8338,157,14989000,224000,20458,101408.0,103563.0,109435.0,170578804,1867712000,3211906,35168000,95471,57,5975,647228796,122236550,1338400000,71.66,2.73,0,14.3
2021,2021-04-25,여름_캐주얼셔츠,01_시즌,여름,240727,3882,120758388,69900,6284,30824.0,33557.0,23952.0,1512728468,16826817300,24394488,271351800,31107,55,26367,846538690,175316187,1843053300,10.95,0.39,0,14.3
2021,2021-04-25,여름_팬츠,01_시즌,여름,112821,3118,145039969,85900,9905,37083.0,43447.0,35643.0,1117492005,9691323900,30883790,267836200,46517,46,10621,491766828,105128811,911061115,9.41,0.31,0,14.3
2021,2021-05-02,봄_가디건,01_시즌,봄,8976,96,5240628,159900,14254,55796.0,53484.0,79061.0,127943904,1435262400,1368384,15350400,54590,66,6229,386753396,88788166,996017100,69.4,2.05,0,14.1
2021,2021-05-02,봄_가성비 수트셋업,01_시즌,봄,24728,435,40755000,165667,32868,92246.0,87338.0,97673.0,812759904,4096613576,14297580,72065145,93690,43,13157,1280550977,432444276,2179680719,53.21,0.9,0,14.1
2021,2021-05-02,봄_고가 수트셋업,01_시즌,봄,12924,94,13214000,249000,41924,108842.0,112640.0,116112.0,541825776,3218076000,3940856,23406000,140574,44,3812,437991918,160338532,953137842,29.5,0.44,0,14.1
2021,2021-05-02,봄_맨투맨셋업,01_시즌,봄,65972,579,12504186,69900,7608,24298.0,22532.0,27610.0,501914976,4611442800,4405032,40472100,21596,69,38499,1050927554,292683018,2691080100,58.36,1.32,0,14.1
2021,2021-05-02,봄_셋업셔츠,01_시즌,봄,24925,227,5557835,69900,6976,22186.0,22588.0,29786.0,173876800,1742257500,1583552,15867300,24484,65,10689,329566040,74566464,747161100,42.88,1.29,0,14.1
2021,2021-05-02,봄_스웨터,01_시즌,봄,49594,118,3401123,97400,9388,20110.0,34944.0,37942.0,465588472,4830455600,1107784,11493200,28823,70,36413,1360618762,341845244,3546626200,73.42,1.92,0,14.1
2021,2021-05-02,봄_아우터,01_시즌,봄,34657,226,19943196,371000,58946,187502.0,137068.0,168011.0,2042891522,12857747000,13321796,83846000,88244,76,26435,2480675039,1560040970,9816587000,76.28,0.34,0,14.1
2021,2021-05-02,사계절_가성비 수트셋업,01_시즌,사계절,49009,1288,130953722,149000,26972,96238.0,92052.0,100914.0,1321870748,7302341000,34739936,191912000,101672,32,29528,2552161204,793849289,4399672000,60.25,1.15,0,14.1
2021,2021-05-02,사계절_니트셋업,01_시즌,사계절,19983,243,4063097,19900,5405,16721.0,14548.0,14508.0,108008115,397661700,1313415,4835700,16721,16,13570,173550478,73345850,270043000,67.91,0.78,0,14.1
2021,2021-05-02,사계절_데님셋업,01_시즌,사계절,10609,139,8762853,79900,11938,60010.0,54243.0,51123.0,126650242,847659100,1659382,11106100,63042,21,5904,299707921,69225182,471729600,55.65,1.6,0,14.1
2021,2021-05-02,사계절_셋업,01_시즌,사계절,41044,721,34072791,131950,16838,74958.0,76147.0,76338.0,691098872,5415755800,12140198,95135950,47258,64,23559,987795329,396828566,3109517550,57.4,0.73,0,14.1
2021,2021-05-02,사계절_셋업셔츠,01_시즌,사계절,102915,1721,54739227,48234,7656,28276.0,30166.0,30818.0,787917240,4964002110,13175976,83010714,31807,34,31098,986880023,238086288,1499980932,30.22,0.84,0,14.1
2021,2021-05-02,여름_가성비 수트셋업,01_시즌,여름,34580,1485,172797649,159000,33002,122392.0,121832.0,123276.0,1141209160,5498220000,49007970,236115000,116362,27,22244,2451126757,733643747,3521752891,64.33,1.31,0,14.1
2021,2021-05-02,여름_고가 수트셋업,01_시즌,여름,21688,687,99892967,199000,34696,155616.0,146798.0,135248.0,752486848,4315912000,23836152,136713000,145405,27,7208,949786011,249105424,1434392000,33.23,0.82,0,14.1
2021,2021-05-02,여름_디자인팬츠,01_시즌,여름,19477,1291,99285035,139000,15250,77005.0,76318.0,75327.0,297024250,2707303000,19687750,179449000,76906,45,6165,495503978,94040218,856935000,31.65,1.2,0,14.1
2021,2021-05-02,여름_반바지,01_시즌,여름,15800,45,1309076,54900,6646,29091.0,36940.0,26361.0,105006800,867420000,299070,2470500,29091,47,77,2586516,491454,4067300,0.49,0.02,0,14.1
2021,2021-05-02,여름_반팔스웨터,01_시즌,여름,39356,2339,107427226,89900,8929,47431.0,43047.0,41230.0,351409724,3538104400,20884931,210276100,45929,49,12517,581797821,110402396,1125278300,31.8,1.19,0,14.1
2021,2021-05-02,여름_반팔티셔츠,01_시즌,여름,764163,8707,206707875,75497,7668,53721.0,32268.0,26902.0,5859601884,57692014011,66765276,657352379,23740,69,41832,1045611285,336088381,3136751983,5.47,0.1,0,14.1
2021,2021-05-02,여름_자켓,01_시즌,여름,54939,2229,315827762,229000,28818,133950.0,130818.0,118262.0,1583232102,12581031000,64235322,510441000,141690,38,10329,1518849515,295368470,2368521000,18.8,0.69,0,14.1
2021,2021-05-02,여름_점퍼,01_시즌,여름,8338,180,18135700,224000,20458,108458.0,96618.0,109435.0,170578804,1867712000,3682440,40320000,100754,55,6155,665364496,125918990,1378720000,73.82,2.81,0,14.1
2021,2021-05-02,여름_캐주얼셔츠,01_시즌,여름,240727,5225,179043694,69900,6486,38092.0,30510.0,23952.0,1561355322,16826817300,33889350,365227500,34267,51,31592,1025582384,209205537,2208280800,13.12,0.46,0,14.1
2021,2021-05-02,여름_팬츠,01_시즌,여름,112821,3175,128738089,85900,10079,41082.0,39311.0,35643.0,1137122859,9691323900,32000825,272732500,40547,53,13796,620504917,137129636,1183793615,12.23,0.38,0,14.1
2021,2021-05-09,봄_가디건,01_시즌,봄,8976,111,6178916,159900,14254,54582.0,53484.0,79061.0,127943904,1435262400,1582194,17748900,55666,65,6340,392932312,90370360,1013766000,70.63,2.09,0,19.8
2021,2021-05-09,봄_가성비 수트셋업,01_시즌,봄,24728,394,34863968,165667,32868,89438.0,87338.0,97673.0,812759904,4096613576,12949992,65272798,88487,47,13551,1315414945,445394268,2244953517,54.8,0.92,0,19.8
2021,2021-05-09,봄_고가 수트셋업,01_시즌,봄,12924,101,13913960,249000,41924,115139.0,112640.0,116112.0,541825776,3218076000,4234324,25149000,137762,45,3913,451905878,164572856,978286842,30.28,0.45,0,19.8
2021,2021-05-09,봄_맨투맨셋업,01_시즌,봄,65972,554,11388401,69900,7608,23450.0,22532.0,27610.0,501914976,4611442800,4214832,38724600,20557,71,39053,1062315955,296897850,2729804700,59.2,1.33,0,19.8
2021,2021-05-09,봄_셋업셔츠,01_시즌,봄,24925,183,4375350,69900,6976,23421.0,22588.0,29786.0,173876800,1742257500,1276608,12791700,23909,66,10872,333941390,75843072,759952800,43.62,1.31,0,19.8
2021,2021-05-09,봄_스웨터,01_시즌,봄,49594,51,2086824,97400,9388,40068.0,34944.0,37942.0,465588472,4830455600,478788,4967400,40918,58,36464,1362705586,342324032,3551593600,73.53,1.93,0,19.8
2021,2021-05-09,봄_아우터,01_시즌,봄,34657,218,14833308,371000,58946,141019.0,137068.0,168011.0,2042891522,12857747000,12850228,80878000,68043,82,26653,2495508347,1572891198,9897465000,76.91,0.34,0,19.8
2021,2021-05-09,사계절_가성비 수트셋업,01_시즌,사계절,49009,1540,139443489,149000,26972,91900.0,92052.0,100914.0,1321870748,7302341000,41536880,229460000,90548,39,31068,2691604693,835386169,4629132000,63.39,1.22,0,19.8
2021,2021-05-09,사계절_니트셋업,01_시즌,사계절,19983,328,5090086,19900,5405,15519.0,14548.0,14508.0,108008115,397661700,1772840,6527200,15519,22,13898,178640564,75118690,276570200,69.55,0.81,0,19.8
2021,2021-05-09,사계절_데님셋업,01_시즌,사계절,10609,264,13417013,79900,11938,55648.0,54243.0,51123.0,126650242,847659100,3151632,21093600,50822,36,6168,313124934,72376814,492823200,58.14,1.68,0,19.8
2021,2021-05-09,사계절_셋업,01_시즌,사계절,41044,564,27201771,131950,16838,75520.0,76147.0,76338.0,691098872,5415755800,9496632,74419800,48230,63,24123,1014997100,406325198,3183937350,58.77,0.75,0,19.8
2021,2021-05-09,사계절_셋업셔츠,01_시즌,사계절,102915,1775,55611718,48234,7656,30504.0,30166.0,30818.0,787917240,4964002110,13589400,85615350,31331,35,32873,1042491741,251675688,1585596282,31.94,0.88,0,19.8
2021,2021-05-09,여름_가성비 수트셋업,01_시즌,여름,34580,1319,149510809,159000,33002,118579.0,121832.0,123276.0,1141209160,5498220000,43529638,209721000,113352,29,23563,2600637566,777173385,3731473891,68.14,1.39,0,19.8
2021,2021-05-09,여름_고가 수트셋업,01_시즌,여름,21688,813,119568723,199000,34696,147965.0,146798.0,135248.0,752486848,4315912000,28207848,161787000,147071,26,8021,1069354734,277313272,1596179000,36.98,0.92,0,19.8
2021,2021-05-09,여름_디자인팬츠,01_시즌,여름,19477,1133,86335190,139000,15250,76217.0,76318.0,75327.0,297024250,2707303000,17278250,157487000,76201,45,7298,581839168,111318468,1014422000,37.47,1.41,0,19.8
2021,2021-05-09,여름_반바지,01_시즌,여름,15800,7,-185152,54900,6646,,36940.0,26361.0,105006800,867420000,46522,384300,36940,33,84,2401364,537976,4451600,0.53,0.02,0,19.8
2021,2021-05-09,여름_반팔스웨터,01_시즌,여름,39356,2707,115520065,89900,8929,44265.0,43047.0,41230.0,351409724,3538104400,24170803,243359300,42675,53,15224,697317886,134573199,1368637600,38.68,1.42,0,19.8
2021,2021-05-09,여름_반팔티셔츠,01_시즌,여름,788311,11441,291416072,75497,7669,31176.0,32268.0,26902.0,6045557059,59515115567,87741029,863761177,25471,66,53273,1337027357,423829410,4000513160,6.76,0.13,0,19.8
2021,2021-05-09,여름_자켓,01_시즌,여름,54939,2386,334346913,229000,28818,132794.0,130818.0,118262.0,1583232102,12581031000,68759748,546394000,140129,39,12715,1853196428,364128218,2914915000,23.14,0.83,0,19.8
2021,2021-05-09,여름_점퍼,01_시즌,여름,8338,90,9140019,224000,20458,113376.0,96618.0,109435.0,170578804,1867712000,1841220,20160000,101556,55,6245,674504515,127760210,1398880000,74.9,2.85,0,19.8
2021,2021-05-09,여름_캐주얼셔츠,01_시즌,여름,305915,4935,141574125,69900,6490,25371.0,30510.0,23952.0,1985388350,21383458500,32028150,344956500,28688,59,36527,1167156509,241233687,2553237300,11.94,0.41,0,19.8
2021,2021-05-09,여름_팬츠,01_시즌,여름,134570,3970,165307275,85900,10080,40957.0,39311.0,35643.0,1356465600,11559563000,40017600,341023000,41639,52,17766,785812192,177147236,1524816615,13.2,0.4,0,19.8
2021,2021-05-16,봄_가디건,01_시즌,봄,8976,139,7375040,159900,14254,52865.0,53484.0,79061.0,127943904,1435262400,1981306,22226100,53058,67,6479,400307352,92351666,1035992100,72.18,2.12,0,17.8
2021,2021-05-16,봄_가성비 수트셋업,01_시즌,봄,24728,407,37435477,165667,32868,90666.0,87338.0,97673.0,812759904,4096613576,13377276,67426469,91979,44,13958,1352850422,458771544,2312379986,56.45,0.95,0,17.8
2021,2021-05-16,봄_고가 수트셋업,01_시즌,봄,12924,129,19223160,249000,41924,113796.0,112640.0,116112.0,541825776,3218076000,5408196,32121000,149017,40,4042,471129038,169981052,1010407842,31.28,0.48,0,17.8
2021,2021-05-16,봄_맨투맨셋업,01_시즌,봄,65972,343,6790890,69900,7608,23657.0,22532.0,27610.0,501914976,4611442800,2609544,23975700,19799,72,39396,1069106845,299507394,2753780400,59.72,1.34,0,17.8
2021,2021-05-16,봄_셋업셔츠,01_시즌,봄,24925,141,3231439,69900,6976,22695.0,22588.0,29786.0,173876800,1742257500,983616,9855900,22918,67,11013,337172829,76826688,769808700,44.18,1.32,0,17.8
2021,2021-05-16,봄_스웨터,01_시즌,봄,49594,47,1720838,97400,9388,37156.0,34944.0,37942.0,465588472,4830455600,441236,4577800,36614,62,36511,1364426424,342765268,3556171400,73.62,1.93,0,17.8
2021,2021-05-16,봄_아우터,01_시즌,봄,34657,166,23341248,371000,58946,119554.0,137068.0,168011.0,2042891522,12857747000,9785036,61586000,140610,62,26819,2518849595,1582676234,9959051000,77.38,0.35,0,17.8
2021,2021-05-16,사계절_가성비 수트셋업,01_시즌,사계절,49009,1222,114967860,149000,26972,89810.0,92052.0,100914.0,1321870748,7302341000,32959784,182078000,94082,37,32290,2806572553,868345953,4811210000,65.89,1.27,0,17.8
2021,2021-05-16,사계절_니트셋업,01_시즌,사계절,19983,441,5491128,19900,5405,12452.0,14548.0,14508.0,108008115,397661700,2383605,8775900,12452,37,14339,184131692,77502295,285346100,71.76,0.83,0,17.8
2021,2021-05-16,사계절_데님셋업,01_시즌,사계절,10609,172,8953137,79900,11938,52729.0,54243.0,51123.0,126650242,847659100,2053336,13742800,52053,35,6340,322078071,74430150,506566000,59.76,1.72,0,17.8
2021,2021-05-16,사계절_셋업,01_시즌,사계절,41044,534,26261454,131950,16838,76222.0,76147.0,76338.0,691098872,5415755800,8991492,70461300,49179,63,24657,1041258554,415316690,3254398650,60.07,0.77,0,17.8
2021,2021-05-16,사계절_셋업셔츠,01_시즌,사계절,102915,1402,45152893,48234,7656,30700.0,30166.0,30818.0,787917240,4964002110,10733712,67624068,32206,33,34275,1087644634,262409400,1653220350,33.3,0.92,0,17.8
2021,2021-05-16,여름_가성비 수트셋업,01_시즌,여름,34580,1027,123415516,159000,33002,122965.0,121832.0,123276.0,1141209160,5498220000,33893054,163293000,120171,24,24590,2724053082,811066439,3894766891,71.11,1.46,0,17.8
2021,2021-05-16,여름_고가 수트셋업,01_시즌,여름,21688,656,99140082,199000,34696,151336.0,146798.0,135248.0,752486848,4315912000,22760576,130544000,151128,24,8677,1168494816,300073848,1726723000,40.01,1.01,0,17.8
2021,2021-05-16,여름_디자인팬츠,01_시즌,여름,19477,1156,87085866,139000,15250,76481.0,76318.0,75327.0,297024250,2707303000,17629000,160684000,75334,46,8454,668925034,128947468,1175106000,43.41,1.61,0,17.8
2021,2021-05-16,여름_반바지,01_시즌,여름,14530,84,2079874,54900,6646,24760.0,36940.0,26361.0,96566380,797697000,558264,4611600,24760,55,168,4481238,1096240,9063200,1.16,0.03,0,17.8
2021,2021-05-16,여름_반팔스웨터,01_시즌,여름,39356,2586,106962565,89900,8929,42506.0,43047.0,41230.0,351409724,3538104400,23090394,232481400,41362,54,17810,804280451,157663593,1601119000,45.25,1.63,0,17.8
2021,2021-05-16,여름_반팔티셔츠,01_시즌,여름,788311,11954,218175155,75497,7669,24960.0,32268.0,26902.0,6045557059,59515115567,91675226,902491138,18251,76,65227,1555202512,515504636,4903004298,8.27,0.15,0,17.8
2021,2021-05-16,여름_자켓,01_시즌,여름,54939,1890,254657695,229000,28818,127765.0,130818.0,118262.0,1583232102,12581031000,54466020,432810000,134740,41,14605,2107854123,418594238,3347725000,26.58,0.95,0,17.8
2021,2021-05-16,여름_점퍼,01_시즌,여름,8338,-75,-6446000,224000,20458,74632.0,96618.0,109435.0,170578804,1867712000,-1534350,-16800000,85947,62,6170,668058515,126225860,1382080000,74.0,2.82,0,17.8
2021,2021-05-16,여름_캐주얼셔츠,01_시즌,여름,314797,4646,147356230,69900,6492,32844.0,30510.0,23952.0,2043662124,22004310300,30161832,324755400,31717,55,41173,1314512739,271395519,2877992700,13.08,0.45,0,17.8
2021,2021-05-16,여름_팬츠,01_시즌,여름,134570,8489,297408191,85900,10080,37497.0,39311.0,35643.0,1356465600,11559563000,85569120,729205100,35035,59,26255,1083220383,262716356,2254021715,19.51,0.53,0,17.8
2021,2021-05-23,봄_가디건,01_시즌,봄,8976,97,5472542,159900,14254,57496.0,53484.0,79061.0,127943904,1435262400,1382638,15510300,56418,65,6576,405779894,93734304,1051502400,73.26,2.15,0,17.0
2021,2021-05-23,봄_가성비 수트셋업,01_시즌,봄,24728,372,32429857,165667,32868,87173.0,87338.0,97673.0,812759904,4096613576,12226896,61628124,87177,47,14330,1385280279,470998440,2374008110,57.95,0.97,0,17.0
2021,2021-05-23,봄_고가 수트셋업,01_시즌,봄,12924,108,15897200,249000,41924,111082.0,112640.0,116112.0,541825776,3218076000,4527792,26892000,147196,41,4150,487026238,174508844,1037299842,32.11,0.5,0,17.0
2021,2021-05-23,봄_맨투맨셋업,01_시즌,봄,65972,507,10187815,69900,7608,21966.0,22532.0,27610.0,501914976,4611442800,3857256,35439300,20094,71,39903,1079294660,303364650,2789219700,60.48,1.35,0,17.0
2021,2021-05-23,봄_셋업셔츠,01_시즌,봄,24925,486,8807173,69900,6976,19434.0,22588.0,29786.0,173876800,1742257500,3390336,33971400,18122,74,11499,345980002,80217024,803780100,46.13,1.35,0,17.0
2021,2021-05-23,봄_스웨터,01_시즌,봄,49594,44,1795386,97400,9388,41356.0,34944.0,37942.0,465588472,4830455600,413072,4285600,40804,58,36555,1366221810,343178340,3560457000,73.71,1.93,0,17.0
2021,2021-05-23,봄_아우터,01_시즌,봄,34657,68,4615981,371000,58946,107578.0,137068.0,168011.0,2042891522,12857747000,4008328,25228000,67882,82,26887,2523465576,1586684562,9984279000,77.58,0.35,0,17.0
2021,2021-05-23,사계절_가성비 수트셋업,01_시즌,사계절,49009,1097,100260713,149000,26972,91864.0,92052.0,100914.0,1321870748,7302341000,29588284,163453000,91395,39,33387,2906833266,897934237,4974663000,68.12,1.32,0,17.0
2021,2021-05-23,사계절_니트셋업,01_시즌,사계절,19983,347,4955974,19900,5405,14282.0,14548.0,14508.0,108008115,397661700,1875535,6905300,14282,28,14686,189087666,79377830,292251400,73.49,0.86,0,17.0
2021,2021-05-23,사계절_데님셋업,01_시즌,사계절,10609,215,11206873,79900,11938,49113.0,54243.0,51123.0,126650242,847659100,2566670,17178500,52125,35,6555,333284944,76996820,523744500,61.79,1.78,0,17.0
2021,2021-05-23,사계절_셋업,01_시즌,사계절,41044,501,24683140,131950,16838,77105.0,76147.0,76338.0,691098872,5415755800,8435838,66106950,49268,63,25158,1065941694,423752528,3320505600,61.3,0.79,0,17.0
2021,2021-05-23,사계절_셋업셔츠,01_시즌,사계절,102915,1388,44685045,48234,7656,30152.0,30166.0,30818.0,787917240,4964002110,10626528,66948792,32194,33,35663,1132329679,273035928,1720169142,34.65,0.96,0,17.0
2021,2021-05-23,여름_가성비 수트셋업,01_시즌,여름,34580,998,117419504,159000,33002,122667.0,121832.0,123276.0,1141209160,5498220000,32935996,158682000,117655,26,25588,2841472586,844002435,4053448891,74.0,1.52,0,17.0
2021,2021-05-23,여름_고가 수트셋업,01_시즌,여름,21688,761,107556274,199000,34696,140331.0,146798.0,135248.0,752486848,4315912000,26403656,151439000,141335,29,9438,1276051090,326477504,1878162000,43.52,1.11,0,17.0
2021,2021-05-23,여름_디자인팬츠,01_시즌,여름,19477,1232,93558179,139000,15250,75138.0,76318.0,75327.0,297024250,2707303000,18788000,171248000,75940,45,9686,762483213,147735468,1346354000,49.73,1.84,0,17.0
2021,2021-05-23,여름_반바지,01_시즌,여름,20080,617,24961454,54900,6624,40628.0,36940.0,26361.0,133009920,1102392000,4087008,33873300,40456,26,785,29442692,5183248,42936500,3.91,0.16,0,17.0
2021,2021-05-23,여름_반팔스웨터,01_시즌,여름,39356,2333,89392644,89900,8929,40569.0,43047.0,41230.0,351409724,3538104400,20831357,209736700,38317,57,20143,893673095,178494950,1810855700,51.18,1.8,0,17.0
2021,2021-05-23,여름_반팔티셔츠,01_시즌,여름,795599,25070,394392044,75497,7669,23637.0,32268.0,26902.0,6101448731,60065337703,192261830,1892709790,15732,79,90297,1949594556,707766466,6795714088,11.35,0.17,0,17.0
2021,2021-05-23,여름_자켓,01_시즌,여름,54939,2176,300555215,229000,28818,129953.0,130818.0,118262.0,1583232102,12581031000,62707968,498304000,138123,40,16781,2408409338,481302206,3846029000,30.54,1.08,0,17.0
2021,2021-05-23,여름_점퍼,01_시즌,여름,8338,306,23369000,224000,20458,93218.0,96618.0,109435.0,170578804,1867712000,6260148,68544000,76369,66,6476,691427515,132486008,1450624000,77.67,2.91,0,17.0
2021,2021-05-23,여름_캐주얼셔츠,01_시즌,여름,314797,7172,201706773,69900,6492,28250.0,30510.0,23952.0,2043662124,22004310300,46560624,501322800,28124,60,48345,1516219512,317956143,3379315500,15.36,0.52,0,17.0
2021,2021-05-23,여름_팬츠,01_시즌,여름,134570,4295,162749828,85900,10080,39689.0,39311.0,35643.0,1356465600,11559563000,43293600,368940500,37893,56,30550,1245970211,306009956,2622962215,22.7,0.61,0,17.0
2021,2021-05-30,봄_가디건,01_시즌,봄,8976,308,14214990,159900,14254,46683.0,53484.0,79061.0,127943904,1435262400,4390232,49249200,46153,71,6884,419994884,98124536,1100751600,76.69,2.22,0,20.0
2021,2021-05-30,봄_가성비 수트셋업,01_시즌,봄,24728,1140,54024570,165667,32868,77324.0,87338.0,97673.0,812759904,4096613576,37469520,188860380,47390,71,15470,1439304849,508467960,2562868490,62.56,0.98,0,20.0
2021,2021-05-30,봄_고가 수트셋업,01_시즌,봄,12924,111,16176750,249000,41924,114338.0,112640.0,116112.0,541825776,3218076000,4653564,27639000,145736,41,4261,503202988,179162408,1064938842,32.97,0.51,0,20.0
2021,2021-05-30,봄_맨투맨셋업,01_시즌,봄,65972,231,4389941,69900,7608,19289.0,22532.0,27610.0,501914976,4611442800,1757448,16146900,19004,73,40134,1083684601,305122098,2805366600,60.83,1.35,0,20.0
2021,2021-05-30,봄_셋업셔츠,01_시즌,봄,24925,133,3379950,69900,6976,25208.0,22588.0,29786.0,173876800,1742257500,927808,9296700,25413,64,11632,349359952,81144832,813076800,46.67,1.36,0,20.0
2021,2021-05-30,봄_스웨터,01_시즌,봄,49594,27,1007099,97400,9388,36029.0,34944.0,37942.0,465588472,4830455600,253476,2629800,37300,62,36582,1367228909,343431816,3563086800,73.76,1.93,0,20.0
2021,2021-05-30,봄_아우터,01_시즌,봄,34657,-26,-4478207,371000,58946,175110.0,137068.0,168011.0,2042891522,12857747000,-1532596,-9646000,172239,54,26861,2518987369,1585151966,9974633000,77.51,0.35,0,20.0
2021,2021-05-30,사계절_가성비 수트셋업,01_시즌,사계절,49009,1474,111341170,149000,26972,90448.0,92052.0,100914.0,1321870748,7302341000,39756728,219626000,75537,49,34861,3018174436,937690965,5194289000,71.13,1.37,0,20.0
2021,2021-05-30,사계절_니트셋업,01_시즌,사계절,19983,262,3606041,19900,5405,13764.0,14548.0,14508.0,108008115,397661700,1416110,5213800,13764,31,14948,192693707,80793940,297465200,74.8,0.87,0,20.0
2021,2021-05-30,사계절_데님셋업,01_시즌,사계절,10609,159,8649415,79900,11938,53714.0,54243.0,51123.0,126650242,847659100,1898142,12704100,54399,32,6714,341934359,78894962,536448600,63.29,1.83,0,20.0
2021,2021-05-30,사계절_셋업,01_시즌,사계절,41044,334,18190444,131950,16838,76927.0,76147.0,76338.0,691098872,5415755800,5623892,44071300,54462,59,25492,1084132138,429376420,3364576900,62.11,0.8,0,20.0
2021,2021-05-30,사계절_셋업셔츠,01_시즌,사계절,102915,1182,38919278,48234,7656,31201.0,30166.0,30818.0,787917240,4964002110,9049392,57012588,32927,32,36845,1171248957,282085320,1777181730,35.8,0.99,0,20.0
2021,2021-05-30,여름_가성비 수트셋업,01_시즌,여름,34580,943,112608450,159000,33002,122557.0,121832.0,123276.0,1141209160,5498220000,31120886,149937000,119415,25,26531,2954081036,875123321,4203385891,76.72,1.59,0,20.0
2021,2021-05-30,여름_고가 수트셋업,01_시즌,여름,21688,619,85360572,199000,34696,138741.0,146798.0,135248.0,752486848,4315912000,21476824,123181000,137901,31,10057,1361411662,347954328,2001343000,46.37,1.18,0,20.0
2021,2021-05-30,여름_디자인팬츠,01_시즌,여름,19477,888,68325061,139000,15250,76752.0,76318.0,75327.0,297024250,2707303000,13542000,123432000,76943,45,10574,830808274,161277468,1469786000,54.29,2.0,0,20.0
2021,2021-05-30,여름_반바지,01_시즌,여름,31009,96,-2228828,54900,6616,49592.0,36940.0,26361.0,205155544,1702394100,635136,5270400,49592,10,881,27213864,5818384,48206900,2.84,0.09,0,20.0
2021,2021-05-30,여름_반팔스웨터,01_시즌,여름,39356,2394,86076928,89900,8929,40464.0,43047.0,41230.0,351409724,3538104400,21376026,215220600,35955,60,22537,979750023,199870976,2026076300,57.26,1.97,0,20.0
2021,2021-05-30,여름_반팔티셔츠,01_시즌,여름,809683,26103,410150923,75497,7670,27734.0,32268.0,26902.0,6210268610,61128637451,200210010,1970698191,15713,79,116400,2359745479,907976476,8766412279,14.38,0.2,0,20.0
2021,2021-05-30,여름_자켓,01_시즌,여름,54939,1577,214789881,229000,28818,129626.0,130818.0,118262.0,1583232102,12581031000,45445986,361133000,136202,41,18358,2623199219,526748192,4207162000,33.42,1.17,0,20.0
2021,2021-05-30,여름_점퍼,01_시즌,여름,8338,-28,-2684050,224000,20458,93407.0,96618.0,109435.0,170578804,1867712000,-572824,-6272000,95859,57,6448,688743465,131913184,1444352000,77.33,2.9,0,20.0
2021,2021-05-30,여름_캐주얼셔츠,01_시즌,여름,327330,5680,155092650,69900,6516,27995.0,30510.0,23952.0,2132882280,22880367000,37010880,397032000,27305,61,54025,1671312162,354967023,3776347500,16.5,0.55,0,20.0
2021,2021-05-30,여름_팬츠,01_시즌,여름,134570,6809,239568892,85900,10080,37333.0,39311.0,35643.0,1356465600,11559563000,68634720,584893100,35184,59,37359,1485539103,374644676,3207855315,27.76,0.72,0,20.0
2021,2021-06-06,사계절_가성비 수트셋업,01_시즌,사계절,49009,505,62424928,149000,26972,104346.0,114367.0,100914.0,1321870748,7302341000,13620860,75245000,123614,17,35366,3080599364,951311825,5269534000,72.16,1.4,0,23.4
2021,2021-06-06,사계절_니트셋업,01_시즌,사계절,19983,209,3002877,19900,5405,14368.0,13646.0,14508.0,108008115,397661700,1129645,4159100,14368,28,15157,195696584,81923585,301624300,75.85,0.89,0,23.4
2021,2021-06-06,사계절_데님셋업,01_시즌,사계절,10609,143,7313442,79900,10695,47218.0,48258.0,51123.0,113463255,847659100,1529385,11425700,51143,36,6857,349247801,80424347,547874300,64.63,2.09,0,23.4
2021,2021-06-06,사계절_셋업,01_시즌,사계절,41044,421,21163550,131950,16838,77042.0,75460.0,76338.0,691098872,5415755800,7088798,55550950,50270,62,25913,1105295688,436465218,3420127850,63.13,0.82,0,23.4
2021,2021-06-06,사계절_셋업셔츠,01_시즌,사계절,102915,1296,40893177,48234,7656,29108.0,29358.0,30818.0,787917240,4964002110,9922176,62511264,31553,35,38141,1212142134,292007496,1839692994,37.06,1.03,0,23.4
2021,2021-06-06,여름_가성비 수트셋업,01_시즌,여름,34580,582,79740449,159000,33002,128052.0,130529.0,123276.0,1141209160,5498220000,19207164,92538000,137011,14,27113,3033821485,894330485,4295923891,78.41,1.63,0,23.4
2021,2021-06-06,여름_고가 수트셋업,01_시즌,여름,21688,588,82219352,199000,34696,140491.0,140270.0,135248.0,752486848,4315912000,20401248,117012000,139829,30,10645,1443631014,368355576,2118355000,49.08,1.25,0,23.4
2021,2021-06-06,여름_디자인팬츠,01_시즌,여름,19477,922,72045853,139000,15250,77056.0,72128.0,75327.0,297024250,2707303000,14060500,128158000,78141,44,11496,902854127,175337968,1597944000,59.02,2.17,0,23.4
2021,2021-06-06,여름_반바지,01_시즌,여름,35034,392,10538860,54900,7238,29048.0,23255.0,26361.0,253576092,1923366600,2837296,21520800,26885,51,1273,37752724,8655680,69727700,3.63,0.1,0,23.4
2021,2021-06-06,여름_반팔스웨터,01_시즌,여름,39356,2026,87151662,89900,8964,42606.0,37961.0,41230.0,352787184,3538104400,18161064,182137400,43017,52,24563,1066901685,218032040,2208213700,62.41,2.13,0,23.4
2021,2021-06-06,여름_반팔티셔츠,01_시즌,여름,809683,18221,347107558,75497,7670,26106.0,23322.0,26902.0,6210268610,61128637451,139755070,1375630837,19050,75,134621,2706853037,1047731546,10142043116,16.63,0.23,0,23.4
2021,2021-06-06,여름_자켓,01_시즌,여름,54939,1684,229677071,229000,28818,130257.0,117338.0,118262.0,1583232102,12581031000,48529512,385636000,136388,40,20042,2852876290,575277704,4592798000,36.48,1.27,0,23.4
2021,2021-06-06,여름_점퍼,01_시즌,여름,8338,69,6771000,224000,20458,108091.0,102456.0,109435.0,170578804,1867712000,1411602,15456000,98130,56,6517,695514465,133324786,1459808000,78.16,2.93,0,23.4
2021,2021-06-06,여름_캐주얼셔츠,01_시즌,여름,327330,8224,221327946,69900,6516,27156.0,23270.0,23952.0,2132882280,22880367000,53587584,574857600,26912,61,62249,1892640108,408554607,4351205100,19.02,0.62,0,23.4
2021,2021-06-06,여름_팬츠,01_시즌,여름,134570,3338,137445465,85900,10080,40866.0,33771.0,35643.0,1356465600,11559563000,33647040,286734200,41176,52,40697,1622984568,408291716,3494589515,30.24,0.79,0,23.4
2021,2021-06-13,사계절_가성비 수트셋업,01_시즌,사계절,58879,3081,360478569,154834,26758,99934.0,114367.0,100914.0,1575484282,9116471086,82441398,477043554,117001,24,38447,3441077933,1033753223,5746577554,65.3,1.33,0,22.9
2021,2021-06-13,사계절_니트셋업,01_시즌,사계절,19983,267,3421412,19900,5405,12814.0,13646.0,14508.0,108008115,397661700,1443135,5313300,12814,36,15424,199117996,83366720,306937600,77.19,0.9,0,22.9
2021,2021-06-13,사계절_데님셋업,01_시즌,사계절,10609,148,8211796,79900,10695,53772.0,48258.0,51123.0,113463255,847659100,1582860,11825200,55485,31,7005,357459597,82007207,559699500,66.03,2.14,0,22.9
2021,2021-06-13,사계절_셋업,01_시즌,사계절,41044,342,15593460,131950,16838,75420.0,75460.0,76338.0,691098872,5415755800,5758596,45126900,45595,65,26255,1120889148,442223814,3465254750,63.97,0.83,0,22.9
2021,2021-06-13,사계절_셋업셔츠,01_시즌,사계절,102915,1689,51977285,48234,7656,29152.0,29358.0,30818.0,787917240,4964002110,12930984,81467226,30774,36,39830,1264119419,304938480,1921160220,38.7,1.07,0,22.9
2021,2021-06-13,여름_가성비 수트셋업,01_시즌,여름,34580,273,24325994,159000,33002,133614.0,130529.0,123276.0,1141209160,5498220000,9009546,43407000,89106,44,27386,3058147479,903340031,4339330891,79.2,1.64,0,22.9
2021,2021-06-13,여름_고가 수트셋업,01_시즌,여름,21688,518,70161780,199000,34696,139878.0,140270.0,135248.0,752486848,4315912000,17972528,103082000,135447,32,11163,1513792794,386328104,2221437000,51.47,1.32,0,22.9
2021,2021-06-13,여름_디자인팬츠,01_시즌,여름,19477,807,60739094,139000,15250,74872.0,72128.0,75327.0,297024250,2707303000,12306750,112173000,75265,46,12303,963593221,187644718,1710117000,63.17,2.32,0,22.9
2021,2021-06-13,여름_반바지,01_시즌,여름,40131,1101,26654700,54900,7263,24210.0,23255.0,26361.0,291471453,2203191900,7996563,60444900,24210,56,2374,64407424,16652243,130172600,5.92,0.14,0,22.9
2021,2021-06-13,여름_반팔스웨터,01_시즌,여름,42417,2652,104210583,89900,8964,41447.0,37961.0,41230.0,380225988,3813288300,23772528,238414800,39295,56,27215,1171112268,241804568,2446628500,64.16,2.16,0,22.9
2021,2021-06-13,여름_반팔티셔츠,01_시즌,여름,809683,30357,469749839,75497,7670,23233.0,23322.0,26902.0,6210268610,61128637451,232838190,2291862429,15474,80,164978,3176602876,1280569736,12433905545,20.38,0.26,0,22.9
2021,2021-06-13,여름_자켓,01_시즌,여름,54939,1404,184752879,229000,28818,125309.0,117338.0,118262.0,1583232102,12581031000,40460472,321516000,131590,43,21446,3037629169,615738176,4914314000,39.04,1.36,0,22.9
2021,2021-06-13,여름_점퍼,01_시즌,여름,8338,-15,-2116250,224000,20458,124464.0,102456.0,109435.0,170578804,1867712000,-306870,-3360000,141083,37,6502,693398215,133017916,1456448000,77.98,2.92,0,22.9
2021,2021-06-13,여름_캐주얼셔츠,01_시즌,여름,327330,8476,209497323,69900,6516,24980.0,23270.0,23952.0,2132882280,22880367000,55229616,592472400,24717,65,70725,2102137431,463784223,4943677500,21.61,0.68,0,22.9
2021,2021-06-13,여름_팬츠,01_시즌,여름,134570,6683,232171731,85900,10080,36425.0,33771.0,35643.0,1356465600,11559563000,67364640,574069700,34741,60,47380,1855156299,475656356,4068659215,35.21,0.89,0,22.9
2021,2021-06-20,사계절_가성비 수트셋업,01_시즌,사계절,65284,2124,223583153,154834,26758,151384.0,114367.0,100914.0,1746869272,10108182856,56833992,328867416,105265,32,40571,3664661086,1090587215,6075444970,62.15,1.28,0,23.1
2021,2021-06-20,사계절_니트셋업,01_시즌,사계절,19983,246,3107223,19900,5405,12631.0,13646.0,14508.0,108008115,397661700,1329630,4895400,12631,37,15670,202225219,84696350,311833000,78.42,0.92,0,23.1
2021,2021-06-20,사계절_데님셋업,01_시즌,사계절,17490,172,6395917,79900,10548,36910.0,48258.0,51123.0,184484520,1397451000,1814256,13742800,37186,53,7177,363855514,83821463,573442300,41.03,1.34,0,23.1
2021,2021-06-20,사계절_셋업,01_시즌,사계절,41044,236,11811211,131950,16838,77442.0,75460.0,76338.0,691098872,5415755800,3973768,31140200,50048,62,26491,1132700359,446197582,3496394950,64.54,0.84,0,23.1
2021,2021-06-20,사계절_셋업셔츠,01_시즌,사계절,102915,1692,53879064,48234,7656,28671.0,29358.0,30818.0,787917240,4964002110,12953952,81611928,31843,34,41522,1317998483,317892432,2002772148,40.35,1.12,0,23.1
2021,2021-06-20,여름_가성비 수트셋업,01_시즌,여름,34580,294,37784157,159000,33002,133538.0,130529.0,123276.0,1141209160,5498220000,9702588,46746000,128518,19,27680,3095931636,913042619,4386076891,80.05,1.67,0,23.1
2021,2021-06-20,여름_고가 수트셋업,01_시즌,여름,21688,428,61207465,199000,34696,142873.0,140270.0,135248.0,752486848,4315912000,14849888,85172000,143008,28,11591,1575000259,401177992,2306609000,53.44,1.37,0,23.1
2021,2021-06-20,여름_디자인팬츠,01_시즌,여름,19477,603,41366724,139000,15250,69575.0,72128.0,75327.0,297024250,2707303000,9195750,83817000,68602,51,12906,1004959945,196840468,1793934000,66.26,2.41,0,23.1
2021,2021-06-20,여름_반바지,01_시즌,여름,40131,2911,57533144,54900,7263,20104.0,23255.0,26361.0,291471453,2203191900,21142593,159813900,19764,64,5285,121940568,37794836,289986500,13.17,0.25,0,23.1
2021,2021-06-20,여름_반팔스웨터,01_시즌,여름,42417,1860,62932333,89900,8964,31848.0,37961.0,41230.0,380225988,3813288300,16673040,167214000,33835,62,29075,1234044601,258477608,2613842500,68.55,2.27,0,23.1
2021,2021-06-20,여름_반팔티셔츠,01_시즌,여름,809683,39085,533866679,75497,7670,21910.0,23322.0,26902.0,6210268610,61128637451,299781950,2950800245,13659,82,204063,3710469555,1580351686,15384705790,25.2,0.29,0,23.1
2021,2021-06-20,여름_자켓,01_시즌,여름,54939,1347,145336154,229000,28818,108166.0,117338.0,118262.0,1583232102,12581031000,38817846,308463000,107896,53,22793,3182965323,654556022,5222777000,41.49,1.41,0,23.1
2021,2021-06-20,여름_점퍼,01_시즌,여름,8338,33,2204850,224000,20458,72271.0,102456.0,109435.0,170578804,1867712000,675114,7392000,66814,70,6535,695603065,133693030,1463840000,78.38,2.92,0,23.1
2021,2021-06-20,여름_캐주얼셔츠,01_시즌,여름,327330,10370,211523170,69900,6516,20676.0,23270.0,23952.0,2132882280,22880367000,67570920,724863000,20398,71,81095,2313660601,531355143,5668540500,24.77,0.74,0,23.1
2021,2021-06-20,여름_팬츠,01_시즌,여름,134570,7207,209832939,85900,10080,28948.0,33771.0,35643.0,1356465600,11559563000,72646560,619081300,29115,66,54587,2064989238,548302916,4687740515,40.56,0.98,0,23.1
2021,2021-06-27,사계절_가성비 수트셋업,01_시즌,사계절,65284,1713,174076338,154834,26758,100134.0,114367.0,100914.0,1746869272,10108182856,45836454,265230642,101621,34,42284,3838737424,1136423669,6340675612,64.77,1.35,1,24.6
2021,2021-06-27,사계절_니트셋업,01_시즌,사계절,19983,109,1609906,19900,5405,14770.0,13646.0,14508.0,108008115,397661700,589145,2169100,14770,26,15779,203835125,85285495,314002100,78.96,0.93,1,24.6
2021,2021-06-27,사계절_데님셋업,01_시즌,사계절,17490,102,6217208,79900,10548,55130.0,48258.0,51123.0,184484520,1397451000,1075896,8149800,60953,24,7279,370072722,84897359,581592100,41.62,1.36,1,24.6
2021,2021-06-27,사계절_셋업,01_시즌,사계절,41044,291,12142130,131950,16838,71934.0,75460.0,76338.0,691098872,5415755800,4899858,38397450,41726,68,26782,1144842489,451097440,3534792400,65.25,0.85,1,24.6
2021,2021-06-27,사계절_셋업셔츠,01_시즌,사계절,102915,1545,48691996,48234,7656,30502.0,29358.0,30818.0,787917240,4964002110,11828520,74521530,31516,35,43067,1366690479,329720952,2077293678,41.85,1.16,1,24.6
2021,2021-06-27,여름_가성비 수트셋업,01_시즌,여름,34580,423,50347110,159000,33002,126250.0,130529.0,123276.0,1141209160,5498220000,13959846,67257000,119024,25,28103,3146278746,927002465,4453333891,81.27,1.69,1,24.6
2021,2021-06-27,여름_고가 수트셋업,01_시즌,여름,21688,456,64022099,199000,34696,137835.0,140270.0,135248.0,752486848,4315912000,15821376,90744000,140399,29,12047,1639022358,416999368,2397353000,55.55,1.43,1,24.6
2021,2021-06-27,여름_디자인팬츠,01_시즌,여름,19477,578,38378435,139000,15250,67009.0,72128.0,75327.0,297024250,2707303000,8814500,80342000,66399,52,13484,1043338380,205654968,1874276000,69.23,2.5,1,24.6
2021,2021-06-27,여름_반바지,01_시즌,여름,40131,2712,53186194,54900,7263,19658.0,23255.0,26361.0,291471453,2203191900,19697256,148888800,19611,64,7997,175126762,57492092,438875300,19.93,0.35,1,24.6
2021,2021-06-27,여름_반팔스웨터,01_시즌,여름,50165,2201,79148894,89900,8964,35944.0,37961.0,41230.0,449679060,4509833500,19729764,197869900,35960,60,31276,1313193495,278207372,2811712400,62.35,2.04,1,24.6
2021,2021-06-27,여름_반팔티셔츠,01_시즌,여름,809683,31779,456686542,75497,7670,22036.0,23322.0,26902.0,6210268610,61128637451,243744930,2399219163,14371,81,235842,4167156097,1824096616,17783924953,29.13,0.32,1,24.6
2021,2021-06-27,여름_자켓,01_시즌,여름,54939,1618,164012799,229000,28818,105620.0,117338.0,118262.0,1583232102,12581031000,46627524,370522000,101368,56,24411,3346978122,701183546,5593299000,44.43,1.48,1,24.6
2021,2021-06-27,여름_점퍼,01_시즌,여름,8338,18,1722000,224000,20458,105000.0,102456.0,109435.0,170578804,1867712000,368244,4032000,95667,57,6553,697325065,134061274,1467872000,78.59,2.93,1,24.6
2021,2021-06-27,여름_캐주얼셔츠,01_시즌,여름,327330,12071,241290383,69900,6516,20270.0,23270.0,23952.0,2132882280,22880367000,78654636,843762900,19989,71,93166,2554950984,610009779,6512303400,28.46,0.8,1,24.6
2021,2021-06-27,여름_팬츠,01_시즌,여름,134570,6418,186561584,85900,10080,28846.0,33771.0,35643.0,1356465600,11559563000,64693440,551306200,29068,66,61005,2251550822,612996356,5239046715,45.33,1.06,1,24.6
2021,2021-07-04,사계절_가성비 수트셋업,01_시즌,사계절,65284,2343,238425452,154834,26758,82675.0,93018.0,100914.0,1746869272,10108182856,62693994,362776062,101761,34,44627,4077162876,1199117663,6703451674,68.36,1.44,0,24.8
2021,2021-07-04,사계절_니트셋업,01_시즌,사계절,19983,85,1373375,19900,5405,16157.0,14772.0,14508.0,108008115,397661700,459425,1691500,16157,19,15864,205208500,85744920,315693600,79.39,0.93,0,24.8
2021,2021-07-04,사계절_데님셋업,01_시즌,사계절,17490,104,6423336,79900,11955,57966.0,57384.0,51123.0,209092950,1397451000,1243320,8309600,61763,23,7383,376496058,86140679,589901700,42.21,1.22,0,24.8
2021,2021-07-04,사계절_셋업,01_시즌,사계절,41044,331,12286264,131950,16838,72744.0,83182.0,76338.0,691098872,5415755800,5573378,43675450,37119,72,27113,1157128753,456670818,3578467850,66.06,0.86,0,24.8
2021,2021-07-04,사계절_셋업셔츠,01_시즌,사계절,102915,1755,53874659,48234,7656,26776.0,30272.0,30818.0,787917240,4964002110,13436280,84650670,30698,36,44822,1420565138,343157232,2161944348,43.55,1.2,0,24.8
2021,2021-07-04,여름_가성비 수트셋업,01_시즌,여름,34580,373,42521395,159000,33002,122282.0,130997.0,123276.0,1141209160,5498220000,12309746,59307000,113998,28,28476,3188800141,939312211,4512640891,82.35,1.72,0,24.8
2021,2021-07-04,여름_고가 수트셋업,01_시즌,여름,21688,446,60917670,199000,34696,133582.0,122438.0,135248.0,752486848,4315912000,15474416,88754000,136587,31,12493,1699940028,432473784,2486107000,57.6,1.48,0,24.8
2021,2021-07-04,여름_디자인팬츠,01_시즌,여름,19477,558,36132416,139000,15250,65454.0,66866.0,75327.0,297024250,2707303000,8509500,77562000,64753,53,14042,1079470796,214164468,1951838000,72.1,2.58,0,24.8
2021,2021-07-04,여름_반바지,01_시즌,여름,40131,1680,40031736,54900,6712,23952.0,21687.0,26361.0,269359272,2203191900,11276160,92232000,23828,57,9677,215158498,68768252,531107300,24.11,0.47,0,24.8
2021,2021-07-04,여름_반팔스웨터,01_시즌,여름,50165,2247,79654255,89900,8378,35373.0,34562.0,41230.0,420282370,4509833500,18825366,202005300,35449,61,33523,1392847750,297032738,3013717700,66.83,2.31,0,24.8
2021,2021-07-04,여름_반팔티셔츠,01_시즌,여름,809683,40959,508087031,75497,7636,22984.0,20840.0,26902.0,6182739388,61128637451,312762924,3092281623,12405,84,276801,4675243128,2136859540,20876206576,34.19,0.34,0,24.8
2021,2021-07-04,여름_자켓,01_시즌,여름,54939,876,95447745,229000,28686,95016.0,103002.0,118262.0,1575980154,12581031000,25128936,200604000,108959,52,25287,3442425867,726312482,5793903000,46.03,1.52,0,24.8
2021,2021-07-04,여름_점퍼,01_시즌,여름,8338,4,396000,224000,20458,109000.0,108750.0,109435.0,170578804,1867712000,81832,896000,99000,56,6557,697721065,134143106,1468768000,78.64,2.93,0,24.8
2021,2021-07-04,여름_캐주얼셔츠,01_시즌,여름,327330,9137,176436562,69900,6384,19422.0,17118.0,23952.0,2089674720,22880367000,58330608,638676300,19310,72,102303,2731387546,668340387,7150979700,31.25,0.87,0,24.8
2021,2021-07-04,여름_팬츠,01_시즌,여름,134570,6194,191904261,85900,9932,32201.0,33301.0,35643.0,1336549240,11559563000,61518808,532064600,30982,64,67199,2443455083,674515164,5771111315,49.94,1.16,0,24.8
2021,2021-07-11,가을_가성비 수트셋업,01_시즌,가을,13163,496,84636400,184000,28105,182554.0,138940.0,139804.0,369946115,2421992000,13940080,91264000,170638,7,496,84636400,13940080,91264000,3.77,0.17,0,28.5
2021,2021-07-11,가을_이너,01_시즌,가을,10931,0,0,69900,8312,,64118.0,31895.0,90858472,764076900,0,0,64118,8,0,0,0,0,0.0,0.0,0,28.5
2021,2021-07-11,가을_캐주얼셔츠,01_시즌,가을,20781,0,0,69900,7391,,48676.0,35939.0,153592371,1452591900,0,0,48676,30,0,0,0,0,0.0,0.0,0,28.5
2021,2021-07-11,사계절_가성비 수트셋업,01_시즌,사계절,65284,1497,160195695,154834,26758,101457.0,93018.0,100914.0,1746869272,10108182856,40056726,231786498,107011,31,46124,4237358571,1239174389,6935238172,70.65,1.5,0,28.5
2021,2021-07-11,사계절_니트셋업,01_시즌,사계절,24835,90,1294694,44900,5987,14385.0,28273.0,25596.0,148687145,1115091500,538830,4041000,14385,68,15954,206503194,86283750,319734600,64.24,0.68,0,28.5
2021,2021-07-11,사계절_데님셋업,01_시즌,사계절,17490,188,9440141,79900,11955,52678.0,57384.0,51123.0,209092950,1397451000,2247540,15021200,50214,37,7571,385936199,88388219,604922900,43.29,1.26,0,28.5
2021,2021-07-11,사계절_셋업,01_시즌,사계절,61100,305,18164855,138200,17391,86284.0,83182.0,76338.0,1062590100,8444020000,5304255,42151000,59557,57,27418,1175293608,461975073,3620618850,44.87,0.57,0,28.5
2021,2021-07-11,사계절_셋업셔츠,01_시즌,사계절,102915,1367,40767205,48234,7656,34389.0,30272.0,30818.0,787917240,4964002110,10465752,65935878,29822,38,46189,1461332343,353622984,2227880226,44.88,1.24,0,28.5
2021,2021-07-11,여름_가성비 수트셋업,01_시즌,여름,34580,156,19534320,159000,33002,150059.0,130997.0,123276.0,1141209160,5498220000,5148312,24804000,125220,21,28632,3208334461,944460523,4537444891,82.8,1.73,0,28.5
2021,2021-07-11,여름_고가 수트셋업,01_시즌,여름,21688,489,64063934,199000,34696,126869.0,122438.0,135248.0,752486848,4315912000,16966344,97311000,131010,34,12982,1764003962,449440128,2583418000,59.86,1.53,0,28.5
2021,2021-07-11,여름_디자인팬츠,01_시즌,여름,19477,225,15076860,139000,15250,70133.0,66866.0,75327.0,297024250,2707303000,3431250,31275000,67008,52,14267,1094547656,217595718,1983113000,73.25,2.62,0,28.5
2021,2021-07-11,여름_반바지,01_시즌,여름,50480,2448,53795994,56567,7621,22583.0,21687.0,26361.0,384708080,2855502160,18656208,138476016,21975,61,12125,268954492,87424460,669583316,24.02,0.41,0,28.5
2021,2021-07-11,여름_반팔스웨터,01_시즌,여름,50165,1341,42607031,89900,8378,36844.0,34562.0,41230.0,420282370,4509833500,11234898,120555900,31773,65,34864,1435454781,308267636,3134273600,69.5,2.37,0,28.5
2021,2021-07-11,여름_반팔티셔츠,01_시즌,여름,809683,29990,384083129,75497,7636,20726.0,20840.0,26902.0,6182739388,61128637451,229003640,2264155030,12807,83,306791,5059326257,2365863180,23140361606,37.89,0.36,0,28.5
2021,2021-07-11,여름_자켓,01_시즌,여름,54939,786,80668232,229000,28686,103633.0,103002.0,118262.0,1575980154,12581031000,22547196,179994000,102631,55,26073,3523094099,748859678,5973897000,47.46,1.56,0,28.5
2021,2021-07-11,여름_점퍼,01_시즌,여름,8338,12,1287000,224000,20458,103500.0,108750.0,109435.0,170578804,1867712000,245496,2688000,107250,52,6569,699008065,134388602,1471456000,78.78,2.94,0,28.5
2021,2021-07-11,여름_캐주얼셔츠,01_시즌,여름,327330,11531,180083955,69900,6384,15394.0,17118.0,23952.0,2089674720,22880367000,73613904,806016900,15617,78,113834,2911471501,741954291,7956996600,34.78,0.91,0,28.5
2021,2021-07-11,여름_팬츠,01_시즌,여름,161381,5763,203452101,94750,10212,36451.0,33301.0,35643.0,1648022772,15290849750,58851756,546044250,35303,63,72962,2646907184,733366920,6317155565,45.21,1.02,0,28.5
2021,2021-07-18,가을_가성비 수트셋업,01_시즌,가을,13163,449,56822086,184000,28105,94914.0,138940.0,139804.0,369946115,2421992000,12619145,82616000,126553,31,945,141458486,26559225,173880000,7.18,0.28,1,29.8
2021,2021-07-18,가을_이너,01_시즌,가을,10931,56,3131520,69900,8312,55920.0,64118.0,31895.0,90858472,764076900,465472,3914400,55920,20,56,3131520,465472,3914400,0.51,0.03,1,29.8
2021,2021-07-18,가을_캐주얼셔츠,01_시즌,가을,20844,17,922680,69900,7391,54275.0,48676.0,35939.0,154058004,1456995600,125647,1188300,54275,22,17,922680,125647,1188300,0.08,0.0,1,29.8
2021,2021-07-18,가을_팬츠,01_시즌,가을,8249,64,4602880,89900,10790,71920.0,71920.0,49427.0,89006710,741585100,690560,5753600,71920,20,64,4602880,690560,5753600,0.78,0.04,1,29.8
2021,2021-07-18,사계절_가성비 수트셋업,01_시즌,사계절,65284,1143,127874180,154834,26758,100874.0,93018.0,100914.0,1746869272,10108182856,30584394,176975262,111876,28,47267,4365232751,1269758783,7112213434,72.4,1.54,1,29.8
2021,2021-07-18,사계절_니트셋업,01_시즌,사계절,29947,295,8481020,39900,5600,26241.0,28273.0,25596.0,167703200,1194885300,1652000,11770500,28749,28,16249,214984214,87935750,331505100,54.26,0.64,1,29.8
2021,2021-07-18,사계절_데님셋업,01_시즌,사계절,17490,153,7738561,79900,11955,62664.0,57384.0,51123.0,209092950,1397451000,1829115,12224700,50579,37,7724,393674760,90217334,617147600,44.16,1.28,1,29.8
2021,2021-07-18,사계절_셋업,01_시즌,사계절,61100,217,15273478,138200,17391,89168.0,83182.0,76338.0,1062590100,8444020000,3773847,29989400,70385,49,27635,1190567086,465748920,3650608250,45.23,0.58,1,29.8
2021,2021-07-18,사계절_셋업셔츠,01_시즌,사계절,102915,1217,37598433,48234,7656,29536.0,30272.0,30818.0,787917240,4964002110,9317352,58700778,30894,36,47406,1498930776,362940336,2286581004,46.06,1.27,1,29.8
2021,2021-07-18,여름_가성비 수트셋업,01_시즌,여름,34580,157,18784750,159000,33002,121740.0,130997.0,123276.0,1141209160,5498220000,5181314,24963000,119648,25,28789,3227119211,949641837,4562407891,83.25,1.74,1,29.8
2021,2021-07-18,여름_고가 수트셋업,01_시즌,여름,21688,66,1930990,199000,34696,120804.0,122438.0,135248.0,752486848,4315912000,2289936,13134000,29257,85,13048,1765934952,451730064,2596552000,60.16,1.53,1,29.8
2021,2021-07-18,여름_디자인팬츠,01_시즌,여름,19477,308,21314361,139000,15250,69219.0,66866.0,75327.0,297024250,2707303000,4697000,42812000,69202,50,14575,1115862017,222292718,2025925000,74.83,2.67,1,29.8
2021,2021-07-18,여름_반바지,01_시즌,여름,50480,3251,70941753,56567,7621,22030.0,21687.0,26361.0,384708080,2855502160,24775871,183899317,21822,61,15376,339896245,112200331,853482633,30.46,0.51,1,29.8
2021,2021-07-18,여름_반팔스웨터,01_시즌,여름,50165,1517,50325524,89900,8378,33990.0,34562.0,41230.0,420282370,4509833500,12709426,136378300,33174,63,36381,1485780305,320977062,3270651900,72.52,2.45,1,29.8
2021,2021-07-18,여름_반팔티셔츠,01_시즌,여름,809683,34153,410792528,75497,7636,20892.0,20840.0,26902.0,6182739388,61128637451,260792308,2578449041,12028,84,340944,5470118785,2626655488,25718810647,42.11,0.38,1,29.8
2021,2021-07-18,여름_자켓,01_시즌,여름,54939,537,59586071,229000,28686,106684.0,103002.0,118262.0,1575980154,12581031000,15404382,122973000,110961,52,26610,3582680170,764264060,6096870000,48.44,1.58,1,29.8
2021,2021-07-18,여름_점퍼,01_시즌,여름,8338,8,822000,224000,20458,114000.0,108750.0,109435.0,170578804,1867712000,163664,1792000,102750,54,6577,699830065,134552266,1473248000,78.88,2.94,1,29.8
2021,2021-07-18,여름_캐주얼셔츠,01_시즌,여름,327330,11390,182515263,69900,6384,16033.0,17118.0,23952.0,2089674720,22880367000,72713760,796161000,16024,77,125224,3093986764,814668051,8753157600,38.26,0.96,1,29.8
2021,2021-07-18,여름_팬츠,01_시즌,여름,167556,6268,207433408,94750,10288,34401.0,33301.0,35643.0,1723816128,15875931000,64485184,593893000,33094,65,79230,2854340592,797852104,6911048565,47.29,1.04,1,29.8
2021,2021-07-25,가을_가성비 수트셋업,01_시즌,가을,15747,753,99929738,184000,28218,135804.0,138940.0,139804.0,444348846,2897448000,21248154,138552000,132709,28,1698,241388224,47807379,312432000,10.78,0.39,0,30.6
2021,2021-07-25,가을_이너,01_시즌,가을,10931,-7,-506220,69900,8312,72317.0,64118.0,31895.0,90858472,764076900,-58184,-489300,72317,-3,49,2625300,407288,3425100,0.45,0.02,0,30.6
2021,2021-07-25,가을_캐주얼셔츠,01_시즌,가을,20844,21,904620,69900,7391,43077.0,48676.0,35939.0,154058004,1456995600,155211,1467900,43077,38,38,1827300,280858,2656200,0.18,0.01,0,30.6
2021,2021-07-25,가을_팬츠,01_시즌,가을,8249,-48,-3452160,89900,10790,71920.0,71920.0,49427.0,89006710,741585100,-517920,-4315200,71920,20,16,1150720,172640,1438400,0.19,0.01,0,30.6
2021,2021-07-25,사계절_가성비 수트셋업,01_시즌,사계절,65284,1636,118691820,154834,26758,87065.0,93018.0,100914.0,1746869272,10108182856,43776088,253308424,72550,53,48903,4483924571,1313534871,7365521858,74.91,1.58,0,30.6
2021,2021-07-25,사계절_니트셋업,01_시즌,사계절,29947,254,8624878,39900,5600,29287.0,28273.0,25596.0,167703200,1194885300,1422400,10134600,33956,15,16503,223609092,89358150,341639700,55.11,0.68,0,30.6
2021,2021-07-25,사계절_데님셋업,01_시즌,사계절,17490,128,7216123,79900,11955,56226.0,57384.0,51123.0,209092950,1397451000,1530240,10227200,56376,29,7852,400890883,91747574,627374800,44.89,1.3,0,30.6
2021,2021-07-25,사계절_셋업,01_시즌,사계절,61100,49,-4690759,138200,17391,81297.0,83182.0,76338.0,1062590100,8444020000,852159,6771800,81297,41,27684,1185876327,466601079,3657380050,45.31,0.58,0,30.6
2021,2021-07-25,사계절_셋업셔츠,01_시즌,사계절,102915,970,30056070,48234,7656,30386.0,30272.0,30818.0,787917240,4964002110,7426320,46786980,30986,36,48376,1528986846,370366656,2333367984,47.01,1.29,0,30.6
2021,2021-07-25,여름_가성비 수트셋업,01_시즌,여름,34580,132,15726569,159000,33002,129468.0,130997.0,123276.0,1141209160,5498220000,4356264,20988000,119141,25,28921,3242845780,953998101,4583395891,83.64,1.75,0,30.6
2021,2021-07-25,여름_고가 수트셋업,01_시즌,여름,21688,694,49989748,199000,34696,109112.0,122438.0,135248.0,752486848,4315912000,24079024,138106000,72031,64,13742,1815924700,475809088,2734658000,63.36,1.56,0,30.6
2021,2021-07-25,여름_디자인팬츠,01_시즌,여름,19477,182,11305451,139000,15250,62659.0,66866.0,75327.0,297024250,2707303000,2775500,25298000,62118,55,14757,1127167468,225068218,2051223000,75.77,2.69,0,30.6
2021,2021-07-25,여름_반바지,01_시즌,여름,50480,6309,117921807,56567,7621,18938.0,21687.0,26361.0,384708080,2855502160,48080889,356881203,18691,67,21685,457818052,160281220,1210363836,42.96,0.67,0,30.6
2021,2021-07-25,여름_반팔스웨터,01_시즌,여름,50165,1657,50130339,89900,8378,32040.0,34562.0,41230.0,420282370,4509833500,13882346,148964300,30254,66,38038,1535910644,334859408,3419616200,75.83,2.53,0,30.6
2021,2021-07-25,여름_반팔티셔츠,01_시즌,여름,809683,30498,363990222,75497,7636,18761.0,20840.0,26902.0,6182739388,61128637451,232882728,2302507506,11935,84,371442,5834109007,2859538216,28021318153,45.87,0.4,0,30.6
2021,2021-07-25,여름_자켓,01_시즌,여름,54939,582,57986478,229000,28686,106675.0,103002.0,118262.0,1575980154,12581031000,16695252,133278000,99633,56,27192,3640666648,780959312,6230148000,49.49,1.6,0,30.6
2021,2021-07-25,여름_점퍼,01_시즌,여름,8338,-10,-921000,224000,20458,108500.0,108750.0,109435.0,170578804,1867712000,-204580,-2240000,92100,59,6567,698909065,134347686,1471008000,78.76,2.94,0,30.6
2021,2021-07-25,여름_캐주얼셔츠,01_시즌,여름,327330,9154,169896809,69900,6384,17625.0,17118.0,23952.0,2089674720,22880367000,58439136,639864600,18560,73,134378,3263883573,873107187,9393022200,41.05,1.0,0,30.6
2021,2021-07-25,여름_팬츠,01_시즌,여름,167556,7168,194225584,94750,10288,29966.0,33301.0,35643.0,1723816128,15875931000,73744384,679168000,27096,71,86398,3048566176,871596488,7590216565,51.56,1.1,0,30.6
2021,2021-08-01,가을_가성비 수트셋업,01_시즌,가을,15747,846,116327220,184000,28369,127388.0,138178.0,139804.0,446726643,2897448000,24000174,155664000,137503,25,2544,357715444,71807553,468096000,16.16,0.57,0,28.0
2021,2021-08-01,가을_이너,01_시즌,가을,56841,87,7340170,84900,9638,68690.0,54148.0,41572.0,547833558,4825800900,838506,7386300,84370,1,136,9965470,1245794,10811400,0.24,0.01,0,28.0
2021,2021-08-01,가을_캐주얼셔츠,01_시즌,가을,20844,35,1749440,69900,7391,49984.0,44195.0,35939.0,154058004,1456995600,258685,2446500,49984,28,73,3576740,539543,5102700,0.35,0.02,0,28.0
2021,2021-08-01,가을_팬츠,01_시즌,가을,8249,-5,-368590,89900,10790,73718.0,59706.0,49427.0,89006710,741585100,-53950,-449500,73718,18,11,782130,118690,988900,0.13,0.01,0,28.0
2021,2021-08-01,겨울_가성비 수트셋업,01_시즌,겨울,3964,139,24201000,184000,29654,184000.0,152494.0,142040.0,117548456,729376000,4121906,25576000,174108,5,139,24201000,4121906,25576000,3.51,0.15,0,28.0
2021,2021-08-01,사계절_가성비 수트셋업,01_시즌,사계절,65284,677,87237090,154834,26758,92824.0,100042.0,100914.0,1746869272,10108182856,18115166,104822618,128858,17,49580,4571161661,1331650037,7470344476,75.95,1.62,0,28.0
2021,2021-08-01,사계절_니트셋업,01_시즌,사계절,29947,213,6624277,39900,5600,25766.0,23404.0,25596.0,167703200,1194885300,1192800,8498700,31100,22,16716,230233369,90550950,350138400,55.82,0.71,0,28.0
2021,2021-08-01,사계절_데님셋업,01_시즌,사계절,17490,63,4041509,79900,11955,63460.0,49601.0,51123.0,209092950,1397451000,753165,5033700,64151,20,7915,404932392,92500739,632408500,45.25,1.32,0,28.0
2021,2021-08-01,사계절_셋업,01_시즌,사계절,61100,279,17997066,138200,17290,83383.0,71130.0,76338.0,1056419000,8444020000,4823910,38557800,64506,53,27963,1203873393,471424989,3695937850,45.77,0.59,0,28.0
2021,2021-08-01,사계절_셋업셔츠,01_시즌,사계절,102915,1072,32341306,48234,7656,29872.0,30582.0,30818.0,787917240,4964002110,8207232,51706848,30169,37,49448,1561328152,378573888,2385074832,48.05,1.32,0,28.0
2021,2021-08-01,여름_가성비 수트셋업,01_시즌,여름,34580,125,13822938,159000,33002,119507.0,128694.0,123276.0,1141209160,5498220000,4125250,19875000,110584,30,29046,3256668718,958123351,4603270891,84.0,1.75,0,28.0
2021,2021-08-01,여름_고가 수트셋업,01_시즌,여름,21688,67,10383242,199000,34696,188064.0,133070.0,135248.0,752486848,4315912000,2324632,13333000,154974,22,13809,1826307942,478133720,2747991000,63.67,1.57,0,28.0
2021,2021-08-01,여름_디자인팬츠,01_시즌,여름,19477,143,9265639,139000,15250,66030.0,64906.0,75327.0,297024250,2707303000,2180750,19877000,64795,53,14900,1136433107,227248968,2071100000,76.5,2.71,0,28.0
2021,2021-08-01,여름_반바지,01_시즌,여름,50480,3019,64628549,56567,7621,21560.0,18910.0,26361.0,384708080,2855502160,23007799,170775773,21407,62,24704,522446601,183289019,1381139609,48.94,0.76,0,28.0
2021,2021-08-01,여름_반팔스웨터,01_시즌,여름,50165,994,33366764,89900,8378,32532.0,33634.0,41230.0,420282370,4509833500,8327732,89360600,33568,63,39032,1569277408,343187140,3508976800,77.81,2.58,0,28.0
2021,2021-08-01,여름_반팔티셔츠,01_시즌,여름,819683,17775,255071117,75497,7638,21853.0,20046.0,26902.0,6260738754,61883607451,135765450,1341959175,14350,81,389217,6089180124,2995303666,29363277328,47.48,0.41,0,28.0
2021,2021-08-01,여름_자켓,01_시즌,여름,54939,324,38261425,229000,28686,100942.0,98386.0,118262.0,1575980154,12581031000,9294264,74196000,118091,48,27516,3678928073,790253576,6304344000,50.08,1.62,0,28.0
2021,2021-08-01,여름_점퍼,01_시즌,여름,8338,6,522291,224000,20458,103829.0,118194.0,109435.0,170578804,1867712000,122748,1344000,87048,61,6573,699431356,134470434,1472352000,78.83,2.94,0,28.0
2021,2021-08-01,여름_캐주얼셔츠,01_시즌,여름,327330,9580,151725253,69900,6384,16852.0,17162.0,23952.0,2089674720,22880367000,61158720,669642000,15838,77,143958,3415608826,934265907,10062664200,43.98,1.04,0,28.0
2021,2021-08-01,여름_팬츠,01_시즌,여름,167556,5727,180629845,94750,10288,31995.0,30351.0,35643.0,1723816128,15875931000,58919376,542633250,31540,67,92125,3229196021,930515864,8132849815,54.98,1.16,0,28.0
2021,2021-08-08,가을_가성비 수트셋업,01_시즌,가을,16845,828,114130360,184000,28369,140804.0,138178.0,139804.0,477875805,3099480000,23489532,152352000,137839,25,3372,471845804,95297085,620448000,20.02,0.7,0,27.1
2021,2021-08-08,가을_아우터,01_시즌,가을,4816,47,9362400,249000,29495,199200.0,153878.0,116578.0,142047920,1199184000,1386265,11703000,199200,20,47,9362400,1386265,11703000,0.98,0.05,0,27.1
2021,2021-08-08,가을_이너,01_시즌,가을,63841,481,28057740,84900,9661,67457.0,54148.0,41572.0,616767901,5420100900,4646941,40836900,58332,31,617,38023210,5892735,51648300,0.97,0.05,0,27.1
2021,2021-08-08,가을_캐주얼셔츠,01_시즌,가을,20844,112,5796916,69900,7391,51758.0,44195.0,35939.0,154058004,1456995600,827792,7828800,51758,26,185,9373656,1367335,12931500,0.89,0.05,0,27.1
2021,2021-08-08,가을_팬츠,01_시즌,가을,8249,32,2301440,89900,10790,71920.0,59706.0,49427.0,89006710,741585100,345280,2876800,71920,20,43,3083570,463970,3865700,0.52,0.03,0,27.1
2021,2021-08-08,겨울_가성비 수트셋업,01_시즌,겨울,7264,292,50388900,184000,29712,183619.0,152494.0,142040.0,215827968,1336576000,8675904,53728000,172565,6,431,74589900,12797810,79304000,5.93,0.25,0,27.1
2021,2021-08-08,겨울_해비아우터,01_시즌,겨울,31227,1,129000,129000,12450,129000.0,64000.0,38797.0,388776150,4028283000,12450,129000,129000,0,1,129000,12450,129000,0.0,0.0,0,27.1
2021,2021-08-08,사계절_가성비 수트셋업,01_시즌,사계절,65284,619,65484710,154834,26758,120414.0,100042.0,100914.0,1746869272,10108182856,16563202,95842246,105791,32,50199,4636646371,1348213239,7566186722,76.89,1.64,0,27.1
2021,2021-08-08,사계절_니트셋업,01_시즌,사계절,29947,278,7645000,39900,5600,24639.0,23404.0,25596.0,167703200,1194885300,1556800,11092200,27500,31,16994,237878369,92107750,361230600,56.75,0.74,0,27.1
2021,2021-08-08,사계절_데님셋업,01_시즌,사계절,17490,184,9403884,79900,11955,50285.0,49601.0,51123.0,209092950,1397451000,2199720,14701600,51108,36,8099,414336276,94700459,647110100,46.31,1.35,0,27.1
2021,2021-08-08,사계절_셋업,01_시즌,사계절,67209,137,7397820,138200,17284,95124.0,71130.0,76338.0,1161640356,9288283800,2367908,18933400,53999,61,28100,1211271213,473792897,3714871250,41.81,0.54,0,27.1
2021,2021-08-08,사계절_셋업셔츠,01_시즌,사계절,102915,798,22879894,48234,7656,27932.0,30582.0,30818.0,787917240,4964002110,6109488,38490732,28672,41,50246,1584208046,384683376,2423565564,48.82,1.34,0,27.1
2021,2021-08-08,여름_가성비 수트셋업,01_시즌,여름,34580,119,14166493,159000,33002,127326.0,128694.0,123276.0,1141209160,5498220000,3927238,18921000,119046,25,29165,3270835211,962050589,4622191891,84.34,1.76,0,27.1
2021,2021-08-08,여름_고가 수트셋업,01_시즌,여름,21688,121,12824436,199000,34696,138580.0,133070.0,135248.0,752486848,4315912000,4198216,24079000,105987,47,13930,1839132378,482331936,2772070000,64.23,1.58,0,27.1
2021,2021-08-08,여름_디자인팬츠,01_시즌,여름,19477,109,7232145,139000,15250,65786.0,64906.0,75327.0,297024250,2707303000,1662250,15151000,66350,52,15009,1143665252,228911218,2086251000,77.06,2.73,0,27.1
2021,2021-08-08,여름_반바지,01_시즌,여름,50480,5159,89270720,56567,7621,17555.0,18910.0,26361.0,384708080,2855502160,39316739,291829153,17304,69,29863,611717321,222605758,1672968762,59.16,0.87,0,27.1
2021,2021-08-08,여름_반팔스웨터,01_시즌,여름,50165,1222,36581383,89900,8378,31418.0,33634.0,41230.0,420282370,4509833500,10237916,109857800,29936,67,40254,1605858791,353425056,3618834600,80.24,2.63,0,27.1
2021,2021-08-08,여름_반팔티셔츠,01_시즌,여름,819683,16153,214652041,75497,7638,19820.0,20046.0,26902.0,6260738754,61883607451,123376614,1219503041,13289,82,405370,6303832165,3118680280,30582780369,49.45,0.42,0,27.1
2021,2021-08-08,여름_자켓,01_시즌,여름,54939,384,32587134,229000,28686,87663.0,98386.0,118262.0,1575980154,12581031000,11015424,87936000,84862,63,27900,3711515207,801269000,6392280000,50.78,1.63,0,27.1
2021,2021-08-08,여름_점퍼,01_시즌,여름,8338,7,573000,224000,20458,81857.0,118194.0,109435.0,170578804,1867712000,143206,1568000,81857,63,6580,700004356,134613640,1473920000,78.92,2.94,0,27.1
2021,2021-08-08,여름_캐주얼셔츠,01_시즌,여름,327330,5627,99036207,69900,6384,17626.0,17162.0,23952.0,2089674720,22880367000,35922768,393327300,17600,75,149585,3514645033,970188675,10455991500,45.7,1.06,0,27.1
2021,2021-08-08,여름_팬츠,01_시즌,여름,171741,6000,169775865,94750,10284,30012.0,30351.0,35643.0,1766184444,16272459750,61704000,568500000,28296,70,98125,3398971886,992219864,8701349815,57.14,1.19,0,27.1
2021,2021-08-15,가을_가성비 수트셋업,01_시즌,가을,16845,701,100829754,184000,28369,142153.0,138178.0,139804.0,477875805,3099480000,19886669,128984000,143837,22,4073,572675558,115183754,749432000,24.18,0.85,1,25.8
2021,2021-08-15,가을_아우터,01_시즌,가을,4816,14,2280600,249000,29495,162900.0,153878.0,116578.0,142047920,1199184000,412930,3486000,162900,35,61,11643000,1799195,15189000,1.27,0.06,1,25.8
2021,2021-08-15,가을_이너,01_시즌,가을,63841,-8,-279452,84900,9661,57270.0,54148.0,41572.0,616767901,5420100900,-77288,-679200,34932,59,609,37743758,5815447,50969100,0.95,0.05,1,25.8
2021,2021-08-15,가을_캐주얼셔츠,01_시즌,가을,20844,43,2078500,69900,7391,48337.0,44195.0,35939.0,154058004,1456995600,317813,3005700,48337,31,228,11452156,1685148,15937200,1.09,0.06,1,25.8
2021,2021-08-15,가을_팬츠,01_시즌,가을,8249,24,1517290,89900,10790,63220.0,59706.0,49427.0,89006710,741585100,258960,2157600,63220,30,67,4600860,722930,6023300,0.81,0.04,1,25.8
2021,2021-08-15,겨울_가성비 수트셋업,01_시즌,겨울,11246,489,61479460,184000,29712,149130.0,152494.0,142040.0,334141152,2069264000,14529168,89976000,125725,32,920,136069360,27326978,169280000,8.18,0.29,1,25.8
2021,2021-08-15,겨울_해비아우터,01_시즌,겨울,31261,0,0,129000,12450,,64000.0,38797.0,389199450,4032669000,0,0,64000,50,1,129000,12450,129000,0.0,0.0,1,25.8
2021,2021-08-15,사계절_가성비 수트셋업,01_시즌,사계절,65284,411,44249100,154834,26758,105590.0,100042.0,100914.0,1746869272,10108182856,10997538,63636774,107662,30,50610,4680895471,1359210777,7629823496,77.52,1.66,1,25.8
2021,2021-08-15,사계절_니트셋업,01_시즌,사계절,29947,229,5648979,39900,5600,22574.0,23404.0,25596.0,167703200,1194885300,1282400,9137100,24668,38,17223,243527348,93390150,370367700,57.51,0.76,1,25.8
2021,2021-08-15,사계절_데님셋업,01_시즌,사계절,17490,151,7048177,79900,11955,47550.0,49601.0,51123.0,209092950,1397451000,1805205,12064900,46677,42,8250,421384453,96505664,659175000,47.17,1.37,1,25.8
2021,2021-08-15,사계절_셋업,01_시즌,사계절,67209,399,28887711,138200,17284,84892.0,71130.0,76338.0,1161640356,9288283800,6896316,55141800,72400,48,28499,1240158924,480689213,3770013050,42.4,0.56,1,25.8
2021,2021-08-15,사계절_셋업셔츠,01_시즌,사계절,102915,728,22858353,48234,7656,32737.0,30582.0,30818.0,787917240,4964002110,5573568,35114352,31399,35,50974,1607066399,390256944,2458679916,49.53,1.36,1,25.8
2021,2021-08-15,여름_가성비 수트셋업,01_시즌,여름,34580,79,9449100,159000,33002,126247.0,128694.0,123276.0,1141209160,5498220000,2607158,12561000,119609,25,29244,3280284311,964657747,4634752891,84.57,1.77,1,25.8
2021,2021-08-15,여름_고가 수트셋업,01_시즌,여름,21688,123,13256600,199000,34696,113728.0,133070.0,135248.0,752486848,4315912000,4267608,24477000,107777,46,14053,1852388978,486599544,2796547000,64.8,1.59,1,25.8
2021,2021-08-15,여름_디자인팬츠,01_시즌,여름,19477,98,7445059,139000,15250,75313.0,64906.0,75327.0,297024250,2707303000,1494500,13622000,75970,45,15107,1151110311,230405718,2099873000,77.56,2.75,1,25.8
2021,2021-08-15,여름_반바지,01_시즌,여름,50480,1393,27905607,56567,7621,20068.0,18910.0,26361.0,384708080,2855502160,10616053,78797831,20033,65,31256,639622928,233221811,1751766593,61.92,0.91,1,25.8
2021,2021-08-15,여름_반팔스웨터,01_시즌,여름,50165,923,30398556,89900,8378,32518.0,33634.0,41230.0,420282370,4509833500,7732894,82977700,32935,63,41177,1636257347,361157950,3701812300,82.08,2.68,1,25.8
2021,2021-08-15,여름_반팔티셔츠,01_시즌,여름,819683,16653,190837815,75497,7638,19622.0,20046.0,26902.0,6260738754,61883607451,127195614,1257251541,11460,85,422023,6494669980,3245875894,31840031910,51.49,0.42,1,25.8
2021,2021-08-15,여름_자켓,01_시즌,여름,54939,498,52336199,229000,28686,100634.0,98386.0,118262.0,1575980154,12581031000,14285628,114042000,105093,54,28398,3763851406,815554628,6506322000,51.69,1.65,1,25.8
2021,2021-08-15,여름_점퍼,01_시즌,여름,8338,18,1260200,224000,20458,70011.0,118194.0,109435.0,170578804,1867712000,368244,4032000,70011,69,6598,701264556,134981884,1477952000,79.13,2.95,1,25.8
2021,2021-08-15,여름_캐주얼셔츠,01_시즌,여름,327330,6040,108296862,69900,6384,17902.0,17162.0,23952.0,2089674720,22880367000,38559360,422196000,17930,74,155625,3622941895,1008748035,10878187500,47.54,1.09,1,25.8
2021,2021-08-15,여름_팬츠,01_시즌,여름,171741,3331,95551249,94750,10284,31238.0,30351.0,35643.0,1766184444,16272459750,34256004,315612250,28685,70,101456,3494523135,1026475868,9016962065,59.08,1.22,1,25.8
2021,2021-08-22,가을_가성비 수트셋업,01_시즌,가을,16845,810,111290901,184000,28369,140254.0,138178.0,139804.0,477875805,3099480000,22978890,149040000,137396,25,4883,683966459,138162644,898472000,28.99,1.01,0,23.8
2021,2021-08-22,가을_아우터,01_시즌,가을,4816,88,10924689,249000,29495,124144.0,153878.0,116578.0,142047920,1199184000,2595560,21912000,124144,50,149,22567689,4394755,37101000,3.09,0.11,0,23.8
2021,2021-08-22,가을_이너,01_시즌,가을,69476,914,60640733,109900,11842,72423.0,65387.0,51110.0,822734792,7635412400,10823588,100448600,66347,40,1523,98384491,16639035,151417700,2.19,0.09,0,23.8
2021,2021-08-22,가을_캐주얼셔츠,01_시즌,가을,20844,1024,36987350,69900,7391,36120.0,44195.0,35939.0,154058004,1456995600,7568384,71577600,36120,48,1252,48439506,9253532,87514800,6.01,0.23,0,23.8
2021,2021-08-22,가을_팬츠,01_시즌,가을,8249,175,10356820,89900,10790,59182.0,59706.0,49427.0,89006710,741585100,1888250,15732500,59182,34,242,14957680,2611180,21755800,2.93,0.12,0,23.8
2021,2021-08-22,겨울_가성비 수트셋업,01_시즌,겨울,17912,869,121433968,184000,29602,138351.0,152494.0,142040.0,530231024,3295808000,25724138,159896000,139740,24,1789,257503328,53051116,329176000,9.99,0.34,0,23.8
2021,2021-08-22,겨울_기모맨투맨셋업,01_시즌,겨울,16000,0,0,129900,11905,,91983.0,69075.0,190480000,2078400000,0,0,91983,29,0,0,0,0,0.0,0.0,0,23.8
2021,2021-08-22,겨울_스웨터,01_시즌,겨울,26187,175,12068930,89900,9636,68965.0,65992.0,42894.0,252337932,2354211300,1686300,15732500,68965,23,175,12068930,1686300,15732500,0.67,0.04,0,23.8
2021,2021-08-22,겨울_코트,01_시즌,겨울,4936,57,15002400,329000,57315,263200.0,263600.0,180349.0,282906840,1623944000,3266955,18753000,263200,20,57,15002400,3266955,18753000,1.15,0.04,0,23.8
2021,2021-08-22,겨울_해비아우터,01_시즌,겨울,31261,31,1519000,129000,12450,49000.0,64000.0,38797.0,389199450,4032669000,385950,3999000,49000,62,32,1648000,398400,4128000,0.1,0.0,0,23.8
2021,2021-08-22,사계절_가성비 수트셋업,01_시즌,사계절,65284,413,38410230,154834,26758,94844.0,100042.0,100914.0,1746869272,10108182856,11051054,63946442,93003,40,51023,4719305701,1370261831,7693769938,78.16,1.67,0,23.8
2021,2021-08-22,사계절_니트셋업,01_시즌,사계절,29947,222,4227418,39900,5600,22572.0,23404.0,25596.0,167703200,1194885300,1243200,8857800,19042,52,17445,247754766,94633350,379225500,58.25,0.78,0,23.8
2021,2021-08-22,사계절_데님셋업,01_시즌,사계절,17490,261,12152481,79900,11955,47162.0,49601.0,51123.0,209092950,1397451000,3120255,20853900,46561,42,8511,433536934,99625919,680028900,48.66,1.41,0,23.8
2021,2021-08-22,사계절_셋업,01_시즌,사계절,67209,1223,50912645,138200,17284,47514.0,71130.0,76338.0,1161640356,9288283800,21138332,169018600,41629,70,29722,1291071569,501827545,3939031650,44.22,0.58,0,23.8
2021,2021-08-22,사계절_셋업셔츠,01_시즌,사계절,102915,940,28518757,48234,7656,28400.0,30582.0,30818.0,787917240,4964002110,7196640,45339960,30339,37,51914,1635585156,397453584,2504019876,50.44,1.38,0,23.8
2021,2021-08-22,여름_가성비 수트셋업,01_시즌,여름,34580,57,7529380,159000,33002,124831.0,128694.0,123276.0,1141209160,5498220000,1881114,9063000,132094,17,29301,3287813691,966538861,4643815891,84.73,1.77,0,23.8
2021,2021-08-22,여름_고가 수트셋업,01_시즌,여름,21688,88,8065401,199000,34696,124612.0,133070.0,135248.0,752486848,4315912000,3053248,17512000,91652,54,14141,1860454379,489652792,2814059000,65.2,1.6,0,23.8
2021,2021-08-22,여름_디자인팬츠,01_시즌,여름,19477,42,2256540,139000,15250,48600.0,64906.0,75327.0,297024250,2707303000,640500,5838000,53727,61,15149,1153366851,231046218,2105711000,77.78,2.75,0,23.8
2021,2021-08-22,여름_반바지,01_시즌,여름,50480,-178,-1428818,56567,7621,15994.0,18910.0,26361.0,384708080,2855502160,-1356538,-10068926,8027,86,31078,638194110,231865273,1741697667,61.56,0.91,0,23.8
2021,2021-08-22,여름_반팔스웨터,01_시즌,여름,50165,290,6744759,89900,8378,35266.0,33634.0,41230.0,420282370,4509833500,2429620,26071000,23258,74,41467,1643002106,363587570,3727883300,82.66,2.69,0,23.8
2021,2021-08-22,여름_반팔티셔츠,01_시즌,여름,819683,13301,165608555,75497,7638,19532.0,20046.0,26902.0,6260738754,61883607451,101593038,1004185597,12451,84,435324,6660278535,3347468932,32844217507,53.11,0.43,0,23.8
2021,2021-08-22,여름_자켓,01_시즌,여름,54939,186,11165846,229000,28686,95914.0,98386.0,118262.0,1575980154,12581031000,5335596,42594000,60031,74,28584,3775017252,820890224,6548916000,52.03,1.66,0,23.8
2021,2021-08-22,여름_점퍼,01_시즌,여름,8338,24,808100,224000,20458,62955.0,118194.0,109435.0,170578804,1867712000,490992,5376000,33671,85,6622,702072656,135472876,1483328000,79.42,2.95,0,23.8
2021,2021-08-22,여름_캐주얼셔츠,01_시즌,여름,327330,5630,85270438,69900,6384,18488.0,17162.0,23952.0,2089674720,22880367000,35941920,393537000,15146,78,161255,3708212333,1044689955,11271724500,49.26,1.11,0,23.8
2021,2021-08-22,여름_팬츠,01_시즌,여름,171741,2902,75796061,94750,10284,29523.0,30351.0,35643.0,1766184444,16272459750,29844168,274964500,26119,72,104358,3570319196,1056320036,9291926565,60.76,1.24,0,23.8
2021,2021-08-29,가을_가성비 수트셋업,01_시즌,가을,16845,916,127250276,184000,28369,140291.0,138178.0,139804.0,477875805,3099480000,25986004,168544000,138920,25,5799,811216735,164148648,1067016000,34.43,1.2,0,23.0
2021,2021-08-29,가을_아우터,01_시즌,가을,4816,101,13055900,249000,29495,129266.0,153878.0,116578.0,142047920,1199184000,2978995,25149000,129266,48,250,35623589,7373750,62250000,5.19,0.18,0,23.0
2021,2021-08-29,가을_이너,01_시즌,가을,69476,825,27527622,109900,11842,40829.0,65387.0,51110.0,822734792,7635412400,9769650,90667500,33367,70,2348,125912113,26408685,242085200,3.38,0.11,0,23.0
2021,2021-08-29,가을_캐주얼셔츠,01_시즌,가을,20844,553,19230616,69900,7391,34775.0,44195.0,35939.0,154058004,1456995600,4087223,38654700,34775,50,1805,67670122,13340755,126169500,8.66,0.31,0,23.0
2021,2021-08-29,가을_팬츠,01_시즌,가을,8249,122,3719680,89900,10790,30489.0,59706.0,49427.0,89006710,741585100,1316380,10967800,30489,66,364,18677360,3927560,32723600,4.41,0.15,0,23.0
2021,2021-08-29,겨울_가성비 수트셋업,01_시즌,겨울,17912,1062,144683229,184000,29602,137376.0,152494.0,142040.0,530231024,3295808000,31437324,195408000,136237,26,2851,402186557,84488440,524584000,15.92,0.53,0,23.0
2021,2021-08-29,겨울_기모맨투맨셋업,01_시즌,겨울,16000,37,3403380,129900,11905,91983.0,91983.0,69075.0,190480000,2078400000,440485,4806300,91983,29,37,3403380,440485,4806300,0.23,0.01,0,23.0
2021,2021-08-29,겨울_스웨터,01_시즌,겨울,26187,88,5545590,89900,9636,63018.0,65992.0,42894.0,252337932,2354211300,847968,7911200,63018,30,263,17614520,2534268,23643700,1.0,0.05,0,23.0
2021,2021-08-29,겨울_코트,01_시즌,겨울,4936,-25,-6600000,329000,57315,264000.0,263600.0,180349.0,282906840,1623944000,-1432875,-8225000,264000,20,32,8402400,1834080,10528000,0.65,0.02,0,23.0
2021,2021-08-29,겨울_해비아우터,01_시즌,겨울,31261,3,57000,129000,12450,29000.0,64000.0,38797.0,389199450,4032669000,37350,387000,19000,85,35,1705000,435750,4515000,0.11,0.0,0,23.0
2021,2021-08-29,사계절_가성비 수트셋업,01_시즌,사계절,65284,1069,75286482,154834,26758,86508.0,100042.0,100914.0,1746869272,10108182856,28604302,165517546,70427,55,52092,4794592183,1398866133,7859287484,79.79,1.69,0,23.0
2021,2021-08-29,사계절_니트셋업,01_시즌,사계절,29947,229,5643693,39900,5600,21468.0,23404.0,25596.0,167703200,1194885300,1282400,9137100,24645,38,17674,253398459,95915750,388362600,59.02,0.8,0,23.0
2021,2021-08-29,사계절_데님셋업,01_시즌,사계절,17490,199,8995495,79900,11955,46476.0,49601.0,51123.0,209092950,1397451000,2379045,15900100,45203,43,8710,442532429,102004964,695929000,49.8,1.44,0,23.0
2021,2021-08-29,사계절_셋업,01_시즌,사계절,71015,2458,100458649,138200,17280,44734.0,71130.0,76338.0,1227139200,9814273000,42474240,339695600,40870,70,32180,1391530218,544301785,4278727250,45.31,0.59,0,23.0
2021,2021-08-29,사계절_셋업셔츠,01_시즌,사계절,102915,1296,35243047,48234,7656,35348.0,30582.0,30818.0,787917240,4964002110,9922176,62511264,27194,44,53210,1670828203,407375760,2566531140,51.7,1.41,0,23.0
2021,2021-08-29,여름_가성비 수트셋업,01_시즌,여름,34580,56,7881950,159000,33002,145184.0,128694.0,123276.0,1141209160,5498220000,1848112,8904000,140749,11,29357,3295695641,968386973,4652719891,84.9,1.78,0,23.0
2021,2021-08-29,여름_고가 수트셋업,01_시즌,여름,21688,363,22133900,199000,34696,107302.0,133070.0,135248.0,752486848,4315912000,12594648,72237000,60975,69,14504,1882588279,502247440,2886296000,66.88,1.61,0,23.0
2021,2021-08-29,여름_디자인팬츠,01_시즌,여름,19477,118,6079122,139000,15250,64723.0,64906.0,75327.0,297024250,2707303000,1799500,16402000,51518,63,15267,1159445973,232845718,2122113000,78.38,2.76,0,23.0
2021,2021-08-29,여름_반바지,01_시즌,여름,50480,342,6620368,56567,7621,19377.0,18910.0,26361.0,384708080,2855502160,2606382,19345914,19358,66,31420,644814478,234471655,1761043581,62.24,0.91,0,23.0
2021,2021-08-29,여름_반팔스웨터,01_시즌,여름,50165,321,10664066,89900,8378,36436.0,33634.0,41230.0,420282370,4509833500,2689338,28857900,33221,63,41788,1653666172,366276908,3756741200,83.3,2.71,0,23.0
2021,2021-08-29,여름_반팔티셔츠,01_시즌,여름,819683,9260,107866649,75497,7638,19406.0,20046.0,26902.0,6260738754,61883607451,70727880,699102220,11649,85,444584,6768145184,3418196812,33543319727,54.24,0.44,0,23.0
2021,2021-08-29,여름_자켓,01_시즌,여름,54939,388,34222549,229000,28686,106777.0,98386.0,118262.0,1575980154,12581031000,11130168,88852000,88202,61,28972,3809239801,832020392,6637768000,52.73,1.67,0,23.0
2021,2021-08-29,여름_점퍼,01_시즌,여름,8338,22,3112500,224000,20458,230060.0,118194.0,109435.0,170578804,1867712000,450076,4928000,141477,37,6644,705185156,135922952,1488256000,79.68,2.96,0,23.0
2021,2021-08-29,여름_캐주얼셔츠,01_시즌,여름,327330,5907,76775012,69900,6384,14946.0,17162.0,23952.0,2089674720,22880367000,37710288,412899300,12997,81,167162,3784987345,1082400243,11684623800,51.07,1.13,0,23.0
2021,2021-08-29,여름_팬츠,01_시즌,여름,171741,2835,66643771,94750,10284,28986.0,30351.0,35643.0,1766184444,16272459750,29155140,268616250,23508,75,107193,3636962967,1085475176,9560542815,62.42,1.26,0,23.0
2021,2021-09-05,가을_가성비 수트셋업,01_시즌,가을,16845,1010,141302358,184000,28369,139993.0,138831.0,139804.0,477875805,3099480000,28652690,185840000,139903,24,6809,952519093,192801338,1252856000,40.42,1.41,0,22.6
2021,2021-09-05,가을_아우터,01_시즌,가을,4816,170,23920857,249000,29495,140711.0,121683.0,116578.0,142047920,1199184000,5014150,42330000,140711,43,420,59544446,12387900,104580000,8.72,0.29,0,22.6
2021,2021-09-05,가을_이너,01_시즌,가을,71881,1567,70066522,109900,11842,54026.0,50185.0,51110.0,851214802,7899721900,18556414,172213300,44714,59,3915,195978635,44965099,414298500,5.45,0.16,0,22.6
2021,2021-09-05,가을_캐주얼셔츠,01_시즌,가을,20844,957,35075372,69900,7391,36651.0,34054.0,35939.0,154058004,1456995600,7073187,66894300,36651,48,2762,102745494,20413942,193063800,13.25,0.47,0,22.6
2021,2021-09-05,가을_팬츠,01_시즌,가을,8249,253,11955200,89900,10790,47254.0,43682.0,49427.0,89006710,741585100,2729870,22744700,47254,47,617,30632560,6657430,55468300,7.48,0.24,0,22.6
2021,2021-09-05,겨울_가디건,01_시즌,겨울,1502,0,0,159900,17518,,84177.0,81188.0,26312036,240169800,0,0,84177,47,0,0,0,0,0.0,0.0,0,22.6
2021,2021-09-05,겨울_가성비 수트셋업,01_시즌,겨울,18137,1290,181206556,184000,29666,140194.0,139676.0,142040.0,538052242,3337208000,38269140,237360000,140470,24,4141,583393113,122757580,761944000,22.83,0.76,0,22.6
2021,2021-09-05,겨울_기모맨투맨셋업,01_시즌,겨울,62125,133,11379361,116566,11544,112891.0,70921.0,49092.0,717171000,7241662750,1535352,15503278,85559,27,170,14782741,1975837,20309578,0.27,0.02,0,22.6
2021,2021-09-05,겨울_스웨터,01_시즌,겨울,26187,561,35832673,89900,9893,63873.0,49136.0,42894.0,259067991,2354211300,5549973,50433900,63873,29,824,53447193,8084241,74077600,3.15,0.16,0,22.6
2021,2021-09-05,겨울_아우터,01_시즌,겨울,2219,176,36072895,259000,11760,204960.0,195386.0,174500.0,26095440,574721000,2069760,45584000,204960,21,176,36072895,2069760,45584000,7.93,1.18,0,22.6
2021,2021-09-05,겨울_아우터셔츠,01_시즌,겨울,17055,155,8593890,69900,7327,55444.0,36706.0,31856.0,124961985,1192144500,1135685,10834500,55444,21,155,8593890,1135685,10834500,0.91,0.05,0,22.6
2021,2021-09-05,겨울_코트,01_시즌,겨울,7988,181,46721140,329000,57028,258128.0,213166.0,180349.0,455539664,2628052000,10322068,59549000,258128,22,213,55123540,12156148,70077000,2.67,0.08,0,22.6
2021,2021-09-05,겨울_팬츠,01_시즌,겨울,3248,229,25192302,139000,3853,110010.0,106202.0,65190.0,12514544,451472000,882337,31831000,110010,21,229,25192302,882337,31831000,7.05,1.76,0,22.6
2021,2021-09-05,겨울_해비스웨터,01_시즌,겨울,14179,92,13904640,199900,22986,159394.0,137891.0,104270.0,325918494,2834382100,2114712,18390800,151137,24,92,13904640,2114712,18390800,0.65,0.03,0,22.6
2021,2021-09-05,겨울_해비아우터,01_시즌,겨울,43576,213,31287900,242333,22179,180571.0,139820.0,122690.0,966472104,10559902808,4724127,51616929,146892,39,248,32992900,5159877,56131929,0.57,0.03,0,22.6
2021,2021-09-05,사계절_가성비 수트셋업,01_시즌,사계절,65284,605,57550972,154834,26758,87052.0,102492.0,100914.0,1746869272,10108182856,16188590,93674570,95126,39,52697,4852143155,1415054723,7952962054,80.72,1.72,0,22.6
2021,2021-09-05,사계절_니트셋업,01_시즌,사계절,29947,101,2908487,39900,5606,25002.0,27374.0,25596.0,167882882,1194885300,566206,4029900,28797,28,17775,256306946,96481956,392392500,59.35,0.81,0,22.6
2021,2021-09-05,사계절_데님셋업,01_시즌,사계절,17490,229,10285810,79900,11955,44964.0,43579.0,51123.0,209092950,1397451000,2737695,18297100,44916,44,8939,452818239,104742659,714226100,51.11,1.47,0,22.6
2021,2021-09-05,사계절_셋업,01_시즌,사계절,71015,1927,88802333,138200,17418,56722.0,85486.0,76338.0,1236939270,9814273000,33564486,266311400,46083,67,34107,1480332551,577866271,4545038650,48.03,0.62,0,22.6
2021,2021-09-05,사계절_셋업셔츠,01_시즌,사계절,102915,1651,45334164,48234,7656,26670.0,31633.0,30818.0,787917240,4964002110,12640056,79634334,27459,43,54861,1716162367,420015816,2646165474,53.31,1.45,0,22.6
2021,2021-09-05,여름_가성비 수트셋업,01_시즌,여름,34580,87,10200600,159000,33002,126093.0,120962.0,123276.0,1141209160,5498220000,2871174,13833000,117248,26,29444,3305896241,971258147,4666552891,85.15,1.78,0,22.6
2021,2021-09-05,여름_고가 수트셋업,01_시즌,여름,21688,120,25641766,199000,34696,122528.0,130567.0,135248.0,752486848,4315912000,4163520,23880000,213681,-7,14624,1908230045,506410960,2910176000,67.43,1.63,0,22.6
2021,2021-09-05,여름_디자인팬츠,01_시즌,여름,19477,66,3992993,139000,15250,60550.0,64545.0,75327.0,297024250,2707303000,1006500,9174000,60500,56,15333,1163438966,233852218,2131287000,78.72,2.77,0,22.6
2021,2021-09-05,여름_반바지,01_시즌,여름,50480,63,2069604,56567,7989,59737.0,38520.0,26361.0,403284720,2855502160,503307,3563721,32851,42,31483,646884082,234974962,1764607302,62.37,0.88,0,22.6
2021,2021-09-05,여름_반팔스웨터,01_시즌,여름,50165,211,6298452,89900,8964,35972.0,36148.0,41230.0,449679060,4509833500,1891404,18968900,29850,67,41999,1659964624,368168312,3775710100,83.72,2.54,0,22.6
2021,2021-09-05,여름_반팔티셔츠,01_시즌,여름,819683,6542,62034454,75497,7672,18820.0,23030.0,26902.0,6288607976,61883607451,50190224,493901374,9482,87,451126,6830179638,3468387036,34037221101,55.04,0.44,0,22.6
2021,2021-09-05,여름_자켓,01_시즌,여름,54939,184,18259283,229000,28818,106598.0,102967.0,118262.0,1583232102,12581031000,5302512,42136000,99235,57,29156,3827499084,837322904,6679904000,53.07,1.67,0,22.6
2021,2021-09-05,여름_점퍼,01_시즌,여름,8338,26,2169100,224000,20458,85187.0,95768.0,109435.0,170578804,1867712000,531908,5824000,83427,63,6670,707354256,136454860,1494080000,80.0,2.97,0,22.6
2021,2021-09-05,여름_캐주얼셔츠,01_시즌,여름,327330,3044,47019810,69900,6516,29508.0,20819.0,23952.0,2132882280,22880367000,19834704,212775600,15447,78,170206,3832007155,1102234947,11897399400,52.0,1.12,0,22.6
2021,2021-09-05,여름_팬츠,01_시즌,여름,171741,1238,34084059,94750,10453,29964.0,32558.0,35643.0,1795208673,16272459750,12940814,117300500,27532,71,108431,3671047026,1098415990,9677843315,63.14,1.25,0,22.6
2021,2021-09-12,가을_가성비 수트셋업,01_시즌,가을,16845,557,75422535,184000,28369,137984.0,138831.0,139804.0,477875805,3099480000,15801533,102488000,135409,26,7366,1027941628,208602871,1355344000,43.73,1.52,0,23.9
2021,2021-09-12,가을_아우터,01_시즌,가을,4816,146,17251038,249000,29495,118158.0,121683.0,116578.0,142047920,1199184000,4306270,36354000,118158,53,566,76795484,16694170,140934000,11.75,0.37,0,23.9
2021,2021-09-12,가을_이너,01_시즌,가을,71881,3104,131333287,109900,11842,49768.0,50185.0,51110.0,851214802,7899721900,36757568,341129600,42311,62,7019,327311922,81722667,755428100,9.76,0.25,0,23.9
2021,2021-09-12,가을_캐주얼셔츠,01_시즌,가을,20844,1893,64523208,69900,7391,34085.0,34054.0,35939.0,154058004,1456995600,13991163,132320700,34085,51,4655,167268702,34405105,325384500,22.33,0.76,0,23.9
2021,2021-09-12,가을_팬츠,01_시즌,가을,8249,261,11382851,89900,10790,43612.0,43682.0,49427.0,89006710,741585100,2816190,23463900,43612,51,878,42015411,9473620,78932200,10.64,0.32,0,23.9
2021,2021-09-12,겨울_가디건,01_시즌,겨울,1502,34,3055090,159900,17518,89856.0,84177.0,81188.0,26312036,240169800,595612,5436600,89856,44,34,3055090,595612,5436600,2.26,0.08,0,23.9
2021,2021-09-12,겨울_가성비 수트셋업,01_시즌,겨울,28069,2820,388327783,184000,30736,140616.0,140429.0,142044.0,862728784,5164696000,86675520,518880000,137705,25,6961,971720896,209433100,1280824000,24.8,0.78,0,23.9
2021,2021-09-12,겨울_기모맨투맨셋업,01_시즌,겨울,133741,323,10933566,101011,10728,75210.0,62603.0,44783.0,1434773448,13509312151,3465144,32626553,33850,66,493,25716307,5440981,52936131,0.37,0.01,0,23.9
2021,2021-09-12,겨울_스웨터,01_시즌,겨울,68547,1013,56255709,89900,4837,55534.0,49136.0,42894.0,331561839,6162375300,4899881,91068700,55534,38,1837,109702902,12984122,165146300,2.68,0.26,0,23.9
2021,2021-09-12,겨울_아우터,01_시즌,겨울,2219,75,13989315,259000,11760,186524.0,195386.0,174500.0,26095440,574721000,882000,19425000,186524,28,251,50062210,2951760,65009000,11.31,1.63,0,23.9
2021,2021-09-12,겨울_아우터셔츠,01_시즌,겨울,17055,251,7520630,69900,7327,29963.0,36706.0,31856.0,124961985,1192144500,1839077,17544900,29963,57,406,16114520,2974762,28379400,2.38,0.09,0,23.9
2021,2021-09-12,겨울_코트,01_시즌,겨울,7988,-94,-27321379,329000,57028,290653.0,213166.0,180349.0,455539664,2628052000,-5360632,-30926000,290653,12,119,27802161,6795516,39151000,1.49,0.04,0,23.9
2021,2021-09-12,겨울_팬츠,01_시즌,겨울,3248,2,-595935,139000,3853,,106202.0,65190.0,12514544,451472000,7706,278000,106202,24,231,24596367,890043,32109000,7.11,1.72,0,23.9
2021,2021-09-12,겨울_해비스웨터,01_시즌,겨울,21384,-19,-3486469,169900,16866,104876.0,112011.0,84261.0,360662544,3633141600,-320454,-3228100,183498,-8,73,10418171,1794258,15162700,0.34,0.02,0,23.9
2021,2021-09-12,겨울_해비아우터,01_시즌,겨울,43576,197,6385355,242333,22179,224475.0,139820.0,122690.0,966472104,10559902808,4369263,47739601,32413,87,445,39378255,9529140,103871530,1.02,0.03,0,23.9
2021,2021-09-12,사계절_가성비 수트셋업,01_시즌,사계절,65284,265,29669839,154834,26758,111700.0,102492.0,100914.0,1746869272,10108182856,7090870,41031010,111962,28,52962,4881812994,1422145593,7993993064,81.13,1.73,0,23.9
2021,2021-09-12,사계절_니트셋업,01_시즌,사계절,29947,80,2279099,39900,5606,24072.0,27374.0,25596.0,167882882,1194885300,448480,3192000,28489,29,17855,258586045,96930436,395584500,59.62,0.82,0,23.9
2021,2021-09-12,사계절_데님셋업,01_시즌,사계절,17490,337,14686366,79900,11955,41929.0,43579.0,51123.0,209092950,1397451000,4028835,26926300,43580,45,9276,467504605,108771494,741152400,53.04,1.51,0,23.9
2021,2021-09-12,사계절_셋업,01_시즌,사계절,71015,2318,101029134,138200,17418,134022.0,85486.0,76338.0,1236939270,9814273000,40374924,320347600,43585,68,36425,1581361685,618241195,4865386250,51.29,0.66,0,23.9
2021,2021-09-12,사계절_셋업셔츠,01_시즌,사계절,102915,1211,35749024,48234,7656,35151.0,31633.0,30818.0,787917240,4964002110,9271416,58411374,29520,39,56072,1751911391,429287232,2704576848,54.48,1.48,0,23.9
2021,2021-09-12,여름_가성비 수트셋업,01_시즌,여름,34580,22,2726976,159000,33002,120326.0,120962.0,123276.0,1141209160,5498220000,726044,3498000,123953,22,29466,3308623217,971984191,4670050891,85.21,1.78,0,23.9
2021,2021-09-12,여름_고가 수트셋업,01_시즌,여름,21688,71,7387173,199000,34696,117856.0,130567.0,135248.0,752486848,4315912000,2463416,14129000,104045,48,14695,1915617218,508874376,2924305000,67.76,1.64,0,23.9
2021,2021-09-12,여름_디자인팬츠,01_시즌,여름,19477,20,1224000,139000,15250,72000.0,64545.0,75327.0,297024250,2707303000,305000,2780000,61200,56,15353,1164662966,234157218,2134067000,78.83,2.78,0,23.9
2021,2021-09-12,여름_반바지,01_시즌,여름,50480,50,1360687,56567,7989,27681.0,38520.0,26361.0,403284720,2855502160,399450,2828350,27214,52,31533,648244769,235374412,1767435652,62.47,0.88,0,23.9
2021,2021-09-12,여름_반팔스웨터,01_시즌,여름,50165,-51,-2515269,89900,8964,48561.0,36148.0,41230.0,449679060,4509833500,-457164,-4584900,49319,45,41948,1657449355,367711148,3771125200,83.62,2.53,0,23.9
2021,2021-09-12,여름_반팔티셔츠,01_시즌,여름,819683,4200,43518537,75497,7672,20728.0,23030.0,26902.0,6288607976,61883607451,32222400,317087400,10362,86,455326,6873698175,3500609436,34354308501,55.55,0.44,0,23.9
2021,2021-09-12,여름_자켓,01_시즌,여름,54939,201,13811635,229000,28818,100205.0,102967.0,118262.0,1583232102,12581031000,5792418,46029000,68715,70,29357,3841310719,843115322,6725933000,53.44,1.67,0,23.9
2021,2021-09-12,여름_점퍼,01_시즌,여름,8338,25,2445450,224000,20458,97348.0,95768.0,109435.0,170578804,1867712000,511450,5600000,97818,56,6695,709799706,136966310,1499680000,80.3,2.98,0,23.9
2021,2021-09-12,여름_캐주얼셔츠,01_시즌,여름,327330,3264,55300152,69900,6516,18030.0,20819.0,23952.0,2132882280,22880367000,21268224,228153600,16942,76,173470,3887307307,1123503171,12125553000,53.0,1.13,0,23.9
2021,2021-09-12,여름_팬츠,01_시즌,여름,171741,1088,31756461,94750,10453,29960.0,32558.0,35643.0,1795208673,16272459750,11372864,103088000,29188,69,109519,3702803487,1109788854,9780931315,63.77,1.26,0,23.9
2021,2021-09-19,가을_가성비 수트셋업,01_시즌,가을,16845,423,58640565,184000,28369,138308.0,138831.0,139804.0,477875805,3099480000,12000087,77832000,138630,25,7789,1086582193,220602958,1433176000,46.24,1.61,1,21.9
2021,2021-09-19,가을_아우터,01_시즌,가을,4816,275,31815835,249000,29495,115694.0,121683.0,116578.0,142047920,1199184000,8111125,68475000,115694,54,841,108611319,24805295,209409000,17.46,0.52,1,21.9
2021,2021-09-19,가을_이너,01_시즌,가을,71881,3554,150176012,109900,11842,48402.0,50185.0,51110.0,851214802,7899721900,42086468,390584600,42255,62,10573,477487934,123809135,1146012700,14.71,0.36,1,21.9
2021,2021-09-19,가을_캐주얼셔츠,01_시즌,가을,20844,1695,57304032,69900,7391,33808.0,34054.0,35939.0,154058004,1456995600,12527745,118480500,33808,52,6350,224572734,46932850,443865000,30.46,1.02,1,21.9
2021,2021-09-19,가을_팬츠,01_시즌,가을,8249,395,16257573,89900,10790,41158.0,43682.0,49427.0,89006710,741585100,4262050,35510500,41158,54,1273,58272984,13735670,114442700,15.43,0.44,1,21.9
2021,2021-09-19,겨울_가디건,01_시즌,겨울,1502,60,4881345,159900,17518,81356.0,84177.0,81188.0,26312036,240169800,1051080,9594000,81356,49,94,7936435,1646692,15030600,6.26,0.21,1,21.9
2021,2021-09-19,겨울_가성비 수트셋업,01_시즌,겨울,28069,1889,263043420,184000,30736,140926.0,140429.0,142044.0,862728784,5164696000,58060304,347576000,139250,24,8850,1234764316,267493404,1628400000,31.53,0.99,1,21.9
2021,2021-09-19,겨울_기모맨투맨셋업,01_시즌,겨울,133741,1508,55471910,101011,10728,50989.0,62603.0,44783.0,1434773448,13509312151,16177824,152324588,36785,64,2001,81188217,21618805,205260719,1.5,0.04,1,21.9
2021,2021-09-19,겨울_스웨터,01_시즌,겨울,68547,809,30312997,89900,4837,37470.0,49136.0,42894.0,331561839,6162375300,3913133,72729100,37470,58,2646,140015899,16897255,237875400,3.86,0.33,1,21.9
2021,2021-09-19,겨울_아우터,01_시즌,겨울,2219,140,27224134,259000,11760,194458.0,195386.0,174500.0,26095440,574721000,1646400,36260000,194458,25,391,77286344,4598160,101269000,17.62,2.52,1,21.9
2021,2021-09-19,겨울_아우터셔츠,01_시즌,겨울,31547,891,35011595,79900,8928,42422.0,43640.0,38884.0,281651616,2520605300,7954848,71190900,39295,51,1297,51126115,10929610,99570300,4.11,0.13,1,21.9
2021,2021-09-19,겨울_코트,01_시즌,겨울,13990,247,44174078,439000,65140,237923.0,265949.0,264227.0,911308600,6141610000,16089580,108433000,178842,59,366,71976239,22885096,147584000,2.62,0.05,1,21.9
2021,2021-09-19,겨울_팬츠,01_시즌,겨울,3248,157,16583374,139000,3853,105627.0,106202.0,65190.0,12514544,451472000,604921,21823000,105627,24,388,41179741,1494964,53932000,11.95,2.87,1,21.9
2021,2021-09-19,겨울_해비스웨터,01_시즌,겨울,21384,168,21158345,169900,16866,108322.0,112011.0,84261.0,360662544,3633141600,2833488,28543200,125943,26,241,31576516,4627746,43705900,1.13,0.07,1,21.9
2021,2021-09-19,겨울_해비아우터,01_시즌,겨울,43576,386,33195419,242333,22179,97670.0,139820.0,122690.0,966472104,10559902808,8561094,93540538,85998,65,831,72573674,18090234,197412068,1.91,0.05,1,21.9
2021,2021-09-19,사계절_가성비 수트셋업,01_시즌,사계절,65284,228,24646430,154834,26758,96148.0,102492.0,100914.0,1746869272,10108182856,6100824,35302152,108098,30,53190,4906459424,1428246417,8029295216,81.47,1.74,1,21.9
2021,2021-09-19,사계절_니트셋업,01_시즌,사계절,29947,87,2583668,39900,5606,30854.0,27374.0,25596.0,167882882,1194885300,487722,3471300,29697,26,17942,261169713,97418158,399055800,59.91,0.83,1,21.9
2021,2021-09-19,사계절_데님셋업,01_시즌,사계절,17490,367,15796978,79900,11955,43160.0,43579.0,51123.0,209092950,1397451000,4387485,29323300,43044,46,9643,483301583,113158979,770475700,55.13,1.56,1,21.9
2021,2021-09-19,사계절_셋업,01_시즌,사계절,71015,2152,95244324,138200,17418,98608.0,85486.0,76338.0,1236939270,9814273000,37483536,297406400,44259,68,38577,1676606009,655724731,5162792650,54.32,0.7,1,21.9
2021,2021-09-19,사계절_셋업셔츠,01_시즌,사계절,102915,1225,35639011,48234,7656,33756.0,31633.0,30818.0,787917240,4964002110,9378600,59086650,29093,40,57297,1787550402,438665832,2763663498,55.67,1.51,1,21.9
2021,2021-09-19,여름_가성비 수트셋업,01_시즌,여름,34580,56,5971900,159000,33002,114597.0,120962.0,123276.0,1141209160,5498220000,1848112,8904000,106641,33,29522,3314595117,973832303,4678954891,85.37,1.79,1,21.9
2021,2021-09-19,여름_고가 수트셋업,01_시즌,여름,21688,-61,-14925700,199000,34696,139832.0,130567.0,135248.0,752486848,4315912000,-2116456,-12139000,244684,-23,14634,1900691518,506757920,2912166000,67.48,1.62,1,21.9
2021,2021-09-19,여름_디자인팬츠,01_시즌,여름,19477,-39,-1660922,139000,15250,58186.0,64545.0,75327.0,297024250,2707303000,-594750,-5421000,42588,69,15314,1163002044,233562468,2128646000,78.63,2.77,1,21.9
2021,2021-09-19,여름_반바지,01_시즌,여름,50480,24,720130,56567,7989,29094.0,38520.0,26361.0,403284720,2855502160,191736,1357608,30005,47,31557,648964899,235566148,1768793260,62.51,0.88,1,21.9
2021,2021-09-19,여름_반팔스웨터,01_시즌,여름,50165,23,1140520,89900,8964,34662.0,36148.0,41230.0,449679060,4509833500,206172,2067700,49588,45,41971,1658589875,367917320,3773192900,83.67,2.53,1,21.9
2021,2021-09-19,여름_반팔티셔츠,01_시즌,여름,819683,2195,29487816,75497,7672,31130.0,23030.0,26902.0,6288607976,61883607451,16840040,165715915,13434,82,457521,6903185991,3517449476,34520024416,55.82,0.44,1,21.9
2021,2021-09-19,여름_자켓,01_시즌,여름,54939,160,14746104,229000,28818,102341.0,102967.0,118262.0,1583232102,12581031000,4610880,36640000,92163,60,29517,3856056823,847726202,6762573000,53.73,1.68,1,21.9
2021,2021-09-19,여름_점퍼,01_시즌,여름,8338,48,3889476,224000,20458,94266.0,95768.0,109435.0,170578804,1867712000,981984,10752000,81031,64,6743,713689182,137948294,1510432000,80.87,2.99,1,21.9
2021,2021-09-19,여름_캐주얼셔츠,01_시즌,여름,327330,2157,38490584,69900,6516,17858.0,20819.0,23952.0,2132882280,22880367000,14055012,150774300,17844,74,175627,3925797891,1137558183,12276327300,53.65,1.14,1,21.9
2021,2021-09-19,여름_팬츠,01_시즌,여름,174934,515,18933755,94750,10467,36318.0,32558.0,35643.0,1831034178,16574996500,5390505,48796250,36765,61,110034,3721737242,1115179359,9829727565,62.9,1.24,1,21.9
2021,2021-09-26,가을_가성비 수트셋업,01_시즌,가을,16845,825,113449360,184000,28369,139040.0,138831.0,139804.0,477875805,3099480000,23404425,151800000,137514,25,8614,1200031553,244007383,1584976000,51.14,1.77,0,21.1
2021,2021-09-26,가을_아우터,01_시즌,가을,4816,284,31856160,249000,29495,112170.0,121683.0,116578.0,142047920,1199184000,8376580,70716000,112170,55,1125,140467479,33181875,280125000,23.36,0.67,0,21.1
2021,2021-09-26,가을_이너,01_시즌,가을,71881,3841,160177047,109900,11842,48543.0,50185.0,51110.0,851214802,7899721900,45485122,422125900,41702,62,14414,637664981,169294257,1568138600,20.05,0.48,0,21.1
2021,2021-09-26,가을_캐주얼셔츠,01_시즌,가을,20844,1231,38985645,69900,7391,31670.0,34054.0,35939.0,154058004,1456995600,9098321,86046900,31670,55,7581,263558379,56031171,529911900,36.37,1.19,0,21.1
2021,2021-09-26,가을_팬츠,01_시즌,가을,8249,546,23316528,89900,10790,42704.0,43682.0,49427.0,89006710,741585100,5891340,49085400,42704,52,1819,81589512,19627010,163528100,22.05,0.61,0,21.1
2021,2021-09-26,겨울_가디건,01_시즌,겨울,1502,71,5773655,159900,17518,81319.0,84177.0,81188.0,26312036,240169800,1243778,11352900,81319,49,165,13710090,2890470,26383500,10.99,0.36,0,21.1
2021,2021-09-26,겨울_가성비 수트셋업,01_시즌,겨울,28069,2398,334863453,184000,30736,139486.0,140429.0,142044.0,862728784,5164696000,73704928,441232000,139643,24,11248,1569627769,341198332,2069632000,40.07,1.26,0,21.1
2021,2021-09-26,겨울_기모맨투맨셋업,01_시즌,겨울,133741,1925,66460020,101011,10728,47189.0,62603.0,44783.0,1434773448,13509312151,20651400,194446175,34525,66,3926,147648237,42270205,399706894,2.94,0.06,0,21.1
2021,2021-09-26,겨울_스웨터,01_시즌,겨울,68547,1209,47954687,89900,4837,39665.0,49136.0,42894.0,331561839,6162375300,5847933,108689100,39665,56,3855,187970586,22745188,346564500,5.62,0.45,0,21.1
2021,2021-09-26,겨울_아우터,01_시즌,겨울,3474,156,30513736,259000,11955,195601.0,195386.0,174500.0,41531670,899766000,1864980,40404000,195601,24,547,107800080,6463140,141673000,15.75,2.2,0,21.1
2021,2021-09-26,겨울_아우터셔츠,01_시즌,겨울,31547,1536,56245155,79900,8928,38862.0,43640.0,38884.0,281651616,2520605300,13713408,122726400,36618,54,2833,107371270,24643018,222296700,8.98,0.26,0,21.1
2021,2021-09-26,겨울_코트,01_시즌,겨울,13990,377,59699865,439000,65140,232750.0,265949.0,264227.0,911308600,6141610000,24557780,165503000,158355,64,743,131676104,47442876,313087000,5.31,0.08,0,21.1
2021,2021-09-26,겨울_팬츠,01_시즌,겨울,11460,111,11429714,114450,7230,102970.0,106202.0,65190.0,82855800,1311597000,802530,12703950,102970,10,499,52609455,2297494,66635950,4.35,0.55,0,21.1
2021,2021-09-26,겨울_해비스웨터,01_시즌,겨울,21384,62,1401268,169900,16866,106692.0,112011.0,84261.0,360662544,3633141600,1045692,10533800,22601,87,303,32977784,5673438,54239700,1.42,0.07,0,21.1
2021,2021-09-26,겨울_해비아우터,01_시즌,겨울,50333,597,59794103,253444,23102,122474.0,139820.0,122690.0,1162792966,12756596852,13791894,151306068,100158,60,1428,132367777,31882128,348718136,2.84,0.08,0,21.1
2021,2021-09-26,사계절_가성비 수트셋업,01_시즌,사계절,65284,306,34694541,154834,26758,115068.0,102492.0,100914.0,1746869272,10108182856,8187948,47379204,113381,27,53496,4941153965,1436434365,8076674420,81.94,1.75,0,21.1
2021,2021-09-26,사계절_니트셋업,01_시즌,사계절,29947,80,2345403,39900,5606,28312.0,27374.0,25596.0,167882882,1194885300,448480,3192000,29318,27,18022,263515116,97866638,402247800,60.18,0.84,0,21.1
2021,2021-09-26,사계절_데님셋업,01_시즌,사계절,17490,478,20867308,79900,11955,44262.0,43579.0,51123.0,209092950,1397451000,5714490,38192200,43655,45,10121,504168891,118873469,808667900,57.87,1.62,0,21.1
2021,2021-09-26,사계절_셋업,01_시즌,사계절,71015,2871,124817603,138200,17418,52592.0,85486.0,76338.0,1236939270,9814273000,50007078,396772200,43475,69,41448,1801423612,705731809,5559564850,58.37,0.75,0,21.1
2021,2021-09-26,사계절_셋업셔츠,01_시즌,사계절,102915,1293,37922827,48234,7656,30954.0,31633.0,30818.0,787917240,4964002110,9899208,62366562,29329,39,58590,1825473229,448565040,2826030060,56.93,1.54,0,21.1
2021,2021-09-26,여름_가성비 수트셋업,01_시즌,여름,34580,66,8003200,159000,33002,121112.0,120962.0,123276.0,1141209160,5498220000,2178132,10494000,121261,24,29588,3322598317,976010435,4689448891,85.56,1.79,0,21.1
2021,2021-09-26,여름_고가 수트셋업,01_시즌,여름,21688,46,6515440,199000,34696,141194.0,130567.0,135248.0,752486848,4315912000,1596016,9154000,141640,29,14680,1907206958,508353936,2921320000,67.69,1.63,0,21.1
2021,2021-09-26,여름_디자인팬츠,01_시즌,여름,19477,22,1489000,139000,15250,67444.0,64545.0,75327.0,297024250,2707303000,335500,3058000,67682,51,15336,1164491044,233897968,2131704000,78.74,2.78,0,21.1
2021,2021-09-26,여름_반바지,01_시즌,여름,50480,15,427350,56567,7989,32378.0,38520.0,26361.0,403284720,2855502160,119835,848505,28490,50,31572,649392249,235685983,1769641765,62.54,0.88,0,21.1
2021,2021-09-26,여름_반팔스웨터,01_시즌,여름,50165,22,314700,89900,8964,25395.0,36148.0,41230.0,449679060,4509833500,197208,1977800,14305,84,41993,1658904575,368114528,3775170700,83.71,2.54,0,21.1
2021,2021-09-26,여름_반팔티셔츠,01_시즌,여름,819683,2150,25681020,75497,7672,21444.0,23030.0,26902.0,6288607976,61883607451,16494800,162318550,11945,84,459671,6928867011,3533944276,34682342966,56.08,0.44,0,21.1
2021,2021-09-26,여름_자켓,01_시즌,여름,54939,203,17832708,229000,28818,102490.0,102967.0,118262.0,1583232102,12581031000,5850054,46487000,87846,62,29720,3873889531,853576256,6809060000,54.1,1.69,0,21.1
2021,2021-09-26,여름_점퍼,01_시즌,여름,8338,48,4192000,224000,20458,106272.0,95768.0,109435.0,170578804,1867712000,981984,10752000,87333,61,6791,717881182,138930278,1521184000,81.45,3.01,0,21.1
2021,2021-09-26,여름_캐주얼셔츠,01_시즌,여름,327330,1962,35530116,69900,6516,18127.0,20819.0,23952.0,2132882280,22880367000,12784392,137143800,18109,74,177589,3961328007,1150342575,12413471100,54.25,1.15,0,21.1
2021,2021-09-26,여름_팬츠,01_시즌,여름,174934,290,10285166,94750,10467,33990.0,32558.0,35643.0,1831034178,16574996500,3035430,27477500,35466,63,110324,3732022408,1118214789,9857205065,63.07,1.24,0,21.1
2021,2021-10-03,가을_가성비 수트셋업,01_시즌,가을,16845,604,87580058,184000,28369,144979.0,142406.0,139804.0,477875805,3099480000,17134876,111136000,145000,21,9218,1287611611,261142259,1696112000,54.72,1.9,0,21.0
2021,2021-10-03,가을_아우터,01_시즌,가을,4816,284,28480103,249000,21874,100282.0,94242.0,116578.0,105345184,1199184000,6212216,70716000,100282,60,1409,168947582,39394091,350841000,29.26,1.08,0,21.0
2021,2021-10-03,가을_이너,01_시즌,가을,71881,3246,128735643,109900,11745,47335.0,45811.0,51110.0,844242345,7899721900,38124270,356735400,39660,64,17660,766400624,207418527,1924874000,24.57,0.58,0,21.0
2021,2021-10-03,가을_캐주얼셔츠,01_시즌,가을,20844,896,18300070,69900,7391,20424.0,29283.0,35939.0,154058004,1456995600,6622336,62630400,20424,71,8477,281858449,62653507,592542300,40.67,1.26,0,21.0
2021,2021-10-03,가을_팬츠,01_시즌,가을,8249,376,16546965,89900,10790,44008.0,43167.0,49427.0,89006710,741585100,4057040,33802400,44008,51,2195,98136477,23684050,197330500,26.61,0.74,0,21.0
2021,2021-10-03,겨울_가디건,01_시즌,겨울,7101,332,34191177,173233,18618,103822.0,92292.0,81188.0,132206418,1230127533,6181176,57513356,102985,41,497,47901267,9071646,83896856,7.0,0.26,0,21.0
2021,2021-10-03,겨울_가성비 수트셋업,01_시즌,겨울,28069,2036,294433372,184000,30735,142632.0,142127.0,142044.0,862700715,5164696000,62576460,374624000,144614,21,13284,1864061141,403774792,2444256000,47.33,1.5,0,21.0
2021,2021-10-03,겨울_기모맨투맨셋업,01_시즌,겨울,166714,1925,66799931,98233,10406,46985.0,44294.0,42270.0,1734825884,16376816362,20031550,189098525,34701,65,5851,214448168,62301755,588805419,3.51,0.08,0,21.0
2021,2021-10-03,겨울_스웨터,01_시즌,겨울,86770,1610,73754408,94900,9924,50680.0,44554.0,42568.0,861105480,8234473000,15977640,152789000,45810,52,5465,261724994,38722828,499353500,6.3,0.23,0,21.0
2021,2021-10-03,겨울_아우터,01_시즌,겨울,3474,361,72348640,259000,11948,200412.0,182590.0,174500.0,41507352,899766000,4313228,93499000,200412,23,908,180148720,10776368,235172000,26.14,3.69,0,21.0
2021,2021-10-03,겨울_아우터셔츠,01_시즌,겨울,31547,859,38608655,79900,8928,45982.0,42166.0,38884.0,281651616,2520605300,7669152,68634100,44946,44,3692,145979925,32312170,290930800,11.7,0.36,0,21.0
2021,2021-10-03,겨울_코트,01_시즌,겨울,13990,262,37794500,439000,65100,841418.0,353157.0,264227.0,910749000,6141610000,17056200,115018000,144254,67,1005,169470604,64499076,428105000,7.18,0.1,0,21.0
2021,2021-10-03,겨울_팬츠,01_시즌,겨울,11460,627,50731237,114450,7256,78580.0,69656.0,65190.0,83153760,1311597000,4549512,71760150,80911,29,1126,103340692,6847006,138396100,9.83,1.05,0,21.0
2021,2021-10-03,겨울_해비스웨터,01_시즌,겨울,24034,72,7775230,146567,15315,92092.0,74177.0,70863.0,368080710,3522591278,1102680,10552824,107989,26,375,40753014,6776118,64792524,1.56,0.08,0,21.0
2021,2021-10-03,겨울_해비아우터,01_시즌,겨울,55833,587,44825046,286778,24476,287167.0,152288.0,122690.0,1366568508,16011676074,14367412,168338686,76363,73,2015,177192823,46249540,517056822,3.61,0.08,0,21.0
2021,2021-10-03,사계절_가성비 수트셋업,01_시즌,사계절,65284,378,36943379,154834,26758,107333.0,122405.0,100914.0,1746869272,10108182856,10114524,58527252,97734,37,53874,4978097344,1446548889,8135201672,82.52,1.76,0,21.0
2021,2021-10-03,사계절_니트셋업,01_시즌,사계절,29947,99,2461180,39900,5606,25790.0,26440.0,25596.0,167882882,1194885300,554994,3950100,24860,38,18121,265976296,98421632,406197900,60.51,0.85,0,21.0
2021,2021-10-03,사계절_데님셋업,01_시즌,사계절,17490,238,11306869,79900,11955,52368.0,44926.0,51123.0,209092950,1397451000,2845290,19016200,47508,41,10359,515475760,121718759,827684100,59.23,1.66,0,21.0
2021,2021-10-03,사계절_셋업,01_시즌,사계절,71021,2767,119751496,138200,16953,48998.0,83936.0,76338.0,1204019013,9815102200,46908951,382399400,43278,69,44215,1921175108,752640760,5941964250,62.26,0.83,0,21.0
2021,2021-10-03,사계절_셋업셔츠,01_시즌,사계절,102915,1580,41121951,48234,7656,28952.0,29288.0,30818.0,787917240,4964002110,12096480,76209720,26027,46,60170,1866595180,460661520,2902239780,58.47,1.57,0,21.0
2021,2021-10-10,가을_가성비 수트셋업,01_시즌,가을,16845,642,88208700,184000,28369,141454.0,142406.0,139804.0,477875805,3099480000,18212898,118128000,137397,25,9860,1375820311,279355157,1814240000,58.53,2.03,0,17.4
2021,2021-10-10,가을_아우터,01_시즌,가을,4816,273,25051245,249000,21874,91763.0,94242.0,116578.0,105345184,1199184000,5971602,67977000,91763,63,1682,193998827,45365693,418818000,34.93,1.24,0,17.4
2021,2021-10-10,가을_이너,01_시즌,가을,71881,3219,130162699,109900,11745,47156.0,45811.0,51110.0,844242345,7899721900,37807155,353768100,40436,63,20879,896563323,245225682,2278642100,29.05,0.67,0,17.4
2021,2021-10-10,가을_캐주얼셔츠,01_시즌,가을,20844,877,28448846,69900,7391,32439.0,29283.0,35939.0,154058004,1456995600,6481907,61302300,32439,54,9354,310307295,69135414,653844600,44.88,1.38,0,17.4
2021,2021-10-10,가을_팬츠,01_시즌,가을,8249,468,20449568,89900,10790,43696.0,43167.0,49427.0,89006710,741585100,5049720,42073200,43696,51,2663,118586045,28733770,239403700,32.28,0.89,0,17.4
2021,2021-10-10,겨울_가디건,01_시즌,겨울,11834,215,19744213,173233,18618,89851.0,92292.0,81188.0,220325412,2050039322,4002870,37245095,91834,47,712,67645480,13074516,121141951,6.02,0.22,0,17.4
2021,2021-10-10,겨울_가성비 수트셋업,01_시즌,겨울,28069,1865,262165957,184000,30735,141528.0,142127.0,142044.0,862700715,5164696000,57320775,343160000,140572,24,15149,2126227098,461095567,2787416000,53.97,1.71,0,17.4
2021,2021-10-10,겨울_기모맨투맨셋업,01_시즌,겨울,174514,2491,84700522,98233,10406,48116.0,44294.0,42270.0,1815992684,17143033762,25921346,244698403,34003,65,8342,299148690,88223101,833503822,4.78,0.1,0,17.4
2021,2021-10-10,겨울_스웨터,01_시즌,겨울,103833,1834,78060112,93233,9170,43867.0,46381.0,42930.0,952148610,9680662089,16817780,170989322,42563,54,7299,339785106,55540608,670342822,7.03,0.27,0,17.4
2021,2021-10-10,겨울_아우터,01_시즌,겨울,7879,617,123367466,259000,11921,199947.0,182590.0,174500.0,93925559,2040661000,7355257,159803000,199947,23,1525,303516186,18131625,394975000,19.36,2.74,0,17.4
2021,2021-10-10,겨울_아우터셔츠,01_시즌,겨울,31547,1087,41067585,79900,8928,40018.0,42166.0,38884.0,281651616,2520605300,9704736,86851300,37781,53,4779,187047510,42016906,377782100,15.15,0.45,0,17.4
2021,2021-10-10,겨울_코트,01_시즌,겨울,15156,208,43379803,439000,65128,273182.0,353157.0,264227.0,987079968,6653484000,13546624,91312000,208557,52,1213,212850407,78045700,519417000,8.0,0.12,0,17.4
2021,2021-10-10,겨울_팬츠,01_시즌,겨울,17060,769,79215611,114450,7216,90586.0,69656.0,65190.0,123104960,1952517000,5549104,88012050,103011,10,1895,182556303,12396110,226408150,11.11,1.25,0,17.4
2021,2021-10-10,겨울_해비스웨터,01_시즌,겨울,24034,177,12305531,146567,15315,59492.0,74177.0,70863.0,368080710,3522591278,2710755,25942359,69523,53,552,53058545,9486873,90734883,2.3,0.11,0,17.4
2021,2021-10-10,겨울_해비아우터,01_시즌,겨울,59677,686,53296545,339833,27910,130519.0,183618.0,142639.0,1665585070,20280213941,19146260,233125438,77692,77,2701,230489368,65395800,750182260,4.53,0.09,0,17.4
2021,2021-10-10,사계절_가성비 수트셋업,01_시즌,사계절,65284,241,30795650,154834,26758,128760.0,122405.0,100914.0,1746869272,10108182856,6448678,37314994,127783,17,54115,5008892994,1452997567,8172516666,82.89,1.77,0,17.4
2021,2021-10-10,사계절_니트셋업,01_시즌,사계절,29947,69,1887499,39900,5606,25905.0,26440.0,25596.0,167882882,1194885300,386814,2753100,27355,31,18190,267863795,98808446,408951000,60.74,0.86,0,17.4
2021,2021-10-10,사계절_데님셋업,01_시즌,사계절,17490,341,14409682,79900,11955,43128.0,44926.0,51123.0,209092950,1397451000,4076655,27245900,42257,47,10700,529885442,125795414,854930000,61.18,1.7,0,17.4
2021,2021-10-10,사계절_셋업,01_시즌,사계절,71021,2283,99351283,138200,16953,48169.0,83936.0,76338.0,1204019013,9815102200,38703699,315510600,43518,69,46498,2020526391,791344459,6257474850,65.47,0.87,0,17.4
2021,2021-10-10,사계절_셋업셔츠,01_시즌,사계절,102915,1173,32499217,48234,7656,31938.0,29288.0,30818.0,787917240,4964002110,8980488,56578482,27706,43,61343,1899094397,469642008,2958818262,59.61,1.6,0,17.4
2021,2021-10-17,가을_가성비 수트셋업,01_시즌,가을,16845,673,92653187,184000,28369,140186.0,142406.0,139804.0,477875805,3099480000,19092337,123832000,137672,25,10533,1468473498,298447494,1938072000,62.53,2.17,0,9.7
2021,2021-10-17,가을_아우터,01_시즌,가을,4816,480,45337580,249000,21874,94453.0,94242.0,116578.0,105345184,1199184000,10499520,119520000,94453,62,2162,239336407,55865213,538338000,44.89,1.54,0,9.7
2021,2021-10-17,가을_이너,01_시즌,가을,71881,3114,124824935,109900,11745,46648.0,45811.0,51110.0,844242345,7899721900,36573930,342228600,40085,64,23993,1021388258,281799612,2620870700,33.38,0.77,0,9.7
2021,2021-10-17,가을_캐주얼셔츠,01_시즌,가을,20844,856,27996521,69900,7391,32706.0,29283.0,35939.0,154058004,1456995600,6326696,59834400,32706,53,10210,338303816,75462110,713679000,48.98,1.51,0,9.7
2021,2021-10-17,가을_팬츠,01_시즌,가을,8249,514,22089579,89900,10790,42976.0,43167.0,49427.0,89006710,741585100,5546060,46208600,42976,52,3177,140675624,34279830,285612300,38.51,1.05,0,9.7
2021,2021-10-17,겨울_가디건,01_시즌,겨울,11834,436,37761153,173233,18618,87137.0,92292.0,81188.0,220325412,2050039322,8117448,75529588,86608,50,1148,105406633,21191964,196671539,9.7,0.34,0,9.7
2021,2021-10-17,겨울_가성비 수트셋업,01_시즌,겨울,28069,2063,294453953,184000,30735,140235.0,142127.0,142044.0,862700715,5164696000,63406305,379592000,142731,22,17212,2420681051,524501872,3167008000,61.32,1.94,0,9.7
2021,2021-10-17,겨울_기모맨투맨셋업,01_시즌,겨울,174514,5034,175592927,98233,10406,44427.0,44294.0,42270.0,1815992684,17143033762,52383804,494504922,34881,64,13376,474741617,140606905,1328008744,7.66,0.16,0,9.7
2021,2021-10-17,겨울_스웨터,01_시즌,겨울,103833,3676,156318854,93233,9170,46099.0,46381.0,42930.0,952148610,9680662089,33708920,342724508,42524,54,10975,496103960,89249528,1013067330,10.57,0.38,0,9.7
2021,2021-10-17,겨울_아우터,01_시즌,겨울,7879,742,129069270,259000,11921,173948.0,182590.0,174500.0,93925559,2040661000,8845382,192178000,173948,33,2267,432585456,26977007,587153000,28.77,3.9,0,9.7
2021,2021-10-17,겨울_아우터셔츠,01_시즌,겨울,31547,1645,68514749,79900,8928,41178.0,42166.0,38884.0,281651616,2520605300,14686560,131435500,41650,48,6424,255562259,56703466,509217600,20.36,0.62,0,9.7
2021,2021-10-17,겨울_코트,01_시즌,겨울,15156,1147,196714073,439000,65128,245228.0,353157.0,264227.0,987079968,6653484000,74701816,503533000,171503,61,2360,409564480,152747516,1022950000,15.57,0.22,0,9.7
2021,2021-10-17,겨울_팬츠,01_시즌,겨울,17060,1073,78666619,114450,7216,59092.0,69656.0,65190.0,123104960,1952517000,7742768,122804850,73315,36,2968,261222922,20138878,349213000,17.4,1.77,0,9.7
2021,2021-10-17,겨울_해비스웨터,01_시즌,겨울,36073,618,41055857,146567,15315,75131.0,74177.0,70863.0,552457995,5287111391,9464670,90578406,66433,55,1170,94114402,18951543,181313289,3.24,0.12,0,9.7
2021,2021-10-17,겨울_해비아우터,01_시즌,겨울,64069,2243,226621997,339833,27909,168739.0,183618.0,142639.0,1788101721,21772760477,62599887,762245419,101035,70,4944,457111365,127995687,1512427679,7.72,0.16,0,9.7
2021,2021-10-17,사계절_가성비 수트셋업,01_시즌,사계절,65284,275,35300240,154834,26758,147150.0,122405.0,100914.0,1746869272,10108182856,7358450,42579350,128365,17,54390,5044193234,1460356017,8215096016,83.31,1.79,0,9.7
2021,2021-10-17,사계절_니트셋업,01_시즌,사계절,29947,391,5169105,39900,5606,24844.0,26440.0,25596.0,167882882,1194885300,2191946,15600900,13220,67,18581,273032900,101000392,424551900,62.05,0.88,0,9.7
2021,2021-10-17,사계절_데님셋업,01_시즌,사계절,17490,286,12258239,79900,11955,42638.0,44926.0,51123.0,209092950,1397451000,3419130,22851400,42861,46,10986,542143681,129214544,877781400,62.81,1.74,0,9.7
2021,2021-10-17,사계절_셋업,01_시즌,사계절,71021,1795,78351289,138200,16953,110186.0,83936.0,76338.0,1204019013,9815102200,30430635,248069000,43650,68,48293,2098877680,821775094,6505543850,68.0,0.9,0,9.7
2021,2021-10-17,사계절_셋업셔츠,01_시즌,사계절,102915,1122,30435456,48234,7656,29092.0,29288.0,30818.0,787917240,4964002110,8590032,54118548,27126,44,62465,1929529853,478232040,3012936810,60.7,1.62,0,9.7
2021,2021-10-24,가을_가성비 수트셋업,01_시즌,가을,16845,433,61216804,184000,28369,143858.0,142406.0,139804.0,477875805,3099480000,12283777,79672000,141378,23,10966,1529690302,310731271,2017744000,65.1,2.26,0,12.9
2021,2021-10-24,가을_아우터,01_시즌,가을,4816,413,37971155,249000,21874,91940.0,94242.0,116578.0,105345184,1199184000,9033962,102837000,91940,63,2575,277307562,64899175,641175000,53.47,1.78,0,12.9
2021,2021-10-24,가을_이너,01_시즌,가을,71881,2084,80005855,109900,11745,44844.0,45811.0,51110.0,844242345,7899721900,24476580,229031600,38391,65,26077,1101394113,306276192,2849902300,36.28,0.82,0,12.9
2021,2021-10-24,가을_캐주얼셔츠,01_시즌,가을,20844,541,17477636,69900,7391,32306.0,29283.0,35939.0,154058004,1456995600,3998531,37815900,32306,54,10751,355781452,79460641,751494900,51.58,1.58,0,12.9
2021,2021-10-24,가을_팬츠,01_시즌,가을,8249,307,12798106,89900,10790,41688.0,43167.0,49427.0,89006710,741585100,3312530,27599300,41688,54,3484,153473730,37592360,313211600,42.24,1.15,0,12.9
2021,2021-10-24,겨울_가디건,01_시즌,겨울,11834,514,46398349,173233,18618,92744.0,92292.0,81188.0,220325412,2050039322,9569652,89041762,90269,48,1662,151804982,30761616,285713301,14.04,0.49,0,12.9
2021,2021-10-24,겨울_가성비 수트셋업,01_시즌,겨울,29416,1777,246914286,184000,30860,142643.0,142127.0,142044.0,907777760,5412544000,54838220,326968000,138950,24,18989,2667595337,579340092,3493976000,64.55,2.03,0,12.9
2021,2021-10-24,겨울_기모맨투맨셋업,01_시즌,겨울,177714,7558,282409740,98233,10406,42020.0,44294.0,42270.0,1849291884,17457379362,78648548,742445014,37366,62,20934,757151357,219255453,2070453758,11.78,0.25,0,12.9
2021,2021-10-24,겨울_스웨터,01_시즌,겨울,103833,3826,159844254,93233,9170,46328.0,46381.0,42930.0,952148610,9680662089,35084420,356709458,41778,55,14801,655948214,124333948,1369776788,14.25,0.5,0,12.9
2021,2021-10-24,겨울_아우터,01_시즌,겨울,8826,441,73885788,259000,11923,167541.0,182590.0,174500.0,105232398,2285934000,5258043,114219000,167541,35,2708,506471244,32235050,701372000,30.68,4.07,0,12.9
2021,2021-10-24,겨울_아우터셔츠,01_시즌,겨울,35713,1360,58677381,86566,9452,42485.0,42166.0,38884.0,337559276,3091531558,12854720,117729760,43145,50,7784,314239640,69558186,626947360,21.8,0.64,0,12.9
2021,2021-10-24,겨울_코트,01_시즌,겨울,15156,829,149904655,439000,65128,198366.0,353157.0,264227.0,987079968,6653484000,53991112,363931000,180826,59,3189,559469135,206738628,1386881000,21.04,0.31,0,12.9
2021,2021-10-24,겨울_팬츠,01_시즌,겨울,17857,1145,69208340,114450,7218,58304.0,69656.0,65190.0,128891826,2043733650,8264610,131045250,60444,47,4113,330431262,28403488,480258250,23.03,2.11,0,12.9
2021,2021-10-24,겨울_해비스웨터,01_시즌,겨울,53555,892,57570923,146567,15433,75315.0,74177.0,70863.0,826514315,7849395685,13766236,130737764,64541,56,2062,151685325,32717779,312051053,3.85,0.13,0,12.9
2021,2021-10-24,겨울_해비아우터,01_시즌,겨울,76417,3835,355238439,361500,34098,153077.0,183618.0,142639.0,2605666866,27624745500,130765830,1386352500,92631,74,8779,812349804,258761517,2898780179,11.49,0.18,0,12.9
2021,2021-10-24,사계절_가성비 수트셋업,01_시즌,사계절,65284,254,27593723,154834,26758,106979.0,122405.0,100914.0,1746869272,10108182856,6796532,39327836,108637,30,54644,5071786957,1467152549,8254423852,83.7,1.8,0,12.9
2021,2021-10-24,사계절_니트셋업,01_시즌,사계절,29947,354,4444807,39900,5606,36570.0,26440.0,25596.0,167882882,1194885300,1984524,14124600,12556,69,18935,277477707,102984916,438676500,63.23,0.89,0,12.9
2021,2021-10-24,사계절_데님셋업,01_시즌,사계절,17490,245,10651101,79900,11955,44691.0,44926.0,51123.0,209092950,1397451000,2928975,19575500,43474,46,11231,552794782,132143519,897356900,64.21,1.77,0,12.9
2021,2021-10-24,사계절_셋업,01_시즌,사계절,71021,1413,60916941,138200,16953,153850.0,83936.0,76338.0,1204019013,9815102200,23954589,195276600,43112,69,49706,2159794621,845729683,6700820450,69.99,0.93,0,12.9
2021,2021-10-24,사계절_셋업셔츠,01_시즌,사계절,102915,1178,29947394,48234,7656,29532.0,29288.0,30818.0,787917240,4964002110,9018768,56819652,25422,47,63643,1959477247,487250808,3069756462,61.84,1.64,0,12.9
2021,2021-10-31,가을_가성비 수트셋업,01_시즌,가을,19839,1396,197290671,184000,28793,141444.0,142406.0,139804.0,571224327,3650376000,40195028,256864000,141326,23,12362,1726980973,350926299,2274608000,62.31,2.13,0,12.8
2021,2021-10-31,가을_아우터,01_시즌,가을,4816,169,15678364,249000,21874,92771.0,94242.0,116578.0,105345184,1199184000,3696706,42081000,92771,63,2744,292985926,68595881,683256000,56.98,1.88,0,12.8
2021,2021-10-31,가을_이너,01_시즌,가을,71881,3106,117041842,109900,11745,43074.0,45811.0,51110.0,844242345,7899721900,36479970,341349400,37682,66,29183,1218435955,342756162,3191251700,40.6,0.91,0,12.8
2021,2021-10-31,가을_캐주얼셔츠,01_시즌,가을,20844,686,19579584,69900,7391,28542.0,29283.0,35939.0,154058004,1456995600,5070226,47951400,28542,59,11437,375361036,84530867,799446300,54.87,1.67,0,12.8
2021,2021-10-31,가을_팬츠,01_시즌,가을,8249,218,9475384,89900,10790,43465.0,43167.0,49427.0,89006710,741585100,2352220,19598200,43465,52,3702,162949114,39944580,332809800,44.88,1.22,0,12.8
2021,2021-10-31,겨울_가디건,01_시즌,겨울,11834,371,33592005,173233,18618,87908.0,92292.0,81188.0,220325412,2050039322,6907278,64269443,90544,48,2033,185396987,37668894,349982744,17.18,0.59,0,12.8
2021,2021-10-31,겨울_가성비 수트셋업,01_시즌,겨울,30851,977,141925844,184000,30859,143566.0,142127.0,142044.0,952031009,5676584000,30149243,179768000,145267,21,19966,2809521181,609489335,3673744000,64.72,2.04,0,12.8
2021,2021-10-31,겨울_기모맨투맨셋업,01_시즌,겨울,177747,6380,218128122,98233,10406,41191.0,44294.0,42270.0,1849635282,17460621051,66390280,626726540,34189,65,27314,975279479,285645733,2697180298,15.37,0.32,0,12.8
2021,2021-10-31,겨울_스웨터,01_시즌,겨울,103833,3383,134683243,93233,9170,43089.0,46381.0,42930.0,952148610,9680662089,31022110,315407239,39812,57,18184,790631457,155356058,1685184027,17.51,0.59,0,12.8
2021,2021-10-31,겨울_아우터,01_시즌,겨울,9096,458,78364816,259000,11921,171102.0,182590.0,174500.0,108433416,2355864000,5459818,118622000,171102,34,3166,584836060,37694868,819994000,34.81,4.56,0,12.8
2021,2021-10-31,겨울_아우터셔츠,01_시즌,겨울,35713,740,30170291,86566,9452,41066.0,42166.0,38884.0,337559276,3091531558,6994480,64058840,40771,53,8524,344409931,76552666,691006200,23.87,0.7,0,12.8
2021,2021-10-31,겨울_코트,01_시즌,겨울,16180,1276,227329322,439000,65146,207592.0,353157.0,264227.0,1054062280,7103020000,83126296,560164000,178158,59,4465,786798457,289864924,1947045000,27.6,0.4,0,12.8
2021,2021-10-31,겨울_팬츠,01_시즌,겨울,22757,1719,97591416,102175,9102,52446.0,56415.0,52826.0,207134214,2325196475,15646338,175638825,56772,44,5832,428022678,44049826,655897075,25.63,1.67,0,12.8
2021,2021-10-31,겨울_해비스웨터,01_시즌,겨울,53555,970,57996114,146567,15433,82702.0,74177.0,70863.0,826514315,7849395685,14970010,142169990,59790,59,3032,209681439,47687789,454221043,5.66,0.17,0,12.8
2021,2021-10-31,겨울_해비아우터,01_시즌,겨울,95669,3613,356671869,361500,34097,156175.0,183618.0,142639.0,3262025893,34584343500,123192461,1306099500,98719,73,12392,1169021673,381953978,4204879679,12.95,0.21,0,12.8
2021,2021-10-31,사계절_가성비 수트셋업,01_시즌,사계절,65284,401,40885358,154834,26758,121716.0,122405.0,100914.0,1746869272,10108182856,10729958,62088434,101958,34,55045,5112672315,1477882507,8316512286,84.32,1.81,0,12.8
2021,2021-10-31,사계절_니트셋업,01_시즌,사계절,29947,249,3538250,39900,5606,19094.0,26440.0,25596.0,167882882,1194885300,1395894,9935100,14210,64,19184,281015957,104380810,448611600,64.06,0.9,0,12.8
2021,2021-10-31,사계절_데님셋업,01_시즌,사계절,17490,238,9587911,79900,11955,41802.0,44926.0,51123.0,209092950,1397451000,2845290,19016200,40285,50,11469,562382693,134988809,916373100,65.57,1.8,0,12.8
2021,2021-10-31,사계절_셋업,01_시즌,사계절,71021,1373,57891866,138200,16953,58480.0,83936.0,76338.0,1204019013,9815102200,23276469,189748600,42165,69,51079,2217686487,869006152,6890569050,71.92,0.95,0,12.8
2021,2021-10-31,사계절_셋업셔츠,01_시즌,사계절,102915,1593,34572439,48234,7656,26926.0,29288.0,30818.0,787917240,4964002110,12196008,76836762,21703,55,65236,1994049686,499446816,3146593224,63.39,1.67,0,12.8
2021,2021-11-07,가을_가성비 수트셋업,01_시즌,가을,19839,785,118169155,184000,28793,141704.0,141524.0,139804.0,571224327,3650376000,22602505,144440000,150534,18,13147,1845150128,373528804,2419048000,66.27,2.28,0,7.2
2021,2021-11-07,가을_아우터,01_시즌,가을,4816,191,17949531,249000,21874,93977.0,102095.0,116578.0,105345184,1199184000,4177934,47559000,93977,62,2935,310935457,72773815,730815000,60.94,1.99,0,7.2
2021,2021-11-07,가을_이너,01_시즌,가을,71881,1866,65518616,109900,11745,45089.0,42889.0,51110.0,844242345,7899721900,21916170,205073400,35112,68,31049,1283954571,364672332,3396325100,43.2,0.95,0,7.2
2021,2021-11-07,가을_캐주얼셔츠,01_시즌,가을,20844,299,9593610,69900,7391,32086.0,29454.0,35939.0,154058004,1456995600,2209909,20900100,32086,54,11736,384954646,86740776,820346400,56.3,1.71,0,7.2
2021,2021-11-07,가을_팬츠,01_시즌,가을,8249,292,12374996,89900,10790,42380.0,38903.0,49427.0,89006710,741585100,3150680,26250800,42380,53,3994,175324110,43095260,359060600,48.42,1.31,0,7.2
2021,2021-11-07,겨울_가디건,01_시즌,겨울,11834,318,28490900,173233,18996,86707.0,75709.0,81188.0,224798664,2050039322,6040728,55088094,89594,48,2351,213887887,43709622,405070838,19.87,0.67,0,7.2
2021,2021-11-07,겨울_가성비 수트셋업,01_시즌,겨울,36983,2981,420403435,184000,31034,140678.0,140711.0,142044.0,1147730422,6804872000,92512354,548504000,141028,23,22947,3229924616,702001689,4222248000,62.05,1.95,0,7.2
2021,2021-11-07,겨울_기모맨투맨셋업,01_시즌,겨울,177747,10561,334951638,98233,10406,37440.0,35856.0,42270.0,1849635282,17460621051,109897766,1037438713,31716,68,37875,1310231117,395543499,3734619011,21.31,0.43,0,7.2
2021,2021-11-07,겨울_스웨터,01_시즌,겨울,103833,4524,176682815,93233,9707,41658.0,39218.0,42930.0,1007906931,9680662089,43914468,421786092,39055,58,22708,967314272,199270526,2106970119,21.87,0.67,0,7.2
2021,2021-11-07,겨울_아우터,01_시즌,겨울,9096,623,105821638,259000,43390,169858.0,173996.0,174500.0,394675440,2355864000,27031970,161357000,169858,34,3789,690657698,64726838,981351000,41.66,1.43,0,7.2
2021,2021-11-07,겨울_아우터셔츠,01_시즌,겨울,35713,1340,53811193,86566,9452,39781.0,36506.0,38884.0,337559276,3091531558,12665680,115998440,40158,54,9864,398221124,89218346,807004640,27.62,0.81,0,7.2
2021,2021-11-07,겨울_코트,01_시즌,겨울,20352,1473,243764273,439000,65886,187492.0,226234.0,264227.0,1340911872,8934528000,97050078,646647000,165488,62,5938,1030562730,386915002,2593692000,29.18,0.41,0,7.2
2021,2021-11-07,겨울_팬츠,01_시즌,겨울,26438,2163,117370027,102175,12028,51502.0,49568.0,52826.0,317996264,2701302650,26016564,221004525,54263,47,7995,545392705,70066390,876901600,30.24,1.34,0,7.2
2021,2021-11-07,겨울_해비스웨터,01_시즌,겨울,53555,1263,74069676,146567,15581,76294.0,67590.0,70863.0,834440455,7849395685,19678803,185114121,58646,60,4295,283751115,67366592,639335164,8.02,0.23,0,7.2
2021,2021-11-07,겨울_해비아우터,01_시즌,겨울,103478,4332,339673187,361500,34178,170170.0,133286.0,142639.0,3536671084,37407297000,148059096,1566018000,78410,78,16724,1508694860,530013074,5770897679,16.16,0.24,0,7.2
2021,2021-11-07,사계절_가성비 수트셋업,01_시즌,사계절,65284,300,35168953,154834,26758,114799.0,111411.0,100914.0,1746869272,10108182856,8027400,46450200,117230,24,55345,5147841268,1485909907,8362962486,84.78,1.83,0,7.2
2021,2021-11-07,사계절_니트셋업,01_시즌,사계절,29947,59,1414610,39900,5606,23086.0,26993.0,25596.0,167882882,1194885300,330754,2354100,23976,40,19243,282430567,104711564,450965700,64.26,0.91,0,7.2
2021,2021-11-07,사계절_데님셋업,01_시즌,사계절,17490,293,12567732,79900,11955,42855.0,41388.0,51123.0,209092950,1397451000,3502815,23410700,42893,46,11762,574950425,138491624,939783800,67.25,1.84,0,7.2
2021,2021-11-07,사계절_셋업,01_시즌,사계절,71021,1143,48848699,138200,16772,71391.0,64834.0,76338.0,1191164212,9815102200,19170396,157962600,42737,69,52222,2266535186,888176548,7048531650,73.53,0.98,0,7.2
2021,2021-11-07,사계절_셋업셔츠,01_시즌,사계절,102915,1004,25432274,48234,7656,30240.0,29240.0,30818.0,787917240,4964002110,7686624,48426936,25331,47,66240,2019481960,507133440,3195020160,64.36,1.69,0,7.2
2021,2021-11-14,가을_가성비 수트셋업,01_시즌,가을,19839,280,35239874,184000,28793,143066.0,141524.0,139804.0,571224327,3650376000,8062040,51520000,125857,32,13427,1880390002,381590844,2470568000,67.68,2.32,0,10.4
2021,2021-11-14,가을_아우터,01_시즌,가을,4816,54,5149403,249000,21874,95359.0,102095.0,116578.0,105345184,1199184000,1181196,13446000,95359,62,2989,316084860,73955011,744261000,62.06,2.03,0,10.4
2021,2021-11-14,가을_이너,01_시즌,가을,71881,1281,43108613,109900,11745,44811.0,42889.0,51110.0,844242345,7899721900,15045345,140781900,33652,69,32330,1327063184,379717677,3537107000,44.98,0.98,0,10.4
2021,2021-11-14,가을_캐주얼셔츠,01_시즌,가을,20844,269,8480865,69900,7391,31527.0,29454.0,35939.0,154058004,1456995600,1988179,18803100,31527,55,12005,393435511,88728955,839149500,57.59,1.75,0,10.4
2021,2021-11-14,가을_팬츠,01_시즌,가을,8249,207,8182187,89900,10790,39527.0,38903.0,49427.0,89006710,741585100,2233530,18609300,39527,56,4201,183506297,45328790,377669900,50.93,1.37,0,10.4
2021,2021-11-14,겨울_가디건,01_시즌,겨울,11834,345,26937906,173233,18996,77154.0,75709.0,81188.0,224798664,2050039322,6553620,59765385,78081,55,2696,240825793,50263242,464836223,22.78,0.75,0,10.4
2021,2021-11-14,겨울_가성비 수트셋업,01_시즌,겨울,36983,657,97906988,184000,31034,142472.0,140711.0,142044.0,1147730422,6804872000,20389338,120888000,149021,19,23604,3327831604,722391027,4343136000,63.82,2.01,0,10.4
2021,2021-11-14,겨울_고가 수트셋업,01_시즌,겨울,7306,845,144778619,249000,41621,179524.0,162641.0,141228.0,304083026,1819194000,35169745,210405000,171336,31,845,144778619,35169745,210405000,11.57,0.32,0,10.4
2021,2021-11-14,겨울_기모맨투맨셋업,01_시즌,겨울,177747,9222,293501434,98233,10406,39128.0,35856.0,42270.0,1849635282,17460621051,95964132,905904726,31826,68,47097,1603732551,491507631,4640523737,26.5,0.52,0,10.4
2021,2021-11-14,겨울_스웨터,01_시즌,겨울,103833,4196,168803908,93233,9707,41802.0,39218.0,42930.0,1007906931,9680662089,40730572,391205668,40230,57,26904,1136118180,240001098,2498175787,25.91,0.79,0,10.4
2021,2021-11-14,겨울_아우터,01_시즌,겨울,9096,261,47912721,259000,43390,183574.0,173996.0,174500.0,394675440,2355864000,11324790,67599000,183574,29,4050,738570419,76051628,1048950000,44.53,1.51,0,10.4
2021,2021-11-14,겨울_아우터셔츠,01_시즌,겨울,35713,1383,51906116,86566,9452,37144.0,36506.0,38884.0,337559276,3091531558,13072116,119720778,37532,57,11247,450127240,102290462,926725418,31.49,0.91,0,10.4
2021,2021-11-14,겨울_코트,01_시즌,겨울,20352,1781,325652695,439000,65886,203726.0,226234.0,264227.0,1340911872,8934528000,117342966,781859000,182848,58,7719,1356215425,504257968,3375551000,37.93,0.54,0,10.4
2021,2021-11-14,겨울_팬츠,01_시즌,겨울,26438,1917,91982396,102175,12028,50598.0,49568.0,52826.0,317996264,2701302650,23057676,195869475,47982,53,9912,637375101,93124066,1072771075,37.49,1.53,0,10.4
2021,2021-11-14,겨울_해비스웨터,01_시즌,겨울,53555,2005,101644950,146567,15581,68375.0,67590.0,70863.0,834440455,7849395685,31239905,293866835,50696,65,6300,385396065,98606497,933201999,11.76,0.3,0,10.4
2021,2021-11-14,겨울_해비아우터,01_시즌,겨울,103478,6131,705375699,361500,34178,133074.0,133286.0,142639.0,3536671084,37407297000,209545318,2216356500,115051,68,22855,2214070559,739558392,7987254179,22.09,0.36,0,10.4
2021,2021-11-14,사계절_가성비 수트셋업,01_시즌,사계절,65284,194,21817642,154834,26758,117874.0,111411.0,100914.0,1746869272,10108182856,5191052,30037796,112462,27,55539,5169658910,1491100959,8393000282,85.07,1.84,0,10.4
2021,2021-11-14,사계절_니트셋업,01_시즌,사계절,29947,93,1800025,39900,5606,29095.0,26993.0,25596.0,167882882,1194885300,521358,3710700,19355,51,19336,284230592,105232922,454676400,64.57,0.91,0,10.4
2021,2021-11-14,사계절_데님셋업,01_시즌,사계절,17490,194,7727369,79900,11955,42814.0,41388.0,51123.0,209092950,1397451000,2319270,15500600,39832,50,11956,582677794,140810894,955284400,68.36,1.86,0,10.4
2021,2021-11-14,사계절_셋업,01_시즌,사계절,71021,863,33740657,138200,16772,80428.0,64834.0,76338.0,1191164212,9815102200,14474236,119266600,39097,72,53085,2300275843,902650784,7167798250,74.75,1.0,0,10.4
2021,2021-11-14,사계절_셋업셔츠,01_시즌,사계절,102915,749,20005022,48234,7656,31054.0,29240.0,30818.0,787917240,4964002110,5734344,36127266,26709,45,66989,2039486982,512867784,3231147426,65.09,1.7,0,10.4
2021,2021-11-21,가을_가성비 수트셋업,01_시즌,가을,19839,234,31493263,184000,28793,144925.0,141524.0,139804.0,571224327,3650376000,6737562,43056000,134587,27,13661,1911883265,388328406,2513624000,68.86,2.36,0,4.1
2021,2021-11-21,가을_아우터,01_시즌,가을,4816,38,2172638,249000,21874,57175.0,102095.0,116578.0,105345184,1199184000,831212,9462000,57175,77,3027,318257498,74786223,753723000,62.85,2.04,0,4.1
2021,2021-11-21,가을_이너,01_시즌,가을,71881,1356,38397509,109900,11745,42470.0,42889.0,51110.0,844242345,7899721900,15926220,149024400,28317,74,33686,1365460693,395643897,3686131400,46.86,1.0,0,4.1
2021,2021-11-21,가을_캐주얼셔츠,01_시즌,가을,20844,264,6678143,69900,7391,25296.0,29454.0,35939.0,154058004,1456995600,1951224,18453600,25296,64,12269,400113654,90680179,857603100,58.86,1.77,0,4.1
2021,2021-11-21,가을_팬츠,01_시즌,가을,8249,187,6506103,89900,10790,34792.0,38903.0,49427.0,89006710,741585100,2017730,16811300,34792,61,4388,190012400,47346520,394481200,53.19,1.41,0,4.1
2021,2021-11-21,겨울_가디건,01_시즌,겨울,11834,269,21623765,173233,18996,80174.0,75709.0,81188.0,224798664,2050039322,5109924,46599677,80386,54,2965,262449558,55373166,511435900,25.05,0.82,0,4.1
2021,2021-11-21,겨울_가성비 수트셋업,01_시즌,겨울,36983,686,99443245,184000,31034,139932.0,140711.0,142044.0,1147730422,6804872000,21289324,126224000,144961,21,24290,3427274849,743680351,4469360000,65.68,2.07,0,4.1
2021,2021-11-21,겨울_고가 수트셋업,01_시즌,겨울,19223,2419,407168502,249000,41621,144586.0,162641.0,141228.0,800080483,4786527000,100681199,602331000,168321,32,3264,551947121,135850944,812736000,16.98,0.46,0,4.1
2021,2021-11-21,겨울_기모맨투맨셋업,01_시즌,겨울,177747,6001,182104395,98233,10406,32991.0,35856.0,42270.0,1849635282,17460621051,62446406,589496233,30346,69,53098,1785836946,553954037,5230019970,29.87,0.58,0,4.1
2021,2021-11-21,겨울_스웨터,01_시즌,겨울,103833,3730,136550510,93233,9707,37219.0,39218.0,42930.0,1007906931,9680662089,36207110,347759090,36609,61,30634,1272668690,276208208,2845934877,29.5,0.87,0,4.1
2021,2021-11-21,겨울_아우터,01_시즌,겨울,9096,298,50597998,259000,43390,169792.0,173996.0,174500.0,394675440,2355864000,12930220,77182000,169792,34,4348,789168417,88981848,1126132000,47.8,1.59,0,4.1
2021,2021-11-21,겨울_아우터셔츠,01_시즌,겨울,35713,1046,36970108,86566,9452,33134.0,36506.0,38884.0,337559276,3091531558,9886792,90548036,35344,59,12293,487097348,112177254,1017273454,34.42,0.98,0,4.1
2021,2021-11-21,겨울_코트,01_시즌,겨울,30523,2953,527853115,494000,78635,221383.0,218616.0,232561.0,2400176105,15078362000,232209155,1458782000,178751,64,10672,1884068540,736467123,4834333000,34.96,0.41,0,4.1
2021,2021-11-21,겨울_팬츠,01_시즌,겨울,29564,1960,91574291,102175,12710,46541.0,49568.0,52826.0,375758440,3020701700,24911600,200263000,46722,54,11872,728949392,118035666,1273034075,40.16,1.45,0,4.1
2021,2021-11-21,겨울_해비스웨터,01_시즌,겨울,53555,1937,92549624,146567,15581,61924.0,67590.0,70863.0,834440455,7849395685,30180397,283900279,47780,67,8237,477945689,128786894,1217102278,15.38,0.37,0,4.1
2021,2021-11-21,겨울_해비아우터,01_시즌,겨울,105775,4473,414431656,361500,34179,113468.0,133286.0,142639.0,3615283725,38237662500,152882667,1616989500,92652,74,27328,2628502215,892441059,9604243679,25.84,0.41,0,4.1
2021,2021-11-21,사계절_가성비 수트셋업,01_시즌,사계절,65284,104,9408716,154834,26758,112786.0,111411.0,100914.0,1746869272,10108182856,2782832,16102736,90468,42,55643,5179067626,1493883791,8409103018,85.23,1.84,0,4.1
2021,2021-11-21,사계절_니트셋업,01_시즌,사계절,29947,45,1050843,39900,5606,31047.0,26993.0,25596.0,167882882,1194885300,252270,1795500,23352,41,19381,285281435,105485192,456471900,64.72,0.92,0,4.1
2021,2021-11-21,사계절_데님셋업,01_시즌,사계절,17490,183,6966905,79900,11955,39320.0,41388.0,51123.0,209092950,1397451000,2187765,14621700,38071,52,12139,589644699,142998659,969906100,69.41,1.88,0,4.1
2021,2021-11-21,사계절_셋업,01_시즌,사계절,71021,665,22034311,138200,16772,51574.0,64834.0,76338.0,1191164212,9815102200,11153380,91903000,33134,76,53750,2322310154,913804164,7259701250,75.68,1.01,0,4.1
2021,2021-11-21,사계절_셋업셔츠,01_시즌,사계절,102915,661,18257252,48234,7656,27778.0,29240.0,30818.0,787917240,4964002110,5060616,31882674,27621,43,67650,2057744234,517928400,3263030100,65.73,1.72,0,4.1
2021,2021-11-28,가을_가성비 수트셋업,01_시즌,가을,19839,1657,186683774,184000,28793,135112.0,141524.0,139804.0,571224327,3650376000,47710001,304888000,112664,39,15318,2098567039,436038407,2818512000,77.21,2.58,0,3.1
2021,2021-11-28,가을_아우터,01_시즌,가을,4816,230,37230100,249000,21874,161870.0,102095.0,116578.0,105345184,1199184000,5031020,57270000,161870,35,3257,355487598,79817243,810993000,67.63,2.31,0,3.1
2021,2021-11-28,가을_이너,01_시즌,가을,71881,1046,31852791,109900,11745,39185.0,42889.0,51110.0,844242345,7899721900,12285270,114955400,30452,72,34732,1397313484,407929167,3801086800,48.32,1.02,0,3.1
2021,2021-11-28,가을_캐주얼셔츠,01_시즌,가을,20844,296,8557113,69900,7391,28909.0,29454.0,35939.0,154058004,1456995600,2187736,20690400,28909,59,12565,408670767,92867915,878293500,60.28,1.81,0,3.1
2021,2021-11-28,가을_팬츠,01_시즌,가을,8249,125,4864119,89900,10790,38913.0,38903.0,49427.0,89006710,741585100,1348750,11237500,38913,57,4513,194876519,48695270,405718700,54.71,1.44,0,3.1
2021,2021-11-28,겨울_가디건,01_시즌,겨울,11834,143,11559250,173233,18996,58799.0,75709.0,81188.0,224798664,2050039322,2716428,24772319,80834,53,3108,274008808,58089594,536208219,26.26,0.85,0,3.1
2021,2021-11-28,겨울_가성비 수트셋업,01_시즌,겨울,36983,517,70535904,184000,31034,139762.0,140711.0,142044.0,1147730422,6804872000,16044578,95128000,136433,26,24807,3497810753,759724929,4564488000,67.08,2.11,0,3.1
2021,2021-11-28,겨울_고가 수트셋업,01_시즌,겨울,19223,995,173895659,249000,41621,163814.0,162641.0,141228.0,800080483,4786527000,41412895,247755000,174770,30,4259,725842780,177263839,1060491000,22.16,0.6,0,3.1
2021,2021-11-28,겨울_기모맨투맨셋업,01_시즌,겨울,177747,6904,204139623,98233,10406,33867.0,35856.0,42270.0,1849635282,17460621051,71843024,678200632,29568,70,60002,1989976569,625797061,5908220602,33.76,0.64,0,3.1
2021,2021-11-28,겨울_스웨터,01_시즌,겨울,103833,2687,90532297,93233,9707,36193.0,39218.0,42930.0,1007906931,9680662089,26082709,250517071,33693,64,33321,1363200987,302290917,3096451948,32.09,0.93,0,3.1
2021,2021-11-28,겨울_아우터,01_시즌,겨울,9096,154,26605220,259000,43390,172761.0,173996.0,174500.0,394675440,2355864000,6682060,39886000,172761,33,4502,815773637,95663908,1166018000,49.49,1.64,0,3.1
2021,2021-11-28,겨울_아우터셔츠,01_시즌,겨울,35713,850,31446694,86566,9452,35963.0,36506.0,38884.0,337559276,3091531558,8034200,73581100,36996,57,13143,518544042,120211454,1090854554,36.8,1.04,0,3.1
2021,2021-11-28,겨울_코트,01_시즌,겨울,39123,2394,450263689,494000,78635,223979.0,218616.0,232561.0,3076437105,19326762000,188252190,1182636000,188080,62,13066,2334332229,924719313,6016969000,33.4,0.39,0,3.1
2021,2021-11-28,겨울_팬츠,01_시즌,겨울,29564,1887,88564465,102175,12710,49632.0,49568.0,52826.0,375758440,3020701700,23983770,192804225,46934,54,13759,817513857,142019436,1465838300,46.54,1.6,0,3.1
2021,2021-11-28,겨울_해비스웨터,01_시즌,겨울,53555,2027,99264126,146567,15581,63767.0,67590.0,70863.0,834440455,7849395685,31582687,297091309,48971,67,10264,577209815,160369581,1514193587,19.17,0.44,0,3.1
2021,2021-11-28,겨울_해비아우터,01_시즌,겨울,110127,5159,533235236,361500,34181,116434.0,133286.0,142639.0,3764250987,39810910500,176339779,1864978500,103360,71,32487,3161737451,1068780838,11469222179,29.5,0.48,0,3.1
2021,2021-11-28,사계절_가성비 수트셋업,01_시즌,사계절,65284,141,14073161,154834,26758,100186.0,111411.0,100914.0,1746869272,10108182856,3772878,21831594,99810,36,55784,5193140787,1497656669,8430934612,85.45,1.85,0,3.1
2021,2021-11-28,사계절_니트셋업,01_시즌,사계절,29947,43,987520,39900,5606,24744.0,26993.0,25596.0,167882882,1194885300,241058,1715700,22966,42,19424,286268955,105726250,458187600,64.86,0.92,0,3.1
2021,2021-11-28,사계절_데님셋업,01_시즌,사계절,17490,222,8027745,79900,11955,40566.0,41388.0,51123.0,209092950,1397451000,2654010,17737800,36161,55,12361,597672444,145652669,987643900,70.67,1.9,0,3.1
2021,2021-11-28,사계절_셋업,01_시즌,사계절,71021,526,20149080,138200,16772,55944.0,64834.0,76338.0,1191164212,9815102200,8822072,72693200,38306,72,54276,2342459234,922626236,7332394450,76.42,1.01,0,3.1
2021,2021-11-28,사계절_셋업셔츠,01_시즌,사계절,102915,620,15948236,48234,7656,27885.0,29240.0,30818.0,787917240,4964002110,4746720,29905080,25723,47,68270,2073692470,522675120,3292935180,66.34,1.73,0,3.1
2021,2021-12-05,겨울_가디건,01_시즌,겨울,11834,227,16073320,173233,18996,69139.0,72039.0,81188.0,224798664,2050039322,4312092,39323891,70808,59,3335,290082128,62401686,575532110,28.18,0.9,0,5.9
2021,2021-12-05,겨울_가성비 수트셋업,01_시즌,겨울,36983,612,84114506,184000,31034,142265.0,141394.0,142044.0,1147730422,6804872000,18992808,112608000,137442,25,25419,3581925259,778717737,4677096000,68.73,2.16,0,5.9
2021,2021-12-05,겨울_고가 수트셋업,01_시즌,겨울,19223,1352,225193297,249000,41621,165645.0,125168.0,141228.0,800080483,4786527000,56271592,336648000,166563,33,5611,951036077,233535431,1397139000,29.19,0.79,0,5.9
2021,2021-12-05,겨울_기모맨투맨셋업,01_시즌,겨울,177747,7676,218173344,98233,10407,34912.0,34553.0,42270.0,1849813029,17460621051,79884132,754036508,28423,71,67678,2208149913,705681193,6662257110,38.08,0.7,0,5.9
2021,2021-12-05,겨울_스웨터,01_시즌,겨울,103833,4010,136087971,93233,9707,36285.0,37461.0,42930.0,1007906931,9680662089,38925070,373864330,33937,64,37331,1499288958,341215987,3470316278,35.95,1.01,0,5.9
2021,2021-12-05,겨울_아우터,01_시즌,겨울,9096,152,25676678,259000,43390,168926.0,144004.0,174500.0,394675440,2355864000,6595280,39368000,168926,35,4654,841450315,102259188,1205386000,51.17,1.68,0,5.9
2021,2021-12-05,겨울_아우터셔츠,01_시즌,겨울,35713,879,25636630,86566,9452,29244.0,34601.0,38884.0,337559276,3091531558,8308308,76091514,29166,66,14022,544180672,128519762,1166946068,39.26,1.08,0,5.9
2021,2021-12-05,겨울_코트,01_시즌,겨울,39123,3017,573659821,494000,78635,216252.0,211987.0,232561.0,3076437105,19326762000,237241795,1490398000,190142,62,16083,2907992050,1161961108,7507367000,41.11,0.48,0,5.9
2021,2021-12-05,겨울_팬츠,01_시즌,겨울,31694,2454,108907120,102175,13782,47608.0,45262.0,52826.0,436806708,3238334450,33821028,250737450,44379,57,16213,926420977,175840464,1716575750,51.15,1.53,0,5.9
2021,2021-12-05,겨울_해비스웨터,01_시즌,겨울,53555,3175,147701866,146567,15581,61353.0,57132.0,70863.0,834440455,7849395685,49469675,465350225,46520,68,13439,724911681,209839256,1979543812,25.09,0.54,0,5.9
2021,2021-12-05,겨울_해비아우터,01_시즌,겨울,110127,7094,756479976,361500,34649,110351.0,107133.0,142639.0,3815790423,39810910500,245800006,2564481000,106637,71,39581,3918217427,1314580844,14033703179,35.94,0.59,0,5.9
2021,2021-12-05,사계절_가성비 수트셋업,01_시즌,사계절,65284,64,5883477,154834,26758,120672.0,111738.0,100914.0,1746869272,10108182856,1712512,9909376,91929,41,55848,5199024264,1499369181,8440843988,85.55,1.85,0,5.9
2021,2021-12-05,사계절_니트셋업,01_시즌,사계절,29947,57,1177335,39900,5606,19810.0,25000.0,25596.0,167882882,1194885300,319542,2274300,20655,48,19481,287446290,106045792,460461900,65.05,0.92,0,5.9
2021,2021-12-05,사계절_데님셋업,01_시즌,사계절,17490,162,6068485,79900,11955,40724.0,42543.0,51123.0,209092950,1397451000,1936710,12943800,37460,53,12523,603740929,147589379,1000587700,71.6,1.92,0,5.9
2021,2021-12-05,사계절_셋업,01_시즌,사계절,71268,626,20785916,138200,16777,16466.0,59774.0,76338.0,1195663236,9849237600,10502402,86513200,33204,76,54902,2363245150,933128638,7418907650,77.04,1.02,0,5.9
2021,2021-12-05,사계절_셋업셔츠,01_시즌,사계절,102915,803,18198113,48234,7656,29542.0,30846.0,30818.0,787917240,4964002110,6147768,38731902,22663,53,69073,2091890583,528822888,3331667082,67.12,1.74,0,5.9
2021,2021-12-12,겨울_가디건,01_시즌,겨울,11834,170,12715500,173233,18996,73193.0,72039.0,81188.0,224798664,2050039322,3229320,29449610,74797,57,3505,302797628,65631006,604981720,29.62,0.93,0,0.7
2021,2021-12-12,겨울_가성비 수트셋업,01_시즌,겨울,36983,371,50896436,184000,31034,140594.0,141394.0,142044.0,1147730422,6804872000,11513614,68264000,137187,25,25790,3632821695,790231351,4745360000,69.73,2.19,0,0.7
2021,2021-12-12,겨울_고가 수트셋업,01_시즌,겨울,19223,1593,160596602,249000,41621,108238.0,125168.0,141228.0,800080483,4786527000,66302253,396657000,100814,60,7204,1111632679,299837684,1793796000,37.48,0.89,0,0.7
2021,2021-12-12,겨울_기모맨투맨셋업,01_시즌,겨울,177747,5008,153652307,98233,10407,35350.0,34553.0,42270.0,1849813029,17460621051,52118256,491950864,30681,69,72686,2361802220,757799449,7154207974,40.89,0.75,0,0.7
2021,2021-12-12,겨울_스웨터,01_시즌,겨울,103833,2649,93934261,93233,9707,37827.0,37461.0,42930.0,1007906931,9680662089,25713843,246974217,35460,62,39980,1593223219,366929830,3717290495,38.5,1.07,0,0.7
2021,2021-12-12,겨울_아우터,01_시즌,겨울,9096,145,19417322,259000,43390,133913.0,144004.0,174500.0,394675440,2355864000,6291550,37555000,133913,48,4799,860867637,108550738,1242941000,52.76,1.71,0,0.7
2021,2021-12-12,겨울_아우터셔츠,01_시즌,겨울,35713,646,23454558,86566,9452,35602.0,34601.0,38884.0,337559276,3091531558,6105992,55921636,36307,58,14668,567635230,134625754,1222867704,41.07,1.13,0,0.7
2021,2021-12-12,겨울_코트,01_시즌,겨울,39123,2143,406042912,494000,78635,209500.0,211987.0,232561.0,3076437105,19326762000,168514805,1058642000,189474,62,18226,3314034962,1330475913,8566009000,46.59,0.55,0,0.7
2021,2021-12-12,겨울_팬츠,01_시즌,겨울,34293,1515,66818898,102175,13612,44346.0,45262.0,52826.0,466796316,3503887275,20622180,154795125,44105,57,17728,993239875,196462644,1871370875,51.7,1.51,0,0.7
2021,2021-12-12,겨울_해비스웨터,01_시즌,겨울,53555,2414,111318788,146567,15581,56508.0,57132.0,70863.0,834440455,7849395685,37612534,353812738,46114,69,15853,836230469,247451790,2333356550,29.6,0.61,0,0.7
2021,2021-12-12,겨울_해비아우터,01_시즌,겨울,110127,6997,834521105,361500,34649,111359.0,107133.0,142639.0,3815790423,39810910500,242439053,2529415500,119268,67,46578,4752738532,1557019897,16563118679,42.29,0.72,0,0.7
2021,2021-12-12,사계절_가성비 수트셋업,01_시즌,사계절,65284,100,9248528,154834,26758,112380.0,111738.0,100914.0,1746869272,10108182856,2675800,15483400,92485,40,55948,5208272792,1502044981,8456327388,85.7,1.85,0,0.7
2021,2021-12-12,사계절_니트셋업,01_시즌,사계절,29947,38,744540,39900,5606,30812.0,25000.0,25596.0,167882882,1194885300,213028,1516200,19593,51,19519,288190830,106258820,461978100,65.18,0.93,0,0.7
2021,2021-12-12,사계절_데님셋업,01_시즌,사계절,17490,112,4615850,79900,11955,41341.0,42543.0,51123.0,209092950,1397451000,1338960,8948800,41213,48,12635,608356779,148928339,1009536500,72.24,1.93,0,0.7
2021,2021-12-12,사계절_셋업,01_시즌,사계절,71268,456,18838220,138200,16777,66406.0,59774.0,76338.0,1195663236,9849237600,7650312,63019200,41312,70,55358,2382083370,940778950,7481926850,77.68,1.02,0,0.7
2021,2021-12-12,사계절_셋업셔츠,01_시즌,사계절,102915,635,14749259,48234,7656,33698.0,30846.0,30818.0,787917240,4964002110,4861560,30628590,23227,52,69708,2106639842,533684448,3362295672,67.73,1.75,0,0.7
2021,2021-12-19,겨울_가디건,01_시즌,겨울,11834,139,10050313,173233,18996,72803.0,72039.0,81188.0,224798664,2050039322,2640444,24079387,72304,58,3644,312847941,68271450,629061107,30.79,0.96,0,0.4
2021,2021-12-19,겨울_가성비 수트셋업,01_시즌,겨울,36983,290,38447880,184000,31034,139001.0,141394.0,142044.0,1147730422,6804872000,8999860,53360000,132579,28,26080,3671269575,799231211,4798720000,70.52,2.21,0,0.4
2021,2021-12-19,겨울_고가 수트셋업,01_시즌,겨울,19223,692,66256900,249000,41621,109159.0,125168.0,141228.0,800080483,4786527000,28801732,172308000,95747,62,7896,1177889579,328639416,1966104000,41.08,0.93,0,0.4
2021,2021-12-19,겨울_기모맨투맨셋업,01_시즌,겨울,177747,5290,148944633,98233,10407,34866.0,34553.0,42270.0,1849813029,17460621051,55053030,519652570,28156,71,77976,2510746853,812852479,7673860544,43.87,0.79,0,0.4
2021,2021-12-19,겨울_스웨터,01_시즌,겨울,103833,2349,82125862,93233,9707,37714.0,37461.0,42930.0,1007906931,9680662089,22801743,219004317,34962,63,42329,1675349081,389731573,3936294812,40.77,1.12,0,0.4
2021,2021-12-19,겨울_아우터,01_시즌,겨울,9096,99,13325988,259000,43390,134606.0,144004.0,174500.0,394675440,2355864000,4295610,25641000,134606,48,4898,874193625,112846348,1268582000,53.85,1.73,0,0.4
2021,2021-12-19,겨울_아우터셔츠,01_시즌,겨울,35713,527,20279145,86566,9452,36834.0,34601.0,38884.0,337559276,3091531558,4981204,45620282,38480,56,15195,587914375,139606958,1268487986,42.55,1.17,0,0.4
2021,2021-12-19,겨울_코트,01_시즌,겨울,39123,1710,329532419,494000,78635,208577.0,211987.0,232561.0,3076437105,19326762000,134465850,844740000,192709,61,19936,3643567381,1464941763,9410749000,50.96,0.6,0,0.4
2021,2021-12-19,겨울_팬츠,01_시즌,겨울,42976,1943,83096411,102175,13312,44624.0,45262.0,52826.0,572096512,4391072800,25865216,198526025,42767,58,19671,1076336286,222327860,2069896900,45.77,1.32,0,0.4
2021,2021-12-19,겨울_해비스웨터,01_시즌,겨울,53555,2124,99433494,146567,15581,55148.0,57132.0,70863.0,834440455,7849395685,33094044,311308308,46814,68,17977,935663963,280545834,2644664858,33.57,0.68,0,0.4
2021,2021-12-19,겨울_해비아우터,01_시즌,겨울,110127,5562,627037482,361500,34649,103258.0,107133.0,142639.0,3815790423,39810910500,192717738,2010663000,112736,69,52140,5379776014,1749737635,18573781679,47.35,0.82,0,0.4
2021,2021-12-19,사계절_가성비 수트셋업,01_시즌,사계절,65284,61,6194669,154834,26758,114406.0,111738.0,100914.0,1746869272,10108182856,1632238,9444874,101552,34,56009,5214467461,1503677219,8465772262,85.79,1.85,0,0.4
2021,2021-12-19,사계절_니트셋업,01_시즌,사계절,29947,25,437100,39900,5606,28372.0,25000.0,25596.0,167882882,1194885300,140150,997500,17484,56,19544,288627930,106398970,462975600,65.26,0.93,0,0.4
2021,2021-12-19,사계절_데님셋업,01_시즌,사계절,17490,81,3365622,79900,11955,45181.0,42543.0,51123.0,209092950,1397451000,968355,6471900,41551,48,12716,611722401,149896694,1016008400,72.7,1.94,0,0.4
2021,2021-12-19,사계절_셋업,01_시즌,사계절,71268,330,13928082,138200,16777,67027.0,59774.0,76338.0,1195663236,9849237600,5536410,45606000,42206,69,55688,2396011452,946315360,7527532850,78.14,1.03,0,0.4
2021,2021-12-19,사계절_셋업셔츠,01_시즌,사계절,102915,696,14863110,48234,7656,30456.0,30846.0,30818.0,787917240,4964002110,5328576,33570864,21355,56,70404,2121502952,539013024,3395866536,68.41,1.76,0,0.4
2021,2021-12-26,겨울_가디건,01_시즌,겨울,11834,175,12440900,173233,18996,73020.0,72039.0,81188.0,224798664,2050039322,3324300,30315775,71091,59,3819,325288841,71595750,659376882,32.27,1.0,0,-5.5
2021,2021-12-26,겨울_가성비 수트셋업,01_시즌,겨울,36983,251,33315940,184000,31034,156076.0,141394.0,142044.0,1147730422,6804872000,7789534,46184000,132733,28,26331,3704585515,807020745,4844904000,71.2,2.23,0,-5.5
2021,2021-12-26,겨울_고가 수트셋업,01_시즌,겨울,19223,505,59770484,249000,41621,117626.0,125168.0,141228.0,800080483,4786527000,21018605,125745000,118357,52,8401,1237660063,349658021,2091849000,43.7,0.97,0,-5.5
2021,2021-12-26,겨울_기모맨투맨셋업,01_시즌,겨울,177747,5754,161090297,98233,10407,33083.0,34553.0,42270.0,1849813029,17460621051,59881878,565232682,27996,72,83730,2671837150,872734357,8239093226,47.11,0.84,0,-5.5
2021,2021-12-26,겨울_스웨터,01_시즌,겨울,103833,2107,75946527,93233,9707,38016.0,37461.0,42930.0,1007906931,9680662089,20452649,196441931,36045,61,44436,1751295608,410184222,4132736743,42.8,1.17,0,-5.5
2021,2021-12-26,겨울_아우터,01_시즌,겨울,9096,77,10670100,259000,43390,138573.0,144004.0,174500.0,394675440,2355864000,3341030,19943000,138573,46,4975,884863725,116187378,1288525000,54.69,1.74,0,-5.5
2021,2021-12-26,겨울_아우터셔츠,01_시즌,겨울,35713,520,19949614,86566,9452,36726.0,34601.0,38884.0,337559276,3091531558,4915040,45014320,38365,56,15715,607863989,144521998,1313502306,44.0,1.21,0,-5.5
2021,2021-12-26,겨울_코트,01_시즌,겨울,39123,1658,347013033,494000,78635,213621.0,211987.0,232561.0,3076437105,19326762000,130376830,819052000,209296,58,21594,3990580414,1595318593,10229801000,55.2,0.66,0,-5.5
2021,2021-12-26,겨울_팬츠,01_시즌,겨울,43320,2031,83788219,102175,13304,44472.0,45262.0,52826.0,576329280,4426221000,27020424,207517425,41255,60,21702,1160124505,249348284,2277414325,50.1,1.4,0,-5.5
2021,2021-12-26,겨울_해비스웨터,01_시즌,겨울,53555,2190,103440911,146567,15581,55519.0,57132.0,70863.0,834440455,7849395685,34122390,320981730,47233,68,20167,1039104874,314668224,2965646588,37.66,0.75,0,-5.5
2021,2021-12-26,겨울_해비아우터,01_시즌,겨울,110127,4410,488357298,361500,34649,103564.0,107133.0,142639.0,3815790423,39810910500,152802090,1594215000,110739,69,56550,5868133312,1902539725,20167996679,51.35,0.9,0,-5.5
2021,2021-12-26,사계절_가성비 수트셋업,01_시즌,사계절,65284,63,6176860,154834,26758,98468.0,111738.0,100914.0,1746869272,10108182856,1685754,9754542,98045,37,56072,5220644321,1505362973,8475526804,85.89,1.86,0,-5.5
2021,2021-12-26,사계절_니트셋업,01_시즌,사계절,29947,30,475600,39900,5606,17314.0,25000.0,25596.0,167882882,1194885300,168180,1197000,15853,60,19574,289103530,106567150,464172600,65.36,0.93,0,-5.5
2021,2021-12-26,사계절_데님셋업,01_시즌,사계절,17490,92,3843500,79900,11955,42928.0,42543.0,51123.0,209092950,1397451000,1099860,7350800,41777,48,12808,615565901,150996554,1023359200,73.23,1.95,0,-5.5
2021,2021-12-26,사계절_셋업,01_시즌,사계절,71268,175,6409292,138200,16777,89198.0,59774.0,76338.0,1195663236,9849237600,2935975,24185000,36625,73,55863,2402420744,949251335,7551717850,78.38,1.03,0,-5.5
2021,2021-12-26,사계절_셋업셔츠,01_시즌,사계절,102915,222,5382692,48234,7656,32039.0,30846.0,30818.0,787917240,4964002110,1699632,10707948,24246,50,70626,2126885644,540712656,3406574484,68.63,1.77,0,-5.5
2022,2022-01-02,봄_가디건,01_시즌,봄,7741,78,9696990,179900,14570,126126.0,109467.0,79896.0,112786370,1392605900,1136460,14032200,124320,31,78,9696990,1136460,14032200,1.01,0.07,0,-1.7
2022,2022-01-02,봄_가성비 수트셋업,01_시즌,봄,12607,404,54981850,184000,32539,133157.0,139544.0,139834.0,410219173,2319688000,13145756,74336000,136094,26,404,54981850,13145756,74336000,3.2,0.09,0,-1.7
2022,2022-01-02,봄_맨투맨셋업,01_시즌,봄,75128,71,175640,89900,10427,61510.0,51378.0,39254.0,783359656,6754007200,740317,6382900,2474,97,71,175640,740317,6382900,0.09,-0.0,0,-1.7
2022,2022-01-02,봄_셋업셔츠,01_시즌,봄,9665,158,6712070,69900,7808,44678.0,38769.0,34192.0,75464320,675583500,1233664,11044200,42481,39,158,6712070,1233664,11044200,1.63,0.06,0,-1.7
2022,2022-01-02,봄_스웨터,01_시즌,봄,26839,271,16011760,97400,9903,64007.0,66120.0,45736.0,265786617,2614118600,2683713,26395400,59084,39,271,16011760,2683713,26395400,1.01,0.04,0,-1.7
2022,2022-01-02,봄_아우터,01_시즌,봄,6707,42,13967200,624000,115611,411084.0,408817.0,358226.0,775402977,4185168000,4855662,26208000,332552,47,42,13967200,4855662,26208000,0.63,0.01,0,-1.7
2022,2022-01-02,봄_캐주얼셔츠,01_시즌,봄,3710,78,7650660,129900,13854,98085.0,96570.0,65982.0,51398340,481929000,1080612,10132200,98085,24,78,7650660,1080612,10132200,2.1,0.11,0,-1.7
2022,2022-01-02,사계절_가성비 수트셋업,01_시즌,사계절,38119,2278,287656627,184000,26821,128782.0,120332.0,122392.0,1022389699,7013896000,61098238,419152000,126276,31,2278,287656627,61098238,419152000,5.98,0.2,0,-1.7
2022,2022-01-02,사계절_니트셋업,01_시즌,사계절,17492,75,3006110,69900,6278,47895.0,52107.0,24065.0,109814776,1222690800,470850,5242500,40081,43,75,3006110,470850,5242500,0.43,0.02,0,-1.7
2022,2022-01-02,사계절_셋업,01_시즌,사계절,48266,512,25470004,99900,10779,48010.0,50228.0,46584.0,520259214,4821773400,5518848,51148800,49746,50,512,25470004,5518848,51148800,1.06,0.03,0,-1.7
2022,2022-01-02,사계절_셋업셔츠,01_시즌,사계절,81471,1595,60345650,69900,7348,38332.0,36222.0,29098.0,598648908,5694822900,11720060,111490500,37834,46,1595,60345650,11720060,111490500,1.96,0.07,0,-1.7
2022,2022-01-09,봄_가디건,01_시즌,봄,13899,60,6501520,179900,14465,114538.0,109467.0,79896.0,201049035,2500430100,867900,10794000,108359,40,138,16198510,2004360,24826200,0.99,0.06,0,-3.6
2022,2022-01-09,봄_가성비 수트셋업,01_시즌,봄,26010,1429,198015560,184000,32223,139434.0,139544.0,139834.0,838120230,4785840000,46046667,262936000,138569,25,1833,252997410,59192423,337272000,7.05,0.2,0,-3.6
2022,2022-01-09,봄_맨투맨셋업,01_시즌,봄,81000,237,11994050,89900,10134,54015.0,55176.0,40242.0,820854000,7281900000,2401758,21306300,50608,44,308,12169690,3142075,27689200,0.38,0.01,0,-3.6
2022,2022-01-09,봄_셋업셔츠,01_시즌,봄,9665,142,6146415,69900,7808,40626.0,38769.0,34192.0,75464320,675583500,1108736,9925800,43285,38,300,12858485,2342400,20970000,3.1,0.12,0,-3.6
2022,2022-01-09,봄_스웨터,01_시즌,봄,64816,675,49091870,98233,10083,81982.0,67461.0,45436.0,653539728,6367070128,6806025,66307275,72729,26,946,65103630,9489738,92702675,1.46,0.08,0,-3.6
2022,2022-01-09,봄_아우터,01_시즌,봄,8930,27,527000,525667,77647,365925.0,340434.0,281029.0,693387710,4694206310,2096469,14193009,19519,96,69,14494200,6952131,40401009,0.77,0.01,0,-3.6
2022,2022-01-09,봄_캐주얼셔츠,01_시즌,봄,3710,72,6936660,129900,13854,96342.0,96570.0,65982.0,51398340,481929000,997488,9352800,96342,26,150,14587320,2078100,19485000,4.04,0.22,0,-3.6
2022,2022-01-09,사계절_가성비 수트셋업,01_시즌,사계절,41646,1978,246759670,184000,26831,126322.0,120332.0,122392.0,1117403826,7662864000,53071718,363952000,124752,32,4256,534416297,114169956,783104000,10.22,0.33,0,-3.6
2022,2022-01-09,사계절_니트셋업,01_시즌,사계절,20228,27,1077740,69900,6306,44878.0,52107.0,24065.0,127557768,1413937200,170262,1887300,39916,43,102,4083850,641112,7129800,0.5,0.02,0,-3.6
2022,2022-01-09,사계절_셋업,01_시즌,사계절,52109,711,56486220,169450,20038,116292.0,102990.0,91106.0,1044160142,8829870050,14247018,120478950,79446,53,1223,81956224,19765866,171627750,2.35,0.05,0,-3.6
2022,2022-01-09,사계절_셋업셔츠,01_시즌,사계절,81471,1724,64453740,69900,7348,37150.0,36222.0,29098.0,598648908,5694822900,12667952,120507600,37386,47,3319,124799390,24388012,231998100,4.07,0.15,0,-3.6
2022,2022-01-16,봄_가디건,01_시즌,봄,13899,114,13502440,179900,14465,111841.0,109467.0,79896.0,201049035,2500430100,1649010,20508600,118442,34,252,29700950,3653370,45334800,1.81,0.12,0,-3.7
2022,2022-01-16,봄_가성비 수트셋업,01_시즌,봄,26010,2012,284777705,184000,32223,140361.0,139544.0,139834.0,838120230,4785840000,64832676,370208000,141540,23,3845,537775115,124025099,707480000,14.78,0.44,0,-3.7
2022,2022-01-16,봄_맨투맨셋업,01_시즌,봄,81000,248,10896480,89900,10134,50931.0,55176.0,40242.0,820854000,7281900000,2513232,22295200,43937,51,556,23066170,5655307,49984400,0.69,0.02,0,-3.7
2022,2022-01-16,봄_셋업셔츠,01_시즌,봄,9665,141,5491970,69900,7808,30784.0,38769.0,34192.0,75464320,675583500,1100928,9855900,38950,44,441,18350455,3443328,30825900,4.56,0.18,0,-3.7
2022,2022-01-16,봄_스웨터,01_시즌,봄,64816,281,7757322,98233,10083,86655.0,67461.0,45436.0,653539728,6367070128,2833323,27603473,27606,72,1227,72860952,12323061,120306148,1.89,0.08,0,-3.7
2022,2022-01-16,봄_아우터,01_시즌,봄,11783,99,44912300,512333,77169,348743.0,340434.0,281029.0,909282327,6036819739,7639731,50720967,453660,11,168,59406500,14591862,91121976,1.43,0.04,0,-3.7
2022,2022-01-16,봄_캐주얼셔츠,01_시즌,봄,3710,-37,-5089460,129900,13854,137553.0,96570.0,65982.0,51398340,481929000,-512598,-4806300,137553,-6,113,9497860,1565502,14678700,3.05,0.14,0,-3.7
2022,2022-01-16,사계절_가성비 수트셋업,01_시즌,사계절,41699,1285,158627208,184000,26831,126053.0,120332.0,122392.0,1118825869,7672616000,34477835,236440000,123445,33,5541,693043505,148647791,1019544000,13.29,0.43,0,-3.7
2022,2022-01-16,사계절_니트셋업,01_시즌,사계절,20228,65,2374300,69900,6306,91941.0,52107.0,24065.0,127557768,1413937200,409890,4543500,36528,48,167,6458150,1051002,11673300,0.83,0.04,0,-3.7
2022,2022-01-16,사계절_셋업,01_시즌,사계절,52109,554,38380210,169450,20038,115283.0,102990.0,91106.0,1044160142,8829870050,11101052,93875300,69278,59,1777,120336434,30866918,265503050,3.41,0.08,0,-3.7
2022,2022-01-16,사계절_셋업셔츠,01_시즌,사계절,81471,1568,58197539,69900,7348,37123.0,36222.0,29098.0,598648908,5694822900,11521664,109603200,37116,47,4887,182996929,35909676,341601300,6.0,0.22,0,-3.7
2022,2022-01-16,여름_가성비 수트셋업,01_시즌,여름,4940,0,0,184000,30413,,146634.0,152612.0,150240220,908960000,0,0,146634,20,0,0,0,0,0.0,0.0,0,-3.7
2022,2022-01-23,봄_가디건,01_시즌,봄,13995,81,4447435,179900,14465,139435.0,109467.0,79896.0,202437675,2517700500,1171665,14571900,54907,69,333,34148385,4825035,59906700,2.38,0.13,0,0.5
2022,2022-01-23,봄_가성비 수트셋업,01_시즌,봄,26010,1036,147390820,184000,32223,142724.0,139544.0,139834.0,838120230,4785840000,33383028,190624000,142269,23,4881,685165935,157408127,898104000,18.77,0.56,0,0.5
2022,2022-01-23,봄_맨투맨셋업,01_시즌,봄,91821,441,17737040,89900,10140,46183.0,55176.0,40242.0,931064940,8254707900,4471740,39645900,40220,55,997,40803210,10127047,89630300,1.09,0.03,0,0.5
2022,2022-01-23,봄_셋업셔츠,01_시즌,봄,9665,178,6448108,69900,7808,35344.0,38769.0,34192.0,75464320,675583500,1389824,12442200,36225,48,619,24798563,4833152,43268100,6.4,0.23,0,0.5
2022,2022-01-23,봄_스웨터,01_시즌,봄,74312,744,34456695,98233,10080,44493.0,67461.0,45436.0,749064960,7299890696,7499520,73085352,46313,53,1971,107317647,19822581,193391500,2.65,0.1,0,0.5
2022,2022-01-23,봄_아우터,01_시즌,봄,15007,166,27307000,512333,77169,343361.0,340434.0,281029.0,1158075183,7688581331,12810054,85047278,164500,68,334,86713500,27401916,176169254,2.23,0.04,0,0.5
2022,2022-01-23,봄_캐주얼셔츠,01_시즌,봄,3710,44,3161690,129900,13854,71857.0,96570.0,65982.0,51398340,481929000,609576,5715600,71857,45,157,12659550,2175078,20394300,4.23,0.18,0,0.5
2022,2022-01-23,사계절_가성비 수트셋업,01_시즌,사계절,41699,1580,175424768,184000,26831,112494.0,120332.0,122392.0,1118825869,7672616000,42392980,290720000,111028,40,7121,868468273,191040771,1310264000,17.08,0.53,0,0.5
2022,2022-01-23,사계절_니트셋업,01_시즌,사계절,20228,81,2924000,69900,6306,37962.0,52107.0,24065.0,127557768,1413937200,510786,5661900,36099,48,248,9382150,1561788,17335200,1.23,0.05,0,0.5
2022,2022-01-23,사계절_데님셋업,01_시즌,사계절,11999,0,0,99900,12278,,58941.0,49011.0,147323722,1198700100,0,0,58941,41,0,0,0,0,0.0,0.0,0,0.5
2022,2022-01-23,사계절_셋업,01_시즌,사계절,52109,1114,67500371,169450,20038,91692.0,102990.0,91106.0,1044160142,8829870050,22322332,188767300,60593,64,2891,187836805,53189250,454270350,5.55,0.11,0,0.5
2022,2022-01-23,사계절_셋업셔츠,01_시즌,사계절,81471,1851,62154561,69900,7348,34401.0,36222.0,29098.0,598648908,5694822900,13601148,129384900,33579,52,6738,245151490,49510824,470986200,8.27,0.29,0,0.5
2022,2022-01-23,여름_가성비 수트셋업,01_시즌,여름,4940,426,64461500,184000,30413,154329.0,146634.0,152612.0,150240220,908960000,12955938,78384000,151318,18,426,64461500,12955938,78384000,8.62,0.3,0,0.5
2022,2022-01-23,여름_캐주얼셔츠,01_시즌,여름,22019,43,2379366,69900,6216,55334.0,53842.0,28620.0,136870104,1539128100,267288,3005700,55334,21,43,2379366,267288,3005700,0.2,0.01,0,0.5
2022,2022-01-30,봄_가디건,01_시즌,봄,13995,154,14625560,179900,14465,83908.0,109467.0,79896.0,202437675,2517700500,2227610,27704600,94971,47,487,48773945,7052645,87611300,3.48,0.18,0,-3.3
2022,2022-01-30,봄_가성비 수트셋업,01_시즌,봄,26010,907,123852260,184000,32223,138051.0,139544.0,139834.0,838120230,4785840000,29226261,166888000,136552,26,5788,809018195,186634388,1064992000,22.25,0.65,0,-3.3
2022,2022-01-30,봄_맨투맨셋업,01_시즌,봄,91821,393,16434030,89900,10140,58198.0,55176.0,40242.0,931064940,8254707900,3985020,35330700,41817,53,1390,57237240,14112067,124961000,1.51,0.04,0,-3.3
2022,2022-01-30,봄_셋업셔츠,01_시즌,봄,9665,191,7895580,69900,7808,42410.0,38769.0,34192.0,75464320,675583500,1491328,13350900,41338,41,810,32694143,6324480,56619000,8.38,0.31,0,-3.3
2022,2022-01-30,봄_스웨터,01_시즌,봄,74312,1254,70209810,98233,10080,57346.0,67461.0,45436.0,749064960,7299890696,12640320,123184182,55989,43,3225,177527457,32462901,316575682,4.34,0.17,0,-3.3
2022,2022-01-30,봄_아우터,01_시즌,봄,15008,23,9566866,512333,77169,416886.0,340434.0,281029.0,1158152352,7689093664,1774887,11783659,415951,19,357,96280366,29176803,187952913,2.38,0.05,0,-3.3
2022,2022-01-30,봄_캐주얼셔츠,01_시즌,봄,3710,45,3555547,129900,13854,79012.0,96570.0,65982.0,51398340,481929000,623430,5845500,79012,39,202,16215097,2798508,26239800,5.44,0.23,0,-3.3
2022,2022-01-30,사계절_가성비 수트셋업,01_시즌,사계절,41699,992,106239471,184000,26831,108007.0,120332.0,122392.0,1118825869,7672616000,26616352,182528000,107096,42,8113,974707744,217657123,1492792000,19.46,0.6,0,-3.3
2022,2022-01-30,사계절_니트셋업,01_시즌,사계절,20228,113,4147000,69900,6306,37857.0,52107.0,24065.0,127557768,1413937200,712578,7898700,36699,47,361,13529150,2274366,25233900,1.78,0.08,0,-3.3
2022,2022-01-30,사계절_데님셋업,01_시즌,사계절,17015,109,6425587,99900,12566,58941.0,58941.0,49011.0,213810490,1699798500,1369694,10889100,58950,41,109,6425587,1369694,10889100,0.64,0.02,0,-3.3
2022,2022-01-30,사계절_셋업,01_시즌,사계절,52109,508,27202640,169450,20038,89802.0,102990.0,91106.0,1044160142,8829870050,10179304,86080600,53549,68,3399,215039445,63368554,540350950,6.52,0.13,0,-3.3
2022,2022-01-30,사계절_셋업셔츠,01_시즌,사계절,81471,1304,43368862,69900,7348,34101.0,36222.0,29098.0,598648908,5694822900,9581792,91149600,33258,52,8042,288520352,59092616,562135800,9.87,0.34,0,-3.3
2022,2022-01-30,여름_가성비 수트셋업,01_시즌,여름,13009,763,106248563,184000,30285,142984.0,146832.0,146442.0,393977565,2393656000,23107455,140392000,139251,24,1189,170710063,36063393,218776000,9.14,0.3,0,-3.3
2022,2022-01-30,여름_캐주얼셔츠,01_시즌,여름,63736,42,2198740,79900,6690,52351.0,53842.0,28743.0,426393840,5092506400,280980,3355800,52351,34,85,4578106,548268,6361500,0.13,0.01,0,-3.3
2022,2022-02-06,봄_가디건,01_시즌,봄,13995,292,28077609,179900,15017,104744.0,88267.0,79896.0,210162915,2517700500,4384964,52530800,96156,47,779,76851554,11437609,140142100,5.57,0.28,0,0.5
2022,2022-02-06,봄_가성비 수트셋업,01_시즌,봄,26010,1944,271406587,184000,32228,140656.0,139992.0,139834.0,838250280,4785840000,62651232,357696000,139612,24,7732,1080424782,249285620,1422688000,29.73,0.87,0,0.5
2022,2022-02-06,봄_맨투맨셋업,01_시즌,봄,91821,679,30225505,89900,10140,51018.0,46582.0,40242.0,931064940,8254707900,6885060,61042100,44515,50,2069,87462745,20997127,186003100,2.25,0.06,0,0.5
2022,2022-02-06,봄_셋업셔츠,01_시즌,봄,9665,169,6959730,69900,7808,40106.0,38126.0,34192.0,75464320,675583500,1319552,11813100,41182,41,979,39653873,7644032,68432100,10.13,0.38,0,0.5
2022,2022-02-06,봄_스웨터,01_시즌,봄,74312,1275,64646945,98233,10278,55632.0,50072.0,45436.0,763778736,7299890696,13104450,125247075,50703,48,4500,242174402,45567351,441822757,6.06,0.23,0,0.5
2022,2022-02-06,봄_아우터,01_시즌,봄,16579,312,54428446,512333,77887,253108.0,286663.0,281029.0,1291288573,8493968807,24300744,159847896,174450,66,669,150708812,53477547,347800809,4.04,0.06,0,0.5
2022,2022-02-06,봄_캐주얼셔츠,01_시즌,봄,3710,98,7648691,129900,13854,78048.0,76859.0,65982.0,51398340,481929000,1357692,12730200,78048,40,300,23863788,4156200,38970000,8.09,0.34,0,0.5
2022,2022-02-06,사계절_가성비 수트셋업,01_시즌,사계절,41699,1907,219081458,184000,26831,118223.0,117247.0,122392.0,1118825869,7672616000,51166717,350888000,114883,38,10020,1193789202,268823840,1843680000,24.03,0.73,0,0.5
2022,2022-02-06,사계절_니트셋업,01_시즌,사계절,20228,172,6338000,69900,6306,40368.0,37734.0,24065.0,127557768,1413937200,1084632,12022800,36849,47,533,19867150,3358998,37256700,2.63,0.12,0,0.5
2022,2022-02-06,사계절_데님셋업,01_시즌,사계절,17015,337,19745850,99900,12566,58680.0,59849.0,49011.0,213810490,1699798500,4234742,33666300,58593,41,446,26171437,5604436,44555400,2.62,0.09,0,0.5
2022,2022-02-06,사계절_셋업,01_시즌,사계절,52109,1196,73642952,169450,20038,95952.0,96412.0,91106.0,1044160142,8829870050,23965448,202662200,61574,64,4595,288682397,87334002,743013150,8.82,0.17,0,0.5
2022,2022-02-06,사계절_셋업셔츠,01_시즌,사계절,81471,2214,73397653,69900,7348,34463.0,34641.0,29098.0,598648908,5694822900,16268472,154758600,33152,53,10256,361918005,75361088,716894400,12.59,0.42,0,0.5
2022,2022-02-06,여름_가성비 수트셋업,01_시즌,여름,13009,1356,187566662,184000,30283,140985.0,149153.0,146442.0,393951547,2393656000,41063748,249504000,138323,25,2545,358276725,77127141,468280000,19.56,0.63,0,0.5
2022,2022-02-06,여름_점퍼,01_시즌,여름,4522,0,0,249000,21174,,153477.0,89380.0,95748828,1125978000,0,0,153477,38,0,0,0,0,0.0,0.0,0,0.5
2022,2022-02-06,여름_캐주얼셔츠,01_시즌,여름,63736,293,14607480,79900,6690,49855.0,52947.0,28743.0,426393840,5092506400,1960170,23410700,49855,38,378,19185586,2508438,29772200,0.59,0.04,0,0.5
2022,2022-02-13,봄_가디건,01_시즌,봄,13995,267,24334250,179900,15017,101716.0,88267.0,79896.0,210162915,2517700500,4009539,48033300,91140,49,1046,101185804,15447148,188175400,7.47,0.36,0,-2.0
2022,2022-02-13,봄_가성비 수트셋업,01_시즌,봄,26010,919,132027091,184000,32228,140484.0,139992.0,139834.0,838250280,4785840000,29617532,169096000,143664,22,8651,1212451873,278903152,1591784000,33.26,0.98,0,-2.0
2022,2022-02-13,봄_맨투맨셋업,01_시즌,봄,91821,531,21091200,89900,10140,45543.0,46582.0,40242.0,931064940,8254707900,5384340,47736900,39720,56,2600,108553945,26381467,233740000,2.83,0.08,0,-2.0
2022,2022-02-13,봄_셋업셔츠,01_시즌,봄,9665,157,6389777,69900,7808,40247.0,38126.0,34192.0,75464320,675583500,1225856,10974300,40699,42,1136,46043650,8869888,79406400,11.75,0.44,0,-2.0
2022,2022-02-13,봄_스웨터,01_시즌,봄,74312,1238,60932329,98233,10278,45797.0,50072.0,45436.0,763778736,7299890696,12724164,121612454,49218,50,5738,303106731,58291515,563435211,7.72,0.28,0,-2.0
2022,2022-02-13,봄_아우터,01_시즌,봄,16579,498,106833462,512333,77887,313394.0,286663.0,281029.0,1291288573,8493968807,38787726,255141834,214525,58,1167,257542274,92265273,602942643,7.04,0.11,0,-2.0
2022,2022-02-13,봄_캐주얼셔츠,01_시즌,봄,3710,124,10194500,129900,13854,82214.0,76859.0,65982.0,51398340,481929000,1717896,16107600,82214,37,424,34058288,5874096,55077600,11.43,0.49,0,-2.0
2022,2022-02-13,사계절_가성비 수트셋업,01_시즌,사계절,41699,1459,164046213,184000,26831,113417.0,117247.0,122392.0,1118825869,7672616000,39146429,268456000,112437,39,11479,1357835415,307970269,2112136000,27.53,0.83,0,-2.0
2022,2022-02-13,사계절_니트셋업,01_시즌,사계절,20228,227,7762045,69900,6306,38824.0,37734.0,24065.0,127557768,1413937200,1431462,15867300,34194,51,760,27629195,4790460,53124000,3.76,0.16,0,-2.0
2022,2022-02-13,사계절_데님셋업,01_시즌,사계절,17015,108,6089000,99900,12566,57246.0,59849.0,49011.0,213810490,1699798500,1357128,10789200,56380,44,554,32260437,6961564,55344600,3.26,0.1,0,-2.0
2022,2022-02-13,사계절_셋업,01_시즌,사계절,52109,1424,86163797,169450,20038,98889.0,96412.0,91106.0,1044160142,8829870050,28534112,241296800,60508,64,6019,374846194,115868114,984309950,11.55,0.22,0,-2.0
2022,2022-02-13,사계절_셋업셔츠,01_시즌,사계절,81471,2326,79652612,69900,7348,35134.0,34641.0,29098.0,598648908,5694822900,17091448,162587400,34244,51,12582,441570617,92452536,879481800,15.44,0.52,0,-2.0
2022,2022-02-13,여름_가성비 수트셋업,01_시즌,여름,19026,891,132934809,200250,32220,152295.0,149153.0,146442.0,613017720,3809956500,28708020,178422750,149197,25,3436,491211534,105835161,646702750,18.06,0.56,0,-2.0
2022,2022-02-13,여름_고가 수트셋업,01_시즌,여름,12714,252,42795170,249000,37380,174102.0,170780.0,168758.0,475249320,3165786000,9419760,62748000,169822,32,252,42795170,9419760,62748000,1.98,0.06,0,-2.0
2022,2022-02-13,여름_반팔스웨터,01_시즌,여름,7857,0,0,99900,10618,,,38530.0,83425626,784914300,0,0,38530,61,0,0,0,0,0.0,0.0,0,-2.0
2022,2022-02-13,여름_자켓,01_시즌,여름,4421,10,1912000,239000,23470,191200.0,185340.0,112799.0,103760870,1056619000,234700,2390000,191200,20,10,1912000,234700,2390000,0.23,0.01,0,-2.0
2022,2022-02-13,여름_점퍼,01_시즌,여름,23287,0,0,249000,23294,,153477.0,89380.0,542447378,5798463000,0,0,153477,38,0,0,0,0,0.0,0.0,0,-2.0
2022,2022-02-13,여름_캐주얼셔츠,01_시즌,여름,111506,314,11996960,86567,7541,52022.0,52947.0,32535.0,840866746,9652739902,2367874,27182038,38207,56,692,31182546,4876312,56954238,0.62,0.03,0,-2.0
2022,2022-02-13,여름_팬츠,01_시즌,여름,17169,0,0,69900,6710,,,23889.0,115203990,1200113100,0,0,23889,66,0,0,0,0,0.0,0.0,0,-2.0
2022,2022-02-20,봄_가디건,01_시즌,봄,13995,176,15107020,179900,15017,81940.0,88267.0,79896.0,210162915,2517700500,2642992,31662400,85835,52,1222,116292824,18090140,219837800,8.73,0.42,0,-1.7
2022,2022-02-20,봄_가성비 수트셋업,01_시즌,봄,26010,935,132731840,184000,32228,142564.0,139992.0,139834.0,838250280,4785840000,30133180,172040000,141959,23,9586,1345183713,309036332,1763824000,36.86,1.09,0,-1.7
2022,2022-02-20,봄_맨투맨셋업,01_시즌,봄,91821,1196,46986381,89900,10140,48122.0,46582.0,40242.0,931064940,8254707900,12127440,107520400,39286,56,3796,155540326,38508907,341260400,4.13,0.11,0,-1.7
2022,2022-02-20,봄_셋업셔츠,01_시즌,봄,9665,122,4720780,69900,7808,36848.0,38126.0,34192.0,75464320,675583500,952576,8527800,38695,45,1258,50764430,9822464,87934200,13.02,0.48,0,-1.7
2022,2022-02-20,봄_스웨터,01_시즌,봄,74312,1298,63124208,98233,10278,50287.0,50072.0,45436.0,763778736,7299890696,13340844,127506434,48632,50,7036,366230939,71632359,690941645,9.47,0.34,0,-1.7
2022,2022-02-20,봄_아우터,01_시즌,봄,16579,408,71003976,512333,77887,288825.0,286663.0,281029.0,1291288573,8493968807,31777896,209031864,174029,66,1575,328546250,124043169,811974507,9.5,0.14,0,-1.7
2022,2022-02-20,봄_캐주얼셔츠,01_시즌,봄,3710,91,7252920,129900,13854,79702.0,76859.0,65982.0,51398340,481929000,1260714,11820900,79702,39,515,41311208,7134810,66898500,13.88,0.59,0,-1.7
2022,2022-02-20,사계절_가성비 수트셋업,01_시즌,사계절,41699,944,82137893,184000,26831,128281.0,117247.0,122392.0,1118825869,7672616000,25328464,173696000,87010,53,12423,1439973308,333298733,2285832000,29.79,0.87,0,-1.7
2022,2022-02-20,사계절_니트셋업,01_시즌,사계절,20228,205,7089130,69900,6306,38584.0,37734.0,24065.0,127557768,1413937200,1292730,14329500,34581,51,965,34718325,6083190,67453500,4.77,0.2,0,-1.7
2022,2022-02-20,사계절_데님셋업,01_시즌,사계절,17015,303,17536450,99900,12566,57123.0,59849.0,49011.0,213810490,1699798500,3807498,30269700,57876,42,857,49796887,10769062,85614300,5.04,0.16,0,-1.7
2022,2022-02-20,사계절_셋업,01_시즌,사계절,52109,1048,63788080,169450,20038,95656.0,96412.0,91106.0,1044160142,8829870050,20999824,177583600,60866,64,7067,438634274,136867938,1161893550,13.56,0.25,0,-1.7
2022,2022-02-20,사계절_셋업셔츠,01_시즌,사계절,81471,1860,62157162,69900,7348,34218.0,34641.0,29098.0,598648908,5694822900,13667280,130014000,33418,52,14442,503727779,106119816,1009495800,17.73,0.59,0,-1.7
2022,2022-02-20,여름_가성비 수트셋업,01_시즌,여름,38275,1680,249029748,194834,32877,152478.0,149153.0,146442.0,1258367175,7457271350,55233360,327321120,148232,24,5116,740241282,161068521,974023870,13.37,0.41,0,-1.7
2022,2022-02-20,여름_고가 수트셋업,01_시즌,여름,12714,275,45976270,249000,37380,172044.0,170780.0,168758.0,475249320,3165786000,10279500,68475000,167186,33,527,88771440,19699260,131223000,4.15,0.13,0,-1.7
2022,2022-02-20,여름_반팔스웨터,01_시즌,여름,7857,0,0,99900,10618,,,38530.0,83425626,784914300,0,0,38530,61,0,0,0,0,0.0,0.0,0,-1.7
2022,2022-02-20,여름_자켓,01_시즌,여름,4421,1,191200,239000,23470,191200.0,185340.0,112799.0,103760870,1056619000,23470,239000,191200,20,11,2103200,258170,2629000,0.25,0.02,0,-1.7
2022,2022-02-20,여름_점퍼,01_시즌,여름,23287,0,0,249000,23294,,153477.0,89380.0,542447378,5798463000,0,0,153477,38,0,0,0,0,0.0,0.0,0,-1.7
2022,2022-02-20,여름_캐주얼셔츠,01_시즌,여름,111506,398,13311700,86567,7541,57328.0,52947.0,32535.0,840866746,9652739902,3001318,34453666,33446,61,1090,44494246,7877630,91407904,0.98,0.04,0,-1.7
2022,2022-02-20,여름_팬츠,01_시즌,여름,17169,0,0,69900,6710,,,23889.0,115203990,1200113100,0,0,23889,66,0,0,0,0,0.0,0.0,0,-1.7
2022,2022-02-27,봄_가디건,01_시즌,봄,13995,152,12828200,179900,15017,64668.0,88267.0,79896.0,210162915,2517700500,2282584,27344800,84396,53,1374,129121024,20372724,247182600,9.82,0.46,0,5.0
2022,2022-02-27,봄_가성비 수트셋업,01_시즌,봄,26010,683,93642848,184000,32228,136267.0,139992.0,139834.0,838250280,4785840000,22011724,125672000,137105,25,10269,1438826561,331048056,1889496000,39.48,1.17,0,5.0
2022,2022-02-27,봄_맨투맨셋업,01_시즌,봄,91821,661,21464969,89900,10140,42774.0,46582.0,40242.0,931064940,8254707900,6702540,59423900,32473,64,4457,177005295,45211447,400684300,4.85,0.12,0,5.0
2022,2022-02-27,봄_셋업셔츠,01_시즌,봄,9665,185,6557645,69900,7808,35301.0,38126.0,34192.0,75464320,675583500,1444480,12931500,35447,49,1443,57322075,11266944,100865700,14.93,0.54,0,5.0
2022,2022-02-27,봄_스웨터,01_시즌,봄,74312,1226,58322893,98233,10278,48572.0,50072.0,45436.0,763778736,7299890696,12600828,120433658,47572,52,8262,424553832,84233187,811375303,11.12,0.4,0,5.0
2022,2022-02-27,봄_아우터,01_시즌,봄,18279,414,61451940,512333,77891,276244.0,286663.0,281029.0,1423769589,9364934907,32246874,212105862,148435,71,1989,389998190,156290043,1024080369,10.88,0.14,0,5.0
2022,2022-02-27,봄_캐주얼셔츠,01_시즌,봄,3710,76,5127860,129900,13854,67472.0,76859.0,65982.0,51398340,481929000,1052904,9872400,67472,48,591,46439068,8187714,76770900,15.93,0.66,0,5.0
2022,2022-02-27,사계절_가성비 수트셋업,01_시즌,사계절,41699,953,102621340,184000,26831,109066.0,117247.0,122392.0,1118825869,7672616000,25569943,175352000,107682,41,13376,1542594648,358868676,2461184000,32.08,0.93,0,5.0
2022,2022-02-27,사계절_니트셋업,01_시즌,사계절,20228,219,6330699,69900,6306,33159.0,37734.0,24065.0,127557768,1413937200,1381014,15308100,28907,59,1184,41049024,7464204,82761600,5.85,0.23,0,5.0
2022,2022-02-27,사계절_데님셋업,01_시즌,사계절,17015,182,8722550,99900,12566,64656.0,59849.0,49011.0,213810490,1699798500,2287012,18181800,47926,52,1039,58519437,13056074,103796100,6.11,0.19,0,5.0
2022,2022-02-27,사계절_셋업,01_시즌,사계절,52109,1328,80701075,169450,20038,95150.0,96412.0,91106.0,1044160142,8829870050,26610464,225029600,60769,64,8395,519335349,163478402,1386923150,16.11,0.3,0,5.0
2022,2022-02-27,사계절_셋업셔츠,01_시즌,사계절,81471,1570,52432648,69900,7348,34749.0,34641.0,29098.0,598648908,5694822900,11536360,109743000,33397,52,16012,556160427,117656176,1119238800,19.65,0.65,0,5.0
2022,2022-02-27,여름_가성비 수트셋업,01_시즌,여름,38325,1807,260366323,194834,32877,146748.0,149153.0,146442.0,1260011025,7467013050,59408739,352065038,144088,26,6923,1000607605,220477260,1326088908,18.06,0.55,0,5.0
2022,2022-02-27,여름_고가 수트셋업,01_시즌,여름,12714,306,48086214,249000,37380,166195.0,170780.0,168758.0,475249320,3165786000,11438280,76194000,157144,37,833,136857654,31137540,207417000,6.55,0.2,0,5.0
2022,2022-02-27,여름_디자인팬츠,01_시즌,여름,3846,7,778400,139000,12656,111200.0,111200.0,59743.0,48674976,534594000,88592,973000,111200,20,7,778400,88592,973000,0.18,0.01,0,5.0
2022,2022-02-27,여름_반팔스웨터,01_시즌,여름,7857,0,0,99900,10618,,,38530.0,83425626,784914300,0,0,38530,61,0,0,0,0,0.0,0.0,0,5.0
2022,2022-02-27,여름_자켓,01_시즌,여름,6402,10,1937680,249000,26568,190410.0,196270.0,120130.0,170088336,1594098000,265680,2490000,193768,22,21,4040880,523850,5119000,0.33,0.02,0,5.0
2022,2022-02-27,여름_점퍼,01_시즌,여름,23287,213,33321020,249000,23294,153477.0,153477.0,89380.0,542447378,5798463000,4961622,53037000,156437,37,213,33321020,4961622,53037000,0.91,0.05,0,5.0
2022,2022-02-27,여름_캐주얼셔츠,01_시즌,여름,111506,619,25794128,86567,7541,46580.0,52947.0,32535.0,840866746,9652739902,4667879,53584973,41671,52,1709,70288374,12545509,144992877,1.53,0.06,0,5.0
2022,2022-02-27,여름_팬츠,01_시즌,여름,34052,0,0,84900,7866,,,30018.0,267853032,2891014800,0,0,30018,65,0,0,0,0,0.0,0.0,0,5.0
2022,2022-03-06,봄_가디건,01_시즌,봄,13995,447,36177226,179900,15017,85918.0,75778.0,79896.0,210162915,2517700500,6712599,80415300,80933,55,1821,165298250,27085323,327597900,13.01,0.59,0,7.2
2022,2022-03-06,봄_가성비 수트셋업,01_시즌,봄,26010,998,138499195,184000,32228,139970.0,139353.0,139834.0,838250280,4785840000,32163544,183632000,138777,25,11267,1577325756,363211600,2073128000,43.32,1.28,0,7.2
2022,2022-03-06,봄_맨투맨셋업,01_시즌,봄,91821,1741,64545099,89900,10140,42817.0,40076.0,40242.0,931064940,8254707900,17653740,156515900,37074,59,6198,241550394,62865187,557200200,6.75,0.17,0,7.2
2022,2022-03-06,봄_셋업셔츠,01_시즌,봄,9665,301,10587195,69900,7808,34513.0,33990.0,34192.0,75464320,675583500,2350208,21039900,35173,50,1744,67909270,13617152,121905600,18.04,0.64,0,7.2
2022,2022-03-06,봄_스웨터,01_시즌,봄,74312,2792,122313971,98233,10278,46516.0,45142.0,45436.0,763778736,7299890696,28696176,274266536,43809,55,11054,546867803,112929363,1085641839,14.88,0.5,0,7.2
2022,2022-03-06,봄_아우터,01_시즌,봄,18279,1129,178042343,512333,78358,273745.0,255662.0,281029.0,1432305882,9364934907,88466182,578423957,157699,69,3118,568040533,244756225,1602504326,17.06,0.19,0,7.2
2022,2022-03-06,봄_캐주얼셔츠,01_시즌,봄,3710,159,11039140,129900,13854,69429.0,62622.0,65982.0,51398340,481929000,2202786,20654100,69429,47,750,57478208,10390500,97425000,20.22,0.81,0,7.2
2022,2022-03-06,사계절_가성비 수트셋업,01_시즌,사계절,41699,1278,141447803,184000,26791,112760.0,111720.0,122392.0,1117157909,7672616000,34238898,235152000,110679,40,14654,1684042451,393107574,2696336000,35.14,1.02,0,7.2
2022,2022-03-06,사계절_니트셋업,01_시즌,사계절,33474,484,17532560,67400,5891,37774.0,34671.0,24065.0,197195334,2256147600,2851244,32621600,36224,46,1668,58581584,10315448,115383200,4.98,0.22,0,7.2
2022,2022-03-06,사계절_데님셋업,01_시즌,사계절,17015,452,21858105,99900,12566,45564.0,45073.0,49011.0,213810490,1699798500,5679832,45154800,48359,52,1491,80377542,18735906,148950900,8.76,0.25,0,7.2
2022,2022-03-06,사계절_셋업,01_시즌,사계절,52109,2041,107924409,169450,20038,94129.0,91851.0,91106.0,1044160142,8829870050,40897558,345847450,52878,69,10436,627259758,204375960,1732770600,20.03,0.35,0,7.2
2022,2022-03-06,사계절_셋업셔츠,01_시즌,사계절,81471,2133,71548134,69900,7348,34590.0,32939.0,29098.0,598648908,5694822900,15673284,149096700,33543,52,18145,627708561,133329460,1268335500,22.27,0.73,0,7.2
2022,2022-03-06,여름_가성비 수트셋업,01_시즌,여름,41712,2745,389854234,194834,34244,146058.0,142931.0,146442.0,1428385728,8126915808,93999780,534819330,142023,27,9668,1390461839,314477040,1860908238,23.18,0.66,0,7.2
2022,2022-03-06,여름_고가 수트셋업,01_시즌,여름,12714,408,65157258,249000,38408,166331.0,165125.0,168758.0,488319312,3165786000,15670464,101592000,159699,36,1241,202014912,46808004,309009000,9.76,0.28,0,7.2
2022,2022-03-06,여름_디자인팬츠,01_시즌,여름,12355,30,2733400,125967,12893,91113.0,79985.0,59743.0,159293015,1556322285,386790,3779010,91113,28,37,3511800,475382,4752010,0.3,0.02,0,7.2
2022,2022-03-06,여름_반바지,01_시즌,여름,7600,0,0,79900,4907,,,24513.0,37293200,607240000,0,0,24513,69,0,0,0,0,0.0,0.0,0,7.2
2022,2022-03-06,여름_반팔스웨터,01_시즌,여름,15701,0,0,96567,10159,,58249.0,37030.0,159506459,1516198467,0,0,58249,40,0,0,0,0,0.0,0.0,0,7.2
2022,2022-03-06,여름_자켓,01_시즌,여름,14903,120,19984000,249000,26686,170432.0,191214.0,120130.0,397701458,3710847000,3202320,29880000,166533,33,141,24024880,3726170,34999000,0.95,0.05,0,7.2
2022,2022-03-06,여름_점퍼,01_시즌,여름,31329,534,76287701,249000,22965,145350.0,127584.0,89380.0,719470485,7800921000,12263310,132966000,142861,43,747,109608721,17224932,186003000,2.38,0.11,0,7.2
2022,2022-03-06,여름_캐주얼셔츠,01_시즌,여름,119364,939,39113910,86567,7564,47591.0,42597.0,32535.0,902869296,10332983388,7102596,81286413,41655,52,2648,109402284,19648105,226279290,2.22,0.09,0,7.2
2022,2022-03-06,여름_팬츠,01_시즌,여름,71396,0,0,84900,8021,,47984.0,30018.0,572667316,6061520400,0,0,47984,43,0,0,0,0,0.0,0.0,0,7.2
2022,2022-03-13,봄_가디건,01_시즌,봄,13995,756,52383253,179900,15017,73494.0,75778.0,79896.0,210162915,2517700500,11352852,136004400,69290,61,2577,217681503,38438175,463602300,18.41,0.76,0,8.4
2022,2022-03-13,봄_가성비 수트셋업,01_시즌,봄,26010,926,127135605,184000,32228,140155.0,139353.0,139834.0,838250280,4785840000,29843128,170384000,137295,25,12193,1704461361,393054728,2243512000,46.88,1.38,0,8.4
2022,2022-03-13,봄_맨투맨셋업,01_시즌,봄,91821,1942,67479591,89900,10140,39531.0,40076.0,40242.0,931064940,8254707900,19691880,174585800,34747,61,8140,309029985,82557067,731786000,8.87,0.21,0,8.4
2022,2022-03-13,봄_셋업셔츠,01_시즌,봄,9665,336,11492487,69900,7808,34012.0,33990.0,34192.0,75464320,675583500,2623488,23486400,34204,51,2080,79401757,16240640,145392000,21.52,0.74,0,8.4
2022,2022-03-13,봄_스웨터,01_시즌,봄,74312,3245,131317611,98233,10278,41303.0,45142.0,45436.0,763778736,7299890696,33352110,318766085,40468,59,14299,678185414,146281473,1404407924,19.24,0.62,0,8.4
2022,2022-03-13,봄_아우터,01_시즌,봄,21898,1177,180010642,516778,78749,273649.0,255662.0,281029.0,1724445602,11316404644,92687573,608247706,152940,70,4295,748051175,337443798,2210752032,19.61,0.2,0,8.4
2022,2022-03-13,봄_캐주얼셔츠,01_시즌,봄,3710,238,16006553,129900,13854,67254.0,62622.0,65982.0,51398340,481929000,3297252,30916200,67254,48,988,73484761,13687752,128341200,26.63,1.03,0,8.4
2022,2022-03-13,사계절_가성비 수트셋업,01_시즌,사계절,41699,1082,118023106,184000,26791,111749.0,111720.0,122392.0,1117157909,7672616000,28987862,199088000,109079,41,15736,1802065557,422095436,2895424000,37.74,1.09,0,8.4
2022,2022-03-13,사계절_니트셋업,01_시즌,사계절,33474,738,24189257,67400,5891,34908.0,34671.0,24065.0,197195334,2256147600,4347558,49741200,32777,51,2406,82770841,14663006,165124400,7.19,0.31,0,8.4
2022,2022-03-13,사계절_데님셋업,01_시즌,사계절,17015,493,21599900,99900,12566,42508.0,45073.0,49011.0,213810490,1699798500,6195038,49250700,43813,56,1984,101977442,24930944,198201600,11.66,0.32,0,8.4
2022,2022-03-13,사계절_셋업,01_시즌,사계절,52109,2311,120177166,169450,20038,91580.0,91851.0,91106.0,1044160142,8829870050,46307818,391598950,52002,69,12747,747436924,250683778,2124369550,24.46,0.41,0,8.4
2022,2022-03-13,사계절_셋업셔츠,01_시즌,사계절,81471,2013,65231222,69900,7348,32720.0,32939.0,29098.0,598648908,5694822900,14791524,140708700,32405,54,20158,692939783,148120984,1409044200,24.74,0.8,0,8.4
2022,2022-03-13,여름_가성비 수트셋업,01_시즌,여름,41712,2079,290916740,194834,34244,142902.0,142931.0,146442.0,1428385728,8126915808,71193276,405059886,139931,28,11747,1681378579,385670316,2265968124,28.16,0.8,0,8.4
2022,2022-03-13,여름_고가 수트셋업,01_시즌,여름,12714,369,58381370,249000,38408,162601.0,165125.0,168758.0,488319312,3165786000,14172552,91881000,158215,36,1610,260396282,60980556,400890000,12.66,0.36,0,8.4
2022,2022-03-13,여름_디자인팬츠,01_시즌,여름,14925,145,11673900,125967,12893,80510.0,79985.0,59743.0,192428025,1880057475,1869485,18265215,80510,36,182,15185700,2344867,23017225,1.22,0.06,0,8.4
2022,2022-03-13,여름_반바지,01_시즌,여름,7600,0,0,79900,4907,,,24513.0,37293200,607240000,0,0,24513,69,0,0,0,0,0.0,0.0,0,8.4
2022,2022-03-13,여름_반팔스웨터,01_시즌,여름,31426,0,0,96567,10159,,58249.0,37030.0,319256734,3034714542,0,0,58249,40,0,0,0,0,0.0,0.0,0,8.4
2022,2022-03-13,여름_반팔티셔츠,01_시즌,여름,34154,0,0,49900,4918,,28441.0,20077.0,167969372,1704284600,0,0,28441,43,0,0,0,0,0.0,0.0,0,8.4
2022,2022-03-13,여름_자켓,01_시즌,여름,18901,117,20102700,249000,26685,236224.0,191214.0,120130.0,504373185,4706349000,3122145,29133000,171818,31,258,44127580,6848315,64132000,1.37,0.07,0,8.4
2022,2022-03-13,여름_점퍼,01_시즌,여름,31329,736,96780536,249000,22965,130086.0,127584.0,89380.0,719470485,7800921000,16902240,183264000,131495,47,1483,206389257,34127172,369267000,4.73,0.21,0,8.4
2022,2022-03-13,여름_캐주얼셔츠,01_시즌,여름,119364,1079,38305074,86567,7564,36768.0,42597.0,32535.0,902869296,10332983388,8161556,93405793,35501,59,3727,147707358,27809661,319685083,3.12,0.12,0,8.4
2022,2022-03-13,여름_팬츠,01_시즌,여름,121755,0,0,84900,8316,,47984.0,30018.0,1012514580,10336999500,0,0,47984,43,0,0,0,0,0.0,0.0,0,8.4
2022,2022-03-20,봄_가디건,01_시즌,봄,13995,604,37225240,179900,15017,69980.0,75778.0,79896.0,210162915,2517700500,9070268,108659600,61631,66,3181,254906743,47508443,572261900,22.73,0.88,0,8.0
2022,2022-03-20,봄_가성비 수트셋업,01_시즌,봄,26010,820,110722898,184000,32228,138562.0,139353.0,139834.0,838250280,4785840000,26426960,150880000,135028,27,13013,1815184259,419481688,2394392000,50.03,1.47,0,8.0
2022,2022-03-20,봄_맨투맨셋업,01_시즌,봄,91821,2445,85673876,89900,10140,40903.0,40076.0,40242.0,931064940,8254707900,24792300,219805500,35040,61,10585,394703861,107349367,951591500,11.53,0.27,0,8.0
2022,2022-03-20,봄_셋업셔츠,01_시즌,봄,9665,361,12443327,69900,7808,34780.0,33990.0,34192.0,75464320,675583500,2818688,25233900,34469,51,2441,91845084,19059328,170625900,25.26,0.85,0,8.0
2022,2022-03-20,봄_스웨터,01_시즌,봄,74312,3506,137445771,98233,10278,41509.0,45142.0,45436.0,763778736,7299890696,36034668,344404898,39203,60,17805,815631185,182316141,1748812822,23.96,0.73,0,8.0
2022,2022-03-20,봄_아우터,01_시즌,봄,21898,1197,167688576,516778,78749,251354.0,255662.0,281029.0,1724445602,11316404644,94262553,618583266,140091,73,5492,915739751,431706351,2829335298,25.08,0.23,0,8.0
2022,2022-03-20,봄_캐주얼셔츠,01_시즌,봄,3710,143,7885073,129900,13854,55140.0,62622.0,65982.0,51398340,481929000,1981122,18575700,55140,58,1131,81369834,15668874,146916900,30.49,1.13,0,8.0
2022,2022-03-20,사계절_가성비 수트셋업,01_시즌,사계절,41699,1102,118606340,184000,26791,110099.0,111720.0,122392.0,1117157909,7672616000,29523682,202768000,107628,42,16838,1920671897,451619118,3098192000,40.38,1.16,0,8.0
2022,2022-03-20,사계절_니트셋업,01_시즌,사계절,33474,723,23402300,67400,5891,34394.0,34671.0,24065.0,197195334,2256147600,4259193,48730200,32368,52,3129,106173141,18922199,213854600,9.35,0.39,0,8.0
2022,2022-03-20,사계절_데님셋업,01_시즌,사계절,17015,535,22982045,99900,12566,44913.0,45073.0,49011.0,213810490,1699798500,6722810,53446500,42957,57,2519,124959487,31653754,251648100,14.8,0.38,0,8.0
2022,2022-03-20,사계절_셋업,01_시즌,사계절,52109,2163,111178920,169450,20038,90424.0,91851.0,91106.0,1044160142,8829870050,43342194,366520350,51400,70,14910,858615844,294025972,2490889900,28.61,0.47,0,8.0
2022,2022-03-20,사계절_셋업셔츠,01_시즌,사계절,81471,1947,60252524,69900,7348,32439.0,32939.0,29098.0,598648908,5694822900,14306556,136095300,30946,56,22105,753192307,162427540,1545139500,27.13,0.87,0,8.0
2022,2022-03-20,여름_가성비 수트셋업,01_시즌,여름,41712,2242,312720940,194834,34244,143644.0,142931.0,146442.0,1428385728,8126915808,76775048,436817828,139483,28,13989,1994099519,462445364,2702785952,33.54,0.95,0,8.0
2022,2022-03-20,여름_고가 수트셋업,01_시즌,여름,12714,373,59571311,249000,38408,167782.0,165125.0,168758.0,488319312,3165786000,14326184,92877000,159709,36,1983,319967593,75306740,493767000,15.6,0.44,0,8.0
2022,2022-03-20,여름_디자인팬츠,01_시즌,여름,14925,90,6483237,125967,12893,72036.0,79985.0,59743.0,192428025,1880057475,1160370,11337030,72036,43,272,21668937,3505237,34354255,1.82,0.08,0,8.0
2022,2022-03-20,여름_반바지,01_시즌,여름,7600,0,0,79900,4907,,,24513.0,37293200,607240000,0,0,24513,69,0,0,0,0,0.0,0.0,0,8.0
2022,2022-03-20,여름_반팔스웨터,01_시즌,여름,31426,554,32574270,96567,10159,58798.0,58249.0,37030.0,319256734,3034714542,5628086,53498118,58798,39,554,32574270,5628086,53498118,1.76,0.08,0,8.0
2022,2022-03-20,여름_반팔티셔츠,01_시즌,여름,34154,780,23592912,49900,4918,30247.0,28441.0,20077.0,167969372,1704284600,3836040,38922000,30247,39,780,23592912,3836040,38922000,2.28,0.1,0,8.0
2022,2022-03-20,여름_자켓,01_시즌,여름,18901,98,14797872,249000,26685,205320.0,191214.0,120130.0,504373185,4706349000,2615130,24402000,150999,39,356,58925452,9463445,88534000,1.88,0.09,0,8.0
2022,2022-03-20,여름_점퍼,01_시즌,여름,31329,949,114913719,249000,22965,116937.0,127584.0,89380.0,719470485,7800921000,21793785,236301000,121089,51,2432,321302976,55920957,605568000,7.76,0.33,0,8.0
2022,2022-03-20,여름_캐주얼셔츠,01_시즌,여름,119364,1378,46007245,86567,7564,39105.0,42597.0,32535.0,902869296,10332983388,10423192,119289326,33387,61,5105,193714603,38232853,438974409,4.28,0.15,0,8.0
2022,2022-03-20,여름_팬츠,01_시즌,여름,128280,173,9521900,84900,8310,48438.0,47984.0,30018.0,1066006800,10890972000,1437630,14687700,55040,35,173,9521900,1437630,14687700,0.13,0.01,0,8.0
2022,2022-03-27,봄_가디건,01_시즌,봄,13995,654,43086889,179900,15017,73720.0,75778.0,79896.0,210162915,2517700500,9821118,117654600,65882,63,3835,297993632,57329561,689916500,27.4,1.02,0,9.3
2022,2022-03-27,봄_가성비 수트셋업,01_시즌,봄,26010,830,113887790,184000,32228,138726.0,139353.0,139834.0,838250280,4785840000,26749240,152720000,137214,25,13843,1929072049,446230928,2547112000,53.22,1.56,0,9.3
2022,2022-03-27,봄_맨투맨셋업,01_시즌,봄,91821,1853,62883319,89900,10140,37051.0,40076.0,40242.0,931064940,8254707900,18789420,166584700,33936,62,12438,457587180,126138787,1118176200,13.55,0.31,0,9.3
2022,2022-03-27,봄_셋업셔츠,01_시즌,봄,9665,282,9205348,69900,7808,32654.0,33990.0,34192.0,75464320,675583500,2201856,19711800,32643,53,2723,101050432,21261184,190337700,28.17,0.94,0,9.3
2022,2022-03-27,봄_스웨터,01_시즌,봄,74312,1997,94377434,98233,10278,51237.0,45142.0,45436.0,763778736,7299890696,20525166,196171301,47260,52,19802,910008619,202841307,1944984123,26.65,0.82,0,9.3
2022,2022-03-27,봄_아우터,01_시즌,봄,23821,1024,127674997,516778,78750,225109.0,255662.0,281029.0,1875903750,12310168738,80640000,529180672,124683,76,6516,1043414748,512346351,3358515970,27.35,0.23,0,9.3
2022,2022-03-27,봄_캐주얼셔츠,01_시즌,봄,3710,182,10677216,129900,13854,58666.0,62622.0,65982.0,51398340,481929000,2521428,23641800,58666,55,1313,92047050,18190302,170558700,35.39,1.27,0,9.3
2022,2022-03-27,사계절_가성비 수트셋업,01_시즌,사계절,41699,1120,121681069,184000,26791,112272.0,111720.0,122392.0,1117157909,7672616000,30005920,206080000,108644,41,17958,2042352966,481625038,3304272000,43.07,1.23,0,9.3
2022,2022-03-27,사계절_니트셋업,01_시즌,사계절,33474,641,20796294,67400,5891,32943.0,34671.0,24065.0,197195334,2256147600,3776131,43203400,32444,52,3770,126969435,22698330,257058000,11.26,0.47,0,9.3
2022,2022-03-27,사계절_데님셋업,01_시즌,사계절,17015,439,20472652,99900,12566,47308.0,45073.0,49011.0,213810490,1699798500,5516474,43856100,46635,53,2958,145432139,37170228,295504200,17.38,0.44,0,9.3
2022,2022-03-27,사계절_셋업,01_시즌,사계절,52109,2151,106975570,169450,20038,91272.0,91851.0,91106.0,1044160142,8829870050,43101738,364486950,49733,71,17061,965591414,337127710,2855376850,32.74,0.52,0,9.3
2022,2022-03-27,사계절_셋업셔츠,01_시즌,사계절,81471,1915,58313460,69900,7348,32007.0,32939.0,29098.0,598648908,5694822900,14071420,133858500,30451,56,24020,811505767,176498960,1678998000,29.48,0.94,0,9.3
2022,2022-03-27,여름_가성비 수트셋업,01_시즌,여름,44965,2413,322476448,194834,34389,139463.0,142931.0,146442.0,1546301385,8760710810,82980657,470134442,133641,31,16402,2316575967,545426021,3172920394,36.48,1.01,0,9.3
2022,2022-03-27,여름_고가 수트셋업,01_시즌,여름,12714,476,75784555,249000,38408,163786.0,165125.0,168758.0,488319312,3165786000,18282208,118524000,159211,36,2459,395752148,93588948,612291000,19.34,0.55,0,9.3
2022,2022-03-27,여름_디자인팬츠,01_시즌,여름,28124,147,11213481,129225,12725,76282.0,79985.0,59743.0,357877900,3634323900,1870575,18996075,76282,41,419,32882418,5375812,53350330,1.49,0.07,0,9.3
2022,2022-03-27,여름_반바지,01_시즌,여름,12782,0,0,79900,4907,,,24513.0,62721274,1021281800,0,0,24513,69,0,0,0,0,0.0,0.0,0,9.3
2022,2022-03-27,여름_반팔스웨터,01_시즌,여름,41224,241,13905610,96567,8937,57700.0,58249.0,37030.0,368418888,3980878008,2153817,23272647,57700,40,795,46479880,7781903,76770765,1.93,0.09,0,9.3
2022,2022-03-27,여름_반팔티셔츠,01_시즌,여름,60804,690,18377862,49900,5084,26635.0,28441.0,20077.0,309127536,3034119600,3507960,34431000,26635,47,1470,41970774,7344000,73353000,2.42,0.1,0,9.3
2022,2022-03-27,여름_자켓,01_시즌,여름,21825,244,38704394,249000,26685,152884.0,191214.0,120130.0,582400125,5434425000,6511140,60756000,158625,36,600,97629846,15974585,149290000,2.75,0.12,0,9.3
2022,2022-03-27,여름_점퍼,01_시즌,여름,31329,816,100897767,249000,22965,117961.0,127584.0,89380.0,719470485,7800921000,18739440,203184000,123649,50,3248,422200743,74660397,808752000,10.37,0.43,0,9.3
2022,2022-03-27,여름_캐주얼셔츠,01_시즌,여름,119364,1836,63224109,86567,7564,39495.0,42597.0,32535.0,902869296,10332983388,13887504,158937012,34436,60,6941,256938712,52120357,597911421,5.81,0.2,0,9.3
2022,2022-03-27,여름_팬츠,01_시즌,여름,158941,202,11165917,84900,8318,47530.0,47984.0,30018.0,1322071238,13494090900,1680236,17149800,55277,35,375,20687817,3117866,31837500,0.24,0.01,0,9.3
2022,2022-04-03,봄_가디건,01_시즌,봄,13995,944,64900500,179900,15017,76384.0,71853.0,79896.0,210162915,2517700500,14176048,169825600,68751,62,4779,362894132,71505609,859742100,34.15,1.23,0,11.9
2022,2022-04-03,봄_가성비 수트셋업,01_시즌,봄,26010,864,120006622,184000,32228,148130.0,142659.0,139834.0,838250280,4785840000,27844992,158976000,138897,25,14707,2049078671,474075920,2706088000,56.54,1.66,0,11.9
2022,2022-04-03,봄_맨투맨셋업,01_시즌,봄,91821,3358,104104509,89900,10140,32725.0,33075.0,40242.0,931064940,8254707900,34050120,301884200,31002,66,15796,561691689,160188907,1420060400,17.2,0.38,0,11.9
2022,2022-04-03,봄_셋업셔츠,01_시즌,봄,9665,305,10114025,69900,7808,29892.0,32652.0,34192.0,75464320,675583500,2381440,21319500,33161,53,3028,111164457,23642624,211657200,31.33,1.03,0,11.9
2022,2022-04-03,봄_스웨터,01_시즌,봄,74312,3812,132839076,98233,10278,37744.0,36896.0,45436.0,763778736,7299890696,39179736,374464196,34848,65,23614,1042847695,242021043,2319448319,31.78,0.92,0,11.9
2022,2022-04-03,봄_아우터,01_시즌,봄,23821,1571,182814333,516778,78750,249819.0,302970.0,281029.0,1875903750,12310168738,123716250,811858238,116368,77,8087,1226229081,636062601,4170374208,33.95,0.26,0,11.9
2022,2022-04-03,봄_캐주얼셔츠,01_시즌,봄,3710,319,17422910,129900,13854,54617.0,53040.0,65982.0,51398340,481929000,4419426,41438100,54617,58,1632,109469960,22609728,211996800,43.99,1.5,0,11.9
2022,2022-04-03,사계절_가성비 수트셋업,01_시즌,사계절,41699,1461,163250283,184000,26791,113206.0,110676.0,122392.0,1117157909,7672616000,39141651,268824000,111739,39,19419,2205603249,520766689,3573096000,46.57,1.33,0,11.9
2022,2022-04-03,사계절_니트셋업,01_시즌,사계절,33474,796,26365951,67400,5891,35871.0,31272.0,24065.0,197195334,2256147600,4689236,53650400,33123,51,4566,153335386,27387566,310708400,13.64,0.57,0,11.9
2022,2022-04-03,사계절_데님셋업,01_시즌,사계절,17015,586,26791584,99900,12566,47295.0,45427.0,49011.0,213810490,1699798500,7363676,58541400,45719,54,3544,172223723,44533904,354045600,20.83,0.52,0,11.9
2022,2022-04-03,사계절_셋업,01_시즌,사계절,52109,2317,116317442,169450,20038,91710.0,89757.0,91106.0,1044160142,8829870050,46428046,392615650,50202,70,19378,1081908856,383555756,3247992500,37.19,0.57,0,11.9
2022,2022-04-03,사계절_셋업셔츠,01_시즌,사계절,81471,2182,73001581,69900,7348,33789.0,33841.0,29098.0,598648908,5694822900,16033336,152521800,33456,52,26202,884507348,192532296,1831519800,32.16,1.02,0,11.9
2022,2022-04-03,여름_가성비 수트셋업,01_시즌,여름,45062,2375,335299001,194834,34968,143636.0,143738.0,146442.0,1575728016,8779609708,83049000,462730750,141179,28,18777,2651874968,628475021,3635651144,41.67,1.13,0,11.9
2022,2022-04-03,여름_고가 수트셋업,01_시즌,여름,12714,681,111770792,249000,38408,168270.0,168756.0,168758.0,488319312,3165786000,26155848,169569000,164127,34,3140,507522940,119744796,781860000,24.7,0.7,0,11.9
2022,2022-04-03,여름_디자인팬츠,01_시즌,여름,35619,875,76778527,132483,13753,87556.0,114202.0,59743.0,489868107,4718911977,12033875,115922625,87747,34,1294,109660945,17409687,169272955,3.63,0.17,0,11.9
2022,2022-04-03,여름_반바지,01_시즌,여름,17722,0,0,79900,6268,,,24513.0,111081496,1415987800,0,0,24513,69,0,0,0,0,0.0,0.0,0,11.9
2022,2022-04-03,여름_반팔스웨터,01_시즌,여름,41224,-204,-14663788,96567,9131,71881.0,47259.0,37030.0,376416344,3980878008,-1862724,-19699668,71881,26,591,31816092,5919179,57071097,1.43,0.06,0,11.9
2022,2022-04-03,여름_반팔티셔츠,01_시즌,여름,66779,1337,35064397,56567,6531,27612.0,28730.0,20077.0,436133649,3777487693,8731947,75630079,26226,54,2807,77035171,16075947,148983079,4.2,0.12,0,11.9
2022,2022-04-03,여름_자켓,01_시즌,여름,31492,839,137663784,249000,26256,151416.0,142720.0,120130.0,826853952,7841508000,22028784,208911000,164081,34,1439,235293630,38003369,358201000,4.57,0.21,0,11.9
2022,2022-04-03,여름_점퍼,01_시즌,여름,31329,1325,147101913,249000,22965,110229.0,108704.0,89380.0,719470485,7800921000,30428625,329925000,111020,55,4573,569302656,105089022,1138677000,14.6,0.57,0,11.9
2022,2022-04-03,여름_캐주얼셔츠,01_시즌,여름,128070,2135,74132593,86567,7703,38804.0,38598.0,32535.0,986523210,11086635690,16445905,184820545,34723,60,9076,331071305,68566262,782731966,7.09,0.24,0,11.9
2022,2022-04-03,여름_팬츠,01_시즌,여름,181920,195,7559200,84900,8182,41283.0,40281.0,30018.0,1488469440,15445008000,1595490,16555500,38765,54,570,28247017,4713356,48393000,0.31,0.01,0,11.9
2022,2022-04-10,봄_가디건,01_시즌,봄,13995,633,44710990,179900,15017,77834.0,71853.0,79896.0,210162915,2517700500,9505761,113876700,70633,61,5412,407605122,81011370,973618800,38.67,1.38,0,15.7
2022,2022-04-10,봄_가성비 수트셋업,01_시즌,봄,26010,673,94469160,184000,32228,142754.0,142659.0,139834.0,838250280,4785840000,21689444,123832000,140370,24,15380,2143547831,495765364,2829920000,59.13,1.73,0,15.7
2022,2022-04-10,봄_맨투맨셋업,01_시즌,봄,91821,3248,97865691,89900,10140,34054.0,33075.0,40242.0,931064940,8254707900,32934720,291995200,30131,66,19044,659557380,193123627,1712055600,20.74,0.44,0,15.7
2022,2022-04-10,봄_셋업셔츠,01_시즌,봄,9665,260,9070897,69900,7808,34786.0,32652.0,34192.0,75464320,675583500,2030080,18174000,34888,50,3288,120235354,25672704,229831200,34.02,1.11,0,15.7
2022,2022-04-10,봄_스웨터,01_시즌,봄,74312,2870,104773621,98233,10278,38215.0,36896.0,45436.0,763778736,7299890696,29497860,281928710,36506,63,26484,1147621316,271518903,2601377029,35.64,1.01,0,15.7
2022,2022-04-10,봄_아우터,01_시즌,봄,23821,1137,107522381,516778,78750,234259.0,302970.0,281029.0,1875903750,12310168738,89538750,587576586,94567,82,9224,1333751462,725601351,4757950794,38.72,0.26,0,15.7
2022,2022-04-10,봄_캐주얼셔츠,01_시즌,봄,3710,147,7872100,129900,13854,53552.0,53040.0,65982.0,51398340,481929000,2036538,19095300,53552,59,1779,117342060,24646266,231092100,47.95,1.6,0,15.7
2022,2022-04-10,사계절_가성비 수트셋업,01_시즌,사계절,41699,1410,152083439,184000,26791,109416.0,110676.0,122392.0,1117157909,7672616000,37775310,259440000,107861,41,20829,2357686688,558541999,3832536000,49.95,1.42,0,15.7
2022,2022-04-10,사계절_니트셋업,01_시즌,사계절,33474,656,19799698,67400,5891,31326.0,31272.0,24065.0,197195334,2256147600,3864496,44214400,30182,55,5222,173135084,31252062,354922800,15.6,0.64,0,15.7
2022,2022-04-10,사계절_데님셋업,01_시즌,사계절,17015,415,19774650,99900,12566,47262.0,45427.0,49011.0,213810490,1699798500,5214890,41458500,47650,52,3959,191998373,49748794,395504100,23.27,0.58,0,15.7
2022,2022-04-10,사계절_셋업,01_시즌,사계절,52109,1891,99384004,169450,20038,89814.0,89757.0,91106.0,1044160142,8829870050,37891858,320429950,52556,69,21269,1181292860,421447614,3568422450,40.82,0.62,0,15.7
2022,2022-04-10,사계절_셋업셔츠,01_시즌,사계절,81471,2110,70390336,69900,7348,33611.0,33841.0,29098.0,598648908,5694822900,15504280,147489000,33360,52,28312,954897684,208036576,1979008800,34.75,1.1,0,15.7
2022,2022-04-10,여름_가성비 수트셋업,01_시즌,여름,48116,2079,301343059,194834,34968,145622.0,143738.0,146442.0,1682520288,9374632744,72698472,405059886,144946,26,20856,2953218027,701173493,4040711030,43.35,1.18,0,15.7
2022,2022-04-10,여름_고가 수트셋업,01_시즌,여름,12714,595,97654250,249000,38408,170454.0,168756.0,168758.0,488319312,3165786000,22852760,148155000,164125,34,3735,605177190,142597556,930015000,29.38,0.83,0,15.7
2022,2022-04-10,여름_디자인팬츠,01_시즌,여름,37851,1036,81977756,132483,13753,77122.0,114202.0,59743.0,520564803,5014614033,14248108,137252388,79129,40,2330,191638701,31657795,306525343,6.16,0.27,0,15.7
2022,2022-04-10,여름_반바지,01_시즌,여름,20342,0,0,79900,6162,,,24513.0,125347404,1625325800,0,0,24513,69,0,0,0,0,0.0,0.0,0,15.7
2022,2022-04-10,여름_반팔스웨터,01_시즌,여름,41224,819,42243850,96567,9131,51580.0,47259.0,37030.0,376416344,3980878008,7478289,79088373,51580,47,1410,74059942,13397468,136159470,3.42,0.14,0,15.7
2022,2022-04-10,여름_반팔티셔츠,01_시즌,여름,76739,2986,75706609,61900,6888,25354.0,28730.0,20077.0,528578232,4750144100,20567568,184833400,25354,59,5793,152741780,36643515,333816479,7.55,0.19,0,15.7
2022,2022-04-10,여름_자켓,01_시즌,여름,37332,964,153676202,249000,26209,149896.0,142720.0,120130.0,978434388,9295668000,25265476,240036000,159415,36,2403,388969832,63268845,598237000,6.44,0.3,0,15.7
2022,2022-04-10,여름_점퍼,01_시즌,여름,31329,1289,148234019,249000,22965,113833.0,108704.0,89380.0,719470485,7800921000,29601885,320961000,114999,54,5862,717536675,134690907,1459638000,18.71,0.72,0,15.7
2022,2022-04-10,여름_캐주얼셔츠,01_시즌,여름,135365,2689,95551603,86567,7699,39322.0,38598.0,32535.0,1042175135,11718141955,20702611,232778663,35534,59,11765,426622908,89268873,1015510629,8.69,0.29,0,15.7
2022,2022-04-10,여름_팬츠,01_시즌,여름,181920,1181,54618950,84900,8182,42032.0,40281.0,30018.0,1488469440,15445008000,9662942,100266900,46248,46,1751,82865967,14376298,148659900,0.96,0.04,0,15.7
2022,2022-04-17,봄_가디건,01_시즌,봄,13995,503,30294505,179900,15017,69186.0,71853.0,79896.0,210162915,2517700500,7553551,90489700,60228,67,5915,437899627,88564921,1064108500,42.27,1.47,0,15.6
2022,2022-04-17,봄_가성비 수트셋업,01_시즌,봄,26010,824,112147621,184000,32228,138974.0,142659.0,139834.0,838250280,4785840000,26555872,151616000,136101,26,16204,2255695452,522321236,2981536000,62.3,1.82,0,15.6
2022,2022-04-17,봄_맨투맨셋업,01_시즌,봄,91821,1967,59697706,89900,10140,34684.0,33075.0,40242.0,931064940,8254707900,19945380,176833300,30350,66,21011,719255086,213069007,1888888900,22.88,0.47,0,15.6
2022,2022-04-17,봄_셋업셔츠,01_시즌,봄,9665,267,8885319,69900,7808,33015.0,32652.0,34192.0,75464320,675583500,2084736,18663300,33278,52,3555,129120673,27757440,248494500,36.78,1.19,0,15.6
2022,2022-04-17,봄_스웨터,01_시즌,봄,74312,1725,61892887,98233,10278,36327.0,36896.0,45436.0,763778736,7299890696,17729550,169451925,35880,63,28209,1209514203,289248453,2770828954,37.96,1.06,0,15.6
2022,2022-04-17,봄_아우터,01_시즌,봄,23821,553,40148400,516778,78750,475968.0,302970.0,281029.0,1875903750,12310168738,43548750,285778234,72601,86,9777,1373899862,769150101,5043729028,41.04,0.26,0,15.6
2022,2022-04-17,봄_캐주얼셔츠,01_시즌,봄,3710,108,5598900,129900,13854,51842.0,53040.0,65982.0,51398340,481929000,1496232,14029200,51842,60,1887,122940960,26142498,245121300,50.86,1.67,0,15.6
2022,2022-04-17,사계절_가성비 수트셋업,01_시즌,사계절,41699,1115,121735303,184000,26791,110058.0,110676.0,122392.0,1117157909,7672616000,29871965,205160000,109180,41,21944,2479421991,588413964,4037696000,52.62,1.49,0,15.6
2022,2022-04-17,사계절_니트셋업,01_시즌,사계절,33474,512,14821119,67400,5891,29502.0,31272.0,24065.0,197195334,2256147600,3016192,34508800,28947,57,5734,187956203,34268254,389431600,17.13,0.69,0,15.6
2022,2022-04-17,사계절_데님셋업,01_시즌,사계절,17015,556,24688925,99900,12566,43934.0,45427.0,49011.0,213810490,1699798500,6986696,55544400,44405,56,4515,216687298,56735490,451048500,26.54,0.66,0,15.6
2022,2022-04-17,사계절_셋업,01_시즌,사계절,52109,1398,73280147,169450,20038,89340.0,89757.0,91106.0,1044160142,8829870050,28013124,236891100,52418,69,22667,1254573007,449460738,3805313550,43.5,0.66,0,15.6
2022,2022-04-17,사계절_셋업셔츠,01_시즌,사계절,81471,1905,61078892,69900,7348,33160.0,33841.0,29098.0,598648908,5694822900,13997940,133159500,32062,54,30217,1015976576,222034516,2112168300,37.09,1.17,0,15.6
2022,2022-04-17,여름_가성비 수트셋업,01_시즌,여름,50902,2330,324717825,194834,34968,140520.0,143738.0,146442.0,1779941136,9917440268,81475440,453963220,139364,28,23186,3277935852,782648933,4494674250,45.55,1.23,0,15.6
2022,2022-04-17,여름_고가 수트셋업,01_시즌,여름,12714,717,115227568,249000,38408,163856.0,168756.0,168758.0,488319312,3165786000,27538536,178533000,160708,35,4452,720404758,170136092,1108548000,35.02,0.99,0,15.6
2022,2022-04-17,여름_디자인팬츠,01_시즌,여름,37851,1553,109198961,132483,13753,68714.0,114202.0,59743.0,520564803,5014614033,21358409,205746099,70315,47,3883,300837662,53016204,512271442,10.26,0.42,0,15.6
2022,2022-04-17,여름_반바지,01_시즌,여름,33911,0,0,79900,6416,,,24513.0,217572976,2709488900,0,0,24513,69,0,0,0,0,0.0,0.0,0,15.6
2022,2022-04-17,여름_반팔스웨터,01_시즌,여름,55897,1770,75940944,96567,9704,49819.0,47259.0,37030.0,542424488,5397805599,17176080,170923590,42904,56,3180,150000886,30573548,307083060,5.69,0.2,0,15.6
2022,2022-04-17,여름_반팔티셔츠,01_시즌,여름,113390,6100,143288059,61900,6897,29938.0,28730.0,20077.0,782050830,7018841000,42071700,377590000,23490,62,11893,296029839,78715215,711406479,10.49,0.24,0,15.6
2022,2022-04-17,여름_자켓,01_시즌,여름,38452,1742,247016612,249000,26202,136029.0,142720.0,120130.0,1007519304,9574548000,45643884,433758000,141801,43,4145,635986444,108912729,1031995000,10.78,0.47,0,15.6
2022,2022-04-17,여름_점퍼,01_시즌,여름,31329,1019,107082139,249000,22965,105129.0,108704.0,89380.0,719470485,7800921000,23401335,253731000,105086,58,6881,824618814,158092242,1713369000,21.96,0.82,0,15.6
2022,2022-04-17,여름_캐주얼셔츠,01_시즌,여름,137440,3650,124463115,86567,7698,37257.0,38598.0,32535.0,1058013120,11897768480,28097700,315969550,34099,61,15415,551086023,117366573,1331480179,11.22,0.36,0,15.6
2022,2022-04-17,여름_팬츠,01_시즌,여름,181920,2954,126293072,84900,8182,39208.0,40281.0,30018.0,1488469440,15445008000,24169628,250794600,42753,50,4705,209159039,38545926,399454500,2.59,0.1,0,15.6
2022,2022-04-24,봄_가디건,01_시즌,봄,13995,385,22636662,179900,15017,64008.0,71853.0,79896.0,210162915,2517700500,5781545,69261500,58797,67,6300,460536289,94346466,1133370000,45.02,1.54,0,17.5
2022,2022-04-24,봄_가성비 수트셋업,01_시즌,봄,26010,610,84566865,184000,32228,140778.0,142659.0,139834.0,838250280,4785840000,19659080,112240000,138634,25,16814,2340262317,541980316,3093776000,64.64,1.89,0,17.5
2022,2022-04-24,봄_맨투맨셋업,01_시즌,봄,91821,1171,34710498,89900,10140,30838.0,33075.0,40242.0,931064940,8254707900,11873940,105272900,29642,67,22182,753965584,224942947,1994161800,24.16,0.49,0,17.5
2022,2022-04-24,봄_셋업셔츠,01_시즌,봄,9665,136,4508850,69900,7808,32914.0,32652.0,34192.0,75464320,675583500,1061888,9506400,33153,53,3691,133629523,28819328,258000900,38.19,1.23,0,17.5
2022,2022-04-24,봄_스웨터,01_시즌,봄,74312,867,29293732,98233,10278,35297.0,36896.0,45436.0,763778736,7299890696,8911026,85168011,33787,66,29076,1238807935,298159479,2855996965,39.13,1.08,0,17.5
2022,2022-04-24,봄_아우터,01_시즌,봄,23821,650,59930180,516778,78750,251832.0,302970.0,281029.0,1875903750,12310168738,51187500,335905700,92200,82,10427,1433830042,820337601,5379634728,43.77,0.26,0,17.5
2022,2022-04-24,봄_캐주얼셔츠,01_시즌,봄,3710,74,3859100,129900,13854,52150.0,53040.0,65982.0,51398340,481929000,1025196,9612600,52150,60,1961,126800060,27167694,254733900,52.86,1.71,0,17.5
2022,2022-04-24,사계절_가성비 수트셋업,01_시즌,사계절,41699,1042,113991244,184000,26791,110022.0,110676.0,122392.0,1117157909,7672616000,27916222,191728000,109397,41,22986,2593413235,616330186,4229424000,55.12,1.56,0,17.5
2022,2022-04-24,사계절_니트셋업,01_시즌,사계절,33474,403,11369096,67400,5891,28386.0,31272.0,24065.0,197195334,2256147600,2374073,27162200,28211,58,6137,199325299,36642327,416593800,18.33,0.73,0,17.5
2022,2022-04-24,사계절_데님셋업,01_시즌,사계절,17015,462,20187650,99900,12566,43218.0,45427.0,49011.0,213810490,1699798500,5805492,46153800,43696,56,4977,236874948,62540982,497202300,29.25,0.71,0,17.5
2022,2022-04-24,사계절_셋업,01_시즌,사계절,52109,1060,55472458,169450,20038,88164.0,89757.0,91106.0,1044160142,8829870050,21240280,179617000,52333,69,23727,1310045465,470701018,3984930550,45.53,0.69,0,17.5
2022,2022-04-24,사계절_셋업셔츠,01_시즌,사계절,81471,1754,59374644,69900,7348,34803.0,33841.0,29098.0,598648908,5694822900,12888392,122604600,33851,52,31971,1075351220,234922908,2234772900,39.24,1.24,0,17.5
2022,2022-04-24,여름_가성비 수트셋업,01_시즌,여름,50902,1752,253567400,194834,34968,145174.0,143738.0,146442.0,1779941136,9917440268,61263936,341349168,144730,26,24938,3531503252,843912869,4836023418,48.99,1.33,0,17.5
2022,2022-04-24,여름_고가 수트셋업,01_시즌,여름,26507,989,163245497,249000,37850,170600.0,168756.0,168758.0,1003289950,6600243000,37433650,246261000,165061,34,5441,883650255,207569742,1354809000,20.53,0.59,0,17.5
2022,2022-04-24,여름_디자인팬츠,01_시즌,여름,43940,1710,120895580,134112,14356,173352.0,114202.0,59743.0,630802640,5892881280,24548760,229331520,70699,47,5593,421733242,77564964,741602962,12.73,0.48,0,17.5
2022,2022-04-24,여름_반바지,01_시즌,여름,45666,0,0,79900,8724,,,26288.0,398390184,3648713400,0,0,26288,67,0,0,0,0,0.0,0.0,0,17.5
2022,2022-04-24,여름_반팔스웨터,01_시즌,여름,88794,2150,84377392,94900,9715,44966.0,50194.0,37774.0,862633710,8426550600,20887250,204035000,39245,59,5330,234378278,51460798,511118060,6.0,0.19,0,17.5
2022,2022-04-24,여름_반팔티셔츠,01_시즌,여름,218522,7031,170431213,75614,8368,28886.0,28730.0,23918.0,1828592096,16523322508,58835408,531642034,24240,68,18924,466461052,137550623,1243048513,8.66,0.16,0,17.5
2022,2022-04-24,여름_자켓,01_시즌,여름,40402,1895,279032953,249000,26220,139676.0,142720.0,120130.0,1059340440,10060098000,49686900,471855000,147247,41,6040,915019397,158599629,1503850000,14.95,0.64,0,17.5
2022,2022-04-24,여름_점퍼,01_시즌,여름,31329,1083,113888731,249000,22965,105626.0,108704.0,89380.0,719470485,7800921000,24871095,269667000,105160,58,7964,938507545,182963337,1983036000,25.42,0.93,0,17.5
2022,2022-04-24,여름_캐주얼셔츠,01_시즌,여름,149411,4391,155979296,86567,7697,38894.0,38598.0,32535.0,1150016467,12934062037,33797527,380115697,35522,59,19806,707065319,151164100,1711595876,13.26,0.43,0,17.5
2022,2022-04-24,여름_팬츠,01_시즌,여름,181920,3076,126284620,84900,8182,39267.0,40281.0,30018.0,1488469440,15445008000,25167832,261152400,41055,52,7781,335443659,63713758,660606900,4.28,0.16,0,17.5
2022,2022-05-01,봄_가디건,01_시즌,봄,13995,861,40293447,179900,15017,56856.0,59081.0,79896.0,210162915,2517700500,12929637,154893900,46798,74,7161,500829736,107276103,1288263900,51.17,1.66,0,16.7
2022,2022-05-01,봄_가성비 수트셋업,01_시즌,봄,26010,395,54160055,184000,32228,138149.0,138127.0,139834.0,838250280,4785840000,12730060,72680000,137114,25,17209,2394422372,554710376,3166456000,66.16,1.94,0,16.7
2022,2022-05-01,봄_맨투맨셋업,01_시즌,봄,91821,2330,61605437,89900,10140,30109.0,28410.0,40242.0,931064940,8254707900,23626200,209467000,26440,71,24512,815571021,248569147,2203628800,26.7,0.53,0,16.7
2022,2022-05-01,봄_셋업셔츠,01_시즌,봄,9665,159,5031802,69900,7808,31366.0,27864.0,34192.0,75464320,675583500,1241472,11114100,31647,55,3850,138661325,30060800,269115000,39.83,1.27,0,16.7
2022,2022-05-01,봄_스웨터,01_시즌,봄,74312,1766,43716987,98233,10278,28352.0,29043.0,45436.0,763778736,7299890696,18150948,173479478,24755,75,30842,1282524922,316310427,3029476443,41.5,1.11,0,16.7
2022,2022-05-01,봄_아우터,01_시즌,봄,23821,62,6490974,516778,78750,244012.0,246580.0,281029.0,1875903750,12310168738,4882500,32040236,104693,80,10489,1440321016,825220101,5411674964,44.03,0.26,0,16.7
2022,2022-05-01,봄_캐주얼셔츠,01_시즌,봄,3710,57,2719416,129900,13854,47709.0,39736.0,65982.0,51398340,481929000,789678,7404300,47709,63,2018,129519476,27957372,262138200,54.39,1.75,0,16.7
2022,2022-05-01,사계절_가성비 수트셋업,01_시즌,사계절,41699,1041,113975720,184000,26791,113805.0,110623.0,122392.0,1117157909,7672616000,27889431,191544000,109487,40,24027,2707388955,644219617,4420968000,57.62,1.63,0,16.7
2022,2022-05-01,사계절_니트셋업,01_시즌,사계절,51674,306,8996650,59900,6188,29783.0,26288.0,24065.0,319758712,3095272600,1893528,18329400,29401,51,6443,208321949,38535855,434923200,12.47,0.47,0,16.7
2022,2022-05-01,사계절_데님셋업,01_시즌,사계절,17015,467,19693986,99900,12566,42852.0,41751.0,49011.0,213810490,1699798500,5868322,46653300,42171,58,5444,256568934,68409304,543855600,32.0,0.77,0,16.7
2022,2022-05-01,사계절_셋업,01_시즌,사계절,52109,1017,44846850,169450,20038,87236.0,85800.0,91106.0,1044160142,8829870050,20378646,172330650,44097,74,24744,1354892315,491079664,4157261200,47.49,0.71,0,16.7
2022,2022-05-01,사계절_셋업셔츠,01_시즌,사계절,81471,1747,58902854,69900,7348,33950.0,28629.0,29098.0,598648908,5694822900,12836956,122115300,33717,52,33718,1134254074,247759864,2356888200,41.39,1.31,0,16.7
2022,2022-05-01,여름_가성비 수트셋업,01_시즌,여름,50902,1844,243986686,194834,34829,133320.0,140007.0,146442.0,1772865758,9917440268,64224676,359273896,132314,32,26782,3775489938,908137545,5195297314,52.61,1.42,0,16.7
2022,2022-05-01,여름_고가 수트셋업,01_시즌,여름,26511,1877,274781965,249000,37996,149943.0,160202.0,168758.0,1007311956,6601239000,71318492,467373000,146394,41,7318,1158432220,278888234,1822182000,27.6,0.77,0,16.7
2022,2022-05-01,여름_디자인팬츠,01_시즌,여름,43940,1584,97970395,134112,14755,52626.0,59408.0,59743.0,648334700,5892881280,23371920,212433408,61850,54,7177,519703637,100936884,954036370,16.33,0.57,0,16.7
2022,2022-05-01,여름_반바지,01_시즌,여름,45666,142,5089200,79900,8726,37732.0,33236.0,26288.0,398481516,3648713400,1239092,11345800,35839,55,142,5089200,1239092,11345800,0.31,0.01,0,16.7
2022,2022-05-01,여름_반팔스웨터,01_시즌,여름,125813,3622,159847236,94900,9958,45880.0,38366.0,37774.0,1252845854,11939653700,36067876,343727800,44132,53,8952,394225514,87528674,854845860,7.12,0.22,0,16.7
2022,2022-05-01,여름_반팔티셔츠,01_시즌,여름,311609,6156,146802187,75614,8469,36206.0,30115.0,23918.0,2639016621,23562002926,52135164,465479784,23847,68,25080,613263239,189685787,1708528297,8.05,0.14,0,16.7
2022,2022-05-01,여름_자켓,01_시즌,여름,42363,2095,267443262,249000,27080,122846.0,115396.0,120130.0,1147190040,10548387000,56732600,521655000,127658,49,8135,1182462659,215332229,2025505000,19.2,0.75,0,16.7
2022,2022-05-01,여름_점퍼,01_시즌,여름,31329,963,90399412,249000,22965,94915.0,78898.0,89380.0,719470485,7800921000,22115295,239787000,93873,62,8927,1028906957,205078632,2222823000,28.49,1.02,0,16.7
2022,2022-05-01,여름_캐주얼셔츠,01_시즌,여름,180934,3786,127463988,86567,7538,35495.0,34721.0,32535.0,1363880492,15662913578,28538868,327742662,33667,61,23592,834529307,179702968,2039338538,13.04,0.42,0,16.7
2022,2022-05-01,여름_팬츠,01_시즌,여름,181920,3851,149563354,84900,8233,32833.0,32822.0,30018.0,1497747360,15445008000,31705283,326949900,38838,54,11632,485007013,95419041,987556800,6.39,0.23,0,16.7
2022,2022-05-08,봄_가디건,01_시즌,봄,13995,237,13385585,179900,15017,64588.0,59081.0,79896.0,210162915,2517700500,3559029,42636300,56479,69,7398,514215321,110835132,1330900200,52.86,1.7,0,18.4
2022,2022-05-08,봄_가성비 수트셋업,01_시즌,봄,26010,419,57575508,184000,32228,137563.0,138127.0,139834.0,838250280,4785840000,13503532,77096000,137412,25,17628,2451997880,568213908,3243552000,67.77,1.98,0,18.4
2022,2022-05-08,봄_맨투맨셋업,01_시즌,봄,91821,606,18671126,89900,10140,32865.0,28410.0,40242.0,931064940,8254707900,6144840,54479400,30810,66,25118,834242147,254713987,2258108200,27.36,0.54,0,18.4
2022,2022-05-08,봄_셋업셔츠,01_시즌,봄,9665,75,2125481,69900,7808,28074.0,27864.0,34192.0,75464320,675583500,585600,5242500,28340,59,3925,140786806,30646400,274357500,40.61,1.29,0,18.4
2022,2022-05-08,봄_스웨터,01_시즌,봄,74312,335,9817239,98233,10278,31219.0,29043.0,45436.0,763778736,7299890696,3443130,32908055,29305,70,31177,1292342161,319753557,3062384498,41.95,1.12,0,18.4
2022,2022-05-08,봄_아우터,01_시즌,봄,23821,290,79817938,516778,78750,248271.0,246580.0,281029.0,1875903750,12310168738,22837500,149865620,275234,47,10779,1520138954,848057601,5561540584,45.25,0.28,0,18.4
2022,2022-05-08,봄_캐주얼셔츠,01_시즌,봄,3710,30,1517398,129900,13854,50580.0,39736.0,65982.0,51398340,481929000,415620,3897000,50580,61,2048,131036874,28372992,266035200,55.2,1.77,0,18.4
2022,2022-05-08,사계절_가성비 수트셋업,01_시즌,사계절,43207,941,106148419,184000,27583,124833.0,110623.0,122392.0,1191778681,7950088000,25955603,173144000,112804,39,24968,2813537374,670175220,4594112000,57.79,1.58,0,18.4
2022,2022-05-08,사계절_니트셋업,01_시즌,사계절,51674,200,5740800,59900,6188,28904.0,26288.0,24065.0,319758712,3095272600,1237600,11980000,28704,52,6643,214062749,39773455,446903200,12.86,0.48,0,18.4
2022,2022-05-08,사계절_데님셋업,01_시즌,사계절,17015,501,21317562,99900,12566,40748.0,41751.0,49011.0,213810490,1699798500,6295566,50049900,42550,57,5945,277886496,74704870,593905500,34.94,0.83,0,18.4
2022,2022-05-08,사계절_셋업,01_시즌,사계절,52109,725,38381877,169450,20038,88216.0,85800.0,91106.0,1044160142,8829870050,14527550,122851250,52941,69,25469,1393274192,505607214,4280112450,48.88,0.73,0,18.4
2022,2022-05-08,사계절_셋업셔츠,01_시즌,사계절,81471,1606,49249672,69900,7348,31606.0,28629.0,29098.0,598648908,5694822900,11800888,112259400,30666,56,35324,1183503746,259560752,2469147600,43.36,1.36,0,18.4
2022,2022-05-08,여름_가성비 수트셋업,01_시즌,여름,50902,1843,234945023,194834,34829,130190.0,140007.0,146442.0,1772865758,9917440268,64189847,359079062,127480,35,28625,4010434961,972327392,5554376376,56.24,1.51,0,18.4
2022,2022-05-08,여름_고가 수트셋업,01_시즌,여름,26511,1888,274282146,249000,37996,147439.0,160202.0,168758.0,1007311956,6601239000,71736448,470112000,145277,42,9206,1432714366,350624682,2292294000,34.73,0.94,0,18.4
2022,2022-05-08,여름_디자인팬츠,01_시즌,여름,43940,2175,146527660,134112,14755,66752.0,59408.0,59743.0,648334700,5892881280,32092125,291693600,67369,50,9352,666231297,133029009,1245729970,21.28,0.73,0,18.4
2022,2022-05-08,여름_반바지,01_시즌,여름,45666,536,19204700,79900,8726,35798.0,33236.0,26288.0,398481516,3648713400,4677136,42826400,35830,55,678,24293900,5916228,54172200,1.48,0.04,0,18.4
2022,2022-05-08,여름_반팔스웨터,01_시즌,여름,125813,7700,258040280,94900,9958,35592.0,38366.0,37774.0,1252845854,11939653700,76676600,730730000,33512,65,16652,652265794,164205274,1585575860,13.24,0.34,0,18.4
2022,2022-05-08,여름_반팔티셔츠,01_시즌,여름,332774,9106,212014698,75614,8471,29452.0,30115.0,23918.0,2818928554,25162373236,77136926,688541084,23283,69,34186,825277937,266822713,2397069381,10.27,0.17,0,18.4
2022,2022-05-08,여름_자켓,01_시즌,여름,42630,2477,323038330,249000,27080,125008.0,115396.0,120130.0,1154420400,10614870000,67077160,616773000,130415,48,10612,1505500989,282409389,2642278000,24.89,0.94,0,18.4
2022,2022-05-08,여름_점퍼,01_시즌,여름,31329,855,84256589,249000,22965,98005.0,78898.0,89380.0,719470485,7800921000,19635075,212895000,98546,60,9782,1113163546,224713707,2435718000,31.22,1.09,0,18.4
2022,2022-05-08,여름_캐주얼셔츠,01_시즌,여름,241831,5566,177948420,86567,7473,36208.0,34721.0,32535.0,1807203063,20934584177,41594718,481831922,31971,63,29158,1012477727,221297686,2521170460,12.06,0.39,0,18.4
2022,2022-05-08,여름_팬츠,01_시즌,여름,199033,4792,200812382,84900,8228,36650.0,32822.0,30018.0,1637643524,16897901700,39428576,406840800,41906,51,16424,685819395,134847617,1394397600,8.25,0.3,0,18.4
2022,2022-05-15,봄_가디건,01_시즌,봄,13995,177,8900220,179900,15017,58352.0,59081.0,79896.0,210162915,2517700500,2658009,31842300,50284,72,7575,523115541,113493141,1362742500,54.13,1.72,0,19.2
2022,2022-05-15,봄_가성비 수트셋업,01_시즌,봄,26010,369,50886440,184000,32228,139587.0,138127.0,139834.0,838250280,4785840000,11892132,67896000,137904,25,17997,2502884320,580106040,3311448000,69.19,2.02,0,19.2
2022,2022-05-15,봄_맨투맨셋업,01_시즌,봄,91821,315,8648035,89900,10140,26798.0,28410.0,40242.0,931064940,8254707900,3194100,28318500,27454,69,25433,842890182,257908087,2286426700,27.7,0.55,0,19.2
2022,2022-05-15,봄_셋업셔츠,01_시즌,봄,9665,134,3926546,69900,7808,29158.0,27864.0,34192.0,75464320,675583500,1046272,9366600,29303,58,4059,144713352,31692672,283724100,42.0,1.32,0,19.2
2022,2022-05-15,봄_스웨터,01_시즌,봄,74312,236,6636105,98233,10278,28883.0,29043.0,45436.0,763778736,7299890696,2425608,23182988,28119,71,31413,1298978266,322179165,3085567486,42.27,1.12,0,19.2
2022,2022-05-15,봄_아우터,01_시즌,봄,23821,398,31840014,516778,78750,250607.0,246580.0,281029.0,1875903750,12310168738,31342500,205677644,80000,85,11177,1551978968,879400101,5767218228,46.92,0.28,0,19.2
2022,2022-05-15,봄_캐주얼셔츠,01_시즌,봄,3710,25,1116850,129900,13854,44674.0,39736.0,65982.0,51398340,481929000,346350,3247500,44674,66,2073,132153724,28719342,269282700,55.88,1.78,0,19.2
2022,2022-05-15,사계절_가성비 수트셋업,01_시즌,사계절,45341,1941,215696548,184000,27583,111933.0,110623.0,122392.0,1250640803,8342744000,53538603,357144000,111127,40,26909,3029233922,723713823,4951256000,59.35,1.62,0,19.2
2022,2022-05-15,사계절_니트셋업,01_시즌,사계절,51674,152,4421784,59900,6188,30140.0,26288.0,24065.0,319758712,3095272600,940576,9104800,29091,51,6795,218484533,40714031,456008000,13.15,0.49,0,19.2
2022,2022-05-15,사계절_데님셋업,01_시즌,사계절,17015,270,11533414,99900,12566,43590.0,41751.0,49011.0,213810490,1699798500,3392820,26973000,42716,57,6215,289419910,78097690,620878500,36.53,0.87,0,19.2
2022,2022-05-15,사계절_셋업,01_시즌,사계절,52109,265,15182538,169450,20038,84146.0,85800.0,91106.0,1044160142,8829870050,5310070,44904250,57293,66,25734,1408456730,510917284,4325016700,49.38,0.74,0,19.2
2022,2022-05-15,사계절_셋업셔츠,01_시즌,사계절,81471,1414,44109845,69900,7348,31068.0,28629.0,29098.0,598648908,5694822900,10390072,98838600,31195,55,36738,1227613591,269950824,2567986200,45.09,1.41,0,19.2
2022,2022-05-15,여름_가성비 수트셋업,01_시즌,여름,50902,1245,179679827,194834,34829,146983.0,140007.0,146442.0,1772865758,9917440268,43362105,242568330,144321,26,29870,4190114788,1015689497,5796944706,58.68,1.58,0,19.2
2022,2022-05-15,여름_고가 수트셋업,01_시즌,여름,26511,1397,232595069,249000,37996,168542.0,160202.0,168758.0,1007311956,6601239000,53080412,347853000,166496,33,10603,1665309435,403705094,2640147000,39.99,1.1,0,19.2
2022,2022-05-15,여름_디자인팬츠,01_시즌,여름,49379,2105,132348909,134112,14756,57690.0,59408.0,59743.0,728636524,6622316448,31061380,282305760,62874,53,11457,798580206,164090389,1528035730,23.2,0.77,0,19.2
2022,2022-05-15,여름_반바지,01_시즌,여름,45666,243,7333422,79900,8726,36761.0,33236.0,26288.0,398481516,3648713400,2120418,19415700,30179,62,921,31627322,8036646,73587900,2.02,0.05,0,19.2
2022,2022-05-15,여름_반팔스웨터,01_시즌,여름,127508,4543,161699204,94900,9946,39119.0,38366.0,37774.0,1268194568,12100509200,45184678,431130700,35593,62,21195,813964998,209389952,2016706560,16.62,0.42,0,19.2
2022,2022-05-15,여름_반팔티셔츠,01_시즌,여름,349914,6632,153031104,75614,8473,29988.0,30115.0,23918.0,2964821322,26458397196,56192936,501472048,23075,69,40818,978309041,323015649,2898541429,11.67,0.19,0,19.2
2022,2022-05-15,여름_자켓,01_시즌,여름,46958,1927,234913373,249000,27080,119683.0,115396.0,120130.0,1271622640,11692542000,52183160,479823000,121906,51,12539,1740414362,334592549,3122101000,26.7,0.98,0,19.2
2022,2022-05-15,여름_점퍼,01_시즌,여름,31329,639,54175917,249000,22965,86606.0,78898.0,89380.0,719470485,7800921000,14674635,159111000,84782,66,10421,1167339463,239388342,2594829000,33.26,1.14,0,19.2
2022,2022-05-15,여름_캐주얼셔츠,01_시즌,여름,241831,4929,152781949,86567,7473,34387.0,34721.0,32535.0,1807203063,20934584177,36834417,426688743,30997,64,34087,1165259676,258132103,2947859203,14.1,0.44,0,19.2
2022,2022-05-15,여름_팬츠,01_시즌,여름,199033,3290,138778902,84900,8228,34332.0,32822.0,30018.0,1637643524,16897901700,27070120,279321000,42182,50,19714,824598297,161917737,1673718600,9.9,0.36,0,19.2
2022,2022-05-22,봄_가디건,01_시즌,봄,13995,238,10234974,179900,15017,52848.0,59081.0,79896.0,210162915,2517700500,3574046,42816200,43004,76,7813,533350515,117067187,1405558700,55.83,1.75,0,21.2
2022,2022-05-22,봄_가성비 수트셋업,01_시즌,봄,26010,319,42173500,184000,32228,131876.0,138127.0,139834.0,838250280,4785840000,10280732,58696000,132205,28,18316,2545057820,590386772,3370144000,70.42,2.06,0,21.2
2022,2022-05-22,봄_맨투맨셋업,01_시즌,봄,91821,507,14399413,89900,10140,25429.0,28410.0,40242.0,931064940,8254707900,5140980,45579300,28401,68,25940,857289595,263049067,2332006000,28.25,0.55,0,21.2
2022,2022-05-22,봄_셋업셔츠,01_시즌,봄,9665,109,2535253,69900,7808,22932.0,27864.0,34192.0,75464320,675583500,851072,7619100,23259,67,4168,147248605,32543744,291343200,43.12,1.34,0,21.2
2022,2022-05-22,봄_스웨터,01_시즌,봄,74312,187,4635674,98233,10278,26774.0,29043.0,45436.0,763778736,7299890696,1921986,18369571,24790,75,31600,1303613940,324101151,3103937057,42.52,1.13,0,21.2
2022,2022-05-22,봄_아우터,01_시즌,봄,23821,433,54458621,516778,78750,249645.0,246580.0,281029.0,1875903750,12310168738,34098750,223764874,125770,76,11610,1606437589,913498851,5990983102,48.74,0.29,0,21.2
2022,2022-05-22,봄_캐주얼셔츠,01_시즌,봄,3710,32,1117310,129900,13854,34916.0,39736.0,65982.0,51398340,481929000,443328,4156800,34916,73,2105,133271034,29162670,273439500,56.74,1.79,0,21.2
2022,2022-05-22,사계절_가성비 수트셋업,01_시즌,사계절,45341,1621,181369726,184000,27583,105498.0,110623.0,122392.0,1250640803,8342744000,44712043,298264000,111888,39,28530,3210603648,768425866,5249520000,62.92,1.72,0,21.2
2022,2022-05-22,사계절_니트셋업,01_시즌,사계절,51674,425,7994795,59900,6188,22246.0,26288.0,24065.0,319758712,3095272600,2629900,25457500,18811,69,7220,226479328,43343931,481465500,13.97,0.51,0,21.2
2022,2022-05-22,사계절_데님셋업,01_시즌,사계절,17015,478,18680800,99900,12566,37325.0,41751.0,49011.0,213810490,1699798500,6006548,47752200,39081,61,6693,308100710,84104238,668630700,39.34,0.92,0,21.2
2022,2022-05-22,사계절_셋업,01_시즌,사계절,52109,540,28965641,169450,20038,81616.0,85800.0,91106.0,1044160142,8829870050,10820520,91503000,53640,68,26274,1437422371,521737804,4416519700,50.42,0.75,0,21.2
2022,2022-05-22,사계절_셋업셔츠,01_시즌,사계절,81471,1344,35173260,69900,7348,23918.0,28629.0,29098.0,598648908,5694822900,9875712,93945600,26171,63,38082,1262786851,279826536,2661931800,46.74,1.45,0,21.2
2022,2022-05-22,여름_가성비 수트셋업,01_시즌,여름,51382,1356,192479596,194834,34814,145428.0,140007.0,146442.0,1788812948,10010960588,47207784,264194904,141947,27,31226,4382594384,1062897281,6061139610,60.77,1.63,0,21.2
2022,2022-05-22,여름_고가 수트셋업,01_시즌,여름,26511,1237,204541300,249000,37996,168310.0,160202.0,168758.0,1007311956,6601239000,47001052,308013000,165353,34,11840,1869850735,450706146,2948160000,44.66,1.24,0,21.2
2022,2022-05-22,여름_디자인팬츠,01_시즌,여름,49379,1674,103401453,134112,14756,57496.0,59408.0,59743.0,728636524,6622316448,24701544,224503488,61769,54,13131,901981659,188791933,1752539218,26.59,0.87,0,21.2
2022,2022-05-22,여름_반바지,01_시즌,여름,45666,1049,30109300,79900,8726,28900.0,33236.0,26288.0,398481516,3648713400,9153574,83815100,28703,64,1970,61736622,17190220,157403000,4.31,0.1,0,21.2
2022,2022-05-22,여름_반팔스웨터,01_시즌,여름,127508,5138,171727675,94900,9946,31808.0,38366.0,37774.0,1268194568,12100509200,51102548,487596200,33423,65,26333,985692673,260492500,2504302760,20.65,0.5,0,21.2
2022,2022-05-22,여름_반팔티셔츠,01_시즌,여름,349914,7480,175637732,75614,8473,29385.0,30115.0,23918.0,2964821322,26458397196,63378040,565592720,23481,69,48298,1153946773,386393689,3464134149,13.8,0.22,0,21.2
2022,2022-05-22,여름_자켓,01_시즌,여름,46958,2155,252144230,249000,27080,103458.0,115396.0,120130.0,1271622640,11692542000,58357400,536595000,117004,53,14694,1992558592,392949949,3658696000,31.29,1.12,0,21.2
2022,2022-05-22,여름_점퍼,01_시즌,여름,31329,507,30270881,249000,22965,57864.0,78898.0,89380.0,719470485,7800921000,11643255,126243000,59706,76,10928,1197610344,251031597,2721072000,34.88,1.16,0,21.2
2022,2022-05-22,여름_캐주얼셔츠,01_시즌,여름,241831,5049,157206442,86567,7473,34020.0,34721.0,32535.0,1807203063,20934584177,37731177,437076783,31136,64,39136,1322466118,295863280,3384935986,16.18,0.5,0,21.2
2022,2022-05-22,여름_팬츠,01_시즌,여름,199033,4165,161374545,84900,8228,29808.0,32822.0,30018.0,1637643524,16897901700,34269620,353608500,38745,54,23879,985972842,196187357,2027327100,12.0,0.43,0,21.2
2022,2022-05-29,봄_가디건,01_시즌,봄,13995,56,2735705,179900,15017,65407.0,59081.0,79896.0,210162915,2517700500,840952,10074400,48852,73,7869,536086220,117908139,1415633100,56.23,1.76,0,22.6
2022,2022-05-29,봄_가성비 수트셋업,01_시즌,봄,26010,249,35217090,184000,32228,143462.0,138127.0,139834.0,838250280,4785840000,8024772,45816000,141434,23,18565,2580274910,598411544,3415960000,71.38,2.08,0,22.6
2022,2022-05-29,봄_맨투맨셋업,01_시즌,봄,91821,342,8197652,89900,10140,26846.0,28410.0,40242.0,931064940,8254707900,3467880,30745800,23970,73,26282,865487247,266516947,2362751800,28.62,0.56,0,22.6
2022,2022-05-29,봄_셋업셔츠,01_시즌,봄,9665,42,1151782,69900,7808,27793.0,27864.0,34192.0,75464320,675583500,327936,2935800,27423,61,4210,148400387,32871680,294279000,43.56,1.35,0,22.6
2022,2022-05-29,봄_스웨터,01_시즌,봄,74312,177,2930602,98233,10278,29986.0,29043.0,45436.0,763778736,7299890696,1819206,17387241,16557,83,31777,1306544542,325920357,3121324298,42.76,1.13,0,22.6
2022,2022-05-29,봄_아우터,01_시즌,봄,23821,276,9909659,516778,78750,236555.0,246580.0,281029.0,1875903750,12310168738,21735000,142630728,35905,93,11886,1616347248,935233851,6133613830,49.9,0.28,0,22.6
2022,2022-05-29,봄_캐주얼셔츠,01_시즌,봄,3710,2,41600,129900,13854,20800.0,39736.0,65982.0,51398340,481929000,27708,259800,20800,84,2107,133312634,29190378,273699300,56.79,1.79,0,22.6
2022,2022-05-29,사계절_가성비 수트셋업,01_시즌,사계절,55441,1571,161869964,184000,27583,98104.0,110623.0,122392.0,1529229103,10201144000,43332893,289064000,103036,44,30101,3372473612,811758759,5538584000,54.29,1.47,0,22.6
2022,2022-05-29,사계절_니트셋업,01_시즌,사계절,51674,414,8236342,59900,6188,24670.0,26288.0,24065.0,319758712,3095272600,2561832,24798600,19895,67,7634,234715670,45905763,506264100,14.77,0.52,0,22.6
2022,2022-05-29,사계절_데님셋업,01_시즌,사계절,17015,269,12269295,99900,12566,44240.0,41751.0,49011.0,213810490,1699798500,3380254,26873100,45611,54,6962,320370005,87484492,695503800,40.92,0.95,0,22.6
2022,2022-05-29,사계절_셋업,01_시즌,사계절,52109,392,21740052,169450,20038,87760.0,85800.0,91106.0,1044160142,8829870050,7854896,66424400,55459,67,26666,1459162423,529592700,4482944100,51.17,0.76,0,22.6
2022,2022-05-29,사계절_셋업셔츠,01_시즌,사계절,81471,951,24195128,69900,7348,22604.0,28629.0,29098.0,598648908,5694822900,6987948,66474900,25442,64,39033,1286981979,286814484,2728406700,47.91,1.48,0,22.6
2022,2022-05-29,여름_가성비 수트셋업,01_시즌,여름,51382,1183,168066704,194834,34814,144114.0,140007.0,146442.0,1788812948,10010960588,41184962,230488622,142068,27,32409,4550661088,1104082243,6291628232,63.07,1.7,0,22.6
2022,2022-05-29,여름_고가 수트셋업,01_시즌,여름,26511,1261,206393323,249000,37996,166780.0,160202.0,168758.0,1007311956,6601239000,47912956,313989000,163674,34,13101,2076244058,498619102,3262149000,49.42,1.38,0,22.6
2022,2022-05-29,여름_디자인팬츠,01_시즌,여름,49379,1962,126173700,134112,14756,61948.0,59408.0,59743.0,728636524,6622316448,28951272,263127744,64309,52,15093,1028155359,217743205,2015666962,30.57,0.98,0,22.6
2022,2022-05-29,여름_반바지,01_시즌,여름,45666,864,23259200,79900,8726,26990.0,33236.0,26288.0,398481516,3648713400,7539264,69033600,26920,66,2834,84995822,24729484,226436600,6.21,0.13,0,22.6
2022,2022-05-29,여름_반팔스웨터,01_시즌,여름,127508,4411,139707941,94900,9946,38128.0,38366.0,37774.0,1268194568,12100509200,43871806,418603900,31673,67,30744,1125400614,304364306,2922906660,24.11,0.57,0,22.6
2022,2022-05-29,여름_반팔티셔츠,01_시즌,여름,350018,8562,153279892,75614,8473,25542.0,30115.0,23918.0,2965702514,26466261052,72545826,647407068,17902,76,56860,1307226665,458939515,4111541217,16.24,0.25,0,22.6
2022,2022-05-29,여름_자켓,01_시즌,여름,46958,1936,232985505,249000,27080,106458.0,115396.0,120130.0,1271622640,11692542000,52426880,482064000,120344,52,16630,2225544097,445376829,4140760000,35.41,1.24,0,22.6
2022,2022-05-29,여름_점퍼,01_시즌,여름,31329,462,27678080,249000,22965,57098.0,78898.0,89380.0,719470485,7800921000,10609830,115038000,59909,76,11390,1225288424,261641427,2836110000,36.36,1.18,0,22.6
2022,2022-05-29,여름_캐주얼셔츠,01_시즌,여름,241831,4636,145613844,86567,7473,33876.0,34721.0,32535.0,1807203063,20934584177,34644828,401324612,31409,64,43772,1468079962,330508108,3786260598,18.1,0.56,0,22.6
2022,2022-05-29,여름_팬츠,01_시즌,여름,199033,4067,163193480,84900,8228,30488.0,32822.0,30018.0,1637643524,16897901700,33463276,345288300,40126,53,27946,1149166322,229650633,2372615400,14.04,0.5,0,22.6
2022,2022-06-05,사계절_가성비 수트셋업,01_시즌,사계절,61961,1677,184966612,184000,27468,112959.0,113598.0,122392.0,1701944748,11400824000,46063836,308568000,110296,40,31778,3557440224,857822595,5847152000,51.29,1.4,0,21.5
2022,2022-06-05,사계절_니트셋업,01_시즌,사계절,51674,593,9727817,59900,6188,30320.0,21602.0,24065.0,319758712,3095272600,3669484,35520700,16404,73,8227,244443487,49575247,541784800,15.92,0.54,0,21.5
2022,2022-06-05,사계절_데님셋업,01_시즌,사계절,17015,326,13644763,99900,12566,44835.0,43951.0,49011.0,213810490,1699798500,4096516,32567400,41855,58,7288,334014768,91581008,728071200,42.83,0.99,0,21.5
2022,2022-06-05,사계절_셋업,01_시즌,사계절,52109,554,27430350,169450,20038,95199.0,88584.0,91106.0,1044160142,8829870050,11101052,93875300,49513,71,27220,1486592773,540693752,4576819400,52.24,0.78,0,21.5
2022,2022-06-05,사계절_셋업셔츠,01_시즌,사계절,84231,1036,26952155,69900,7104,23358.0,25528.0,29098.0,598377024,5887746900,7359744,72416400,26016,63,40069,1313934134,294174228,2800823100,47.57,1.5,0,21.5
2022,2022-06-05,여름_가성비 수트셋업,01_시즌,여름,51382,1206,170463974,194834,35047,145110.0,146469.0,146442.0,1800784954,10010960588,42266682,234969804,141347,27,33615,4721125062,1146348925,6526598036,65.42,1.75,0,21.5
2022,2022-06-05,여름_고가 수트셋업,01_시즌,여름,26511,1312,216658324,249000,37996,168343.0,166788.0,168758.0,1007311956,6601239000,49850752,326688000,165136,34,14413,2292902382,548469854,3588837000,54.37,1.52,0,21.5
2022,2022-06-05,여름_디자인팬츠,01_시즌,여름,49379,1937,130976070,134112,14756,63648.0,61073.0,59743.0,728636524,6622316448,28582372,259774944,67618,50,17030,1159131429,246325577,2275441906,34.49,1.11,0,21.5
2022,2022-06-05,여름_반바지,01_시즌,여름,45666,551,14661620,79900,8726,27071.0,25016.0,26288.0,398481516,3648713400,4808026,44024900,26609,67,3385,99657442,29537510,270461500,7.41,0.15,0,21.5
2022,2022-06-05,여름_반팔스웨터,01_시즌,여름,128135,6023,211582425,94900,10020,41263.0,36570.0,37774.0,1283912700,12160011500,60350460,571582700,35129,63,36767,1336983039,364714766,3494489360,28.69,0.66,0,21.5
2022,2022-06-05,여름_반팔티셔츠,01_시즌,여름,382782,10926,189000658,75614,8473,27498.0,25057.0,23918.0,3243311886,28943678148,92575998,826158564,17298,77,67786,1496227323,551515513,4937699781,17.71,0.25,0,21.5
2022,2022-06-05,여름_자켓,01_시즌,여름,46958,2206,261273020,249000,27080,104418.0,104236.0,120130.0,1271622640,11692542000,59738480,549294000,118437,52,18836,2486817117,505115309,4690054000,40.11,1.38,0,21.5
2022,2022-06-05,여름_점퍼,01_시즌,여름,31329,527,29495453,249000,22965,50820.0,56569.0,89380.0,719470485,7800921000,12102555,131223000,55969,78,11917,1254783877,273743982,2967333000,38.04,1.21,0,21.5
2022,2022-06-05,여름_캐주얼셔츠,01_시즌,여름,241831,5662,179654112,86567,7473,34193.0,34395.0,32535.0,1807203063,20934584177,42312126,490142354,31730,63,49434,1647734074,372820234,4276402952,20.44,0.62,0,21.5
2022,2022-06-05,여름_팬츠,01_시즌,여름,199033,5109,197014496,84900,8228,32087.0,30310.0,30018.0,1637643524,16897901700,42036852,433754100,38562,55,33055,1346180818,271687485,2806369500,16.61,0.58,0,21.5
2022,2022-06-12,사계절_가성비 수트셋업,01_시즌,사계절,61961,1980,221128668,184000,27468,111652.0,113598.0,122392.0,1701944748,11400824000,54386640,364320000,111681,39,33758,3778568892,912209235,6211472000,54.48,1.48,1,21.9
2022,2022-06-12,사계절_니트셋업,01_시즌,사계절,51674,683,11136479,59900,6188,18893.0,21602.0,24065.0,319758712,3095272600,4226404,40911700,16305,73,8910,255579966,53801651,582696500,17.24,0.56,1,21.9
2022,2022-06-12,사계절_데님셋업,01_시즌,사계절,17015,269,11744350,99900,12566,41484.0,43951.0,49011.0,213810490,1699798500,3380254,26873100,43659,56,7557,345759118,94961262,754944300,44.41,1.03,1,21.9
2022,2022-06-12,사계절_셋업,01_시즌,사계절,52109,362,19813595,169450,20038,88230.0,88584.0,91106.0,1044160142,8829870050,7253756,61340900,54734,68,27582,1506406368,547947508,4638160300,52.93,0.79,1,21.9
2022,2022-06-12,사계절_셋업셔츠,01_시즌,사계절,84231,813,21681000,69900,7104,22773.0,25528.0,29098.0,598377024,5887746900,5775552,56828700,26668,62,40882,1335615134,299949780,2857651800,48.54,1.53,1,21.9
2022,2022-06-12,여름_가성비 수트셋업,01_시즌,여름,51382,1137,162909466,194834,35047,149529.0,146469.0,146442.0,1800784954,10010960588,39848439,221526258,143280,26,34752,4884034528,1186197364,6748124294,67.63,1.81,1,21.9
2022,2022-06-12,여름_고가 수트셋업,01_시즌,여름,26511,1109,184011757,249000,37996,168240.0,166788.0,168758.0,1007311956,6601239000,42137564,276141000,165926,33,15522,2476914139,590607418,3864978000,58.55,1.65,1,21.9
2022,2022-06-12,여름_디자인팬츠,01_시즌,여름,49379,1989,125858963,134112,14756,64658.0,61073.0,59743.0,728636524,6622316448,29349684,266748768,63278,53,19019,1284990392,275675261,2542190674,38.52,1.22,1,21.9
2022,2022-06-12,여름_반바지,01_시즌,여름,45666,1199,29692537,79900,8726,26088.0,25016.0,26288.0,398481516,3648713400,10462474,95800100,24764,69,4584,129349979,39999984,366261600,10.04,0.19,1,21.9
2022,2022-06-12,여름_반팔스웨터,01_시즌,여름,128135,5998,206575662,94900,10020,36518.0,36570.0,37774.0,1283912700,12160011500,60099960,569210200,34441,64,42765,1543558701,424814726,4063699560,33.37,0.76,1,21.9
2022,2022-06-12,여름_반팔티셔츠,01_시즌,여름,382782,13951,228821965,75614,8473,22954.0,25057.0,23918.0,3243311886,28943678148,118206823,1054890914,16402,78,81737,1725049288,669722336,5992590695,21.35,0.28,1,21.9
2022,2022-06-12,여름_자켓,01_시즌,여름,46958,1954,232017367,249000,27080,104024.0,104236.0,120130.0,1271622640,11692542000,52914320,486546000,118740,52,20790,2718834484,558029629,5176600000,44.27,1.5,1,21.9
2022,2022-06-12,여름_점퍼,01_시즌,여름,31329,575,34182950,249000,22965,59154.0,56569.0,89380.0,719470485,7800921000,13204875,143175000,59449,76,12492,1288966827,286948857,3110508000,39.87,1.23,1,21.9
2022,2022-06-12,여름_캐주얼셔츠,01_시즌,여름,241831,8505,225566148,86567,7473,32316.0,34395.0,32535.0,1807203063,20934584177,63557865,736252335,26522,69,57939,1873300222,436378099,5012655287,23.96,0.7,1,21.9
2022,2022-06-12,여름_팬츠,01_시즌,여름,201733,5951,229385435,84900,8543,30239.0,30310.0,30018.0,1723405019,17127131700,50839393,505239900,38546,55,39006,1575566253,322526878,3311609400,19.34,0.64,1,21.9
2022,2022-06-19,사계절_가성비 수트셋업,01_시즌,사계절,70040,2052,224326107,184000,27460,116882.0,113598.0,122392.0,1923298400,12887360000,56347920,377568000,109321,41,35810,4002894999,968557155,6589040000,51.13,1.39,1,24.8
2022,2022-06-19,사계절_니트셋업,01_시즌,사계절,51674,960,13579305,59900,6188,19585.0,21602.0,24065.0,319758712,3095272600,5940480,57504000,14145,76,9870,269159271,59742131,640200500,19.1,0.58,1,24.8
2022,2022-06-19,사계절_데님셋업,01_시즌,사계절,17015,322,14526300,99900,12566,45370.0,43951.0,49011.0,213810490,1699798500,4046252,32167800,45113,55,7879,360285418,99007514,787112100,46.31,1.07,1,24.8
2022,2022-06-19,사계절_셋업,01_시즌,사계절,52109,273,12649045,169450,20038,84741.0,88584.0,91106.0,1044160142,8829870050,5470374,46259850,46333,73,27855,1519055413,553417882,4684420150,53.46,0.79,1,24.8
2022,2022-06-19,사계절_셋업셔츠,01_시즌,사계절,101890,857,28404591,69900,7104,32130.0,25528.0,29098.0,723826560,7122111000,6088128,59904300,33144,53,41739,1364019725,306037908,2917556100,40.96,1.29,1,24.8
2022,2022-06-19,여름_가성비 수트셋업,01_시즌,여름,51382,965,133417374,194834,35047,143792.0,146469.0,146442.0,1800784954,10010960588,33820355,188014810,138256,29,35717,5017451902,1220017719,6936139104,69.51,1.86,1,24.8
2022,2022-06-19,여름_고가 수트셋업,01_시즌,여름,26511,916,145444733,249000,37996,162459.0,166788.0,168758.0,1007311956,6601239000,34804336,228084000,158782,36,16438,2622358872,625411754,4093062000,62.0,1.75,1,24.8
2022,2022-06-19,여름_디자인팬츠,01_시즌,여름,49379,1190,72084745,134112,14756,56066.0,61073.0,59743.0,728636524,6622316448,17559640,159593280,60575,55,20209,1357075137,293234901,2701783954,40.93,1.29,1,24.8
2022,2022-06-19,여름_반바지,01_시즌,여름,45666,1798,40475119,79900,8726,23943.0,25016.0,26288.0,398481516,3648713400,15689348,143660200,22511,72,6382,169825098,55689332,509921800,13.98,0.25,1,24.8
2022,2022-06-19,여름_반팔스웨터,01_시즌,여름,128135,4970,145427139,94900,10020,31381.0,36570.0,37774.0,1283912700,12160011500,49799400,471653000,29261,69,47735,1688985840,474614126,4535352560,37.25,0.83,1,24.8
2022,2022-06-19,여름_반팔티셔츠,01_시즌,여름,382782,11808,177245875,75614,8473,24292.0,25057.0,23918.0,3243311886,28943678148,100049184,892850112,15011,80,93545,1902295163,769771520,6885440807,24.44,0.3,1,24.8
2022,2022-06-19,여름_자켓,01_시즌,여름,46958,1839,212471477,249000,27080,98678.0,104236.0,120130.0,1271622640,11692542000,49800120,457911000,115536,54,22629,2931305961,607829749,5634511000,48.19,1.62,1,24.8
2022,2022-06-19,여름_점퍼,01_시즌,여름,31329,370,21332334,249000,22965,57412.0,56569.0,89380.0,719470485,7800921000,8497050,92130000,57655,77,12862,1310299161,295445907,3202638000,41.05,1.24,1,24.8
2022,2022-06-19,여름_캐주얼셔츠,01_시즌,여름,241831,6939,256037729,86567,7473,37549.0,34395.0,32535.0,1807203063,20934584177,51855147,600688413,36898,57,64878,2129337951,488233246,5613343700,26.83,0.8,1,24.8
2022,2022-06-19,여름_팬츠,01_시즌,여름,204052,5202,182713778,84900,8628,28793.0,30310.0,30018.0,1760560656,17324014800,44882856,441649800,35124,59,44208,1758280031,367409734,3753259200,21.67,0.7,1,24.8
2022,2022-06-26,사계절_가성비 수트셋업,01_시즌,사계절,74740,2784,307487027,184000,27460,112898.0,113598.0,122392.0,2052360400,13752160000,76448640,512256000,110448,40,38594,4310382026,1045005795,7101296000,51.64,1.4,1,26.1
2022,2022-06-26,사계절_니트셋업,01_시즌,사계절,66090,1158,16145904,59900,6188,17612.0,21602.0,24065.0,408964920,3958791000,7165704,69364200,13943,77,11028,285305175,66907835,709564700,16.69,0.47,1,26.1
2022,2022-06-26,사계절_데님셋업,01_시즌,사계절,17015,185,8345050,99900,12566,44114.0,43951.0,49011.0,213810490,1699798500,2324710,18481500,45108,55,8064,368630468,101332224,805593600,47.39,1.09,1,26.1
2022,2022-06-26,사계절_셋업,01_시즌,사계절,72968,245,13263685,169450,20344,86166.0,88584.0,91106.0,1484460992,12364427600,4984280,41515250,54137,68,28100,1532319098,558402162,4725935400,38.51,0.56,1,26.1
2022,2022-06-26,사계절_셋업셔츠,01_시즌,사계절,101890,1288,32596884,69900,7104,22868.0,25528.0,29098.0,723826560,7122111000,9149952,90031200,25308,64,43027,1396616609,315187860,3007587300,42.23,1.32,1,26.1
2022,2022-06-26,여름_가성비 수트셋업,01_시즌,여름,51382,643,90210357,194834,35047,147446.0,146469.0,146442.0,1800784954,10010960588,22535221,125278262,140296,28,36360,5107662259,1242552940,7061417366,70.76,1.89,1,26.1
2022,2022-06-26,여름_고가 수트셋업,01_시즌,여름,26511,743,127822581,249000,37996,168108.0,166788.0,168758.0,1007311956,6601239000,28231028,185007000,172036,31,17181,2750181453,653642782,4278069000,64.81,1.83,1,26.1
2022,2022-06-26,여름_디자인팬츠,01_시즌,여름,49379,1364,84174347,134112,14756,59921.0,61073.0,59743.0,728636524,6622316448,20127184,182928768,61711,54,21573,1441249484,313362085,2884712722,43.69,1.37,1,26.1
2022,2022-06-26,여름_반바지,01_시즌,여름,45666,2122,48313950,79900,8726,22964.0,25016.0,26288.0,398481516,3648713400,18516572,169547800,22768,72,8504,218139048,74205904,679469600,18.62,0.31,1,26.1
2022,2022-06-26,여름_반팔스웨터,01_시즌,여름,128135,6641,187116910,94900,10020,37117.0,36570.0,37774.0,1283912700,12160011500,66542820,630230900,28176,70,54376,1876102750,541156946,5165583460,42.44,0.91,1,26.1
2022,2022-06-26,여름_반팔티셔츠,01_시즌,여름,429729,13883,220460552,75614,8473,25482.0,25057.0,23918.0,3641093817,32493528606,117630659,1049749162,15880,79,107428,2122755715,887402179,7935189969,25.0,0.29,1,26.1
2022,2022-06-26,여름_자켓,01_시즌,여름,46958,1420,182167227,249000,27080,109828.0,104236.0,120130.0,1271622640,11692542000,38453600,353580000,128287,48,24049,3113473188,646283349,5988091000,51.21,1.72,1,26.1
2022,2022-06-26,여름_점퍼,01_시즌,여름,31329,251,14874991,249000,22965,58891.0,56569.0,89380.0,719470485,7800921000,5764215,62499000,59263,76,13113,1325174152,301210122,3265137000,41.86,1.26,1,26.1
2022,2022-06-26,여름_캐주얼셔츠,01_시즌,여름,241831,5387,169659971,86567,7473,33524.0,34395.0,32535.0,1807203063,20934584177,40257051,466336429,31494,64,70265,2298997922,528490297,6079680129,29.06,0.86,1,26.1
2022,2022-06-26,여름_팬츠,01_시즌,여름,204052,5217,194015042,84900,8628,30257.0,30310.0,30018.0,1760560656,17324014800,45012276,442923300,37189,56,49425,1952295073,412422010,4196182500,24.22,0.77,1,26.1
2022,2022-07-03,사계절_가성비 수트셋업,01_시즌,사계절,81791,2614,291295074,184000,29326,120743.0,124770.0,124215.0,2398602866,15049544000,76658164,480976000,111437,39,41208,4601677100,1121663959,7582272000,50.38,1.28,1,28.3
2022,2022-07-03,사계절_니트셋업,01_시즌,사계절,66090,667,11879151,59900,6188,18707.0,18082.0,24065.0,408964920,3958791000,4127396,39953300,17810,70,11695,297184326,71035231,749518000,17.7,0.49,1,28.3
2022,2022-07-03,사계절_데님셋업,01_시즌,사계절,17015,195,9212086,99900,12566,49821.0,47249.0,49011.0,213810490,1699798500,2450370,19480500,47241,53,8259,377842554,103782594,825074100,48.54,1.12,1,28.3
2022,2022-07-03,사계절_셋업,01_시즌,사계절,72968,448,25282739,169450,20344,93629.0,94002.0,91106.0,1484460992,12364427600,9114112,75913600,56435,67,28548,1557601837,567516274,4801849000,39.12,0.57,1,28.3
2022,2022-07-03,사계절_셋업셔츠,01_시즌,사계절,101890,934,26994114,69900,7104,24763.0,27467.0,29098.0,723826560,7122111000,6635136,65286600,28902,59,43961,1423610723,321822996,3072873900,43.15,1.34,1,28.3
2022,2022-07-03,여름_가성비 수트셋업,01_시즌,여름,51382,728,100794923,194834,34048,146813.0,148134.0,146442.0,1749454336,10010960588,24786944,141839152,138455,29,37088,5208457182,1267339884,7203256518,72.18,1.98,1,28.3
2022,2022-07-03,여름_고가 수트셋업,01_시즌,여름,26511,620,96054272,249000,37996,161381.0,171980.0,168758.0,1007311956,6601239000,23557520,154380000,154926,38,17801,2846235725,677200302,4432449000,67.15,1.9,1,28.3
2022,2022-07-03,여름_디자인팬츠,01_시즌,여름,49379,1420,83700063,134112,14529,59634.0,49458.0,59743.0,717427491,6622316448,20631180,190439040,58944,56,22993,1524949547,333993265,3075151762,46.56,1.47,1,28.3
2022,2022-07-03,여름_반바지,01_시즌,여름,45666,1683,51117302,79900,8726,30874.0,25919.0,26288.0,398481516,3648713400,14685858,134471700,30373,62,10187,269256350,88891762,813941300,22.31,0.39,1,28.3
2022,2022-07-03,여름_반팔스웨터,01_시즌,여름,128135,3306,108605944,94900,10020,39670.0,34369.0,37774.0,1283912700,12160011500,33126120,313739400,32851,65,57682,1984708694,574283066,5479322860,45.02,0.96,1,28.3
2022,2022-07-03,여름_반팔티셔츠,01_시즌,여름,429729,10529,162323027,75614,8473,22662.0,22224.0,23918.0,3641093817,32493528606,89212217,796139806,15417,80,117957,2285078742,976614396,8731329775,27.45,0.3,1,28.3
2022,2022-07-03,여름_자켓,01_시즌,여름,46958,1182,145094232,249000,26616,107394.0,94586.0,120130.0,1249834128,11692542000,31460112,294318000,122753,51,25231,3258567420,677743461,6282409000,53.73,1.83,1,28.3
2022,2022-07-03,여름_점퍼,01_시즌,여름,31329,159,9901191,249000,22965,55528.0,78434.0,89380.0,719470485,7800921000,3651435,39591000,62272,75,13272,1335075343,304861557,3304728000,42.36,1.26,1,28.3
2022,2022-07-03,여름_캐주얼셔츠,01_시즌,여름,241831,5882,170500107,86567,7473,31960.0,28558.0,32535.0,1807203063,20934584177,43956186,509187094,28987,67,76147,2469498029,572446483,6588867223,31.49,0.93,1,28.3
2022,2022-07-03,여름_팬츠,01_시즌,여름,204052,5744,183298131,84900,8628,27156.0,26138.0,30018.0,1760560656,17324014800,49559232,487665600,31911,62,55169,2135593204,461981242,4683848100,27.04,0.84,1,28.3
2022,2022-07-10,가을_캐주얼셔츠,01_시즌,가을,6654,0,0,89900,7315,,66563.0,43894.0,48674010,598194600,0,0,66563,26,0,0,0,0,0.0,0.0,2,26.4
2022,2022-07-10,사계절_가성비 수트셋업,01_시즌,사계절,81791,2257,276496683,184000,29326,146521.0,124770.0,124215.0,2398602866,15049544000,66188782,415288000,122506,33,43465,4878173783,1187852741,7997560000,53.14,1.35,2,26.4
2022,2022-07-10,사계절_니트셋업,01_시즌,사계절,66090,905,12256760,59900,6188,17856.0,18082.0,24065.0,408964920,3958791000,5600140,54209500,13543,77,12600,309441086,76635371,803727500,19.06,0.5,2,26.4
2022,2022-07-10,사계절_데님셋업,01_시즌,사계절,17015,227,9410445,99900,12566,38118.0,47249.0,49011.0,213810490,1699798500,2852482,22677300,41456,59,8486,387252999,106635076,847751400,49.87,1.15,2,26.4
2022,2022-07-10,사계절_셋업,01_시즌,사계절,87696,455,23091200,169450,20672,89724.0,94002.0,91106.0,1812851712,14860087200,9405760,77099750,50750,70,29003,1580693037,576922034,4878948750,33.07,0.47,2,26.4
2022,2022-07-10,사계절_셋업셔츠,01_시즌,사계절,101890,568,13969722,69900,7104,27227.0,27467.0,29098.0,723826560,7122111000,4035072,39703200,24595,65,44529,1437580445,325858068,3112577100,43.7,1.36,2,26.4
2022,2022-07-10,여름_가성비 수트셋업,01_시즌,여름,51382,577,79713396,194834,34048,146526.0,148134.0,146442.0,1749454336,10010960588,19645696,112419218,138151,29,37665,5288170578,1286985580,7315675736,73.3,2.01,2,26.4
2022,2022-07-10,여름_고가 수트셋업,01_시즌,여름,26511,541,86690171,249000,37996,168688.0,171980.0,168758.0,1007311956,6601239000,20555836,134709000,160241,36,18342,2932925896,697756138,4567158000,69.19,1.95,2,26.4
2022,2022-07-10,여름_디자인팬츠,01_시즌,여름,49379,1181,61310045,134112,14529,54584.0,49458.0,59743.0,717427491,6622316448,17158749,158386272,51914,61,24174,1586259592,351152014,3233538034,48.96,1.52,2,26.4
2022,2022-07-10,여름_반바지,01_시즌,여름,45666,2241,57304745,79900,8726,26844.0,25919.0,26288.0,398481516,3648713400,19554966,179055900,25571,68,12428,326561095,108446728,992997200,27.21,0.47,2,26.4
2022,2022-07-10,여름_반팔스웨터,01_시즌,여름,128135,6839,183672634,94900,10020,34588.0,34369.0,37774.0,1283912700,12160011500,68526780,649021100,26857,72,64521,2168381328,642809846,6128343960,50.35,1.03,2,26.4
2022,2022-07-10,여름_반팔티셔츠,01_시즌,여름,429729,23470,431217792,75614,8473,22928.0,22224.0,23918.0,3641093817,32493528606,198861310,1774660580,18373,76,141427,2716296534,1175475706,10505990355,32.91,0.36,2,26.4
2022,2022-07-10,여름_자켓,01_시즌,여름,46958,1265,131008522,249000,26616,102910.0,94586.0,120130.0,1249834128,11692542000,33669240,314985000,103564,58,26496,3389575942,711412701,6597394000,56.42,1.9,2,26.4
2022,2022-07-10,여름_점퍼,01_시즌,여름,31329,202,11707880,249000,22965,57143.0,78434.0,89380.0,719470485,7800921000,4638930,50298000,57960,77,13474,1346783223,309500487,3355026000,43.01,1.27,2,26.4
2022,2022-07-10,여름_캐주얼셔츠,01_시즌,여름,241831,6803,177372309,86567,7473,28422.0,28558.0,32535.0,1807203063,20934584177,50838819,588915301,26073,70,82950,2646870338,623285302,7177782524,34.3,0.99,2,26.4
2022,2022-07-10,여름_팬츠,01_시즌,여름,215591,6896,205041776,84900,8628,26584.0,26138.0,30018.0,1860119148,18303675900,59498688,585470400,29733,65,62065,2340634980,521479930,5269318500,28.79,0.86,2,26.4
2022,2022-07-17,가을_캐주얼셔츠,01_시즌,가을,17454,0,0,89900,7880,,66563.0,43894.0,137537520,1569114600,0,0,66563,26,0,0,0,0,0.0,0.0,0,25.7
2022,2022-07-17,사계절_가성비 수트셋업,01_시즌,사계절,85511,2341,250246818,184000,29326,113129.0,124770.0,124215.0,2507695586,15734024000,68652166,430744000,106897,42,45806,5128420601,1256504907,8428304000,53.57,1.36,0,25.7
2022,2022-07-17,사계절_니트셋업,01_시즌,사계절,77590,1017,14319257,64066,6372,16834.0,18082.0,24065.0,494403480,4970880940,6480324,65155122,14080,78,13617,323760343,83115695,868882622,17.55,0.43,0,25.7
2022,2022-07-17,사계절_데님셋업,01_시즌,사계절,17015,173,7471220,99900,12566,46035.0,47249.0,49011.0,213810490,1699798500,2173918,17282700,43186,57,8659,394724219,108808994,865034100,50.89,1.17,0,25.7
2022,2022-07-17,사계절_셋업,01_시즌,사계절,87696,411,22460827,169450,20672,97108.0,94002.0,91106.0,1812851712,14860087200,8496192,69643950,54649,68,29414,1603153864,585418226,4948592700,33.54,0.48,0,25.7
2022,2022-07-17,사계절_셋업셔츠,01_시즌,사계절,101890,686,19343755,69900,7104,24651.0,27467.0,29098.0,723826560,7122111000,4873344,47951400,28198,60,45215,1456924200,330731412,3160528500,44.38,1.37,0,25.7
2022,2022-07-17,여름_가성비 수트셋업,01_시즌,여름,51382,428,62078269,194834,34048,159989.0,148134.0,146442.0,1749454336,10010960588,14572544,83388952,145043,26,38093,5350248847,1301558124,7399064688,74.14,2.04,0,25.7
2022,2022-07-17,여름_고가 수트셋업,01_시즌,여름,26511,406,67744424,249000,37996,171956.0,171980.0,168758.0,1007311956,6601239000,15426376,101094000,166858,33,18748,3000670320,713182514,4668252000,70.72,2.0,0,25.7
2022,2022-07-17,여름_디자인팬츠,01_시즌,여름,49379,784,34576550,134112,14529,46514.0,49458.0,59743.0,717427491,6622316448,11390736,105143808,44103,67,24958,1620836142,362542750,3338681842,50.54,1.55,0,25.7
2022,2022-07-17,여름_반바지,01_시즌,여름,45666,3146,79708911,79900,8726,26542.0,25919.0,26288.0,398481516,3648713400,27451996,251365400,25337,68,15574,406270006,135898724,1244362600,34.1,0.59,0,25.7
2022,2022-07-17,여름_반팔스웨터,01_시즌,여름,128135,4790,123475066,94900,10020,35617.0,34369.0,37774.0,1283912700,12160011500,47995800,454571000,25778,73,69311,2291856394,690805646,6582914960,54.09,1.08,0,25.7
2022,2022-07-17,여름_반팔티셔츠,01_시즌,여름,431699,21049,330997917,75614,8473,23122.0,22224.0,23918.0,3657785627,32642488186,178348177,1591599086,15725,79,162476,3047294451,1353823883,12097589441,37.64,0.39,0,25.7
2022,2022-07-17,여름_자켓,01_시즌,여름,46958,512,53991292,249000,26616,69986.0,94586.0,120130.0,1249834128,11692542000,13627392,127488000,105452,58,27008,3443567234,725040093,6724882000,57.52,1.92,0,25.7
2022,2022-07-17,여름_점퍼,01_시즌,여름,31329,172,10785000,249000,22965,116220.0,78434.0,89380.0,719470485,7800921000,3949980,42828000,62703,75,13646,1357568223,313450467,3397854000,43.56,1.28,0,25.7
2022,2022-07-17,여름_캐주얼셔츠,01_시즌,여름,241831,5814,153257508,86567,7473,29714.0,28558.0,32535.0,1807203063,20934584177,43448022,503300538,26360,70,88764,2800127846,666733324,7681083062,36.7,1.04,0,25.7
2022,2022-07-17,여름_팬츠,01_시즌,여름,215591,6995,213913921,84900,8628,28337.0,26138.0,30018.0,1860119148,18303675900,60352860,593875500,30581,64,69060,2554548901,581832790,5863194000,32.03,0.94,0,25.7
2022,2022-07-24,가을_가성비 수트셋업,01_시즌,가을,5065,195,30978760,199000,30902,158131.0,157792.0,151962.0,156518630,1007935000,6025890,38805000,158865,20,195,30978760,6025890,38805000,3.85,0.14,0,28.9
2022,2022-07-24,가을_캐주얼셔츠,01_시즌,가을,17454,0,0,89900,7880,,66563.0,43894.0,137537520,1569114600,0,0,66563,26,0,0,0,0,0.0,0.0,0,28.9
2022,2022-07-24,사계절_가성비 수트셋업,01_시즌,사계절,85511,1990,241202146,184000,29326,129745.0,124770.0,124215.0,2507695586,15734024000,58358740,366160000,121207,34,47796,5369622747,1314863647,8794464000,55.89,1.42,0,28.9
2022,2022-07-24,사계절_니트셋업,01_시즌,사계절,82577,1132,15034487,64066,6372,16817.0,18082.0,24065.0,526180644,5290378082,7213104,72522712,13281,79,14749,338794830,90328799,941405334,17.86,0.41,0,28.9
2022,2022-07-24,사계절_데님셋업,01_시즌,사계절,17015,143,6933653,99900,12566,49824.0,47249.0,49011.0,213810490,1699798500,1796938,14285700,48487,51,8802,401657872,110605932,879319800,51.73,1.19,0,28.9
2022,2022-07-24,사계절_셋업,01_시즌,사계절,87696,535,31444350,169450,20672,95992.0,94002.0,91106.0,1812851712,14860087200,11059520,90655750,58774,65,29949,1634598214,596477746,5039248450,34.15,0.49,0,28.9
2022,2022-07-24,사계절_셋업셔츠,01_시즌,사계절,101890,549,15824545,69900,7104,26753.0,27467.0,29098.0,723826560,7122111000,3900096,38375100,28824,59,45764,1472748745,334631508,3198903600,44.92,1.39,0,28.9
2022,2022-07-24,여름_가성비 수트셋업,01_시즌,여름,51382,370,54054654,194834,34048,142448.0,148134.0,146442.0,1749454336,10010960588,12597760,72088580,146094,25,38463,5404303501,1314155884,7471153268,74.86,2.06,0,28.9
2022,2022-07-24,여름_고가 수트셋업,01_시즌,여름,26511,286,49169231,249000,37996,177654.0,171980.0,168758.0,1007311956,6601239000,10866856,71214000,171920,31,19034,3049839551,724049370,4739466000,71.8,2.03,0,28.9
2022,2022-07-24,여름_디자인팬츠,01_시즌,여름,49379,767,31585832,134112,14529,41338.0,49458.0,59743.0,717427491,6622316448,11143743,102863904,41181,69,25725,1652421974,373686493,3441545746,52.1,1.57,0,28.9
2022,2022-07-24,여름_반바지,01_시즌,여름,45666,2588,49121563,79900,8726,19918.0,25919.0,26288.0,398481516,3648713400,22582888,206781200,18981,76,18162,455391569,158481612,1451143800,39.77,0.64,0,28.9
2022,2022-07-24,여름_반팔스웨터,01_시즌,여름,128135,3925,92914813,94900,10020,28066.0,34369.0,37774.0,1283912700,12160011500,39328500,372482500,23673,75,73236,2384771207,730134146,6955397460,57.16,1.12,0,28.9
2022,2022-07-24,여름_반팔티셔츠,01_시즌,여름,431699,8751,115547169,75614,8473,19336.0,22224.0,23918.0,3657785627,32642488186,74147223,661698114,13204,83,171227,3162841620,1427971106,12759287555,39.66,0.4,0,28.9
2022,2022-07-24,여름_자켓,01_시즌,여름,46958,541,52935811,249000,26616,94890.0,94586.0,120130.0,1249834128,11692542000,14399256,134709000,97848,61,27549,3496503045,739439349,6859591000,58.67,1.95,0,28.9
2022,2022-07-24,여름_점퍼,01_시즌,여름,31329,206,10728897,249000,22965,49908.0,78434.0,89380.0,719470485,7800921000,4730790,51294000,52082,79,13852,1368297120,318181257,3449148000,44.21,1.29,0,28.9
2022,2022-07-24,여름_캐주얼셔츠,01_시즌,여름,241831,5743,143212910,86567,7473,26020.0,28558.0,32535.0,1807203063,20934584177,42917439,497154281,24937,71,94507,2943340756,709650763,8178237343,39.08,1.09,0,28.9
2022,2022-07-24,여름_팬츠,01_시즌,여름,215591,6148,155453259,84900,8628,24746.0,26138.0,30018.0,1860119148,18303675900,53044944,521965200,25285,70,75208,2710002160,634877734,6385159200,34.88,0.98,0,28.9
2022,2022-07-31,가을_가성비 수트셋업,01_시즌,가을,10869,464,69358680,199000,30902,157452.0,157792.0,151962.0,335873838,2162931000,14338528,92336000,149480,25,659,100337440,20364418,131141000,6.06,0.21,2,28.1
2022,2022-07-31,가을_아우터,01_시즌,가을,2700,0,0,259000,31922,,,118186.0,86189400,699300000,0,0,118186,54,0,0,0,0,0.0,0.0,2,28.1
2022,2022-07-31,가을_이너,01_시즌,가을,9811,0,0,89900,12881,,,40876.0,126375491,882008900,0,0,40876,55,0,0,0,0,0.0,0.0,2,28.1
2022,2022-07-31,가을_캐주얼셔츠,01_시즌,가을,17454,19,1264700,89900,7880,66563.0,66563.0,43894.0,137537520,1569114600,149720,1708100,66563,26,19,1264700,149720,1708100,0.11,0.01,2,28.1
2022,2022-07-31,가을_팬츠,01_시즌,가을,5416,0,0,89900,10670,,,48288.0,57788720,486898400,0,0,48288,46,0,0,0,0,0.0,0.0,2,28.1
2022,2022-07-31,겨울_아우터셔츠,01_시즌,겨울,4974,0,0,99900,8220,,,52481.0,40886280,496902600,0,0,52481,47,0,0,0,0,0.0,0.0,2,28.1
2022,2022-07-31,사계절_가성비 수트셋업,01_시즌,사계절,85511,761,91464317,184000,29326,110550.0,124770.0,124215.0,2507695586,15734024000,22317086,140024000,120190,35,48557,5461087064,1337180733,8934488000,56.78,1.45,2,28.1
2022,2022-07-31,사계절_니트셋업,01_시즌,사계절,82577,295,5504645,64066,6372,19154.0,18082.0,24065.0,526180644,5290378082,1879740,18899470,18660,71,15044,344299475,92208539,960304804,18.22,0.42,2,28.1
2022,2022-07-31,사계절_데님셋업,01_시즌,사계절,27469,41,2064720,99900,12950,53487.0,47249.0,49011.0,355723550,2744153100,530950,4095900,50359,50,8843,403722592,111136882,883415700,32.19,0.72,2,28.1
2022,2022-07-31,사계절_셋업,01_시즌,사계절,87696,23,-270806,169450,20672,48880.0,94002.0,91106.0,1812851712,14860087200,475456,3897350,48880,71,29972,1634327408,596953202,5043145800,34.18,0.49,2,28.1
2022,2022-07-31,사계절_셋업셔츠,01_시즌,사계절,101890,144,4949516,69900,7104,33940.0,27467.0,29098.0,723826560,7122111000,1022976,10065600,34372,51,45908,1477698261,335654484,3208969200,45.06,1.39,2,28.1
2022,2022-07-31,여름_가성비 수트셋업,01_시즌,여름,51382,184,27351695,194834,34048,144994.0,148134.0,146442.0,1749454336,10010960588,6264832,35849456,148651,24,38647,5431655196,1320420716,7507002724,75.22,2.07,2,28.1
2022,2022-07-31,여름_고가 수트셋업,01_시즌,여름,26511,64,8949814,249000,37996,180224.0,171980.0,168758.0,1007311956,6601239000,2431744,15936000,139841,44,19098,3058789365,726481114,4755402000,72.04,2.04,2,28.1
2022,2022-07-31,여름_디자인팬츠,01_시즌,여름,49379,142,3264877,134112,14529,43808.0,49458.0,59743.0,717427491,6622316448,2063118,19043904,22992,83,25867,1655686851,375749611,3460589650,52.38,1.57,2,28.1
2022,2022-07-31,여름_반바지,01_시즌,여름,45666,215,10997519,79900,8726,25428.0,25919.0,26288.0,398481516,3648713400,1876090,17178500,51151,36,18377,466389088,160357702,1468322300,40.24,0.66,2,28.1
2022,2022-07-31,여름_반팔스웨터,01_시즌,여름,128135,698,22602610,94900,10020,33490.0,34369.0,37774.0,1283912700,12160011500,6993960,66240200,32382,66,73934,2407373817,737128106,7021637660,57.7,1.13,2,28.1
2022,2022-07-31,여름_반팔티셔츠,01_시즌,여름,431699,508,11055073,75614,8473,23072.0,22224.0,23918.0,3657785627,32642488186,4304284,38411912,21762,71,171735,3173896693,1432275390,12797699467,39.78,0.4,2,28.1
2022,2022-07-31,여름_자켓,01_시즌,여름,46958,639,35710854,249000,26616,97750.0,94586.0,120130.0,1249834128,11692542000,17007624,159111000,55886,78,28188,3532213899,756446973,7018702000,60.03,1.96,2,28.1
2022,2022-07-31,여름_점퍼,01_시즌,여름,31329,100,13630939,249000,22965,108787.0,78434.0,89380.0,719470485,7800921000,2296500,24900000,136309,45,13952,1381928059,320477757,3474048000,44.53,1.3,2,28.1
2022,2022-07-31,여름_캐주얼셔츠,01_시즌,여름,241831,1266,31015255,86567,7473,26673.0,28558.0,32535.0,1807203063,20934584177,9460818,109593822,24499,72,95773,2974356011,719111581,8287831165,39.6,1.1,2,28.1
2022,2022-07-31,여름_팬츠,01_시즌,여름,215591,10658,381290923,84900,8628,22924.0,26138.0,30018.0,1860119148,18303675900,91957224,904864200,35775,58,85866,3091293083,726834958,7290023400,39.83,1.12,2,28.1
2022,2022-08-07,가을_가성비 수트셋업,01_시즌,가을,19762,1447,216239350,199000,34138,155882.0,156171.0,151962.0,674635156,3932638000,49397686,287953000,149440,25,2106,316576790,69762104,419094000,10.66,0.32,3,26.2
2022,2022-08-07,가을_아우터,01_시즌,가을,2700,0,0,259000,31964,,128857.0,118186.0,86302800,699300000,0,0,128857,50,0,0,0,0,0.0,0.0,3,26.2
2022,2022-08-07,가을_이너,01_시즌,가을,15894,0,0,144900,17444,,98130.0,80166.0,277254936,2303040600,0,0,98130,32,0,0,0,0,0.0,0.0,3,26.2
2022,2022-08-07,가을_캐주얼셔츠,01_시즌,가을,17454,144,10135994,89900,7880,70345.0,60865.0,43894.0,137537520,1569114600,1134720,12945600,70389,22,163,11400694,1284440,14653700,0.93,0.07,3,26.2
2022,2022-08-07,가을_팬츠,01_시즌,가을,5416,31,2229520,89900,10684,71920.0,77434.0,48288.0,57864544,486898400,331204,2786900,71920,20,31,2229520,331204,2786900,0.57,0.03,3,26.2
2022,2022-08-07,겨울_아우터셔츠,01_시즌,겨울,4974,0,0,99900,8220,,48686.0,52481.0,40886280,496902600,0,0,48686,51,0,0,0,0,0.0,0.0,3,26.2
2022,2022-08-07,사계절_가성비 수트셋업,01_시즌,사계절,85607,2119,271584244,184000,29128,128582.0,140396.0,124215.0,2493560696,15751688000,61722232,389896000,128166,30,50676,5732671308,1398902965,9324384000,59.2,1.53,3,26.2
2022,2022-08-07,사계절_니트셋업,01_시즌,사계절,82577,2263,27344188,64066,6378,16882.0,20136.0,24065.0,526676106,5290378082,14433414,144981358,12083,81,17307,371643663,106641953,1105286162,20.96,0.44,3,26.2
2022,2022-08-07,사계절_데님셋업,01_시즌,사계절,27469,236,15415390,99900,12950,64554.0,58780.0,49011.0,355723550,2744153100,3056200,23576400,65319,35,9079,419137982,114193082,906992100,33.05,0.75,3,26.2
2022,2022-08-07,사계절_셋업,01_시즌,사계절,87696,1009,56200050,169450,20672,94870.0,89697.0,91106.0,1812851712,14860087200,20858048,170975050,55699,67,30981,1690527458,617811250,5214120850,35.33,0.51,3,26.2
2022,2022-08-07,사계절_셋업셔츠,01_시즌,사계절,101890,923,27970400,69900,7104,25756.0,27090.0,29098.0,723826560,7122111000,6556992,64517700,30304,57,46831,1505668661,342211476,3273486900,45.96,1.42,3,26.2
2022,2022-08-07,여름_가성비 수트셋업,01_시즌,여름,51382,501,68450524,194834,34048,142052.0,153122.0,146442.0,1749454336,10010960588,17058048,97611834,136628,30,39148,5500105720,1337478764,7604614558,76.19,2.09,3,26.2
2022,2022-08-07,여름_고가 수트셋업,01_시즌,여름,26511,329,52444486,249000,37996,167055.0,170392.0,168758.0,1007311956,6601239000,12500684,81921000,159406,36,19427,3111233851,738981798,4837323000,73.28,2.07,3,26.2
2022,2022-08-07,여름_디자인팬츠,01_시즌,여름,49379,853,43735213,134112,14529,48769.0,48866.0,59743.0,717427491,6622316448,12393237,114397536,51272,62,26720,1699422064,388142848,3574987186,54.11,1.61,3,26.2
2022,2022-08-07,여름_반바지,01_시즌,여름,45666,3521,76106009,79900,8726,22383.0,22478.0,26288.0,398481516,3648713400,30724246,281327900,21615,73,21898,542495097,191081948,1749650200,47.95,0.76,3,26.2
2022,2022-08-07,여름_반팔스웨터,01_시즌,여름,128135,5075,141556782,94900,10020,31367.0,32650.0,37774.0,1283912700,12160011500,50851500,481617500,27893,71,79009,2548930599,787979606,7503255160,61.66,1.19,3,26.2
2022,2022-08-07,여름_반팔티셔츠,01_시즌,여름,431699,6855,147033782,75614,8474,22397.0,18848.0,23918.0,3658217326,32642488186,58089270,518333970,21449,72,178590,3320930475,1490364660,13316033437,41.37,0.42,3,26.2
2022,2022-08-07,여름_자켓,01_시즌,여름,46958,540,61380371,249000,26616,94074.0,95279.0,120130.0,1249834128,11692542000,14372640,134460000,113667,54,28728,3593594270,770819613,7153162000,61.18,2.0,3,26.2
2022,2022-08-07,여름_점퍼,01_시즌,여름,31329,223,4581853,249000,22965,252059.0,105662.0,89380.0,719470485,7800921000,5121195,55527000,20546,92,14175,1386509912,325598952,3529575000,45.25,1.3,3,26.2
2022,2022-08-07,여름_캐주얼셔츠,01_시즌,여름,241831,8902,216622024,86567,7473,25832.0,25365.0,32535.0,1807203063,20934584177,66524646,770619434,24334,72,104675,3190978035,785636227,9058450599,43.28,1.17,3,26.2
2022,2022-08-07,여름_팬츠,01_시즌,여름,215591,1315,-16560408,84900,8628,24470.0,24313.0,30018.0,1860119148,18303675900,11345820,111643500,24470,71,87181,3074732675,738180778,7401666900,40.44,1.11,3,26.2
2022,2022-08-14,가을_가성비 수트셋업,01_시즌,가을,19762,1306,200761217,199000,34138,157768.0,156171.0,151962.0,674635156,3932638000,44584228,259894000,153722,23,3412,517338007,114346332,678988000,17.27,0.53,1,26.9
2022,2022-08-14,가을_아우터,01_시즌,가을,2700,29,3728536,259000,31964,128570.0,128857.0,118186.0,86302800,699300000,926956,7511000,128570,50,29,3728536,926956,7511000,1.07,0.03,1,26.9
2022,2022-08-14,가을_이너,01_시즌,가을,15894,89,5961000,144900,17444,74000.0,98130.0,80166.0,277254936,2303040600,1552516,12896100,66978,54,89,5961000,1552516,12896100,0.56,0.01,1,26.9
2022,2022-08-14,가을_캐주얼셔츠,01_시즌,가을,17454,-4,-2614315,89900,7880,110668.0,60865.0,43894.0,137537520,1569114600,-31520,-359600,653579,-627,159,8786379,1252920,14294100,0.91,0.05,1,26.9
2022,2022-08-14,가을_팬츠,01_시즌,가을,5416,-6,-891506,89900,10684,148584.0,77434.0,48288.0,57864544,486898400,-64104,-539400,148584,-65,25,1338014,267100,2247500,0.46,0.02,1,26.9
2022,2022-08-14,겨울_가성비 수트셋업,01_시즌,겨울,10314,134,20808800,199000,36298,158125.0,157564.0,151184.0,374377572,2052486000,4863932,26666000,155290,22,134,20808800,4863932,26666000,1.3,0.04,1,26.9
2022,2022-08-14,겨울_아우터셔츠,01_시즌,겨울,4974,0,0,99900,8220,,48686.0,52481.0,40886280,496902600,0,0,48686,51,0,0,0,0,0.0,0.0,1,26.9
2022,2022-08-14,사계절_가성비 수트셋업,01_시즌,사계절,85607,1448,173761856,184000,29128,117218.0,140396.0,124215.0,2493560696,15751688000,42177344,266432000,120001,35,52124,5906433164,1441080309,9590816000,60.89,1.58,1,26.9
2022,2022-08-14,사계절_니트셋업,01_시즌,사계절,82577,2547,30638280,64066,6378,16866.0,20136.0,24065.0,526676106,5290378082,16244766,163176102,12029,81,19854,402281943,122886719,1268462264,24.04,0.46,1,26.9
2022,2022-08-14,사계절_데님셋업,01_시즌,사계절,27469,241,11989662,99900,12950,47991.0,58780.0,49011.0,355723550,2744153100,3120950,24075900,49750,50,9320,431127644,117314032,931068000,33.93,0.77,1,26.9
2022,2022-08-14,사계절_셋업,01_시즌,사계절,87696,721,34510565,169450,20672,84199.0,89697.0,91106.0,1812851712,14860087200,14904512,122173450,47865,72,31702,1725038023,632715762,5336294300,36.15,0.52,1,26.9
2022,2022-08-14,사계절_셋업셔츠,01_시즌,사계절,101890,643,20874906,69900,7104,26615.0,27090.0,29098.0,723826560,7122111000,4567872,44945700,32465,54,47474,1526543567,346779348,3318432600,46.59,1.44,1,26.9
2022,2022-08-14,여름_가성비 수트셋업,01_시즌,여름,51382,226,33535878,194834,34048,217317.0,153122.0,146442.0,1749454336,10010960588,7694848,44032484,148389,24,39374,5533641598,1345173612,7648647042,76.63,2.11,1,26.9
2022,2022-08-14,여름_고가 수트셋업,01_시즌,여름,26511,156,25978366,249000,37996,171614.0,170392.0,168758.0,1007311956,6601239000,5927376,38844000,166528,33,19583,3137212217,744909174,4876167000,73.87,2.09,1,26.9
2022,2022-08-14,여름_디자인팬츠,01_시즌,여름,49379,536,26062759,134112,14529,45575.0,48866.0,59743.0,717427491,6622316448,7787544,71884032,48625,64,27256,1725484823,395930392,3646871218,55.2,1.63,1,26.9
2022,2022-08-14,여름_반바지,01_시즌,여름,45666,1973,38693126,79900,8726,20342.0,22478.0,26288.0,398481516,3648713400,17216398,157642700,19611,75,23871,581188223,208298346,1907292900,52.27,0.8,1,26.9
2022,2022-08-14,여름_반팔스웨터,01_시즌,여름,128135,1751,46372003,94900,10020,28911.0,32650.0,37774.0,1283912700,12160011500,17545020,166169900,26483,72,80760,2595302602,805524626,7669425060,63.03,1.21,1,26.9
2022,2022-08-14,여름_반팔티셔츠,01_시즌,여름,431699,14253,187625377,75614,8474,16220.0,18848.0,23918.0,3658217326,32642488186,120779922,1077726342,13164,83,192843,3508555852,1611144582,14393759779,44.67,0.43,1,26.9
2022,2022-08-14,여름_자켓,01_시즌,여름,46958,242,29819785,249000,26616,100078.0,95279.0,120130.0,1249834128,11692542000,6441072,60258000,123222,51,28970,3623414055,777260685,7213420000,61.69,2.01,1,26.9
2022,2022-08-14,여름_점퍼,01_시즌,여름,31329,283,15256863,249000,22965,53348.0,105662.0,89380.0,719470485,7800921000,6499095,70467000,53911,78,14458,1401766775,332098047,3600042000,46.15,1.31,1,26.9
2022,2022-08-14,여름_캐주얼셔츠,01_시즌,여름,241831,6038,139841163,86567,7473,25093.0,25365.0,32535.0,1807203063,20934584177,45121974,522691546,23160,73,110713,3330819198,830758201,9581142145,45.78,1.22,1,26.9
2022,2022-08-14,여름_팬츠,01_시즌,여름,215495,2093,35001193,84900,8628,22972.0,24313.0,30018.0,1859290860,18295525500,18058404,177695700,16723,80,89274,3109733868,756239182,7579362600,41.43,1.11,1,26.9
2022,2022-08-21,가을_가성비 수트셋업,01_시즌,가을,22722,1418,219628170,199000,34138,157186.0,156171.0,151962.0,775683636,4521678000,48407684,282182000,154886,22,4830,736966177,162754016,961170000,21.26,0.65,1,24.7
2022,2022-08-21,가을_아우터,01_시즌,가을,2700,68,8772000,259000,31964,129000.0,128857.0,118186.0,86302800,699300000,2173552,17612000,129000,50,97,12500536,3100508,25123000,3.59,0.1,1,24.7
2022,2022-08-21,가을_이너,01_시즌,가을,15894,156,11239794,144900,17444,80436.0,98130.0,80166.0,277254936,2303040600,2721264,22604400,72050,50,245,17200794,4273780,35500500,1.54,0.04,1,24.7
2022,2022-08-21,가을_캐주얼셔츠,01_시즌,가을,17454,190,8524400,89900,7880,39689.0,60865.0,43894.0,137537520,1569114600,1497200,17081000,44865,50,349,17310779,2750120,31375100,2.0,0.09,1,24.7
2022,2022-08-21,가을_팬츠,01_시즌,가을,15828,25,1022789,114450,12885,40912.0,68217.0,48279.0,203943780,1811514600,322125,2861250,40912,64,50,2360803,589225,5108750,0.32,0.01,1,24.7
2022,2022-08-21,겨울_가성비 수트셋업,01_시즌,겨울,10314,303,46728500,199000,36298,158469.0,157564.0,151184.0,374377572,2052486000,10998294,60297000,154219,23,437,67537300,15862226,86963000,4.24,0.12,1,24.7
2022,2022-08-21,겨울_아우터셔츠,01_시즌,겨울,4974,65,3185000,99900,8220,49000.0,48686.0,52481.0,40886280,496902600,534300,6493500,49000,51,65,3185000,534300,6493500,1.31,0.06,1,24.7
2022,2022-08-21,사계절_가성비 수트셋업,01_시즌,사계절,85607,1683,202342812,184000,29128,191898.0,140396.0,124215.0,2493560696,15751688000,49022424,309672000,120227,35,53807,6108775976,1490102733,9900488000,62.85,1.63,1,24.7
2022,2022-08-21,사계절_니트셋업,01_시즌,사계절,82577,3060,44250008,64066,6378,27392.0,20136.0,24065.0,526676106,5290378082,19516680,196041960,14461,77,22914,446531951,142403399,1464504224,27.75,0.5,1,24.7
2022,2022-08-21,사계절_데님셋업,01_시즌,사계절,27469,59,-439720,99900,12950,71836.0,58780.0,49011.0,355723550,2744153100,764050,5894100,71836,28,9379,430687924,118078082,936962100,34.14,0.77,1,24.7
2022,2022-08-21,사계절_셋업,01_시즌,사계절,87696,700,39367900,169450,20672,87655.0,89697.0,91106.0,1812851712,14860087200,14470400,118615000,56240,67,32402,1764405923,647186162,5454909300,36.95,0.53,1,24.7
2022,2022-08-21,사계절_셋업셔츠,01_시즌,사계절,101890,818,26422624,69900,7104,27868.0,27090.0,29098.0,723826560,7122111000,5811072,57178200,32301,54,48292,1552966191,352590420,3375610800,47.4,1.46,1,24.7
2022,2022-08-21,여름_가성비 수트셋업,01_시즌,여름,51382,349,49044177,194834,34048,149608.0,153122.0,146442.0,1749454336,10010960588,11882752,67997066,140528,28,39723,5582685775,1357056364,7716644108,77.31,2.13,1,24.7
2022,2022-08-21,여름_고가 수트셋업,01_시즌,여름,26511,169,28216936,249000,37996,171525.0,170392.0,168758.0,1007311956,6601239000,6421324,42081000,166964,33,19752,3165429153,751330498,4918248000,74.5,2.11,1,24.7
2022,2022-08-21,여름_디자인팬츠,01_시즌,여름,49379,486,24686705,134112,14529,50246.0,48866.0,59743.0,717427491,6622316448,7061094,65178432,50796,62,27742,1750171528,402991486,3712049650,56.18,1.66,1,24.7
2022,2022-08-21,여름_반바지,01_시즌,여름,45666,1284,26153359,79900,8726,20792.0,22478.0,26288.0,398481516,3648713400,11204184,102591600,20369,75,25155,607341582,219502530,2009884500,55.08,0.83,1,24.7
2022,2022-08-21,여름_반팔스웨터,01_시즌,여름,128135,1064,31607779,94900,10020,37231.0,32650.0,37774.0,1283912700,12160011500,10661280,100973600,29707,69,81824,2626910381,816185906,7770398660,63.86,1.22,1,24.7
2022,2022-08-21,여름_반팔티셔츠,01_시즌,여름,431699,14187,196470986,75614,8474,17916.0,18848.0,23918.0,3658217326,32642488186,120220638,1072735818,13849,82,207030,3705026838,1731365220,15466495597,47.96,0.45,1,24.7
2022,2022-08-21,여름_자켓,01_시즌,여름,46958,505,54797909,249000,26616,94121.0,95279.0,120130.0,1249834128,11692542000,13441080,125745000,108511,56,29475,3678211964,790701765,7339165000,62.77,2.04,1,24.7
2022,2022-08-21,여름_점퍼,01_시즌,여름,31329,205,11834629,249000,22965,59278.0,105662.0,89380.0,719470485,7800921000,4707825,51045000,57730,77,14663,1413601404,336805872,3651087000,46.8,1.32,1,24.7
2022,2022-08-21,여름_캐주얼셔츠,01_시즌,여름,241831,5897,128036490,86567,7473,25047.0,25365.0,32535.0,1807203063,20934584177,44068281,510485599,21712,75,116610,3458855688,874826482,10091627744,48.22,1.26,1,24.7
2022,2022-08-21,여름_팬츠,01_시즌,여름,215495,3085,93205476,84900,8628,24176.0,24313.0,30018.0,1859290860,18295525500,26617380,261916500,30212,64,92359,3202939344,782856562,7841279100,42.86,1.15,1,24.7
2022,2022-08-28,가을_가성비 수트셋업,01_시즌,가을,22722,1372,208117294,199000,34138,153704.0,156171.0,151962.0,775683636,4521678000,46837336,273028000,151689,24,6202,945083471,209591352,1234198000,27.3,0.84,0,22.5
2022,2022-08-28,가을_아우터,01_시즌,가을,2700,-25,-3225000,259000,31964,129000.0,128857.0,118186.0,86302800,699300000,-799100,-6475000,129000,50,72,9275536,2301408,18648000,2.67,0.07,0,22.5
2022,2022-08-28,가을_이너,01_시즌,가을,15894,15,3676642,144900,17444,139955.0,98130.0,80166.0,277254936,2303040600,261660,2173500,245109,-69,260,20877436,4535440,37674000,1.64,0.05,0,22.5
2022,2022-08-28,가을_캐주얼셔츠,01_시즌,가을,17454,321,15291627,89900,7880,47660.0,60865.0,43894.0,137537520,1569114600,2529480,28857900,47637,47,670,32602406,5279600,60233000,3.84,0.18,0,22.5
2022,2022-08-28,가을_팬츠,01_시즌,가을,15828,173,8957693,114450,12885,53661.0,68217.0,48279.0,203943780,1811514600,2229105,19799850,51779,55,223,11318496,2818330,24908600,1.41,0.04,0,22.5
2022,2022-08-28,겨울_가성비 수트셋업,01_시즌,겨울,15165,399,60918764,199000,36298,156096.0,157564.0,151184.0,550459170,3017835000,14482902,79401000,152679,23,836,128456064,30345128,166364000,5.51,0.16,0,22.5
2022,2022-08-28,겨울_고가 수트셋업,01_시즌,겨울,1403,37,9830800,349000,54576,271122.0,271122.0,215281.0,76570128,489647000,2019312,12913000,265697,24,37,9830800,2019312,12913000,2.64,0.09,0,22.5
2022,2022-08-28,겨울_아우터,01_시즌,겨울,2498,77,17860000,299000,38855,231948.0,231948.0,188233.0,97059790,746902000,2991835,23023000,231948,22,77,17860000,2991835,23023000,3.08,0.14,0,22.5
2022,2022-08-28,겨울_아우터셔츠,01_시즌,겨울,4974,135,6530100,99900,8220,48371.0,48686.0,52481.0,40886280,496902600,1109700,13486500,48371,52,200,9715100,1644000,19980000,4.02,0.18,0,22.5
2022,2022-08-28,겨울_팬츠,01_시즌,겨울,3248,123,13353586,139000,18209,108566.0,108566.0,74637.0,59142832,451472000,2239707,17097000,108566,22,123,13353586,2239707,17097000,3.79,0.17,0,22.5
2022,2022-08-28,사계절_가성비 수트셋업,01_시즌,사계절,85607,1232,149438378,184000,29128,123888.0,140396.0,124215.0,2493560696,15751688000,35885696,226688000,121297,34,55039,6258214354,1525988429,10127176000,64.29,1.67,0,22.5
2022,2022-08-28,사계절_니트셋업,01_시즌,사계절,82577,1005,13456950,64066,6378,16830.0,20136.0,24065.0,526676106,5290378082,6409890,64386330,13390,79,23919,459988901,148813289,1528890554,28.97,0.51,0,22.5
2022,2022-08-28,사계절_데님셋업,01_시즌,사계절,27469,266,14038947,99900,12950,49392.0,58780.0,49011.0,355723550,2744153100,3444700,26573400,52778,47,9645,444726871,121522782,963535500,35.11,0.79,0,22.5
2022,2022-08-28,사계절_셋업,01_시즌,사계절,87696,1058,58544968,169450,20672,92607.0,89697.0,91106.0,1812851712,14860087200,21870976,179278100,55336,67,33460,1822950891,669057138,5634187400,38.15,0.55,0,22.5
2022,2022-08-28,사계절_셋업셔츠,01_시즌,사계절,101890,547,18680027,69900,7104,28378.0,27090.0,29098.0,723826560,7122111000,3885888,38235300,34150,51,48839,1571646218,356476308,3413846100,47.93,1.48,0,22.5
2022,2022-08-28,여름_가성비 수트셋업,01_시즌,여름,51382,198,26612260,194834,34048,145660.0,153122.0,146442.0,1749454336,10010960588,6741504,38577132,134405,31,39921,5609298035,1363797868,7755221240,77.69,2.14,0,22.5
2022,2022-08-28,여름_고가 수트셋업,01_시즌,여름,26511,119,20319800,249000,37996,171374.0,170392.0,168758.0,1007311956,6601239000,4521524,29631000,170755,31,19871,3185748953,755852022,4947879000,74.95,2.12,0,22.5
2022,2022-08-28,여름_디자인팬츠,01_시즌,여름,49379,282,15208791,134112,14529,50873.0,48866.0,59743.0,717427491,6622316448,4097178,37819584,53932,60,28024,1765380319,407088664,3749869234,56.75,1.67,0,22.5
2022,2022-08-28,여름_반바지,01_시즌,여름,45666,-7,-4118710,79900,8726,26396.0,22478.0,26288.0,398481516,3648713400,-61082,-559300,588387,-636,25148,603222872,219441448,2009325200,55.07,0.83,0,22.5
2022,2022-08-28,여름_반팔스웨터,01_시즌,여름,128135,631,19819561,94900,10020,33093.0,32650.0,37774.0,1283912700,12160011500,6322620,59881900,31410,67,82455,2646729942,822508526,7830280560,64.35,1.23,0,22.5
2022,2022-08-28,여름_반팔티셔츠,01_시즌,여름,431699,5083,61465420,75614,8474,18860.0,18848.0,23918.0,3658217326,32642488186,43073342,384345962,12092,84,212113,3766492258,1774438562,15850841559,49.13,0.45,0,22.5
2022,2022-08-28,여름_자켓,01_시즌,여름,46958,331,32980363,249000,26616,92843.0,95279.0,120130.0,1249834128,11692542000,8809896,82419000,99639,60,29806,3711192327,799511661,7421584000,63.47,2.06,0,22.5
2022,2022-08-28,여름_점퍼,01_시즌,여름,31329,365,21281550,249000,22965,57964.0,105662.0,89380.0,719470485,7800921000,8382225,90885000,58306,77,15028,1434882954,345188097,3741972000,47.97,1.33,0,22.5
2022,2022-08-28,여름_캐주얼셔츠,01_시즌,여름,241831,4350,95989885,86567,7473,25490.0,25365.0,32535.0,1807203063,20934584177,32507550,376566450,22067,75,120960,3554845573,907334032,10468194194,50.02,1.29,0,22.5
2022,2022-08-28,여름_팬츠,01_시즌,여름,215495,1674,51645809,84900,8628,25634.0,24313.0,30018.0,1859290860,18295525500,14443272,142122600,30852,64,94033,3254585153,797299834,7983401700,43.64,1.16,0,22.5
2022,2022-09-04,가을_가성비 수트셋업,01_시즌,가을,22722,1997,300017562,199000,34027,151574.0,149481.0,151962.0,773161494,4521678000,67951919,397403000,150234,25,8199,1245101033,277543271,1631601000,36.08,1.11,0,22.3
2022,2022-09-04,가을_아우터,01_시즌,가을,2700,86,11052599,259000,31964,128519.0,122519.0,118186.0,86302800,699300000,2748904,22274000,128519,50,158,20328135,5050312,40922000,5.85,0.16,0,22.3
2022,2022-09-04,가을_이너,01_시즌,가을,15894,260,16760759,144900,18445,87414.0,81156.0,80166.0,293164830,2303040600,4795700,37674000,64464,56,520,37638195,9331140,75348000,3.27,0.08,0,22.3
2022,2022-09-04,가을_캐주얼셔츠,01_시즌,가을,17454,492,22251745,89900,7880,45104.0,42830.0,43894.0,137537520,1569114600,3876960,44230800,45227,50,1162,54854151,9156560,104463800,6.66,0.3,0,22.3
2022,2022-09-04,가을_팬츠,01_시즌,가을,15828,195,10897266,114450,12885,50754.0,46594.0,48279.0,203943780,1811514600,2512575,22317750,55883,51,418,22215762,5330905,47226350,2.64,0.07,0,22.3
2022,2022-09-04,겨울_가성비 수트셋업,01_시즌,겨울,25645,952,141151169,199000,36674,150838.0,150606.0,151238.0,940504730,5103355000,34913648,189448000,148268,25,1788,269607233,65258776,355812000,6.97,0.19,0,22.3
2022,2022-09-04,겨울_고가 수트셋업,01_시즌,겨울,1403,47,13194400,349000,54576,279200.0,247664.0,215281.0,76570128,489647000,2565072,16403000,280732,20,84,23025200,4584384,29316000,5.99,0.21,0,22.3
2022,2022-09-04,겨울_기모맨투맨셋업,01_시즌,겨울,11726,0,0,94900,12936,,47328.0,38150.0,151687536,1112797400,0,0,47328,50,0,0,0,0,0.0,0.0,0,22.3
2022,2022-09-04,겨울_아우터,01_시즌,겨울,5438,164,38192000,299000,36447,233511.0,227952.0,188233.0,198198786,1625962000,5977308,49036000,232878,22,241,56052000,8969143,72059000,4.43,0.21,0,22.3
2022,2022-09-04,겨울_아우터셔츠,01_시즌,겨울,4974,170,8146200,99900,8220,47919.0,54456.0,52481.0,40886280,496902600,1397400,16983000,47919,52,370,17861300,3041400,36963000,7.44,0.32,0,22.3
2022,2022-09-04,겨울_팬츠,01_시즌,겨울,12384,116,12476460,139000,14581,108852.0,104594.0,74637.0,180571104,1721376000,1691396,16124000,107556,23,239,25830046,3931103,33221000,1.93,0.11,0,22.3
2022,2022-09-04,겨울_해비아우터,01_시즌,겨울,5658,3,748500,499000,48270,249500.0,226966.0,172366.0,273111660,2823342000,144810,1497000,249500,50,3,748500,144810,1497000,0.05,0.0,0,22.3
2022,2022-09-04,사계절_가성비 수트셋업,01_시즌,사계절,85607,1427,173494731,184000,29128,122852.0,123788.0,124215.0,2493560696,15751688000,41565656,262568000,121580,34,56466,6431709085,1567554085,10389744000,65.96,1.72,0,22.3
2022,2022-09-04,사계절_니트셋업,01_시즌,사계절,82577,2014,41350240,64066,6378,20152.0,18640.0,24065.0,526676106,5290378082,12845292,129028924,20531,68,25933,501339141,161658581,1657919478,31.4,0.56,0,22.3
2022,2022-09-04,사계절_데님셋업,01_시즌,사계절,28969,310,14794586,99900,13234,46212.0,48581.0,49011.0,383375746,2894003100,4102540,30969000,47724,52,9955,459521457,125625322,994504500,34.36,0.76,0,22.3
2022,2022-09-04,사계절_셋업,01_시즌,사계절,87696,2067,109362031,169450,20672,87892.0,90225.0,91106.0,1812851712,14860087200,42729024,350253150,52909,69,35527,1932312922,711786162,5984440550,40.51,0.58,0,22.3
2022,2022-09-04,사계절_셋업셔츠,01_시즌,사계절,101890,776,25823385,69900,7104,27092.0,27167.0,29098.0,723826560,7122111000,5512704,54242400,33278,52,49615,1597469603,361989012,3468088500,48.69,1.51,0,22.3
2022,2022-09-04,여름_가성비 수트셋업,01_시즌,여름,51382,195,28925600,194834,34048,151581.0,150852.0,146442.0,1749454336,10010960588,6639360,37992630,148336,24,40116,5638223635,1370437228,7793213870,78.07,2.15,0,22.3
2022,2022-09-04,여름_고가 수트셋업,01_시즌,여름,26511,31,6400600,249000,37996,156166.0,176822.0,168758.0,1007311956,6601239000,1177876,7719000,206471,17,19902,3192149553,757029898,4955598000,75.07,2.13,0,22.3
2022,2022-09-04,여름_디자인팬츠,01_시즌,여름,49379,26,-568069,134112,14529,54333.0,51401.0,59743.0,717427491,6622316448,377754,3486912,54333,59,28050,1764812250,407466418,3753356146,56.81,1.67,0,22.3
2022,2022-09-04,여름_반바지,01_시즌,여름,45666,603,9997903,79900,8726,22207.0,22856.0,26288.0,398481516,3648713400,5261778,48179700,16580,79,25751,613220775,224703226,2057504900,56.39,0.84,0,22.3
2022,2022-09-04,여름_반팔스웨터,01_시즌,여름,128135,537,6561587,94900,10020,23832.0,40343.0,37774.0,1283912700,12160011500,5380740,50961300,12219,87,82992,2653291529,827889266,7881241860,64.77,1.23,0,22.3
2022,2022-09-04,여름_반팔티셔츠,01_시즌,여름,431699,2171,17370671,75614,8474,27527.0,20065.0,23918.0,3658217326,32642488186,18397054,164157994,8001,89,214284,3783862929,1792835616,16014999553,49.64,0.45,0,22.3
2022,2022-09-04,여름_자켓,01_시즌,여름,46958,342,34791408,249000,26616,101308.0,100060.0,120130.0,1249834128,11692542000,9102672,85158000,101729,59,30148,3745983735,808614333,7506742000,64.2,2.08,0,22.3
2022,2022-09-04,여름_점퍼,01_시즌,여름,31329,489,27931550,249000,22965,57333.0,58597.0,89380.0,719470485,7800921000,11229885,121761000,57120,77,15517,1462814504,356417982,3863733000,49.53,1.35,0,22.3
2022,2022-09-04,여름_캐주얼셔츠,01_시즌,여름,241831,4198,90783690,86567,7473,25131.0,25611.0,32535.0,1807203063,20934584177,31371654,363408266,21625,75,125158,3645629263,938705686,10831602460,51.75,1.31,0,22.3
2022,2022-09-04,여름_팬츠,01_시즌,여름,215495,3189,57807334,84900,8628,22187.0,24238.0,30018.0,1859290860,18295525500,27514692,270746100,18127,79,97222,3312392487,824814526,8254147800,45.12,1.18,0,22.3
2022,2022-09-11,가을_가성비 수트셋업,01_시즌,가을,22722,1562,221751532,199000,34027,142442.0,149481.0,151962.0,773161494,4521678000,53150174,310838000,141966,29,9761,1466852565,330693445,1942439000,42.96,1.3,0,24.6
2022,2022-09-11,가을_아우터,01_시즌,가을,2700,137,16323159,259000,31964,119147.0,122519.0,118186.0,86302800,699300000,4379068,35483000,119147,54,295,36651294,9429380,76405000,10.93,0.28,0,24.6
2022,2022-09-11,가을_이너,01_시즌,가을,15894,317,21769830,144900,18445,77994.0,81156.0,80166.0,293164830,2303040600,5847065,45933300,68675,53,837,59408025,15178205,121281300,5.27,0.13,0,24.6
2022,2022-09-11,가을_캐주얼셔츠,01_시즌,가을,17454,1011,43129725,89900,7880,42694.0,42830.0,43894.0,137537520,1569114600,7966680,90888900,42660,53,2173,97983876,17123240,195352700,12.45,0.52,0,24.6
2022,2022-09-11,가을_팬츠,01_시즌,가을,15828,176,7624500,114450,12885,43070.0,46594.0,48279.0,203943780,1811514600,2267760,20143200,43321,62,594,29840262,7598665,67369550,3.75,0.1,0,24.6
2022,2022-09-11,겨울_가성비 수트셋업,01_시즌,겨울,25802,1574,224329018,199000,36673,143889.0,150606.0,151238.0,946236746,5134598000,57723302,313226000,142522,28,3362,493936251,122982078,669038000,13.03,0.34,0,24.6
2022,2022-09-11,겨울_고가 수트셋업,01_시즌,겨울,5096,107,23467880,332333,51958,237946.0,247664.0,215281.0,264777968,1693568968,5559506,35559631,219326,34,191,46493080,10143890,64875631,3.75,0.12,0,24.6
2022,2022-09-11,겨울_기모맨투맨셋업,01_시즌,겨울,44763,0,0,93233,12238,,46956.0,35822.0,547809594,4173388779,0,0,46956,50,0,0,0,0,0.0,0.0,0,24.6
2022,2022-09-11,겨울_스웨터,01_시즌,겨울,30849,1420,82862680,99900,12240,58354.0,55795.0,44470.0,377591760,3081815100,17380800,141858000,58354,42,1420,82862680,17380800,141858000,4.6,0.15,0,24.6
2022,2022-09-11,겨울_아우터,01_시즌,겨울,5438,158,33254310,299000,36447,207660.0,227952.0,188233.0,198198786,1625962000,5758626,47242000,210470,30,399,89306310,14727769,119301000,7.34,0.34,0,24.6
2022,2022-09-11,겨울_아우터셔츠,01_시즌,겨울,9391,265,11683350,99900,11062,44088.0,54456.0,52481.0,103883242,938160900,2931430,26473500,44088,56,635,29544650,5972830,63436500,6.76,0.2,0,24.6
2022,2022-09-11,겨울_팬츠,01_시즌,겨울,12384,221,22663933,139000,14581,103604.0,104594.0,74637.0,180571104,1721376000,3222401,30719000,102552,26,460,48493979,7153504,63940000,3.71,0.2,0,24.6
2022,2022-09-11,겨울_해비아우터,01_시즌,겨울,5658,4,973050,499000,48270,243262.0,226966.0,172366.0,273111660,2823342000,193080,1996000,243262,51,7,1721550,337890,3493000,0.12,0.0,0,24.6
2022,2022-09-11,사계절_가성비 수트셋업,01_시즌,사계절,85607,1116,134395893,184000,29128,122873.0,123788.0,124215.0,2493560696,15751688000,32506848,205344000,120426,35,57582,6566104978,1600060933,10595088000,67.26,1.75,0,24.6
2022,2022-09-11,사계절_니트셋업,01_시즌,사계절,82577,1749,22116372,64066,6378,16370.0,18640.0,24065.0,526676106,5290378082,11155122,112051434,12645,80,27682,523455513,172813703,1769970912,33.52,0.58,0,24.6
2022,2022-09-11,사계절_데님셋업,01_시즌,사계절,28969,390,19021138,99900,13234,48482.0,48581.0,49011.0,383375746,2894003100,5161260,38961000,48772,51,10345,478542595,130786582,1033465500,35.71,0.79,0,24.6
2022,2022-09-11,사계절_셋업,01_시즌,사계절,87696,1917,93342948,169450,20672,92244.0,90225.0,91106.0,1812851712,14860087200,39628224,324835650,48692,71,37444,2025655870,751414386,6309276200,42.7,0.6,0,24.6
2022,2022-09-11,사계절_셋업셔츠,01_시즌,사계절,101890,648,22000052,69900,7104,29352.0,27167.0,29098.0,723826560,7122111000,4603392,45295200,33951,51,50263,1619469655,366592404,3513383700,49.33,1.53,0,24.6
2022,2022-09-11,여름_가성비 수트셋업,01_시즌,여름,51382,124,17763100,194834,34048,143643.0,150852.0,146442.0,1749454336,10010960588,4221952,24159416,143251,26,40240,5655986735,1374659180,7817373286,78.32,2.15,0,24.6
2022,2022-09-11,여름_고가 수트셋업,01_시즌,여름,26511,70,11888200,249000,37996,177215.0,176822.0,168758.0,1007311956,6601239000,2659720,17430000,169831,32,19972,3204037753,759689618,4973028000,75.33,2.14,0,24.6
2022,2022-09-11,여름_디자인팬츠,01_시즌,여름,49379,187,9193690,134112,14529,49765.0,51401.0,59743.0,717427491,6622316448,2716923,25078944,49164,63,28237,1774005940,410183341,3778435090,57.18,1.68,0,24.6
2022,2022-09-11,여름_반바지,01_시즌,여름,45666,129,2757345,79900,8726,24006.0,22856.0,26288.0,398481516,3648713400,1125654,10307100,21375,73,25880,615978120,225828880,2067812000,56.67,0.84,0,24.6
2022,2022-09-11,여름_반팔스웨터,01_시즌,여름,128135,479,14619473,94900,10020,33856.0,40343.0,37774.0,1283912700,12160011500,4799580,45457100,30521,68,83471,2667911002,832688846,7926698960,65.14,1.24,0,24.6
2022,2022-09-11,여름_반팔티셔츠,01_시즌,여름,431699,5079,64716579,75614,8474,17824.0,20065.0,23918.0,3658217326,32642488186,43039446,384043506,12742,83,219363,3848579508,1835875062,16399043059,50.81,0.45,0,24.6
2022,2022-09-11,여름_자켓,01_시즌,여름,46958,74,4921385,249000,26616,97010.0,100060.0,120130.0,1249834128,11692542000,1969584,18426000,66505,73,30222,3750905120,810583917,7525168000,64.36,2.08,0,24.6
2022,2022-09-11,여름_점퍼,01_시즌,여름,31329,685,39998113,249000,22965,58282.0,58597.0,89380.0,719470485,7800921000,15731025,170565000,58391,77,16202,1502812617,372149007,4034298000,51.72,1.38,0,24.6
2022,2022-09-11,여름_캐주얼셔츠,01_시즌,여름,241831,3321,76149259,86567,7473,26641.0,25611.0,32535.0,1807203063,20934584177,24817833,287489007,22930,74,128479,3721778522,963523519,11119091467,53.13,1.34,0,24.6
2022,2022-09-11,여름_팬츠,01_시즌,여름,215495,1118,31025918,84900,8628,23335.0,24238.0,30018.0,1859290860,18295525500,9646104,94918200,27751,67,98340,3343418405,834460630,8349066000,45.63,1.19,0,24.6
2022,2022-09-18,가을_가성비 수트셋업,01_시즌,가을,22722,1927,289165518,199000,34027,151475.0,149481.0,151962.0,773161494,4521678000,65570029,383473000,150060,25,11688,1756018083,396263474,2325912000,51.44,1.55,0,21.0
2022,2022-09-18,가을_아우터,01_시즌,가을,2700,171,20572300,259000,31964,120306.0,122519.0,118186.0,86302800,699300000,5465844,44289000,120306,54,466,57223594,14895224,120694000,17.26,0.43,0,21.0
2022,2022-09-18,가을_이너,01_시즌,가을,15894,472,30274650,144900,18445,81303.0,81156.0,80166.0,293164830,2303040600,8706040,68392800,64141,56,1309,89682675,23884245,189674100,8.24,0.2,0,21.0
2022,2022-09-18,가을_캐주얼셔츠,01_시즌,가을,17454,855,37627509,89900,7880,44020.0,42830.0,43894.0,137537520,1569114600,6737400,76864500,44009,51,3028,135611385,23860640,272217200,17.35,0.72,0,21.0
2022,2022-09-18,가을_팬츠,01_시즌,가을,15828,455,23014202,114450,12885,47370.0,46594.0,48279.0,203943780,1811514600,5862675,52074750,50581,56,1049,52854464,13461340,119444300,6.63,0.17,0,21.0
2022,2022-09-18,겨울_가디건,01_시즌,겨울,2717,72,9095536,199900,18008,126327.0,127664.0,96352.0,48927736,543128300,1296576,14392800,126327,37,72,9095536,1296576,14392800,2.65,0.14,0,21.0
2022,2022-09-18,겨울_가성비 수트셋업,01_시즌,겨울,31871,2247,334561322,199000,37501,150811.0,150606.0,151238.0,1195194371,6342329000,84264747,447153000,148892,25,5609,828497573,207246825,1116191000,17.6,0.46,0,21.0
2022,2022-09-18,겨울_고가 수트셋업,01_시즌,겨울,9744,163,39895155,332333,51958,250370.0,247664.0,215281.0,506278752,3238252752,8469154,54170279,244756,26,354,86388235,18613044,119045910,3.63,0.12,0,21.0
2022,2022-09-18,겨울_기모맨투맨셋업,01_시즌,겨울,44763,74,4006000,93233,12238,48043.0,46956.0,35822.0,547809594,4173388779,905612,6899242,54135,42,74,4006000,905612,6899242,0.17,0.0,0,21.0
2022,2022-09-18,겨울_스웨터,01_시즌,겨울,30849,0,0,99900,12240,64250.0,55795.0,44470.0,377591760,3081815100,0,0,64250,36,1420,82862680,17380800,141858000,4.6,0.15,0,21.0
2022,2022-09-18,겨울_아우터,01_시즌,겨울,7795,346,83348820,332333,40535,253465.0,227952.0,188233.0,315970325,2590535735,14025110,114987218,240893,28,745,172655130,28752879,234288218,9.56,0.41,0,21.0
2022,2022-09-18,겨울_아우터셔츠,01_시즌,겨울,14484,296,15268450,109900,11720,55285.0,54456.0,52481.0,169752480,1591791600,3469120,32530400,51583,53,931,44813100,9441950,95966900,6.43,0.18,0,21.0
2022,2022-09-18,겨울_코트,01_시즌,겨울,7885,0,0,799000,141679,,270162.0,327454.0,1117138915,6300115000,0,0,270162,66,0,0,0,0,0.0,0.0,0,21.0
2022,2022-09-18,겨울_팬츠,01_시즌,겨울,26384,264,25971293,119450,12946,99947.0,104594.0,60510.0,341567264,3151568800,3417744,31534800,98376,18,724,74465272,10571248,95474800,2.74,0.17,0,21.0
2022,2022-09-18,겨울_해비스웨터,01_시즌,겨울,12165,0,0,159900,15341,,98664.0,65391.0,186623265,1945183500,0,0,98664,38,0,0,0,0,0.0,0.0,0,21.0
2022,2022-09-18,겨울_해비아우터,01_시즌,겨울,19178,8,1634500,389000,32976,204312.0,226966.0,145594.0,632413728,7460242000,263808,3112000,204312,47,15,3356050,601698,6605000,0.08,0.0,0,21.0
2022,2022-09-18,사계절_가성비 수트셋업,01_시즌,사계절,85607,1415,176296430,184000,29128,126043.0,123788.0,124215.0,2493560696,15751688000,41216120,260360000,124591,32,58997,6742401408,1641277053,10855448000,68.92,1.8,0,21.0
2022,2022-09-18,사계절_니트셋업,01_시즌,사계절,82577,3062,50005987,64066,6378,18711.0,18640.0,24065.0,526676106,5290378082,19529436,196170092,16331,75,30744,573461500,192343139,1966141004,37.23,0.62,0,21.0
2022,2022-09-18,사계절_데님셋업,01_시즌,사계절,28969,458,23255245,99900,13234,51275.0,48581.0,49011.0,383375746,2894003100,6061172,45754200,50776,49,10803,501797840,136847754,1079219700,37.29,0.83,0,21.0
2022,2022-09-18,사계절_셋업,01_시즌,사계절,87696,2862,147500443,169450,20672,90989.0,90225.0,91106.0,1812851712,14860087200,59163264,484965900,51538,70,40306,2173156313,810577650,6794242100,45.96,0.64,0,21.0
2022,2022-09-18,사계절_셋업셔츠,01_시즌,사계절,101890,983,31448473,69900,7104,26527.0,27167.0,29098.0,723826560,7122111000,6983232,68711700,31992,54,51246,1650918128,373575636,3582095400,50.3,1.56,0,21.0
2022,2022-09-18,여름_가성비 수트셋업,01_시즌,여름,51382,181,26567650,194834,34048,161661.0,150852.0,146442.0,1749454336,10010960588,6162688,35264954,146783,25,40421,5682554385,1380821868,7852638240,78.67,2.16,0,21.0
2022,2022-09-18,여름_고가 수트셋업,01_시즌,여름,26511,76,14397900,249000,37996,202422.0,176822.0,168758.0,1007311956,6601239000,2887696,18924000,189446,24,20048,3218435653,762577314,4991952000,75.62,2.15,0,21.0
2022,2022-09-18,여름_디자인팬츠,01_시즌,여름,49379,181,9150623,134112,14529,56158.0,51401.0,59743.0,717427491,6622316448,2629749,24274272,50556,62,28418,1783156563,412813090,3802709362,57.55,1.68,0,21.0
2022,2022-09-18,여름_반바지,01_시즌,여름,45666,85,988200,79900,8726,17431.0,22856.0,26288.0,398481516,3648713400,741710,6791500,11626,85,25965,616966320,226570590,2074603500,56.86,0.84,0,21.0
2022,2022-09-18,여름_반팔스웨터,01_시즌,여름,128135,906,19664049,94900,10020,35837.0,40343.0,37774.0,1283912700,12160011500,9078120,85979400,21704,77,84377,2687575051,841766966,8012678360,65.85,1.25,0,21.0
2022,2022-09-18,여름_반팔티셔츠,01_시즌,여름,431699,6348,82901562,75614,8474,18223.0,20065.0,23918.0,3658217326,32642488186,53792952,479997672,13059,83,225711,3931481070,1889668014,16879040731,52.28,0.46,0,21.0
2022,2022-09-18,여름_자켓,01_시즌,여름,46958,232,23221909,249000,26616,111940.0,100060.0,120130.0,1249834128,11692542000,6174912,57768000,100094,60,30454,3774127029,816758829,7582936000,64.85,2.09,0,21.0
2022,2022-09-18,여름_점퍼,01_시즌,여름,31329,930,56128417,249000,22965,60390.0,58597.0,89380.0,719470485,7800921000,21357450,231570000,60353,76,17132,1558941034,393506457,4265868000,54.68,1.42,0,21.0
2022,2022-09-18,여름_캐주얼셔츠,01_시즌,여름,241831,3931,89776252,86567,7473,27439.0,25611.0,32535.0,1807203063,20934584177,29376363,340294877,22838,74,132410,3811554774,992899882,11459386344,54.75,1.37,0,21.0
2022,2022-09-18,여름_팬츠,01_시즌,여름,215495,1289,36174159,84900,8628,26938.0,24238.0,30018.0,1859290860,18295525500,11121492,109436100,28064,67,99629,3379592564,845582122,8458502100,46.23,1.2,0,21.0
2022,2022-09-25,가을_가성비 수트셋업,01_시즌,가을,23009,1299,196994806,199000,34027,152432.0,149481.0,151962.0,782927243,4578791000,44201073,258501000,151651,24,12987,1953012889,440464547,2584413000,56.44,1.71,0,20.4
2022,2022-09-25,가을_아우터,01_시즌,가을,2700,171,20879580,259000,31964,122103.0,122519.0,118186.0,86302800,699300000,5465844,44289000,122103,53,637,78103174,20361068,164983000,23.59,0.59,0,20.4
2022,2022-09-25,가을_이너,01_시즌,가을,15894,321,20962350,144900,18445,77913.0,81156.0,80166.0,293164830,2303040600,5920845,46512900,65303,55,1630,110645025,29805090,236187000,10.26,0.24,0,20.4
2022,2022-09-25,가을_캐주얼셔츠,01_시즌,가을,17454,1053,41630254,89900,7880,39500.0,42830.0,43894.0,137537520,1569114600,8297640,94664700,39535,56,4081,177241639,32158280,366881900,23.38,0.94,0,20.4
2022,2022-09-25,가을_팬츠,01_시즌,가을,15828,401,19225259,114450,12885,45182.0,46594.0,48279.0,203943780,1811514600,5166885,45894450,47943,58,1450,72079723,18628225,165338750,9.16,0.23,0,20.4
2022,2022-09-25,겨울_가디건,01_시즌,겨울,2717,43,5547000,199900,18008,129000.0,127664.0,96352.0,48927736,543128300,774344,8595700,129000,35,115,14642536,2070920,22988500,4.23,0.23,0,20.4
2022,2022-09-25,겨울_가성비 수트셋업,01_시즌,겨울,35060,2551,389667743,199000,37312,153723.0,150606.0,151238.0,1308158720,6976940000,95182912,507649000,152751,23,8160,1218165316,302429737,1623840000,23.27,0.62,0,20.4
2022,2022-09-25,겨울_고가 수트셋업,01_시즌,겨울,17823,422,94095214,311500,49133,237154.0,247664.0,215281.0,875697459,5551864500,20734126,131453000,222974,28,776,180483449,39347170,250498910,4.35,0.14,0,20.4
2022,2022-09-25,겨울_기모맨투맨셋업,01_시즌,겨울,59953,68,3146750,93233,11535,45868.0,46956.0,35822.0,691557855,5589598049,784380,6339844,46276,50,142,7152750,1689992,13239086,0.24,0.01,0,20.4
2022,2022-09-25,겨울_스웨터,01_시즌,겨울,45460,948,59767412,109900,12384,56856.0,62362.0,45015.0,562976640,4996054000,11740032,104185200,63046,43,2368,142630092,29120832,246043200,5.21,0.18,0,20.4
2022,2022-09-25,겨울_아우터,01_시즌,겨울,9291,204,45958820,324000,39071,212261.0,227952.0,188233.0,363008661,3010284000,7970484,66096000,225288,30,949,218613950,36723363,300384218,10.21,0.45,0,20.4
2022,2022-09-25,겨울_아우터셔츠,01_시즌,겨울,14484,447,24613000,109900,11720,59537.0,54456.0,52481.0,169752480,1591791600,5238840,49125300,55063,50,1378,69426100,14680790,145092200,9.51,0.29,0,20.4
2022,2022-09-25,겨울_코트,01_시즌,겨울,10885,247,66730070,824000,139252,270162.0,270162.0,327454.0,1515758020,8969240000,34395244,203528000,270162,67,247,66730070,34395244,203528000,2.27,0.02,0,20.4
2022,2022-09-25,겨울_팬츠,01_시즌,겨울,26904,237,23664120,119450,12732,102705.0,104594.0,60510.0,342541728,3213682800,3017484,28309650,99849,16,961,98129392,13588732,123784450,3.57,0.22,0,20.4
2022,2022-09-25,겨울_해비스웨터,01_시즌,겨울,12165,208,20552000,159900,15341,98664.0,98664.0,65391.0,186623265,1945183500,3190928,33259200,98808,38,208,20552000,3190928,33259200,1.71,0.08,0,20.4
2022,2022-09-25,겨울_해비아우터,01_시즌,겨울,19178,22,4785000,389000,32976,221575.0,226966.0,145594.0,632413728,7460242000,725472,8558000,217500,44,37,8141050,1327170,15163000,0.19,0.01,0,20.4
2022,2022-09-25,사계절_가성비 수트셋업,01_시즌,사계절,85607,1104,134592118,184000,29128,123382.0,123788.0,124215.0,2493560696,15751688000,32157312,203136000,121913,34,60101,6876993526,1673434365,11058584000,70.21,1.84,0,20.4
2022,2022-09-25,사계절_니트셋업,01_시즌,사계절,82577,1591,32639848,64066,6378,19328.0,18640.0,24065.0,526676106,5290378082,10147398,101929006,20515,68,32335,606101348,202490537,2068070010,39.16,0.66,0,20.4
2022,2022-09-25,사계절_데님셋업,01_시즌,사계절,28969,386,18002100,99900,13234,48081.0,48581.0,49011.0,383375746,2894003100,5108324,38561400,46638,53,11189,519799940,141956078,1117781100,38.62,0.86,0,20.4
2022,2022-09-25,사계절_셋업,01_시즌,사계절,87696,1896,94634984,169450,20672,89774.0,90225.0,91106.0,1812851712,14860087200,39194112,321277200,49913,71,42202,2267791297,849771762,7115519300,48.12,0.67,0,20.4
2022,2022-09-25,사계절_셋업셔츠,01_시즌,사계절,101890,881,26793634,69900,7104,25698.0,27167.0,29098.0,723826560,7122111000,6258624,61581900,30413,56,52127,1677711762,379834260,3643677300,51.16,1.58,0,20.4
2022,2022-09-25,여름_가성비 수트셋업,01_시즌,여름,51382,116,15725800,194834,34048,146523.0,150852.0,146442.0,1749454336,10010960588,3949568,22600744,135567,30,40537,5698280185,1384771436,7875238984,78.89,2.17,0,20.4
2022,2022-09-25,여름_고가 수트셋업,01_시즌,여름,26511,69,11357700,249000,37996,171490.0,176822.0,168758.0,1007311956,6601239000,2621724,17181000,164604,34,20117,3229793353,765199038,5009133000,75.88,2.16,0,20.4
2022,2022-09-25,여름_디자인팬츠,01_시즌,여름,49379,92,3107158,134112,14529,43819.0,51401.0,59743.0,717427491,6622316448,1336668,12338304,33773,75,28510,1786263721,414149758,3815047666,57.74,1.69,0,20.4
2022,2022-09-25,여름_반바지,01_시즌,여름,45666,237,4696600,79900,8726,22382.0,22856.0,26288.0,398481516,3648713400,2068062,18936300,19817,75,26202,621662920,228638652,2093539800,57.38,0.84,0,20.4
2022,2022-09-25,여름_반팔스웨터,01_시즌,여름,128135,189,4877109,94900,10020,67342.0,40343.0,37774.0,1283912700,12160011500,1893780,17936100,25805,73,84566,2692452160,843660746,8030614460,66.0,1.25,0,20.4
2022,2022-09-25,여름_반팔티셔츠,01_시즌,여름,431699,132,2407730,75614,8474,16686.0,20065.0,23918.0,3658217326,32642488186,1118568,9981048,18240,76,225843,3933888800,1890786582,16889021779,52.31,0.46,0,20.4
2022,2022-09-25,여름_자켓,01_시즌,여름,46958,137,13349454,249000,26616,89981.0,100060.0,120130.0,1249834128,11692542000,3646392,34113000,97441,61,30591,3787476483,820405221,7617049000,65.15,2.1,0,20.4
2022,2022-09-25,여름_점퍼,01_시즌,여름,31329,602,35159159,249000,22965,58384.0,58597.0,89380.0,719470485,7800921000,13824930,149898000,58404,77,17734,1594100193,407331387,4415766000,56.61,1.45,0,20.4
2022,2022-09-25,여름_캐주얼셔츠,01_시즌,여름,241831,2847,57085688,86567,7473,23235.0,25611.0,32535.0,1807203063,20934584177,21275631,246456249,20051,77,135257,3868640462,1014175513,11705842593,55.93,1.38,0,20.4
2022,2022-09-25,여름_팬츠,01_시즌,여름,215495,495,14758450,84900,8628,24491.0,24238.0,30018.0,1859290860,18295525500,4270860,42025500,29815,65,100124,3394351014,849852982,8500527600,46.46,1.2,0,20.4
2022,2022-10-02,가을_가성비 수트셋업,01_시즌,가을,23009,1095,160231282,199000,36736,146534.0,149050.0,151962.0,845258624,4578791000,40225920,217905000,146330,26,14082,2113244171,480690467,2802318000,61.2,1.7,0,17.3
2022,2022-10-02,가을_아우터,01_시즌,가을,2700,193,22628532,259000,31964,117246.0,114979.0,118186.0,86302800,699300000,6169052,49987000,117246,55,830,100731706,26530120,214970000,30.74,0.75,0,17.3
2022,2022-10-02,가을_이너,01_시즌,가을,15894,523,29480350,144900,18445,77692.0,75378.0,80166.0,293164830,2303040600,9646735,75782700,56368,61,2153,140125375,39451825,311969700,13.55,0.3,0,17.3
2022,2022-10-02,가을_캐주얼셔츠,01_시즌,가을,17454,1100,41847226,89900,7880,38041.0,38755.0,43894.0,137537520,1569114600,8668000,98890000,38043,58,5181,219088865,40826280,465771900,29.68,1.15,0,17.3
2022,2022-10-02,가을_팬츠,01_시즌,가을,15828,459,21588020,114450,12885,45073.0,44184.0,48279.0,203943780,1811514600,5914215,52532550,47033,59,1909,93667743,24542440,217871300,12.06,0.3,0,17.3
2022,2022-10-02,겨울_가디건,01_시즌,겨울,2717,76,8999336,199900,20164,118412.0,111316.0,96352.0,54785588,543128300,1532464,15192400,118412,41,191,23641872,3603384,38180900,7.03,0.33,0,17.3
2022,2022-10-02,겨울_가성비 수트셋업,01_시즌,겨울,39699,2889,421737505,199000,37872,147014.0,149336.0,151238.0,1503480528,7900101000,109412208,574911000,145980,27,11049,1639902821,411841945,2198751000,27.83,0.72,0,17.3
2022,2022-10-02,겨울_고가 수트셋업,01_시즌,겨울,17823,454,97700715,311500,49474,227157.0,222398.0,215281.0,881775102,5551864500,22461196,141421000,215200,31,1230,278184164,61808366,391919910,6.9,0.22,0,17.3
2022,2022-10-02,겨울_기모맨투맨셋업,01_시즌,겨울,62693,416,20134200,93233,12061,47991.0,42566.0,35822.0,756140273,5845056469,5017376,38784928,48400,48,558,27286950,6707368,52024014,0.89,0.02,0,17.3
2022,2022-10-02,겨울_스웨터,01_시즌,겨울,45460,1163,64908739,109900,12824,57152.0,50831.0,45015.0,582979040,4996054000,14914312,127813700,55811,49,3531,207538831,44035144,373856900,7.77,0.25,0,17.3
2022,2022-10-02,겨울_아우터,01_시즌,겨울,9291,349,71593020,324000,39074,198028.0,197950.0,188233.0,363036534,3010284000,13636826,113076000,205138,37,1298,290206970,50360189,413460218,13.97,0.59,0,17.3
2022,2022-10-02,겨울_아우터셔츠,01_시즌,겨울,16654,442,23675595,132400,14273,55327.0,55629.0,52481.0,237702542,2204989600,6308666,58520800,53565,60,1820,93101695,20989456,203613000,10.93,0.27,0,17.3
2022,2022-10-02,겨울_코트,01_시즌,겨울,14385,24,2887690,749000,119947,586209.0,359719.0,309013.0,1725437595,10774365000,2878728,17976000,120320,84,271,69617760,37273972,221504000,1.88,0.02,0,17.3
2022,2022-10-02,겨울_팬츠,01_시즌,겨울,28300,375,31865909,119450,12706,72934.0,71943.0,60510.0,359579800,3380435000,4764750,44793750,84976,29,1336,129995301,18353482,168578200,4.72,0.28,0,17.3
2022,2022-10-02,겨울_해비스웨터,01_시즌,겨울,12165,81,5616800,159900,17360,68158.0,79504.0,65391.0,211184400,1945183500,1406160,12951900,69343,57,289,26168800,4597088,46211100,2.38,0.09,0,17.3
2022,2022-10-02,겨울_해비아우터,01_시즌,겨울,23512,5,932250,389000,33039,192775.0,175602.0,145594.0,776812968,9146168000,165195,1945000,186450,52,42,9073300,1492365,17108000,0.18,0.01,0,17.3
2022,2022-10-02,사계절_가성비 수트셋업,01_시즌,사계절,85607,878,108692025,184000,29128,126142.0,125834.0,124215.0,2493560696,15751688000,25574384,161552000,123795,33,60979,6985685551,1699008749,11220136000,71.23,1.87,0,17.3
2022,2022-10-02,사계절_니트셋업,01_시즌,사계절,82577,2126,39505668,64066,6378,18972.0,19604.0,24065.0,526676106,5290378082,13559628,136204316,18582,71,34461,645607016,216050165,2204274326,41.73,0.7,0,17.3
2022,2022-10-02,사계절_데님셋업,01_시즌,사계절,28969,481,24637757,99900,13234,50281.0,49577.0,49011.0,383375746,2894003100,6365554,48051900,51222,49,11670,544437697,148321632,1165833000,40.28,0.9,0,17.3
2022,2022-10-02,사계절_셋업,01_시즌,사계절,87696,2336,118965745,169450,20672,93089.0,87396.0,91106.0,1812851712,14860087200,48289792,395835200,50927,70,44538,2386757042,898061554,7511354500,50.79,0.7,0,17.3
2022,2022-10-02,사계절_셋업셔츠,01_시즌,사계절,101890,956,29452545,69900,7104,25479.0,26015.0,29098.0,723826560,7122111000,6791424,66824400,30808,56,53083,1707164307,386625684,3710501700,52.1,1.61,0,17.3
2022,2022-10-09,가을_가성비 수트셋업,01_시즌,가을,23009,1093,154994049,199000,36736,143344.0,149050.0,151962.0,845258624,4578791000,40152448,217507000,141806,29,15175,2268238220,520842915,3019825000,65.95,1.82,0,14.2
2022,2022-10-09,가을_아우터,01_시즌,가을,2700,269,31329500,259000,31964,116467.0,114979.0,118186.0,86302800,699300000,8598316,69671000,116467,55,1099,132061206,35128436,284641000,40.7,0.98,0,14.2
2022,2022-10-09,가을_이너,01_시즌,가을,15894,474,32872079,144900,18445,78340.0,75378.0,80166.0,293164830,2303040600,8742930,68682600,69350,52,2627,172997454,48194755,380652300,16.53,0.37,0,14.2
2022,2022-10-09,가을_캐주얼셔츠,01_시즌,가을,17454,786,28927725,89900,7880,36813.0,38755.0,43894.0,137537520,1569114600,6193680,70661400,36804,59,5967,248016590,47019960,536433300,34.19,1.3,0,14.2
2022,2022-10-09,가을_팬츠,01_시즌,가을,15828,532,24726421,114450,12885,44596.0,44184.0,48279.0,203943780,1811514600,6854820,60887400,46478,59,2441,118394164,31397260,278758700,15.42,0.37,0,14.2
2022,2022-10-09,겨울_가디건,01_시즌,겨울,2717,100,12001100,199900,20164,120011.0,111316.0,96352.0,54785588,543128300,2016400,19990000,120011,40,291,35642972,5619784,58170900,10.71,0.49,0,14.2
2022,2022-10-09,겨울_가성비 수트셋업,01_시즌,겨울,39699,3674,524631817,199000,37872,143036.0,149336.0,151238.0,1503480528,7900101000,139141728,731126000,142796,28,14723,2164534638,550983673,2929877000,37.09,0.94,0,14.2
2022,2022-10-09,겨울_고가 수트셋업,01_시즌,겨울,17823,571,117524306,311500,49474,217233.0,222398.0,215281.0,881775102,5551864500,28249654,177866500,205822,34,1801,395708470,90058020,569786410,10.1,0.31,0,14.2
2022,2022-10-09,겨울_기모맨투맨셋업,01_시즌,겨울,66476,793,34680525,129900,14420,44850.0,55722.0,45645.0,958583920,8635232400,11435060,103010700,43733,66,1351,61967475,18142428,155034714,2.03,0.04,0,14.2
2022,2022-10-09,겨울_스웨터,01_시즌,겨울,45460,1125,54061867,109900,12824,47098.0,50831.0,45015.0,582979040,4996054000,14427000,123637500,48055,56,4656,261600698,58462144,497494400,10.24,0.31,0,14.2
2022,2022-10-09,겨울_아우터,01_시즌,겨울,13588,470,100890280,391500,43207,221950.0,199164.0,184878.0,587096716,5319702000,20307290,184005000,214660,45,1768,391097250,70667479,597465218,13.01,0.49,0,14.2
2022,2022-10-09,겨울_아우터셔츠,01_시즌,겨울,16654,518,28134550,132400,14273,53049.0,55629.0,52481.0,237702542,2204989600,7393414,68583200,54314,59,2338,121236245,28382870,272196200,14.04,0.34,0,14.2
2022,2022-10-09,겨울_코트,01_시즌,겨울,17587,298,74577960,754556,120208,454200.0,359719.0,309013.0,2114098096,13270376372,35821984,224857688,250262,67,569,144195720,73095956,446361688,3.24,0.03,0,14.2
2022,2022-10-09,겨울_팬츠,01_시즌,겨울,32197,1662,121070275,119450,13502,77474.0,71943.0,60510.0,434723894,3845931650,22440324,198525900,72846,39,2998,251065576,40793806,367104100,9.31,0.43,0,14.2
2022,2022-10-09,겨울_해비스웨터,01_시즌,겨울,22784,218,19216440,146567,15920,93095.0,72703.0,57719.0,362721280,3339382528,3470560,31951606,88149,40,507,45385240,8067648,78162706,2.23,0.09,0,14.2
2022,2022-10-09,겨울_해비아우터,01_시즌,겨울,30896,178,38636100,414000,35572,226961.0,175602.0,145594.0,1099032512,12790944000,6331816,73692000,217057,48,220,47709400,7824181,90800000,0.71,0.03,0,14.2
2022,2022-10-09,사계절_가성비 수트셋업,01_시즌,사계절,85607,839,104251909,184000,29128,126302.0,125834.0,124215.0,2493560696,15751688000,24438392,154376000,124257,32,61818,7089937460,1723447141,11374512000,72.21,1.89,0,14.2
2022,2022-10-09,사계절_니트셋업,01_시즌,사계절,82577,2428,42354138,64066,6378,19943.0,19604.0,24065.0,526676106,5290378082,15485784,155552248,17444,73,36889,687961154,231535949,2359826574,44.67,0.75,0,14.2
2022,2022-10-09,사계절_데님셋업,01_시즌,사계절,28969,548,28345320,99900,13234,50612.0,49577.0,49011.0,383375746,2894003100,7252232,54745200,51725,48,12218,572783017,155573864,1220578200,42.18,0.95,0,14.2
2022,2022-10-09,사계절_셋업,01_시즌,사계절,87696,2508,125781586,169450,20672,80878.0,87396.0,91106.0,1812851712,14860087200,51845376,424980600,50152,70,47046,2512538628,949906930,7936335100,53.65,0.74,0,14.2
2022,2022-10-09,사계절_셋업셔츠,01_시즌,사계절,101890,1054,34748724,69900,7104,26523.0,26015.0,29098.0,723826560,7122111000,7487616,73674600,32968,53,54137,1741913031,394113300,3784176300,53.13,1.64,0,14.2
2022,2022-10-16,가을_가성비 수트셋업,01_시즌,가을,23009,783,116909263,199000,36736,151172.0,149050.0,151962.0,845258624,4578791000,28764288,155817000,149309,25,15958,2385147483,549607203,3175642000,69.36,1.92,0,12.9
2022,2022-10-16,가을_아우터,01_시즌,가을,2700,282,35042659,259000,31964,124265.0,114979.0,118186.0,86302800,699300000,9013848,73038000,124265,52,1381,167103865,44142284,357679000,51.15,1.25,0,12.9
2022,2022-10-16,가을_이너,01_시즌,가을,15894,654,38061330,144900,18445,72243.0,75378.0,80166.0,293164830,2303040600,12063030,94764600,58198,60,3281,211058784,60257785,475416900,20.64,0.45,0,12.9
2022,2022-10-16,가을_캐주얼셔츠,01_시즌,가을,17454,868,35439867,89900,7880,40773.0,38755.0,43894.0,137537520,1569114600,6839840,78033200,40829,55,6835,283456457,53859800,614466500,39.16,1.48,0,12.9
2022,2022-10-16,가을_팬츠,01_시즌,가을,15828,578,28526500,114450,12885,46737.0,44184.0,48279.0,203943780,1811514600,7447530,66152100,49354,57,3019,146920664,38844790,344910800,19.07,0.46,0,12.9
2022,2022-10-16,겨울_가디건,01_시즌,겨울,6463,117,12838901,199900,17190,109734.0,111316.0,96352.0,111098970,1291953700,2011230,23388300,109734,45,408,48481873,7631014,81559200,6.31,0.33,0,12.9
2022,2022-10-16,겨울_가성비 수트셋업,01_시즌,겨울,39699,3157,473081170,199000,37872,150880.0,149336.0,151238.0,1503480528,7900101000,119561904,628243000,149851,25,17880,2637615808,670545577,3558120000,45.04,1.15,0,12.9
2022,2022-10-16,겨울_고가 수트셋업,01_시즌,겨울,17823,657,136712313,311500,49474,222100.0,222398.0,215281.0,881775102,5551864500,32504418,204655500,208086,33,2458,532420783,122562438,774441910,13.79,0.41,0,12.9
2022,2022-10-16,겨울_기모맨투맨셋업,01_시즌,겨울,86638,1813,63498700,131567,14198,36673.0,55722.0,45645.0,1230086324,11398701746,25740974,238530971,35024,73,3164,125466175,43883402,393565685,3.65,0.06,0,12.9
2022,2022-10-16,겨울_스웨터,01_시즌,겨울,61873,1977,99583399,109900,12704,51786.0,50831.0,45015.0,786034592,6799842700,25115808,217272300,50371,54,6633,361184097,83577952,714766700,10.72,0.31,0,12.9
2022,2022-10-16,겨울_아우터,01_시즌,겨울,14366,1161,245556623,391500,43207,236517.0,199164.0,184878.0,620711762,5624289000,50163327,454531500,211504,46,2929,636653873,120830806,1051996718,20.39,0.74,0,12.9
2022,2022-10-16,겨울_아우터셔츠,01_시즌,겨울,16654,713,40905700,132400,14273,57976.0,55629.0,52481.0,237702542,2204989600,10176649,94401200,57371,57,3051,162141945,38559519,366597400,18.32,0.46,0,12.9
2022,2022-10-16,겨울_코트,01_시즌,겨울,24383,968,244788765,621222,88356,420795.0,359719.0,309013.0,2154384348,15147256026,85528608,601342896,252881,59,1537,388984485,158624564,1047704584,6.3,0.09,0,12.9
2022,2022-10-16,겨울_팬츠,01_시즌,겨울,43531,1286,103181042,119450,13309,65737.0,71943.0,60510.0,579354079,5199777950,17115374,153612700,80234,33,4284,354246618,57909180,520716800,9.84,0.46,0,12.9
2022,2022-10-16,겨울_해비스웨터,01_시즌,겨울,33700,358,27054850,143233,14685,76694.0,72703.0,57719.0,494884500,4826952100,5257230,51277414,75572,47,865,72440090,13324878,129440120,2.57,0.11,0,12.9
2022,2022-10-16,겨울_해비아우터,01_시즌,겨울,37872,546,91604640,483667,42952,243762.0,217441.0,175846.0,1626678144,18317436624,23451792,264082182,167774,65,766,139314040,31275973,354882182,2.02,0.06,0,12.9
2022,2022-10-16,사계절_가성비 수트셋업,01_시즌,사계절,85607,860,108342031,184000,29128,127846.0,125834.0,124215.0,2493560696,15751688000,25050080,158240000,125979,32,62678,7198279491,1748497221,11532752000,73.22,1.92,0,12.9
2022,2022-10-16,사계절_니트셋업,01_시즌,사계절,82577,1675,32754084,64066,6378,21064.0,19604.0,24065.0,526676106,5290378082,10683150,107310550,19555,69,38564,720715238,242219099,2467137124,46.7,0.78,0,12.9
2022,2022-10-16,사계절_데님셋업,01_시즌,사계절,28969,503,26453538,99900,13234,50683.0,49577.0,49011.0,383375746,2894003100,6656702,50249700,52592,47,12721,599236555,162230566,1270827900,43.91,1.0,0,12.9
2022,2022-10-16,사계절_셋업,01_시즌,사계절,87696,2477,126195416,169450,20672,90132.0,87396.0,91106.0,1812851712,14860087200,51204544,419727650,50947,70,49523,2638734044,1001111474,8356062750,56.47,0.77,0,12.9
2022,2022-10-16,사계절_셋업셔츠,01_시즌,사계절,101890,1140,38531912,69900,7104,26745.0,26015.0,29098.0,723826560,7122111000,8098560,79686000,33800,52,55277,1780444943,402211860,3863862300,54.25,1.68,0,12.9
2022,2022-10-23,가을_가성비 수트셋업,01_시즌,가을,23009,524,79189317,199000,36736,153254.0,149050.0,151962.0,845258624,4578791000,19249664,104276000,151125,24,16482,2464336800,568856867,3279918000,71.63,1.98,0,12.9
2022,2022-10-23,가을_아우터,01_시즌,가을,2700,133,14353200,259000,31964,107919.0,114979.0,118186.0,86302800,699300000,4251212,34447000,107919,58,1514,181457065,48393496,392126000,56.07,1.35,0,12.9
2022,2022-10-23,가을_이너,01_시즌,가을,15894,566,28684700,144900,18445,72980.0,75378.0,80166.0,293164830,2303040600,10439870,82013400,50680,65,3847,239743484,70697655,557430300,24.2,0.5,0,12.9
2022,2022-10-23,가을_캐주얼셔츠,01_시즌,가을,17454,633,23409575,89900,7880,37312.0,38755.0,43894.0,137537520,1569114600,4988040,56906700,36982,59,7468,306866032,58847840,671373200,42.79,1.6,0,12.9
2022,2022-10-23,가을_팬츠,01_시즌,가을,15828,448,19008450,114450,12885,41283.0,44184.0,48279.0,203943780,1811514600,5772480,51273600,42430,63,3467,165929114,44617270,396184400,21.9,0.52,0,12.9
2022,2022-10-23,겨울_가디건,01_시즌,겨울,6463,205,22397184,199900,17190,108722.0,111316.0,96352.0,111098970,1291953700,3523950,40979500,109255,45,613,70879057,11154964,122538700,9.48,0.48,0,12.9
2022,2022-10-23,겨울_가성비 수트셋업,01_시즌,겨울,39699,2156,331872898,199000,37872,153708.0,149336.0,151238.0,1503480528,7900101000,81652032,429044000,153930,23,20036,2969488706,752197609,3987164000,50.47,1.3,0,12.9
2022,2022-10-23,겨울_고가 수트셋업,01_시즌,겨울,17823,502,102494505,311500,49474,219133.0,222398.0,215281.0,881775102,5551864500,24835948,156373000,204172,34,2960,634915288,147398386,930814910,16.61,0.49,0,12.9
2022,2022-10-23,겨울_기모맨투맨셋업,01_시즌,겨울,86638,3429,122716409,131567,14198,41366.0,55722.0,45645.0,1230086324,11398701746,48684942,451143243,35788,73,6593,248182584,92568344,844708928,7.61,0.11,0,12.9
2022,2022-10-23,겨울_스웨터,01_시즌,겨울,61873,2402,114289257,109900,12704,49037.0,50831.0,45015.0,786034592,6799842700,30515008,263979800,47581,57,9035,475473354,114092960,978746500,14.6,0.4,0,12.9
2022,2022-10-23,겨울_아우터,01_시즌,겨울,14366,900,174915343,391500,43207,184321.0,199164.0,184878.0,620711762,5624289000,38886300,352350000,194350,50,3829,811569216,159717106,1404346718,26.65,0.93,0,12.9
2022,2022-10-23,겨울_아우터셔츠,01_시즌,겨울,16654,792,49287250,132400,14273,56680.0,55629.0,52481.0,237702542,2204989600,11304216,104860800,62231,53,3843,211429195,49863735,471458200,23.08,0.6,0,12.9
2022,2022-10-23,겨울_코트,01_시즌,겨울,27783,583,143629407,621222,88356,299608.0,359719.0,309013.0,2454794748,17259410826,51511548,362172426,246363,60,2120,532613892,210136112,1409877010,7.63,0.11,0,12.9
2022,2022-10-23,겨울_팬츠,01_시즌,겨울,56123,1507,110268438,119450,13308,74588.0,71943.0,60510.0,746884884,6703892350,20055156,180011150,73171,39,5791,464515056,77964336,700727950,10.32,0.46,0,12.9
2022,2022-10-23,겨울_해비스웨터,01_시즌,겨울,49456,622,41583616,147400,14682,70677.0,74533.0,59250.0,726112992,7289814400,9132204,91682800,66855,55,1487,114023706,22457082,221122920,3.01,0.11,0,12.9
2022,2022-10-23,겨울_해비아우터,01_시즌,겨울,37872,738,121807093,483667,42952,202642.0,217441.0,175846.0,1626678144,18317436624,31698576,356946246,165050,66,1504,261121133,62974549,711828428,3.97,0.11,0,12.9
2022,2022-10-23,사계절_가성비 수트셋업,01_시즌,사계절,85607,640,81515849,184000,29128,126813.0,125834.0,124215.0,2493560696,15751688000,18641920,117760000,127369,31,63318,7279795340,1767139141,11650512000,73.96,1.95,0,12.9
2022,2022-10-23,사계절_니트셋업,01_시즌,사계절,82577,2552,36768115,64066,6378,18224.0,19604.0,24065.0,526676106,5290378082,16276656,163496432,14408,78,41116,757483353,258495755,2630633556,49.79,0.82,0,12.9
2022,2022-10-23,사계절_데님셋업,01_시즌,사계절,28969,549,26196435,99900,13234,46788.0,49577.0,49011.0,383375746,2894003100,7265466,54845100,47717,52,13270,625432990,169496032,1325673000,45.81,1.04,0,12.9
2022,2022-10-23,사계절_셋업,01_시즌,사계절,87696,1761,80056706,169450,20672,83858.0,87396.0,91106.0,1812851712,14860087200,36403392,298401450,45461,73,51284,2718790750,1037514866,8654464200,58.48,0.79,0,12.9
2022,2022-10-23,사계절_셋업셔츠,01_시즌,사계절,101890,878,26531319,69900,7104,25433.0,26015.0,29098.0,723826560,7122111000,6237312,61372200,30218,57,56155,1806976262,408449172,3925234500,55.11,1.71,0,12.9
2022,2022-10-30,가을_가성비 수트셋업,01_시즌,가을,23009,381,56599065,199000,36736,150950.0,149050.0,151962.0,845258624,4578791000,13996416,75819000,148554,25,16863,2520935865,582853283,3355737000,73.29,2.02,0,10.7
2022,2022-10-30,가을_아우터,01_시즌,가을,2700,69,7521000,259000,31964,109000.0,114979.0,118186.0,86302800,699300000,2205516,17871000,109000,58,1583,188978065,50599012,409997000,58.63,1.4,0,10.7
2022,2022-10-30,가을_이너,01_시즌,가을,15894,245,14944128,144900,18445,75638.0,75378.0,80166.0,293164830,2303040600,4519025,35500500,60996,58,4092,254687612,75216680,592930800,25.75,0.53,0,10.7
2022,2022-10-30,가을_캐주얼셔츠,01_시즌,가을,17454,289,11777575,89900,7880,40837.0,38755.0,43894.0,137537520,1569114600,2277320,25981100,40753,55,7757,318643607,61125160,697354300,44.44,1.66,0,10.7
2022,2022-10-30,가을_팬츠,01_시즌,가을,15828,332,14402645,114450,12885,43234.0,44184.0,48279.0,203943780,1811514600,4277820,37997400,43381,62,3799,180331759,48895090,434181800,24.0,0.56,0,10.7
2022,2022-10-30,겨울_가디건,01_시즌,겨울,6463,154,16183720,199900,17190,106806.0,111316.0,96352.0,111098970,1291953700,2647260,30784600,105089,47,767,87062777,13802224,153323300,11.87,0.59,0,10.7
2022,2022-10-30,겨울_가성비 수트셋업,01_시즌,겨울,39699,1692,255122482,199000,37872,152042.0,149336.0,151238.0,1503480528,7900101000,64079424,336708000,150782,24,21728,3224611188,816277033,4323872000,54.73,1.41,0,10.7
2022,2022-10-30,겨울_고가 수트셋업,01_시즌,겨울,17823,436,91888786,311500,49474,226367.0,222398.0,215281.0,881775102,5551864500,21570664,135814000,210754,32,3396,726804074,168969050,1066628910,19.05,0.56,0,10.7
2022,2022-10-30,겨울_기모맨투맨셋업,01_시즌,겨울,110747,863,40549966,131567,14211,56576.0,55722.0,45645.0,1573825617,14570650549,12264093,113542321,46987,64,7456,288732550,104832437,958251249,6.73,0.1,0,10.7
2022,2022-10-30,겨울_스웨터,01_시즌,겨울,73602,2182,109733435,109900,12656,49082.0,50831.0,45015.0,931506912,8088859800,27615392,239801800,50290,54,11217,585206789,141708352,1218548300,15.24,0.42,0,10.7
2022,2022-10-30,겨울_아우터,01_시즌,겨울,14366,751,122477692,391500,43207,164614.0,199164.0,184878.0,620711762,5624289000,32448457,294016500,163086,58,4580,934046908,192165563,1698363218,31.88,1.06,0,10.7
2022,2022-10-30,겨울_아우터셔츠,01_시즌,겨울,16654,380,21106334,132400,14273,54391.0,55629.0,52481.0,237702542,2204989600,5423740,50312000,55543,58,4223,232535529,55287475,521770200,25.36,0.66,0,10.7
2022,2022-10-30,겨울_코트,01_시즌,겨울,31735,600,149728900,621222,88355,304510.0,359719.0,309013.0,2803945925,19714480170,53013000,372733200,249548,60,2720,682342792,263149112,1782610210,8.57,0.13,0,10.7
2022,2022-10-30,겨울_팬츠,01_시즌,겨울,68623,1692,107025643,119450,13563,68016.0,71943.0,60510.0,930733749,8197017350,22948596,202109400,63254,47,7483,571540699,100912932,902837350,10.9,0.45,0,10.7
2022,2022-10-30,겨울_해비스웨터,01_시즌,겨울,49456,568,41768100,147400,14682,73921.0,74533.0,59250.0,726112992,7289814400,8339376,83723200,73535,50,2055,155791806,30796458,304846120,4.16,0.15,0,10.7
2022,2022-10-30,겨울_해비아우터,01_시즌,겨울,37872,584,94803084,483667,42952,197926.0,217441.0,175846.0,1626678144,18317436624,25083968,282461528,162334,66,2088,355924217,88058517,994289956,5.51,0.14,0,10.7
2022,2022-10-30,사계절_가성비 수트셋업,01_시즌,사계절,85607,815,97947376,184000,29128,122070.0,125834.0,124215.0,2493560696,15751688000,23739320,149960000,120181,35,64133,7377742716,1790878461,11800472000,74.92,1.97,0,10.7
2022,2022-10-30,사계절_니트셋업,01_시즌,사계절,82577,2106,28947027,64066,6378,19816.0,19604.0,24065.0,526676106,5290378082,13432068,134922996,13745,79,43222,786430380,271927823,2765556552,52.34,0.84,0,10.7
2022,2022-10-30,사계절_데님셋업,01_시즌,사계절,28969,306,15687587,99900,13234,49644.0,49577.0,49011.0,383375746,2894003100,4049604,30569400,51267,49,13576,641120577,173545636,1356242400,46.86,1.07,0,10.7
2022,2022-10-30,사계절_셋업,01_시즌,사계절,87696,1035,51897226,169450,20672,89021.0,87396.0,91106.0,1812851712,14860087200,21395520,175380750,50142,70,52319,2770687976,1058910386,8829844950,59.66,0.81,0,10.7
2022,2022-10-30,사계절_셋업셔츠,01_시즌,사계절,101890,863,26839054,69900,7104,25894.0,26015.0,29098.0,723826560,7122111000,6130752,60323700,31100,56,57018,1833815316,414579924,3985558200,55.96,1.73,0,10.7
2022,2022-11-06,가을_가성비 수트셋업,01_시즌,가을,23009,665,98096669,199000,36736,149904.0,153670.0,151962.0,845258624,4578791000,24429440,132335000,147514,26,17528,2619032534,607282723,3488072000,76.18,2.1,0,13.0
2022,2022-11-06,가을_아우터,01_시즌,가을,2700,57,6572176,259000,31964,115301.0,109856.0,118186.0,86302800,699300000,1821948,14763000,115301,55,1640,195550241,52420960,424760000,60.74,1.45,0,13.0
2022,2022-11-06,가을_이너,01_시즌,가을,15894,193,12104331,144900,18445,72275.0,71688.0,80166.0,293164830,2303040600,3559885,27965700,62717,57,4285,266791943,78776565,620896500,26.96,0.56,0,13.0
2022,2022-11-06,가을_캐주얼셔츠,01_시즌,가을,17454,387,14696820,89900,7880,38036.0,33699.0,43894.0,137537520,1569114600,3049560,34791300,37976,58,8144,333340427,64174720,732145600,46.66,1.74,0,13.0
2022,2022-11-06,가을_팬츠,01_시즌,가을,15828,327,14776310,114450,12885,43206.0,39167.0,48279.0,203943780,1811514600,4213395,37425150,45187,61,4126,195108069,53108485,471606950,26.07,0.61,0,13.0
2022,2022-11-06,겨울_가디건,01_시즌,겨울,6463,178,17864095,199900,17190,100052.0,98272.0,96352.0,111098970,1291953700,3059820,35582200,100360,50,945,104926872,16862044,188905500,14.62,0.71,0,13.0
2022,2022-11-06,겨울_가성비 수트셋업,01_시즌,겨울,39699,1938,285636388,199000,37872,149190.0,151717.0,151238.0,1503480528,7900101000,73395936,385662000,147387,26,23666,3510247576,889672969,4709534000,59.61,1.53,0,13.0
2022,2022-11-06,겨울_고가 수트셋업,01_시즌,겨울,17823,498,101322667,311500,49474,219228.0,206224.0,215281.0,881775102,5551864500,24638052,155127000,203459,35,3894,828126741,193607102,1221755910,21.85,0.63,0,13.0
2022,2022-11-06,겨울_기모맨투맨셋업,01_시즌,겨울,110747,2264,82514840,131567,14216,51750.0,46594.0,45645.0,1574379352,14570650549,32185024,297867688,36446,72,9720,371247390,137017461,1256118937,8.78,0.13,0,13.0
2022,2022-11-06,겨울_스웨터,01_시즌,겨울,73602,1923,68244177,109900,14540,38665.0,38834.0,45015.0,1070173080,8088859800,27960420,211337700,35488,68,13140,653450966,169668772,1429886000,17.85,0.4,0,13.0
2022,2022-11-06,겨울_아우터,01_시즌,겨울,14366,975,166699570,391500,43207,182124.0,180122.0,184878.0,620711762,5624289000,42126825,381712500,170974,56,5555,1100746478,234292388,2080075718,38.67,1.23,0,13.0
2022,2022-11-06,겨울_아우터셔츠,01_시즌,겨울,16654,472,30608210,132400,14273,59674.0,54918.0,52481.0,237702542,2204989600,6736856,62492800,64848,51,4695,263143739,62024331,584263000,28.19,0.75,0,13.0
2022,2022-11-06,겨울_코트,01_시즌,겨울,37529,2088,460248276,621222,89003,318349.0,299930.0,309013.0,3340193587,23313840438,185838264,1297111536,220425,65,4808,1142591068,448987376,3079721746,12.81,0.18,0,13.0
2022,2022-11-06,겨울_팬츠,01_시즌,겨울,68656,2905,158750625,119450,14233,50036.0,54624.0,60510.0,977180848,8200959200,41346865,347002250,54647,54,10388,730291324,142259797,1249839600,15.13,0.53,0,13.0
2022,2022-11-06,겨울_해비스웨터,01_시즌,겨울,49456,1568,102993880,147400,15280,73284.0,57667.0,59250.0,755687680,7289814400,23959040,231123200,65685,55,3623,258785686,54755498,535969320,7.33,0.24,0,13.0
2022,2022-11-06,겨울_해비아우터,01_시즌,겨울,42110,1623,254598679,483667,43041,212286.0,179266.0,175846.0,1812456510,20367217370,69855543,784991541,156869,68,3711,610522896,157914060,1779281497,8.81,0.22,0,13.0
2022,2022-11-06,사계절_가성비 수트셋업,01_시즌,사계절,85607,707,84959789,184000,29128,123161.0,124947.0,124215.0,2493560696,15751688000,20593496,130088000,120169,35,64840,7462702505,1811471957,11930560000,75.74,1.99,0,13.0
2022,2022-11-06,사계절_니트셋업,01_시즌,사계절,82577,2667,36303525,64066,6378,19300.0,17561.0,24065.0,526676106,5290378082,17010126,170864022,13612,79,45889,822733905,288937949,2936420574,55.57,0.87,0,13.0
2022,2022-11-06,사계절_데님셋업,01_시즌,사계절,28969,379,18806415,99900,13234,49053.0,49899.0,49011.0,383375746,2894003100,5015686,37862100,49621,50,13955,659926992,178561322,1394104500,48.17,1.1,0,13.0
2022,2022-11-06,사계절_셋업,01_시즌,사계절,87696,1743,72882803,169450,20672,80081.0,89898.0,91106.0,1812851712,14860087200,36031296,295351350,41815,75,54062,2843570779,1094941682,9125196300,61.65,0.82,0,13.0
2022,2022-11-06,사계절_셋업셔츠,01_시즌,사계절,101890,794,25238429,69900,7104,26409.0,26306.0,29098.0,723826560,7122111000,5640576,55500600,31786,55,57812,1859053745,420220500,4041058800,56.74,1.75,0,13.0
2022,2022-11-13,가을_가성비 수트셋업,01_시즌,가을,23009,461,68782522,199000,36736,152931.0,153670.0,151962.0,845258624,4578791000,16935296,91739000,149203,25,17989,2687815056,624218019,3579811000,78.18,2.15,0,10.1
2022,2022-11-13,가을_아우터,01_시즌,가을,2700,22,2718000,259000,31964,123545.0,109856.0,118186.0,86302800,699300000,703208,5698000,123545,52,1662,198268241,53124168,430458000,61.56,1.47,0,10.1
2022,2022-11-13,가을_이너,01_시즌,가을,15894,250,13200400,144900,18445,78215.0,71688.0,80166.0,293164830,2303040600,4611250,36225000,52802,64,4535,279992343,83387815,657121500,28.53,0.58,0,10.1
2022,2022-11-13,가을_캐주얼셔츠,01_시즌,가을,17454,341,11494556,89900,7880,34596.0,33699.0,43894.0,137537520,1569114600,2687080,30655900,33708,63,8485,344834983,66861800,762801500,48.61,1.79,0,10.1
2022,2022-11-13,가을_팬츠,01_시즌,가을,15828,349,14698850,114450,12885,40558.0,39167.0,48279.0,203943780,1811514600,4496865,39943050,42117,63,4475,209806919,57605350,511550000,28.27,0.65,0,10.1
2022,2022-11-13,겨울_가디건,01_시즌,겨울,7515,140,16538030,199900,17190,117204.0,98272.0,96352.0,129182850,1502248500,2406600,27986000,118129,41,1085,121464902,19268644,216891500,14.44,0.71,0,10.1
2022,2022-11-13,겨울_가성비 수트셋업,01_시즌,겨울,39699,1174,177685726,199000,37872,152616.0,151717.0,151238.0,1503480528,7900101000,44461728,233626000,151351,24,24840,3687933302,934134697,4943160000,62.57,1.61,0,10.1
2022,2022-11-13,겨울_고가 수트셋업,01_시즌,겨울,17823,365,75483439,311500,49474,219481.0,206224.0,215281.0,881775102,5551864500,18058010,113697500,206804,34,4259,903610180,211665112,1335453410,23.9,0.69,0,10.1
2022,2022-11-13,겨울_기모맨투맨셋업,01_시즌,겨울,112031,2628,101163492,131567,14214,50892.0,46594.0,45645.0,1592408634,14739582577,37354392,345758076,38494,71,12348,472410882,174371853,1601877013,11.02,0.16,0,10.1
2022,2022-11-13,겨울_스웨터,01_시즌,겨울,73602,2898,114319235,109900,14540,40386.0,38834.0,45015.0,1070173080,8088859800,42136920,318490200,39448,64,16038,767770201,211805692,1748376200,21.79,0.45,0,10.1
2022,2022-11-13,겨울_아우터,01_시즌,겨울,14366,678,125184689,391500,43207,198852.0,180122.0,184878.0,620711762,5624289000,29294346,265437000,184638,53,6233,1225931167,263586734,2345512718,43.39,1.37,0,10.1
2022,2022-11-13,겨울_아우터셔츠,01_시즌,겨울,16654,458,30768954,132400,14273,60901.0,54918.0,52481.0,237702542,2204989600,6537034,60639200,67181,49,5153,293912693,68561365,644902200,30.94,0.84,0,10.1
2022,2022-11-13,겨울_코트,01_시즌,겨울,40699,1457,344956467,621222,89011,323045.0,299930.0,309013.0,3622658689,25283114178,129689027,905120454,236758,62,6265,1487547535,578676403,3984842200,15.39,0.21,0,10.1
2022,2022-11-13,겨울_팬츠,01_시즌,겨울,71168,2602,137175030,119450,14233,57766.0,54624.0,60510.0,1012934144,8501017600,37034266,310808900,52719,56,12990,867466354,179294063,1560648500,18.25,0.6,0,10.1
2022,2022-11-13,겨울_해비스웨터,01_시즌,겨울,53807,1801,75327737,147400,15280,53336.0,57667.0,59250.0,822170960,7931151800,27519280,265467400,41826,72,5424,334113423,82274778,801436720,10.08,0.27,0,10.1
2022,2022-11-13,겨울_해비아우터,01_시즌,겨울,56051,1367,183749665,483667,43047,189364.0,179266.0,175846.0,2412827397,27110019017,58845249,661172789,134418,72,5078,794272561,216759309,2440454286,9.06,0.21,0,10.1
2022,2022-11-13,사계절_가성비 수트셋업,01_시즌,사계절,85607,533,66385499,184000,29128,126712.0,124947.0,124215.0,2493560696,15751688000,15525224,98072000,124551,32,65373,7529088004,1826997181,12028632000,76.36,2.01,0,10.1
2022,2022-11-13,사계절_니트셋업,01_시즌,사계절,82577,813,11261404,64066,6378,19727.0,17561.0,24065.0,526676106,5290378082,5185314,52085658,13852,78,46702,833995309,294123263,2988506232,56.56,0.88,0,10.1
2022,2022-11-13,사계절_데님셋업,01_시즌,사계절,28969,290,14871795,99900,13234,50146.0,49899.0,49011.0,383375746,2894003100,3837860,28971000,51282,49,14245,674798787,182399182,1423075500,49.17,1.12,0,10.1
2022,2022-11-13,사계절_셋업,01_시즌,사계절,87696,785,40276699,169450,20672,90642.0,89898.0,91106.0,1812851712,14860087200,16227520,133018250,51308,70,54847,2883847478,1111169202,9258214550,62.54,0.83,0,10.1
2022,2022-11-13,사계절_셋업셔츠,01_시즌,사계절,101890,806,27270181,69900,7104,26540.0,26306.0,29098.0,723826560,7122111000,5725824,56339400,33834,52,58618,1886323926,425946324,4097398200,57.53,1.78,0,10.1
2022,2022-11-20,가을_가성비 수트셋업,01_시즌,가을,23009,377,56450238,199000,36736,150246.0,153670.0,151962.0,845258624,4578791000,13849472,75023000,149735,25,18366,2744265294,638067491,3654834000,79.82,2.2,0,10.8
2022,2022-11-20,가을_아우터,01_시즌,가을,2700,17,1583000,259000,31964,93118.0,109856.0,118186.0,86302800,699300000,543388,4403000,93118,64,1679,199851241,53667556,434861000,62.19,1.48,0,10.8
2022,2022-11-20,가을_이너,01_시즌,가을,15894,312,12133500,144900,18445,68090.0,71688.0,80166.0,293164830,2303040600,5754840,45208800,38889,73,4847,292125843,89142655,702330300,30.5,0.6,0,10.8
2022,2022-11-20,가을_캐주얼셔츠,01_시즌,가을,17454,376,10981605,89900,7880,29360.0,33699.0,43894.0,137537520,1569114600,2962880,33802400,29206,68,8861,355816588,69824680,796603900,50.77,1.84,0,10.8
2022,2022-11-20,가을_팬츠,01_시즌,가을,15828,361,13540345,114450,12885,35839.0,39167.0,48279.0,203943780,1811514600,4651485,41316450,37508,67,4836,223347264,62256835,552866450,30.55,0.69,0,10.8
2022,2022-11-20,겨울_가디건,01_시즌,겨울,7515,199,19531000,199900,17190,98368.0,98272.0,96352.0,129182850,1502248500,3420810,39780100,98146,51,1284,140995902,22689454,256671600,17.09,0.82,0,10.8
2022,2022-11-20,겨울_가성비 수트셋업,01_시즌,겨울,39699,1015,155877271,199000,37872,153150.0,151717.0,151238.0,1503480528,7900101000,38440080,201985000,153574,23,25855,3843810573,972574777,5145145000,65.13,1.68,0,10.8
2022,2022-11-20,겨울_고가 수트셋업,01_시즌,겨울,17823,612,105076448,311500,49474,197855.0,206224.0,215281.0,881775102,5551864500,30278088,190638000,171694,45,4871,1008686628,241943200,1526091410,27.33,0.77,0,10.8
2022,2022-11-20,겨울_기모맨투맨셋업,01_시즌,겨울,117178,2844,87611725,131567,14214,43887.0,46594.0,45645.0,1665568092,15416757926,40424616,374176548,30806,77,15192,560022607,214796469,1976053561,12.96,0.18,0,10.8
2022,2022-11-20,겨울_스웨터,01_시즌,겨울,73602,3133,119676117,109900,14540,37982.0,38834.0,45015.0,1070173080,8088859800,45553820,344316700,38199,65,19171,887446318,257359512,2092692900,26.05,0.51,0,10.8
2022,2022-11-20,겨울_아우터,01_시즌,겨울,14366,890,150219890,391500,43207,170496.0,180122.0,184878.0,620711762,5624289000,38454230,348435000,168786,57,7123,1376151057,302040964,2693947718,49.58,1.53,0,10.8
2022,2022-11-20,겨울_아우터셔츠,01_시즌,겨울,16654,499,26618326,132400,14273,51018.0,54918.0,52481.0,237702542,2204989600,7122227,66067600,53343,60,5652,320531019,75683592,710969800,33.94,0.91,0,10.8
2022,2022-11-20,겨울_코트,01_시즌,겨울,43148,1984,458644384,621222,89035,284948.0,299930.0,309013.0,3841682180,26804486856,176645440,1232504448,231172,63,8249,1946191919,755321843,5217346648,19.12,0.26,0,10.8
2022,2022-11-20,겨울_팬츠,01_시즌,겨울,81025,3275,163005509,119450,14252,55246.0,54624.0,60510.0,1154768300,9678436250,46675300,391198750,49773,58,16265,1030471863,225969363,1951847250,20.07,0.62,0,10.8
2022,2022-11-20,겨울_해비스웨터,01_시즌,겨울,53807,1556,69536097,147400,15280,52939.0,57667.0,59250.0,822170960,7931151800,23775680,229354400,44689,70,6980,403649520,106050458,1030791120,12.97,0.32,0,10.8
2022,2022-11-20,겨울_해비아우터,01_시즌,겨울,61385,1828,229349552,483667,43047,168131.0,179266.0,175846.0,2642440095,29689898795,78689916,884143276,125465,74,6906,1023622113,295449225,3324597562,11.25,0.24,0,10.8
2022,2022-11-20,사계절_가성비 수트셋업,01_시즌,사계절,85607,504,62353214,184000,29128,126428.0,124947.0,124215.0,2493560696,15751688000,14680512,92736000,123717,33,65877,7591441218,1841677693,12121368000,76.95,2.03,0,10.8
2022,2022-11-20,사계절_니트셋업,01_시즌,사계절,82577,1467,17487166,64066,6378,15928.0,17561.0,24065.0,526676106,5290378082,9356526,93984822,11920,81,48169,851482475,303479789,3082491054,58.33,0.89,0,10.8
2022,2022-11-20,사계절_데님셋업,01_시즌,사계절,28969,372,17273881,99900,13234,48275.0,49899.0,49011.0,383375746,2894003100,4923048,37162800,46435,54,14617,692072668,187322230,1460238300,50.46,1.15,0,10.8
2022,2022-11-20,사계절_셋업,01_시즌,사계절,87696,942,44442528,169450,20672,89830.0,89898.0,91106.0,1812851712,14860087200,19473024,159621900,47179,72,55789,2928290006,1130642226,9417836450,63.62,0.84,0,10.8
2022,2022-11-20,사계절_셋업셔츠,01_시즌,사계절,101890,497,15210234,69900,7104,25751.0,26306.0,29098.0,723826560,7122111000,3530688,34740300,30604,56,59115,1901534160,429477012,4132138500,58.02,1.79,0,10.8
2022,2022-11-27,가을_가성비 수트셋업,01_시즌,가을,23009,298,47120220,199000,36736,161600.0,153670.0,151962.0,845258624,4578791000,10947328,59302000,158122,21,18664,2791385514,649014819,3714136000,81.12,2.23,0,1.9
2022,2022-11-27,가을_아우터,01_시즌,가을,2700,13,1397000,259000,31964,107462.0,109856.0,118186.0,86302800,699300000,415532,3367000,107462,59,1692,201248241,54083088,438228000,62.67,1.49,0,1.9
2022,2022-11-27,가을_이너,01_시즌,가을,15894,220,10204149,144900,18445,68174.0,71688.0,80166.0,293164830,2303040600,4057900,31878000,46382,68,5067,302329992,93200555,734208300,31.88,0.62,0,1.9
2022,2022-11-27,가을_캐주얼셔츠,01_시즌,가을,17454,234,7674600,89900,7880,32802.0,33699.0,43894.0,137537520,1569114600,1843920,21036600,32797,64,9095,363491188,71668600,817640500,52.11,1.88,0,1.9
2022,2022-11-27,가을_팬츠,01_시즌,가을,15828,233,8928650,114450,12885,37064.0,39167.0,48279.0,203943780,1811514600,3002205,26666850,38320,67,5069,232275914,65259040,579533300,32.03,0.72,0,1.9
2022,2022-11-27,겨울_가디건,01_시즌,겨울,7515,234,17121050,199900,17190,77464.0,98272.0,96352.0,129182850,1502248500,4022460,46776600,73167,63,1518,158116952,26711914,303448200,20.2,0.91,0,1.9
2022,2022-11-27,겨울_가성비 수트셋업,01_시즌,겨울,39699,842,126854954,199000,37872,151911.0,151717.0,151238.0,1503480528,7900101000,31888224,167558000,150659,24,26697,3970665527,1004463001,5312703000,67.25,1.73,0,1.9
2022,2022-11-27,겨울_고가 수트셋업,01_시즌,겨울,17823,530,88220710,311500,49474,188334.0,206224.0,215281.0,881775102,5551864500,26221220,165095000,166454,47,5401,1096907338,268164420,1691186410,30.3,0.83,0,1.9
2022,2022-11-27,겨울_기모맨투맨셋업,01_시즌,겨울,117178,3491,91015245,131567,14214,39847.0,46594.0,45645.0,1665568092,15416757926,49621074,459300397,26071,80,18683,651037852,264417543,2435353958,15.94,0.2,0,1.9
2022,2022-11-27,겨울_스웨터,01_시즌,겨울,73602,2176,83525841,109900,14540,38302.0,38834.0,45015.0,1070173080,8088859800,31639040,239142400,38385,65,21347,970972159,288998552,2331835300,29.0,0.55,0,1.9
2022,2022-11-27,겨울_아우터,01_시즌,겨울,14366,665,113016707,391500,43207,169015.0,180122.0,184878.0,620711762,5624289000,28732655,260347500,169950,57,7788,1489167764,330773619,2954295218,54.21,1.65,0,1.9
2022,2022-11-27,겨울_아우터셔츠,01_시즌,겨울,16654,371,19156750,132400,14273,48081.0,54918.0,52481.0,237702542,2204989600,5295283,49120400,51635,61,6023,339687769,80978875,760090200,36.17,0.96,0,1.9
2022,2022-11-27,겨울_코트,01_시즌,겨울,43148,2017,420615749,621222,89035,273378.0,299930.0,309013.0,3841682180,26804486856,179583595,1253004774,208535,66,10266,2366807668,934905438,6470351422,23.79,0.32,0,1.9
2022,2022-11-27,겨울_팬츠,01_시즌,겨울,81025,2044,110233744,119450,14252,55675.0,54624.0,60510.0,1154768300,9678436250,29131088,244155800,53930,55,18309,1140705607,255100451,2196003050,22.6,0.68,0,1.9
2022,2022-11-27,겨울_해비스웨터,01_시즌,겨울,53807,1835,87389998,147400,15280,50555.0,57667.0,59250.0,822170960,7931151800,28038800,270479000,47624,68,8815,491039518,134089258,1301270120,16.38,0.38,0,1.9
2022,2022-11-27,겨울_해비아우터,01_시즌,겨울,65303,1871,217930358,483667,43043,147283.0,179266.0,175846.0,2810837029,31584906101,80533453,904940957,116478,76,8777,1241552471,375982678,4229538519,13.44,0.27,0,1.9
2022,2022-11-27,사계절_가성비 수트셋업,01_시즌,사계절,85607,423,51871900,184000,29128,123487.0,124947.0,124215.0,2493560696,15751688000,12321144,77832000,122629,33,66300,7643313118,1853998837,12199200000,77.45,2.04,0,1.9
2022,2022-11-27,사계절_니트셋업,01_시즌,사계절,82577,662,9151727,64066,6378,15290.0,17561.0,24065.0,526676106,5290378082,4222236,42411692,13824,78,48831,860634202,307702025,3124902746,59.13,0.9,0,1.9
2022,2022-11-27,사계절_데님셋업,01_시즌,사계절,28969,269,13422350,99900,13234,52123.0,49899.0,49011.0,383375746,2894003100,3559946,26873100,49897,50,14886,705495018,190882176,1487111400,51.39,1.18,0,1.9
2022,2022-11-27,사계절_셋업,01_시즌,사계절,87696,597,30658299,169450,20672,99042.0,89898.0,91106.0,1812851712,14860087200,12341184,101161650,51354,70,56386,2958948305,1142983410,9518998100,64.3,0.85,0,1.9
2022,2022-11-27,사계절_셋업셔츠,01_시즌,사계절,101890,516,17287439,69900,7104,26527.0,26306.0,29098.0,723826560,7122111000,3665664,36068400,33503,52,59631,1918821599,433142676,4168206900,58.52,1.81,0,1.9
2022,2022-12-04,겨울_가디건,01_시즌,겨울,7515,180,14206512,199900,18894,76645.0,73509.0,96352.0,141988410,1502248500,3400920,35982000,78925,61,1698,172323464,30112834,339430200,22.59,0.89,0,1.4
2022,2022-12-04,겨울_가성비 수트셋업,01_시즌,겨울,39699,821,125696392,199000,37872,154404.0,153148.0,151238.0,1503480528,7900101000,31092912,163379000,153102,23,27518,4096361919,1035555913,5476082000,69.32,1.79,0,1.4
2022,2022-12-04,겨울_고가 수트셋업,01_시즌,겨울,17823,691,111698730,311500,49474,188634.0,184174.0,215281.0,881775102,5551864500,34186534,215246500,161648,48,6092,1208606068,302350954,1906432910,34.18,0.9,0,1.4
2022,2022-12-04,겨울_기모맨투맨셋업,01_시즌,겨울,117178,6421,150514095,131567,14214,36875.0,36400.0,45645.0,1665568092,15416757926,91268094,844791707,23441,82,25104,801551947,355685637,3280145665,21.42,0.22,0,1.4
2022,2022-12-04,겨울_스웨터,01_시즌,겨울,73602,3011,113636976,109900,14540,37464.0,36758.0,45015.0,1070173080,8088859800,43779940,330908900,37741,66,24358,1084609135,332778492,2662744200,33.09,0.61,0,1.4
2022,2022-12-04,겨울_아우터,01_시즌,겨울,14366,462,78241272,391500,43213,162040.0,162714.0,184878.0,620797958,5624289000,19964406,180873000,169353,57,8250,1567409036,350738025,3135168218,57.43,1.73,0,1.4
2022,2022-12-04,겨울_아우터셔츠,01_시즌,겨울,16654,424,20716302,132400,14273,46228.0,46114.0,52481.0,237702542,2204989600,6051752,56137600,48859,63,6447,360404071,87030627,816227800,38.71,1.01,0,1.4
2022,2022-12-04,겨울_코트,01_시즌,겨울,43148,2657,566821432,621222,89035,273921.0,273790.0,309013.0,3841682180,26804486856,236565995,1650586854,213331,66,12923,2933629100,1171471433,8120938276,29.95,0.39,0,1.4
2022,2022-12-04,겨울_팬츠,01_시즌,겨울,81025,4496,204200594,119450,14255,53759.0,51484.0,60510.0,1155011375,9678436250,64090480,537047200,45418,62,22805,1344906201,319190931,2733050250,28.15,0.78,0,1.4
2022,2022-12-04,겨울_해비스웨터,01_시즌,겨울,53807,2469,106983780,147400,16491,52206.0,51049.0,59250.0,887331237,7931151800,40716279,363930600,43331,71,11284,598023298,174805537,1665200720,20.97,0.42,0,1.4
2022,2022-12-04,겨울_해비아우터,01_시즌,겨울,74415,5922,689843727,483667,43498,144519.0,133251.0,175846.0,3236903670,35992079805,257595156,2864275974,116488,76,14699,1931396198,633577834,7093814493,19.75,0.35,0,1.4
2022,2022-12-04,사계절_가성비 수트셋업,01_시즌,사계절,85607,373,45468380,184000,29128,126828.0,126606.0,124215.0,2493560696,15751688000,10864744,68632000,121899,34,66673,7688781498,1864863581,12267832000,77.88,2.06,0,1.4
2022,2022-12-04,사계절_니트셋업,01_시즌,사계절,82577,1570,19395298,64066,6378,16927.0,19099.0,24065.0,526676106,5290378082,10013460,100583620,12354,81,50401,880029500,317715485,3225486366,61.04,0.92,0,1.4
2022,2022-12-04,사계절_데님셋업,01_시즌,사계절,28969,320,14390700,99900,13234,41831.0,48463.0,49011.0,383375746,2894003100,4234880,31968000,44971,55,15206,719885718,195117056,1519079400,52.49,1.2,0,1.4
2022,2022-12-04,사계절_셋업,01_시즌,사계절,87696,833,36445351,169450,20672,83674.0,87513.0,91106.0,1812851712,14860087200,17219776,141151850,43752,74,57219,2995393656,1160203186,9660149950,65.25,0.86,0,1.4
2022,2022-12-04,사계절_셋업셔츠,01_시즌,사계절,101890,1227,32830839,69900,7104,26757.0,26876.0,29098.0,723826560,7122111000,8716608,85767300,26757,62,60858,1951652438,441859284,4253974200,59.73,1.84,0,1.4
2022,2022-12-11,겨울_가디건,01_시즌,겨울,7515,253,19107435,199900,18894,74932.0,73509.0,96352.0,141988410,1502248500,4780182,50574700,75523,62,1951,191430899,34893016,390004900,25.96,0.98,0,-3.2
2022,2022-12-11,겨울_가성비 수트셋업,01_시즌,겨울,39699,556,83631863,199000,37872,152965.0,153148.0,151238.0,1503480528,7900101000,21056832,110644000,150417,24,28074,4179993782,1056612745,5586726000,70.72,1.82,0,-3.2
2022,2022-12-11,겨울_고가 수트셋업,01_시즌,겨울,17823,572,91961260,311500,49474,180226.0,184174.0,215281.0,881775102,5551864500,28299128,178178000,160771,48,6664,1300567328,330650082,2084610910,37.39,0.97,0,-3.2
2022,2022-12-11,겨울_기모맨투맨셋업,01_시즌,겨울,117178,4982,126171587,131567,14214,37314.0,36400.0,45645.0,1665568092,15416757926,70814148,655466794,25325,81,30086,927723534,426499785,3935612459,25.68,0.25,0,-3.2
2022,2022-12-11,겨울_스웨터,01_시즌,겨울,73602,2898,110046399,109900,14540,37698.0,36758.0,45015.0,1070173080,8088859800,42136920,318490200,37973,65,27256,1194655534,374915412,2981234400,37.03,0.66,0,-3.2
2022,2022-12-11,겨울_아우터,01_시즌,겨울,14366,385,64692406,391500,43213,165725.0,162714.0,184878.0,620797958,5624289000,16637005,150727500,168032,57,8635,1632101442,367375030,3285895718,60.11,1.8,0,-3.2
2022,2022-12-11,겨울_아우터셔츠,01_시즌,겨울,16654,418,19967133,132400,14273,45931.0,46114.0,52481.0,237702542,2204989600,5966114,55343200,47768,64,6865,380371204,92996741,871571000,41.22,1.06,0,-3.2
2022,2022-12-11,겨울_코트,01_시즌,겨울,43148,2644,525655930,621222,89035,247961.0,273790.0,309013.0,3841682180,26804486856,235408540,1642510968,198811,68,15567,3459285030,1406879973,9763449244,36.08,0.45,0,-3.2
2022,2022-12-11,겨울_팬츠,01_시즌,겨울,81025,4240,194032052,119450,14255,52296.0,51484.0,60510.0,1155011375,9678436250,60441200,506468000,45762,62,27045,1538938253,379632131,3239518250,33.38,0.88,0,-3.2
2022,2022-12-11,겨울_해비스웨터,01_시즌,겨울,53807,3131,138562269,147400,16491,49169.0,51049.0,59250.0,887331237,7931151800,51633321,461509400,44255,70,14415,736585567,226438858,2126710120,26.79,0.5,0,-3.2
2022,2022-12-11,겨울_해비아우터,01_시즌,겨울,74415,3248,407384271,483667,43498,140443.0,133251.0,175846.0,3236903670,35992079805,141281504,1570950416,125426,74,17947,2338780469,774859338,8664764909,24.12,0.42,0,-3.2
2022,2022-12-11,사계절_가성비 수트셋업,01_시즌,사계절,85607,352,41484406,184000,29128,123583.0,126606.0,124215.0,2493560696,15751688000,10253056,64768000,117853,36,67025,7730265904,1875116637,12332600000,78.29,2.07,0,-3.2
2022,2022-12-11,사계절_니트셋업,01_시즌,사계절,82577,248,5016565,64066,6378,21204.0,19099.0,24065.0,526676106,5290378082,1581744,15888368,20228,68,50649,885046065,319297229,3241374734,61.34,0.92,0,-3.2
2022,2022-12-11,사계절_데님셋업,01_시즌,사계절,28969,265,13399206,99900,13234,52070.0,48463.0,49011.0,383375746,2894003100,3507010,26473500,50563,49,15471,733284924,198624066,1545552900,53.41,1.22,0,-3.2
2022,2022-12-11,사계절_셋업,01_시즌,사계절,87696,435,21790512,169450,20672,80974.0,87513.0,91106.0,1812851712,14860087200,8992320,73710750,50093,70,57654,3017184168,1169195506,9733860700,65.74,0.87,0,-3.2
2022,2022-12-11,사계절_셋업셔츠,01_시즌,사계절,101890,0,0,69900,7104,27562.0,26876.0,29098.0,723826560,7122111000,0,0,27562,61,60858,1951652438,441859284,4253974200,59.73,1.84,0,-3.2
2022,2022-12-18,겨울_가디건,01_시즌,겨울,7515,253,19309800,199900,18894,73541.0,73509.0,96352.0,141988410,1502248500,4780182,50574700,76323,62,2204,210740699,39673198,440579600,29.33,1.07,0,-6.8
2022,2022-12-18,겨울_가성비 수트셋업,01_시즌,겨울,39699,447,66329844,199000,37872,150157.0,153148.0,151238.0,1503480528,7900101000,16928784,88953000,148389,25,28521,4246323626,1073541529,5675679000,71.84,1.85,0,-6.8
2022,2022-12-18,겨울_고가 수트셋업,01_시즌,겨울,17823,453,72802644,311500,49474,185480.0,184174.0,215281.0,881775102,5551864500,22411722,141109500,160712,48,7117,1373369972,353061804,2225720410,39.93,1.02,0,-6.8
2022,2022-12-18,겨울_기모맨투맨셋업,01_시즌,겨울,117178,4794,116781206,131567,14214,36274.0,36400.0,45645.0,1665568092,15416757926,68141916,630732198,24360,81,34880,1044504740,494641701,4566344657,29.77,0.27,0,-6.8
2022,2022-12-18,겨울_스웨터,01_시즌,겨울,73602,2248,82102190,109900,14540,36018.0,36758.0,45015.0,1070173080,8088859800,32685920,247055200,36522,67,29504,1276757724,407601332,3228289600,40.09,0.7,0,-6.8
2022,2022-12-18,겨울_아우터,01_시즌,겨울,14366,304,50393371,391500,43213,162510.0,162714.0,184878.0,620797958,5624289000,13136752,119016000,165768,58,8939,1682494813,380511782,3404911718,62.22,1.85,0,-6.8
2022,2022-12-18,겨울_아우터셔츠,01_시즌,겨울,16654,288,13640100,132400,14273,45991.0,46114.0,52481.0,237702542,2204989600,4110624,38131200,47361,64,7153,394011304,97107365,909702200,42.95,1.1,0,-6.8
2022,2022-12-18,겨울_코트,01_시즌,겨울,43148,2132,420954248,621222,89035,315015.0,273790.0,309013.0,3841682180,26804486856,189822620,1324445304,197446,68,17699,3880239278,1596702593,11087894548,41.02,0.5,0,-6.8
2022,2022-12-18,겨울_팬츠,01_시즌,겨울,81025,3288,147454888,119450,14255,50233.0,51484.0,60510.0,1155011375,9678436250,46870440,392751600,44846,62,30333,1686393141,426502571,3632269850,37.44,0.96,0,-6.8
2022,2022-12-18,겨울_해비스웨터,01_시즌,겨울,53807,2294,103215396,147400,16491,51915.0,51049.0,59250.0,887331237,7931151800,37830354,338135600,44994,69,16709,839800963,264269212,2464845720,31.05,0.56,0,-6.8
2022,2022-12-18,겨울_해비아우터,01_시즌,겨울,74415,3446,418789504,483667,43498,125120.0,133251.0,175846.0,3236903670,35992079805,149894108,1666716482,121529,75,21393,2757569973,924753446,10331481391,28.75,0.49,0,-6.8
2022,2022-12-18,사계절_가성비 수트셋업,01_시즌,사계절,85607,165,20308820,184000,29128,128850.0,126606.0,124215.0,2493560696,15751688000,4806120,30360000,123084,33,67190,7750574724,1879922757,12362960000,78.49,2.07,0,-6.8
2022,2022-12-18,사계절_니트셋업,01_시즌,사계절,82577,492,6708497,64066,6378,20338.0,19099.0,24065.0,526676106,5290378082,3137976,31520472,13635,79,51141,891754562,322435205,3272895206,61.93,0.93,0,-6.8
2022,2022-12-18,사계절_데님셋업,01_시즌,사계절,28969,201,9931311,99900,13234,49344.0,48463.0,49011.0,383375746,2894003100,2660034,20079900,49410,51,15672,743216235,201284100,1565632800,54.1,1.24,0,-6.8
2022,2022-12-18,사계절_셋업,01_시즌,사계절,87696,435,21130240,169450,20672,93811.0,87513.0,91106.0,1812851712,14860087200,8992320,73710750,48575,71,58089,3038314408,1178187826,9807571450,66.24,0.87,0,-6.8
2022,2022-12-18,사계절_셋업셔츠,01_시즌,사계절,101890,370,11009117,69900,7104,25774.0,26876.0,29098.0,723826560,7122111000,2628480,25863000,29754,57,61228,1962661555,444487764,4279837200,60.09,1.85,0,-6.8
2022,2022-12-25,겨울_가디건,01_시즌,겨울,7515,223,15839000,199900,18894,68918.0,73509.0,96352.0,141988410,1502248500,4213362,44577700,71027,64,2427,226579699,43886560,485157300,32.3,1.14,0,-3.0
2022,2022-12-25,겨울_가성비 수트셋업,01_시즌,겨울,39699,240,37358970,199000,37872,155064.0,153148.0,151238.0,1503480528,7900101000,9089280,47760000,155662,22,28761,4283682596,1082630809,5723439000,72.45,1.87,0,-3.0
2022,2022-12-25,겨울_고가 수트셋업,01_시즌,겨울,17823,359,57854020,311500,49474,182358.0,184174.0,215281.0,881775102,5551864500,17761166,111828500,161153,48,7476,1431223992,370822970,2337548910,41.95,1.06,0,-3.0
2022,2022-12-25,겨울_기모맨투맨셋업,01_시즌,겨울,117178,4997,118268100,131567,14214,35136.0,36400.0,45645.0,1665568092,15416757926,71027358,657440299,23668,82,39877,1162772840,565669059,5223784956,34.03,0.3,0,-3.0
2022,2022-12-25,겨울_스웨터,01_시즌,겨울,73602,1953,70536790,109900,14540,35850.0,36758.0,45015.0,1070173080,8088859800,28396620,214634700,36117,67,31457,1347294514,435997952,3442924300,42.74,0.74,0,-3.0
2022,2022-12-25,겨울_아우터,01_시즌,겨울,14366,237,37986875,391500,43213,160585.0,162714.0,184878.0,620797958,5624289000,10241481,92785500,160282,59,9176,1720481688,390753263,3497697218,63.87,1.89,0,-3.0
2022,2022-12-25,겨울_아우터셔츠,01_시즌,겨울,16654,312,14828800,132400,14273,46306.0,46114.0,52481.0,237702542,2204989600,4453176,41308800,47528,64,7465,408840104,101560541,951011000,44.82,1.14,0,-3.0
2022,2022-12-25,겨울_코트,01_시즌,겨울,43148,2066,400305468,621222,89035,258264.0,273790.0,309013.0,3841682180,26804486856,183946310,1283444652,193759,69,19765,4280544746,1780648903,12371339200,45.81,0.55,0,-3.0
2022,2022-12-25,겨울_팬츠,01_시즌,겨울,81025,3517,147833373,119450,14255,49651.0,51484.0,60510.0,1155011375,9678436250,50134835,420105650,42034,65,33850,1834226514,476637406,4052375500,41.78,1.03,0,-3.0
2022,2022-12-25,겨울_해비스웨터,01_시즌,겨울,53807,2358,103326286,147400,16491,50907.0,51049.0,59250.0,887331237,7931151800,38885778,347569200,43819,70,19067,943127249,303154990,2812414920,35.44,0.62,0,-3.0
2022,2022-12-25,겨울_해비아우터,01_시즌,겨울,74415,2803,358315574,483667,43498,122920.0,133251.0,175846.0,3236903670,35992079805,121924894,1355718601,127833,74,24196,3115885547,1046678340,11687199992,32.51,0.55,0,-3.0
2022,2022-12-25,사계절_가성비 수트셋업,01_시즌,사계절,85607,141,17851240,184000,29128,127160.0,126606.0,124215.0,2493560696,15751688000,4107048,25944000,126605,31,67331,7768425964,1884029805,12388904000,78.65,2.08,0,-3.0
2022,2022-12-25,사계절_니트셋업,01_시즌,사계절,82577,788,14332665,64066,6378,18248.0,19099.0,24065.0,526676106,5290378082,5025864,50484008,18189,72,51929,906087227,327461069,3323379214,62.89,0.94,0,-3.0
2022,2022-12-25,사계절_데님셋업,01_시즌,사계절,28969,187,9224600,99900,13234,50606.0,48463.0,49011.0,383375746,2894003100,2474758,18681300,49329,51,15859,752440835,203758858,1584314100,54.74,1.25,0,-3.0
2022,2022-12-25,사계절_셋업,01_시즌,사계절,87696,373,17537100,169450,20672,91594.0,87513.0,91106.0,1812851712,14860087200,7710656,63204850,47016,72,58462,3055851508,1185898482,9870776300,66.66,0.88,0,-3.0
2022,2022-12-25,사계절_셋업셔츠,01_시즌,사계절,101890,255,8021585,69900,7104,27412.0,26876.0,29098.0,723826560,7122111000,1811520,17824500,31457,55,61483,1970683140,446299284,4297661700,60.34,1.86,0,-3.0
2023,2023-01-01,봄_가성비 수트셋업,01_시즌,봄,17095,1267,189257052,199000,40786,151730.0,154667.0,148518.0,697236670,3401905000,51675862,252133000,149374,25,1267,189257052,51675862,252133000,7.41,0.17,0,-1.6
2023,2023-01-01,봄_셋업셔츠,01_시즌,봄,8228,212,6101200,89900,7769,28779.0,28573.0,26755.0,63923332,739697200,1647028,19058800,28779,68,212,6101200,1647028,19058800,2.58,0.06,0,-1.6
2023,2023-01-01,봄_팬츠,01_시즌,봄,6080,19,1121000,139000,17115,59000.0,76722.0,55373.0,104059200,845120000,325185,2641000,59000,58,19,1121000,325185,2641000,0.31,0.01,0,-1.6
2023,2023-01-01,사계절_가성비 수트셋업,01_시즌,사계절,33267,1350,199889486,199000,32891,149419.0,152814.0,117822.0,1094184897,6620133000,44402850,268650000,148066,26,1350,199889486,44402850,268650000,4.06,0.13,0,-1.6
2023,2023-01-01,사계절_데님셋업,01_시즌,사계절,2874,17,1463627,159000,13742,86096.0,92154.0,99312.0,39494508,456966000,233614,2703000,86096,46,17,1463627,233614,2703000,0.59,0.03,0,-1.6
2023,2023-01-01,사계절_셋업,01_시즌,사계절,18986,0,0,99900,8058,,65388.0,61195.0,152989188,1896701400,0,0,65388,35,0,0,0,0,0.0,0.0,0,-1.6
2023,2023-01-01,사계절_셋업셔츠,01_시즌,사계절,93893,1367,51181672,69900,7199,37364.0,37092.0,35960.0,675935707,6563120700,9841033,95553300,37441,46,1367,51181672,9841033,95553300,1.46,0.05,0,-1.6
2023,2023-01-08,봄_가디건,01_시즌,봄,6288,153,18198439,199900,19284,118944.0,118820.0,70673.0,121257792,1256971200,2950452,30584700,118944,40,153,18198439,2950452,30584700,2.43,0.11,0,4.2
2023,2023-01-08,봄_가성비 수트셋업,01_시즌,봄,21236,1809,277518198,199000,40696,154038.0,154667.0,148518.0,864220256,4225964000,73619064,359991000,153410,23,3076,466775250,125294926,612124000,14.48,0.35,0,4.2
2023,2023-01-08,봄_맨투맨셋업,01_시즌,봄,16991,32,2168000,119900,16869,67750.0,68443.0,47662.0,286621179,2037220900,539808,3836800,67750,43,32,2168000,539808,3836800,0.19,0.0,0,4.2
2023,2023-01-08,봄_셋업셔츠,01_시즌,봄,8228,207,5898517,89900,7769,28495.0,28573.0,26755.0,63923332,739697200,1608183,18609300,28495,68,419,11999717,3255211,37668100,5.09,0.12,0,4.2
2023,2023-01-08,봄_스웨터,01_시즌,봄,23913,707,41481800,116567,15926,65231.0,65363.0,49293.0,380838438,2787466671,11259682,82412869,58673,50,707,41481800,11259682,82412869,2.96,0.07,0,4.2
2023,2023-01-08,봄_아우터,01_시즌,봄,6517,57,9063000,329000,31068,159000.0,178446.0,120424.0,202470156,2144093000,1770876,18753000,159000,52,57,9063000,1770876,18753000,0.87,0.03,0,4.2
2023,2023-01-08,봄_캐주얼셔츠,01_시즌,봄,3382,8,472000,129900,10243,59000.0,59000.0,44007.0,34641826,439321800,81944,1039200,59000,55,8,472000,81944,1039200,0.24,0.01,0,4.2
2023,2023-01-08,봄_팬츠,01_시즌,봄,6080,10,800000,139000,17115,80000.0,76722.0,55373.0,104059200,845120000,171150,1390000,80000,42,29,1921000,496335,4031000,0.48,0.01,0,4.2
2023,2023-01-08,사계절_가성비 수트셋업,01_시즌,사계절,33267,1275,191088310,199000,32891,150858.0,152814.0,117822.0,1094184897,6620133000,41936025,253725000,149873,25,2625,390977796,86338875,522375000,7.89,0.25,0,4.2
2023,2023-01-08,사계절_니트셋업,01_시즌,사계절,8765,0,0,79900,7430,,28690.0,37400.0,65123950,700323500,0,0,28690,64,0,0,0,0,0.0,0.0,0,4.2
2023,2023-01-08,사계절_데님셋업,01_시즌,사계절,2874,26,2378000,159000,13742,91462.0,92154.0,99312.0,39494508,456966000,357292,4134000,91462,42,43,3841627,590906,6837000,1.5,0.07,0,4.2
2023,2023-01-08,사계절_셋업,01_시즌,사계절,23154,0,0,169450,20088,,105505.0,101888.0,465117552,3923445300,0,0,105505,38,0,0,0,0,0.0,0.0,0,4.2
2023,2023-01-08,사계절_셋업셔츠,01_시즌,사계절,105197,2080,76368489,69900,7196,36667.0,37092.0,35960.0,756997612,7353270300,14967680,145392000,36716,47,3447,127550161,24808713,240945300,3.28,0.12,0,4.2
2023,2023-01-08,여름_가성비 수트셋업,01_시즌,여름,6937,0,0,199000,44859,,154800.0,145524.0,311186883,1380463000,0,0,154800,22,0,0,0,0,0.0,0.0,0,4.2
2023,2023-01-08,여름_디자인팬츠,01_시즌,여름,4100,0,0,139000,16811,,,73028.0,68925100,569900000,0,0,73028,47,0,0,0,0,0.0,0.0,0,4.2
2023,2023-01-08,여름_캐주얼셔츠,01_시즌,여름,6911,0,0,114900,9673,,53786.0,49883.0,66850103,794073900,0,0,53786,53,0,0,0,0,0.0,0.0,0,4.2
2023,2023-01-15,봄_가디건,01_시즌,봄,6288,-45,-5385018,199900,19284,119667.0,118820.0,70673.0,121257792,1256971200,-867780,-8995500,119667,40,108,12813421,2082672,21589200,1.72,0.08,0,-2.7
2023,2023-01-15,봄_가성비 수트셋업,01_시즌,봄,25931,2055,313876355,199000,38772,155500.0,155219.0,150877.0,1005396732,5160269000,79676460,408945000,152738,23,5131,780651605,204971386,1021069000,19.79,0.5,0,-2.7
2023,2023-01-15,봄_맨투맨셋업,01_시즌,봄,16991,55,3685000,119900,16869,69000.0,68443.0,47662.0,286621179,2037220900,927795,6594500,67000,44,87,5853000,1467603,10431300,0.51,0.01,0,-2.7
2023,2023-01-15,봄_셋업셔츠,01_시즌,봄,8228,139,3782300,89900,7769,27211.0,28573.0,26755.0,63923332,739697200,1079891,12496100,27211,70,558,15782017,4335102,50164200,6.78,0.16,0,-2.7
2023,2023-01-15,봄_스웨터,01_시즌,봄,23913,81,4782050,116567,15926,65161.0,65363.0,49293.0,380838438,2787466671,1290006,9441927,59038,49,788,46263850,12549688,91854796,3.3,0.08,0,-2.7
2023,2023-01-15,봄_아우터,01_시즌,봄,6869,50,7930000,602333,109057,158600.0,348764.0,294909.0,749112533,4137425377,5452850,30116650,158600,74,107,16993000,7223726,48869650,1.56,0.01,0,-2.7
2023,2023-01-15,봄_캐주얼셔츠,01_시즌,봄,3382,10,590000,129900,10243,59000.0,59000.0,44007.0,34641826,439321800,102430,1299000,59000,55,18,1062000,184374,2338200,0.53,0.02,0,-2.7
2023,2023-01-15,봄_팬츠,01_시즌,봄,6080,17,1323000,139000,17115,77750.0,76722.0,55373.0,104059200,845120000,290955,2363000,77824,44,46,3244000,787290,6394000,0.76,0.02,0,-2.7
2023,2023-01-15,사계절_가성비 수트셋업,01_시즌,사계절,33267,687,104600570,199000,32891,153063.0,152814.0,117822.0,1094184897,6620133000,22596117,136713000,152257,23,3312,495578366,108934992,659088000,9.96,0.31,0,-2.7
2023,2023-01-15,사계절_니트셋업,01_시즌,사계절,8765,0,0,79900,7430,,28690.0,37400.0,65123950,700323500,0,0,28690,64,0,0,0,0,0.0,0.0,0,-2.7
2023,2023-01-15,사계절_데님셋업,01_시즌,사계절,15874,121,8740100,131116,15964,80190.0,79465.0,81688.0,253412536,2081335384,1931644,15865036,72232,45,164,12581727,2522550,22702036,1.03,0.04,0,-2.7
2023,2023-01-15,사계절_셋업,01_시즌,사계절,23154,415,31553547,169450,20088,108348.0,105505.0,101888.0,465117552,3923445300,8336520,70321750,76033,55,415,31553547,8336520,70321750,1.79,0.04,0,-2.7
2023,2023-01-15,사계절_셋업셔츠,01_시즌,사계절,108079,1759,63313054,69900,7195,36219.0,37092.0,35960.0,777628405,7554722100,12656005,122954100,35994,49,5206,190863215,37464718,363899400,4.82,0.17,0,-2.7
2023,2023-01-15,여름_가성비 수트셋업,01_시즌,여름,22047,500,75290580,199000,44918,156733.0,156313.0,152013.0,990307146,4387353000,22459000,99500000,150581,24,500,75290580,22459000,99500000,2.27,0.05,0,-2.7
2023,2023-01-15,여름_디자인팬츠,01_시즌,여름,4100,0,0,139000,16811,,,73028.0,68925100,569900000,0,0,73028,47,0,0,0,0,0.0,0.0,0,-2.7
2023,2023-01-15,여름_캐주얼셔츠,01_시즌,여름,6911,0,0,114900,9673,,53786.0,49883.0,66850103,794073900,0,0,53786,53,0,0,0,0,0.0,0.0,0,-2.7
2023,2023-01-22,봄_가디건,01_시즌,봄,6288,48,5681256,199900,19284,118360.0,118820.0,70673.0,121257792,1256971200,925632,9595200,118360,41,156,18494677,3008304,31184400,2.48,0.11,0,-6.7
2023,2023-01-22,봄_가성비 수트셋업,01_시즌,봄,25931,915,141591114,199000,38772,156425.0,155219.0,150877.0,1005396732,5160269000,35476380,182085000,154744,22,6046,922242719,240447766,1203154000,23.32,0.59,0,-6.7
2023,2023-01-22,봄_맨투맨셋업,01_시즌,봄,16991,192,13289868,119900,16869,67812.0,68443.0,47662.0,286621179,2037220900,3238848,23020800,69218,42,279,19142868,4706451,33452100,1.64,0.04,0,-6.7
2023,2023-01-22,봄_셋업셔츠,01_시즌,봄,8228,96,2827871,89900,7769,29457.0,28573.0,26755.0,63923332,739697200,745824,8630400,29457,67,654,18609888,5080926,58794600,7.95,0.19,0,-6.7
2023,2023-01-22,봄_스웨터,01_시즌,봄,31090,549,32649424,116567,15692,65768.0,65363.0,49293.0,487864280,3624068030,8614908,63995283,59471,49,1337,78913274,21164596,155850079,4.3,0.1,0,-6.7
2023,2023-01-22,봄_아우터,01_시즌,봄,9876,62,17145782,602333,110217,348645.0,348764.0,294909.0,1088503092,5948640708,6833454,37344646,276545,54,169,34138782,14057180,86214296,1.71,0.02,0,-6.7
2023,2023-01-22,봄_캐주얼셔츠,01_시즌,봄,3382,3,177000,129900,10243,59000.0,59000.0,44007.0,34641826,439321800,30729,389700,59000,55,21,1239000,215103,2727900,0.62,0.03,0,-6.7
2023,2023-01-22,봄_팬츠,01_시즌,봄,6080,30,2370000,139000,17115,79000.0,76722.0,55373.0,104059200,845120000,513450,4170000,79000,43,76,5614000,1300740,10564000,1.25,0.04,0,-6.7
2023,2023-01-22,사계절_가성비 수트셋업,01_시즌,사계절,33267,455,69957340,199000,32891,155160.0,152814.0,117822.0,1094184897,6620133000,14965405,90545000,153752,23,3767,565535706,123900397,749633000,11.32,0.36,0,-6.7
2023,2023-01-22,사계절_니트셋업,01_시즌,사계절,8765,239,6891000,79900,7430,28833.0,28690.0,37400.0,65123950,700323500,1775770,19096100,28833,64,239,6891000,1775770,19096100,2.73,0.07,0,-6.7
2023,2023-01-22,사계절_데님셋업,01_시즌,사계절,15874,96,7243810,131116,15964,80774.0,79465.0,81688.0,253412536,2081335384,1532544,12587136,75456,42,260,19825537,4055094,35289172,1.64,0.06,0,-6.7
2023,2023-01-22,사계절_셋업,01_시즌,사계절,29622,114,11285239,169450,22128,98994.0,105505.0,101888.0,655475616,5019447900,2522592,19317300,98993,42,529,42838786,10859112,89639050,1.79,0.04,0,-6.7
2023,2023-01-22,사계절_셋업셔츠,01_시즌,사계절,108079,1226,44443576,69900,7195,37572.0,37092.0,35960.0,777628405,7554722100,8821070,85697400,36251,48,6432,235306791,46285788,449596800,5.95,0.22,0,-6.7
2023,2023-01-22,여름_가성비 수트셋업,01_시즌,여름,30556,548,84644719,199000,44918,155817.0,156313.0,152013.0,1372514408,6080644000,24615064,109052000,154461,22,1048,159935299,47074064,208552000,3.43,0.07,0,-6.7
2023,2023-01-22,여름_디자인팬츠,01_시즌,여름,4100,0,0,139000,16811,,,73028.0,68925100,569900000,0,0,73028,47,0,0,0,0,0.0,0.0,0,-6.7
2023,2023-01-22,여름_캐주얼셔츠,01_시즌,여름,8333,77,3893000,114900,9673,53842.0,53786.0,49883.0,80605109,957461700,744821,8847300,50558,56,77,3893000,744821,8847300,0.92,0.03,0,-6.7
2023,2023-01-29,봄_가디건,01_시즌,봄,13201,47,5560588,184900,17008,118310.0,118820.0,70673.0,224522608,2440864900,799376,8690300,118310,36,203,24055265,3807680,39874700,1.54,0.08,0,-0.5
2023,2023-01-29,봄_가성비 수트셋업,01_시즌,봄,26563,1707,262643968,199000,38772,155515.0,155219.0,150877.0,1029900636,5286037000,66183804,339693000,153863,23,7753,1184886687,306631570,1542847000,29.19,0.75,0,-0.5
2023,2023-01-29,봄_맨투맨셋업,01_시즌,봄,16991,360,24849134,119900,16869,68893.0,68443.0,47662.0,286621179,2037220900,6072840,43164000,69025,42,639,43992002,10779291,76616100,3.76,0.1,0,-0.5
2023,2023-01-29,봄_셋업셔츠,01_시즌,봄,8228,177,5119558,89900,7769,28924.0,28573.0,26755.0,63923332,739697200,1375113,15912300,28924,68,831,23729446,6456039,74706900,10.1,0.24,0,-0.5
2023,2023-01-29,봄_스웨터,01_시즌,봄,31090,740,44351005,116567,15692,65262.0,65363.0,49293.0,487864280,3624068030,11612080,86259580,59934,49,2077,123264279,32776676,242109659,6.68,0.16,0,-0.5
2023,2023-01-29,봄_아우터,01_시즌,봄,9876,257,50687041,602333,110217,348779.0,348764.0,294909.0,1088503092,5948640708,28325769,154799581,197226,67,426,84825823,42382949,241013877,4.31,0.03,0,-0.5
2023,2023-01-29,봄_캐주얼셔츠,01_시즌,봄,3382,13,767000,129900,10243,59000.0,59000.0,44007.0,34641826,439321800,133159,1688700,59000,55,34,2006000,348262,4416600,1.01,0.04,0,-0.5
2023,2023-01-29,봄_팬츠,01_시즌,봄,6080,18,1422000,139000,17115,79000.0,76722.0,55373.0,104059200,845120000,308070,2502000,79000,43,94,7036000,1608810,13066000,1.55,0.05,0,-0.5
2023,2023-01-29,사계절_가성비 수트셋업,01_시즌,사계절,37137,921,140579040,199000,32890,155567.0,152814.0,117822.0,1221435930,7390263000,30291690,183279000,152637,23,4688,706114746,154192087,932912000,12.62,0.4,0,-0.5
2023,2023-01-29,사계절_니트셋업,01_시즌,사계절,8765,161,4596169,79900,7430,28548.0,28690.0,37400.0,65123950,700323500,1196230,12863900,28548,64,400,11487169,2972000,31960000,4.56,0.11,0,-0.5
2023,2023-01-29,사계절_데님셋업,01_시즌,사계절,15874,174,12546121,131116,15964,80806.0,79465.0,81688.0,253412536,2081335384,2777736,22814184,72104,45,434,32371658,6832830,58103356,2.73,0.09,0,-0.5
2023,2023-01-29,사계절_셋업,01_시즌,사계절,29622,792,60334780,169450,22128,107741.0,105505.0,101888.0,655475616,5019447900,17525376,134204400,76180,55,1321,103173566,28384488,223843450,4.46,0.1,0,-0.5
2023,2023-01-29,사계절_셋업셔츠,01_시즌,사계절,108079,2249,84022294,69900,7195,37637.0,37092.0,35960.0,777628405,7554722100,16181555,157205100,37360,47,8681,319329085,62467343,606801900,8.03,0.29,0,-0.5
2023,2023-01-29,여름_가성비 수트셋업,01_시즌,여름,30556,1219,186832647,199000,44918,156388.0,156313.0,152013.0,1372514408,6080644000,54755042,242581000,153267,23,2267,346767946,101829106,451133000,7.42,0.16,0,-0.5
2023,2023-01-29,여름_디자인팬츠,01_시즌,여름,4100,0,0,139000,16811,,,73028.0,68925100,569900000,0,0,73028,47,0,0,0,0,0.0,0.0,0,-0.5
2023,2023-01-29,여름_캐주얼셔츠,01_시즌,여름,8333,125,6492862,114900,9673,53731.0,53786.0,49883.0,80605109,957461700,1209125,14362500,51943,55,202,10385862,1953946,23209800,2.42,0.09,0,-0.5
2023,2023-02-05,봄_가디건,01_시즌,봄,13201,153,15295100,184900,17040,99814.0,96225.0,70673.0,224945040,2440864900,2607120,28289700,99968,46,356,39350365,6414800,68164400,2.7,0.13,0,3.0
2023,2023-02-05,봄_가성비 수트셋업,01_시즌,봄,26563,1155,179801060,199000,38772,156172.0,156856.0,150877.0,1029900636,5286037000,44781660,229845000,155672,22,8908,1364687747,351413230,1772692000,33.54,0.86,0,3.0
2023,2023-02-05,봄_맨투맨셋업,01_시즌,봄,16991,157,10631516,119900,16869,67040.0,66481.0,47662.0,286621179,2037220900,2648433,18824300,67717,44,796,54623518,13427724,95440400,4.68,0.13,0,3.0
2023,2023-02-05,봄_셋업셔츠,01_시즌,봄,8228,136,3964800,89900,7769,29153.0,29010.0,26755.0,63923332,739697200,1056584,12226400,29153,68,967,27694246,7512623,86933300,11.75,0.28,0,3.0
2023,2023-02-05,봄_스웨터,01_시즌,봄,31090,877,51696138,116567,15692,65081.0,64950.0,49293.0,487864280,3624068030,13761884,102229259,58947,49,2954,174960417,46538560,344338918,9.5,0.23,0,3.0
2023,2023-02-05,봄_아우터,01_시즌,봄,9876,26,10588800,602333,111672,360392.0,348198.0,294909.0,1102872672,5948640708,2903472,15660658,407262,32,452,95414623,45286421,256674535,4.58,0.04,0,3.0
2023,2023-02-05,봄_캐주얼셔츠,01_시즌,봄,3382,-1,-69000,129900,11833,69000.0,58250.0,44007.0,40019206,439321800,-11833,-129900,69000,47,33,1937000,336429,4286700,0.98,0.04,0,3.0
2023,2023-02-05,봄_팬츠,01_시즌,봄,6080,22,1638500,139000,17115,74656.0,73648.0,55373.0,104059200,845120000,376530,3058000,74477,46,116,8674500,1985340,16124000,1.91,0.06,0,3.0
2023,2023-02-05,사계절_가성비 수트셋업,01_시즌,사계절,41837,960,147985292,199000,32753,156310.0,156284.0,117822.0,1370287261,8325563000,31442880,191040000,154151,23,5648,854100038,185634967,1123952000,13.5,0.43,0,3.0
2023,2023-02-05,사계절_니트셋업,01_시즌,사계절,8765,213,6571400,79900,7430,30852.0,29255.0,37400.0,65123950,700323500,1582590,17018700,30852,61,613,18058569,4554590,48978700,6.99,0.18,0,3.0
2023,2023-02-05,사계절_데님셋업,01_시즌,사계절,15874,145,10586254,131116,15966,80083.0,82609.0,81688.0,253444284,2081335384,2315070,19011820,73009,44,579,42957912,9147900,77115176,3.65,0.12,0,3.0
2023,2023-02-05,사계절_셋업,01_시즌,사계절,29622,612,48791900,169450,23104,108568.0,108230.0,101888.0,684386688,5019447900,14139648,103703400,79725,53,1933,151965466,42524136,327546850,6.53,0.14,0,3.0
2023,2023-02-05,사계절_셋업셔츠,01_시즌,사계절,108079,2035,77158953,69900,7357,38254.0,38561.0,35960.0,795137203,7554722100,14971495,142246500,37916,46,10716,396488038,77438838,749048400,9.91,0.36,0,3.0
2023,2023-02-05,여름_가성비 수트셋업,01_시즌,여름,43940,1337,209583320,211500,44706,157974.0,165604.0,152013.0,1964381640,9293310000,59771922,282775500,156756,26,3604,556351266,161601028,733908500,8.2,0.18,0,3.0
2023,2023-02-05,여름_디자인팬츠,01_시즌,여름,4100,13,957000,139000,16820,73615.0,86701.0,73028.0,68962000,569900000,218660,1807000,73615,47,13,957000,218660,1807000,0.32,0.01,0,3.0
2023,2023-02-05,여름_점퍼,01_시즌,여름,11121,135,25965000,279000,41878,189000.0,186364.0,129556.0,465725238,3102759000,5653530,37665000,192333,31,135,25965000,5653530,37665000,1.21,0.04,0,3.0
2023,2023-02-05,여름_캐주얼셔츠,01_시즌,여름,8333,96,4954000,114900,10816,54000.0,53966.0,49883.0,90129728,957461700,1038336,11030400,51604,55,298,15339862,2992282,34240200,3.58,0.12,0,3.0
2023,2023-02-12,봄_가디건,01_시즌,봄,13201,136,12616853,184900,17040,92001.0,96225.0,70673.0,224945040,2440864900,2317440,25146400,92771,50,492,51967218,8732240,93310800,3.73,0.17,0,3.7
2023,2023-02-12,봄_가성비 수트셋업,01_시즌,봄,26563,876,137050020,199000,38772,158222.0,156856.0,150877.0,1029900636,5286037000,33964272,174324000,156450,21,9784,1501737767,385377502,1947016000,36.83,0.95,0,3.7
2023,2023-02-12,봄_맨투맨셋업,01_시즌,봄,16991,269,18502493,119900,16869,67169.0,66481.0,47662.0,286621179,2037220900,4537761,32253100,68783,43,1065,73126011,17965485,127693500,6.27,0.17,0,3.7
2023,2023-02-12,봄_셋업셔츠,01_시즌,봄,8228,107,3103000,89900,7769,29000.0,29010.0,26755.0,63923332,739697200,831283,9619300,29000,68,1074,30797246,8343906,96552600,13.05,0.31,0,3.7
2023,2023-02-12,봄_스웨터,01_시즌,봄,31090,896,52137631,116567,15692,64774.0,64950.0,49293.0,487864280,3624068030,14060032,104444032,58189,50,3850,227098048,60598592,448782950,12.38,0.3,0,3.7
2023,2023-02-12,봄_아우터,01_시즌,봄,9884,141,29244700,602333,111672,353020.0,348198.0,294909.0,1103766048,5953459372,15745752,84928953,207409,66,593,124659323,61032173,341603488,6.0,0.05,0,3.7
2023,2023-02-12,봄_캐주얼셔츠,01_시즌,봄,3382,12,648000,129900,11833,54000.0,58250.0,44007.0,40019206,439321800,141996,1558800,54000,58,45,2585000,478425,5845500,1.33,0.05,0,3.7
2023,2023-02-12,봄_팬츠,01_시즌,봄,6080,24,1766000,139000,17115,74336.0,73648.0,55373.0,104059200,845120000,410760,3336000,73583,47,140,10440500,2396100,19460000,2.3,0.07,0,3.7
2023,2023-02-12,사계절_가성비 수트셋업,01_시즌,사계절,41837,873,136769500,199000,32753,157964.0,156284.0,117822.0,1370287261,8325563000,28593369,173727000,156666,21,6521,990869538,214228336,1297679000,15.59,0.5,0,3.7
2023,2023-02-12,사계절_니트셋업,01_시즌,사계절,8765,278,8006683,79900,7430,28801.0,29255.0,37400.0,65123950,700323500,2065540,22212200,28801,64,891,26065252,6620130,71190900,10.17,0.26,0,3.7
2023,2023-02-12,사계절_데님셋업,01_시즌,사계절,15874,212,15734000,131116,15966,82628.0,82609.0,81688.0,253444284,2081335384,3384792,27796592,74217,43,791,58691912,12532692,104911768,4.98,0.16,0,3.7
2023,2023-02-12,사계절_셋업,01_시즌,사계절,29622,1095,82712924,169450,23104,108637.0,108230.0,101888.0,684386688,5019447900,25298880,185547750,75537,55,3028,234678390,67823016,513094600,10.22,0.21,0,3.7
2023,2023-02-12,사계절_셋업셔츠,01_시즌,사계절,108079,2100,81543795,69900,7357,38889.0,38561.0,35960.0,795137203,7554722100,15449700,146790000,38830,44,12816,478031833,92888538,895838400,11.86,0.43,0,3.7
2023,2023-02-12,여름_가성비 수트셋업,01_시즌,여름,51459,1628,259934840,211500,44762,167513.0,165604.0,152013.0,2303407758,10883578500,72872536,344322000,159665,25,5232,816286106,234473564,1078230500,10.17,0.22,0,3.7
2023,2023-02-12,여름_디자인팬츠,01_시즌,여름,4100,46,3565000,139000,16820,77500.0,86701.0,73028.0,68962000,569900000,773720,6394000,77500,44,59,4522000,992380,8201000,1.44,0.05,0,3.7
2023,2023-02-12,여름_자켓,01_시즌,여름,5852,0,0,259000,30460,,221633.0,159446.0,178251920,1515668000,0,0,221633,14,0,0,0,0,0.0,0.0,0,3.7
2023,2023-02-12,여름_점퍼,01_시즌,여름,11121,208,39812500,279000,41878,190347.0,186364.0,129556.0,465725238,3102759000,8710624,58032000,191406,31,343,65777500,14364154,95697000,3.08,0.1,0,3.7
2023,2023-02-12,여름_캐주얼셔츠,01_시즌,여름,9165,178,9137100,92400,8432,53181.0,46508.0,40194.0,77279280,846846000,1500896,16447200,51332,44,476,24476962,4493178,50687400,5.19,0.23,0,3.7
2023,2023-02-19,봄_가디건,01_시즌,봄,13201,236,22857192,184900,17040,96806.0,96225.0,70673.0,224945040,2440864900,4021440,43636400,96853,48,728,74824410,12753680,136947200,5.51,0.25,0,1.4
2023,2023-02-19,봄_가성비 수트셋업,01_시즌,봄,26563,698,109540040,199000,38772,157661.0,156856.0,150877.0,1029900636,5286037000,27062856,138902000,156934,21,10482,1611277807,412440358,2085918000,39.46,1.02,0,1.4
2023,2023-02-19,봄_맨투맨셋업,01_시즌,봄,16991,357,23978024,119900,16869,66158.0,66481.0,47662.0,286621179,2037220900,6022233,42804300,67165,44,1422,97104035,23987718,170497800,8.37,0.22,0,1.4
2023,2023-02-19,봄_셋업셔츠,01_시즌,봄,8228,162,4689000,89900,7769,28944.0,29010.0,26755.0,63923332,739697200,1258578,14563800,28944,68,1236,35486246,9602484,111116400,15.02,0.35,0,1.4
2023,2023-02-19,봄_스웨터,01_시즌,봄,31090,1177,69812251,116567,15692,64395.0,64950.0,49293.0,487864280,3624068030,18469484,137199359,59314,49,5027,296910299,79068076,585982309,16.17,0.39,0,1.4
2023,2023-02-19,봄_아우터,01_시즌,봄,9884,285,51671030,602333,111672,338740.0,348198.0,294909.0,1103766048,5953459372,31826520,171664905,181302,70,878,176330353,92858693,513268393,8.88,0.06,0,1.4
2023,2023-02-19,봄_캐주얼셔츠,01_시즌,봄,3382,22,1188000,129900,11833,54000.0,58250.0,44007.0,40019206,439321800,260326,2857800,54000,58,67,3773000,738751,8703300,1.98,0.07,0,1.4
2023,2023-02-19,봄_팬츠,01_시즌,봄,6080,49,3533000,139000,17115,71939.0,73648.0,55373.0,104059200,845120000,838635,6811000,72102,48,189,13973500,3234735,26271000,3.11,0.09,0,1.4
2023,2023-02-19,사계절_가성비 수트셋업,01_시즌,사계절,41837,1047,162355620,199000,32753,156023.0,156284.0,117822.0,1370287261,8325563000,34292391,208353000,155067,22,7568,1153225158,248520727,1506032000,18.09,0.58,0,1.4
2023,2023-02-19,사계절_니트셋업,01_시즌,사계절,8765,464,13374864,79900,7430,28825.0,29255.0,37400.0,65123950,700323500,3447520,37073600,28825,64,1355,39440116,10067650,108264500,15.46,0.4,0,1.4
2023,2023-02-19,사계절_데님셋업,01_시즌,사계절,15874,270,19501900,131116,15966,84036.0,82609.0,81688.0,253444284,2081335384,4310820,35401320,72229,45,1061,78193812,16843512,140313088,6.68,0.21,0,1.4
2023,2023-02-19,사계절_셋업,01_시즌,사계절,29622,440,38138059,169450,23104,106288.0,108230.0,101888.0,684386688,5019447900,10165760,74558000,86677,49,3468,272816449,77988776,587652600,11.71,0.25,0,1.4
2023,2023-02-19,사계절_셋업셔츠,01_시즌,사계절,108079,2269,85646040,69900,7357,38279.0,38561.0,35960.0,795137203,7554722100,16693033,158603100,37746,46,15085,563677873,109581571,1054441500,13.96,0.51,0,1.4
2023,2023-02-19,여름_가성비 수트셋업,01_시즌,여름,51467,1931,303175780,211500,44762,167402.0,165604.0,152013.0,2303765854,10885270500,86435422,408406500,157005,26,7163,1119461886,320908986,1486637000,13.92,0.3,0,1.4
2023,2023-02-19,여름_고가 수트셋업,01_시즌,여름,8984,0,0,249000,43948,,198952.0,180119.0,394828832,2237016000,0,0,198952,20,0,0,0,0,0.0,0.0,0,1.4
2023,2023-02-19,여름_디자인팬츠,01_시즌,여름,15116,255,28003300,139000,12546,70114.0,86701.0,73028.0,189645336,2101124000,3199230,35445000,109817,21,314,32525300,4191610,43646000,2.08,0.13,0,1.4
2023,2023-02-19,여름_자켓,01_시즌,여름,6852,152,32306800,259000,30460,212545.0,221633.0,159446.0,208711920,1774668000,4629920,39368000,212545,18,152,32306800,4629920,39368000,2.22,0.12,0,1.4
2023,2023-02-19,여름_점퍼,01_시즌,여름,11611,133,25701500,274000,35594,189257.0,186364.0,129556.0,413281934,3181414000,4734002,36442000,193244,29,476,91479000,19098156,132139000,4.1,0.16,0,1.4
2023,2023-02-19,여름_캐주얼셔츠,01_시즌,여름,48401,160,8340900,92400,8432,54222.0,46508.0,40194.0,408117232,4472252400,1349120,14784000,52131,44,636,32817862,5842298,65471400,1.31,0.06,0,1.4
2023,2023-02-26,봄_가디건,01_시즌,봄,13201,180,17368097,184900,17040,96278.0,96225.0,70673.0,224945040,2440864900,3067200,33282000,96489,48,908,92192507,15820880,170229200,6.88,0.3,0,4.5
2023,2023-02-26,봄_가성비 수트셋업,01_시즌,봄,26563,478,74231280,199000,38772,155371.0,156856.0,150877.0,1029900636,5286037000,18533016,95122000,155296,22,10960,1685509087,430973374,2181040000,41.26,1.07,0,4.5
2023,2023-02-26,봄_맨투맨셋업,01_시즌,봄,16991,338,22709547,119900,16869,65557.0,66481.0,47662.0,286621179,2037220900,5701722,40526200,67188,44,1760,119813582,29689440,211024000,10.36,0.28,0,4.5
2023,2023-02-26,봄_셋업셔츠,01_시즌,봄,8228,180,5209700,89900,7769,28943.0,29010.0,26755.0,63923332,739697200,1398420,16182000,28943,68,1416,40695946,11000904,127298400,17.21,0.41,0,4.5
2023,2023-02-26,봄_스웨터,01_시즌,봄,31090,1061,62686626,116567,15692,65553.0,64950.0,49293.0,487864280,3624068030,16649212,123677587,59083,49,6088,359596925,95717288,709659896,19.58,0.47,0,4.5
2023,2023-02-26,봄_아우터,01_시즌,봄,9884,285,55194058,602333,111672,340640.0,348198.0,294909.0,1103766048,5953459372,31826520,171664905,193663,68,1163,231524411,124685213,684933298,11.77,0.08,0,4.5
2023,2023-02-26,봄_캐주얼셔츠,01_시즌,봄,3382,17,951970,129900,11833,55998.0,58250.0,44007.0,40019206,439321800,201161,2208300,55998,57,84,4724970,939912,10911600,2.48,0.08,0,4.5
2023,2023-02-26,봄_팬츠,01_시즌,봄,6080,28,2053000,139000,17115,73661.0,73648.0,55373.0,104059200,845120000,479220,3892000,73321,47,217,16026500,3713955,30163000,3.57,0.1,0,4.5
2023,2023-02-26,사계절_가성비 수트셋업,01_시즌,사계절,41837,824,127182180,199000,32753,154839.0,156284.0,117822.0,1370287261,8325563000,26988472,163976000,154347,22,8392,1280407338,275509199,1670008000,20.06,0.65,0,4.5
2023,2023-02-26,사계절_니트셋업,01_시즌,사계절,8765,531,15155185,79900,7430,28541.0,29255.0,37400.0,65123950,700323500,3945330,42426900,28541,64,1886,54595301,14012980,150691400,21.52,0.55,0,4.5
2023,2023-02-26,사계절_데님셋업,01_시즌,사계절,15874,239,17976150,131116,15966,83687.0,82609.0,81688.0,253444284,2081335384,3815874,31336724,75214,43,1300,96169962,20659386,171649812,8.19,0.26,0,4.5
2023,2023-02-26,사계절_셋업,01_시즌,사계절,29622,996,75825809,169450,23104,109428.0,108230.0,101888.0,684386688,5019447900,23011584,168772200,76130,55,4464,348642258,101000360,756424800,15.07,0.32,0,4.5
2023,2023-02-26,사계절_셋업셔츠,01_시즌,사계절,108079,1872,72792890,69900,7357,38823.0,38561.0,35960.0,795137203,7554722100,13772304,130852800,38885,44,16957,636470763,123353875,1185294300,15.69,0.57,0,4.5
2023,2023-02-26,여름_가성비 수트셋업,01_시즌,여름,51467,1688,263826200,211500,44762,165696.0,165604.0,152013.0,2303765854,10885270500,75558256,357012000,156295,26,8851,1383288086,396467242,1843649000,17.2,0.37,0,4.5
2023,2023-02-26,여름_고가 수트셋업,01_시즌,여름,8984,75,15550810,249000,43948,198952.0,198952.0,180119.0,394828832,2237016000,3296100,18675000,207344,17,75,15550810,3296100,18675000,0.83,0.03,0,4.5
2023,2023-02-26,여름_디자인팬츠,01_시즌,여름,22355,418,45386980,139000,14784,100567.0,86701.0,73028.0,330496320,3107345000,6179712,58102000,108581,22,732,77912280,10371322,101748000,3.27,0.18,0,4.5
2023,2023-02-26,여름_자켓,01_시즌,여름,13089,132,29611800,285667,35276,224662.0,221633.0,159446.0,461727564,3739095363,4656432,37708044,224332,21,284,61918600,9286352,77076044,2.17,0.1,0,4.5
2023,2023-02-26,여름_점퍼,01_시즌,여름,19166,331,60498091,271000,32563,181184.0,186364.0,129556.0,624102458,5193986000,10778353,89701000,182774,33,807,151977091,29876509,221840000,4.21,0.17,0,4.5
2023,2023-02-26,여름_캐주얼셔츠,01_시즌,여름,73765,530,23779845,89900,7823,46756.0,46508.0,36555.0,577063595,6631473500,4146190,47647000,44868,50,1166,56597707,9988488,113118400,1.58,0.07,0,4.5
2023,2023-03-05,봄_가디건,01_시즌,봄,13201,371,32555147,184900,17040,87210.0,77385.0,70673.0,224945040,2440864900,6321840,68597900,87750,53,1279,124747654,22142720,238827100,9.69,0.41,0,11.5
2023,2023-03-05,봄_가성비 수트셋업,01_시즌,봄,26563,697,107378000,199000,40539,155702.0,153351.0,150877.0,1076837457,5286037000,28255683,138703000,154057,23,11657,1792887087,459229057,2319743000,43.88,1.09,0,11.5
2023,2023-03-05,봄_맨투맨셋업,01_시즌,봄,16991,625,35711844,119900,16869,53874.0,48641.0,47662.0,286621179,2037220900,10543125,74937500,57139,52,2385,155525426,40232565,285961500,14.04,0.35,0,11.5
2023,2023-03-05,봄_셋업셔츠,01_시즌,봄,8228,124,3564200,89900,7769,28744.0,28646.0,26755.0,63923332,739697200,963356,11147600,28744,68,1540,44260146,11964260,138446000,18.72,0.44,0,11.5
2023,2023-03-05,봄_스웨터,01_시즌,봄,31090,1663,88640541,116567,15692,59193.0,57931.0,49293.0,487864280,3624068030,26095796,193850921,53302,54,7751,448237466,121813084,903510817,24.93,0.59,0,11.5
2023,2023-03-05,봄_아우터,01_시즌,봄,9884,542,92243419,602333,111672,332133.0,298405.0,294909.0,1103766048,5953459372,60526224,326464486,170191,72,1705,323767830,185211437,1011397784,17.25,0.1,0,11.5
2023,2023-03-05,봄_캐주얼셔츠,01_시즌,봄,3382,44,2150180,129900,11833,48868.0,48793.0,44007.0,40019206,439321800,520652,5715600,48868,62,128,6875150,1460564,16627200,3.78,0.12,0,11.5
2023,2023-03-05,봄_팬츠,01_시즌,봄,6080,30,2026100,139000,17115,66051.0,59503.0,55373.0,104059200,845120000,513450,4170000,67537,51,247,18052600,4227405,34333000,4.06,0.12,0,11.5
2023,2023-03-05,사계절_가성비 수트셋업,01_시즌,사계절,45451,1140,173248976,199000,33227,152438.0,145830.0,117822.0,1510200377,9044749000,37878780,226860000,151973,24,9532,1453656314,313387979,1896868000,20.97,0.67,0,11.5
2023,2023-03-05,사계절_니트셋업,01_시즌,사계절,8765,1031,29831822,79900,7430,28935.0,28860.0,37400.0,65123950,700323500,7660330,82376900,28935,64,2917,84427123,21673310,233068300,33.28,0.85,0,11.5
2023,2023-03-05,사계절_데님셋업,01_시즌,사계절,15874,426,31566804,131116,15966,81798.0,82272.0,81688.0,253444284,2081335384,6801516,55855416,74100,43,1726,127736766,27460902,227505228,10.87,0.35,0,11.5
2023,2023-03-05,사계절_셋업,01_시즌,사계절,29622,1307,99785108,169450,23175,107136.0,107738.0,101888.0,686489850,5019447900,30289725,221471150,76347,55,5771,448427366,131290085,977895950,19.48,0.4,0,11.5
2023,2023-03-05,사계절_셋업셔츠,01_시즌,사계절,113144,2207,83547310,69900,7711,38059.0,38422.0,35960.0,872453384,7908765600,17018177,154269300,37856,46,19164,720018073,140372052,1339563600,16.94,0.59,0,11.5
2023,2023-03-05,여름_가성비 수트셋업,01_시즌,여름,51467,2409,379542740,211500,45328,164699.0,165577.0,152013.0,2332896176,10885270500,109195152,509503500,157552,26,11260,1762830826,505662394,2353152500,21.88,0.47,0,11.5
2023,2023-03-05,여름_고가 수트셋업,01_시즌,여름,8984,235,43306120,249000,45616,190370.0,193115.0,180119.0,409814144,2237016000,10719760,58515000,184281,26,310,58856930,14015860,77190000,3.45,0.1,0,11.5
2023,2023-03-05,여름_디자인팬츠,01_시즌,여름,25948,-135,-18696760,139000,15635,101839.0,94780.0,73028.0,405696980,3606772000,-2110725,-18765000,138495,0,597,59215520,8260597,82983000,2.3,0.11,0,11.5
2023,2023-03-05,여름_반팔티셔츠,01_시즌,여름,8891,0,0,59900,5131,,42173.0,30221.0,45619721,532570900,0,0,42173,30,0,0,0,0,0.0,0.0,0,11.5
2023,2023-03-05,여름_자켓,01_시즌,여름,16522,127,26603020,289000,36799,228401.0,219297.0,159446.0,607993078,4774858000,4673473,36703000,209473,28,411,88521620,13959825,113779044,2.49,0.11,0,11.5
2023,2023-03-05,여름_점퍼,01_시즌,여름,19166,726,131017600,271000,32893,421475.0,224460.0,129556.0,630427238,5193986000,23880318,196746000,180465,33,1533,282994691,53756827,418586000,8.0,0.32,0,11.5
2023,2023-03-05,여름_캐주얼셔츠,01_시즌,여름,82554,1727,72009100,89900,7671,47241.0,47610.0,36555.0,633271734,7421604600,13247817,155257300,41696,54,2893,128606807,23236305,268375700,3.5,0.15,0,11.5
2023,2023-03-12,봄_가디건,01_시즌,봄,13201,326,29784990,184900,17040,91041.0,77385.0,70673.0,224945040,2440864900,5555040,60277400,91365,51,1605,154532644,27697760,299104500,12.16,0.5,0,6.6
2023,2023-03-12,봄_가성비 수트셋업,01_시즌,봄,26563,445,65110520,199000,40539,154729.0,153351.0,150877.0,1076837457,5286037000,18039855,88555000,146316,26,12102,1857997607,477268912,2408298000,45.56,1.13,0,6.6
2023,2023-03-12,봄_맨투맨셋업,01_시즌,봄,16991,553,32587613,119900,16869,55274.0,48641.0,47662.0,286621179,2037220900,9328557,66304700,58929,51,2938,188113039,49561122,352266200,17.29,0.42,0,6.6
2023,2023-03-12,봄_셋업셔츠,01_시즌,봄,8228,100,2851200,89900,7769,28512.0,28646.0,26755.0,63923332,739697200,776900,8990000,28512,68,1640,47111346,12741160,147436000,19.93,0.47,0,6.6
2023,2023-03-12,봄_스웨터,01_시즌,봄,31090,1334,74684067,116567,15692,60786.0,57931.0,49293.0,487864280,3624068030,20933128,155500378,55985,52,9085,522921533,142746212,1059011195,29.22,0.68,0,6.6
2023,2023-03-12,봄_아우터,01_시즌,봄,9884,487,62915457,602333,111672,303634.0,298405.0,294909.0,1103766048,5953459372,54384264,293336171,129190,79,2192,386683287,239595701,1304733955,22.18,0.1,0,6.6
2023,2023-03-12,봄_캐주얼셔츠,01_시즌,봄,3382,79,3893563,129900,11833,49286.0,48793.0,44007.0,40019206,439321800,934807,10262100,49286,62,207,10768713,2395371,26889300,6.12,0.18,0,6.6
2023,2023-03-12,봄_팬츠,01_시즌,봄,6080,48,3299200,139000,17115,68784.0,59503.0,55373.0,104059200,845120000,821520,6672000,68733,51,295,21351800,5048925,41005000,4.85,0.14,0,6.6
2023,2023-03-12,사계절_가성비 수트셋업,01_시즌,사계절,45451,953,134631360,199000,33227,145300.0,145830.0,117822.0,1510200377,9044749000,31665331,189647000,141271,29,10485,1588287674,345053310,2086515000,23.07,0.73,0,6.6
2023,2023-03-12,사계절_니트셋업,01_시즌,사계절,8765,843,24236431,79900,7430,28750.0,28860.0,37400.0,65123950,700323500,6263490,67355700,28750,64,3760,108663554,27936800,300424000,42.9,1.09,0,6.6
2023,2023-03-12,사계절_데님셋업,01_시즌,사계절,15874,334,24619675,131116,15966,82968.0,82272.0,81688.0,253444284,2081335384,5332644,43792744,73712,44,2060,152356441,32793546,271297972,12.98,0.42,0,6.6
2023,2023-03-12,사계절_셋업,01_시즌,사계절,29622,1023,76349538,169450,23175,107610.0,107738.0,101888.0,686489850,5019447900,23708025,173347350,74633,56,6794,524776904,154998110,1151243300,22.94,0.47,0,6.6
2023,2023-03-12,사계절_셋업셔츠,01_시즌,사계절,113144,1915,73926885,69900,7711,38523.0,38422.0,35960.0,872453384,7908765600,14766565,133858500,38604,45,21079,793944958,155138617,1473422100,18.63,0.65,0,6.6
2023,2023-03-12,여름_가성비 수트셋업,01_시즌,여름,62635,2055,325906780,211500,44710,166585.0,165577.0,152013.0,2800410850,13247302500,91879050,434632500,158592,25,13315,2088737606,597541444,2787785000,21.26,0.46,0,6.6
2023,2023-03-12,여름_고가 수트셋업,01_시즌,여름,10567,217,41348400,249000,45626,194895.0,193115.0,180119.0,482129942,2631183000,9900842,54033000,190546,23,527,100205330,23916702,131223000,4.99,0.14,0,6.6
2023,2023-03-12,여름_디자인팬츠,01_시즌,여름,25948,334,34354160,139000,15635,98915.0,94780.0,73028.0,405696980,3606772000,5222090,46426000,102857,26,931,93569680,13482687,129409000,3.59,0.18,0,6.6
2023,2023-03-12,여름_반팔스웨터,01_시즌,여름,20672,0,0,99900,11900,,64112.0,45814.0,245996800,2065132800,0,0,64112,36,0,0,0,0,0.0,0.0,0,6.6
2023,2023-03-12,여름_반팔티셔츠,01_시즌,여름,24121,631,28491850,59900,5830,43928.0,42173.0,30221.0,140625430,1444847900,3678730,37796900,45153,25,631,28491850,3678730,37796900,2.62,0.16,0,6.6
2023,2023-03-12,여름_자켓,01_시즌,여름,27375,264,58392760,289000,36794,228394.0,219297.0,159446.0,1007235750,7911375000,9713616,76296000,221185,23,675,146914380,23673441,190075044,2.47,0.11,0,6.6
2023,2023-03-12,여름_점퍼,01_시즌,여름,19166,827,139980720,271000,32893,164612.0,224460.0,129556.0,630427238,5193986000,27202511,224117000,169263,38,2360,422975411,80959338,642703000,12.31,0.48,0,6.6
2023,2023-03-12,여름_캐주얼셔츠,01_시즌,여름,82554,924,44693025,89900,7671,47767.0,47610.0,36555.0,633271734,7421604600,7088004,83067600,48369,46,3817,173299832,30324309,351443300,4.62,0.2,0,6.6
2023,2023-03-12,여름_팬츠,01_시즌,여름,44032,405,27830700,99900,9950,68858.0,68207.0,43143.0,438118400,4398796800,4029750,40459500,68718,31,405,27830700,4029750,40459500,0.92,0.05,0,6.6
2023,2023-03-19,봄_가디건,01_시즌,봄,13201,695,46103490,184900,17040,66647.0,77385.0,70673.0,224945040,2440864900,11842800,128505500,66336,64,2300,200636134,39540560,427610000,17.42,0.64,0,12.9
2023,2023-03-19,봄_가성비 수트셋업,01_시즌,봄,26563,372,54616500,199000,40539,151726.0,153351.0,150877.0,1076837457,5286037000,15080508,74028000,146819,26,12474,1912614107,492349420,2482326000,46.96,1.16,0,12.9
2023,2023-03-19,봄_맨투맨셋업,01_시즌,봄,16991,1016,43214210,119900,16869,43306.0,48641.0,47662.0,286621179,2037220900,17138904,121818400,42534,65,3954,231327249,66700026,474084600,23.27,0.5,0,12.9
2023,2023-03-19,봄_셋업셔츠,01_시즌,봄,8228,91,2677850,89900,7769,29427.0,28646.0,26755.0,63923332,739697200,706979,8180900,29427,67,1731,49789196,13448139,155616900,21.04,0.5,0,12.9
2023,2023-03-19,봄_스웨터,01_시즌,봄,31090,1209,62162180,116567,15692,56843.0,57931.0,49293.0,487864280,3624068030,18971628,140929503,51416,56,10294,585083713,161717840,1199940698,33.11,0.76,0,12.9
2023,2023-03-19,봄_아우터,01_시즌,봄,9884,508,64872480,602333,111672,280099.0,298405.0,294909.0,1103766048,5953459372,56729376,305985164,127702,79,2700,451555767,296325077,1610719119,27.32,0.1,0,12.9
2023,2023-03-19,봄_캐주얼셔츠,01_시즌,봄,3382,68,3280253,129900,11833,48239.0,48793.0,44007.0,40019206,439321800,804644,8833200,48239,63,275,14048966,3200015,35722500,8.13,0.24,0,12.9
2023,2023-03-19,봄_팬츠,01_시즌,봄,6080,50,2666540,139000,17115,53062.0,59503.0,55373.0,104059200,845120000,855750,6950000,53331,62,345,24018340,5904675,47955000,5.67,0.15,0,12.9
2023,2023-03-19,사계절_가성비 수트셋업,01_시즌,사계절,45720,862,119991970,199000,33229,143427.0,145830.0,117822.0,1519229880,9098280000,28643398,171538000,139202,30,11347,1708279644,373696708,2258053000,24.82,0.78,0,12.9
2023,2023-03-19,사계절_니트셋업,01_시즌,사계절,8765,936,26972077,79900,7430,28816.0,28860.0,37400.0,65123950,700323500,6954480,74786400,28816,64,4696,135635631,34891280,375210400,53.58,1.36,0,12.9
2023,2023-03-19,사계절_데님셋업,01_시즌,사계절,15874,359,26852700,131116,15966,82704.0,82272.0,81688.0,253444284,2081335384,5731794,47070644,74799,43,2419,179209141,38525340,318368616,15.24,0.49,0,12.9
2023,2023-03-19,사계절_셋업,01_시즌,사계절,29622,933,74007725,169450,23175,108894.0,107738.0,101888.0,686489850,5019447900,21622275,158096850,79322,53,7727,598784629,176620385,1309340150,26.09,0.54,0,12.9
2023,2023-03-19,사계절_셋업셔츠,01_시즌,사계절,113144,1562,60505902,69900,7711,38687.0,38422.0,35960.0,872453384,7908765600,12044582,109183800,38736,45,22641,854450860,167183199,1582605900,20.01,0.7,0,12.9
2023,2023-03-19,여름_가성비 수트셋업,01_시즌,여름,64790,2220,352771180,211500,44549,166144.0,165577.0,152013.0,2886329710,13703085000,98898780,469530000,158906,25,15535,2441508786,696440224,3257315000,23.98,0.53,0,12.9
2023,2023-03-19,여름_고가 수트셋업,01_시즌,여름,10567,238,44717100,249000,45626,193343.0,193115.0,180119.0,482129942,2631183000,10858988,59262000,187887,25,765,144922430,34775690,190485000,7.24,0.2,0,12.9
2023,2023-03-19,여름_디자인팬츠,01_시즌,여름,25948,427,42814600,139000,15635,98343.0,94780.0,73028.0,405696980,3606772000,6676145,59353000,100268,28,1358,136384280,20158832,188762000,5.23,0.26,0,12.9
2023,2023-03-19,여름_반팔스웨터,01_시즌,여름,54633,417,24588950,99900,10413,58966.0,62392.0,43410.0,568893429,5457836700,4342221,41658300,58966,41,417,24588950,4342221,41658300,0.76,0.03,0,12.9
2023,2023-03-19,여름_반팔티셔츠,01_시즌,여름,53221,722,30088510,59900,5725,41440.0,42173.0,30221.0,304690225,3187937900,4133450,43247800,41674,30,1353,58580360,7812180,81044700,2.54,0.15,0,12.9
2023,2023-03-19,여름_자켓,01_시즌,여름,30109,435,96875750,295667,38690,228509.0,219297.0,159446.0,1164917210,8902237703,16830150,128615145,222703,25,1110,243790130,40503591,318690189,3.69,0.16,0,12.9
2023,2023-03-19,여름_점퍼,01_시즌,여름,19166,901,150768820,271000,32893,160504.0,224460.0,129556.0,630427238,5193986000,29636593,244171000,167335,38,3261,573744231,110595931,886874000,17.01,0.65,0,12.9
2023,2023-03-19,여름_캐주얼셔츠,01_시즌,여름,98059,1588,70385745,94825,8443,47653.0,47610.0,36555.0,827912137,9298444675,13407484,150582100,44324,53,5405,243685577,43731793,502025400,5.51,0.21,0,12.9
2023,2023-03-19,여름_팬츠,01_시즌,여름,44032,487,32870050,99900,9950,68012.0,68207.0,43143.0,438118400,4398796800,4845650,48651300,67495,32,892,60700750,8875400,89110800,2.03,0.11,0,12.9
2023,2023-03-26,봄_가디건,01_시즌,봄,13201,631,40732460,184900,17040,64640.0,77385.0,70673.0,224945040,2440864900,10752240,116671900,64552,65,2931,241368594,50292800,544281900,22.2,0.75,0,11.9
2023,2023-03-26,봄_가성비 수트셋업,01_시즌,봄,26563,411,58567970,199000,40539,151246.0,153351.0,150877.0,1076837457,5286037000,16661529,81789000,142501,28,12885,1971182077,509010949,2564115000,48.51,1.19,0,11.9
2023,2023-03-26,봄_맨투맨셋업,01_시즌,봄,16991,643,27906783,119900,16869,42109.0,48641.0,47662.0,286621179,2037220900,10846767,77095700,43401,64,4597,259234032,77546793,551180300,27.06,0.55,0,11.9
2023,2023-03-26,봄_셋업셔츠,01_시즌,봄,8228,82,2287700,89900,7769,27899.0,28646.0,26755.0,63923332,739697200,637058,7371800,27899,69,1813,52076896,14085197,162988700,22.03,0.52,0,11.9
2023,2023-03-26,봄_스웨터,01_시즌,봄,31090,1019,49611453,116567,15692,54902.0,57931.0,49293.0,487864280,3624068030,15990148,118781773,48686,58,11313,634695166,177707988,1318722471,36.39,0.82,0,11.9
2023,2023-03-26,봄_아우터,01_시즌,봄,9884,425,52932403,602333,111672,277753.0,298405.0,294909.0,1103766048,5953459372,47460600,255991525,124547,79,3125,504488170,343785677,1866710644,31.62,0.1,0,11.9
2023,2023-03-26,봄_캐주얼셔츠,01_시즌,봄,3382,103,5024122,129900,11833,48778.0,48793.0,44007.0,40019206,439321800,1218799,13379700,48778,62,378,19073088,4418814,49102200,11.18,0.32,0,11.9
2023,2023-03-26,봄_팬츠,01_시즌,봄,6080,35,1756300,139000,17115,50116.0,59503.0,55373.0,104059200,845120000,599025,4865000,50180,64,380,25774640,6503700,52820000,6.25,0.16,0,11.9
2023,2023-03-26,사계절_가성비 수트셋업,01_시즌,사계절,45720,855,117717470,199000,33229,142156.0,145830.0,117822.0,1519229880,9098280000,28410795,170145000,137681,31,12202,1825997114,402107503,2428198000,26.69,0.83,0,11.9
2023,2023-03-26,사계절_니트셋업,01_시즌,사계절,8765,525,15192950,79900,7430,28939.0,28860.0,37400.0,65123950,700323500,3900750,41947500,28939,64,5221,150828581,38792030,417157900,59.57,1.51,0,11.9
2023,2023-03-26,사계절_데님셋업,01_시즌,사계절,15874,387,28626095,131116,15966,81618.0,82272.0,81688.0,253444284,2081335384,6178842,50741892,73969,44,2806,207835236,44704182,369110508,17.68,0.57,0,11.9
2023,2023-03-26,사계절_셋업,01_시즌,사계절,30141,835,64260000,169450,23176,107310.0,107738.0,101888.0,698547816,5107392450,19351960,141490750,76958,55,8562,663044629,195972345,1450830900,28.41,0.58,0,11.9
2023,2023-03-26,사계절_셋업셔츠,01_시즌,사계절,113144,1553,59854270,69900,7711,38418.0,38422.0,35960.0,872453384,7908765600,11975183,108554700,38541,45,24194,914305130,179158382,1691160600,21.38,0.75,0,11.9
2023,2023-03-26,여름_가성비 수트셋업,01_시즌,여름,64790,2182,341074665,211500,44549,164714.0,165577.0,152013.0,2886329710,13703085000,97205918,461493000,156313,26,17717,2782583451,793646142,3718808000,27.35,0.6,0,11.9
2023,2023-03-26,여름_고가 수트셋업,01_시즌,여름,10567,269,51130160,249000,45626,193853.0,193115.0,180119.0,482129942,2631183000,12273394,66981000,190075,24,1034,196052590,47049084,257466000,9.79,0.27,0,11.9
2023,2023-03-26,여름_디자인팬츠,01_시즌,여름,25948,639,58120370,139000,15635,80021.0,94780.0,73028.0,405696980,3606772000,9990765,88821000,90955,35,1997,194504650,30149597,277583000,7.7,0.36,0,11.9
2023,2023-03-26,여름_반바지,01_시즌,여름,8073,47,2293000,89900,17464,48787.0,48787.0,32807.0,140986872,725762700,820808,4225300,48787,46,47,2293000,820808,4225300,0.58,0.01,0,11.9
2023,2023-03-26,여름_반팔스웨터,01_시즌,여름,55128,905,54952000,99900,10413,62419.0,62392.0,43410.0,574047864,5507287200,9423765,90409500,60720,39,1322,79540950,13765986,132067800,2.4,0.1,0,11.9
2023,2023-03-26,여름_반팔티셔츠,01_시즌,여름,65914,1380,57363620,94900,13250,55362.0,55526.0,39958.0,873360500,6255238600,18285000,130962000,41568,56,2733,115943980,26097180,212006700,4.15,0.09,0,11.9
2023,2023-03-26,여름_자켓,01_시즌,여름,30109,657,123069330,295667,38690,195526.0,219297.0,159446.0,1164917210,8902237703,25419330,194253219,187320,37,1767,366859460,65922921,512943408,5.87,0.23,0,11.9
2023,2023-03-26,여름_점퍼,01_시즌,여름,19166,903,143330800,271000,32893,151247.0,224460.0,129556.0,630427238,5193986000,29702379,244713000,158727,41,4164,717075031,140298310,1131587000,21.73,0.81,0,11.9
2023,2023-03-26,여름_캐주얼셔츠,01_시즌,여름,98059,2002,91101545,94825,8443,47670.0,47610.0,36555.0,827912137,9298444675,16902886,189839650,45505,52,7407,334787122,60634679,691865050,7.55,0.29,0,11.9
2023,2023-03-26,여름_팬츠,01_시즌,여름,64696,788,52456180,104675,13905,63484.0,63604.0,44353.0,899597880,6772053800,10957140,82483900,66569,36,1680,113156930,19832540,171594700,2.6,0.09,0,11.9
2023,2023-04-02,봄_가디건,01_시즌,봄,13201,528,34392077,184900,17040,64950.0,52269.0,70673.0,224945040,2440864900,8997120,97627200,65137,65,3459,275760671,59289920,641909100,26.2,0.85,0,13.4
2023,2023-04-02,봄_가성비 수트셋업,01_시즌,봄,26563,303,43950330,199000,40539,152566.0,148132.0,150877.0,1076837457,5286037000,12283317,60297000,145051,27,13188,2015132407,521294266,2624412000,49.65,1.22,0,13.4
2023,2023-04-02,봄_맨투맨셋업,01_시즌,봄,16991,571,24239284,119900,16869,41259.0,35142.0,47662.0,286621179,2037220900,9632199,68462900,42451,65,5168,283473316,87178992,619643200,30.42,0.59,0,13.4
2023,2023-04-02,봄_셋업셔츠,01_시즌,봄,8228,63,1767100,89900,7769,28049.0,26519.0,26755.0,63923332,739697200,489447,5663700,28049,69,1876,53843996,14574644,168652400,22.8,0.54,0,13.4
2023,2023-04-02,봄_스웨터,01_시즌,봄,31090,690,30261288,116567,15692,50430.0,38900.0,49293.0,487864280,3624068030,10827480,80431230,43857,62,12003,664956454,188535468,1399153701,38.61,0.85,0,13.4
2023,2023-04-02,봄_아우터,01_시즌,봄,9884,349,43003781,602333,111672,271295.0,259981.0,294909.0,1103766048,5953459372,38973528,210214217,123220,80,3474,547491951,382759205,2076924861,35.15,0.1,0,13.4
2023,2023-04-02,봄_캐주얼셔츠,01_시즌,봄,3382,129,5381380,129900,11833,41716.0,36859.0,44007.0,40019206,439321800,1526457,16757100,41716,68,507,24454468,5945271,65859300,14.99,0.41,0,13.4
2023,2023-04-02,봄_팬츠,01_시즌,봄,6080,31,1523160,139000,17118,48575.0,35817.0,55373.0,104077440,845120000,530658,4309000,49134,65,411,27297800,7034358,57129000,6.76,0.17,0,13.4
2023,2023-04-02,사계절_가성비 수트셋업,01_시즌,사계절,45720,912,126628340,199000,34588,143830.0,139774.0,117822.0,1581363360,9098280000,31544256,181488000,138847,30,13114,1952625454,433651759,2609686000,28.68,0.85,0,13.4
2023,2023-04-02,사계절_니트셋업,01_시즌,사계절,8765,641,17808681,79900,7430,27783.0,27878.0,37400.0,65123950,700323500,4762630,51215900,27783,65,5862,168637262,43554660,468373800,66.88,1.69,0,13.4
2023,2023-04-02,사계절_데님셋업,01_시즌,사계절,15874,395,28996153,131116,15966,82023.0,83028.0,81688.0,253444284,2081335384,6306570,51790820,73408,44,3201,236831389,51010752,420901328,20.17,0.65,0,13.4
2023,2023-04-02,사계절_셋업,01_시즌,사계절,30141,898,65275603,169450,23176,106900.0,104444.0,101888.0,698547816,5107392450,20812048,152166100,72690,57,9460,728320232,216784393,1602997000,31.39,0.64,0,13.4
2023,2023-04-02,사계절_셋업셔츠,01_시즌,사계절,113144,1673,63353025,69900,7711,38377.0,38768.0,35960.0,872453384,7908765600,12900503,116942700,37868,46,25867,977658155,192058885,1808103300,22.86,0.8,0,13.4
2023,2023-04-02,여름_가성비 수트셋업,01_시즌,여름,64790,2300,361614437,211500,44550,163304.0,158151.0,152013.0,2886394500,13703085000,102465000,486450000,157224,26,20017,3144197888,896111142,4205258000,30.9,0.68,0,13.4
2023,2023-04-02,여름_고가 수트셋업,01_시즌,여름,19404,449,85577860,282334,48234,193538.0,191009.0,180119.0,935932536,5478408936,21657066,126767966,190597,32,1483,281630450,68706150,384233966,7.64,0.2,0,13.4
2023,2023-04-02,여름_디자인팬츠,01_시즌,여름,26843,898,88790267,139000,16236,96221.0,101714.0,73028.0,435822948,3731177000,14579928,124822000,98876,29,2895,283294917,44729525,402405000,10.78,0.49,0,13.4
2023,2023-04-02,여름_반바지,01_시즌,여름,8073,-1,-63900,89900,17464,63900.0,50140.0,32807.0,140986872,725762700,-17464,-89900,63900,29,46,2229100,803344,4135400,0.57,0.01,0,13.4
2023,2023-04-02,여름_반팔스웨터,01_시즌,여름,55128,1428,85871808,99900,10420,61253.0,60017.0,43410.0,574433760,5507287200,14879760,142657200,60134,40,2750,165412758,28645746,274725000,4.99,0.21,0,13.4
2023,2023-04-02,여름_반팔티셔츠,01_시즌,여름,65914,1617,67452948,94900,13216,57805.0,57955.0,39958.0,871119424,6255238600,21370272,153453300,41715,56,4350,183396928,47467452,365460000,6.6,0.14,0,13.4
2023,2023-04-02,여름_자켓,01_시즌,여름,30109,674,134229240,295667,38690,214775.0,187761.0,159446.0,1164917210,8902237703,26077060,199279558,199153,33,2441,501088700,91999981,712222966,8.11,0.31,0,13.4
2023,2023-04-02,여름_점퍼,01_시즌,여름,19166,962,149437934,271000,32893,150099.0,144648.0,129556.0,630427238,5193986000,31643066,260702000,155341,43,5126,866512965,171941376,1392289000,26.75,0.98,0,13.4
2023,2023-04-02,여름_캐주얼셔츠,01_시즌,여름,98059,2178,98047840,94825,8443,52840.0,52523.0,36555.0,827912137,9298444675,18388854,206528850,45017,53,9585,432834962,79023533,898393900,9.77,0.38,0,13.4
2023,2023-04-02,여름_팬츠,01_시즌,여름,64696,1002,69191180,104675,13462,63734.0,62860.0,44353.0,870937552,6772053800,13488924,104884350,69053,34,2682,182348110,33321464,276479050,4.15,0.15,0,13.4
2023,2023-04-09,봄_가디건,01_시즌,봄,13201,452,26847539,184900,17040,59428.0,52269.0,70673.0,224945040,2440864900,7702080,83574800,59397,68,3911,302608210,66992000,725483900,29.63,0.93,0,12.7
2023,2023-04-09,봄_가성비 수트셋업,01_시즌,봄,26563,337,49544460,199000,40539,153194.0,148132.0,150877.0,1076837457,5286037000,13661643,67063000,147016,26,13525,2064676867,534955909,2691475000,50.92,1.25,0,12.7
2023,2023-04-09,봄_맨투맨셋업,01_시즌,봄,16991,400,15095178,119900,16869,36569.0,35142.0,47662.0,286621179,2037220900,6747600,47960000,37738,69,5568,298568494,93926592,667603200,32.77,0.62,0,12.7
2023,2023-04-09,봄_셋업셔츠,01_시즌,봄,8228,47,1320400,89900,7769,28094.0,26519.0,26755.0,63923332,739697200,365143,4225300,28094,69,1923,55164396,14939787,172877700,23.37,0.55,0,12.7
2023,2023-04-09,봄_스웨터,01_시즌,봄,31090,443,17930960,116567,15692,46675.0,38900.0,49293.0,487864280,3624068030,6951556,51639181,40476,65,12446,682887414,195487024,1450792882,40.03,0.87,0,12.7
2023,2023-04-09,봄_아우터,01_시즌,봄,9884,225,24322620,602333,111672,264680.0,259981.0,294909.0,1103766048,5953459372,25126200,135524925,108101,82,3699,571814571,407885405,2212449786,37.42,0.1,0,12.7
2023,2023-04-09,봄_캐주얼셔츠,01_시즌,봄,3382,142,5604880,129900,11833,39471.0,36859.0,44007.0,40019206,439321800,1680286,18445800,39471,70,649,30059348,7625557,84305100,19.19,0.49,0,12.7
2023,2023-04-09,봄_팬츠,01_시즌,봄,6080,24,895369,139000,17118,37843.0,35817.0,55373.0,104077440,845120000,410832,3336000,37307,73,435,28193169,7445190,60465000,7.15,0.17,0,12.7
2023,2023-04-09,사계절_가성비 수트셋업,01_시즌,사계절,45720,924,129375580,199000,34588,143183.0,139774.0,117822.0,1581363360,9098280000,31959312,183876000,140017,30,14038,2082001034,465611071,2793562000,30.7,0.9,0,12.7
2023,2023-04-09,사계절_니트셋업,01_시즌,사계절,8765,342,9728100,79900,7430,28445.0,27878.0,37400.0,65123950,700323500,2541060,27325800,28445,64,6204,178365362,46095720,495699600,70.78,1.78,0,12.7
2023,2023-04-09,사계절_데님셋업,01_시즌,사계절,15874,345,25245040,131116,15966,83514.0,83028.0,81688.0,253444284,2081335384,5508270,45235020,73174,44,3546,262076429,56519022,466136348,22.34,0.72,0,12.7
2023,2023-04-09,사계절_셋업,01_시즌,사계절,30141,663,50423837,169450,23176,109181.0,104444.0,101888.0,698547816,5107392450,15365688,112345350,76054,55,10123,778744069,232150081,1715342350,33.59,0.68,0,12.7
2023,2023-04-09,사계절_셋업셔츠,01_시즌,사계절,113144,1706,65731900,69900,7711,38682.0,38768.0,35960.0,872453384,7908765600,13154966,119249400,38530,45,27573,1043390055,205213851,1927352700,24.37,0.85,0,12.7
2023,2023-04-09,여름_가성비 수트셋업,01_시즌,여름,64790,2062,329768356,211500,44550,166198.0,158151.0,152013.0,2886394500,13703085000,91862100,436113000,159926,24,22079,3473966244,987973242,4641371000,34.08,0.75,0,12.7
2023,2023-04-09,여름_고가 수트셋업,01_시즌,여름,24088,632,111878830,282334,48234,200726.0,191009.0,180119.0,1161860592,6800861392,30483888,178435088,177023,37,2115,393509280,99190038,562669054,8.78,0.22,0,12.7
2023,2023-04-09,여름_디자인팬츠,01_시즌,여름,26843,558,47073970,139000,16236,197155.0,101714.0,73028.0,435822948,3731177000,9059688,77562000,84362,39,3453,330368887,53789213,479967000,12.86,0.57,0,12.7
2023,2023-04-09,여름_반바지,01_시즌,여름,15585,54,2622200,89900,12706,48559.0,49570.0,35824.0,198023010,1401091500,686124,4854600,48559,46,100,4851300,1489468,8990000,0.64,0.01,0,12.7
2023,2023-04-09,여름_반팔스웨터,01_시즌,여름,93167,1418,86076468,102400,11572,63363.0,62000.0,44409.0,1078128524,9540300800,16409096,145203200,60703,41,4168,251489226,45054842,419928200,4.47,0.17,0,12.7
2023,2023-04-09,여름_반팔티셔츠,01_시즌,여름,92492,1578,72586861,93233,11791,58700.0,57702.0,38271.0,1090573172,8623306636,18606198,147121674,45999,51,5928,255983789,66073650,512581674,6.41,0.15,0,12.7
2023,2023-04-09,여름_자켓,01_시즌,여름,30109,773,140016190,295667,38690,185458.0,187761.0,159446.0,1164917210,8902237703,29907370,228550591,181133,39,3214,641104890,121907351,940773557,10.67,0.4,0,12.7
2023,2023-04-09,여름_점퍼,01_시즌,여름,19166,630,101989508,271000,32893,158997.0,144648.0,129556.0,630427238,5193986000,20722590,170730000,161888,40,5756,968502473,192663966,1563019000,30.03,1.09,0,12.7
2023,2023-04-09,여름_캐주얼셔츠,01_시즌,여름,98059,1977,86761651,94825,8443,52821.0,52523.0,36555.0,827912137,9298444675,16691811,187469025,43886,54,11562,519596613,95715344,1085862925,11.79,0.45,0,12.7
2023,2023-04-09,여름_팬츠,01_시즌,여름,70768,985,67957685,104675,13469,63810.0,62860.0,44353.0,953174192,7407640400,13266965,103104875,68993,34,3667,250305795,46588429,379583925,5.18,0.19,0,12.7
2023,2023-04-16,봄_가디건,01_시즌,봄,13201,465,26415503,184900,17040,56865.0,52269.0,70673.0,224945040,2440864900,7923600,85978500,56808,69,4376,329023713,74915600,811462400,33.15,1.0,0,15.2
2023,2023-04-16,봄_가성비 수트셋업,01_시즌,봄,26563,279,40949620,199000,40539,151870.0,148132.0,150877.0,1076837457,5286037000,11310381,55521000,146773,26,13804,2105626487,546266290,2746996000,51.97,1.27,0,15.2
2023,2023-04-16,봄_맨투맨셋업,01_시즌,봄,16991,464,16355611,119900,16869,34547.0,35142.0,47662.0,286621179,2037220900,7827216,55633600,35249,71,6032,314924105,101753808,723236800,35.5,0.64,0,15.2
2023,2023-04-16,봄_셋업셔츠,01_시즌,봄,8228,52,1465245,89900,7769,28178.0,26519.0,26755.0,63923332,739697200,403988,4674800,28178,69,1975,56629641,15343775,177552500,24.0,0.57,0,15.2
2023,2023-04-16,봄_스웨터,01_시즌,봄,31090,399,15593518,116567,15692,43841.0,38900.0,49293.0,487864280,3624068030,6261108,46510233,39081,66,12845,698480932,201748132,1497303115,41.32,0.89,0,15.2
2023,2023-04-16,봄_아우터,01_시즌,봄,9884,219,23320740,602333,111672,261419.0,259981.0,294909.0,1103766048,5953459372,24456168,131910927,106487,82,3918,595135311,432341573,2344360713,39.64,0.1,0,15.2
2023,2023-04-16,봄_캐주얼셔츠,01_시즌,봄,3382,144,5593700,129900,11833,38845.0,36859.0,44007.0,40019206,439321800,1703952,18705600,38845,70,793,35653048,9329509,103010700,23.45,0.58,0,15.2
2023,2023-04-16,봄_팬츠,01_시즌,봄,6080,67,2393342,139000,17118,35710.0,35817.0,55373.0,104077440,845120000,1146906,9313000,35722,74,502,30586511,8592096,69778000,8.26,0.18,0,15.2
2023,2023-04-16,사계절_가성비 수트셋업,01_시즌,사계절,45720,911,125894260,199000,34588,144059.0,139774.0,117822.0,1581363360,9098280000,31509668,181289000,138193,31,14949,2207895294,497120739,2974851000,32.7,0.95,0,15.2
2023,2023-04-16,사계절_니트셋업,01_시즌,사계절,8765,275,7205300,79900,7430,26201.0,27878.0,37400.0,65123950,700323500,2043250,21972500,26201,67,6479,185570662,48138970,517672100,73.92,1.85,0,15.2
2023,2023-04-16,사계절_데님셋업,01_시즌,사계절,15874,284,20679735,131116,15966,86239.0,83028.0,81688.0,253444284,2081335384,4534344,37236944,72816,44,3830,282756164,61053366,503373292,24.13,0.77,0,15.2
2023,2023-04-16,사계절_셋업,01_시즌,사계절,30141,780,57936206,169450,23176,102904.0,104444.0,101888.0,698547816,5107392450,18077280,132171000,74277,56,10903,836680275,250227361,1847513350,36.17,0.73,0,15.2
2023,2023-04-16,사계절_셋업셔츠,01_시즌,사계절,113144,1801,67554135,69900,7711,38790.0,38768.0,35960.0,872453384,7908765600,13887511,125889900,37509,46,29374,1110944190,219101362,2053242600,25.96,0.91,0,15.2
2023,2023-04-16,여름_가성비 수트셋업,01_시즌,여름,64790,2110,333731800,211500,44550,161008.0,158151.0,152013.0,2886394500,13703085000,94000500,446265000,158167,25,24189,3807698044,1081973742,5087636000,37.33,0.82,0,15.2
2023,2023-04-16,여름_고가 수트셋업,01_시즌,여름,24088,745,128188390,282334,48234,196740.0,191009.0,180119.0,1161860592,6800861392,35934330,210338830,172065,39,2860,521697670,135124368,773007884,11.87,0.29,0,15.2
2023,2023-04-16,여름_디자인팬츠,01_시즌,여름,35860,841,77810630,139000,16236,80465.0,101714.0,73028.0,582222960,4984540000,13654476,116899000,92522,33,4294,408179517,67443689,596866000,11.97,0.52,0,15.2
2023,2023-04-16,여름_반바지,01_시즌,여름,16467,63,3121300,89900,12706,49281.0,49570.0,35824.0,209229702,1480383300,800478,5663700,49544,45,163,7972600,2289946,14653700,0.99,0.02,0,15.2
2023,2023-04-16,여름_반팔스웨터,01_시즌,여름,93167,1610,92681043,102400,11572,62655.0,62000.0,44409.0,1078128524,9540300800,18630920,164864000,57566,44,5778,344170269,63685762,584792200,6.2,0.23,0,15.2
2023,2023-04-16,여름_반팔티셔츠,01_시즌,여름,108392,1990,86135274,94900,11664,57522.0,57702.0,38271.0,1264284288,10286400800,23211360,188851000,43284,54,7918,342119063,89285010,701432674,7.3,0.18,0,15.2
2023,2023-04-16,여름_자켓,01_시즌,여름,30109,802,144556850,295667,38690,182652.0,187761.0,159446.0,1164917210,8902237703,31029380,237124934,180245,39,4016,785661740,152936731,1177898491,13.34,0.48,0,15.2
2023,2023-04-16,여름_점퍼,01_시즌,여름,19166,757,115365810,271000,32893,147356.0,144648.0,129556.0,630427238,5193986000,24900001,205147000,152399,44,6513,1083868283,217563967,1768166000,33.98,1.22,0,15.2
2023,2023-04-16,여름_캐주얼셔츠,01_시즌,여름,119574,2284,100081037,93840,8707,52978.0,52523.0,36555.0,1041130818,11220824160,19886788,214330560,43818,53,13846,619677650,115602132,1300193485,11.58,0.43,0,15.2
2023,2023-04-16,여름_팬츠,01_시즌,여름,108582,1201,81225690,104675,13491,67446.0,62860.0,44353.0,1464879762,11365820850,16202691,125714675,67632,35,4868,331531485,62791120,505298600,4.48,0.16,0,15.2
2023,2023-04-23,봄_가디건,01_시즌,봄,13201,422,16734232,184900,17040,39471.0,52269.0,70673.0,224945040,2440864900,7190880,78027800,39655,79,4798,345757945,82106480,889490200,36.35,1.03,0,13.5
2023,2023-04-23,봄_가성비 수트셋업,01_시즌,봄,26563,262,35668840,199000,40539,142400.0,148132.0,150877.0,1076837457,5286037000,10621218,52138000,136141,32,14066,2141295327,556887508,2799134000,52.95,1.29,0,13.5
2023,2023-04-23,봄_맨투맨셋업,01_시즌,봄,16991,387,13743622,119900,16869,35000.0,35142.0,47662.0,286621179,2037220900,6528303,46401300,35513,70,6419,328667727,108282111,769638100,37.78,0.66,0,13.5
2023,2023-04-23,봄_셋업셔츠,01_시즌,봄,8228,33,908600,89900,7769,27533.0,26519.0,26755.0,63923332,739697200,256377,2966700,27533,69,2008,57538241,15600152,180519200,24.4,0.57,0,13.5
2023,2023-04-23,봄_스웨터,01_시즌,봄,31090,435,7566584,116567,15692,26627.0,38900.0,49293.0,487864280,3624068030,6826020,50706645,17394,85,13280,706047516,208574152,1548009760,42.71,0.89,0,13.5
2023,2023-04-23,봄_아우터,01_시즌,봄,9884,393,31378586,602333,111672,230010.0,259981.0,294909.0,1103766048,5953459372,43887096,236716869,79844,87,4311,626513897,476228669,2581077582,43.62,0.08,0,13.5
2023,2023-04-23,봄_캐주얼셔츠,01_시즌,봄,3382,130,5675900,129900,11833,43661.0,36859.0,44007.0,40019206,439321800,1538290,16887000,43661,66,923,41328948,10867799,119897700,27.29,0.67,0,13.5
2023,2023-04-23,봄_팬츠,01_시즌,봄,6080,27,690351,139000,17118,25407.0,35817.0,55373.0,104077440,845120000,462186,3753000,25569,82,529,31276862,9054282,73531000,8.7,0.19,0,13.5
2023,2023-04-23,사계절_가성비 수트셋업,01_시즌,사계절,45720,1138,148400488,199000,34588,134285.0,139774.0,117822.0,1581363360,9098280000,39361144,226462000,130405,34,16087,2356295782,536481883,3201313000,35.19,1.02,0,13.5
2023,2023-04-23,사계절_니트셋업,01_시즌,사계절,8765,167,4732545,79900,7430,28339.0,27878.0,37400.0,65123950,700323500,1240810,13343300,28339,65,6646,190303207,49379780,531015400,75.82,1.9,0,13.5
2023,2023-04-23,사계절_데님셋업,01_시즌,사계절,15874,270,18890330,131116,15966,82362.0,83028.0,81688.0,253444284,2081335384,4310820,35401320,69964,47,4100,301646494,65364186,538774612,25.83,0.82,0,13.5
2023,2023-04-23,사계절_셋업,01_시즌,사계절,30141,557,43078096,169450,23176,102039.0,104444.0,101888.0,698547816,5107392450,12909032,94383650,77339,54,11460,879758371,263136393,1941897000,38.02,0.77,0,13.5
2023,2023-04-23,사계절_셋업셔츠,01_시즌,사계절,113144,1760,68432230,69900,7711,39027.0,38768.0,35960.0,872453384,7908765600,13571360,123024000,38882,44,31134,1179376420,232672722,2176266600,27.52,0.96,0,13.5
2023,2023-04-23,여름_가성비 수트셋업,01_시즌,여름,64790,2714,398490620,211500,44550,150707.0,158151.0,152013.0,2886394500,13703085000,120908700,574011000,146828,31,26903,4206188664,1202882442,5661647000,41.52,0.91,0,13.5
2023,2023-04-23,여름_고가 수트셋업,01_시즌,여름,24088,907,147936080,282334,48234,183522.0,191009.0,180119.0,1161860592,6800861392,43748238,256076938,163105,42,3767,669633750,178872606,1029084822,15.64,0.37,0,13.5
2023,2023-04-23,여름_디자인팬츠,01_시즌,여름,35860,1056,89516326,139000,16236,75834.0,101714.0,73028.0,582222960,4984540000,17145216,146784000,84769,39,5350,497695843,84588905,743650000,14.92,0.63,0,13.5
2023,2023-04-23,여름_반바지,01_시즌,여름,22767,71,3562120,88234,12048,49252.0,49570.0,35824.0,274296816,2008823478,855408,6264614,50171,43,234,11534720,3145354,20918314,1.03,0.03,0,13.5
2023,2023-04-23,여름_반팔스웨터,01_시즌,여름,93167,1628,96733750,102400,11572,63143.0,62000.0,44409.0,1078128524,9540300800,18839216,166707200,59419,42,7406,440904019,82524978,751499400,7.95,0.3,0,13.5
2023,2023-04-23,여름_반팔티셔츠,01_시즌,여름,123559,2016,91611420,94900,11664,58492.0,57702.0,38271.0,1441192176,11725749100,23514624,191318400,45442,52,9934,433730483,112799634,892751074,8.04,0.2,0,13.5
2023,2023-04-23,여름_자켓,01_시즌,여름,30109,1077,182520309,295667,38690,177986.0,187761.0,159446.0,1164917210,8902237703,41669130,318433359,169471,43,5093,968182049,194605861,1496331850,16.92,0.59,0,13.5
2023,2023-04-23,여름_점퍼,01_시즌,여름,19166,472,60590900,271000,32893,130563.0,144648.0,129556.0,630427238,5193986000,15525496,127912000,128371,53,6985,1144459183,233089463,1896078000,36.44,1.28,0,13.5
2023,2023-04-23,여름_캐주얼셔츠,01_시즌,여름,119574,2112,92804543,93840,8707,52985.0,52523.0,36555.0,1041130818,11220824160,18389184,198190080,43942,53,15958,712482193,133991316,1498383565,13.35,0.49,0,13.5
2023,2023-04-23,여름_팬츠,01_시즌,여름,114446,1094,75280070,104675,13485,63876.0,62860.0,44353.0,1543304310,11979635050,14752590,114514450,68812,34,5962,406811555,77543710,619813050,5.21,0.19,0,13.5
2023,2023-04-30,봄_가디건,01_시즌,봄,13201,504,20482204,184900,17040,40632.0,52269.0,70673.0,224945040,2440864900,8588160,93189600,40639,78,5302,366240149,90694640,982679800,40.16,1.08,0,16.6
2023,2023-04-30,봄_가성비 수트셋업,01_시즌,봄,26563,164,22809580,199000,40539,140627.0,148132.0,150877.0,1076837457,5286037000,6648396,32636000,139083,30,14230,2164104907,563535904,2831770000,53.57,1.3,0,16.6
2023,2023-04-30,봄_맨투맨셋업,01_시즌,봄,16991,311,9300650,119900,16869,28334.0,35142.0,47662.0,286621179,2037220900,5246259,37288900,29906,75,6730,337968377,113528370,806927000,39.61,0.68,0,16.6
2023,2023-04-30,봄_셋업셔츠,01_시즌,봄,8228,53,1099150,89900,7769,20739.0,26519.0,26755.0,63923332,739697200,411757,4764700,20739,77,2061,58637391,16011909,185283900,25.05,0.58,0,16.6
2023,2023-04-30,봄_스웨터,01_시즌,봄,31090,681,13483600,116567,15692,26926.0,38900.0,49293.0,487864280,3624068030,10686252,79382127,19800,83,13961,719531116,219260404,1627391887,44.91,0.89,0,16.6
2023,2023-04-30,봄_아우터,01_시즌,봄,9884,51,26044,602333,111672,271670.0,259981.0,294909.0,1103766048,5953459372,5695272,30718983,511,100,4362,626539941,481923941,2611796565,44.13,0.08,0,16.6
2023,2023-04-30,봄_캐주얼셔츠,01_시즌,봄,3382,169,3482150,129900,11833,20604.0,36859.0,44007.0,40019206,439321800,1999777,21953100,20604,84,1092,44811098,12867576,141850800,32.29,0.7,0,16.6
2023,2023-04-30,봄_팬츠,01_시즌,봄,6080,23,767980,139000,17118,31551.0,35817.0,55373.0,104077440,845120000,393714,3197000,33390,76,552,32044842,9447996,76728000,9.08,0.19,0,16.6
2023,2023-04-30,사계절_가성비 수트셋업,01_시즌,사계절,52655,825,105794037,199000,34972,133512.0,139774.0,117822.0,1841450660,10478345000,28851900,164175000,128235,36,16912,2462089819,565333783,3365488000,32.12,0.91,0,16.6
2023,2023-04-30,사계절_니트셋업,01_시즌,사계절,8765,-42,-1202155,79900,7430,28623.0,27878.0,37400.0,65123950,700323500,-312060,-3355800,28623,64,6604,189101052,49067720,527659600,75.35,1.89,0,16.6
2023,2023-04-30,사계절_데님셋업,01_시즌,사계절,15874,258,17944765,131116,15966,80998.0,83028.0,81688.0,253444284,2081335384,4119228,33827928,69553,47,4358,319591259,69483414,572602540,27.45,0.87,0,16.6
2023,2023-04-30,사계절_셋업,01_시즌,사계절,30141,377,28262843,169450,23176,101199.0,104444.0,101888.0,698547816,5107392450,8737352,63882650,74968,56,11837,908021214,271873745,2005779650,39.27,0.79,0,16.6
2023,2023-04-30,사계절_셋업셔츠,01_시즌,사계절,113144,1088,41843579,69900,7711,38961.0,38768.0,35960.0,872453384,7908765600,8389568,76051200,38459,45,32222,1221219999,241062290,2252317800,28.48,1.0,0,16.6
2023,2023-04-30,여름_가성비 수트셋업,01_시즌,여름,64790,1854,273294790,211500,44550,149537.0,158151.0,152013.0,2886394500,13703085000,82595700,392121000,147408,30,28757,4479483454,1285478142,6053768000,44.38,0.97,0,16.6
2023,2023-04-30,여름_고가 수트셋업,01_시즌,여름,24088,797,129817900,282334,48234,181364.0,191009.0,180119.0,1161860592,6800861392,38442498,225020198,162883,42,4564,799451650,217315104,1254105020,18.95,0.44,0,16.6
2023,2023-04-30,여름_디자인팬츠,01_시즌,여름,35860,736,62148180,139000,16236,74800.0,101714.0,73028.0,582222960,4984540000,11949696,102304000,84440,39,6086,559844023,96538601,845954000,16.97,0.71,0,16.6
2023,2023-04-30,여름_반바지,01_시즌,여름,22767,80,3731800,88234,12048,48146.0,49570.0,35824.0,274296816,2008823478,963840,7058720,46648,47,314,15266520,4109194,27977034,1.38,0.04,0,16.6
2023,2023-04-30,여름_반팔스웨터,01_시즌,여름,93167,1814,98525126,102400,11572,58210.0,62000.0,44409.0,1078128524,9540300800,20991608,185753600,54314,47,9220,539429145,103516586,937253000,9.9,0.36,0,16.6
2023,2023-04-30,여름_반팔티셔츠,01_시즌,여름,123559,1954,86090700,94900,11664,56783.0,57702.0,38271.0,1441192176,11725749100,22791456,185434600,44059,54,11888,519821183,135591090,1078185674,9.62,0.23,0,16.6
2023,2023-04-30,여름_자켓,01_시즌,여름,30109,868,147274506,295667,38690,177934.0,187761.0,159446.0,1164917210,8902237703,33582920,256638956,169671,43,5961,1115456555,228188781,1752970806,19.8,0.67,0,16.6
2023,2023-04-30,여름_점퍼,01_시즌,여름,19166,642,89067445,271000,32893,136226.0,144648.0,129556.0,630427238,5193986000,21117306,173982000,138734,49,7627,1233526628,254206769,2070060000,39.79,1.38,0,16.6
2023,2023-04-30,여름_캐주얼셔츠,01_시즌,여름,119574,1956,81768406,93840,8707,50836.0,52523.0,36555.0,1041130818,11220824160,17030892,183551040,41804,55,17914,794250599,151022208,1681934605,14.98,0.55,0,16.6
2023,2023-04-30,여름_팬츠,01_시즌,여름,118291,1265,77377585,104675,13485,55862.0,62860.0,44353.0,1595154135,12382110425,17058525,132413875,61168,42,7227,484189140,94602235,752226925,6.11,0.22,0,16.6
2023,2023-05-07,봄_가디건,01_시즌,봄,13201,468,18166092,184900,17040,38848.0,37340.0,70673.0,224945040,2440864900,7974720,86533200,38816,79,5770,384406241,98669360,1069213000,43.71,1.11,0,17.3
2023,2023-05-07,봄_가성비 수트셋업,01_시즌,봄,26563,204,28234667,199000,40539,141877.0,140724.0,150877.0,1076837457,5286037000,8269956,40596000,138405,30,14434,2192339574,571805860,2872366000,54.34,1.32,0,17.3
2023,2023-05-07,봄_맨투맨셋업,01_시즌,봄,16991,150,3791280,119900,16869,26045.0,25906.0,47662.0,286621179,2037220900,2530350,17985000,25275,79,6880,341759657,116058720,824912000,40.49,0.68,0,17.3
2023,2023-05-07,봄_셋업셔츠,01_시즌,봄,8228,38,712000,89900,7769,18737.0,20630.0,26755.0,63923332,739697200,295222,3416200,18737,79,2099,59349391,16307131,188700100,25.51,0.59,0,17.3
2023,2023-05-07,봄_스웨터,01_시즌,봄,31090,718,14108519,116567,15692,25616.0,23931.0,49293.0,487864280,3624068030,11266856,83695106,19650,83,14679,733639635,230527260,1711086993,47.21,0.89,0,17.3
2023,2023-05-07,봄_아우터,01_시즌,봄,9884,145,13094840,602333,111672,210381.0,226878.0,294909.0,1103766048,5953459372,16192440,87338285,90309,85,4507,639634781,498116381,2699134850,45.6,0.08,0,17.3
2023,2023-05-07,봄_캐주얼셔츠,01_시즌,봄,3382,205,3765000,129900,11833,18366.0,18921.0,44007.0,40019206,439321800,2425765,26629500,18366,86,1297,48576098,15293341,168480300,38.35,0.72,0,17.3
2023,2023-05-07,봄_팬츠,01_시즌,봄,6080,18,608450,139000,17118,34162.0,30256.0,55373.0,104077440,845120000,308124,2502000,33803,76,570,32653292,9756120,79230000,9.38,0.19,0,17.3
2023,2023-05-07,사계절_가성비 수트셋업,01_시즌,사계절,62641,1123,140867200,199000,35043,132242.0,122667.0,117822.0,2195128563,12465559000,39353289,223477000,125438,37,18035,2602957019,604687072,3588965000,28.79,0.8,0,17.3
2023,2023-05-07,사계절_니트셋업,01_시즌,사계절,8765,87,2552900,79900,7430,29344.0,27934.0,37400.0,65123950,700323500,646410,6951300,29344,63,6691,191653952,49714130,534610900,76.34,1.91,0,17.3
2023,2023-05-07,사계절_데님셋업,01_시즌,사계절,15874,368,23798843,131116,15966,80850.0,77552.0,81688.0,253444284,2081335384,5875488,48250688,64671,51,4726,343390102,75358902,620853228,29.77,0.93,0,17.3
2023,2023-05-07,사계절_셋업,01_시즌,사계절,30141,549,40016668,169450,23176,100701.0,101792.0,101888.0,698547816,5107392450,12723624,93028050,72890,57,12386,948037882,284597369,2098807700,41.09,0.83,0,17.3
2023,2023-05-07,사계절_셋업셔츠,01_시즌,사계절,113144,1839,69515835,69900,7711,38250.0,37928.0,35960.0,872453384,7908765600,14180529,128546100,37801,46,34061,1290735834,255242819,2380863900,30.1,1.05,0,17.3
2023,2023-05-07,여름_가성비 수트셋업,01_시즌,여름,64790,2563,370271800,211500,44550,147234.0,146459.0,152013.0,2886394500,13703085000,114181650,542074500,144468,32,31320,4849755254,1399659792,6595842500,48.34,1.04,0,17.3
2023,2023-05-07,여름_고가 수트셋업,01_시즌,여름,24088,1042,165248996,282334,48234,178988.0,177744.0,180119.0,1161860592,6800861392,50259828,294192028,158588,44,5606,964700646,267574932,1548297048,23.27,0.52,0,17.3
2023,2023-05-07,여름_디자인팬츠,01_시즌,여름,35860,1105,94098037,139000,16327,74095.0,73047.0,73028.0,585486220,4984540000,18041335,153595000,85157,39,7191,653942060,114579936,999549000,20.05,0.82,0,17.3
2023,2023-05-07,여름_반바지,01_시즌,여름,27011,136,6532640,88234,12008,48616.0,47246.0,35824.0,324348088,2383288574,1633088,11999824,48034,46,450,21799160,5742282,39976858,1.67,0.04,0,17.3
2023,2023-05-07,여름_반팔스웨터,01_시즌,여름,93167,2701,143282796,102400,11572,56477.0,54536.0,44409.0,1078128524,9540300800,31255972,276582400,53048,48,11921,682711941,134772558,1213835400,12.8,0.45,0,17.3
2023,2023-05-07,여름_반팔티셔츠,01_시즌,여름,123559,2706,126654237,94900,11641,57640.0,48859.0,38271.0,1438350319,11725749100,31500546,256799400,46805,51,14594,646475420,167091636,1334985074,11.81,0.29,0,17.3
2023,2023-05-07,여름_자켓,01_시즌,여름,30109,1167,197098939,295667,38690,174094.0,160564.0,159446.0,1164917210,8902237703,45151230,345043389,168894,43,7128,1312555494,273340011,2098014195,23.67,0.79,0,17.3
2023,2023-05-07,여름_점퍼,01_시즌,여름,19166,597,74049544,271000,32893,122962.0,123938.0,129556.0,630427238,5193986000,19637121,161787000,124036,54,8224,1307576172,273843890,2231847000,42.91,1.45,0,17.3
2023,2023-05-07,여름_캐주얼셔츠,01_시즌,여름,158857,3214,131617926,91762,7907,50113.0,47934.0,36555.0,1256082299,14577036034,25413098,294923068,40951,55,21128,925868525,176435306,1976857673,13.3,0.53,0,17.3
2023,2023-05-07,여름_팬츠,01_시즌,여름,118291,1862,113310244,104675,13697,58463.0,57244.0,44353.0,1620231827,12382110425,25503814,194904850,60854,42,9089,597499384,120106049,947131775,7.68,0.26,0,17.3
2023,2023-05-14,봄_가디건,01_시즌,봄,13201,300,11427464,184900,17040,38091.0,37340.0,70673.0,224945040,2440864900,5112000,55470000,38092,79,6070,395833705,103781360,1124683000,45.98,1.14,0,21.6
2023,2023-05-14,봄_가성비 수트셋업,01_시즌,봄,26563,153,19994500,199000,40539,139423.0,140724.0,150877.0,1076837457,5286037000,6202467,30447000,130683,34,14587,2212334074,578008327,2902813000,54.91,1.33,0,21.6
2023,2023-05-14,봄_맨투맨셋업,01_시즌,봄,16991,254,5894800,119900,16869,25531.0,25906.0,47662.0,286621179,2037220900,4284726,30454600,23208,81,7134,347654457,120343446,855366600,41.99,0.68,0,21.6
2023,2023-05-14,봄_셋업셔츠,01_시즌,봄,8228,20,430880,89900,7769,21544.0,20630.0,26755.0,63923332,739697200,155380,1798000,21544,76,2119,59780271,16462511,190498100,25.75,0.59,0,21.6
2023,2023-05-14,봄_스웨터,01_시즌,봄,31090,855,16271161,116567,15692,20977.0,23931.0,49293.0,487864280,3624068030,13416660,99664785,19031,84,15534,749910796,243943920,1810751778,49.96,0.9,0,21.6
2023,2023-05-14,봄_아우터,01_시즌,봄,9884,102,6853998,602333,111672,64981.0,226878.0,294909.0,1103766048,5953459372,11390544,61437966,67196,89,4609,646488779,509506925,2760572816,46.63,0.07,0,21.6
2023,2023-05-14,봄_캐주얼셔츠,01_시즌,봄,3382,193,3667000,129900,11833,19000.0,18921.0,44007.0,40019206,439321800,2283769,25070700,19000,85,1490,52243098,17577110,193551000,44.06,0.75,0,21.6
2023,2023-05-14,봄_팬츠,01_시즌,봄,6080,28,799495,139000,17118,28566.0,30256.0,55373.0,104077440,845120000,479304,3892000,28553,79,598,33452787,10235424,83122000,9.84,0.19,0,21.6
2023,2023-05-14,사계절_가성비 수트셋업,01_시즌,사계절,80579,1066,132312241,199000,34994,133327.0,122667.0,117822.0,2819781526,16035221000,37303604,212134000,124120,38,19101,2735269260,641990676,3801099000,23.7,0.65,0,21.6
2023,2023-05-14,사계절_니트셋업,01_시즌,사계절,8765,107,2923780,79900,7430,27325.0,27934.0,37400.0,65123950,700323500,795010,8549300,27325,66,6798,194577732,50509140,543160200,77.56,1.94,0,21.6
2023,2023-05-14,사계절_데님셋업,01_시즌,사계절,15874,284,17825040,131116,15966,76680.0,77552.0,81688.0,253444284,2081335384,4534344,37236944,62764,52,5010,361215142,79893246,658090172,31.56,0.98,0,21.6
2023,2023-05-14,사계절_셋업,01_시즌,사계절,30141,359,27566820,169450,23176,104980.0,101792.0,101888.0,698547816,5107392450,8320184,60832550,76788,55,12745,975604702,292917553,2159640250,42.28,0.85,0,21.6
2023,2023-05-14,사계절_셋업셔츠,01_시즌,사계절,116211,1760,65539787,69900,7870,37795.0,37928.0,35960.0,914580570,8123148900,13851200,123024000,37239,47,35821,1356275621,269094019,2503887900,30.82,1.05,0,21.6
2023,2023-05-14,여름_가성비 수트셋업,01_시즌,여름,64790,2021,289284870,211500,44550,146042.0,146459.0,152013.0,2886394500,13703085000,90035550,427441500,143139,32,33341,5139040124,1489695342,7023284000,51.46,1.1,0,21.6
2023,2023-05-14,여름_고가 수트셋업,01_시즌,여름,24088,945,148845380,282334,48234,178529.0,177744.0,180119.0,1161860592,6800861392,45581130,266805630,157508,44,6551,1113546026,313156062,1815102678,27.2,0.6,0,21.6
2023,2023-05-14,여름_디자인팬츠,01_시즌,여름,35860,1104,95026320,139000,16327,72140.0,73047.0,73028.0,585486220,4984540000,18025008,153456000,86075,38,8295,748968380,132604944,1153005000,23.13,0.94,0,21.6
2023,2023-05-14,여름_반바지,01_시즌,여름,27011,142,6836053,88234,12008,48794.0,47246.0,35824.0,324348088,2383288574,1705136,12529228,48141,45,592,28635213,7447418,52506086,2.19,0.06,0,21.6
2023,2023-05-14,여름_반팔스웨터,01_시즌,여름,93167,2664,141063908,102400,11572,56087.0,54536.0,44409.0,1078128524,9540300800,30827808,272793600,52952,48,14585,823775849,165600366,1486629000,15.65,0.54,0,21.6
2023,2023-05-14,여름_반팔티셔츠,01_시즌,여름,123559,2865,118423379,94900,11641,49363.0,48859.0,38271.0,1438350319,11725749100,33351465,271888500,41335,56,17459,764898799,200443101,1606873574,14.13,0.34,0,21.6
2023,2023-05-14,여름_자켓,01_시즌,여름,30109,1094,163387190,295667,38690,154125.0,160564.0,159446.0,1164917210,8902237703,42326860,323459698,149348,49,8222,1475942684,315666871,2421473893,27.31,0.88,0,21.6
2023,2023-05-14,여름_점퍼,01_시즌,여름,19166,417,52309420,271000,32893,129884.0,123938.0,129556.0,630427238,5193986000,13716381,113007000,125442,54,8641,1359885592,287560271,2344854000,45.09,1.5,0,21.6
2023,2023-05-14,여름_캐주얼셔츠,01_시즌,여름,158857,3056,123452103,91762,7907,47771.0,47934.0,36555.0,1256082299,14577036034,24163792,280424672,40397,56,24184,1049320628,200599098,2257282345,15.22,0.6,0,21.6
2023,2023-05-14,여름_팬츠,01_시즌,여름,118291,1773,109894330,104675,13697,60146.0,57244.0,44353.0,1620231827,12382110425,24284781,185588775,61982,41,10862,707393714,144390830,1132720550,9.18,0.31,0,21.6
2023,2023-05-21,봄_가디건,01_시즌,봄,13201,203,7624600,184900,17040,37682.0,37340.0,70673.0,224945040,2440864900,3459120,37534700,37560,80,6273,403458305,107240480,1162217700,47.52,1.15,0,20.2
2023,2023-05-21,봄_가성비 수트셋업,01_시즌,봄,26563,114,15148440,199000,40539,142233.0,140724.0,150877.0,1076837457,5286037000,4621446,22686000,132881,33,14701,2227482514,582629773,2925499000,55.34,1.34,0,20.2
2023,2023-05-21,봄_맨투맨셋업,01_시즌,봄,16991,98,2399400,119900,16869,25395.0,25906.0,47662.0,286621179,2037220900,1653162,11750200,24484,80,7232,350053857,121996608,867116800,42.56,0.68,0,20.2
2023,2023-05-21,봄_셋업셔츠,01_시즌,봄,8228,11,209000,89900,7769,19000.0,20630.0,26755.0,63923332,739697200,85459,988900,19000,79,2130,59989271,16547970,191487000,25.89,0.59,0,20.2
2023,2023-05-21,봄_스웨터,01_시즌,봄,31090,132,2622278,116567,15692,24569.0,23931.0,49293.0,487864280,3624068030,2071344,15386844,19866,83,15666,752533074,246015264,1826138622,50.39,0.9,0,20.2
2023,2023-05-21,봄_아우터,01_시즌,봄,9884,43,3499495,602333,111672,261083.0,226878.0,294909.0,1103766048,5953459372,4801896,25900319,81384,86,4652,649988274,514308821,2786473135,47.07,0.07,0,20.2
2023,2023-05-21,봄_캐주얼셔츠,01_시즌,봄,3382,94,1816000,129900,11833,19319.0,18921.0,44007.0,40019206,439321800,1112302,12210600,19319,85,1584,54059098,18689412,205761600,46.84,0.76,0,20.2
2023,2023-05-21,봄_팬츠,01_시즌,봄,6080,5,145000,139000,17118,29000.0,30256.0,55373.0,104077440,845120000,85590,695000,29000,79,603,33597787,10321014,83817000,9.92,0.19,0,20.2
2023,2023-05-21,사계절_가성비 수트셋업,01_시즌,사계절,90765,1015,127058500,199000,34996,121931.0,122667.0,117822.0,3176411940,18062235000,35520940,201985000,125181,37,20116,2862327760,677511616,4003084000,22.16,0.61,0,20.2
2023,2023-05-21,사계절_니트셋업,01_시즌,사계절,8765,30,866000,79900,7430,28867.0,27934.0,37400.0,65123950,700323500,222900,2397000,28867,64,6828,195443732,50732040,545557200,77.9,1.95,0,20.2
2023,2023-05-21,사계절_데님셋업,01_시즌,사계절,15874,249,15634445,131116,15966,79820.0,77552.0,81688.0,253444284,2081335384,3975534,32647884,62789,52,5259,376849587,83868780,690738056,33.13,1.02,0,20.2
2023,2023-05-21,사계절_셋업,01_시즌,사계절,30141,344,24760495,169450,23176,103074.0,101792.0,101888.0,698547816,5107392450,7972544,58290800,71978,58,13089,1000365197,300890097,2217931050,43.43,0.87,0,20.2
2023,2023-05-21,사계절_셋업셔츠,01_시즌,사계절,116211,2418,92052989,69900,7870,38252.0,37928.0,35960.0,914580570,8123148900,19029660,169018200,38070,46,38239,1448328610,288123679,2672906100,32.9,1.12,0,20.2
2023,2023-05-21,여름_가성비 수트셋업,01_시즌,여름,64790,1685,243026850,211500,44550,146469.0,146459.0,152013.0,2886394500,13703085000,75066750,356377500,144230,32,35026,5382066974,1564762092,7379661500,54.06,1.15,0,20.2
2023,2023-05-21,여름_고가 수트셋업,01_시즌,여름,24088,1008,159004660,282334,48234,175112.0,177744.0,180119.0,1161860592,6800861392,48619872,284592672,157743,44,7559,1272550686,361775934,2099695350,31.38,0.68,0,20.2
2023,2023-05-21,여름_디자인팬츠,01_시즌,여름,35860,1323,113629920,139000,16327,73175.0,73047.0,73028.0,585486220,4984540000,21600621,183897000,85888,38,9618,862598300,154205565,1336902000,26.82,1.08,0,20.2
2023,2023-05-21,여름_반바지,01_시즌,여름,27011,224,10836904,88234,12008,48858.0,47246.0,35824.0,324348088,2383288574,2689792,19764416,48379,45,816,39472117,10137210,72270502,3.02,0.08,0,20.2
2023,2023-05-21,여름_반팔스웨터,01_시즌,여름,93167,3128,163659949,102400,11572,55542.0,54536.0,44409.0,1078128524,9540300800,36197216,320307200,52321,49,17713,987435798,201797582,1806936200,19.01,0.65,0,20.2
2023,2023-05-21,여름_반팔티셔츠,01_시즌,여름,133586,3368,129364387,94900,11641,42659.0,48859.0,38271.0,1555074626,12677311400,39206888,319623200,38410,60,20827,894263186,239649989,1926496774,15.59,0.37,0,20.2
2023,2023-05-21,여름_자켓,01_시즌,여름,30109,1179,177903380,295667,38690,158031.0,160564.0,159446.0,1164917210,8902237703,45615510,348591393,150893,49,9401,1653846064,361282381,2770065286,31.22,0.98,0,20.2
2023,2023-05-21,여름_점퍼,01_시즌,여름,19166,232,28194520,271000,32893,127999.0,123938.0,129556.0,630427238,5193986000,7631176,62872000,121528,55,8873,1388080112,295191447,2407726000,46.3,1.53,0,20.2
2023,2023-05-21,여름_캐주얼셔츠,01_시즌,여름,158857,3275,132372079,91762,7907,47535.0,47934.0,36555.0,1256082299,14577036034,25895425,300520550,40419,56,27459,1181692707,226494523,2557802895,17.29,0.67,0,20.2
2023,2023-05-21,여름_팬츠,01_시즌,여름,118291,1800,108412000,104675,13697,59040.0,57244.0,44353.0,1620231827,12382110425,24654600,188415000,60229,42,12662,815805714,169045430,1321135550,10.7,0.35,0,20.2
2023,2023-05-28,봄_가디건,01_시즌,봄,13201,333,11572000,184900,17040,34738.0,37340.0,70673.0,224945040,2440864900,5674320,61571700,34751,81,6606,415030305,112914800,1223789400,50.04,1.18,0,22.1
2023,2023-05-28,봄_가성비 수트셋업,01_시즌,봄,26563,108,14597080,199000,40539,139070.0,140724.0,150877.0,1076837457,5286037000,4378212,21492000,135158,32,14809,2242079594,587007985,2946991000,55.75,1.35,0,22.1
2023,2023-05-28,봄_맨투맨셋업,01_시즌,봄,16991,73,1598900,119900,16869,26653.0,25906.0,47662.0,286621179,2037220900,1231437,8752700,21903,82,7305,351652757,123228045,875869500,42.99,0.69,0,22.1
2023,2023-05-28,봄_셋업셔츠,01_시즌,봄,8228,12,278890,89900,7769,23241.0,20630.0,26755.0,63923332,739697200,93228,1078800,23241,74,2142,60268161,16641198,192565800,26.03,0.6,0,22.1
2023,2023-05-28,봄_스웨터,01_시즌,봄,31090,122,2740400,116567,15692,24562.0,23931.0,49293.0,487864280,3624068030,1914424,14221174,22462,81,15788,755273474,247929688,1840359796,50.78,0.9,0,22.1
2023,2023-05-28,봄_아우터,01_시즌,봄,9884,61,3994430,602333,111672,64926.0,226878.0,294909.0,1103766048,5953459372,6811992,36742313,65482,89,4713,653982704,521120813,2823215448,47.68,0.07,0,22.1
2023,2023-05-28,봄_캐주얼셔츠,01_시즌,봄,3382,61,1159000,129900,11833,19000.0,18921.0,44007.0,40019206,439321800,721813,7923900,19000,85,1645,55218098,19411225,213685500,48.64,0.77,0,22.1
2023,2023-05-28,봄_팬츠,01_시즌,봄,6080,21,605700,139000,17118,28667.0,30256.0,55373.0,104077440,845120000,359478,2919000,28843,79,624,34203487,10680492,86736000,10.26,0.2,0,22.1
2023,2023-05-28,사계절_가성비 수트셋업,01_시즌,사계절,93304,1684,171313188,199000,34996,109943.0,122667.0,117822.0,3265266784,18567496000,58933264,335116000,101730,49,21800,3033640948,736444880,4338200000,23.36,0.62,0,22.1
2023,2023-05-28,사계절_니트셋업,01_시즌,사계절,8765,13,340600,79900,7430,26200.0,27934.0,37400.0,65123950,700323500,96590,1038700,26200,67,6841,195784332,50828630,546595900,78.05,1.95,0,22.1
2023,2023-05-28,사계절_데님셋업,01_시즌,사계절,15874,188,12322250,131116,15966,72860.0,77552.0,81688.0,253444284,2081335384,3001608,24649808,65544,50,5447,389171837,86870388,715387864,34.31,1.05,0,22.1
2023,2023-05-28,사계절_셋업,01_시즌,사계절,30141,208,17022850,169450,23176,98412.0,101792.0,101888.0,698547816,5107392450,4820608,35245600,81841,52,13297,1017388047,305710705,2253176650,44.12,0.89,0,22.1
2023,2023-05-28,사계절_셋업셔츠,01_시즌,사계절,116211,1085,39052680,69900,7870,37496.0,37928.0,35960.0,914580570,8123148900,8538950,75841500,35993,49,39324,1487381290,296662629,2748747600,33.84,1.15,0,22.1
2023,2023-05-28,여름_가성비 수트셋업,01_시즌,여름,64790,1200,172467360,211500,44550,146090.0,146459.0,152013.0,2886394500,13703085000,53460000,253800000,143723,32,36226,5554534334,1618222092,7633461500,55.91,1.19,0,22.1
2023,2023-05-28,여름_고가 수트셋업,01_시즌,여름,24088,723,114034800,282334,48234,178348.0,177744.0,180119.0,1161860592,6800861392,34873182,204127482,157724,44,8282,1386585486,396649116,2303822832,34.38,0.74,0,22.1
2023,2023-05-28,여름_디자인팬츠,01_시즌,여름,35860,950,80730370,139000,16327,72779.0,73047.0,73028.0,585486220,4984540000,15510650,132050000,84979,39,10568,943328670,169716215,1468952000,29.47,1.17,0,22.1
2023,2023-05-28,여름_반바지,01_시즌,여름,27011,355,14984400,88234,12008,42713.0,47246.0,35824.0,324348088,2383288574,4262840,31323070,42210,52,1171,54456517,14400050,103593572,4.34,0.11,0,22.1
2023,2023-05-28,여름_반팔스웨터,01_시즌,여름,93167,2979,145363563,102400,11572,50040.0,54536.0,44409.0,1078128524,9540300800,34472988,305049600,48796,52,20692,1132799361,236270570,2111985800,22.21,0.74,0,22.1
2023,2023-05-28,여름_반팔티셔츠,01_시즌,여름,133586,4019,137120598,94900,11641,45775.0,48859.0,38271.0,1555074626,12677311400,46785179,381403100,34118,64,24846,1031383784,286435168,2307899874,18.6,0.42,0,22.1
2023,2023-05-28,여름_자켓,01_시즌,여름,30109,996,148812670,295667,38690,156004.0,160564.0,159446.0,1164917210,8902237703,38535240,294484332,149410,49,10397,1802658734,399817621,3064549618,34.53,1.06,0,22.1
2023,2023-05-28,여름_점퍼,01_시즌,여름,19166,240,25839270,271000,32893,114909.0,123938.0,129556.0,630427238,5193986000,7894320,65040000,107664,60,9113,1413919382,303085767,2472766000,47.55,1.56,0,22.1
2023,2023-05-28,여름_캐주얼셔츠,01_시즌,여름,158857,3090,124242150,91762,7907,46838.0,47934.0,36555.0,1256082299,14577036034,24432630,283544580,40208,56,30549,1305934857,250927153,2841347475,19.23,0.75,0,22.1
2023,2023-05-28,여름_팬츠,01_시즌,여름,118291,2642,137749036,104675,13697,51324.0,57244.0,44353.0,1620231827,12382110425,36187474,276551350,52138,50,15304,953554750,205232904,1597686900,12.94,0.41,0,22.1
2023,2023-06-04,사계절_가성비 수트셋업,01_시즌,사계절,93304,2490,305168244,199000,34656,115354.0,106912.0,117822.0,3233543424,18567496000,86293440,495510000,122558,38,24290,3338809192,822738320,4833710000,26.03,0.68,0,21.7
2023,2023-06-04,사계절_니트셋업,01_시즌,사계절,8765,26,766480,79900,7430,29480.0,33771.0,37400.0,65123950,700323500,193180,2077400,29480,63,6867,196550812,51021810,548673300,78.35,1.96,0,21.7
2023,2023-06-04,사계절_데님셋업,01_시즌,사계절,15874,285,15683956,131116,15966,68390.0,74275.0,81688.0,253444284,2081335384,4550310,37368060,55031,58,5732,404855793,91420698,752755924,36.11,1.09,0,21.7
2023,2023-06-04,사계절_셋업,01_시즌,사계절,30141,320,22764560,169450,23176,96922.0,105709.0,101888.0,698547816,5107392450,7416320,54224000,71139,58,13617,1040152607,313127025,2307400650,45.18,0.91,0,21.7
2023,2023-06-04,사계절_셋업셔츠,01_시즌,사계절,130000,1548,57975190,69900,7535,37827.0,37504.0,35960.0,979550000,9087000000,11664180,108205200,37452,46,40872,1545356480,308326809,2856952800,31.44,1.12,0,21.7
2023,2023-06-04,여름_가성비 수트셋업,01_시즌,여름,64790,1397,198963233,211500,44550,146397.0,139991.0,152013.0,2886394500,13703085000,62236350,295465500,142422,33,37623,5753497567,1680458442,7928927000,58.07,1.23,0,21.7
2023,2023-06-04,여름_고가 수트셋업,01_시즌,여름,24088,916,144223513,282334,48234,177020.0,169835.0,180119.0,1161860592,6800861392,44182344,258617944,157449,44,9198,1530808999,440831460,2562440776,38.18,0.82,0,21.7
2023,2023-06-04,여름_디자인팬츠,01_시즌,여름,35860,1346,111857387,139000,16327,70905.0,65482.0,73028.0,585486220,4984540000,21976142,187094000,83104,40,11914,1055186057,191692357,1656046000,33.22,1.31,0,21.7
2023,2023-06-04,여름_반바지,01_시즌,여름,27011,624,22642282,88234,12107,37270.0,33495.0,35824.0,327022177,2383288574,7554768,55058016,36286,59,1795,77098799,21954818,158651588,6.65,0.15,0,21.7
2023,2023-06-04,여름_반팔스웨터,01_시즌,여름,93167,5187,189125106,102400,11572,39369.0,37472.0,44409.0,1078128524,9540300800,60023964,531148800,36461,64,25879,1321924467,296294534,2643134600,27.78,0.84,0,21.7
2023,2023-06-04,여름_반팔티셔츠,01_시즌,여름,137229,6693,201489903,94900,11643,40907.0,37474.0,38271.0,1597757247,13023032100,77926599,635165700,30105,68,31539,1232873687,364361767,2943065574,22.98,0.47,0,21.7
2023,2023-06-04,여름_자켓,01_시즌,여름,30109,1273,186105786,295667,38690,153480.0,144167.0,159446.0,1164917210,8902237703,49252370,376384091,146195,51,11670,1988764520,449069991,3440933709,38.76,1.17,0,21.7
2023,2023-06-04,여름_점퍼,01_시즌,여름,19166,254,26528422,271000,32893,115101.0,115517.0,129556.0,630427238,5193986000,8354822,68834000,104443,61,9367,1440447804,311440589,2541600000,48.87,1.58,0,21.7
2023,2023-06-04,여름_캐주얼셔츠,01_시즌,여름,158857,4587,170985576,91762,8351,42631.0,38176.0,36555.0,1326614807,14577036034,38306037,420912294,37276,59,35136,1476920433,289233190,3262259769,22.12,0.79,0,21.7
2023,2023-06-04,여름_팬츠,01_시즌,여름,118291,4083,176945313,104675,13697,44138.0,41478.0,44353.0,1620231827,12382110425,55924851,427388025,43337,59,19387,1130500063,261157755,2025074925,16.39,0.47,0,21.7
2023,2023-06-11,사계절_가성비 수트셋업,01_시즌,사계절,93304,2379,242713684,199000,34656,104265.0,106912.0,117822.0,3233543424,18567496000,82446624,473421000,102023,49,26669,3581522876,905184944,5307131000,28.58,0.73,2,22.5
2023,2023-06-11,사계절_니트셋업,01_시즌,사계절,8765,14,427749,79900,7430,30554.0,33771.0,37400.0,65123950,700323500,104020,1118600,30554,62,6881,196978561,51125830,549791900,78.51,1.96,2,22.5
2023,2023-06-11,사계절_데님셋업,01_시즌,사계절,15874,253,13591700,131116,15966,74142.0,74275.0,81688.0,253444284,2081335384,4039398,33172348,53722,59,5985,418447493,95460096,785928272,37.7,1.12,2,22.5
2023,2023-06-11,사계절_셋업,01_시즌,사계절,30141,198,14081800,169450,23176,107390.0,105709.0,101888.0,698547816,5107392450,4588848,33551100,71120,58,13815,1054234407,317715873,2340951750,45.83,0.92,2,22.5
2023,2023-06-11,사계절_셋업셔츠,01_시즌,사계절,130000,1584,58181250,69900,7535,36766.0,37504.0,35960.0,979550000,9087000000,11935440,110721600,36731,47,42456,1603537730,320262249,2967674400,32.66,1.16,2,22.5
2023,2023-06-11,여름_가성비 수트셋업,01_시즌,여름,64790,1271,183180610,211500,44550,146124.0,139991.0,152013.0,2886394500,13703085000,56623050,268816500,144123,32,38894,5936678177,1737081492,8197743500,60.03,1.27,2,22.5
2023,2023-06-11,여름_고가 수트셋업,01_시즌,여름,24088,802,125916330,282334,48234,177688.0,169835.0,180119.0,1161860592,6800861392,38683668,226431868,157003,44,10000,1656725329,479515128,2788872644,41.51,0.88,2,22.5
2023,2023-06-11,여름_디자인팬츠,01_시즌,여름,35860,1513,115016030,139000,16327,68592.0,65482.0,73028.0,585486220,4984540000,24702751,210307000,76019,45,13427,1170202087,216395108,1866353000,37.44,1.45,2,22.5
2023,2023-06-11,여름_반바지,01_시즌,여름,27011,1008,33059170,88234,12107,35370.0,33495.0,35824.0,327022177,2383288574,12203856,88939872,32797,63,2803,110157969,34158674,247591460,10.38,0.2,2,22.5
2023,2023-06-11,여름_반팔스웨터,01_시즌,여름,93167,6016,218555935,102400,11572,37922.0,37472.0,44409.0,1078128524,9540300800,69617152,616038400,36329,65,31895,1540480402,365911686,3259173000,34.23,0.96,2,22.5
2023,2023-06-11,여름_반팔티셔츠,01_시즌,여름,137229,6738,191513804,94900,11643,38953.0,37474.0,38271.0,1597757247,13023032100,78450534,639436200,28423,70,38277,1424387491,442812301,3582501774,27.89,0.53,2,22.5
2023,2023-06-11,여름_자켓,01_시즌,여름,30109,1291,177402530,295667,38690,147126.0,144167.0,159446.0,1164917210,8902237703,49948790,381706097,137415,54,12961,2166167050,499018781,3822639806,43.05,1.26,2,22.5
2023,2023-06-11,여름_점퍼,01_시즌,여름,19166,103,10727000,271000,32893,107412.0,115517.0,129556.0,630427238,5193986000,3387979,27913000,104146,62,9470,1451174804,314828568,2569513000,49.41,1.59,2,22.5
2023,2023-06-11,여름_캐주얼셔츠,01_시즌,여름,158857,4086,148701680,91762,8351,42545.0,38176.0,36555.0,1326614807,14577036034,34122186,374939532,36393,60,39222,1625622113,323355376,3637199301,24.69,0.87,2,22.5
2023,2023-06-11,여름_팬츠,01_시즌,여름,118291,3712,145697868,104675,13697,41490.0,41478.0,44353.0,1620231827,12382110425,50843264,388553600,39251,63,23099,1276197931,312001019,2413628525,19.53,0.52,2,22.5
2023,2023-06-18,사계절_가성비 수트셋업,01_시즌,사계절,93304,1873,203524237,199000,34656,103481.0,106912.0,117822.0,3233543424,18567496000,64910688,372727000,108662,45,28542,3785047113,970095632,5679858000,30.59,0.76,0,24.7
2023,2023-06-18,사계절_니트셋업,01_시즌,사계절,8765,88,2545576,79900,7430,28927.0,33771.0,37400.0,65123950,700323500,653840,7031200,28927,64,6969,199524137,51779670,556823100,79.51,1.99,0,24.7
2023,2023-06-18,사계절_데님셋업,01_시즌,사계절,15874,184,9658900,131116,15966,75316.0,74275.0,81688.0,253444284,2081335384,2937744,24125344,52494,60,6169,428106393,98397840,810053616,38.86,1.15,0,24.7
2023,2023-06-18,사계절_셋업,01_시즌,사계절,30141,190,13231720,169450,23176,105591.0,105709.0,101888.0,698547816,5107392450,4403440,32195500,69641,59,14005,1067466127,322119313,2373147250,46.46,0.93,0,24.7
2023,2023-06-18,사계절_셋업셔츠,01_시즌,사계절,130000,1524,60278100,69900,7535,40154.0,37504.0,35960.0,979550000,9087000000,11483340,106527600,39553,43,43980,1663815830,331745589,3074202000,33.83,1.21,0,24.7
2023,2023-06-18,여름_가성비 수트셋업,01_시즌,여름,64790,1098,146241327,211500,44550,135910.0,139991.0,152013.0,2886394500,13703085000,48915900,232227000,133189,37,39992,6082919504,1785997392,8429970500,61.73,1.3,0,24.7
2023,2023-06-18,여름_고가 수트셋업,01_시즌,여름,24088,695,99196613,282334,48234,165601.0,169835.0,180119.0,1161860592,6800861392,33522630,196222130,142729,49,10695,1755921942,513037758,2985094774,44.4,0.93,0,24.7
2023,2023-06-18,여름_디자인팬츠,01_시즌,여름,35860,1434,92870500,139000,16327,61163.0,65482.0,73028.0,585486220,4984540000,23412918,199326000,64763,53,14861,1263072587,239808026,2065679000,41.44,1.55,0,24.7
2023,2023-06-18,여름_반바지,01_시즌,여름,27011,1081,29174530,88234,12107,29345.0,33495.0,35824.0,327022177,2383288574,13087667,95380954,26988,69,3884,139332499,47246341,342972414,14.38,0.24,0,24.7
2023,2023-06-18,여름_반팔스웨터,01_시즌,여름,93167,7425,247529434,102400,11572,35454.0,37472.0,44409.0,1078128524,9540300800,85922100,760320000,33337,67,39320,1788009836,451833786,4019493000,42.2,1.09,0,24.7
2023,2023-06-18,여름_반팔티셔츠,01_시즌,여름,137229,7791,200161783,94900,11643,35186.0,37474.0,38271.0,1597757247,13023032100,90710613,739365900,25691,73,46068,1624549274,533522914,4321867674,33.57,0.59,0,24.7
2023,2023-06-18,여름_자켓,01_시즌,여름,30109,1128,140605900,295667,38690,136935.0,144167.0,159446.0,1164917210,8902237703,43642320,333512376,124651,58,14089,2306772950,542661101,4156152182,46.79,1.33,0,24.7
2023,2023-06-18,여름_점퍼,01_시즌,여름,19166,216,14400000,271000,32893,137158.0,115517.0,129556.0,630427238,5193986000,7104888,58536000,66667,75,9686,1465574804,321933456,2628049000,50.54,1.6,0,24.7
2023,2023-06-18,여름_캐주얼셔츠,01_시즌,여름,158857,4685,138407811,91762,8351,34728.0,38176.0,36555.0,1326614807,14577036034,39124435,429904970,29543,68,43907,1764029924,362479811,4067104271,27.64,0.94,0,24.7
2023,2023-06-18,여름_팬츠,01_시즌,여름,118291,4619,169496995,104675,13697,39449.0,41478.0,44353.0,1620231827,12382110425,63266443,483493825,36696,65,27718,1445694926,375267462,2897122350,23.43,0.58,0,24.7
2023,2023-06-25,사계절_가성비 수트셋업,01_시즌,사계절,93304,1588,195204423,199000,34656,104546.0,106912.0,117822.0,3233543424,18567496000,55033728,316012000,122925,38,30130,3980251536,1025129360,5995870000,32.29,0.8,1,25.9
2023,2023-06-25,사계절_니트셋업,01_시즌,사계절,8765,145,6687800,79900,7430,46123.0,33771.0,37400.0,65123950,700323500,1077350,11585500,46123,42,7114,206211937,52857020,568408600,81.16,2.07,1,25.9
2023,2023-06-25,사계절_데님셋업,01_시즌,사계절,15874,156,9165800,131116,15966,79251.0,74275.0,81688.0,253444284,2081335384,2490696,20454096,58755,55,6325,437272193,100888536,830507712,39.85,1.17,1,25.9
2023,2023-06-25,사계절_셋업,01_시즌,사계절,30141,172,12442070,169450,23176,112934.0,105709.0,101888.0,698547816,5107392450,3986272,29145400,72338,57,14177,1079908197,326105585,2402292650,47.04,0.94,1,25.9
2023,2023-06-25,사계절_셋업셔츠,01_시즌,사계절,130000,1019,34078300,69900,7535,35268.0,37504.0,35960.0,979550000,9087000000,7678165,71228100,33443,52,44999,1697894130,339423754,3145430100,34.61,1.23,1,25.9
2023,2023-06-25,여름_가성비 수트셋업,01_시즌,여름,64790,894,114852839,211500,44550,131533.0,139991.0,152013.0,2886394500,13703085000,39827700,189081000,128471,39,40886,6197772343,1825825092,8619051500,63.11,1.32,1,25.9
2023,2023-06-25,여름_고가 수트셋업,01_시즌,여름,24088,635,89055724,282334,48234,159030.0,169835.0,180119.0,1161860592,6800861392,30628590,179282090,140245,50,11330,1844977666,543666348,3164376864,47.04,0.98,1,25.9
2023,2023-06-25,여름_디자인팬츠,01_시즌,여름,35860,1239,81102300,139000,16327,61267.0,65482.0,73028.0,585486220,4984540000,20229153,172221000,65458,53,16100,1344174887,260037179,2237900000,44.9,1.64,1,25.9
2023,2023-06-25,여름_반바지,01_시즌,여름,27011,1687,48750302,88234,12107,31994.0,33495.0,35824.0,327022177,2383288574,20424509,148850758,28898,67,5571,188082801,67670850,491823172,20.62,0.32,1,25.9
2023,2023-06-25,여름_반팔스웨터,01_시즌,여름,93167,5066,181439902,102400,11572,37146.0,37472.0,44409.0,1078128524,9540300800,58623752,518758400,35815,65,44386,1969449738,510457538,4538251400,47.64,1.19,1,25.9
2023,2023-06-25,여름_반팔티셔츠,01_시즌,여름,137229,7745,204042717,94900,11643,34849.0,37474.0,38271.0,1597757247,13023032100,90175035,735000500,26345,72,53813,1828591991,623697949,5056868174,39.21,0.65,1,25.9
2023,2023-06-25,여름_자켓,01_시즌,여름,30109,1104,142429000,295667,38690,139126.0,144167.0,159446.0,1164917210,8902237703,42713760,326416368,129012,56,15193,2449201950,585374861,4482568550,50.46,1.41,1,25.9
2023,2023-06-25,여름_점퍼,01_시즌,여름,19166,193,12562900,271000,32893,102398.0,115517.0,129556.0,630427238,5193986000,6348349,52303000,65093,76,9879,1478137704,328281805,2680352000,51.54,1.61,1,25.9
2023,2023-06-25,여름_캐주얼셔츠,01_시즌,여름,158857,5298,142481350,91762,8351,32798.0,38176.0,36555.0,1326614807,14577036034,44243598,486155076,26893,71,49205,1906511274,406723409,4553259347,30.97,1.0,1,25.9
2023,2023-06-25,여름_팬츠,01_시즌,여름,118291,4118,154461042,104675,13697,40834.0,41478.0,44353.0,1620231827,12382110425,56404246,431051650,37509,64,31836,1600155968,431671708,3328174000,26.91,0.63,1,25.9
2023,2023-07-02,사계절_가성비 수트셋업,01_시즌,사계절,93304,1558,185890811,199000,34657,112557.0,101142.0,117822.0,3233636728,18567496000,53995606,310042000,119314,40,31688,4166142347,1079124966,6305912000,33.96,0.84,1,26.6
2023,2023-07-02,사계절_니트셋업,01_시즌,사계절,8765,1,28970,79900,7430,28970.0,93621.0,37400.0,65123950,700323500,7430,79900,28970,64,7115,206240907,52864450,568488500,81.18,2.07,1,26.6
2023,2023-07-02,사계절_데님셋업,01_시즌,사계절,15874,138,8768698,131116,15966,59700.0,72300.0,81688.0,253444284,2081335384,2203308,18094008,63541,52,6463,446040891,103091844,848601720,40.71,1.19,1,26.6
2023,2023-07-02,사계절_셋업,01_시즌,사계절,30141,224,15255770,169450,23176,111315.0,107550.0,101888.0,698547816,5107392450,5191424,37956800,68106,60,14401,1095163967,331297009,2440249450,47.78,0.95,1,26.6
2023,2023-07-02,사계절_셋업셔츠,01_시즌,사계절,130000,1357,42064199,69900,7556,35388.0,36741.0,35960.0,982280000,9087000000,10253492,94854300,30998,56,46356,1739958329,349677246,3240284400,35.66,1.25,1,26.6
2023,2023-07-02,여름_가성비 수트셋업,01_시즌,여름,64790,792,104596813,211500,44550,135606.0,145068.0,152013.0,2886394500,13703085000,35283600,167508000,132067,38,41678,6302369156,1861108692,8786559500,64.33,1.34,1,26.6
2023,2023-07-02,여름_고가 수트셋업,01_시즌,여름,24088,587,82617410,282334,48234,160140.0,173056.0,180119.0,1161860592,6800861392,28313358,165730058,140745,50,11917,1927595076,571979706,3330106922,49.47,1.02,1,26.6
2023,2023-07-02,여름_디자인팬츠,01_시즌,여름,35860,1258,80623060,139000,16327,60100.0,58909.0,73028.0,585486220,4984540000,20539366,174862000,64088,54,17358,1424797947,280576545,2412762000,48.4,1.73,1,26.6
2023,2023-07-02,여름_반바지,01_시즌,여름,27011,1465,40490493,88234,12107,31114.0,30532.0,35824.0,327022177,2383288574,17736755,129262810,27639,69,7036,228573294,85407605,621085982,26.05,0.37,1,26.6
2023,2023-07-02,여름_반팔스웨터,01_시즌,여름,93167,7257,236961849,102400,11572,38552.0,36040.0,44409.0,1078128524,9540300800,83978004,743116800,32653,68,51643,2206411587,594435542,5281368200,55.43,1.31,1,26.6
2023,2023-07-02,여름_반팔티셔츠,01_시즌,여름,137229,7488,194541751,94900,11643,34951.0,29080.0,38271.0,1597757247,13023032100,87182784,710611200,25980,73,61301,2023133742,710880733,5767479374,44.67,0.71,1,26.6
2023,2023-07-02,여름_자켓,01_시즌,여름,30109,871,113291936,295667,38690,142517.0,141820.0,159446.0,1164917210,8902237703,33698990,257525957,130071,56,16064,2562493886,619073851,4740094507,53.35,1.47,1,26.6
2023,2023-07-02,여름_점퍼,01_시즌,여름,19166,203,15298545,271000,32893,92401.0,97241.0,129556.0,630427238,5193986000,6677279,55013000,75362,72,10082,1493436249,334959084,2735365000,52.6,1.62,1,26.6
2023,2023-07-02,여름_캐주얼셔츠,01_시즌,여름,158857,3914,119605406,91762,8351,37281.0,28662.0,36555.0,1326614807,14577036034,32685814,359156468,30558,67,53119,2026116680,439409223,4912415815,33.44,1.06,1,26.6
2023,2023-07-02,여름_팬츠,01_시즌,여름,118291,6071,197299524,104675,13697,38650.0,33233.0,44353.0,1620231827,12382110425,83154487,635481925,32499,69,37907,1797455492,514826195,3963655925,32.05,0.69,1,26.6
2023,2023-07-09,가을_캐주얼셔츠,01_시즌,가을,11824,0,0,79900,8264,,59666.0,46126.0,97713536,944737600,0,0,59666,25,0,0,0,0,0.0,0.0,4,24.9
2023,2023-07-09,가을_팬츠,01_시즌,가을,21218,0,0,99900,10128,,69792.0,57327.0,214895904,2119678200,0,0,69792,30,0,0,0,0,0.0,0.0,4,24.9
2023,2023-07-09,겨울_아우터셔츠,01_시즌,겨울,5435,0,0,99900,10378,,99622.0,71801.0,56404430,542956500,0,0,99622,0,0,0,0,0,0.0,0.0,4,24.9
2023,2023-07-09,사계절_가성비 수트셋업,01_시즌,사계절,93304,2330,218150245,199000,34657,96691.0,101142.0,117822.0,3233636728,18567496000,80750810,463670000,93627,53,34018,4384292592,1159875776,6769582000,36.46,0.87,4,24.9
2023,2023-07-09,사계절_니트셋업,01_시즌,사계절,8765,0,0,79900,7430,29000.0,93621.0,37400.0,65123950,700323500,0,0,29000,64,7115,206240907,52864450,568488500,81.18,2.07,4,24.9
2023,2023-07-09,사계절_데님셋업,01_시즌,사계절,15874,146,9005680,131116,15966,54842.0,72300.0,81688.0,253444284,2081335384,2331036,19142936,61683,53,6609,455046571,105422880,867744656,41.63,1.22,4,24.9
2023,2023-07-09,사계절_셋업,01_시즌,사계절,30141,185,12160330,169450,23176,106393.0,107550.0,101888.0,698547816,5107392450,4287560,31348250,65732,61,14586,1107324297,335584569,2471597700,48.39,0.96,4,24.9
2023,2023-07-09,사계절_셋업셔츠,01_시즌,사계절,147470,1019,36472145,69900,7511,35959.0,36741.0,35960.0,1107647170,10308153000,7653709,71228100,35792,49,47375,1776430474,357330955,3311512500,32.13,1.14,4,24.9
2023,2023-07-09,여름_가성비 수트셋업,01_시즌,여름,64790,650,87463156,211500,44550,139938.0,145068.0,152013.0,2886394500,13703085000,28957500,137475000,134559,36,42328,6389832312,1890066192,8924034500,65.33,1.36,4,24.9
2023,2023-07-09,여름_고가 수트셋업,01_시즌,여름,24088,432,64553703,282334,48234,171313.0,173056.0,180119.0,1161860592,6800861392,20837088,121968288,149430,47,12349,1992148779,592816794,3452075210,51.27,1.05,4,24.9
2023,2023-07-09,여름_디자인팬츠,01_시즌,여름,35860,882,56446100,139000,16327,60463.0,58909.0,73028.0,585486220,4984540000,14400414,122598000,63998,54,18240,1481244047,294976959,2535360000,50.86,1.8,4,24.9
2023,2023-07-09,여름_반바지,01_시즌,여름,27011,1244,32853150,88234,12107,29762.0,30532.0,35824.0,327022177,2383288574,15061108,109763096,26409,70,8280,261426444,100468713,730849078,30.65,0.42,4,24.9
2023,2023-07-09,여름_반팔스웨터,01_시즌,여름,93167,4955,150105022,102400,11572,36831.0,36040.0,44409.0,1078128524,9540300800,57339260,507392000,30294,70,56598,2356516609,651774802,5788760200,60.75,1.38,4,24.9
2023,2023-07-09,여름_반팔티셔츠,01_시즌,여름,137229,7152,146515353,94900,11643,28976.0,29080.0,38271.0,1597757247,13023032100,83270736,678724800,20486,78,68453,2169649095,794151469,6446204174,49.88,0.74,4,24.9
2023,2023-07-09,여름_자켓,01_시즌,여름,30109,561,66635300,295667,38690,164836.0,141820.0,159446.0,1164917210,8902237703,21705090,165869187,118780,60,16625,2629129186,640778941,4905963694,55.22,1.5,4,24.9
2023,2023-07-09,여름_점퍼,01_시즌,여름,19166,168,8946300,271000,32893,104272.0,97241.0,129556.0,630427238,5193986000,5526024,45528000,53252,80,10250,1502382549,340485108,2780893000,53.48,1.63,4,24.9
2023,2023-07-09,여름_캐주얼셔츠,01_시즌,여름,158857,5106,122070909,91762,8351,28790.0,28662.0,36555.0,1326614807,14577036034,42640206,468536772,23907,74,58225,2148187589,482049429,5380952587,36.65,1.11,4,24.9
2023,2023-07-09,여름_팬츠,01_시즌,여름,118291,4918,138322601,104675,13697,33724.0,33233.0,44353.0,1620231827,12382110425,67361846,514791650,28126,73,42825,1935778093,582188041,4478447575,36.2,0.73,4,24.9
2023,2023-07-16,가을_가성비 수트셋업,01_시즌,가을,22573,177,29484380,214000,38758,169239.0,163481.0,140034.0,874884334,4830622000,6860166,37878000,166578,22,177,29484380,6860166,37878000,0.78,0.02,0,26.8
2023,2023-07-16,가을_캐주얼셔츠,01_시즌,가을,11824,23,1398800,79900,8264,61612.0,59666.0,46126.0,97713536,944737600,190072,1837700,60817,24,23,1398800,190072,1837700,0.19,0.01,0,26.8
2023,2023-07-16,가을_팬츠,01_시즌,가을,22020,111,7906200,99900,10128,71377.0,69792.0,57327.0,223018560,2199798000,1124208,11088900,71227,29,111,7906200,1124208,11088900,0.5,0.03,0,26.8
2023,2023-07-16,겨울_아우터셔츠,01_시즌,겨울,5435,0,0,99900,10378,,99622.0,71801.0,56404430,542956500,0,0,99622,0,0,0,0,0,0.0,0.0,0,26.8
2023,2023-07-16,사계절_가성비 수트셋업,01_시즌,사계절,93304,1819,187329802,199000,34657,95621.0,101142.0,117822.0,3233636728,18567496000,63041083,361981000,102985,48,35837,4571622394,1222916859,7131563000,38.41,0.91,0,26.8
2023,2023-07-16,사계절_니트셋업,01_시즌,사계절,8765,0,0,79900,7430,33421.0,93621.0,37400.0,65123950,700323500,0,0,33421,58,7115,206240907,52864450,568488500,81.18,2.07,0,26.8
2023,2023-07-16,사계절_데님셋업,01_시즌,사계절,15874,126,7648240,131116,15966,81686.0,72300.0,81688.0,253444284,2081335384,2011716,16520616,60700,54,6735,462694811,107434596,884265272,42.43,1.24,0,26.8
2023,2023-07-16,사계절_셋업,01_시즌,사계절,30141,127,9197205,169450,23176,106657.0,107550.0,101888.0,698547816,5107392450,2943352,21520150,72419,57,14713,1116521502,338527921,2493117850,48.81,0.97,0,26.8
2023,2023-07-16,사계절_셋업셔츠,01_시즌,사계절,147470,842,31209704,69900,7511,37416.0,36741.0,35960.0,1107647170,10308153000,6324262,58855800,37066,47,48217,1807640178,363655217,3370368300,32.7,1.16,0,26.8
2023,2023-07-16,여름_가성비 수트셋업,01_시즌,여름,64790,558,78931020,211500,44550,147656.0,145068.0,152013.0,2886394500,13703085000,24858900,118017000,141453,33,42886,6468763332,1914925092,9042051500,66.19,1.37,0,26.8
2023,2023-07-16,여름_고가 수트셋업,01_시즌,여름,24088,366,58935600,282334,48234,178042.0,173056.0,180119.0,1161860592,6800861392,17653644,103334244,161026,43,12715,2051084379,610470438,3555409454,52.79,1.08,0,26.8
2023,2023-07-16,여름_디자인팬츠,01_시즌,여름,35860,853,51370400,139000,16327,57960.0,58909.0,73028.0,585486220,4984540000,13926931,118567000,60223,57,19093,1532614447,308903890,2653927000,53.24,1.85,0,26.8
2023,2023-07-16,여름_반바지,01_시즌,여름,27011,1421,37285490,88234,12107,31600.0,30532.0,35824.0,327022177,2383288574,17204047,125380514,26239,70,9701,298711934,117672760,856229592,35.91,0.47,0,26.8
2023,2023-07-16,여름_반팔스웨터,01_시즌,여름,93167,4292,125145764,102400,11572,35130.0,36040.0,44409.0,1078128524,9540300800,49667024,439500800,29158,72,60890,2481662373,701441826,6228261000,65.36,1.44,0,26.8
2023,2023-07-16,여름_반팔티셔츠,01_시즌,여름,137229,5887,115520773,94900,11643,27386.0,29080.0,38271.0,1597757247,13023032100,68542341,558676300,19623,79,74340,2285169868,862693810,7004880474,54.17,0.76,0,26.8
2023,2023-07-16,여름_자켓,01_시즌,여름,30109,518,62980650,295667,38690,130187.0,141820.0,159446.0,1164917210,8902237703,20041420,153155506,121584,59,17143,2692109836,660820361,5059119200,56.94,1.53,0,26.8
2023,2023-07-16,여름_점퍼,01_시즌,여름,19166,159,10802550,271000,32893,98124.0,97241.0,129556.0,630427238,5193986000,5229987,43089000,67941,75,10409,1513185099,345715095,2823982000,54.31,1.63,0,26.8
2023,2023-07-16,여름_캐주얼셔츠,01_시즌,여름,158857,4807,100810879,91762,8351,25653.0,28662.0,36555.0,1326614807,14577036034,40143257,441099934,20972,77,63032,2248998468,522192686,5822052521,39.68,1.15,0,26.8
2023,2023-07-16,여름_팬츠,01_시즌,여름,118291,5002,132049083,104675,13697,31528.0,33233.0,44353.0,1620231827,12382110425,68512394,523584350,26399,75,47827,2067827176,650700435,5002031925,40.43,0.76,0,26.8
2023,2023-07-23,가을_가성비 수트셋업,01_시즌,가을,31018,299,48813840,214000,38862,162652.0,163481.0,140034.0,1205421516,6637852000,11619738,63986000,163257,24,476,78298220,18479904,101864000,1.53,0.04,0,27.8
2023,2023-07-23,가을_캐주얼셔츠,01_시즌,가을,11824,52,3058000,79900,8264,58762.0,59666.0,46126.0,97713536,944737600,429728,4154800,58808,26,75,4456800,619800,5992500,0.63,0.04,0,27.8
2023,2023-07-23,가을_팬츠,01_시즌,가을,22020,30,2070000,99900,10128,69000.0,69792.0,57327.0,223018560,2199798000,303840,2997000,69000,31,141,9976200,1428048,14085900,0.64,0.03,0,27.8
2023,2023-07-23,겨울_아우터셔츠,01_시즌,겨울,5435,1,99900,99900,10378,99900.0,99622.0,71801.0,56404430,542956500,10378,99900,99900,0,1,99900,10378,99900,0.02,0.0,0,27.8
2023,2023-07-23,사계절_가성비 수트셋업,01_시즌,사계절,93304,1736,175581827,199000,34657,101082.0,101142.0,117822.0,3233636728,18567496000,60164552,345464000,101142,49,37573,4747204221,1283081411,7477027000,40.27,0.94,0,27.8
2023,2023-07-23,사계절_니트셋업,01_시즌,사계절,8765,0,0,79900,7430,29275.0,93621.0,37400.0,65123950,700323500,0,0,29275,63,7115,206240907,52864450,568488500,81.18,2.07,0,27.8
2023,2023-07-23,사계절_데님셋업,01_시즌,사계절,15874,121,6963910,131116,15966,77771.0,72300.0,81688.0,253444284,2081335384,1931886,15865036,57553,56,6856,469658721,109366482,900130308,43.19,1.25,0,27.8
2023,2023-07-23,사계절_셋업,01_시즌,사계절,30141,147,10540600,169450,23176,106685.0,107550.0,101888.0,698547816,5107392450,3406872,24909150,71705,58,14860,1127062102,341934793,2518027000,49.3,0.98,0,27.8
2023,2023-07-23,사계절_셋업셔츠,01_시즌,사계절,147470,903,33550679,69900,7511,37554.0,36741.0,35960.0,1107647170,10308153000,6782433,63119700,37155,47,49120,1841190857,370437650,3433488000,33.31,1.18,0,27.8
2023,2023-07-23,여름_가성비 수트셋업,01_시즌,여름,64790,442,62772830,211500,44550,146508.0,145068.0,152013.0,2886394500,13703085000,19691100,93483000,142020,33,43328,6531536162,1934616192,9135534500,66.87,1.39,0,27.8
2023,2023-07-23,여름_고가 수트셋업,01_시즌,여름,24088,292,45432576,282334,48234,178146.0,173056.0,180119.0,1161860592,6800861392,14084328,82441528,155591,45,13007,2096516955,624554766,3637850982,54.0,1.1,0,27.8
2023,2023-07-23,여름_디자인팬츠,01_시즌,여름,35860,714,44713100,139000,16327,60196.0,58909.0,73028.0,585486220,4984540000,11657478,99246000,62623,55,19807,1577327547,320561368,2753173000,55.23,1.9,0,27.8
2023,2023-07-23,여름_반바지,01_시즌,여름,27011,1506,38145860,88234,12107,29306.0,30532.0,35824.0,327022177,2383288574,18233142,132880404,25329,71,11207,336857794,135905902,989109996,41.49,0.52,0,27.8
2023,2023-07-23,여름_반팔스웨터,01_시즌,여름,93167,3930,117646508,102400,11572,34654.0,36040.0,44409.0,1078128524,9540300800,45477960,402432000,29935,71,64820,2599308881,746919786,6630693000,69.57,1.5,0,27.8
2023,2023-07-23,여름_반팔티셔츠,01_시즌,여름,137229,7635,147127264,94900,11643,27352.0,29080.0,38271.0,1597757247,13023032100,88894305,724561500,19270,80,81975,2432297132,951588115,7729441974,59.74,0.79,0,27.8
2023,2023-07-23,여름_자켓,01_시즌,여름,30109,565,70730300,295667,38690,134444.0,141820.0,159446.0,1164917210,8902237703,21859850,167051855,125186,58,17708,2762840136,682680211,5226171055,58.81,1.57,0,27.8
2023,2023-07-23,여름_점퍼,01_시즌,여름,19166,139,10356800,271000,32893,102732.0,97241.0,129556.0,630427238,5193986000,4572127,37669000,74509,73,10548,1523541899,350287222,2861651000,55.03,1.64,0,27.8
2023,2023-07-23,여름_캐주얼셔츠,01_시즌,여름,158857,4959,103361834,91762,8351,25957.0,28662.0,36555.0,1326614807,14577036034,41412609,455047758,20843,77,67991,2352360302,563605295,6277100279,42.8,1.19,0,27.8
2023,2023-07-23,여름_팬츠,01_시즌,여름,118291,5414,144148892,104675,13697,31514.0,33233.0,44353.0,1620231827,12382110425,74155558,566710450,26625,75,53241,2211976068,724855993,5568742375,45.01,0.79,0,27.8
2023,2023-07-30,가을_가성비 수트셋업,01_시즌,가을,31018,401,66811040,214000,38862,164348.0,163481.0,140034.0,1205421516,6637852000,15583662,85814000,166611,22,877,145109260,34063566,187678000,2.83,0.08,1,29.6
2023,2023-07-30,가을_캐주얼셔츠,01_시즌,가을,11824,56,3289000,79900,8264,58625.0,59666.0,46126.0,97713536,944737600,462784,4474400,58732,26,131,7745800,1082584,10466900,1.11,0.06,1,29.6
2023,2023-07-30,가을_팬츠,01_시즌,가을,22020,37,2553000,99900,10128,69000.0,69792.0,57327.0,223018560,2199798000,374736,3696300,69000,31,178,12529200,1802784,17782200,0.81,0.04,1,29.6
2023,2023-07-30,겨울_아우터셔츠,01_시즌,겨울,5435,54,5364630,99900,10378,99345.0,99622.0,71801.0,56404430,542956500,560412,5394600,99345,1,55,5464530,570790,5494500,1.01,0.08,1,29.6
2023,2023-07-30,사계절_가성비 수트셋업,01_시즌,사계절,93304,1462,156407071,199000,34657,99759.0,101142.0,117822.0,3233636728,18567496000,50668534,290938000,106982,46,39035,4903611292,1333749945,7767965000,41.84,0.97,1,29.6
2023,2023-07-30,사계절_니트셋업,01_시즌,사계절,8765,-4,-1389760,79900,7430,347440.0,93621.0,37400.0,65123950,700323500,-29720,-319600,347440,-335,7111,204851147,52834730,568168900,81.13,2.05,1,29.6
2023,2023-07-30,사계절_데님셋업,01_시즌,사계절,22845,156,11111400,130450,15707,83880.0,72300.0,81688.0,358826415,2980130250,2450292,20350200,71227,45,7012,480770121,111816774,920480508,30.69,0.91,1,29.6
2023,2023-07-30,사계절_셋업,01_시즌,사계절,30141,153,10634620,169450,23176,106702.0,107550.0,101888.0,698547816,5107392450,3545928,25925850,69507,59,15013,1137696722,345480721,2543952850,49.81,0.99,1,29.6
2023,2023-07-30,사계절_셋업셔츠,01_시즌,사계절,147470,1253,45512562,69900,7511,37390.0,36741.0,35960.0,1107647170,10308153000,9411283,87584700,36323,48,50373,1886703419,379848933,3521072700,34.16,1.21,1,29.6
2023,2023-07-30,여름_가성비 수트셋업,01_시즌,여름,64790,423,61142084,211500,44550,155628.0,145068.0,152013.0,2886394500,13703085000,18844650,89464500,144544,32,43751,6592678246,1953460842,9224999000,67.53,1.4,1,29.6
2023,2023-07-30,여름_고가 수트셋업,01_시즌,여름,24088,317,50062796,282334,48234,177642.0,173056.0,180119.0,1161860592,6800861392,15290178,89499878,157927,44,13324,2146579751,639844944,3727350860,55.31,1.13,1,29.6
2023,2023-07-30,여름_디자인팬츠,01_시즌,여름,35860,499,32099350,139000,16327,55829.0,58909.0,73028.0,585486220,4984540000,8147173,69361000,64327,54,20306,1609426897,328708541,2822534000,56.63,1.94,1,29.6
2023,2023-07-30,여름_반바지,01_시즌,여름,27011,1053,26792920,88234,12107,30882.0,30532.0,35824.0,327022177,2383288574,12748671,92910402,25444,71,12260,363650714,148654573,1082020398,45.39,0.56,1,29.6
2023,2023-07-30,여름_반팔스웨터,01_시즌,여름,93167,2785,86443261,102400,11572,35032.0,36040.0,44409.0,1078128524,9540300800,32228020,285184000,31039,70,67605,2685752142,779147806,6915877000,72.56,1.54,1,29.6
2023,2023-07-30,여름_반팔티셔츠,01_시즌,여름,137229,5675,109130751,94900,11643,26735.0,29080.0,38271.0,1597757247,13023032100,66074025,538557500,19230,80,87650,2541427883,1017662140,8267999474,63.87,0.81,1,29.6
2023,2023-07-30,여름_자켓,01_시즌,여름,30109,425,55150900,295667,38690,137116.0,141820.0,159446.0,1164917210,8902237703,16443250,125658475,129767,56,18133,2817991036,699123461,5351829530,60.22,1.6,1,29.6
2023,2023-07-30,여름_점퍼,01_시즌,여름,19166,130,8466303,271000,32893,88853.0,97241.0,129556.0,630427238,5193986000,4276090,35230000,65125,76,10678,1532008202,354563312,2896881000,55.71,1.65,1,29.6
2023,2023-07-30,여름_캐주얼셔츠,01_시즌,여름,158857,4138,87961304,91762,8351,25631.0,28662.0,36555.0,1326614807,14577036034,34556438,379711156,21257,77,72129,2440321606,598161733,6656811435,45.4,1.22,1,29.6
2023,2023-07-30,여름_팬츠,01_시즌,여름,118291,5119,134899032,104675,13697,30749.0,33233.0,44353.0,1620231827,12382110425,70114943,535831325,26353,75,58360,2346875100,794970936,6104573700,49.34,0.83,1,29.6
2023,2023-08-06,가을_가성비 수트셋업,01_시즌,가을,31018,452,76137840,214000,38862,169612.0,154734.0,140034.0,1205421516,6637852000,17565624,96728000,168447,21,1329,221247100,51629190,284406000,4.28,0.12,0,26.9
2023,2023-08-06,가을_캐주얼셔츠,01_시즌,가을,11824,68,4000000,79900,8264,58834.0,57895.0,46126.0,97713536,944737600,561952,5433200,58824,26,199,11745800,1644536,15900100,1.68,0.09,0,26.9
2023,2023-08-06,가을_팬츠,01_시즌,가을,22020,173,11937000,99900,10128,69000.0,68358.0,57327.0,223018560,2199798000,1752144,17282700,69000,31,351,24466200,3554928,35064900,1.59,0.08,0,26.9
2023,2023-08-06,겨울_아우터셔츠,01_시즌,겨울,5435,2,199800,99900,10378,99900.0,85176.0,71801.0,56404430,542956500,20756,199800,99900,0,57,5664330,591546,5694300,1.05,0.08,0,26.9
2023,2023-08-06,겨울_팬츠,01_시즌,겨울,2575,0,0,99900,18100,,,69577.0,46607500,257242500,0,0,69577,30,0,0,0,0,0.0,0.0,0,26.9
2023,2023-08-06,사계절_가성비 수트셋업,01_시즌,사계절,93304,1281,157708080,199000,34657,100086.0,104308.0,117822.0,3233636728,18567496000,44395617,254919000,123113,38,40316,5061319372,1378145562,8022884000,43.21,1.0,0,26.9
2023,2023-08-06,사계절_니트셋업,01_시즌,사계절,8765,15,1635000,79900,7430,109000.0,50205.0,37400.0,65123950,700323500,111450,1198500,109000,-36,7126,206486147,52946180,569367400,81.3,2.07,0,26.9
2023,2023-08-06,사계절_데님셋업,01_시즌,사계절,22845,85,5661607,130450,15707,88512.0,85242.0,81688.0,358826415,2980130250,1335095,11088250,66607,49,7097,486431728,113151869,931568758,31.07,0.92,0,26.9
2023,2023-08-06,사계절_셋업,01_시즌,사계절,30141,176,13134630,169450,23176,108118.0,103689.0,101888.0,698547816,5107392450,4078976,29823200,74629,56,15189,1150831352,349559697,2573776050,50.39,1.0,0,26.9
2023,2023-08-06,사계절_셋업셔츠,01_시즌,사계절,147470,1023,39291820,69900,7511,38495.0,35178.0,35960.0,1107647170,10308153000,7683753,71507700,38408,45,51396,1925995239,387532686,3592580400,34.85,1.23,0,26.9
2023,2023-08-06,여름_가성비 수트셋업,01_시즌,여름,64790,455,65038144,211500,44553,147583.0,144926.0,152013.0,2886588870,13703085000,20271615,96232500,142941,32,44206,6657716390,1973732457,9321231500,68.23,1.41,0,26.9
2023,2023-08-06,여름_고가 수트셋업,01_시즌,여름,24088,269,42084580,282334,48234,177200.0,177418.0,180119.0,1161860592,6800861392,12974946,75947846,156448,45,13593,2188664331,652819890,3803298706,56.43,1.15,0,26.9
2023,2023-08-06,여름_디자인팬츠,01_시즌,여름,35860,761,44564172,139000,16327,59023.0,57368.0,73028.0,585486220,4984540000,12424847,105779000,58560,58,21067,1653991069,341133388,2928313000,58.75,1.99,0,26.9
2023,2023-08-06,여름_반바지,01_시즌,여름,27011,1754,40325250,88234,12107,28542.0,26824.0,35824.0,327022177,2383288574,21235678,154762436,22990,74,14014,403975964,169890251,1236782834,51.88,0.6,0,26.9
2023,2023-08-06,여름_반팔스웨터,01_시즌,여름,93167,3254,93845632,102400,11572,35088.0,34779.0,44409.0,1078128524,9540300800,37655288,333209600,28840,72,70859,2779597774,816803094,7249086600,76.06,1.59,0,26.9
2023,2023-08-06,여름_반팔티셔츠,01_시즌,여름,137229,4743,96836435,94900,11643,27251.0,27838.0,38271.0,1597757247,13023032100,55222749,450110700,20417,78,92393,2638264318,1072884889,8718110174,67.33,0.83,0,26.9
2023,2023-08-06,여름_자켓,01_시즌,여름,30109,568,65850256,295667,38690,132036.0,130756.0,159446.0,1164917210,8902237703,21975920,167938856,115934,61,18701,2883841292,721099381,5519768386,62.11,1.63,0,26.9
2023,2023-08-06,여름_점퍼,01_시즌,여름,19166,156,9799900,271000,32893,96575.0,80796.0,129556.0,630427238,5193986000,5131308,42276000,62820,77,10834,1541808102,359694620,2939157000,56.53,1.65,0,26.9
2023,2023-08-06,여름_캐주얼셔츠,01_시즌,여름,158857,5209,114065762,91762,8351,26130.0,25430.0,36555.0,1326614807,14577036034,43500359,477988258,21898,76,77338,2554387368,641662092,7134799693,48.68,1.27,0,26.9
2023,2023-08-06,여름_팬츠,01_시즌,여름,118291,5913,153011726,104675,13697,31970.0,31763.0,44353.0,1620231827,12382110425,80990361,618943275,25877,75,64273,2499886826,875961297,6723516975,54.33,0.86,0,26.9
2023,2023-08-13,가을_가성비 수트셋업,01_시즌,가을,31018,1197,178890450,214000,38862,150362.0,154734.0,140034.0,1205421516,6637852000,46517814,256158000,149449,30,2526,400137550,98147004,540564000,8.14,0.22,0,28.2
2023,2023-08-13,가을_이너,01_시즌,가을,6310,22,1068000,69900,5436,48545.0,48822.0,34667.0,34301160,441069000,119592,1537800,48545,31,22,1068000,119592,1537800,0.35,0.02,0,28.2
2023,2023-08-13,가을_캐주얼셔츠,01_시즌,가을,11824,92,5288000,79900,8264,57448.0,57895.0,46126.0,97713536,944737600,760288,7350800,57478,28,291,17033800,2404824,23250900,2.46,0.13,0,28.2
2023,2023-08-13,가을_팬츠,01_시즌,가을,22020,56,3777100,99900,10128,67402.0,68358.0,57327.0,223018560,2199798000,567168,5594400,67448,32,407,28243300,4122096,40659300,1.85,0.1,0,28.2
2023,2023-08-13,겨울_가성비 수트셋업,01_시즌,겨울,6901,0,0,214000,38945,,171200.0,153737.0,268759445,1476814000,0,0,171200,20,0,0,0,0,0.0,0.0,0,28.2
2023,2023-08-13,겨울_기모맨투맨셋업,01_시즌,겨울,14359,0,0,79900,6675,,49000.0,39528.0,95846325,1147284100,0,0,49000,39,0,0,0,0,0.0,0.0,0,28.2
2023,2023-08-13,겨울_아우터셔츠,01_시즌,겨울,5435,-37,-3756240,99900,10378,101520.0,85176.0,71801.0,56404430,542956500,-383986,-3696300,101520,-2,20,1908090,207560,1998000,0.37,0.03,0,28.2
2023,2023-08-13,겨울_팬츠,01_시즌,겨울,2575,0,0,99900,18100,,,69577.0,46607500,257242500,0,0,69577,30,0,0,0,0,0.0,0.0,0,28.2
2023,2023-08-13,사계절_가성비 수트셋업,01_시즌,사계절,93304,1496,153265703,199000,34657,112802.0,104308.0,117822.0,3233636728,18567496000,51846872,297704000,102450,49,41812,5214585075,1429992434,8320588000,44.81,1.02,0,28.2
2023,2023-08-13,사계절_니트셋업,01_시즌,사계절,8765,20,578100,79900,7430,28905.0,50205.0,37400.0,65123950,700323500,148600,1598000,28905,64,7146,207064247,53094780,570965400,81.53,2.08,0,28.2
2023,2023-08-13,사계절_데님셋업,01_시즌,사계절,22845,112,7006635,130450,15707,87346.0,85242.0,81688.0,358826415,2980130250,1759184,14610400,62559,52,7209,493438363,114911053,946179158,31.56,0.93,0,28.2
2023,2023-08-13,사계절_셋업,01_시즌,사계절,30141,181,10922915,169450,23176,99758.0,103689.0,101888.0,698547816,5107392450,4194856,30670450,60348,64,15370,1161754267,353754553,2604446500,50.99,1.01,0,28.2
2023,2023-08-13,사계절_셋업셔츠,01_시즌,사계절,147470,1219,36916010,69900,7511,33568.0,35178.0,35960.0,1107647170,10308153000,9155909,85208100,30284,57,52615,1962911249,396688595,3677788500,35.68,1.25,0,28.2
2023,2023-08-13,여름_가성비 수트셋업,01_시즌,여름,64790,403,56575990,211500,44553,143338.0,144926.0,152013.0,2886588870,13703085000,17954859,85234500,140387,34,44609,6714292380,1991687316,9406466000,68.85,1.42,0,28.2
2023,2023-08-13,여름_고가 수트셋업,01_시즌,여름,24088,267,43910720,282334,48234,177886.0,177418.0,180119.0,1161860592,6800861392,12878478,75383178,164460,42,13860,2232575051,665698368,3878681884,57.54,1.17,0,28.2
2023,2023-08-13,여름_디자인팬츠,01_시즌,여름,35860,734,32857817,139000,16327,58484.0,57368.0,73028.0,585486220,4984540000,11984018,102026000,44765,68,21801,1686848886,353117406,3030339000,60.79,2.02,0,28.2
2023,2023-08-13,여름_반바지,01_시즌,여름,27011,1311,28070544,88234,12107,26439.0,26824.0,35824.0,327022177,2383288574,15872277,115674774,21412,76,15325,432046508,185762528,1352457608,56.74,0.63,0,28.2
2023,2023-08-13,여름_반팔스웨터,01_시즌,여름,93167,2089,64044241,102400,11572,34207.0,34779.0,44409.0,1078128524,9540300800,24173908,213913600,30658,70,72948,2843642015,840977002,7463000200,78.3,1.62,0,28.2
2023,2023-08-13,여름_반팔티셔츠,01_시즌,여름,137229,1894,41821171,94900,11643,28861.0,27838.0,38271.0,1597757247,13023032100,22051842,179740600,22081,77,94287,2680085489,1094936731,8897850774,68.71,0.84,0,28.2
2023,2023-08-13,여름_자켓,01_시즌,여름,30109,727,66331233,295667,38690,120607.0,130756.0,159446.0,1164917210,8902237703,28127630,214949909,91240,69,19428,2950172525,749227011,5734718295,64.53,1.66,0,28.2
2023,2023-08-13,여름_점퍼,01_시즌,여름,19166,365,24091400,271000,32893,69484.0,80796.0,129556.0,630427238,5193986000,12005945,98915000,66004,76,11199,1565899502,371700565,3038072000,58.43,1.67,0,28.2
2023,2023-08-13,여름_캐주얼셔츠,01_시즌,여름,158857,5186,90261423,91762,8351,23423.0,25430.0,36555.0,1326614807,14577036034,43308286,475877732,17405,81,82524,2644648791,684970378,7610677425,51.95,1.3,0,28.2
2023,2023-08-13,여름_팬츠,01_시즌,여름,118291,3931,98018555,104675,13697,28535.0,31763.0,44353.0,1620231827,12382110425,53842907,411477425,24935,76,68204,2597905381,929804204,7134994400,57.66,0.88,0,28.2
2023,2023-08-20,가을_가성비 수트셋업,01_시즌,가을,31018,1489,221702100,214000,38862,149348.0,154734.0,140034.0,1205421516,6637852000,57865518,318646000,148893,30,4015,621839650,156012522,859210000,12.94,0.34,2,26.9
2023,2023-08-20,가을_이너,01_시즌,가을,6310,125,6115000,69900,5436,48920.0,48822.0,34667.0,34301160,441069000,679500,8737500,48920,30,147,7183000,799092,10275300,2.33,0.17,2,26.9
2023,2023-08-20,가을_캐주얼셔츠,01_시즌,가을,11824,153,8843930,79900,8264,57494.0,57895.0,46126.0,97713536,944737600,1264392,12224700,57803,28,444,25877730,3669216,35475600,3.76,0.2,2,26.9
2023,2023-08-20,가을_팬츠,01_시즌,가을,22020,230,15710000,99900,10128,68350.0,68358.0,57327.0,223018560,2199798000,2329440,22977000,68304,32,637,43953300,6451536,63636300,2.89,0.15,2,26.9
2023,2023-08-20,겨울_가디건,01_시즌,겨울,6303,17,2162400,159000,18527,127200.0,126985.0,103408.0,116775681,1002177000,314959,2703000,127200,20,17,2162400,314959,2703000,0.27,0.01,2,26.9
2023,2023-08-20,겨울_가성비 수트셋업,01_시즌,겨울,22893,23,3885600,214000,39830,171200.0,171200.0,161431.0,911828190,4899102000,916090,4922000,168939,21,23,3885600,916090,4922000,0.1,0.0,2,26.9
2023,2023-08-20,겨울_기모맨투맨셋업,01_시즌,겨울,21207,6,294000,89900,11526,49000.0,59398.0,49239.0,244431882,1906509300,69156,539400,49000,45,6,294000,69156,539400,0.03,0.0,2,26.9
2023,2023-08-20,겨울_스웨터,01_시즌,겨울,20896,132,9230760,99900,14338,69930.0,69930.0,55877.0,299606848,2087510400,1892616,13186800,69930,30,132,9230760,1892616,13186800,0.63,0.02,2,26.9
2023,2023-08-20,겨울_아우터셔츠,01_시즌,겨울,5435,82,6246030,99900,10378,76171.0,85176.0,71801.0,56404430,542956500,850996,8191800,76171,24,102,8154120,1058556,10189800,1.88,0.11,2,26.9
2023,2023-08-20,겨울_팬츠,01_시즌,겨울,2575,0,0,99900,18100,,,69577.0,46607500,257242500,0,0,69577,30,0,0,0,0,0.0,0.0,2,26.9
2023,2023-08-20,사계절_가성비 수트셋업,01_시즌,사계절,93304,1802,184956686,199000,34657,98057.0,104308.0,117822.0,3233636728,18567496000,62451914,358598000,102640,48,43614,5399541761,1492444348,8679186000,46.74,1.06,2,26.9
2023,2023-08-20,사계절_니트셋업,01_시즌,사계절,8765,0,0,79900,7430,34817.0,50205.0,37400.0,65123950,700323500,0,0,34817,56,7146,207064247,53094780,570965400,81.53,2.08,2,26.9
2023,2023-08-20,사계절_데님셋업,01_시즌,사계절,22845,473,30694603,130450,15707,76959.0,85242.0,81688.0,358826415,2980130250,7429411,61702850,64893,50,7682,524132966,122340464,1007882008,33.63,0.99,2,26.9
2023,2023-08-20,사계절_셋업,01_시즌,사계절,30141,184,12693430,169450,23176,104493.0,103689.0,101888.0,698547816,5107392450,4264384,31178800,68986,59,15554,1174447697,358018937,2635625300,51.6,1.02,2,26.9
2023,2023-08-20,사계절_셋업셔츠,01_시즌,사계절,147470,1326,40098093,69900,7511,34914.0,35178.0,35960.0,1107647170,10308153000,9959586,92687400,30240,57,53941,2003009342,406648181,3770475900,36.58,1.28,2,26.9
2023,2023-08-20,여름_가성비 수트셋업,01_시즌,여름,64790,484,68969720,211500,44553,144404.0,144926.0,152013.0,2886588870,13703085000,21563652,102366000,142499,33,45093,6783262100,2013250968,9508832000,69.6,1.44,2,26.9
2023,2023-08-20,여름_고가 수트셋업,01_시즌,여름,24088,250,38891950,282334,48234,177398.0,177418.0,180119.0,1161860592,6800861392,12058500,70583500,155568,45,14110,2271467001,677756868,3949265384,58.58,1.19,2,26.9
2023,2023-08-20,여름_디자인팬츠,01_시즌,여름,35860,577,35715698,139000,16327,58606.0,57368.0,73028.0,585486220,4984540000,9420679,80203000,61899,55,22378,1722564584,362538085,3110542000,62.4,2.06,2,26.9
2023,2023-08-20,여름_반바지,01_시즌,여름,27011,1071,24377509,88234,12107,27052.0,26824.0,35824.0,327022177,2383288574,12966597,94498614,22761,74,16396,456424017,198729125,1446956222,60.7,0.66,2,26.9
2023,2023-08-20,여름_반팔스웨터,01_시즌,여름,93167,1597,51433625,102400,11572,36122.0,34779.0,44409.0,1078128524,9540300800,18480484,163532800,32206,69,74545,2895075640,859457486,7626533000,80.01,1.64,2,26.9
2023,2023-08-20,여름_반팔티셔츠,01_시즌,여름,137229,3514,69184319,94900,11643,27855.0,27838.0,38271.0,1597757247,13023032100,40913502,333478600,19688,79,97801,2749269808,1135850233,9231329374,71.27,0.85,2,26.9
2023,2023-08-20,여름_자켓,01_시즌,여름,30109,458,55734083,295667,38690,135824.0,130756.0,159446.0,1164917210,8902237703,17720020,135415486,121690,59,19886,3005906608,766947031,5870133781,66.05,1.69,2,26.9
2023,2023-08-20,여름_점퍼,01_시즌,여름,19166,332,21552587,271000,32893,83630.0,80796.0,129556.0,630427238,5193986000,10920476,89972000,64917,76,11531,1587452089,382621041,3128044000,60.16,1.68,2,26.9
2023,2023-08-20,여름_캐주얼셔츠,01_시즌,여름,158857,3758,74448076,91762,8351,26003.0,25430.0,36555.0,1326614807,14577036034,31383058,344841596,19811,78,86282,2719096867,716353436,7955519021,54.31,1.32,2,26.9
2023,2023-08-20,여름_팬츠,01_시즌,여름,118291,3509,95300048,104675,13697,35780.0,31763.0,44353.0,1620231827,12382110425,48062773,367304575,27159,74,71713,2693205429,977866977,7502298975,60.62,0.91,2,26.9
2023,2023-08-27,가을_가성비 수트셋업,01_시즌,가을,31018,1358,201368320,214000,38862,149612.0,154734.0,140034.0,1205421516,6637852000,52774596,290612000,148283,31,5373,823207970,208787118,1149822000,17.32,0.45,1,24.2
2023,2023-08-27,가을_이너,01_시즌,가을,6310,55,2695000,69900,5436,49000.0,48822.0,34667.0,34301160,441069000,298980,3844500,49000,30,202,9878000,1098072,14119800,3.2,0.23,1,24.2
2023,2023-08-27,가을_캐주얼셔츠,01_시즌,가을,11824,148,8555100,79900,8264,57804.0,57895.0,46126.0,97713536,944737600,1223072,11825200,57805,28,592,34432830,4892288,47300800,5.01,0.27,1,24.2
2023,2023-08-27,가을_팬츠,01_시즌,가을,22020,278,19100000,99900,10128,68680.0,68358.0,57327.0,223018560,2199798000,2815584,27772200,68705,31,915,63053300,9267120,91408500,4.16,0.22,1,24.2
2023,2023-08-27,겨울_가디건,01_시즌,겨울,6303,37,4690500,159000,18527,126770.0,126985.0,103408.0,116775681,1002177000,685499,5883000,126770,20,54,6852900,1000458,8586000,0.86,0.04,1,24.2
2023,2023-08-27,겨울_가성비 수트셋업,01_시즌,겨울,29575,60,10168000,214000,39910,171200.0,171200.0,161431.0,1180338250,6329050000,2394600,12840000,169467,21,83,14053600,3310690,17762000,0.28,0.01,1,24.2
2023,2023-08-27,겨울_기모맨투맨셋업,01_시즌,겨울,24395,112,6795660,94900,15454,59398.0,59398.0,56909.0,377000330,2315085500,1730848,10628800,60676,36,118,7089660,1800004,11168200,0.48,0.01,1,24.2
2023,2023-08-27,겨울_스웨터,01_시즌,겨울,20896,-69,-4825170,99900,14338,69930.0,69930.0,55877.0,299606848,2087510400,-989322,-6893100,69930,30,63,4405590,903294,6293700,0.3,0.01,1,24.2
2023,2023-08-27,겨울_아우터,01_시즌,겨울,6342,48,11481600,249000,37163,239200.0,239200.0,165114.0,235687746,1579158000,1783824,11952000,239200,4,48,11481600,1783824,11952000,0.76,0.04,1,24.2
2023,2023-08-27,겨울_아우터셔츠,01_시즌,겨울,5435,63,3976200,99900,10378,63114.0,85176.0,71801.0,56404430,542956500,653814,6293700,63114,37,165,12130320,1712370,16483500,3.04,0.17,1,24.2
2023,2023-08-27,겨울_팬츠,01_시즌,겨울,16221,56,5608200,109600,15773,86100.0,86100.0,69013.0,255853833,1777821600,883288,6137600,100146,9,56,5608200,883288,6137600,0.35,0.02,1,24.2
2023,2023-08-27,겨울_해비아우터,01_시즌,겨울,6000,0,0,399000,34475,,,221879.0,206850000,2394000000,0,0,221879,44,0,0,0,0,0.0,0.0,1,24.2
2023,2023-08-27,사계절_가성비 수트셋업,01_시즌,사계절,93304,1897,198280729,199000,34657,105641.0,104308.0,117822.0,3233636728,18567496000,65744329,377503000,104523,47,45511,5597822490,1558188677,9056689000,48.78,1.09,1,24.2
2023,2023-08-27,사계절_니트셋업,01_시즌,사계절,8765,206,5788020,79900,7430,28097.0,50205.0,37400.0,65123950,700323500,1530580,16459400,28097,65,7352,212852267,54625360,587424800,83.88,2.13,1,24.2
2023,2023-08-27,사계절_데님셋업,01_시즌,사계절,22845,742,50514735,130450,15707,88148.0,85242.0,81688.0,358826415,2980130250,11654594,96793900,68079,48,8424,574647701,133995058,1104675908,36.87,1.08,1,24.2
2023,2023-08-27,사계절_셋업,01_시즌,사계절,30141,651,33406750,169450,23176,102388.0,103689.0,101888.0,698547816,5107392450,15087576,110311950,51316,70,16205,1207854447,373106513,2745937250,53.76,1.04,1,24.2
2023,2023-08-27,사계절_셋업셔츠,01_시즌,사계절,147470,1613,49778683,69900,7511,33735.0,35178.0,35960.0,1107647170,10308153000,12115243,112748700,30861,56,55554,2052788025,418763424,3883224600,37.67,1.31,1,24.2
2023,2023-08-27,여름_가성비 수트셋업,01_시즌,여름,64790,350,48987490,211500,44553,144380.0,144926.0,152013.0,2886588870,13703085000,15593550,74025000,139964,34,45443,6832249590,2028844518,9582857000,70.14,1.45,1,24.2
2023,2023-08-27,여름_고가 수트셋업,01_시즌,여름,24088,243,38014310,282334,48234,177188.0,177418.0,180119.0,1161860592,6800861392,11720862,68607162,156437,45,14353,2309481311,689477730,4017872546,59.59,1.21,1,24.2
2023,2023-08-27,여름_디자인팬츠,01_시즌,여름,35860,359,16133302,139000,16327,53357.0,57368.0,73028.0,585486220,4984540000,5861393,49901000,44940,68,22737,1738697886,368399478,3160443000,63.4,2.07,1,24.2
2023,2023-08-27,여름_반바지,01_시즌,여름,27011,383,8714886,88234,12107,25268.0,26824.0,35824.0,327022177,2383288574,4636981,33793622,22754,74,16779,465138903,203366106,1480749844,62.12,0.67,1,24.2
2023,2023-08-27,여름_반팔스웨터,01_시즌,여름,93167,1133,36317571,102400,11572,33701.0,34779.0,44409.0,1078128524,9540300800,13111076,116019200,32054,69,75678,2931393211,872568562,7742552200,81.23,1.66,1,24.2
2023,2023-08-27,여름_반팔티셔츠,01_시즌,여름,137229,2311,42482982,94900,11643,27809.0,27838.0,38271.0,1597757247,13023032100,26906973,219313900,18383,81,100112,2791752790,1162757206,9450643274,72.95,0.86,1,24.2
2023,2023-08-27,여름_자켓,01_시즌,여름,30109,333,33088781,295667,38690,134558.0,130756.0,159446.0,1164917210,8902237703,12883770,98457111,99366,66,20219,3038995389,779830801,5968590892,67.15,1.7,1,24.2
2023,2023-08-27,여름_점퍼,01_시즌,여름,19166,284,19982200,271000,32893,73498.0,80796.0,129556.0,630427238,5193986000,9341612,76964000,70360,74,11815,1607434289,391962653,3205008000,61.65,1.7,1,24.2
2023,2023-08-27,여름_캐주얼셔츠,01_시즌,여름,158857,2778,56465860,91762,8351,26167.0,25430.0,36555.0,1326614807,14577036034,23199078,254914836,20326,78,89060,2775562727,739552514,8210433857,56.06,1.34,1,24.2
2023,2023-08-27,여름_팬츠,01_시즌,여름,118291,2210,59259240,104675,13697,30768.0,31763.0,44353.0,1620231827,12382110425,30270370,231331750,26814,74,73923,2752464669,1008137347,7733630725,62.49,0.92,1,24.2
2023,2023-09-03,가을_가성비 수트셋업,01_시즌,가을,31018,1901,280590260,214000,38862,149251.0,149406.0,140034.0,1205421516,6637852000,73876662,406814000,147601,31,7274,1103798230,282663780,1556636000,23.45,0.6,0,26.7
2023,2023-09-03,가을_이너,01_시즌,가을,6310,134,6556000,69900,5436,48925.0,43191.0,34667.0,34301160,441069000,728424,9366600,48925,30,336,16434000,1826496,23486400,5.32,0.38,0,26.7
2023,2023-09-03,가을_캐주얼셔츠,01_시즌,가을,11824,241,14112860,79900,8264,58562.0,53547.0,46126.0,97713536,944737600,1991624,19255900,58560,27,833,48545690,6883912,66556700,7.04,0.38,0,26.7
2023,2023-09-03,가을_팬츠,01_시즌,가을,22020,454,31106950,99900,10128,68438.0,66019.0,57327.0,223018560,2199798000,4598112,45354600,68518,31,1369,94160250,13865232,136763100,6.22,0.32,0,26.7
2023,2023-09-03,겨울_가디건,01_시즌,겨울,6303,41,5183400,159000,18527,126424.0,125117.0,103408.0,116775681,1002177000,759607,6519000,126424,20,95,12036300,1760065,15105000,1.51,0.08,0,26.7
2023,2023-09-03,겨울_가성비 수트셋업,01_시즌,겨울,43714,371,62428060,214000,40274,170637.0,169636.0,161431.0,1760537636,9354796000,14941654,79394000,168270,21,454,76481660,18252344,97156000,1.04,0.03,0,26.7
2023,2023-09-03,겨울_고가 수트셋업,01_시즌,겨울,3618,0,0,324000,57896,,246186.0,211706.0,209467728,1172232000,0,0,246186,24,0,0,0,0,0.0,0.0,0,26.7
2023,2023-09-03,겨울_기모맨투맨셋업,01_시즌,겨울,25015,224,13854370,99720,17951,59394.0,74314.0,61869.0,449044265,2494495800,4021024,22337280,61850,38,342,20944030,5821028,33505480,1.37,0.03,0,26.7
2023,2023-09-03,겨울_스웨터,01_시즌,겨울,20896,146,10209780,99900,14338,69930.0,65348.0,55877.0,299606848,2087510400,2093348,14585400,69930,30,209,14615370,2996642,20879100,1.0,0.03,0,26.7
2023,2023-09-03,겨울_아우터,01_시즌,겨울,6792,66,15757300,249000,37858,238970.0,194320.0,165114.0,257131536,1691208000,2498628,16434000,238747,4,114,27238900,4282452,28386000,1.68,0.08,0,26.7
2023,2023-09-03,겨울_아우터셔츠,01_시즌,겨울,5435,29,2001000,99900,10378,69000.0,69000.0,71801.0,56404430,542956500,300962,2897100,69000,31,194,14131320,2013332,19380600,3.57,0.19,0,26.7
2023,2023-09-03,겨울_팬츠,01_시즌,겨울,19975,174,14469700,109600,15973,85956.0,81631.0,69013.0,319060675,2189260000,2779302,19070400,83159,24,230,20077900,3662590,25208000,1.15,0.05,0,26.7
2023,2023-09-03,겨울_해비아우터,01_시즌,겨울,10000,10,2793000,399000,35989,279300.0,279300.0,221879.0,359890000,3990000000,359890,3990000,279300,30,10,2793000,359890,3990000,0.1,0.01,0,26.7
2023,2023-09-03,사계절_가성비 수트셋업,01_시즌,사계절,93304,1650,201720372,199000,34657,103844.0,108950.0,117822.0,3233636728,18567496000,57184050,328350000,122255,39,47161,5799542862,1615372727,9385039000,50.55,1.13,0,26.7
2023,2023-09-03,사계절_니트셋업,01_시즌,사계절,8765,-82,-2388824,79900,7430,29132.0,29044.0,37400.0,65123950,700323500,-609260,-6551800,29132,64,7270,210463443,54016100,580873000,82.94,2.11,0,26.7
2023,2023-09-03,사계절_데님셋업,01_시즌,사계절,22845,194,11446455,130450,15707,64157.0,89400.0,81688.0,358826415,2980130250,3047158,25307300,59002,55,8618,586094156,137042216,1129983208,37.72,1.1,0,26.7
2023,2023-09-03,사계절_셋업,01_시즌,사계절,30141,489,31782035,169450,23176,97768.0,101413.0,101888.0,698547816,5107392450,11333064,82861050,64994,62,16694,1239636482,384439577,2828798300,55.39,1.06,0,26.7
2023,2023-09-03,사계절_셋업셔츠,01_시즌,사계절,147470,1927,58590155,69900,7511,34989.0,34219.0,35960.0,1107647170,10308153000,14473697,134697300,30405,57,57481,2111378180,433237121,4017921900,38.98,1.34,0,26.7
2023,2023-09-03,여름_가성비 수트셋업,01_시즌,여름,64790,314,44651196,211500,44553,144020.0,155238.0,152013.0,2886588870,13703085000,13989642,66411000,142201,33,45757,6876900786,2042834160,9649268000,70.62,1.46,0,26.7
2023,2023-09-03,여름_고가 수트셋업,01_시즌,여름,24088,142,23606921,282334,48234,185502.0,186456.0,180119.0,1161860592,6800861392,6849228,40091428,166246,41,14495,2333088232,696326958,4057963974,60.18,1.23,0,26.7
2023,2023-09-03,여름_디자인팬츠,01_시즌,여름,35860,50,12234437,139000,16327,56294.0,56514.0,73028.0,585486220,4984540000,816350,6950000,244689,-76,22787,1750932323,369215828,3167393000,63.54,2.09,0,26.7
2023,2023-09-03,여름_반바지,01_시즌,여름,27011,216,5574200,88234,12107,30729.0,31812.0,35824.0,327022177,2383288574,2615112,19058544,25806,71,16995,470713103,205981218,1499808388,62.92,0.68,0,26.7
2023,2023-09-03,여름_반팔스웨터,01_시즌,여름,93167,797,25873875,102400,11572,36185.0,37443.0,44409.0,1078128524,9540300800,9222884,81612800,32464,68,76475,2957267086,881791446,7824165000,82.08,1.68,0,26.7
2023,2023-09-03,여름_반팔티셔츠,01_시즌,여름,137229,1416,29838349,94900,11643,30965.0,28344.0,38271.0,1597757247,13023032100,16486488,134378400,21072,78,101528,2821591139,1179243694,9585021674,73.98,0.87,0,26.7
2023,2023-09-03,여름_자켓,01_시즌,여름,30109,92,28738328,295667,38690,133572.0,133686.0,159446.0,1164917210,8902237703,3559480,27201364,312373,-6,20311,3067733717,783390281,5995792256,67.46,1.72,0,26.7
2023,2023-09-03,여름_점퍼,01_시즌,여름,19166,500,35030843,271000,32893,80677.0,86058.0,129556.0,630427238,5193986000,16446500,135500000,70062,74,12315,1642465132,408409153,3340508000,64.25,1.72,0,26.7
2023,2023-09-03,여름_캐주얼셔츠,01_시즌,여름,158857,2856,63074389,91762,8351,28078.0,26246.0,36555.0,1326614807,14577036034,23850456,262072272,22085,76,91916,2838637116,763402970,8472506129,57.86,1.37,0,26.7
2023,2023-09-03,여름_팬츠,01_시즌,여름,118291,1537,43387017,104675,13697,27980.0,31230.0,44353.0,1620231827,12382110425,21052289,160885475,28228,73,75460,2795851686,1029189636,7894516200,63.79,0.93,0,26.7
2023,2023-09-10,가을_가성비 수트셋업,01_시즌,가을,31018,1494,220531270,214000,38862,149379.0,149406.0,140034.0,1205421516,6637852000,58059828,319716000,147611,31,8768,1324329500,340723608,1876352000,28.27,0.72,1,24.1
2023,2023-09-10,가을_이너,01_시즌,가을,6310,104,5086000,69900,5436,48904.0,43191.0,34667.0,34301160,441069000,565344,7269600,48904,30,440,21520000,2391840,30756000,6.97,0.5,1,24.1
2023,2023-09-10,가을_캐주얼셔츠,01_시즌,가을,11824,283,16605780,79900,8264,58678.0,53547.0,46126.0,97713536,944737600,2338712,22611700,58678,27,1116,65151470,9222624,89168400,9.44,0.51,1,24.1
2023,2023-09-10,가을_팬츠,01_시즌,가을,22020,388,26682000,99900,10128,68723.0,66019.0,57327.0,223018560,2199798000,3929664,38761200,68768,31,1757,120842250,17794896,175524300,7.98,0.41,1,24.1
2023,2023-09-10,겨울_가디건,01_시즌,겨울,6303,43,5469600,159000,18527,127200.0,125117.0,103408.0,116775681,1002177000,796661,6837000,127200,20,138,17505900,2556726,21942000,2.19,0.11,1,24.1
2023,2023-09-10,겨울_가성비 수트셋업,01_시즌,겨울,47003,606,102170660,214000,40465,169136.0,169636.0,161431.0,1901976395,10058642000,24521790,129684000,168598,21,1060,178652320,42774134,226840000,2.26,0.06,1,24.1
2023,2023-09-10,겨울_고가 수트셋업,01_시즌,겨울,3738,89,21360700,324000,57896,244250.0,246186.0,211706.0,216415248,1211112000,5152744,28836000,240008,26,89,21360700,5152744,28836000,2.38,0.07,1,24.1
2023,2023-09-10,겨울_기모맨투맨셋업,01_시즌,겨울,26982,170,11118390,99720,17942,65803.0,74314.0,61869.0,484111044,2690645040,3050140,16952400,65402,34,512,32062420,8871168,50457880,1.9,0.04,1,24.1
2023,2023-09-10,겨울_스웨터,01_시즌,겨울,48789,179,12517470,99900,12762,69930.0,64322.0,54340.0,622645218,4874021100,2284398,17882100,69930,30,388,27132840,5281040,38761200,0.8,0.03,1,24.1
2023,2023-09-10,겨울_아우터,01_시즌,겨울,8291,123,26982000,249000,37048,198726.0,194320.0,165114.0,307164968,2064459000,4556904,30627000,219366,12,237,54220900,8839356,59013000,2.86,0.13,1,24.1
2023,2023-09-10,겨울_아우터셔츠,01_시즌,겨울,5435,89,6141000,99900,10378,69000.0,69000.0,71801.0,56404430,542956500,923642,8891100,69000,31,283,20272320,2936974,28271700,5.21,0.27,1,24.1
2023,2023-09-10,겨울_팬츠,01_시즌,겨울,24286,130,12800700,109600,16148,90960.0,81631.0,69013.0,392170328,2661745600,2099240,14248000,98467,10,360,32878600,5761830,39456000,1.48,0.06,1,24.1
2023,2023-09-10,겨울_해비아우터,01_시즌,겨울,10000,8,2234400,399000,35989,279300.0,279300.0,221879.0,359890000,3990000000,287912,3192000,279300,30,18,5027400,647802,7182000,0.18,0.01,1,24.1
2023,2023-09-10,사계절_가성비 수트셋업,01_시즌,사계절,110499,2009,192543661,199000,33921,109052.0,108950.0,117822.0,3748236579,21989301000,68147289,399791000,95841,52,49170,5992086523,1683520016,9784830000,44.5,1.0,1,24.1
2023,2023-09-10,사계절_니트셋업,01_시즌,사계절,8765,9,-161800,79900,7430,,29044.0,37400.0,65123950,700323500,66870,719100,29044,64,7279,210301643,54082970,581592100,83.05,2.11,1,24.1
2023,2023-09-10,사계절_데님셋업,01_시즌,사계절,26147,25,3067800,130450,16326,95784.0,89400.0,81688.0,426875922,3410876150,408150,3261250,122712,6,8643,589161956,137450366,1133244458,33.06,0.93,1,24.1
2023,2023-09-10,사계절_셋업,01_시즌,사계절,30141,388,20582045,169450,23176,100342.0,101413.0,101888.0,698547816,5107392450,8992288,65746600,53047,69,17082,1260218527,393431865,2894544900,56.67,1.08,1,24.1
2023,2023-09-10,사계절_셋업셔츠,01_시즌,사계절,147470,2093,58267250,69900,7511,34021.0,34219.0,35960.0,1107647170,10308153000,15720523,146300700,27839,60,59574,2169645430,448957644,4164222600,40.4,1.38,1,24.1
2023,2023-09-10,여름_가성비 수트셋업,01_시즌,여름,64790,232,34734370,211500,44553,155826.0,155238.0,152013.0,2886588870,13703085000,10336296,49068000,149717,29,45989,6911635156,2053170456,9698336000,70.98,1.47,1,24.1
2023,2023-09-10,여름_고가 수트셋업,01_시즌,여름,24088,112,18553000,282334,48234,169269.0,186456.0,180119.0,1161860592,6800861392,5402208,31621408,165652,41,14607,2351641232,701729166,4089585382,60.64,1.24,1,24.1
2023,2023-09-10,여름_디자인팬츠,01_시즌,여름,35860,416,17546982,139000,16327,52995.0,56514.0,73028.0,585486220,4984540000,6792032,57824000,42180,70,23203,1768479305,376007860,3225217000,64.7,2.1,1,24.1
2023,2023-09-10,여름_반바지,01_시즌,여름,27011,243,5633000,88234,12107,31640.0,31812.0,35824.0,327022177,2383288574,2942001,21440862,23181,74,17238,476346103,208923219,1521249250,63.82,0.69,1,24.1
2023,2023-09-10,여름_반팔스웨터,01_시즌,여름,93167,612,21866832,102400,11572,37493.0,37443.0,44409.0,1078128524,9540300800,7082064,62668800,35730,65,77087,2979133918,888873510,7886833800,82.74,1.69,1,24.1
2023,2023-09-10,여름_반팔티셔츠,01_시즌,여름,137229,1891,35047320,94900,11643,26938.0,28344.0,38271.0,1597757247,13023032100,22016913,179455900,18534,80,103419,2856638459,1201260607,9764477574,75.36,0.87,1,24.1
2023,2023-09-10,여름_자켓,01_시즌,여름,30109,315,31736493,295667,38690,136273.0,133686.0,159446.0,1164917210,8902237703,12187350,93135105,100751,66,20626,3099470210,795577631,6088927361,68.5,1.74,1,24.1
2023,2023-09-10,여름_점퍼,01_시즌,여름,19166,273,21488320,271000,32893,80505.0,86058.0,129556.0,630427238,5193986000,8979789,73983000,78712,71,12588,1663953452,417388942,3414491000,65.68,1.74,1,24.1
2023,2023-09-10,여름_캐주얼셔츠,01_시즌,여름,158857,2766,56221265,91762,8351,26366.0,26246.0,36555.0,1326614807,14577036034,23098866,253813692,20326,78,94682,2894858381,786501836,8726319821,59.6,1.39,1,24.1
2023,2023-09-10,여름_팬츠,01_시즌,여름,118291,1727,45398066,104675,13697,31732.0,31230.0,44353.0,1620231827,12382110425,23654719,180773725,26287,75,77187,2841249752,1052844355,8075289925,65.25,0.94,1,24.1
2023,2023-09-17,가을_가성비 수트셋업,01_시즌,가을,31018,1463,217770630,214000,38862,149900.0,149406.0,140034.0,1205421516,6637852000,56855106,313082000,148852,30,10231,1542100130,397578714,2189434000,32.98,0.83,0,22.4
2023,2023-09-17,가을_이너,01_시즌,가을,6310,175,6821100,69900,5436,38978.0,43191.0,34667.0,34301160,441069000,951300,12232500,38978,44,615,28341100,3343140,42988500,9.75,0.65,0,22.4
2023,2023-09-17,가을_캐주얼셔츠,01_시즌,가을,11824,410,20622980,79900,8264,50294.0,53547.0,46126.0,97713536,944737600,3388240,32759000,50300,37,1526,85774450,12610864,121927400,12.91,0.67,0,22.4
2023,2023-09-17,가을_팬츠,01_시즌,가을,22020,564,36225000,99900,10128,64472.0,66019.0,57327.0,223018560,2199798000,5712192,56343600,64229,36,2321,157067250,23507088,231867900,10.54,0.53,0,22.4
2023,2023-09-17,겨울_가디건,01_시즌,겨울,12968,102,13014700,169000,21078,132460.0,133332.0,106276.0,273339504,2191592000,2149956,17238000,127595,24,240,30520600,4706682,39180000,1.85,0.08,0,22.4
2023,2023-09-17,겨울_가성비 수트셋업,01_시즌,겨울,47003,660,111731720,214000,40465,169392.0,169636.0,161431.0,1901976395,10058642000,26706900,141240000,169290,21,1720,290384040,69481034,368080000,3.66,0.1,0,22.4
2023,2023-09-17,겨울_고가 수트셋업,01_시즌,겨울,3738,83,19233340,324000,57896,242664.0,246186.0,211706.0,216415248,1211112000,4805368,26892000,231727,28,172,40594040,9958112,55728000,4.6,0.12,0,22.4
2023,2023-09-17,겨울_기모맨투맨셋업,01_시즌,겨울,47829,201,12955750,99720,17993,75119.0,74314.0,61869.0,860587197,4769507880,3616593,20043720,64456,35,713,45018170,12487761,70501600,1.49,0.03,0,22.4
2023,2023-09-17,겨울_스웨터,01_시즌,겨울,53911,478,30461850,99900,13774,63748.0,64322.0,54340.0,742570114,5385708900,6583972,47752200,63728,36,866,57594690,11865012,86513400,1.61,0.05,0,22.4
2023,2023-09-17,겨울_아우터,01_시즌,겨울,13442,259,51993870,261500,38308,184864.0,194320.0,165114.0,514936136,3515083000,9921772,67728500,200749,23,496,106214770,18761128,126741500,3.69,0.15,0,22.4
2023,2023-09-17,겨울_아우터셔츠,01_시즌,겨울,5435,71,4899000,99900,10378,69000.0,69000.0,71801.0,56404430,542956500,736838,7092900,69000,31,354,25171320,3673812,35364600,6.51,0.34,0,22.4
2023,2023-09-17,겨울_코트,01_시즌,겨울,6587,5,1556100,399000,64719,311220.0,303207.0,200976.0,426304053,2628213000,323595,1995000,311220,22,5,1556100,323595,1995000,0.08,0.0,0,22.4
2023,2023-09-17,겨울_팬츠,01_시즌,겨울,28516,238,21272700,109600,16148,86628.0,81631.0,69013.0,460476368,3125353600,3843224,26084800,89381,18,598,54151300,9605054,65540800,2.1,0.09,0,22.4
2023,2023-09-17,겨울_해비스웨터,01_시즌,겨울,8877,29,3539300,149000,16954,112250.0,111919.0,89990.0,150500658,1322673000,491666,4321000,122045,18,29,3539300,491666,4321000,0.33,0.02,0,22.4
2023,2023-09-17,겨울_해비아우터,01_시즌,겨울,10000,5,1396500,399000,35989,279300.0,279300.0,221879.0,359890000,3990000000,179945,1995000,279300,30,23,6423900,827747,9177000,0.23,0.01,0,22.4
2023,2023-09-17,사계절_가성비 수트셋업,01_시즌,사계절,110499,1693,174808715,199000,33921,112973.0,108950.0,117822.0,3748236579,21989301000,57428253,336907000,103254,48,50863,6166895238,1740948269,10121737000,46.03,1.03,0,22.4
2023,2023-09-17,사계절_니트셋업,01_시즌,사계절,8765,158,4582000,79900,7430,29000.0,29044.0,37400.0,65123950,700323500,1173940,12624200,29000,64,7437,214883643,55256910,594216300,84.85,2.15,0,22.4
2023,2023-09-17,사계절_데님셋업,01_시즌,사계절,26147,-36,-6872200,130450,16326,92215.0,89400.0,81688.0,426875922,3410876150,-587736,-4696200,190894,-46,8607,582289756,136862630,1128548258,32.92,0.92,0,22.4
2023,2023-09-17,사계절_셋업,01_시즌,사계절,30141,328,21657080,169450,23176,105631.0,101413.0,101888.0,698547816,5107392450,7601728,55579600,66028,61,17410,1281875607,401033593,2950124500,57.76,1.09,0,22.4
2023,2023-09-17,사계절_셋업셔츠,01_시즌,사계절,147470,1792,54258250,69900,7511,36139.0,34219.0,35960.0,1107647170,10308153000,13459712,125260800,30278,57,61366,2223903680,462417356,4289483400,41.61,1.41,0,22.4
2023,2023-09-17,여름_가성비 수트셋업,01_시즌,여름,64790,96,14484160,211500,44553,156567.0,155238.0,152013.0,2886588870,13703085000,4277088,20304000,150877,29,46085,6926119316,2057447544,9718640000,71.13,1.47,0,22.4
2023,2023-09-17,여름_고가 수트셋업,01_시즌,여름,24088,46,7844300,282334,48234,195780.0,186456.0,180119.0,1161860592,6800861392,2218764,12987364,170528,40,14653,2359485532,703947930,4102572746,60.83,1.24,0,22.4
2023,2023-09-17,여름_디자인팬츠,01_시즌,여름,35860,203,11256399,139000,16327,58025.0,56514.0,73028.0,585486220,4984540000,3314381,28217000,55450,60,23406,1779735704,379322241,3253434000,65.27,2.12,0,22.4
2023,2023-09-17,여름_반바지,01_시즌,여름,27011,75,1968819,88234,12107,33040.0,31812.0,35824.0,327022177,2383288574,908025,6617550,26251,70,17313,478314922,209831244,1527866800,64.1,0.69,0,22.4
2023,2023-09-17,여름_반팔스웨터,01_시즌,여름,93167,473,16820768,102400,11572,38094.0,37443.0,44409.0,1078128524,9540300800,5473556,48435200,35562,65,77560,2995954686,894347066,7935269000,83.25,1.7,0,22.4
2023,2023-09-17,여름_반팔티셔츠,01_시즌,여름,137229,1924,33273218,94900,11643,28209.0,28344.0,38271.0,1597757247,13023032100,22401132,182587600,17294,82,105343,2889911677,1223661739,9947065174,76.76,0.88,0,22.4
2023,2023-09-17,여름_자켓,01_시즌,여름,30109,136,15631942,295667,38690,136185.0,133686.0,159446.0,1164917210,8902237703,5261840,40210712,114941,61,20762,3115102152,800839471,6129138073,68.96,1.74,0,22.4
2023,2023-09-17,여름_점퍼,01_시즌,여름,19166,80,7872100,271000,32893,103264.0,86058.0,129556.0,630427238,5193986000,2631440,21680000,98401,64,12668,1671825552,420020382,3436171000,66.1,1.74,0,22.4
2023,2023-09-17,여름_캐주얼셔츠,01_시즌,여름,158857,1683,36186439,91762,8351,25158.0,26246.0,36555.0,1326614807,14577036034,14054733,154435446,21501,77,96365,2931044820,800556569,8880755267,60.66,1.41,0,22.4
2023,2023-09-17,여름_팬츠,01_시즌,여름,118291,905,27404457,104675,13697,32858.0,31230.0,44353.0,1620231827,12382110425,12395785,94730875,30281,71,78092,2868654209,1065240140,8170020800,66.02,0.95,0,22.4
2023,2023-09-24,가을_가성비 수트셋업,01_시즌,가을,31018,1137,167927440,214000,38862,149095.0,149406.0,140034.0,1205421516,6637852000,44186094,243318000,147693,31,11368,1710027570,441764808,2432752000,36.65,0.92,0,21.2
2023,2023-09-24,가을_이너,01_시즌,가을,6310,230,8270000,69900,5436,35957.0,43191.0,34667.0,34301160,441069000,1250280,16077000,35957,49,845,36611100,4593420,59065500,13.39,0.84,0,21.2
2023,2023-09-24,가을_캐주얼셔츠,01_시즌,가을,11824,458,21407100,79900,8264,46654.0,53547.0,46126.0,97713536,944737600,3784912,36594200,46740,42,1984,107181550,16395776,158521600,16.78,0.83,0,21.2
2023,2023-09-24,가을_팬츠,01_시즌,가을,22020,692,43309900,99900,10128,62442.0,66019.0,57327.0,223018560,2199798000,7008576,69130800,62587,37,3013,200377150,30515664,300998700,13.68,0.68,0,21.2
2023,2023-09-24,겨울_가디건,01_시즌,겨울,12968,140,18176900,169000,21078,132510.0,133332.0,106276.0,273339504,2191592000,2950920,23660000,129835,23,380,48697500,7657602,62840000,2.93,0.13,0,21.2
2023,2023-09-24,겨울_가성비 수트셋업,01_시즌,겨울,49126,1095,167818700,235250,43802,166544.0,169636.0,161431.0,2151817052,11556891500,47963190,257598750,153259,35,2815,458202740,117444224,625678750,5.73,0.14,0,21.2
2023,2023-09-24,겨울_고가 수트셋업,01_시즌,겨울,9062,126,27828920,329000,59455,248371.0,246186.0,211706.0,538781210,2981398000,7491330,41454000,220864,33,298,68422960,17449442,97182000,3.29,0.08,0,21.2
2023,2023-09-24,겨울_기모맨투맨셋업,01_시즌,겨울,47829,385,22290150,99720,17993,73331.0,74314.0,61869.0,860587197,4769507880,6927305,38392200,57896,42,1098,67308320,19415066,108893800,2.3,0.05,0,21.2
2023,2023-09-24,겨울_스웨터,01_시즌,겨울,53911,492,30144610,99900,13774,61459.0,64322.0,54340.0,742570114,5385708900,6776808,49150800,61270,39,1358,87739300,18641820,135664200,2.52,0.08,0,21.2
2023,2023-09-24,겨울_아우터,01_시즌,겨울,14874,321,68983840,257333,44021,196883.0,195946.0,167557.0,654768354,3827571042,14130741,82603893,214903,16,817,175198610,32891869,209345393,5.49,0.19,0,21.2
2023,2023-09-24,겨울_아우터셔츠,01_시즌,겨울,5435,44,3036000,99900,10378,69000.0,69000.0,71801.0,56404430,542956500,456632,4395600,69000,31,398,28207320,4130444,39760200,7.32,0.38,0,21.2
2023,2023-09-24,겨울_코트,01_시즌,겨울,23337,42,15366400,504556,81147,349200.0,351204.0,291417.0,1893727539,11774823372,3408174,21191352,365867,27,47,16922500,3731769,23186352,0.2,0.01,0,21.2
2023,2023-09-24,겨울_팬츠,01_시즌,겨울,37394,251,20559140,109600,16507,76273.0,81631.0,69013.0,617262758,4098382400,4143257,27509600,81909,25,849,74710440,13748311,93050400,2.27,0.09,0,21.2
2023,2023-09-24,겨울_해비스웨터,01_시즌,겨울,8877,76,8766400,149000,16954,111588.0,111919.0,89990.0,150500658,1322673000,1288504,11324000,115347,23,105,12305700,1780170,15645000,1.18,0.06,0,21.2
2023,2023-09-24,겨울_해비아우터,01_시즌,겨울,18177,0,-240200,299000,29118,219250.0,219250.0,165155.0,529277886,5434923000,0,0,219250,27,23,6183700,827747,9177000,0.13,0.01,0,21.2
2023,2023-09-24,사계절_가성비 수트셋업,01_시즌,사계절,120246,1808,184661749,199000,33921,107981.0,108950.0,117822.0,4078864566,23928954000,61329168,359792000,102136,49,52671,6351556987,1802277437,10481529000,43.8,0.97,0,21.2
2023,2023-09-24,사계절_니트셋업,01_시즌,사계절,8765,0,0,79900,7430,29000.0,29044.0,37400.0,65123950,700323500,0,0,29000,64,7437,214883643,55256910,594216300,84.85,2.15,0,21.2
2023,2023-09-24,사계절_데님셋업,01_시즌,사계절,26147,728,66382185,130450,16326,95213.0,89400.0,81688.0,426875922,3410876150,11885328,94967600,91184,30,9335,648671941,148747958,1223515858,35.7,1.03,0,21.2
2023,2023-09-24,사계절_셋업,01_시즌,사계절,30141,379,25431077,169450,23176,101911.0,101413.0,101888.0,698547816,5107392450,8783704,64221550,67100,60,17789,1307306684,409817297,3014346050,59.02,1.11,0,21.2
2023,2023-09-24,사계절_셋업셔츠,01_시즌,사계절,147470,1455,38207713,69900,7511,31726.0,34219.0,35960.0,1107647170,10308153000,10928505,101704500,26260,62,62821,2262111393,473345861,4391187900,42.6,1.43,0,21.2
2023,2023-09-24,여름_가성비 수트셋업,01_시즌,여름,64790,93,14189680,211500,44553,166575.0,155238.0,152013.0,2886588870,13703085000,4143429,19669500,152577,28,46178,6940308996,2061590973,9738309500,71.27,1.47,0,21.2
2023,2023-09-24,여름_고가 수트셋업,01_시즌,여름,24088,73,12619690,282334,48234,187994.0,186456.0,180119.0,1161860592,6800861392,3521082,20610382,172872,39,14726,2372105222,707469012,4123183128,61.13,1.25,0,21.2
2023,2023-09-24,여름_디자인팬츠,01_시즌,여름,35860,192,9247378,139000,16327,58743.0,56514.0,73028.0,585486220,4984540000,3134784,26688000,48163,65,23598,1788983082,382457025,3280122000,65.81,2.12,0,21.2
2023,2023-09-24,여름_반바지,01_시즌,여름,27011,65,1779150,88234,12107,25677.0,31812.0,35824.0,327022177,2383288574,786955,5735210,27372,69,17378,480094072,210618199,1533602010,64.34,0.69,0,21.2
2023,2023-09-24,여름_반팔스웨터,01_시즌,여름,93167,219,7903135,102400,11572,38346.0,37443.0,44409.0,1078128524,9540300800,2534268,22425600,36087,65,77779,3003857821,896881334,7957694600,83.48,1.7,0,21.2
2023,2023-09-24,여름_반팔티셔츠,01_시즌,여름,137229,1868,33313665,94900,11643,27264.0,28344.0,38271.0,1597757247,13023032100,21749124,177273200,17834,81,107211,2923225342,1245410863,10124338374,78.13,0.88,0,21.2
2023,2023-09-24,여름_자켓,01_시즌,여름,30109,151,14549304,295667,38690,128712.0,133686.0,159446.0,1164917210,8902237703,5842190,44645717,96353,67,20913,3129651456,806681661,6173783790,69.46,1.75,0,21.2
2023,2023-09-24,여름_점퍼,01_시즌,여름,19166,205,18523450,271000,32893,79785.0,86058.0,129556.0,630427238,5193986000,6743065,55555000,90358,67,12873,1690349002,426763447,3491726000,67.17,1.76,0,21.2
2023,2023-09-24,여름_캐주얼셔츠,01_시즌,여름,158857,1332,28915077,91762,8351,25103.0,26246.0,36555.0,1326614807,14577036034,11123532,122226984,21708,76,97697,2959959897,811680101,9002982251,61.5,1.42,0,21.2
2023,2023-09-24,여름_팬츠,01_시즌,여름,118291,628,17935938,104675,13697,32346.0,31230.0,44353.0,1620231827,12382110425,8601716,65735900,28560,73,78720,2886590147,1073841856,8235756700,66.55,0.96,0,21.2
2023,2023-10-01,가을_가성비 수트셋업,01_시즌,가을,31018,1445,198508669,214000,38862,139077.0,130722.0,140034.0,1205421516,6637852000,56155590,309230000,137376,36,12813,1908536239,497920398,2741982000,41.31,1.03,0,16.8
2023,2023-10-01,가을_이너,01_시즌,가을,6310,328,11900966,69900,5436,36283.0,30315.0,34667.0,34301160,441069000,1783008,22927200,36283,48,1173,48512066,6376428,81992700,18.59,1.1,0,16.8
2023,2023-10-01,가을_캐주얼셔츠,01_시즌,가을,11824,601,27436336,79900,8264,45679.0,39281.0,46126.0,97713536,944737600,4966664,48019900,45651,43,2585,134617886,21362440,206541500,21.86,1.03,0,16.8
2023,2023-10-01,가을_팬츠,01_시즌,가을,22020,860,52950226,99900,10128,61436.0,52205.0,57327.0,223018560,2199798000,8710080,85914000,61570,38,3873,253327376,39225744,386912700,17.59,0.86,0,16.8
2023,2023-10-01,겨울_가디건,01_시즌,겨울,12968,283,35690005,169000,21078,126539.0,125808.0,106276.0,273339504,2191592000,5965074,47827000,126113,25,663,84387505,13622676,110667000,5.11,0.23,0,16.8
2023,2023-10-01,겨울_가성비 수트셋업,01_시즌,겨울,49126,1391,196107039,235250,43799,152518.0,162926.0,161431.0,2151669674,11556891500,60924409,327232750,140983,40,4206,654309779,178368633,952911500,8.56,0.19,0,16.8
2023,2023-10-01,겨울_고가 수트셋업,01_시즌,겨울,9062,273,55315092,329000,59440,233458.0,227488.0,211706.0,538645280,2981398000,16227120,89817000,202619,38,571,123738052,33676562,186999000,6.3,0.15,0,16.8
2023,2023-10-01,겨울_기모맨투맨셋업,01_시즌,겨울,47829,656,35892168,99720,17993,66683.0,67738.0,61869.0,860587197,4769507880,11803408,65416320,54714,45,1754,103200488,31218474,174310120,3.67,0.07,0,16.8
2023,2023-10-01,겨울_스웨터,01_시즌,겨울,53911,1256,78526006,99900,13774,62400.0,61723.0,54340.0,742570114,5385708900,17300144,125474400,62521,37,2614,166265306,35941964,261138600,4.85,0.16,0,16.8
2023,2023-10-01,겨울_아우터,01_시즌,겨울,18770,579,109681479,257333,44008,183597.0,180344.0,167557.0,826030160,4830140410,25480632,148995807,189433,26,1396,284880089,58372501,358341200,7.44,0.24,0,16.8
2023,2023-10-01,겨울_아우터셔츠,01_시즌,겨울,12686,165,12943567,119300,19806,83938.0,80351.0,71801.0,251258916,1513439800,3267990,19684500,78446,34,563,41150887,7398434,59444700,4.44,0.12,0,16.8
2023,2023-10-01,겨울_코트,01_시즌,겨울,26240,110,40567640,504556,81279,397166.0,350726.0,291417.0,2132760960,13239549440,8940690,55501160,368797,27,157,57490140,12672459,78687512,0.6,0.02,0,16.8
2023,2023-10-01,겨울_팬츠,01_시즌,겨울,48160,627,46486424,109600,16610,72347.0,72976.0,69013.0,799937600,5278336000,10414470,68719200,74141,32,1476,121196864,24162781,161769600,3.06,0.11,0,16.8
2023,2023-10-01,겨울_해비스웨터,01_시즌,겨울,12143,213,23771749,145667,17032,99916.0,97054.0,85275.0,206819576,1768834381,3627816,31027071,111604,23,318,36077449,5407986,46672071,2.62,0.13,0,16.8
2023,2023-10-01,겨울_해비아우터,01_시즌,겨울,20006,40,6909876,299000,28307,204989.0,207059.0,165155.0,566309842,5981794000,1132280,11960000,172747,42,63,13093576,1960027,21137000,0.31,0.02,0,16.8
2023,2023-10-01,사계절_가성비 수트셋업,01_시즌,사계절,120246,2628,252604422,199000,33921,103358.0,105636.0,117822.0,4078864566,23928954000,89144388,522972000,96120,52,55299,6604161409,1891421825,11004501000,45.99,1.01,0,16.8
2023,2023-10-01,사계절_니트셋업,01_시즌,사계절,8765,251,7243143,79900,7430,28857.0,27129.0,37400.0,65123950,700323500,1864930,20054900,28857,64,7688,222126786,57121840,614271200,87.71,2.22,0,16.8
2023,2023-10-01,사계절_데님셋업,01_시즌,사계절,26147,1070,72875532,130450,16326,86354.0,88804.0,81688.0,426875922,3410876150,17468820,139581500,68108,48,10405,721547473,166216778,1363097358,39.79,1.15,0,16.8
2023,2023-10-01,사계절_셋업,01_시즌,사계절,30141,612,33549416,169450,23176,89508.0,90130.0,101888.0,698547816,5107392450,14183712,103703400,54819,68,18401,1340856100,424001009,3118049450,61.05,1.14,0,16.8
2023,2023-10-01,사계절_셋업셔츠,01_시즌,사계절,147470,3117,81944569,69900,7511,29021.0,31413.0,35960.0,1107647170,10308153000,23411787,217878300,26290,62,65938,2344055962,496757648,4609066200,44.71,1.48,0,16.8
2023,2023-10-08,가을_가성비 수트셋업,01_시즌,가을,31018,1486,202041630,214000,38862,137369.0,130722.0,140034.0,1205421516,6637852000,57748932,318004000,135963,36,14299,2110577869,555669330,3059986000,46.1,1.13,0,17.0
2023,2023-10-08,가을_이너,01_시즌,가을,6310,434,15426372,69900,5436,35545.0,30315.0,34667.0,34301160,441069000,2359224,30336600,35545,49,1607,63938438,8735652,112329300,25.47,1.44,0,17.0
2023,2023-10-08,가을_캐주얼셔츠,01_시즌,가을,11824,568,25656313,79900,8264,45184.0,39281.0,46126.0,97713536,944737600,4693952,45383200,45170,43,3153,160274199,26056392,251924700,26.67,1.22,0,17.0
2023,2023-10-08,가을_팬츠,01_시즌,가을,22020,1072,63525429,99900,10128,59258.0,52205.0,57327.0,223018560,2199798000,10857216,107092800,59259,41,4945,316852805,50082960,494005500,22.46,1.07,0,17.0
2023,2023-10-08,겨울_가디건,01_시즌,겨울,12968,395,48416112,169000,21078,122941.0,125808.0,106276.0,273339504,2191592000,8325810,66755000,122572,27,1058,132803617,21948486,177422000,8.16,0.36,0,17.0
2023,2023-10-08,겨울_가성비 수트셋업,01_시즌,겨울,49126,2075,285362969,235250,43799,151432.0,162926.0,161431.0,2151669674,11556891500,90882925,488143750,137524,42,6281,939672748,269251558,1441055250,12.79,0.27,0,17.0
2023,2023-10-08,겨울_고가 수트셋업,01_시즌,겨울,9062,362,73415079,329000,59440,232899.0,227488.0,211706.0,538645280,2981398000,21517280,119098000,202804,38,933,197153131,55193842,306097000,10.3,0.23,0,17.0
2023,2023-10-08,겨울_기모맨투맨셋업,01_시즌,겨울,47829,1276,62579084,99720,17993,64148.0,67738.0,61869.0,860587197,4769507880,22959068,127242720,49043,51,3030,165779572,54177542,301552840,6.34,0.11,0,17.0
2023,2023-10-08,겨울_스웨터,01_시즌,겨울,53911,1985,119226577,99900,13774,59776.0,61723.0,54340.0,742570114,5385708900,27341390,198301500,60064,40,4599,285491883,63283354,459440100,8.53,0.26,0,17.0
2023,2023-10-08,겨울_아우터,01_시즌,겨울,18770,786,142547745,257333,44008,177488.0,180344.0,167557.0,826030160,4830140410,34590288,202263738,181358,30,2182,427427834,92962789,560604938,11.62,0.36,0,17.0
2023,2023-10-08,겨울_아우터셔츠,01_시즌,겨울,12686,285,22471120,119300,19806,80911.0,80351.0,71801.0,251258916,1513439800,5644710,34000500,78846,34,848,63622007,13043144,93445200,6.68,0.18,0,17.0
2023,2023-10-08,겨울_코트,01_시즌,겨울,31049,57,16573125,504556,81224,383552.0,350726.0,291417.0,2521923976,15665959244,4629768,28759692,290757,42,214,74063265,17302227,107447204,0.69,0.02,0,17.0
2023,2023-10-08,겨울_팬츠,01_시즌,겨울,59626,1093,77368164,109600,16679,71803.0,72976.0,69013.0,994502054,6535009600,18230147,119792800,70785,35,2569,198565028,42392928,281562400,4.31,0.14,0,17.0
2023,2023-10-08,겨울_해비스웨터,01_시즌,겨울,22480,419,41940807,134225,16508,85788.0,91598.0,78464.0,371099840,3017378000,6916852,56240275,100097,25,737,78018256,12324838,102912346,3.28,0.16,0,17.0
2023,2023-10-08,겨울_해비아우터,01_시즌,겨울,29469,72,10001473,311500,30498,213037.0,207059.0,165155.0,898745562,9179593500,2195856,22428000,138909,55,135,23095049,4155883,43565000,0.46,0.02,0,17.0
2023,2023-10-08,사계절_가성비 수트셋업,01_시즌,사계절,120246,2099,235402841,199000,33921,106632.0,105636.0,117822.0,4078864566,23928954000,71200179,417701000,112150,44,57398,6839564250,1962622004,11422202000,47.73,1.04,0,17.0
2023,2023-10-08,사계절_니트셋업,01_시즌,사계절,8765,141,3823920,79900,7430,27120.0,27129.0,37400.0,65123950,700323500,1047630,11265900,27120,66,7829,225950706,58169470,625537100,89.32,2.26,0,17.0
2023,2023-10-08,사계절_데님셋업,01_시즌,사계절,26147,108,13027941,130450,16326,86436.0,88804.0,81688.0,426875922,3410876150,1763208,14088600,120629,8,10513,734575414,167979986,1377185958,40.21,1.17,0,17.0
2023,2023-10-08,사계절_셋업,01_시즌,사계절,30141,511,32173345,169450,23176,92072.0,90130.0,101888.0,698547816,5107392450,11842936,86588950,62962,63,18912,1373029445,435843945,3204638400,62.75,1.16,0,17.0
2023,2023-10-08,사계절_셋업셔츠,01_시즌,사계절,147470,2705,75534847,69900,7511,32336.0,31413.0,35960.0,1107647170,10308153000,20317255,189079500,27924,60,68643,2419590809,517074903,4798145700,46.55,1.52,0,17.0
2023,2023-10-15,가을_가성비 수트셋업,01_시즌,가을,31018,1462,194839649,214000,38862,135231.0,130722.0,140034.0,1205421516,6637852000,56816244,312868000,133269,38,15761,2305417518,612485574,3372854000,50.81,1.23,0,14.2
2023,2023-10-15,가을_이너,01_시즌,가을,6310,406,12554590,69900,5436,30923.0,30315.0,34667.0,34301160,441069000,2207016,28379400,30923,56,2013,76493028,10942668,140708700,31.9,1.71,0,14.2
2023,2023-10-15,가을_캐주얼셔츠,01_시즌,가을,11824,512,20766918,79900,8264,40642.0,39281.0,46126.0,97713536,944737600,4231168,40908800,40560,49,3665,181041117,30287560,292833500,31.0,1.37,0,14.2
2023,2023-10-15,가을_팬츠,01_시즌,가을,22020,904,45605587,99900,10128,50251.0,52205.0,57327.0,223018560,2199798000,9155712,90309600,50449,50,5849,362458392,59238672,584315100,26.56,1.21,0,14.2
2023,2023-10-15,겨울_가디건,01_시즌,겨울,12968,321,39946260,169000,21078,127396.0,125808.0,106276.0,273339504,2191592000,6766038,54249000,124443,26,1379,172749877,28714524,231671000,10.63,0.47,0,14.2
2023,2023-10-15,겨울_가성비 수트셋업,01_시즌,겨울,49126,1597,252915248,235250,43799,168923.0,162926.0,161431.0,2151669674,11556891500,69947003,375694250,158369,33,7878,1192587996,339198561,1816749500,16.04,0.35,0,14.2
2023,2023-10-15,겨울_고가 수트셋업,01_시즌,겨울,9062,306,65855485,329000,59440,229322.0,227488.0,211706.0,538645280,2981398000,18188640,100674000,215214,35,1239,263008616,73382482,406771000,13.67,0.31,0,14.2
2023,2023-10-15,겨울_기모맨투맨셋업,01_시즌,겨울,47829,962,48727770,99720,17993,65799.0,67738.0,61869.0,860587197,4769507880,17309266,95930640,50653,49,3992,214507342,71486808,397483480,8.35,0.14,0,14.2
2023,2023-10-15,겨울_스웨터,01_시즌,겨울,53911,1170,72101549,99900,13774,61791.0,61723.0,54340.0,742570114,5385708900,16115580,116883000,61625,38,5769,357593432,79398934,576323100,10.7,0.33,0,14.2
2023,2023-10-15,겨울_아우터,01_시즌,겨울,18770,890,171289052,257333,44008,182488.0,180344.0,167557.0,826030160,4830140410,39167120,229026370,192460,25,3072,598716886,132129909,789631308,16.37,0.5,0,14.2
2023,2023-10-15,겨울_아우터셔츠,01_시즌,겨울,12686,301,24784686,119300,19806,81524.0,80351.0,71801.0,251258916,1513439800,5961606,35909300,82341,31,1149,88406693,19004750,129354500,9.06,0.24,0,14.2
2023,2023-10-15,겨울_코트,01_시즌,겨울,36920,222,63763531,504556,81475,383358.0,350726.0,291417.0,3008057000,18628207520,18087450,112011432,287223,43,436,137826796,35389677,219458636,1.18,0.03,0,14.2
2023,2023-10-15,겨울_팬츠,01_시즌,겨울,59660,1283,93139506,109600,16680,75269.0,72976.0,69013.0,995128800,6538736000,21400440,140616800,72595,34,3852,291704534,63793368,422179200,6.46,0.2,0,14.2
2023,2023-10-15,겨울_해비스웨터,01_시즌,겨울,26648,331,36179171,134225,16464,95613.0,91598.0,78464.0,438732672,3576827800,5449584,44428475,109303,19,1068,114197427,17774422,147340821,4.01,0.2,0,14.2
2023,2023-10-15,겨울_해비아우터,01_시즌,겨울,50781,181,25172295,328166,35662,193902.0,207059.0,165155.0,1810952022,16664597646,6454822,59398046,139073,58,316,48267344,10610705,102963046,0.62,0.02,0,14.2
2023,2023-10-15,사계절_가성비 수트셋업,01_시즌,사계절,120246,2255,228175872,199000,33921,103265.0,105636.0,117822.0,4078864566,23928954000,76491855,448745000,101187,49,59653,7067740122,2039113859,11870947000,49.61,1.08,0,14.2
2023,2023-10-15,사계절_니트셋업,01_시즌,사계절,8765,-16,-463824,79900,7430,28989.0,27129.0,37400.0,65123950,700323500,-118880,-1278400,28989,64,7813,225486882,58050590,624258700,89.14,2.26,0,14.2
2023,2023-10-15,사계절_데님셋업,01_시즌,사계절,26147,55,7464619,130450,16326,95732.0,88804.0,81688.0,426875922,3410876150,897930,7174750,135720,-4,10568,742040033,168877916,1384360708,40.42,1.18,0,14.2
2023,2023-10-15,사계절_셋업,01_시즌,사계절,30141,427,26257883,169450,23176,96733.0,90130.0,101888.0,698547816,5107392450,9896152,72355150,61494,64,19339,1399287328,445740097,3276993550,64.16,1.18,0,14.2
2023,2023-10-15,사계절_셋업셔츠,01_시즌,사계절,147470,2742,76858750,69900,7511,34500.0,31413.0,35960.0,1107647170,10308153000,20595162,191665800,28030,60,71385,2496449559,537670065,4989811500,48.41,1.56,0,14.2
2023,2023-10-22,가을_가성비 수트셋업,01_시즌,가을,31018,1057,127949100,214000,38862,122222.0,130722.0,140034.0,1205421516,6637852000,41077134,226198000,121049,43,16818,2433366618,653562708,3599052000,54.22,1.29,0,15.3
2023,2023-10-22,가을_이너,01_시즌,가을,6310,354,9391081,69900,5436,26528.0,30315.0,34667.0,34301160,441069000,1924344,24744600,26528,62,2367,85884109,12867012,165453300,37.51,1.9,0,15.3
2023,2023-10-22,가을_캐주얼셔츠,01_시즌,가을,11824,379,13622298,79900,8264,35917.0,39281.0,46126.0,97713536,944737600,3132056,30282100,35943,55,4044,194663415,33419616,323115600,34.2,1.47,0,15.3
2023,2023-10-22,가을_팬츠,01_시즌,가을,22020,884,44370127,99900,10128,48532.0,52205.0,57327.0,223018560,2199798000,8953152,88311600,50192,50,6733,406828519,68191824,672626700,30.58,1.35,0,15.3
2023,2023-10-22,겨울_가디건,01_시즌,겨울,12968,164,22555923,169000,21078,132006.0,125808.0,106276.0,273339504,2191592000,3456792,27716000,137536,19,1543,195305800,32171316,259387000,11.9,0.53,0,15.3
2023,2023-10-22,겨울_가성비 수트셋업,01_시즌,겨울,49137,1430,233926427,235250,43799,174170.0,162926.0,161431.0,2152151463,11559479250,62632570,336407500,163585,30,9308,1426514423,401831131,2153157000,18.94,0.42,0,15.3
2023,2023-10-22,겨울_고가 수트셋업,01_시즌,겨울,9063,248,51294950,329000,59440,226972.0,227488.0,211706.0,538704720,2981727000,14741120,81592000,206834,37,1487,314303566,88123602,488363000,16.41,0.37,0,15.3
2023,2023-10-22,겨울_기모맨투맨셋업,01_시즌,겨울,47829,934,50036597,99720,17993,72746.0,67738.0,61869.0,860587197,4769507880,16805462,93138480,53572,46,4926,264543939,88292270,490621960,10.3,0.18,0,15.3
2023,2023-10-22,겨울_스웨터,01_시즌,겨울,53911,1245,81583621,99900,13774,65810.0,61723.0,54340.0,742570114,5385708900,17148630,124375500,65529,34,7014,439177053,96547564,700698600,13.01,0.41,0,15.3
2023,2023-10-22,겨울_아우터,01_시즌,겨울,18940,691,131811784,257333,44004,184461.0,180344.0,167557.0,833435760,4873887020,30406764,177817103,190755,26,3763,730528670,162536673,967448411,19.87,0.6,0,15.3
2023,2023-10-22,겨울_아우터셔츠,01_시즌,겨울,12686,288,25523416,119300,19806,80223.0,80351.0,71801.0,251258916,1513439800,5704128,34358400,88623,26,1437,113930109,24708878,163712900,11.33,0.31,0,15.3
2023,2023-10-22,겨울_코트,01_시즌,겨울,42273,382,104032552,503167,81401,320697.0,350726.0,291417.0,3441064473,21270378591,31095182,192209794,272337,46,818,241859348,66484859,411668430,1.94,0.04,0,15.3
2023,2023-10-22,겨울_팬츠,01_시즌,겨울,66530,1311,89555528,109600,16679,74577.0,72976.0,69013.0,1109653870,7291688000,21866169,143685600,68311,38,5163,381260062,85659537,565864800,7.76,0.24,0,15.3
2023,2023-10-22,겨울_해비스웨터,01_시즌,겨울,37081,420,42380386,134225,16285,95272.0,91598.0,78464.0,603864085,4977197225,6839700,56374500,100906,25,1488,156577813,24614122,203715321,4.01,0.19,0,15.3
2023,2023-10-22,겨울_해비아우터,01_시즌,겨울,54018,323,45175477,349000,41835,205672.0,207059.0,165155.0,2259843030,18852282000,13512705,112727000,139862,60,639,93442821,24123410,215690046,1.18,0.03,0,15.3
2023,2023-10-22,사계절_가성비 수트셋업,01_시즌,사계절,120246,1819,197783031,199000,33921,106970.0,105636.0,117822.0,4078864566,23928954000,61702299,361981000,108732,45,61472,7265523153,2100816158,12232928000,51.12,1.1,0,15.3
2023,2023-10-22,사계절_니트셋업,01_시즌,사계절,8765,106,2226600,79900,7430,21006.0,27129.0,37400.0,65123950,700323500,787580,8469400,21006,74,7919,227713482,58838170,632728100,90.35,2.28,0,15.3
2023,2023-10-22,사계절_데님셋업,01_시즌,사계절,26147,-105,-3854740,130450,16326,89302.0,88804.0,81688.0,426875922,3410876150,-1714230,-13697250,36712,72,10463,738185293,167163686,1370663458,40.02,1.18,0,15.3
2023,2023-10-22,사계절_셋업,01_시즌,사계절,30141,272,15980973,169450,23176,86256.0,90130.0,101888.0,698547816,5107392450,6303872,46090400,58754,65,19611,1415268301,452043969,3323083950,65.06,1.19,0,15.3
2023,2023-10-22,사계절_셋업셔츠,01_시즌,사계절,147470,2527,64501782,69900,7511,30438.0,31413.0,35960.0,1107647170,10308153000,18980297,176637300,25525,63,73912,2560951341,556650362,5166448800,50.12,1.6,0,15.3
2023,2023-10-29,가을_가성비 수트셋업,01_시즌,가을,31018,1141,134828048,214000,38862,119714.0,130722.0,140034.0,1205421516,6637852000,44341542,244174000,118167,45,17959,2568194666,697904250,3843226000,57.9,1.36,0,17.6
2023,2023-10-29,가을_이너,01_시즌,가을,6310,404,9007134,69900,5436,22295.0,30315.0,34667.0,34301160,441069000,2196144,28239600,22295,68,2771,94891243,15063156,193692900,43.91,2.08,0,17.6
2023,2023-10-29,가을_캐주얼셔츠,01_시즌,가을,11824,442,12865992,79900,8264,28982.0,39281.0,46126.0,97713536,944737600,3652688,35315800,29109,64,4486,207529407,37072304,358431400,37.94,1.55,0,17.6
2023,2023-10-29,가을_팬츠,01_시즌,가을,22020,806,33649896,99900,10128,41548.0,52205.0,57327.0,223018560,2199798000,8163168,80519400,41749,58,7539,440478415,76354992,753146100,34.24,1.45,0,17.6
2023,2023-10-29,겨울_가디건,01_시즌,겨울,12968,257,30985355,169000,21078,120162.0,125808.0,106276.0,273339504,2191592000,5417046,43433000,120566,29,1800,226291155,37588362,302820000,13.88,0.62,0,17.6
2023,2023-10-29,겨울_가성비 수트셋업,01_시즌,겨울,49137,1618,256922566,235250,43799,167588.0,162926.0,161431.0,2152151463,11559479250,70866782,380634500,158790,33,10926,1683436989,472697913,2533791500,22.24,0.49,0,17.6
2023,2023-10-29,겨울_고가 수트셋업,01_시즌,겨울,9063,239,48145598,329000,59440,214788.0,227488.0,211706.0,538704720,2981727000,14206160,78631000,201446,39,1726,362449164,102329762,566994000,19.04,0.42,0,17.6
2023,2023-10-29,겨울_기모맨투맨셋업,01_시즌,겨울,47829,961,46972576,99720,17993,69312.0,67738.0,61869.0,860587197,4769507880,17291273,95830920,48879,51,5887,311516515,105583543,586452880,12.31,0.21,0,17.6
2023,2023-10-29,겨울_스웨터,01_시즌,겨울,53911,1235,73250398,99900,13774,58838.0,61723.0,54340.0,742570114,5385708900,17010890,123376500,59312,41,8249,512427451,113558454,824075100,15.3,0.47,0,17.6
2023,2023-10-29,겨울_아우터,01_시즌,겨울,18940,712,129647555,257333,44004,173688.0,180344.0,167557.0,833435760,4873887020,31330848,183221096,182089,29,4475,860176225,193867521,1150669507,23.63,0.71,0,17.6
2023,2023-10-29,겨울_아우터셔츠,01_시즌,겨울,12686,276,22257719,119300,19806,75162.0,80351.0,71801.0,251258916,1513439800,5466456,32926800,80644,32,1713,136187828,30175334,196639700,13.5,0.37,0,17.6
2023,2023-10-29,겨울_코트,01_시즌,겨울,42273,441,108337580,503167,81401,300862.0,350726.0,291417.0,3441064473,21270378591,35897841,221896647,245663,51,1259,350196928,102382700,633565077,2.98,0.06,0,17.6
2023,2023-10-29,겨울_팬츠,01_시즌,겨울,66847,1150,77498137,109600,16679,70658.0,72976.0,69013.0,1114941113,7326431200,19180850,126040000,67390,39,6313,458758199,104840387,691904800,9.44,0.28,0,17.6
2023,2023-10-29,겨울_해비스웨터,01_시즌,겨울,37081,478,44450528,134225,16285,89225.0,91598.0,78464.0,603864085,4977197225,7784230,64159550,92993,31,1966,201028341,32398352,267874871,5.3,0.25,0,17.6
2023,2023-10-29,겨울_해비아우터,01_시즌,겨울,56773,342,55439886,349000,41835,211384.0,207059.0,165155.0,2375098455,19813777000,14307570,119358000,162105,54,981,148882707,38430980,335048046,1.73,0.04,0,17.6
2023,2023-10-29,사계절_가성비 수트셋업,01_시즌,사계절,120246,1631,182418510,199000,33921,107955.0,105636.0,117822.0,4078864566,23928954000,55325151,324569000,111845,44,63103,7447941663,2156141309,12557497000,52.48,1.13,0,17.6
2023,2023-10-29,사계절_니트셋업,01_시즌,사계절,8765,0,0,79900,7430,29672.0,27129.0,37400.0,65123950,700323500,0,0,29672,63,7919,227713482,58838170,632728100,90.35,2.28,0,17.6
2023,2023-10-29,사계절_데님셋업,01_시즌,사계절,26147,44,5185600,130450,16326,86198.0,88804.0,81688.0,426875922,3410876150,718344,5739800,117855,10,10507,743370893,167882030,1376403258,40.18,1.19,0,17.6
2023,2023-10-29,사계절_셋업,01_시즌,사계절,30141,291,17260947,169450,23176,86077.0,90130.0,101888.0,698547816,5107392450,6744216,49309950,59316,65,19902,1432529248,458788185,3372393900,66.03,1.21,0,17.6
2023,2023-10-29,사계절_셋업셔츠,01_시즌,사계절,147470,2701,71870125,69900,7511,30768.0,31413.0,35960.0,1107647170,10308153000,20287211,188799900,26609,62,76613,2632821466,576937573,5355248700,51.95,1.64,0,17.6
2023,2023-11-05,가을_가성비 수트셋업,01_시즌,가을,31018,1040,123362808,214000,38862,120209.0,114675.0,140034.0,1205421516,6637852000,40416480,222560000,118618,45,18999,2691557474,738320730,4065786000,61.25,1.42,0,8.8
2023,2023-11-05,가을_이너,01_시즌,가을,6310,368,9036790,69900,5436,24556.0,20969.0,34667.0,34301160,441069000,2000448,25723200,24556,65,3139,103928033,17063604,219416100,49.75,2.26,0,8.8
2023,2023-11-05,가을_캐주얼셔츠,01_시즌,가을,11824,514,14279345,79900,8264,27852.0,25338.0,46126.0,97713536,944737600,4247696,41068600,27781,65,5000,221808752,41320000,399500000,42.29,1.64,0,8.8
2023,2023-11-05,가을_팬츠,01_시즌,가을,22020,970,37710623,99900,10128,38531.0,34660.0,57327.0,223018560,2199798000,9824160,96903000,38877,61,8509,478189038,86179152,850049100,38.64,1.56,0,8.8
2023,2023-11-05,겨울_가디건,01_시즌,겨울,12968,283,30600837,169000,21078,106352.0,94573.0,106276.0,273339504,2191592000,5965074,47827000,108130,36,2083,256891992,43553436,350647000,16.06,0.7,0,8.8
2023,2023-11-05,겨울_가성비 수트셋업,01_시즌,겨울,49137,1858,282371305,235250,43799,162092.0,158119.0,161431.0,2152151463,11559479250,81378542,437094500,151976,35,12784,1965808294,554076455,2970886000,26.02,0.57,0,8.8
2023,2023-11-05,겨울_고가 수트셋업,01_시즌,겨울,9063,279,51977175,329000,59440,202660.0,197160.0,211706.0,538704720,2981727000,16583760,91791000,186298,43,2005,414426339,118913522,658785000,22.12,0.48,0,8.8
2023,2023-11-05,겨울_기모맨투맨셋업,01_시즌,겨울,47829,1028,46584186,99720,17993,59029.0,57679.0,61869.0,860587197,4769507880,18496804,102512160,45315,55,6915,358100701,124080347,688965040,14.46,0.23,0,8.8
2023,2023-11-05,겨울_스웨터,01_시즌,겨울,53911,1612,91387987,99900,13774,56130.0,52246.0,54340.0,742570114,5385708900,22203688,161038800,56692,43,9861,603815438,135762142,985113900,18.29,0.56,0,8.8
2023,2023-11-05,겨울_아우터,01_시즌,겨울,18940,708,135465720,257333,44004,175460.0,165203.0,167557.0,833435760,4873887020,31154832,182191764,191336,26,5183,995641945,225022353,1332861271,27.37,0.82,0,8.8
2023,2023-11-05,겨울_아우터셔츠,01_시즌,겨울,12686,261,21205900,119300,19806,75142.0,71608.0,71801.0,251258916,1513439800,5169366,31137300,81249,32,1974,157393728,35344700,227777000,15.56,0.43,0,8.8
2023,2023-11-05,겨울_코트,01_시즌,겨울,42273,472,122757313,503167,81401,298016.0,289758.0,291417.0,3441064473,21270378591,38421272,237494824,260079,48,1731,472954241,140803972,871059901,4.09,0.08,0,8.8
2023,2023-11-05,겨울_팬츠,01_시즌,겨울,66847,1428,92205950,109600,16679,70441.0,67607.0,69013.0,1114941113,7326431200,23817612,156508800,64570,41,7741,550964149,128657999,848413600,11.58,0.33,0,8.8
2023,2023-11-05,겨울_해비스웨터,01_시즌,겨울,37081,537,45177716,134225,16291,83085.0,78008.0,78464.0,604086571,4977197225,8748267,72078825,84130,37,2503,246206057,41146619,339953696,6.75,0.3,0,8.8
2023,2023-11-05,겨울_해비아우터,01_시즌,겨울,62151,374,38746394,349000,41814,215478.0,173702.0,165155.0,2598781914,21690699000,15638436,130526000,103600,70,1355,187629101,54069416,465574046,2.18,0.04,0,8.8
2023,2023-11-05,사계절_가성비 수트셋업,01_시즌,사계절,120246,2210,246650967,199000,33921,116464.0,113972.0,117822.0,4078864566,23928954000,74965410,439790000,111607,44,65313,7694592630,2231106719,12997287000,54.32,1.17,0,8.8
2023,2023-11-05,사계절_니트셋업,01_시즌,사계절,8765,10,329900,79900,7430,32990.0,29866.0,37400.0,65123950,700323500,74300,799000,32990,59,7929,228043382,58912470,633527100,90.46,2.28,0,8.8
2023,2023-11-05,사계절_데님셋업,01_시즌,사계절,26147,138,9858066,130450,16326,90934.0,87782.0,81688.0,426875922,3410876150,2252988,18002100,71435,45,10645,753228959,170135018,1394405358,40.71,1.21,0,8.8
2023,2023-11-05,사계절_셋업,01_시즌,사계절,30141,344,21320950,169450,23176,82808.0,93624.0,101888.0,698547816,5107392450,7972544,58290800,61980,63,20246,1453850198,466760729,3430684700,67.17,1.22,0,8.8
2023,2023-11-05,사계절_셋업셔츠,01_시즌,사계절,147470,3023,80209162,69900,7511,29744.0,33156.0,35960.0,1107647170,10308153000,22705753,211307700,26533,62,79636,2713030628,599643326,5566556400,54.0,1.69,0,8.8
2023,2023-11-12,가을_가성비 수트셋업,01_시즌,가을,31018,638,75500848,214000,38862,119099.0,114675.0,140034.0,1205421516,6637852000,24793956,136532000,118340,45,19637,2767058322,763114686,4202318000,63.31,1.45,0,3.4
2023,2023-11-12,가을_이너,01_시즌,가을,6310,321,5287445,69900,5436,16472.0,20969.0,34667.0,34301160,441069000,1744956,22437900,16472,76,3460,109215478,18808560,241854000,54.83,2.35,0,3.4
2023,2023-11-12,가을_캐주얼셔츠,01_시즌,가을,11824,462,11872539,79900,8264,25504.0,25338.0,46126.0,97713536,944737600,3817968,36913800,25698,68,5462,233681291,45137968,436413800,46.19,1.71,0,3.4
2023,2023-11-12,가을_팬츠,01_시즌,가을,22020,838,27428838,99900,10128,32162.0,34660.0,57327.0,223018560,2199798000,8487264,83716200,32731,67,9347,505617876,94666416,933765300,42.45,1.64,0,3.4
2023,2023-11-12,겨울_가디건,01_시즌,겨울,12968,323,31867350,169000,21078,97562.0,94573.0,106276.0,273339504,2191592000,6808194,54587000,98661,42,2406,288759342,50361630,405234000,18.55,0.78,0,3.4
2023,2023-11-12,겨울_가성비 수트셋업,01_시즌,겨울,49137,2115,313967320,235250,43799,156481.0,158119.0,161431.0,2152151463,11559479250,92634885,497553750,148448,37,14899,2279775614,646711340,3468439750,30.32,0.66,0,3.4
2023,2023-11-12,겨울_고가 수트셋업,01_시즌,겨울,9063,306,54869760,329000,59440,197474.0,197160.0,211706.0,538704720,2981727000,18188640,100674000,179313,45,2311,469296099,137102162,759459000,25.5,0.54,0,3.4
2023,2023-11-12,겨울_기모맨투맨셋업,01_시즌,겨울,47829,1048,46830440,99720,17993,56798.0,57679.0,61869.0,860587197,4769507880,18856664,104506560,44686,55,7963,404931141,142937011,793471600,16.65,0.26,0,3.4
2023,2023-11-12,겨울_스웨터,01_시즌,겨울,53911,1376,74836969,99900,13774,54308.0,52246.0,54340.0,742570114,5385708900,18953024,137462400,54387,46,11237,678652407,154715166,1122576300,20.84,0.62,0,3.4
2023,2023-11-12,겨울_아우터,01_시즌,겨울,18940,554,110436369,257333,44004,172170.0,165203.0,167557.0,833435760,4873887020,24378216,142562482,199344,23,5737,1106078314,249400569,1475423753,30.29,0.91,0,3.4
2023,2023-11-12,겨울_아우터셔츠,01_시즌,겨울,12686,201,16268900,119300,19806,73766.0,71608.0,71801.0,251258916,1513439800,3981006,23979300,80940,32,2175,173662628,39325706,251756300,17.14,0.47,0,3.4
2023,2023-11-12,겨울_코트,01_시즌,겨울,42273,1102,284210484,503167,81401,293295.0,289758.0,291417.0,3441064473,21270378591,89703902,554490034,257904,49,2833,757164725,230507874,1425549935,6.7,0.13,0,3.4
2023,2023-11-12,겨울_팬츠,01_시즌,겨울,66847,2336,146150429,109600,16679,69537.0,67607.0,69013.0,1114941113,7326431200,38962144,256025600,62564,43,10077,697114578,167620143,1104439200,15.07,0.42,0,3.4
2023,2023-11-12,겨울_해비스웨터,01_시즌,겨울,37081,973,72697977,134225,16291,80621.0,78008.0,78464.0,604086571,4977197225,15851143,130600925,74715,44,3476,318904034,56997762,470554621,9.37,0.39,0,3.4
2023,2023-11-12,겨울_해비아우터,01_시즌,겨울,62601,1267,172837866,349000,41811,186612.0,173702.0,165155.0,2617410411,21847749000,52974537,442183000,136415,61,2622,360466967,107043953,907757046,4.19,0.08,0,3.4
2023,2023-11-12,사계절_가성비 수트셋업,01_시즌,사계절,120246,1627,184318279,199000,33921,118685.0,113972.0,117822.0,4078864566,23928954000,55189467,323773000,113287,43,66940,7878910909,2286296186,13321060000,55.67,1.2,0,3.4
2023,2023-11-12,사계절_니트셋업,01_시즌,사계절,8765,-129,-3741000,79900,7430,29000.0,29866.0,37400.0,65123950,700323500,-958470,-10307100,29000,64,7800,224302382,57954000,623220000,88.99,2.24,0,3.4
2023,2023-11-12,사계절_데님셋업,01_시즌,사계절,26147,176,12361045,130450,16326,85432.0,87782.0,81688.0,426875922,3410876150,2873376,22959200,70233,46,10821,765590004,173008394,1417364558,41.39,1.23,0,3.4
2023,2023-11-12,사계절_셋업,01_시즌,사계절,30141,189,12252847,169450,23176,100481.0,93624.0,101888.0,698547816,5107392450,4380264,32026050,64830,62,20435,1466103045,471140993,3462710750,67.8,1.23,0,3.4
2023,2023-11-12,사계절_셋업셔츠,01_시즌,사계절,147470,1235,33141523,69900,7511,33184.0,33156.0,35960.0,1107647170,10308153000,9276085,86326500,26835,62,80871,2746172151,608919411,5652882900,54.84,1.7,0,3.4
2023,2023-11-19,가을_가성비 수트셋업,01_시즌,가을,31018,485,57206470,214000,38862,119934.0,114675.0,140034.0,1205421516,6637852000,18848070,103790000,117951,45,20122,2824264792,781962756,4306108000,64.87,1.48,0,5.2
2023,2023-11-19,가을_이너,01_시즌,가을,6310,118,2189300,69900,5436,18553.0,20969.0,34667.0,34301160,441069000,641448,8248200,18553,73,3578,111404778,19450008,250102200,56.7,2.39,0,5.2
2023,2023-11-19,가을_캐주얼셔츠,01_시즌,가을,11824,393,9971893,79900,8264,25458.0,25338.0,46126.0,97713536,944737600,3247752,31400700,25374,68,5855,243653184,48385720,467814500,49.52,1.77,0,5.2
2023,2023-11-19,가을_팬츠,01_시즌,가을,22020,830,27278592,99900,10128,33128.0,34660.0,57327.0,223018560,2199798000,8406240,82917000,32866,67,10177,532896468,103072656,1016682300,46.22,1.71,0,5.2
2023,2023-11-19,겨울_가디건,01_시즌,겨울,12968,200,19352750,169000,21078,94844.0,94573.0,106276.0,273339504,2191592000,4215600,33800000,96764,43,2606,308112092,54577230,439034000,20.1,0.83,0,5.2
2023,2023-11-19,겨울_가성비 수트셋업,01_시즌,겨울,49137,1985,295069190,235250,43799,156672.0,158119.0,161431.0,2152151463,11559479250,86941015,466971250,148649,37,16884,2574844804,733652355,3935411000,34.36,0.75,0,5.2
2023,2023-11-19,겨울_고가 수트셋업,01_시즌,겨울,9063,292,53633040,329000,59440,194926.0,197160.0,211706.0,538704720,2981727000,17356480,96068000,183675,44,2603,522929139,154458642,855527000,28.72,0.6,0,5.2
2023,2023-11-19,겨울_기모맨투맨셋업,01_시즌,겨울,47829,1613,57424695,99720,17993,59068.0,57679.0,61869.0,860587197,4769507880,29022709,160848360,35601,64,9576,462355836,171959720,954319960,20.02,0.29,0,5.2
2023,2023-11-19,겨울_스웨터,01_시즌,겨울,53911,1823,91211666,99900,13774,49923.0,52246.0,54340.0,742570114,5385708900,25110002,182117700,50034,50,13060,769864073,179825168,1304694000,24.23,0.7,0,5.2
2023,2023-11-19,겨울_아우터,01_시즌,겨울,18940,532,99813700,257333,44004,163267.0,165203.0,167557.0,833435760,4873887020,23410128,136901156,187620,27,6269,1205892014,272810697,1612324909,33.1,0.99,0,5.2
2023,2023-11-19,겨울_아우터셔츠,01_시즌,겨울,12686,163,11916750,119300,19806,68419.0,71608.0,71801.0,251258916,1513439800,3228378,19445900,73109,39,2338,185579378,42554084,271202200,18.43,0.5,0,5.2
2023,2023-11-19,겨울_코트,01_시즌,겨울,42273,1755,446514510,503167,81401,294317.0,289758.0,291417.0,3441064473,21270378591,142858755,883058085,254424,49,4588,1203679235,373366629,2308608020,10.85,0.21,0,5.2
2023,2023-11-19,겨울_팬츠,01_시즌,겨울,66847,3051,179304960,109600,16679,68029.0,67607.0,69013.0,1114941113,7326431200,50887629,334389600,58769,46,13128,876419538,218507772,1438828800,19.64,0.52,0,5.2
2023,2023-11-19,겨울_해비스웨터,01_시즌,겨울,37081,1407,97990994,134225,16291,78677.0,78008.0,78464.0,604086571,4977197225,22921437,188854575,69645,48,4883,416895028,79919199,659409196,13.17,0.5,0,5.2
2023,2023-11-19,겨울_해비아우터,01_시즌,겨울,68676,4766,518281800,349000,41807,149044.0,173702.0,165155.0,2871137532,23967924000,199252162,1663334000,108746,69,7388,878748767,306296115,2571091046,10.76,0.17,0,5.2
2023,2023-11-19,사계절_가성비 수트셋업,01_시즌,사계절,120246,1448,161111772,199000,33921,111062.0,113972.0,117822.0,4078864566,23928954000,49117608,288152000,111265,44,68388,8040022681,2335413794,13609212000,56.87,1.22,0,5.2
2023,2023-11-19,사계절_니트셋업,01_시즌,사계절,8765,123,3502000,79900,7430,28472.0,29866.0,37400.0,65123950,700323500,913890,9827700,28472,64,7923,227804382,58867890,633047700,90.39,2.28,0,5.2
2023,2023-11-19,사계절_데님셋업,01_시즌,사계절,26147,31,1180250,130450,16326,87199.0,87782.0,81688.0,426875922,3410876150,506106,4043950,38073,71,10852,766770254,173514500,1421408508,41.5,1.23,0,5.2
2023,2023-11-19,사계절_셋업,01_시즌,사계절,30141,188,9518800,169450,23176,83547.0,93624.0,101888.0,698547816,5107392450,4357088,31856600,50632,70,20623,1475621845,475498081,3494567350,68.42,1.24,0,5.2
2023,2023-11-19,사계절_셋업셔츠,01_시즌,사계절,147470,1666,52375534,69900,7511,33524.0,33156.0,35960.0,1107647170,10308153000,12513326,116453400,31438,55,82537,2798547685,621432737,5769336300,55.97,1.74,0,5.2
2023,2023-11-26,가을_가성비 수트셋업,01_시즌,가을,31018,993,98077060,214000,38862,99457.0,114675.0,140034.0,1205421516,6637852000,38589966,212502000,98768,54,21115,2922341852,820552722,4518610000,68.07,1.52,0,0.7
2023,2023-11-26,가을_이너,01_시즌,가을,6310,51,1239000,69900,5436,24294.0,20969.0,34667.0,34301160,441069000,277236,3564900,24294,65,3629,112643778,19727244,253667100,57.51,2.41,0,0.7
2023,2023-11-26,가을_캐주얼셔츠,01_시즌,가을,11824,394,8923436,79900,8264,22536.0,25338.0,46126.0,97713536,944737600,3256016,31480600,22648,72,6249,252576620,51641736,499295100,52.85,1.82,0,0.7
2023,2023-11-26,가을_팬츠,01_시즌,가을,22020,298,10455348,99900,10128,34821.0,34660.0,57327.0,223018560,2199798000,3018144,29770200,35085,65,10475,543351816,106090800,1046452500,47.57,1.74,0,0.7
2023,2023-11-26,겨울_가디건,01_시즌,겨울,12968,361,28778300,169000,21078,79536.0,94573.0,106276.0,273339504,2191592000,7609158,61009000,79718,53,2967,336890392,62186388,500043000,22.88,0.89,0,0.7
2023,2023-11-26,겨울_가성비 수트셋업,01_시즌,겨울,49137,1629,241306060,235250,43799,157229.0,158119.0,161431.0,2152151463,11559479250,71348571,383222250,148131,37,18513,2816150864,805000926,4318633250,37.68,0.82,0,0.7
2023,2023-11-26,겨울_고가 수트셋업,01_시즌,겨울,9063,246,44021920,329000,59440,193579.0,197160.0,211706.0,538704720,2981727000,14622240,80934000,178951,46,2849,566951059,169080882,936461000,31.44,0.64,0,0.7
2023,2023-11-26,겨울_기모맨투맨셋업,01_시즌,겨울,47829,1463,50905583,99720,17993,55896.0,57679.0,61869.0,860587197,4769507880,26323759,145890360,34795,65,11039,513261419,198283479,1100210320,23.08,0.31,0,0.7
2023,2023-11-26,겨울_스웨터,01_시즌,겨울,53911,1564,76025628,99900,13774,48624.0,52246.0,54340.0,742570114,5385708900,21542536,156243600,48610,51,14624,845889701,201367704,1460937600,27.13,0.76,0,0.7
2023,2023-11-26,겨울_아우터,01_시즌,겨울,18940,435,71692100,257333,44004,149913.0,165203.0,167557.0,833435760,4873887020,19141740,111939855,164809,36,6704,1277584114,291952437,1724264764,35.4,1.04,0,0.7
2023,2023-11-26,겨울_아우터셔츠,01_시즌,겨울,12686,164,11547000,119300,19806,69107.0,71608.0,71801.0,251258916,1513439800,3248184,19565200,70409,41,2502,197126378,45802268,290767400,19.72,0.53,0,0.7
2023,2023-11-26,겨울_코트,01_시즌,겨울,42273,2701,527581540,503167,81401,273405.0,289758.0,291417.0,3441064473,21270378591,219864101,1359054067,195328,61,7289,1731260775,593230730,3667662087,17.24,0.28,0,0.7
2023,2023-11-26,겨울_팬츠,01_시즌,겨울,66847,2932,163739710,109600,16679,62422.0,67607.0,69013.0,1114941113,7326431200,48902828,321347200,55846,49,16060,1040159248,267410600,1760176000,24.03,0.61,0,0.7
2023,2023-11-26,겨울_해비스웨터,01_시즌,겨울,37081,1568,102281800,134225,16291,69649.0,78008.0,78464.0,604086571,4977197225,25544288,210464800,65231,51,6451,519176828,105463487,869873996,17.4,0.61,0,0.7
2023,2023-11-26,겨울_해비아우터,01_시즌,겨울,68676,2784,372231952,349000,41807,143672.0,173702.0,165155.0,2871137532,23967924000,116390688,971616000,133704,62,10172,1250980719,422686803,3542707046,14.81,0.25,0,0.7
2023,2023-11-26,사계절_가성비 수트셋업,01_시즌,사계절,120246,1084,117820594,199000,33921,109676.0,113972.0,117822.0,4078864566,23928954000,36770364,215716000,108691,45,69472,8157843275,2372184158,13824928000,57.77,1.24,0,0.7
2023,2023-11-26,사계절_니트셋업,01_시즌,사계절,8765,100,2900000,79900,7430,29000.0,29866.0,37400.0,65123950,700323500,743000,7990000,29000,64,8023,230704382,59610890,641037700,91.53,2.31,0,0.7
2023,2023-11-26,사계절_데님셋업,01_시즌,사계절,26147,506,23615415,130450,16326,87561.0,87782.0,81688.0,426875922,3410876150,8260956,66007700,46671,64,11358,790385669,181775456,1487416208,43.44,1.26,0,0.7
2023,2023-11-26,사계절_셋업,01_시즌,사계절,30141,110,8079460,169450,23176,107661.0,93624.0,101888.0,698547816,5107392450,2549360,18639500,73450,57,20733,1483701305,478047441,3513206850,68.79,1.25,0,0.7
2023,2023-11-26,사계절_셋업셔츠,01_시즌,사계절,147470,670,21350433,69900,7511,36172.0,33156.0,35960.0,1107647170,10308153000,5032370,46833000,31866,54,83207,2819898118,626465107,5816169300,56.42,1.75,0,0.7
2023,2023-12-03,겨울_가디건,01_시즌,겨울,12968,291,24643527,169000,21078,84414.0,76225.0,106276.0,273339504,2191592000,6133698,49179000,84686,50,3258,361533919,68320086,549222000,25.12,0.95,0,6.8
2023,2023-12-03,겨울_가성비 수트셋업,01_시즌,겨울,49137,1646,245170420,235250,43799,156579.0,156049.0,161431.0,2152151463,11559479250,72093154,387221500,148949,37,20159,3061321284,877094080,4705854750,41.03,0.89,0,6.8
2023,2023-12-03,겨울_고가 수트셋업,01_시즌,겨울,9063,283,50385800,329000,59440,194839.0,195148.0,211706.0,538704720,2981727000,16821520,93107000,178042,46,3132,617336859,185902402,1029568000,34.56,0.7,0,6.8
2023,2023-12-03,겨울_기모맨투맨셋업,01_시즌,겨울,47829,2068,63623859,99720,17993,53272.0,51966.0,61869.0,860587197,4769507880,37209524,206220960,30766,69,13107,576885278,235493003,1306431280,27.4,0.34,0,6.8
2023,2023-12-03,겨울_스웨터,01_시즌,겨울,53911,1483,69049931,99900,13774,46285.0,41813.0,54340.0,742570114,5385708900,20426842,148151700,46561,53,16107,914939632,221794546,1609089300,29.88,0.82,0,6.8
2023,2023-12-03,겨울_아우터,01_시즌,겨울,18940,411,69324890,257333,44004,147631.0,142432.0,167557.0,833435760,4873887020,18085644,105763863,168674,34,7115,1346909004,310038081,1830028627,37.57,1.1,0,6.8
2023,2023-12-03,겨울_아우터셔츠,01_시즌,겨울,12686,166,9792833,119300,19806,61352.0,56875.0,71801.0,251258916,1513439800,3287796,19803800,58993,51,2668,206919211,49090064,310571200,21.03,0.55,0,6.8
2023,2023-12-03,겨울_코트,01_시즌,겨울,42273,2486,470082400,503167,81401,232702.0,234696.0,291417.0,3441064473,21270378591,202362886,1250873162,189092,62,9775,2201343175,795593616,4918535249,23.12,0.35,0,6.8
2023,2023-12-03,겨울_팬츠,01_시즌,겨울,66847,3439,186781222,109600,16685,60657.0,58893.0,69013.0,1115342195,7326431200,57379715,376914400,54313,50,19499,1226940470,324790315,2137090400,29.17,0.71,0,6.8
2023,2023-12-03,겨울_해비스웨터,01_시즌,겨울,37081,1990,127654043,134225,16291,67414.0,65402.0,78464.0,604086571,4977197225,32419090,267107750,64148,52,8441,646830871,137882577,1136981746,22.76,0.75,0,6.8
2023,2023-12-03,겨울_해비아우터,01_시즌,겨울,68676,3373,478178506,349000,41807,135845.0,119511.0,165155.0,2871137532,23967924000,141015011,1177177000,141767,59,13545,1729159225,563701814,4719884046,19.72,0.35,0,6.8
2023,2023-12-03,사계절_가성비 수트셋업,01_시즌,사계절,120246,1805,161789326,199000,33921,107861.0,114587.0,117822.0,4078864566,23928954000,61227405,359195000,89634,55,71277,8319632601,2433411563,14184123000,59.28,1.26,0,6.8
2023,2023-12-03,사계절_니트셋업,01_시즌,사계절,8765,-84,-2436000,79900,7430,29000.0,29079.0,37400.0,65123950,700323500,-624120,-6711600,29000,64,7939,228268382,58986770,634326100,90.58,2.28,0,6.8
2023,2023-12-03,사계절_데님셋업,01_시즌,사계절,26147,11,1479582,130450,16326,71166.0,69254.0,81688.0,426875922,3410876150,179586,1434950,134507,-3,11369,791865251,181955042,1488851158,43.48,1.26,0,6.8
2023,2023-12-03,사계절_셋업,01_시즌,사계절,30141,124,6889300,169450,23176,97060.0,96496.0,101888.0,698547816,5107392450,2873824,21011800,55559,67,20857,1490590605,480921265,3534218650,69.2,1.25,0,6.8
2023,2023-12-03,사계절_셋업셔츠,01_시즌,사계절,147470,1080,32321015,69900,7511,31450.0,35280.0,35960.0,1107647170,10308153000,8111880,75492000,29927,57,84287,2852219133,634576987,5891661300,57.16,1.77,0,6.8
2023,2023-12-10,겨울_가디건,01_시즌,겨울,12968,324,23521650,169000,21078,67788.0,76225.0,106276.0,273339504,2191592000,6829272,54756000,72598,57,3582,385055569,75149358,603978000,27.62,1.01,0,5.8
2023,2023-12-10,겨울_가성비 수트셋업,01_시즌,겨울,49137,1401,206552570,235250,43799,155222.0,156049.0,161431.0,2152151463,11559479250,61362399,329585250,147432,37,21560,3267873854,938456479,5035440000,43.88,0.94,0,5.8
2023,2023-12-10,겨울_고가 수트셋업,01_시즌,겨울,9063,207,37515320,329000,59440,196934.0,195148.0,211706.0,538704720,2981727000,12304080,68103000,181233,45,3339,654852179,198206482,1097671000,36.84,0.74,0,5.8
2023,2023-12-10,겨울_기모맨투맨셋업,01_시즌,겨울,47829,1373,48330197,99720,17993,54854.0,51966.0,61869.0,860587197,4769507880,24704389,136915560,35200,65,14480,625215475,260197392,1443346840,30.27,0.36,0,5.8
2023,2023-12-10,겨울_스웨터,01_시즌,겨울,53911,1947,86835180,99900,13774,43991.0,41813.0,54340.0,742570114,5385708900,26817978,194505300,44599,55,18054,1001774812,248612524,1803594600,33.49,0.89,0,5.8
2023,2023-12-10,겨울_아우터,01_시즌,겨울,18940,468,79326000,257333,44004,151331.0,142432.0,167557.0,833435760,4873887020,20593872,120431844,169500,34,7583,1426235004,330631953,1950460471,40.04,1.16,0,5.8
2023,2023-12-10,겨울_아우터셔츠,01_시즌,겨울,12686,282,13038957,119300,19806,53426.0,56875.0,71801.0,251258916,1513439800,5585292,33642600,46237,61,2950,219958168,54675356,344213800,23.25,0.58,0,5.8
2023,2023-12-10,겨울_코트,01_시즌,겨울,42273,2030,383019200,503167,81401,236332.0,234696.0,291417.0,3441064473,21270378591,165244030,1021429010,188679,63,11805,2584362375,960837646,5939964259,27.93,0.4,0,5.8
2023,2023-12-10,겨울_팬츠,01_시즌,겨울,66847,2536,133905750,109600,16685,61823.0,58893.0,69013.0,1115342195,7326431200,42313160,277945600,52802,52,22035,1360846220,367103475,2415036000,32.96,0.78,0,5.8
2023,2023-12-10,겨울_해비스웨터,01_시즌,겨울,37081,1384,89230307,134225,16291,70131.0,65402.0,78464.0,604086571,4977197225,22546744,185767400,64473,52,9825,736061178,160429321,1322749146,26.5,0.84,0,5.8
2023,2023-12-10,겨울_해비아우터,01_시즌,겨울,68676,2717,306062229,349000,41807,120512.0,119511.0,165155.0,2871137532,23967924000,113589619,948233000,112647,68,16262,2035221454,677291433,5668117046,23.68,0.41,0,5.8
2023,2023-12-10,사계절_가성비 수트셋업,01_시즌,사계절,120246,1863,147984784,199000,33921,106604.0,114587.0,117822.0,4078864566,23928954000,63194823,370737000,79434,60,73140,8467617385,2496606386,14554860000,60.83,1.28,0,5.8
2023,2023-12-10,사계절_니트셋업,01_시즌,사계절,8765,0,0,79900,7430,29000.0,29079.0,37400.0,65123950,700323500,0,0,29000,64,7939,228268382,58986770,634326100,90.58,2.28,0,5.8
2023,2023-12-10,사계절_데님셋업,01_시즌,사계절,26147,4,514300,130450,16326,90246.0,69254.0,81688.0,426875922,3410876150,65304,521800,128575,1,11373,792379551,182020346,1489372958,43.5,1.26,0,5.8
2023,2023-12-10,사계절_셋업,01_시즌,사계절,30141,104,6040900,169450,23176,95000.0,96496.0,101888.0,698547816,5107392450,2410304,17622800,58086,66,20961,1496631505,483331569,3551841450,69.54,1.26,0,5.8
2023,2023-12-10,사계절_셋업셔츠,01_시즌,사계절,147470,642,22596532,69900,7511,37096.0,35280.0,35960.0,1107647170,10308153000,4822062,44875800,35197,50,84929,2874815665,639399049,5936537100,57.59,1.78,0,5.8
2023,2023-12-17,겨울_가디건,01_시즌,겨울,12968,226,19047800,169000,21078,82860.0,76225.0,106276.0,273339504,2191592000,4763628,38194000,84282,50,3808,404103369,79912986,642172000,29.36,1.05,0,-8.4
2023,2023-12-17,겨울_가성비 수트셋업,01_시즌,겨울,49137,1386,205046681,235250,43799,155565.0,156049.0,161431.0,2152151463,11559479250,60705414,326056500,147941,37,22946,3472920535,999161893,5361496500,46.7,1.0,0,-8.4
2023,2023-12-17,겨울_고가 수트셋업,01_시즌,겨울,9063,204,36345800,329000,59440,191081.0,195148.0,211706.0,538704720,2981727000,12125760,67116000,178166,46,3543,691197979,210332242,1164787000,39.09,0.78,0,-8.4
2023,2023-12-17,겨울_기모맨투맨셋업,01_시즌,겨울,47829,632,25798924,99720,17993,55573.0,51966.0,61869.0,860587197,4769507880,11371576,63023040,40821,59,15112,651014399,271568968,1506369880,31.6,0.37,0,-8.4
2023,2023-12-17,겨울_스웨터,01_시즌,겨울,53911,1221,51998579,99900,13774,42962.0,41813.0,54340.0,742570114,5385708900,16818054,121977900,42587,57,19275,1053773391,265430578,1925572500,35.75,0.93,0,-8.4
2023,2023-12-17,겨울_아우터,01_시즌,겨울,18940,378,63686908,257333,44004,145797.0,142432.0,167557.0,833435760,4873887020,16633512,97271874,168484,35,7961,1489921912,347265465,2047732345,42.03,1.21,0,-8.4
2023,2023-12-17,겨울_아우터셔츠,01_시즌,겨울,12686,141,8060487,119300,19806,57722.0,56875.0,71801.0,251258916,1513439800,2792646,16821300,57167,52,3091,228018655,57468002,361035100,24.37,0.6,0,-8.4
2023,2023-12-17,겨울_코트,01_시즌,겨울,42273,2114,399993746,503167,81401,236934.0,234696.0,291417.0,3441064473,21270378591,172081714,1063695038,189212,62,13919,2984356121,1132919360,7003659297,32.93,0.46,0,-8.4
2023,2023-12-17,겨울_팬츠,01_시즌,겨울,66847,2821,149730561,109600,16685,61935.0,58893.0,69013.0,1115342195,7326431200,47068385,309181600,53077,52,24856,1510576781,414171860,2724217600,37.18,0.86,0,-8.4
2023,2023-12-17,겨울_해비스웨터,01_시즌,겨울,37081,1857,109000879,134225,16291,66158.0,65402.0,78464.0,604086571,4977197225,30252387,249255825,58697,56,11682,845062057,190681708,1572004971,31.5,0.96,0,-8.4
2023,2023-12-17,겨울_해비아우터,01_시즌,겨울,68676,2708,350282222,349000,41807,127648.0,119511.0,165155.0,2871137532,23967924000,113213356,945092000,129351,63,18970,2385503676,790504789,6613209046,27.62,0.48,0,-8.4
2023,2023-12-17,사계절_가성비 수트셋업,01_시즌,사계절,120246,1149,123650389,199000,33921,122607.0,114587.0,117822.0,4078864566,23928954000,38975229,228651000,107616,46,74289,8591267774,2535581615,14783511000,61.78,1.29,0,-8.4
2023,2023-12-17,사계절_니트셋업,01_시즌,사계절,8765,-124,-3611610,79900,7430,29126.0,29079.0,37400.0,65123950,700323500,-921320,-9907600,29126,64,7815,224656772,58065450,624418500,89.16,2.24,0,-8.4
2023,2023-12-17,사계절_데님셋업,01_시즌,사계절,26147,-12,-2187981,130450,16326,73418.0,69254.0,81688.0,426875922,3410876150,-195912,-1565400,182332,-40,11361,790191570,181824434,1487807558,43.45,1.26,0,-8.4
2023,2023-12-17,사계절_셋업,01_시즌,사계절,30141,70,4695550,169450,23176,94898.0,96496.0,101888.0,698547816,5107392450,1622320,11861500,67079,60,21031,1501327055,484953889,3563702950,69.78,1.26,0,-8.4
2023,2023-12-17,사계절_셋업셔츠,01_시즌,사계절,147470,501,16391474,69900,7511,37256.0,35280.0,35960.0,1107647170,10308153000,3763011,35019900,32718,53,85430,2891207139,643162060,5971557000,57.93,1.79,0,-8.4
2023,2023-12-24,겨울_가디건,01_시즌,겨울,12968,321,23391723,169000,21078,74639.0,76225.0,106276.0,273339504,2191592000,6766038,54249000,72871,57,4129,427495092,86679024,696421000,31.84,1.1,1,0.5
2023,2023-12-24,겨울_가성비 수트셋업,01_시즌,겨울,49137,1109,162772520,235250,43799,156448.0,156049.0,161431.0,2152151463,11559479250,48573091,260892250,146774,38,24055,3635693055,1047734984,5622388750,48.95,1.05,1,0.5
2023,2023-12-24,겨울_고가 수트셋업,01_시즌,겨울,9063,150,26879420,329000,59440,196734.0,195148.0,211706.0,538704720,2981727000,8916000,49350000,179196,46,3693,718077399,219248242,1214137000,40.75,0.8,1,0.5
2023,2023-12-24,겨울_기모맨투맨셋업,01_시즌,겨울,47829,2147,64059768,99720,17993,48125.0,51966.0,61869.0,860587197,4769507880,38630971,214098840,29837,70,17259,715074167,310199939,1720468720,36.08,0.39,1,0.5
2023,2023-12-24,겨울_스웨터,01_시즌,겨울,53911,1536,56839766,99900,13774,36734.0,41813.0,54340.0,742570114,5385708900,21156864,153446400,37005,63,20811,1110613157,286587442,2079018900,38.6,0.97,1,0.5
2023,2023-12-24,겨울_아우터,01_시즌,겨울,18940,319,52090650,257333,44004,135950.0,142432.0,167557.0,833435760,4873887020,14037276,82089227,163294,37,8280,1542012562,361302741,2129821572,43.72,1.25,1,0.5
2023,2023-12-24,겨울_아우터셔츠,01_시즌,겨울,12686,187,8591351,119300,19806,52969.0,56875.0,71801.0,251258916,1513439800,3703722,22309100,45943,61,3278,236610006,61171724,383344200,25.84,0.61,1,0.5
2023,2023-12-24,겨울_코트,01_시즌,겨울,42273,2058,386281318,503167,81401,236222.0,234696.0,291417.0,3441064473,21270378591,167523258,1035517686,187697,63,15977,3370637439,1300442618,8039176983,37.79,0.51,1,0.5
2023,2023-12-24,겨울_팬츠,01_시즌,겨울,66847,2264,118904868,109600,16685,55954.0,58893.0,69013.0,1115342195,7326431200,37774840,248134400,52520,52,27120,1629481649,451946700,2972352000,40.57,0.92,1,0.5
2023,2023-12-24,겨울_해비스웨터,01_시즌,겨울,37081,2384,129799285,134225,16291,63110.0,65402.0,78464.0,604086571,4977197225,38837744,319992400,54446,59,14066,974861342,229519452,1891997371,37.93,1.09,1,0.5
2023,2023-12-24,겨울_해비아우터,01_시즌,겨울,68676,4408,570985696,349000,41807,109819.0,119511.0,165155.0,2871137532,23967924000,184285256,1538392000,129534,63,23378,2956489372,974790045,8151601046,34.04,0.6,1,0.5
2023,2023-12-24,사계절_가성비 수트셋업,01_시즌,사계절,120246,882,92874587,199000,33921,127876.0,114587.0,117822.0,4078864566,23928954000,29918322,175518000,105300,47,75171,8684142361,2565499937,14959029000,62.51,1.31,1,0.5
2023,2023-12-24,사계절_니트셋업,01_시즌,사계절,8765,133,3883100,79900,7430,29196.0,29079.0,37400.0,65123950,700323500,988190,10626700,29196,63,7948,228539872,59053640,635045200,90.68,2.28,1,0.5
2023,2023-12-24,사계절_데님셋업,01_시즌,사계절,26147,286,17155800,130450,16326,66924.0,69254.0,81688.0,426875922,3410876150,4669236,37308700,59985,54,11647,807347370,186493670,1525116258,44.54,1.28,1,0.5
2023,2023-12-24,사계절_셋업,01_시즌,사계절,30141,93,4834000,169450,23176,99924.0,96496.0,101888.0,698547816,5107392450,2155368,15758850,51978,69,21124,1506161055,487109257,3579461800,70.08,1.26,1,0.5
2023,2023-12-24,사계절_셋업셔츠,01_시즌,사계절,147470,506,17671107,69900,7511,37681.0,35280.0,35960.0,1107647170,10308153000,3800566,35369400,34923,50,85936,2908878246,646962626,6006926400,58.27,1.8,1,0.5
2023,2023-12-31,겨울_가디건,01_시즌,겨울,12968,343,24521559,169000,21078,71422.0,76225.0,106276.0,273339504,2191592000,7229754,57967000,71491,58,4472,452016651,93908778,754388000,34.48,1.16,1,2.5
2023,2023-12-31,겨울_가성비 수트셋업,01_시즌,겨울,49137,1619,239583420,235250,43799,156429.0,156049.0,161431.0,2152151463,11559479250,70910581,380869750,147982,37,25674,3875276475,1118645565,6003258500,52.25,1.12,1,2.5
2023,2023-12-31,겨울_고가 수트셋업,01_시즌,겨울,9063,183,32991300,329000,59440,196151.0,195148.0,211706.0,538704720,2981727000,10877520,60207000,180280,45,3876,751068699,230125762,1274344000,42.77,0.84,1,2.5
2023,2023-12-31,겨울_기모맨투맨셋업,01_시즌,겨울,47829,2213,67578069,99720,17993,48009.0,51966.0,61869.0,860587197,4769507880,39818509,220680360,30537,69,19472,782652236,350018448,1941149080,40.71,0.42,1,2.5
2023,2023-12-31,겨울_스웨터,01_시즌,겨울,53911,1550,60378765,99900,13774,39094.0,41813.0,54340.0,742570114,5385708900,21349700,154845000,38954,61,22361,1170991922,307937142,2233863900,41.48,1.02,1,2.5
2023,2023-12-31,겨울_아우터,01_시즌,겨울,18940,422,67414635,257333,44004,131450.0,142432.0,167557.0,833435760,4873887020,18569688,108594526,159750,38,8702,1609427197,379872429,2238416098,45.95,1.3,1,2.5
2023,2023-12-31,겨울_아우터셔츠,01_시즌,겨울,12686,184,10738617,119300,19806,58904.0,56875.0,71801.0,251258916,1513439800,3644304,21951200,58362,51,3462,247348623,64816028,405295400,27.29,0.64,1,2.5
2023,2023-12-31,겨울_코트,01_시즌,겨울,42273,2644,494059356,503167,81401,231290.0,234696.0,291417.0,3441064473,21270378591,215224244,1330373548,186861,63,18621,3864696795,1515666862,9369550531,44.05,0.58,1,2.5
2023,2023-12-31,겨울_팬츠,01_시즌,겨울,66847,3047,157745313,109600,16685,54094.0,58893.0,69013.0,1115342195,7326431200,50839195,333951200,51771,53,30167,1787226962,502785895,3306303200,45.13,1.01,1,2.5
2023,2023-12-31,겨울_해비스웨터,01_시즌,겨울,37081,2196,115112609,134225,16291,60198.0,65402.0,78464.0,604086571,4977197225,35775036,294758100,52419,61,16262,1089973951,265294488,2186755471,43.86,1.2,1,2.5
2023,2023-12-31,겨울_해비아우터,01_시즌,겨울,68676,4518,510016346,349000,41807,103731.0,119511.0,165155.0,2871137532,23967924000,188884026,1576782000,112885,68,27896,3466505718,1163674071,9728383046,40.62,0.69,1,2.5
2023,2023-12-31,사계절_가성비 수트셋업,01_시즌,사계절,120246,1418,146755305,199000,33921,105692.0,114587.0,117822.0,4078864566,23928954000,48099978,282182000,103495,48,76589,8830897666,2613599915,15241211000,63.69,1.33,1,2.5
2023,2023-12-31,사계절_니트셋업,01_시즌,사계절,8765,-128,-3721100,79900,7430,29071.0,29079.0,37400.0,65123950,700323500,-951040,-10227200,29071,64,7820,224818772,58102600,624818000,89.22,2.25,1,2.5
2023,2023-12-31,사계절_데님셋업,01_시즌,사계절,26147,-76,-5455360,130450,16326,56036.0,69254.0,81688.0,426875922,3410876150,-1240776,-9914200,71781,45,11571,801892010,185252894,1515202058,44.25,1.27,1,2.5
2023,2023-12-31,사계절_셋업,01_시즌,사계절,30141,112,6743050,169450,23176,95596.0,96496.0,101888.0,698547816,5107392450,2595712,18978400,60206,64,21236,1512904105,489704969,3598440200,70.46,1.27,1,2.5
2023,2023-12-31,사계절_셋업셔츠,01_시즌,사계절,147470,1272,39702262,69900,7511,32917.0,35280.0,35960.0,1107647170,10308153000,9553992,88912800,31212,55,87208,2948580508,656516618,6095839200,59.14,1.83,1,2.5
2024,2024-01-07,봄_가디건,01_시즌,봄,1202,0,0,159000,19051,,115303.0,52989.0,22899302,191118000,0,0,115303,27,0,0,0,0,0.0,0.0,0,-1.1
2024,2024-01-07,봄_가성비 수트셋업,01_시즌,봄,25149,301,50684000,214000,38052,170622.0,156656.0,117514.0,956969748,5381886000,11453652,64414000,168385,21,301,50684000,11453652,64414000,1.2,0.04,0,-1.1
2024,2024-01-07,봄_대물량팬츠,01_시즌,봄,13443,56,4405500,99000,10500,78930.0,73920.0,46451.0,141151500,1330857000,588000,5544000,78670,21,56,4405500,588000,5544000,0.42,0.02,0,-1.1
2024,2024-01-07,봄_맨투맨셋업,01_시즌,봄,8906,139,9113100,89000,6766,71098.0,66750.0,39283.0,60257996,792634000,940474,12371000,65562,26,139,9113100,940474,12371000,1.56,0.12,0,-1.1
2024,2024-01-07,봄_스웨터,01_시즌,봄,22480,55,4336200,99000,15571,78985.0,73070.0,44521.0,350036080,2225520000,856405,5445000,78840,20,55,4336200,856405,5445000,0.24,0.01,0,-1.1
2024,2024-01-07,봄_아우터,01_시즌,봄,2722,16,3827200,299000,29549,239200.0,223100.0,121717.0,80432378,813878000,472784,4784000,239200,20,16,3827200,472784,4784000,0.59,0.04,0,-1.1
2024,2024-01-07,사계절_가성비 수트셋업,01_시즌,사계절,29084,12,2006400,199000,32390,159200.0,127126.0,106885.0,942030760,5787716000,388680,2388000,167200,16,12,2006400,388680,2388000,0.04,0.0,0,-1.1
2024,2024-01-07,사계절_셋업셔츠,01_시즌,사계절,48189,1852,49479455,79000,7917,26717.0,36623.0,33114.0,381512313,3806931000,14662284,146308000,26717,66,1852,49479455,14662284,146308000,3.84,0.08,0,-1.1
2024,2024-01-07,여름_가성비 수트셋업,01_시즌,여름,7876,0,0,214000,39400,,157437.0,133580.0,310314400,1685464000,0,0,157437,26,0,0,0,0,0.0,0.0,0,-1.1
2024,2024-01-07,여름_점퍼,01_시즌,여름,13843,0,0,249000,27979,,184094.0,125676.0,387313297,3446907000,0,0,184094,26,0,0,0,0,0.0,0.0,0,-1.1
2024,2024-01-07,여름_캐주얼셔츠,01_시즌,여름,4801,14,884800,79000,8515,63200.0,59162.0,33015.0,40880515,379279000,119210,1106000,63200,20,14,884800,119210,1106000,0.29,0.02,0,-1.1
2024,2024-01-14,봄_가디건,01_시즌,봄,6105,10,1208400,159000,18786,121900.0,115303.0,52989.0,114688530,970695000,187860,1590000,120840,24,10,1208400,187860,1590000,0.16,0.01,0,1.1
2024,2024-01-14,봄_가성비 수트셋업,01_시즌,봄,25149,750,126616220,214000,38052,170583.0,156656.0,117514.0,956969748,5381886000,28539000,160500000,168822,21,1051,177300220,39992652,224914000,4.18,0.13,0,1.1
2024,2024-01-14,봄_대물량팬츠,01_시즌,봄,13443,110,8693880,99000,10500,78843.0,73920.0,46451.0,141151500,1330857000,1155000,10890000,79035,20,166,13099380,1743000,16434000,1.23,0.07,0,1.1
2024,2024-01-14,봄_맨투맨셋업,01_시즌,봄,8906,-60,-3504000,89000,6766,71200.0,66750.0,39283.0,60257996,792634000,-405960,-5340000,58400,34,79,5609100,534514,7031000,0.89,0.08,0,1.1
2024,2024-01-14,봄_스웨터,01_시즌,봄,22480,98,7642800,99000,15571,77694.0,73070.0,44521.0,350036080,2225520000,1525958,9702000,77988,21,153,11979000,2382363,15147000,0.68,0.02,0,1.1
2024,2024-01-14,봄_아우터,01_시즌,봄,5871,9,2152800,299000,36149,239200.0,220353.0,115732.0,212230779,1755429000,325341,2691000,239200,20,25,5980000,798125,7475000,0.43,0.02,0,1.1
2024,2024-01-14,사계절_가성비 수트셋업,01_시즌,사계절,34143,541,62598800,199000,32390,136672.0,127126.0,106885.0,1105891770,6794457000,17522990,107659000,115709,42,553,64605200,17911670,110047000,1.62,0.04,0,1.1
2024,2024-01-14,사계절_셋업셔츠,01_시즌,사계절,48189,1353,50602500,79000,7917,53505.0,36623.0,33114.0,381512313,3806931000,10711701,106887000,37400,53,3205,100081955,25373985,253195000,6.65,0.17,0,1.1
2024,2024-01-14,여름_가성비 수트셋업,01_시즌,여름,12218,0,0,214000,39486,,157437.0,133580.0,482439948,2614652000,0,0,157437,26,0,0,0,0,0.0,0.0,0,1.1
2024,2024-01-14,여름_점퍼,01_시즌,여름,15359,154,30676800,249000,27741,199200.0,184094.0,125676.0,426074019,3824391000,4272114,38346000,199200,20,154,30676800,4272114,38346000,1.0,0.06,0,1.1
2024,2024-01-14,여름_캐주얼셔츠,01_시즌,여름,4801,23,1453600,79000,8515,63200.0,59162.0,33015.0,40880515,379279000,195845,1817000,63200,20,37,2338400,315055,2923000,0.77,0.04,0,1.1
2024,2024-01-21,봄_가디건,01_시즌,봄,6105,41,4642800,159000,18786,113107.0,115303.0,52989.0,114688530,970695000,770226,6519000,113239,29,51,5851200,958086,8109000,0.84,0.04,0,-4.9
2024,2024-01-21,봄_가성비 수트셋업,01_시즌,봄,25149,935,142124540,214000,38052,153274.0,156656.0,117514.0,956969748,5381886000,35578620,200090000,152005,29,1986,319424760,75571272,425004000,7.9,0.22,0,-4.9
2024,2024-01-21,봄_대물량팬츠,01_시즌,봄,19074,141,9810900,99000,10500,69208.0,73920.0,46451.0,200277000,1888326000,1480500,13959000,69581,30,307,22910280,3223500,30393000,1.61,0.09,0,-4.9
2024,2024-01-21,봄_맨투맨셋업,01_시즌,봄,8906,87,5473100,89000,6766,62402.0,66750.0,39283.0,60257996,792634000,588642,7743000,62909,29,166,11082200,1123156,14774000,1.86,0.15,0,-4.9
2024,2024-01-21,봄_스웨터,01_시즌,봄,22480,268,18740700,99000,15571,69717.0,73070.0,44521.0,350036080,2225520000,4173028,26532000,69928,29,421,30719700,6555391,41679000,1.87,0.06,0,-4.9
2024,2024-01-21,봄_아우터,01_시즌,봄,5871,25,5112900,299000,36149,204508.0,220353.0,115732.0,212230779,1755429000,903725,7475000,204516,32,50,11092900,1701850,14950000,0.85,0.04,0,-4.9
2024,2024-01-21,사계절_가성비 수트셋업,01_시즌,사계절,34143,855,97241800,199000,32390,114506.0,127126.0,106885.0,1105891770,6794457000,27693450,170145000,113733,43,1408,161847000,45605120,280192000,4.12,0.09,0,-4.9
2024,2024-01-21,사계절_데님셋업,01_시즌,사계절,1988,7,554400,99000,13968,79200.0,79200.0,49757.0,27768384,196812000,97776,693000,79200,20,7,554400,97776,693000,0.35,0.01,0,-4.9
2024,2024-01-21,사계절_셋업셔츠,01_시즌,사계절,48189,1255,33322200,79000,7917,23704.0,36623.0,33114.0,381512313,3806931000,9935835,99145000,26552,66,4460,133404155,35309820,352340000,9.26,0.23,0,-4.9
2024,2024-01-21,여름_가성비 수트셋업,01_시즌,여름,28914,115,16988700,214000,40013,151234.0,157437.0,133580.0,1156935882,6187596000,4601495,24610000,147728,31,115,16988700,4601495,24610000,0.4,0.01,0,-4.9
2024,2024-01-21,여름_점퍼,01_시즌,여름,18357,239,41657700,249000,30238,176933.0,184094.0,125676.0,555078966,4570893000,7226882,59511000,174300,30,393,72334500,11498996,97857000,2.14,0.1,0,-4.9
2024,2024-01-21,여름_캐주얼셔츠,01_시즌,여름,4801,35,1935500,79000,8515,55300.0,59162.0,33015.0,40880515,379279000,298025,2765000,55300,30,72,4273900,613080,5688000,1.5,0.08,0,-4.9
2024,2024-01-28,봄_가디건,01_시즌,봄,6105,44,4881300,159000,18786,110902.0,115303.0,52989.0,114688530,970695000,826584,6996000,110939,30,95,10732500,1784670,15105000,1.56,0.07,0,2.1
2024,2024-01-28,봄_가성비 수트셋업,01_시즌,봄,25149,1072,152309450,214000,38052,142984.0,156656.0,117514.0,956969748,5381886000,40791744,229408000,142080,34,3058,471734210,116363016,654412000,12.16,0.33,0,2.1
2024,2024-01-28,봄_대물량팬츠,01_시즌,봄,19074,187,12889800,99000,10500,68700.0,73920.0,46451.0,200277000,1888326000,1963500,18513000,68929,30,494,35800080,5187000,48906000,2.59,0.14,0,2.1
2024,2024-01-28,봄_맨투맨셋업,01_시즌,봄,8906,57,3460100,89000,6766,62300.0,66750.0,39283.0,60257996,792634000,385662,5073000,60704,32,223,14542300,1508818,19847000,2.5,0.19,0,2.1
2024,2024-01-28,봄_스웨터,01_시즌,봄,22480,187,12929400,99000,15571,69064.0,73070.0,44521.0,350036080,2225520000,2911777,18513000,69141,30,608,43649100,9467168,60192000,2.7,0.09,0,2.1
2024,2024-01-28,봄_아우터,01_시즌,봄,5873,28,5860400,299000,36149,209300.0,220353.0,115732.0,212303077,1756027000,1012172,8372000,209300,30,78,16953300,2714022,23322000,1.33,0.06,0,2.1
2024,2024-01-28,사계절_가성비 수트셋업,01_시즌,사계절,34143,779,87764800,199000,32390,113276.0,127126.0,106885.0,1105891770,6794457000,25231810,155021000,112663,43,2187,249611800,70836930,435213000,6.41,0.14,0,2.1
2024,2024-01-28,사계절_데님셋업,01_시즌,사계절,16981,85,10364000,139000,17222,111200.0,111200.0,66851.0,292446782,2360359000,1463870,11815000,121929,12,92,10918400,1561646,12508000,0.54,0.03,0,2.1
2024,2024-01-28,사계절_셋업셔츠,01_시즌,사계절,48189,1611,51003900,79000,7917,35962.0,36623.0,33114.0,381512313,3806931000,12754287,127269000,31660,60,6071,184408055,48064107,479609000,12.6,0.31,0,2.1
2024,2024-01-28,여름_가성비 수트셋업,01_시즌,여름,42336,287,45446420,214000,40102,159918.0,157437.0,133580.0,1697758272,9059904000,11509274,61418000,158350,26,402,62435120,16110769,86028000,0.95,0.02,0,2.1
2024,2024-01-28,여름_점퍼,01_시즌,여름,20539,189,32145900,249000,30238,172911.0,184094.0,125676.0,621058282,5114211000,5714982,47061000,170084,32,582,104480400,17213978,144918000,2.83,0.13,0,2.1
2024,2024-01-28,여름_캐주얼셔츠,01_시즌,여름,11637,56,3343900,84000,8772,67074.0,69181.0,37344.0,102079764,977508000,491232,4704000,59712,29,128,7617800,1104312,10392000,1.1,0.06,0,2.1
2024,2024-02-04,봄_가디건,01_시즌,봄,6105,72,5390900,159000,18786,70604.0,67038.0,52989.0,114688530,970695000,1352592,11448000,74874,53,167,16123400,3137262,26553000,2.74,0.1,0,2.2
2024,2024-02-04,봄_가성비 수트셋업,01_시즌,봄,25149,1418,199787570,214000,38052,144532.0,148224.0,117514.0,956969748,5381886000,53957736,303452000,140894,34,4476,671521780,170320752,957864000,17.8,0.46,0,2.2
2024,2024-02-04,봄_대물량팬츠,01_시즌,봄,19074,630,38132700,99000,10500,60316.0,58376.0,46451.0,200277000,1888326000,6615000,62370000,60528,39,1124,73932780,11802000,111276000,5.89,0.28,0,2.2
2024,2024-02-04,봄_맨투맨셋업,01_시즌,봄,8906,181,8638100,89000,6766,50339.0,44822.0,39283.0,60257996,792634000,1224646,16109000,47724,46,404,23180400,2733464,35956000,4.54,0.3,0,2.2
2024,2024-02-04,봄_스웨터,01_시즌,봄,22480,454,27701850,99000,15571,60800.0,54585.0,44521.0,350036080,2225520000,7069234,44946000,61017,38,1062,71350950,16536402,105138000,4.72,0.14,0,2.2
2024,2024-02-04,봄_아우터,01_시즌,봄,5873,100,16453300,299000,36149,164566.0,134676.0,115732.0,212303077,1756027000,3614900,29900000,164533,45,178,33406600,6328922,53222000,3.03,0.11,0,2.2
2024,2024-02-04,사계절_가성비 수트셋업,01_시즌,사계절,34143,917,103994600,199000,32390,114466.0,113752.0,106885.0,1105891770,6794457000,29701630,182483000,113407,43,3104,353606400,100538560,617696000,9.09,0.2,0,2.2
2024,2024-02-04,사계절_데님셋업,01_시즌,사계절,16981,237,19952300,139000,17222,87033.0,84371.0,66851.0,292446782,2360359000,4081614,32943000,84187,39,329,30870700,5643260,45451000,1.94,0.08,0,2.2
2024,2024-02-04,사계절_셋업셔츠,01_시즌,사계절,48189,1665,53288700,79000,7932,35987.0,36357.0,33114.0,382235148,3806931000,13206780,131535000,32005,59,7736,237696755,61270887,611144000,16.05,0.41,0,2.2
2024,2024-02-04,여름_가성비 수트셋업,01_시즌,여름,54621,389,62273860,214000,41335,163134.0,166114.0,136684.0,2257759035,11688894000,16079315,83246000,160087,25,791,124708980,32190084,169274000,1.45,0.04,0,2.2
2024,2024-02-04,여름_디자인팬츠,01_시즌,여름,8519,0,0,129000,11245,,90555.0,75881.0,95796155,1098951000,0,0,90555,30,0,0,0,0,0.0,0.0,0,2.2
2024,2024-02-04,여름_자켓,01_시즌,여름,8358,0,0,299000,37271,,209878.0,173409.0,311511018,2499042000,0,0,209878,30,0,0,0,0,0.0,0.0,0,2.2
2024,2024-02-04,여름_점퍼,01_시즌,여름,20539,328,61306293,249000,30239,185238.0,183656.0,125676.0,621078821,5114211000,9918392,81672000,186909,25,910,165786693,27132370,226590000,4.43,0.2,0,2.2
2024,2024-02-04,여름_캐주얼셔츠,01_시즌,여름,21531,85,5110480,84000,8914,65226.0,60146.0,37344.0,191927334,1808604000,757690,7140000,60123,28,213,12728280,1862002,17532000,0.99,0.05,0,2.2
2024,2024-02-11,봄_가디건,01_시즌,봄,6105,104,7917400,159000,18786,76380.0,67038.0,52989.0,114688530,970695000,1953744,16536000,76129,52,271,24040800,5091006,43089000,4.44,0.15,0,5.3
2024,2024-02-11,봄_가성비 수트셋업,01_시즌,봄,25149,1008,149427960,214000,38052,149627.0,148224.0,117514.0,956969748,5381886000,38356416,215712000,148242,31,5484,820949740,208677168,1173576000,21.81,0.56,0,5.3
2024,2024-02-11,봄_대물량팬츠,01_시즌,봄,19074,424,24617600,99000,10500,56956.0,58376.0,46451.0,200277000,1888326000,4452000,41976000,58060,41,1548,98550380,16254000,153252000,8.12,0.37,0,5.3
2024,2024-02-11,봄_맨투맨셋업,01_시즌,봄,8906,261,11132800,89000,6766,43752.0,44822.0,39283.0,60257996,792634000,1765926,23229000,42654,52,665,34313200,4499390,59185000,7.47,0.44,0,5.3
2024,2024-02-11,봄_스웨터,01_시즌,봄,22480,610,35768100,99000,15571,58597.0,54585.0,44521.0,350036080,2225520000,9498310,60390000,58636,41,1672,107119050,26034712,165528000,7.44,0.2,0,5.3
2024,2024-02-11,봄_아우터,01_시즌,봄,5873,92,14143500,299000,36149,153938.0,134676.0,115732.0,212303077,1756027000,3325708,27508000,153734,49,270,47550100,9654630,80730000,4.6,0.16,0,5.3
2024,2024-02-11,사계절_가성비 수트셋업,01_시즌,사계절,34143,841,94667760,199000,32390,113299.0,113752.0,106885.0,1105891770,6794457000,27239990,167359000,112566,43,3945,448274160,127778550,785055000,11.55,0.25,0,5.3
2024,2024-02-11,사계절_데님셋업,01_시즌,사계절,16981,223,15200800,139000,17222,71387.0,84371.0,66851.0,292446782,2360359000,3840506,30997000,68165,51,552,46071500,9483766,76448000,3.25,0.11,0,5.3
2024,2024-02-11,사계절_셋업셔츠,01_시즌,사계절,132204,1774,57056355,79000,7812,36629.0,36357.0,33114.0,1032777648,10444116000,13858488,140146000,32163,59,9510,294753110,75129375,751290000,7.19,0.19,0,5.3
2024,2024-02-11,여름_가성비 수트셋업,01_시즌,여름,58530,648,104204070,214000,41122,165956.0,166114.0,136684.0,2406870660,12525420000,26647056,138672000,160809,25,1439,228913050,58837140,307946000,2.46,0.06,0,5.3
2024,2024-02-11,여름_고가 수트셋업,01_시즌,여름,10210,45,9165600,264000,44330,207598.0,219934.0,178907.0,452609300,2695440000,1994850,11880000,203680,23,45,9165600,1994850,11880000,0.44,0.01,0,5.3
2024,2024-02-11,여름_디자인팬츠,01_시즌,여름,13370,27,2556780,129000,11379,94758.0,90555.0,75881.0,152137230,1724730000,307233,3483000,94696,27,27,2556780,307233,3483000,0.2,0.01,0,5.3
2024,2024-02-11,여름_자켓,01_시즌,여름,12246,23,5088980,299000,33799,220988.0,209878.0,173409.0,413902554,3661554000,777377,6877000,221260,26,23,5088980,777377,6877000,0.19,0.01,0,5.3
2024,2024-02-11,여름_점퍼,01_시즌,여름,20539,364,63104640,249000,30239,173498.0,183656.0,125676.0,621078821,5114211000,11006996,90636000,173364,30,1274,228891333,38139366,317226000,6.2,0.27,0,5.3
2024,2024-02-11,여름_캐주얼셔츠,01_시즌,여름,24794,122,6968020,84000,9134,58929.0,60146.0,37344.0,226468396,2082696000,1114348,10248000,57115,32,335,19696300,2976350,27780000,1.35,0.07,0,5.3
2024,2024-02-18,봄_가디건,01_시즌,봄,6105,210,13617700,159000,18786,64696.0,67038.0,52989.0,114688530,970695000,3945060,33390000,64846,59,481,37658500,9036066,76479000,7.88,0.22,2,3.6
2024,2024-02-18,봄_가성비 수트셋업,01_시즌,봄,25149,1570,231892030,214000,38052,149638.0,148224.0,117514.0,956969748,5381886000,59741640,335980000,147702,31,7054,1052841770,268418808,1509556000,28.05,0.72,2,3.6
2024,2024-02-18,봄_대물량팬츠,01_시즌,봄,19074,897,52480900,99000,10500,58212.0,58376.0,46451.0,200277000,1888326000,9418500,88803000,58507,41,2445,151031280,25672500,242055000,12.82,0.56,2,3.6
2024,2024-02-18,봄_맨투맨셋업,01_시즌,봄,8906,467,19463300,89000,6766,43745.0,44822.0,39283.0,60257996,792634000,3159722,41563000,41677,53,1132,53776500,7659112,100748000,12.71,0.68,2,3.6
2024,2024-02-18,봄_스웨터,01_시즌,봄,22480,881,45541700,99000,15571,52012.0,54585.0,44521.0,350036080,2225520000,13718051,87219000,51693,48,2553,152660750,39752763,252747000,11.36,0.28,2,3.6
2024,2024-02-18,봄_아우터,01_시즌,봄,5873,782,73225000,299000,36149,114544.0,134676.0,115732.0,212303077,1756027000,28268518,233818000,93638,69,1052,120775100,37923148,314548000,17.91,0.34,2,3.6
2024,2024-02-18,사계절_가성비 수트셋업,01_시즌,사계절,34143,1323,149554660,199000,32390,113890.0,113752.0,106885.0,1105891770,6794457000,42851970,263277000,113042,43,5268,597828820,170630520,1048332000,15.43,0.34,2,3.6
2024,2024-02-18,사계절_데님셋업,01_시즌,사계절,16981,365,27173700,139000,17222,80818.0,84371.0,66851.0,292446782,2360359000,6286030,50735000,74448,46,917,73245200,15769796,127183000,5.4,0.17,2,3.6
2024,2024-02-18,사계절_셋업셔츠,01_시즌,사계절,132204,2868,90911000,79000,7812,36536.0,36357.0,33114.0,1032777648,10444116000,22404816,226572000,31698,60,12378,385664110,97534191,977862000,9.36,0.25,2,3.6
2024,2024-02-18,여름_가성비 수트셋업,01_시즌,여름,58530,1210,199273600,214000,41122,165644.0,166114.0,136684.0,2406870660,12525420000,49757620,258940000,164689,23,2649,428186650,108594760,566886000,4.53,0.12,2,3.6
2024,2024-02-18,여름_고가 수트셋업,01_시즌,여름,10210,90,18192300,264000,44330,209091.0,219934.0,178907.0,452609300,2695440000,3989700,23760000,202137,23,135,27357900,5984550,35640000,1.32,0.04,2,3.6
2024,2024-02-18,여름_디자인팬츠,01_시즌,여름,22107,45,3968040,129000,11379,88080.0,90555.0,75881.0,251555553,2851803000,512055,5805000,88179,32,72,6524820,819288,9288000,0.33,0.02,2,3.6
2024,2024-02-18,여름_반팔티셔츠,01_시즌,여름,10062,0,0,79000,5996,,54839.0,29593.0,60331752,794898000,0,0,54839,31,0,0,0,0,0.0,0.0,2,3.6
2024,2024-02-18,여름_자켓,01_시즌,여름,19039,47,9636770,299000,33799,203229.0,209878.0,173409.0,643499161,5692661000,1588553,14053000,205038,31,70,14725750,2365930,20930000,0.37,0.02,2,3.6
2024,2024-02-18,여름_점퍼,01_시즌,여름,20539,768,132030550,249000,30239,181049.0,183656.0,125676.0,621078821,5114211000,23223552,191232000,171915,31,2042,360921883,61362918,508458000,9.94,0.43,2,3.6
2024,2024-02-18,여름_캐주얼셔츠,01_시즌,여름,24794,264,15093700,84000,9134,58442.0,60146.0,37344.0,226468396,2082696000,2411376,22176000,57173,32,599,34790000,5387726,49956000,2.42,0.12,2,3.6
2024,2024-02-18,여름_팬츠,01_시즌,여름,21083,0,0,99000,10578,,,43278.0,223015974,2087217000,0,0,43278,56,0,0,0,0,0.0,0.0,2,3.6
2024,2024-02-25,봄_가디건,01_시즌,봄,6105,158,8916100,159000,18786,56470.0,67038.0,52989.0,114688530,970695000,2968188,25122000,56431,65,639,46574600,12004254,101601000,10.47,0.26,0,2.6
2024,2024-02-25,봄_가성비 수트셋업,01_시즌,봄,25149,1213,179534100,214000,38052,149101.0,148224.0,117514.0,956969748,5381886000,46157076,259582000,148008,31,8267,1232375870,314575884,1769138000,32.87,0.84,0,2.6
2024,2024-02-25,봄_대물량팬츠,01_시즌,봄,19074,585,33829153,99000,10500,58020.0,58376.0,46451.0,200277000,1888326000,6142500,57915000,57828,42,3030,184860433,31815000,299970000,15.89,0.68,0,2.6
2024,2024-02-25,봄_맨투맨셋업,01_시즌,봄,8906,389,15671000,89000,6766,41452.0,44822.0,39283.0,60257996,792634000,2631974,34621000,40285,55,1521,69447500,10291086,135369000,17.08,0.88,0,2.6
2024,2024-02-25,봄_스웨터,01_시즌,봄,22480,788,36992950,99000,15571,46931.0,54585.0,44521.0,350036080,2225520000,12269948,78012000,46945,53,3341,189653700,52022711,330759000,14.86,0.34,0,2.6
2024,2024-02-25,봄_아우터,01_시즌,봄,5873,490,44700000,299000,36149,105658.0,134676.0,115732.0,212303077,1756027000,17713010,146510000,91224,69,1542,165475100,55636158,461058000,26.26,0.45,0,2.6
2024,2024-02-25,사계절_가성비 수트셋업,01_시즌,사계절,34143,1161,130121600,199000,32390,113351.0,113752.0,106885.0,1105891770,6794457000,37604790,231039000,112077,44,6429,727950420,208235310,1279371000,18.83,0.41,0,2.6
2024,2024-02-25,사계절_데님셋업,01_시즌,사계절,16981,237,21909900,139000,17222,98248.0,84371.0,66851.0,292446782,2360359000,4081614,32943000,92447,33,1154,95155100,19851410,160126000,6.8,0.23,0,2.6
2024,2024-02-25,사계절_셋업셔츠,01_시즌,사계절,132204,2319,73610400,79000,7812,36184.0,36357.0,33114.0,1032777648,10444116000,18116028,183201000,31742,60,14697,459274510,115650219,1161063000,11.12,0.29,0,2.6
2024,2024-02-25,여름_가성비 수트셋업,01_시즌,여름,58530,931,155846720,214000,41122,169236.0,166114.0,136684.0,2406870660,12525420000,38284582,199234000,167397,22,3580,584033370,146879342,766120000,6.12,0.16,0,2.6
2024,2024-02-25,여름_고가 수트셋업,01_시즌,여름,10900,59,11923300,306500,57728,231276.0,219934.0,178907.0,629235200,3340850000,3405952,18083500,202090,34,194,39281200,9390502,53723500,1.78,0.04,0,2.6
2024,2024-02-25,여름_디자인팬츠,01_시즌,여름,22107,90,8114100,129000,11379,90228.0,90555.0,75881.0,251555553,2851803000,1024110,11610000,90157,30,162,14638920,1843398,20898000,0.73,0.05,0,2.6
2024,2024-02-25,여름_반팔스웨터,01_시즌,여름,75283,0,0,92750,13562,,,45376.0,1020988046,6982498250,0,0,45376,51,0,0,0,0,0.0,0.0,0,2.6
2024,2024-02-25,여름_반팔티셔츠,01_시즌,여름,10062,31,1700000,79000,5996,54839.0,54839.0,29593.0,60331752,794898000,185876,2449000,54839,31,31,1700000,185876,2449000,0.31,0.02,0,2.6
2024,2024-02-25,여름_자켓,01_시즌,여름,19039,84,17551300,299000,33799,209119.0,209878.0,173409.0,643499161,5692661000,2839116,25116000,208944,30,154,32277050,5205046,46046000,0.81,0.04,0,2.6
2024,2024-02-25,여름_점퍼,01_시즌,여름,20539,412,71075170,249000,30239,181620.0,183656.0,125676.0,621078821,5114211000,12458468,102588000,172513,31,2454,431997053,73821386,611046000,11.95,0.51,0,2.6
2024,2024-02-25,여름_캐주얼셔츠,01_시즌,여름,40498,241,13775300,84000,9033,58800.0,60146.0,37344.0,365818434,3401832000,2176953,20244000,57159,32,840,48565300,7564679,70200000,2.07,0.1,0,2.6
2024,2024-02-25,여름_팬츠,01_시즌,여름,21083,0,0,99000,10578,,,43278.0,223015974,2087217000,0,0,43278,56,0,0,0,0,0.0,0.0,0,2.6
2024,2024-03-03,봄_가디건,01_시즌,봄,6105,793,25937380,159000,18786,32516.0,35438.0,52989.0,114688530,970695000,14897298,126087000,32708,79,1432,72511980,26901552,227688000,23.46,0.34,0,4.5
2024,2024-03-03,봄_가성비 수트셋업,01_시즌,봄,25149,1277,184219416,214000,38052,145897.0,137811.0,117514.0,956969748,5381886000,48592404,273278000,144260,33,9544,1416595286,363168288,2042416000,37.95,0.97,0,4.5
2024,2024-03-03,봄_대물량팬츠,01_시즌,봄,19074,2936,97932100,99000,10500,32938.0,37651.0,46451.0,200277000,1888326000,30828000,290664000,33356,66,5966,282792533,62643000,590634000,31.28,0.97,0,4.5
2024,2024-03-03,봄_맨투맨셋업,01_시즌,봄,8906,788,25763936,89000,6766,32745.0,30105.0,39283.0,60257996,792634000,5331608,70132000,32695,63,2309,95211436,15622694,205501000,25.93,1.18,0,4.5
2024,2024-03-03,봄_스웨터,01_시즌,봄,22480,2262,76063140,99000,15571,33486.0,34135.0,44521.0,350036080,2225520000,35221602,223938000,33626,66,5603,265716840,87244313,554697000,24.92,0.44,0,4.5
2024,2024-03-03,봄_아우터,01_시즌,봄,5873,580,52774435,299000,36149,105540.0,84632.0,115732.0,212303077,1756027000,20966420,173420000,90990,70,2122,218249535,76602578,634478000,36.13,0.57,0,4.5
2024,2024-03-03,사계절_가성비 수트셋업,01_시즌,사계절,34143,1267,143603800,199000,32390,114112.0,114225.0,106885.0,1105891770,6794457000,41038130,252133000,113342,43,7696,871554220,249273440,1531504000,22.54,0.49,0,4.5
2024,2024-03-03,사계절_데님셋업,01_시즌,사계절,16981,487,36268800,139000,17222,78586.0,63202.0,66851.0,292446782,2360359000,8387114,67693000,74474,46,1641,131423900,28238524,227819000,9.66,0.31,0,4.5
2024,2024-03-03,사계절_셋업셔츠,01_시즌,사계절,132204,2797,91574716,79000,7812,36471.0,36527.0,33114.0,1032777648,10444116000,21850164,220963000,32740,59,17494,550849226,137500383,1382026000,13.23,0.35,0,4.5
2024,2024-03-03,여름_가성비 수트셋업,01_시즌,여름,58530,1438,240440400,214000,41122,169601.0,166262.0,136684.0,2406870660,12525420000,59133436,307732000,167205,22,5018,824473770,206012778,1073852000,8.57,0.23,0,4.5
2024,2024-03-03,여름_고가 수트셋업,01_시즌,여름,10900,88,18897000,306500,58114,242878.0,233642.0,178907.0,633442600,3340850000,5114032,26972000,214739,30,282,58178200,14504534,80695500,2.59,0.06,0,4.5
2024,2024-03-03,여름_디자인팬츠,01_시즌,여름,22107,240,21672000,129000,11461,90300.0,86319.0,75881.0,253368327,2851803000,2750640,30960000,90300,30,402,36310920,4594038,51858000,1.82,0.11,0,4.5
2024,2024-03-03,여름_반팔스웨터,01_시즌,여름,75283,230,14539400,92750,13562,64361.0,62816.0,45376.0,1020988046,6982498250,3119260,21332500,63215,32,230,14539400,3119260,21332500,0.31,0.01,0,4.5
2024,2024-03-03,여름_반팔티셔츠,01_시즌,여름,10062,133,7285600,79000,5996,54779.0,51090.0,29593.0,60331752,794898000,797468,10507000,54779,31,164,8985600,983344,12956000,1.63,0.12,0,4.5
2024,2024-03-03,여름_자켓,01_시즌,여름,19039,186,38908870,299000,33799,209248.0,208589.0,173409.0,643499161,5692661000,6286614,55614000,209187,30,340,71185920,11491660,101660000,1.79,0.08,0,4.5
2024,2024-03-03,여름_점퍼,01_시즌,여름,20539,611,106322363,249000,30239,180777.0,148479.0,125676.0,621078821,5114211000,18476029,152139000,174014,30,3065,538319416,92297415,763185000,14.92,0.64,0,4.5
2024,2024-03-03,여름_캐주얼셔츠,01_시즌,여름,40498,333,18891600,84000,9165,58581.0,52150.0,37344.0,371164170,3401832000,3051945,27972000,56732,32,1173,67456900,10616624,98172000,2.9,0.14,0,4.5
2024,2024-03-03,여름_팬츠,01_시즌,여름,25534,213,14730000,99000,11025,69206.0,66054.0,43278.0,281512350,2527866000,2348325,21087000,69155,30,213,14730000,2348325,21087000,0.83,0.04,0,4.5
2024,2024-03-10,봄_가디건,01_시즌,봄,6105,383,14031500,159000,18786,36715.0,35438.0,52989.0,114688530,970695000,7195038,60897000,36636,77,1815,86543480,34096590,288585000,29.73,0.39,0,7.4
2024,2024-03-10,봄_가성비 수트셋업,01_시즌,봄,25149,1033,141884410,214000,38052,141449.0,137811.0,117514.0,956969748,5381886000,39307716,221062000,137352,36,10577,1558479696,402476004,2263478000,42.06,1.06,0,7.4
2024,2024-03-10,봄_대물량팬츠,01_시즌,봄,19074,941,38383800,99000,10500,41044.0,37651.0,46451.0,200277000,1888326000,9880500,93159000,40790,59,6907,321176333,72523500,683793000,36.21,1.1,0,7.4
2024,2024-03-10,봄_맨투맨셋업,01_시즌,봄,8906,644,19652050,89000,6766,30563.0,30105.0,39283.0,60257996,792634000,4357304,57316000,30516,66,2953,114863486,19979998,262817000,33.16,1.4,0,7.4
2024,2024-03-10,봄_스웨터,01_시즌,봄,22480,1378,47324450,99000,15571,33588.0,34135.0,44521.0,350036080,2225520000,21456838,136422000,34343,65,6981,313041290,108701151,691119000,31.05,0.5,0,7.4
2024,2024-03-10,봄_아우터,01_시즌,봄,5873,544,43807400,299000,36149,80487.0,84632.0,115732.0,212303077,1756027000,19665056,162656000,80528,73,2666,262056935,96267634,797134000,45.39,0.67,0,7.4
2024,2024-03-10,사계절_가성비 수트셋업,01_시즌,사계절,34143,970,109413180,199000,32390,113681.0,114225.0,106885.0,1105891770,6794457000,31418300,193030000,112797,43,8666,980967400,280691740,1724534000,25.38,0.55,0,7.4
2024,2024-03-10,사계절_데님셋업,01_시즌,사계절,16981,602,34160100,139000,17222,59660.0,63202.0,66851.0,292446782,2360359000,10367644,83678000,56744,59,2243,165584000,38606168,311497000,13.21,0.38,0,7.4
2024,2024-03-10,사계절_셋업셔츠,01_시즌,사계절,156781,2277,73783150,79000,7559,36408.0,36527.0,33114.0,1185107579,12385699000,17211843,179883000,32404,59,19771,624632376,154712226,1561909000,12.61,0.35,0,7.4
2024,2024-03-10,여름_가성비 수트셋업,01_시즌,여름,58530,1160,194193020,214000,41122,169928.0,166262.0,136684.0,2406870660,12525420000,47701520,248240000,167408,22,6178,1018666790,253714298,1322092000,10.56,0.28,0,7.4
2024,2024-03-10,여름_고가 수트셋업,01_시즌,여름,10900,105,22984800,306500,58114,242926.0,233642.0,178907.0,633442600,3340850000,6101970,32182500,218903,29,387,81163000,20606504,112878000,3.55,0.08,0,7.4
2024,2024-03-10,여름_디자인팬츠,01_시즌,여름,24224,81,7180200,129000,13020,88551.0,86319.0,75881.0,315396480,3124896000,1054620,10449000,88644,31,483,43491120,5648658,62307000,1.99,0.11,0,7.4
2024,2024-03-10,여름_반팔스웨터,01_시즌,여름,87512,377,23826600,106500,13816,64811.0,69467.0,49163.0,1209065792,9320028000,5208632,40150500,63201,41,607,38366000,8327892,61483000,0.69,0.02,0,7.4
2024,2024-03-10,여름_반팔티셔츠,01_시즌,여름,61834,161,8825570,79000,5836,54830.0,51090.0,29593.0,360863224,4884886000,939596,12719000,54817,31,325,17811170,1922940,25675000,0.53,0.04,0,7.4
2024,2024-03-10,여름_자켓,01_시즌,여름,27422,194,42133100,311857,40036,216261.0,208589.0,173409.0,1097867192,8551742654,7766984,60500258,217181,30,534,113319020,19258644,162160258,1.95,0.08,0,7.4
2024,2024-03-10,여름_점퍼,01_시즌,여름,20539,465,80551273,249000,30239,180310.0,148479.0,125676.0,621078821,5114211000,14061135,115785000,173229,30,3530,618870689,106358550,878970000,17.19,0.73,0,7.4
2024,2024-03-10,여름_캐주얼셔츠,01_시즌,여름,62081,454,21719050,82334,9236,53998.0,52150.0,37344.0,573380116,5111377054,4193144,37379636,47839,42,1627,89175950,14809768,135551636,2.62,0.12,0,7.4
2024,2024-03-10,여름_팬츠,01_시즌,여름,40549,230,15919200,99000,11879,69266.0,66054.0,43278.0,481681571,4014351000,2732170,22770000,69214,30,443,30649200,5080495,43857000,1.09,0.05,0,7.4
2024,2024-03-17,봄_가디건,01_시즌,봄,6105,694,26011850,159000,18786,37501.0,35438.0,52989.0,114688530,970695000,13037484,110346000,37481,76,2509,112555330,47134074,398931000,41.1,0.48,0,7.9
2024,2024-03-17,봄_가성비 수트셋업,01_시즌,봄,25149,1017,135305500,214000,38052,139234.0,137811.0,117514.0,956969748,5381886000,38698884,217638000,133044,38,11594,1693785196,441174888,2481116000,46.1,1.15,0,7.9
2024,2024-03-17,봄_대물량팬츠,01_시즌,봄,19074,1465,55763070,99000,10500,38698.0,37651.0,46451.0,200277000,1888326000,15382500,145035000,38064,62,8372,376939403,87906000,828828000,43.89,1.27,0,7.9
2024,2024-03-17,봄_맨투맨셋업,01_시즌,봄,8906,748,22010200,89000,6766,29424.0,30105.0,39283.0,60257996,792634000,5060968,66572000,29425,67,3701,136873686,25040966,329389000,41.56,1.65,0,7.9
2024,2024-03-17,봄_스웨터,01_시즌,봄,22480,1740,59426450,99000,15571,33972.0,34135.0,44521.0,350036080,2225520000,27093540,172260000,34153,66,8721,372467740,135794691,863379000,38.79,0.58,0,7.9
2024,2024-03-17,봄_아우터,01_시즌,봄,5873,583,46019300,299000,36149,78928.0,84632.0,115732.0,212303077,1756027000,21074867,174317000,78935,74,3249,308076235,117342501,971451000,55.32,0.77,0,7.9
2024,2024-03-17,사계절_가성비 수트셋업,01_시즌,사계절,34143,1071,120460000,199000,32390,113933.0,114225.0,106885.0,1105891770,6794457000,34689690,213129000,112474,43,9737,1101427400,315381430,1937663000,28.52,0.62,0,7.9
2024,2024-03-17,사계절_데님셋업,01_시즌,사계절,16981,697,39533400,139000,17222,58718.0,63202.0,66851.0,292446782,2360359000,12003734,96883000,56719,59,2940,205117400,50609902,408380000,17.31,0.46,0,7.9
2024,2024-03-17,사계절_셋업셔츠,01_시즌,사계절,156781,2577,83385900,79000,7559,36593.0,36527.0,33114.0,1185107579,12385699000,19479543,203583000,32358,59,22348,708018276,174191769,1765492000,14.25,0.4,0,7.9
2024,2024-03-17,여름_가성비 수트셋업,01_시즌,여름,58530,1401,235822520,214000,41122,170128.0,166262.0,136684.0,2406870660,12525420000,57611922,299814000,168324,21,7579,1254489310,311326220,1621906000,12.95,0.34,0,7.9
2024,2024-03-17,여름_고가 수트셋업,01_시즌,여름,12149,94,19966800,315000,59526,230356.0,233642.0,178907.0,723181374,3826935000,5595444,29610000,212413,33,481,101129800,26201948,142488000,3.96,0.09,0,7.9
2024,2024-03-17,여름_디자인반팔티셔츠,01_시즌,여름,4070,0,0,99000,11126,,58550.0,34841.0,45282820,402930000,0,0,58550,41,0,0,0,0,0.0,0.0,0,7.9
2024,2024-03-17,여름_디자인팬츠,01_시즌,여름,26824,240,21406800,129000,16301,89037.0,86319.0,64394.0,437258024,3460296000,3912240,30960000,89195,31,723,64897920,9560898,93267000,2.7,0.11,0,7.9
2024,2024-03-17,여름_반팔스웨터,01_시즌,여름,87512,561,35588200,106500,13816,74463.0,69467.0,49163.0,1209065792,9320028000,7750776,59746500,63437,40,1168,73954200,16078668,121229500,1.33,0.04,0,7.9
2024,2024-03-17,여름_반팔티셔츠,01_시즌,여름,103157,257,14297170,79000,7382,55596.0,51090.0,29593.0,761504974,8149403000,1897174,20303000,55631,30,582,32108340,3820114,45978000,0.56,0.03,0,7.9
2024,2024-03-17,여름_자켓,01_시즌,여름,27445,354,77137670,311857,40036,218768.0,208589.0,173409.0,1098788020,8558915365,14172744,110397378,217903,30,888,190456690,33431388,272557636,3.24,0.13,0,7.9
2024,2024-03-17,여름_점퍼,01_시즌,여름,20539,1135,153346205,249000,30239,140802.0,148479.0,125676.0,621078821,5114211000,34321265,282615000,135107,46,4665,772216894,140679815,1161585000,22.71,0.9,0,7.9
2024,2024-03-17,여름_캐주얼셔츠,01_시즌,여름,62081,594,27625080,82334,9236,51860.0,52150.0,37344.0,573380116,5111377054,5486184,48906396,46507,44,2221,116801030,20295952,184458032,3.58,0.15,0,7.9
2024,2024-03-17,여름_팬츠,01_시즌,여름,46305,415,28388800,99000,11879,68757.0,66054.0,43278.0,550057095,4584195000,4929785,41085000,68407,31,858,59038000,10010280,84942000,1.85,0.08,0,7.9
2024,2024-03-24,봄_가디건,01_시즌,봄,6105,717,25715050,159000,18786,35839.0,35438.0,52989.0,114688530,970695000,13469562,114003000,35865,77,3226,138270380,60603636,512934000,52.84,0.57,0,10.2
2024,2024-03-24,봄_가성비 수트셋업,01_시즌,봄,25149,1458,141009890,214000,38052,130636.0,137811.0,117514.0,956969748,5381886000,55479816,312012000,96715,55,13052,1834795086,496654704,2793128000,51.9,1.22,0,10.2
2024,2024-03-24,봄_대물량팬츠,01_시즌,봄,19074,947,36906425,99000,10500,38826.0,37651.0,46451.0,200277000,1888326000,9943500,93753000,38972,61,9319,413845828,97849500,922581000,48.86,1.39,0,10.2
2024,2024-03-24,봄_맨투맨셋업,01_시즌,봄,8906,680,19432850,89000,6766,28718.0,30105.0,39283.0,60257996,792634000,4600880,60520000,28578,68,4381,156306536,29641846,389909000,49.19,1.87,0,10.2
2024,2024-03-24,봄_스웨터,01_시즌,봄,22480,1226,43583850,99000,15571,35551.0,34135.0,44521.0,350036080,2225520000,19090046,121374000,35550,64,9947,416051590,154884737,984753000,44.25,0.64,0,10.2
2024,2024-03-24,봄_아우터,01_시즌,봄,5873,711,56351400,299000,36149,79272.0,84632.0,115732.0,212303077,1756027000,25701939,212589000,79257,73,3960,364427635,143044440,1184040000,67.43,0.89,0,10.2
2024,2024-03-24,사계절_가성비 수트셋업,01_시즌,사계절,34143,1015,114650850,199000,32390,113579.0,114225.0,106885.0,1105891770,6794457000,32875850,201985000,112957,43,10752,1216078250,348257280,2139648000,31.49,0.68,0,10.2
2024,2024-03-24,사계절_데님셋업,01_시즌,사계절,16981,775,43719350,139000,17222,59991.0,63202.0,66851.0,292446782,2360359000,13347050,107725000,56412,59,3715,248836750,63956952,516105000,21.88,0.55,0,10.2
2024,2024-03-24,사계절_셋업셔츠,01_시즌,사계절,156781,2591,85316802,79000,7559,36574.0,36527.0,33114.0,1185107579,12385699000,19585369,204689000,32928,58,24939,793335078,193777138,1970181000,15.91,0.45,0,10.2
2024,2024-03-24,여름_가성비 수트셋업,01_시즌,여름,58530,1385,232044460,214000,41122,169052.0,166262.0,136684.0,2406870660,12525420000,56953970,296390000,167541,22,8964,1486533770,368280190,1918296000,15.32,0.41,0,10.2
2024,2024-03-24,여름_고가 수트셋업,01_시즌,여름,12149,125,26377400,315000,59526,233973.0,233642.0,178907.0,723181374,3826935000,7440750,39375000,211019,33,606,127507200,33642698,181863000,4.99,0.11,0,10.2
2024,2024-03-24,여름_디자인반팔티셔츠,01_시즌,여름,17195,0,0,99000,9696,,58550.0,37130.0,166722720,1702305000,0,0,58550,41,0,0,0,0,0.0,0.0,0,10.2
2024,2024-03-24,여름_디자인팬츠,01_시즌,여름,26824,333,29910200,129000,16301,89921.0,86319.0,64394.0,437258024,3460296000,5428233,42957000,89820,30,1056,94808120,14989131,136224000,3.94,0.16,0,10.2
2024,2024-03-24,여름_반팔스웨터,01_시즌,여름,87512,1026,66771320,106500,13816,72195.0,69467.0,49163.0,1209065792,9320028000,14175216,109269000,65079,39,2194,140725520,30253884,230498500,2.51,0.08,0,10.2
2024,2024-03-24,여름_반팔티셔츠,01_시즌,여름,120409,450,24257600,79000,7776,53855.0,48993.0,31427.0,936300384,9512311000,3499200,35550000,53906,32,1032,56365940,7319314,81528000,0.86,0.05,0,10.2
2024,2024-03-24,여름_자켓,01_시즌,여름,27445,526,113917540,311857,40036,216684.0,208589.0,173409.0,1098788020,8558915365,21058936,164036782,216573,31,1414,304374230,54490324,436594418,5.15,0.2,0,10.2
2024,2024-03-24,여름_점퍼,01_시즌,여름,20539,1678,176753583,249000,30239,121518.0,148479.0,125676.0,621078821,5114211000,50741042,417822000,105336,58,6343,948970477,191420857,1579407000,30.88,1.08,0,10.2
2024,2024-03-24,여름_캐주얼셔츠,01_시즌,여름,62081,796,36675719,82334,9236,51423.0,52150.0,37344.0,573380116,5111377054,7351856,65537864,46075,44,3017,153476749,27647808,249995896,4.86,0.2,0,10.2
2024,2024-03-24,여름_팬츠,01_시즌,여름,50252,560,37355710,99000,11736,67183.0,66054.0,43278.0,589757472,4974948000,6572160,55440000,66707,33,1418,96393710,16582440,140382000,2.82,0.12,0,10.2
2024,2024-03-31,봄_가디건,01_시즌,봄,6105,464,15997122,159000,18786,34619.0,35438.0,52989.0,114688530,970695000,8716704,73776000,34477,78,3690,154267502,69320340,586710000,60.44,0.62,0,13.9
2024,2024-03-31,봄_가성비 수트셋업,01_시즌,봄,25149,943,89842569,214000,38052,131838.0,137811.0,117514.0,956969748,5381886000,35883036,201802000,95273,55,13995,1924637655,532537740,2994930000,55.65,1.27,0,13.9
2024,2024-03-31,봄_대물량팬츠,01_시즌,봄,19074,1637,60873737,99000,10500,36748.0,37651.0,46451.0,200277000,1888326000,17188500,162063000,37186,62,10956,474719565,115038000,1084644000,57.44,1.58,0,13.9
2024,2024-03-31,봄_맨투맨셋업,01_시즌,봄,8906,464,13502720,89000,6766,29076.0,30105.0,39283.0,60257996,792634000,3139424,41296000,29101,67,4845,169809256,32781270,431205000,54.4,2.02,0,13.9
2024,2024-03-31,봄_스웨터,01_시즌,봄,22480,1369,46004040,99000,15571,34077.0,34135.0,44521.0,350036080,2225520000,21316699,135531000,33604,66,11316,462055630,176201436,1120284000,50.34,0.7,0,13.9
2024,2024-03-31,봄_아우터,01_시즌,봄,5873,481,37968364,299000,36149,78931.0,84632.0,115732.0,212303077,1756027000,17387669,143819000,78936,74,4441,402395999,160432109,1327859000,75.62,0.97,0,13.9
2024,2024-03-31,사계절_가성비 수트셋업,01_시즌,사계절,34143,1128,129825612,199000,32390,115821.0,114225.0,106885.0,1105891770,6794457000,36535920,224472000,115094,42,11880,1345903862,384793200,2364120000,34.79,0.76,0,13.9
2024,2024-03-31,사계절_데님셋업,01_시즌,사계절,16981,868,47366400,139000,17222,59058.0,63202.0,66851.0,292446782,2360359000,14948696,120652000,54570,61,4583,296203150,78905648,636757000,26.99,0.65,0,13.9
2024,2024-03-31,사계절_셋업셔츠,01_시즌,사계절,156781,2378,78132650,79000,7559,36553.0,36527.0,33114.0,1185107579,12385699000,17975302,187862000,32856,58,27317,871467728,211752440,2158043000,17.42,0.49,0,13.9
2024,2024-03-31,여름_가성비 수트셋업,01_시즌,여름,58530,2065,310616114,214000,41122,152598.0,166262.0,136684.0,2406870660,12525420000,84916930,441910000,150419,30,11029,1797149884,453197120,2360206000,18.84,0.49,0,13.9
2024,2024-03-31,여름_고가 수트셋업,01_시즌,여름,12149,229,45057800,315000,59526,220534.0,233642.0,178907.0,723181374,3826935000,13631454,72135000,196759,38,835,172565000,47274152,253998000,6.87,0.15,0,13.9
2024,2024-03-31,여름_디자인반팔티셔츠,01_시즌,여름,24883,70,4098600,99000,9952,58550.0,58550.0,37130.0,247635616,2463417000,696640,6930000,58551,41,70,4098600,696640,6930000,0.28,0.01,0,13.9
2024,2024-03-31,여름_디자인팬츠,01_시즌,여름,26824,505,36875550,129000,16301,76020.0,86319.0,64394.0,437258024,3460296000,8232005,65145000,73021,43,1561,131683670,23221136,201369000,5.82,0.22,0,13.9
2024,2024-03-31,여름_반팔스웨터,01_시즌,여름,87512,1732,95424503,106500,13816,62357.0,69467.0,49163.0,1209065792,9320028000,23929312,184458000,55095,48,3926,236150023,54183196,414956500,4.49,0.13,0,13.9
2024,2024-03-31,여름_반팔티셔츠,01_시즌,여름,120653,1013,46375950,79000,7776,46396.0,48993.0,31427.0,938197728,9531587000,7877088,80027000,45781,42,2045,102741890,15196402,161555000,1.69,0.08,0,13.9
2024,2024-03-31,여름_자켓,01_시즌,여름,27445,748,136656850,311857,40036,186007.0,208589.0,173409.0,1098788020,8558915365,29946928,233269036,182696,41,2162,441031080,84437252,669863454,7.88,0.29,0,13.9
2024,2024-03-31,여름_점퍼,01_시즌,여름,20539,1591,163034254,249000,30239,118987.0,148479.0,125676.0,621078821,5114211000,48110249,396159000,102473,59,7934,1112004731,239531106,1975566000,38.63,1.24,0,13.9
2024,2024-03-31,여름_캐주얼셔츠,01_시즌,여름,62081,1070,44342303,82334,9236,44890.0,52150.0,37344.0,573380116,5111377054,9882520,88097380,41441,50,4087,197819052,37530328,338093276,6.58,0.25,0,13.9
2024,2024-03-31,여름_팬츠,01_시즌,여름,58730,936,54921820,99000,11957,58526.0,66054.0,43278.0,702234610,5814270000,11191752,92664000,58677,41,2354,151315530,27774192,233046000,4.01,0.16,0,13.9
2024,2024-04-07,봄_가디건,01_시즌,봄,6105,435,14702997,159000,18786,33944.0,33474.0,52989.0,114688530,970695000,8171910,69165000,33800,79,4125,168970499,77492250,655875000,67.57,0.66,0,16.0
2024,2024-04-07,봄_가성비 수트셋업,01_시즌,봄,25149,765,73754200,214000,38052,131080.0,78104.0,117514.0,956969748,5381886000,29109780,163710000,96411,55,14760,1998391855,561647520,3158640000,58.69,1.31,0,16.0
2024,2024-04-07,봄_대물량팬츠,01_시즌,봄,19074,659,22016344,99000,10500,33448.0,34411.0,46451.0,200277000,1888326000,6919500,65241000,33409,66,11615,496735909,121957500,1149885000,60.89,1.65,0,16.0
2024,2024-04-07,봄_맨투맨셋업,01_시즌,봄,8906,700,20504400,89000,6766,29422.0,24934.0,39283.0,60257996,792634000,4736200,62300000,29292,67,5545,190313656,37517470,493505000,62.26,2.25,0,16.0
2024,2024-04-07,봄_스웨터,01_시즌,봄,22480,626,21982350,99000,15571,35359.0,34469.0,44521.0,350036080,2225520000,9747446,61974000,35116,65,11942,484037980,185948882,1182258000,53.12,0.73,0,16.0
2024,2024-04-07,봄_아우터,01_시즌,봄,5873,-84,-6636000,299000,36149,78784.0,78930.0,115732.0,212303077,1756027000,-3036516,-25116000,79000,74,4357,395759999,157395593,1302743000,74.19,0.95,0,16.0
2024,2024-04-07,사계절_가성비 수트셋업,01_시즌,사계절,34143,958,106690854,199000,32390,112701.0,113363.0,106885.0,1105891770,6794457000,31029620,190642000,111368,44,12838,1452594716,415822820,2554762000,37.6,0.82,0,16.0
2024,2024-04-07,사계절_데님셋업,01_시즌,사계절,16981,902,46864750,139000,17222,58666.0,59316.0,66851.0,292446782,2360359000,15534244,125378000,51956,63,5485,343067900,94439892,762135000,32.3,0.74,0,16.0
2024,2024-04-07,사계절_셋업셔츠,01_시즌,사계절,156781,2613,86101100,79000,7559,36369.0,36459.0,33114.0,1185107579,12385699000,19751667,206427000,32951,58,29930,957568828,231504107,2364470000,19.09,0.54,0,16.0
2024,2024-04-07,여름_가성비 수트셋업,01_시즌,여름,58530,2044,299403070,214000,41122,148971.0,134240.0,136684.0,2406870660,12525420000,84053368,437416000,146479,32,13073,2096552954,537250488,2797622000,22.34,0.57,0,16.0
2024,2024-04-07,여름_고가 수트셋업,01_시즌,여름,12149,225,42056900,315000,59526,216058.0,193686.0,178907.0,723181374,3826935000,13393350,70875000,186920,41,1060,214621900,60667502,324873000,8.72,0.19,0,16.0
2024,2024-04-07,여름_디자인반팔티셔츠,01_시즌,여름,24883,278,15791700,99000,9960,57478.0,52905.0,37130.0,247834680,2463417000,2768880,27522000,56805,43,348,19890300,3465520,34452000,1.4,0.06,0,16.0
2024,2024-04-07,여름_디자인팬츠,01_시즌,여름,26824,673,47939900,129000,16301,74940.0,71396.0,64394.0,437258024,3460296000,10970573,86817000,71233,45,2234,179623570,34191709,288186000,8.33,0.3,0,16.0
2024,2024-04-07,여름_반바지,01_시즌,여름,9442,0,0,79000,12582,,50502.0,35855.0,118799244,745918000,0,0,50502,36,0,0,0,0,0.0,0.0,0,16.0
2024,2024-04-07,여름_반팔스웨터,01_시즌,여름,87512,2623,139487650,106500,13816,59201.0,56888.0,49163.0,1209065792,9320028000,36239368,279349500,53179,50,6549,375637673,90422564,694306000,7.48,0.21,0,16.0
2024,2024-04-07,여름_반팔티셔츠,01_시즌,여름,120653,1815,78808960,79000,8098,43747.0,40866.0,31427.0,977047994,9531587000,14697870,143385000,43421,45,3860,181550850,29894272,304940000,3.2,0.14,0,16.0
2024,2024-04-07,여름_자켓,01_시즌,여름,27445,945,167096760,311857,40036,178850.0,180961.0,173409.0,1098788020,8558915365,37834020,294704865,176822,43,3107,608127840,122271272,964568319,11.32,0.39,0,16.0
2024,2024-04-07,여름_점퍼,01_시즌,여름,20539,1863,185732251,249000,30239,113913.0,124487.0,125676.0,621078821,5114211000,56335257,463887000,99695,60,9797,1297736982,295866363,2439453000,47.7,1.42,0,16.0
2024,2024-04-07,여름_캐주얼셔츠,01_시즌,여름,62081,1581,59344825,82334,9236,43930.0,39888.0,37344.0,573380116,5111377054,14602116,130170054,37536,54,5668,257163877,52132444,468263330,9.13,0.32,0,16.0
2024,2024-04-07,여름_팬츠,01_시즌,여름,60346,1422,81546740,99000,11741,56281.0,51678.0,43278.0,708522386,5974254000,16695702,140778000,57347,42,3776,232862270,44469894,373824000,6.26,0.24,0,16.0
2024,2024-04-14,봄_가디건,01_시즌,봄,6105,340,11225765,159000,18786,33102.0,33474.0,52989.0,114688530,970695000,6387240,54060000,33017,79,4465,180196264,83879490,709935000,73.14,0.7,0,16.4
2024,2024-04-14,봄_가성비 수트셋업,01_시즌,봄,25149,1570,96887600,214000,38052,64062.0,78104.0,117514.0,956969748,5381886000,59741640,335980000,61712,71,16330,2095279455,621389160,3494620000,64.93,1.34,0,16.4
2024,2024-04-14,봄_대물량팬츠,01_시즌,봄,19074,739,23834128,99000,10500,32285.0,34411.0,46451.0,200277000,1888326000,7759500,73161000,32252,67,12354,520570037,129717000,1223046000,64.77,1.72,0,16.4
2024,2024-04-14,봄_맨투맨셋업,01_시즌,봄,8906,357,7884590,89000,6766,19952.0,24934.0,39283.0,60257996,792634000,2415462,31773000,22086,75,5902,198198246,39932932,525278000,66.27,2.33,0,16.4
2024,2024-04-14,봄_스웨터,01_시즌,봄,22480,395,10948940,99000,15571,29094.0,34469.0,44521.0,350036080,2225520000,6150545,39105000,27719,72,12337,494986920,192099427,1221363000,54.88,0.74,0,16.4
2024,2024-04-14,봄_아우터,01_시즌,봄,5873,26,2014000,299000,36149,79750.0,78930.0,115732.0,212303077,1756027000,939874,7774000,77462,74,4383,397773999,158335467,1310517000,74.63,0.96,0,16.4
2024,2024-04-14,사계절_가성비 수트셋업,01_시즌,사계절,34143,1147,128450750,199000,32390,113062.0,113363.0,106885.0,1105891770,6794457000,37151330,228253000,111988,44,13985,1581045466,452974150,2783015000,40.96,0.89,0,16.4
2024,2024-04-14,사계절_데님셋업,01_시즌,사계절,16981,868,43866120,139000,17222,57210.0,59316.0,66851.0,292446782,2360359000,14948696,120652000,50537,64,6353,386934020,109388588,882787000,37.41,0.83,0,16.4
2024,2024-04-14,사계절_셋업셔츠,01_시즌,사계절,156781,3058,102799350,79000,7559,36599.0,36459.0,33114.0,1185107579,12385699000,23115422,241582000,33617,57,32988,1060368178,254619529,2606052000,21.04,0.6,0,16.4
2024,2024-04-14,여름_가성비 수트셋업,01_시즌,여름,58530,2717,352617440,214000,41122,132554.0,134240.0,136684.0,2406870660,12525420000,111728474,581438000,129782,39,15790,2449170394,648978962,3379060000,26.98,0.66,0,16.4
2024,2024-04-14,여름_고가 수트셋업,01_시즌,여름,12149,372,62685700,315000,59526,187514.0,193686.0,178907.0,723181374,3826935000,22143672,117180000,168510,47,1432,277307600,82811174,442053000,11.79,0.23,0,16.4
2024,2024-04-14,여름_디자인반팔티셔츠,01_시즌,여름,24883,430,24500160,99000,9960,57147.0,52905.0,37130.0,247834680,2463417000,4282800,42570000,56977,42,778,44390460,7748320,77022000,3.13,0.13,0,16.4
2024,2024-04-14,여름_디자인팬츠,01_시즌,여름,26824,994,72331900,129000,16301,73690.0,71396.0,64394.0,437258024,3460296000,16203194,128226000,72769,44,3228,251955470,50394903,416412000,12.03,0.41,0,16.4
2024,2024-04-14,여름_반바지,01_시즌,여름,9442,22,1034900,79000,12582,47071.0,50502.0,35855.0,118799244,745918000,276804,1738000,47041,40,22,1034900,276804,1738000,0.23,0.01,0,16.4
2024,2024-04-14,여름_반팔스웨터,01_시즌,여름,87512,3434,183375610,106500,13816,60134.0,56888.0,49163.0,1209065792,9320028000,47444144,365721000,53400,50,9983,559013283,137866708,1060027000,11.41,0.31,0,16.4
2024,2024-04-14,여름_반팔티셔츠,01_시즌,여름,120653,2617,111301120,79000,8098,43198.0,40866.0,31427.0,977047994,9531587000,21192466,206743000,42530,46,6477,292851970,51086738,511683000,5.37,0.22,0,16.4
2024,2024-04-14,여름_자켓,01_시즌,여름,27445,1211,216546260,311857,40036,179797.0,180961.0,173409.0,1098788020,8558915365,48483596,377658827,178816,43,4318,824674100,170754868,1342227146,15.73,0.53,0,16.4
2024,2024-04-14,여름_점퍼,01_시즌,여름,20539,1173,127372833,249000,30239,144460.0,124487.0,125676.0,621078821,5114211000,35470347,292077000,108587,56,10970,1425109815,331336710,2731530000,53.41,1.55,0,16.4
2024,2024-04-14,여름_캐주얼셔츠,01_시즌,여름,62081,1672,66271207,82334,9236,42841.0,39888.0,37344.0,573380116,5111377054,15442592,137662448,39636,52,7340,323435084,67575036,605925778,11.82,0.39,0,16.4
2024,2024-04-14,여름_팬츠,01_시즌,여름,69707,1893,106931540,99000,11742,55496.0,51678.0,43278.0,818499594,6900993000,22227606,187407000,56488,43,5669,339793810,66697500,561231000,8.13,0.3,0,16.4
2024,2024-04-21,봄_가디건,01_시즌,봄,6105,246,8121631,159000,18786,33296.0,33474.0,52989.0,114688530,970695000,4621356,39114000,33015,79,4711,188317895,88500846,749049000,77.17,0.72,0,16.7
2024,2024-04-21,봄_가성비 수트셋업,01_시즌,봄,25149,898,49874745,214000,38052,57266.0,78104.0,117514.0,956969748,5381886000,34170696,192172000,55540,74,17228,2145154200,655559856,3686792000,68.5,1.35,0,16.7
2024,2024-04-21,봄_대물량팬츠,01_시즌,봄,19074,407,13051448,99000,10500,32901.0,34411.0,46451.0,200277000,1888326000,4273500,40293000,32067,68,12761,533621485,133990500,1263339000,66.9,1.75,0,16.7
2024,2024-04-21,봄_맨투맨셋업,01_시즌,봄,8906,127,3176410,89000,6766,25902.0,24934.0,39283.0,60257996,792634000,859282,11303000,25011,72,6029,201374656,40792214,536581000,67.7,2.36,0,16.7
2024,2024-04-21,봄_스웨터,01_시즌,봄,22480,153,5199440,99000,15571,44215.0,34469.0,44521.0,350036080,2225520000,2382363,15147000,33983,66,12490,500186360,194481790,1236510000,55.56,0.74,0,16.7
2024,2024-04-21,봄_아우터,01_시즌,봄,5873,33,2485000,299000,36149,76740.0,78930.0,115732.0,212303077,1756027000,1192917,9867000,75303,75,4416,400258999,159528384,1320384000,75.19,0.96,0,16.7
2024,2024-04-21,사계절_가성비 수트셋업,01_시즌,사계절,34143,1002,112563350,199000,32390,113468.0,113363.0,106885.0,1105891770,6794457000,32454780,199398000,112339,44,14987,1693608816,485428930,2982413000,43.89,0.95,0,16.7
2024,2024-04-21,사계절_데님셋업,01_시즌,사계절,16981,561,29655450,139000,17222,61650.0,59316.0,66851.0,292446782,2360359000,9661542,77979000,52862,62,6914,416589470,119050130,960766000,40.72,0.89,0,16.7
2024,2024-04-21,사계절_셋업셔츠,01_시즌,사계절,156781,2950,101140105,79000,7559,36506.0,36459.0,33114.0,1185107579,12385699000,22299050,233050000,34285,57,35938,1161508283,276918579,2839102000,22.92,0.66,0,16.7
2024,2024-04-21,여름_가성비 수트셋업,01_시즌,여름,58530,2593,324969480,214000,41122,127446.0,134240.0,136684.0,2406870660,12525420000,106629346,554902000,125326,41,18383,2774139874,755608308,3933962000,31.41,0.73,0,16.7
2024,2024-04-21,여름_고가 수트셋업,01_시즌,여름,12149,327,52897720,315000,59526,186070.0,193686.0,178907.0,723181374,3826935000,19465002,103005000,161767,49,1759,330205320,102276176,545058000,14.48,0.27,0,16.7
2024,2024-04-21,여름_디자인반팔티셔츠,01_시즌,여름,24883,662,33265200,99000,9960,50160.0,52905.0,37130.0,247834680,2463417000,6593520,65538000,50250,49,1440,77655660,14341840,142560000,5.79,0.23,0,16.7
2024,2024-04-21,여름_디자인팬츠,01_시즌,여름,26824,833,60945104,129000,16301,68876.0,71396.0,64394.0,437258024,3460296000,13578733,107457000,73163,43,4061,312900574,63973636,523869000,15.14,0.5,0,16.7
2024,2024-04-21,여름_반바지,01_시즌,여름,13286,60,2890900,79000,11126,49836.0,50502.0,32862.0,147820036,1049594000,667560,4740000,48182,39,82,3925800,944364,6478000,0.62,0.02,0,16.7
2024,2024-04-21,여름_반팔스웨터,01_시즌,여름,87512,3625,183428846,106500,13816,55067.0,56888.0,49163.0,1209065792,9320028000,50083000,386062500,50601,52,13608,742442129,187949708,1446089500,15.55,0.4,0,16.7
2024,2024-04-21,여름_반팔티셔츠,01_시즌,여름,120653,3073,120288350,79000,8098,39148.0,40866.0,31427.0,977047994,9531587000,24885154,242767000,39144,50,9550,413140320,75971892,754450000,7.92,0.31,0,16.7
2024,2024-04-21,여름_자켓,01_시즌,여름,27445,1056,190193522,311857,40036,182446.0,180961.0,173409.0,1098788020,8558915365,42278016,329320992,180108,42,5374,1014867622,213032884,1671548138,19.58,0.65,0,16.7
2024,2024-04-21,여름_점퍼,01_시즌,여름,20539,761,77059914,249000,30239,119571.0,124487.0,125676.0,621078821,5114211000,23011879,189489000,101261,59,11731,1502169729,354348589,2921019000,57.12,1.63,0,16.7
2024,2024-04-21,여름_캐주얼셔츠,01_시즌,여름,62081,1510,54145122,82334,9236,37196.0,39888.0,37344.0,573380116,5111377054,13946360,124324340,35858,56,8850,377580206,81521396,730250118,14.26,0.46,0,16.7
2024,2024-04-21,여름_팬츠,01_시즌,여름,79704,2091,102530400,99000,11742,49335.0,51678.0,43278.0,935884368,7890696000,24552522,207009000,49034,50,7760,442324210,91250022,768240000,9.74,0.33,0,16.7
2024,2024-04-28,봄_가디건,01_시즌,봄,6105,117,3914143,159000,18786,33553.0,33474.0,52989.0,114688530,970695000,2197962,18603000,33454,79,4828,192232038,90698808,767652000,79.08,0.73,0,19.7
2024,2024-04-28,봄_가성비 수트셋업,01_시즌,봄,25149,887,51044200,214000,38052,60009.0,78104.0,117514.0,956969748,5381886000,33752124,189818000,57547,73,18115,2196198400,689311980,3876610000,72.03,1.37,0,19.7
2024,2024-04-28,봄_대물량팬츠,01_시즌,봄,19074,270,9767418,99000,10500,39011.0,34411.0,46451.0,200277000,1888326000,2835000,26730000,36176,63,13031,543388903,136825500,1290069000,68.32,1.78,0,19.7
2024,2024-04-28,봄_맨투맨셋업,01_시즌,봄,8906,150,3782279,89000,6766,24460.0,24934.0,39283.0,60257996,792634000,1014900,13350000,25215,72,6179,205156935,41807114,549931000,69.38,2.4,0,19.7
2024,2024-04-28,봄_스웨터,01_시즌,봄,22480,188,5137102,99000,15571,29206.0,34469.0,44521.0,350036080,2225520000,2927348,18612000,27325,72,12678,505323462,197409138,1255122000,56.4,0.75,0,19.7
2024,2024-04-28,봄_아우터,01_시즌,봄,5873,59,4802828,299000,36149,80447.0,78930.0,115732.0,212303077,1756027000,2132791,17641000,81404,73,4475,405061827,161661175,1338025000,76.2,0.97,0,19.7
2024,2024-04-28,사계절_가성비 수트셋업,01_시즌,사계절,34143,893,101021500,199000,32390,114221.0,113363.0,106885.0,1105891770,6794457000,28924270,177707000,113126,43,15880,1794630316,514353200,3160120000,46.51,1.01,0,19.7
2024,2024-04-28,사계절_데님셋업,01_시즌,사계절,16981,619,31110858,139000,17222,59739.0,59316.0,66851.0,292446782,2360359000,10660418,86041000,50260,64,7533,447700328,129710548,1046807000,44.36,0.95,0,19.7
2024,2024-04-28,사계절_셋업셔츠,01_시즌,사계절,156781,2465,83124200,79000,7559,36363.0,36459.0,33114.0,1185107579,12385699000,18632935,194735000,33722,57,38403,1244632483,295551514,3033837000,24.49,0.71,0,19.7
2024,2024-04-28,여름_가성비 수트셋업,01_시즌,여름,58530,1941,242363785,214000,41122,127992.0,134240.0,136684.0,2406870660,12525420000,79817802,415374000,124865,42,20324,3016503659,835426110,4349336000,34.72,0.79,0,19.7
2024,2024-04-28,여름_고가 수트셋업,01_시즌,여름,12149,308,50777900,315000,59526,182959.0,193686.0,178907.0,723181374,3826935000,18334008,97020000,164863,48,2067,380983220,120610184,642078000,17.01,0.31,0,19.7
2024,2024-04-28,여름_디자인반팔티셔츠,01_시즌,여름,24883,537,25168650,99000,9960,46836.0,52905.0,37130.0,247834680,2463417000,5348520,53163000,46869,53,1977,102824310,19690360,195723000,7.95,0.3,0,19.7
2024,2024-04-28,여름_디자인팬츠,01_시즌,여름,26824,961,72995540,129000,16301,68077.0,71396.0,64394.0,437258024,3460296000,15665261,123969000,75958,41,5022,385896114,79638897,647838000,18.72,0.62,0,19.7
2024,2024-04-28,여름_반바지,01_시즌,여름,15969,54,2693900,79000,11126,51010.0,50502.0,32862.0,177671094,1261551000,600804,4266000,49887,37,136,6619700,1545168,10744000,0.85,0.03,0,19.7
2024,2024-04-28,여름_반팔스웨터,01_시즌,여름,87512,3829,185124217,106500,13816,53148.0,56888.0,49163.0,1209065792,9320028000,52901464,407788500,48348,55,17437,927566346,240851172,1853878000,19.93,0.5,0,19.7
2024,2024-04-28,여름_반팔티셔츠,01_시즌,여름,120653,3263,119591810,79000,8098,37372.0,40866.0,31427.0,977047994,9531587000,26423774,257777000,36651,54,12813,532732130,102395666,1012227000,10.62,0.39,0,19.7
2024,2024-04-28,여름_자켓,01_시즌,여름,27445,1058,191635800,311857,40036,182751.0,180961.0,173409.0,1098788020,8558915365,42358088,329944706,181130,42,6432,1206503422,255390972,2001492844,23.44,0.77,0,19.7
2024,2024-04-28,여름_점퍼,01_시즌,여름,20539,559,52052896,249000,30239,112675.0,124487.0,125676.0,621078821,5114211000,16903601,139191000,93118,63,12290,1554222625,371252190,3060210000,59.84,1.68,0,19.7
2024,2024-04-28,여름_캐주얼셔츠,01_시즌,여름,62081,1747,63120404,82334,9236,36976.0,39888.0,37344.0,573380116,5111377054,16135292,143837498,36131,56,10597,440700610,97656688,874087616,17.07,0.53,0,19.7
2024,2024-04-28,여름_팬츠,01_시즌,여름,79704,2930,137269809,99000,11742,46804.0,51678.0,43278.0,935884368,7890696000,34404060,290070000,46850,53,10690,579594019,125654082,1058310000,13.41,0.43,0,19.7
2024,2024-05-05,봄_가디건,01_시즌,봄,6105,84,3226454,159000,18786,38558.0,33661.0,52989.0,114688530,970695000,1578024,13356000,38410,76,4912,195458492,92276832,781008000,80.46,0.74,0,15.8
2024,2024-05-05,봄_가성비 수트셋업,01_시즌,봄,25149,1133,62297025,214000,38052,56930.0,68743.0,117514.0,956969748,5381886000,43112916,242462000,54984,74,19248,2258495425,732424896,4119072000,76.54,1.38,0,15.8
2024,2024-05-05,봄_대물량팬츠,01_시즌,봄,19074,968,27627716,99000,10500,29701.0,30095.0,46451.0,200277000,1888326000,10164000,95832000,28541,71,13999,571016619,146989500,1385901000,73.39,1.86,0,15.8
2024,2024-05-05,봄_맨투맨셋업,01_시즌,봄,8906,40,1402560,89000,6766,29923.0,32096.0,39283.0,60257996,792634000,270640,3560000,35064,61,6219,206559495,42077754,553491000,69.83,2.42,0,15.8
2024,2024-05-05,봄_스웨터,01_시즌,봄,22480,90,3434030,99000,15571,39405.0,32563.0,44521.0,350036080,2225520000,1401390,8910000,38156,61,12768,508757492,198810528,1264032000,56.8,0.75,0,15.8
2024,2024-05-05,봄_아우터,01_시즌,봄,5873,104,8306000,299000,36149,95617.0,81328.0,115732.0,212303077,1756027000,3759496,31096000,79865,73,4579,413367827,165420671,1369121000,77.97,0.99,0,15.8
2024,2024-05-05,사계절_가성비 수트셋업,01_시즌,사계절,34143,1053,118383542,199000,32390,113616.0,113958.0,106885.0,1105891770,6794457000,34106670,209547000,112425,44,16933,1913013858,548459870,3369667000,49.59,1.08,0,15.8
2024,2024-05-05,사계절_데님셋업,01_시즌,사계절,16981,405,20842129,139000,17222,63848.0,62960.0,66851.0,292446782,2360359000,6974910,56295000,51462,63,7938,468542457,136685458,1103102000,46.75,0.99,0,15.8
2024,2024-05-05,사계절_셋업셔츠,01_시즌,사계절,156781,2993,103552900,79000,7559,36991.0,36648.0,33114.0,1185107579,12385699000,22624087,236447000,34598,56,41396,1348185383,318175601,3270284000,26.4,0.77,0,15.8
2024,2024-05-05,여름_가성비 수트셋업,01_시즌,여름,58530,2475,311424330,214000,41122,127891.0,141218.0,136684.0,2406870660,12525420000,101776950,529650000,125828,41,22799,3327927989,937203060,4878986000,38.95,0.87,0,15.8
2024,2024-05-05,여름_고가 수트셋업,01_시즌,여름,12149,412,67603800,315000,59526,186702.0,187902.0,178907.0,723181374,3826935000,24524712,129780000,164087,48,2479,448587020,145134896,771858000,20.4,0.36,0,15.8
2024,2024-05-05,여름_디자인반팔티셔츠,01_시즌,여름,24883,769,36003000,99000,9960,47194.0,44251.0,37130.0,247834680,2463417000,7659240,76131000,46818,53,2746,138827310,27349600,271854000,11.04,0.4,0,15.8
2024,2024-05-05,여름_디자인팬츠,01_시즌,여름,26824,1127,85192820,129000,16301,66876.0,66823.0,64394.0,437258024,3460296000,18371227,145383000,75593,41,6149,471088934,98010124,793221000,22.92,0.76,0,15.8
2024,2024-05-05,여름_반바지,01_시즌,여름,22178,88,4259800,79000,11003,50818.0,44619.0,32862.0,244024534,1752062000,968264,6952000,48407,39,224,10879500,2513432,17696000,1.01,0.03,0,15.8
2024,2024-05-05,여름_반팔스웨터,01_시즌,여름,87512,4226,203755700,106500,13816,52190.0,50908.0,49163.0,1209065792,9320028000,58386416,450069000,48215,55,21663,1131322046,299237588,2303947000,24.75,0.6,0,15.8
2024,2024-05-05,여름_반팔티셔츠,01_시즌,여름,122022,3920,139891720,79000,8100,36412.0,36083.0,31427.0,988378200,9639738000,31752000,309680000,35687,55,16733,672623850,134147666,1321907000,13.71,0.48,0,15.8
2024,2024-05-05,여름_자켓,01_시즌,여름,27445,1214,223215295,311857,40036,185118.0,181676.0,173409.0,1098788020,8558915365,48603704,378594398,183868,41,7646,1429718717,303994676,2380087242,27.86,0.91,0,15.8
2024,2024-05-05,여름_점퍼,01_시즌,여름,20539,570,61418717,249000,30239,113647.0,105059.0,125676.0,621078821,5114211000,17236230,141930000,107752,57,12860,1615641342,388488420,3202140000,62.61,1.74,0,15.8
2024,2024-05-05,여름_캐주얼셔츠,01_시즌,여름,62081,2231,80219850,82334,9236,36025.0,35340.0,37344.0,573380116,5111377054,20605516,183687154,35957,56,12828,520920460,118262204,1057774770,20.66,0.62,0,15.8
2024,2024-05-05,여름_팬츠,01_시즌,여름,79704,3143,138516900,99000,11742,44981.0,47268.0,43278.0,935884368,7890696000,36905106,311157000,44072,55,13833,718110919,162559188,1369467000,17.36,0.52,0,15.8
2024,2024-05-12,봄_가디건,01_시즌,봄,6105,86,2723794,159000,18786,31526.0,33661.0,52989.0,114688530,970695000,1615596,13674000,31672,80,4998,198182286,93892428,794682000,81.87,0.75,0,17.0
2024,2024-05-12,봄_가성비 수트셋업,01_시즌,봄,25149,673,42305550,214000,38052,66450.0,68743.0,117514.0,956969748,5381886000,25608996,144022000,62861,71,19921,2300800975,758033892,4263094000,79.21,1.39,0,17.0
2024,2024-05-12,봄_대물량팬츠,01_시즌,봄,19074,289,8203173,99000,10500,28454.0,30095.0,46451.0,200277000,1888326000,3034500,28611000,28385,71,14288,579219792,150024000,1414512000,74.91,1.88,0,17.0
2024,2024-05-12,봄_맨투맨셋업,01_시즌,봄,8906,8,-184500,89000,6766,44988.0,32096.0,39283.0,60257996,792634000,54128,712000,44988,49,6227,206374995,42131882,554203000,69.92,2.41,0,17.0
2024,2024-05-12,봄_스웨터,01_시즌,봄,22480,1,-375250,99000,15571,37873.0,32563.0,44521.0,350036080,2225520000,15571,99000,37873,62,12769,508382242,198826099,1264131000,56.8,0.75,0,17.0
2024,2024-05-12,봄_아우터,01_시즌,봄,5873,-8,-642000,299000,36149,79500.0,81328.0,115732.0,212303077,1756027000,-289192,-2392000,80250,73,4571,412725827,165131479,1366729000,77.83,0.99,0,17.0
2024,2024-05-12,사계절_가성비 수트셋업,01_시즌,사계절,34143,1104,125435880,199000,32390,113792.0,113958.0,106885.0,1105891770,6794457000,35758560,219696000,113619,43,18037,2038449738,584218430,3589363000,52.83,1.15,0,17.0
2024,2024-05-12,사계절_데님셋업,01_시즌,사계절,16981,646,30198142,139000,17222,67441.0,62960.0,66851.0,292446782,2360359000,11125412,89794000,46746,66,8584,498740599,147810870,1192896000,50.55,1.04,0,17.0
2024,2024-05-12,사계절_셋업셔츠,01_시즌,사계절,156781,3069,104856050,79000,7559,36628.0,36648.0,33114.0,1185107579,12385699000,23198571,242451000,34166,57,44465,1453041433,341374172,3512735000,28.36,0.83,0,17.0
2024,2024-05-12,여름_가성비 수트셋업,01_시즌,여름,58530,2171,301841370,214000,41122,141560.0,141218.0,136684.0,2406870660,12525420000,89275862,464594000,139033,35,24970,3629769359,1026478922,5343580000,42.66,0.94,0,17.0
2024,2024-05-12,여름_고가 수트셋업,01_시즌,여름,12149,373,61475200,315000,59526,188454.0,187902.0,178907.0,723181374,3826935000,22203198,117495000,164813,48,2852,510062220,167338094,889353000,23.48,0.41,0,17.0
2024,2024-05-12,여름_디자인반팔티셔츠,01_시즌,여름,24883,725,32009500,99000,9960,44540.0,44251.0,37130.0,247834680,2463417000,7221000,71775000,44151,55,3471,170836810,34570600,343629000,13.95,0.49,0,17.0
2024,2024-05-12,여름_디자인팬츠,01_시즌,여름,26824,1009,75147732,129000,16301,67520.0,66823.0,64394.0,437258024,3460296000,16447709,130161000,74477,42,7158,546236666,114457833,923382000,26.69,0.87,0,17.0
2024,2024-05-12,여름_반바지,01_시즌,여름,22178,178,7496700,79000,11003,44606.0,44619.0,32862.0,244024534,1752062000,1958534,14062000,42116,47,402,18376200,4471966,31758000,1.81,0.05,0,17.0
2024,2024-05-12,여름_반팔스웨터,01_시즌,여름,87512,4163,207636977,106500,13816,52016.0,50908.0,49163.0,1209065792,9320028000,57516008,443359500,49877,53,25826,1338959023,356753596,2747306500,29.51,0.71,0,17.0
2024,2024-05-12,여름_반팔티셔츠,01_시즌,여름,122022,4194,145101268,79000,8100,36478.0,36083.0,31427.0,988378200,9639738000,33971400,331326000,34597,56,20927,817725118,168119066,1653233000,17.15,0.58,0,17.0
2024,2024-05-12,여름_자켓,01_시즌,여름,27445,1189,215253643,311857,40036,182123.0,181676.0,173409.0,1098788020,8558915365,47602804,370797973,181038,42,8835,1644972360,351597480,2750885215,32.19,1.04,0,17.0
2024,2024-05-12,여름_점퍼,01_시즌,여름,20539,348,31990849,249000,30239,108898.0,105059.0,125676.0,621078821,5114211000,10523172,86652000,91928,63,13208,1647632191,399011592,3288792000,64.31,1.77,0,17.0
2024,2024-05-12,여름_캐주얼셔츠,01_시즌,여름,62081,2186,74587095,82334,9236,35136.0,35340.0,37344.0,573380116,5111377054,20189896,179982124,34120,59,15014,595507555,138452100,1237756894,24.18,0.7,0,17.0
2024,2024-05-12,여름_팬츠,01_시즌,여름,79704,2612,124810770,99000,11742,49035.0,47268.0,43278.0,935884368,7890696000,30670104,258588000,47784,52,16445,842921689,193229292,1628055000,20.63,0.61,0,17.0
2024,2024-05-19,봄_가디건,01_시즌,봄,6105,17,428194,159000,18786,32322.0,33661.0,52989.0,114688530,970695000,319362,2703000,25188,84,5015,198610480,94211790,797385000,82.15,0.75,0,20.7
2024,2024-05-19,봄_가성비 수트셋업,01_시즌,봄,25149,292,23031000,214000,38052,78016.0,68743.0,117514.0,956969748,5381886000,11111184,62488000,78873,63,20213,2323831975,769145076,4325582000,80.37,1.4,0,20.7
2024,2024-05-19,봄_대물량팬츠,01_시즌,봄,19074,194,6078605,99000,10500,32632.0,30095.0,46451.0,200277000,1888326000,2037000,19206000,31333,68,14482,585298397,152061000,1433718000,75.93,1.9,0,20.7
2024,2024-05-19,봄_맨투맨셋업,01_시즌,봄,8906,57,1228900,89000,6766,22762.0,32096.0,39283.0,60257996,792634000,385662,5073000,21560,76,6284,207603895,42517544,559276000,70.56,2.43,0,20.7
2024,2024-05-19,봄_스웨터,01_시즌,봄,22480,170,3587800,99000,15571,20948.0,32563.0,44521.0,350036080,2225520000,2647070,16830000,21105,79,12939,511970042,201473169,1280961000,57.56,0.75,0,20.7
2024,2024-05-19,봄_아우터,01_시즌,봄,5873,47,3634900,299000,36149,74633.0,81328.0,115732.0,212303077,1756027000,1699003,14053000,77338,74,4618,416360727,166830482,1380782000,78.63,1.0,0,20.7
2024,2024-05-19,사계절_가성비 수트셋업,01_시즌,사계절,34143,1098,124407700,199000,32390,114300.0,113958.0,106885.0,1105891770,6794457000,35564220,218502000,113304,43,19135,2162857438,619782650,3807865000,56.04,1.22,0,20.7
2024,2024-05-19,사계절_데님셋업,01_시즌,사계절,16956,474,24682106,139000,17222,58984.0,62960.0,66851.0,292016232,2356884000,8163228,65886000,52072,63,9058,523422705,155974098,1258782000,53.42,1.1,0,20.7
2024,2024-05-19,사계절_셋업셔츠,01_시즌,사계절,156781,2896,97777224,79000,7559,36030.0,36648.0,33114.0,1185107579,12385699000,21890864,228784000,33763,57,47361,1550818657,363265036,3741519000,30.21,0.88,0,20.7
2024,2024-05-19,여름_가성비 수트셋업,01_시즌,여름,58530,2070,304304530,214000,41122,149135.0,141218.0,136684.0,2406870660,12525420000,85122540,442980000,147007,31,27040,3934073889,1111601462,5786560000,46.2,1.02,0,20.7
2024,2024-05-19,여름_고가 수트셋업,01_시즌,여름,12149,426,69925726,315000,59526,188380.0,187902.0,178907.0,723181374,3826935000,25358076,134190000,164145,48,3278,579987946,192696170,1023543000,26.98,0.46,0,20.7
2024,2024-05-19,여름_디자인반팔티셔츠,01_시즌,여름,24883,848,36642500,99000,9960,43877.0,44251.0,37130.0,247834680,2463417000,8446080,83952000,43210,56,4319,207479310,43016680,427581000,17.36,0.59,0,20.7
2024,2024-05-19,여름_디자인팬츠,01_시즌,여름,26824,1127,82811160,129000,16301,66788.0,66823.0,64394.0,437258024,3460296000,18371227,145383000,73479,43,8285,629047826,132829060,1068765000,30.89,1.0,0,20.7
2024,2024-05-19,여름_반바지,01_시즌,여름,22178,264,10957300,79000,11003,43265.0,44619.0,32862.0,244024534,1752062000,2904792,20856000,41505,47,666,29333500,7376758,52614000,3.0,0.08,0,20.7
2024,2024-05-19,여름_반팔스웨터,01_시즌,여름,87512,4176,202827564,106500,13816,49897.0,50908.0,49163.0,1209065792,9320028000,57695616,444744000,48570,54,30002,1541786587,414449212,3192050500,34.28,0.82,0,20.7
2024,2024-05-19,여름_반팔티셔츠,01_시즌,여름,122022,4337,144716751,79000,8100,35884.0,36083.0,31427.0,988378200,9639738000,35129700,342623000,33368,58,25264,962441869,203248766,1995856000,20.7,0.68,0,20.7
2024,2024-05-19,여름_자켓,01_시즌,여름,27445,1150,203818080,311857,40036,178650.0,181676.0,173409.0,1098788020,8558915365,46041400,358635550,177233,43,9985,1848790440,397638880,3109520765,36.38,1.17,0,20.7
2024,2024-05-19,여름_점퍼,01_시즌,여름,20539,392,28531444,249000,30239,96813.0,105059.0,125676.0,621078821,5114211000,11853688,97608000,72784,71,13600,1676163635,410865280,3386400000,66.22,1.79,0,20.7
2024,2024-05-19,여름_캐주얼셔츠,01_시즌,여름,62081,2389,80678929,82334,9236,35620.0,35340.0,37344.0,573380116,5111377054,22064804,196695926,33771,59,17403,676186484,160516904,1434452820,28.03,0.79,0,20.7
2024,2024-05-19,여름_팬츠,01_시즌,여름,79704,2824,133154006,99000,11742,48144.0,47268.0,43278.0,935884368,7890696000,33159408,279576000,47151,52,19269,976075695,226388700,1907631000,24.18,0.71,0,20.7
2024,2024-05-26,봄_가디건,01_시즌,봄,6105,30,975010,159000,18786,32239.0,33661.0,52989.0,114688530,970695000,563580,4770000,32500,80,5045,199585490,94775370,802155000,82.64,0.76,0,20.3
2024,2024-05-26,봄_가성비 수트셋업,01_시즌,봄,25149,568,33681000,214000,38052,73575.0,68743.0,117514.0,956969748,5381886000,21613536,121552000,59298,72,20781,2357512975,790758612,4447134000,82.63,1.41,0,20.3
2024,2024-05-26,봄_대물량팬츠,01_시즌,봄,19074,204,6023124,99000,10500,29590.0,30095.0,46451.0,200277000,1888326000,2142000,20196000,29525,70,14686,591321521,154203000,1453914000,76.99,1.91,0,20.3
2024,2024-05-26,봄_맨투맨셋업,01_시즌,봄,8906,16,505900,89000,6766,30710.0,32096.0,39283.0,60257996,792634000,108256,1424000,31619,64,6300,208109795,42625800,560700000,70.74,2.43,0,20.3
2024,2024-05-26,봄_스웨터,01_시즌,봄,22480,19,757800,99000,15571,32026.0,32563.0,44521.0,350036080,2225520000,295849,1881000,39884,60,12958,512727842,201769018,1282842000,57.64,0.76,0,20.3
2024,2024-05-26,봄_아우터,01_시즌,봄,5873,30,2177600,299000,36149,75564.0,81328.0,115732.0,212303077,1756027000,1084470,8970000,72587,76,4648,418538327,167914952,1389752000,79.14,1.0,0,20.3
2024,2024-05-26,사계절_가성비 수트셋업,01_시즌,사계절,34143,977,110816329,199000,32390,114124.0,113958.0,106885.0,1105891770,6794457000,31645030,194423000,113425,43,20112,2273673767,651427680,4002288000,58.91,1.28,0,20.3
2024,2024-05-26,사계절_데님셋업,01_시즌,사계절,16956,493,23770888,139000,17222,61564.0,62960.0,66851.0,292016232,2356884000,8490446,68527000,48217,65,9551,547193593,164464544,1327309000,56.33,1.14,0,20.3
2024,2024-05-26,사계절_셋업셔츠,01_시즌,사계절,156781,2802,97762110,79000,7559,36945.0,36648.0,33114.0,1185107579,12385699000,21180318,221358000,34890,56,50163,1648580767,384445354,3962877000,32.0,0.94,0,20.3
2024,2024-05-26,여름_가성비 수트셋업,01_시즌,여름,58530,1836,264367780,214000,41122,146284.0,141218.0,136684.0,2406870660,12525420000,75499992,392904000,143991,33,28876,4198441669,1187101454,6179464000,49.34,1.09,0,20.3
2024,2024-05-26,여름_고가 수트셋업,01_시즌,여름,12149,334,53163300,315000,59526,188072.0,187902.0,178907.0,723181374,3826935000,19881684,105210000,159172,49,3612,633151246,212577854,1128753000,29.73,0.5,0,20.3
2024,2024-05-26,여름_디자인반팔티셔츠,01_시즌,여름,24883,837,33089000,99000,9960,41394.0,44251.0,37130.0,247834680,2463417000,8336520,82863000,39533,60,5156,240568310,51353200,510444000,20.72,0.68,0,20.3
2024,2024-05-26,여름_디자인팬츠,01_시즌,여름,26824,878,65101960,129000,16301,66109.0,66823.0,64394.0,437258024,3460296000,14312278,113262000,74148,43,9163,694149786,147141338,1182027000,34.16,1.11,0,20.3
2024,2024-05-26,여름_반바지,01_시즌,여름,22178,269,10829900,79000,11003,42283.0,44619.0,32862.0,244024534,1752062000,2959807,21251000,40260,49,935,40163400,10336565,73865000,4.22,0.11,0,20.3
2024,2024-05-26,여름_반팔스웨터,01_시즌,여름,87512,3660,171361900,106500,13816,49529.0,50908.0,49163.0,1209065792,9320028000,50566560,389790000,46820,56,33662,1713148487,465015772,3581840500,38.47,0.9,0,20.3
2024,2024-05-26,여름_반팔티셔츠,01_시즌,여름,122022,4865,157710350,79000,8100,35558.0,36083.0,31427.0,988378200,9639738000,39406500,384335000,32417,59,30129,1120152219,242655266,2380191000,24.69,0.78,0,20.3
2024,2024-05-26,여름_자켓,01_시즌,여름,27445,940,168192320,311857,40036,180812.0,181676.0,173409.0,1098788020,8558915365,37633840,293145580,178928,43,10925,2016982760,435272720,3402666345,39.81,1.27,0,20.3
2024,2024-05-26,여름_점퍼,01_시즌,여름,20539,306,25452899,249000,30239,95190.0,105059.0,125676.0,621078821,5114211000,9253134,76194000,83179,67,13906,1701616534,420118414,3462594000,67.71,1.81,0,20.3
2024,2024-05-26,여름_캐주얼셔츠,01_시즌,여름,62081,2277,75217638,82334,9236,34578.0,35340.0,37344.0,573380116,5111377054,21030372,187474518,33034,60,19680,751404122,181547276,1621927338,31.7,0.87,0,20.3
2024,2024-05-26,여름_팬츠,01_시즌,여름,79704,3248,146386250,99000,11742,46911.0,47268.0,43278.0,935884368,7890696000,38138016,321552000,45070,54,22517,1122461945,264526716,2229183000,28.25,0.81,0,20.3
2024,2024-06-02,사계절_가성비 수트셋업,01_시즌,사계절,34143,931,104606893,199000,32390,113497.0,112117.0,106885.0,1105891770,6794457000,30155090,185269000,112360,44,21043,2378280660,681582770,4187557000,61.63,1.34,0,22.4
2024,2024-06-02,사계절_데님셋업,01_시즌,사계절,16956,370,17663056,139000,17222,59489.0,57456.0,66851.0,292016232,2356884000,6372140,51430000,47738,66,9921,564856649,170836684,1378739000,58.51,1.17,0,22.4
2024,2024-06-02,사계절_셋업셔츠,01_시즌,사계절,156781,2997,102616551,79000,7559,36298.0,35595.0,33114.0,1185107579,12385699000,22654323,236763000,34240,57,53160,1751197318,407099677,4199640000,33.91,1.0,0,22.4
2024,2024-06-02,여름_가성비 수트셋업,01_시즌,여름,58530,1831,262181050,214000,41122,145165.0,143978.0,136684.0,2406870660,12525420000,75294382,391834000,143190,33,30707,4460622719,1262395836,6571298000,52.46,1.16,0,22.4
2024,2024-06-02,여름_고가 수트셋업,01_시즌,여름,12149,381,60752200,315000,59526,182720.0,183212.0,178907.0,723181374,3826935000,22679406,120015000,159455,49,3993,693903446,235257260,1248768000,32.87,0.55,0,22.4
2024,2024-06-02,여름_디자인반팔티셔츠,01_시즌,여름,24883,1088,38523478,99000,9960,37620.0,37225.0,37130.0,247834680,2463417000,10836480,107712000,35408,64,6244,279091788,62189680,618156000,25.09,0.77,0,22.4
2024,2024-06-02,여름_디자인팬츠,01_시즌,여름,26824,1052,76932520,129000,16301,65419.0,62077.0,64394.0,437258024,3460296000,17148652,135708000,73130,43,10215,771082306,164289990,1317735000,38.08,1.23,0,22.4
2024,2024-06-02,여름_반바지,01_시즌,여름,22178,374,14230400,79000,11003,40276.0,35488.0,32862.0,244024534,1752062000,4115122,29546000,38049,52,1309,54393800,14451687,103411000,5.9,0.14,0,22.4
2024,2024-06-02,여름_반팔스웨터,01_시즌,여름,87512,4514,207201550,106500,13816,48846.0,48289.0,49163.0,1209065792,9320028000,62365424,480741000,45902,57,38176,1920350037,527381196,4062581500,43.62,1.01,0,22.4
2024,2024-06-02,여름_반팔티셔츠,01_시즌,여름,122022,5178,159763450,79000,8100,34514.0,33414.0,31427.0,988378200,9639738000,41941800,409062000,30854,61,35307,1279915669,284597066,2789253000,28.93,0.89,0,22.4
2024,2024-06-02,여름_자켓,01_시즌,여름,27445,1091,193495718,311857,40036,178993.0,177405.0,173409.0,1098788020,8558915365,43679276,340235987,177356,43,12016,2210478478,478951996,3742902332,43.78,1.39,0,22.4
2024,2024-06-02,여름_점퍼,01_시즌,여름,20539,221,19426023,249000,30239,110407.0,104019.0,125676.0,621078821,5114211000,6682819,55029000,87901,65,14127,1721042557,426801233,3517623000,68.78,1.83,0,22.4
2024,2024-06-02,여름_캐주얼셔츠,01_시즌,여름,62081,2671,89424289,82334,9236,35326.0,34665.0,37344.0,573380116,5111377054,24669356,219914114,33480,59,22351,840828411,206216632,1841841452,36.0,0.97,0,22.4
2024,2024-06-02,여름_팬츠,01_시즌,여름,79704,3468,160812350,99000,11738,47812.0,46464.0,43278.0,935565552,7890696000,40707384,343332000,46370,53,25985,1283274295,305234100,2572515000,32.6,0.92,0,22.4
2024,2024-06-09,가을_대물량이너,01_시즌,가을,8767,23,1682700,79000,8732,73161.0,49792.0,28098.0,76553444,692593000,200836,1817000,73161,7,23,1682700,200836,1817000,0.26,0.02,0,25.0
2024,2024-06-09,가을_이너,01_시즌,가을,10399,0,0,79000,5118,,22666.0,19323.0,53222082,821521000,0,0,22666,71,0,0,0,0,0.0,0.0,0,25.0
2024,2024-06-09,사계절_가성비 수트셋업,01_시즌,사계절,63577,920,97669100,199000,32310,108257.0,112117.0,106885.0,2054172870,12651823000,29725200,183080000,106162,47,21963,2475949760,711307970,4370637000,34.55,0.75,0,25.0
2024,2024-06-09,사계절_데님셋업,01_시즌,사계절,16956,309,14765890,139000,17222,59180.0,57456.0,66851.0,292016232,2356884000,5321598,42951000,47786,66,10230,579622539,176158282,1421690000,60.33,1.2,0,25.0
2024,2024-06-09,사계절_셋업셔츠,01_시즌,사계절,156781,2479,88953500,79000,7559,37168.0,35595.0,33114.0,1185107579,12385699000,18738761,195841000,35883,55,55639,1840150818,425838438,4395481000,35.49,1.05,0,25.0
2024,2024-06-09,여름_가성비 수트셋업,01_시즌,여름,58530,1785,256222160,214000,41122,146900.0,143978.0,136684.0,2406870660,12525420000,73402770,381990000,143542,33,32492,4716844879,1335798606,6953288000,55.51,1.23,0,25.0
2024,2024-06-09,여름_고가 수트셋업,01_시즌,여름,12149,390,60994260,315000,59526,182046.0,183212.0,178907.0,723181374,3826935000,23215140,122850000,156396,50,4383,754897706,258472400,1371618000,36.08,0.59,0,25.0
2024,2024-06-09,여름_디자인반팔티셔츠,01_시즌,여름,24883,1155,39717751,99000,9960,35528.0,37225.0,37130.0,247834680,2463417000,11503800,114345000,34388,65,7399,318809539,73693480,732501000,29.74,0.87,0,25.0
2024,2024-06-09,여름_디자인팬츠,01_시즌,여름,26824,988,68325600,129000,16301,57642.0,62077.0,64394.0,437258024,3460296000,16105388,127452000,69155,46,11203,839407906,180395378,1445187000,41.76,1.33,0,25.0
2024,2024-06-09,여름_반바지,01_시즌,여름,22178,762,23200400,79000,11003,33679.0,35488.0,32862.0,244024534,1752062000,8384286,60198000,30447,61,2071,77594200,22835973,163609000,9.34,0.2,0,25.0
2024,2024-06-09,여름_반팔스웨터,01_시즌,여름,87512,3922,174386370,106500,13816,47719.0,48289.0,49163.0,1209065792,9320028000,54186352,417693000,44464,58,42098,2094736407,581567548,4480274500,48.11,1.09,0,25.0
2024,2024-06-09,여름_반팔티셔츠,01_시즌,여름,122022,5122,153018400,79000,8100,33160.0,33414.0,31427.0,988378200,9639738000,41488200,404638000,29875,62,40429,1432934069,326085266,3193891000,33.13,0.99,0,25.0
2024,2024-06-09,여름_자켓,01_시즌,여름,27445,798,140265080,311857,40036,179476.0,177405.0,173409.0,1098788020,8558915365,31948728,248861886,175771,44,12814,2350743558,510900724,3991764218,46.69,1.48,0,25.0
2024,2024-06-09,여름_점퍼,01_시즌,여름,20539,98,7567329,249000,30239,95009.0,104019.0,125676.0,621078821,5114211000,2963422,24402000,77218,69,14225,1728609886,429764655,3542025000,69.26,1.84,0,25.0
2024,2024-06-09,여름_캐주얼셔츠,01_시즌,여름,62081,3008,95900935,82334,9236,33808.0,34665.0,37344.0,573380116,5111377054,27781888,247660672,31882,61,25359,936729346,233998520,2089502124,40.85,1.08,0,25.0
2024,2024-06-09,여름_팬츠,01_시즌,여름,84786,3601,161605468,99000,11932,47266.0,46464.0,43278.0,1011666552,8393814000,42967132,356499000,44878,55,29586,1444879763,348201232,2929014000,34.89,0.95,0,25.0
2024,2024-06-16,가을_대물량이너,01_시즌,가을,8767,143,6578600,79000,8732,46004.0,49792.0,28098.0,76553444,692593000,1248676,11297000,46004,42,166,8261300,1449512,13114000,1.89,0.08,0,26.5
2024,2024-06-16,가을_이너,01_시즌,가을,10399,61,1739000,79000,5118,28508.0,22666.0,19323.0,53222082,821521000,312198,4819000,28508,64,61,1739000,312198,4819000,0.59,0.02,0,26.5
2024,2024-06-16,사계절_가성비 수트셋업,01_시즌,사계절,63577,986,106776251,199000,32310,110963.0,112117.0,106885.0,2054172870,12651823000,31857660,196214000,108292,46,22949,2582726011,743165630,4566851000,36.1,0.78,0,26.5
2024,2024-06-16,사계절_데님셋업,01_시즌,사계절,16956,283,13192165,139000,17222,61071.0,57456.0,66851.0,292016232,2356884000,4873826,39337000,46615,66,10513,592814704,181032108,1461027000,62.0,1.23,0,26.5
2024,2024-06-16,사계절_셋업셔츠,01_시즌,사계절,156781,2535,88493250,79000,7559,35977.0,35595.0,33114.0,1185107579,12385699000,19162065,200265000,34909,56,58174,1928644068,445000503,4595746000,37.11,1.1,0,26.5
2024,2024-06-16,여름_가성비 수트셋업,01_시즌,여름,58530,1250,177920470,214000,41122,143301.0,143978.0,136684.0,2406870660,12525420000,51402500,267500000,142336,33,33742,4894765349,1387201106,7220788000,57.65,1.27,0,26.5
2024,2024-06-16,여름_고가 수트셋업,01_시즌,여름,12149,299,47199720,315000,59526,188782.0,183212.0,178907.0,723181374,3826935000,17798274,94185000,157859,50,4682,802097426,276270674,1465803000,38.54,0.63,0,26.5
2024,2024-06-16,여름_디자인반팔티셔츠,01_시즌,여름,24883,956,33951899,99000,9960,40661.0,37225.0,37130.0,247834680,2463417000,9521760,94644000,35515,64,8355,352761438,83215240,827145000,33.58,0.96,0,26.5
2024,2024-06-16,여름_디자인팬츠,01_시즌,여름,26824,860,63404680,129000,16301,63068.0,62077.0,64394.0,437258024,3460296000,14018860,110940000,73726,43,12063,902812586,194414238,1556127000,44.97,1.43,0,26.5
2024,2024-06-16,여름_반바지,01_시즌,여름,22178,704,24178740,79000,11003,36182.0,35488.0,32862.0,244024534,1752062000,7746112,55616000,34345,57,2775,101772940,30582085,219225000,12.51,0.25,0,26.5
2024,2024-06-16,여름_반팔스웨터,01_시즌,여름,87512,3649,157061616,106500,13816,48851.0,48289.0,49163.0,1209065792,9320028000,50414584,388618500,43042,60,45747,2251798023,631982132,4868893000,52.28,1.17,0,26.5
2024,2024-06-16,여름_반팔티셔츠,01_시즌,여름,122022,3582,112101650,79000,8100,34693.0,33414.0,31427.0,988378200,9639738000,29014200,282978000,31296,60,44011,1545035719,355099466,3476869000,36.07,1.06,0,26.5
2024,2024-06-16,여름_자켓,01_시즌,여름,27445,772,138375260,311857,40036,182318.0,177405.0,173409.0,1098788020,8558915365,30907792,240753604,179243,43,13586,2489118818,541808516,4232517822,49.5,1.57,0,26.5
2024,2024-06-16,여름_점퍼,01_시즌,여름,20539,89,8374807,249000,30239,111285.0,104019.0,125676.0,621078821,5114211000,2691271,22161000,94099,62,14314,1736984693,432455926,3564186000,69.69,1.85,0,26.5
2024,2024-06-16,여름_캐주얼셔츠,01_시즌,여름,62081,2169,71339676,82334,9236,34004.0,34665.0,37344.0,573380116,5111377054,20032884,178582446,32891,60,27528,1008069022,254031404,2268084570,44.34,1.16,0,26.5
2024,2024-06-16,여름_팬츠,01_시즌,여름,84786,4482,189175757,99000,11932,47842.0,46464.0,43278.0,1011666552,8393814000,53479224,443718000,42208,57,34068,1634055520,401680456,3372732000,40.18,1.07,0,26.5
2024,2024-06-23,가을_대물량이너,01_시즌,가을,8767,269,11162500,79000,8732,41496.0,49792.0,28098.0,76553444,692593000,2348908,21251000,41496,47,435,19423800,3798420,34365000,4.96,0.18,1,25.3
2024,2024-06-23,가을_이너,01_시즌,가을,13936,920,30550000,94000,10121,33314.0,37543.0,34080.0,141046256,1309984000,9311320,86480000,33207,65,981,32289000,9623518,91299000,7.04,0.14,1,25.3
2024,2024-06-23,사계절_가성비 수트셋업,01_시즌,사계절,63577,1130,128299200,199000,32310,114364.0,112117.0,106885.0,2054172870,12651823000,36510300,224870000,113539,43,24079,2711025211,779675930,4791721000,37.87,0.82,1,25.3
2024,2024-06-23,사계절_데님셋업,01_시즌,사계절,16956,179,8283701,139000,17222,52620.0,57456.0,66851.0,292016232,2356884000,3082738,24881000,46278,67,10692,601098405,184114846,1485908000,63.06,1.24,1,25.3
2024,2024-06-23,사계절_셋업셔츠,01_시즌,사계절,156781,2597,88722000,79000,7559,35843.0,35595.0,33114.0,1185107579,12385699000,19630723,205163000,34163,57,60771,2017366068,464631226,4800909000,38.76,1.16,1,25.3
2024,2024-06-23,여름_가성비 수트셋업,01_시즌,여름,58530,1096,155076060,214000,41122,143502.0,143978.0,136684.0,2406870660,12525420000,45069712,234544000,141493,34,34838,5049841409,1432270818,7455332000,59.52,1.31,1,25.3
2024,2024-06-23,여름_고가 수트셋업,01_시즌,여름,12149,319,50179200,315000,59526,186931.0,183212.0,178907.0,723181374,3826935000,18988794,100485000,157302,50,5001,852276626,295259468,1566288000,41.16,0.66,1,25.3
2024,2024-06-23,여름_디자인반팔티셔츠,01_시즌,여름,24883,1309,43717997,99000,9960,37382.0,37225.0,37130.0,247834680,2463417000,13037640,129591000,33398,66,9664,396479435,96252880,956736000,38.84,1.07,1,25.3
2024,2024-06-23,여름_디자인팬츠,01_시즌,여름,26824,726,52386980,129000,16301,63060.0,62077.0,64394.0,437258024,3460296000,11834526,93654000,72158,44,12789,955199566,206248764,1649781000,47.68,1.51,1,25.3
2024,2024-06-23,여름_반바지,01_시즌,여름,22178,835,26883040,79000,11003,32986.0,35488.0,32862.0,244024534,1752062000,9187505,65965000,32195,59,3610,128655980,39769590,285190000,16.28,0.32,1,25.3
2024,2024-06-23,여름_반팔스웨터,01_시즌,여름,87512,3665,154133817,106500,13816,48519.0,48289.0,49163.0,1209065792,9320028000,50635640,390322500,42056,61,49412,2405931840,682617772,5259215500,56.46,1.24,1,25.3
2024,2024-06-23,여름_반팔티셔츠,01_시즌,여름,122022,4181,122185951,79000,8100,34433.0,33414.0,31427.0,988378200,9639738000,33866100,330299000,29224,63,48192,1667221670,388965566,3807168000,39.49,1.14,1,25.3
2024,2024-06-23,여름_자켓,01_시즌,여름,27445,671,117651700,311857,40036,176122.0,177405.0,173409.0,1098788020,8558915365,26864156,209256047,175338,44,14257,2606770518,568672672,4441773869,51.95,1.64,1,25.3
2024,2024-06-23,여름_점퍼,01_시즌,여름,20539,37,3935235,249000,30239,98706.0,104019.0,125676.0,621078821,5114211000,1118843,9213000,106358,57,14351,1740919928,433574769,3573399000,69.87,1.85,1,25.3
2024,2024-06-23,여름_캐주얼셔츠,01_시즌,여름,62081,2293,76320617,82334,9236,35072.0,34665.0,37344.0,573380116,5111377054,21178148,188791862,33284,60,29821,1084389639,275209552,2456876432,48.04,1.24,1,25.3
2024,2024-06-23,여름_팬츠,01_시즌,여름,84786,3128,138115910,99000,11932,46855.0,46464.0,43278.0,1011666552,8393814000,37323296,309672000,44155,55,37196,1772171430,439003752,3682404000,43.87,1.16,1,25.3
2024,2024-06-30,가을_대물량이너,01_시즌,가을,14403,1075,55015900,84000,14272,49386.0,55029.0,40004.0,205559616,1209852000,15342400,90300000,51178,39,1510,74439700,19140820,124665000,10.48,0.24,2,24.7
2024,2024-06-30,가을_이너,01_시즌,가을,13936,1455,53391500,94000,10121,38851.0,37543.0,34080.0,141046256,1309984000,14726055,136770000,36695,61,2436,85680500,24349573,228069000,17.48,0.38,2,24.7
2024,2024-06-30,사계절_가성비 수트셋업,01_시즌,사계절,63577,1361,151373300,199000,32310,112264.0,112117.0,106885.0,2054172870,12651823000,43973910,270839000,111222,44,25440,2862398511,823649840,5062560000,40.01,0.87,2,24.7
2024,2024-06-30,사계절_데님셋업,01_시즌,사계절,16956,219,10109366,139000,17222,54918.0,57456.0,66851.0,292016232,2356884000,3771618,30441000,46161,67,10911,611207771,187886464,1516349000,64.35,1.26,2,24.7
2024,2024-06-30,사계절_셋업셔츠,01_시즌,사계절,156781,2877,91189848,79000,7559,32690.0,35595.0,33114.0,1185107579,12385699000,21747243,227283000,31696,60,63648,2108555916,486378469,5028192000,40.6,1.21,2,24.7
2024,2024-06-30,여름_가성비 수트셋업,01_시즌,여름,58530,1126,153088530,214000,41122,141020.0,143978.0,136684.0,2406870660,12525420000,46303372,240964000,135958,36,35964,5202929939,1478574190,7696296000,61.45,1.35,2,24.7
2024,2024-06-30,여름_고가 수트셋업,01_시즌,여름,12149,334,49512300,315000,59526,175584.0,183212.0,178907.0,723181374,3826935000,19881684,105210000,148240,53,5335,901788926,315141152,1671498000,43.91,0.7,2,24.7
2024,2024-06-30,여름_디자인반팔티셔츠,01_시즌,여름,24883,1423,44991618,99000,9960,34932.0,37225.0,37130.0,247834680,2463417000,14173080,140877000,31617,68,11087,441471053,110425960,1097613000,44.56,1.17,2,24.7
2024,2024-06-30,여름_디자인팬츠,01_시즌,여름,26824,1023,71658578,129000,16301,61197.0,62077.0,64394.0,437258024,3460296000,16675923,131967000,70047,46,13812,1026858144,222924687,1781748000,51.49,1.63,2,24.7
2024,2024-06-30,여름_반바지,01_시즌,여름,22178,907,29703730,79000,11003,34319.0,35488.0,32862.0,244024534,1752062000,9979721,71653000,32749,59,4517,158359710,49749311,356843000,20.37,0.39,2,24.7
2024,2024-06-30,여름_반팔스웨터,01_시즌,여름,87512,3443,139274485,106500,13816,47510.0,48289.0,49163.0,1209065792,9320028000,47568488,366679500,40451,62,52855,2545206325,730186260,5625895000,60.4,1.31,2,24.7
2024,2024-06-30,여름_반팔티셔츠,01_시즌,여름,122022,5177,135552350,79000,8100,30268.0,33414.0,31427.0,988378200,9639738000,41933700,408983000,26184,67,53369,1802774020,430899266,4216151000,43.74,1.22,2,24.7
2024,2024-06-30,여름_자켓,01_시즌,여름,27445,935,154862476,311857,40036,170119.0,177405.0,173409.0,1098788020,8558915365,37433660,291586295,165628,47,15192,2761632994,606106332,4733360164,55.35,1.73,2,24.7
2024,2024-06-30,여름_점퍼,01_시즌,여름,20539,83,8352826,249000,30239,103774.0,104019.0,125676.0,621078821,5114211000,2509837,20667000,100636,60,14434,1749272754,436084606,3594066000,70.28,1.86,2,24.7
2024,2024-06-30,여름_캐주얼셔츠,01_시즌,여름,62081,2167,70223534,82334,9236,35115.0,34665.0,37344.0,573380116,5111377054,20014412,178417778,32406,61,31988,1154613173,295223964,2635294210,51.53,1.32,2,24.7
2024,2024-06-30,여름_팬츠,01_시즌,여름,84786,4625,191205276,99000,11932,42716.0,46464.0,43278.0,1011666552,8393814000,55185500,457875000,41342,58,41821,1963376706,494189252,4140279000,49.33,1.28,2,24.7
2024,2024-07-07,가을_대물량이너,01_시즌,가을,14694,589,34175000,84000,13811,52326.0,50426.0,40004.0,202938834,1234296000,8134679,49476000,58022,31,2099,108614700,27275499,174141000,14.28,0.35,1,25.5
2024,2024-07-07,가을_이너,01_시즌,가을,13936,612,32644100,94000,10134,40072.0,40096.0,34080.0,141227424,1309984000,6202008,57528000,53340,43,3048,118324600,30551581,285597000,21.87,0.55,1,25.5
2024,2024-07-07,가을_캐주얼셔츠,01_시즌,가을,9036,1,79000,79000,8742,79000.0,65471.0,46106.0,78992712,713844000,8742,79000,79000,0,1,79000,8742,79000,0.01,0.0,1,25.5
2024,2024-07-07,가을_팬츠,01_시즌,가을,9670,0,0,99000,10522,,78730.0,59531.0,101747740,957330000,0,0,78730,20,0,0,0,0,0.0,0.0,1,25.5
2024,2024-07-07,사계절_가성비 수트셋업,01_시즌,사계절,63577,1220,133499210,199000,32310,112536.0,109493.0,106885.0,2054172870,12651823000,39418200,242780000,109426,45,26660,2995897721,863068040,5305340000,41.93,0.91,1,25.5
2024,2024-07-07,사계절_데님셋업,01_시즌,사계절,16956,177,8435831,139000,17222,57528.0,62268.0,66851.0,292016232,2356884000,3048294,24603000,47660,66,11088,619643602,190934758,1540952000,65.39,1.28,1,25.5
2024,2024-07-07,사계절_셋업셔츠,01_시즌,사계절,156781,2575,81810373,79000,7555,31943.0,32451.0,33114.0,1184480455,12385699000,19454125,203425000,31771,60,66223,2190366289,505832594,5231617000,42.24,1.25,1,25.5
2024,2024-07-07,여름_가성비 수트셋업,01_시즌,여름,58530,1213,162810208,214000,41122,141765.0,138631.0,136684.0,2406870660,12525420000,49880986,259582000,134221,37,37177,5365740147,1528455176,7955878000,63.52,1.39,1,25.5
2024,2024-07-07,여름_고가 수트셋업,01_시즌,여름,12149,288,42163078,315000,59526,171178.0,167788.0,178907.0,723181374,3826935000,17143488,90720000,146400,54,5623,943952004,332284640,1762218000,46.28,0.73,1,25.5
2024,2024-07-07,여름_디자인반팔티셔츠,01_시즌,여름,24883,1066,32357444,99000,9960,33928.0,33131.0,37130.0,247834680,2463417000,10617360,105534000,30354,69,12153,473828497,121043320,1203147000,48.84,1.25,1,25.5
2024,2024-07-07,여름_디자인팬츠,01_시즌,여름,26824,677,44823716,129000,16301,59786.0,61368.0,64394.0,437258024,3460296000,11035777,87333000,66209,49,14489,1071681860,233960464,1869081000,54.02,1.69,1,25.5
2024,2024-07-07,여름_반바지,01_시즌,여름,22178,668,22128360,79000,11003,34893.0,32058.0,32862.0,244024534,1752062000,7350004,52772000,33126,58,5185,180488070,57099315,409615000,23.38,0.44,1,25.5
2024,2024-07-07,여름_반팔스웨터,01_시즌,여름,87512,2833,110972458,106500,13816,46520.0,44849.0,49163.0,1209065792,9320028000,39140728,301714500,39171,63,55688,2656178783,769326988,5927609500,63.63,1.36,1,25.5
2024,2024-07-07,여름_반팔티셔츠,01_시즌,여름,122022,3083,86893053,79000,8098,29768.0,28566.0,31427.0,988134156,9639738000,24966134,243557000,28185,64,56452,1889667073,455865400,4459708000,46.26,1.28,1,25.5
2024,2024-07-07,여름_자켓,01_시즌,여름,27445,523,87879354,311857,40036,175755.0,171624.0,173409.0,1098788020,8558915365,20938828,163101211,168029,46,15715,2849512348,627045160,4896461375,57.26,1.79,1,25.5
2024,2024-07-07,여름_점퍼,01_시즌,여름,20539,18,1178600,249000,30239,108182.0,113179.0,125676.0,621078821,5114211000,544302,4482000,65478,74,14452,1750451354,436628908,3598548000,70.36,1.86,1,25.5
2024,2024-07-07,여름_캐주얼셔츠,01_시즌,여름,62081,1599,53261062,82334,9223,35898.0,34098.0,37344.0,572573063,5111377054,14747577,131652066,33309,60,33587,1207874235,309971541,2766946276,54.1,1.38,1,25.5
2024,2024-07-07,여름_팬츠,01_시즌,여름,84786,3754,153595394,99000,11930,43932.0,39595.0,43278.0,1011496980,8393814000,44785220,371646000,40915,59,45575,2116972100,538974472,4511925000,53.75,1.37,1,25.5
2024,2024-07-14,가을_가성비 수트셋업,01_시즌,가을,20574,116,19534384,214000,38143,169580.0,169653.0,136887.0,784754082,4402836000,4424588,24824000,168400,21,116,19534384,4424588,24824000,0.56,0.02,2,26.8
2024,2024-07-14,가을_대물량이너,01_시즌,가을,14694,680,37347200,84000,13811,50071.0,50426.0,40004.0,202938834,1234296000,9391480,57120000,54922,35,2779,145961900,36666979,231261000,18.91,0.47,2,26.8
2024,2024-07-14,가을_이너,01_시즌,가을,13936,288,15099100,94000,10134,42312.0,40096.0,34080.0,141227424,1309984000,2918592,27072000,52427,44,3336,133423700,33470173,312669000,23.94,0.62,2,26.8
2024,2024-07-14,가을_캐주얼셔츠,01_시즌,가을,9036,24,1580000,79000,8742,67050.0,65471.0,46106.0,78992712,713844000,209808,1896000,65833,17,25,1659000,218550,1975000,0.28,0.02,2,26.8
2024,2024-07-14,가을_팬츠,01_시즌,가을,9670,68,5316800,99000,10522,78188.0,78730.0,59531.0,101747740,957330000,715496,6732000,78188,21,68,5316800,715496,6732000,0.7,0.04,2,26.8
2024,2024-07-14,사계절_가성비 수트셋업,01_시즌,사계절,63577,1484,144842372,199000,32310,101678.0,109493.0,106885.0,2054172870,12651823000,47948040,295316000,97603,51,28144,3140740093,911016080,5600656000,44.27,0.95,2,26.8
2024,2024-07-14,사계절_데님셋업,01_시즌,사계절,16956,155,7729981,139000,17222,62294.0,62268.0,66851.0,292016232,2356884000,2669410,21545000,49871,64,11243,627373583,193604168,1562497000,66.31,1.29,2,26.8
2024,2024-07-14,사계절_셋업셔츠,01_시즌,사계절,156781,2482,79589050,79000,7555,32712.0,32451.0,33114.0,1184480455,12385699000,18751510,196078000,32066,59,68705,2269955339,524584104,5427695000,43.82,1.3,2,26.8
2024,2024-07-14,여름_가성비 수트셋업,01_시즌,여름,58530,1000,130758541,214000,41122,139516.0,138631.0,136684.0,2406870660,12525420000,41122000,214000000,130759,39,38177,5496498688,1569577176,8169878000,65.23,1.42,2,26.8
2024,2024-07-14,여름_고가 수트셋업,01_시즌,여름,12149,199,28158060,315000,59526,165116.0,167788.0,178907.0,723181374,3826935000,11845674,62685000,141498,55,5822,972110064,344130314,1824903000,47.92,0.75,2,26.8
2024,2024-07-14,여름_디자인반팔티셔츠,01_시즌,여름,24883,876,27377569,99000,9960,35096.0,33131.0,37130.0,247834680,2463417000,8724960,86724000,31253,68,13029,501206066,129768280,1289871000,52.36,1.31,2,26.8
2024,2024-07-14,여름_디자인팬츠,01_시즌,여름,26824,654,44338020,129000,16301,62646.0,61368.0,64394.0,437258024,3460296000,10660854,84366000,67795,47,15143,1116019880,244621318,1953447000,56.45,1.76,2,26.8
2024,2024-07-14,여름_반바지,01_시즌,여름,22178,598,19592247,79000,11003,34260.0,32058.0,32862.0,244024534,1752062000,6579794,47242000,32763,59,5783,200080317,63679109,456857000,26.08,0.48,2,26.8
2024,2024-07-14,여름_반팔스웨터,01_시즌,여름,87512,2814,101613460,106500,13816,44700.0,44849.0,49163.0,1209065792,9320028000,38878224,299691000,36110,66,58502,2757792243,808205212,6227300500,66.85,1.41,2,26.8
2024,2024-07-14,여름_반팔티셔츠,01_시즌,여름,122022,2701,75079350,79000,8098,29596.0,28566.0,31427.0,988134156,9639738000,21872698,213379000,27797,65,59153,1964746423,477738098,4673087000,48.48,1.32,2,26.8
2024,2024-07-14,여름_자켓,01_시즌,여름,27445,434,71271310,311857,40036,170703.0,171624.0,173409.0,1098788020,8558915365,17375624,135345938,164220,47,16149,2920783658,644420784,5031807313,58.84,1.83,2,26.8
2024,2024-07-14,여름_점퍼,01_시즌,여름,20539,29,1854330,249000,30239,109766.0,113179.0,125676.0,621078821,5114211000,876931,7221000,63942,74,14481,1752305684,437505839,3605769000,70.5,1.86,2,26.8
2024,2024-07-14,여름_캐주얼셔츠,01_시즌,여름,62081,1457,44485149,82334,9223,35776.0,34098.0,37344.0,572573063,5111377054,13437911,119960638,30532,63,35044,1252359384,323409452,2886906914,56.45,1.42,2,26.8
2024,2024-07-14,여름_팬츠,01_시즌,여름,84786,3484,131922561,99000,11930,42573.0,39595.0,43278.0,1011496980,8393814000,41564120,344916000,37865,62,49059,2248894661,580538592,4856841000,57.86,1.45,2,26.8
2024,2024-07-21,가을_가성비 수트셋업,01_시즌,가을,23878,306,50988000,214000,38546,169946.0,169653.0,136887.0,920401388,5109892000,11795076,65484000,166627,22,422,70522384,16219664,90308000,1.77,0.05,3,27.7
2024,2024-07-21,가을_대물량이너,01_시즌,가을,14694,675,36617250,84000,13811,50426.0,50426.0,40004.0,202938834,1234296000,9322425,56700000,54248,35,3454,182579150,45989404,287961000,23.51,0.59,3,27.7
2024,2024-07-21,가을_이너,01_시즌,가을,13936,381,18664100,94000,10134,40608.0,40096.0,34080.0,141227424,1309984000,3861054,35814000,48987,48,3717,152087800,37331227,348483000,26.67,0.71,3,27.7
2024,2024-07-21,가을_캐주얼셔츠,01_시즌,가을,9036,28,1714300,79000,8742,59070.0,65471.0,46106.0,78992712,713844000,244776,2212000,61225,22,53,3373300,463326,4187000,0.59,0.03,3,27.7
2024,2024-07-21,가을_팬츠,01_시즌,가을,9670,90,7110600,99000,10522,79007.0,78730.0,59531.0,101747740,957330000,946980,8910000,79007,20,158,12427400,1662476,15642000,1.63,0.09,3,27.7
2024,2024-07-21,겨울_가성비 수트셋업,01_시즌,겨울,2178,16,3424000,214000,39334,214000.0,212510.0,158950.0,85669452,466092000,629344,3424000,214000,0,16,3424000,629344,3424000,0.73,0.03,3,27.7
2024,2024-07-21,사계절_가성비 수트셋업,01_시즌,사계절,63577,1010,112778258,199000,32310,115311.0,109493.0,106885.0,2054172870,12651823000,32633100,200990000,111662,44,29154,3253518351,943649180,5801646000,45.86,0.98,3,27.7
2024,2024-07-21,사계절_데님셋업,01_시즌,사계절,16956,185,9051506,139000,17222,68003.0,62268.0,66851.0,292016232,2356884000,3186070,25715000,48927,65,11428,636425089,196790238,1588212000,67.4,1.31,3,27.7
2024,2024-07-21,사계절_셋업셔츠,01_시즌,사계절,185520,2267,70615499,79000,7639,32587.0,32451.0,33114.0,1417187280,14656080000,17317613,179093000,31149,61,70972,2340570838,541901717,5606788000,38.26,1.12,3,27.7
2024,2024-07-21,여름_가성비 수트셋업,01_시즌,여름,58530,868,103985450,214000,41122,137380.0,138631.0,136684.0,2406870660,12525420000,35693896,185752000,119799,44,39045,5600484138,1605271072,8355630000,66.71,1.45,3,27.7
2024,2024-07-21,여름_고가 수트셋업,01_시즌,여름,12149,190,26796370,315000,59526,164652.0,167788.0,178907.0,723181374,3826935000,11309940,59850000,141034,55,6012,998906434,355440254,1884753000,49.49,0.76,3,27.7
2024,2024-07-21,여름_디자인반팔티셔츠,01_시즌,여름,24883,863,26691041,99000,9960,32801.0,33131.0,37130.0,247834680,2463417000,8595480,85437000,30928,69,13892,527897107,138363760,1375308000,55.83,1.38,3,27.7
2024,2024-07-21,여름_디자인팬츠,01_시즌,여름,26824,532,35896624,129000,16301,63223.0,61368.0,64394.0,437258024,3460296000,8672132,68628000,67475,48,15675,1151916504,253293450,2022075000,58.44,1.82,3,27.7
2024,2024-07-21,여름_반바지,01_시즌,여름,22178,730,21389600,79000,11003,31862.0,32058.0,32862.0,244024534,1752062000,8032190,57670000,29301,63,6513,221469917,71711299,514527000,29.37,0.53,3,27.7
2024,2024-07-21,여름_반팔스웨터,01_시즌,여름,87512,2506,95488200,106500,13816,44539.0,44849.0,49163.0,1209065792,9320028000,34622896,266889000,38104,64,61008,2853280443,842828108,6494189500,69.71,1.45,3,27.7
2024,2024-07-21,여름_반팔티셔츠,01_시즌,여름,122022,3047,77683366,79000,8098,28846.0,28566.0,31427.0,988134156,9639738000,24674606,240713000,25495,68,62200,2042429789,502412704,4913800000,50.97,1.37,3,27.7
2024,2024-07-21,여름_자켓,01_시즌,여름,27445,361,57929298,311857,40036,169823.0,171624.0,173409.0,1098788020,8558915365,14452996,112580377,160469,49,16510,2978712956,658873780,5144387690,60.16,1.86,3,27.7
2024,2024-07-21,여름_점퍼,01_시즌,여름,20539,56,6077031,249000,30239,125163.0,113179.0,125676.0,621078821,5114211000,1693384,13944000,108518,56,14537,1758382715,439199223,3619713000,70.78,1.87,3,27.7
2024,2024-07-21,여름_캐주얼셔츠,01_시즌,여름,62081,1642,49395789,82334,9223,32922.0,34098.0,37344.0,572573063,5111377054,15144166,135192428,30083,63,36686,1301755173,338553618,3022099342,59.09,1.48,3,27.7
2024,2024-07-21,여름_팬츠,01_시즌,여름,84786,3244,109137070,99000,11930,35445.0,39595.0,43278.0,1011496980,8393814000,38700920,321156000,33643,66,52303,2358031731,619239512,5177997000,61.69,1.51,3,27.7
2024,2024-07-28,가을_가성비 수트셋업,01_시즌,가을,23878,259,43027520,214000,38546,169482.0,169653.0,136887.0,920401388,5109892000,9983414,55426000,166129,22,681,113549904,26203078,145734000,2.85,0.08,0,29.2
2024,2024-07-28,가을_대물량이너,01_시즌,가을,14694,905,44177400,84000,13811,48881.0,50426.0,40004.0,202938834,1234296000,12498955,76020000,48815,42,4359,226756550,58488359,363981000,29.67,0.73,0,29.2
2024,2024-07-28,가을_이너,01_시즌,가을,17546,573,31127900,94000,10134,37390.0,40096.0,34080.0,177811164,1649324000,5806782,53862000,54324,42,4290,183215700,43138009,402345000,24.45,0.69,0,29.2
2024,2024-07-28,가을_캐주얼셔츠,01_시즌,가을,9036,36,2291000,79000,8742,63529.0,65471.0,46106.0,78992712,713844000,314712,2844000,63639,19,89,5664300,778038,7031000,0.98,0.06,0,29.2
2024,2024-07-28,가을_팬츠,01_시즌,가을,9670,79,6240600,99000,10522,78995.0,78730.0,59531.0,101747740,957330000,831238,7821000,78995,20,237,18668000,2493714,23463000,2.45,0.14,0,29.2
2024,2024-07-28,겨울_가성비 수트셋업,01_시즌,겨울,2178,8,1552200,214000,39334,211020.0,212510.0,158950.0,85669452,466092000,314672,1712000,194025,9,24,4976200,944016,5136000,1.1,0.04,0,29.2
2024,2024-07-28,사계절_가성비 수트셋업,01_시즌,사계절,63577,834,89875485,199000,32310,108448.0,109493.0,106885.0,2054172870,12651823000,26946540,165966000,107764,46,29988,3343393836,970595720,5967612000,47.17,1.01,0,29.2
2024,2024-07-28,사계절_데님셋업,01_시즌,사계절,16956,108,5390379,139000,17222,61243.0,62268.0,66851.0,292016232,2356884000,1859976,15012000,49911,64,11536,641815468,198650214,1603224000,68.03,1.32,0,29.2
2024,2024-07-28,사계절_셋업셔츠,01_시즌,사계절,185520,2253,70720760,79000,7639,32520.0,32451.0,33114.0,1417187280,14656080000,17210667,177987000,31390,60,73225,2411291598,559112384,5784775000,39.47,1.15,0,29.2
2024,2024-07-28,여름_가성비 수트셋업,01_시즌,여름,58530,565,68439522,214000,41122,135863.0,138631.0,136684.0,2406870660,12525420000,23233930,120910000,121132,43,39610,5668923660,1628505002,8476540000,67.67,1.46,0,29.2
2024,2024-07-28,여름_고가 수트셋업,01_시즌,여름,12149,204,28643280,315000,59526,169043.0,167788.0,178907.0,723181374,3826935000,12143304,64260000,140408,55,6216,1027549714,367583558,1949013000,51.16,0.78,0,29.2
2024,2024-07-28,여름_디자인반팔티셔츠,01_시즌,여름,24883,871,26153715,99000,9960,30698.0,33131.0,37130.0,247834680,2463417000,8675160,86229000,30027,70,14763,554050822,147038920,1461537000,59.33,1.44,0,29.2
2024,2024-07-28,여름_디자인팬츠,01_시즌,여름,26824,475,30635234,129000,16301,59815.0,61368.0,64394.0,437258024,3460296000,7742975,61275000,64495,50,16150,1182551738,261036425,2083350000,60.21,1.86,0,29.2
2024,2024-07-28,여름_반바지,01_시즌,여름,22178,1072,26202350,79000,11003,27216.0,32058.0,32862.0,244024534,1752062000,11795216,84688000,24442,69,7585,247672267,83506515,599215000,34.2,0.58,0,29.2
2024,2024-07-28,여름_반팔스웨터,01_시즌,여름,87512,2083,79876637,106500,13816,43639.0,44849.0,49163.0,1209065792,9320028000,28778728,221839500,38347,64,63091,2933157080,871606836,6716029000,72.09,1.48,0,29.2
2024,2024-07-28,여름_반팔티셔츠,01_시즌,여름,122022,4626,101587034,79000,8098,26054.0,28566.0,31427.0,988134156,9639738000,37461348,365454000,21960,72,66826,2144016823,539874052,5279254000,54.77,1.43,0,29.2
2024,2024-07-28,여름_자켓,01_시즌,여름,27445,317,50689060,311857,40036,169958.0,171624.0,173409.0,1098788020,8558915365,12691412,98858669,159902,49,16827,3029402016,671565192,5243246359,61.31,1.9,0,29.2
2024,2024-07-28,여름_점퍼,01_시즌,여름,20539,56,7363687,249000,30239,111379.0,113179.0,125676.0,621078821,5114211000,1693384,13944000,131494,47,14593,1765746402,440892607,3633657000,71.05,1.87,0,29.2
2024,2024-07-28,여름_캐주얼셔츠,01_시즌,여름,62081,1619,46655744,82334,9223,31798.0,34098.0,37344.0,572573063,5111377054,14932037,133298746,28818,65,38305,1348410917,353485655,3155398088,61.7,1.52,0,29.2
2024,2024-07-28,여름_팬츠,01_시즌,여름,84786,2814,93076585,99000,11930,36429.0,39595.0,43278.0,1011496980,8393814000,33571020,278586000,33076,67,55117,2451108316,652810532,5456583000,65.01,1.56,0,29.2
2024,2024-08-04,가을_가성비 수트셋업,01_시즌,가을,23878,435,73353130,214000,38546,170138.0,169600.0,136887.0,920401388,5109892000,16767510,93090000,168628,21,1116,186903034,42970588,238824000,4.67,0.14,0,29.8
2024,2024-08-04,가을_대물량이너,01_시즌,가을,14694,668,35260800,84000,13811,46750.0,44369.0,40004.0,202938834,1234296000,9225748,56112000,52786,37,5027,262017350,67714107,420093000,34.21,0.84,0,29.8
2024,2024-08-04,가을_이너,01_시즌,가을,17546,1288,50664200,94000,10134,39204.0,37702.0,34080.0,177811164,1649324000,13052592,121072000,39336,58,5578,233879900,56190601,523417000,31.79,0.88,0,29.8
2024,2024-08-04,가을_캐주얼셔츠,01_시즌,가을,9036,88,5561600,79000,8819,63200.0,57628.0,46106.0,79688484,713844000,776072,6952000,63200,20,177,11225900,1554110,13983000,1.96,0.11,0,29.8
2024,2024-08-04,가을_팬츠,01_시즌,가을,9670,105,8305800,99000,10944,79103.0,76840.0,59531.0,105828480,957330000,1149120,10395000,79103,20,342,26973800,3642834,33858000,3.54,0.2,0,29.8
2024,2024-08-04,겨울_가성비 수트셋업,01_시즌,겨울,11078,18,3722000,214000,39991,214000.0,177872.0,158950.0,443020298,2370692000,719838,3852000,206778,3,42,8698200,1663854,8988000,0.38,0.01,0,29.8
2024,2024-08-04,사계절_가성비 수트셋업,01_시즌,사계절,63577,1230,137601469,199000,32310,111656.0,105895.0,106885.0,2054172870,12651823000,39741300,244770000,111871,44,31218,3480995305,1010337020,6212382000,49.1,1.05,0,29.8
2024,2024-08-04,사계절_데님셋업,01_시즌,사계절,16956,145,6763911,139000,17222,63430.0,62148.0,66851.0,292016232,2356884000,2497190,20155000,46648,66,11681,648579379,201147404,1623379000,68.89,1.33,0,29.8
2024,2024-08-04,사계절_셋업셔츠,01_시즌,사계절,185520,2678,78406800,79000,7639,30576.0,30681.0,33114.0,1417187280,14656080000,20457242,211562000,29278,63,75903,2489698398,579569626,5996337000,40.91,1.19,0,29.8
2024,2024-08-04,여름_가성비 수트셋업,01_시즌,여름,58530,697,84221103,214000,41122,136624.0,132868.0,136684.0,2406870660,12525420000,28662034,149158000,120834,44,40307,5753144763,1657167036,8625698000,68.87,1.48,0,29.8
2024,2024-08-04,여름_고가 수트셋업,01_시즌,여름,12149,204,28131800,315000,59526,164498.0,156226.0,178907.0,723181374,3826935000,12143304,64260000,137901,56,6420,1055681514,379726862,2013273000,52.84,0.8,0,29.8
2024,2024-08-04,여름_디자인반팔티셔츠,01_시즌,여름,24883,1505,45664038,99000,9960,30828.0,30810.0,37130.0,247834680,2463417000,14989800,148995000,30342,69,16268,599714860,162028720,1610532000,65.38,1.55,0,29.8
2024,2024-08-04,여름_디자인팬츠,01_시즌,여름,26824,472,31248834,129000,16301,61441.0,60404.0,64394.0,437258024,3460296000,7694072,60888000,66205,49,16622,1213800572,268730497,2144238000,61.97,1.91,0,29.8
2024,2024-08-04,여름_반바지,01_시즌,여름,22178,1471,38073620,79000,11003,27876.0,26299.0,32862.0,244024534,1752062000,16185413,116209000,25883,67,9056,285745887,99691928,715424000,40.83,0.66,0,29.8
2024,2024-08-04,여름_반팔스웨터,01_시즌,여름,87512,2335,90116272,106500,13816,43476.0,43487.0,49163.0,1209065792,9320028000,32260360,248677500,38594,64,65426,3023273352,903867196,6964706500,74.76,1.53,0,29.8
2024,2024-08-04,여름_반팔티셔츠,01_시즌,여름,122022,5051,112469767,79000,8098,26029.0,25925.0,31427.0,988134156,9639738000,40902998,399029000,22267,72,71877,2256486590,580777050,5678283000,58.9,1.49,0,29.8
2024,2024-08-04,여름_자켓,01_시즌,여름,27445,338,54020754,311857,40036,166511.0,161502.0,173409.0,1098788020,8558915365,13532168,105407666,159825,49,17165,3083422770,685097360,5348654025,62.54,1.93,0,29.8
2024,2024-08-04,여름_점퍼,01_시즌,여름,20539,41,1685664,249000,30239,102933.0,105531.0,125676.0,621078821,5114211000,1239799,10209000,41114,83,14634,1767432066,442132406,3643866000,71.25,1.88,0,29.8
2024,2024-08-04,여름_캐주얼셔츠,01_시즌,여름,62081,1561,45661280,82334,9223,34454.0,32331.0,37344.0,572573063,5111377054,14397103,128523374,29251,64,39866,1394072197,367882758,3283921462,64.22,1.57,0,29.8
2024,2024-08-04,여름_팬츠,01_시즌,여름,84786,3269,113327166,99000,11930,37638.0,36834.0,43278.0,1011496980,8393814000,38999170,323631000,34667,65,58386,2564435482,691809702,5780214000,68.86,1.62,0,29.8
2024,2024-08-11,가을_가성비 수트셋업,01_시즌,가을,23878,368,61094100,214000,38546,168572.0,169600.0,136887.0,920401388,5109892000,14184928,78752000,166017,22,1484,247997134,57155516,317576000,6.21,0.18,0,30.3
2024,2024-08-11,가을_대물량이너,01_시즌,가을,14694,710,31453590,84000,13811,43574.0,44369.0,40004.0,202938834,1234296000,9805810,59640000,44301,47,5737,293470940,77519917,479733000,39.04,0.93,0,30.3
2024,2024-08-11,가을_이너,01_시즌,가을,17546,602,27394000,94000,10134,37760.0,37702.0,34080.0,177811164,1649324000,6100668,56588000,45505,52,6180,261273900,62291269,580005000,35.22,0.99,0,30.3
2024,2024-08-11,가을_캐주얼셔츠,01_시즌,가을,9036,95,5918200,79000,8819,62075.0,57628.0,46106.0,79688484,713844000,837805,7505000,62297,21,272,17144100,2391915,21488000,3.01,0.17,0,30.3
2024,2024-08-11,가을_팬츠,01_시즌,가을,9670,138,10785050,99000,10944,78153.0,76840.0,59531.0,105828480,957330000,1510272,13662000,78153,21,480,37758850,5153106,47520000,4.96,0.28,0,30.3
2024,2024-08-11,겨울_가성비 수트셋업,01_시즌,겨울,39882,17,3145000,214000,36785,182472.0,174536.0,165241.0,1467059370,8534748000,625345,3638000,185000,14,59,11843200,2289199,12626000,0.15,0.01,0,30.3
2024,2024-08-11,겨울_기모맨투맨셋업,01_시즌,겨울,4853,0,0,59000,5793,,46952.0,43447.0,28113429,286327000,0,0,46952,20,0,0,0,0,0.0,0.0,0,30.3
2024,2024-08-11,겨울_아우터,01_시즌,겨울,2880,0,0,299000,39037,,235462.0,214755.0,112426560,861120000,0,0,235462,21,0,0,0,0,0.0,0.0,0,30.3
2024,2024-08-11,겨울_아우터셔츠,01_시즌,겨울,17629,46,3634000,85667,9795,79000.0,85197.0,59796.0,172676055,1510223543,450570,3940682,79000,8,46,3634000,450570,3940682,0.26,0.02,0,30.3
2024,2024-08-11,겨울_팬츠,01_시즌,겨울,4562,0,0,99000,10878,,81342.0,59970.0,49625436,451638000,0,0,81342,18,0,0,0,0,0.0,0.0,0,30.3
2024,2024-08-11,사계절_가성비 수트셋업,01_시즌,사계절,63577,1068,113571190,199000,32310,102702.0,105895.0,106885.0,2054172870,12651823000,34507080,212532000,106340,47,32286,3594566495,1044844100,6424914000,50.78,1.08,0,30.3
2024,2024-08-11,사계절_데님셋업,01_시즌,사계절,16956,152,7103666,139000,17222,61775.0,62148.0,66851.0,292016232,2356884000,2617744,21128000,46735,66,11833,655683045,203765148,1644507000,69.79,1.34,0,30.3
2024,2024-08-11,사계절_셋업셔츠,01_시즌,사계절,185520,2175,66448703,79000,7639,32072.0,30681.0,33114.0,1417187280,14656080000,16614825,171825000,30551,61,78078,2556147101,596184451,6168162000,42.09,1.22,0,30.3
2024,2024-08-11,여름_가성비 수트셋업,01_시즌,여름,58530,676,76295690,214000,41122,130704.0,132868.0,136684.0,2406870660,12525420000,27798472,144664000,112863,47,40983,5829440453,1684965508,8770362000,70.02,1.5,0,30.3
2024,2024-08-11,여름_고가 수트셋업,01_시즌,여름,12149,182,24507748,315000,59526,156062.0,156226.0,178907.0,723181374,3826935000,10833732,57330000,134658,57,6602,1080189262,390560594,2070603000,54.34,0.82,0,30.3
2024,2024-08-11,여름_디자인반팔티셔츠,01_시즌,여름,24883,921,26650838,99000,9960,30686.0,30810.0,37130.0,247834680,2463417000,9173160,91179000,28937,71,17189,626365698,171201880,1701711000,69.08,1.61,0,30.3
2024,2024-08-11,여름_디자인팬츠,01_시즌,여름,26824,389,25548714,129000,16301,57549.0,60404.0,64394.0,437258024,3460296000,6341089,50181000,65678,49,17011,1239349286,275071586,2194419000,63.42,1.95,0,30.3
2024,2024-08-11,여름_반바지,01_시즌,여름,22178,1117,29521550,79000,11003,27642.0,26299.0,32862.0,244024534,1752062000,12290351,88243000,26429,67,10173,315267437,111982279,803667000,45.87,0.72,0,30.3
2024,2024-08-11,여름_반팔스웨터,01_시즌,여름,87512,1830,64764003,106500,13816,44763.0,43487.0,49163.0,1209065792,9320028000,25283280,194895000,35390,67,67256,3088037355,929150476,7159601500,76.85,1.55,0,30.3
2024,2024-08-11,여름_반팔티셔츠,01_시즌,여름,122022,4362,94762797,79000,8098,25532.0,25925.0,31427.0,988134156,9639738000,35323476,344598000,21725,73,76239,2351249387,616100526,6022881000,62.48,1.54,0,30.3
2024,2024-08-11,여름_자켓,01_시즌,여름,27445,230,36461020,311857,40036,159155.0,161502.0,173409.0,1098788020,8558915365,9208280,71727110,158526,49,17395,3119883790,694305640,5420381135,63.38,1.95,0,30.3
2024,2024-08-11,여름_점퍼,01_시즌,여름,20539,119,12805900,249000,30239,116616.0,105531.0,125676.0,621078821,5114211000,3598441,29631000,107613,57,14753,1780237966,445730847,3673497000,71.83,1.89,0,30.3
2024,2024-08-11,여름_캐주얼셔츠,01_시즌,여름,62081,1381,40541360,82334,9223,32310.0,32331.0,37344.0,572573063,5111377054,12736963,113703254,29357,64,41247,1434613557,380619721,3397624716,66.44,1.61,0,30.3
2024,2024-08-11,여름_팬츠,01_시즌,여름,84786,2276,74660072,99000,11930,36255.0,36834.0,43278.0,1011496980,8393814000,27152680,225324000,32803,67,60662,2639095554,718962382,6005538000,71.55,1.66,0,30.3
2024,2024-08-18,가을_가성비 수트셋업,01_시즌,가을,23878,526,88588920,214000,38546,170170.0,169600.0,136887.0,920401388,5109892000,20275196,112564000,168420,21,2010,336586054,77430712,430140000,8.42,0.25,0,29.1
2024,2024-08-18,가을_대물량이너,01_시즌,가을,14694,504,24863636,84000,13811,44138.0,44369.0,40004.0,202938834,1234296000,6960744,42336000,49333,41,6241,318334576,84480661,522069000,42.47,1.01,0,29.1
2024,2024-08-18,가을_아우터,01_시즌,가을,2817,0,0,199000,28588,,159200.0,104970.0,80532396,560583000,0,0,159200,20,0,0,0,0,0.0,0.0,0,29.1
2024,2024-08-18,가을_이너,01_시즌,가을,17546,601,30142000,94000,10134,38398.0,37702.0,34080.0,177811164,1649324000,6090534,56494000,50153,47,6781,291415900,68381803,636499000,38.65,1.11,0,29.1
2024,2024-08-18,가을_캐주얼셔츠,01_시즌,가을,9036,24,1272800,79000,8819,46478.0,57628.0,46106.0,79688484,713844000,211656,1896000,53033,33,296,18416900,2603571,23384000,3.28,0.18,0,29.1
2024,2024-08-18,가을_팬츠,01_시즌,가을,9670,122,9196800,99000,10944,75384.0,76840.0,59531.0,105828480,957330000,1335168,12078000,75384,24,602,46955650,6488274,59598000,6.23,0.34,0,29.1
2024,2024-08-18,겨울_가성비 수트셋업,01_시즌,겨울,39882,323,53465600,214000,36785,170546.0,174536.0,165241.0,1467059370,8534748000,11881555,69122000,165528,23,382,65308800,14170754,81748000,0.96,0.03,0,29.1
2024,2024-08-18,겨울_기모맨투맨셋업,01_시즌,겨울,4853,28,1321600,59000,5793,47200.0,46952.0,43447.0,28113429,286327000,162204,1652000,47200,20,28,1321600,162204,1652000,0.58,0.04,0,29.1
2024,2024-08-18,겨울_아우터,01_시즌,겨울,9158,36,8611200,274000,40752,239200.0,242231.0,184832.0,373206816,2509292000,1467072,9864000,239200,13,36,8611200,1467072,9864000,0.39,0.02,0,29.1
2024,2024-08-18,겨울_아우터셔츠,01_시즌,겨울,17629,59,3450980,85667,9795,105242.0,85197.0,59796.0,172676055,1510223543,577905,5054353,58491,32,105,7084980,1028475,8995035,0.6,0.03,0,29.1
2024,2024-08-18,겨울_팬츠,01_시즌,겨울,7535,88,7306200,99000,12705,89100.0,81342.0,59970.0,95732175,745965000,1118040,8712000,83025,16,88,7306200,1118040,8712000,1.17,0.06,0,29.1
2024,2024-08-18,겨울_해비아우터,01_시즌,겨울,3090,0,0,109000,15100,,,85242.0,46659000,336810000,0,0,85242,22,0,0,0,0,0.0,0.0,0,29.1
2024,2024-08-18,사계절_가성비 수트셋업,01_시즌,사계절,63577,1218,127851784,199000,32310,103486.0,105895.0,106885.0,2054172870,12651823000,39353580,242382000,104969,47,33504,3722418279,1084197680,6667296000,52.7,1.12,0,29.1
2024,2024-08-18,사계절_데님셋업,01_시즌,사계절,16956,158,8784854,139000,17222,61379.0,62148.0,66851.0,292016232,2356884000,2721076,21962000,55600,60,11991,664467899,206486224,1666469000,70.72,1.36,0,29.1
2024,2024-08-18,사계절_셋업셔츠,01_시즌,사계절,185520,2983,89516349,79000,7639,30799.0,30681.0,33114.0,1417187280,14656080000,22787137,235657000,30009,62,81061,2645663450,618971588,6403819000,43.69,1.26,0,29.1
2024,2024-08-18,여름_가성비 수트셋업,01_시즌,여름,58530,715,82630788,214000,41122,133150.0,132868.0,136684.0,2406870660,12525420000,29402230,153010000,115568,46,41698,5912071241,1714367738,8923372000,71.24,1.52,0,29.1
2024,2024-08-18,여름_고가 수트셋업,01_시즌,여름,12149,181,25119140,315000,59526,160906.0,156226.0,178907.0,723181374,3826935000,10774206,57015000,138780,56,6783,1105308402,401334800,2127618000,55.83,0.83,0,29.1
2024,2024-08-18,여름_디자인반팔티셔츠,01_시즌,여름,24883,668,20494930,99000,9960,31334.0,30810.0,37130.0,247834680,2463417000,6653280,66132000,30681,69,17857,646860628,177855160,1767843000,71.76,1.66,0,29.1
2024,2024-08-18,여름_디자인팬츠,01_시즌,여름,26824,453,29508940,129000,16301,61190.0,60404.0,64394.0,437258024,3460296000,7384353,58437000,65141,50,17464,1268858226,282455939,2252856000,65.11,1.99,0,29.1
2024,2024-08-18,여름_반바지,01_시즌,여름,22178,752,18215650,79000,11003,27233.0,26299.0,32862.0,244024534,1752062000,8274256,59408000,24223,69,10925,333483087,120256535,863075000,49.26,0.75,0,29.1
2024,2024-08-18,여름_반팔스웨터,01_시즌,여름,87512,1737,64976279,106500,13816,43722.0,43487.0,49163.0,1209065792,9320028000,23998392,184990500,37407,65,68993,3153013634,953148868,7344592000,78.84,1.58,0,29.1
2024,2024-08-18,여름_반팔티셔츠,01_시즌,여름,122022,2673,64678712,79000,8098,26253.0,25925.0,31427.0,988134156,9639738000,21645954,211167000,24197,69,78912,2415928099,637746480,6234048000,64.67,1.58,0,29.1
2024,2024-08-18,여름_자켓,01_시즌,여름,27445,316,49314328,311857,40036,161337.0,161502.0,173409.0,1098788020,8558915365,12651376,98546812,156058,50,17711,3169198118,706957016,5518927947,64.53,1.98,0,29.1
2024,2024-08-18,여름_점퍼,01_시즌,여름,20539,52,4186766,249000,30239,83504.0,105531.0,125676.0,621078821,5114211000,1572428,12948000,80515,68,14805,1784424732,447303275,3686445000,72.08,1.89,0,29.1
2024,2024-08-18,여름_캐주얼셔츠,01_시즌,여름,62081,1409,41038295,82334,9223,32331.0,32331.0,37344.0,572573063,5111377054,12995207,116008606,29126,65,42656,1475651852,393614928,3513633322,68.71,1.66,0,29.1
2024,2024-08-18,여름_팬츠,01_시즌,여름,84786,1763,59073275,99000,11930,36468.0,36834.0,43278.0,1011496980,8393814000,21032590,174537000,33507,66,62425,2698168829,739994972,6180075000,73.63,1.69,0,29.1
2024,2024-08-25,가을_가성비 수트셋업,01_시즌,가을,23878,700,116751980,214000,38546,169520.0,169600.0,136887.0,920401388,5109892000,26982200,149800000,166789,22,2710,453338034,104412912,579940000,11.35,0.33,0,27.9
2024,2024-08-25,가을_대물량이너,01_시즌,가을,14694,435,21729216,84000,13811,43014.0,44369.0,40004.0,202938834,1234296000,6007785,36540000,49952,41,6676,340063792,90488446,558609000,45.43,1.08,0,27.9
2024,2024-08-25,가을_아우터,01_시즌,가을,5216,102,18238400,249000,33745,199200.0,199200.0,124636.0,176013920,1298784000,3441990,25398000,178808,28,102,18238400,3441990,25398000,1.96,0.07,0,27.9
2024,2024-08-25,가을_이너,01_시즌,가을,22583,695,23806200,94000,10327,35542.0,37702.0,34080.0,233214641,2122802000,7177265,65330000,34254,64,7476,315222100,75559068,701829000,33.1,0.9,0,27.9
2024,2024-08-25,가을_캐주얼셔츠,01_시즌,가을,9036,84,4946300,79000,8819,58760.0,57628.0,46106.0,79688484,713844000,740796,6636000,58885,25,380,23363200,3344367,30020000,4.21,0.22,0,27.9
2024,2024-08-25,가을_팬츠,01_시즌,가을,12470,256,20010740,114000,15248,88959.0,90020.0,61711.0,190142560,1421580000,3903488,29184000,78167,31,858,66966390,10391762,88782000,6.88,0.27,0,27.9
2024,2024-08-25,겨울_가성비 수트셋업,01_시즌,겨울,44247,167,28649000,228167,39526,169921.0,174536.0,165241.0,1748906922,10095705249,6600842,38103889,171551,25,549,93957800,20771596,119851889,1.24,0.04,0,27.9
2024,2024-08-25,겨울_고가 수트셋업,01_시즌,겨울,7952,0,0,324000,57748,,,223072.0,459212096,2576448000,0,0,223072,31,0,0,0,0,0.0,0.0,0,27.9
2024,2024-08-25,겨울_기모맨투맨셋업,01_시즌,겨울,17475,57,3312300,84000,8726,71710.0,71834.0,50094.0,152486850,1467900000,497382,4788000,58111,31,85,4633900,659586,6440000,0.49,0.02,0,27.9
2024,2024-08-25,겨울_아우터,01_시즌,겨울,9338,35,8507700,274000,40752,240362.0,242231.0,184832.0,380542176,2558612000,1426320,9590000,243077,11,71,17118900,2893392,19454000,0.76,0.03,0,27.9
2024,2024-08-25,겨울_아우터셔츠,01_시즌,겨울,17629,69,4494100,85667,9795,67219.0,85197.0,59796.0,172676055,1510223543,675855,5911023,65132,24,174,11579080,1704330,14906058,0.99,0.05,0,27.9
2024,2024-08-25,겨울_팬츠,01_시즌,겨울,7535,49,3114600,99000,12705,73584.0,81342.0,59970.0,95732175,745965000,622545,4851000,63563,36,137,10420800,1740585,13563000,1.82,0.08,0,27.9
2024,2024-08-25,겨울_해비아우터,01_시즌,겨울,5423,0,0,179000,22166,,,112226.0,120206218,970717000,0,0,112226,37,0,0,0,0,0.0,0.0,0,27.9
2024,2024-08-25,사계절_가성비 수트셋업,01_시즌,사계절,63577,1203,129012148,199000,32310,105736.0,105895.0,106885.0,2054172870,12651823000,38868930,239397000,107242,46,34707,3851430427,1123066610,6906693000,54.59,1.16,0,27.9
2024,2024-08-25,사계절_데님셋업,01_시즌,사계절,21140,108,5263240,139000,17876,57162.0,62148.0,66851.0,377898640,2938460000,1930608,15012000,48734,65,12099,669731139,208416832,1681481000,57.23,1.06,0,27.9
2024,2024-08-25,사계절_셋업셔츠,01_시즌,사계절,185520,2913,81231547,79000,7639,29276.0,30681.0,33114.0,1417187280,14656080000,22252407,230127000,27886,65,83974,2726894997,641223995,6633946000,45.26,1.3,0,27.9
2024,2024-08-25,여름_가성비 수트셋업,01_시즌,여름,58530,723,81225750,214000,41122,130994.0,132868.0,136684.0,2406870660,12525420000,29731206,154722000,112345,48,42421,5993296991,1744098944,9078094000,72.48,1.54,0,27.9
2024,2024-08-25,여름_고가 수트셋업,01_시즌,여름,12149,140,18656820,315000,59526,144864.0,156226.0,178907.0,723181374,3826935000,8333640,44100000,133263,58,6923,1123965222,409668440,2171718000,56.98,0.85,0,27.9
2024,2024-08-25,여름_디자인반팔티셔츠,01_시즌,여름,24883,421,12500403,99000,9960,30388.0,30810.0,37130.0,247834680,2463417000,4193160,41679000,29692,70,18278,659361031,182048320,1809522000,73.46,1.68,0,27.9
2024,2024-08-25,여름_디자인팬츠,01_시즌,여름,26824,361,23908580,129000,16301,61436.0,60404.0,64394.0,437258024,3460296000,5884661,46569000,66229,49,17825,1292766806,288340600,2299425000,66.45,2.03,0,27.9
2024,2024-08-25,여름_반바지,01_시즌,여름,22178,594,12428600,79000,11003,22443.0,26299.0,32862.0,244024534,1752062000,6535782,46926000,20924,74,11519,345911687,126792317,910001000,51.94,0.77,0,27.9
2024,2024-08-25,여름_반팔스웨터,01_시즌,여름,87512,1069,39463806,106500,13816,41989.0,43487.0,49163.0,1209065792,9320028000,14769304,113848500,36917,65,70062,3192477440,967918172,7458440500,80.06,1.6,0,27.9
2024,2024-08-25,여름_반팔티셔츠,01_시즌,여름,122022,3591,77271033,79000,8098,25886.0,25925.0,31427.0,988134156,9639738000,29079918,283689000,21518,73,82503,2493199132,666826398,6517737000,67.61,1.62,0,27.9
2024,2024-08-25,여름_자켓,01_시즌,여름,27445,281,44144660,311857,40036,159004.0,161502.0,173409.0,1098788020,8558915365,11250116,87631817,157098,50,17992,3213342778,718207132,5606559764,65.56,2.0,0,27.9
2024,2024-08-25,여름_점퍼,01_시즌,여름,20539,119,12653862,249000,30239,110143.0,105531.0,125676.0,621078821,5114211000,3598441,29631000,106335,57,14924,1797078594,450901716,3716076000,72.66,1.9,0,27.9
2024,2024-08-25,여름_캐주얼셔츠,01_시즌,여름,62081,1136,32724485,82334,9223,30229.0,32331.0,37344.0,572573063,5111377054,10477328,93531424,28807,65,43792,1508376337,404092256,3607164746,70.54,1.69,0,27.9
2024,2024-08-25,여름_팬츠,01_시즌,여름,84786,1618,54367637,99000,11930,36974.0,36834.0,43278.0,1011496980,8393814000,19302740,160182000,33602,66,64043,2752536466,759297712,6340257000,75.53,1.72,0,27.9
2024,2024-09-01,가을_가성비 수트셋업,01_시즌,가을,23878,820,136708330,214000,38546,167530.0,152723.0,136887.0,920401388,5109892000,31607720,175480000,166717,22,3530,590046364,136020632,755420000,14.78,0.44,0,26.2
2024,2024-09-01,가을_대물량이너,01_시즌,가을,14694,409,17474578,84000,13811,43304.0,35551.0,40004.0,202938834,1234296000,5648699,34356000,42725,49,7085,357538370,96137145,592965000,48.22,1.13,0,26.2
2024,2024-09-01,가을_아우터,01_시즌,가을,5216,79,16576800,249000,33745,199200.0,178702.0,124636.0,176013920,1298784000,2665855,19671000,209833,16,181,34815200,6107845,45069000,3.47,0.15,0,26.2
2024,2024-09-01,가을_이너,01_시즌,가을,22583,580,23265630,94000,10596,37827.0,35214.0,34080.0,239289468,2122802000,6145680,54520000,40113,57,8056,338487730,81704748,756349000,35.67,0.94,0,26.2
2024,2024-09-01,가을_캐주얼셔츠,01_시즌,가을,9036,100,6173100,79000,8819,61630.0,53441.0,46106.0,79688484,713844000,881900,7900000,61731,22,480,29536300,4226267,37920000,5.31,0.28,0,26.2
2024,2024-09-01,가을_팬츠,01_시즌,가을,12470,382,30117780,114000,15248,89516.0,77512.0,61711.0,190142560,1421580000,5824736,43548000,78842,31,1240,97084170,16216498,132330000,9.94,0.38,0,26.2
2024,2024-09-01,겨울_가성비 수트셋업,01_시즌,겨울,47571,466,79027640,228167,39532,169596.0,178010.0,165241.0,1880576772,10854132357,18421912,106325822,169587,26,1015,172985440,39193508,226177711,2.13,0.06,0,26.2
2024,2024-09-01,겨울_고가 수트셋업,01_시즌,겨울,7952,67,15601200,324000,57748,254420.0,254086.0,223072.0,459212096,2576448000,3869116,21708000,232854,28,67,15601200,3869116,21708000,0.84,0.02,0,26.2
2024,2024-09-01,겨울_기모맨투맨셋업,01_시즌,겨울,28303,47,3026500,97000,12069,67362.0,75873.0,55719.0,341588907,2745391000,567243,4559000,64394,34,132,7660400,1226829,10999000,0.47,0.02,0,26.2
2024,2024-09-01,겨울_아우터,01_시즌,겨울,9338,215,43994040,274000,40752,215176.0,215417.0,184832.0,380542176,2558612000,8761680,58910000,204623,25,286,61112940,11655072,78364000,3.06,0.12,0,26.2
2024,2024-09-01,겨울_아우터셔츠,01_시즌,겨울,17629,138,9469880,85667,9789,67799.0,73207.0,59796.0,172570281,1510223543,1350882,11822046,68622,20,312,21048960,3055212,26728104,1.77,0.09,0,26.2
2024,2024-09-01,겨울_팬츠,01_시즌,겨울,7535,75,5532700,99000,12705,69660.0,74650.0,59970.0,95732175,745965000,952875,7425000,73769,25,212,15953500,2693460,20988000,2.81,0.12,0,26.2
2024,2024-09-01,겨울_해비아우터,01_시즌,겨울,5423,14,1892800,179000,24896,143200.0,151482.0,112226.0,135011008,970717000,348544,2506000,135200,24,14,1892800,348544,2506000,0.26,0.01,0,26.2
2024,2024-09-01,사계절_가성비 수트셋업,01_시즌,사계절,63577,1306,137009561,199000,32310,104140.0,103521.0,106885.0,2054172870,12651823000,42196860,259894000,104908,47,36013,3988439988,1165263470,7166587000,56.64,1.2,0,26.2
2024,2024-09-01,사계절_데님셋업,01_시즌,사계절,21140,193,12031175,139000,17876,67138.0,68742.0,66851.0,377898640,2938460000,3450068,26827000,62338,55,12292,681762314,211866900,1708308000,58.15,1.08,0,26.2
2024,2024-09-01,사계절_셋업셔츠,01_시즌,사계절,185520,3268,90007775,79000,7628,27801.0,29739.0,33114.0,1415146560,14656080000,24928304,258172000,27542,65,87242,2816902772,666152299,6892118000,47.03,1.34,0,26.2
2024,2024-09-01,여름_가성비 수트셋업,01_시즌,여름,58530,1112,80683090,214000,41122,73626.0,74297.0,136684.0,2406870660,12525420000,45727664,237968000,72557,66,43533,6073980081,1789826608,9316062000,74.38,1.55,0,26.2
2024,2024-09-01,여름_고가 수트셋업,01_시즌,여름,12149,150,14307910,315000,59526,118198.0,120422.0,178907.0,723181374,3826935000,8928900,47250000,95386,70,7073,1138273132,418597340,2218968000,58.22,0.85,0,26.2
2024,2024-09-01,여름_디자인반팔티셔츠,01_시즌,여름,24883,410,10239992,99000,9960,25718.0,24602.0,37130.0,247834680,2463417000,4083600,40590000,24976,75,18688,669601023,186131920,1850112000,75.1,1.71,0,26.2
2024,2024-09-01,여름_디자인팬츠,01_시즌,여름,26824,363,26036286,129000,16301,57700.0,57405.0,64394.0,437258024,3460296000,5917263,46827000,71725,44,18188,1318803092,294257863,2346252000,67.8,2.07,0,26.2
2024,2024-09-01,여름_반바지,01_시즌,여름,22178,677,13621440,79000,11003,23056.0,22566.0,32862.0,244024534,1752062000,7449031,53483000,20120,75,12196,359533127,134241348,963484000,54.99,0.79,0,26.2
2024,2024-09-01,여름_반팔스웨터,01_시즌,여름,87512,1151,39721920,106500,13816,38578.0,37233.0,49163.0,1209065792,9320028000,15902216,122581500,34511,68,71213,3232199360,983820388,7581022000,81.38,1.62,0,26.2
2024,2024-09-01,여름_반팔티셔츠,01_시즌,여름,122022,2275,44712779,79000,8098,20660.0,19656.0,31427.0,988134156,9639738000,18422950,179725000,19654,75,84778,2537911911,685249348,6697462000,69.48,1.64,0,26.2
2024,2024-09-01,여름_자켓,01_시즌,여름,27445,366,45697610,311857,40036,130402.0,131183.0,173409.0,1098788020,8558915365,14653176,114139662,124857,60,18358,3259040388,732860308,5720699426,66.89,2.03,0,26.2
2024,2024-09-01,여름_점퍼,01_시즌,여름,20539,192,20178923,249000,30239,122272.0,115170.0,125676.0,621078821,5114211000,5805888,47808000,105099,58,15116,1817257517,456707604,3763884000,73.6,1.92,0,26.2
2024,2024-09-01,여름_캐주얼셔츠,01_시즌,여름,62081,922,20656632,82334,9223,27168.0,25716.0,37344.0,572573063,5111377054,8503606,75911948,22404,73,44714,1529032969,412595862,3683076694,72.03,1.71,0,26.2
2024,2024-09-01,여름_팬츠,01_시즌,여름,84786,1464,44311219,99000,11930,31256.0,28631.0,43278.0,1011496980,8393814000,17465520,144936000,30267,69,65507,2796847685,776763232,6485193000,77.26,1.75,0,26.2
2024,2024-09-08,가을_가성비 수트셋업,01_시즌,가을,23878,1072,177544200,214000,38546,166143.0,152723.0,136887.0,920401388,5109892000,41321312,229408000,165620,23,4602,767590564,177341944,984828000,19.27,0.57,0,27.6
2024,2024-09-08,가을_대물량이너,01_시즌,가을,14694,280,11855595,84000,13811,37848.0,35551.0,40004.0,202938834,1234296000,3867080,23520000,42341,50,7365,369393965,100004225,616485000,50.12,1.16,0,27.6
2024,2024-09-08,가을_아우터,01_시즌,가을,5216,47,8761240,249000,33745,193022.0,178702.0,124636.0,176013920,1298784000,1586015,11703000,186409,25,228,43576440,7693860,56772000,4.37,0.18,0,27.6
2024,2024-09-08,가을_이너,01_시즌,가을,22583,242,9356200,94000,10596,34967.0,35214.0,34080.0,239289468,2122802000,2564232,22748000,38662,59,8298,347843930,84268980,779097000,36.74,0.97,0,27.6
2024,2024-09-08,가을_캐주얼셔츠,01_시즌,가을,9036,144,8987100,79000,8819,62416.0,53441.0,46106.0,79688484,713844000,1269936,11376000,62410,21,624,38523400,5496203,49296000,6.91,0.37,0,27.6
2024,2024-09-08,가을_팬츠,01_시즌,가을,12470,276,21918540,114000,15248,88289.0,77512.0,61711.0,190142560,1421580000,4208448,31464000,79415,30,1516,119002710,20424946,163794000,12.16,0.46,0,27.6
2024,2024-09-08,겨울_가성비 수트셋업,01_시즌,겨울,47571,669,111864260,228167,39532,176548.0,178010.0,165241.0,1880576772,10854132357,26446908,152643723,167211,27,1684,284849700,65640416,378821434,3.54,0.1,0,27.6
2024,2024-09-08,겨울_고가 수트셋업,01_시즌,겨울,7952,93,22087520,324000,57748,248816.0,254086.0,223072.0,459212096,2576448000,5370564,30132000,237500,27,160,37688720,9239680,51840000,2.01,0.05,0,27.6
2024,2024-09-08,겨울_기모맨투맨셋업,01_시즌,겨울,31703,153,10750240,99000,12353,78750.0,75873.0,55719.0,391627159,3138597000,1890009,15147000,70263,29,285,18410640,3116838,26146000,0.9,0.03,0,27.6
2024,2024-09-08,겨울_스웨터,01_시즌,겨울,25578,195,15381440,99000,12770,78967.0,77894.0,58727.0,326631060,2532222000,2490150,19305000,78879,20,195,15381440,2490150,19305000,0.76,0.04,0,27.6
2024,2024-09-08,겨울_아우터,01_시즌,겨울,13742,52,9621560,274000,40002,190680.0,215417.0,184832.0,549707484,3765308000,2080104,14248000,185030,32,338,70734500,13735176,92612000,2.46,0.09,0,27.6
2024,2024-09-08,겨울_아우터셔츠,01_시즌,겨울,23225,221,14960620,96500,9946,66784.0,73207.0,59796.0,230995850,2241212500,2198066,21326500,67695,30,533,36009580,5253278,48054604,2.29,0.12,0,27.6
2024,2024-09-08,겨울_팬츠,01_시즌,겨울,33705,84,6315980,114000,14590,69976.0,88910.0,70829.0,491755950,3842370000,1225560,9576000,75190,34,296,22269480,3919020,30564000,0.88,0.03,0,27.6
2024,2024-09-08,겨울_해비스웨터,01_시즌,겨울,11183,15,1668000,149000,15338,111200.0,114222.0,75370.0,171524854,1666267000,230070,2235000,111200,25,15,1668000,230070,2235000,0.13,0.01,0,27.6
2024,2024-09-08,겨울_해비아우터,01_시즌,겨울,13146,15,1897480,191500,27106,175270.0,151482.0,112226.0,356335476,2517459000,406590,2872500,126499,34,29,3790280,755134,5378500,0.22,0.01,0,27.6
2024,2024-09-08,사계절_가성비 수트셋업,01_시즌,사계절,63577,1096,115345798,199000,32310,106009.0,103521.0,106885.0,2054172870,12651823000,35411760,218104000,105243,47,37109,4103785786,1200675230,7384691000,58.37,1.23,0,27.6
2024,2024-09-08,사계절_데님셋업,01_시즌,사계절,21140,190,11539360,139000,17876,65920.0,68742.0,66851.0,377898640,2938460000,3396440,26410000,60733,56,12482,693301674,215263340,1734718000,59.04,1.1,0,27.6
2024,2024-09-08,사계절_셋업셔츠,01_시즌,사계절,185520,2883,83813200,79000,7628,30241.0,29739.0,33114.0,1415146560,14656080000,21991524,227757000,29072,63,90125,2900715972,688143823,7119875000,48.58,1.38,0,27.6
2024,2024-09-08,여름_가성비 수트셋업,01_시즌,여름,58530,813,59940820,214000,41122,76526.0,74297.0,136684.0,2406870660,12525420000,33432186,173982000,73728,66,44346,6133920901,1823258794,9490044000,75.77,1.56,0,27.6
2024,2024-09-08,여름_고가 수트셋업,01_시즌,여름,12149,108,10767400,315000,59526,125458.0,120422.0,178907.0,723181374,3826935000,6428808,34020000,99698,68,7181,1149040532,425026148,2252988000,59.11,0.86,0,27.6
2024,2024-09-08,여름_디자인반팔티셔츠,01_시즌,여름,24883,324,7927056,99000,9960,24411.0,24602.0,37130.0,247834680,2463417000,3227040,32076000,24466,75,19012,677528079,189358960,1882188000,76.41,1.72,0,27.6
2024,2024-09-08,여름_디자인팬츠,01_시즌,여름,26824,292,20057920,129000,16301,55163.0,57405.0,64394.0,437258024,3460296000,4759892,37668000,68692,47,18480,1338861012,299017755,2383920000,68.89,2.1,0,27.6
2024,2024-09-08,여름_반바지,01_시즌,여름,22178,297,6712650,79000,11003,22726.0,22566.0,32862.0,244024534,1752062000,3267891,23463000,22602,71,12493,366245777,137509239,986947000,56.33,0.8,0,27.6
2024,2024-09-08,여름_반팔스웨터,01_시즌,여름,87512,821,25512165,106500,13816,38004.0,37233.0,49163.0,1209065792,9320028000,11342936,87436500,31075,71,72034,3257711525,995163324,7668458500,82.31,1.63,0,27.6
2024,2024-09-08,여름_반팔티셔츠,01_시즌,여름,122022,1919,37613701,79000,8098,20564.0,19656.0,31427.0,988134156,9639738000,15540062,151601000,19601,75,86697,2575525612,700789410,6849063000,71.05,1.66,0,27.6
2024,2024-09-08,여름_자켓,01_시즌,여름,27445,176,22008020,311857,40036,119202.0,131183.0,173409.0,1098788020,8558915365,7046336,54886832,125046,60,18534,3281048408,739906644,5775586258,67.53,2.04,0,27.6
2024,2024-09-08,여름_점퍼,01_시즌,여름,20539,213,18944700,249000,30239,100187.0,115170.0,125676.0,621078821,5114211000,6440907,53037000,88942,64,15329,1836202217,463148511,3816921000,74.63,1.94,0,27.6
2024,2024-09-08,여름_캐주얼셔츠,01_시즌,여름,62081,785,15880263,82334,9223,25874.0,25716.0,37344.0,572573063,5111377054,7240055,64632190,20230,75,45499,1544913232,419835917,3747708884,73.29,1.72,0,27.6
2024,2024-09-08,여름_팬츠,01_시즌,여름,84786,895,26426499,99000,11930,29519.0,28631.0,43278.0,1011496980,8393814000,10677350,88605000,29527,70,66402,2823274184,787440582,6573798000,78.32,1.76,0,27.6
2024,2024-09-15,가을_가성비 수트셋업,01_시즌,가을,23878,981,151461256,214000,38546,155310.0,152723.0,136887.0,920401388,5109892000,37813626,209934000,154395,28,5583,919051820,215155570,1194762000,23.38,0.67,1,26.5
2024,2024-09-15,가을_대물량이너,01_시즌,가을,14694,291,11033529,84000,13811,34560.0,35551.0,40004.0,202938834,1234296000,4019001,24444000,37916,55,7656,380427494,104023226,640929000,52.1,1.19,1,26.5
2024,2024-09-15,가을_아우터,01_시즌,가을,5216,67,13348520,249000,33745,185938.0,178702.0,124636.0,176013920,1298784000,2260915,16683000,199232,20,295,56924960,9954775,73455000,5.66,0.24,1,26.5
2024,2024-09-15,가을_이너,01_시즌,가을,22583,353,11091100,94000,10596,32048.0,35214.0,34080.0,239289468,2122802000,3740388,33182000,31420,67,8651,358935030,88009368,812279000,38.31,1.0,1,26.5
2024,2024-09-15,가을_캐주얼셔츠,01_시즌,가을,9036,247,12259400,79000,8819,49632.0,53441.0,46106.0,79688484,713844000,2178293,19513000,49633,37,871,50782800,7674496,68809000,9.64,0.48,1,26.5
2024,2024-09-15,가을_팬츠,01_시즌,가을,12470,442,28220910,114000,15248,76524.0,77512.0,61711.0,190142560,1421580000,6739616,50388000,63848,44,1958,147223620,27164562,214182000,15.7,0.56,1,26.5
2024,2024-09-15,겨울_가성비 수트셋업,01_시즌,겨울,47571,553,93511100,228167,39532,179622.0,178010.0,165241.0,1880576772,10854132357,21861196,126176351,169098,26,2237,378360800,87501612,504997785,4.7,0.14,1,26.5
2024,2024-09-15,겨울_고가 수트셋업,01_시즌,겨울,7952,99,23728460,324000,57748,252600.0,254086.0,223072.0,459212096,2576448000,5717052,32076000,239681,26,259,61417180,14956732,83916000,3.26,0.09,1,26.5
2024,2024-09-15,겨울_기모맨투맨셋업,01_시즌,겨울,40050,223,15206100,102333,12766,78339.0,78886.0,57805.0,511278300,4098436650,2846818,22820259,68189,33,508,33616740,5963656,48966259,1.27,0.05,1,26.5
2024,2024-09-15,겨울_스웨터,01_시즌,겨울,40032,307,23154720,99000,12459,77681.0,77894.0,58727.0,498758688,3963168000,3824913,30393000,75423,24,502,38536160,6315063,49698000,1.25,0.06,1,26.5
2024,2024-09-15,겨울_아우터,01_시즌,겨울,14541,128,27012380,225667,33732,214402.0,178011.0,149574.0,490497012,3281423847,4317696,28885376,211034,6,466,97746880,18052872,121497376,3.2,0.14,1,26.5
2024,2024-09-15,겨울_아우터셔츠,01_시즌,겨울,23225,238,17063140,96500,9946,77039.0,73207.0,59796.0,230995850,2241212500,2367148,22967000,71694,26,771,53072720,7620426,71021604,3.32,0.18,1,26.5
2024,2024-09-15,겨울_팬츠,01_시즌,겨울,35006,268,21611400,119000,15400,94041.0,92599.0,71798.0,539092400,4165714000,4127200,31892000,80640,32,564,43880880,8046220,62456000,1.61,0.06,1,26.5
2024,2024-09-15,겨울_해비스웨터,01_시즌,겨울,11183,45,5006780,149000,15338,111262.0,114222.0,75370.0,171524854,1666267000,690210,6705000,111262,25,60,6674780,920280,8940000,0.54,0.03,1,26.5
2024,2024-09-15,겨울_해비아우터,01_시즌,겨울,13146,-7,-566400,191500,27106,141750.0,151482.0,112226.0,356335476,2517459000,-189742,-1340500,80914,58,22,3223880,565392,4038000,0.17,0.01,1,26.5
2024,2024-09-15,사계절_가성비 수트셋업,01_시즌,사계절,63577,925,98142820,199000,32310,105370.0,103521.0,106885.0,2054172870,12651823000,29886750,184075000,106100,47,38034,4201928606,1230561980,7568766000,59.82,1.26,1,26.5
2024,2024-09-15,사계절_데님셋업,01_시즌,사계절,23145,199,10550908,127334,17336,73050.0,68742.0,66851.0,401241720,2947145430,3449864,25339466,53020,58,12681,703852582,218713204,1760057466,54.79,1.05,1,26.5
2024,2024-09-15,사계절_셋업셔츠,01_시즌,사계절,185520,2399,67652700,79000,7628,29996.0,29739.0,33114.0,1415146560,14656080000,18299572,189521000,28200,64,92524,2968368672,706443395,7309396000,49.87,1.41,1,26.5
2024,2024-09-15,여름_가성비 수트셋업,01_시즌,여름,58530,581,41712500,214000,41122,71944.0,74297.0,136684.0,2406870660,12525420000,23891882,124334000,71794,66,44927,6175633401,1847150676,9614378000,76.76,1.57,1,26.5
2024,2024-09-15,여름_고가 수트셋업,01_시즌,여름,12149,86,8553000,315000,59526,120400.0,120422.0,178907.0,723181374,3826935000,5119236,27090000,99453,68,7267,1157593532,430145384,2280078000,59.82,0.86,1,26.5
2024,2024-09-15,여름_디자인반팔티셔츠,01_시즌,여름,24883,323,7596748,99000,9960,24308.0,24602.0,37130.0,247834680,2463417000,3217080,31977000,23519,76,19335,685124827,192576040,1914165000,77.7,1.74,1,26.5
2024,2024-09-15,여름_디자인팬츠,01_시즌,여름,26824,204,13462800,129000,16301,54256.0,57405.0,64394.0,437258024,3460296000,3325404,26316000,65994,49,18684,1352323812,302343159,2410236000,69.65,2.12,1,26.5
2024,2024-09-15,여름_반바지,01_시즌,여름,22178,223,4827000,79000,11003,22384.0,22566.0,32862.0,244024534,1752062000,2453669,17617000,21646,73,12716,371072777,139962908,1004564000,57.34,0.81,1,26.5
2024,2024-09-15,여름_반팔스웨터,01_시즌,여름,87512,663,19798725,106500,13816,36452.0,37233.0,49163.0,1209065792,9320028000,9160008,70609500,29862,72,72697,3277510250,1004323332,7739068000,83.07,1.63,1,26.5
2024,2024-09-15,여름_반팔티셔츠,01_시즌,여름,122022,1954,36885730,79000,8098,19463.0,19656.0,31427.0,988134156,9639738000,15823492,154366000,18877,76,88651,2612411342,716612902,7003429000,72.65,1.68,1,26.5
2024,2024-09-15,여름_자켓,01_시즌,여름,27445,152,17246800,311857,40036,131384.0,131183.0,173409.0,1098788020,8558915365,6085472,47402264,113466,64,18686,3298295208,745992116,5822988522,68.09,2.05,1,26.5
2024,2024-09-15,여름_점퍼,01_시즌,여름,20539,260,24942100,249000,30239,112768.0,115170.0,125676.0,621078821,5114211000,7862140,64740000,95931,61,15589,1861144317,471010651,3881661000,75.9,1.97,1,26.5
2024,2024-09-15,여름_캐주얼셔츠,01_시즌,여름,62081,809,15881714,82334,9223,25186.0,25716.0,37344.0,572573063,5111377054,7461407,66608206,19631,76,46308,1560794946,427297324,3814317090,74.59,1.73,1,26.5
2024,2024-09-15,여름_팬츠,01_시즌,여름,84786,631,18149165,99000,11930,28771.0,28631.0,43278.0,1011496980,8393814000,7527830,62469000,28763,71,67033,2841423349,794968412,6636267000,79.06,1.77,1,26.5
2024,2024-09-22,가을_가성비 수트셋업,01_시즌,가을,23878,1777,248876410,214000,38546,140953.0,152723.0,136887.0,920401388,5109892000,68496242,380278000,140054,35,7360,1167928230,283651812,1575040000,30.82,0.85,0,22.2
2024,2024-09-22,가을_대물량이너,01_시즌,가을,14694,258,8266975,84000,13811,33690.0,35551.0,40004.0,202938834,1234296000,3563238,21672000,32043,62,7914,388694469,107586464,662601000,53.86,1.21,0,22.2
2024,2024-09-22,가을_아우터,01_시즌,가을,5216,166,31578550,249000,33745,178324.0,178702.0,124636.0,176013920,1298784000,5601670,41334000,190232,24,461,88503510,15556445,114789000,8.84,0.37,0,22.2
2024,2024-09-22,가을_이너,01_시즌,가을,22583,378,11487900,94000,10596,35952.0,35214.0,34080.0,239289468,2122802000,4005288,35532000,30391,68,9029,370422930,92014656,847811000,39.98,1.02,0,22.2
2024,2024-09-22,가을_캐주얼셔츠,01_시즌,가을,9036,193,10107100,79000,8819,52250.0,53441.0,46106.0,79688484,713844000,1702067,15247000,52368,34,1064,60889900,9376563,84056000,11.78,0.58,0,22.2
2024,2024-09-22,가을_팬츠,01_시즌,가을,12470,603,41046040,114000,15248,74544.0,77512.0,61711.0,190142560,1421580000,9194544,68742000,68070,40,2561,188269660,36359106,282924000,20.54,0.71,0,22.2
2024,2024-09-22,겨울_가디건,01_시즌,겨울,1980,0,0,179000,21238,,,102238.0,42051240,354420000,0,0,102238,43,0,0,0,0,0.0,0.0,0,22.2
2024,2024-09-22,겨울_가성비 수트셋업,01_시즌,겨울,47571,1072,181758660,228167,39532,181070.0,178010.0,165241.0,1880576772,10854132357,42378304,244595024,169551,26,3309,560119460,129879916,749592809,6.96,0.2,0,22.2
2024,2024-09-22,겨울_고가 수트셋업,01_시즌,겨울,7952,157,37823860,324000,57748,255696.0,254086.0,223072.0,459212096,2576448000,9066436,50868000,240916,26,416,99241040,24023168,134784000,5.23,0.14,0,22.2
2024,2024-09-22,겨울_기모맨투맨셋업,01_시즌,겨울,40050,370,25632860,102333,12766,81234.0,78886.0,57805.0,511278300,4098436650,4723420,37863210,69278,32,878,59249600,10687076,86829469,2.19,0.08,0,22.2
2024,2024-09-22,겨울_스웨터,01_시즌,겨울,43156,524,42127860,99000,12142,79954.0,77894.0,58727.0,524000152,4272444000,6362408,51876000,80397,19,1026,80664020,12677471,101574000,2.38,0.12,0,22.2
2024,2024-09-22,겨울_아우터,01_시즌,겨울,14541,337,70695100,225667,33732,217102.0,178011.0,149574.0,490497012,3281423847,11367684,76049779,209778,7,803,168441980,29420556,197547155,5.52,0.25,0,22.2
2024,2024-09-22,겨울_아우터셔츠,01_시즌,겨울,27122,431,31409340,103000,10932,76646.0,73207.0,59796.0,296497704,2793566000,4711692,44393000,72875,29,1202,84482060,12332118,115414604,4.43,0.22,0,22.2
2024,2024-09-22,겨울_팬츠,01_시즌,겨울,48893,457,36104000,119000,15369,87641.0,92599.0,71798.0,751436517,5818267000,7023633,54383000,79002,34,1021,79984880,15069853,116839000,2.09,0.08,0,22.2
2024,2024-09-22,겨울_해비스웨터,01_시즌,겨울,17077,58,6396780,145667,17879,110289.0,119483.0,79178.0,305319683,2487555359,1036982,8448686,110289,24,118,13071560,1957262,17388686,0.69,0.03,0,22.2
2024,2024-09-22,겨울_해비아우터,01_시즌,겨울,15172,30,4758100,191500,27106,152156.0,151482.0,112226.0,411252232,2905438000,813180,5745000,158603,17,52,7981980,1378572,9783000,0.34,0.01,0,22.2
2024,2024-09-22,사계절_가성비 수트셋업,01_시즌,사계절,63577,1550,147390363,199000,32310,100512.0,103521.0,106885.0,2054172870,12651823000,50080500,308450000,95091,52,39584,4349318969,1280642480,7877216000,62.26,1.3,0,22.2
2024,2024-09-22,사계절_데님셋업,01_시즌,사계절,23145,203,11188177,127334,17336,65177.0,68742.0,66851.0,401241720,2947145430,3519208,25848802,55114,57,12884,715040759,222232412,1785906268,55.67,1.07,0,22.2
2024,2024-09-22,사계절_셋업셔츠,01_시즌,사계절,194536,3077,89864500,79000,7628,30273.0,29739.0,33114.0,1483920608,15368344000,23471356,243083000,29205,63,95601,3058233172,729914751,7552479000,49.14,1.38,0,22.2
2024,2024-09-22,여름_가성비 수트셋업,01_시즌,여름,58530,700,51033900,214000,41122,73644.0,74297.0,136684.0,2406870660,12525420000,28785400,149800000,72906,66,45627,6226667301,1875936076,9764178000,77.95,1.57,0,22.2
2024,2024-09-22,여름_고가 수트셋업,01_시즌,여름,12149,75,7571500,315000,59526,124112.0,120422.0,178907.0,723181374,3826935000,4464450,23625000,100953,68,7342,1165165032,434609834,2303703000,60.43,0.86,0,22.2
2024,2024-09-22,여름_디자인반팔티셔츠,01_시즌,여름,24883,227,5516407,99000,9960,24292.0,24602.0,37130.0,247834680,2463417000,2260920,22473000,24301,75,19562,690641234,194836960,1936638000,78.62,1.75,0,22.2
2024,2024-09-22,여름_디자인팬츠,01_시즌,여름,26824,171,13291100,129000,16301,61556.0,57405.0,64394.0,437258024,3460296000,2787471,22059000,77726,40,18855,1365614912,305130630,2432295000,70.29,2.14,0,22.2
2024,2024-09-22,여름_반바지,01_시즌,여름,22178,135,2895000,79000,11003,22333.0,22566.0,32862.0,244024534,1752062000,1485405,10665000,21444,73,12851,373967777,141448313,1015229000,57.94,0.81,0,22.2
2024,2024-09-22,여름_반팔스웨터,01_시즌,여름,87512,535,16610664,106500,13816,36500.0,37233.0,49163.0,1209065792,9320028000,7391560,56977500,31048,71,73232,3294120914,1011714892,7796045500,83.68,1.64,0,22.2
2024,2024-09-22,여름_반팔티셔츠,01_시즌,여름,122022,2150,40484278,79000,8098,18619.0,19656.0,31427.0,988134156,9639738000,17410700,169850000,18830,76,90801,2652895620,734023602,7173279000,74.41,1.7,0,22.2
2024,2024-09-22,여름_자켓,01_시즌,여름,27445,140,15930600,311857,40036,136454.0,131183.0,173409.0,1098788020,8558915365,5605040,43659980,113790,64,18826,3314225808,751597156,5866648502,68.6,2.06,0,22.2
2024,2024-09-22,여름_점퍼,01_시즌,여름,20539,13,2621200,249000,30239,124461.0,115170.0,125676.0,621078821,5114211000,393107,3237000,201631,19,15602,1863765517,471403758,3884898000,75.96,1.97,0,22.2
2024,2024-09-22,여름_캐주얼셔츠,01_시즌,여름,62081,800,15614281,82334,9223,26188.0,25716.0,37344.0,572573063,5111377054,7378400,65867200,19518,76,47108,1576409227,434675724,3880184290,75.88,1.74,0,22.2
2024,2024-09-22,여름_팬츠,01_시즌,여름,84786,500,14325172,99000,11930,28570.0,28631.0,43278.0,1011496980,8393814000,5965000,49500000,28650,71,67533,2855748521,800933412,6685767000,79.65,1.77,0,22.2
2024,2024-09-29,가을_가성비 수트셋업,01_시즌,가을,23878,1312,173062050,214000,38546,133678.0,152723.0,136887.0,920401388,5109892000,50572352,280768000,131907,38,8672,1340990280,334224164,1855808000,36.32,0.96,0,18.7
2024,2024-09-29,가을_대물량이너,01_시즌,가을,14694,124,3628645,84000,13811,28352.0,35551.0,40004.0,202938834,1234296000,1712564,10416000,29263,65,8038,392323114,109299028,673017000,54.7,1.22,0,18.7
2024,2024-09-29,가을_아우터,01_시즌,가을,5216,151,21493560,249000,33745,137030.0,178702.0,124636.0,176013920,1298784000,5095495,37599000,142341,43,612,109997070,20651940,152388000,11.73,0.45,0,18.7
2024,2024-09-29,가을_이너,01_시즌,가을,22583,151,2279000,94000,10596,19000.0,35214.0,34080.0,239289468,2122802000,1599996,14194000,15093,84,9180,372701930,93614652,862005000,40.65,1.02,0,18.7
2024,2024-09-29,가을_캐주얼셔츠,01_시즌,가을,9036,353,14591000,79000,8819,41278.0,53441.0,46106.0,79688484,713844000,3113107,27887000,41334,48,1417,75480900,12489670,111943000,15.68,0.7,0,18.7
2024,2024-09-29,가을_팬츠,01_시즌,가을,12470,691,36908680,114000,15248,58684.0,77512.0,61711.0,190142560,1421580000,10536368,78774000,53413,53,3252,225178340,46895474,361698000,26.08,0.83,0,18.7
2024,2024-09-29,겨울_가디건,01_시즌,겨울,2832,0,0,179000,21238,,,102238.0,60146016,506928000,0,0,102238,43,0,0,0,0,0.0,0.0,0,18.7
2024,2024-09-29,겨울_가성비 수트셋업,01_시즌,겨울,47571,854,143180500,228167,39532,180330.0,178010.0,165241.0,1880576772,10854132357,33760328,194854618,167659,27,4163,703299960,163640244,944447427,8.75,0.25,0,18.7
2024,2024-09-29,겨울_고가 수트셋업,01_시즌,겨울,7952,128,31112000,324000,57748,258896.0,254086.0,223072.0,459212096,2576448000,7391744,41472000,243062,25,544,130353040,31414912,176256000,6.84,0.19,0,18.7
2024,2024-09-29,겨울_기모맨투맨셋업,01_시즌,겨울,40286,346,23624060,102333,12766,75784.0,78886.0,57805.0,514291076,4122587238,4417036,35407218,68278,33,1224,82873660,15104112,122236687,3.04,0.12,0,18.7
2024,2024-09-29,겨울_스웨터,01_시즌,겨울,43696,646,45409990,99000,12142,75349.0,77894.0,58727.0,530556832,4325904000,7843732,63954000,70294,29,1672,126074010,20521203,165528000,3.83,0.18,0,18.7
2024,2024-09-29,겨울_아우터,01_시즌,겨울,14541,344,71798400,225667,33732,179396.0,178011.0,149574.0,490497012,3281423847,11603808,77629448,208716,8,1147,240240380,41024364,275176603,7.89,0.36,0,18.7
2024,2024-09-29,겨울_아우터셔츠,01_시즌,겨울,27122,342,23788840,103000,10932,74810.0,73207.0,59796.0,296497704,2793566000,3738744,35226000,69558,32,1544,108270900,16070862,150640604,5.69,0.28,0,18.7
2024,2024-09-29,겨울_팬츠,01_시즌,겨울,53416,506,36927860,120429,15559,91501.0,92599.0,71798.0,831099544,6432835464,7872854,60937074,72980,39,1527,116912740,22942707,177776074,2.86,0.1,0,18.7
2024,2024-09-29,겨울_해비스웨터,01_시즌,겨울,19021,120,13380600,145667,17734,116947.0,119483.0,79178.0,337318414,2770732007,2128080,17480040,111505,23,238,26452160,4085342,34868726,1.25,0.06,0,18.7
2024,2024-09-29,겨울_해비아우터,01_시즌,겨울,21019,14,1250100,260667,26495,234190.0,233988.0,142052.0,556898405,5478959673,370930,3649338,89293,66,66,9232080,1749502,13432338,0.31,0.01,0,18.7
2024,2024-09-29,사계절_가성비 수트셋업,01_시즌,사계절,63577,1125,113058636,199000,32310,101576.0,103521.0,106885.0,2054172870,12651823000,36348750,223875000,100497,49,40709,4462377605,1316991230,8101091000,64.03,1.33,0,18.7
2024,2024-09-29,사계절_데님셋업,01_시즌,사계절,23145,347,17437461,127334,17336,68892.0,68742.0,66851.0,401241720,2947145430,6015592,44184898,50252,61,13231,732478220,228248004,1830091166,57.17,1.09,0,18.7
2024,2024-09-29,사계절_셋업셔츠,01_시즌,사계절,194536,2920,85941000,79000,7628,30385.0,29739.0,33114.0,1483920608,15368344000,22273760,230680000,29432,63,98521,3144174172,752188511,7783159000,50.64,1.42,0,18.7
2024,2024-09-29,여름_가성비 수트셋업,01_시즌,여름,58530,503,36602400,214000,41122,75746.0,74297.0,136684.0,2406870660,12525420000,20684366,107642000,72768,66,46130,6263269701,1896620442,9871820000,78.81,1.58,0,18.7
2024,2024-09-29,여름_고가 수트셋업,01_시즌,여름,12149,70,6991000,315000,59526,109614.0,120422.0,178907.0,723181374,3826935000,4166820,22050000,99871,68,7412,1172156032,438776654,2325753000,61.01,0.87,0,18.7
2024,2024-09-29,여름_디자인반팔티셔츠,01_시즌,여름,24883,131,3025270,99000,9960,24276.0,24602.0,37130.0,247834680,2463417000,1304760,12969000,23094,77,19693,693666504,196141720,1949607000,79.14,1.75,0,18.7
2024,2024-09-29,여름_디자인팬츠,01_시즌,여름,26824,91,6145000,129000,16301,58352.0,57405.0,64394.0,437258024,3460296000,1483391,11739000,67527,48,18946,1371759912,306614021,2444034000,70.63,2.15,0,18.7
2024,2024-09-29,여름_반바지,01_시즌,여름,22178,41,899000,79000,11003,22333.0,22566.0,32862.0,244024534,1752062000,451123,3239000,21927,72,12892,374866777,141899436,1018468000,58.13,0.82,0,18.7
2024,2024-09-29,여름_반팔스웨터,01_시즌,여름,87512,256,7815835,106500,13816,36633.0,37233.0,49163.0,1209065792,9320028000,3536896,27264000,30531,71,73488,3301936749,1015251788,7823309500,83.97,1.64,0,18.7
2024,2024-09-29,여름_반팔티셔츠,01_시즌,여름,122022,940,17433938,79000,8098,18978.0,19656.0,31427.0,988134156,9639738000,7612120,74260000,18547,77,91741,2670329558,741635722,7247539000,75.18,1.71,0,18.7
2024,2024-09-29,여름_자켓,01_시즌,여름,27445,23,2189400,311857,40036,138475.0,131183.0,173409.0,1098788020,8558915365,920828,7172711,95191,69,18849,3316415208,752517984,5873821213,68.68,2.06,0,18.7
2024,2024-09-29,여름_점퍼,01_시즌,여름,20539,211,19513200,249000,30239,116161.0,115170.0,125676.0,621078821,5114211000,6380429,52539000,92480,63,15813,1883278717,477784187,3937437000,76.99,1.99,0,18.7
2024,2024-09-29,여름_캐주얼셔츠,01_시즌,여름,62081,820,15969151,82334,9223,23408.0,25716.0,37344.0,572573063,5111377054,7562860,67513880,19475,76,47928,1592378378,442238584,3947698170,77.2,1.76,0,18.7
2024,2024-09-29,여름_팬츠,01_시즌,여름,84786,1159,24849222,99000,11930,25039.0,28631.0,43278.0,1011496980,8393814000,13826870,114741000,21440,78,68692,2880597743,814760282,6800508000,81.02,1.78,0,18.7
2024,2024-10-06,가을_가성비 수트셋업,01_시즌,가을,23878,2190,280473700,214000,38546,129429.0,117527.0,136887.0,920401388,5109892000,84415740,468660000,128070,40,10862,1621463980,418639904,2324468000,45.49,1.15,0,17.8
2024,2024-10-06,가을_대물량이너,01_시즌,가을,14694,73,1924981,84000,13811,27994.0,28032.0,40004.0,202938834,1234296000,1008203,6132000,26370,69,8111,394248095,110307231,679149000,55.2,1.22,0,17.8
2024,2024-10-06,가을_아우터,01_시즌,가을,5216,404,46555600,249000,33745,113853.0,91945.0,124636.0,176013920,1298784000,13632980,100596000,115237,54,1016,156552670,34284920,252984000,19.48,0.61,0,17.8
2024,2024-10-06,가을_이너,01_시즌,가을,22583,636,13188400,94000,10596,28071.0,28768.0,34080.0,239289468,2122802000,6739056,59784000,20736,78,9816,385890330,100353708,921789000,43.47,1.05,0,17.8
2024,2024-10-06,가을_캐주얼셔츠,01_시즌,가을,9036,427,16596600,79000,8819,38874.0,31328.0,46106.0,79688484,713844000,3765713,33733000,38868,51,1844,92077500,16255383,145676000,20.41,0.85,0,17.8
2024,2024-10-06,가을_팬츠,01_시즌,가을,12470,691,35871340,114000,15248,53646.0,44774.0,61711.0,190142560,1421580000,10536368,78774000,51912,54,3943,261049680,57431842,440472000,31.62,0.95,0,17.8
2024,2024-10-06,겨울_가디건,01_시즌,겨울,2832,31,5119400,179000,21503,154835.0,149924.0,102238.0,60896496,506928000,666593,5549000,165142,8,31,5119400,666593,5549000,1.09,0.07,0,17.8
2024,2024-10-06,겨울_가성비 수트셋업,01_시즌,겨울,47571,1705,288508940,228167,41318,178036.0,177112.0,165241.0,1965538578,10854132357,70447190,389024735,169213,26,5868,991808900,234087434,1333472162,12.34,0.34,0,17.8
2024,2024-10-06,겨울_고가 수트셋업,01_시즌,겨울,7952,248,59471500,324000,57748,253804.0,252213.0,223072.0,459212096,2576448000,14321504,80352000,239804,26,792,189824540,45736416,256608000,9.96,0.28,0,17.8
2024,2024-10-06,겨울_기모맨투맨셋업,01_시즌,겨울,40286,905,61226540,102333,12766,80346.0,69725.0,57805.0,514291076,4122587238,11553230,92611365,67654,34,2129,144100200,26657342,214848052,5.28,0.2,0,17.8
2024,2024-10-06,겨울_스웨터,01_시즌,겨울,43696,1686,119165110,99000,12147,74686.0,66336.0,58727.0,530775312,4325904000,20479842,166914000,70679,29,3358,245239120,41001045,332442000,7.68,0.34,0,17.8
2024,2024-10-06,겨울_아우터,01_시즌,겨울,16046,998,210495780,236778,35476,194986.0,182519.0,149574.0,569247896,3799339788,35405048,236304444,210918,11,2145,450736160,76429412,511481047,13.37,0.59,0,17.8
2024,2024-10-06,겨울_아우터셔츠,01_시즌,겨울,27122,720,52141660,103000,10932,75591.0,67316.0,59796.0,296497704,2793566000,7871040,74160000,72419,30,2264,160412560,23941902,224800604,8.35,0.41,0,17.8
2024,2024-10-06,겨울_코트,01_시즌,겨울,12801,5,1995000,424000,67230,399000.0,393113.0,260420.0,860611230,5427624000,336150,2120000,399000,6,5,1995000,336150,2120000,0.04,0.0,0,17.8
2024,2024-10-06,겨울_팬츠,01_시즌,겨울,58573,1283,97522670,120250,15568,91069.0,86500.0,71798.0,911864464,7043403250,19973744,154280750,76011,37,2810,214435410,42916451,332056824,4.8,0.17,0,17.8
2024,2024-10-06,겨울_해비스웨터,01_시즌,겨울,34249,277,31957600,132333,17366,123778.0,108951.0,79178.0,594768134,4532272917,4810382,36656241,115370,13,515,58409760,8895724,71524967,1.5,0.07,0,17.8
2024,2024-10-06,겨울_해비아우터,01_시즌,겨울,21019,60,9424000,260667,27825,146464.0,201314.0,142052.0,584853675,5478959673,1669500,15640020,157067,40,126,18656080,3419002,29072358,0.6,0.02,0,17.8
2024,2024-10-06,사계절_가성비 수트셋업,01_시즌,사계절,63577,1331,135418435,199000,32310,103318.0,101526.0,106885.0,2054172870,12651823000,43004610,264869000,101742,49,42040,4597796040,1359995840,8365960000,66.12,1.37,0,17.8
2024,2024-10-06,사계절_데님셋업,01_시즌,사계절,23145,473,32239557,127334,17336,69350.0,70936.0,66851.0,401241720,2947145430,8199928,60228982,68160,46,13704,764717777,236447932,1890320148,59.21,1.14,0,17.8
2024,2024-10-06,사계절_셋업셔츠,01_시즌,사계절,194536,4329,128327100,79000,7624,31455.0,30956.0,33114.0,1483142464,15368344000,33004296,341991000,29644,62,102850,3272501272,785192807,8125150000,52.87,1.48,0,17.8
2024,2024-10-13,가을_가성비 수트셋업,01_시즌,가을,23878,1542,183159700,214000,38546,122584.0,117527.0,136887.0,920401388,5109892000,59437932,329988000,118781,44,12404,1804623680,478077836,2654456000,51.95,1.26,1,18.3
2024,2024-10-13,가을_대물량이너,01_시즌,가을,14694,45,1098110,84000,13811,28405.0,28032.0,40004.0,202938834,1234296000,621495,3780000,24402,71,8156,395346205,110928726,682929000,55.51,1.22,1,18.3
2024,2024-10-13,가을_아우터,01_시즌,가을,5216,316,29439000,249000,33745,93232.0,91945.0,124636.0,176013920,1298784000,10663420,78684000,93161,63,1332,185991670,44948340,331668000,25.54,0.71,1,18.3
2024,2024-10-13,가을_이너,01_시즌,가을,22583,91,2129000,94000,10596,29000.0,28768.0,34080.0,239289468,2122802000,964236,8554000,23396,75,9907,388019330,101317944,930343000,43.87,1.05,1,18.3
2024,2024-10-13,가을_캐주얼셔츠,01_시즌,가을,9036,378,12505500,79000,8819,33146.0,31328.0,46106.0,79688484,713844000,3333582,29862000,33083,58,2222,104583000,19588965,175538000,24.59,0.95,1,18.3
2024,2024-10-13,가을_팬츠,01_시즌,가을,12470,572,24882600,114000,15248,45160.0,44774.0,61711.0,190142560,1421580000,8721856,65208000,43501,62,4515,285932280,66153698,505680000,36.21,1.02,1,18.3
2024,2024-10-13,겨울_가디건,01_시즌,겨울,3154,52,9064800,179000,21503,174690.0,149924.0,102238.0,67820462,564566000,1118156,9308000,174323,3,83,14184200,1784749,14857000,2.63,0.16,1,18.3
2024,2024-10-13,겨울_가성비 수트셋업,01_시즌,겨울,47571,1441,246327900,228167,41318,180413.0,177112.0,165241.0,1965538578,10854132357,59539238,328788647,170942,25,7309,1238136800,293626672,1662260809,15.36,0.42,1,18.3
2024,2024-10-13,겨울_고가 수트셋업,01_시즌,겨울,7952,154,36439000,324000,57748,256687.0,252213.0,223072.0,459212096,2576448000,8893192,49896000,236617,27,946,226263540,54629608,306504000,11.9,0.33,1,18.3
2024,2024-10-13,겨울_기모맨투맨셋업,01_시즌,겨울,40286,960,54381960,102333,12766,73617.0,69725.0,57805.0,514291076,4122587238,12255360,98239680,56648,45,3089,198482160,38912702,313087732,7.67,0.28,1,18.3
2024,2024-10-13,겨울_스웨터,01_시즌,겨울,43696,1811,111652750,99000,12147,66079.0,66336.0,58727.0,530775312,4325904000,21998217,179289000,61653,38,5169,356891870,62999262,511731000,11.83,0.49,1,18.3
2024,2024-10-13,겨울_아우터,01_시즌,겨울,17553,793,157842060,236778,35476,184081.0,182519.0,149574.0,622710228,4156164234,28132468,187764954,199044,16,2938,608578220,104561880,699246001,16.74,0.72,1,18.3
2024,2024-10-13,겨울_아우터셔츠,01_시즌,겨울,27122,906,55420110,103000,10932,74538.0,67316.0,59796.0,296497704,2793566000,9904392,93318000,61170,41,3170,215832670,33846294,318118604,11.69,0.55,1,18.3
2024,2024-10-13,겨울_코트,01_시즌,겨울,18704,25,9646500,499000,80572,442159.0,393113.0,260420.0,1507018688,9333296000,2014300,12475000,385860,23,30,11641500,2350450,14595000,0.16,0.01,1,18.3
2024,2024-10-13,겨울_팬츠,01_시즌,겨울,58573,1632,107139480,120250,15568,89095.0,86500.0,71798.0,911864464,7043403250,25406976,196248000,65649,45,4442,321574890,68323427,528304824,7.58,0.25,1,18.3
2024,2024-10-13,겨울_해비스웨터,01_시즌,겨울,34249,309,34092500,132333,17366,118660.0,108951.0,79178.0,594768134,4532272917,5366094,40890897,110332,17,824,92502260,14261818,112415864,2.41,0.12,1,18.3
2024,2024-10-13,겨울_해비아우터,01_시즌,겨울,27359,124,17427900,280111,30275,138575.0,201314.0,142052.0,828293725,7663556849,3754100,34733764,140548,50,250,36083980,7173102,63806122,0.91,0.03,1,18.3
2024,2024-10-13,사계절_가성비 수트셋업,01_시즌,사계절,63577,1072,106632962,199000,32310,102353.0,101526.0,106885.0,2054172870,12651823000,34636320,213328000,99471,50,43112,4704429002,1394632160,8579288000,67.81,1.4,1,18.3
2024,2024-10-13,사계절_데님셋업,01_시즌,사계절,23145,306,18769682,127334,17336,69089.0,70936.0,66851.0,401241720,2947145430,5304816,38964204,61339,52,14010,783487459,241752748,1929284352,60.53,1.17,1,18.3
2024,2024-10-13,사계절_셋업셔츠,01_시즌,사계절,194536,3271,93692300,79000,7624,30477.0,30956.0,33114.0,1483142464,15368344000,24938104,258409000,28643,64,106121,3366193572,810130911,8383559000,54.55,1.52,1,18.3
2024,2024-10-20,가을_가성비 수트셋업,01_시즌,가을,23878,1089,121665600,214000,38546,119304.0,117527.0,136887.0,920401388,5109892000,41976594,233046000,111722,48,13493,1926289280,520054430,2887502000,56.51,1.34,0,14.4
2024,2024-10-20,가을_대물량이너,01_시즌,가을,14694,88,1585042,84000,13811,27599.0,28032.0,40004.0,202938834,1234296000,1215368,7392000,18012,79,8244,396931247,112144094,690321000,56.1,1.23,0,14.4
2024,2024-10-20,가을_아우터,01_시즌,가을,5216,266,23633550,249000,33745,93228.0,91945.0,124636.0,176013920,1298784000,8976170,66234000,88848,64,1598,209625220,53924510,397902000,30.64,0.78,0,14.4
2024,2024-10-20,가을_이너,01_시즌,가을,22583,40,980000,94000,10596,29000.0,28768.0,34080.0,239289468,2122802000,423840,3760000,24500,74,9947,388999330,101741784,934103000,44.05,1.05,0,14.4
2024,2024-10-20,가을_캐주얼셔츠,01_시즌,가을,9036,376,10798670,79000,8819,28704.0,31328.0,46106.0,79688484,713844000,3315944,29704000,28720,64,2598,115381670,22904909,205242000,28.75,1.03,0,14.4
2024,2024-10-20,가을_팬츠,01_시즌,가을,12470,558,22668650,114000,15248,43692.0,44774.0,61711.0,190142560,1421580000,8508384,63612000,40625,64,5073,308600930,74662082,569292000,40.68,1.08,0,14.4
2024,2024-10-20,겨울_가디건,01_시즌,겨울,3716,106,14641450,179000,21503,138310.0,149924.0,102238.0,79905148,665164000,2279318,18974000,138127,23,189,28825650,4064067,33831000,5.09,0.28,0,14.4
2024,2024-10-20,겨울_가성비 수트셋업,01_시즌,겨울,47571,1189,203344440,228167,41318,179916.0,177112.0,165241.0,1965538578,10854132357,49127102,271290563,171021,25,8498,1441481240,342753774,1933551372,17.86,0.49,0,14.4
2024,2024-10-20,겨울_고가 수트셋업,01_시즌,겨울,7952,111,26678300,324000,57748,257140.0,252213.0,223072.0,459212096,2576448000,6410028,35964000,240345,26,1057,252941840,61039636,342468000,13.29,0.37,0,14.4
2024,2024-10-20,겨울_기모맨투맨셋업,01_시즌,겨울,40286,861,47298660,102333,12766,72626.0,69725.0,57805.0,514291076,4122587238,10991526,88108713,54935,46,3950,245780820,49904228,401196445,9.8,0.34,0,14.4
2024,2024-10-20,겨울_스웨터,01_시즌,겨울,43696,1788,105606800,99000,12147,64599.0,66336.0,58727.0,530775312,4325904000,21718836,177012000,59064,40,6957,462498670,84718098,688743000,15.92,0.63,0,14.4
2024,2024-10-20,겨울_아우터,01_시즌,겨울,17553,837,170988750,236778,35476,179714.0,182519.0,149574.0,622710228,4156164234,29693412,198183186,204288,14,3775,779566970,134255292,897429187,21.51,0.92,0,14.4
2024,2024-10-20,겨울_아우터셔츠,01_시즌,겨울,27122,726,44723600,103000,10932,67576.0,67316.0,59796.0,296497704,2793566000,7936632,74778000,61603,40,3896,260556270,41782926,392896604,14.36,0.66,0,14.4
2024,2024-10-20,겨울_코트,01_시즌,겨울,32864,159,49852830,482333,79512,399309.0,383499.0,258737.0,2613082368,15851391712,12642408,76690947,313540,35,189,61494330,14992858,91285947,0.58,0.02,0,14.4
2024,2024-10-20,겨울_팬츠,01_시즌,겨울,58573,1450,94416930,120250,15568,88016.0,86500.0,71798.0,911864464,7043403250,22573600,174362500,65115,46,5892,415991820,90897027,702667324,10.06,0.32,0,14.4
2024,2024-10-20,겨울_해비스웨터,01_시즌,겨울,34397,496,50133150,132333,17366,103961.0,108951.0,79178.0,597338302,4551858201,8613536,65637168,101075,24,1320,142635410,22875354,178053032,3.84,0.18,0,14.4
2024,2024-10-20,겨울_해비아우터,01_시즌,겨울,29642,122,16549300,291222,34319,199972.0,201314.0,142052.0,1017283798,8632402524,4186918,35529084,135650,53,372,52633280,11360020,99335206,1.25,0.04,0,14.4
2024,2024-10-20,사계절_가성비 수트셋업,01_시즌,사계절,63577,1033,97725194,199000,32310,101349.0,101526.0,106885.0,2054172870,12651823000,33376230,205567000,94603,52,44145,4802154196,1428008390,8784855000,69.44,1.43,0,14.4
2024,2024-10-20,사계절_데님셋업,01_시즌,사계절,23145,279,19140270,127334,17336,72441.0,70936.0,66851.0,401241720,2947145430,4836744,35526186,68603,46,14289,802627729,246589492,1964810538,61.74,1.2,0,14.4
2024,2024-10-20,사계절_셋업셔츠,01_시즌,사계절,194536,3133,93783200,79000,7624,32288.0,30956.0,33114.0,1483142464,15368344000,23885992,247507000,29934,62,109254,3459976772,834016903,8631066000,56.16,1.56,0,14.4
2024,2024-10-27,가을_가성비 수트셋업,01_시즌,가을,23878,1267,117686600,214000,38546,98790.0,117527.0,136887.0,920401388,5109892000,48837782,271138000,92886,57,14760,2043975880,568892212,3158640000,61.81,1.4,0,16.0
2024,2024-10-27,가을_대물량이너,01_시즌,가을,14694,44,955150,84000,13811,28130.0,28032.0,40004.0,202938834,1234296000,607684,3696000,21708,74,8288,397886397,112751778,694017000,56.4,1.23,0,16.0
2024,2024-10-27,가을_아우터,01_시즌,가을,5216,325,21244805,249000,33745,67468.0,91945.0,124636.0,176013920,1298784000,10967125,80925000,65369,74,1923,230870025,64891635,478827000,36.87,0.82,0,16.0
2024,2024-10-27,가을_이너,01_시즌,가을,22583,43,937000,94000,10596,29000.0,28768.0,34080.0,239289468,2122802000,455628,4042000,21791,77,9990,389936330,102197412,938145000,44.24,1.05,0,16.0
2024,2024-10-27,가을_캐주얼셔츠,01_시즌,가을,9036,578,14103560,79000,8819,24588.0,31328.0,46106.0,79688484,713844000,5097382,45662000,24401,69,3176,129485230,28002291,250904000,35.15,1.13,0,16.0
2024,2024-10-27,가을_팬츠,01_시즌,가을,12470,367,13735425,114000,15248,36601.0,44774.0,61711.0,190142560,1421580000,5596016,41838000,37426,67,5440,322336355,80258098,611130000,43.62,1.12,0,16.0
2024,2024-10-27,겨울_가디건,01_시즌,겨울,4640,60,7848000,179000,21503,131863.0,149924.0,102238.0,99773920,830560000,1290180,10740000,130800,27,249,36673650,5354247,44571000,5.37,0.28,0,16.0
2024,2024-10-27,겨울_가성비 수트셋업,01_시즌,겨울,47571,1558,249062820,228167,41318,170080.0,177112.0,165241.0,1965538578,10854132357,64373444,355484186,159861,30,10056,1690544060,407127218,2289035558,21.14,0.57,0,16.0
2024,2024-10-27,겨울_고가 수트셋업,01_시즌,겨울,7952,187,41344500,324000,57748,241222.0,252213.0,223072.0,459212096,2576448000,10798876,60588000,221094,32,1244,294286340,71838512,403056000,15.64,0.43,0,16.0
2024,2024-10-27,겨울_기모맨투맨셋업,01_시즌,겨울,40286,1273,54028100,102333,12766,52310.0,69725.0,57805.0,514291076,4122587238,16251118,130269909,42442,59,5223,299808920,66155346,531466354,12.96,0.4,0,16.0
2024,2024-10-27,겨울_스웨터,01_시즌,겨울,43696,1758,104340100,99000,12147,59980.0,66336.0,58727.0,530775312,4325904000,21354426,174042000,59352,40,8715,566838770,106072524,862785000,19.94,0.77,0,16.0
2024,2024-10-27,겨울_아우터,01_시즌,겨울,17553,827,168508670,236778,35476,171294.0,182519.0,149574.0,622710228,4156164234,29338652,195815406,203759,14,4602,948075640,163593944,1093244593,26.22,1.12,0,16.0
2024,2024-10-27,겨울_아우터셔츠,01_시즌,겨울,27122,796,40589000,103000,10932,53213.0,67316.0,59796.0,296497704,2793566000,8701872,81988000,50991,50,4692,301145270,50484798,474884604,17.3,0.75,0,16.0
2024,2024-10-27,겨울_코트,01_시즌,겨울,32892,252,76381880,482333,79512,354368.0,383499.0,258737.0,2615308704,15864897036,20037024,121547916,303103,37,441,137876210,35029882,212833863,1.34,0.03,0,16.0
2024,2024-10-27,겨울_팬츠,01_시즌,겨울,64426,1816,114355710,121222,15702,78483.0,86500.0,71798.0,1011617052,7809848572,28514832,220139152,62971,48,7708,530347530,119411859,922806476,11.96,0.36,0,16.0
2024,2024-10-27,겨울_해비스웨터,01_시즌,겨울,34397,623,56480540,132333,17366,96620.0,108951.0,79178.0,597338302,4551858201,10819018,82443459,90659,31,1943,199115950,33694372,260496491,5.65,0.25,0,16.0
2024,2024-10-27,겨울_해비아우터,01_시즌,겨울,36053,310,38228800,301500,38506,195967.0,201314.0,142052.0,1388256818,10869979500,11936860,93465000,123319,59,682,90862080,23296880,192800206,1.89,0.04,0,16.0
2024,2024-10-27,사계절_가성비 수트셋업,01_시즌,사계절,63577,1014,98169931,199000,32310,99084.0,101526.0,106885.0,2054172870,12651823000,32762340,201786000,96815,51,45159,4900324127,1460770730,8986641000,71.03,1.46,0,16.0
2024,2024-10-27,사계절_데님셋업,01_시즌,사계절,23145,234,14869462,127334,17336,72864.0,70936.0,66851.0,401241720,2947145430,4056624,29796156,63545,50,14523,817497191,250646116,1994606694,62.75,1.23,0,16.0
2024,2024-10-27,사계절_셋업셔츠,01_시즌,사계절,194536,3279,94729530,79000,7624,29603.0,30956.0,33114.0,1483142464,15368344000,24999096,259041000,28890,63,112533,3554706302,859015999,8890107000,57.85,1.6,0,16.0
2024,2024-11-03,가을_가성비 수트셋업,01_시즌,가을,23878,1221,99735300,214000,38546,83552.0,80600.0,136887.0,920401388,5109892000,47064666,261294000,81683,62,15981,2143711180,615956878,3419934000,66.93,1.45,0,11.4
2024,2024-11-03,가을_대물량이너,01_시즌,가을,14694,17,954724,84000,13811,19968.0,27638.0,40004.0,202938834,1234296000,234787,1428000,56160,33,8305,398841121,112986565,695445000,56.52,1.23,0,11.4
2024,2024-11-03,가을_아우터,01_시즌,가을,5216,258,18946888,249000,33745,80714.0,71104.0,124636.0,176013920,1298784000,8706210,64242000,73438,71,2181,249816913,73597845,543069000,41.81,0.87,0,11.4
2024,2024-11-03,가을_이너,01_시즌,가을,22583,74,1508350,94000,10596,12982.0,27020.0,34080.0,239289468,2122802000,784104,6956000,20383,78,10064,391444680,102981516,945101000,44.56,1.06,0,11.4
2024,2024-11-03,가을_캐주얼셔츠,01_시즌,가을,9036,348,10574285,79000,8819,29956.0,23246.0,46106.0,79688484,713844000,3069012,27492000,30386,62,3524,140059515,31071303,278396000,39.0,1.21,0,11.4
2024,2024-11-03,가을_팬츠,01_시즌,가을,12470,294,11981760,114000,15248,42222.0,38128.0,61711.0,190142560,1421580000,4482912,33516000,40754,64,5734,334318115,84741010,644646000,45.98,1.15,0,11.4
2024,2024-11-03,겨울_가디건,01_시즌,겨울,5024,153,14637600,179000,21542,95580.0,83492.0,102238.0,108227008,899296000,3295926,27387000,95671,47,402,51311250,8650173,71958000,8.0,0.35,0,11.4
2024,2024-11-03,겨울_가성비 수트셋업,01_시즌,겨울,47571,1850,285830450,228167,41318,164020.0,163872.0,165241.0,1965538578,10854132357,76438300,422108950,154503,32,11906,1976374510,483565518,2711144508,25.03,0.67,0,11.4
2024,2024-11-03,겨울_고가 수트셋업,01_시즌,겨울,7952,180,38345390,324000,57748,222648.0,220308.0,223072.0,459212096,2576448000,10394640,58320000,213030,34,1424,332631730,82233152,461376000,17.91,0.48,0,11.4
2024,2024-11-03,겨울_기모맨투맨셋업,01_시즌,겨울,40286,1441,60314446,102333,12766,50210.0,44240.0,57805.0,514291076,4122587238,18395806,147461853,41856,59,6664,360123366,84551152,678928207,16.54,0.47,0,11.4
2024,2024-11-03,겨울_스웨터,01_시즌,겨울,43696,2087,108065670,99000,12147,51760.0,48758.0,58727.0,530775312,4325904000,25350789,206613000,51780,48,10802,674904440,131423313,1069398000,24.72,0.91,0,11.4
2024,2024-11-03,겨울_아우터,01_시즌,겨울,17553,1041,170323400,236778,35476,146578.0,132182.0,149574.0,622710228,4156164234,36930516,246485898,163615,31,5643,1118399040,200524460,1339730491,32.15,1.31,0,11.4
2024,2024-11-03,겨울_아우터셔츠,01_시즌,겨울,27122,842,40248050,103000,10932,51214.0,47346.0,59796.0,296497704,2793566000,9204744,86726000,47801,54,5534,341393320,59689542,561610604,20.4,0.85,0,11.4
2024,2024-11-03,겨울_코트,01_시즌,겨울,34129,526,132739160,482333,79512,285893.0,270077.0,258737.0,2713665048,16461542957,41823312,253707158,252356,48,967,270615370,76853194,466541021,2.83,0.06,0,11.4
2024,2024-11-03,겨울_팬츠,01_시즌,겨울,64426,2277,127419460,121222,15702,71921.0,67138.0,71798.0,1011617052,7809848572,35753454,276022494,55959,54,9985,657766990,155165313,1198828970,15.5,0.44,0,11.4
2024,2024-11-03,겨울_해비스웨터,01_시즌,겨울,34397,1172,76488500,132333,17518,71047.0,66313.0,79178.0,602566646,4551858201,20531096,155094276,65263,51,3115,275604450,54225468,415590767,9.06,0.33,0,11.4
2024,2024-11-03,겨울_해비아우터,01_시즌,겨울,42155,682,92271160,301500,39010,176197.0,145727.0,142052.0,1644466550,12709732500,26604820,205623000,135295,55,1364,183133240,49901700,398423206,3.24,0.07,0,11.4
2024,2024-11-03,사계절_가성비 수트셋업,01_시즌,사계절,63577,948,92730445,199000,32310,101902.0,100446.0,106885.0,2054172870,12651823000,30629880,188652000,97817,51,46107,4993054572,1491400610,9175293000,72.52,1.48,0,11.4
2024,2024-11-03,사계절_데님셋업,01_시즌,사계절,23145,185,13303274,127334,17336,72180.0,68194.0,66851.0,401241720,2947145430,3207160,23556790,71910,44,14708,830800465,253853276,2018163484,63.55,1.25,0,11.4
2024,2024-11-03,사계절_셋업셔츠,01_시즌,사계절,194536,3568,103405540,79000,7624,31842.0,29736.0,33114.0,1483142464,15368344000,27202432,281872000,28981,63,116101,3658111842,886218431,9171979000,59.68,1.64,0,11.4
2024,2024-11-10,가을_가성비 수트셋업,01_시즌,가을,23878,832,65830700,214000,38546,79954.0,80600.0,136887.0,920401388,5109892000,32070272,178048000,79123,63,16813,2209541880,648027150,3597982000,70.41,1.48,0,15.2
2024,2024-11-10,가을_대물량이너,01_시즌,가을,14694,32,484572,84000,13811,15143.0,27638.0,40004.0,202938834,1234296000,441952,2688000,15143,82,8337,399325693,113428517,698133000,56.74,1.23,0,15.2
2024,2024-11-10,가을_아우터,01_시즌,가을,5216,202,13700915,249000,33745,71366.0,71104.0,124636.0,176013920,1298784000,6816490,50298000,67826,73,2383,263517828,80414335,593367000,45.69,0.9,0,15.2
2024,2024-11-10,가을_이너,01_시즌,가을,22583,54,1007142,94000,10596,27788.0,27020.0,34080.0,239289468,2122802000,572184,5076000,18651,80,10118,392451822,103553700,950177000,44.8,1.06,0,15.2
2024,2024-11-10,가을_캐주얼셔츠,01_시즌,가을,9036,605,12739960,79000,8819,21064.0,23246.0,46106.0,79688484,713844000,5335495,47795000,21058,73,4129,152799475,36406798,326191000,45.69,1.29,0,15.2
2024,2024-11-10,가을_팬츠,01_시즌,가을,12470,210,8221548,114000,15248,39204.0,38128.0,61711.0,190142560,1421580000,3202080,23940000,39150,66,5944,342539663,87943090,668586000,47.67,1.18,0,15.2
2024,2024-11-10,겨울_가디건,01_시즌,겨울,5024,180,15250653,179000,21542,84726.0,83492.0,102238.0,108227008,899296000,3877560,32220000,84726,53,582,66561903,12527733,104178000,11.58,0.44,0,15.2
2024,2024-11-10,겨울_가성비 수트셋업,01_시즌,겨울,47571,1855,288825620,228167,41318,164173.0,163872.0,165241.0,1965538578,10854132357,76644890,423249785,155701,32,13761,2265200130,560210408,3134394293,28.93,0.76,0,15.2
2024,2024-11-10,겨울_고가 수트셋업,01_시즌,겨울,7952,270,56400810,324000,57748,224792.0,220308.0,223072.0,459212096,2576448000,15591960,87480000,208892,36,1694,389032540,97825112,548856000,21.3,0.56,0,15.2
2024,2024-11-10,겨울_기모맨투맨셋업,01_시즌,겨울,40286,1526,61758297,102333,12766,43590.0,44240.0,57805.0,514291076,4122587238,19480916,156160158,40471,60,8190,421881663,104032068,835088365,20.33,0.54,0,15.2
2024,2024-11-10,겨울_스웨터,01_시즌,겨울,43696,2255,109045932,99000,12147,48477.0,48758.0,58727.0,530775312,4325904000,27391485,223245000,48357,51,13057,783950372,158814798,1292643000,29.88,1.04,0,15.2
2024,2024-11-10,겨울_아우터,01_시즌,겨울,17553,864,145338230,236778,35476,130180.0,132182.0,149574.0,622710228,4156164234,30651264,204576192,168216,29,6507,1263737270,231175724,1544306683,37.07,1.47,0,15.2
2024,2024-11-10,겨울_아우터셔츠,01_시즌,겨울,27122,829,38137650,103000,10932,48902.0,47346.0,59796.0,296497704,2793566000,9062628,85387000,46004,55,6363,379530970,68752170,646997604,23.46,0.93,0,15.2
2024,2024-11-10,겨울_코트,01_시즌,겨울,34129,1225,244035760,482333,79512,276929.0,270077.0,258737.0,2713665048,16461542957,97402200,590857925,199213,59,2192,514651130,174255394,1057398946,6.42,0.11,0,15.2
2024,2024-11-10,겨울_팬츠,01_시즌,겨울,64426,2628,136386070,121222,15702,67521.0,67138.0,71798.0,1011617052,7809848572,41264856,318571416,51897,57,12613,794153060,196430169,1517400386,19.58,0.52,0,15.2
2024,2024-11-10,겨울_해비스웨터,01_시즌,겨울,34397,1847,109282606,132333,17518,65112.0,66313.0,79178.0,602566646,4551858201,32355746,244419051,59168,55,4962,384887056,86581214,660009818,14.43,0.44,0,15.2
2024,2024-11-10,겨울_해비아우터,01_시즌,겨울,47603,1434,166851720,301500,39010,152506.0,145727.0,142052.0,1856993030,14352304500,55940340,432351000,116354,61,2798,349984960,105842040,830774206,5.88,0.11,0,15.2
2024,2024-11-10,사계절_가성비 수트셋업,01_시즌,사계절,63577,803,81415602,199000,32310,102600.0,100446.0,106885.0,2054172870,12651823000,25944930,159797000,101389,49,46910,5074470174,1517345540,9335090000,73.78,1.51,0,15.2
2024,2024-11-10,사계절_데님셋업,01_시즌,사계절,23145,397,21137903,127334,17336,67462.0,68194.0,66851.0,401241720,2947145430,6882392,50551598,53244,58,15105,851938368,260735668,2068715082,65.26,1.28,0,15.2
2024,2024-11-10,사계절_셋업셔츠,01_시즌,사계절,194536,3013,86253740,79000,7624,29139.0,29736.0,33114.0,1483142464,15368344000,22971112,238027000,28627,64,119114,3744365582,909189543,9410006000,61.23,1.68,0,15.2
2024,2024-11-17,가을_가성비 수트셋업,01_시즌,가을,23878,636,49834100,214000,38546,79442.0,80600.0,136887.0,920401388,5109892000,24515256,136104000,78356,63,17449,2259375980,672542406,3734086000,73.08,1.5,0,6.3
2024,2024-11-17,가을_대물량이너,01_시즌,가을,14694,47,744220,84000,13811,27166.0,27638.0,40004.0,202938834,1234296000,649117,3948000,15834,81,8384,400069913,114077634,702081000,57.06,1.23,0,6.3
2024,2024-11-17,가을_아우터,01_시즌,가을,5216,222,14803888,249000,33745,66616.0,71104.0,124636.0,176013920,1298784000,7491390,55278000,66684,73,2605,278321716,87905725,648645000,49.94,0.94,0,6.3
2024,2024-11-17,가을_이너,01_시즌,가을,22583,141,2211165,94000,10596,26451.0,27020.0,34080.0,239289468,2122802000,1494036,13254000,15682,83,10259,394662987,105047736,963431000,45.43,1.06,0,6.3
2024,2024-11-17,가을_캐주얼셔츠,01_시즌,가을,9036,627,13491262,79000,8819,21842.0,23246.0,46106.0,79688484,713844000,5529513,49533000,21517,73,4756,166290737,41936311,375724000,52.63,1.37,0,6.3
2024,2024-11-17,가을_팬츠,01_시즌,가을,12470,240,8771526,114000,15248,36744.0,38128.0,61711.0,190142560,1421580000,3659520,27360000,36548,68,6184,351311189,91602610,695946000,49.59,1.2,0,6.3
2024,2024-11-17,겨울_가디건,01_시즌,겨울,5024,273,20477600,179000,21542,75066.0,83492.0,102238.0,108227008,899296000,5880966,48867000,75010,58,855,87039503,18408699,153045000,17.02,0.56,0,6.3
2024,2024-11-17,겨울_가성비 수트셋업,01_시즌,겨울,47571,1701,263445370,228167,41318,163890.0,163872.0,165241.0,1965538578,10854132357,70281918,388112067,154877,32,15462,2528645500,630492326,3522506360,32.5,0.85,0,6.3
2024,2024-11-17,겨울_고가 수트셋업,01_시즌,겨울,7952,178,37425340,324000,57748,225721.0,220308.0,223072.0,459212096,2576448000,10279144,57672000,210255,35,1872,426457880,108104256,606528000,23.54,0.61,0,6.3
2024,2024-11-17,겨울_기모맨투맨셋업,01_시즌,겨울,40286,1809,66746724,102333,12766,39255.0,44240.0,57805.0,514291076,4122587238,23093694,185120397,36897,64,9999,488628387,127125762,1020208762,24.82,0.62,0,6.3
2024,2024-11-17,겨울_스웨터,01_시즌,겨울,43696,2531,118615062,99000,12147,47150.0,48758.0,58727.0,530775312,4325904000,30744057,250569000,46865,53,15588,902565434,189558855,1543212000,35.67,1.19,0,6.3
2024,2024-11-17,겨울_아우터,01_시즌,겨울,17553,666,111554340,236778,35476,133738.0,132182.0,149574.0,622710228,4156164234,23627016,157694148,167499,29,7173,1375291610,254802740,1702000831,40.86,1.6,0,6.3
2024,2024-11-17,겨울_아우터셔츠,01_시즌,겨울,27122,1200,49612730,103000,10932,43843.0,47346.0,59796.0,296497704,2793566000,13118400,123600000,41344,60,7563,429143700,81870570,770597604,27.89,1.04,0,6.3
2024,2024-11-17,겨울_코트,01_시즌,겨울,34129,1157,235189033,482333,79512,277531.0,270077.0,258737.0,2713665048,16461542957,91995384,558059281,203275,58,3349,749840163,266250778,1615458227,9.81,0.15,0,6.3
2024,2024-11-17,겨울_팬츠,01_시즌,겨울,64426,3071,155303053,121222,15702,68504.0,67138.0,71798.0,1011617052,7809848572,48220842,372272762,50571,58,15684,949456113,244651011,1889673148,24.34,0.61,0,6.3
2024,2024-11-17,겨울_해비스웨터,01_시즌,겨울,34397,2214,123782326,132333,17518,64096.0,66313.0,79178.0,602566646,4551858201,38784852,292985262,55909,58,7176,508669382,125366066,952995080,20.86,0.56,0,6.3
2024,2024-11-17,겨울_해비아우터,01_시즌,겨울,49093,2738,286402791,301500,39010,128516.0,145727.0,142052.0,1915117930,14801539500,106809380,825507000,104603,65,5536,636387751,212651420,1656281206,11.28,0.19,0,6.3
2024,2024-11-17,사계절_가성비 수트셋업,01_시즌,사계절,63577,757,74707091,199000,32310,98572.0,100446.0,106885.0,2054172870,12651823000,24458670,150643000,98688,50,47667,5149177265,1541804210,9485733000,74.98,1.53,0,6.3
2024,2024-11-17,사계절_데님셋업,01_시즌,사계절,23145,278,12707289,127334,17336,66225.0,68194.0,66851.0,401241720,2947145430,4819408,35398852,45710,64,15383,864645657,265555076,2104113934,66.46,1.3,0,6.3
2024,2024-11-17,사계절_셋업셔츠,01_시즌,사계절,194536,2638,76580619,79000,7624,29757.0,29736.0,33114.0,1483142464,15368344000,20112112,208402000,29030,63,121752,3820946201,929301655,9618408000,62.59,1.72,0,6.3
2024,2024-11-24,가을_가성비 수트셋업,01_시즌,가을,23878,517,39935100,214000,38546,79452.0,80600.0,136887.0,920401388,5109892000,19928282,110638000,77244,64,17966,2299311080,692470688,3844724000,75.24,1.52,2,3.8
2024,2024-11-24,가을_대물량이너,01_시즌,가을,14694,29,473892,84000,13811,26832.0,27638.0,40004.0,202938834,1234296000,400519,2436000,16341,81,8413,400543805,114478153,704517000,57.25,1.23,2,3.8
2024,2024-11-24,가을_아우터,01_시즌,가을,5216,149,10133227,249000,33745,65722.0,71104.0,124636.0,176013920,1298784000,5028005,37101000,68008,73,2754,288454943,92933730,685746000,52.8,0.96,2,3.8
2024,2024-11-24,가을_이너,01_시즌,가을,22583,186,2556004,94000,10596,27566.0,27020.0,34080.0,239289468,2122802000,1970856,17484000,13742,85,10445,397218991,107018592,980915000,46.25,1.06,2,3.8
2024,2024-11-24,가을_캐주얼셔츠,01_시즌,가을,9036,399,7901669,79000,8819,20122.0,23246.0,46106.0,79688484,713844000,3518781,31521000,19804,75,5155,174192406,45455092,407245000,57.05,1.42,2,3.8
2024,2024-11-24,가을_팬츠,01_시즌,가을,12470,250,8679212,114000,15248,34346.0,38128.0,61711.0,190142560,1421580000,3812000,28500000,34717,70,6434,359990401,95414610,724446000,51.6,1.22,2,3.8
2024,2024-11-24,겨울_가디건,01_시즌,겨울,5024,274,21338726,179000,21542,78598.0,83492.0,102238.0,108227008,899296000,5902508,49046000,77879,56,1129,108378229,24311207,202091000,22.47,0.69,2,3.8
2024,2024-11-24,겨울_가성비 수트셋업,01_시즌,겨울,47571,1747,269880860,228167,41318,163406.0,163872.0,165241.0,1965538578,10854132357,72182546,398607749,154482,32,17209,2798526360,702674872,3921114109,36.18,0.94,2,3.8
2024,2024-11-24,겨울_고가 수트셋업,01_시즌,겨울,7952,191,36676030,324000,57748,208068.0,220308.0,223072.0,459212096,2576448000,11029868,61884000,192021,41,2063,463133910,119134124,668412000,25.94,0.66,2,3.8
2024,2024-11-24,겨울_기모맨투맨셋업,01_시즌,겨울,40286,1237,50246907,102333,12766,43906.0,44240.0,57805.0,514291076,4122587238,15791542,126585921,40620,60,11236,538875294,142917304,1146794683,27.89,0.67,2,3.8
2024,2024-11-24,겨울_스웨터,01_시즌,겨울,43696,2197,103699314,99000,12147,47642.0,48758.0,58727.0,530775312,4325904000,26686959,217503000,47200,52,17785,1006264748,216245814,1760715000,40.7,1.32,2,3.8
2024,2024-11-24,겨울_아우터,01_시즌,겨울,17553,585,88892000,236778,35476,118232.0,132182.0,149574.0,622710228,4156164234,20753460,138515130,151952,36,7758,1464183610,275556200,1840515961,44.2,1.7,2,3.8
2024,2024-11-24,겨울_아우터셔츠,01_시즌,겨울,27122,850,36456387,103000,10932,45426.0,47346.0,59796.0,296497704,2793566000,9292200,87550000,42890,58,8413,465600087,91162770,858147604,31.02,1.12,2,3.8
2024,2024-11-24,겨울_코트,01_시즌,겨울,34129,1923,373983154,482333,79512,239955.0,270077.0,258737.0,2713665048,16461542957,152901576,927526359,194479,60,5272,1123823317,419152354,2542984586,15.45,0.22,2,3.8
2024,2024-11-24,겨울_팬츠,01_시즌,겨울,64426,3011,152162891,121222,15702,60604.0,67138.0,71798.0,1011617052,7809848572,47278722,364999442,50536,58,18695,1101619004,291929733,2254672590,29.02,0.7,2,3.8
2024,2024-11-24,겨울_해비스웨터,01_시즌,겨울,35272,2407,136453893,132333,17518,64997.0,66313.0,79178.0,617894896,4667649576,42165826,318525531,56690,57,9583,645123275,167531892,1271520611,27.17,0.68,2,3.8
2024,2024-11-24,겨울_해비아우터,01_시즌,겨울,49747,3495,412069353,301500,39010,125690.0,145727.0,142052.0,1940630470,14998720500,136339950,1053742500,117903,61,9031,1048457104,348991370,2710023706,18.15,0.31,2,3.8
2024,2024-11-24,사계절_가성비 수트셋업,01_시즌,사계절,63577,685,63467267,199000,32310,98711.0,100446.0,106885.0,2054172870,12651823000,22132350,136315000,92653,53,48352,5212644532,1563936560,9622048000,76.05,1.55,2,3.8
2024,2024-11-24,사계절_데님셋업,01_시즌,사계절,23145,199,10921887,127334,17336,66913.0,68194.0,66851.0,401241720,2947145430,3449864,25339466,54884,57,15582,875567544,269004940,2129453400,67.32,1.31,2,3.8
2024,2024-11-24,사계절_셋업셔츠,01_시즌,사계절,194536,2801,80527700,79000,7624,28205.0,29736.0,33114.0,1483142464,15368344000,21354824,221279000,28750,64,124553,3901473901,950656479,9839687000,64.03,1.75,2,3.8
2024,2024-12-01,겨울_가디건,01_시즌,겨울,5024,161,12347834,179000,21542,76701.0,79085.0,102238.0,108227008,899296000,3468262,28819000,76695,57,1290,120726063,27779469,230910000,25.68,0.76,0,3.2
2024,2024-12-01,겨울_가성비 수트셋업,01_시즌,겨울,47571,1741,269514196,228167,41318,163708.0,139033.0,165241.0,1965538578,10854132357,71934638,397238747,154804,32,18950,3068040556,774609510,4318352856,39.84,1.02,0,3.2
2024,2024-12-01,겨울_고가 수트셋업,01_시즌,겨울,7952,171,32119628,324000,57748,203812.0,170958.0,223072.0,459212096,2576448000,9874908,55404000,187834,42,2234,495253538,129009032,723816000,28.09,0.7,0,3.2
2024,2024-12-01,겨울_기모맨투맨셋업,01_시즌,겨울,40286,984,40480176,102333,12766,43328.0,42708.0,57805.0,514291076,4122587238,12561744,100695672,41138,60,12220,579355470,155479048,1247490355,30.33,0.72,0,3.2
2024,2024-12-01,겨울_스웨터,01_시즌,겨울,43696,2011,95647135,99000,12147,48004.0,47838.0,58727.0,530775312,4325904000,24427617,199089000,47562,52,19796,1101911883,240673431,1959804000,45.3,1.43,0,3.2
2024,2024-12-01,겨울_아우터,01_시즌,겨울,17553,499,79189819,236778,35476,119694.0,111734.0,149574.0,622710228,4156164234,17702524,118152222,158697,33,8257,1543373429,293258724,1958668183,47.04,1.78,0,3.2
2024,2024-12-01,겨울_아우터셔츠,01_시즌,겨울,27122,672,30365595,103000,10932,47548.0,47273.0,59796.0,296497704,2793566000,7346304,69216000,45187,56,9085,495965682,98509074,927363604,33.5,1.19,0,3.2
2024,2024-12-01,겨울_코트,01_시즌,겨울,34129,2088,418474624,482333,79471,238755.0,198298.0,258737.0,2712265759,16461542957,165935448,1007111304,200419,58,7360,1542297941,585087802,3550095890,21.57,0.3,0,3.2
2024,2024-12-01,겨울_팬츠,01_시즌,겨울,64426,3648,182000085,121222,15702,60097.0,55183.0,71798.0,1011617052,7809848572,57280896,442217856,49890,59,22343,1283619089,349210629,2696890446,34.68,0.81,0,3.2
2024,2024-12-01,겨울_해비스웨터,01_시즌,겨울,35272,2657,152080520,132333,17518,64191.0,62536.0,79178.0,617894896,4667649576,46545326,351608781,57238,57,12240,797203795,214077218,1623129392,34.7,0.83,0,3.2
2024,2024-12-01,겨울_해비아우터,01_시즌,겨울,49747,4095,483505530,301500,39010,123097.0,101770.0,142052.0,1940630470,14998720500,159745950,1234642500,118072,61,13126,1531962634,508737320,3944666206,26.39,0.46,0,3.2
2024,2024-12-01,사계절_가성비 수트셋업,01_시즌,사계절,63577,568,56486230,199000,32310,101838.0,95044.0,106885.0,2054172870,12651823000,18352080,113032000,99448,50,48920,5269130762,1582288640,9735080000,76.95,1.56,0,3.2
2024,2024-12-01,사계절_데님셋업,01_시즌,사계절,23145,220,10958200,127334,17336,59042.0,64035.0,66851.0,401241720,2947145430,3813920,28013480,49810,61,15802,886525744,272818860,2157466880,68.27,1.33,0,3.2
2024,2024-12-01,사계절_셋업셔츠,01_시즌,사계절,194536,2864,89139440,79000,7624,29965.0,31287.0,33114.0,1483142464,15368344000,21835136,226256000,31124,61,127417,3990613341,972491615,10065943000,65.5,1.79,0,3.2
2024,2024-12-08,겨울_가디건,01_시즌,겨울,5024,193,15144000,179000,21542,78188.0,79085.0,102238.0,108227008,899296000,4157606,34547000,78466,56,1483,135870063,31937075,265457000,29.52,0.85,0,1.0
2024,2024-12-08,겨울_가성비 수트셋업,01_시즌,겨울,47571,1682,220776945,228167,41318,136353.0,139033.0,165241.0,1965538578,10854132357,69496876,383776894,131259,42,20632,3288817501,844106386,4702129750,43.37,1.09,0,1.0
2024,2024-12-08,겨울_고가 수트셋업,01_시즌,겨울,7952,224,35273302,324000,57748,165105.0,170958.0,223072.0,459212096,2576448000,12935552,72576000,157470,51,2458,530526840,141944584,796392000,30.91,0.74,0,1.0
2024,2024-12-08,겨울_기모맨투맨셋업,01_시즌,겨울,40286,936,37485758,102333,12766,42984.0,42708.0,57805.0,514291076,4122587238,11948976,95783688,40049,61,13156,616841228,167428024,1343274043,32.66,0.76,0,1.0
2024,2024-12-08,겨울_스웨터,01_시즌,겨울,43696,1581,74502065,99000,12147,48173.0,47838.0,58727.0,530775312,4325904000,19204407,156519000,47123,52,21377,1176413948,259877838,2116323000,48.92,1.53,0,1.0
2024,2024-12-08,겨울_아우터,01_시즌,겨울,17553,405,63664662,236778,35476,112195.0,111734.0,149574.0,622710228,4156164234,14367780,95895090,157197,34,8662,1607038091,307626504,2054563273,49.35,1.85,0,1.0
2024,2024-12-08,겨울_아우터셔츠,01_시즌,겨울,27122,532,24796585,103000,10932,47367.0,47273.0,59796.0,296497704,2793566000,5815824,54796000,46610,55,9617,520762267,104324898,982159604,35.46,1.24,0,1.0
2024,2024-12-08,겨울_코트,01_시즌,겨울,34129,2153,370530127,482333,79471,194193.0,198298.0,258737.0,2712265759,16461542957,171101063,1038462949,172099,64,9513,1912828068,756188865,4588558839,27.87,0.36,0,1.0
2024,2024-12-08,겨울_팬츠,01_시즌,겨울,64426,2644,133253477,121222,15702,55297.0,55183.0,71798.0,1011617052,7809848572,41516088,320510968,50398,58,24987,1416872566,390726717,3017401414,38.78,0.89,0,1.0
2024,2024-12-08,겨울_해비스웨터,01_시즌,겨울,35272,2149,121666102,132333,17518,61580.0,62536.0,79178.0,617894896,4667649576,37646182,284383617,56615,57,14389,918869897,251723400,1907513009,40.79,0.94,0,1.0
2024,2024-12-08,겨울_해비아우터,01_시즌,겨울,49747,3729,438630744,301500,39010,100889.0,101770.0,142052.0,1940630470,14998720500,145468290,1124293500,117627,61,16855,1970593378,654205610,5068959706,33.88,0.59,0,1.0
2024,2024-12-08,사계절_가성비 수트셋업,01_시즌,사계절,63577,800,70554873,199000,32310,93104.0,95044.0,106885.0,2054172870,12651823000,25848000,159200000,88194,56,49720,5339685635,1608136640,9894280000,78.2,1.58,0,1.0
2024,2024-12-08,사계절_데님셋업,01_시즌,사계절,23145,139,6649030,127334,17336,59802.0,64035.0,66851.0,401241720,2947145430,2409704,17699426,47835,62,15941,893174774,275228564,2175166306,68.87,1.34,0,1.0
2024,2024-12-08,사계절_셋업셔츠,01_시즌,사계절,194536,2658,76773700,79000,7624,27415.0,31287.0,33114.0,1483142464,15368344000,20264592,209982000,28884,63,130075,4067387041,992756207,10275925000,66.86,1.82,0,1.0
2024,2024-12-15,겨울_가디건,01_시즌,겨울,5024,172,13700263,179000,21542,79688.0,79085.0,102238.0,108227008,899296000,3705224,30788000,79653,56,1655,149570326,35642299,296245000,32.94,0.93,0,-0.6
2024,2024-12-15,겨울_가성비 수트셋업,01_시즌,겨울,47571,1546,197301980,228167,41318,131653.0,139033.0,165241.0,1965538578,10854132357,63877628,352746182,127621,44,22178,3486119481,907984014,5054875932,46.62,1.15,0,-0.6
2024,2024-12-15,겨울_고가 수트셋업,01_시즌,겨울,7952,237,35777438,324000,57748,162029.0,170958.0,223072.0,459212096,2576448000,13686276,76788000,150960,53,2695,566304278,155630860,873180000,33.89,0.78,0,-0.6
2024,2024-12-15,겨울_기모맨투맨셋업,01_시즌,겨울,40286,707,30005981,102333,12766,45959.0,42708.0,57805.0,514291076,4122587238,9025562,72349431,42441,59,13863,646847209,176453586,1415623474,34.41,0.8,0,-0.6
2024,2024-12-15,겨울_스웨터,01_시즌,겨울,43696,1135,53395569,99000,12147,47625.0,47838.0,58727.0,530775312,4325904000,13786845,112365000,47045,52,22512,1229809517,273664683,2228688000,51.52,1.59,0,-0.6
2024,2024-12-15,겨울_아우터,01_시즌,겨울,17553,348,53255775,236778,35476,109474.0,111734.0,149574.0,622710228,4156164234,12345648,82398744,153034,35,9010,1660293866,319972152,2136962017,51.33,1.91,0,-0.6
2024,2024-12-15,겨울_아우터셔츠,01_시즌,겨울,27122,506,23189108,103000,10932,47741.0,47273.0,59796.0,296497704,2793566000,5531592,52118000,45828,56,10123,543951375,109856490,1034277604,37.32,1.3,0,-0.6
2024,2024-12-15,겨울_코트,01_시즌,겨울,37119,2426,387314049,482333,79471,186574.0,198298.0,258737.0,2949884049,17903718627,192796646,1170139858,159651,67,11939,2300142117,948985511,5758698697,32.16,0.39,0,-0.6
2024,2024-12-15,겨울_팬츠,01_시즌,겨울,64426,2649,129641154,121222,15702,54598.0,55183.0,71798.0,1011617052,7809848572,41594598,321117078,48940,60,27636,1546513720,432321315,3338518492,42.9,0.96,0,-0.6
2024,2024-12-15,겨울_해비스웨터,01_시즌,겨울,35272,1822,103496113,132333,17518,62487.0,62536.0,79178.0,617894896,4667649576,31917796,241110726,56804,57,16211,1022366010,283641196,2148623735,45.96,1.05,0,-0.6
2024,2024-12-15,겨울_해비아우터,01_시즌,겨울,49747,4067,446182198,301500,39010,95471.0,101770.0,142052.0,1940630470,14998720500,158653670,1226200500,109708,64,20922,2416775576,812859280,6295160206,42.06,0.71,0,-0.6
2024,2024-12-15,사계절_가성비 수트셋업,01_시즌,사계절,63577,554,51025051,199000,32310,95588.0,95044.0,106885.0,2054172870,12651823000,17899740,110246000,92103,54,50274,5390710686,1626036380,10004526000,79.08,1.59,0,-0.6
2024,2024-12-15,사계절_데님셋업,01_시즌,사계절,23145,144,7752276,127334,17336,68949.0,64035.0,66851.0,401241720,2947145430,2496384,18336096,53835,58,16085,900927050,277724948,2193502402,69.5,1.35,0,-0.6
2024,2024-12-15,사계절_셋업셔츠,01_시즌,사계절,194536,1776,56700600,79000,7624,33125.0,31287.0,33114.0,1483142464,15368344000,13540224,140304000,31926,60,131851,4124087641,1006296431,10416229000,67.78,1.85,0,-0.6
2024,2024-12-22,겨울_가디건,01_시즌,겨울,5024,155,12477291,179000,21542,80502.0,79085.0,102238.0,108227008,899296000,3339010,27745000,80499,55,1810,162047617,38981309,323990000,36.03,1.0,0,-0.9
2024,2024-12-22,겨울_가성비 수트셋업,01_시즌,겨울,47571,1415,181318139,228167,41318,131461.0,139033.0,165241.0,1965538578,10854132357,58464970,322856305,128140,44,23593,3667437620,966448984,5377732237,49.6,1.2,0,-0.9
2024,2024-12-22,겨울_고가 수트셋업,01_시즌,겨울,7952,255,38423538,324000,57748,161885.0,170958.0,223072.0,459212096,2576448000,14725740,82620000,150681,53,2950,604727816,170356600,955800000,37.1,0.83,0,-0.9
2024,2024-12-22,겨울_기모맨투맨셋업,01_시즌,겨울,40286,1007,36321217,102333,12766,40326.0,42708.0,57805.0,514291076,4122587238,12855362,103049331,36069,65,14870,683168426,189308948,1518672805,36.91,0.84,0,-0.9
2024,2024-12-22,겨울_스웨터,01_시즌,겨울,43696,962,45541603,99000,12147,47841.0,47838.0,58727.0,530775312,4325904000,11685414,95238000,47341,52,23474,1275351120,285350097,2323926000,53.72,1.65,0,-0.9
2024,2024-12-22,겨울_아우터,01_시즌,겨울,17553,963,177028271,236778,35476,110012.0,111734.0,149574.0,622710228,4156164234,34163388,228017214,183830,22,9973,1837322137,354135540,2364979231,56.82,2.11,0,-0.9
2024,2024-12-22,겨울_아우터셔츠,01_시즌,겨울,27122,528,23139449,103000,10932,46635.0,47273.0,59796.0,296497704,2793566000,5772096,54384000,43825,57,10651,567090824,115628586,1088661604,39.27,1.35,0,-0.9
2024,2024-12-22,겨울_코트,01_시즌,겨울,37119,2539,414608045,482333,79471,186048.0,198298.0,258737.0,2949884049,17903718627,201776869,1224643487,163296,66,14478,2714750162,1150762380,6983342184,39.0,0.45,0,-0.9
2024,2024-12-22,겨울_팬츠,01_시즌,겨울,64426,2277,111672064,121222,15702,51842.0,55183.0,71798.0,1011617052,7809848572,35753454,276022494,49044,60,29913,1658185784,468074769,3614540986,46.43,1.03,0,-0.9
2024,2024-12-22,겨울_해비스웨터,01_시즌,겨울,35272,1270,76060383,132333,17518,63556.0,62536.0,79178.0,617894896,4667649576,22247860,168062910,59890,55,17481,1098426393,305889056,2316686645,49.56,1.12,0,-0.9
2024,2024-12-22,겨울_해비아우터,01_시즌,겨울,49747,3696,435542506,301500,39010,94609.0,101770.0,142052.0,1940630470,14998720500,144180960,1114344000,117842,61,24618,2852318082,957040240,7409504206,49.49,0.84,0,-0.9
2024,2024-12-22,사계절_가성비 수트셋업,01_시즌,사계절,63577,444,40159244,199000,32310,91638.0,95044.0,106885.0,2054172870,12651823000,14345640,88356000,90449,55,50718,5430869930,1640382020,10092882000,79.77,1.6,0,-0.9
2024,2024-12-22,사계절_데님셋업,01_시즌,사계절,23145,729,31179000,127334,17336,60400.0,64035.0,66851.0,401241720,2947145430,12637944,92826486,42770,66,16814,932106050,290362892,2286328888,72.65,1.39,0,-0.9
2024,2024-12-22,사계절_셋업셔츠,01_시즌,사계절,194536,2151,73980600,79000,7624,31488.0,31287.0,33114.0,1483142464,15368344000,16399224,169929000,34394,56,134002,4198068241,1022695655,10586158000,68.88,1.88,0,-0.9
2024,2024-12-29,겨울_가디건,01_시즌,겨울,5024,176,14141140,179000,21542,80344.0,79085.0,102238.0,108227008,899296000,3791392,31504000,80347,55,1986,176188757,42772701,355494000,39.53,1.08,0,2.4
2024,2024-12-29,겨울_가성비 수트셋업,01_시즌,겨울,47571,1430,182619578,228167,41318,131989.0,139033.0,165241.0,1965538578,10854132357,59084740,326278810,127706,44,25023,3850057198,1025533724,5704011047,52.6,1.26,0,2.4
2024,2024-12-29,겨울_고가 수트셋업,01_시즌,겨울,7952,242,36428775,324000,57748,161962.0,170958.0,223072.0,459212096,2576448000,13975016,78408000,150532,54,3192,641156591,184331616,1034208000,40.14,0.87,0,2.4
2024,2024-12-29,겨울_기모맨투맨셋업,01_시즌,겨울,40286,922,34005910,102333,12766,40943.0,42708.0,57805.0,514291076,4122587238,11770252,94351026,36883,64,15792,717174336,201079200,1613023831,39.2,0.88,0,2.4
2024,2024-12-29,겨울_스웨터,01_시즌,겨울,43696,1126,52784663,99000,12147,47544.0,47838.0,58727.0,530775312,4325904000,13677522,111474000,46878,53,24600,1328135783,299027619,2435400000,56.3,1.71,0,2.4
2024,2024-12-29,겨울_아우터,01_시즌,겨울,17553,135,8160131,236778,35476,107295.0,111734.0,149574.0,622710228,4156164234,4789260,31965030,60445,74,10108,1845482268,358924800,2396944261,57.59,2.12,0,2.4
2024,2024-12-29,겨울_아우터셔츠,01_시즌,겨울,27122,519,23495133,103000,10932,47076.0,47273.0,59796.0,296497704,2793566000,5673708,53457000,45270,56,11170,590585957,121302294,1142118604,41.18,1.4,0,2.4
2024,2024-12-29,겨울_코트,01_시즌,겨울,37119,2533,416123119,482333,79471,185923.0,198298.0,258737.0,2949884049,17903718627,201300043,1221749489,164281,66,17011,3130873281,1352062423,8205091673,45.83,0.51,0,2.4
2024,2024-12-29,겨울_팬츠,01_시즌,겨울,64426,2582,125782567,121222,15702,54079.0,55183.0,71798.0,1011617052,7809848572,40542564,312995204,48715,60,32495,1783968351,508617333,3927536190,50.44,1.1,0,2.4
2024,2024-12-29,겨울_해비스웨터,01_시즌,겨울,35272,1558,91596010,132333,17518,60866.0,62536.0,79178.0,617894896,4667649576,27293044,206174814,58791,56,19039,1190022403,333182100,2522861459,53.98,1.21,0,2.4
2024,2024-12-29,겨울_해비아우터,01_시즌,겨울,49747,3439,392281108,301500,39010,94782.0,101770.0,142052.0,1940630470,14998720500,134155390,1036858500,114068,62,28057,3244599190,1091195630,8446362706,56.4,0.96,0,2.4
2024,2024-12-29,사계절_가성비 수트셋업,01_시즌,사계절,63577,405,37045998,199000,32310,93050.0,95044.0,106885.0,2054172870,12651823000,13085550,80595000,91472,54,51123,5467915928,1653467570,10173477000,80.41,1.61,0,2.4
2024,2024-12-29,사계절_데님셋업,01_시즌,사계절,23145,34,2886000,127334,17336,69794.0,64035.0,66851.0,401241720,2947145430,589424,4329356,84882,33,16848,934992050,290952316,2290658244,72.79,1.39,0,2.4
2024,2024-12-29,사계절_셋업셔츠,01_시즌,사계절,194536,1499,49167250,79000,7624,34440.0,31287.0,33114.0,1483142464,15368344000,11428376,118421000,32800,58,135501,4247235491,1034124031,10704579000,69.65,1.91,0,2.4
