기획년도,주차,카테고리,판매수량,판매액,평균 택가,평균 원가,주차별 평균 실판매가,월,월별 평균 실판매가,년도별 평균 실판매가,실판매가,할인율,시즌이월
2021,2021-01-03,봄_가죽&FUR_가죽점퍼_ZA,53,52297400,999000.0,204500.0,987706.0,1,530682.0,455750.0,986743.0,1.0,01_시즌
2021,2021-01-03,봄_니트 셔츠_라운드_ZB,401,18981424,69900.0,8878.0,47335.0,1,41774.0,24107.0,47335.0,32.0,01_시즌
2021,2021-01-03,봄_수트_블레이져(수트)_ZA,109,19685400,339000.0,56150.0,207972.0,1,188353.0,166517.0,180600.0,47.0,01_시즌
2021,2021-01-03,봄_수트_블레이져(수트)_ZB,194,29890941,199000.0,40583.0,199528.0,1,160160.0,125211.0,154077.0,23.0,01_시즌
2021,2021-01-03,봄_수트_블레이져(수트)_ZC,33,5652700,239000.0,46064.0,175804.0,1,160403.0,124769.0,171294.0,28.0,01_시즌
2021,2021-01-03,봄_수트_수트팬츠_ZA,128,12921890,192333.0,32121.0,117519.0,1,104290.0,91701.0,100952.0,48.0,01_시즌
2021,2021-01-03,봄_수트_수트팬츠_ZB,243,18916910,99000.0,20850.0,78422.0,1,74954.0,64274.0,77847.0,21.0,01_시즌
2021,2021-01-03,봄_수트_수트팬츠_ZC,28,2491610,125667.0,23973.0,89467.0,1,79459.0,62248.0,88986.0,29.0,01_시즌
2021,2021-01-03,봄_스웨터_T-에리_ZB,63,5324670,99900.0,9848.0,84519.0,1,48735.0,34775.0,84519.0,15.0,01_시즌
2021,2021-01-03,봄_스웨터_라운드_ZB,801,30091342,94900.0,8929.0,38643.0,1,40590.0,34180.0,37567.0,60.0,01_시즌
2021,2021-01-03,봄_스웨터_오픈형(CARDIGAN)_ZB,127,14957130,159900.0,14254.0,108352.0,1,152746.0,62254.0,117773.0,26.0,01_시즌
2021,2021-01-03,봄_우븐 셔츠_드레스셔츠_ZB,62,3728040,69900.0,5929.0,60130.0,1,40055.0,28275.0,60130.0,14.0,01_시즌
2021,2021-01-03,봄_우븐 셔츠_캐쥬얼셔츠_ZB,128,7432389,69900.0,8024.0,60804.0,1,38520.0,26888.0,58066.0,17.0,01_시즌
2021,2021-01-03,봄_조끼_패딩베스트_ZB,37,831601,79000.0,10099.0,22476.0,1,30723.0,16201.0,22476.0,72.0,01_시즌
2021,2021-01-03,봄_코트_더블코트_ZB,45,14805000,329000.0,34814.0,329000.0,1,243505.0,107074.0,329000.0,0.0,01_시즌
2021,2021-01-03,봄_코트_싱글코트_ZB,79,19646100,249000.0,25314.0,248685.0,1,178906.0,100021.0,248685.0,0.0,01_시즌
2021,2021-01-03,사계절_수트_블레이져(수트)_ZB,480,58066516,199000.0,34632.0,114810.0,1,122518.0,134016.0,120972.0,39.0,01_시즌
2021,2021-01-03,사계절_수트_수트팬츠_ZB,589,40054200,99000.0,16044.0,68805.0,1,66125.0,67813.0,68004.0,31.0,01_시즌
2021,2021-01-03,사계절_우븐 셔츠_드레스셔츠_ZB,1076,44692624,56567.0,7777.0,45059.0,1,38629.0,32928.0,41536.0,27.0,01_시즌
2021,2021-01-03,사계절_우븐 셔츠_드레스셔츠_ZC,15,590520,39900.0,7535.0,39368.0,1,30812.0,28709.0,39368.0,1.0,01_시즌
2021,2021-01-10,봄_가죽&FUR_가죽점퍼_ZA,108,44542500,999000.0,204500.0,392363.0,1,530682.0,455750.0,412431.0,59.0,01_시즌
2021,2021-01-10,봄_니트 셔츠_라운드_ZB,315,14404290,69900.0,7574.0,45728.0,1,41774.0,24107.0,45728.0,35.0,01_시즌
2021,2021-01-10,봄_수트_블레이져(수트)_ZA,55,10073004,319000.0,53744.0,194713.0,1,188353.0,166517.0,183146.0,43.0,01_시즌
2021,2021-01-10,봄_수트_블레이져(수트)_ZB,220,33021760,199000.0,40583.0,149065.0,1,160160.0,125211.0,150099.0,25.0,01_시즌
2021,2021-01-10,봄_수트_블레이져(수트)_ZC,41,6291200,239000.0,46064.0,157551.0,1,160403.0,124769.0,153444.0,36.0,01_시즌
2021,2021-01-10,봄_수트_수트팬츠_ZA,65,6892956,179000.0,30103.0,116568.0,1,104290.0,91701.0,106045.0,41.0,01_시즌
2021,2021-01-10,봄_수트_수트팬츠_ZB,227,16809800,99000.0,20850.0,73038.0,1,74954.0,64274.0,74052.0,25.0,01_시즌
2021,2021-01-10,봄_수트_수트팬츠_ZC,37,2820500,125667.0,23973.0,77910.0,1,79459.0,62248.0,76230.0,39.0,01_시즌
2021,2021-01-10,봄_스웨터_T-에리_ZB,363,27211160,99900.0,9848.0,74962.0,1,48735.0,34775.0,74962.0,25.0,01_시즌
2021,2021-01-10,봄_스웨터_라운드_ZB,576,25320840,94900.0,8929.0,36804.0,1,40590.0,34180.0,43960.0,54.0,01_시즌
2021,2021-01-10,봄_스웨터_오픈형(CARDIGAN)_ZB,80,7023940,159900.0,14254.0,87474.0,1,152746.0,62254.0,87799.0,45.0,01_시즌
2021,2021-01-10,봄_우븐 셔츠_드레스셔츠_ZB,62,1933890,69900.0,5929.0,31192.0,1,40055.0,28275.0,31192.0,55.0,01_시즌
2021,2021-01-10,봄_우븐 셔츠_캐쥬얼셔츠_ZB,180,5284280,69900.0,8024.0,36010.0,1,38520.0,26888.0,29357.0,58.0,01_시즌
2021,2021-01-10,봄_점퍼_패딩점퍼_ZB,128,19134988,199000.0,19336.0,149492.0,1,119480.0,89466.0,149492.0,25.0,01_시즌
2021,2021-01-10,봄_조끼_패딩베스트_ZB,872,11606546,79000.0,10099.0,13310.0,1,30723.0,16201.0,13310.0,83.0,01_시즌
2021,2021-01-10,봄_코트_더블코트_ZB,45,7071000,329000.0,34814.0,157133.0,1,243505.0,107074.0,157133.0,52.0,01_시즌
2021,2021-01-10,봄_코트_싱글코트_ZB,-21,-7550500,249000.0,25439.0,359548.0,1,178906.0,100021.0,359548.0,-44.0,01_시즌
2021,2021-01-10,사계절_수트_블레이져(수트)_ZB,478,61448100,199000.0,36269.0,142698.0,1,122518.0,134016.0,128553.0,35.0,01_시즌
2021,2021-01-10,사계절_수트_수트팬츠_ZB,556,39623100,99000.0,17094.0,75777.0,1,66125.0,67813.0,71265.0,28.0,01_시즌
2021,2021-01-10,사계절_우븐 셔츠_드레스셔츠_ZB,1102,39019704,56567.0,7777.0,39702.0,1,38629.0,32928.0,35408.0,37.0,01_시즌
2021,2021-01-10,사계절_우븐 셔츠_드레스셔츠_ZC,18,576330,39900.0,7535.0,32018.0,1,30812.0,28709.0,32018.0,20.0,01_시즌
2021,2021-01-10,사계절_팬츠_팬츠(일반)_ZB,0,0,69900.0,10105.0,,1,57987.0,41957.0,57987.0,17.0,01_시즌
2021,2021-01-10,여름_우븐 셔츠_드레스셔츠_ZB,0,0,69900.0,6329.0,,1,,23706.0,23706.0,66.0,01_시즌
2021,2021-01-17,봄_가죽&FUR_가죽점퍼_ZA,79,23101100,999000.0,204500.0,294492.0,1,530682.0,455750.0,292419.0,71.0,01_시즌
2021,2021-01-17,봄_니트 셔츠_라운드_ZB,164,3513314,69900.0,7574.0,21423.0,1,41774.0,24107.0,21423.0,69.0,01_시즌
2021,2021-01-17,봄_수트_블레이져(수트)_ZA,103,16569960,319000.0,53744.0,156522.0,1,188353.0,166517.0,160873.0,50.0,01_시즌
2021,2021-01-17,봄_수트_블레이져(수트)_ZB,358,54366700,199000.0,40583.0,149838.0,1,160160.0,125211.0,151862.0,24.0,01_시즌
2021,2021-01-17,봄_수트_블레이져(수트)_ZC,48,7462400,239000.0,46064.0,156152.0,1,160403.0,124769.0,155467.0,35.0,01_시즌
2021,2021-01-17,봄_수트_수트팬츠_ZA,109,9297260,179000.0,30103.0,82216.0,1,104290.0,91701.0,85296.0,52.0,01_시즌
2021,2021-01-17,봄_수트_수트팬츠_ZB,447,33719000,99000.0,20850.0,74585.0,1,74954.0,64274.0,75434.0,24.0,01_시즌
2021,2021-01-17,봄_수트_수트팬츠_ZC,45,3474500,125667.0,23973.0,77486.0,1,79459.0,62248.0,77211.0,39.0,01_시즌
2021,2021-01-17,봄_스웨터_T-에리_ZB,129,2016947,99900.0,9848.0,15635.0,1,48735.0,34775.0,15635.0,84.0,01_시즌
2021,2021-01-17,봄_스웨터_라운드_ZB,1099,48397976,94900.0,8929.0,43700.0,1,40590.0,34180.0,44038.0,54.0,01_시즌
2021,2021-01-17,봄_스웨터_오픈형(CARDIGAN)_ZB,50,403700,159900.0,14254.0,68125.0,1,152746.0,62254.0,8074.0,95.0,01_시즌
2021,2021-01-17,봄_우븐 셔츠_드레스셔츠_ZB,122,4381480,69900.0,5929.0,35914.0,1,40055.0,28275.0,35914.0,49.0,01_시즌
2021,2021-01-17,봄_우븐 셔츠_캐쥬얼셔츠_ZB,284,9720620,69900.0,8024.0,33869.0,1,38520.0,26888.0,34228.0,51.0,01_시즌
2021,2021-01-17,봄_점퍼_패딩점퍼_ZB,94,12504600,199000.0,19336.0,133028.0,1,119480.0,89466.0,133028.0,33.0,01_시즌
2021,2021-01-17,봄_조끼_패딩베스트_ZB,106,2045878,79000.0,10099.0,19301.0,1,30723.0,16201.0,19301.0,76.0,01_시즌
2021,2021-01-17,봄_코트_더블코트_ZB,-12,-5411000,329000.0,34815.0,450917.0,1,243505.0,107074.0,450917.0,-37.0,01_시즌
2021,2021-01-17,봄_코트_싱글코트_ZB,211,39707400,249000.0,25439.0,149782.0,1,178906.0,100021.0,188187.0,24.0,01_시즌
2021,2021-01-17,사계절_데님_데님팬츠_ZB,47,3658470,79900.0,11720.0,77720.0,1,75709.0,51123.0,77840.0,3.0,01_시즌
2021,2021-01-17,사계절_수트_블레이져(수트)_ZB,596,77652310,199000.0,36613.0,136951.0,1,122518.0,134016.0,130289.0,35.0,01_시즌
2021,2021-01-17,사계절_수트_수트팬츠_ZB,694,48170692,99000.0,17285.0,72174.0,1,66125.0,67813.0,69410.0,30.0,01_시즌
2021,2021-01-17,사계절_우븐 셔츠_드레스셔츠_ZB,1251,37518580,56567.0,7777.0,35600.0,1,38629.0,32928.0,29991.0,47.0,01_시즌
2021,2021-01-17,사계절_우븐 셔츠_드레스셔츠_ZC,13,349950,39900.0,7535.0,26919.0,1,30812.0,28709.0,26919.0,33.0,01_시즌
2021,2021-01-17,사계절_자켓_싱글재킷_ZB,0,0,199000.0,23618.0,,1,199000.0,110719.0,199000.0,0.0,01_시즌
2021,2021-01-17,사계절_팬츠_팬츠(일반)_ZB,253,17448980,69900.0,10105.0,68968.0,1,57987.0,41957.0,68968.0,1.0,01_시즌
2021,2021-01-17,여름_우븐 셔츠_드레스셔츠_ZB,0,0,69900.0,6329.0,,1,,23706.0,23706.0,66.0,01_시즌
2021,2021-01-24,봄_가죽&FUR_가죽점퍼_ZA,51,24770500,999000.0,204500.0,485429.0,1,530682.0,455750.0,485696.0,51.0,01_시즌
2021,2021-01-24,봄_니트 셔츠_라운드_ZB,961,45201004,69900.0,7574.0,50931.0,1,41774.0,24107.0,47035.0,33.0,01_시즌
2021,2021-01-24,봄_수트_블레이져(수트)_ZA,92,14824867,319000.0,53744.0,183930.0,1,188353.0,166517.0,161140.0,49.0,01_시즌
2021,2021-01-24,봄_수트_블레이져(수트)_ZB,311,47355540,199000.0,40583.0,151402.0,1,160160.0,125211.0,152269.0,23.0,01_시즌
2021,2021-01-24,봄_수트_블레이져(수트)_ZC,53,8389120,239000.0,46064.0,158384.0,1,160403.0,124769.0,158285.0,34.0,01_시즌
2021,2021-01-24,봄_수트_수트팬츠_ZA,106,8482433,179000.0,30103.0,98508.0,1,104290.0,91701.0,80023.0,55.0,01_시즌
2021,2021-01-24,봄_수트_수트팬츠_ZB,333,25318260,99000.0,20850.0,75637.0,1,74954.0,64274.0,76031.0,23.0,01_시즌
2021,2021-01-24,봄_수트_수트팬츠_ZC,50,3893756,125667.0,23973.0,78357.0,1,79459.0,62248.0,77875.0,38.0,01_시즌
2021,2021-01-24,봄_스웨터_T-에리_ZB,143,3802605,99900.0,9848.0,26592.0,1,48735.0,34775.0,26592.0,73.0,01_시즌
2021,2021-01-24,봄_스웨터_라운드_ZB,1517,61504926,94900.0,8929.0,40548.0,1,40590.0,34180.0,40544.0,57.0,01_시즌
2021,2021-01-24,봄_스웨터_오픈형(CARDIGAN)_ZB,109,7147019,159900.0,14254.0,66755.0,1,152746.0,62254.0,65569.0,59.0,01_시즌
2021,2021-01-24,봄_우븐 셔츠_드레스셔츠_ZB,122,4255380,69900.0,5929.0,34880.0,1,40055.0,28275.0,34880.0,50.0,01_시즌
2021,2021-01-24,봄_우븐 셔츠_캐쥬얼셔츠_ZB,439,14676457,69900.0,8024.0,33294.0,1,38520.0,26888.0,33432.0,52.0,01_시즌
2021,2021-01-24,봄_점퍼_패딩점퍼_ZB,90,8427007,199000.0,19336.0,93633.0,1,119480.0,89466.0,93633.0,53.0,01_시즌
2021,2021-01-24,봄_조끼_패딩베스트_ZB,2,157463,79000.0,10099.0,78732.0,1,30723.0,16201.0,78732.0,0.0,01_시즌
2021,2021-01-24,봄_코트_더블코트_ZB,22,3314807,329000.0,34815.0,150673.0,1,243505.0,107074.0,150673.0,54.0,01_시즌
2021,2021-01-24,봄_코트_싱글코트_ZB,289,38637800,249000.0,25439.0,132396.0,1,178906.0,100021.0,133695.0,46.0,01_시즌
2021,2021-01-24,사계절_데님_데님팬츠_ZB,78,5910700,79900.0,11720.0,76741.0,1,75709.0,51123.0,75778.0,5.0,01_시즌
2021,2021-01-24,사계절_수트_블레이져(수트)_ZB,569,65797500,199000.0,36613.0,106224.0,1,122518.0,134016.0,115637.0,42.0,01_시즌
2021,2021-01-24,사계절_수트_수트팬츠_ZB,688,43125700,99000.0,17285.0,57812.0,1,66125.0,67813.0,62683.0,37.0,01_시즌
2021,2021-01-24,사계절_우븐 셔츠_드레스셔츠_ZB,1525,46197943,56567.0,7777.0,36014.0,1,38629.0,32928.0,30294.0,46.0,01_시즌
2021,2021-01-24,사계절_우븐 셔츠_드레스셔츠_ZC,14,382000,39900.0,7535.0,27286.0,1,30812.0,28709.0,27286.0,32.0,01_시즌
2021,2021-01-24,사계절_자켓_싱글재킷_ZB,0,0,199000.0,23618.0,,1,199000.0,110719.0,199000.0,0.0,01_시즌
2021,2021-01-24,사계절_팬츠_팬츠(일반)_ZB,110,6691440,69900.0,10105.0,60831.0,1,57987.0,41957.0,60831.0,13.0,01_시즌
2021,2021-01-24,여름_우븐 셔츠_드레스셔츠_ZB,0,0,69900.0,6329.0,,1,,23706.0,23706.0,66.0,01_시즌
2021,2021-01-31,봄_가죽&FUR_가죽점퍼_ZA,170,83960000,999000.0,204500.0,493421.0,1,530682.0,455750.0,493882.0,51.0,01_시즌
2021,2021-01-31,봄_니트 셔츠_라운드_ZB,1167,29689296,69900.0,7574.0,33454.0,1,41774.0,24107.0,25441.0,64.0,01_시즌
2021,2021-01-31,봄_수트_블레이져(수트)_ZA,133,22282870,319000.0,53744.0,188100.0,1,188353.0,166517.0,167540.0,47.0,01_시즌
2021,2021-01-31,봄_수트_블레이져(수트)_ZB,217,31567544,199000.0,40583.0,148671.0,1,160160.0,125211.0,145473.0,27.0,01_시즌
2021,2021-01-31,봄_수트_블레이져(수트)_ZC,41,6268400,239000.0,46064.0,154124.0,1,160403.0,124769.0,152888.0,36.0,01_시즌
2021,2021-01-31,봄_수트_수트팬츠_ZA,147,12779070,179000.0,30103.0,100535.0,1,104290.0,91701.0,86932.0,51.0,01_시즌
2021,2021-01-31,봄_수트_수트팬츠_ZB,256,18594456,99000.0,20850.0,72625.0,1,74954.0,64274.0,72635.0,27.0,01_시즌
2021,2021-01-31,봄_수트_수트팬츠_ZC,41,2955074,125667.0,23973.0,74075.0,1,79459.0,62248.0,72075.0,43.0,01_시즌
2021,2021-01-31,봄_스웨터_T-에리_ZB,438,18381489,99900.0,9848.0,41967.0,1,48735.0,34775.0,41967.0,58.0,01_시즌
2021,2021-01-31,봄_스웨터_라운드_ZB,1297,55998890,94900.0,8929.0,43254.0,1,40590.0,34180.0,43176.0,55.0,01_시즌
2021,2021-01-31,봄_스웨터_오픈형(CARDIGAN)_ZB,46,4636065,159900.0,14254.0,390714.0,1,152746.0,62254.0,100784.0,37.0,01_시즌
2021,2021-01-31,봄_우븐 셔츠_드레스셔츠_ZB,160,6105100,69900.0,5929.0,38157.0,1,40055.0,28275.0,38157.0,45.0,01_시즌
2021,2021-01-31,봄_우븐 셔츠_캐쥬얼셔츠_ZB,311,10146759,69900.0,8024.0,33471.0,1,38520.0,26888.0,32626.0,53.0,01_시즌
2021,2021-01-31,봄_점퍼_패딩점퍼_ZB,101,10278560,199000.0,19336.0,101768.0,1,119480.0,89466.0,101768.0,49.0,01_시즌
2021,2021-01-31,봄_조끼_패딩베스트_ZB,44,870941,79000.0,10099.0,19794.0,1,30723.0,16201.0,19794.0,75.0,01_시즌
2021,2021-01-31,봄_코트_더블코트_ZB,8,1038419,329000.0,34815.0,129802.0,1,243505.0,107074.0,129802.0,61.0,01_시즌
2021,2021-01-31,봄_코트_싱글코트_ZB,206,24410382,249000.0,25439.0,129328.0,1,178906.0,100021.0,118497.0,52.0,01_시즌
2021,2021-01-31,사계절_데님_데님팬츠_ZB,67,4837063,79900.0,11720.0,72667.0,1,75709.0,51123.0,72195.0,10.0,01_시즌
2021,2021-01-31,사계절_수트_블레이져(수트)_ZB,795,91228080,199000.0,36613.0,108823.0,1,122518.0,134016.0,114752.0,42.0,01_시즌
2021,2021-01-31,사계절_수트_수트팬츠_ZB,1011,59744380,99000.0,17285.0,57130.0,1,66125.0,67813.0,59094.0,40.0,01_시즌
2021,2021-01-31,사계절_우븐 셔츠_드레스셔츠_ZB,1790,55609468,56567.0,7777.0,36769.0,1,38629.0,32928.0,31067.0,45.0,01_시즌
2021,2021-01-31,사계절_우븐 셔츠_드레스셔츠_ZC,15,427000,39900.0,7535.0,28467.0,1,30812.0,28709.0,28467.0,29.0,01_시즌
2021,2021-01-31,사계절_자켓_싱글재킷_ZB,31,6169000,199000.0,23618.0,199000.0,1,199000.0,110719.0,199000.0,0.0,01_시즌
2021,2021-01-31,사계절_팬츠_팬츠(일반)_ZB,765,34198855,64900.0,10275.0,51074.0,1,57987.0,41957.0,44704.0,31.0,01_시즌
2021,2021-01-31,여름_우븐 셔츠_드레스셔츠_ZB,0,0,69900.0,6329.0,,1,,23706.0,23706.0,66.0,01_시즌
2021,2021-02-07,봄_가죽&FUR_가죽점퍼_ZA,18,8424547,999000.0,204500.0,491752.0,2,455310.0,455750.0,468030.0,53.0,01_시즌
2021,2021-02-07,봄_니트 셔츠_라운드_ZB,1918,58459176,69900.0,7585.0,29533.0,2,29542.0,24107.0,30479.0,56.0,01_시즌
2021,2021-02-07,봄_수트_블레이져(수트)_ZA,99,15636810,319000.0,53744.0,164175.0,2,160208.0,166517.0,157948.0,50.0,01_시즌
2021,2021-02-07,봄_수트_블레이져(수트)_ZB,479,60843498,199000.0,40583.0,124303.0,2,122565.0,125211.0,127022.0,36.0,01_시즌
2021,2021-02-07,봄_수트_블레이져(수트)_ZC,66,10180840,239000.0,46064.0,153476.0,2,144612.0,124769.0,154255.0,35.0,01_시즌
2021,2021-02-07,봄_수트_수트팬츠_ZA,107,8525840,179000.0,30103.0,87494.0,2,85318.0,91701.0,79681.0,55.0,01_시즌
2021,2021-02-07,봄_수트_수트팬츠_ZB,534,33565294,99000.0,20850.0,61421.0,2,60628.0,64274.0,62856.0,37.0,01_시즌
2021,2021-02-07,봄_수트_수트팬츠_ZC,45,3427380,125667.0,23973.0,76523.0,2,73507.0,62248.0,76164.0,39.0,01_시즌
2021,2021-02-07,봄_스웨터_T-에리_ZB,365,15232329,99900.0,9848.0,41732.0,2,39622.0,34775.0,41732.0,58.0,01_시즌
2021,2021-02-07,봄_스웨터_라운드_ZB,1938,83949287,94900.0,8929.0,42720.0,2,39588.0,34180.0,43317.0,54.0,01_시즌
2021,2021-02-07,봄_스웨터_오픈형(CARDIGAN)_ZB,211,16007519,159900.0,14254.0,75895.0,2,71461.0,62254.0,75865.0,53.0,01_시즌
2021,2021-02-07,봄_우븐 셔츠_드레스셔츠_ZB,134,5168830,69900.0,5929.0,38573.0,2,32540.0,28275.0,38573.0,45.0,01_시즌
2021,2021-02-07,봄_우븐 셔츠_캐쥬얼셔츠_ZB,543,17438057,69900.0,8024.0,30912.0,2,30428.0,26888.0,32114.0,54.0,01_시즌
2021,2021-02-07,봄_점퍼_패딩점퍼_ZB,225,23658989,199000.0,19336.0,105151.0,2,99750.0,89466.0,105151.0,47.0,01_시즌
2021,2021-02-07,봄_조끼_패딩베스트_ZB,45,780368,79000.0,10099.0,17342.0,2,15406.0,16201.0,17342.0,78.0,01_시즌
2021,2021-02-07,봄_코트_더블코트_ZB,40,6805169,329000.0,34815.0,170129.0,2,155752.0,107074.0,170129.0,48.0,01_시즌
2021,2021-02-07,봄_코트_싱글코트_ZB,348,55221500,249000.0,25980.0,157804.0,2,131685.0,100021.0,158682.0,36.0,01_시즌
2021,2021-02-07,사계절_니트 셔츠_라운드_ZB,0,0,19900.0,5405.0,,2,15289.0,14508.0,15289.0,23.0,01_시즌
2021,2021-02-07,사계절_데님_데님팬츠_ZB,197,13174420,79900.0,11720.0,68737.0,2,66123.0,51123.0,66875.0,16.0,01_시즌
2021,2021-02-07,사계절_수트_블레이져(수트)_ZB,794,93412380,199000.0,36613.0,110786.0,2,108992.0,134016.0,117648.0,41.0,01_시즌
2021,2021-02-07,사계절_수트_수트팬츠_ZB,948,59697360,99000.0,17285.0,59725.0,2,60490.0,67813.0,62972.0,36.0,01_시즌
2021,2021-02-07,사계절_우븐 셔츠_드레스셔츠_ZB,1420,42800019,56567.0,7777.0,38844.0,2,36691.0,32928.0,30141.0,47.0,01_시즌
2021,2021-02-07,사계절_우븐 셔츠_드레스셔츠_ZC,6,174000,39900.0,7535.0,29000.0,2,28139.0,28709.0,29000.0,27.0,01_시즌
2021,2021-02-07,사계절_자켓_싱글재킷_ZB,27,1954500,199000.0,23618.0,72389.0,2,106055.0,110719.0,72389.0,64.0,01_시즌
2021,2021-02-07,사계절_팬츠_팬츠(일반)_ZB,999,35904720,64900.0,10106.0,36024.0,2,34949.0,41957.0,35941.0,45.0,01_시즌
2021,2021-02-07,여름_수트_블레이져(수트)_ZA,0,0,259000.0,48002.0,,2,205006.0,177002.0,205006.0,21.0,01_시즌
2021,2021-02-07,여름_수트_블레이져(수트)_ZB,0,0,199000.0,42800.0,,2,161917.0,157481.0,161917.0,19.0,01_시즌
2021,2021-02-07,여름_수트_블레이져(수트)_ZC,0,0,259000.0,49620.0,,2,173159.0,167634.0,173159.0,33.0,01_시즌
2021,2021-02-07,여름_수트_수트팬츠_ZA,0,0,139000.0,23985.0,,2,98578.0,92931.0,98578.0,29.0,01_시즌
2021,2021-02-07,여름_수트_수트팬츠_ZB,0,0,99000.0,22171.0,,2,80674.0,78257.0,80674.0,19.0,01_시즌
2021,2021-02-07,여름_수트_수트팬츠_ZC,0,0,139000.0,24197.0,,2,82416.0,88248.0,82416.0,41.0,01_시즌
2021,2021-02-07,여름_우븐 셔츠_드레스셔츠_ZB,163,9561900,69900.0,6329.0,58662.0,2,50254.0,23706.0,58662.0,16.0,01_시즌
2021,2021-02-07,여름_자켓_싱글재킷_ZA,31,6783500,259000.0,36600.0,218823.0,2,208955.0,140793.0,218823.0,16.0,01_시즌
2021,2021-02-07,여름_점퍼_점퍼_ZB,0,0,224000.0,20458.0,,2,189298.0,108502.0,189298.0,15.0,01_시즌
2021,2021-02-07,여름_팬츠_팬츠(일반)_ZA,42,5083000,139000.0,16300.0,121024.0,2,146158.0,73231.0,121024.0,13.0,01_시즌
2021,2021-02-14,봄_가죽&FUR_가죽점퍼_ZA,11,3949000,999000.0,204500.0,494294.0,2,455310.0,455750.0,359000.0,64.0,01_시즌
2021,2021-02-14,봄_니트 셔츠_라운드_ZB,2934,86841690,69900.0,7590.0,30491.0,2,29542.0,24107.0,29598.0,58.0,01_시즌
2021,2021-02-14,봄_수트_블레이져(수트)_ZA,125,20242359,319000.0,53744.0,179511.0,2,160208.0,166517.0,161939.0,49.0,01_시즌
2021,2021-02-14,봄_수트_블레이져(수트)_ZB,508,63371228,199000.0,40583.0,121771.0,2,122565.0,125211.0,124747.0,37.0,01_시즌
2021,2021-02-14,봄_수트_블레이져(수트)_ZC,140,20717790,239000.0,46064.0,151443.0,2,144612.0,124769.0,147984.0,38.0,01_시즌
2021,2021-02-14,봄_수트_수트팬츠_ZA,143,11818517,179000.0,30103.0,94338.0,2,85318.0,91701.0,82647.0,54.0,01_시즌
2021,2021-02-14,봄_수트_수트팬츠_ZB,538,33234251,99000.0,20850.0,60055.0,2,60628.0,64274.0,61774.0,38.0,01_시즌
2021,2021-02-14,봄_수트_수트팬츠_ZC,100,7436880,125667.0,23973.0,75737.0,2,73507.0,62248.0,74369.0,41.0,01_시즌
2021,2021-02-14,봄_스웨터_T-에리_ZB,805,35637658,99900.0,9848.0,44270.0,2,39622.0,34775.0,44270.0,56.0,01_시즌
2021,2021-02-14,봄_스웨터_라운드_ZB,2545,102622868,94900.0,8929.0,40542.0,2,39588.0,34180.0,40323.0,58.0,01_시즌
2021,2021-02-14,봄_스웨터_오픈형(CARDIGAN)_ZB,411,29519539,159900.0,14254.0,71781.0,2,71461.0,62254.0,71824.0,55.0,01_시즌
2021,2021-02-14,봄_우븐 셔츠_드레스셔츠_ZB,149,3847850,69900.0,5929.0,25824.0,2,32540.0,28275.0,25824.0,63.0,01_시즌
2021,2021-02-14,봄_우븐 셔츠_캐쥬얼셔츠_ZB,828,27274685,69900.0,8024.0,31347.0,2,30428.0,26888.0,32940.0,53.0,01_시즌
2021,2021-02-14,봄_점퍼_패딩점퍼_ZB,380,42970189,199000.0,19336.0,113079.0,2,99750.0,89466.0,113079.0,43.0,01_시즌
2021,2021-02-14,봄_조끼_패딩베스트_ZB,233,3212400,79000.0,10099.0,13787.0,2,15406.0,16201.0,13787.0,83.0,01_시즌
2021,2021-02-14,봄_코트_더블코트_ZB,97,15792384,329000.0,34815.0,162808.0,2,155752.0,107074.0,162808.0,51.0,01_시즌
2021,2021-02-14,봄_코트_싱글코트_ZB,625,86517400,249000.0,25980.0,139751.0,2,131685.0,100021.0,138428.0,44.0,01_시즌
2021,2021-02-14,사계절_니트 셔츠_라운드_ZB,0,0,19900.0,5405.0,,2,15289.0,14508.0,15289.0,23.0,01_시즌
2021,2021-02-14,사계절_데님_데님팬츠_ZB,186,13486710,79900.0,11720.0,72336.0,2,66123.0,51123.0,72509.0,9.0,01_시즌
2021,2021-02-14,사계절_수트_블레이져(수트)_ZB,1264,131898902,199000.0,36613.0,103443.0,2,108992.0,134016.0,104350.0,48.0,01_시즌
2021,2021-02-14,사계절_수트_수트팬츠_ZB,1309,79344884,99000.0,17285.0,59456.0,2,60490.0,67813.0,60615.0,39.0,01_시즌
2021,2021-02-14,사계절_우븐 셔츠_드레스셔츠_ZB,1643,51466855,56567.0,7777.0,36200.0,2,36691.0,32928.0,31325.0,45.0,01_시즌
2021,2021-02-14,사계절_우븐 셔츠_드레스셔츠_ZC,12,340000,39900.0,7535.0,28333.0,2,28139.0,28709.0,28333.0,29.0,01_시즌
2021,2021-02-14,사계절_자켓_싱글재킷_ZB,123,14415700,199000.0,23618.0,117201.0,2,106055.0,110719.0,117201.0,41.0,01_시즌
2021,2021-02-14,사계절_팬츠_팬츠(일반)_ZB,950,35187680,64900.0,10106.0,34552.0,2,34949.0,41957.0,37040.0,43.0,01_시즌
2021,2021-02-14,여름_수트_블레이져(수트)_ZA,63,16161600,259000.0,48002.0,256533.0,2,205006.0,177002.0,256533.0,1.0,01_시즌
2021,2021-02-14,여름_수트_블레이져(수트)_ZB,54,10348000,199000.0,41721.0,191630.0,2,161917.0,157481.0,191630.0,4.0,01_시즌
2021,2021-02-14,여름_수트_블레이져(수트)_ZC,0,0,229000.0,45840.0,,2,173159.0,167634.0,173159.0,24.0,01_시즌
2021,2021-02-14,여름_수트_수트팬츠_ZA,102,14080700,139000.0,23985.0,138046.0,2,98578.0,92931.0,138046.0,1.0,01_시즌
2021,2021-02-14,여름_수트_수트팬츠_ZB,74,7137700,99000.0,21035.0,96455.0,2,80674.0,78257.0,96455.0,3.0,01_시즌
2021,2021-02-14,여름_수트_수트팬츠_ZC,0,0,119000.0,22066.0,,2,82416.0,88248.0,82416.0,31.0,01_시즌
2021,2021-02-14,여름_우븐 셔츠_드레스셔츠_ZB,295,18134030,69900.0,6329.0,61471.0,2,50254.0,23706.0,61471.0,12.0,01_시즌
2021,2021-02-14,여름_자켓_싱글재킷_ZA,11,2719500,259000.0,36600.0,247227.0,2,208955.0,140793.0,247227.0,5.0,01_시즌
2021,2021-02-14,여름_점퍼_점퍼_ZB,48,9552000,224000.0,20458.0,199000.0,2,189298.0,108502.0,199000.0,11.0,01_시즌
2021,2021-02-14,여름_팬츠_팬츠(일반)_ZA,12,1578500,139000.0,16300.0,131542.0,2,146158.0,73231.0,131542.0,5.0,01_시즌
2021,2021-02-21,봄_가죽&FUR_가죽점퍼_ZA,123,56657000,999000.0,204500.0,421462.0,2,455310.0,455750.0,460626.0,54.0,01_시즌
2021,2021-02-21,봄_니트 셔츠_라운드_ZB,2763,84344532,69900.0,7590.0,28335.0,2,29542.0,24107.0,30526.0,56.0,01_시즌
2021,2021-02-21,봄_수트_블레이져(수트)_ZA,163,20233636,319000.0,53744.0,136536.0,2,160208.0,166517.0,124133.0,61.0,01_시즌
2021,2021-02-21,봄_수트_블레이져(수트)_ZB,356,45642400,199000.0,40583.0,122007.0,2,122565.0,125211.0,128209.0,36.0,01_시즌
2021,2021-02-21,봄_수트_블레이져(수트)_ZC,73,10458060,239000.0,46064.0,145702.0,2,144612.0,124769.0,143261.0,40.0,01_시즌
2021,2021-02-21,봄_수트_수트팬츠_ZA,165,11003057,179000.0,30103.0,73734.0,2,85318.0,91701.0,66685.0,63.0,01_시즌
2021,2021-02-21,봄_수트_수트팬츠_ZB,369,23495800,99000.0,20850.0,60748.0,2,60628.0,64274.0,63674.0,36.0,01_시즌
2021,2021-02-21,봄_수트_수트팬츠_ZC,40,2650940,125667.0,23973.0,76761.0,2,73507.0,62248.0,66274.0,47.0,01_시즌
2021,2021-02-21,봄_스웨터_T-에리_ZB,601,22438323,99900.0,9848.0,37335.0,2,39622.0,34775.0,37335.0,63.0,01_시즌
2021,2021-02-21,봄_스웨터_라운드_ZB,2566,98541477,94900.0,8929.0,36986.0,2,39588.0,34180.0,38403.0,60.0,01_시즌
2021,2021-02-21,봄_스웨터_오픈형(CARDIGAN)_ZB,324,23241728,159900.0,14254.0,71734.0,2,71461.0,62254.0,71734.0,55.0,01_시즌
2021,2021-02-21,봄_우븐 셔츠_드레스셔츠_ZB,152,5059197,69900.0,5929.0,33284.0,2,32540.0,28275.0,33284.0,52.0,01_시즌
2021,2021-02-21,봄_우븐 셔츠_캐쥬얼셔츠_ZB,531,15113558,69900.0,8024.0,27818.0,2,30428.0,26888.0,28462.0,59.0,01_시즌
2021,2021-02-21,봄_점퍼_패딩점퍼_ZB,276,25871109,199000.0,19336.0,93736.0,2,99750.0,89466.0,93736.0,53.0,01_시즌
2021,2021-02-21,봄_조끼_패딩베스트_ZB,204,2846346,79000.0,10099.0,13953.0,2,15406.0,16201.0,13953.0,82.0,01_시즌
2021,2021-02-21,봄_코트_더블코트_ZB,155,25640129,329000.0,34815.0,165420.0,2,155752.0,107074.0,165420.0,50.0,01_시즌
2021,2021-02-21,봄_코트_싱글코트_ZB,819,107685591,249000.0,25980.0,130710.0,2,131685.0,100021.0,131484.0,47.0,01_시즌
2021,2021-02-21,사계절_니트 셔츠_라운드_ZB,0,0,19900.0,5405.0,,2,15289.0,14508.0,15289.0,23.0,01_시즌
2021,2021-02-21,사계절_데님_데님팬츠_ZB,218,13932843,79900.0,11720.0,62588.0,2,66123.0,51123.0,63912.0,20.0,01_시즌
2021,2021-02-21,사계절_수트_블레이져(수트)_ZB,746,91380484,199000.0,36613.0,112429.0,2,108992.0,134016.0,122494.0,38.0,01_시즌
2021,2021-02-21,사계절_수트_수트팬츠_ZB,841,55874364,99000.0,17285.0,62983.0,2,60490.0,67813.0,66438.0,33.0,01_시즌
2021,2021-02-21,사계절_우븐 셔츠_드레스셔츠_ZB,1877,59265215,56567.0,7777.0,35813.0,2,36691.0,32928.0,31574.0,44.0,01_시즌
2021,2021-02-21,사계절_우븐 셔츠_드레스셔츠_ZC,18,520930,39900.0,7535.0,28941.0,2,28139.0,28709.0,28941.0,27.0,01_시즌
2021,2021-02-21,사계절_자켓_싱글재킷_ZB,130,15292500,199000.0,23618.0,117635.0,2,106055.0,110719.0,117635.0,41.0,01_시즌
2021,2021-02-21,사계절_팬츠_팬츠(일반)_ZB,1336,47721613,64900.0,10054.0,34341.0,2,34949.0,41957.0,35720.0,45.0,01_시즌
2021,2021-02-21,여름_니트 셔츠_라운드_ZB,0,0,59900.0,5597.0,,2,46838.0,21787.0,46838.0,22.0,01_시즌
2021,2021-02-21,여름_수트_블레이져(수트)_ZA,146,32128540,259000.0,45282.0,204228.0,2,205006.0,177002.0,220058.0,15.0,01_시즌
2021,2021-02-21,여름_수트_블레이져(수트)_ZB,188,35004352,199000.0,42686.0,185846.0,2,161917.0,157481.0,186193.0,6.0,01_시즌
2021,2021-02-21,여름_수트_블레이져(수트)_ZC,64,14553970,219000.0,46217.0,214150.0,2,173159.0,167634.0,227406.0,-4.0,01_시즌
2021,2021-02-21,여름_수트_수트팬츠_ZA,151,17116160,139000.0,21744.0,85446.0,2,98578.0,92931.0,113352.0,18.0,01_시즌
2021,2021-02-21,여름_수트_수트팬츠_ZB,244,22490800,99000.0,21555.0,91642.0,2,80674.0,78257.0,92175.0,7.0,01_시즌
2021,2021-02-21,여름_수트_수트팬츠_ZC,83,9949030,112333.0,22520.0,108165.0,2,82416.0,88248.0,119868.0,-7.0,01_시즌
2021,2021-02-21,여름_우븐 셔츠_드레스셔츠_ZB,95,-110210,69900.0,6329.0,,2,50254.0,23706.0,50254.0,28.0,01_시즌
2021,2021-02-21,여름_자켓_싱글재킷_ZA,64,16098500,259000.0,35100.0,253031.0,2,208955.0,140793.0,251539.0,3.0,01_시즌
2021,2021-02-21,여름_점퍼_점퍼_ZB,212,49571200,224000.0,20458.0,218464.0,2,189298.0,108502.0,233826.0,-4.0,01_시즌
2021,2021-02-21,여름_팬츠_팬츠(일반)_ZA,90,12314300,139000.0,15350.0,134108.0,2,146158.0,73231.0,136826.0,2.0,01_시즌
2021,2021-02-28,봄_가죽&FUR_가죽점퍼_ZA,23,8877000,999000.0,204500.0,413732.0,2,455310.0,455750.0,385957.0,61.0,01_시즌
2021,2021-02-28,봄_니트 셔츠_라운드_ZB,3304,98800844,69900.0,7590.0,29811.0,2,29542.0,24107.0,29903.0,57.0,01_시즌
2021,2021-02-28,봄_수트_블레이져(수트)_ZA,123,16784530,319000.0,53744.0,160608.0,2,160208.0,166517.0,136460.0,57.0,01_시즌
2021,2021-02-28,봄_수트_블레이져(수트)_ZB,387,47750924,199000.0,40583.0,122179.0,2,122565.0,125211.0,123387.0,38.0,01_시즌
2021,2021-02-28,봄_수트_블레이져(수트)_ZC,114,14152830,239000.0,46064.0,127827.0,2,144612.0,124769.0,124148.0,48.0,01_시즌
2021,2021-02-28,봄_수트_수트팬츠_ZA,118,8384350,179000.0,30103.0,85707.0,2,85318.0,91701.0,71054.0,60.0,01_시즌
2021,2021-02-28,봄_수트_수트팬츠_ZB,418,25665252,99000.0,20850.0,60289.0,2,60628.0,64274.0,61400.0,38.0,01_시즌
2021,2021-02-28,봄_수트_수트팬츠_ZC,78,4815930,125667.0,23973.0,65008.0,2,73507.0,62248.0,61743.0,51.0,01_시즌
2021,2021-02-28,봄_스웨터_T-에리_ZB,769,27031943,99900.0,9848.0,35152.0,2,39622.0,34775.0,35152.0,65.0,01_시즌
2021,2021-02-28,봄_스웨터_라운드_ZB,2960,112882732,94900.0,8929.0,38104.0,2,39588.0,34180.0,38136.0,60.0,01_시즌
2021,2021-02-28,봄_스웨터_오픈형(CARDIGAN)_ZB,385,25578877,159900.0,14254.0,66434.0,2,71461.0,62254.0,66439.0,58.0,01_시즌
2021,2021-02-28,봄_우븐 셔츠_드레스셔츠_ZB,250,8119780,69900.0,5929.0,32479.0,2,32540.0,28275.0,32479.0,54.0,01_시즌
2021,2021-02-28,봄_우븐 셔츠_캐쥬얼셔츠_ZB,514,16207481,69900.0,8024.0,31637.0,2,30428.0,26888.0,31532.0,55.0,01_시즌
2021,2021-02-28,봄_점퍼_패딩점퍼_ZB,400,34813959,199000.0,19336.0,87035.0,2,99750.0,89466.0,87035.0,56.0,01_시즌
2021,2021-02-28,봄_조끼_패딩베스트_ZB,51,843746,79000.0,10099.0,16544.0,2,15406.0,16201.0,16544.0,79.0,01_시즌
2021,2021-02-28,봄_코트_더블코트_ZB,128,15955548,329000.0,34815.0,124653.0,2,155752.0,107074.0,124653.0,62.0,01_시즌
2021,2021-02-28,봄_코트_싱글코트_ZB,1412,140295550,249000.0,25980.0,98476.0,2,131685.0,100021.0,99359.0,60.0,01_시즌
2021,2021-02-28,사계절_니트 셔츠_라운드_ZB,251,3837610,19900.0,5405.0,15289.0,2,15289.0,14508.0,15289.0,23.0,01_시즌
2021,2021-02-28,사계절_데님_데님팬츠_ZB,291,17635430,79900.0,11720.0,60831.0,2,66123.0,51123.0,60603.0,24.0,01_시즌
2021,2021-02-28,사계절_수트_블레이져(수트)_ZB,851,99644183,199000.0,36613.0,109311.0,2,108992.0,134016.0,117091.0,41.0,01_시즌
2021,2021-02-28,사계절_수트_수트팬츠_ZB,991,62886301,99000.0,17285.0,59798.0,2,60490.0,67813.0,63457.0,36.0,01_시즌
2021,2021-02-28,사계절_우븐 셔츠_드레스셔츠_ZB,2099,65932257,56567.0,7777.0,35908.0,2,36691.0,32928.0,31411.0,44.0,01_시즌
2021,2021-02-28,사계절_우븐 셔츠_드레스셔츠_ZC,21,551930,39900.0,7535.0,26282.0,2,28139.0,28709.0,26282.0,34.0,01_시즌
2021,2021-02-28,사계절_자켓_싱글재킷_ZB,105,12284600,199000.0,23618.0,116996.0,2,106055.0,110719.0,116996.0,41.0,01_시즌
2021,2021-02-28,사계절_팬츠_팬츠(일반)_ZB,1647,58527490,64900.0,10058.0,34880.0,2,34949.0,41957.0,35536.0,45.0,01_시즌
2021,2021-02-28,여름_니트 셔츠_라운드_ZB,214,9033320,61900.0,5614.0,46838.0,2,46838.0,21787.0,42212.0,32.0,01_시즌
2021,2021-02-28,여름_수트_블레이져(수트)_ZA,173,21598195,259000.0,45282.0,155035.0,2,205006.0,177002.0,124845.0,52.0,01_시즌
2021,2021-02-28,여름_수트_블레이져(수트)_ZB,357,47178920,199000.0,42686.0,130559.0,2,161917.0,157481.0,132154.0,34.0,01_시즌
2021,2021-02-28,여름_수트_블레이져(수트)_ZC,113,14910890,219000.0,46217.0,132168.0,2,173159.0,167634.0,131955.0,40.0,01_시즌
2021,2021-02-28,여름_수트_수트팬츠_ZA,220,15815175,139000.0,21744.0,85374.0,2,98578.0,92931.0,71887.0,48.0,01_시즌
2021,2021-02-28,여름_수트_수트팬츠_ZB,409,27378250,99000.0,21555.0,65761.0,2,80674.0,78257.0,66939.0,32.0,01_시즌
2021,2021-02-28,여름_수트_수트팬츠_ZC,83,4647340,112333.0,22520.0,56668.0,2,82416.0,88248.0,55992.0,50.0,01_시즌
2021,2021-02-28,여름_우븐 셔츠_드레스셔츠_ZB,855,26187935,69900.0,6329.0,30629.0,2,50254.0,23706.0,30629.0,56.0,01_시즌
2021,2021-02-28,여름_자켓_싱글재킷_ZA,105,14900270,259000.0,35100.0,140809.0,2,208955.0,140793.0,141907.0,45.0,01_시즌
2021,2021-02-28,여름_자켓_싱글재킷_ZB,0,0,199000.0,20343.0,,2,,91989.0,91989.0,54.0,01_시즌
2021,2021-02-28,여름_점퍼_점퍼_ZB,471,43944961,224000.0,20458.0,121264.0,2,189298.0,108502.0,93301.0,58.0,01_시즌
2021,2021-02-28,여름_팬츠_팬츠(일반)_ZA,86,4834161,139000.0,15350.0,178084.0,2,146158.0,73231.0,56211.0,60.0,01_시즌
2021,2021-03-07,봄_가죽&FUR_가죽점퍼_ZA,103,47580000,999000.0,204500.0,455906.0,3,430048.0,455750.0,461942.0,54.0,01_시즌
2021,2021-03-07,봄_니트 셔츠_라운드_ZB,4009,116343668,69900.0,7590.0,28943.0,3,27140.0,24107.0,29021.0,58.0,01_시즌
2021,2021-03-07,봄_수트_블레이져(수트)_ZA,196,22355936,319000.0,53744.0,114342.0,3,117934.0,166517.0,114061.0,64.0,01_시즌
2021,2021-03-07,봄_수트_블레이져(수트)_ZB,422,52483835,199000.0,40583.0,121666.0,3,119388.0,125211.0,124369.0,38.0,01_시즌
2021,2021-03-07,봄_수트_블레이져(수트)_ZC,100,11710924,239000.0,46064.0,120216.0,3,118818.0,124769.0,117109.0,51.0,01_시즌
2021,2021-03-07,봄_수트_수트팬츠_ZA,209,12970304,179000.0,30103.0,73249.0,3,66475.0,91701.0,62059.0,65.0,01_시즌
2021,2021-03-07,봄_수트_수트팬츠_ZB,447,27781231,99000.0,20850.0,60987.0,3,59846.0,64274.0,62150.0,37.0,01_시즌
2021,2021-03-07,봄_수트_수트팬츠_ZC,78,4614300,125667.0,23973.0,61180.0,3,59907.0,62248.0,59158.0,53.0,01_시즌
2021,2021-03-07,봄_스웨터_T-에리_ZB,1359,45550020,99900.0,9848.0,33517.0,3,35445.0,34775.0,33517.0,66.0,01_시즌
2021,2021-03-07,봄_스웨터_라운드_ZB,3736,124198948,94900.0,8929.0,32880.0,3,34806.0,34180.0,33244.0,65.0,01_시즌
2021,2021-03-07,봄_스웨터_오픈형(CARDIGAN)_ZB,629,39304265,159900.0,14254.0,62518.0,3,59665.0,62254.0,62487.0,61.0,01_시즌
2021,2021-03-07,봄_우븐 셔츠_드레스셔츠_ZB,359,10942520,69900.0,5929.0,30481.0,3,30423.0,28275.0,30481.0,56.0,01_시즌
2021,2021-03-07,봄_우븐 셔츠_캐쥬얼셔츠_ZB,859,25901406,69900.0,8024.0,29210.0,3,29219.0,26888.0,30153.0,57.0,01_시즌
2021,2021-03-07,봄_점퍼_패딩점퍼_ZB,692,61826536,199000.0,19336.0,89345.0,3,96132.0,89466.0,89345.0,55.0,01_시즌
2021,2021-03-07,봄_조끼_패딩베스트_ZB,842,11444704,79000.0,10099.0,13592.0,3,13509.0,16201.0,13592.0,83.0,01_시즌
2021,2021-03-07,봄_코트_더블코트_ZB,280,33286307,329000.0,34815.0,118880.0,3,111522.0,107074.0,118880.0,64.0,01_시즌
2021,2021-03-07,봄_코트_싱글코트_ZB,1992,210666728,249000.0,25980.0,105663.0,3,101978.0,100021.0,105756.0,58.0,01_시즌
2021,2021-03-07,사계절_니트 셔츠_라운드_ZB,1301,17415625,19900.0,5405.0,13386.0,3,12354.0,14508.0,13386.0,33.0,01_시즌
2021,2021-03-07,사계절_데님_데님팬츠_ZB,441,24259031,79900.0,11720.0,54972.0,3,51133.0,51123.0,55009.0,31.0,01_시즌
2021,2021-03-07,사계절_수트_블레이져(수트)_ZB,940,103963313,199000.0,36613.0,106933.0,3,106546.0,134016.0,110599.0,44.0,01_시즌
2021,2021-03-07,사계절_수트_수트팬츠_ZB,1056,63956513,99000.0,17285.0,59787.0,3,60084.0,67813.0,60565.0,39.0,01_시즌
2021,2021-03-07,사계절_우븐 셔츠_드레스셔츠_ZB,2097,66347753,56567.0,7777.0,34266.0,3,34846.0,32928.0,31639.0,44.0,01_시즌
2021,2021-03-07,사계절_우븐 셔츠_드레스셔츠_ZC,20,540103,39900.0,7535.0,27005.0,3,27672.0,28709.0,27005.0,32.0,01_시즌
2021,2021-03-07,사계절_자켓_싱글재킷_ZB,138,15964500,199000.0,23618.0,115685.0,3,116026.0,110719.0,115685.0,42.0,01_시즌
2021,2021-03-07,사계절_팬츠_팬츠(일반)_ZB,2032,72479007,64900.0,10058.0,35194.0,3,35594.0,41957.0,35669.0,45.0,01_시즌
2021,2021-03-07,여름_니트 셔츠_라운드_ZB,536,21719996,55486.0,5257.0,46287.0,3,34779.0,21787.0,40522.0,27.0,01_시즌
2021,2021-03-07,여름_니트 셔츠_티에리_ZB,0,0,89900.0,11435.0,,3,71922.0,35803.0,71922.0,20.0,01_시즌
2021,2021-03-07,여름_수트_블레이져(수트)_ZA,298,44786071,259000.0,45282.0,135612.0,3,161890.0,177002.0,150289.0,42.0,01_시즌
2021,2021-03-07,여름_수트_블레이져(수트)_ZB,528,74062851,199000.0,42686.0,140348.0,3,143503.0,157481.0,140271.0,30.0,01_시즌
2021,2021-03-07,여름_수트_블레이져(수트)_ZC,195,29544692,219000.0,46217.0,146719.0,3,151288.0,167634.0,151511.0,31.0,01_시즌
2021,2021-03-07,여름_수트_수트팬츠_ZA,350,27974115,139000.0,21744.0,60766.0,3,84729.0,92931.0,79926.0,42.0,01_시즌
2021,2021-03-07,여름_수트_수트팬츠_ZB,626,43378451,99000.0,21555.0,69156.0,3,71653.0,78257.0,69295.0,30.0,01_시즌
2021,2021-03-07,여름_수트_수트팬츠_ZC,187,15046749,112333.0,22520.0,76416.0,3,78097.0,88248.0,80464.0,28.0,01_시즌
2021,2021-03-07,여름_우븐 셔츠_드레스셔츠_ZB,1386,39570813,69900.0,6329.0,28550.0,3,29336.0,23706.0,28550.0,59.0,01_시즌
2021,2021-03-07,여름_우븐 셔츠_캐쥬얼셔츠_ZB,591,31859150,69900.0,6898.0,53907.0,3,36002.0,22658.0,53907.0,23.0,01_시즌
2021,2021-03-07,여름_자켓_싱글재킷_ZA,92,13309573,259000.0,35100.0,147326.0,3,160604.0,140793.0,144669.0,44.0,01_시즌
2021,2021-03-07,여름_자켓_싱글재킷_ZB,14,2093480,199000.0,21068.0,149534.0,3,138136.0,91989.0,149534.0,25.0,01_시즌
2021,2021-03-07,여름_점퍼_점퍼_ZB,821,84280781,224000.0,20458.0,98690.0,3,103971.0,108502.0,102656.0,54.0,01_시즌
2021,2021-03-07,여름_팬츠_팬츠(일반)_ZA,45,2498223,139000.0,15350.0,60265.0,3,81966.0,73231.0,55516.0,60.0,01_시즌
2021,2021-03-07,여름_팬츠_팬츠(일반)_ZB,0,0,79900.0,9858.0,,3,52274.0,36331.0,52274.0,35.0,01_시즌
2021,2021-03-14,봄_가죽&FUR_가죽점퍼_ZA,14,6376000,999000.0,204500.0,323750.0,3,430048.0,455750.0,455429.0,54.0,01_시즌
2021,2021-03-14,봄_니트 셔츠_라운드_ZB,3486,102616854,69900.0,7590.0,29546.0,3,27140.0,24107.0,29437.0,58.0,01_시즌
2021,2021-03-14,봄_수트_블레이져(수트)_ZA,117,16207367,319000.0,53744.0,123302.0,3,117934.0,166517.0,138525.0,57.0,01_시즌
2021,2021-03-14,봄_수트_블레이져(수트)_ZB,380,45005437,199000.0,40583.0,118616.0,3,119388.0,125211.0,118435.0,40.0,01_시즌
2021,2021-03-14,봄_수트_블레이져(수트)_ZC,95,11178445,239000.0,46064.0,117951.0,3,118818.0,124769.0,117668.0,51.0,01_시즌
2021,2021-03-14,봄_수트_수트팬츠_ZA,112,8401888,179000.0,30103.0,65282.0,3,66475.0,91701.0,75017.0,58.0,01_시즌
2021,2021-03-14,봄_수트_수트팬츠_ZB,381,23066342,99000.0,20850.0,60582.0,3,59846.0,64274.0,60542.0,39.0,01_시즌
2021,2021-03-14,봄_수트_수트팬츠_ZC,72,4288000,125667.0,23973.0,63725.0,3,59907.0,62248.0,59556.0,53.0,01_시즌
2021,2021-03-14,봄_스웨터_T-에리_ZB,1050,37317657,99900.0,9848.0,35541.0,3,35445.0,34775.0,35541.0,64.0,01_시즌
2021,2021-03-14,봄_스웨터_라운드_ZB,3056,106561176,94900.0,8929.0,34570.0,3,34806.0,34180.0,34869.0,63.0,01_시즌
2021,2021-03-14,봄_스웨터_오픈형(CARDIGAN)_ZB,699,42867841,159900.0,14254.0,61400.0,3,59665.0,62254.0,61327.0,62.0,01_시즌
2021,2021-03-14,봄_우븐 셔츠_드레스셔츠_ZB,263,9024150,69900.0,5929.0,34312.0,3,30423.0,28275.0,34312.0,51.0,01_시즌
2021,2021-03-14,봄_우븐 셔츠_캐쥬얼셔츠_ZB,542,17035183,69900.0,8024.0,31389.0,3,29219.0,26888.0,31430.0,55.0,01_시즌
2021,2021-03-14,봄_점퍼_패딩점퍼_ZB,380,37851899,199000.0,19336.0,99610.0,3,96132.0,89466.0,99610.0,50.0,01_시즌
2021,2021-03-14,봄_조끼_패딩베스트_ZB,752,11005215,79000.0,10099.0,14635.0,3,13509.0,16201.0,14635.0,81.0,01_시즌
2021,2021-03-14,봄_코트_더블코트_ZB,233,29787153,329000.0,34815.0,127842.0,3,111522.0,107074.0,127842.0,61.0,01_시즌
2021,2021-03-14,봄_코트_싱글코트_ZB,1698,185752612,249000.0,25980.0,110914.0,3,101978.0,100021.0,109395.0,56.0,01_시즌
2021,2021-03-14,사계절_니트 셔츠_라운드_ZB,1116,12807567,19900.0,5405.0,11476.0,3,12354.0,14508.0,11476.0,42.0,01_시즌
2021,2021-03-14,사계절_데님_데님팬츠_ZB,400,21018843,79900.0,11720.0,52532.0,3,51133.0,51123.0,52547.0,34.0,01_시즌
2021,2021-03-14,사계절_수트_블레이져(수트)_ZB,768,87325152,199000.0,36613.0,108505.0,3,106546.0,134016.0,113705.0,43.0,01_시즌
2021,2021-03-14,사계절_수트_수트팬츠_ZB,891,55268153,99000.0,17285.0,61247.0,3,60084.0,67813.0,62029.0,37.0,01_시즌
2021,2021-03-14,사계절_우븐 셔츠_드레스셔츠_ZB,1736,54327830,56567.0,7777.0,33613.0,3,34846.0,32928.0,31295.0,45.0,01_시즌
2021,2021-03-14,사계절_우븐 셔츠_드레스셔츠_ZC,12,340000,39900.0,7535.0,28333.0,3,27672.0,28709.0,28333.0,29.0,01_시즌
2021,2021-03-14,사계절_자켓_싱글재킷_ZB,156,17921935,199000.0,23618.0,114884.0,3,116026.0,110719.0,114884.0,42.0,01_시즌
2021,2021-03-14,사계절_팬츠_팬츠(일반)_ZB,2282,83600556,64900.0,10058.0,35708.0,3,35594.0,41957.0,36635.0,44.0,01_시즌
2021,2021-03-14,여름_니트 셔츠_라운드_ZB,398,10145816,54788.0,4951.0,44982.0,3,34779.0,21787.0,25492.0,53.0,01_시즌
2021,2021-03-14,여름_니트 셔츠_티에리_ZB,22,1573250,89900.0,11435.0,71511.0,3,71922.0,35803.0,71511.0,20.0,01_시즌
2021,2021-03-14,여름_수트_블레이져(수트)_ZA,188,30549249,259000.0,46067.0,161938.0,3,161890.0,177002.0,162496.0,37.0,01_시즌
2021,2021-03-14,여름_수트_블레이져(수트)_ZB,944,139493971,199000.0,41995.0,144756.0,3,143503.0,157481.0,147769.0,26.0,01_시즌
2021,2021-03-14,여름_수트_블레이져(수트)_ZC,315,48534303,214000.0,44835.0,151488.0,3,151288.0,167634.0,154077.0,28.0,01_시즌
2021,2021-03-14,여름_수트_수트팬츠_ZA,238,20768717,139000.0,22327.0,87214.0,3,84729.0,92931.0,87264.0,37.0,01_시즌
2021,2021-03-14,여름_수트_수트팬츠_ZB,1150,85220252,99000.0,21371.0,72046.0,3,71653.0,78257.0,74105.0,25.0,01_시즌
2021,2021-03-14,여름_수트_수트팬츠_ZC,320,25285032,109000.0,22114.0,77460.0,3,78097.0,88248.0,79016.0,28.0,01_시즌
2021,2021-03-14,여름_우븐 셔츠_드레스셔츠_ZB,1093,33796337,69900.0,6329.0,30921.0,3,29336.0,23706.0,30921.0,56.0,01_시즌
2021,2021-03-14,여름_우븐 셔츠_캐쥬얼셔츠_ZB,275,12409260,69900.0,6898.0,54442.0,3,36002.0,22658.0,45125.0,35.0,01_시즌
2021,2021-03-14,여름_자켓_싱글재킷_ZA,162,26665691,259000.0,35100.0,163945.0,3,160604.0,140793.0,164603.0,36.0,01_시즌
2021,2021-03-14,여름_자켓_싱글재킷_ZB,56,8572820,199000.0,21068.0,153086.0,3,138136.0,91989.0,153086.0,23.0,01_시즌
2021,2021-03-14,여름_점퍼_점퍼_ZB,953,105027018,224000.0,20458.0,109020.0,3,103971.0,108502.0,110207.0,51.0,01_시즌
2021,2021-03-14,여름_팬츠_팬츠(일반)_ZA,233,20925849,139000.0,15350.0,91050.0,3,81966.0,73231.0,89811.0,35.0,01_시즌
2021,2021-03-14,여름_팬츠_팬츠(일반)_ZB,56,2743720,79900.0,9858.0,48995.0,3,52274.0,36331.0,48995.0,39.0,01_시즌
2021,2021-03-21,봄_가죽&FUR_가죽점퍼_ZA,66,31718000,999000.0,204500.0,472508.0,3,430048.0,455750.0,480576.0,52.0,01_시즌
2021,2021-03-21,봄_니트 셔츠_라운드_ZB,4549,111560594,69900.0,7590.0,24918.0,3,27140.0,24107.0,24524.0,65.0,01_시즌
2021,2021-03-21,봄_수트_블레이져(수트)_ZA,117,16360635,319000.0,53744.0,119236.0,3,117934.0,166517.0,139834.0,56.0,01_시즌
2021,2021-03-21,봄_수트_블레이져(수트)_ZB,248,29381228,199000.0,40583.0,120221.0,3,119388.0,125211.0,118473.0,40.0,01_시즌
2021,2021-03-21,봄_수트_블레이져(수트)_ZC,84,10096500,239000.0,46064.0,119837.0,3,118818.0,124769.0,120196.0,50.0,01_시즌
2021,2021-03-21,봄_수트_수트팬츠_ZA,114,8246513,179000.0,30103.0,62917.0,3,66475.0,91701.0,72338.0,60.0,01_시즌
2021,2021-03-21,봄_수트_수트팬츠_ZB,268,15703848,99000.0,20850.0,59566.0,3,59846.0,64274.0,58596.0,41.0,01_시즌
2021,2021-03-21,봄_수트_수트팬츠_ZC,52,3049000,125667.0,23973.0,57770.0,3,59907.0,62248.0,58635.0,53.0,01_시즌
2021,2021-03-21,봄_스웨터_T-에리_ZB,617,22440649,99900.0,9848.0,36371.0,3,35445.0,34775.0,36371.0,64.0,01_시즌
2021,2021-03-21,봄_스웨터_라운드_ZB,2155,78040027,94900.0,8929.0,36188.0,3,34806.0,34180.0,36213.0,62.0,01_시즌
2021,2021-03-21,봄_스웨터_오픈형(CARDIGAN)_ZB,609,36399738,159900.0,14254.0,59707.0,3,59665.0,62254.0,59770.0,63.0,01_시즌
2021,2021-03-21,봄_우븐 셔츠_드레스셔츠_ZB,326,9369950,69900.0,5929.0,28742.0,3,30423.0,28275.0,28742.0,59.0,01_시즌
2021,2021-03-21,봄_우븐 셔츠_캐쥬얼셔츠_ZB,537,16022531,69900.0,8024.0,28814.0,3,29219.0,26888.0,29837.0,57.0,01_시즌
2021,2021-03-21,봄_점퍼_패딩점퍼_ZB,296,27203467,199000.0,19336.0,91904.0,3,96132.0,89466.0,91904.0,54.0,01_시즌
2021,2021-03-21,봄_조끼_패딩베스트_ZB,826,11240740,79000.0,10099.0,13609.0,3,13509.0,16201.0,13609.0,83.0,01_시즌
2021,2021-03-21,봄_코트_더블코트_ZB,397,40568822,329000.0,34815.0,102188.0,3,111522.0,107074.0,102188.0,69.0,01_시즌
2021,2021-03-21,봄_코트_싱글코트_ZB,1434,136902252,249000.0,25980.0,96839.0,3,101978.0,100021.0,95469.0,62.0,01_시즌
2021,2021-03-21,사계절_니트 셔츠_라운드_ZB,2623,33624268,19900.0,5405.0,12819.0,3,12354.0,14508.0,12819.0,36.0,01_시즌
2021,2021-03-21,사계절_데님_데님팬츠_ZB,686,34046910,79900.0,11720.0,48021.0,3,51133.0,51123.0,49631.0,38.0,01_시즌
2021,2021-03-21,사계절_수트_블레이져(수트)_ZB,1120,107532425,199000.0,36613.0,103966.0,3,106546.0,134016.0,96011.0,52.0,01_시즌
2021,2021-03-21,사계절_수트_수트팬츠_ZB,1215,65776246,99000.0,17285.0,58449.0,3,60084.0,67813.0,54137.0,45.0,01_시즌
2021,2021-03-21,사계절_우븐 셔츠_드레스셔츠_ZB,1963,62309762,56567.0,7777.0,34752.0,3,34846.0,32928.0,31742.0,44.0,01_시즌
2021,2021-03-21,사계절_우븐 셔츠_드레스셔츠_ZC,12,330930,39900.0,7535.0,27578.0,3,27672.0,28709.0,27578.0,31.0,01_시즌
2021,2021-03-21,사계절_자켓_싱글재킷_ZB,140,16400549,199000.0,23618.0,117147.0,3,116026.0,110719.0,117147.0,41.0,01_시즌
2021,2021-03-21,사계절_팬츠_팬츠(일반)_ZB,2216,82190580,64900.0,10058.0,36354.0,3,35594.0,41957.0,37090.0,43.0,01_시즌
2021,2021-03-21,여름_니트 셔츠_라운드_ZB,2236,59874345,57810.0,5729.0,29654.0,3,34779.0,21787.0,26777.0,54.0,01_시즌
2021,2021-03-21,여름_니트 셔츠_티에리_ZB,165,9697020,89900.0,11435.0,58770.0,3,71922.0,35803.0,58770.0,35.0,01_시즌
2021,2021-03-21,여름_수트_블레이져(수트)_ZA,162,26947144,259000.0,46475.0,166678.0,3,161890.0,177002.0,166340.0,36.0,01_시즌
2021,2021-03-21,여름_수트_블레이져(수트)_ZB,1000,145373104,199000.0,41995.0,145774.0,3,143503.0,157481.0,145373.0,27.0,01_시즌
2021,2021-03-21,여름_수트_블레이져(수트)_ZC,344,51451048,223000.0,45965.0,150069.0,3,151288.0,167634.0,149567.0,33.0,01_시즌
2021,2021-03-21,여름_수트_수트팬츠_ZA,191,16802471,139000.0,23104.0,87756.0,3,84729.0,92931.0,87971.0,37.0,01_시즌
2021,2021-03-21,여름_수트_수트팬츠_ZB,1114,81268679,99000.0,21371.0,73173.0,3,71653.0,78257.0,72952.0,26.0,01_시즌
2021,2021-03-21,여름_수트_수트팬츠_ZC,325,24784802,115000.0,22675.0,77246.0,3,78097.0,88248.0,76261.0,34.0,01_시즌
2021,2021-03-21,여름_스웨터_T-에리_ZB,1126,65372550,89900.0,7380.0,58057.0,3,151222.0,43891.0,58057.0,35.0,01_시즌
2021,2021-03-21,여름_스웨터_라운드_ZB,0,0,89900.0,8507.0,,3,58668.0,41239.0,58668.0,35.0,01_시즌
2021,2021-03-21,여름_우븐 셔츠_드레스셔츠_ZB,1167,33264855,69900.0,6329.0,28505.0,3,29336.0,23706.0,28505.0,59.0,01_시즌
2021,2021-03-21,여름_우븐 셔츠_캐쥬얼셔츠_ZB,1764,64058400,69900.0,7677.0,36072.0,3,36002.0,22658.0,36314.0,48.0,01_시즌
2021,2021-03-21,여름_자켓_싱글재킷_ZA,282,46021164,259000.0,34233.0,164504.0,3,160604.0,140793.0,163196.0,37.0,01_시즌
2021,2021-03-21,여름_자켓_싱글재킷_ZB,17,2122600,199000.0,21086.0,124859.0,3,138136.0,91989.0,124859.0,37.0,01_시즌
2021,2021-03-21,여름_점퍼_점퍼_ZB,949,100254786,224000.0,20458.0,104714.0,3,103971.0,108502.0,105643.0,53.0,01_시즌
2021,2021-03-21,여름_팬츠_팬츠(일반)_ZA,204,17133916,139000.0,14867.0,85148.0,3,81966.0,73231.0,83990.0,40.0,01_시즌
2021,2021-03-21,여름_팬츠_팬츠(일반)_ZB,355,19338520,83233.0,9646.0,53644.0,3,52274.0,36331.0,54475.0,35.0,01_시즌
2021,2021-03-28,봄_가죽&FUR_가죽점퍼_ZA,-8,-7335000,999000.0,204500.0,468030.0,3,430048.0,455750.0,916875.0,8.0,01_시즌
2021,2021-03-28,봄_니트 셔츠_라운드_ZB,3188,77082753,69900.0,7590.0,25151.0,3,27140.0,24107.0,24179.0,65.0,01_시즌
2021,2021-03-28,봄_수트_블레이져(수트)_ZA,82,11638028,319000.0,53744.0,113832.0,3,117934.0,166517.0,141927.0,56.0,01_시즌
2021,2021-03-28,봄_수트_블레이져(수트)_ZB,210,24232606,199000.0,40583.0,117050.0,3,119388.0,125211.0,115393.0,42.0,01_시즌
2021,2021-03-28,봄_수트_블레이져(수트)_ZC,57,6618866,239000.0,46064.0,117268.0,3,118818.0,124769.0,116120.0,51.0,01_시즌
2021,2021-03-28,봄_수트_수트팬츠_ZA,87,6741582,179000.0,30103.0,63777.0,3,66475.0,91701.0,77489.0,57.0,01_시즌
2021,2021-03-28,봄_수트_수트팬츠_ZB,222,12796622,99000.0,20850.0,58248.0,3,59846.0,64274.0,57642.0,42.0,01_시즌
2021,2021-03-28,봄_수트_수트팬츠_ZC,38,2147600,125667.0,23973.0,55476.0,3,59907.0,62248.0,56516.0,55.0,01_시즌
2021,2021-03-28,봄_스웨터_T-에리_ZB,369,13413231,99900.0,9848.0,36350.0,3,35445.0,34775.0,36350.0,64.0,01_시즌
2021,2021-03-28,봄_스웨터_라운드_ZB,1346,47823976,94900.0,8929.0,35584.0,3,34806.0,34180.0,35530.0,63.0,01_시즌
2021,2021-03-28,봄_스웨터_오픈형(CARDIGAN)_ZB,659,36137443,159900.0,14254.0,55036.0,3,59665.0,62254.0,54837.0,66.0,01_시즌
2021,2021-03-28,봄_우븐 셔츠_드레스셔츠_ZB,250,7039242,69900.0,5929.0,28157.0,3,30423.0,28275.0,28157.0,60.0,01_시즌
2021,2021-03-28,봄_우븐 셔츠_캐쥬얼셔츠_ZB,336,9400575,69900.0,8024.0,27462.0,3,29219.0,26888.0,27978.0,60.0,01_시즌
2021,2021-03-28,봄_점퍼_패딩점퍼_ZB,179,18556632,199000.0,19336.0,103668.0,3,96132.0,89466.0,103668.0,48.0,01_시즌
2021,2021-03-28,봄_조끼_패딩베스트_ZB,1188,14494597,79000.0,10099.0,12201.0,3,13509.0,16201.0,12201.0,85.0,01_시즌
2021,2021-03-28,봄_코트_더블코트_ZB,320,31096174,329000.0,34815.0,97176.0,3,111522.0,107074.0,97176.0,70.0,01_시즌
2021,2021-03-28,봄_코트_싱글코트_ZB,1109,105452984,249000.0,25980.0,94494.0,3,101978.0,100021.0,95088.0,62.0,01_시즌
2021,2021-03-28,사계절_니트 셔츠_라운드_ZB,3131,36748330,19900.0,5405.0,11737.0,3,12354.0,14508.0,11737.0,41.0,01_시즌
2021,2021-03-28,사계절_데님_데님팬츠_ZB,594,29881421,79900.0,11720.0,49007.0,3,51133.0,51123.0,50305.0,37.0,01_시즌
2021,2021-03-28,사계절_수트_블레이져(수트)_ZB,593,66800895,199000.0,36613.0,106782.0,3,106546.0,134016.0,112649.0,43.0,01_시즌
2021,2021-03-28,사계절_수트_수트팬츠_ZB,674,41314735,99000.0,17285.0,60853.0,3,60084.0,67813.0,61298.0,38.0,01_시즌
2021,2021-03-28,사계절_우븐 셔츠_드레스셔츠_ZB,1768,57846868,56567.0,7777.0,36755.0,3,34846.0,32928.0,32719.0,42.0,01_시즌
2021,2021-03-28,사계절_우븐 셔츠_드레스셔츠_ZC,9,249930,39900.0,7535.0,27770.0,3,27672.0,28709.0,27770.0,30.0,01_시즌
2021,2021-03-28,사계절_자켓_싱글재킷_ZB,122,14199500,199000.0,23618.0,116389.0,3,116026.0,110719.0,116389.0,42.0,01_시즌
2021,2021-03-28,사계절_팬츠_팬츠(일반)_ZB,1831,64621458,64900.0,10058.0,35122.0,3,35594.0,41957.0,35293.0,46.0,01_시즌
2021,2021-03-28,여름_니트 셔츠_라운드_ZB,3100,65308540,57810.0,5729.0,25007.0,3,34779.0,21787.0,21067.0,64.0,01_시즌
2021,2021-03-28,여름_니트 셔츠_티에리_ZB,-37,-3163000,89900.0,11435.0,85486.0,3,71922.0,35803.0,85486.0,5.0,01_시즌
2021,2021-03-28,여름_수트_블레이져(수트)_ZA,459,77986727,259000.0,46700.0,169037.0,3,161890.0,177002.0,169906.0,34.0,01_시즌
2021,2021-03-28,여름_수트_블레이져(수트)_ZB,831,118109228,199000.0,41995.0,142505.0,3,143503.0,157481.0,142129.0,29.0,01_시즌
2021,2021-03-28,여름_수트_블레이져(수트)_ZC,316,46796050,223000.0,45965.0,154845.0,3,151288.0,167634.0,148089.0,34.0,01_시즌
2021,2021-03-28,여름_수트_수트팬츠_ZA,548,50008267,139000.0,23340.0,90879.0,3,84729.0,92931.0,91256.0,34.0,01_시즌
2021,2021-03-28,여름_수트_수트팬츠_ZB,994,70756702,99000.0,21371.0,71738.0,3,71653.0,78257.0,71184.0,28.0,01_시즌
2021,2021-03-28,여름_수트_수트팬츠_ZC,333,25314870,115000.0,22675.0,80294.0,3,78097.0,88248.0,76021.0,34.0,01_시즌
2021,2021-03-28,여름_스웨터_T-에리_ZB,-76,-18573431,89900.0,8224.0,244387.0,3,151222.0,43891.0,244387.0,-172.0,01_시즌
2021,2021-03-28,여름_스웨터_라운드_ZB,525,30800950,89900.0,8507.0,58668.0,3,58668.0,41239.0,58668.0,35.0,01_시즌
2021,2021-03-28,여름_우븐 셔츠_드레스셔츠_ZB,1344,39469369,69900.0,6329.0,29367.0,3,29336.0,23706.0,29367.0,58.0,01_시즌
2021,2021-03-28,여름_우븐 셔츠_캐쥬얼셔츠_ZB,1220,29274854,69900.0,7677.0,23840.0,3,36002.0,22658.0,23996.0,66.0,01_시즌
2021,2021-03-28,여름_자켓_싱글재킷_ZA,679,110602154,259000.0,33460.0,163622.0,3,160604.0,140793.0,162890.0,37.0,01_시즌
2021,2021-03-28,여름_자켓_싱글재킷_ZB,142,17758940,199000.0,21073.0,125063.0,3,138136.0,91989.0,125063.0,37.0,01_시즌
2021,2021-03-28,여름_점퍼_점퍼_ZB,884,90802900,224000.0,20458.0,103460.0,3,103971.0,108502.0,102718.0,54.0,01_시즌
2021,2021-03-28,여름_팬츠_팬츠(일반)_ZA,746,64498373,139000.0,15250.0,86684.0,3,81966.0,73231.0,86459.0,38.0,01_시즌
2021,2021-03-28,여름_팬츠_팬츠(일반)_ZB,794,43300790,85900.0,9928.0,52455.0,3,52274.0,36331.0,54535.0,37.0,01_시즌
2021,2021-04-04,봄_가죽&FUR_가죽점퍼_ZA,36,16988000,999000.0,204500.0,482172.0,4,474122.0,455750.0,471889.0,53.0,01_시즌
2021,2021-04-04,봄_니트 셔츠_라운드_ZB,4204,92135849,69900.0,7590.0,23712.0,4,23054.0,24107.0,21916.0,69.0,01_시즌
2021,2021-04-04,봄_수트_블레이져(수트)_ZA,88,14184728,319000.0,53744.0,135710.0,4,132242.0,166517.0,161190.0,49.0,01_시즌
2021,2021-04-04,봄_수트_블레이져(수트)_ZB,186,22361014,199000.0,40583.0,118818.0,4,120536.0,125211.0,120221.0,40.0,01_시즌
2021,2021-04-04,봄_수트_블레이져(수트)_ZC,54,6396500,239000.0,46064.0,120738.0,4,119014.0,124769.0,118454.0,50.0,01_시즌
2021,2021-04-04,봄_수트_수트팬츠_ZA,96,8446778,179000.0,30103.0,87384.0,4,75700.0,91701.0,87987.0,51.0,01_시즌
2021,2021-04-04,봄_수트_수트팬츠_ZB,231,13859796,99000.0,20850.0,59126.0,4,59941.0,64274.0,59999.0,39.0,01_시즌
2021,2021-04-04,봄_수트_수트팬츠_ZC,43,2501902,125667.0,23973.0,59905.0,4,58720.0,62248.0,58184.0,54.0,01_시즌
2021,2021-04-04,봄_스웨터_T-에리_ZB,778,20524292,99900.0,9848.0,26381.0,4,35352.0,34775.0,26381.0,74.0,01_시즌
2021,2021-04-04,봄_스웨터_라운드_ZB,2005,53666252,94900.0,8929.0,26301.0,4,33534.0,34180.0,26766.0,72.0,01_시즌
2021,2021-04-04,봄_스웨터_오픈형(CARDIGAN)_ZB,577,33327868,159900.0,14254.0,57720.0,4,55133.0,62254.0,57761.0,64.0,01_시즌
2021,2021-04-04,봄_우븐 셔츠_드레스셔츠_ZB,297,8415145,69900.0,5929.0,28334.0,4,27041.0,28275.0,28334.0,59.0,01_시즌
2021,2021-04-04,봄_우븐 셔츠_캐쥬얼셔츠_ZB,412,10818743,69900.0,8024.0,26698.0,4,25719.0,26888.0,26259.0,62.0,01_시즌
2021,2021-04-04,봄_점퍼_패딩점퍼_ZB,191,16402022,199000.0,19336.0,85874.0,4,102080.0,89466.0,85874.0,57.0,01_시즌
2021,2021-04-04,봄_조끼_패딩베스트_ZB,661,5450340,79000.0,10099.0,8246.0,4,10478.0,16201.0,8246.0,90.0,01_시즌
2021,2021-04-04,봄_코트_더블코트_ZB,284,28595948,329000.0,34815.0,100690.0,4,95528.0,107074.0,100690.0,69.0,01_시즌
2021,2021-04-04,봄_코트_싱글코트_ZB,1169,105657350,249000.0,25980.0,90680.0,4,94887.0,100021.0,90383.0,64.0,01_시즌
2021,2021-04-04,사계절_니트 셔츠_라운드_ZB,1368,18927696,19900.0,5405.0,13836.0,4,13288.0,14508.0,13836.0,30.0,01_시즌
2021,2021-04-04,사계절_데님_데님팬츠_ZB,409,22455066,79900.0,11720.0,54457.0,4,45690.0,51123.0,54902.0,31.0,01_시즌
2021,2021-04-04,사계절_수트_블레이져(수트)_ZB,611,75933335,199000.0,36613.0,108618.0,4,114230.0,134016.0,124277.0,38.0,01_시즌
2021,2021-04-04,사계절_수트_수트팬츠_ZB,692,47359328,99000.0,17305.0,62619.0,4,64764.0,67813.0,68438.0,31.0,01_시즌
2021,2021-04-04,사계절_우븐 셔츠_드레스셔츠_ZB,2085,65116896,56567.0,7777.0,34976.0,4,32808.0,32928.0,31231.0,45.0,01_시즌
2021,2021-04-04,사계절_우븐 셔츠_드레스셔츠_ZC,17,431895,39900.0,7535.0,25406.0,4,26930.0,28709.0,25406.0,36.0,01_시즌
2021,2021-04-04,사계절_자켓_싱글재킷_ZB,202,21968100,199000.0,23618.0,108753.0,4,112953.0,110719.0,108753.0,45.0,01_시즌
2021,2021-04-04,사계절_팬츠_팬츠(일반)_ZB,2173,77620090,64900.0,10058.0,35670.0,4,35522.0,41957.0,35720.0,45.0,01_시즌
2021,2021-04-04,여름_니트 셔츠_라운드_ZB,5229,141417482,59836.0,5920.0,28261.0,4,27708.0,21787.0,27045.0,55.0,01_시즌
2021,2021-04-04,여름_니트 셔츠_티에리_ZB,39,2345314,89900.0,11435.0,60136.0,4,47236.0,35803.0,60136.0,33.0,01_시즌
2021,2021-04-04,여름_수트_블레이져(수트)_ZA,366,61986127,259000.0,46700.0,168994.0,4,180054.0,177002.0,169361.0,35.0,01_시즌
2021,2021-04-04,여름_수트_블레이져(수트)_ZB,1049,154099157,199000.0,41995.0,146116.0,4,148978.0,157481.0,146901.0,26.0,01_시즌
2021,2021-04-04,여름_수트_블레이져(수트)_ZC,397,58535419,223000.0,45965.0,153331.0,4,159938.0,167634.0,147444.0,34.0,01_시즌
2021,2021-04-04,여름_수트_수트팬츠_ZA,370,33511394,139000.0,23340.0,93767.0,4,96151.0,92931.0,90571.0,35.0,01_시즌
2021,2021-04-04,여름_수트_수트팬츠_ZB,1167,85947407,99000.0,21371.0,73321.0,4,74476.0,78257.0,73648.0,26.0,01_시즌
2021,2021-04-04,여름_수트_수트팬츠_ZC,436,33105440,115000.0,22675.0,79471.0,4,81988.0,88248.0,75930.0,34.0,01_시즌
2021,2021-04-04,여름_스웨터_T-에리_ZB,1275,74063400,89900.0,8567.0,58007.0,4,47004.0,43891.0,58089.0,35.0,01_시즌
2021,2021-04-04,여름_스웨터_라운드_ZB,495,27345150,89900.0,9291.0,55243.0,4,48086.0,41239.0,55243.0,39.0,01_시즌
2021,2021-04-04,여름_우븐 셔츠_드레스셔츠_ZB,1565,48735453,69900.0,6329.0,31141.0,4,34380.0,23706.0,31141.0,55.0,01_시즌
2021,2021-04-04,여름_우븐 셔츠_캐쥬얼셔츠_ZB,2141,72099922,69900.0,7516.0,34387.0,4,32734.0,22658.0,33676.0,52.0,01_시즌
2021,2021-04-04,여름_자켓_싱글재킷_ZA,1150,190786349,259000.0,34889.0,170047.0,4,154692.0,140793.0,165901.0,36.0,01_시즌
2021,2021-04-04,여름_자켓_싱글재킷_ZB,157,21146170,199000.0,21142.0,134689.0,4,119731.0,91989.0,134689.0,32.0,01_시즌
2021,2021-04-04,여름_점퍼_점퍼_ZB,561,58043000,224000.0,20458.0,108248.0,4,103563.0,108502.0,103463.0,54.0,01_시즌
2021,2021-04-04,여름_팬츠_반바지_ZB,0,0,49900.0,6012.0,,4,39920.0,27559.0,39920.0,20.0,01_시즌
2021,2021-04-04,여름_팬츠_팬츠(일반)_ZA,793,69777562,139000.0,15250.0,88016.0,4,78197.0,73231.0,87992.0,37.0,01_시즌
2021,2021-04-04,여름_팬츠_팬츠(일반)_ZB,1918,74916048,85900.0,9906.0,41594.0,4,43447.0,36331.0,39059.0,55.0,01_시즌
2021,2021-04-11,봄_가죽&FUR_가죽점퍼_ZA,4,1036000,999000.0,204500.0,474000.0,4,474122.0,455750.0,259000.0,74.0,01_시즌
2021,2021-04-11,봄_니트 셔츠_라운드_ZB,2000,45179563,69900.0,7590.0,24070.0,4,23054.0,24107.0,22590.0,68.0,01_시즌
2021,2021-04-11,봄_수트_블레이져(수트)_ZA,77,12873668,319000.0,53744.0,134699.0,4,132242.0,166517.0,167190.0,48.0,01_시즌
2021,2021-04-11,봄_수트_블레이져(수트)_ZB,211,26203865,199000.0,40583.0,124272.0,4,120536.0,125211.0,124189.0,38.0,01_시즌
2021,2021-04-11,봄_수트_블레이져(수트)_ZC,61,7171962,239000.0,46064.0,117986.0,4,119014.0,124769.0,117573.0,51.0,01_시즌
2021,2021-04-11,봄_수트_수트팬츠_ZA,83,7495482,179000.0,30103.0,72053.0,4,75700.0,91701.0,90307.0,50.0,01_시즌
2021,2021-04-11,봄_수트_수트팬츠_ZB,243,14906238,99000.0,20850.0,61176.0,4,59941.0,64274.0,61343.0,38.0,01_시즌
2021,2021-04-11,봄_수트_수트팬츠_ZC,38,2175300,125667.0,23973.0,57765.0,4,58720.0,62248.0,57245.0,54.0,01_시즌
2021,2021-04-11,봄_스웨터_T-에리_ZB,147,5780800,99900.0,9848.0,39325.0,4,35352.0,34775.0,39325.0,61.0,01_시즌
2021,2021-04-11,봄_스웨터_라운드_ZB,269,10082021,94900.0,8929.0,37051.0,4,33534.0,34180.0,37480.0,61.0,01_시즌
2021,2021-04-11,봄_스웨터_오픈형(CARDIGAN)_ZB,414,22684643,159900.0,14254.0,54995.0,4,55133.0,62254.0,54794.0,66.0,01_시즌
2021,2021-04-11,봄_우븐 셔츠_드레스셔츠_ZB,285,8000292,69900.0,5929.0,28071.0,4,27041.0,28275.0,28071.0,60.0,01_시즌
2021,2021-04-11,봄_우븐 셔츠_캐쥬얼셔츠_ZB,288,7767287,69900.0,8024.0,26041.0,4,25719.0,26888.0,26970.0,61.0,01_시즌
2021,2021-04-11,봄_점퍼_패딩점퍼_ZB,62,6846720,199000.0,19336.0,110431.0,4,102080.0,89466.0,110431.0,45.0,01_시즌
2021,2021-04-11,봄_조끼_패딩베스트_ZB,1005,11206907,79000.0,10099.0,11151.0,4,10478.0,16201.0,11151.0,86.0,01_시즌
2021,2021-04-11,봄_코트_더블코트_ZB,84,7938602,329000.0,34815.0,94507.0,4,95528.0,107074.0,94507.0,71.0,01_시즌
2021,2021-04-11,봄_코트_싱글코트_ZB,400,39345300,249000.0,25980.0,97522.0,4,94887.0,100021.0,98363.0,60.0,01_시즌
2021,2021-04-11,사계절_니트 셔츠_라운드_ZB,1528,20412079,19900.0,5405.0,13359.0,4,13288.0,14508.0,13359.0,33.0,01_시즌
2021,2021-04-11,사계절_데님_데님팬츠_ZB,616,27008193,79900.0,11720.0,44055.0,4,45690.0,51123.0,43844.0,45.0,01_시즌
2021,2021-04-11,사계절_수트_블레이져(수트)_ZB,748,88058014,199000.0,36613.0,110581.0,4,114230.0,134016.0,117725.0,41.0,01_시즌
2021,2021-04-11,사계절_수트_수트팬츠_ZB,843,54266899,99000.0,17305.0,65537.0,4,64764.0,67813.0,64374.0,35.0,01_시즌
2021,2021-04-11,사계절_우븐 셔츠_드레스셔츠_ZB,1934,62805561,56567.0,7777.0,33490.0,4,32808.0,32928.0,32474.0,43.0,01_시즌
2021,2021-04-11,사계절_우븐 셔츠_드레스셔츠_ZC,21,578880,39900.0,7535.0,27566.0,4,26930.0,28709.0,27566.0,31.0,01_시즌
2021,2021-04-11,사계절_자켓_싱글재킷_ZB,134,15168500,199000.0,23618.0,113198.0,4,112953.0,110719.0,113198.0,43.0,01_시즌
2021,2021-04-11,사계절_팬츠_팬츠(일반)_ZB,1277,47169228,64900.0,10058.0,36591.0,4,35522.0,41957.0,36938.0,43.0,01_시즌
2021,2021-04-11,여름_니트 셔츠_라운드_ZB,5092,123269030,59836.0,5924.0,25482.0,4,27708.0,21787.0,24208.0,60.0,01_시즌
2021,2021-04-11,여름_니트 셔츠_티에리_ZB,339,12999978,89900.0,10116.0,38348.0,4,47236.0,35803.0,38348.0,57.0,01_시즌
2021,2021-04-11,여름_수트_블레이져(수트)_ZA,408,70128815,259000.0,46376.0,171252.0,4,180054.0,177002.0,171884.0,34.0,01_시즌
2021,2021-04-11,여름_수트_블레이져(수트)_ZB,714,108031997,199000.0,41995.0,151780.0,4,148978.0,157481.0,151305.0,24.0,01_시즌
2021,2021-04-11,여름_수트_블레이져(수트)_ZC,427,66452918,223000.0,45965.0,158436.0,4,159938.0,167634.0,155627.0,30.0,01_시즌
2021,2021-04-11,여름_수트_수트팬츠_ZA,469,42732899,139000.0,23016.0,89103.0,4,96151.0,92931.0,91115.0,34.0,01_시즌
2021,2021-04-11,여름_수트_수트팬츠_ZB,888,67248383,99000.0,21371.0,75897.0,4,74476.0,78257.0,75730.0,24.0,01_시즌
2021,2021-04-11,여름_수트_수트팬츠_ZC,427,33600580,115000.0,22675.0,80483.0,4,81988.0,88248.0,78690.0,32.0,01_시즌
2021,2021-04-11,여름_스웨터_T-에리_ZB,1108,49568815,89900.0,8567.0,45188.0,4,47004.0,43891.0,44737.0,50.0,01_시즌
2021,2021-04-11,여름_스웨터_라운드_ZB,770,36155660,89900.0,9291.0,46955.0,4,48086.0,41239.0,46955.0,48.0,01_시즌
2021,2021-04-11,여름_우븐 셔츠_드레스셔츠_ZB,1611,46887109,69900.0,5858.0,29104.0,4,34380.0,23706.0,29104.0,58.0,01_시즌
2021,2021-04-11,여름_우븐 셔츠_캐쥬얼셔츠_ZB,2426,80293117,69900.0,7477.0,33215.0,4,32734.0,22658.0,33097.0,53.0,01_시즌
2021,2021-04-11,여름_자켓_싱글재킷_ZA,1049,159760692,259000.0,36519.0,152187.0,4,154692.0,140793.0,152298.0,41.0,01_시즌
2021,2021-04-11,여름_자켓_싱글재킷_ZB,460,56241000,199000.0,21116.0,122154.0,4,119731.0,91989.0,122263.0,39.0,01_시즌
2021,2021-04-11,여름_점퍼_점퍼_ZB,495,49763600,224000.0,20458.0,106352.0,4,103563.0,108502.0,100533.0,55.0,01_시즌
2021,2021-04-11,여름_팬츠_반바지_ZB,0,0,49900.0,6012.0,,4,39920.0,27559.0,39920.0,20.0,01_시즌
2021,2021-04-11,여름_팬츠_팬츠(일반)_ZA,614,45252442,139000.0,15250.0,73364.0,4,78197.0,73231.0,73701.0,47.0,01_시즌
2021,2021-04-11,여름_팬츠_팬츠(일반)_ZB,2203,105358864,85900.0,9906.0,47987.0,4,43447.0,36331.0,47825.0,44.0,01_시즌
2021,2021-04-18,봄_가죽&FUR_가죽점퍼_ZA,20,9600000,999000.0,204500.0,474494.0,4,474122.0,455750.0,480000.0,52.0,01_시즌
2021,2021-04-18,봄_니트 셔츠_라운드_ZB,1768,37193675,69900.0,7590.0,22293.0,4,23054.0,24107.0,21037.0,70.0,01_시즌
2021,2021-04-18,봄_수트_블레이져(수트)_ZA,74,11917014,319000.0,53744.0,122402.0,4,132242.0,166517.0,161041.0,50.0,01_시즌
2021,2021-04-18,봄_수트_블레이져(수트)_ZB,228,27768863,199000.0,40583.0,119582.0,4,120536.0,125211.0,121793.0,39.0,01_시즌
2021,2021-04-18,봄_수트_블레이져(수트)_ZC,33,3919050,239000.0,46064.0,118823.0,4,119014.0,124769.0,118759.0,50.0,01_시즌
2021,2021-04-18,봄_수트_수트팬츠_ZA,75,6728586,179000.0,30103.0,66243.0,4,75700.0,91701.0,89714.0,50.0,01_시즌
2021,2021-04-18,봄_수트_수트팬츠_ZB,257,15805037,99000.0,20850.0,59929.0,4,59941.0,64274.0,61498.0,38.0,01_시즌
2021,2021-04-18,봄_수트_수트팬츠_ZC,29,1717550,125667.0,23973.0,59198.0,4,58720.0,62248.0,59226.0,53.0,01_시즌
2021,2021-04-18,봄_스웨터_T-에리_ZB,-31,-1298000,99900.0,9848.0,41871.0,4,35352.0,34775.0,41871.0,58.0,01_시즌
2021,2021-04-18,봄_스웨터_라운드_ZB,259,9631764,94900.0,8929.0,36421.0,4,33534.0,34180.0,37188.0,61.0,01_시즌
2021,2021-04-18,봄_스웨터_오픈형(CARDIGAN)_ZB,614,31813602,159900.0,14254.0,51353.0,4,55133.0,62254.0,51814.0,68.0,01_시즌
2021,2021-04-18,봄_우븐 셔츠_드레스셔츠_ZB,227,5350000,69900.0,5929.0,23568.0,4,27041.0,28275.0,23568.0,66.0,01_시즌
2021,2021-04-18,봄_우븐 셔츠_캐쥬얼셔츠_ZB,225,5358842,69900.0,8024.0,24401.0,4,25719.0,26888.0,23817.0,66.0,01_시즌
2021,2021-04-18,봄_점퍼_패딩점퍼_ZB,38,4292000,199000.0,19336.0,112947.0,4,102080.0,89466.0,112947.0,43.0,01_시즌
2021,2021-04-18,봄_조끼_패딩베스트_ZB,360,3836901,79000.0,10099.0,10658.0,4,10478.0,16201.0,10658.0,87.0,01_시즌
2021,2021-04-18,봄_코트_더블코트_ZB,45,3980000,329000.0,34815.0,88444.0,4,95528.0,107074.0,88444.0,73.0,01_시즌
2021,2021-04-18,봄_코트_싱글코트_ZB,225,21779700,249000.0,25980.0,94694.0,4,94887.0,100021.0,96799.0,61.0,01_시즌
2021,2021-04-18,사계절_니트 셔츠_라운드_ZB,1322,16407874,19900.0,5405.0,12411.0,4,13288.0,14508.0,12411.0,38.0,01_시즌
2021,2021-04-18,사계절_데님_데님팬츠_ZB,1142,40981704,79900.0,11720.0,34968.0,4,45690.0,51123.0,35886.0,55.0,01_시즌
2021,2021-04-18,사계절_수트_블레이져(수트)_ZB,1232,108809681,199000.0,36613.0,107544.0,4,114230.0,134016.0,88320.0,56.0,01_시즌
2021,2021-04-18,사계절_수트_수트팬츠_ZB,1374,68866199,99000.0,17305.0,65435.0,4,64764.0,67813.0,50121.0,49.0,01_시즌
2021,2021-04-18,사계절_우븐 셔츠_드레스셔츠_ZB,1683,53748551,56567.0,7777.0,32293.0,4,32808.0,32928.0,31936.0,44.0,01_시즌
2021,2021-04-18,사계절_우븐 셔츠_드레스셔츠_ZC,9,247950,39900.0,7535.0,27550.0,4,26930.0,28709.0,27550.0,31.0,01_시즌
2021,2021-04-18,사계절_자켓_싱글재킷_ZB,124,14239500,199000.0,23618.0,114835.0,4,112953.0,110719.0,114835.0,42.0,01_시즌
2021,2021-04-18,사계절_팬츠_팬츠(일반)_ZB,2721,87424735,64900.0,10058.0,31824.0,4,35522.0,41957.0,32130.0,50.0,01_시즌
2021,2021-04-18,여름_니트 셔츠_라운드_ZB,5656,125444090,61094.0,6152.0,23358.0,4,27708.0,21787.0,22179.0,64.0,01_시즌
2021,2021-04-18,여름_니트 셔츠_티에리_ZB,1007,37372961,89900.0,10116.0,38153.0,4,47236.0,35803.0,37113.0,59.0,01_시즌
2021,2021-04-18,여름_수트_블레이져(수트)_ZA,349,65285201,259000.0,46376.0,188350.0,4,180054.0,177002.0,187064.0,28.0,01_시즌
2021,2021-04-18,여름_수트_블레이져(수트)_ZB,719,109591971,199000.0,41995.0,151453.0,4,148978.0,157481.0,152423.0,23.0,01_시즌
2021,2021-04-18,여름_수트_블레이져(수트)_ZC,299,48133820,223000.0,45965.0,164498.0,4,159938.0,167634.0,160983.0,28.0,01_시즌
2021,2021-04-18,여름_수트_수트팬츠_ZA,373,37511286,139000.0,23016.0,95995.0,4,96151.0,92931.0,100566.0,28.0,01_시즌
2021,2021-04-18,여름_수트_수트팬츠_ZB,843,63885423,99000.0,21371.0,75234.0,4,74476.0,78257.0,75783.0,23.0,01_시즌
2021,2021-04-18,여름_수트_수트팬츠_ZC,324,26216180,115000.0,22675.0,84183.0,4,81988.0,88248.0,80914.0,30.0,01_시즌
2021,2021-04-18,여름_스웨터_T-에리_ZB,1573,68250867,89900.0,8567.0,44971.0,4,47004.0,43891.0,43389.0,52.0,01_시즌
2021,2021-04-18,여름_스웨터_라운드_ZB,686,34181149,89900.0,9291.0,49827.0,4,48086.0,41239.0,49827.0,45.0,01_시즌
2021,2021-04-18,여름_우븐 셔츠_드레스셔츠_ZB,1557,49385677,69900.0,5752.0,39774.0,4,34380.0,23706.0,31718.0,55.0,01_시즌
2021,2021-04-18,여름_우븐 셔츠_캐쥬얼셔츠_ZB,2937,90902331,69900.0,7081.0,35128.0,4,32734.0,22658.0,30951.0,56.0,01_시즌
2021,2021-04-18,여름_자켓_싱글재킷_ZA,1152,171202164,259000.0,36519.0,147371.0,4,154692.0,140793.0,148613.0,43.0,01_시즌
2021,2021-04-18,여름_자켓_싱글재킷_ZB,394,45560069,199000.0,21116.0,115639.0,4,119731.0,91989.0,115635.0,42.0,01_시즌
2021,2021-04-18,여름_점퍼_점퍼_ZB,424,40999550,224000.0,20458.0,98244.0,4,103563.0,108502.0,96697.0,57.0,01_시즌
2021,2021-04-18,여름_팬츠_반바지_ZB,0,0,49900.0,6012.0,,4,39920.0,27559.0,39920.0,20.0,01_시즌
2021,2021-04-18,여름_팬츠_팬츠(일반)_ZA,973,72302165,139000.0,15250.0,74821.0,4,78197.0,73231.0,74308.0,47.0,01_시즌
2021,2021-04-18,여름_팬츠_팬츠(일반)_ZB,2177,101068917,85900.0,9905.0,47291.0,4,43447.0,36331.0,46426.0,46.0,01_시즌
2021,2021-04-25,봄_가죽&FUR_가죽점퍼_ZA,31,14249000,999000.0,204500.0,465760.0,4,474122.0,455750.0,459645.0,54.0,01_시즌
2021,2021-04-25,봄_니트 셔츠_라운드_ZB,789,16074842,69900.0,7590.0,22140.0,4,23054.0,24107.0,20374.0,71.0,01_시즌
2021,2021-04-25,봄_수트_블레이져(수트)_ZA,50,8851866,319000.0,53744.0,136155.0,4,132242.0,166517.0,177037.0,45.0,01_시즌
2021,2021-04-25,봄_수트_블레이져(수트)_ZB,194,24314328,199000.0,40583.0,119472.0,4,120536.0,125211.0,125332.0,37.0,01_시즌
2021,2021-04-25,봄_수트_블레이져(수트)_ZC,33,3907900,239000.0,46064.0,118508.0,4,119014.0,124769.0,118421.0,50.0,01_시즌
2021,2021-04-25,봄_수트_수트팬츠_ZA,51,4918734,179000.0,30103.0,73227.0,4,75700.0,91701.0,96446.0,46.0,01_시즌
2021,2021-04-25,봄_수트_수트팬츠_ZB,232,14407020,99000.0,20850.0,59534.0,4,59941.0,64274.0,62099.0,37.0,01_시즌
2021,2021-04-25,봄_수트_수트팬츠_ZC,27,1555400,125667.0,23973.0,58014.0,4,58720.0,62248.0,57607.0,54.0,01_시즌
2021,2021-04-25,봄_스웨터_T-에리_ZB,17,575156,99900.0,9848.0,33833.0,4,35352.0,34775.0,33833.0,66.0,01_시즌
2021,2021-04-25,봄_스웨터_라운드_ZB,188,6522208,94900.0,8929.0,34365.0,4,33534.0,34180.0,34693.0,63.0,01_시즌
2021,2021-04-25,봄_스웨터_오픈형(CARDIGAN)_ZB,189,10461851,159900.0,14254.0,56466.0,4,55133.0,62254.0,55354.0,65.0,01_시즌
2021,2021-04-25,봄_우븐 셔츠_드레스셔츠_ZB,130,3664940,69900.0,5929.0,28192.0,4,27041.0,28275.0,28192.0,60.0,01_시즌
2021,2021-04-25,봄_우븐 셔츠_캐쥬얼셔츠_ZB,155,4003566,69900.0,8024.0,25734.0,4,25719.0,26888.0,25829.0,63.0,01_시즌
2021,2021-04-25,봄_점퍼_패딩점퍼_ZB,30,2972068,199000.0,19336.0,99069.0,4,102080.0,89466.0,99069.0,50.0,01_시즌
2021,2021-04-25,봄_조끼_패딩베스트_ZB,186,2205687,79000.0,10099.0,11859.0,4,10478.0,16201.0,11859.0,85.0,01_시즌
2021,2021-04-25,봄_코트_더블코트_ZB,39,3840360,329000.0,34815.0,98471.0,4,95528.0,107074.0,98471.0,70.0,01_시즌
2021,2021-04-25,봄_코트_싱글코트_ZB,126,12016700,249000.0,25980.0,96652.0,4,94887.0,100021.0,95371.0,62.0,01_시즌
2021,2021-04-25,사계절_니트 셔츠_라운드_ZB,687,9306332,19900.0,5405.0,13546.0,4,13288.0,14508.0,13546.0,32.0,01_시즌
2021,2021-04-25,사계절_데님_데님팬츠_ZB,393,18658264,79900.0,11720.0,49278.0,4,45690.0,51123.0,47476.0,41.0,01_시즌
2021,2021-04-25,사계절_수트_블레이져(수트)_ZB,623,80953204,199000.0,36613.0,130177.0,4,114230.0,134016.0,129941.0,35.0,01_시즌
2021,2021-04-25,사계절_수트_수트팬츠_ZB,660,45973954,99000.0,17305.0,65465.0,4,64764.0,67813.0,69658.0,30.0,01_시즌
2021,2021-04-25,사계절_우븐 셔츠_드레스셔츠_ZB,2086,60230562,56567.0,7777.0,30471.0,4,32808.0,32928.0,28874.0,49.0,01_시즌
2021,2021-04-25,사계절_우븐 셔츠_드레스셔츠_ZC,10,272000,39900.0,7535.0,27200.0,4,26930.0,28709.0,27200.0,32.0,01_시즌
2021,2021-04-25,사계절_자켓_싱글재킷_ZB,75,8627000,199000.0,23618.0,115027.0,4,112953.0,110719.0,115027.0,42.0,01_시즌
2021,2021-04-25,사계절_팬츠_팬츠(일반)_ZB,739,28330222,64900.0,10058.0,38004.0,4,35522.0,41957.0,38336.0,41.0,01_시즌
2021,2021-04-25,여름_니트 셔츠_라운드_ZB,8301,179509802,61094.0,6152.0,33255.0,4,27708.0,21787.0,21625.0,65.0,01_시즌
2021,2021-04-25,여름_니트 셔츠_티에리_ZB,828,42355466,89900.0,9150.0,51954.0,4,47236.0,35803.0,51154.0,43.0,01_시즌
2021,2021-04-25,여름_수트_블레이져(수트)_ZA,411,76851292,259000.0,46376.0,188790.0,4,180054.0,177002.0,186986.0,28.0,01_시즌
2021,2021-04-25,여름_수트_블레이져(수트)_ZB,591,85932662,199000.0,41995.0,146563.0,4,148978.0,157481.0,145402.0,27.0,01_시즌
2021,2021-04-25,여름_수트_블레이져(수트)_ZC,273,43646480,223000.0,45965.0,163489.0,4,159938.0,167634.0,159877.0,28.0,01_시즌
2021,2021-04-25,여름_수트_수트팬츠_ZA,486,49162899,139000.0,23016.0,104242.0,4,96151.0,92931.0,101158.0,27.0,01_시즌
2021,2021-04-25,여름_수트_수트팬츠_ZB,730,52952535,99000.0,21371.0,73453.0,4,74476.0,78257.0,72538.0,27.0,01_시즌
2021,2021-04-25,여름_수트_수트팬츠_ZC,284,22928700,115000.0,22675.0,83817.0,4,81988.0,88248.0,80735.0,30.0,01_시즌
2021,2021-04-25,여름_스웨터_T-에리_ZB,1927,76199790,89900.0,8567.0,39851.0,4,47004.0,43891.0,39543.0,56.0,01_시즌
2021,2021-04-25,여름_스웨터_라운드_ZB,769,31005695,89900.0,9291.0,40319.0,4,48086.0,41239.0,40319.0,55.0,01_시즌
2021,2021-04-25,여름_우븐 셔츠_드레스셔츠_ZB,929,26372967,69900.0,5752.0,32108.0,4,34380.0,23706.0,28389.0,59.0,01_시즌
2021,2021-04-25,여름_우븐 셔츠_캐쥬얼셔츠_ZB,2953,94385421,69900.0,6816.0,29539.0,4,32734.0,22658.0,31963.0,54.0,01_시즌
2021,2021-04-25,여름_자켓_싱글재킷_ZA,1463,219907483,259000.0,36519.0,149162.0,4,154692.0,140793.0,150313.0,42.0,01_시즌
2021,2021-04-25,여름_자켓_싱글재킷_ZB,620,70769634,199000.0,21116.0,113922.0,4,119731.0,91989.0,114145.0,43.0,01_시즌
2021,2021-04-25,여름_점퍼_점퍼_ZB,157,14989000,224000.0,20458.0,101408.0,4,103563.0,108502.0,95471.0,57.0,01_시즌
2021,2021-04-25,여름_팬츠_반바지_ZB,32,1277440,49900.0,6012.0,39920.0,4,39920.0,27559.0,39920.0,20.0,01_시즌
2021,2021-04-25,여름_팬츠_팬츠(일반)_ZA,1036,80020452,139000.0,15250.0,76586.0,4,78197.0,73231.0,77240.0,44.0,01_시즌
2021,2021-04-25,여름_팬츠_팬츠(일반)_ZB,3118,145039969,85900.0,9905.0,37083.0,4,43447.0,36331.0,46517.0,46.0,01_시즌
2021,2021-05-02,봄_가죽&FUR_가죽점퍼_ZA,9,4491000,999000.0,204500.0,499000.0,5,388626.0,455750.0,499000.0,50.0,01_시즌
2021,2021-05-02,봄_니트 셔츠_라운드_ZB,579,12504186,69900.0,7608.0,24298.0,5,22532.0,24107.0,21596.0,69.0,01_시즌
2021,2021-05-02,봄_수트_블레이져(수트)_ZA,48,8692327,319000.0,53744.0,143877.0,5,147949.0,166517.0,181090.0,43.0,01_시즌
2021,2021-05-02,봄_수트_블레이져(수트)_ZB,173,22370843,199000.0,40583.0,127026.0,5,114816.0,125211.0,129311.0,35.0,01_시즌
2021,2021-05-02,봄_수트_블레이져(수트)_ZC,33,3947300,239000.0,46064.0,120128.0,5,118098.0,124769.0,119615.0,50.0,01_시즌
2021,2021-05-02,봄_수트_수트팬츠_ZA,46,4521673,179000.0,30103.0,73806.0,5,77330.0,91701.0,98297.0,45.0,01_시즌
2021,2021-05-02,봄_수트_수트팬츠_ZB,200,12748540,99000.0,20850.0,62842.0,5,57598.0,64274.0,63743.0,36.0,01_시즌
2021,2021-05-02,봄_수트_수트팬츠_ZC,29,1688317,125667.0,23973.0,58986.0,5,58838.0,62248.0,58218.0,54.0,01_시즌
2021,2021-05-02,봄_스웨터_T-에리_ZB,27,92803,99900.0,9848.0,3437.0,5,31291.0,34775.0,3437.0,97.0,01_시즌
2021,2021-05-02,봄_스웨터_라운드_ZB,91,3308320,94900.0,8929.0,36782.0,5,38596.0,34180.0,36355.0,62.0,01_시즌
2021,2021-05-02,봄_스웨터_오픈형(CARDIGAN)_ZB,96,5240628,159900.0,14254.0,55796.0,5,53484.0,62254.0,54590.0,66.0,01_시즌
2021,2021-05-02,봄_우븐 셔츠_드레스셔츠_ZB,143,4108500,69900.0,5929.0,28731.0,5,23042.0,28275.0,28731.0,59.0,01_시즌
2021,2021-05-02,봄_우븐 셔츠_캐쥬얼셔츠_ZB,84,1449335,69900.0,8024.0,15640.0,5,22135.0,26888.0,17254.0,75.0,01_시즌
2021,2021-05-02,봄_점퍼_패딩점퍼_ZB,32,2696846,199000.0,19336.0,84276.0,5,100094.0,89466.0,84276.0,58.0,01_시즌
2021,2021-05-02,봄_조끼_패딩베스트_ZB,26,-352207,79000.0,10099.0,,5,11972.0,16201.0,11972.0,85.0,01_시즌
2021,2021-05-02,봄_코트_더블코트_ZB,41,3443640,329000.0,34815.0,83991.0,5,93453.0,107074.0,83991.0,74.0,01_시즌
2021,2021-05-02,봄_코트_싱글코트_ZB,118,9663917,249000.0,25980.0,82740.0,5,91197.0,100021.0,81898.0,67.0,01_시즌
2021,2021-05-02,사계절_니트 셔츠_라운드_ZB,243,4063097,19900.0,5405.0,16721.0,5,14548.0,14508.0,16721.0,16.0,01_시즌
2021,2021-05-02,사계절_데님_데님팬츠_ZB,139,8762853,79900.0,11938.0,60010.0,5,54243.0,51123.0,63042.0,21.0,01_시즌
2021,2021-05-02,사계절_수트_블레이져(수트)_ZB,601,81580364,199000.0,36638.0,129100.0,5,124359.0,134016.0,135741.0,32.0,01_시즌
2021,2021-05-02,사계절_수트_수트팬츠_ZB,687,49373358,99000.0,17306.0,63375.0,5,59745.0,67813.0,71868.0,27.0,01_시즌
2021,2021-05-02,사계절_우븐 셔츠_드레스셔츠_ZB,1715,54573227,56567.0,7777.0,28885.0,5,32061.0,32928.0,31821.0,44.0,01_시즌
2021,2021-05-02,사계절_우븐 셔츠_드레스셔츠_ZC,6,166000,39900.0,7535.0,27667.0,5,28272.0,28709.0,27667.0,31.0,01_시즌
2021,2021-05-02,사계절_자켓_싱글재킷_ZB,91,10201935,199000.0,23618.0,112109.0,5,114323.0,110719.0,112109.0,44.0,01_시즌
2021,2021-05-02,사계절_팬츠_팬츠(일반)_ZB,630,23870856,64900.0,10058.0,37808.0,5,37971.0,41957.0,37890.0,42.0,01_시즌
2021,2021-05-02,여름_니트 셔츠_라운드_ZB,7552,182297749,61094.0,6182.0,24236.0,5,22429.0,21787.0,24139.0,60.0,01_시즌
2021,2021-05-02,여름_니트 셔츠_티에리_ZB,1155,24410126,89900.0,9155.0,83206.0,5,42107.0,35803.0,21134.0,76.0,01_시즌
2021,2021-05-02,여름_수트_블레이져(수트)_ZA,324,62415788,259000.0,46376.0,189308.0,5,188885.0,177002.0,192641.0,26.0,01_시즌
2021,2021-05-02,여름_수트_블레이져(수트)_ZB,426,65555806,199000.0,41995.0,154125.0,5,154357.0,157481.0,153887.0,23.0,01_시즌
2021,2021-05-02,여름_수트_블레이져(수트)_ZC,262,43723304,223000.0,45965.0,170130.0,5,168586.0,167634.0,166883.0,25.0,01_시즌
2021,2021-05-02,여름_수트_수트팬츠_ZA,363,37477179,139000.0,23016.0,121923.0,5,104711.0,92931.0,103243.0,26.0,01_시즌
2021,2021-05-02,여름_수트_수트팬츠_ZB,534,41257151,99000.0,21371.0,77214.0,5,77093.0,78257.0,77261.0,22.0,01_시즌
2021,2021-05-02,여름_수트_수트팬츠_ZC,263,22261388,115000.0,22675.0,88099.0,5,87291.0,88248.0,84644.0,26.0,01_시즌
2021,2021-05-02,여름_스웨터_T-에리_ZB,1787,79908910,89900.0,8567.0,45010.0,5,40000.0,43891.0,44717.0,50.0,01_시즌
2021,2021-05-02,여름_스웨터_라운드_ZB,552,27518316,89900.0,9291.0,49852.0,5,46094.0,41239.0,49852.0,45.0,01_시즌
2021,2021-05-02,여름_우븐 셔츠_드레스셔츠_ZB,1386,49606467,69900.0,5874.0,39193.0,5,31049.0,23706.0,35791.0,49.0,01_시즌
2021,2021-05-02,여름_우븐 셔츠_캐쥬얼셔츠_ZB,3839,129437227,69900.0,7098.0,36991.0,5,29971.0,22658.0,33716.0,52.0,01_시즌
2021,2021-05-02,여름_자켓_싱글재킷_ZA,1574,240545781,259000.0,36519.0,152898.0,5,150153.0,140793.0,152825.0,41.0,01_시즌
2021,2021-05-02,여름_자켓_싱글재킷_ZB,655,75281981,199000.0,21116.0,115001.0,5,111483.0,91989.0,114934.0,42.0,01_시즌
2021,2021-05-02,여름_점퍼_점퍼_ZB,180,18135700,224000.0,20458.0,108458.0,5,96618.0,108502.0,100754.0,55.0,01_시즌
2021,2021-05-02,여름_팬츠_반바지_ZB,45,1309076,54900.0,6646.0,29091.0,5,36940.0,27559.0,29091.0,47.0,01_시즌
2021,2021-05-02,여름_팬츠_팬츠(일반)_ZA,1291,99285035,139000.0,15250.0,77005.0,5,76318.0,73231.0,76906.0,45.0,01_시즌
2021,2021-05-02,여름_팬츠_팬츠(일반)_ZB,3175,128738089,85900.0,10079.0,41082.0,5,39311.0,36331.0,40547.0,53.0,01_시즌
2021,2021-05-09,봄_가죽&FUR_가죽점퍼_ZA,17,6983000,999000.0,204500.0,377788.0,5,388626.0,455750.0,410765.0,59.0,01_시즌
2021,2021-05-09,봄_니트 셔츠_라운드_ZB,554,11388401,69900.0,7608.0,23450.0,5,22532.0,24107.0,20557.0,71.0,01_시즌
2021,2021-05-09,봄_수트_블레이져(수트)_ZA,47,8586307,319000.0,53744.0,148623.0,5,147949.0,166517.0,182687.0,43.0,01_시즌
2021,2021-05-09,봄_수트_블레이져(수트)_ZB,158,19290798,199000.0,40583.0,120262.0,5,114816.0,125211.0,122094.0,39.0,01_시즌
2021,2021-05-09,봄_수트_블레이져(수트)_ZC,22,2618000,239000.0,46064.0,119000.0,5,118098.0,124769.0,119000.0,50.0,01_시즌
2021,2021-05-09,봄_수트_수트팬츠_ZA,54,5327653,179000.0,30103.0,81655.0,5,77330.0,91701.0,98660.0,45.0,01_시즌
2021,2021-05-09,봄_수트_수트팬츠_ZB,188,11421170,99000.0,20850.0,59491.0,5,57598.0,64274.0,60751.0,39.0,01_시즌
2021,2021-05-09,봄_수트_수트팬츠_ZC,26,1534000,125667.0,23973.0,59000.0,5,58838.0,62248.0,59000.0,53.0,01_시즌
2021,2021-05-09,봄_스웨터_T-에리_ZB,14,532824,99900.0,9848.0,38059.0,5,31291.0,34775.0,38059.0,62.0,01_시즌
2021,2021-05-09,봄_스웨터_라운드_ZB,37,1554000,94900.0,8929.0,42076.0,5,38596.0,34180.0,42000.0,56.0,01_시즌
2021,2021-05-09,봄_스웨터_오픈형(CARDIGAN)_ZB,111,6178916,159900.0,14254.0,54582.0,5,53484.0,62254.0,55666.0,65.0,01_시즌
2021,2021-05-09,봄_우븐 셔츠_드레스셔츠_ZB,91,1849800,69900.0,5929.0,20327.0,5,23042.0,28275.0,20327.0,71.0,01_시즌
2021,2021-05-09,봄_우븐 셔츠_캐쥬얼셔츠_ZB,92,2525550,69900.0,8024.0,26515.0,5,22135.0,26888.0,27452.0,61.0,01_시즌
2021,2021-05-09,봄_점퍼_패딩점퍼_ZB,37,3368271,199000.0,19336.0,91034.0,5,100094.0,89466.0,91034.0,54.0,01_시즌
2021,2021-05-09,봄_조끼_패딩베스트_ZB,116,1441486,79000.0,10099.0,12427.0,5,11972.0,16201.0,12427.0,84.0,01_시즌
2021,2021-05-09,봄_코트_더블코트_ZB,9,-110449,329000.0,34815.0,,5,93453.0,107074.0,93453.0,72.0,01_시즌
2021,2021-05-09,봄_코트_싱글코트_ZB,39,3151000,249000.0,25980.0,82828.0,5,91197.0,100021.0,80795.0,68.0,01_시즌
2021,2021-05-09,사계절_니트 셔츠_라운드_ZB,328,5090086,19900.0,5405.0,15519.0,5,14548.0,14508.0,15519.0,22.0,01_시즌
2021,2021-05-09,사계절_데님_데님팬츠_ZB,264,13417013,79900.0,11938.0,55648.0,5,54243.0,51123.0,50822.0,36.0,01_시즌
2021,2021-05-09,사계절_수트_블레이져(수트)_ZB,720,88144120,199000.0,36638.0,124872.0,5,124359.0,134016.0,122422.0,38.0,01_시즌
2021,2021-05-09,사계절_수트_수트팬츠_ZB,820,51299369,99000.0,17306.0,58929.0,5,59745.0,67813.0,62560.0,37.0,01_시즌
2021,2021-05-09,사계절_우븐 셔츠_드레스셔츠_ZB,1762,55238718,56567.0,7777.0,32317.0,5,32061.0,32928.0,31350.0,45.0,01_시즌
2021,2021-05-09,사계절_우븐 셔츠_드레스셔츠_ZC,13,373000,39900.0,7535.0,28692.0,5,28272.0,28709.0,28692.0,28.0,01_시즌
2021,2021-05-09,사계절_자켓_싱글재킷_ZB,78,8864482,199000.0,23618.0,113647.0,5,114323.0,110719.0,113647.0,43.0,01_시즌
2021,2021-05-09,사계절_팬츠_팬츠(일반)_ZB,486,18337289,64900.0,10058.0,37394.0,5,37971.0,41957.0,37731.0,42.0,01_시즌
2021,2021-05-09,여름_니트 셔츠_라운드_ZB,10501,260519730,61094.0,6183.0,25574.0,5,22429.0,21787.0,24809.0,59.0,01_시즌
2021,2021-05-09,여름_니트 셔츠_티에리_ZB,940,30896342,89900.0,9155.0,36777.0,5,42107.0,35803.0,32868.0,63.0,01_시즌
2021,2021-05-09,여름_수트_블레이져(수트)_ZA,384,75221464,259000.0,46376.0,194343.0,5,188885.0,177002.0,195889.0,24.0,01_시즌
2021,2021-05-09,여름_수트_블레이져(수트)_ZB,403,60276913,199000.0,41995.0,148917.0,5,154357.0,157481.0,149571.0,25.0,01_시즌
2021,2021-05-09,여름_수트_블레이져(수트)_ZC,214,34965865,223000.0,45965.0,165870.0,5,168586.0,167634.0,163392.0,27.0,01_시즌
2021,2021-05-09,여름_수트_수트팬츠_ZA,429,44347259,139000.0,23016.0,101587.0,5,104711.0,92931.0,103374.0,26.0,01_시즌
2021,2021-05-09,여름_수트_수트팬츠_ZB,463,34481330,99000.0,21371.0,74300.0,5,77093.0,78257.0,74474.0,25.0,01_시즌
2021,2021-05-09,여름_수트_수트팬츠_ZC,239,19786701,115000.0,22675.0,85230.0,5,87291.0,88248.0,82790.0,28.0,01_시즌
2021,2021-05-09,여름_스웨터_T-에리_ZB,2035,83618812,89900.0,8567.0,41058.0,5,40000.0,43891.0,41090.0,54.0,01_시즌
2021,2021-05-09,여름_스웨터_라운드_ZB,672,31901253,89900.0,9291.0,47472.0,5,46094.0,41239.0,47472.0,47.0,01_시즌
2021,2021-05-09,여름_우븐 셔츠_드레스셔츠_ZB,1630,43775475,69900.0,5881.0,25858.0,5,31049.0,23706.0,26856.0,62.0,01_시즌
2021,2021-05-09,여름_우븐 셔츠_캐쥬얼셔츠_ZB,3305,97798650,69900.0,7099.0,24884.0,5,29971.0,22658.0,29591.0,58.0,01_시즌
2021,2021-05-09,여름_자켓_싱글재킷_ZA,1715,256465591,259000.0,36519.0,149503.0,5,150153.0,140793.0,149543.0,42.0,01_시즌
2021,2021-05-09,여름_자켓_싱글재킷_ZB,671,77881322,199000.0,21116.0,116086.0,5,111483.0,91989.0,116068.0,42.0,01_시즌
2021,2021-05-09,여름_점퍼_점퍼_ZB,90,9140019,224000.0,20458.0,113376.0,5,96618.0,108502.0,101556.0,55.0,01_시즌
2021,2021-05-09,여름_팬츠_반바지_ZB,7,-185152,54900.0,6646.0,,5,36940.0,27559.0,36940.0,33.0,01_시즌
2021,2021-05-09,여름_팬츠_팬츠(일반)_ZA,1133,86335190,139000.0,15250.0,76217.0,5,76318.0,73231.0,76201.0,45.0,01_시즌
2021,2021-05-09,여름_팬츠_팬츠(일반)_ZB,3970,165307275,85900.0,10080.0,40957.0,5,39311.0,36331.0,41639.0,52.0,01_시즌
2021,2021-05-16,봄_가죽&FUR_가죽점퍼_ZA,51,18649000,999000.0,204500.0,309218.0,5,388626.0,455750.0,365667.0,63.0,01_시즌
2021,2021-05-16,봄_니트 셔츠_라운드_ZB,343,6790890,69900.0,7608.0,23657.0,5,22532.0,24107.0,19799.0,72.0,01_시즌
2021,2021-05-16,봄_수트_블레이져(수트)_ZA,61,12129514,319000.0,53744.0,153943.0,5,147949.0,166517.0,198844.0,38.0,01_시즌
2021,2021-05-16,봄_수트_블레이져(수트)_ZB,164,20544802,199000.0,40583.0,123775.0,5,114816.0,125211.0,125273.0,37.0,01_시즌
2021,2021-05-16,봄_수트_블레이져(수트)_ZC,30,3560000,239000.0,46064.0,118630.0,5,118098.0,124769.0,118667.0,50.0,01_시즌
2021,2021-05-16,봄_수트_수트팬츠_ZA,68,7093646,179000.0,30103.0,73650.0,5,77330.0,91701.0,104318.0,42.0,01_시즌
2021,2021-05-16,봄_수트_수트팬츠_ZB,182,11521675,99000.0,20850.0,61675.0,5,57598.0,64274.0,63306.0,36.0,01_시즌
2021,2021-05-16,봄_수트_수트팬츠_ZC,31,1809000,125667.0,23973.0,58584.0,5,58838.0,62248.0,58355.0,54.0,01_시즌
2021,2021-05-16,봄_스웨터_T-에리_ZB,15,585000,99900.0,9848.0,39000.0,5,31291.0,34775.0,39000.0,61.0,01_시즌
2021,2021-05-16,봄_스웨터_라운드_ZB,32,1135838,94900.0,8929.0,35312.0,5,38596.0,34180.0,35495.0,63.0,01_시즌
2021,2021-05-16,봄_스웨터_오픈형(CARDIGAN)_ZB,139,7375040,159900.0,14254.0,52865.0,5,53484.0,62254.0,53058.0,67.0,01_시즌
2021,2021-05-16,봄_우븐 셔츠_드레스셔츠_ZB,83,1785400,69900.0,5929.0,21511.0,5,23042.0,28275.0,21511.0,69.0,01_시즌
2021,2021-05-16,봄_우븐 셔츠_캐쥬얼셔츠_ZB,58,1446039,69900.0,8024.0,23879.0,5,22135.0,26888.0,24932.0,64.0,01_시즌
2021,2021-05-16,봄_점퍼_패딩점퍼_ZB,13,1061464,199000.0,19336.0,81651.0,5,100094.0,89466.0,81651.0,59.0,01_시즌
2021,2021-05-16,봄_조끼_패딩베스트_ZB,73,828246,79000.0,10099.0,11346.0,5,11972.0,16201.0,11346.0,86.0,01_시즌
2021,2021-05-16,봄_코트_더블코트_ZB,6,594000,329000.0,34815.0,99000.0,5,93453.0,107074.0,99000.0,70.0,01_시즌
2021,2021-05-16,봄_코트_싱글코트_ZB,23,2208538,249000.0,25980.0,96555.0,5,91197.0,100021.0,96023.0,61.0,01_시즌
2021,2021-05-16,사계절_니트 셔츠_라운드_ZB,441,5491128,19900.0,5405.0,12452.0,5,14548.0,14508.0,12452.0,37.0,01_시즌
2021,2021-05-16,사계절_데님_데님팬츠_ZB,172,8953137,79900.0,11938.0,52729.0,5,54243.0,51123.0,52053.0,35.0,01_시즌
2021,2021-05-16,사계절_수트_블레이져(수트)_ZB,572,72796584,199000.0,36638.0,123284.0,5,124359.0,134016.0,127267.0,36.0,01_시즌
2021,2021-05-16,사계절_수트_수트팬츠_ZB,650,42171276,99000.0,17306.0,56337.0,5,59745.0,67813.0,64879.0,34.0,01_시즌
2021,2021-05-16,사계절_우븐 셔츠_드레스셔츠_ZB,1393,44891893,56567.0,7777.0,32400.0,5,32061.0,32928.0,32227.0,43.0,01_시즌
2021,2021-05-16,사계절_우븐 셔츠_드레스셔츠_ZC,9,261000,39900.0,7535.0,29000.0,5,28272.0,28709.0,29000.0,27.0,01_시즌
2021,2021-05-16,사계절_자켓_싱글재킷_ZB,77,8795000,199000.0,23618.0,114221.0,5,114323.0,110719.0,114221.0,43.0,01_시즌
2021,2021-05-16,사계절_팬츠_팬츠(일반)_ZB,457,17466454,64900.0,10058.0,38224.0,5,37971.0,41957.0,38220.0,41.0,01_시즌
2021,2021-05-16,여름_니트 셔츠_라운드_ZB,10822,182274192,61094.0,6183.0,21217.0,5,22429.0,21787.0,16843.0,72.0,01_시즌
2021,2021-05-16,여름_니트 셔츠_티에리_ZB,1132,35900963,89900.0,9155.0,28703.0,5,42107.0,35803.0,31715.0,65.0,01_시즌
2021,2021-05-16,여름_수트_블레이져(수트)_ZA,320,63295311,259000.0,46376.0,196872.0,5,188885.0,177002.0,197798.0,24.0,01_시즌
2021,2021-05-16,여름_수트_블레이져(수트)_ZB,298,46147659,199000.0,41995.0,154909.0,5,154357.0,157481.0,154858.0,22.0,01_시즌
2021,2021-05-16,여름_수트_블레이져(수트)_ZC,213,35928299,223000.0,45965.0,172007.0,5,168586.0,167634.0,168677.0,24.0,01_시즌
2021,2021-05-16,여름_수트_수트팬츠_ZA,336,35844771,139000.0,23016.0,105801.0,5,104711.0,92931.0,106681.0,23.0,01_시즌
2021,2021-05-16,여름_수트_수트팬츠_ZB,309,23744733,99000.0,21371.0,76510.0,5,77093.0,78257.0,76844.0,22.0,01_시즌
2021,2021-05-16,여름_수트_수트팬츠_ZC,207,17594825,115000.0,22675.0,88434.0,5,87291.0,88248.0,84999.0,26.0,01_시즌
2021,2021-05-16,여름_스웨터_T-에리_ZB,2221,90741642,89900.0,8567.0,40572.0,5,40000.0,43891.0,40856.0,55.0,01_시즌
2021,2021-05-16,여름_스웨터_라운드_ZB,365,16220923,89900.0,9291.0,44441.0,5,46094.0,41239.0,44441.0,51.0,01_시즌
2021,2021-05-16,여름_우븐 셔츠_드레스셔츠_ZB,1475,47297525,69900.0,5881.0,33846.0,5,31049.0,23706.0,32066.0,54.0,01_시즌
2021,2021-05-16,여름_우븐 셔츠_캐쥬얼셔츠_ZB,3171,100058705,69900.0,7102.0,31842.0,5,29971.0,22658.0,31554.0,55.0,01_시즌
2021,2021-05-16,여름_자켓_싱글재킷_ZA,1241,185376088,259000.0,36519.0,148712.0,5,150153.0,140793.0,149376.0,42.0,01_시즌
2021,2021-05-16,여름_자켓_싱글재킷_ZB,649,69281607,199000.0,21116.0,106818.0,5,111483.0,91989.0,106751.0,46.0,01_시즌
2021,2021-05-16,여름_점퍼_점퍼_ZB,-75,-6446000,224000.0,20458.0,74632.0,5,96618.0,108502.0,85947.0,62.0,01_시즌
2021,2021-05-16,여름_팬츠_반바지_ZB,84,2079874,54900.0,6646.0,24760.0,5,36940.0,27559.0,24760.0,55.0,01_시즌
2021,2021-05-16,여름_팬츠_팬츠(일반)_ZA,1156,87085866,139000.0,15250.0,76481.0,5,76318.0,73231.0,75334.0,46.0,01_시즌
2021,2021-05-16,여름_팬츠_팬츠(일반)_ZB,8489,297408191,85900.0,10080.0,37497.0,5,39311.0,36331.0,35035.0,59.0,01_시즌
2021,2021-05-23,봄_가죽&FUR_가죽점퍼_ZA,-14,-2486000,999000.0,204500.0,165666.0,5,388626.0,455750.0,177571.0,82.0,01_시즌
2021,2021-05-23,봄_니트 셔츠_라운드_ZB,507,10187815,69900.0,7608.0,21966.0,5,22532.0,24107.0,20094.0,71.0,01_시즌
2021,2021-05-23,봄_수트_블레이져(수트)_ZA,50,9840000,319000.0,53744.0,146589.0,5,147949.0,166517.0,196800.0,38.0,01_시즌
2021,2021-05-23,봄_수트_블레이져(수트)_ZB,140,16591871,199000.0,40583.0,115299.0,5,114816.0,125211.0,118513.0,40.0,01_시즌
2021,2021-05-23,봄_수트_블레이져(수트)_ZC,29,3419448,239000.0,46064.0,114409.0,5,118098.0,124769.0,117912.0,51.0,01_시즌
2021,2021-05-23,봄_수트_수트팬츠_ZA,58,6057200,179000.0,30103.0,75574.0,5,77330.0,91701.0,104434.0,42.0,01_시즌
2021,2021-05-23,봄_수트_수트팬츠_ZB,175,10766538,99000.0,20850.0,59985.0,5,57598.0,64274.0,61523.0,38.0,01_시즌
2021,2021-05-23,봄_수트_수트팬츠_ZC,28,1652000,125667.0,23973.0,59000.0,5,58838.0,62248.0,59000.0,53.0,01_시즌
2021,2021-05-23,봄_스웨터_T-에리_ZB,20,922496,99900.0,9848.0,46125.0,5,31291.0,34775.0,46125.0,54.0,01_시즌
2021,2021-05-23,봄_스웨터_라운드_ZB,24,872890,94900.0,8929.0,36586.0,5,38596.0,34180.0,36370.0,62.0,01_시즌
2021,2021-05-23,봄_스웨터_오픈형(CARDIGAN)_ZB,97,5472542,159900.0,14254.0,57496.0,5,53484.0,62254.0,56418.0,65.0,01_시즌
2021,2021-05-23,봄_우븐 셔츠_드레스셔츠_ZB,291,4703600,69900.0,5929.0,16164.0,5,23042.0,28275.0,16164.0,77.0,01_시즌
2021,2021-05-23,봄_우븐 셔츠_캐쥬얼셔츠_ZB,195,4103573,69900.0,8024.0,22704.0,5,22135.0,26888.0,21044.0,70.0,01_시즌
2021,2021-05-23,봄_점퍼_패딩점퍼_ZB,-4,-651839,199000.0,19336.0,162960.0,5,100094.0,89466.0,162960.0,18.0,01_시즌
2021,2021-05-23,봄_조끼_패딩베스트_ZB,8,92820,79000.0,10099.0,11602.0,5,11972.0,16201.0,11602.0,85.0,01_시즌
2021,2021-05-23,봄_코트_더블코트_ZB,6,594000,329000.0,34815.0,99000.0,5,93453.0,107074.0,99000.0,70.0,01_시즌
2021,2021-05-23,봄_코트_싱글코트_ZB,72,7067000,249000.0,25980.0,98661.0,5,91197.0,100021.0,98153.0,61.0,01_시즌
2021,2021-05-23,사계절_니트 셔츠_라운드_ZB,347,4955974,19900.0,5405.0,14282.0,5,14548.0,14508.0,14282.0,28.0,01_시즌
2021,2021-05-23,사계절_데님_데님팬츠_ZB,215,11206873,79900.0,11938.0,49113.0,5,54243.0,51123.0,52125.0,35.0,01_시즌
2021,2021-05-23,사계절_수트_블레이져(수트)_ZB,530,64715740,199000.0,36638.0,124293.0,5,124359.0,134016.0,122105.0,39.0,01_시즌
2021,2021-05-23,사계절_수트_수트팬츠_ZB,567,35544973,99000.0,17306.0,59435.0,5,59745.0,67813.0,62690.0,37.0,01_시즌
2021,2021-05-23,사계절_우븐 셔츠_드레스셔츠_ZB,1386,44631045,56567.0,7777.0,33303.0,5,32061.0,32928.0,32201.0,43.0,01_시즌
2021,2021-05-23,사계절_우븐 셔츠_드레스셔츠_ZC,2,54000,39900.0,7535.0,27000.0,5,28272.0,28709.0,27000.0,32.0,01_시즌
2021,2021-05-23,사계절_자켓_싱글재킷_ZB,72,8370500,199000.0,23618.0,116257.0,5,114323.0,110719.0,116257.0,42.0,01_시즌
2021,2021-05-23,사계절_팬츠_팬츠(일반)_ZB,429,16312640,64900.0,10058.0,37953.0,5,37971.0,41957.0,38025.0,41.0,01_시즌
2021,2021-05-23,여름_니트 셔츠_라운드_ZB,23799,350852936,61094.0,6183.0,20309.0,5,22429.0,21787.0,14742.0,76.0,01_시즌
2021,2021-05-23,여름_니트 셔츠_티에리_ZB,1271,43539108,89900.0,9155.0,26965.0,5,42107.0,35803.0,34256.0,62.0,01_시즌
2021,2021-05-23,여름_수트_블레이져(수트)_ZA,341,65071034,259000.0,46376.0,182917.0,5,188885.0,177002.0,190824.0,26.0,01_시즌
2021,2021-05-23,여름_수트_블레이져(수트)_ZB,286,44677210,199000.0,41995.0,156202.0,5,154357.0,157481.0,156214.0,22.0,01_시즌
2021,2021-05-23,여름_수트_블레이져(수트)_ZC,162,27764344,223000.0,45965.0,169222.0,5,168586.0,167634.0,171385.0,23.0,01_시즌
2021,2021-05-23,여름_수트_수트팬츠_ZA,420,42485240,139000.0,23016.0,97745.0,5,104711.0,92931.0,101155.0,27.0,01_시즌
2021,2021-05-23,여름_수트_수트팬츠_ZB,361,28245550,99000.0,21371.0,78234.0,5,77093.0,78257.0,78243.0,21.0,01_시즌
2021,2021-05-23,여름_수트_수트팬츠_ZC,189,16732400,115000.0,22675.0,87009.0,5,87291.0,88248.0,88531.0,23.0,01_시즌
2021,2021-05-23,여름_스웨터_T-에리_ZB,2028,76112211,89900.0,8567.0,37596.0,5,40000.0,43891.0,37531.0,58.0,01_시즌
2021,2021-05-23,여름_스웨터_라운드_ZB,305,13280433,89900.0,9291.0,43542.0,5,46094.0,41239.0,43542.0,52.0,01_시즌
2021,2021-05-23,여름_우븐 셔츠_드레스셔츠_ZB,2095,59487130,69900.0,5881.0,28304.0,5,31049.0,23706.0,28395.0,59.0,01_시즌
2021,2021-05-23,여름_우븐 셔츠_캐쥬얼셔츠_ZB,5077,142219643,69900.0,7102.0,28196.0,5,29971.0,22658.0,28013.0,60.0,01_시즌
2021,2021-05-23,여름_자켓_싱글재킷_ZA,1524,228685423,259000.0,36519.0,149438.0,5,150153.0,140793.0,150056.0,42.0,01_시즌
2021,2021-05-23,여름_자켓_싱글재킷_ZB,652,71869792,199000.0,21116.0,110468.0,5,111483.0,91989.0,110230.0,45.0,01_시즌
2021,2021-05-23,여름_점퍼_점퍼_ZB,306,23369000,224000.0,20458.0,93218.0,5,96618.0,108502.0,76369.0,66.0,01_시즌
2021,2021-05-23,여름_팬츠_반바지_ZB,617,24961454,54900.0,6624.0,40628.0,5,36940.0,27559.0,40456.0,26.0,01_시즌
2021,2021-05-23,여름_팬츠_팬츠(일반)_ZA,1232,93558179,139000.0,15250.0,75138.0,5,76318.0,73231.0,75940.0,45.0,01_시즌
2021,2021-05-23,여름_팬츠_팬츠(일반)_ZB,4295,162749828,85900.0,10080.0,39689.0,5,39311.0,36331.0,37893.0,56.0,01_시즌
2021,2021-05-30,봄_가죽&FUR_가죽점퍼_ZA,-5,-995000,999000.0,204500.0,591460.0,5,388626.0,455750.0,199000.0,80.0,01_시즌
2021,2021-05-30,봄_니트 셔츠_라운드_ZB,231,4389941,69900.0,7608.0,19289.0,5,22532.0,24107.0,19004.0,73.0,01_시즌
2021,2021-05-30,봄_수트_블레이져(수트)_ZA,51,9893100,319000.0,53744.0,146711.0,5,147949.0,166517.0,193982.0,39.0,01_시즌
2021,2021-05-30,봄_수트_블레이져(수트)_ZB,520,31468420,199000.0,40583.0,87719.0,5,114816.0,125211.0,60516.0,70.0,01_시즌
2021,2021-05-30,봄_수트_블레이져(수트)_ZC,27,3213000,239000.0,46064.0,119000.0,5,118098.0,124769.0,119000.0,50.0,01_시즌
2021,2021-05-30,봄_수트_수트팬츠_ZA,60,6283650,179000.0,30103.0,81964.0,5,77330.0,91701.0,104728.0,41.0,01_시즌
2021,2021-05-30,봄_수트_수트팬츠_ZB,565,17711150,99000.0,20850.0,43996.0,5,57598.0,64274.0,31347.0,68.0,01_시즌
2021,2021-05-30,봄_수트_수트팬츠_ZC,28,1632000,125667.0,23973.0,58583.0,5,58838.0,62248.0,58286.0,54.0,01_시즌
2021,2021-05-30,봄_스웨터_T-에리_ZB,7,208824,99900.0,9848.0,29832.0,5,31291.0,34775.0,29832.0,70.0,01_시즌
2021,2021-05-30,봄_스웨터_라운드_ZB,20,798275,94900.0,8929.0,42226.0,5,38596.0,34180.0,39914.0,58.0,01_시즌
2021,2021-05-30,봄_스웨터_오픈형(CARDIGAN)_ZB,308,14214990,159900.0,14254.0,46683.0,5,53484.0,62254.0,46153.0,71.0,01_시즌
2021,2021-05-30,봄_우븐 셔츠_드레스셔츠_ZB,75,2135890,69900.0,5929.0,28479.0,5,23042.0,28275.0,28479.0,59.0,01_시즌
2021,2021-05-30,봄_우븐 셔츠_캐쥬얼셔츠_ZB,58,1244060,69900.0,8024.0,21936.0,5,22135.0,26888.0,21449.0,69.0,01_시즌
2021,2021-05-30,봄_점퍼_패딩점퍼_ZB,8,644400,199000.0,19336.0,80550.0,5,100094.0,89466.0,80550.0,60.0,01_시즌
2021,2021-05-30,봄_조끼_패딩베스트_ZB,14,175193,79000.0,10099.0,12514.0,5,11972.0,16201.0,12514.0,84.0,01_시즌
2021,2021-05-30,봄_코트_더블코트_ZB,5,459100,329000.0,34815.0,91820.0,5,93453.0,107074.0,91820.0,72.0,01_시즌
2021,2021-05-30,봄_코트_싱글코트_ZB,-48,-4761900,249000.0,25980.0,99206.0,5,91197.0,100021.0,99206.0,60.0,01_시즌
2021,2021-05-30,사계절_니트 셔츠_라운드_ZB,262,3606041,19900.0,5405.0,13764.0,5,14548.0,14508.0,13764.0,31.0,01_시즌
2021,2021-05-30,사계절_데님_데님팬츠_ZB,159,8649415,79900.0,11938.0,53714.0,5,54243.0,51123.0,54399.0,32.0,01_시즌
2021,2021-05-30,사계절_수트_블레이져(수트)_ZB,639,66112542,199000.0,36638.0,120244.0,5,124359.0,134016.0,103463.0,48.0,01_시즌
2021,2021-05-30,사계절_수트_수트팬츠_ZB,835,45228628,99000.0,17306.0,60651.0,5,59745.0,67813.0,54166.0,45.0,01_시즌
2021,2021-05-30,사계절_우븐 셔츠_드레스셔츠_ZB,1177,38774278,56567.0,7777.0,33402.0,5,32061.0,32928.0,32943.0,42.0,01_시즌
2021,2021-05-30,사계절_우븐 셔츠_드레스셔츠_ZC,5,145000,39900.0,7535.0,29000.0,5,28272.0,28709.0,29000.0,27.0,01_시즌
2021,2021-05-30,사계절_자켓_싱글재킷_ZB,71,8192000,199000.0,23618.0,115380.0,5,114323.0,110719.0,115380.0,42.0,01_시즌
2021,2021-05-30,사계절_팬츠_팬츠(일반)_ZB,263,9998444,64900.0,10058.0,38474.0,5,37971.0,41957.0,38017.0,41.0,01_시즌
2021,2021-05-30,여름_니트 셔츠_라운드_ZB,22000,291945768,61094.0,6185.0,20584.0,5,22429.0,21787.0,13270.0,78.0,01_시즌
2021,2021-05-30,여름_니트 셔츠_티에리_ZB,4103,118205155,89900.0,9155.0,34885.0,5,42107.0,35803.0,28809.0,68.0,01_시즌
2021,2021-05-30,여름_수트_블레이져(수트)_ZA,277,51341946,259000.0,46376.0,180984.0,5,188885.0,177002.0,185350.0,28.0,01_시즌
2021,2021-05-30,여름_수트_블레이져(수트)_ZB,244,39607715,199000.0,41995.0,157634.0,5,154357.0,157481.0,162327.0,18.0,01_시즌
2021,2021-05-30,여름_수트_블레이져(수트)_ZC,156,26384304,223000.0,45965.0,165702.0,5,168586.0,167634.0,169130.0,24.0,01_시즌
2021,2021-05-30,여름_수트_수트팬츠_ZA,342,34018626,139000.0,23016.0,96498.0,5,104711.0,92931.0,99470.0,28.0,01_시즌
2021,2021-05-30,여름_수트_수트팬츠_ZB,388,32635335,99000.0,21371.0,79208.0,5,77093.0,78257.0,84112.0,15.0,01_시즌
2021,2021-05-30,여름_수트_수트팬츠_ZC,155,13981096,115000.0,22675.0,87684.0,5,87291.0,88248.0,90201.0,22.0,01_시즌
2021,2021-05-30,여름_스웨터_T-에리_ZB,2131,74199048,89900.0,8567.0,35764.0,5,40000.0,43891.0,34819.0,61.0,01_시즌
2021,2021-05-30,여름_스웨터_라운드_ZB,263,11877880,89900.0,9291.0,45163.0,5,46094.0,41239.0,45163.0,50.0,01_시즌
2021,2021-05-30,여름_우븐 셔츠_드레스셔츠_ZB,1602,44695719,69900.0,5922.0,28045.0,5,31049.0,23706.0,27900.0,60.0,01_시즌
2021,2021-05-30,여름_우븐 셔츠_캐쥬얼셔츠_ZB,4078,110396931,69900.0,7109.0,27945.0,5,29971.0,22658.0,27071.0,61.0,01_시즌
2021,2021-05-30,여름_자켓_싱글재킷_ZA,1017,153654371,259000.0,36519.0,150213.0,5,150153.0,140793.0,151086.0,42.0,01_시즌
2021,2021-05-30,여름_자켓_싱글재킷_ZB,560,61135510,199000.0,21116.0,109040.0,5,111483.0,91989.0,109171.0,45.0,01_시즌
2021,2021-05-30,여름_점퍼_점퍼_ZB,-28,-2684050,224000.0,20458.0,93407.0,5,96618.0,108502.0,95859.0,57.0,01_시즌
2021,2021-05-30,여름_팬츠_반바지_ZB,96,-2228828,54900.0,6616.0,49592.0,5,36940.0,27559.0,49592.0,10.0,01_시즌
2021,2021-05-30,여름_팬츠_팬츠(일반)_ZA,888,68325061,139000.0,15250.0,76752.0,5,76318.0,73231.0,76943.0,45.0,01_시즌
2021,2021-05-30,여름_팬츠_팬츠(일반)_ZB,6809,239568892,85900.0,10080.0,37333.0,5,39311.0,36331.0,35184.0,59.0,01_시즌
2021,2021-06-06,사계절_니트 셔츠_라운드_ZB,209,3002877,19900.0,5405.0,14368.0,6,13646.0,14508.0,14368.0,28.0,01_시즌
2021,2021-06-06,사계절_데님_데님팬츠_ZB,143,7313442,79900.0,10695.0,47218.0,6,48258.0,51123.0,51143.0,36.0,01_시즌
2021,2021-06-06,사계절_수트_블레이져(수트)_ZB,268,39936766,199000.0,36638.0,135914.0,6,160969.0,134016.0,149018.0,25.0,01_시즌
2021,2021-06-06,사계절_수트_수트팬츠_ZB,237,22488162,99000.0,17306.0,72777.0,6,67765.0,67813.0,94887.0,4.0,01_시즌
2021,2021-06-06,사계절_우븐 셔츠_드레스셔츠_ZB,1291,40762177,56567.0,7777.0,32016.0,6,32004.0,32928.0,31574.0,44.0,01_시즌
2021,2021-06-06,사계절_우븐 셔츠_드레스셔츠_ZC,5,131000,39900.0,7535.0,26200.0,6,26712.0,28709.0,26200.0,34.0,01_시즌
2021,2021-06-06,사계절_자켓_싱글재킷_ZB,69,8012500,199000.0,23618.0,116123.0,6,112222.0,110719.0,116123.0,42.0,01_시즌
2021,2021-06-06,사계절_팬츠_팬츠(일반)_ZB,352,13151050,64900.0,10058.0,37962.0,6,38698.0,41957.0,37361.0,42.0,01_시즌
2021,2021-06-06,여름_니트 셔츠_라운드_ZB,17333,314524188,61094.0,6185.0,21807.0,6,18919.0,21787.0,18146.0,70.0,01_시즌
2021,2021-06-06,여름_니트 셔츠_티에리_ZB,888,32583370,89900.0,9156.0,30406.0,6,27724.0,35803.0,36693.0,59.0,01_시즌
2021,2021-06-06,여름_수트_블레이져(수트)_ZA,262,49364054,259000.0,46376.0,183118.0,6,182206.0,177002.0,188412.0,27.0,01_시즌
2021,2021-06-06,여름_수트_블레이져(수트)_ZB,259,43992581,199000.0,41995.0,164073.0,6,165789.0,157481.0,169856.0,15.0,01_시즌
2021,2021-06-06,여름_수트_블레이져(수트)_ZC,116,20688900,223000.0,45965.0,174684.0,6,177472.0,167634.0,178353.0,20.0,01_시즌
2021,2021-06-06,여름_수트_수트팬츠_ZA,326,32855298,139000.0,23016.0,97864.0,6,98333.0,92931.0,100783.0,27.0,01_시즌
2021,2021-06-06,여름_수트_수트팬츠_ZB,82,3755735,99000.0,21371.0,83919.0,6,86607.0,78257.0,45802.0,54.0,01_시즌
2021,2021-06-06,여름_수트_수트팬츠_ZC,125,11303233,115000.0,22675.0,89534.0,6,92247.0,88248.0,90426.0,21.0,01_시즌
2021,2021-06-06,여름_스웨터_T-에리_ZB,1674,72415065,89900.0,8638.0,43346.0,6,38335.0,43891.0,43259.0,52.0,01_시즌
2021,2021-06-06,여름_스웨터_라운드_ZB,352,14736597,89900.0,9291.0,41865.0,6,37587.0,41239.0,41865.0,53.0,01_시즌
2021,2021-06-06,여름_우븐 셔츠_드레스셔츠_ZB,3368,87352014,69900.0,5922.0,26694.0,6,23255.0,23706.0,25936.0,63.0,01_시즌
2021,2021-06-06,여름_우븐 셔츠_캐쥬얼셔츠_ZB,4856,133975932,69900.0,7109.0,27618.0,6,23286.0,22658.0,27590.0,61.0,01_시즌
2021,2021-06-06,여름_자켓_싱글재킷_ZA,1128,167008381,259000.0,36519.0,147785.0,6,140113.0,140793.0,148057.0,43.0,01_시즌
2021,2021-06-06,여름_자켓_싱글재킷_ZB,556,62668690,199000.0,21116.0,112729.0,6,94563.0,91989.0,112713.0,43.0,01_시즌
2021,2021-06-06,여름_점퍼_점퍼_ZB,69,6771000,224000.0,20458.0,108091.0,6,102456.0,108502.0,98130.0,56.0,01_시즌
2021,2021-06-06,여름_팬츠_반바지_ZB,392,10538860,54900.0,7238.0,29048.0,6,23255.0,27559.0,26885.0,51.0,01_시즌
2021,2021-06-06,여름_팬츠_팬츠(일반)_ZA,922,72045853,139000.0,15250.0,77056.0,6,72128.0,73231.0,78141.0,44.0,01_시즌
2021,2021-06-06,여름_팬츠_팬츠(일반)_ZB,3338,137445465,85900.0,10080.0,40866.0,6,33771.0,36331.0,41176.0,52.0,01_시즌
2021,2021-06-13,사계절_니트 셔츠_라운드_ZB,267,3421412,19900.0,5405.0,12814.0,6,13646.0,14508.0,12814.0,36.0,01_시즌
2021,2021-06-13,사계절_데님_데님팬츠_ZB,148,8211796,79900.0,10695.0,53772.0,6,48258.0,51123.0,55485.0,31.0,01_시즌
2021,2021-06-13,사계절_수트_블레이져(수트)_ZB,1347,210464249,205667.0,36284.0,132264.0,6,160969.0,134016.0,156247.0,24.0,01_시즌
2021,2021-06-13,사계절_수트_수트팬츠_ZB,1734,150014320,104000.0,17231.0,67604.0,6,67765.0,67813.0,86513.0,17.0,01_시즌
2021,2021-06-13,사계절_우븐 셔츠_드레스셔츠_ZB,1686,51897340,56567.0,7777.0,31655.0,6,32004.0,32928.0,30781.0,46.0,01_시즌
2021,2021-06-13,사계절_우븐 셔츠_드레스셔츠_ZC,3,79945,39900.0,7535.0,26648.0,6,26712.0,28709.0,26648.0,33.0,01_시즌
2021,2021-06-13,사계절_자켓_싱글재킷_ZB,35,3957900,199000.0,23618.0,113083.0,6,112222.0,110719.0,113083.0,43.0,01_시즌
2021,2021-06-13,사계절_팬츠_팬츠(일반)_ZB,307,11635560,64900.0,10058.0,37758.0,6,38698.0,41957.0,37901.0,42.0,01_시즌
2021,2021-06-13,여름_니트 셔츠_라운드_ZB,27478,390552138,61094.0,6185.0,19397.0,6,18919.0,21787.0,14213.0,77.0,01_시즌
2021,2021-06-13,여름_니트 셔츠_티에리_ZB,2879,79197701,89900.0,9156.0,27069.0,6,27724.0,35803.0,27509.0,69.0,01_시즌
2021,2021-06-13,여름_수트_블레이져(수트)_ZA,244,43724590,259000.0,46376.0,181797.0,6,182206.0,177002.0,179199.0,31.0,01_시즌
2021,2021-06-13,여름_수트_블레이져(수트)_ZB,-33,-9589885,199000.0,41995.0,179885.0,6,165789.0,157481.0,290603.0,-46.0,01_시즌
2021,2021-06-13,여름_수트_블레이져(수트)_ZC,77,13801190,223000.0,45965.0,177325.0,6,177472.0,167634.0,179236.0,20.0,01_시즌
2021,2021-06-13,여름_수트_수트팬츠_ZA,274,26437190,139000.0,23016.0,97958.0,6,98333.0,92931.0,96486.0,31.0,01_시즌
2021,2021-06-13,여름_수트_수트팬츠_ZB,131,10736885,99000.0,21371.0,83109.0,6,86607.0,78257.0,81961.0,17.0,01_시즌
2021,2021-06-13,여름_수트_수트팬츠_ZC,98,9377804,115000.0,22675.0,94137.0,6,92247.0,88248.0,95692.0,17.0,01_시즌
2021,2021-06-13,여름_스웨터_T-에리_ZB,2420,94274993,89900.0,8638.0,40068.0,6,38335.0,43891.0,38957.0,57.0,01_시즌
2021,2021-06-13,여름_스웨터_라운드_ZB,232,9935590,89900.0,9291.0,42826.0,6,37587.0,41239.0,42826.0,52.0,01_시즌
2021,2021-06-13,여름_우븐 셔츠_드레스셔츠_ZB,3346,82752681,69900.0,5922.0,24751.0,6,23255.0,23706.0,24732.0,65.0,01_시즌
2021,2021-06-13,여름_우븐 셔츠_캐쥬얼셔츠_ZB,5130,126744642,69900.0,7109.0,25208.0,6,23286.0,22658.0,24707.0,65.0,01_시즌
2021,2021-06-13,여름_자켓_싱글재킷_ZA,880,130171729,259000.0,36519.0,146600.0,6,140113.0,140793.0,147922.0,43.0,01_시즌
2021,2021-06-13,여름_자켓_싱글재킷_ZB,524,54581150,199000.0,21116.0,104018.0,6,94563.0,91989.0,104162.0,48.0,01_시즌
2021,2021-06-13,여름_점퍼_점퍼_ZB,-15,-2116250,224000.0,20458.0,124464.0,6,102456.0,108502.0,141083.0,37.0,01_시즌
2021,2021-06-13,여름_팬츠_반바지_ZB,1101,26654700,54900.0,7263.0,24210.0,6,23255.0,27559.0,24210.0,56.0,01_시즌
2021,2021-06-13,여름_팬츠_팬츠(일반)_ZA,807,60739094,139000.0,15250.0,74872.0,6,72128.0,73231.0,75265.0,46.0,01_시즌
2021,2021-06-13,여름_팬츠_팬츠(일반)_ZB,6683,232171731,85900.0,10080.0,36425.0,6,33771.0,36331.0,34741.0,60.0,01_시즌
2021,2021-06-20,사계절_니트 셔츠_라운드_ZB,246,3107223,19900.0,5405.0,12631.0,6,13646.0,14508.0,12631.0,37.0,01_시즌
2021,2021-06-20,사계절_데님_데님팬츠_ZB,172,6395917,79900.0,10548.0,36910.0,6,48258.0,51123.0,37186.0,53.0,01_시즌
2021,2021-06-20,사계절_수트_블레이져(수트)_ZB,1009,142187307,205667.0,36284.0,239243.0,6,160969.0,134016.0,140919.0,31.0,01_시즌
2021,2021-06-20,사계절_수트_수트팬츠_ZB,1115,81395846,104000.0,17231.0,63524.0,6,67765.0,67813.0,73001.0,30.0,01_시즌
2021,2021-06-20,사계절_우븐 셔츠_드레스셔츠_ZB,1687,53754064,56567.0,7777.0,32342.0,6,32004.0,32928.0,31864.0,44.0,01_시즌
2021,2021-06-20,사계절_우븐 셔츠_드레스셔츠_ZC,5,125000,39900.0,7535.0,25000.0,6,26712.0,28709.0,25000.0,37.0,01_시즌
2021,2021-06-20,사계절_자켓_싱글재킷_ZB,22,2487040,199000.0,23618.0,113047.0,6,112222.0,110719.0,113047.0,43.0,01_시즌
2021,2021-06-20,사계절_팬츠_팬츠(일반)_ZB,214,9324171,64900.0,10058.0,41838.0,6,38698.0,41957.0,43571.0,33.0,01_시즌
2021,2021-06-20,여름_니트 셔츠_라운드_ZB,34646,420024963,61094.0,6185.0,17069.0,6,18919.0,21787.0,12123.0,80.0,01_시즌
2021,2021-06-20,여름_니트 셔츠_티에리_ZB,4439,113841716,89900.0,9156.0,26751.0,6,27724.0,35803.0,25646.0,71.0,01_시즌
2021,2021-06-20,여름_수트_블레이져(수트)_ZA,196,37079208,259000.0,46376.0,184051.0,6,182206.0,177002.0,189180.0,27.0,01_시즌
2021,2021-06-20,여름_수트_블레이져(수트)_ZB,65,10692282,199000.0,41995.0,152554.0,6,165789.0,157481.0,164497.0,17.0,01_시즌
2021,2021-06-20,여름_수트_블레이져(수트)_ZC,62,11755350,223000.0,45965.0,184496.0,6,177472.0,167634.0,189602.0,15.0,01_시즌
2021,2021-06-20,여름_수트_수트팬츠_ZA,232,24128257,139000.0,23016.0,101695.0,6,98333.0,92931.0,104001.0,25.0,01_시즌
2021,2021-06-20,여름_수트_수트팬츠_ZB,95,8289718,99000.0,21371.0,99095.0,6,86607.0,78257.0,87260.0,12.0,01_시즌
2021,2021-06-20,여름_수트_수트팬츠_ZC,72,7046807,115000.0,22675.0,98006.0,6,92247.0,88248.0,97872.0,15.0,01_시즌
2021,2021-06-20,여름_스웨터_T-에리_ZB,1672,57353412,89900.0,8638.0,34020.0,6,38335.0,43891.0,34302.0,62.0,01_시즌
2021,2021-06-20,여름_스웨터_라운드_ZB,188,5578921,89900.0,9291.0,29675.0,6,37587.0,41239.0,29675.0,67.0,01_시즌
2021,2021-06-20,여름_우븐 셔츠_드레스셔츠_ZB,4766,98215756,69900.0,5922.0,20804.0,6,23255.0,23706.0,20608.0,71.0,01_시즌
2021,2021-06-20,여름_우븐 셔츠_캐쥬얼셔츠_ZB,5604,113307414,69900.0,7109.0,20549.0,6,23286.0,22658.0,20219.0,71.0,01_시즌
2021,2021-06-20,여름_자켓_싱글재킷_ZA,706,95049860,259000.0,36519.0,137781.0,6,140113.0,140793.0,134632.0,48.0,01_시즌
2021,2021-06-20,여름_자켓_싱글재킷_ZB,641,50286294,199000.0,21116.0,78552.0,6,94563.0,91989.0,78450.0,61.0,01_시즌
2021,2021-06-20,여름_점퍼_점퍼_ZB,33,2204850,224000.0,20458.0,72271.0,6,102456.0,108502.0,66814.0,70.0,01_시즌
2021,2021-06-20,여름_팬츠_반바지_ZB,2911,57533144,54900.0,7263.0,20104.0,6,23255.0,27559.0,19764.0,64.0,01_시즌
2021,2021-06-20,여름_팬츠_팬츠(일반)_ZA,603,41366724,139000.0,15250.0,69575.0,6,72128.0,73231.0,68602.0,51.0,01_시즌
2021,2021-06-20,여름_팬츠_팬츠(일반)_ZB,7207,209832939,85900.0,10080.0,28948.0,6,33771.0,36331.0,29115.0,66.0,01_시즌
2021,2021-06-27,사계절_니트 셔츠_라운드_ZB,109,1609906,19900.0,5405.0,14770.0,6,13646.0,14508.0,14770.0,26.0,01_시즌
2021,2021-06-27,사계절_데님_데님팬츠_ZB,102,6217208,79900.0,10548.0,55130.0,6,48258.0,51123.0,60953.0,24.0,01_시즌
2021,2021-06-27,사계절_수트_블레이져(수트)_ZB,807,108589613,205667.0,36284.0,132279.0,6,160969.0,134016.0,134560.0,35.0,01_시즌
2021,2021-06-27,사계절_수트_수트팬츠_ZB,906,65486725,104000.0,17231.0,67988.0,6,67765.0,67813.0,72281.0,30.0,01_시즌
2021,2021-06-27,사계절_우븐 셔츠_드레스셔츠_ZB,1543,48633996,56567.0,7777.0,32005.0,6,32004.0,32928.0,31519.0,44.0,01_시즌
2021,2021-06-27,사계절_우븐 셔츠_드레스셔츠_ZC,2,58000,39900.0,7535.0,29000.0,6,26712.0,28709.0,29000.0,27.0,01_시즌
2021,2021-06-27,사계절_자켓_싱글재킷_ZB,19,2026040,199000.0,23618.0,106634.0,6,112222.0,110719.0,106634.0,46.0,01_시즌
2021,2021-06-27,사계절_팬츠_팬츠(일반)_ZB,272,10116090,64900.0,10058.0,37234.0,6,38698.0,41957.0,37192.0,43.0,01_시즌
2021,2021-06-27,여름_니트 셔츠_라운드_ZB,27810,352648004,61094.0,6185.0,17403.0,6,18919.0,21787.0,12681.0,79.0,01_시즌
2021,2021-06-27,여름_니트 셔츠_티에리_ZB,3969,104038538,89900.0,9156.0,26670.0,6,27724.0,35803.0,26213.0,71.0,01_시즌
2021,2021-06-27,여름_수트_블레이져(수트)_ZA,237,43249882,259000.0,46376.0,179856.0,6,182206.0,177002.0,182489.0,30.0,01_시즌
2021,2021-06-27,여름_수트_블레이져(수트)_ZB,124,19357171,199000.0,41995.0,163997.0,6,165789.0,157481.0,156106.0,22.0,01_시즌
2021,2021-06-27,여름_수트_블레이져(수트)_ZC,67,11935580,223000.0,45965.0,173386.0,6,177472.0,167634.0,178143.0,20.0,01_시즌
2021,2021-06-27,여름_수트_수트팬츠_ZA,219,20772217,139000.0,23016.0,95814.0,6,98333.0,92931.0,94850.0,32.0,01_시즌
2021,2021-06-27,여름_수트_수트팬츠_ZB,152,11693299,99000.0,21371.0,80306.0,6,86607.0,78257.0,76930.0,22.0,01_시즌
2021,2021-06-27,여름_수트_수트팬츠_ZC,80,7361060,115000.0,22675.0,87310.0,6,92247.0,88248.0,92013.0,20.0,01_시즌
2021,2021-06-27,여름_스웨터_T-에리_ZB,2022,72708187,89900.0,8638.0,35906.0,6,38335.0,43891.0,35959.0,60.0,01_시즌
2021,2021-06-27,여름_스웨터_라운드_ZB,179,6440707,89900.0,9291.0,35982.0,6,37587.0,41239.0,35982.0,60.0,01_시즌
2021,2021-06-27,여름_우븐 셔츠_드레스셔츠_ZB,4234,86697440,69900.0,5922.0,20772.0,6,23255.0,23706.0,20476.0,71.0,01_시즌
2021,2021-06-27,여름_우븐 셔츠_캐쥬얼셔츠_ZB,7837,154592943,69900.0,7109.0,19769.0,6,23286.0,22658.0,19726.0,72.0,01_시즌
2021,2021-06-27,여름_자켓_싱글재킷_ZA,688,86871156,259000.0,36519.0,128287.0,6,140113.0,140793.0,126266.0,51.0,01_시즌
2021,2021-06-27,여름_자켓_싱글재킷_ZB,930,77141643,199000.0,21116.0,82954.0,6,94563.0,91989.0,82948.0,58.0,01_시즌
2021,2021-06-27,여름_점퍼_점퍼_ZB,18,1722000,224000.0,20458.0,105000.0,6,102456.0,108502.0,95667.0,57.0,01_시즌
2021,2021-06-27,여름_팬츠_반바지_ZB,2712,53186194,54900.0,7263.0,19658.0,6,23255.0,27559.0,19611.0,64.0,01_시즌
2021,2021-06-27,여름_팬츠_팬츠(일반)_ZA,578,38378435,139000.0,15250.0,67009.0,6,72128.0,73231.0,66399.0,52.0,01_시즌
2021,2021-06-27,여름_팬츠_팬츠(일반)_ZB,6418,186561584,85900.0,10080.0,28846.0,6,33771.0,36331.0,29068.0,66.0,01_시즌
2021,2021-07-04,사계절_니트 셔츠_라운드_ZB,85,1373375,19900.0,5405.0,16157.0,7,14772.0,14508.0,16157.0,19.0,01_시즌
2021,2021-07-04,사계절_데님_데님팬츠_ZB,104,6423336,79900.0,11955.0,57966.0,7,57384.0,51123.0,61763.0,23.0,01_시즌
2021,2021-07-04,사계절_수트_블레이져(수트)_ZB,1087,146672127,205667.0,36284.0,110244.0,7,124216.0,134016.0,134933.0,34.0,01_시즌
2021,2021-07-04,사계절_수트_수트팬츠_ZB,1256,91753325,104000.0,17231.0,55106.0,7,61820.0,67813.0,73052.0,30.0,01_시즌
2021,2021-07-04,사계절_우븐 셔츠_드레스셔츠_ZB,1750,53756659,56567.0,7777.0,29952.0,7,31265.0,32928.0,30718.0,46.0,01_시즌
2021,2021-07-04,사계절_우븐 셔츠_드레스셔츠_ZC,5,118000,39900.0,7535.0,23600.0,7,29278.0,28709.0,23600.0,41.0,01_시즌
2021,2021-07-04,사계절_자켓_싱글재킷_ZB,15,1728120,199000.0,23618.0,115208.0,7,113357.0,110719.0,115208.0,42.0,01_시즌
2021,2021-07-04,사계절_팬츠_팬츠(일반)_ZB,316,10558144,64900.0,10058.0,30280.0,7,53006.0,41957.0,33412.0,49.0,01_시즌
2021,2021-07-04,여름_니트 셔츠_라운드_ZB,38139,432865583,61094.0,6123.0,18428.0,7,16978.0,21787.0,11350.0,81.0,01_시즌
2021,2021-07-04,여름_니트 셔츠_티에리_ZB,2820,75221448,89900.0,9150.0,27539.0,7,24703.0,35803.0,26674.0,70.0,01_시즌
2021,2021-07-04,여름_수트_블레이져(수트)_ZA,222,38804201,259000.0,46376.0,170100.0,7,157636.0,177002.0,174794.0,33.0,01_시즌
2021,2021-07-04,여름_수트_블레이져(수트)_ZB,87,12791480,199000.0,41995.0,150738.0,7,175938.0,157481.0,147029.0,26.0,01_시즌
2021,2021-07-04,여름_수트_블레이져(수트)_ZC,78,13259030,223000.0,45965.0,177845.0,7,182410.0,167634.0,169988.0,24.0,01_시즌
2021,2021-07-04,여름_수트_수트팬츠_ZA,224,22113469,139000.0,23016.0,97063.0,7,87240.0,92931.0,98721.0,29.0,01_시즌
2021,2021-07-04,여름_수트_수트팬츠_ZB,112,8363880,99000.0,21371.0,75401.0,7,76413.0,78257.0,74678.0,25.0,01_시즌
2021,2021-07-04,여름_수트_수트팬츠_ZC,96,8107005,115000.0,22675.0,85142.0,7,89226.0,88248.0,84448.0,27.0,01_시즌
2021,2021-07-04,여름_스웨터_T-에리_ZB,2078,73779396,89900.0,8250.0,35984.0,7,33652.0,43891.0,35505.0,61.0,01_시즌
2021,2021-07-04,여름_스웨터_라운드_ZB,169,5874859,89900.0,8507.0,34762.0,7,35472.0,41239.0,34762.0,61.0,01_시즌
2021,2021-07-04,여름_우븐 셔츠_드레스셔츠_ZB,3594,71447828,69900.0,5848.0,19855.0,7,17009.0,23706.0,19880.0,72.0,01_시즌
2021,2021-07-04,여름_우븐 셔츠_캐쥬얼셔츠_ZB,5543,104988734,69900.0,6920.0,18988.0,7,17228.0,22658.0,18941.0,73.0,01_시즌
2021,2021-07-04,여름_자켓_싱글재킷_ZA,590,76333294,259000.0,36344.0,131196.0,7,134051.0,140793.0,129378.0,50.0,01_시즌
2021,2021-07-04,여름_자켓_싱글재킷_ZB,286,19114451,199000.0,21027.0,58836.0,7,71953.0,91989.0,66834.0,66.0,01_시즌
2021,2021-07-04,여름_점퍼_점퍼_ZB,4,396000,224000.0,20458.0,109000.0,7,108750.0,108502.0,99000.0,56.0,01_시즌
2021,2021-07-04,여름_팬츠_반바지_ZB,1680,40031736,54900.0,6712.0,23952.0,7,21687.0,27559.0,23828.0,57.0,01_시즌
2021,2021-07-04,여름_팬츠_팬츠(일반)_ZA,558,36132416,139000.0,15250.0,65454.0,7,66866.0,73231.0,64753.0,53.0,01_시즌
2021,2021-07-04,여름_팬츠_팬츠(일반)_ZB,6194,191904261,85900.0,9932.0,32201.0,7,33301.0,36331.0,30982.0,64.0,01_시즌
2021,2021-07-11,가을_니트 셔츠_라운드_ZB,0,0,69900.0,8312.0,,7,64118.0,29365.0,64118.0,8.0,01_시즌
2021,2021-07-11,가을_수트_블레이져(수트)_ZB,190,44645200,239000.0,35979.0,234826.0,7,187466.0,181224.0,234975.0,2.0,01_시즌
2021,2021-07-11,가을_수트_블레이져(수트)_ZC,9,2151000,239000.0,37750.0,239000.0,7,151706.0,175965.0,239000.0,0.0,01_시즌
2021,2021-07-11,가을_수트_수트팬츠_ZB,285,36292200,129000.0,18718.0,127392.0,7,105646.0,95767.0,127341.0,1.0,01_시즌
2021,2021-07-11,가을_수트_수트팬츠_ZC,12,1548000,129000.0,19972.0,129000.0,7,110940.0,97026.0,129000.0,0.0,01_시즌
2021,2021-07-11,가을_우븐 셔츠_캐쥬얼셔츠_ZB,0,0,69900.0,7391.0,,7,48676.0,34602.0,48676.0,30.0,01_시즌
2021,2021-07-11,사계절_니트 셔츠_라운드_ZB,90,1294694,19900.0,5405.0,14385.0,7,14772.0,14508.0,14385.0,28.0,01_시즌
2021,2021-07-11,사계절_데님_데님팬츠_ZB,188,9440141,79900.0,11955.0,52678.0,7,57384.0,51123.0,50214.0,37.0,01_시즌
2021,2021-07-11,사계절_수트_블레이져(수트)_ZB,738,104219156,205667.0,36284.0,136540.0,7,124216.0,134016.0,141218.0,31.0,01_시즌
2021,2021-07-11,사계절_수트_수트팬츠_ZB,759,55976539,104000.0,17231.0,66374.0,7,61820.0,67813.0,73750.0,29.0,01_시즌
2021,2021-07-11,사계절_우븐 셔츠_드레스셔츠_ZB,1361,40542138,56567.0,7777.0,31267.0,7,31265.0,32928.0,29788.0,47.0,01_시즌
2021,2021-07-11,사계절_우븐 셔츠_드레스셔츠_ZC,6,225067,39900.0,7535.0,37511.0,7,29278.0,28709.0,37511.0,6.0,01_시즌
2021,2021-07-11,사계절_자켓_싱글재킷_ZB,13,1427000,199000.0,23618.0,109769.0,7,113357.0,110719.0,109769.0,45.0,01_시즌
2021,2021-07-11,사계절_팬츠_니트팬츠_ZB,0,0,69900.0,6569.0,,7,41774.0,36685.0,41774.0,40.0,01_시즌
2021,2021-07-11,사계절_팬츠_팬츠(일반)_ZB,292,16737855,77400.0,11164.0,62800.0,7,53006.0,41957.0,57321.0,26.0,01_시즌
2021,2021-07-11,여름_니트 셔츠_라운드_ZB,26256,296969185,61094.0,6123.0,16945.0,7,16978.0,21787.0,11311.0,81.0,01_시즌
2021,2021-07-11,여름_니트 셔츠_티에리_ZB,3734,87113944,89900.0,9150.0,24508.0,7,24703.0,35803.0,23330.0,74.0,01_시즌
2021,2021-07-11,여름_수트_블레이져(수트)_ZA,288,45742054,259000.0,46376.0,165299.0,7,157636.0,177002.0,158827.0,39.0,01_시즌
2021,2021-07-11,여름_수트_블레이져(수트)_ZB,23,4098265,199000.0,41995.0,252677.0,7,175938.0,157481.0,178185.0,10.0,01_시즌
2021,2021-07-11,여름_수트_블레이져(수트)_ZC,34,6688600,223000.0,45965.0,177832.0,7,182410.0,167634.0,196724.0,12.0,01_시즌
2021,2021-07-11,여름_수트_수트팬츠_ZA,201,18321880,139000.0,23016.0,88439.0,7,87240.0,92931.0,91154.0,34.0,01_시즌
2021,2021-07-11,여름_수트_수트팬츠_ZB,53,4161155,99000.0,21371.0,78700.0,7,76413.0,78257.0,78512.0,21.0,01_시즌
2021,2021-07-11,여름_수트_수트팬츠_ZC,46,4586300,115000.0,22675.0,91027.0,7,89226.0,88248.0,99702.0,13.0,01_시즌
2021,2021-07-11,여름_스웨터_T-에리_ZB,1278,40048054,89900.0,8250.0,33070.0,7,33652.0,43891.0,31337.0,65.0,01_시즌
2021,2021-07-11,여름_스웨터_라운드_ZB,63,2558977,89900.0,8507.0,40619.0,7,35472.0,41239.0,40619.0,55.0,01_시즌
2021,2021-07-11,여름_우븐 셔츠_드레스셔츠_ZB,4451,69270432,69900.0,5848.0,15086.0,7,17009.0,23706.0,15563.0,78.0,01_시즌
2021,2021-07-11,여름_우븐 셔츠_캐쥬얼셔츠_ZB,7080,110813523,69900.0,6920.0,15701.0,7,17228.0,22658.0,15652.0,78.0,01_시즌
2021,2021-07-11,여름_자켓_싱글재킷_ZA,395,50478613,259000.0,36344.0,129991.0,7,134051.0,140793.0,127794.0,51.0,01_시즌
2021,2021-07-11,여름_자켓_싱글재킷_ZB,391,30189619,199000.0,21027.0,77275.0,7,71953.0,91989.0,77211.0,61.0,01_시즌
2021,2021-07-11,여름_점퍼_점퍼_ZB,12,1287000,224000.0,20458.0,103500.0,7,108750.0,108502.0,107250.0,52.0,01_시즌
2021,2021-07-11,여름_팬츠_반바지_ZB,2448,53795994,56567.0,7621.0,22583.0,7,21687.0,27559.0,21975.0,61.0,01_시즌
2021,2021-07-11,여름_팬츠_팬츠(일반)_ZA,225,15076860,139000.0,15250.0,70133.0,7,66866.0,73231.0,67008.0,52.0,01_시즌
2021,2021-07-11,여름_팬츠_팬츠(일반)_ZB,5763,203452101,94750.0,10212.0,36451.0,7,33301.0,36331.0,35303.0,63.0,01_시즌
2021,2021-07-18,가을_니트 셔츠_라운드_ZB,56,3131520,69900.0,8312.0,55920.0,7,64118.0,29365.0,55920.0,20.0,01_시즌
2021,2021-07-18,가을_수트_블레이져(수트)_ZB,224,38257745,239000.0,35979.0,151694.0,7,187466.0,181224.0,170794.0,29.0,01_시즌
2021,2021-07-18,가을_수트_블레이져(수트)_ZC,2,82611,239000.0,37750.0,41306.0,7,151706.0,175965.0,41306.0,83.0,01_시즌
2021,2021-07-18,가을_수트_수트팬츠_ZB,223,18695141,129000.0,18718.0,91743.0,7,105646.0,95767.0,83835.0,35.0,01_시즌
2021,2021-07-18,가을_수트_수트팬츠_ZC,0,-213411,129000.0,19972.0,,7,110940.0,97026.0,110940.0,14.0,01_시즌
2021,2021-07-18,가을_우븐 셔츠_캐쥬얼셔츠_ZB,17,922680,69900.0,7391.0,54275.0,7,48676.0,34602.0,54275.0,22.0,01_시즌
2021,2021-07-18,가을_팬츠_팬츠(일반)_ZB,64,4602880,89900.0,10790.0,71920.0,7,71920.0,47228.0,71920.0,20.0,01_시즌
2021,2021-07-18,사계절_니트 셔츠_라운드_ZB,120,1534520,19900.0,5405.0,12788.0,7,14772.0,14508.0,12788.0,36.0,01_시즌
2021,2021-07-18,사계절_데님_데님팬츠_ZB,153,7738561,79900.0,11955.0,62664.0,7,57384.0,51123.0,50579.0,37.0,01_시즌
2021,2021-07-18,사계절_수트_블레이져(수트)_ZB,533,78323740,205667.0,36284.0,133316.0,7,124216.0,134016.0,146949.0,29.0,01_시즌
2021,2021-07-18,사계절_수트_수트팬츠_ZB,610,49550440,104000.0,17231.0,68432.0,7,61820.0,67813.0,81230.0,22.0,01_시즌
2021,2021-07-18,사계절_우븐 셔츠_드레스셔츠_ZB,1215,37544433,56567.0,7777.0,32072.0,7,31265.0,32928.0,30901.0,45.0,01_시즌
2021,2021-07-18,사계절_우븐 셔츠_드레스셔츠_ZC,2,54000,39900.0,7535.0,27000.0,7,29278.0,28709.0,27000.0,32.0,01_시즌
2021,2021-07-18,사계절_자켓_싱글재킷_ZB,13,1460000,199000.0,23618.0,112308.0,7,113357.0,110719.0,112308.0,44.0,01_시즌
2021,2021-07-18,사계절_팬츠_니트팬츠_ZB,175,6946500,59900.0,5794.0,39694.0,7,41774.0,36685.0,39694.0,34.0,01_시즌
2021,2021-07-18,사계절_팬츠_팬츠(일반)_ZB,204,13813478,77400.0,11164.0,66027.0,7,53006.0,41957.0,67713.0,13.0,01_시즌
2021,2021-07-18,여름_니트 셔츠_라운드_ZB,31388,345055119,61094.0,6123.0,16688.0,7,16978.0,21787.0,10993.0,82.0,01_시즌
2021,2021-07-18,여름_니트 셔츠_티에리_ZB,2765,65737409,89900.0,9150.0,25096.0,7,24703.0,35803.0,23775.0,74.0,01_시즌
2021,2021-07-18,여름_수트_블레이져(수트)_ZA,-73,-10710800,259000.0,46376.0,153493.0,7,157636.0,177002.0,146723.0,43.0,01_시즌
2021,2021-07-18,여름_수트_블레이져(수트)_ZB,54,8091134,199000.0,41995.0,144561.0,7,175938.0,157481.0,149836.0,25.0,01_시즌
2021,2021-07-18,여름_수트_블레이져(수트)_ZC,21,3907500,223000.0,45965.0,178225.0,7,182410.0,167634.0,186071.0,17.0,01_시즌
2021,2021-07-18,여름_수트_수트팬츠_ZA,139,12641790,139000.0,23016.0,88116.0,7,87240.0,92931.0,90948.0,35.0,01_시즌
2021,2021-07-18,여름_수트_수트팬츠_ZB,51,3993416,99000.0,21371.0,74616.0,7,76413.0,78257.0,78302.0,21.0,01_시즌
2021,2021-07-18,여름_수트_수트팬츠_ZC,31,2792700,115000.0,22675.0,89560.0,7,89226.0,88248.0,90087.0,22.0,01_시즌
2021,2021-07-18,여름_스웨터_T-에리_ZB,1445,47823296,89900.0,8250.0,33228.0,7,33652.0,43891.0,33096.0,63.0,01_시즌
2021,2021-07-18,여름_스웨터_라운드_ZB,72,2502228,89900.0,8507.0,34753.0,7,35472.0,41239.0,34753.0,61.0,01_시즌
2021,2021-07-18,여름_우븐 셔츠_드레스셔츠_ZB,4095,65727688,69900.0,5848.0,16043.0,7,17009.0,23706.0,16051.0,77.0,01_시즌
2021,2021-07-18,여름_우븐 셔츠_캐쥬얼셔츠_ZB,7295,116787575,69900.0,6920.0,16023.0,7,17228.0,22658.0,16009.0,77.0,01_시즌
2021,2021-07-18,여름_자켓_싱글재킷_ZA,314,42103344,259000.0,36344.0,135026.0,7,134051.0,140793.0,134087.0,48.0,01_시즌
2021,2021-07-18,여름_자켓_싱글재킷_ZB,223,17482727,199000.0,21027.0,78342.0,7,71953.0,91989.0,78398.0,61.0,01_시즌
2021,2021-07-18,여름_점퍼_점퍼_ZB,8,822000,224000.0,20458.0,114000.0,7,108750.0,108502.0,102750.0,54.0,01_시즌
2021,2021-07-18,여름_팬츠_반바지_ZB,3251,70941753,56567.0,7621.0,22030.0,7,21687.0,27559.0,21822.0,61.0,01_시즌
2021,2021-07-18,여름_팬츠_팬츠(일반)_ZA,308,21314361,139000.0,15250.0,69219.0,7,66866.0,73231.0,69202.0,50.0,01_시즌
2021,2021-07-18,여름_팬츠_팬츠(일반)_ZB,6268,207433408,94750.0,10288.0,34401.0,7,33301.0,36331.0,33094.0,65.0,01_시즌
2021,2021-07-25,가을_니트 셔츠_라운드_ZB,-7,-506220,69900.0,8312.0,72317.0,7,64118.0,29365.0,72317.0,-3.0,01_시즌
2021,2021-07-25,가을_수트_블레이져(수트)_ZB,334,59521945,239000.0,36400.0,179742.0,7,187466.0,181224.0,178209.0,25.0,01_시즌
2021,2021-07-25,가을_수트_블레이져(수트)_ZC,7,1223680,239000.0,37750.0,174811.0,7,151706.0,175965.0,174811.0,27.0,01_시즌
2021,2021-07-25,가을_수트_수트팬츠_ZB,406,38626833,129000.0,18750.0,95782.0,7,105646.0,95767.0,95140.0,26.0,01_시즌
2021,2021-07-25,가을_수트_수트팬츠_ZC,6,557280,129000.0,19972.0,92880.0,7,110940.0,97026.0,92880.0,28.0,01_시즌
2021,2021-07-25,가을_우븐 셔츠_캐쥬얼셔츠_ZB,21,904620,69900.0,7391.0,43077.0,7,48676.0,34602.0,43077.0,38.0,01_시즌
2021,2021-07-25,가을_팬츠_팬츠(일반)_ZB,-48,-3452160,89900.0,10790.0,71920.0,7,71920.0,47228.0,71920.0,20.0,01_시즌
2021,2021-07-25,사계절_니트 셔츠_라운드_ZB,75,1182028,19900.0,5405.0,15760.0,7,14772.0,14508.0,15760.0,21.0,01_시즌
2021,2021-07-25,사계절_데님_데님팬츠_ZB,128,7216123,79900.0,11955.0,56226.0,7,57384.0,51123.0,56376.0,29.0,01_시즌
2021,2021-07-25,사계절_수트_블레이져(수트)_ZB,745,72976510,205667.0,36284.0,116762.0,7,124216.0,134016.0,97955.0,52.0,01_시즌
2021,2021-07-25,사계절_수트_수트팬츠_ZB,891,45715310,104000.0,17231.0,57368.0,7,61820.0,67813.0,51308.0,51.0,01_시즌
2021,2021-07-25,사계절_우븐 셔츠_드레스셔츠_ZB,968,29998070,56567.0,7777.0,31771.0,7,31265.0,32928.0,30990.0,45.0,01_시즌
2021,2021-07-25,사계절_우븐 셔츠_드레스셔츠_ZC,2,58000,39900.0,7535.0,29000.0,7,29278.0,28709.0,29000.0,27.0,01_시즌
2021,2021-07-25,사계절_자켓_싱글재킷_ZB,14,1626000,199000.0,23618.0,116143.0,7,113357.0,110719.0,116143.0,42.0,01_시즌
2021,2021-07-25,사계절_팬츠_니트팬츠_ZB,179,7442850,59900.0,5794.0,42814.0,7,41774.0,36685.0,41580.0,31.0,01_시즌
2021,2021-07-25,사계절_팬츠_팬츠(일반)_ZB,35,-6316759,77400.0,11164.0,46451.0,7,53006.0,41957.0,46451.0,40.0,01_시즌
2021,2021-07-25,여름_니트 셔츠_라운드_ZB,27148,297742666,61094.0,6123.0,15852.0,7,16978.0,21787.0,10967.0,82.0,01_시즌
2021,2021-07-25,여름_니트 셔츠_티에리_ZB,3350,66247556,89900.0,9150.0,21670.0,7,24703.0,35803.0,19775.0,78.0,01_시즌
2021,2021-07-25,여름_수트_블레이져(수트)_ZA,316,30262178,259000.0,46376.0,141653.0,7,157636.0,177002.0,95766.0,63.0,01_시즌
2021,2021-07-25,여름_수트_블레이져(수트)_ZB,15,2397300,199000.0,41995.0,155773.0,7,175938.0,157481.0,159820.0,20.0,01_시즌
2021,2021-07-25,여름_수트_블레이져(수트)_ZC,36,6494500,223000.0,45965.0,193988.0,7,182410.0,167634.0,180403.0,19.0,01_시즌
2021,2021-07-25,여름_수트_수트팬츠_ZA,378,19727570,139000.0,23016.0,76570.0,7,87240.0,92931.0,52189.0,62.0,01_시즌
2021,2021-07-25,여름_수트_수트팬츠_ZB,32,2445100,99000.0,21371.0,76935.0,7,76413.0,78257.0,76409.0,23.0,01_시즌
2021,2021-07-25,여름_수트_수트팬츠_ZC,49,4389669,115000.0,22675.0,91174.0,7,89226.0,88248.0,89585.0,22.0,01_시즌
2021,2021-07-25,여름_스웨터_T-에리_ZB,1582,47748872,89900.0,8250.0,32326.0,7,33652.0,43891.0,30183.0,66.0,01_시즌
2021,2021-07-25,여름_스웨터_라운드_ZB,75,2381467,89900.0,8507.0,31753.0,7,35472.0,41239.0,31753.0,65.0,01_시즌
2021,2021-07-25,여름_우븐 셔츠_드레스셔츠_ZB,3840,63476950,69900.0,5848.0,17050.0,7,17009.0,23706.0,16530.0,76.0,01_시즌
2021,2021-07-25,여름_우븐 셔츠_캐쥬얼셔츠_ZB,5314,106419859,69900.0,6920.0,18200.0,7,17228.0,22658.0,20026.0,71.0,01_시즌
2021,2021-07-25,여름_자켓_싱글재킷_ZA,343,40505822,259000.0,36344.0,139990.0,7,134051.0,140793.0,118093.0,54.0,01_시즌
2021,2021-07-25,여름_자켓_싱글재킷_ZB,239,17480656,199000.0,21027.0,73360.0,7,71953.0,91989.0,73141.0,63.0,01_시즌
2021,2021-07-25,여름_점퍼_점퍼_ZB,-10,-921000,224000.0,20458.0,108500.0,7,108750.0,108502.0,92100.0,59.0,01_시즌
2021,2021-07-25,여름_팬츠_반바지_ZB,6309,117921807,56567.0,7621.0,18938.0,7,21687.0,27559.0,18691.0,67.0,01_시즌
2021,2021-07-25,여름_팬츠_팬츠(일반)_ZA,182,11305451,139000.0,15250.0,62659.0,7,66866.0,73231.0,62118.0,55.0,01_시즌
2021,2021-07-25,여름_팬츠_팬츠(일반)_ZB,7168,194225584,94750.0,10288.0,29966.0,7,33301.0,36331.0,27096.0,71.0,01_시즌
2021,2021-08-01,가을_니트 셔츠_라운드_ZB,-26,-1530810,69900.0,7420.0,58877.0,8,40120.0,29365.0,58877.0,16.0,01_시즌
2021,2021-08-01,가을_수트_블레이져(수트)_ZB,377,69424168,239000.0,36875.0,177312.0,8,179790.0,181224.0,184149.0,23.0,01_시즌
2021,2021-08-01,가을_수트_블레이져(수트)_ZC,16,2498180,239000.0,37750.0,156136.0,8,179660.0,175965.0,156136.0,35.0,01_시즌
2021,2021-08-01,가을_수트_수트팬츠_ZB,434,42783992,129000.0,18879.0,90795.0,8,95774.0,95767.0,98581.0,24.0,01_시즌
2021,2021-08-01,가을_수트_수트팬츠_ZC,19,1620880,129000.0,19972.0,85309.0,8,97488.0,97026.0,85309.0,34.0,01_시즌
2021,2021-08-01,가을_스웨터_T-에리_ZA,113,8870980,99900.0,11857.0,78504.0,8,68176.0,48070.0,78504.0,21.0,01_시즌
2021,2021-08-01,가을_우븐 셔츠_캐쥬얼셔츠_ZB,35,1749440,69900.0,7391.0,49984.0,8,44195.0,34602.0,49984.0,28.0,01_시즌
2021,2021-08-01,가을_팬츠_팬츠(일반)_ZB,-5,-368590,89900.0,10790.0,73718.0,8,59706.0,47228.0,73718.0,18.0,01_시즌
2021,2021-08-01,겨울_수트_블레이져(수트)_ZB,57,13623000,239000.0,39849.0,239000.0,8,199287.0,184558.0,239000.0,0.0,01_시즌
2021,2021-08-01,겨울_수트_수트팬츠_ZB,82,10578000,129000.0,19458.0,129000.0,8,105700.0,99523.0,129000.0,0.0,01_시즌
2021,2021-08-01,사계절_니트 셔츠_라운드_ZB,31,549427,19900.0,5405.0,17723.0,8,13863.0,14508.0,17723.0,11.0,01_시즌
2021,2021-08-01,사계절_데님_데님팬츠_ZB,63,4041509,79900.0,11955.0,63460.0,8,49601.0,51123.0,64151.0,20.0,01_시즌
2021,2021-08-01,사계절_수트_블레이져(수트)_ZB,339,56269610,205667.0,36284.0,113416.0,8,127468.0,134016.0,165987.0,19.0,01_시즌
2021,2021-08-01,사계절_수트_수트팬츠_ZB,338,30967480,104000.0,17231.0,72232.0,8,72616.0,67813.0,91620.0,12.0,01_시즌
2021,2021-08-01,사계절_우븐 셔츠_드레스셔츠_ZB,1067,32196306,56567.0,7777.0,30744.0,8,31184.0,32928.0,30175.0,47.0,01_시즌
2021,2021-08-01,사계절_우븐 셔츠_드레스셔츠_ZC,5,145000,39900.0,7535.0,29000.0,8,29980.0,28709.0,29000.0,27.0,01_시즌
2021,2021-08-01,사계절_자켓_싱글재킷_ZB,17,1933000,199000.0,23618.0,113706.0,8,88640.0,110719.0,113706.0,43.0,01_시즌
2021,2021-08-01,사계절_팬츠_니트팬츠_ZB,182,6074850,59900.0,5794.0,33810.0,8,32945.0,36685.0,33378.0,44.0,01_시즌
2021,2021-08-01,사계절_팬츠_팬츠(일반)_ZB,262,16064066,77400.0,10963.0,53060.0,8,53619.0,41957.0,61313.0,21.0,01_시즌
2021,2021-08-01,여름_니트 셔츠_라운드_ZB,15808,204343387,61094.0,6126.0,17850.0,8,15711.0,21787.0,12927.0,79.0,01_시즌
2021,2021-08-01,여름_니트 셔츠_티에리_ZB,1967,50727730,89900.0,9150.0,25856.0,8,24382.0,35803.0,25789.0,71.0,01_시즌
2021,2021-08-01,여름_수트_블레이져(수트)_ZA,13,3793111,259000.0,46376.0,270022.0,8,181461.0,177002.0,291778.0,-13.0,01_시즌
2021,2021-08-01,여름_수트_블레이져(수트)_ZB,27,4222580,199000.0,41995.0,158875.0,8,160062.0,157481.0,156392.0,21.0,01_시즌
2021,2021-08-01,여름_수트_블레이져(수트)_ZC,25,3895000,223000.0,45965.0,155710.0,8,174817.0,167634.0,155800.0,30.0,01_시즌
2021,2021-08-01,여름_수트_수트팬츠_ZA,54,6590131,139000.0,23016.0,106105.0,8,84678.0,92931.0,122039.0,12.0,01_시즌
2021,2021-08-01,여름_수트_수트팬츠_ZB,53,4074658,99000.0,21371.0,76699.0,8,85822.0,78257.0,76880.0,22.0,01_시즌
2021,2021-08-01,여름_수트_수트팬츠_ZC,20,1630700,115000.0,22675.0,86745.0,8,94076.0,88248.0,81535.0,29.0,01_시즌
2021,2021-08-01,여름_스웨터_T-에리_ZB,905,30559758,89900.0,8250.0,33524.0,8,30394.0,43891.0,33768.0,62.0,01_시즌
2021,2021-08-01,여름_스웨터_라운드_ZB,89,2807006,89900.0,8507.0,31539.0,8,36873.0,41239.0,31539.0,65.0,01_시즌
2021,2021-08-01,여름_우븐 셔츠_드레스셔츠_ZB,4244,78353228,69900.0,5848.0,18644.0,8,16723.0,23706.0,18462.0,74.0,01_시즌
2021,2021-08-01,여름_우븐 셔츠_캐쥬얼셔츠_ZB,5336,73372025,69900.0,6920.0,15061.0,8,17602.0,22658.0,13750.0,80.0,01_시즌
2021,2021-08-01,여름_자켓_싱글재킷_ZA,114,17327963,259000.0,36344.0,105519.0,8,124165.0,140793.0,152000.0,41.0,01_시즌
2021,2021-08-01,여름_자켓_싱글재킷_ZB,210,20933462,199000.0,21027.0,96366.0,8,72607.0,91989.0,99683.0,50.0,01_시즌
2021,2021-08-01,여름_점퍼_점퍼_ZB,6,522291,224000.0,20458.0,103829.0,8,118194.0,108502.0,87048.0,61.0,01_시즌
2021,2021-08-01,여름_팬츠_반바지_ZB,3019,64628549,56567.0,7621.0,21560.0,8,18910.0,27559.0,21407.0,62.0,01_시즌
2021,2021-08-01,여름_팬츠_팬츠(일반)_ZA,143,9265639,139000.0,15250.0,66030.0,8,64906.0,73231.0,64795.0,53.0,01_시즌
2021,2021-08-01,여름_팬츠_팬츠(일반)_ZB,5727,180629845,94750.0,10288.0,31995.0,8,30351.0,36331.0,31540.0,67.0,01_시즌
2021,2021-08-08,가을_니트 셔츠_라운드_ZB,425,23612190,69900.0,7465.0,55529.0,8,40120.0,29365.0,55558.0,21.0,01_시즌
2021,2021-08-08,가을_수트_블레이져(수트)_ZB,351,65323306,239000.0,36875.0,173839.0,8,179790.0,181224.0,186106.0,22.0,01_시즌
2021,2021-08-08,가을_수트_블레이져(수트)_ZC,12,2294400,239000.0,37750.0,191200.0,8,179660.0,175965.0,191200.0,20.0,01_시즌
2021,2021-08-08,가을_수트_수트팬츠_ZB,451,45078174,129000.0,18879.0,95713.0,8,95774.0,95767.0,99952.0,23.0,01_시즌
2021,2021-08-08,가을_수트_수트팬츠_ZC,14,1434480,129000.0,19972.0,102463.0,8,97488.0,97026.0,102463.0,21.0,01_시즌
2021,2021-08-08,가을_스웨터_T-에리_ZA,56,4445550,99900.0,11857.0,79385.0,8,68176.0,48070.0,79385.0,21.0,01_시즌
2021,2021-08-08,가을_우븐 셔츠_캐쥬얼셔츠_ZB,112,5796916,69900.0,7391.0,51758.0,8,44195.0,34602.0,51758.0,26.0,01_시즌
2021,2021-08-08,가을_코트_싱글코트_ZB,47,9362400,249000.0,29495.0,199200.0,8,153878.0,118117.0,199200.0,20.0,01_시즌
2021,2021-08-08,가을_팬츠_팬츠(일반)_ZB,32,2301440,89900.0,10790.0,71920.0,8,59706.0,47228.0,71920.0,20.0,01_시즌
2021,2021-08-08,겨울_수트_블레이져(수트)_ZB,117,27891300,239000.0,39682.0,238531.0,8,199287.0,184558.0,238387.0,0.0,01_시즌
2021,2021-08-08,겨울_수트_수트팬츠_ZB,175,22497600,129000.0,19743.0,128707.0,8,105700.0,99523.0,128558.0,0.0,01_시즌
2021,2021-08-08,겨울_조끼_패딩베스트_ZB,1,129000,129000.0,12450.0,129000.0,8,64000.0,38797.0,129000.0,0.0,01_시즌
2021,2021-08-08,사계절_니트 셔츠_라운드_ZB,104,1314525,19900.0,5405.0,12640.0,8,13863.0,14508.0,12640.0,36.0,01_시즌
2021,2021-08-08,사계절_데님_데님팬츠_ZB,184,9403884,79900.0,11955.0,50285.0,8,49601.0,51123.0,51108.0,36.0,01_시즌
2021,2021-08-08,사계절_수트_블레이져(수트)_ZB,284,39623510,205667.0,36284.0,154867.0,8,127468.0,134016.0,139519.0,32.0,01_시즌
2021,2021-08-08,사계절_수트_수트팬츠_ZB,335,25861200,104000.0,17231.0,85962.0,8,72616.0,67813.0,77198.0,26.0,01_시즌
2021,2021-08-08,사계절_우븐 셔츠_드레스셔츠_ZB,791,22706894,56567.0,7777.0,31150.0,8,31184.0,32928.0,28707.0,49.0,01_시즌
2021,2021-08-08,사계절_우븐 셔츠_드레스셔츠_ZC,7,173000,39900.0,7535.0,24714.0,8,29980.0,28709.0,24714.0,38.0,01_시즌
2021,2021-08-08,사계절_자켓_싱글재킷_ZB,25,2724180,199000.0,23618.0,108967.0,8,88640.0,110719.0,108967.0,45.0,01_시즌
2021,2021-08-08,사계절_팬츠_니트팬츠_ZB,174,6330475,59900.0,5794.0,36638.0,8,32945.0,36685.0,36382.0,39.0,01_시즌
2021,2021-08-08,사계절_팬츠_팬츠(일반)_ZB,112,4673640,77400.0,10950.0,81280.0,8,53619.0,41957.0,41729.0,46.0,01_시즌
2021,2021-08-08,여름_니트 셔츠_라운드_ZB,13814,165138629,61094.0,6126.0,16139.0,8,15711.0,21787.0,11954.0,80.0,01_시즌
2021,2021-08-08,여름_니트 셔츠_티에리_ZB,2339,49513412,89900.0,9150.0,23501.0,8,24382.0,35803.0,21169.0,76.0,01_시즌
2021,2021-08-08,여름_수트_블레이져(수트)_ZA,32,5476469,259000.0,46376.0,187731.0,8,181461.0,177002.0,171140.0,34.0,01_시즌
2021,2021-08-08,여름_수트_블레이져(수트)_ZB,22,3455333,199000.0,41995.0,159993.0,8,160062.0,157481.0,157061.0,21.0,01_시즌
2021,2021-08-08,여름_수트_블레이져(수트)_ZC,28,4907900,223000.0,45965.0,180772.0,8,174817.0,167634.0,175282.0,21.0,01_시즌
2021,2021-08-08,여름_수트_수트팬츠_ZA,89,7347967,139000.0,23016.0,89429.0,8,84678.0,92931.0,82561.0,41.0,01_시즌
2021,2021-08-08,여름_수트_수트팬츠_ZB,34,2656960,99000.0,21371.0,77233.0,8,85822.0,78257.0,78146.0,21.0,01_시즌
2021,2021-08-08,여름_수트_수트팬츠_ZC,35,3146300,115000.0,22675.0,91305.0,8,94076.0,88248.0,89894.0,22.0,01_시즌
2021,2021-08-08,여름_스웨터_T-에리_ZB,1130,33629149,89900.0,8250.0,30746.0,8,30394.0,43891.0,29760.0,67.0,01_시즌
2021,2021-08-08,여름_스웨터_라운드_ZB,92,2952234,89900.0,8507.0,32090.0,8,36873.0,41239.0,32090.0,64.0,01_시즌
2021,2021-08-08,여름_우븐 셔츠_드레스셔츠_ZB,2052,36226137,69900.0,5848.0,17739.0,8,16723.0,23706.0,17654.0,75.0,01_시즌
2021,2021-08-08,여름_우븐 셔츠_캐쥬얼셔츠_ZB,3575,62810070,69900.0,6920.0,17513.0,8,17602.0,22658.0,17569.0,75.0,01_시즌
2021,2021-08-08,여름_자켓_싱글재킷_ZA,177,22050156,259000.0,36344.0,124519.0,8,124165.0,140793.0,124577.0,52.0,01_시즌
2021,2021-08-08,여름_자켓_싱글재킷_ZB,207,10536978,199000.0,21027.0,50807.0,8,72607.0,91989.0,50903.0,74.0,01_시즌
2021,2021-08-08,여름_점퍼_점퍼_ZB,7,573000,224000.0,20458.0,81857.0,8,118194.0,108502.0,81857.0,63.0,01_시즌
2021,2021-08-08,여름_팬츠_반바지_ZB,5159,89270720,56567.0,7621.0,17555.0,8,18910.0,27559.0,17304.0,69.0,01_시즌
2021,2021-08-08,여름_팬츠_팬츠(일반)_ZA,109,7232145,139000.0,15250.0,65786.0,8,64906.0,73231.0,66350.0,52.0,01_시즌
2021,2021-08-08,여름_팬츠_팬츠(일반)_ZB,6000,169775865,94750.0,10284.0,30012.0,8,30351.0,36331.0,28296.0,70.0,01_시즌
2021,2021-08-15,가을_니트 셔츠_라운드_ZB,-45,-2965012,69900.0,7465.0,41956.0,8,40120.0,29365.0,65889.0,6.0,01_시즌
2021,2021-08-15,가을_수트_블레이져(수트)_ZB,337,63098267,239000.0,36875.0,187899.0,8,179790.0,181224.0,187235.0,22.0,01_시즌
2021,2021-08-15,가을_수트_블레이져(수트)_ZC,14,2522484,239000.0,37750.0,180177.0,8,179660.0,175965.0,180177.0,25.0,01_시즌
2021,2021-08-15,가을_수트_수트팬츠_ZB,338,34015195,129000.0,18879.0,101052.0,8,95774.0,95767.0,100637.0,22.0,01_시즌
2021,2021-08-15,가을_수트_수트팬츠_ZC,12,1193808,129000.0,19972.0,99484.0,8,97488.0,97026.0,99484.0,23.0,01_시즌
2021,2021-08-15,가을_스웨터_T-에리_ZA,37,2685560,99900.0,11857.0,72583.0,8,68176.0,48070.0,72583.0,27.0,01_시즌
2021,2021-08-15,가을_우븐 셔츠_캐쥬얼셔츠_ZB,43,2078500,69900.0,7391.0,48337.0,8,44195.0,34602.0,48337.0,31.0,01_시즌
2021,2021-08-15,가을_코트_싱글코트_ZB,14,2280600,249000.0,29495.0,162900.0,8,153878.0,118117.0,162900.0,35.0,01_시즌
2021,2021-08-15,가을_팬츠_팬츠(일반)_ZB,24,1517290,89900.0,10790.0,63220.0,8,59706.0,47228.0,63220.0,30.0,01_시즌
2021,2021-08-15,겨울_수트_블레이져(수트)_ZB,235,39630100,239000.0,39682.0,198262.0,8,199287.0,184558.0,168639.0,29.0,01_시즌
2021,2021-08-15,겨울_수트_수트팬츠_ZB,254,21849360,129000.0,19743.0,99998.0,8,105700.0,99523.0,86021.0,33.0,01_시즌
2021,2021-08-15,겨울_조끼_패딩베스트_ZB,0,0,129000.0,12450.0,,8,64000.0,38797.0,64000.0,50.0,01_시즌
2021,2021-08-15,사계절_니트 셔츠_라운드_ZB,85,1123449,19900.0,5405.0,13217.0,8,13863.0,14508.0,13217.0,34.0,01_시즌
2021,2021-08-15,사계절_데님_데님팬츠_ZB,151,7048177,79900.0,11955.0,47550.0,8,49601.0,51123.0,46677.0,42.0,01_시즌
2021,2021-08-15,사계절_수트_블레이져(수트)_ZB,210,29230290,205667.0,36284.0,129714.0,8,127468.0,134016.0,139192.0,32.0,01_시즌
2021,2021-08-15,사계절_수트_수트팬츠_ZB,201,15018810,104000.0,17231.0,81466.0,8,72616.0,67813.0,74720.0,28.0,01_시즌
2021,2021-08-15,사계절_우븐 셔츠_드레스셔츠_ZB,728,22858353,56567.0,7777.0,32737.0,8,31184.0,32928.0,31399.0,44.0,01_시즌
2021,2021-08-15,사계절_우븐 셔츠_드레스셔츠_ZC,0,0,39900.0,7535.0,,8,29980.0,28709.0,29980.0,25.0,01_시즌
2021,2021-08-15,사계절_자켓_싱글재킷_ZB,38,4190100,199000.0,23618.0,110266.0,8,88640.0,110719.0,110266.0,45.0,01_시즌
2021,2021-08-15,사계절_팬츠_니트팬츠_ZB,144,4525530,59900.0,5794.0,31932.0,8,32945.0,36685.0,31427.0,48.0,01_시즌
2021,2021-08-15,사계절_팬츠_팬츠(일반)_ZB,361,24697611,77400.0,10950.0,59519.0,8,53619.0,41957.0,68414.0,12.0,01_시즌
2021,2021-08-15,여름_니트 셔츠_라운드_ZB,15265,160563939,61094.0,6126.0,15396.0,8,15711.0,21787.0,10518.0,83.0,01_시즌
2021,2021-08-15,여름_니트 셔츠_티에리_ZB,1388,30273876,89900.0,9150.0,23849.0,8,24382.0,35803.0,21811.0,76.0,01_시즌
2021,2021-08-15,여름_수트_블레이져(수트)_ZA,62,9011403,259000.0,46376.0,148832.0,8,181461.0,177002.0,145345.0,44.0,01_시즌
2021,2021-08-15,여름_수트_블레이져(수트)_ZB,22,3413200,199000.0,41995.0,156722.0,8,160062.0,157481.0,155145.0,22.0,01_시즌
2021,2021-08-15,여름_수트_블레이져(수트)_ZC,15,2628000,223000.0,45965.0,178400.0,8,174817.0,167634.0,175200.0,21.0,01_시즌
2021,2021-08-15,여름_수트_수트팬츠_ZA,61,4245197,139000.0,23016.0,78624.0,8,84678.0,92931.0,69593.0,50.0,01_시즌
2021,2021-08-15,여름_수트_수트팬츠_ZB,32,2613600,99000.0,21371.0,84150.0,8,85822.0,78257.0,81675.0,18.0,01_시즌
2021,2021-08-15,여름_수트_수트팬츠_ZC,10,794300,115000.0,22675.0,85715.0,8,94076.0,88248.0,79430.0,31.0,01_시즌
2021,2021-08-15,여름_스웨터_T-에리_ZB,875,28920192,89900.0,8250.0,34236.0,8,30394.0,43891.0,33052.0,63.0,01_시즌
2021,2021-08-15,여름_스웨터_라운드_ZB,48,1478364,89900.0,8507.0,30799.0,8,36873.0,41239.0,30799.0,66.0,01_시즌
2021,2021-08-15,여름_우븐 셔츠_드레스셔츠_ZB,1947,32576975,69900.0,5848.0,16681.0,8,16723.0,23706.0,16732.0,76.0,01_시즌
2021,2021-08-15,여름_우븐 셔츠_캐쥬얼셔츠_ZB,4093,75719887,69900.0,6920.0,19124.0,8,17602.0,22658.0,18500.0,74.0,01_시즌
2021,2021-08-15,여름_자켓_싱글재킷_ZA,291,37115688,259000.0,36344.0,127623.0,8,124165.0,140793.0,127545.0,51.0,01_시즌
2021,2021-08-15,여름_자켓_싱글재킷_ZB,207,15220511,199000.0,21027.0,73644.0,8,72607.0,91989.0,73529.0,63.0,01_시즌
2021,2021-08-15,여름_점퍼_점퍼_ZB,18,1260200,224000.0,20458.0,70011.0,8,118194.0,108502.0,70011.0,69.0,01_시즌
2021,2021-08-15,여름_팬츠_반바지_ZB,1393,27905607,56567.0,7621.0,20068.0,8,18910.0,27559.0,20033.0,65.0,01_시즌
2021,2021-08-15,여름_팬츠_팬츠(일반)_ZA,98,7445059,139000.0,15250.0,75313.0,8,64906.0,73231.0,75970.0,45.0,01_시즌
2021,2021-08-15,여름_팬츠_팬츠(일반)_ZB,3331,95551249,94750.0,10284.0,31238.0,8,30351.0,36331.0,28685.0,70.0,01_시즌
2021,2021-08-22,가을_니트 셔츠_라운드_ZB,281,8877034,69900.0,7465.0,31210.0,8,40120.0,29365.0,31591.0,55.0,01_시즌
2021,2021-08-22,가을_수트_블레이져(수트)_ZB,371,66721712,239000.0,36875.0,177213.0,8,179790.0,181224.0,179843.0,25.0,01_시즌
2021,2021-08-22,가을_수트_블레이져(수트)_ZC,25,4684400,239000.0,37750.0,187376.0,8,179660.0,175965.0,187376.0,22.0,01_시즌
2021,2021-08-22,가을_수트_수트팬츠_ZB,375,35924489,129000.0,18879.0,94879.0,8,95774.0,95767.0,95799.0,26.0,01_시즌
2021,2021-08-22,가을_수트_수트팬츠_ZC,39,3960300,129000.0,19972.0,101546.0,8,97488.0,97026.0,101546.0,21.0,01_시즌
2021,2021-08-22,가을_스웨터_T-에리_ZA,468,32534599,99900.0,11857.0,69518.0,8,68176.0,48070.0,69518.0,30.0,01_시즌
2021,2021-08-22,가을_스웨터_오픈형(CARDIGAN)_ZB,165,19229100,159900.0,16203.0,116540.0,8,87866.0,68442.0,116540.0,27.0,01_시즌
2021,2021-08-22,가을_우븐 셔츠_캐쥬얼셔츠_ZB,1024,36987350,69900.0,7391.0,36120.0,8,44195.0,34602.0,36120.0,48.0,01_시즌
2021,2021-08-22,가을_코트_싱글코트_ZB,88,10924689,249000.0,29495.0,124144.0,8,153878.0,118117.0,124144.0,50.0,01_시즌
2021,2021-08-22,가을_팬츠_팬츠(일반)_ZB,175,10356820,89900.0,10790.0,59182.0,8,59706.0,47228.0,59182.0,34.0,01_시즌
2021,2021-08-22,겨울_니트 셔츠_오픈형티(맨투맨 등)_ZB,0,0,129900.0,11905.0,,8,91983.0,69075.0,91983.0,29.0,01_시즌
2021,2021-08-22,겨울_수트_블레이져(수트)_ZB,400,74569750,239000.0,39368.0,179589.0,8,199287.0,184558.0,186424.0,22.0,01_시즌
2021,2021-08-22,겨울_수트_수트팬츠_ZB,469,46864218,129000.0,19835.0,97113.0,8,105700.0,99523.0,99924.0,23.0,01_시즌
2021,2021-08-22,겨울_스웨터_라운드_ZB,175,12068930,89900.0,9636.0,68965.0,8,65992.0,42894.0,68965.0,23.0,01_시즌
2021,2021-08-22,겨울_조끼_패딩베스트_ZB,31,1519000,129000.0,12450.0,49000.0,8,64000.0,38797.0,49000.0,62.0,01_시즌
2021,2021-08-22,겨울_코트_싱글코트_ZB,57,15002400,329000.0,57315.0,263200.0,8,263600.0,180349.0,263200.0,20.0,01_시즌
2021,2021-08-22,사계절_니트 셔츠_라운드_ZB,131,1501518,19900.0,5405.0,11462.0,8,13863.0,14508.0,11462.0,42.0,01_시즌
2021,2021-08-22,사계절_데님_데님팬츠_ZB,261,12152481,79900.0,11955.0,47162.0,8,49601.0,51123.0,46561.0,42.0,01_시즌
2021,2021-08-22,사계절_수트_블레이져(수트)_ZB,177,21387935,205667.0,36284.0,125310.0,8,127468.0,134016.0,120836.0,41.0,01_시즌
2021,2021-08-22,사계절_수트_수트팬츠_ZB,236,17022295,104000.0,17231.0,64378.0,8,72616.0,67813.0,72128.0,31.0,01_시즌
2021,2021-08-22,사계절_우븐 셔츠_드레스셔츠_ZB,933,28345812,56567.0,7777.0,32094.0,8,31184.0,32928.0,30381.0,46.0,01_시즌
2021,2021-08-22,사계절_우븐 셔츠_드레스셔츠_ZC,7,172945,39900.0,7535.0,24706.0,8,29980.0,28709.0,24706.0,38.0,01_시즌
2021,2021-08-22,사계절_자켓_싱글재킷_ZB,127,7285344,199000.0,23618.0,57365.0,8,88640.0,110719.0,57365.0,71.0,01_시즌
2021,2021-08-22,사계절_팬츠_니트팬츠_ZB,91,2725900,59900.0,5794.0,33683.0,8,32945.0,36685.0,29955.0,50.0,01_시즌
2021,2021-08-22,사계절_팬츠_팬츠(일반)_ZB,1096,43627301,77400.0,10950.0,37662.0,8,53619.0,41957.0,39806.0,49.0,01_시즌
2021,2021-08-22,여름_니트 셔츠_라운드_ZB,12289,142947667,61094.0,6126.0,14996.0,8,15711.0,21787.0,11632.0,81.0,01_시즌
2021,2021-08-22,여름_니트 셔츠_티에리_ZB,1012,22660888,89900.0,9150.0,24069.0,8,24382.0,35803.0,22392.0,75.0,01_시즌
2021,2021-08-22,여름_수트_블레이져(수트)_ZA,40,4784473,259000.0,46376.0,161044.0,8,181461.0,177002.0,119612.0,54.0,01_시즌
2021,2021-08-22,여름_수트_블레이져(수트)_ZB,-6,-577100,199000.0,41995.0,145049.0,8,160062.0,157481.0,96183.0,52.0,01_시즌
2021,2021-08-22,여름_수트_블레이져(수트)_ZC,30,5021150,223000.0,45965.0,165311.0,8,174817.0,167634.0,167372.0,25.0,01_시즌
2021,2021-08-22,여름_수트_수트팬츠_ZA,48,3280928,139000.0,23016.0,88179.0,8,84678.0,92931.0,68353.0,51.0,01_시즌
2021,2021-08-22,여름_수트_수트팬츠_ZB,1,268680,99000.0,21371.0,100902.0,8,85822.0,78257.0,268680.0,-171.0,01_시즌
2021,2021-08-22,여름_수트_수트팬츠_ZC,32,2816650,115000.0,22675.0,88062.0,8,94076.0,88248.0,88020.0,23.0,01_시즌
2021,2021-08-22,여름_스웨터_T-에리_ZB,269,5786615,89900.0,8250.0,24905.0,8,30394.0,43891.0,21512.0,76.0,01_시즌
2021,2021-08-22,여름_스웨터_라운드_ZB,21,958144,89900.0,8507.0,45626.0,8,36873.0,41239.0,45626.0,49.0,01_시즌
2021,2021-08-22,여름_우븐 셔츠_드레스셔츠_ZB,2216,33980575,69900.0,5848.0,15129.0,8,16723.0,23706.0,15334.0,78.0,01_시즌
2021,2021-08-22,여름_우븐 셔츠_캐쥬얼셔츠_ZB,3414,51289863,69900.0,6920.0,21846.0,8,17602.0,22658.0,15023.0,79.0,01_시즌
2021,2021-08-22,여름_자켓_싱글재킷_ZA,-38,-5168685,259000.0,36344.0,119765.0,8,124165.0,140793.0,136018.0,47.0,01_시즌
2021,2021-08-22,여름_자켓_싱글재킷_ZB,224,16334531,199000.0,21027.0,72064.0,8,72607.0,91989.0,72922.0,63.0,01_시즌
2021,2021-08-22,여름_점퍼_점퍼_ZB,24,808100,224000.0,20458.0,62955.0,8,118194.0,108502.0,33671.0,85.0,01_시즌
2021,2021-08-22,여름_팬츠_반바지_ZB,-178,-1428818,56567.0,7621.0,15994.0,8,18910.0,27559.0,8027.0,86.0,01_시즌
2021,2021-08-22,여름_팬츠_팬츠(일반)_ZA,42,2256540,139000.0,15250.0,48600.0,8,64906.0,73231.0,53727.0,61.0,01_시즌
2021,2021-08-22,여름_팬츠_팬츠(일반)_ZB,2902,75796061,94750.0,10284.0,29523.0,8,30351.0,36331.0,26119.0,72.0,01_시즌
2021,2021-08-29,가을_니트 셔츠_라운드_ZB,499,13556520,69900.0,7465.0,22404.0,8,40120.0,29365.0,27167.0,61.0,01_시즌
2021,2021-08-29,가을_수트_블레이져(수트)_ZB,415,76227834,239000.0,36875.0,182686.0,8,179790.0,181224.0,183682.0,23.0,01_시즌
2021,2021-08-29,가을_수트_블레이져(수트)_ZC,27,4952080,239000.0,37750.0,183410.0,8,179660.0,175965.0,183410.0,23.0,01_시즌
2021,2021-08-29,가을_수트_수트팬츠_ZB,447,43407162,129000.0,18879.0,96432.0,8,95774.0,95767.0,97108.0,25.0,01_시즌
2021,2021-08-29,가을_수트_수트팬츠_ZC,27,2663200,129000.0,19972.0,98637.0,8,97488.0,97026.0,98637.0,24.0,01_시즌
2021,2021-08-29,가을_스웨터_T-에리_ZA,291,11899422,99900.0,11857.0,40891.0,8,68176.0,48070.0,40891.0,59.0,01_시즌
2021,2021-08-29,가을_스웨터_오픈형(CARDIGAN)_ZB,35,2071680,159900.0,16203.0,59191.0,8,87866.0,68442.0,59191.0,63.0,01_시즌
2021,2021-08-29,가을_우븐 셔츠_캐쥬얼셔츠_ZB,553,19230616,69900.0,7391.0,34775.0,8,44195.0,34602.0,34775.0,50.0,01_시즌
2021,2021-08-29,가을_코트_싱글코트_ZB,101,13055900,249000.0,29495.0,129266.0,8,153878.0,118117.0,129266.0,48.0,01_시즌
2021,2021-08-29,가을_팬츠_팬츠(일반)_ZB,122,3719680,89900.0,10790.0,30489.0,8,59706.0,47228.0,30489.0,66.0,01_시즌
2021,2021-08-29,겨울_니트 셔츠_오픈형티(맨투맨 등)_ZB,37,3403380,129900.0,11905.0,91983.0,8,91983.0,69075.0,91983.0,29.0,01_시즌
2021,2021-08-29,겨울_수트_블레이져(수트)_ZB,486,88211546,239000.0,39368.0,180167.0,8,199287.0,184558.0,181505.0,24.0,01_시즌
2021,2021-08-29,겨울_수트_수트팬츠_ZB,576,56471683,129000.0,19835.0,94586.0,8,105700.0,99523.0,98041.0,24.0,01_시즌
2021,2021-08-29,겨울_스웨터_라운드_ZB,88,5545590,89900.0,9636.0,63018.0,8,65992.0,42894.0,63018.0,30.0,01_시즌
2021,2021-08-29,겨울_조끼_패딩베스트_ZB,3,57000,129000.0,12450.0,29000.0,8,64000.0,38797.0,19000.0,85.0,01_시즌
2021,2021-08-29,겨울_코트_싱글코트_ZB,-25,-6600000,329000.0,57315.0,264000.0,8,263600.0,180349.0,264000.0,20.0,01_시즌
2021,2021-08-29,사계절_니트 셔츠_라운드_ZB,64,913623,19900.0,5405.0,14275.0,8,13863.0,14508.0,14275.0,28.0,01_시즌
2021,2021-08-29,사계절_데님_데님팬츠_ZB,199,8995495,79900.0,11955.0,46476.0,8,49601.0,51123.0,45203.0,43.0,01_시즌
2021,2021-08-29,사계절_수트_블레이져(수트)_ZB,472,46387727,205667.0,36284.0,114036.0,8,127468.0,134016.0,98279.0,52.0,01_시즌
2021,2021-08-29,사계절_수트_수트팬츠_ZB,597,28898755,104000.0,17231.0,58979.0,8,72616.0,67813.0,48407.0,53.0,01_시즌
2021,2021-08-29,사계절_우븐 셔츠_드레스셔츠_ZB,1294,35160047,56567.0,7777.0,29197.0,8,31184.0,32928.0,27172.0,52.0,01_시즌
2021,2021-08-29,사계절_우븐 셔츠_드레스셔츠_ZC,2,83000,39900.0,7535.0,41500.0,8,29980.0,28709.0,41500.0,-4.0,01_시즌
2021,2021-08-29,사계절_자켓_싱글재킷_ZB,606,32054053,199000.0,23618.0,52894.0,8,88640.0,110719.0,52894.0,73.0,01_시즌
2021,2021-08-29,사계절_팬츠_니트팬츠_ZB,165,4730070,59900.0,5794.0,28662.0,8,32945.0,36685.0,28667.0,52.0,01_시즌
2021,2021-08-29,사계절_팬츠_팬츠(일반)_ZB,1852,68404596,77400.0,10942.0,36573.0,8,53619.0,41957.0,36936.0,52.0,01_시즌
2021,2021-08-29,여름_니트 셔츠_라운드_ZB,8720,93717855,61094.0,6126.0,14175.0,8,15711.0,21787.0,10747.0,82.0,01_시즌
2021,2021-08-29,여름_니트 셔츠_티에리_ZB,540,14148794,89900.0,9150.0,24637.0,8,24382.0,35803.0,26201.0,71.0,01_시즌
2021,2021-08-29,여름_수트_블레이져(수트)_ZA,156,13846791,259000.0,46376.0,148194.0,8,181461.0,177002.0,88761.0,66.0,01_시즌
2021,2021-08-29,여름_수트_블레이져(수트)_ZB,21,3529937,199000.0,41995.0,179002.0,8,160062.0,157481.0,168092.0,16.0,01_시즌
2021,2021-08-29,여름_수트_블레이져(수트)_ZC,15,2455550,223000.0,45965.0,189360.0,8,174817.0,167634.0,163703.0,27.0,01_시즌
2021,2021-08-29,여름_수트_수트팬츠_ZA,207,8287109,139000.0,23016.0,66410.0,8,84678.0,92931.0,40034.0,71.0,01_시즌
2021,2021-08-29,여름_수트_수트팬츠_ZB,9,751513,99000.0,21371.0,89794.0,8,85822.0,78257.0,83501.0,16.0,01_시즌
2021,2021-08-29,여름_수트_수트팬츠_ZC,11,1144950,115000.0,22675.0,122579.0,8,94076.0,88248.0,104086.0,9.0,01_시즌
2021,2021-08-29,여름_스웨터_T-에리_ZB,309,10132347,89900.0,8250.0,28561.0,8,30394.0,43891.0,32791.0,64.0,01_시즌
2021,2021-08-29,여름_스웨터_라운드_ZB,12,531719,89900.0,8507.0,44310.0,8,36873.0,41239.0,44310.0,51.0,01_시즌
2021,2021-08-29,여름_우븐 셔츠_드레스셔츠_ZB,2398,26726177,69900.0,5848.0,15424.0,8,16723.0,23706.0,11145.0,84.0,01_시즌
2021,2021-08-29,여름_우븐 셔츠_캐쥬얼셔츠_ZB,3509,50048835,69900.0,6920.0,14468.0,8,17602.0,22658.0,14263.0,80.0,01_시즌
2021,2021-08-29,여름_자켓_싱글재킷_ZA,114,15000559,259000.0,36344.0,143400.0,8,124165.0,140793.0,131584.0,49.0,01_시즌
2021,2021-08-29,여름_자켓_싱글재킷_ZB,274,19221990,199000.0,21027.0,70154.0,8,72607.0,91989.0,70153.0,65.0,01_시즌
2021,2021-08-29,여름_점퍼_점퍼_ZB,22,3112500,224000.0,20458.0,230060.0,8,118194.0,108502.0,141477.0,37.0,01_시즌
2021,2021-08-29,여름_팬츠_반바지_ZB,342,6620368,56567.0,7621.0,19377.0,8,18910.0,27559.0,19358.0,66.0,01_시즌
2021,2021-08-29,여름_팬츠_팬츠(일반)_ZA,118,6079122,139000.0,15250.0,64723.0,8,64906.0,73231.0,51518.0,63.0,01_시즌
2021,2021-08-29,여름_팬츠_팬츠(일반)_ZB,2835,66643771,94750.0,10284.0,28986.0,8,30351.0,36331.0,23508.0,75.0,01_시즌
2021,2021-09-05,가을_니트 셔츠_라운드_ZB,879,30539711,69900.0,7466.0,34152.0,9,31207.0,29365.0,34744.0,50.0,01_시즌
2021,2021-09-05,가을_수트_블레이져(수트)_ZB,444,81857724,239000.0,36875.0,184382.0,9,180976.0,181224.0,184364.0,23.0,01_시즌
2021,2021-09-05,가을_수트_블레이져(수트)_ZC,37,6729083,239000.0,37750.0,181867.0,9,180605.0,175965.0,181867.0,24.0,01_시즌
2021,2021-09-05,가을_수트_수트팬츠_ZB,490,49066136,129000.0,18879.0,100148.0,9,98108.0,95767.0,100135.0,22.0,01_시즌
2021,2021-09-05,가을_수트_수트팬츠_ZC,39,3649415,129000.0,19972.0,93575.0,9,95636.0,97026.0,93575.0,27.0,01_시즌
2021,2021-09-05,가을_스웨터_T-에리_ZA,563,30253178,99900.0,11857.0,53736.0,9,49258.0,48070.0,53736.0,46.0,01_시즌
2021,2021-09-05,가을_스웨터_오픈형(CARDIGAN)_ZB,125,9273633,159900.0,16203.0,74189.0,9,70089.0,68442.0,74189.0,54.0,01_시즌
2021,2021-09-05,가을_우븐 셔츠_캐쥬얼셔츠_ZB,957,35075372,69900.0,7391.0,36651.0,9,34054.0,34602.0,36651.0,48.0,01_시즌
2021,2021-09-05,가을_코트_싱글코트_ZB,170,23920857,249000.0,29495.0,140711.0,9,121683.0,118117.0,140711.0,43.0,01_시즌
2021,2021-09-05,가을_팬츠_팬츠(일반)_ZB,253,11955200,89900.0,10790.0,47254.0,9,43682.0,47228.0,47254.0,47.0,01_시즌
2021,2021-09-05,겨울_니트 셔츠_라운드_ZB,108,7389570,69900.0,6500.0,68422.0,9,38197.0,29108.0,68422.0,2.0,01_시즌
2021,2021-09-05,겨울_니트 셔츠_오픈형티(맨투맨 등)_ZB,25,3989791,163233.0,16587.0,157360.0,9,103645.0,69075.0,159592.0,2.0,01_시즌
2021,2021-09-05,겨울_사파리_패딩사파리_ZB,80,24965400,399000.0,30461.0,314364.0,9,255224.0,217449.0,312068.0,22.0,01_시즌
2021,2021-09-05,겨울_수트_블레이져(수트)_ZB,636,117113498,239000.0,39378.0,182900.0,9,182111.0,184558.0,184141.0,23.0,01_시즌
2021,2021-09-05,겨울_수트_수트팬츠_ZB,654,64093058,129000.0,19953.0,97488.0,9,97242.0,99523.0,98002.0,24.0,01_시즌
2021,2021-09-05,겨울_스웨터_Turtle_ZA,92,13904640,199900.0,22986.0,159394.0,9,137891.0,104270.0,151137.0,24.0,01_시즌
2021,2021-09-05,겨울_스웨터_라운드_ZB,561,35832673,89900.0,9893.0,63873.0,9,49136.0,42894.0,63873.0,29.0,01_시즌
2021,2021-09-05,겨울_스웨터_오픈형(CARDIGAN)_ZA,0,0,159900.0,17518.0,,9,84177.0,81188.0,84177.0,47.0,01_시즌
2021,2021-09-05,겨울_우븐 셔츠_캐쥬얼셔츠_ZB,155,8593890,69900.0,7327.0,55444.0,9,36706.0,31856.0,55444.0,21.0,01_시즌
2021,2021-09-05,겨울_자켓_싱글재킷_ZA,176,36072895,259000.0,11760.0,204960.0,9,195386.0,174500.0,204960.0,21.0,01_시즌
2021,2021-09-05,겨울_점퍼_패딩점퍼_ZB,0,0,199000.0,23626.0,,9,121442.0,111824.0,121442.0,39.0,01_시즌
2021,2021-09-05,겨울_조끼_패딩베스트_ZB,133,6322500,129000.0,12450.0,46778.0,9,42794.0,38797.0,47538.0,63.0,01_시즌
2021,2021-09-05,겨울_코트_싱글코트_ZB,181,46721140,329000.0,57028.0,258128.0,9,213166.0,180349.0,258128.0,22.0,01_시즌
2021,2021-09-05,겨울_팬츠_팬츠(일반)_ZA,229,25192302,139000.0,3853.0,110010.0,9,106202.0,65190.0,110010.0,21.0,01_시즌
2021,2021-09-05,사계절_니트 셔츠_라운드_ZB,36,540778,19900.0,5405.0,15022.0,9,15456.0,14508.0,15022.0,25.0,01_시즌
2021,2021-09-05,사계절_데님_데님팬츠_ZB,229,10285810,79900.0,11955.0,44964.0,9,43579.0,51123.0,44916.0,44.0,01_시즌
2021,2021-09-05,사계절_수트_블레이져(수트)_ZB,280,35592590,205667.0,36284.0,115567.0,9,134548.0,134016.0,127116.0,38.0,01_시즌
2021,2021-09-05,사계절_수트_수트팬츠_ZB,325,21958382,104000.0,17231.0,58536.0,9,70436.0,67813.0,67564.0,35.0,01_시즌
2021,2021-09-05,사계절_우븐 셔츠_드레스셔츠_ZB,1644,45171164,56567.0,7777.0,30055.0,9,31465.0,32928.0,27476.0,51.0,01_시즌
2021,2021-09-05,사계절_우븐 셔츠_드레스셔츠_ZC,7,163000,39900.0,7535.0,23286.0,9,31801.0,28709.0,23286.0,42.0,01_시즌
2021,2021-09-05,사계절_자켓_싱글재킷_ZB,230,16973473,199000.0,23618.0,73798.0,9,131496.0,110719.0,73798.0,63.0,01_시즌
2021,2021-09-05,사계절_팬츠_니트팬츠_ZB,65,2367709,59900.0,5808.0,34983.0,9,39293.0,36685.0,36426.0,39.0,01_시즌
2021,2021-09-05,사계절_팬츠_팬츠(일반)_ZB,1697,71828860,77400.0,11218.0,39647.0,9,39477.0,41957.0,42327.0,45.0,01_시즌
2021,2021-09-05,여름_니트 셔츠_라운드_ZB,6163,55664144,61094.0,6188.0,17821.0,9,20706.0,21787.0,9032.0,85.0,01_시즌
2021,2021-09-05,여름_니트 셔츠_티에리_ZB,379,6370310,89900.0,9156.0,19820.0,9,25355.0,35803.0,16808.0,81.0,01_시즌
2021,2021-09-05,여름_수트_블레이져(수트)_ZA,116,24749054,259000.0,46376.0,170312.0,9,171969.0,177002.0,213354.0,18.0,01_시즌
2021,2021-09-05,여름_수트_블레이져(수트)_ZB,16,2579713,199000.0,41995.0,162946.0,9,162189.0,157481.0,161232.0,19.0,01_시즌
2021,2021-09-05,여름_수트_블레이져(수트)_ZC,24,3797400,223000.0,45965.0,175415.0,9,157077.0,167634.0,158225.0,29.0,01_시즌
2021,2021-09-05,여름_수트_수트팬츠_ZA,4,892712,139000.0,23016.0,74743.0,9,89165.0,92931.0,223178.0,-61.0,01_시즌
2021,2021-09-05,여름_수트_수트팬츠_ZB,22,1667087,99000.0,21371.0,75782.0,9,76929.0,78257.0,75777.0,23.0,01_시즌
2021,2021-09-05,여름_수트_수트팬츠_ZC,25,2156400,115000.0,22675.0,90228.0,9,87655.0,88248.0,86256.0,25.0,01_시즌
2021,2021-09-05,여름_스웨터_T-에리_ZB,190,5373502,89900.0,8638.0,27899.0,9,32151.0,43891.0,28282.0,69.0,01_시즌
2021,2021-09-05,여름_스웨터_라운드_ZB,21,924950,89900.0,9291.0,44045.0,9,40144.0,41239.0,44045.0,51.0,01_시즌
2021,2021-09-05,여름_우븐 셔츠_드레스셔츠_ZB,1749,30712096,69900.0,5922.0,37738.0,9,23328.0,23706.0,17560.0,75.0,01_시즌
2021,2021-09-05,여름_우븐 셔츠_캐쥬얼셔츠_ZB,1295,16307714,69900.0,7109.0,21278.0,9,18310.0,22658.0,12593.0,82.0,01_시즌
2021,2021-09-05,여름_자켓_싱글재킷_ZA,96,12270556,259000.0,36519.0,132282.0,9,132068.0,140793.0,127818.0,51.0,01_시즌
2021,2021-09-05,여름_자켓_싱글재킷_ZB,88,5988727,199000.0,21116.0,80914.0,9,73866.0,91989.0,68054.0,66.0,01_시즌
2021,2021-09-05,여름_점퍼_점퍼_ZB,26,2169100,224000.0,20458.0,85187.0,9,95768.0,108502.0,83427.0,63.0,01_시즌
2021,2021-09-05,여름_팬츠_반바지_ZB,63,2069604,56567.0,7989.0,59737.0,9,38520.0,27559.0,32851.0,42.0,01_시즌
2021,2021-09-05,여름_팬츠_팬츠(일반)_ZA,66,3992993,139000.0,15250.0,60550.0,9,64545.0,73231.0,60500.0,56.0,01_시즌
2021,2021-09-05,여름_팬츠_팬츠(일반)_ZB,1238,34084059,94750.0,10453.0,29964.0,9,32558.0,36331.0,27532.0,71.0,01_시즌
2021,2021-09-12,가을_니트 셔츠_라운드_ZB,1450,43399671,69900.0,7466.0,29744.0,9,31207.0,29365.0,29931.0,57.0,01_시즌
2021,2021-09-12,가을_수트_블레이져(수트)_ZB,226,40594851,239000.0,36875.0,179892.0,9,180976.0,181224.0,179623.0,25.0,01_시즌
2021,2021-09-12,가을_수트_블레이져(수트)_ZC,34,6010000,239000.0,37750.0,176765.0,9,180605.0,175965.0,176765.0,26.0,01_시즌
2021,2021-09-12,가을_수트_수트팬츠_ZB,253,24486984,129000.0,18879.0,96856.0,9,98108.0,95767.0,96786.0,25.0,01_시즌
2021,2021-09-12,가을_수트_수트팬츠_ZC,44,4330700,129000.0,19972.0,98425.0,9,95636.0,97026.0,98425.0,24.0,01_시즌
2021,2021-09-12,가을_스웨터_T-에리_ZA,1335,65427665,99900.0,11857.0,49009.0,9,49258.0,48070.0,49009.0,51.0,01_시즌
2021,2021-09-12,가을_스웨터_오픈형(CARDIGAN)_ZB,319,22505951,159900.0,16203.0,70552.0,9,70089.0,68442.0,70552.0,56.0,01_시즌
2021,2021-09-12,가을_우븐 셔츠_캐쥬얼셔츠_ZB,1893,64523208,69900.0,7391.0,34085.0,9,34054.0,34602.0,34085.0,51.0,01_시즌
2021,2021-09-12,가을_코트_싱글코트_ZB,146,17251038,249000.0,29495.0,118158.0,9,121683.0,118117.0,118158.0,53.0,01_시즌
2021,2021-09-12,가을_팬츠_팬츠(일반)_ZB,261,11382851,89900.0,10790.0,43612.0,9,43682.0,47228.0,43612.0,51.0,01_시즌
2021,2021-09-12,겨울_니트 셔츠_라운드_ZB,291,8975280,69900.0,7398.0,30843.0,9,38197.0,29108.0,30843.0,56.0,01_시즌
2021,2021-09-12,겨울_니트 셔츠_오픈형티(맨투맨 등)_ZB,32,1958286,163233.0,16587.0,119578.0,9,103645.0,69075.0,61196.0,63.0,01_시즌
2021,2021-09-12,겨울_사파리_패딩사파리_ZB,-24,-13188700,399000.0,30461.0,492244.0,9,255224.0,217449.0,549529.0,-38.0,01_시즌
2021,2021-09-12,겨울_수트_블레이져(수트)_ZB,979,180004026,239000.0,40026.0,179295.0,9,182111.0,184558.0,183865.0,23.0,01_시즌
2021,2021-09-12,겨울_수트_블레이져(수트)_ZC,289,53761860,239000.0,41784.0,186027.0,9,184246.0,184035.0,186027.0,22.0,01_시즌
2021,2021-09-12,겨울_수트_수트팬츠_ZB,1204,119681137,129000.0,19952.0,96912.0,9,97242.0,99523.0,99403.0,23.0,01_시즌
2021,2021-09-12,겨울_수트_수트팬츠_ZC,348,34880760,129000.0,21184.0,100232.0,9,98117.0,100060.0,100232.0,22.0,01_시즌
2021,2021-09-12,겨울_스웨터_Turtle_ZA,-40,-5448319,199900.0,22986.0,116332.0,9,137891.0,104270.0,136208.0,32.0,01_시즌
2021,2021-09-12,겨울_스웨터_라운드_ZA,21,1961850,139900.0,10746.0,93421.0,9,86131.0,64252.0,93421.0,33.0,01_시즌
2021,2021-09-12,겨울_스웨터_라운드_ZB,1013,56255709,89900.0,4837.0,55534.0,9,49136.0,42894.0,55534.0,38.0,01_시즌
2021,2021-09-12,겨울_스웨터_오픈형(CARDIGAN)_ZA,34,3055090,159900.0,17518.0,89856.0,9,84177.0,81188.0,89856.0,44.0,01_시즌
2021,2021-09-12,겨울_우븐 셔츠_캐쥬얼셔츠_ZB,251,7520630,69900.0,7327.0,29963.0,9,36706.0,31856.0,29963.0,57.0,01_시즌
2021,2021-09-12,겨울_자켓_싱글재킷_ZA,75,13989315,259000.0,11760.0,186524.0,9,195386.0,174500.0,186524.0,28.0,01_시즌
2021,2021-09-12,겨울_점퍼_패딩점퍼_ZB,112,15690200,199000.0,23626.0,140091.0,9,121442.0,111824.0,140091.0,30.0,01_시즌
2021,2021-09-12,겨울_조끼_패딩베스트_ZB,109,3883855,129000.0,12450.0,41090.0,9,42794.0,38797.0,35632.0,72.0,01_시즌
2021,2021-09-12,겨울_코트_싱글코트_ZB,-94,-27321379,329000.0,57028.0,290653.0,9,213166.0,180349.0,290653.0,12.0,01_시즌
2021,2021-09-12,겨울_팬츠_니트팬츠_ZB,0,0,69900.0,8200.0,,9,45968.0,36167.0,45968.0,34.0,01_시즌
2021,2021-09-12,겨울_팬츠_팬츠(일반)_ZA,2,-595935,139000.0,3853.0,,9,106202.0,65190.0,106202.0,24.0,01_시즌
2021,2021-09-12,사계절_니트 셔츠_라운드_ZB,46,638534,19900.0,5405.0,13881.0,9,15456.0,14508.0,13881.0,30.0,01_시즌
2021,2021-09-12,사계절_데님_데님팬츠_ZB,337,14686366,79900.0,11955.0,41929.0,9,43579.0,51123.0,43580.0,45.0,01_시즌
2021,2021-09-12,사계절_수트_블레이져(수트)_ZB,128,19112670,205667.0,36284.0,147932.0,9,134548.0,134016.0,149318.0,27.0,01_시즌
2021,2021-09-12,사계절_수트_수트팬츠_ZB,137,10557169,104000.0,17231.0,75469.0,9,70436.0,67813.0,77060.0,26.0,01_시즌
2021,2021-09-12,사계절_우븐 셔츠_드레스셔츠_ZB,1208,35633024,56567.0,7777.0,31635.0,9,31465.0,32928.0,29498.0,48.0,01_시즌
2021,2021-09-12,사계절_우븐 셔츠_드레스셔츠_ZC,3,116000,39900.0,7535.0,38667.0,9,31801.0,28709.0,38667.0,3.0,01_시즌
2021,2021-09-12,사계절_자켓_싱글재킷_ZB,15,3438463,199000.0,23618.0,229231.0,9,131496.0,110719.0,229231.0,-15.0,01_시즌
2021,2021-09-12,사계절_팬츠_니트팬츠_ZB,34,1640565,59900.0,5808.0,34262.0,9,39293.0,36685.0,48252.0,19.0,01_시즌
2021,2021-09-12,사계절_팬츠_팬츠(일반)_ZB,2303,97590671,77400.0,11218.0,38813.0,9,39477.0,41957.0,42375.0,45.0,01_시즌
2021,2021-09-12,여름_니트 셔츠_라운드_ZB,3956,37847761,61094.0,6188.0,17003.0,9,20706.0,21787.0,9567.0,84.0,01_시즌
2021,2021-09-12,여름_니트 셔츠_티에리_ZB,244,5670776,89900.0,9156.0,24454.0,9,25355.0,35803.0,23241.0,74.0,01_시즌
2021,2021-09-12,여름_수트_블레이져(수트)_ZA,28,3936468,259000.0,46376.0,154441.0,9,171969.0,177002.0,140588.0,46.0,01_시즌
2021,2021-09-12,여름_수트_블레이져(수트)_ZB,0,-80624,199000.0,41995.0,156106.0,9,162189.0,157481.0,156106.0,22.0,01_시즌
2021,2021-09-12,여름_수트_블레이져(수트)_ZC,14,2205400,223000.0,45965.0,164470.0,9,157077.0,167634.0,157529.0,29.0,01_시즌
2021,2021-09-12,여름_수트_수트팬츠_ZA,43,3450705,139000.0,23016.0,81272.0,9,89165.0,92931.0,80249.0,42.0,01_시즌
2021,2021-09-12,여름_수트_수트팬츠_ZB,-5,-429700,99000.0,21371.0,76001.0,9,76929.0,78257.0,85940.0,13.0,01_시즌
2021,2021-09-12,여름_수트_수트팬츠_ZC,13,1031900,115000.0,22675.0,84725.0,9,87655.0,88248.0,79377.0,31.0,01_시즌
2021,2021-09-12,여름_스웨터_T-에리_ZB,-33,-1674745,89900.0,8638.0,50426.0,9,32151.0,43891.0,50750.0,44.0,01_시즌
2021,2021-09-12,여름_스웨터_라운드_ZB,-18,-840524,89900.0,9291.0,46696.0,9,40144.0,41239.0,46696.0,48.0,01_시즌
2021,2021-09-12,여름_우븐 셔츠_드레스셔츠_ZB,2029,34176076,69900.0,5922.0,18457.0,9,23328.0,23706.0,16844.0,76.0,01_시즌
2021,2021-09-12,여름_우븐 셔츠_캐쥬얼셔츠_ZB,1235,21124076,69900.0,7109.0,17603.0,9,18310.0,22658.0,17105.0,76.0,01_시즌
2021,2021-09-12,여름_자켓_싱글재킷_ZA,2,-427900,259000.0,36519.0,129272.0,9,132068.0,140793.0,129272.0,50.0,01_시즌
2021,2021-09-12,여름_자켓_싱글재킷_ZB,199,14239535,199000.0,21116.0,71138.0,9,73866.0,91989.0,71555.0,64.0,01_시즌
2021,2021-09-12,여름_점퍼_점퍼_ZB,25,2445450,224000.0,20458.0,97348.0,9,95768.0,108502.0,97818.0,56.0,01_시즌
2021,2021-09-12,여름_팬츠_반바지_ZB,50,1360687,56567.0,7989.0,27681.0,9,38520.0,27559.0,27214.0,52.0,01_시즌
2021,2021-09-12,여름_팬츠_팬츠(일반)_ZA,20,1224000,139000.0,15250.0,72000.0,9,64545.0,73231.0,61200.0,56.0,01_시즌
2021,2021-09-12,여름_팬츠_팬츠(일반)_ZB,1088,31756461,94750.0,10453.0,29960.0,9,32558.0,36331.0,29188.0,69.0,01_시즌
2021,2021-09-19,가을_니트 셔츠_라운드_ZB,1694,52956812,69900.0,7466.0,30938.0,9,31207.0,29365.0,31261.0,55.0,01_시즌
2021,2021-09-19,가을_수트_블레이져(수트)_ZB,193,34748168,239000.0,36875.0,179278.0,9,180976.0,181224.0,180042.0,25.0,01_시즌
2021,2021-09-19,가을_수트_블레이져(수트)_ZC,18,3281470,239000.0,37750.0,182304.0,9,180605.0,175965.0,182304.0,24.0,01_시즌
2021,2021-09-19,가을_수트_수트팬츠_ZB,200,19478957,129000.0,18879.0,97319.0,9,98108.0,95767.0,97395.0,25.0,01_시즌
2021,2021-09-19,가을_수트_수트팬츠_ZC,12,1131970,129000.0,19972.0,94331.0,9,95636.0,97026.0,94331.0,27.0,01_시즌
2021,2021-09-19,가을_스웨터_T-에리_ZA,1348,62424871,99900.0,11857.0,46309.0,9,49258.0,48070.0,46309.0,54.0,01_시즌
2021,2021-09-19,가을_스웨터_오픈형(CARDIGAN)_ZB,512,34794329,159900.0,16203.0,67958.0,9,70089.0,68442.0,67958.0,57.0,01_시즌
2021,2021-09-19,가을_우븐 셔츠_캐쥬얼셔츠_ZB,1695,57304032,69900.0,7391.0,33808.0,9,34054.0,34602.0,33808.0,52.0,01_시즌
2021,2021-09-19,가을_코트_싱글코트_ZB,275,31815835,249000.0,29495.0,115694.0,9,121683.0,118117.0,115694.0,54.0,01_시즌
2021,2021-09-19,가을_팬츠_팬츠(일반)_ZB,395,16257573,89900.0,10790.0,41158.0,9,43682.0,47228.0,41158.0,54.0,01_시즌
2021,2021-09-19,겨울_니트 셔츠_라운드_ZB,1341,45757590,69900.0,7398.0,33852.0,9,38197.0,29108.0,34122.0,51.0,01_시즌
2021,2021-09-19,겨울_니트 셔츠_오픈형티(맨투맨 등)_ZB,95,6358470,163233.0,16587.0,72507.0,9,103645.0,69075.0,66931.0,59.0,01_시즌
2021,2021-09-19,겨울_사파리_패딩사파리_ZB,77,10450600,399000.0,30461.0,140416.0,9,255224.0,217449.0,135722.0,66.0,01_시즌
2021,2021-09-19,겨울_수트_블레이져(수트)_ZB,752,136645943,239000.0,40026.0,183143.0,9,182111.0,184558.0,181710.0,24.0,01_시즌
2021,2021-09-19,겨울_수트_블레이져(수트)_ZC,174,32086466,239000.0,41784.0,184405.0,9,184246.0,184035.0,184405.0,23.0,01_시즌
2021,2021-09-19,겨울_수트_수트팬츠_ZB,794,77898250,129000.0,19952.0,99038.0,9,97242.0,99523.0,98109.0,24.0,01_시즌
2021,2021-09-19,겨울_수트_수트팬츠_ZC,169,16412761,129000.0,21184.0,97117.0,9,98117.0,100060.0,97117.0,25.0,01_시즌
2021,2021-09-19,겨울_스웨터_Turtle_ZA,73,12546920,199900.0,22986.0,125998.0,9,137891.0,104270.0,171876.0,14.0,01_시즌
2021,2021-09-19,겨울_스웨터_라운드_ZA,95,8611425,139900.0,10746.0,90647.0,9,86131.0,64252.0,90647.0,35.0,01_시즌
2021,2021-09-19,겨울_스웨터_라운드_ZB,809,30312997,89900.0,4837.0,37470.0,9,49136.0,42894.0,37470.0,58.0,01_시즌
2021,2021-09-19,겨울_스웨터_오픈형(CARDIGAN)_ZA,60,4881345,159900.0,17518.0,81356.0,9,84177.0,81188.0,81356.0,49.0,01_시즌
2021,2021-09-19,겨울_우븐 셔츠_캐쥬얼셔츠_ZA,304,16007155,89900.0,10528.0,52468.0,9,50574.0,45911.0,52655.0,41.0,01_시즌
2021,2021-09-19,겨울_우븐 셔츠_캐쥬얼셔츠_ZB,587,19004440,69900.0,7327.0,32376.0,9,36706.0,31856.0,32376.0,54.0,01_시즌
2021,2021-09-19,겨울_자켓_싱글재킷_ZA,140,27224134,259000.0,11760.0,194458.0,9,195386.0,174500.0,194458.0,25.0,01_시즌
2021,2021-09-19,겨울_점퍼_패딩점퍼_ZB,143,15872369,199000.0,23626.0,110996.0,9,121442.0,111824.0,110996.0,44.0,01_시즌
2021,2021-09-19,겨울_조끼_패딩베스트_ZB,166,6872450,129000.0,12450.0,41597.0,9,42794.0,38797.0,41400.0,68.0,01_시즌
2021,2021-09-19,겨울_코트_싱글코트_ZA,42,13752900,549000.0,73251.0,327450.0,9,318732.0,348105.0,327450.0,40.0,01_시즌
2021,2021-09-19,겨울_코트_싱글코트_ZB,205,30421178,329000.0,57028.0,148396.0,9,213166.0,180349.0,148396.0,55.0,01_시즌
2021,2021-09-19,겨울_팬츠_니트팬츠_ZB,72,3355850,69900.0,8200.0,46609.0,9,45968.0,36167.0,46609.0,33.0,01_시즌
2021,2021-09-19,겨울_팬츠_팬츠(일반)_ZA,157,16583374,139000.0,3853.0,105627.0,9,106202.0,65190.0,105627.0,24.0,01_시즌
2021,2021-09-19,사계절_니트 셔츠_라운드_ZB,48,855300,19900.0,5405.0,17819.0,9,15456.0,14508.0,17819.0,10.0,01_시즌
2021,2021-09-19,사계절_데님_데님팬츠_ZB,367,15796978,79900.0,11955.0,43160.0,9,43579.0,51123.0,43044.0,46.0,01_시즌
2021,2021-09-19,사계절_수트_블레이져(수트)_ZB,116,16395411,205667.0,36284.0,121611.0,9,134548.0,134016.0,141340.0,31.0,01_시즌
2021,2021-09-19,사계절_수트_수트팬츠_ZB,112,8251019,104000.0,17231.0,70686.0,9,70436.0,67813.0,73670.0,29.0,01_시즌
2021,2021-09-19,사계절_우븐 셔츠_드레스셔츠_ZB,1221,35494011,56567.0,7777.0,31263.0,9,31465.0,32928.0,29070.0,49.0,01_시즌
2021,2021-09-19,사계절_우븐 셔츠_드레스셔츠_ZC,4,145000,39900.0,7535.0,36250.0,9,31801.0,28709.0,36250.0,9.0,01_시즌
2021,2021-09-19,사계절_자켓_싱글재킷_ZB,12,1877600,199000.0,23618.0,156467.0,9,131496.0,110719.0,156467.0,21.0,01_시즌
2021,2021-09-19,사계절_팬츠_니트팬츠_ZB,39,1728368,59900.0,5808.0,43888.0,9,39293.0,36685.0,44317.0,26.0,01_시즌
2021,2021-09-19,사계절_팬츠_팬츠(일반)_ZB,2140,93366724,77400.0,11218.0,40750.0,9,39477.0,41957.0,43629.0,44.0,01_시즌
2021,2021-09-19,여름_니트 셔츠_라운드_ZB,2125,27443384,61094.0,6188.0,32964.0,9,20706.0,21787.0,12915.0,79.0,01_시즌
2021,2021-09-19,여름_니트 셔츠_티에리_ZB,70,2044432,89900.0,9156.0,29296.0,9,25355.0,35803.0,29206.0,68.0,01_시즌
2021,2021-09-19,여름_수트_블레이져(수트)_ZA,-84,-17316269,259000.0,46376.0,182016.0,9,171969.0,177002.0,206146.0,20.0,01_시즌
2021,2021-09-19,여름_수트_블레이져(수트)_ZB,9,1622100,199000.0,41995.0,173640.0,9,162189.0,157481.0,180233.0,9.0,01_시즌
2021,2021-09-19,여름_수트_블레이져(수트)_ZC,10,1347400,223000.0,45965.0,118253.0,9,157077.0,167634.0,134740.0,40.0,01_시즌
2021,2021-09-19,여름_수트_수트팬츠_ZA,23,2390569,139000.0,23016.0,97649.0,9,89165.0,92931.0,103938.0,25.0,01_시즌
2021,2021-09-19,여름_수트_수트팬츠_ZB,23,1791500,99000.0,21371.0,78032.0,9,76929.0,78257.0,77891.0,21.0,01_시즌
2021,2021-09-19,여름_수트_수트팬츠_ZC,14,1210900,115000.0,22675.0,88462.0,9,87655.0,88248.0,86493.0,25.0,01_시즌
2021,2021-09-19,여름_스웨터_T-에리_ZB,29,1388520,89900.0,8638.0,27990.0,9,32151.0,43891.0,47880.0,47.0,01_시즌
2021,2021-09-19,여름_스웨터_라운드_ZB,-6,-248000,89900.0,9291.0,41333.0,9,40144.0,41239.0,41333.0,54.0,01_시즌
2021,2021-09-19,여름_우븐 셔츠_드레스셔츠_ZB,1284,22878603,69900.0,5922.0,18570.0,9,23328.0,23706.0,17818.0,75.0,01_시즌
2021,2021-09-19,여름_우븐 셔츠_캐쥬얼셔츠_ZB,873,15611981,69900.0,7109.0,17147.0,9,18310.0,22658.0,17883.0,74.0,01_시즌
2021,2021-09-19,여름_자켓_싱글재킷_ZA,64,8089156,259000.0,36519.0,135247.0,9,132068.0,140793.0,126393.0,51.0,01_시즌
2021,2021-09-19,여름_자켓_싱글재킷_ZB,96,6656948,199000.0,21116.0,69435.0,9,73866.0,91989.0,69343.0,65.0,01_시즌
2021,2021-09-19,여름_점퍼_점퍼_ZB,48,3889476,224000.0,20458.0,94266.0,9,95768.0,108502.0,81031.0,64.0,01_시즌
2021,2021-09-19,여름_팬츠_반바지_ZB,24,720130,56567.0,7989.0,29094.0,9,38520.0,27559.0,30005.0,47.0,01_시즌
2021,2021-09-19,여름_팬츠_팬츠(일반)_ZA,-39,-1660922,139000.0,15250.0,58186.0,9,64545.0,73231.0,42588.0,69.0,01_시즌
2021,2021-09-19,여름_팬츠_팬츠(일반)_ZB,515,18933755,94750.0,10467.0,36318.0,9,32558.0,36331.0,36765.0,61.0,01_시즌
2021,2021-09-26,가을_니트 셔츠_라운드_ZB,1955,58905389,69900.0,7466.0,29994.0,9,31207.0,29365.0,30131.0,57.0,01_시즌
2021,2021-09-26,가을_수트_블레이져(수트)_ZB,343,61954479,239000.0,36875.0,180353.0,9,180976.0,181224.0,180625.0,24.0,01_시즌
2021,2021-09-26,가을_수트_블레이져(수트)_ZC,52,9437170,239000.0,37750.0,181484.0,9,180605.0,175965.0,181484.0,24.0,01_시즌
2021,2021-09-26,가을_수트_수트팬츠_ZB,376,36862211,129000.0,18879.0,98109.0,9,98108.0,95767.0,98038.0,24.0,01_시즌
2021,2021-09-26,가을_수트_수트팬츠_ZC,54,5195500,129000.0,19972.0,96213.0,9,95636.0,97026.0,96213.0,25.0,01_시즌
2021,2021-09-26,가을_스웨터_T-에리_ZA,1338,64196328,99900.0,11857.0,47979.0,9,49258.0,48070.0,47979.0,52.0,01_시즌
2021,2021-09-26,가을_스웨터_오픈형(CARDIGAN)_ZB,548,37075330,159900.0,16203.0,67656.0,9,70089.0,68442.0,67656.0,58.0,01_시즌
2021,2021-09-26,가을_우븐 셔츠_캐쥬얼셔츠_ZB,1231,38985645,69900.0,7391.0,31670.0,9,34054.0,34602.0,31670.0,55.0,01_시즌
2021,2021-09-26,가을_코트_싱글코트_ZB,284,31856160,249000.0,29495.0,112170.0,9,121683.0,118117.0,112170.0,55.0,01_시즌
2021,2021-09-26,가을_팬츠_팬츠(일반)_ZB,546,23316528,89900.0,10790.0,42704.0,9,43682.0,47228.0,42704.0,52.0,01_시즌
2021,2021-09-26,겨울_니트 셔츠_라운드_ZB,1654,51482720,69900.0,7398.0,31106.0,9,38197.0,29108.0,31126.0,55.0,01_시즌
2021,2021-09-26,겨울_니트 셔츠_오픈형티(맨투맨 등)_ZB,161,9991350,163233.0,16587.0,65135.0,9,103645.0,69075.0,62058.0,62.0,01_시즌
2021,2021-09-26,겨울_사파리_패딩사파리_ZB,148,25030177,432333.0,33230.0,213328.0,9,255224.0,217449.0,169123.0,61.0,01_시즌
2021,2021-09-26,겨울_수트_블레이져(수트)_ZB,893,164105158,239000.0,40026.0,183105.0,9,182111.0,184558.0,183768.0,23.0,01_시즌
2021,2021-09-26,겨울_수트_블레이져(수트)_ZC,274,49951921,239000.0,41784.0,182306.0,9,184246.0,184035.0,182306.0,24.0,01_시즌
2021,2021-09-26,겨울_수트_수트팬츠_ZB,955,94033434,129000.0,19952.0,95530.0,9,97242.0,99523.0,98464.0,24.0,01_시즌
2021,2021-09-26,겨울_수트_수트팬츠_ZC,276,26772940,129000.0,21184.0,97003.0,9,98117.0,100060.0,97003.0,25.0,01_시즌
2021,2021-09-26,겨울_스웨터_Turtle_ZA,-23,-4916322,199900.0,22986.0,139060.0,9,137891.0,104270.0,213753.0,-7.0,01_시즌
2021,2021-09-26,겨울_스웨터_라운드_ZA,85,6317590,139900.0,10746.0,74325.0,9,86131.0,64252.0,74325.0,47.0,01_시즌
2021,2021-09-26,겨울_스웨터_라운드_ZB,1209,47954687,89900.0,4837.0,39665.0,9,49136.0,42894.0,39665.0,56.0,01_시즌
2021,2021-09-26,겨울_스웨터_오픈형(CARDIGAN)_ZA,71,5773655,159900.0,17518.0,81319.0,9,84177.0,81188.0,81319.0,49.0,01_시즌
2021,2021-09-26,겨울_우븐 셔츠_캐쥬얼셔츠_ZA,595,28916340,89900.0,10528.0,48681.0,9,50574.0,45911.0,48599.0,46.0,01_시즌
2021,2021-09-26,겨울_우븐 셔츠_캐쥬얼셔츠_ZB,941,27328815,69900.0,7327.0,29042.0,9,36706.0,31856.0,29042.0,58.0,01_시즌
2021,2021-09-26,겨울_자켓_싱글재킷_ZA,156,30513736,259000.0,11955.0,195601.0,9,195386.0,174500.0,195601.0,24.0,01_시즌
2021,2021-09-26,겨울_점퍼_패딩점퍼_ZB,227,25705100,199000.0,23626.0,113238.0,9,121442.0,111824.0,113238.0,43.0,01_시즌
2021,2021-09-26,겨울_조끼_패딩베스트_ZB,222,9058826,129000.0,12450.0,40857.0,9,42794.0,38797.0,40806.0,68.0,01_시즌
2021,2021-09-26,겨울_코트_싱글코트_ZA,7,2170100,549000.0,73251.0,310014.0,9,318732.0,348105.0,310014.0,44.0,01_시즌
2021,2021-09-26,겨울_코트_싱글코트_ZB,370,57529765,329000.0,57028.0,155486.0,9,213166.0,180349.0,155486.0,53.0,01_시즌
2021,2021-09-26,겨울_팬츠_니트팬츠_ZB,110,4985950,69900.0,8200.0,45327.0,9,45968.0,36167.0,45327.0,35.0,01_시즌
2021,2021-09-26,겨울_팬츠_팬츠(일반)_ZA,111,11429714,114450.0,7230.0,102970.0,9,106202.0,65190.0,102970.0,10.0,01_시즌
2021,2021-09-26,사계절_니트 셔츠_라운드_ZB,40,604010,19900.0,5405.0,15100.0,9,15456.0,14508.0,15100.0,24.0,01_시즌
2021,2021-09-26,사계절_데님_데님팬츠_ZB,478,20867308,79900.0,11955.0,44262.0,9,43579.0,51123.0,43655.0,45.0,01_시즌
2021,2021-09-26,사계절_수트_블레이져(수트)_ZB,135,21024709,205667.0,36284.0,153084.0,9,134548.0,134016.0,155739.0,24.0,01_시즌
2021,2021-09-26,사계절_수트_수트팬츠_ZB,171,13669832,104000.0,17231.0,77053.0,9,70436.0,67813.0,79941.0,23.0,01_시즌
2021,2021-09-26,사계절_우븐 셔츠_드레스셔츠_ZB,1289,37806827,56567.0,7777.0,32908.0,9,31465.0,32928.0,29330.0,48.0,01_시즌
2021,2021-09-26,사계절_우븐 셔츠_드레스셔츠_ZC,4,116000,39900.0,7535.0,29000.0,9,31801.0,28709.0,29000.0,27.0,01_시즌
2021,2021-09-26,사계절_자켓_싱글재킷_ZB,160,10637793,199000.0,23618.0,66486.0,9,131496.0,110719.0,66486.0,67.0,01_시즌
2021,2021-09-26,사계절_팬츠_니트팬츠_ZB,40,1741393,59900.0,5808.0,41525.0,9,39293.0,36685.0,43535.0,27.0,01_시즌
2021,2021-09-26,사계절_팬츠_팬츠(일반)_ZB,2711,114179810,77400.0,11218.0,38698.0,9,39477.0,41957.0,42117.0,46.0,01_시즌
2021,2021-09-26,여름_니트 셔츠_라운드_ZB,2091,24063590,61094.0,6188.0,15038.0,9,20706.0,21787.0,11508.0,81.0,01_시즌
2021,2021-09-26,여름_니트 셔츠_티에리_ZB,59,1617430,89900.0,9156.0,27850.0,9,25355.0,35803.0,27414.0,70.0,01_시즌
2021,2021-09-26,여름_수트_블레이져(수트)_ZA,26,4639200,259000.0,46376.0,179671.0,9,171969.0,177002.0,178431.0,31.0,01_시즌
2021,2021-09-26,여름_수트_블레이져(수트)_ZB,21,3283500,199000.0,41995.0,156215.0,9,162189.0,157481.0,156357.0,21.0,01_시즌
2021,2021-09-26,여름_수트_블레이져(수트)_ZC,11,1883500,223000.0,45965.0,163738.0,9,157077.0,167634.0,171227.0,23.0,01_시즌
2021,2021-09-26,여름_수트_수트팬츠_ZA,20,1876240,139000.0,23016.0,102717.0,9,89165.0,92931.0,93812.0,33.0,01_시즌
2021,2021-09-26,여름_수트_수트팬츠_ZB,18,1395900,99000.0,21371.0,77715.0,9,76929.0,78257.0,77550.0,22.0,01_시즌
2021,2021-09-26,여름_수트_수트팬츠_ZC,16,1440300,115000.0,22675.0,86780.0,9,87655.0,88248.0,90019.0,22.0,01_시즌
2021,2021-09-26,여름_스웨터_T-에리_ZB,18,200700,89900.0,8638.0,22290.0,9,32151.0,43891.0,11150.0,88.0,01_시즌
2021,2021-09-26,여름_스웨터_라운드_ZB,4,114000,89900.0,9291.0,28500.0,9,40144.0,41239.0,28500.0,68.0,01_시즌
2021,2021-09-26,여름_우븐 셔츠_드레스셔츠_ZB,1201,22212216,69900.0,5922.0,18546.0,9,23328.0,23706.0,18495.0,74.0,01_시즌
2021,2021-09-26,여름_우븐 셔츠_캐쥬얼셔츠_ZB,761,13317900,69900.0,7109.0,17708.0,9,18310.0,22658.0,17501.0,75.0,01_시즌
2021,2021-09-26,여름_자켓_싱글재킷_ZA,53,6738000,259000.0,36519.0,131004.0,9,132068.0,140793.0,127132.0,51.0,01_시즌
2021,2021-09-26,여름_자켓_싱글재킷_ZB,150,11094708,199000.0,21116.0,73976.0,9,73866.0,91989.0,73965.0,63.0,01_시즌
2021,2021-09-26,여름_점퍼_점퍼_ZB,48,4192000,224000.0,20458.0,106272.0,9,95768.0,108502.0,87333.0,61.0,01_시즌
2021,2021-09-26,여름_팬츠_반바지_ZB,15,427350,56567.0,7989.0,32378.0,9,38520.0,27559.0,28490.0,50.0,01_시즌
2021,2021-09-26,여름_팬츠_팬츠(일반)_ZA,22,1489000,139000.0,15250.0,67444.0,9,64545.0,73231.0,67682.0,51.0,01_시즌
2021,2021-09-26,여름_팬츠_팬츠(일반)_ZB,290,10285166,94750.0,10467.0,33990.0,9,32558.0,36331.0,35466.0,63.0,01_시즌
2021,2021-10-03,가을_니트 셔츠_라운드_ZB,1743,49164964,69900.0,7466.0,28594.0,10,27723.0,29365.0,28207.0,60.0,01_시즌
2021,2021-10-03,가을_수트_블레이져(수트)_ZB,253,47848442,239000.0,36875.0,188981.0,10,184830.0,181224.0,189124.0,21.0,01_시즌
2021,2021-10-03,가을_수트_블레이져(수트)_ZC,47,8806111,239000.0,37750.0,187364.0,10,184968.0,175965.0,187364.0,22.0,01_시즌
2021,2021-10-03,가을_수트_수트팬츠_ZB,264,26843216,129000.0,18879.0,101513.0,10,100069.0,95767.0,101679.0,21.0,01_시즌
2021,2021-10-03,가을_수트_수트팬츠_ZC,40,4082289,129000.0,19972.0,102057.0,10,99755.0,97026.0,102057.0,21.0,01_시즌
2021,2021-10-03,가을_스웨터_T-에리_ZA,1020,47093594,99900.0,10960.0,46170.0,10,44339.0,48070.0,46170.0,54.0,01_시즌
2021,2021-10-03,가을_스웨터_오픈형(CARDIGAN)_ZB,483,32477085,159900.0,16809.0,67240.0,10,65372.0,68442.0,67240.0,58.0,01_시즌
2021,2021-10-03,가을_우븐 셔츠_캐쥬얼셔츠_ZB,896,18300070,69900.0,7391.0,20424.0,10,29283.0,34602.0,20424.0,71.0,01_시즌
2021,2021-10-03,가을_코트_싱글코트_ZB,284,28480103,249000.0,21874.0,100282.0,10,94242.0,118117.0,100282.0,60.0,01_시즌
2021,2021-10-03,가을_팬츠_팬츠(일반)_ZB,376,16546965,89900.0,10790.0,44008.0,10,43167.0,47228.0,44008.0,51.0,01_시즌
2021,2021-10-03,겨울_니트 셔츠_라운드_ZB,1649,50996826,69900.0,7413.0,31050.0,10,30183.0,29108.0,30926.0,56.0,01_시즌
2021,2021-10-03,겨울_니트 셔츠_오픈형티(맨투맨 등)_ZB,184,11835275,163233.0,16586.0,66775.0,10,64922.0,69075.0,64322.0,61.0,01_시즌
2021,2021-10-03,겨울_니트 셔츠_후드티_ZB,0,0,89900.0,9424.0,,10,41916.0,34728.0,41916.0,53.0,01_시즌
2021,2021-10-03,겨울_사파리_패딩사파리_ZB,107,8977900,432333.0,32986.0,677299.0,10,282353.0,217449.0,83906.0,81.0,01_시즌
2021,2021-10-03,겨울_수트_블레이져(수트)_ZB,829,155213322,239000.0,40144.0,187289.0,10,182949.0,184558.0,187230.0,22.0,01_시즌
2021,2021-10-03,겨울_수트_블레이져(수트)_ZC,221,40756255,239000.0,41784.0,184417.0,10,186090.0,184035.0,184417.0,23.0,01_시즌
2021,2021-10-03,겨울_수트_수트팬츠_ZB,749,75025281,129000.0,19829.0,99923.0,10,99558.0,99523.0,100167.0,22.0,01_시즌
2021,2021-10-03,겨울_수트_수트팬츠_ZC,237,23438514,129000.0,21184.0,98897.0,10,99911.0,100060.0,98897.0,23.0,01_시즌
2021,2021-10-03,겨울_스웨터_T-에리_ZB,358,21283930,99900.0,9928.0,59452.0,10,48314.0,42243.0,59452.0,40.0,01_시즌
2021,2021-10-03,겨울_스웨터_Turtle_ZA,43,6032180,199900.0,23943.0,124080.0,10,106157.0,104270.0,140283.0,30.0,01_시즌
2021,2021-10-03,겨울_스웨터_Turtle_ZB,0,0,99900.0,10548.0,,10,55661.0,44066.0,55661.0,44.0,01_시즌
2021,2021-10-03,겨울_스웨터_라운드_ZA,29,1743050,139900.0,11454.0,60105.0,10,60713.0,64252.0,60105.0,57.0,01_시즌
2021,2021-10-03,겨울_스웨터_라운드_ZB,1252,52470478,89900.0,9919.0,41909.0,10,40795.0,42894.0,41909.0,53.0,01_시즌
2021,2021-10-03,겨울_스웨터_오픈형(CARDIGAN)_ZA,332,34191177,173233.0,18618.0,103822.0,10,92292.0,81188.0,102985.0,41.0,01_시즌
2021,2021-10-03,겨울_우븐 셔츠_캐쥬얼셔츠_ZA,384,21199395,89900.0,10528.0,55313.0,10,51080.0,45911.0,55207.0,39.0,01_시즌
2021,2021-10-03,겨울_우븐 셔츠_캐쥬얼셔츠_ZB,475,17409260,69900.0,7327.0,36651.0,10,33253.0,31856.0,36651.0,48.0,01_시즌
2021,2021-10-03,겨울_자켓_싱글재킷_ZA,361,72348640,259000.0,11948.0,200412.0,10,182590.0,174500.0,200412.0,23.0,01_시즌
2021,2021-10-03,겨울_점퍼_패딩점퍼_ZB,233,26335200,299000.0,27993.0,145756.0,10,138458.0,111824.0,113027.0,62.0,01_시즌
2021,2021-10-03,겨울_조끼_패딩베스트_ZB,247,9511946,129000.0,12450.0,38447.0,10,36054.0,38797.0,38510.0,70.0,01_시즌
2021,2021-10-03,겨울_코트_싱글코트_ZA,-1,-1533300,549000.0,73081.0,1533300.0,10,541679.0,348105.0,1533300.0,-179.0,01_시즌
2021,2021-10-03,겨울_코트_싱글코트_ZB,263,39327800,329000.0,57119.0,149535.0,10,164635.0,180349.0,149535.0,55.0,01_시즌
2021,2021-10-03,겨울_팬츠_니트팬츠_ZB,92,3967830,69900.0,8203.0,43129.0,10,40156.0,36167.0,43129.0,38.0,01_시즌
2021,2021-10-03,겨울_팬츠_팬츠(일반)_ZA,627,50731237,114450.0,7256.0,78580.0,10,69656.0,65190.0,80911.0,29.0,01_시즌
2021,2021-10-03,사계절_니트 셔츠_라운드_ZB,58,1026910,19900.0,5405.0,17705.0,10,14074.0,14508.0,17705.0,11.0,01_시즌
2021,2021-10-03,사계절_데님_데님팬츠_ZB,238,11306869,79900.0,11955.0,52368.0,10,44926.0,51123.0,47508.0,41.0,01_시즌
2021,2021-10-03,사계절_수트_블레이져(수트)_ZB,159,23081888,205667.0,36284.0,144652.0,10,165840.0,134016.0,145169.0,29.0,01_시즌
2021,2021-10-03,사계절_수트_수트팬츠_ZB,219,13861491,104000.0,17231.0,70014.0,10,78970.0,67813.0,63294.0,39.0,01_시즌
2021,2021-10-03,사계절_우븐 셔츠_드레스셔츠_ZB,1576,41005951,56567.0,7777.0,28904.0,10,29243.0,32928.0,26019.0,54.0,01_시즌
2021,2021-10-03,사계절_우븐 셔츠_드레스셔츠_ZC,4,116000,39900.0,7535.0,29000.0,10,29333.0,28709.0,29000.0,27.0,01_시즌
2021,2021-10-03,사계절_자켓_싱글재킷_ZB,374,22462240,199000.0,23618.0,60059.0,10,128486.0,110719.0,60059.0,70.0,01_시즌
2021,2021-10-03,사계절_팬츠_니트팬츠_ZB,41,1434270,59900.0,5808.0,33874.0,10,38807.0,36685.0,34982.0,42.0,01_시즌
2021,2021-10-03,사계절_팬츠_팬츠(일반)_ZB,2393,97289256,77400.0,10288.0,37938.0,10,39387.0,41957.0,40656.0,47.0,01_시즌
2021,2021-10-10,가을_니트 셔츠_라운드_ZB,1641,47325046,69900.0,7466.0,28920.0,10,27723.0,29365.0,28839.0,59.0,01_시즌
2021,2021-10-10,가을_수트_블레이져(수트)_ZB,253,45911564,239000.0,36875.0,180813.0,10,184830.0,181224.0,181469.0,24.0,01_시즌
2021,2021-10-10,가을_수트_블레이져(수트)_ZC,47,8804891,239000.0,37750.0,187338.0,10,184968.0,175965.0,187338.0,22.0,01_시즌
2021,2021-10-10,가을_수트_수트팬츠_ZB,294,28678856,129000.0,18879.0,97385.0,10,100069.0,95767.0,97547.0,24.0,01_시즌
2021,2021-10-10,가을_수트_수트팬츠_ZC,48,4813389,129000.0,19972.0,100279.0,10,99755.0,97026.0,100279.0,22.0,01_시즌
2021,2021-10-10,가을_스웨터_T-에리_ZA,1023,44532613,99900.0,10960.0,43531.0,10,44339.0,48070.0,43531.0,56.0,01_시즌
2021,2021-10-10,가을_스웨터_오픈형(CARDIGAN)_ZB,555,38305040,159900.0,16809.0,69018.0,10,65372.0,68442.0,69018.0,57.0,01_시즌
2021,2021-10-10,가을_우븐 셔츠_캐쥬얼셔츠_ZB,877,28448846,69900.0,7391.0,32439.0,10,29283.0,34602.0,32439.0,54.0,01_시즌
2021,2021-10-10,가을_코트_싱글코트_ZB,273,25051245,249000.0,21874.0,91763.0,10,94242.0,118117.0,91763.0,63.0,01_시즌
2021,2021-10-10,가을_팬츠_팬츠(일반)_ZB,468,20449568,89900.0,10790.0,43696.0,10,43167.0,47228.0,43696.0,51.0,01_시즌
2021,2021-10-10,겨울_니트 셔츠_라운드_ZB,2159,65491137,69900.0,7413.0,30338.0,10,30183.0,29108.0,30334.0,57.0,01_시즌
2021,2021-10-10,겨울_니트 셔츠_오픈형티(맨투맨 등)_ZB,179,12342870,163233.0,16586.0,69848.0,10,64922.0,69075.0,68955.0,58.0,01_시즌
2021,2021-10-10,겨울_니트 셔츠_후드티_ZB,52,2603950,89900.0,9424.0,50076.0,10,41916.0,34728.0,50076.0,44.0,01_시즌
2021,2021-10-10,겨울_사파리_패딩사파리_ZA,0,0,499000.0,38210.0,,10,277606.0,202485.0,277606.0,44.0,01_시즌
2021,2021-10-10,겨울_사파리_패딩사파리_ZB,218,29691078,432333.0,32986.0,139415.0,10,282353.0,217449.0,136198.0,68.0,01_시즌
2021,2021-10-10,겨울_수트_블레이져(수트)_ZB,669,122014785,239000.0,40144.0,180775.0,10,182949.0,184558.0,182384.0,24.0,01_시즌
2021,2021-10-10,겨울_수트_블레이져(수트)_ZC,242,45272099,239000.0,41784.0,187075.0,10,186090.0,184035.0,187075.0,22.0,01_시즌
2021,2021-10-10,겨울_수트_수트팬츠_ZB,706,69860139,129000.0,19829.0,97380.0,10,99558.0,99523.0,98952.0,23.0,01_시즌
2021,2021-10-10,겨울_수트_수트팬츠_ZC,248,25018934,129000.0,21184.0,100883.0,10,99911.0,100060.0,100883.0,22.0,01_시즌
2021,2021-10-10,겨울_스웨터_T-에리_ZB,304,13928662,99900.0,10133.0,45818.0,10,48314.0,42243.0,45818.0,54.0,01_시즌
2021,2021-10-10,겨울_스웨터_Turtle_ZA,10,640531,199900.0,23943.0,49133.0,10,106157.0,104270.0,64053.0,68.0,01_시즌
2021,2021-10-10,겨울_스웨터_Turtle_ZB,0,0,99900.0,10548.0,,10,55661.0,44066.0,55661.0,44.0,01_시즌
2021,2021-10-10,겨울_스웨터_VEST_ZB,0,0,89900.0,7457.0,,10,50034.0,43652.0,50034.0,44.0,01_시즌
2021,2021-10-10,겨울_스웨터_라운드_ZA,167,11665000,139900.0,11454.0,69850.0,10,60713.0,64252.0,69850.0,50.0,01_시즌
2021,2021-10-10,겨울_스웨터_라운드_ZB,1530,64131450,89900.0,9920.0,41916.0,10,40795.0,42894.0,41916.0,53.0,01_시즌
2021,2021-10-10,겨울_스웨터_오픈형(CARDIGAN)_ZA,215,19744213,173233.0,18618.0,89851.0,10,92292.0,81188.0,91834.0,47.0,01_시즌
2021,2021-10-10,겨울_우븐 셔츠_캐쥬얼셔츠_ZA,395,18898316,89900.0,10528.0,48000.0,10,51080.0,45911.0,47844.0,47.0,01_시즌
2021,2021-10-10,겨울_우븐 셔츠_캐쥬얼셔츠_ZB,692,22169269,69900.0,7327.0,32037.0,10,33253.0,31856.0,32037.0,54.0,01_시즌
2021,2021-10-10,겨울_자켓_싱글재킷_ZA,617,123367466,259000.0,11921.0,199947.0,10,182590.0,174500.0,199947.0,23.0,01_시즌
2021,2021-10-10,겨울_점퍼_패딩점퍼_ZB,193,13888700,299000.0,27993.0,216756.0,10,138458.0,111824.0,71962.0,76.0,01_시즌
2021,2021-10-10,겨울_조끼_패딩베스트_ZB,275,9716767,129000.0,12450.0,35385.0,10,36054.0,38797.0,35334.0,73.0,01_시즌
2021,2021-10-10,겨울_코트_싱글코트_ZA,30,10920150,549000.0,73081.0,364005.0,10,541679.0,348105.0,364005.0,34.0,01_시즌
2021,2021-10-10,겨울_코트_싱글코트_ZB,178,32459653,329000.0,57176.0,182358.0,10,164635.0,180349.0,182358.0,45.0,01_시즌
2021,2021-10-10,겨울_팬츠_니트팬츠_ZB,101,4262565,69900.0,8203.0,42204.0,10,40156.0,36167.0,42204.0,40.0,01_시즌
2021,2021-10-10,겨울_팬츠_팬츠(일반)_ZA,769,79215611,114450.0,7216.0,90586.0,10,69656.0,65190.0,103011.0,10.0,01_시즌
2021,2021-10-10,사계절_니트 셔츠_라운드_ZB,40,734160,19900.0,5405.0,18354.0,10,14074.0,14508.0,18354.0,8.0,01_시즌
2021,2021-10-10,사계절_데님_데님팬츠_ZB,341,14409682,79900.0,11955.0,43128.0,10,44926.0,51123.0,42257.0,47.0,01_시즌
2021,2021-10-10,사계절_수트_블레이져(수트)_ZB,116,19462259,205667.0,36284.0,164553.0,10,165840.0,134016.0,167778.0,18.0,01_시즌
2021,2021-10-10,사계절_수트_수트팬츠_ZB,125,11333391,104000.0,17231.0,92968.0,10,78970.0,67813.0,90667.0,13.0,01_시즌
2021,2021-10-10,사계절_우븐 셔츠_드레스셔츠_ZB,1170,32397317,56567.0,7777.0,29909.0,10,29243.0,32928.0,27690.0,51.0,01_시즌
2021,2021-10-10,사계절_우븐 셔츠_드레스셔츠_ZC,3,101900,39900.0,7535.0,33967.0,10,29333.0,28709.0,33967.0,15.0,01_시즌
2021,2021-10-10,사계절_자켓_싱글재킷_ZB,165,9431397,199000.0,23618.0,57160.0,10,128486.0,110719.0,57160.0,71.0,01_시즌
2021,2021-10-10,사계절_팬츠_니트팬츠_ZB,29,1153339,59900.0,5808.0,33456.0,10,38807.0,36685.0,39770.0,34.0,01_시즌
2021,2021-10-10,사계절_팬츠_팬츠(일반)_ZB,2118,89919886,77400.0,10288.0,39178.0,10,39387.0,41957.0,42455.0,45.0,01_시즌
2021,2021-10-17,가을_니트 셔츠_라운드_ZB,1663,48427239,69900.0,7466.0,29186.0,10,27723.0,29365.0,29120.0,58.0,01_시즌
2021,2021-10-17,가을_수트_블레이져(수트)_ZB,277,50783334,239000.0,36875.0,183521.0,10,184830.0,181224.0,183333.0,23.0,01_시즌
2021,2021-10-17,가을_수트_블레이져(수트)_ZC,34,6131860,239000.0,37750.0,180349.0,10,184968.0,175965.0,180349.0,25.0,01_시즌
2021,2021-10-17,가을_수트_수트팬츠_ZB,324,32020046,129000.0,18879.0,99034.0,10,100069.0,95767.0,98827.0,23.0,01_시즌
2021,2021-10-17,가을_수트_수트팬츠_ZC,38,3717947,129000.0,19972.0,97841.0,10,99755.0,97026.0,97841.0,24.0,01_시즌
2021,2021-10-17,가을_스웨터_T-에리_ZA,933,42771811,99900.0,10960.0,45843.0,10,44339.0,48070.0,45843.0,54.0,01_시즌
2021,2021-10-17,가을_스웨터_오픈형(CARDIGAN)_ZB,518,33625885,159900.0,16809.0,64915.0,10,65372.0,68442.0,64915.0,59.0,01_시즌
2021,2021-10-17,가을_우븐 셔츠_캐쥬얼셔츠_ZB,856,27996521,69900.0,7391.0,32706.0,10,29283.0,34602.0,32706.0,53.0,01_시즌
2021,2021-10-17,가을_코트_싱글코트_ZB,480,45337580,249000.0,21874.0,94453.0,10,94242.0,118117.0,94453.0,62.0,01_시즌
2021,2021-10-17,가을_팬츠_팬츠(일반)_ZB,514,22089579,89900.0,10790.0,42976.0,10,43167.0,47228.0,42976.0,52.0,01_시즌
2021,2021-10-17,겨울_니트 셔츠_라운드_ZB,4068,127712476,69900.0,7413.0,31481.0,10,30183.0,29108.0,31394.0,55.0,01_시즌
2021,2021-10-17,겨울_니트 셔츠_오픈형티(맨투맨 등)_ZB,450,26804357,163233.0,16586.0,64329.0,10,64922.0,69075.0,59565.0,64.0,01_시즌
2021,2021-10-17,겨울_니트 셔츠_후드티_ZB,220,9163000,89900.0,9424.0,41650.0,10,41916.0,34728.0,41650.0,54.0,01_시즌
2021,2021-10-17,겨울_사파리_패딩사파리_ZA,32,11026300,499000.0,38210.0,344572.0,10,277606.0,202485.0,344572.0,31.0,01_시즌
2021,2021-10-17,겨울_사파리_패딩사파리_ZB,809,121207947,432333.0,32984.0,179411.0,10,282353.0,217449.0,149824.0,65.0,01_시즌
2021,2021-10-17,겨울_수트_블레이져(수트)_ZB,828,152335738,239000.0,40144.0,178519.0,10,182949.0,184558.0,183980.0,23.0,01_시즌
2021,2021-10-17,겨울_수트_블레이져(수트)_ZC,233,43042721,239000.0,41784.0,184733.0,10,186090.0,184035.0,184733.0,23.0,01_시즌
2021,2021-10-17,겨울_수트_수트팬츠_ZB,782,77239481,129000.0,19829.0,98433.0,10,99558.0,99523.0,98772.0,23.0,01_시즌
2021,2021-10-17,겨울_수트_수트팬츠_ZC,220,21836013,129000.0,21184.0,99255.0,10,99911.0,100060.0,99255.0,23.0,01_시즌
2021,2021-10-17,겨울_스웨터_T-에리_ZB,766,34700781,99900.0,10133.0,45301.0,10,48314.0,42243.0,45301.0,55.0,01_시즌
2021,2021-10-17,겨울_스웨터_Turtle_ZA,76,10208289,199900.0,23943.0,111990.0,10,106157.0,104270.0,134320.0,33.0,01_시즌
2021,2021-10-17,겨울_스웨터_Turtle_ZB,309,17989815,99900.0,10548.0,58219.0,10,55661.0,44066.0,58219.0,42.0,01_시즌
2021,2021-10-17,겨울_스웨터_VEST_ZB,144,7447777,89900.0,7457.0,51721.0,10,50034.0,43652.0,51721.0,42.0,01_시즌
2021,2021-10-17,겨울_스웨터_라운드_ZA,233,12857753,139900.0,11454.0,55183.0,10,60713.0,64252.0,55183.0,61.0,01_시즌
2021,2021-10-17,겨울_스웨터_라운드_ZB,2766,114170296,89900.0,9920.0,41276.0,10,40795.0,42894.0,41276.0,54.0,01_시즌
2021,2021-10-17,겨울_스웨터_오픈형(CARDIGAN)_ZA,436,37761153,173233.0,18618.0,87137.0,10,92292.0,81188.0,86608.0,50.0,01_시즌
2021,2021-10-17,겨울_우븐 셔츠_캐쥬얼셔츠_ZA,871,42928358,89900.0,10528.0,49298.0,10,51080.0,45911.0,49286.0,45.0,01_시즌
2021,2021-10-17,겨울_우븐 셔츠_캐쥬얼셔츠_ZB,774,25586391,69900.0,7327.0,33057.0,10,33253.0,31856.0,33057.0,53.0,01_시즌
2021,2021-10-17,겨울_자켓_싱글재킷_ZA,742,129069270,259000.0,11921.0,173948.0,10,182590.0,174500.0,173948.0,33.0,01_시즌
2021,2021-10-17,겨울_점퍼_패딩점퍼_ZB,641,66997408,299000.0,27993.0,115150.0,10,138458.0,111824.0,104520.0,65.0,01_시즌
2021,2021-10-17,겨울_조끼_패딩베스트_ZB,761,27390342,129000.0,12450.0,35824.0,10,36054.0,38797.0,35993.0,72.0,01_시즌
2021,2021-10-17,겨울_코트_싱글코트_ZA,57,18644139,549000.0,73081.0,327090.0,10,541679.0,348105.0,327090.0,40.0,01_시즌
2021,2021-10-17,겨울_코트_싱글코트_ZB,1090,178069934,329000.0,57176.0,163367.0,10,164635.0,180349.0,163367.0,50.0,01_시즌
2021,2021-10-17,겨울_팬츠_니트팬츠_ZB,296,11913094,69900.0,8203.0,40247.0,10,40156.0,36167.0,40247.0,42.0,01_시즌
2021,2021-10-17,겨울_팬츠_팬츠(일반)_ZA,1073,78666619,114450.0,7216.0,59092.0,10,69656.0,65190.0,73315.0,36.0,01_시즌
2021,2021-10-17,사계절_니트 셔츠_라운드_ZB,364,4031610,19900.0,5405.0,11076.0,10,14074.0,14508.0,11076.0,44.0,01_시즌
2021,2021-10-17,사계절_데님_데님팬츠_ZB,286,12258239,79900.0,11955.0,42638.0,10,44926.0,51123.0,42861.0,46.0,01_시즌
2021,2021-10-17,사계절_수트_블레이져(수트)_ZB,144,23606560,205667.0,36284.0,216380.0,10,165840.0,134016.0,163934.0,20.0,01_시즌
2021,2021-10-17,사계절_수트_수트팬츠_ZB,131,11693680,104000.0,17231.0,77919.0,10,78970.0,67813.0,89265.0,14.0,01_시즌
2021,2021-10-17,사계절_우븐 셔츠_드레스셔츠_ZB,1112,30173711,56567.0,7777.0,32009.0,10,29243.0,32928.0,27135.0,52.0,01_시즌
2021,2021-10-17,사계절_우븐 셔츠_드레스셔츠_ZC,10,261745,39900.0,7535.0,26174.0,10,29333.0,28709.0,26174.0,34.0,01_시즌
2021,2021-10-17,사계절_자켓_싱글재킷_ZB,8,1434640,199000.0,23618.0,179330.0,10,128486.0,110719.0,179330.0,10.0,01_시즌
2021,2021-10-17,사계절_팬츠_니트팬츠_ZB,27,1137495,59900.0,5808.0,38612.0,10,38807.0,36685.0,42129.0,30.0,01_시즌
2021,2021-10-17,사계절_팬츠_팬츠(일반)_ZB,1787,76916649,77400.0,10288.0,41042.0,10,39387.0,41957.0,43042.0,44.0,01_시즌
2021,2021-10-24,가을_니트 셔츠_라운드_ZB,1122,29344181,69900.0,7466.0,26233.0,10,27723.0,29365.0,26153.0,63.0,01_시즌
2021,2021-10-24,가을_수트_블레이져(수트)_ZB,183,33925473,239000.0,36875.0,185336.0,10,184830.0,181224.0,185385.0,22.0,01_시즌
2021,2021-10-24,가을_수트_블레이져(수트)_ZC,24,4517100,239000.0,37750.0,188212.0,10,184968.0,175965.0,188212.0,21.0,01_시즌
2021,2021-10-24,가을_수트_수트팬츠_ZB,203,20461261,129000.0,18879.0,101318.0,10,100069.0,95767.0,100794.0,22.0,01_시즌
2021,2021-10-24,가을_수트_수트팬츠_ZC,23,2312970,129000.0,19972.0,100564.0,10,99755.0,97026.0,100564.0,22.0,01_시즌
2021,2021-10-24,가을_스웨터_T-에리_ZA,560,25254427,99900.0,10960.0,45097.0,10,44339.0,48070.0,45097.0,55.0,01_시즌
2021,2021-10-24,가을_스웨터_오픈형(CARDIGAN)_ZB,402,25407247,159900.0,16809.0,63202.0,10,65372.0,68442.0,63202.0,60.0,01_시즌
2021,2021-10-24,가을_우븐 셔츠_캐쥬얼셔츠_ZB,541,17477636,69900.0,7391.0,32306.0,10,29283.0,34602.0,32306.0,54.0,01_시즌
2021,2021-10-24,가을_코트_싱글코트_ZB,413,37971155,249000.0,21874.0,91940.0,10,94242.0,118117.0,91940.0,63.0,01_시즌
2021,2021-10-24,가을_팬츠_팬츠(일반)_ZB,307,12798106,89900.0,10790.0,41688.0,10,43167.0,47228.0,41688.0,54.0,01_시즌
2021,2021-10-24,겨울_니트 셔츠_라운드_ZB,4822,148500408,69900.0,7413.0,30039.0,10,30183.0,29108.0,30796.0,56.0,01_시즌
2021,2021-10-24,겨울_니트 셔츠_오픈형티(맨투맨 등)_ZB,1563,88617231,163233.0,16586.0,60819.0,10,64922.0,69075.0,56697.0,65.0,01_시즌
2021,2021-10-24,겨울_니트 셔츠_후드티_ZB,590,22908728,89900.0,9424.0,38828.0,10,41916.0,34728.0,38828.0,57.0,01_시즌
2021,2021-10-24,겨울_사파리_패딩사파리_ZA,183,44341900,499000.0,38210.0,242305.0,10,277606.0,202485.0,242305.0,51.0,01_시즌
2021,2021-10-24,겨울_사파리_패딩사파리_ZB,933,139223909,519000.0,57715.0,223627.0,10,282353.0,217449.0,149222.0,71.0,01_시즌
2021,2021-10-24,겨울_수트_블레이져(수트)_ZB,674,124249806,239000.0,40144.0,184554.0,10,182949.0,184558.0,184347.0,23.0,01_시즌
2021,2021-10-24,겨울_수트_블레이져(수트)_ZC,146,27125929,239000.0,41784.0,185794.0,10,186090.0,184035.0,185794.0,22.0,01_시즌
2021,2021-10-24,겨울_수트_수트팬츠_ZB,797,79479446,129000.0,20326.0,99854.0,10,99558.0,99523.0,99723.0,23.0,01_시즌
2021,2021-10-24,겨울_수트_수트팬츠_ZC,160,16059105,129000.0,21184.0,100369.0,10,99911.0,100060.0,100369.0,22.0,01_시즌
2021,2021-10-24,겨울_스웨터_T-에리_ZB,537,26871056,99900.0,10133.0,50039.0,10,48314.0,42243.0,50039.0,50.0,01_시즌
2021,2021-10-24,겨울_스웨터_Turtle_ZA,149,17703688,199900.0,23943.0,119028.0,10,106157.0,104270.0,118817.0,41.0,01_시즌
2021,2021-10-24,겨울_스웨터_Turtle_ZB,454,24883703,99900.0,10902.0,55070.0,10,55661.0,44066.0,54810.0,45.0,01_시즌
2021,2021-10-24,겨울_스웨터_VEST_ZB,195,9566450,89900.0,7457.0,49059.0,10,50034.0,43652.0,49059.0,45.0,01_시즌
2021,2021-10-24,겨울_스웨터_라운드_ZA,289,14983532,139900.0,11454.0,51846.0,10,60713.0,64252.0,51846.0,63.0,01_시즌
2021,2021-10-24,겨울_스웨터_라운드_ZB,3094,123406748,89900.0,9920.0,39886.0,10,40795.0,42894.0,39886.0,56.0,01_시즌
2021,2021-10-24,겨울_스웨터_오픈형(CARDIGAN)_ZA,514,46398349,173233.0,18618.0,92744.0,10,92292.0,81188.0,90269.0,48.0,01_시즌
2021,2021-10-24,겨울_우븐 셔츠_캐쥬얼셔츠_ZA,819,41504548,103233.0,11576.0,53227.0,10,51080.0,45911.0,50677.0,51.0,01_시즌
2021,2021-10-24,겨울_우븐 셔츠_캐쥬얼셔츠_ZB,541,17172833,69900.0,7327.0,31743.0,10,33253.0,31856.0,31743.0,55.0,01_시즌
2021,2021-10-24,겨울_자켓_싱글재킷_ZA,441,73885788,259000.0,11923.0,167541.0,10,182590.0,174500.0,167541.0,35.0,01_시즌
2021,2021-10-24,겨울_점퍼_패딩점퍼_ZB,1112,117036958,299000.0,28018.0,112476.0,10,138458.0,111824.0,105249.0,65.0,01_시즌
2021,2021-10-24,겨울_조끼_패딩베스트_ZB,1607,54635672,129000.0,12450.0,33900.0,10,36054.0,38797.0,33999.0,74.0,01_시즌
2021,2021-10-24,겨울_코트_싱글코트_ZA,189,43585100,549000.0,73081.0,230609.0,10,541679.0,348105.0,230609.0,58.0,01_시즌
2021,2021-10-24,겨울_코트_싱글코트_ZB,640,106319555,329000.0,57176.0,166124.0,10,164635.0,180349.0,166124.0,50.0,01_시즌
2021,2021-10-24,겨울_팬츠_니트팬츠_ZB,583,22383373,69900.0,8203.0,38393.0,10,40156.0,36167.0,38393.0,45.0,01_시즌
2021,2021-10-24,겨울_팬츠_팬츠(일반)_ZA,1145,69208340,114450.0,7218.0,58304.0,10,69656.0,65190.0,60444.0,47.0,01_시즌
2021,2021-10-24,사계절_니트 셔츠_라운드_ZB,337,3711470,19900.0,5405.0,11013.0,10,14074.0,14508.0,11013.0,45.0,01_시즌
2021,2021-10-24,사계절_데님_데님팬츠_ZB,245,10651101,79900.0,11955.0,44691.0,10,44926.0,51123.0,43474.0,46.0,01_시즌
2021,2021-10-24,사계절_수트_블레이져(수트)_ZB,110,16373217,205667.0,36284.0,140856.0,10,165840.0,134016.0,148847.0,28.0,01_시즌
2021,2021-10-24,사계절_수트_수트팬츠_ZB,144,11220506,104000.0,17231.0,73102.0,10,78970.0,67813.0,77920.0,25.0,01_시즌
2021,2021-10-24,사계절_우븐 셔츠_드레스셔츠_ZB,1174,29824394,56567.0,7777.0,28314.0,10,29243.0,32928.0,25404.0,55.0,01_시즌
2021,2021-10-24,사계절_우븐 셔츠_드레스셔츠_ZC,4,123000,39900.0,7535.0,30750.0,10,29333.0,28709.0,30750.0,23.0,01_시즌
2021,2021-10-24,사계절_자켓_싱글재킷_ZB,5,1342699,199000.0,23618.0,268540.0,10,128486.0,110719.0,268540.0,-35.0,01_시즌
2021,2021-10-24,사계절_팬츠_니트팬츠_ZB,17,733337,59900.0,5808.0,62128.0,10,38807.0,36685.0,43137.0,28.0,01_시즌
2021,2021-10-24,사계절_팬츠_팬츠(일반)_ZB,1408,59574242,77400.0,10288.0,39161.0,10,39387.0,41957.0,42311.0,45.0,01_시즌
2021,2021-10-31,가을_니트 셔츠_라운드_ZB,1558,40159798,69900.0,7466.0,25682.0,10,27723.0,29365.0,25777.0,63.0,01_시즌
2021,2021-10-31,가을_수트_블레이져(수트)_ZB,620,116456952,239000.0,38119.0,185330.0,10,184830.0,181224.0,187834.0,21.0,01_시즌
2021,2021-10-31,가을_수트_블레이져(수트)_ZC,26,4721003,239000.0,37750.0,181577.0,10,184968.0,175965.0,181577.0,24.0,01_시즌
2021,2021-10-31,가을_수트_수트팬츠_ZB,719,73073726,129000.0,19330.0,100839.0,10,100069.0,95767.0,101632.0,21.0,01_시즌
2021,2021-10-31,가을_수트_수트팬츠_ZC,31,3038990,129000.0,19972.0,98032.0,10,99755.0,97026.0,98032.0,24.0,01_시즌
2021,2021-10-31,가을_스웨터_T-에리_ZA,926,38016844,99900.0,10960.0,41055.0,10,44339.0,48070.0,41055.0,59.0,01_시즌
2021,2021-10-31,가을_스웨터_오픈형(CARDIGAN)_ZB,622,38865200,159900.0,16809.0,62484.0,10,65372.0,68442.0,62484.0,61.0,01_시즌
2021,2021-10-31,가을_우븐 셔츠_캐쥬얼셔츠_ZB,686,19579584,69900.0,7391.0,28542.0,10,29283.0,34602.0,28542.0,59.0,01_시즌
2021,2021-10-31,가을_코트_싱글코트_ZB,169,15678364,249000.0,21874.0,92771.0,10,94242.0,118117.0,92771.0,63.0,01_시즌
2021,2021-10-31,가을_팬츠_팬츠(일반)_ZB,218,9475384,89900.0,10790.0,43465.0,10,43167.0,47228.0,43465.0,52.0,01_시즌
2021,2021-10-31,겨울_니트 셔츠_라운드_ZB,4274,118358693,69900.0,7413.0,28008.0,10,30183.0,29108.0,27693.0,60.0,01_시즌
2021,2021-10-31,겨울_니트 셔츠_오픈형티(맨투맨 등)_ZB,1313,70493403,163233.0,16586.0,62839.0,10,64922.0,69075.0,53689.0,67.0,01_시즌
2021,2021-10-31,겨울_니트 셔츠_후드티_ZB,289,10724850,89900.0,9424.0,37110.0,10,41916.0,34728.0,37110.0,59.0,01_시즌
2021,2021-10-31,겨울_사파리_패딩사파리_ZA,47,11559200,499000.0,38210.0,245940.0,10,277606.0,202485.0,245940.0,51.0,01_시즌
2021,2021-10-31,겨울_사파리_패딩사파리_ZB,1606,217533512,519000.0,57714.0,239893.0,10,282353.0,217449.0,135451.0,74.0,01_시즌
2021,2021-10-31,겨울_수트_블레이져(수트)_ZB,409,75283027,239000.0,40143.0,183968.0,10,182949.0,184558.0,184066.0,23.0,01_시즌
2021,2021-10-31,겨울_수트_블레이져(수트)_ZC,118,22234845,239000.0,41784.0,188431.0,10,186090.0,184035.0,188431.0,21.0,01_시즌
2021,2021-10-31,겨울_수트_수트팬츠_ZB,348,34192462,129000.0,20326.0,101713.0,10,99558.0,99523.0,98254.0,24.0,01_시즌
2021,2021-10-31,겨울_수트_수트팬츠_ZC,102,10215510,129000.0,21184.0,100152.0,10,99911.0,100060.0,100152.0,22.0,01_시즌
2021,2021-10-31,겨울_스웨터_T-에리_ZB,499,20438009,99900.0,10133.0,40958.0,10,48314.0,42243.0,40958.0,59.0,01_시즌
2021,2021-10-31,겨울_스웨터_Turtle_ZA,26,4270010,199900.0,23943.0,126553.0,10,106157.0,104270.0,164231.0,18.0,01_시즌
2021,2021-10-31,겨울_스웨터_Turtle_ZB,786,43206490,99900.0,10902.0,54972.0,10,55661.0,44066.0,54970.0,45.0,01_시즌
2021,2021-10-31,겨울_스웨터_VEST_ZB,175,8631600,89900.0,7457.0,49323.0,10,50034.0,43652.0,49323.0,45.0,01_시즌
2021,2021-10-31,겨울_스웨터_라운드_ZA,158,10519614,139900.0,11454.0,66580.0,10,60713.0,64252.0,66580.0,52.0,01_시즌
2021,2021-10-31,겨울_스웨터_라운드_ZB,2709,105613634,89900.0,9920.0,38986.0,10,40795.0,42894.0,38986.0,57.0,01_시즌
2021,2021-10-31,겨울_스웨터_오픈형(CARDIGAN)_ZA,371,33592005,173233.0,18618.0,87908.0,10,92292.0,81188.0,90544.0,48.0,01_시즌
2021,2021-10-31,겨울_우븐 셔츠_캐쥬얼셔츠_ZA,364,17845899,103233.0,11576.0,49353.0,10,51080.0,45911.0,49027.0,53.0,01_시즌
2021,2021-10-31,겨울_우븐 셔츠_캐쥬얼셔츠_ZB,376,12324392,69900.0,7327.0,32778.0,10,33253.0,31856.0,32778.0,53.0,01_시즌
2021,2021-10-31,겨울_자켓_싱글재킷_ZA,458,78364816,259000.0,11921.0,171102.0,10,182590.0,174500.0,171102.0,34.0,01_시즌
2021,2021-10-31,겨울_점퍼_패딩점퍼_ZB,867,87800197,299000.0,28014.0,102153.0,10,138458.0,111824.0,101269.0,66.0,01_시즌
2021,2021-10-31,겨울_조끼_패딩베스트_ZB,1093,39778960,129000.0,12450.0,36714.0,10,36054.0,38797.0,36394.0,72.0,01_시즌
2021,2021-10-31,겨울_코트_싱글코트_ZA,228,57773665,549000.0,73081.0,253393.0,10,541679.0,348105.0,253393.0,54.0,01_시즌
2021,2021-10-31,겨울_코트_싱글코트_ZB,1048,169555657,329000.0,57212.0,161790.0,10,164635.0,180349.0,161790.0,51.0,01_시즌
2021,2021-10-31,겨울_팬츠_니트팬츠_ZB,504,18551176,69900.0,8203.0,36808.0,10,40156.0,36167.0,36808.0,47.0,01_시즌
2021,2021-10-31,겨울_팬츠_팬츠(일반)_ZA,902,62318187,114450.0,7218.0,61717.0,10,69656.0,65190.0,69089.0,40.0,01_시즌
2021,2021-10-31,겨울_팬츠_팬츠(일반)_ZB,817,35273229,89900.0,10985.0,43174.0,10,43174.0,40462.0,43174.0,52.0,01_시즌
2021,2021-10-31,사계절_니트 셔츠_라운드_ZB,213,2603555,19900.0,5405.0,12223.0,10,14074.0,14508.0,12223.0,39.0,01_시즌
2021,2021-10-31,사계절_데님_데님팬츠_ZB,238,9587911,79900.0,11955.0,41802.0,10,44926.0,51123.0,40285.0,50.0,01_시즌
2021,2021-10-31,사계절_수트_블레이져(수트)_ZB,175,25612068,205667.0,36284.0,162758.0,10,165840.0,134016.0,146355.0,29.0,01_시즌
2021,2021-10-31,사계절_수트_수트팬츠_ZB,226,15273290,104000.0,17231.0,80674.0,10,78970.0,67813.0,67581.0,35.0,01_시즌
2021,2021-10-31,사계절_우븐 셔츠_드레스셔츠_ZB,1584,34331494,56567.0,7777.0,27079.0,10,29243.0,32928.0,21674.0,62.0,01_시즌
2021,2021-10-31,사계절_우븐 셔츠_드레스셔츠_ZC,9,240945,39900.0,7535.0,26772.0,10,29333.0,28709.0,26772.0,33.0,01_시즌
2021,2021-10-31,사계절_자켓_싱글재킷_ZB,38,2939025,199000.0,23618.0,77343.0,10,128486.0,110719.0,77343.0,61.0,01_시즌
2021,2021-10-31,사계절_팬츠_니트팬츠_ZB,36,934695,59900.0,5808.0,25964.0,10,38807.0,36685.0,25964.0,57.0,01_시즌
2021,2021-10-31,사계절_팬츠_팬츠(일반)_ZB,1335,54952841,77400.0,10288.0,39618.0,10,39387.0,41957.0,41163.0,47.0,01_시즌
2021,2021-11-07,가을_니트 셔츠_라운드_ZB,1156,27711717,69900.0,7466.0,24252.0,11,20492.0,29365.0,23972.0,66.0,01_시즌
2021,2021-11-07,가을_수트_블레이져(수트)_ZB,434,80827819,239000.0,38119.0,185042.0,11,187617.0,181224.0,186239.0,22.0,01_시즌
2021,2021-11-07,가을_수트_블레이져(수트)_ZC,31,5736000,239000.0,37750.0,185032.0,11,184263.0,175965.0,185032.0,23.0,01_시즌
2021,2021-11-07,가을_수트_수트팬츠_ZB,290,28689813,129000.0,19330.0,99557.0,11,94777.0,95767.0,98930.0,23.0,01_시즌
2021,2021-11-07,가을_수트_수트팬츠_ZC,30,2915523,129000.0,19972.0,97184.0,11,99437.0,97026.0,97184.0,25.0,01_시즌
2021,2021-11-07,가을_스웨터_T-에리_ZA,432,19479899,99900.0,10960.0,45092.0,11,40714.0,48070.0,45092.0,55.0,01_시즌
2021,2021-11-07,가을_스웨터_오픈형(CARDIGAN)_ZB,278,18327000,159900.0,16809.0,65924.0,11,67460.0,68442.0,65924.0,59.0,01_시즌
2021,2021-11-07,가을_우븐 셔츠_캐쥬얼셔츠_ZB,299,9593610,69900.0,7391.0,32086.0,11,29454.0,34602.0,32086.0,54.0,01_시즌
2021,2021-11-07,가을_코트_싱글코트_ZB,191,17949531,249000.0,21874.0,93977.0,11,102095.0,118117.0,93977.0,62.0,01_시즌
2021,2021-11-07,가을_팬츠_팬츠(일반)_ZB,292,12374996,89900.0,10790.0,42380.0,11,38903.0,47228.0,42380.0,53.0,01_시즌
2021,2021-11-07,겨울_니트 셔츠_라운드_ZB,6689,175834689,69900.0,7413.0,26568.0,11,25424.0,29108.0,26287.0,62.0,01_시즌
2021,2021-11-07,겨울_니트 셔츠_오픈형티(맨투맨 등)_ZB,1769,87827950,163233.0,16586.0,55750.0,11,54031.0,69075.0,49648.0,70.0,01_시즌
2021,2021-11-07,겨울_니트 셔츠_후드티_ZB,802,26445600,89900.0,9424.0,32975.0,11,32467.0,34728.0,32975.0,63.0,01_시즌
2021,2021-11-07,겨울_사파리_패딩사파리_ZA,76,18365000,499000.0,38435.0,241645.0,11,194270.0,202485.0,241645.0,52.0,01_시즌
2021,2021-11-07,겨울_사파리_패딩사파리_ZB,1421,157413666,519000.0,57809.0,305945.0,11,209299.0,217449.0,110777.0,79.0,01_시즌
2021,2021-11-07,겨울_수트_블레이져(수트)_ZB,1309,244954820,239000.0,40813.0,185941.0,11,184185.0,184558.0,187131.0,22.0,01_시즌
2021,2021-11-07,겨울_수트_블레이져(수트)_ZC,81,14568630,239000.0,41784.0,179860.0,11,181599.0,184035.0,179860.0,25.0,01_시즌
2021,2021-11-07,겨울_수트_수트팬츠_ZB,1507,152758715,129000.0,20353.0,100229.0,11,100281.0,99523.0,101366.0,21.0,01_시즌
2021,2021-11-07,겨울_수트_수트팬츠_ZC,84,8121270,129000.0,21184.0,96682.0,11,96778.0,100060.0,96682.0,25.0,01_시즌
2021,2021-11-07,겨울_스웨터_T-에리_ZB,1026,44426929,99900.0,11028.0,43301.0,11,38949.0,42243.0,43301.0,57.0,01_시즌
2021,2021-11-07,겨울_스웨터_Turtle_ZA,136,15430340,199900.0,23943.0,116297.0,11,98734.0,104270.0,113458.0,43.0,01_시즌
2021,2021-11-07,겨울_스웨터_Turtle_ZB,838,39937872,99900.0,11347.0,47874.0,11,42043.0,44066.0,47659.0,52.0,01_시즌
2021,2021-11-07,겨울_스웨터_VEST_ZB,190,8404200,89900.0,7915.0,44233.0,11,42082.0,43652.0,44233.0,51.0,01_시즌
2021,2021-11-07,겨울_스웨터_라운드_ZA,289,18701464,139900.0,11454.0,64711.0,11,61993.0,64252.0,64711.0,54.0,01_시즌
2021,2021-11-07,겨울_스웨터_라운드_ZB,3308,123851686,89900.0,10179.0,37440.0,11,36623.0,42894.0,37440.0,58.0,01_시즌
2021,2021-11-07,겨울_스웨터_오픈형(CARDIGAN)_ZA,318,28490900,173233.0,18996.0,86707.0,11,75709.0,81188.0,89594.0,48.0,01_시즌
2021,2021-11-07,겨울_우븐 셔츠_캐쥬얼셔츠_ZA,795,38048568,103233.0,11576.0,50640.0,11,44894.0,45911.0,47860.0,54.0,01_시즌
2021,2021-11-07,겨울_우븐 셔츠_캐쥬얼셔츠_ZB,545,15762625,69900.0,7327.0,28922.0,11,28117.0,31856.0,28922.0,59.0,01_시즌
2021,2021-11-07,겨울_자켓_싱글재킷_ZA,623,105821638,259000.0,43390.0,169858.0,11,173996.0,174500.0,169858.0,34.0,01_시즌
2021,2021-11-07,겨울_점퍼_패딩점퍼_ZB,1079,102916363,299000.0,28018.0,98134.0,11,95726.0,111824.0,95381.0,68.0,01_시즌
2021,2021-11-07,겨울_조끼_패딩베스트_ZB,1756,60978158,129000.0,12450.0,34958.0,11,33851.0,38797.0,34726.0,73.0,01_시즌
2021,2021-11-07,겨울_코트_싱글코트_ZA,213,46529475,549000.0,73081.0,218448.0,11,295241.0,348105.0,218448.0,60.0,01_시즌
2021,2021-11-07,겨울_코트_싱글코트_ZB,1260,197234798,329000.0,58691.0,156536.0,11,157226.0,180349.0,156536.0,52.0,01_시즌
2021,2021-11-07,겨울_팬츠_니트팬츠_ZB,1301,44843399,69900.0,8203.0,34468.0,11,31504.0,36167.0,34468.0,51.0,01_시즌
2021,2021-11-07,겨울_팬츠_팬츠(일반)_ZA,1266,77802080,114450.0,13318.0,58894.0,11,58923.0,65190.0,61455.0,46.0,01_시즌
2021,2021-11-07,겨울_팬츠_팬츠(일반)_ZB,897,39567947,89900.0,10738.0,44111.0,11,40214.0,40462.0,44111.0,51.0,01_시즌
2021,2021-11-07,사계절_니트 셔츠_라운드_ZB,41,693265,19900.0,5405.0,16909.0,11,16915.0,14508.0,16909.0,15.0,01_시즌
2021,2021-11-07,사계절_데님_데님팬츠_ZB,293,12567732,79900.0,11955.0,42855.0,11,41388.0,51123.0,42893.0,46.0,01_시즌
2021,2021-11-07,사계절_수트_블레이져(수트)_ZB,137,22055164,205667.0,36284.0,153268.0,11,148496.0,134016.0,160987.0,22.0,01_시즌
2021,2021-11-07,사계절_수트_수트팬츠_ZB,163,13113789,104000.0,17231.0,76330.0,11,74326.0,67813.0,80453.0,23.0,01_시즌
2021,2021-11-07,사계절_우븐 셔츠_드레스셔츠_ZB,1002,25374274,56567.0,7777.0,31480.0,11,32396.0,32928.0,25324.0,55.0,01_시즌
2021,2021-11-07,사계절_우븐 셔츠_드레스셔츠_ZC,2,58000,39900.0,7535.0,29000.0,11,26083.0,28709.0,29000.0,27.0,01_시즌
2021,2021-11-07,사계절_자켓_싱글재킷_ZB,23,2399514,199000.0,23618.0,104327.0,11,93933.0,110719.0,104327.0,48.0,01_시즌
2021,2021-11-07,사계절_팬츠_니트팬츠_ZB,18,721345,59900.0,5808.0,29263.0,11,37071.0,36685.0,40075.0,33.0,01_시즌
2021,2021-11-07,사계절_팬츠_팬츠(일반)_ZB,1120,46449185,77400.0,9926.0,38455.0,11,35736.0,41957.0,41472.0,46.0,01_시즌
2021,2021-11-14,가을_니트 셔츠_라운드_ZB,730,15449787,69900.0,7466.0,21334.0,11,20492.0,29365.0,21164.0,70.0,01_시즌
2021,2021-11-14,가을_수트_블레이져(수트)_ZB,73,13320584,239000.0,38119.0,188099.0,11,187617.0,181224.0,182474.0,24.0,01_시즌
2021,2021-11-14,가을_수트_블레이져(수트)_ZC,14,2494165,239000.0,37750.0,178155.0,11,184263.0,175965.0,178155.0,25.0,01_시즌
2021,2021-11-14,가을_수트_수트팬츠_ZB,181,18151703,129000.0,19330.0,99890.0,11,94777.0,95767.0,100286.0,22.0,01_시즌
2021,2021-11-14,가을_수트_수트팬츠_ZC,12,1273422,129000.0,19972.0,106118.0,11,99437.0,97026.0,106118.0,18.0,01_시즌
2021,2021-11-14,가을_스웨터_T-에리_ZA,398,16821426,99900.0,10960.0,42265.0,11,40714.0,48070.0,42265.0,58.0,01_시즌
2021,2021-11-14,가을_스웨터_오픈형(CARDIGAN)_ZB,153,10837400,159900.0,16809.0,70833.0,11,67460.0,68442.0,70833.0,56.0,01_시즌
2021,2021-11-14,가을_우븐 셔츠_캐쥬얼셔츠_ZB,269,8480865,69900.0,7391.0,31527.0,11,29454.0,34602.0,31527.0,55.0,01_시즌
2021,2021-11-14,가을_코트_싱글코트_ZB,54,5149403,249000.0,21874.0,95359.0,11,102095.0,118117.0,95359.0,62.0,01_시즌
2021,2021-11-14,가을_팬츠_팬츠(일반)_ZB,207,8182187,89900.0,10790.0,39527.0,11,38903.0,47228.0,39527.0,56.0,01_시즌
2021,2021-11-14,겨울_니트 셔츠_라운드_ZB,6150,164262974,69900.0,7413.0,27480.0,11,25424.0,29108.0,26709.0,62.0,01_시즌
2021,2021-11-14,겨울_니트 셔츠_오픈형티(맨투맨 등)_ZB,1104,56825453,163233.0,16586.0,55480.0,11,54031.0,69075.0,51472.0,68.0,01_시즌
2021,2021-11-14,겨울_니트 셔츠_후드티_ZB,801,29374780,89900.0,9424.0,36673.0,11,32467.0,34728.0,36673.0,59.0,01_시즌
2021,2021-11-14,겨울_사파리_패딩사파리_ZA,375,74031731,499000.0,38435.0,197418.0,11,194270.0,202485.0,197418.0,60.0,01_시즌
2021,2021-11-14,겨울_사파리_패딩사파리_ZB,3044,415311734,519000.0,57809.0,194599.0,11,209299.0,217449.0,136436.0,74.0,01_시즌
2021,2021-11-14,겨울_수트_블레이져(수트)_ZA,355,81190481,319000.0,54259.0,229062.0,11,217481.0,188320.0,228706.0,28.0,01_시즌
2021,2021-11-14,겨울_수트_블레이져(수트)_ZB,339,63389530,239000.0,40813.0,182897.0,11,184185.0,184558.0,186990.0,22.0,01_시즌
2021,2021-11-14,겨울_수트_블레이져(수트)_ZC,31,5766200,239000.0,41784.0,186006.0,11,181599.0,184035.0,186006.0,22.0,01_시즌
2021,2021-11-14,겨울_수트_수트팬츠_ZA,490,63588138,179000.0,28983.0,129985.0,11,107801.0,94135.0,129772.0,28.0,01_시즌
2021,2021-11-14,겨울_수트_수트팬츠_ZB,261,26201858,129000.0,20353.0,102933.0,11,100281.0,99523.0,100390.0,22.0,01_시즌
2021,2021-11-14,겨울_수트_수트팬츠_ZC,26,2549400,129000.0,21184.0,98054.0,11,96778.0,100060.0,98054.0,24.0,01_시즌
2021,2021-11-14,겨울_스웨터_T-에리_ZB,870,38688865,99900.0,11028.0,44470.0,11,38949.0,42243.0,44470.0,55.0,01_시즌
2021,2021-11-14,겨울_스웨터_Turtle_ZA,129,13343960,199900.0,23943.0,93150.0,11,98734.0,104270.0,103442.0,48.0,01_시즌
2021,2021-11-14,겨울_스웨터_Turtle_ZB,1569,67062643,99900.0,11347.0,42794.0,11,42043.0,44066.0,42742.0,57.0,01_시즌
2021,2021-11-14,겨울_스웨터_VEST_ZB,222,9328800,89900.0,7915.0,42022.0,11,42082.0,43652.0,42022.0,53.0,01_시즌
2021,2021-11-14,겨울_스웨터_라운드_ZA,307,21238347,139900.0,11454.0,69180.0,11,61993.0,64252.0,69180.0,51.0,01_시즌
2021,2021-11-14,겨울_스웨터_라운드_ZB,3104,120786243,89900.0,10179.0,38913.0,11,36623.0,42894.0,38913.0,57.0,01_시즌
2021,2021-11-14,겨울_스웨터_오픈형(CARDIGAN)_ZA,345,26937906,173233.0,18996.0,77154.0,11,75709.0,81188.0,78081.0,55.0,01_시즌
2021,2021-11-14,겨울_우븐 셔츠_캐쥬얼셔츠_ZA,761,32663584,103233.0,11576.0,43351.0,11,44894.0,45911.0,42922.0,58.0,01_시즌
2021,2021-11-14,겨울_우븐 셔츠_캐쥬얼셔츠_ZB,622,19242532,69900.0,7327.0,30937.0,11,28117.0,31856.0,30937.0,56.0,01_시즌
2021,2021-11-14,겨울_자켓_싱글재킷_ZA,261,47912721,259000.0,43390.0,183574.0,11,173996.0,174500.0,183574.0,29.0,01_시즌
2021,2021-11-14,겨울_점퍼_패딩점퍼_ZB,1550,175719000,299000.0,28018.0,106124.0,11,95726.0,111824.0,113367.0,62.0,01_시즌
2021,2021-11-14,겨울_조끼_패딩베스트_ZB,1162,40313234,129000.0,12450.0,34154.0,11,33851.0,38797.0,34693.0,73.0,01_시즌
2021,2021-11-14,겨울_코트_싱글코트_ZA,333,78945903,549000.0,73081.0,237075.0,11,295241.0,348105.0,237075.0,57.0,01_시즌
2021,2021-11-14,겨울_코트_싱글코트_ZB,1448,246706792,329000.0,58691.0,170378.0,11,157226.0,180349.0,170378.0,48.0,01_시즌
2021,2021-11-14,겨울_팬츠_니트팬츠_ZB,1167,43038227,69900.0,8203.0,36879.0,11,31504.0,36167.0,36879.0,47.0,01_시즌
2021,2021-11-14,겨울_팬츠_팬츠(일반)_ZA,1056,59195069,114450.0,13318.0,63116.0,11,58923.0,65190.0,56056.0,51.0,01_시즌
2021,2021-11-14,겨울_팬츠_팬츠(일반)_ZB,861,32787327,89900.0,10738.0,38081.0,11,40214.0,40462.0,38081.0,58.0,01_시즌
2021,2021-11-14,사계절_니트 셔츠_라운드_ZB,76,1048285,19900.0,5405.0,13793.0,11,16915.0,14508.0,13793.0,31.0,01_시즌
2021,2021-11-14,사계절_데님_데님팬츠_ZB,194,7727369,79900.0,11955.0,42814.0,11,41388.0,51123.0,39832.0,50.0,01_시즌
2021,2021-11-14,사계절_수트_블레이져(수트)_ZB,85,13170430,205667.0,36284.0,157845.0,11,148496.0,134016.0,154946.0,25.0,01_시즌
2021,2021-11-14,사계절_수트_수트팬츠_ZB,109,8647212,104000.0,17231.0,77903.0,11,74326.0,67813.0,79332.0,24.0,01_시즌
2021,2021-11-14,사계절_우븐 셔츠_드레스셔츠_ZB,747,19947022,56567.0,7777.0,33109.0,11,32396.0,32928.0,26703.0,53.0,01_시즌
2021,2021-11-14,사계절_우븐 셔츠_드레스셔츠_ZC,2,58000,39900.0,7535.0,29000.0,11,26083.0,28709.0,29000.0,27.0,01_시즌
2021,2021-11-14,사계절_자켓_싱글재킷_ZB,7,870115,199000.0,23618.0,124302.0,11,93933.0,110719.0,124302.0,38.0,01_시즌
2021,2021-11-14,사계절_팬츠_니트팬츠_ZB,17,751740,59900.0,5808.0,44397.0,11,37071.0,36685.0,44220.0,26.0,01_시즌
2021,2021-11-14,사계절_팬츠_팬츠(일반)_ZB,856,32870542,77400.0,9926.0,36553.0,11,35736.0,41957.0,38400.0,50.0,01_시즌
2021,2021-11-21,가을_니트 셔츠_라운드_ZB,893,16672926,69900.0,7466.0,18584.0,11,20492.0,29365.0,18671.0,73.0,01_시즌
2021,2021-11-21,가을_수트_블레이져(수트)_ZB,88,15660601,239000.0,38119.0,205158.0,11,187617.0,181224.0,177961.0,26.0,01_시즌
2021,2021-11-21,가을_수트_블레이져(수트)_ZC,21,3919600,239000.0,37750.0,186648.0,11,184263.0,175965.0,186648.0,22.0,01_시즌
2021,2021-11-21,가을_수트_수트팬츠_ZB,106,10029662,129000.0,19330.0,88767.0,11,94777.0,95767.0,94619.0,27.0,01_시즌
2021,2021-11-21,가을_수트_수트팬츠_ZC,19,1883400,129000.0,19972.0,99126.0,11,99437.0,97026.0,99126.0,23.0,01_시즌
2021,2021-11-21,가을_스웨터_T-에리_ZA,336,12706293,99900.0,10960.0,37816.0,11,40714.0,48070.0,37816.0,62.0,01_시즌
2021,2021-11-21,가을_스웨터_오픈형(CARDIGAN)_ZB,127,9018290,159900.0,16809.0,71010.0,11,67460.0,68442.0,71010.0,56.0,01_시즌
2021,2021-11-21,가을_우븐 셔츠_캐쥬얼셔츠_ZB,264,6678143,69900.0,7391.0,25296.0,11,29454.0,34602.0,25296.0,64.0,01_시즌
2021,2021-11-21,가을_코트_싱글코트_ZB,38,2172638,249000.0,21874.0,57175.0,11,102095.0,118117.0,57175.0,77.0,01_시즌
2021,2021-11-21,가을_팬츠_팬츠(일반)_ZB,187,6506103,89900.0,10790.0,34792.0,11,38903.0,47228.0,34792.0,61.0,01_시즌
2021,2021-11-21,겨울_니트 셔츠_라운드_ZB,3924,98636381,69900.0,7413.0,25434.0,11,25424.0,29108.0,25137.0,64.0,01_시즌
2021,2021-11-21,겨울_니트 셔츠_오픈형티(맨투맨 등)_ZB,1394,65944052,163233.0,16586.0,53780.0,11,54031.0,69075.0,47306.0,71.0,01_시즌
2021,2021-11-21,겨울_니트 셔츠_후드티_ZB,250,7263000,89900.0,9424.0,29052.0,11,32467.0,34728.0,29052.0,68.0,01_시즌
2021,2021-11-21,겨울_사파리_패딩사파리_ZA,293,47198170,499000.0,38435.0,161086.0,11,194270.0,202485.0,161086.0,68.0,01_시즌
2021,2021-11-21,겨울_사파리_패딩사파리_ZB,2042,241502057,519000.0,57812.0,155974.0,11,209299.0,217449.0,118267.0,77.0,01_시즌
2021,2021-11-21,겨울_수트_블레이져(수트)_ZA,1117,247175184,319000.0,54259.0,216964.0,11,217481.0,188320.0,221285.0,31.0,01_시즌
2021,2021-11-21,겨울_수트_블레이져(수트)_ZB,344,64092139,239000.0,40813.0,185111.0,11,184185.0,184558.0,186314.0,22.0,01_시즌
2021,2021-11-21,겨울_수트_블레이져(수트)_ZC,18,3250400,239000.0,41784.0,180578.0,11,181599.0,184035.0,180578.0,24.0,01_시즌
2021,2021-11-21,겨울_수트_수트팬츠_ZA,1302,159993318,179000.0,28983.0,72208.0,11,107801.0,94135.0,122883.0,31.0,01_시즌
2021,2021-11-21,겨울_수트_수트팬츠_ZB,301,29908356,129000.0,20353.0,98718.0,11,100281.0,99523.0,99363.0,23.0,01_시즌
2021,2021-11-21,겨울_수트_수트팬츠_ZC,23,2192350,129000.0,21184.0,95320.0,11,96778.0,100060.0,95320.0,26.0,01_시즌
2021,2021-11-21,겨울_스웨터_T-에리_ZB,883,31887000,99900.0,11028.0,36112.0,11,38949.0,42243.0,36112.0,64.0,01_시즌
2021,2021-11-21,겨울_스웨터_Turtle_ZA,207,20648662,199900.0,23943.0,92393.0,11,98734.0,104270.0,99752.0,50.0,01_시즌
2021,2021-11-21,겨울_스웨터_Turtle_ZB,1348,50525913,99900.0,11347.0,37423.0,11,42043.0,44066.0,37482.0,62.0,01_시즌
2021,2021-11-21,겨울_스웨터_VEST_ZB,227,8847200,89900.0,7915.0,38974.0,11,42082.0,43652.0,38974.0,57.0,01_시즌
2021,2021-11-21,겨울_스웨터_라운드_ZA,382,21375049,139900.0,11454.0,55956.0,11,61993.0,64252.0,55956.0,60.0,01_시즌
2021,2021-11-21,겨울_스웨터_라운드_ZB,2620,95816310,89900.0,10179.0,36571.0,11,36623.0,42894.0,36571.0,59.0,01_시즌
2021,2021-11-21,겨울_스웨터_오픈형(CARDIGAN)_ZA,269,21623765,173233.0,18996.0,80174.0,11,75709.0,81188.0,80386.0,54.0,01_시즌
2021,2021-11-21,겨울_우븐 셔츠_캐쥬얼셔츠_ZA,694,28052195,103233.0,11576.0,40932.0,11,44894.0,45911.0,40421.0,61.0,01_시즌
2021,2021-11-21,겨울_우븐 셔츠_캐쥬얼셔츠_ZB,352,8917913,69900.0,7327.0,25335.0,11,28117.0,31856.0,25335.0,64.0,01_시즌
2021,2021-11-21,겨울_자켓_싱글재킷_ZA,298,50597998,259000.0,43390.0,169792.0,11,173996.0,174500.0,169792.0,34.0,01_시즌
2021,2021-11-21,겨울_점퍼_패딩점퍼_ZB,809,81120205,299000.0,28018.0,103138.0,11,95726.0,111824.0,100272.0,66.0,01_시즌
2021,2021-11-21,겨울_조끼_패딩베스트_ZB,1329,44611224,129000.0,12450.0,33673.0,11,33851.0,38797.0,33568.0,74.0,01_시즌
2021,2021-11-21,겨울_코트_더블코트_ZA,105,25845000,549000.0,91559.0,246143.0,11,246276.0,232500.0,246143.0,55.0,01_시즌
2021,2021-11-21,겨울_코트_더블코트_ZB,331,58052502,399000.0,59978.0,175385.0,11,175719.0,169291.0,175385.0,56.0,01_시즌
2021,2021-11-21,겨울_코트_싱글코트_ZA,730,181555495,699000.0,104235.0,317166.0,11,295241.0,348105.0,248706.0,64.0,01_시즌
2021,2021-11-21,겨울_코트_싱글코트_ZB,1787,262400118,329000.0,58767.0,146838.0,11,157226.0,180349.0,146838.0,55.0,01_시즌
2021,2021-11-21,겨울_팬츠_니트팬츠_ZB,433,10260962,69900.0,8203.0,23697.0,11,31504.0,36167.0,23697.0,66.0,01_시즌
2021,2021-11-21,겨울_팬츠_팬츠(일반)_ZA,994,54600420,114450.0,14704.0,54807.0,11,58923.0,65190.0,54930.0,52.0,01_시즌
2021,2021-11-21,겨울_팬츠_팬츠(일반)_ZB,966,36973871,89900.0,10716.0,38275.0,11,40214.0,40462.0,38275.0,57.0,01_시즌
2021,2021-11-21,사계절_니트 셔츠_라운드_ZB,34,626698,19900.0,5405.0,18432.0,11,16915.0,14508.0,18432.0,7.0,01_시즌
2021,2021-11-21,사계절_데님_데님팬츠_ZB,183,6966905,79900.0,11955.0,39320.0,11,41388.0,51123.0,38071.0,52.0,01_시즌
2021,2021-11-21,사계절_수트_블레이져(수트)_ZB,36,4625635,205667.0,36284.0,151707.0,11,148496.0,134016.0,128490.0,38.0,01_시즌
2021,2021-11-21,사계절_수트_수트팬츠_ZB,68,4783081,104000.0,17231.0,73864.0,11,74326.0,67813.0,70339.0,32.0,01_시즌
2021,2021-11-21,사계절_우븐 셔츠_드레스셔츠_ZB,659,18213252,56567.0,7777.0,33557.0,11,32396.0,32928.0,27638.0,51.0,01_시즌
2021,2021-11-21,사계절_우븐 셔츠_드레스셔츠_ZC,2,44000,39900.0,7535.0,22000.0,11,26083.0,28709.0,22000.0,45.0,01_시즌
2021,2021-11-21,사계절_자켓_싱글재킷_ZB,9,641357,199000.0,23618.0,71262.0,11,93933.0,110719.0,71262.0,64.0,01_시즌
2021,2021-11-21,사계절_팬츠_니트팬츠_ZB,11,424145,59900.0,5808.0,43662.0,11,37071.0,36685.0,38559.0,36.0,01_시즌
2021,2021-11-21,사계절_팬츠_팬츠(일반)_ZB,656,21392954,77400.0,9926.0,31886.0,11,35736.0,41957.0,32611.0,58.0,01_시즌
2021,2021-11-28,가을_니트 셔츠_라운드_ZB,573,10199394,69900.0,7466.0,17796.0,11,20492.0,29365.0,17800.0,75.0,01_시즌
2021,2021-11-28,가을_수트_블레이져(수트)_ZB,946,133571508,239000.0,38119.0,167017.0,11,187617.0,181224.0,141196.0,41.0,01_시즌
2021,2021-11-28,가을_수트_블레이져(수트)_ZC,6,1123300,239000.0,37750.0,187217.0,11,184263.0,175965.0,187217.0,22.0,01_시즌
2021,2021-11-28,가을_수트_수트팬츠_ZB,691,50654466,129000.0,19330.0,90894.0,11,94777.0,95767.0,73306.0,43.0,01_시즌
2021,2021-11-28,가을_수트_수트팬츠_ZC,14,1334500,129000.0,19972.0,95321.0,11,99437.0,97026.0,95321.0,26.0,01_시즌
2021,2021-11-28,가을_스웨터_T-에리_ZA,316,11907697,99900.0,10960.0,37683.0,11,40714.0,48070.0,37683.0,62.0,01_시즌
2021,2021-11-28,가을_스웨터_오픈형(CARDIGAN)_ZB,157,9745700,159900.0,16809.0,62075.0,11,67460.0,68442.0,62075.0,61.0,01_시즌
2021,2021-11-28,가을_우븐 셔츠_캐쥬얼셔츠_ZB,296,8557113,69900.0,7391.0,28909.0,11,29454.0,34602.0,28909.0,59.0,01_시즌
2021,2021-11-28,가을_코트_싱글코트_ZB,230,37230100,249000.0,21874.0,161870.0,11,102095.0,118117.0,161870.0,35.0,01_시즌
2021,2021-11-28,가을_팬츠_팬츠(일반)_ZB,125,4864119,89900.0,10790.0,38913.0,11,38903.0,47228.0,38913.0,57.0,01_시즌
2021,2021-11-28,겨울_니트 셔츠_라운드_ZB,3683,87340324,69900.0,7413.0,22215.0,11,25424.0,29108.0,23714.0,66.0,01_시즌
2021,2021-11-28,겨울_니트 셔츠_오픈형티(맨투맨 등)_ZB,1042,49074278,163233.0,16586.0,51114.0,11,54031.0,69075.0,47096.0,71.0,01_시즌
2021,2021-11-28,겨울_니트 셔츠_후드티_ZB,1218,37962000,89900.0,9424.0,31167.0,11,32467.0,34728.0,31167.0,65.0,01_시즌
2021,2021-11-28,겨울_사파리_패딩사파리_ZA,431,76256651,499000.0,38441.0,176930.0,11,194270.0,202485.0,176930.0,65.0,01_시즌
2021,2021-11-28,겨울_사파리_패딩사파리_ZB,2457,328415344,519000.0,57814.0,180676.0,11,209299.0,217449.0,133665.0,74.0,01_시즌
2021,2021-11-28,겨울_수트_블레이져(수트)_ZA,492,110375196,319000.0,54259.0,206417.0,11,217481.0,188320.0,224340.0,30.0,01_시즌
2021,2021-11-28,겨울_수트_블레이져(수트)_ZB,217,39515762,239000.0,40813.0,182791.0,11,184185.0,184558.0,182100.0,24.0,01_시즌
2021,2021-11-28,겨울_수트_블레이져(수트)_ZC,17,3059200,239000.0,41784.0,179953.0,11,181599.0,184035.0,179953.0,25.0,01_시즌
2021,2021-11-28,겨울_수트_수트팬츠_ZA,503,63520463,179000.0,28983.0,121211.0,11,107801.0,94135.0,126283.0,29.0,01_시즌
2021,2021-11-28,겨울_수트_수트팬츠_ZB,262,25922742,129000.0,20353.0,99245.0,11,100281.0,99523.0,98942.0,23.0,01_시즌
2021,2021-11-28,겨울_수트_수트팬츠_ZC,21,2038200,129000.0,21184.0,97057.0,11,96778.0,100060.0,97057.0,25.0,01_시즌
2021,2021-11-28,겨울_스웨터_T-에리_ZB,494,15765200,99900.0,11028.0,31913.0,11,38949.0,42243.0,31913.0,68.0,01_시즌
2021,2021-11-28,겨울_스웨터_Turtle_ZA,257,23437089,199900.0,23943.0,93098.0,11,98734.0,104270.0,91195.0,54.0,01_시즌
2021,2021-11-28,겨울_스웨터_Turtle_ZB,1511,60772802,99900.0,11347.0,40080.0,11,42043.0,44066.0,40220.0,60.0,01_시즌
2021,2021-11-28,겨울_스웨터_VEST_ZB,121,5214800,89900.0,7915.0,43098.0,11,42082.0,43652.0,43098.0,52.0,01_시즌
2021,2021-11-28,겨울_스웨터_라운드_ZA,259,15054235,139900.0,11454.0,58124.0,11,61993.0,64252.0,58124.0,58.0,01_시즌
2021,2021-11-28,겨울_스웨터_라운드_ZB,2072,69552297,89900.0,10179.0,33568.0,11,36623.0,42894.0,33568.0,63.0,01_시즌
2021,2021-11-28,겨울_스웨터_오픈형(CARDIGAN)_ZA,143,11559250,173233.0,18996.0,58799.0,11,75709.0,81188.0,80834.0,53.0,01_시즌
2021,2021-11-28,겨울_우븐 셔츠_캐쥬얼셔츠_ZA,512,22228465,103233.0,11576.0,44653.0,11,44894.0,45911.0,43415.0,58.0,01_시즌
2021,2021-11-28,겨울_우븐 셔츠_캐쥬얼셔츠_ZB,338,9218229,69900.0,7327.0,27273.0,11,28117.0,31856.0,27273.0,61.0,01_시즌
2021,2021-11-28,겨울_자켓_싱글재킷_ZA,154,26605220,259000.0,43390.0,172761.0,11,173996.0,174500.0,172761.0,33.0,01_시즌
2021,2021-11-28,겨울_점퍼_패딩점퍼_ZB,1102,90196093,299000.0,28018.0,75510.0,11,95726.0,111824.0,81848.0,73.0,01_시즌
2021,2021-11-28,겨울_조끼_패딩베스트_ZB,1169,38367148,129000.0,12450.0,32621.0,11,33851.0,38797.0,32820.0,75.0,01_시즌
2021,2021-11-28,겨울_코트_더블코트_ZA,100,24640800,549000.0,91559.0,246408.0,11,246276.0,232500.0,246408.0,55.0,01_시즌
2021,2021-11-28,겨울_코트_더블코트_ZB,191,33626194,399000.0,59978.0,176053.0,11,175719.0,169291.0,176053.0,56.0,01_시즌
2021,2021-11-28,겨울_코트_싱글코트_ZA,701,174472096,699000.0,104235.0,318301.0,11,295241.0,348105.0,248890.0,64.0,01_시즌
2021,2021-11-28,겨울_코트_싱글코트_ZB,1402,217524599,329000.0,58767.0,155153.0,11,157226.0,180349.0,155153.0,53.0,01_시즌
2021,2021-11-28,겨울_팬츠_니트팬츠_ZB,961,29763021,69900.0,8203.0,30971.0,11,31504.0,36167.0,30971.0,56.0,01_시즌
2021,2021-11-28,겨울_팬츠_팬츠(일반)_ZA,813,45187765,114450.0,14704.0,58876.0,11,58923.0,65190.0,55582.0,51.0,01_시즌
2021,2021-11-28,겨울_팬츠_팬츠(일반)_ZB,1074,43376700,89900.0,10716.0,40388.0,11,40214.0,40462.0,40388.0,55.0,01_시즌
2021,2021-11-28,사계절_니트 셔츠_라운드_ZB,32,592820,19900.0,5405.0,18526.0,11,16915.0,14508.0,18526.0,7.0,01_시즌
2021,2021-11-28,사계절_데님_데님팬츠_ZB,222,8027745,79900.0,11955.0,40566.0,11,41388.0,51123.0,36161.0,55.0,01_시즌
2021,2021-11-28,사계절_수트_블레이져(수트)_ZB,62,8294150,205667.0,36284.0,131166.0,11,148496.0,134016.0,133777.0,35.0,01_시즌
2021,2021-11-28,사계절_수트_수트팬츠_ZB,79,5779011,104000.0,17231.0,69207.0,11,74326.0,67813.0,73152.0,30.0,01_시즌
2021,2021-11-28,사계절_우븐 셔츠_드레스셔츠_ZB,617,15875236,56567.0,7777.0,31437.0,11,32396.0,32928.0,25730.0,55.0,01_시즌
2021,2021-11-28,사계절_우븐 셔츠_드레스셔츠_ZC,3,73000,39900.0,7535.0,24333.0,11,26083.0,28709.0,24333.0,39.0,01_시즌
2021,2021-11-28,사계절_자켓_싱글재킷_ZB,11,834243,199000.0,23618.0,75840.0,11,93933.0,110719.0,75840.0,62.0,01_시즌
2021,2021-11-28,사계절_팬츠_니트팬츠_ZB,11,394700,59900.0,5808.0,30962.0,11,37071.0,36685.0,35882.0,40.0,01_시즌
2021,2021-11-28,사계절_팬츠_팬츠(일반)_ZB,515,19314837,77400.0,9926.0,36049.0,11,35736.0,41957.0,37505.0,52.0,01_시즌
2021,2021-12-05,겨울_니트 셔츠_라운드_ZB,5041,115900967,69900.0,7413.0,23315.0,12,24631.0,29108.0,22992.0,67.0,01_시즌
2021,2021-12-05,겨울_니트 셔츠_오픈형티(맨투맨 등)_ZB,1180,56275862,163233.0,16589.0,52504.0,12,52833.0,69075.0,47691.0,71.0,01_시즌
2021,2021-12-05,겨울_니트 셔츠_후드티_ZB,516,17006353,89900.0,9424.0,32958.0,12,29803.0,34728.0,32958.0,63.0,01_시즌
2021,2021-12-05,겨울_사파리_패딩사파리_ZA,637,103029015,499000.0,38583.0,161741.0,12,154360.0,202485.0,161741.0,68.0,01_시즌
2021,2021-12-05,겨울_사파리_패딩사파리_ZB,3932,506554619,519000.0,59328.0,154282.0,12,152077.0,217449.0,128829.0,75.0,01_시즌
2021,2021-12-05,겨울_수트_블레이져(수트)_ZA,647,139447476,319000.0,54259.0,212174.0,12,166450.0,188320.0,215529.0,32.0,01_시즌
2021,2021-12-05,겨울_수트_블레이져(수트)_ZB,263,47783967,239000.0,40813.0,181523.0,12,178818.0,184558.0,181688.0,24.0,01_시즌
2021,2021-12-05,겨울_수트_블레이져(수트)_ZC,21,3953060,239000.0,41784.0,188241.0,12,183745.0,184035.0,188241.0,21.0,01_시즌
2021,2021-12-05,겨울_수트_수트팬츠_ZA,705,85745821,179000.0,28983.0,119116.0,12,83885.0,94135.0,121625.0,32.0,01_시즌
2021,2021-12-05,겨울_수트_수트팬츠_ZB,301,29650419,129000.0,20353.0,98293.0,12,96387.0,99523.0,98506.0,24.0,01_시즌
2021,2021-12-05,겨울_수트_수트팬츠_ZC,27,2727060,129000.0,21184.0,101002.0,12,106624.0,100060.0,101002.0,22.0,01_시즌
2021,2021-12-05,겨울_스웨터_T-에리_ZB,882,32115150,99900.0,11028.0,36412.0,12,37949.0,42243.0,36412.0,64.0,01_시즌
2021,2021-12-05,겨울_스웨터_Turtle_ZA,300,25385846,199900.0,23943.0,88931.0,12,78030.0,104270.0,84619.0,58.0,01_시즌
2021,2021-12-05,겨울_스웨터_Turtle_ZB,2312,90979750,99900.0,11347.0,39468.0,12,38842.0,44066.0,39351.0,61.0,01_시즌
2021,2021-12-05,겨울_스웨터_VEST_ZB,168,6646362,89900.0,7915.0,39562.0,12,40435.0,43652.0,39562.0,56.0,01_시즌
2021,2021-12-05,겨울_스웨터_라운드_ZA,563,31336270,139900.0,11454.0,55659.0,12,54524.0,64252.0,55659.0,60.0,01_시즌
2021,2021-12-05,겨울_스웨터_라운드_ZB,2960,97326459,89900.0,10179.0,32881.0,12,33998.0,42894.0,32881.0,63.0,01_시즌
2021,2021-12-05,겨울_스웨터_오픈형(CARDIGAN)_ZA,227,16073320,173233.0,18996.0,69139.0,12,72039.0,81188.0,70808.0,59.0,01_시즌
2021,2021-12-05,겨울_우븐 셔츠_캐쥬얼셔츠_ZA,492,15601415,103233.0,11576.0,32556.0,12,40204.0,45911.0,31710.0,69.0,01_시즌
2021,2021-12-05,겨울_우븐 셔츠_캐쥬얼셔츠_ZB,387,10035215,69900.0,7327.0,25931.0,12,28998.0,31856.0,25931.0,63.0,01_시즌
2021,2021-12-05,겨울_자켓_싱글재킷_ZA,152,25676678,259000.0,43390.0,168926.0,12,144004.0,174500.0,168926.0,35.0,01_시즌
2021,2021-12-05,겨울_점퍼_패딩점퍼_ZB,999,99356565,299000.0,28234.0,94300.0,12,91023.0,111824.0,99456.0,67.0,01_시즌
2021,2021-12-05,겨울_조끼_패딩베스트_ZB,1526,47539777,129000.0,12450.0,31082.0,12,31073.0,38797.0,31153.0,76.0,01_시즌
2021,2021-12-05,겨울_코트_더블코트_ZA,177,40545900,549000.0,91559.0,229073.0,12,225612.0,232500.0,229073.0,58.0,01_시즌
2021,2021-12-05,겨울_코트_더블코트_ZB,299,52761720,399000.0,59978.0,176461.0,12,166076.0,169291.0,176461.0,56.0,01_시즌
2021,2021-12-05,겨울_코트_싱글코트_ZA,1031,242274552,699000.0,104235.0,301809.0,12,307588.0,348105.0,234990.0,66.0,01_시즌
2021,2021-12-05,겨울_코트_싱글코트_ZB,1510,238077649,329000.0,58767.0,157667.0,12,148673.0,180349.0,157667.0,52.0,01_시즌
2021,2021-12-05,겨울_팬츠_니트팬츠_ZB,939,28990162,69900.0,8203.0,30873.0,12,30945.0,36167.0,30873.0,56.0,01_시즌
2021,2021-12-05,겨울_팬츠_팬츠(일반)_ZA,912,47417556,114450.0,14704.0,55338.0,12,50493.0,65190.0,51993.0,55.0,01_시즌
2021,2021-12-05,겨울_팬츠_팬츠(일반)_ZB,1542,61489564,89900.0,12861.0,39877.0,12,40032.0,40462.0,39877.0,56.0,01_시즌
2021,2021-12-05,사계절_니트 셔츠_라운드_ZB,43,738835,19900.0,5405.0,17182.0,12,16233.0,14508.0,17182.0,14.0,01_시즌
2021,2021-12-05,사계절_데님_데님팬츠_ZB,162,6068485,79900.0,11955.0,40724.0,12,42543.0,51123.0,37460.0,53.0,01_시즌
2021,2021-12-05,사계절_수트_블레이져(수트)_ZB,20,2638018,205667.0,36284.0,167223.0,12,152692.0,134016.0,131901.0,36.0,01_시즌
2021,2021-12-05,사계절_수트_수트팬츠_ZB,44,3245459,104000.0,17231.0,74121.0,12,70785.0,67813.0,73760.0,29.0,01_시즌
2021,2021-12-05,사계절_우븐 셔츠_드레스셔츠_ZB,802,18169113,56567.0,7777.0,30084.0,12,32693.0,32928.0,22655.0,60.0,01_시즌
2021,2021-12-05,사계절_우븐 셔츠_드레스셔츠_ZC,1,29000,39900.0,7535.0,29000.0,12,29000.0,28709.0,29000.0,27.0,01_시즌
2021,2021-12-05,사계절_자켓_싱글재킷_ZB,51,3728,199000.0,23618.0,73.0,12,78524.0,110719.0,73.0,100.0,01_시즌
2021,2021-12-05,사계절_팬츠_니트팬츠_ZB,14,438500,59900.0,5808.0,22438.0,12,33768.0,36685.0,31321.0,48.0,01_시즌
2021,2021-12-05,사계절_팬츠_팬츠(일반)_ZB,575,20782188,77400.0,9936.0,32859.0,12,41025.0,41957.0,36143.0,53.0,01_시즌
2021,2021-12-12,겨울_니트 셔츠_라운드_ZB,2623,65897388,69900.0,7413.0,24744.0,12,24631.0,29108.0,25123.0,64.0,01_시즌
2021,2021-12-12,겨울_니트 셔츠_오픈형티(맨투맨 등)_ZB,722,35813236,163233.0,16589.0,53450.0,12,52833.0,69075.0,49603.0,70.0,01_시즌
2021,2021-12-12,겨울_니트 셔츠_후드티_ZB,634,21022782,89900.0,9424.0,33159.0,12,29803.0,34728.0,33159.0,63.0,01_시즌
2021,2021-12-12,겨울_사파리_패딩사파리_ZA,526,83848599,499000.0,38583.0,159408.0,12,154360.0,202485.0,159408.0,68.0,01_시즌
2021,2021-12-12,겨울_사파리_패딩사파리_ZB,4539,632404765,519000.0,59328.0,156832.0,12,152077.0,217449.0,139327.0,73.0,01_시즌
2021,2021-12-12,겨울_수트_블레이져(수트)_ZA,785,110363232,319000.0,54259.0,147779.0,12,166450.0,188320.0,140590.0,56.0,01_시즌
2021,2021-12-12,겨울_수트_블레이져(수트)_ZB,184,32437588,239000.0,40813.0,177873.0,12,178818.0,184558.0,176291.0,26.0,01_시즌
2021,2021-12-12,겨울_수트_블레이져(수트)_ZC,13,2270500,239000.0,41784.0,174654.0,12,183745.0,184035.0,174654.0,27.0,01_시즌
2021,2021-12-12,겨울_수트_수트팬츠_ZA,808,50233370,179000.0,28983.0,68698.0,12,83885.0,94135.0,62170.0,65.0,01_시즌
2021,2021-12-12,겨울_수트_수트팬츠_ZB,169,15620748,129000.0,20353.0,96331.0,12,96387.0,99523.0,92430.0,28.0,01_시즌
2021,2021-12-12,겨울_수트_수트팬츠_ZC,5,567600,129000.0,21184.0,113520.0,12,106624.0,100060.0,113520.0,12.0,01_시즌
2021,2021-12-12,겨울_스웨터_T-에리_ZB,532,19957700,99900.0,11028.0,37514.0,12,37949.0,42243.0,37514.0,62.0,01_시즌
2021,2021-12-12,겨울_스웨터_Turtle_ZA,374,28219628,199900.0,23943.0,75338.0,12,78030.0,104270.0,75454.0,62.0,01_시즌
2021,2021-12-12,겨울_스웨터_Turtle_ZB,1705,64194200,99900.0,11347.0,37754.0,12,38842.0,44066.0,37651.0,62.0,01_시즌
2021,2021-12-12,겨울_스웨터_VEST_ZB,135,5598188,89900.0,7915.0,41468.0,12,40435.0,43652.0,41468.0,54.0,01_시즌
2021,2021-12-12,겨울_스웨터_라운드_ZA,335,18904960,139900.0,11454.0,56433.0,12,54524.0,64252.0,56433.0,60.0,01_시즌
2021,2021-12-12,겨울_스웨터_라운드_ZB,1982,68378373,89900.0,10179.0,34500.0,12,33998.0,42894.0,34500.0,62.0,01_시즌
2021,2021-12-12,겨울_스웨터_오픈형(CARDIGAN)_ZA,170,12715500,173233.0,18996.0,73193.0,12,72039.0,81188.0,74797.0,57.0,01_시즌
2021,2021-12-12,겨울_우븐 셔츠_캐쥬얼셔츠_ZA,408,16487990,103233.0,11576.0,41932.0,12,40204.0,45911.0,40412.0,61.0,01_시즌
2021,2021-12-12,겨울_우븐 셔츠_캐쥬얼셔츠_ZB,238,6966568,69900.0,7327.0,29271.0,12,28998.0,31856.0,29271.0,58.0,01_시즌
2021,2021-12-12,겨울_자켓_싱글재킷_ZA,145,19417322,259000.0,43390.0,133913.0,12,144004.0,174500.0,133913.0,48.0,01_시즌
2021,2021-12-12,겨울_점퍼_패딩점퍼_ZB,768,82375791,299000.0,28234.0,98342.0,12,91023.0,111824.0,107260.0,64.0,01_시즌
2021,2021-12-12,겨울_조끼_패딩베스트_ZB,1164,35891950,129000.0,12450.0,30854.0,12,31073.0,38797.0,30835.0,76.0,01_시즌
2021,2021-12-12,겨울_코트_더블코트_ZA,117,24378800,549000.0,91559.0,208366.0,12,225612.0,232500.0,208366.0,62.0,01_시즌
2021,2021-12-12,겨울_코트_더블코트_ZB,413,69723278,399000.0,59978.0,168821.0,12,166076.0,169291.0,168821.0,58.0,01_시즌
2021,2021-12-12,겨울_코트_싱글코트_ZA,796,189849096,699000.0,104235.0,311373.0,12,307588.0,348105.0,238504.0,66.0,01_시즌
2021,2021-12-12,겨울_코트_싱글코트_ZB,817,122091738,329000.0,58767.0,149439.0,12,148673.0,180349.0,149439.0,55.0,01_시즌
2021,2021-12-12,겨울_팬츠_니트팬츠_ZB,1029,30918901,69900.0,8203.0,30048.0,12,30945.0,36167.0,30048.0,57.0,01_시즌
2021,2021-12-12,겨울_팬츠_팬츠(일반)_ZA,706,33955030,114450.0,14704.0,48070.0,12,50493.0,65190.0,48095.0,58.0,01_시즌
2021,2021-12-12,겨울_팬츠_팬츠(일반)_ZB,809,32863868,89900.0,12519.0,40623.0,12,40032.0,40462.0,40623.0,55.0,01_시즌
2021,2021-12-12,사계절_니트 셔츠_라운드_ZB,35,618640,19900.0,5405.0,17675.0,12,16233.0,14508.0,17675.0,11.0,01_시즌
2021,2021-12-12,사계절_데님_데님팬츠_ZB,112,4615850,79900.0,11955.0,41341.0,12,42543.0,51123.0,41213.0,48.0,01_시즌
2021,2021-12-12,사계절_수트_블레이져(수트)_ZB,34,4479543,205667.0,36284.0,147014.0,12,152692.0,134016.0,131751.0,36.0,01_시즌
2021,2021-12-12,사계절_수트_수트팬츠_ZB,66,4768985,104000.0,17231.0,77746.0,12,70785.0,67813.0,72257.0,31.0,01_시즌
2021,2021-12-12,사계절_우븐 셔츠_드레스셔츠_ZB,635,14749259,56567.0,7777.0,33698.0,12,32693.0,32928.0,23227.0,59.0,01_시즌
2021,2021-12-12,사계절_우븐 셔츠_드레스셔츠_ZC,0,0,39900.0,7535.0,,12,29000.0,28709.0,29000.0,27.0,01_시즌
2021,2021-12-12,사계절_자켓_싱글재킷_ZB,14,1318452,199000.0,23618.0,94175.0,12,78524.0,110719.0,94175.0,53.0,01_시즌
2021,2021-12-12,사계절_팬츠_니트팬츠_ZB,3,125900,59900.0,5808.0,43950.0,12,33768.0,36685.0,41967.0,30.0,01_시즌
2021,2021-12-12,사계절_팬츠_팬츠(일반)_ZB,442,17519768,77400.0,9936.0,38638.0,12,41025.0,41957.0,39637.0,49.0,01_시즌
2021,2021-12-19,겨울_니트 셔츠_라운드_ZB,2894,70301394,69900.0,7413.0,24542.0,12,24631.0,29108.0,24292.0,65.0,01_시즌
2021,2021-12-19,겨울_니트 셔츠_오픈형티(맨투맨 등)_ZB,557,25939452,163233.0,16589.0,55837.0,12,52833.0,69075.0,46570.0,71.0,01_시즌
2021,2021-12-19,겨울_니트 셔츠_후드티_ZB,1130,29021191,89900.0,9424.0,25682.0,12,29803.0,34728.0,25682.0,71.0,01_시즌
2021,2021-12-19,겨울_사파리_패딩사파리_ZA,526,78094255,499000.0,38583.0,148468.0,12,154360.0,202485.0,148468.0,70.0,01_시즌
2021,2021-12-19,겨울_사파리_패딩사파리_ZB,3484,458123568,519000.0,59328.0,147791.0,12,152077.0,217449.0,131494.0,75.0,01_시즌
2021,2021-12-19,겨울_수트_블레이져(수트)_ZA,312,42595722,319000.0,54259.0,147919.0,12,166450.0,188320.0,136525.0,57.0,01_시즌
2021,2021-12-19,겨울_수트_블레이져(수트)_ZB,143,24716007,239000.0,40813.0,175095.0,12,178818.0,184558.0,172839.0,28.0,01_시즌
2021,2021-12-19,겨울_수트_블레이져(수트)_ZC,4,723534,239000.0,41784.0,180884.0,12,183745.0,184035.0,180884.0,24.0,01_시즌
2021,2021-12-19,겨울_수트_수트팬츠_ZA,380,23661178,179000.0,28983.0,70399.0,12,83885.0,94135.0,62266.0,65.0,01_시즌
2021,2021-12-19,겨울_수트_수트팬츠_ZB,149,13640439,129000.0,20353.0,94676.0,12,96387.0,99523.0,91547.0,29.0,01_시즌
2021,2021-12-19,겨울_수트_수트팬츠_ZC,-6,-632100,129000.0,21184.0,105350.0,12,106624.0,100060.0,105350.0,18.0,01_시즌
2021,2021-12-19,겨울_스웨터_T-에리_ZB,353,13798150,99900.0,11028.0,39088.0,12,37949.0,42243.0,39088.0,61.0,01_시즌
2021,2021-12-19,겨울_스웨터_Turtle_ZA,351,25484124,199900.0,23943.0,73518.0,12,78030.0,104270.0,72604.0,64.0,01_시즌
2021,2021-12-19,겨울_스웨터_Turtle_ZB,1431,55884330,99900.0,11347.0,39105.0,12,38842.0,44066.0,39053.0,61.0,01_시즌
2021,2021-12-19,겨울_스웨터_VEST_ZB,125,5027890,89900.0,7915.0,40223.0,12,40435.0,43652.0,40223.0,55.0,01_시즌
2021,2021-12-19,겨울_스웨터_라운드_ZA,342,18065040,139900.0,11454.0,52822.0,12,54524.0,64252.0,52822.0,62.0,01_시즌
2021,2021-12-19,겨울_스웨터_라운드_ZB,1871,63299822,89900.0,10179.0,33832.0,12,33998.0,42894.0,33832.0,62.0,01_시즌
2021,2021-12-19,겨울_스웨터_오픈형(CARDIGAN)_ZA,139,10050313,173233.0,18996.0,72803.0,12,72039.0,81188.0,72304.0,58.0,01_시즌
2021,2021-12-19,겨울_우븐 셔츠_캐쥬얼셔츠_ZA,359,15086560,103233.0,11576.0,42761.0,12,40204.0,45911.0,42024.0,59.0,01_시즌
2021,2021-12-19,겨울_우븐 셔츠_캐쥬얼셔츠_ZB,168,5192585,69900.0,7327.0,30908.0,12,28998.0,31856.0,30908.0,56.0,01_시즌
2021,2021-12-19,겨울_자켓_싱글재킷_ZA,99,13325988,259000.0,43390.0,134606.0,12,144004.0,174500.0,134606.0,48.0,01_시즌
2021,2021-12-19,겨울_점퍼_패딩점퍼_ZB,742,65343948,299000.0,28234.0,85406.0,12,91023.0,111824.0,88065.0,71.0,01_시즌
2021,2021-12-19,겨울_조끼_패딩베스트_ZB,810,25475711,129000.0,12450.0,31368.0,12,31073.0,38797.0,31451.0,76.0,01_시즌
2021,2021-12-19,겨울_코트_더블코트_ZA,72,17285900,549000.0,91559.0,240082.0,12,225612.0,232500.0,240082.0,56.0,01_시즌
2021,2021-12-19,겨울_코트_더블코트_ZB,152,22707988,399000.0,59978.0,149395.0,12,166076.0,169291.0,149395.0,63.0,01_시즌
2021,2021-12-19,겨울_코트_싱글코트_ZA,787,188731031,699000.0,104235.0,300614.0,12,307588.0,348105.0,239811.0,66.0,01_시즌
2021,2021-12-19,겨울_코트_싱글코트_ZB,699,100807500,329000.0,58767.0,144217.0,12,148673.0,180349.0,144217.0,56.0,01_시즌
2021,2021-12-19,겨울_팬츠_니트팬츠_ZB,709,23682596,69900.0,8203.0,33403.0,12,30945.0,36167.0,33403.0,52.0,01_시즌
2021,2021-12-19,겨울_팬츠_팬츠(일반)_ZA,627,30117607,114450.0,14704.0,48992.0,12,50493.0,65190.0,48034.0,58.0,01_시즌
2021,2021-12-19,겨울_팬츠_팬츠(일반)_ZB,1316,52978804,89900.0,11920.0,40257.0,12,40032.0,40462.0,40257.0,55.0,01_시즌
2021,2021-12-19,사계절_니트 셔츠_라운드_ZB,22,317800,19900.0,5405.0,14445.0,12,16233.0,14508.0,14445.0,27.0,01_시즌
2021,2021-12-19,사계절_데님_데님팬츠_ZB,81,3365622,79900.0,11955.0,45181.0,12,42543.0,51123.0,41551.0,48.0,01_시즌
2021,2021-12-19,사계절_수트_블레이져(수트)_ZB,22,3352139,205667.0,36284.0,155515.0,12,152692.0,134016.0,152370.0,26.0,01_시즌
2021,2021-12-19,사계절_수트_수트팬츠_ZB,39,2842530,104000.0,17231.0,73296.0,12,70785.0,67813.0,72885.0,30.0,01_시즌
2021,2021-12-19,사계절_우븐 셔츠_드레스셔츠_ZB,694,14805110,56567.0,7777.0,31911.0,12,32693.0,32928.0,21333.0,62.0,01_시즌
2021,2021-12-19,사계절_우븐 셔츠_드레스셔츠_ZC,2,58000,39900.0,7535.0,29000.0,12,29000.0,28709.0,29000.0,27.0,01_시즌
2021,2021-12-19,사계절_자켓_싱글재킷_ZB,7,600850,199000.0,23618.0,85836.0,12,78524.0,110719.0,85836.0,57.0,01_시즌
2021,2021-12-19,사계절_팬츠_니트팬츠_ZB,3,119300,59900.0,5808.0,42300.0,12,33768.0,36685.0,39767.0,34.0,01_시즌
2021,2021-12-19,사계절_팬츠_팬츠(일반)_ZB,323,13327232,77400.0,9936.0,48218.0,12,41025.0,41957.0,41261.0,47.0,01_시즌
2021,2021-12-26,겨울_니트 셔츠_라운드_ZB,2559,64272864,69900.0,7413.0,25924.0,12,24631.0,29108.0,25116.0,64.0,01_시즌
2021,2021-12-26,겨울_니트 셔츠_오픈형티(맨투맨 등)_ZB,672,25488920,163233.0,16589.0,49542.0,12,52833.0,69075.0,37930.0,77.0,01_시즌
2021,2021-12-26,겨울_니트 셔츠_후드티_ZB,1462,40076961,89900.0,9424.0,27412.0,12,29803.0,34728.0,27412.0,70.0,01_시즌
2021,2021-12-26,겨울_사파리_패딩사파리_ZA,406,60015612,499000.0,38583.0,147822.0,12,154360.0,202485.0,147822.0,70.0,01_시즌
2021,2021-12-26,겨울_사파리_패딩사파리_ZB,2654,353942110,519000.0,59328.0,149402.0,12,152077.0,217449.0,133362.0,74.0,01_시즌
2021,2021-12-26,겨울_수트_블레이져(수트)_ZA,262,41200613,319000.0,54259.0,157926.0,12,166450.0,188320.0,157254.0,51.0,01_시즌
2021,2021-12-26,겨울_수트_블레이져(수트)_ZB,115,20531320,239000.0,40813.0,180780.0,12,178818.0,184558.0,178533.0,25.0,01_시즌
2021,2021-12-26,겨울_수트_블레이져(수트)_ZC,-1,-191200,239000.0,41784.0,191200.0,12,183745.0,184035.0,191200.0,20.0,01_시즌
2021,2021-12-26,겨울_수트_수트팬츠_ZA,243,18569871,179000.0,28983.0,77326.0,12,83885.0,94135.0,76419.0,57.0,01_시즌
2021,2021-12-26,겨울_수트_수트팬츠_ZB,137,12975820,129000.0,20353.0,96249.0,12,96387.0,99523.0,94714.0,27.0,01_시즌
2021,2021-12-26,겨울_수트_수트팬츠_ZC,0,0,129000.0,21184.0,,12,106624.0,100060.0,106624.0,17.0,01_시즌
2021,2021-12-26,겨울_스웨터_T-에리_ZB,475,18421250,99900.0,11028.0,38782.0,12,37949.0,42243.0,38782.0,61.0,01_시즌
2021,2021-12-26,겨울_스웨터_Turtle_ZA,395,28069561,199900.0,23943.0,74334.0,12,78030.0,104270.0,71062.0,64.0,01_시즌
2021,2021-12-26,겨울_스웨터_Turtle_ZB,1423,55587410,99900.0,11347.0,39040.0,12,38842.0,44066.0,39064.0,61.0,01_시즌
2021,2021-12-26,겨울_스웨터_VEST_ZB,134,5425320,89900.0,7915.0,40487.0,12,40435.0,43652.0,40487.0,55.0,01_시즌
2021,2021-12-26,겨울_스웨터_라운드_ZA,372,19783940,139900.0,11454.0,53183.0,12,54524.0,64252.0,53183.0,62.0,01_시즌
2021,2021-12-26,겨울_스웨터_라운드_ZB,1498,52099957,89900.0,10179.0,34780.0,12,33998.0,42894.0,34780.0,61.0,01_시즌
2021,2021-12-26,겨울_스웨터_오픈형(CARDIGAN)_ZA,175,12440900,173233.0,18996.0,73020.0,12,72039.0,81188.0,71091.0,59.0,01_시즌
2021,2021-12-26,겨울_우븐 셔츠_캐쥬얼셔츠_ZA,327,14182171,103233.0,11576.0,43568.0,12,40204.0,45911.0,43371.0,58.0,01_시즌
2021,2021-12-26,겨울_우븐 셔츠_캐쥬얼셔츠_ZB,193,5767443,69900.0,7327.0,29883.0,12,28998.0,31856.0,29883.0,57.0,01_시즌
2021,2021-12-26,겨울_자켓_싱글재킷_ZA,77,10670100,259000.0,43390.0,138573.0,12,144004.0,174500.0,138573.0,46.0,01_시즌
2021,2021-12-26,겨울_점퍼_패딩점퍼_ZB,547,49581872,299000.0,28234.0,86044.0,12,91023.0,111824.0,90643.0,70.0,01_시즌
2021,2021-12-26,겨울_조끼_패딩베스트_ZB,803,24817704,129000.0,12450.0,30988.0,12,31073.0,38797.0,30906.0,76.0,01_시즌
2021,2021-12-26,겨울_코트_더블코트_ZA,104,23392500,549000.0,91559.0,224928.0,12,225612.0,232500.0,224928.0,59.0,01_시즌
2021,2021-12-26,겨울_코트_더블코트_ZB,319,54111576,399000.0,59978.0,169629.0,12,166076.0,169291.0,169629.0,57.0,01_시즌
2021,2021-12-26,겨울_코트_싱글코트_ZA,804,207716903,699000.0,104235.0,316557.0,12,307588.0,348105.0,258354.0,63.0,01_시즌
2021,2021-12-26,겨울_코트_싱글코트_ZB,431,61792054,329000.0,58767.0,143369.0,12,148673.0,180349.0,143369.0,56.0,01_시즌
2021,2021-12-26,겨울_팬츠_니트팬츠_ZB,1061,31251552,69900.0,8203.0,29455.0,12,30945.0,36167.0,29455.0,58.0,01_시즌
2021,2021-12-26,겨울_팬츠_팬츠(일반)_ZA,418,20286315,114450.0,14704.0,49574.0,12,50493.0,65190.0,48532.0,58.0,01_시즌
2021,2021-12-26,겨울_팬츠_팬츠(일반)_ZB,1613,63501904,89900.0,11905.0,39369.0,12,40032.0,40462.0,39369.0,56.0,01_시즌
2021,2021-12-26,사계절_니트 셔츠_라운드_ZB,28,437600,19900.0,5405.0,15629.0,12,16233.0,14508.0,15629.0,21.0,01_시즌
2021,2021-12-26,사계절_데님_데님팬츠_ZB,92,3843500,79900.0,11955.0,42928.0,12,42543.0,51123.0,41777.0,48.0,01_시즌
2021,2021-12-26,사계절_수트_블레이져(수트)_ZB,36,4066019,205667.0,36284.0,141018.0,12,152692.0,134016.0,112945.0,45.0,01_시즌
2021,2021-12-26,사계절_수트_수트팬츠_ZB,27,2110841,104000.0,17231.0,55919.0,12,70785.0,67813.0,78179.0,25.0,01_시즌
2021,2021-12-26,사계절_우븐 셔츠_드레스셔츠_ZB,220,5324692,56567.0,7777.0,35078.0,12,32693.0,32928.0,24203.0,57.0,01_시즌
2021,2021-12-26,사계절_우븐 셔츠_드레스셔츠_ZC,2,58000,39900.0,7535.0,29000.0,12,29000.0,28709.0,29000.0,27.0,01_시즌
2021,2021-12-26,사계절_자켓_싱글재킷_ZB,1,134010,199000.0,23618.0,134010.0,12,78524.0,110719.0,134010.0,33.0,01_시즌
2021,2021-12-26,사계절_팬츠_니트팬츠_ZB,2,38000,59900.0,5808.0,19000.0,12,33768.0,36685.0,19000.0,68.0,01_시즌
2021,2021-12-26,사계절_팬츠_팬츠(일반)_ZB,174,6275282,77400.0,9936.0,44386.0,12,41025.0,41957.0,36065.0,53.0,01_시즌
2022,2022-01-02,봄_가죽&FUR_가죽점퍼_ZA,15,10289200,999000.0,207700.0,685947.0,1,670482.0,538319.0,685947.0,31.0,01_시즌
2022,2022-01-02,봄_니트 셔츠_라운드_ZB,47,1801350,69900.0,9381.0,38327.0,1,36490.0,26835.0,38327.0,45.0,01_시즌
2022,2022-01-02,봄_니트 셔츠_오픈형티(맨투맨 등)_ZA,-31,-3869960,129900.0,12030.0,124837.0,1,85295.0,52291.0,124837.0,4.0,01_시즌
2022,2022-01-02,봄_니트 셔츠_후드티_ZB,36,1418100,89900.0,11891.0,39392.0,1,43215.0,30408.0,39392.0,56.0,01_시즌
2022,2022-01-02,봄_수트_블레이져(수트)_ZB,151,26998200,239000.0,42237.0,173529.0,1,180960.0,183412.0,178796.0,25.0,01_시즌
2022,2022-01-02,봄_수트_블레이져(수트)_ZC,50,8866900,239000.0,45148.0,177338.0,1,182683.0,184381.0,177338.0,26.0,01_시즌
2022,2022-01-02,봄_수트_수트팬츠_ZB,157,14704950,129000.0,21025.0,85851.0,1,96305.0,101248.0,93662.0,27.0,01_시즌
2022,2022-01-02,봄_수트_수트팬츠_ZC,46,4411800,129000.0,21746.0,95909.0,1,98229.0,101066.0,95909.0,26.0,01_시즌
2022,2022-01-02,봄_스웨터_VEST_ZA,66,4964030,99900.0,8436.0,75213.0,1,71880.0,39904.0,75213.0,25.0,01_시즌
2022,2022-01-02,봄_스웨터_라운드_ZB,205,11047730,94900.0,11370.0,52801.0,1,60361.0,34777.0,53891.0,43.0,01_시즌
2022,2022-01-02,봄_스웨터_오픈형(CARDIGAN)_ZA,35,5030760,199900.0,14306.0,143736.0,1,126402.0,77725.0,143736.0,28.0,01_시즌
2022,2022-01-02,봄_스웨터_오픈형(CARDIGAN)_ZB,43,4666230,159900.0,14835.0,108517.0,1,92532.0,61219.0,108517.0,32.0,01_시즌
2022,2022-01-02,봄_우븐 셔츠_캐쥬얼셔츠_ZA,78,7650660,129900.0,13854.0,98085.0,1,96570.0,55790.0,98085.0,24.0,01_시즌
2022,2022-01-02,봄_우븐 셔츠_캐쥬얼셔츠_ZB,158,6712070,69900.0,7808.0,44678.0,1,38769.0,32787.0,42481.0,39.0,01_시즌
2022,2022-01-02,봄_점퍼_패딩점퍼_ZB,27,3678000,249000.0,23522.0,136222.0,1,147152.0,89426.0,136222.0,45.0,01_시즌
2022,2022-01-02,봄_팬츠_니트팬츠_ZB,19,826150,69900.0,8407.0,43482.0,1,40510.0,28302.0,43482.0,38.0,01_시즌
2022,2022-01-02,사계절_니트 셔츠_라운드_ZB,62,2228000,69900.0,5460.0,35935.0,1,35840.0,21712.0,35935.0,49.0,01_시즌
2022,2022-01-02,사계절_수트_블레이져(수트)_ZB,1071,179081088,239000.0,36334.0,167206.0,1,156206.0,160171.0,167209.0,30.0,01_시즌
2022,2022-01-02,사계절_수트_수트팬츠_ZB,1207,108575539,129000.0,17308.0,90359.0,1,84458.0,84612.0,89955.0,30.0,01_시즌
2022,2022-01-02,사계절_우븐 셔츠_드레스셔츠_ZB,1595,60345650,69900.0,7348.0,38332.0,1,36222.0,29098.0,37834.0,46.0,01_시즌
2022,2022-01-02,사계절_팬츠_니트팬츠_ZB,13,778110,69900.0,7097.0,59855.0,1,68374.0,26418.0,59855.0,14.0,01_시즌
2022,2022-01-02,사계절_팬츠_팬츠(일반)_ZB,512,25470004,99900.0,10779.0,48010.0,1,50228.0,46584.0,49746.0,50.0,01_시즌
2022,2022-01-09,봄_가죽&FUR_가죽점퍼_ZA,-8,-5995000,999000.0,183300.0,749375.0,1,670482.0,538319.0,749375.0,25.0,01_시즌
2022,2022-01-09,봄_니트 셔츠_라운드_ZB,109,4932220,69900.0,9381.0,45250.0,1,36490.0,26835.0,45250.0,35.0,01_시즌
2022,2022-01-09,봄_니트 셔츠_오픈형티(맨투맨 등)_ZA,15,1078550,129900.0,12030.0,71903.0,1,85295.0,52291.0,71903.0,45.0,01_시즌
2022,2022-01-09,봄_니트 셔츠_후드티_ZB,79,4600400,89900.0,11891.0,58233.0,1,43215.0,30408.0,58233.0,35.0,01_시즌
2022,2022-01-09,봄_수트_블레이져(수트)_ZB,593,111142300,239000.0,42565.0,185799.0,1,180960.0,183412.0,187424.0,22.0,01_시즌
2022,2022-01-09,봄_수트_블레이져(수트)_ZC,27,4708300,239000.0,43816.0,174381.0,1,182683.0,184381.0,174381.0,27.0,01_시즌
2022,2022-01-09,봄_수트_수트팬츠_ZB,789,80229960,129000.0,21226.0,100807.0,1,96305.0,101248.0,101686.0,21.0,01_시즌
2022,2022-01-09,봄_수트_수트팬츠_ZC,20,1935000,129000.0,21285.0,96750.0,1,98229.0,101066.0,96750.0,25.0,01_시즌
2022,2022-01-09,봄_스웨터_T-에리_ZB,127,10139850,99900.0,10542.0,79841.0,1,70143.0,40820.0,79841.0,20.0,01_시즌
2022,2022-01-09,봄_스웨터_VEST_ZA,28,2005200,99900.0,8436.0,71614.0,1,71880.0,39904.0,71614.0,28.0,01_시즌
2022,2022-01-09,봄_스웨터_라운드_ZB,520,36946820,94900.0,11272.0,94492.0,1,60361.0,34777.0,71052.0,25.0,01_시즌
2022,2022-01-09,봄_스웨터_오픈형(CARDIGAN)_ZA,15,2156040,199900.0,13778.0,143736.0,1,126402.0,77725.0,143736.0,28.0,01_시즌
2022,2022-01-09,봄_스웨터_오픈형(CARDIGAN)_ZB,45,4345480,159900.0,15152.0,85339.0,1,92532.0,61219.0,96566.0,40.0,01_시즌
2022,2022-01-09,봄_우븐 셔츠_캐쥬얼셔츠_ZA,72,6936660,129900.0,13854.0,96342.0,1,96570.0,55790.0,96342.0,26.0,01_시즌
2022,2022-01-09,봄_우븐 셔츠_캐쥬얼셔츠_ZB,142,6146415,69900.0,7808.0,40626.0,1,38769.0,32787.0,43285.0,38.0,01_시즌
2022,2022-01-09,봄_점퍼_패딩점퍼_ZB,9,1342800,249000.0,23522.0,149200.0,1,147152.0,89426.0,149200.0,40.0,01_시즌
2022,2022-01-09,봄_코트_싱글코트_ZB,26,5179200,329000.0,26120.0,199200.0,1,203668.0,105327.0,199200.0,39.0,01_시즌
2022,2022-01-09,봄_팬츠_니트팬츠_ZA,0,0,89900.0,8963.0,,1,70370.0,39333.0,70370.0,22.0,01_시즌
2022,2022-01-09,봄_팬츠_니트팬츠_ZB,34,1382880,69900.0,8407.0,40673.0,1,40510.0,28302.0,40673.0,42.0,01_시즌
2022,2022-01-09,사계절_니트 셔츠_라운드_ZB,22,813950,69900.0,5460.0,36998.0,1,35840.0,21712.0,36998.0,47.0,01_시즌
2022,2022-01-09,사계절_수트_블레이져(수트)_ZB,953,155632370,239000.0,36346.0,163848.0,1,156206.0,160171.0,163308.0,32.0,01_시즌
2022,2022-01-09,사계절_수트_수트팬츠_ZB,1025,91127300,129000.0,17316.0,88796.0,1,84458.0,84612.0,88905.0,31.0,01_시즌
2022,2022-01-09,사계절_우븐 셔츠_드레스셔츠_ZB,1724,64453740,69900.0,7348.0,37150.0,1,36222.0,29098.0,37386.0,47.0,01_시즌
2022,2022-01-09,사계절_자켓_싱글재킷_ZB,137,24179300,239000.0,29296.0,176491.0,1,155752.0,135628.0,176491.0,26.0,01_시즌
2022,2022-01-09,사계절_팬츠_니트팬츠_ZB,5,263790,69900.0,7153.0,52758.0,1,68374.0,26418.0,52758.0,25.0,01_시즌
2022,2022-01-09,사계절_팬츠_팬츠(일반)_ZB,574,32306920,99900.0,10779.0,56094.0,1,50228.0,46584.0,56284.0,44.0,01_시즌
2022,2022-01-16,봄_가죽&FUR_가죽점퍼_ZA,56,38559900,999000.0,183300.0,699300.0,1,670482.0,538319.0,688570.0,31.0,01_시즌
2022,2022-01-16,봄_니트 셔츠_라운드_ZB,82,2241680,69900.0,9381.0,27338.0,1,36490.0,26835.0,27338.0,61.0,01_시즌
2022,2022-01-16,봄_니트 셔츠_오픈형티(맨투맨 등)_ZA,23,1782840,129900.0,12030.0,77515.0,1,85295.0,52291.0,77515.0,40.0,01_시즌
2022,2022-01-16,봄_니트 셔츠_후드티_ZB,54,2182780,89900.0,11891.0,40422.0,1,43215.0,30408.0,40422.0,55.0,01_시즌
2022,2022-01-16,봄_수트_블레이져(수트)_ZB,525,95834017,239000.0,42565.0,179996.0,1,180960.0,183412.0,182541.0,24.0,01_시즌
2022,2022-01-16,봄_수트_블레이져(수트)_ZC,460,86422964,239000.0,43816.0,186858.0,1,182683.0,184381.0,187876.0,21.0,01_시즌
2022,2022-01-16,봄_수트_수트팬츠_ZB,567,56127031,129000.0,21226.0,95984.0,1,96305.0,101248.0,98989.0,23.0,01_시즌
2022,2022-01-16,봄_수트_수트팬츠_ZC,460,46393693,129000.0,21285.0,98606.0,1,98229.0,101066.0,100856.0,22.0,01_시즌
2022,2022-01-16,봄_스웨터_T-에리_ZB,-34,-3227310,99900.0,10542.0,94921.0,1,70143.0,40820.0,94921.0,5.0,01_시즌
2022,2022-01-16,봄_스웨터_VEST_ZA,-27,-2952420,99900.0,8436.0,109349.0,1,71880.0,39904.0,109349.0,-9.0,01_시즌
2022,2022-01-16,봄_스웨터_라운드_ZB,342,13937052,94900.0,11272.0,55696.0,1,60361.0,34777.0,40752.0,57.0,01_시즌
2022,2022-01-16,봄_스웨터_오픈형(CARDIGAN)_ZA,56,8190120,199900.0,13778.0,134406.0,1,126402.0,77725.0,146252.0,27.0,01_시즌
2022,2022-01-16,봄_스웨터_오픈형(CARDIGAN)_ZB,58,5312320,159900.0,15152.0,89276.0,1,92532.0,61219.0,91592.0,43.0,01_시즌
2022,2022-01-16,봄_우븐 셔츠_캐쥬얼셔츠_ZA,-37,-5089460,129900.0,13854.0,137553.0,1,96570.0,55790.0,137553.0,-6.0,01_시즌
2022,2022-01-16,봄_우븐 셔츠_캐쥬얼셔츠_ZB,141,5491970,69900.0,7808.0,30784.0,1,38769.0,32787.0,38950.0,44.0,01_시즌
2022,2022-01-16,봄_점퍼_패딩점퍼_ZB,43,6352400,249000.0,23522.0,147730.0,1,147152.0,89426.0,147730.0,41.0,01_시즌
2022,2022-01-16,봄_코트_싱글코트_ZB,0,0,289000.0,24685.0,199200.0,1,203668.0,105327.0,199200.0,31.0,01_시즌
2022,2022-01-16,봄_팬츠_니트팬츠_ZA,37,2463260,89900.0,8963.0,66575.0,1,70370.0,39333.0,66575.0,26.0,01_시즌
2022,2022-01-16,봄_팬츠_니트팬츠_ZB,52,2225920,69900.0,8407.0,42806.0,1,40510.0,28302.0,42806.0,39.0,01_시즌
2022,2022-01-16,사계절_니트 셔츠_라운드_ZB,66,2520000,69900.0,5460.0,38182.0,1,35840.0,21712.0,38182.0,45.0,01_시즌
2022,2022-01-16,사계절_수트_블레이져(수트)_ZB,609,99259052,239000.0,36346.0,163906.0,1,156206.0,160171.0,162987.0,32.0,01_시즌
2022,2022-01-16,사계절_수트_수트팬츠_ZB,676,59368156,129000.0,17316.0,88200.0,1,84458.0,84612.0,87823.0,32.0,01_시즌
2022,2022-01-16,사계절_우븐 셔츠_드레스셔츠_ZB,1568,58197539,69900.0,7348.0,37123.0,1,36222.0,29098.0,37116.0,47.0,01_시즌
2022,2022-01-16,사계절_자켓_싱글재킷_ZB,64,11250600,239000.0,29296.0,175791.0,1,155752.0,135628.0,175791.0,26.0,01_시즌
2022,2022-01-16,사계절_팬츠_니트팬츠_ZB,-1,-145700,69900.0,7153.0,145700.0,1,68374.0,26418.0,145700.0,-108.0,01_시즌
2022,2022-01-16,사계절_팬츠_팬츠(일반)_ZB,490,27129610,99900.0,10779.0,54775.0,1,50228.0,46584.0,55367.0,45.0,01_시즌
2022,2022-01-16,여름_수트_블레이져(수트)_ZC,0,0,239000.0,40474.0,,1,191288.0,197238.0,191288.0,20.0,01_시즌
2022,2022-01-16,여름_수트_수트팬츠_ZC,0,0,129000.0,20352.0,,1,101980.0,108041.0,101980.0,21.0,01_시즌
2022,2022-01-23,봄_가죽&FUR_가죽점퍼_ZA,-1,-2705800,999000.0,183300.0,682675.0,1,670482.0,538319.0,2705800.0,-171.0,01_시즌
2022,2022-01-23,봄_니트 셔츠_라운드_ZB,183,5622000,69900.0,9387.0,30721.0,1,36490.0,26835.0,30721.0,56.0,01_시즌
2022,2022-01-23,봄_니트 셔츠_오픈형티(맨투맨 등)_ZA,47,3880905,129900.0,12030.0,82572.0,1,85295.0,52291.0,82572.0,36.0,01_시즌
2022,2022-01-23,봄_니트 셔츠_후드티_ZB,53,1850890,89900.0,11895.0,34922.0,1,43215.0,30408.0,34922.0,61.0,01_시즌
2022,2022-01-23,봄_수트_블레이져(수트)_ZB,381,70473211,239000.0,42565.0,184016.0,1,180960.0,183412.0,184969.0,23.0,01_시즌
2022,2022-01-23,봄_수트_블레이져(수트)_ZC,135,24923391,239000.0,43816.0,185230.0,1,182683.0,184381.0,184618.0,23.0,01_시즌
2022,2022-01-23,봄_수트_수트팬츠_ZB,390,38685849,129000.0,21226.0,99340.0,1,96305.0,101248.0,99194.0,23.0,01_시즌
2022,2022-01-23,봄_수트_수트팬츠_ZC,130,13308369,129000.0,21285.0,102312.0,1,98229.0,101066.0,102372.0,21.0,01_시즌
2022,2022-01-23,봄_스웨터_T-에리_ZB,187,9369790,99900.0,10542.0,50106.0,1,70143.0,40820.0,50106.0,50.0,01_시즌
2022,2022-01-23,봄_스웨터_VEST_ZA,20,851140,99900.0,8436.0,42557.0,1,71880.0,39904.0,42557.0,57.0,01_시즌
2022,2022-01-23,봄_스웨터_라운드_ZB,537,24235765,94900.0,11261.0,40817.0,1,60361.0,34777.0,45132.0,52.0,01_시즌
2022,2022-01-23,봄_스웨터_오픈형(CARDIGAN)_ZA,-17,-4568585,199900.0,13778.0,189804.0,1,126402.0,77725.0,268740.0,-34.0,01_시즌
2022,2022-01-23,봄_스웨터_오픈형(CARDIGAN)_ZB,98,9016020,159900.0,15152.0,89066.0,1,92532.0,61219.0,92000.0,42.0,01_시즌
2022,2022-01-23,봄_우븐 셔츠_캐쥬얼셔츠_ZA,44,3161690,129900.0,13854.0,71857.0,1,96570.0,55790.0,71857.0,45.0,01_시즌
2022,2022-01-23,봄_우븐 셔츠_캐쥬얼셔츠_ZB,178,6448108,69900.0,7808.0,35344.0,1,38769.0,32787.0,36225.0,48.0,01_시즌
2022,2022-01-23,봄_점퍼_패딩점퍼_ZB,48,7461800,249000.0,23522.0,155454.0,1,147152.0,89426.0,155454.0,38.0,01_시즌
2022,2022-01-23,봄_코트_싱글코트_ZB,119,22551000,289000.0,24685.0,191954.0,1,203668.0,105327.0,189504.0,34.0,01_시즌
2022,2022-01-23,봄_팬츠_니트팬츠_ZA,42,1821760,89900.0,8963.0,43375.0,1,70370.0,39333.0,43375.0,52.0,01_시즌
2022,2022-01-23,봄_팬츠_니트팬츠_ZB,116,4561485,69900.0,8423.0,39323.0,1,40510.0,28302.0,39323.0,44.0,01_시즌
2022,2022-01-23,사계절_니트 셔츠_라운드_ZB,53,1692000,69900.0,5460.0,31925.0,1,35840.0,21712.0,31925.0,54.0,01_시즌
2022,2022-01-23,사계절_데님_데님팬츠_ZB,0,0,99900.0,12278.0,,1,58941.0,49011.0,58941.0,41.0,01_시즌
2022,2022-01-23,사계절_수트_블레이져(수트)_ZB,765,111456003,239000.0,36346.0,146209.0,1,156206.0,160171.0,145694.0,39.0,01_시즌
2022,2022-01-23,사계절_수트_수트팬츠_ZB,815,63968765,129000.0,17316.0,78778.0,1,84458.0,84612.0,78489.0,39.0,01_시즌
2022,2022-01-23,사계절_우븐 셔츠_드레스셔츠_ZB,1851,62154561,69900.0,7348.0,34401.0,1,36222.0,29098.0,33579.0,52.0,01_시즌
2022,2022-01-23,사계절_자켓_싱글재킷_ZB,104,13997100,239000.0,29296.0,134588.0,1,155752.0,135628.0,134588.0,44.0,01_시즌
2022,2022-01-23,사계절_팬츠_니트팬츠_ZB,28,1232000,69900.0,7153.0,44000.0,1,68374.0,26418.0,44000.0,37.0,01_시즌
2022,2022-01-23,사계절_팬츠_팬츠(일반)_ZB,1010,53503271,99900.0,10779.0,48795.0,1,50228.0,46584.0,52974.0,47.0,01_시즌
2022,2022-01-23,여름_수트_블레이져(수트)_ZC,199,39827584,239000.0,40474.0,200139.0,1,191288.0,197238.0,200139.0,16.0,01_시즌
2022,2022-01-23,여름_수트_수트팬츠_ZC,227,24633916,129000.0,20352.0,108519.0,1,101980.0,108041.0,108519.0,16.0,01_시즌
2022,2022-01-23,여름_우븐 셔츠_드레스셔츠_ZB,43,2379366,69900.0,6216.0,55334.0,1,53842.0,27459.0,55334.0,21.0,01_시즌
2022,2022-01-30,봄_가죽&FUR_가죽점퍼_ZA,25,15270400,999000.0,183300.0,611689.0,1,670482.0,538319.0,610816.0,39.0,01_시즌
2022,2022-01-30,봄_니트 셔츠_라운드_ZB,254,10366780,69900.0,9387.0,40814.0,1,36490.0,26835.0,40814.0,42.0,01_시즌
2022,2022-01-30,봄_니트 셔츠_오픈형티(맨투맨 등)_ZA,29,2019830,129900.0,12030.0,69649.0,1,85295.0,52291.0,69649.0,46.0,01_시즌
2022,2022-01-30,봄_니트 셔츠_후드티_ZB,37,1594860,89900.0,11895.0,43104.0,1,43215.0,30408.0,43104.0,52.0,01_시즌
2022,2022-01-30,봄_수트_블레이져(수트)_ZB,370,66541509,239000.0,42565.0,179602.0,1,180960.0,183412.0,179842.0,25.0,01_시즌
2022,2022-01-30,봄_수트_블레이져(수트)_ZC,63,11317689,239000.0,43816.0,180510.0,1,182683.0,184381.0,179646.0,25.0,01_시즌
2022,2022-01-30,봄_수트_수트팬츠_ZB,410,39839851,129000.0,21226.0,96931.0,1,96305.0,101248.0,97170.0,25.0,01_시즌
2022,2022-01-30,봄_수트_수트팬츠_ZC,64,6153211,129000.0,21285.0,95161.0,1,98229.0,101066.0,96144.0,25.0,01_시즌
2022,2022-01-30,봄_스웨터_T-에리_ZB,170,9469480,99900.0,10542.0,55703.0,1,70143.0,40820.0,55703.0,44.0,01_시즌
2022,2022-01-30,봄_스웨터_VEST_ZA,15,910020,99900.0,8436.0,60668.0,1,71880.0,39904.0,60668.0,39.0,01_시즌
2022,2022-01-30,봄_스웨터_라운드_ZB,1069,59830310,94900.0,11261.0,55666.0,1,60361.0,34777.0,55968.0,41.0,01_시즌
2022,2022-01-30,봄_스웨터_오픈형(CARDIGAN)_ZA,12,732840,199900.0,13778.0,69362.0,1,126402.0,77725.0,61070.0,69.0,01_시즌
2022,2022-01-30,봄_스웨터_오픈형(CARDIGAN)_ZB,142,13892720,159900.0,15152.0,98454.0,1,92532.0,61219.0,97836.0,39.0,01_시즌
2022,2022-01-30,봄_우븐 셔츠_캐쥬얼셔츠_ZA,45,3555547,129900.0,13854.0,79012.0,1,96570.0,55790.0,79012.0,39.0,01_시즌
2022,2022-01-30,봄_우븐 셔츠_캐쥬얼셔츠_ZB,191,7895580,69900.0,7808.0,42410.0,1,38769.0,32787.0,41338.0,41.0,01_시즌
2022,2022-01-30,봄_점퍼_패딩점퍼_ZB,13,-9600,249000.0,23522.0,,1,147152.0,89426.0,147152.0,41.0,01_시즌
2022,2022-01-30,봄_코트_싱글코트_ZB,-15,-5693934,289000.0,24685.0,222084.0,1,203668.0,105327.0,379596.0,-31.0,01_시즌
2022,2022-01-30,봄_팬츠_니트팬츠_ZA,-3,-303480,89900.0,8963.0,101160.0,1,70370.0,39333.0,101160.0,-13.0,01_시즌
2022,2022-01-30,봄_팬츠_니트팬츠_ZB,76,2756040,69900.0,8423.0,36264.0,1,40510.0,28302.0,36264.0,48.0,01_시즌
2022,2022-01-30,사계절_니트 셔츠_라운드_ZB,95,3435000,69900.0,5460.0,36158.0,1,35840.0,21712.0,36158.0,48.0,01_시즌
2022,2022-01-30,사계절_데님_데님팬츠_ZB,109,6425587,99900.0,12566.0,58941.0,1,58941.0,49011.0,58950.0,41.0,01_시즌
2022,2022-01-30,사계절_수트_블레이져(수트)_ZB,482,67545993,239000.0,36346.0,139860.0,1,156206.0,160171.0,140137.0,41.0,01_시즌
2022,2022-01-30,사계절_수트_수트팬츠_ZB,510,38693478,129000.0,17316.0,76154.0,1,84458.0,84612.0,75870.0,41.0,01_시즌
2022,2022-01-30,사계절_우븐 셔츠_드레스셔츠_ZB,1304,43368862,69900.0,7348.0,34101.0,1,36222.0,29098.0,33258.0,52.0,01_시즌
2022,2022-01-30,사계절_자켓_싱글재킷_ZB,58,7896000,239000.0,29296.0,136138.0,1,155752.0,135628.0,136138.0,43.0,01_시즌
2022,2022-01-30,사계절_팬츠_니트팬츠_ZB,18,712000,69900.0,7153.0,39556.0,1,68374.0,26418.0,39556.0,43.0,01_시즌
2022,2022-01-30,사계절_팬츠_팬츠(일반)_ZB,450,19306640,99900.0,10779.0,43466.0,1,50228.0,46584.0,42904.0,57.0,01_시즌
2022,2022-01-30,여름_수트_블레이져(수트)_ZB,116,22155300,239000.0,39918.0,190994.0,1,190994.0,183922.0,190994.0,20.0,01_시즌
2022,2022-01-30,여름_수트_블레이져(수트)_ZC,240,43785089,239000.0,40474.0,182438.0,1,191288.0,197238.0,182438.0,24.0,01_시즌
2022,2022-01-30,여름_수트_수트팬츠_ZB,192,19788600,129000.0,20395.0,103066.0,1,103066.0,99069.0,103066.0,20.0,01_시즌
2022,2022-01-30,여름_수트_수트팬츠_ZC,215,20519574,129000.0,20352.0,95440.0,1,101980.0,108041.0,95440.0,26.0,01_시즌
2022,2022-01-30,여름_우븐 셔츠_드레스셔츠_ZB,42,2198740,69900.0,6216.0,52351.0,1,53842.0,27459.0,52351.0,25.0,01_시즌
2022,2022-01-30,여름_우븐 셔츠_캐쥬얼셔츠_ZB,0,0,89900.0,7165.0,,1,,29289.0,29289.0,67.0,01_시즌
2022,2022-02-06,봄_가죽&FUR_가죽점퍼_ZA,10,606800,999000.0,183300.0,422502.0,2,558245.0,538319.0,60680.0,94.0,01_시즌
2022,2022-02-06,봄_니트 셔츠_라운드_ZB,336,11656919,69900.0,9387.0,34693.0,2,30774.0,26835.0,34693.0,50.0,01_시즌
2022,2022-02-06,봄_니트 셔츠_오픈형티(맨투맨 등)_ZA,76,5939210,129900.0,12030.0,78148.0,2,72621.0,52291.0,78148.0,40.0,01_시즌
2022,2022-02-06,봄_니트 셔츠_후드티_ZB,106,5421586,89900.0,11895.0,51147.0,2,42072.0,30408.0,51147.0,43.0,01_시즌
2022,2022-02-06,봄_수트_블레이져(수트)_ZB,722,133085442,239000.0,42565.0,184081.0,2,184143.0,183412.0,184329.0,23.0,01_시즌
2022,2022-02-06,봄_수트_블레이져(수트)_ZC,203,37021100,239000.0,43829.0,181152.0,2,180514.0,184381.0,182370.0,24.0,01_시즌
2022,2022-02-06,봄_수트_수트팬츠_ZB,786,78429645,129000.0,21226.0,99503.0,2,98776.0,101248.0,99783.0,23.0,01_시즌
2022,2022-02-06,봄_수트_수트팬츠_ZC,233,22870400,129000.0,21291.0,97886.0,2,96536.0,101066.0,98156.0,24.0,01_시즌
2022,2022-02-06,봄_스웨터_T-에리_ZB,202,11049690,99900.0,10999.0,54701.0,2,50026.0,40820.0,54701.0,45.0,01_시즌
2022,2022-02-06,봄_스웨터_VEST_ZA,38,2366280,99900.0,8436.0,62271.0,2,51262.0,39904.0,62271.0,38.0,01_시즌
2022,2022-02-06,봄_스웨터_라운드_ZB,1035,51230975,94900.0,11399.0,49924.0,2,48928.0,34777.0,49499.0,48.0,01_시즌
2022,2022-02-06,봄_스웨터_오픈형(CARDIGAN)_ZA,51,6000830,199900.0,14604.0,117546.0,2,92233.0,77725.0,117663.0,41.0,01_시즌
2022,2022-02-06,봄_스웨터_오픈형(CARDIGAN)_ZB,241,22076779,159900.0,15430.0,91943.0,2,84301.0,61219.0,91605.0,43.0,01_시즌
2022,2022-02-06,봄_우븐 셔츠_캐쥬얼셔츠_ZA,98,7648691,129900.0,13854.0,78048.0,2,76859.0,55790.0,78048.0,40.0,01_시즌
2022,2022-02-06,봄_우븐 셔츠_캐쥬얼셔츠_ZB,169,6959730,69900.0,7808.0,40106.0,2,38126.0,32787.0,41182.0,41.0,01_시즌
2022,2022-02-06,봄_점퍼_패딩점퍼_ZB,66,9390600,249000.0,23522.0,142282.0,2,129180.0,89426.0,142282.0,43.0,01_시즌
2022,2022-02-06,봄_코트_싱글코트_ZB,236,44431046,289000.0,26838.0,194540.0,2,172565.0,105327.0,188267.0,35.0,01_시즌
2022,2022-02-06,봄_팬츠_니트팬츠_ZA,70,3608260,89900.0,8963.0,51547.0,2,50304.0,39333.0,51547.0,43.0,01_시즌
2022,2022-02-06,봄_팬츠_니트팬츠_ZB,91,3599530,69900.0,8423.0,39555.0,2,37141.0,28302.0,39555.0,43.0,01_시즌
2022,2022-02-06,사계절_니트 셔츠_라운드_ZB,148,5252000,69900.0,5460.0,35486.0,2,32660.0,21712.0,35486.0,49.0,01_시즌
2022,2022-02-06,사계절_데님_데님팬츠_ZB,337,19745850,99900.0,12566.0,58680.0,2,59849.0,49011.0,58593.0,41.0,01_시즌
2022,2022-02-06,사계절_수트_블레이져(수트)_ZB,967,145564520,239000.0,36346.0,156788.0,2,157176.0,160171.0,150532.0,37.0,01_시즌
2022,2022-02-06,사계절_수트_수트팬츠_ZB,940,73516938,129000.0,17316.0,79658.0,2,77318.0,84612.0,78210.0,39.0,01_시즌
2022,2022-02-06,사계절_우븐 셔츠_드레스셔츠_ZB,2214,73397653,69900.0,7348.0,34463.0,2,34641.0,29098.0,33152.0,53.0,01_시즌
2022,2022-02-06,사계절_자켓_싱글재킷_ZB,122,17025300,239000.0,29296.0,139552.0,2,140438.0,135628.0,139552.0,42.0,01_시즌
2022,2022-02-06,사계절_팬츠_니트팬츠_ZB,24,1086000,69900.0,7153.0,45250.0,2,42808.0,26418.0,45250.0,35.0,01_시즌
2022,2022-02-06,사계절_팬츠_팬츠(일반)_ZB,1074,56617652,99900.0,10779.0,52352.0,2,52385.0,46584.0,52717.0,47.0,01_시즌
2022,2022-02-06,여름_수트_블레이져(수트)_ZB,331,61256022,239000.0,39918.0,185064.0,2,183486.0,183922.0,185064.0,23.0,01_시즌
2022,2022-02-06,여름_수트_블레이져(수트)_ZC,301,54482886,239000.0,40467.0,181006.0,2,203607.0,197238.0,181006.0,24.0,01_시즌
2022,2022-02-06,여름_수트_수트팬츠_ZB,442,44279158,129000.0,20395.0,100179.0,2,98546.0,99069.0,100179.0,22.0,01_시즌
2022,2022-02-06,여름_수트_수트팬츠_ZC,282,27548596,129000.0,20352.0,97690.0,2,110974.0,108041.0,97690.0,24.0,01_시즌
2022,2022-02-06,여름_우븐 셔츠_드레스셔츠_ZB,293,14607480,69900.0,6216.0,49855.0,2,38675.0,27459.0,49855.0,29.0,01_시즌
2022,2022-02-06,여름_우븐 셔츠_캐쥬얼셔츠_ZB,0,0,89900.0,7165.0,,2,67219.0,29289.0,67219.0,25.0,01_시즌
2022,2022-02-06,여름_점퍼_점퍼_ZB,0,0,249000.0,21174.0,,2,153477.0,81684.0,153477.0,38.0,01_시즌
2022,2022-02-13,봄_가죽&FUR_가죽점퍼_ZA,44,26972800,999000.0,183300.0,608911.0,2,558245.0,538319.0,613018.0,39.0,01_시즌
2022,2022-02-13,봄_니트 셔츠_라운드_ZB,171,4371730,69900.0,9387.0,25566.0,2,30774.0,26835.0,25566.0,63.0,01_시즌
2022,2022-02-13,봄_니트 셔츠_오픈형티(맨투맨 등)_ZA,69,4962010,129900.0,12030.0,71913.0,2,72621.0,52291.0,71913.0,45.0,01_시즌
2022,2022-02-13,봄_니트 셔츠_후드티_ZB,100,4392740,89900.0,11895.0,43927.0,2,42072.0,30408.0,43927.0,51.0,01_시즌
2022,2022-02-13,봄_수트_블레이져(수트)_ZB,401,74998211,239000.0,42565.0,186075.0,2,184143.0,183412.0,187028.0,22.0,01_시즌
2022,2022-02-13,봄_수트_블레이져(수트)_ZC,65,11680659,239000.0,43829.0,179173.0,2,180514.0,184381.0,179702.0,25.0,01_시즌
2022,2022-02-13,봄_수트_수트팬츠_ZB,413,41436941,129000.0,21226.0,100006.0,2,98776.0,101248.0,100332.0,22.0,01_시즌
2022,2022-02-13,봄_수트_수트팬츠_ZC,40,3911280,129000.0,21291.0,96682.0,2,96536.0,101066.0,97782.0,24.0,01_시즌
2022,2022-02-13,봄_스웨터_T-에리_ZB,85,4213280,99900.0,10999.0,49568.0,2,50026.0,40820.0,49568.0,50.0,01_시즌
2022,2022-02-13,봄_스웨터_VEST_ZA,16,607720,99900.0,8436.0,37982.0,2,51262.0,39904.0,37982.0,62.0,01_시즌
2022,2022-02-13,봄_스웨터_라운드_ZB,1137,56111329,94900.0,11399.0,49842.0,2,48928.0,34777.0,49350.0,48.0,01_시즌
2022,2022-02-13,봄_스웨터_오픈형(CARDIGAN)_ZA,41,4848030,199900.0,14604.0,116561.0,2,92233.0,77725.0,118245.0,41.0,01_시즌
2022,2022-02-13,봄_스웨터_오픈형(CARDIGAN)_ZB,226,19486220,159900.0,15430.0,86870.0,2,84301.0,61219.0,86222.0,46.0,01_시즌
2022,2022-02-13,봄_우븐 셔츠_캐쥬얼셔츠_ZA,124,10194500,129900.0,13854.0,82214.0,2,76859.0,55790.0,82214.0,37.0,01_시즌
2022,2022-02-13,봄_우븐 셔츠_캐쥬얼셔츠_ZB,157,6389777,69900.0,7808.0,40247.0,2,38126.0,32787.0,40699.0,42.0,01_시즌
2022,2022-02-13,봄_점퍼_패딩점퍼_ZB,127,17219811,249000.0,23522.0,135589.0,2,129180.0,89426.0,135589.0,46.0,01_시즌
2022,2022-02-13,봄_코트_싱글코트_ZB,327,62640851,289000.0,26838.0,195682.0,2,172565.0,105327.0,191562.0,34.0,01_시즌
2022,2022-02-13,봄_팬츠_니트팬츠_ZA,37,1874240,89900.0,8963.0,50655.0,2,50304.0,39333.0,50655.0,44.0,01_시즌
2022,2022-02-13,봄_팬츠_니트팬츠_ZB,154,5490480,69900.0,8423.0,35652.0,2,37141.0,28302.0,35652.0,49.0,01_시즌
2022,2022-02-13,사계절_니트 셔츠_라운드_ZB,215,7234045,69900.0,5460.0,33647.0,2,32660.0,21712.0,33647.0,52.0,01_시즌
2022,2022-02-13,사계절_데님_데님팬츠_ZB,108,6089000,99900.0,12566.0,57246.0,2,59849.0,49011.0,56380.0,44.0,01_시즌
2022,2022-02-13,사계절_수트_블레이져(수트)_ZB,765,112029018,239000.0,36346.0,152522.0,2,157176.0,160171.0,146443.0,39.0,01_시즌
2022,2022-02-13,사계절_수트_수트팬츠_ZB,694,52017195,129000.0,17316.0,74312.0,2,77318.0,84612.0,74953.0,42.0,01_시즌
2022,2022-02-13,사계절_우븐 셔츠_드레스셔츠_ZB,2326,79652612,69900.0,7348.0,35134.0,2,34641.0,29098.0,34244.0,51.0,01_시즌
2022,2022-02-13,사계절_자켓_싱글재킷_ZB,110,15919000,239000.0,29296.0,144718.0,2,140438.0,135628.0,144718.0,39.0,01_시즌
2022,2022-02-13,사계절_팬츠_니트팬츠_ZB,12,528000,69900.0,7153.0,44000.0,2,42808.0,26418.0,44000.0,37.0,01_시즌
2022,2022-02-13,사계절_팬츠_팬츠(일반)_ZB,1314,70244797,99900.0,10779.0,53060.0,2,52385.0,46584.0,53459.0,46.0,01_시즌
2022,2022-02-13,여름_수트_블레이져(수트)_ZA,115,25659500,319000.0,49928.0,223126.0,2,219002.0,222805.0,223126.0,30.0,01_시즌
2022,2022-02-13,여름_수트_블레이져(수트)_ZB,205,37118381,239000.0,39918.0,181065.0,2,183486.0,183922.0,181065.0,24.0,01_시즌
2022,2022-02-13,여름_수트_블레이져(수트)_ZC,248,50234453,279000.0,45730.0,214189.0,2,203607.0,197238.0,202558.0,27.0,01_시즌
2022,2022-02-13,여름_수트_수트팬츠_ZA,137,17135670,179000.0,24833.0,125078.0,2,122559.0,118791.0,125078.0,30.0,01_시즌
2022,2022-02-13,여름_수트_수트팬츠_ZB,195,18736902,129000.0,20395.0,96087.0,2,98546.0,99069.0,96087.0,26.0,01_시즌
2022,2022-02-13,여름_수트_수트팬츠_ZC,243,26845073,154000.0,22835.0,117840.0,2,110974.0,108041.0,110474.0,28.0,01_시즌
2022,2022-02-13,여름_스웨터_T-에리_ZA,0,0,99900.0,11008.0,,2,,39571.0,39571.0,60.0,01_시즌
2022,2022-02-13,여름_스웨터_라운드_ZA,0,0,99900.0,10227.0,,2,,38193.0,38193.0,62.0,01_시즌
2022,2022-02-13,여름_우븐 셔츠_드레스셔츠_ZB,266,8544800,69900.0,6216.0,32123.0,2,38675.0,27459.0,32123.0,54.0,01_시즌
2022,2022-02-13,여름_우븐 셔츠_캐쥬얼셔츠_ZA,0,0,99900.0,8672.0,,2,,40500.0,40500.0,59.0,01_시즌
2022,2022-02-13,여름_우븐 셔츠_캐쥬얼셔츠_ZB,48,3452160,89900.0,7735.0,71920.0,2,67219.0,29289.0,71920.0,20.0,01_시즌
2022,2022-02-13,여름_자켓_싱글재킷_ZB,10,1912000,239000.0,23470.0,191200.0,2,185340.0,106710.0,191200.0,20.0,01_시즌
2022,2022-02-13,여름_점퍼_점퍼_ZB,0,0,249000.0,23294.0,,2,153477.0,81684.0,153477.0,38.0,01_시즌
2022,2022-02-13,여름_팬츠_니트팬츠_ZB,0,0,69900.0,6710.0,,2,,23452.0,23452.0,66.0,01_시즌
2022,2022-02-20,봄_가죽&FUR_가죽점퍼_ZA,18,10288800,999000.0,183300.0,564244.0,2,558245.0,538319.0,571600.0,43.0,01_시즌
2022,2022-02-20,봄_니트 셔츠_라운드_ZB,454,15343756,69900.0,9387.0,33797.0,2,30774.0,26835.0,33797.0,52.0,01_시즌
2022,2022-02-20,봄_니트 셔츠_오픈형티(맨투맨 등)_ZA,66,4829520,129900.0,12030.0,73175.0,2,72621.0,52291.0,73175.0,44.0,01_시즌
2022,2022-02-20,봄_니트 셔츠_후드티_ZB,232,9966387,89900.0,11895.0,42959.0,2,42072.0,30408.0,42959.0,52.0,01_시즌
2022,2022-02-20,봄_수트_블레이져(수트)_ZB,334,62431710,239000.0,42565.0,186373.0,2,184143.0,183412.0,186921.0,22.0,01_시즌
2022,2022-02-20,봄_수트_블레이져(수트)_ZC,121,22276060,239000.0,43829.0,184254.0,2,180514.0,184381.0,184100.0,23.0,01_시즌
2022,2022-02-20,봄_수트_수트팬츠_ZB,363,36333140,129000.0,21226.0,99680.0,2,98776.0,101248.0,100091.0,22.0,01_시즌
2022,2022-02-20,봄_수트_수트팬츠_ZC,117,11690930,129000.0,21291.0,99947.0,2,96536.0,101066.0,99922.0,23.0,01_시즌
2022,2022-02-20,봄_스웨터_T-에리_ZB,196,9256558,99900.0,10999.0,47227.0,2,50026.0,40820.0,47227.0,53.0,01_시즌
2022,2022-02-20,봄_스웨터_VEST_ZA,18,978650,99900.0,8436.0,54369.0,2,51262.0,39904.0,54369.0,46.0,01_시즌
2022,2022-02-20,봄_스웨터_라운드_ZB,1084,52889000,94900.0,11399.0,49264.0,2,48928.0,34777.0,48791.0,49.0,01_시즌
2022,2022-02-20,봄_스웨터_오픈형(CARDIGAN)_ZA,40,4381680,199900.0,14604.0,92887.0,2,92233.0,77725.0,109542.0,45.0,01_시즌
2022,2022-02-20,봄_스웨터_오픈형(CARDIGAN)_ZB,136,10725340,159900.0,15430.0,70993.0,2,84301.0,61219.0,78863.0,51.0,01_시즌
2022,2022-02-20,봄_우븐 셔츠_캐쥬얼셔츠_ZA,91,7252920,129900.0,13854.0,79702.0,2,76859.0,55790.0,79702.0,39.0,01_시즌
2022,2022-02-20,봄_우븐 셔츠_캐쥬얼셔츠_ZB,122,4720780,69900.0,7808.0,36848.0,2,38126.0,32787.0,38695.0,45.0,01_시즌
2022,2022-02-20,봄_점퍼_패딩점퍼_ZB,137,16974526,249000.0,23522.0,123902.0,2,129180.0,89426.0,123902.0,50.0,01_시즌
2022,2022-02-20,봄_코트_싱글코트_ZB,253,43740650,289000.0,26838.0,178328.0,2,172565.0,105327.0,172888.0,40.0,01_시즌
2022,2022-02-20,봄_팬츠_니트팬츠_ZA,42,2287420,89900.0,8963.0,54462.0,2,50304.0,39333.0,54462.0,39.0,01_시즌
2022,2022-02-20,봄_팬츠_니트팬츠_ZB,402,14559298,69900.0,8423.0,36217.0,2,37141.0,28302.0,36217.0,48.0,01_시즌
2022,2022-02-20,사계절_니트 셔츠_라운드_ZB,187,6307200,69900.0,5460.0,33728.0,2,32660.0,21712.0,33728.0,52.0,01_시즌
2022,2022-02-20,사계절_데님_데님팬츠_ZB,303,17536450,99900.0,12566.0,57123.0,2,59849.0,49011.0,57876.0,42.0,01_시즌
2022,2022-02-20,사계절_수트_블레이져(수트)_ZB,315,33343879,239000.0,36346.0,177578.0,2,157176.0,160171.0,105854.0,56.0,01_시즌
2022,2022-02-20,사계절_수트_수트팬츠_ZB,629,48794014,129000.0,17316.0,78984.0,2,77318.0,84612.0,77574.0,40.0,01_시즌
2022,2022-02-20,사계절_우븐 셔츠_드레스셔츠_ZB,1860,62157162,69900.0,7348.0,34218.0,2,34641.0,29098.0,33418.0,52.0,01_시즌
2022,2022-02-20,사계절_자켓_싱글재킷_ZB,109,15181370,239000.0,29296.0,139279.0,2,140438.0,135628.0,139279.0,42.0,01_시즌
2022,2022-02-20,사계절_팬츠_니트팬츠_ZB,18,781930,69900.0,7153.0,43441.0,2,42808.0,26418.0,43441.0,38.0,01_시즌
2022,2022-02-20,사계절_팬츠_팬츠(일반)_ZB,939,48606710,99900.0,10779.0,52034.0,2,52385.0,46584.0,51764.0,48.0,01_시즌
2022,2022-02-20,여름_수트_블레이져(수트)_ZA,124,27469400,319000.0,49928.0,221527.0,2,219002.0,222805.0,221527.0,31.0,01_시즌
2022,2022-02-20,여름_수트_블레이져(수트)_ZB,449,83485360,239000.0,41756.0,186950.0,2,183486.0,183922.0,185936.0,22.0,01_시즌
2022,2022-02-20,여름_수트_블레이져(수트)_ZC,349,72617710,265667.0,46108.0,207964.0,2,203607.0,197238.0,208074.0,22.0,01_시즌
2022,2022-02-20,여름_수트_수트팬츠_ZA,151,18506870,179000.0,24833.0,122562.0,2,122559.0,118791.0,122562.0,32.0,01_시즌
2022,2022-02-20,여름_수트_수트팬츠_ZB,549,54965384,129000.0,20858.0,100948.0,2,98546.0,99069.0,100119.0,22.0,01_시즌
2022,2022-02-20,여름_수트_수트팬츠_ZC,333,37961294,145667.0,22787.0,114052.0,2,110974.0,108041.0,113998.0,22.0,01_시즌
2022,2022-02-20,여름_스웨터_T-에리_ZA,0,0,99900.0,11008.0,,2,,39571.0,39571.0,60.0,01_시즌
2022,2022-02-20,여름_스웨터_라운드_ZA,0,0,99900.0,10227.0,,2,,38193.0,38193.0,62.0,01_시즌
2022,2022-02-20,여름_우븐 셔츠_드레스셔츠_ZB,426,15365460,69900.0,6216.0,36069.0,2,38675.0,27459.0,36069.0,48.0,01_시즌
2022,2022-02-20,여름_우븐 셔츠_캐쥬얼셔츠_ZA,0,0,99900.0,8672.0,,2,,40500.0,40500.0,59.0,01_시즌
2022,2022-02-20,여름_우븐 셔츠_캐쥬얼셔츠_ZB,-28,-2053760,89900.0,7735.0,78586.0,2,67219.0,29289.0,73349.0,18.0,01_시즌
2022,2022-02-20,여름_자켓_싱글재킷_ZB,1,191200,239000.0,23470.0,191200.0,2,185340.0,106710.0,191200.0,20.0,01_시즌
2022,2022-02-20,여름_점퍼_점퍼_ZB,0,0,249000.0,23294.0,,2,153477.0,81684.0,153477.0,38.0,01_시즌
2022,2022-02-20,여름_팬츠_니트팬츠_ZB,0,0,69900.0,6710.0,,2,,23452.0,23452.0,66.0,01_시즌
2022,2022-02-27,봄_가죽&FUR_가죽점퍼_ZA,26,15583500,999000.0,183300.0,592075.0,2,558245.0,538319.0,599365.0,40.0,01_시즌
2022,2022-02-27,봄_니트 셔츠_라운드_ZB,415,12052340,69900.0,9387.0,29042.0,2,30774.0,26835.0,29042.0,58.0,01_시즌
2022,2022-02-27,봄_니트 셔츠_오픈형티(맨투맨 등)_ZA,60,4034839,129900.0,12030.0,67247.0,2,72621.0,52291.0,67247.0,48.0,01_시즌
2022,2022-02-27,봄_니트 셔츠_후드티_ZB,115,3479360,89900.0,11895.0,30255.0,2,42072.0,30408.0,30255.0,66.0,01_시즌
2022,2022-02-27,봄_수트_블레이져(수트)_ZB,254,46152850,239000.0,42565.0,180044.0,2,184143.0,183412.0,181704.0,24.0,01_시즌
2022,2022-02-27,봄_수트_블레이져(수트)_ZC,75,13599100,239000.0,43829.0,177478.0,2,180514.0,184381.0,181321.0,24.0,01_시즌
2022,2022-02-27,봄_수트_수트팬츠_ZB,289,27844884,129000.0,21226.0,95916.0,2,98776.0,101248.0,96349.0,25.0,01_시즌
2022,2022-02-27,봄_수트_수트팬츠_ZC,65,6046014,129000.0,21291.0,91630.0,2,96536.0,101066.0,93016.0,28.0,01_시즌
2022,2022-02-27,봄_스웨터_T-에리_ZB,269,13075739,99900.0,10999.0,48609.0,2,50026.0,40820.0,48609.0,51.0,01_시즌
2022,2022-02-27,봄_스웨터_VEST_ZA,16,806830,99900.0,8436.0,50427.0,2,51262.0,39904.0,50427.0,50.0,01_시즌
2022,2022-02-27,봄_스웨터_라운드_ZB,941,44440324,94900.0,11399.0,46681.0,2,48928.0,34777.0,47227.0,50.0,01_시즌
2022,2022-02-27,봄_스웨터_오픈형(CARDIGAN)_ZA,14,779020,199900.0,14604.0,41938.0,2,92233.0,77725.0,55644.0,72.0,01_시즌
2022,2022-02-27,봄_스웨터_오픈형(CARDIGAN)_ZB,138,12049180,159900.0,15430.0,87399.0,2,84301.0,61219.0,87313.0,45.0,01_시즌
2022,2022-02-27,봄_우븐 셔츠_캐쥬얼셔츠_ZA,76,5127860,129900.0,13854.0,67472.0,2,76859.0,55790.0,67472.0,48.0,01_시즌
2022,2022-02-27,봄_우븐 셔츠_캐쥬얼셔츠_ZB,185,6557645,69900.0,7808.0,35301.0,2,38126.0,32787.0,35447.0,49.0,01_시즌
2022,2022-02-27,봄_점퍼_패딩점퍼_ZB,121,13908760,249000.0,23522.0,114948.0,2,129180.0,89426.0,114948.0,54.0,01_시즌
2022,2022-02-27,봄_코트_싱글코트_ZB,267,31959680,289000.0,26850.0,121708.0,2,172565.0,105327.0,119699.0,59.0,01_시즌
2022,2022-02-27,봄_팬츠_니트팬츠_ZA,60,2673020,89900.0,8963.0,44550.0,2,50304.0,39333.0,44550.0,50.0,01_시즌
2022,2022-02-27,봄_팬츠_니트팬츠_ZB,11,-774590,69900.0,8423.0,,2,37141.0,28302.0,37141.0,47.0,01_시즌
2022,2022-02-27,사계절_니트 셔츠_라운드_ZB,196,5444254,69900.0,5460.0,27777.0,2,32660.0,21712.0,27777.0,60.0,01_시즌
2022,2022-02-27,사계절_데님_데님팬츠_ZB,182,8722550,99900.0,12566.0,64656.0,2,59849.0,49011.0,47926.0,52.0,01_시즌
2022,2022-02-27,사계절_수트_블레이져(수트)_ZB,457,64557327,239000.0,36346.0,141815.0,2,157176.0,160171.0,141263.0,41.0,01_시즌
2022,2022-02-27,사계절_수트_수트팬츠_ZB,496,38064013,129000.0,17316.0,76318.0,2,77318.0,84612.0,76742.0,41.0,01_시즌
2022,2022-02-27,사계절_우븐 셔츠_드레스셔츠_ZB,1570,52432648,69900.0,7348.0,34749.0,2,34641.0,29098.0,33397.0,52.0,01_시즌
2022,2022-02-27,사계절_자켓_싱글재킷_ZB,132,18242870,239000.0,29296.0,138204.0,2,140438.0,135628.0,138204.0,42.0,01_시즌
2022,2022-02-27,사계절_팬츠_니트팬츠_ZB,23,886445,69900.0,7153.0,38541.0,2,42808.0,26418.0,38541.0,45.0,01_시즌
2022,2022-02-27,사계절_팬츠_팬츠(일반)_ZB,1196,62458205,99900.0,10779.0,52096.0,2,52385.0,46584.0,52223.0,48.0,01_시즌
2022,2022-02-27,여름_수트_블레이져(수트)_ZA,123,26119600,319000.0,49928.0,212354.0,2,219002.0,222805.0,212354.0,33.0,01_시즌
2022,2022-02-27,여름_수트_블레이져(수트)_ZB,544,98198508,239000.0,41756.0,181964.0,2,183486.0,183922.0,180512.0,24.0,01_시즌
2022,2022-02-27,여름_수트_블레이져(수트)_ZC,310,64442608,265667.0,46108.0,199730.0,2,203607.0,197238.0,207879.0,22.0,01_시즌
2022,2022-02-27,여름_수트_수트팬츠_ZA,183,21966614,179000.0,24833.0,120036.0,2,122559.0,118791.0,120036.0,33.0,01_시즌
2022,2022-02-27,여름_수트_수트팬츠_ZB,614,59545454,129000.0,20858.0,97552.0,2,98546.0,99069.0,96980.0,25.0,01_시즌
2022,2022-02-27,여름_수트_수트팬츠_ZC,339,38179753,145667.0,22787.0,107748.0,2,110974.0,108041.0,112625.0,23.0,01_시즌
2022,2022-02-27,여름_스웨터_T-에리_ZA,0,0,99900.0,11008.0,,2,,39571.0,39571.0,60.0,01_시즌
2022,2022-02-27,여름_스웨터_라운드_ZA,0,0,99900.0,10227.0,,2,,38193.0,38193.0,62.0,01_시즌
2022,2022-02-27,여름_우븐 셔츠_드레스셔츠_ZB,497,18216508,69900.0,6216.0,36653.0,2,38675.0,27459.0,36653.0,48.0,01_시즌
2022,2022-02-27,여름_우븐 셔츠_캐쥬얼셔츠_ZA,0,0,99900.0,8672.0,,2,,40500.0,40500.0,59.0,01_시즌
2022,2022-02-27,여름_우븐 셔츠_캐쥬얼셔츠_ZB,122,7577620,89900.0,7735.0,56506.0,2,67219.0,29289.0,62112.0,31.0,01_시즌
2022,2022-02-27,여름_자켓_싱글재킷_ZA,6,1243200,259000.0,29667.0,207200.0,2,207200.0,125764.0,207200.0,20.0,01_시즌
2022,2022-02-27,여름_자켓_싱글재킷_ZB,4,694480,239000.0,23470.0,173620.0,2,185340.0,106710.0,173620.0,27.0,01_시즌
2022,2022-02-27,여름_점퍼_점퍼_ZB,213,33321020,249000.0,23294.0,153477.0,2,153477.0,81684.0,156437.0,37.0,01_시즌
2022,2022-02-27,여름_팬츠_니트팬츠_ZB,0,0,69900.0,6710.0,,2,,23452.0,23452.0,66.0,01_시즌
2022,2022-02-27,여름_팬츠_팬츠(일반)_ZA,7,778400,139000.0,12656.0,111200.0,2,111200.0,59242.0,111200.0,20.0,01_시즌
2022,2022-02-27,여름_팬츠_팬츠(일반)_ZB,0,0,99900.0,9023.0,,2,,36605.0,36605.0,63.0,01_시즌
2022,2022-03-06,봄_가죽&FUR_가죽점퍼_ZA,39,21007800,999000.0,183300.0,547287.0,3,515289.0,538319.0,538662.0,46.0,01_시즌
2022,2022-03-06,봄_니트 셔츠_라운드_ZB,844,27055614,69900.0,9387.0,32056.0,3,30076.0,26835.0,32056.0,54.0,01_시즌
2022,2022-03-06,봄_니트 셔츠_오픈형티(맨투맨 등)_ZA,141,9183740,129900.0,12030.0,65133.0,3,59332.0,52291.0,65133.0,50.0,01_시즌
2022,2022-03-06,봄_니트 셔츠_후드티_ZB,309,12385000,89900.0,11895.0,40081.0,3,36426.0,30408.0,40081.0,55.0,01_시즌
2022,2022-03-06,봄_수트_블레이져(수트)_ZB,375,67883835,239000.0,42565.0,181106.0,3,179681.0,183412.0,181024.0,24.0,01_시즌
2022,2022-03-06,봄_수트_블레이져(수트)_ZC,115,21043041,239000.0,43829.0,183332.0,3,181851.0,184381.0,182983.0,23.0,01_시즌
2022,2022-03-06,봄_수트_수트팬츠_ZB,398,38828180,129000.0,21226.0,97522.0,3,96996.0,101248.0,97558.0,24.0,01_시즌
2022,2022-03-06,봄_수트_수트팬츠_ZC,110,10744139,129000.0,21291.0,97918.0,3,98884.0,101066.0,97674.0,24.0,01_시즌
2022,2022-03-06,봄_스웨터_T-에리_ZB,617,30391655,99900.0,10999.0,49257.0,3,45458.0,40820.0,49257.0,51.0,01_시즌
2022,2022-03-06,봄_스웨터_VEST_ZA,28,1337050,99900.0,8436.0,47752.0,3,45781.0,39904.0,47752.0,52.0,01_시즌
2022,2022-03-06,봄_스웨터_라운드_ZB,2147,90585266,94900.0,11399.0,42540.0,3,44186.0,34777.0,42192.0,56.0,01_시즌
2022,2022-03-06,봄_스웨터_오픈형(CARDIGAN)_ZA,70,6450690,199900.0,14604.0,93450.0,3,83958.0,77725.0,92153.0,54.0,01_시즌
2022,2022-03-06,봄_스웨터_오픈형(CARDIGAN)_ZB,377,29726536,159900.0,15430.0,78387.0,3,67599.0,61219.0,78850.0,51.0,01_시즌
2022,2022-03-06,봄_우븐 셔츠_캐쥬얼셔츠_ZA,159,11039140,129900.0,13854.0,69429.0,3,62622.0,55790.0,69429.0,47.0,01_시즌
2022,2022-03-06,봄_우븐 셔츠_캐쥬얼셔츠_ZB,301,10587195,69900.0,7808.0,34513.0,3,33990.0,32787.0,35173.0,50.0,01_시즌
2022,2022-03-06,봄_점퍼_패딩점퍼_ZB,219,25732176,249000.0,23522.0,117499.0,3,106134.0,89426.0,117499.0,53.0,01_시즌
2022,2022-03-06,봄_코트_싱글코트_ZB,871,131302367,289000.0,28252.0,156450.0,3,145563.0,105327.0,150749.0,48.0,01_시즌
2022,2022-03-06,봄_팬츠_니트팬츠_ZA,100,4345550,89900.0,8963.0,43456.0,3,43014.0,39333.0,43456.0,52.0,01_시즌
2022,2022-03-06,봄_팬츠_니트팬츠_ZB,347,11575195,69900.0,8423.0,33358.0,3,31530.0,28302.0,33358.0,52.0,01_시즌
2022,2022-03-06,사계절_니트 셔츠_라운드_ZB,419,14939540,69900.0,5460.0,35655.0,3,33367.0,21712.0,35655.0,49.0,01_시즌
2022,2022-03-06,사계절_데님_데님팬츠_ZB,452,21858105,99900.0,12566.0,45564.0,3,45073.0,49011.0,48359.0,52.0,01_시즌
2022,2022-03-06,사계절_수트_블레이져(수트)_ZB,623,89967596,239000.0,36346.0,146106.0,3,145176.0,160171.0,144410.0,40.0,01_시즌
2022,2022-03-06,사계절_수트_수트팬츠_ZB,655,51480207,129000.0,17236.0,79414.0,3,78265.0,84612.0,78596.0,39.0,01_시즌
2022,2022-03-06,사계절_우븐 셔츠_드레스셔츠_ZB,2133,71548134,69900.0,7348.0,34590.0,3,32939.0,29098.0,33543.0,52.0,01_시즌
2022,2022-03-06,사계절_자켓_싱글재킷_ZB,130,18451800,239000.0,29296.0,141937.0,3,139398.0,135628.0,141937.0,41.0,01_시즌
2022,2022-03-06,사계절_팬츠_니트팬츠_ZB,65,2593020,64900.0,6322.0,39893.0,3,35975.0,26418.0,39893.0,39.0,01_시즌
2022,2022-03-06,사계절_팬츠_팬츠(일반)_ZB,1911,89472609,99900.0,10779.0,46321.0,3,44304.0,46584.0,46820.0,53.0,01_시즌
2022,2022-03-06,여름_수트_블레이져(수트)_ZA,175,37271590,319000.0,51463.0,212981.0,3,212134.0,222805.0,212981.0,33.0,01_시즌
2022,2022-03-06,여름_수트_블레이져(수트)_ZB,796,145068694,239000.0,42356.0,183426.0,3,178904.0,183922.0,182247.0,24.0,01_시즌
2022,2022-03-06,여름_수트_블레이져(수트)_ZC,491,96829079,265667.0,49160.0,195151.0,3,192035.0,197238.0,197208.0,26.0,01_시즌
2022,2022-03-06,여름_수트_수트팬츠_ZA,233,27885668,179000.0,25353.0,119681.0,3,118116.0,118791.0,119681.0,33.0,01_시즌
2022,2022-03-06,여름_수트_수트팬츠_ZB,977,96116351,129000.0,21314.0,99004.0,3,96650.0,99069.0,98379.0,24.0,01_시즌
2022,2022-03-06,여름_수트_수트팬츠_ZC,481,51840110,145667.0,24146.0,106650.0,3,104135.0,108041.0,107776.0,26.0,01_시즌
2022,2022-03-06,여름_스웨터_T-에리_ZA,0,0,99900.0,12162.0,,3,,39571.0,39571.0,60.0,01_시즌
2022,2022-03-06,여름_스웨터_T-에리_ZB,0,0,89900.0,7105.0,,3,58249.0,35693.0,58249.0,35.0,01_시즌
2022,2022-03-06,여름_스웨터_라운드_ZA,0,0,99900.0,11209.0,,3,,38193.0,38193.0,62.0,01_시즌
2022,2022-03-06,여름_우븐 셔츠_드레스셔츠_ZB,484,16951370,69900.0,6216.0,35023.0,3,34043.0,27459.0,35023.0,50.0,01_시즌
2022,2022-03-06,여름_우븐 셔츠_캐쥬얼셔츠_ZA,109,7642350,99900.0,8742.0,70113.0,3,59062.0,40500.0,70113.0,30.0,01_시즌
2022,2022-03-06,여름_우븐 셔츠_캐쥬얼셔츠_ZB,346,14520190,89900.0,7735.0,37638.0,3,34687.0,29289.0,41966.0,53.0,01_시즌
2022,2022-03-06,여름_자켓_싱글재킷_ZA,39,7081200,259000.0,29901.0,181569.0,3,170707.0,125764.0,181569.0,30.0,01_시즌
2022,2022-03-06,여름_자켓_싱글재킷_ZB,81,12902800,239000.0,23470.0,159294.0,3,211722.0,106710.0,159294.0,33.0,01_시즌
2022,2022-03-06,여름_점퍼_점퍼_ZB,534,76287701,249000.0,22965.0,145350.0,3,127584.0,81684.0,142861.0,43.0,01_시즌
2022,2022-03-06,여름_팬츠_니트팬츠_ZB,0,0,69900.0,6752.0,,3,37676.0,23452.0,37676.0,46.0,01_시즌
2022,2022-03-06,여름_팬츠_반바지_ZB,0,0,79900.0,4907.0,,3,,26547.0,26547.0,67.0,01_시즌
2022,2022-03-06,여름_팬츠_팬츠(일반)_ZA,30,2733400,125967.0,12893.0,91113.0,3,79985.0,59242.0,91113.0,28.0,01_시즌
2022,2022-03-06,여름_팬츠_팬츠(일반)_ZB,0,0,99900.0,9290.0,,3,58292.0,36605.0,58292.0,42.0,01_시즌
2022,2022-03-13,봄_가죽&FUR_가죽점퍼_ZA,40,22148900,999000.0,183300.0,553320.0,3,515289.0,538319.0,553722.0,45.0,01_시즌
2022,2022-03-13,봄_니트 셔츠_라운드_ZB,973,29180300,69900.0,9387.0,29990.0,3,30076.0,26835.0,29990.0,57.0,01_시즌
2022,2022-03-13,봄_니트 셔츠_오픈형티(맨투맨 등)_ZA,213,12540012,129900.0,12030.0,58873.0,3,59332.0,52291.0,58873.0,55.0,01_시즌
2022,2022-03-13,봄_니트 셔츠_후드티_ZB,284,9708061,89900.0,11895.0,34183.0,3,36426.0,30408.0,34183.0,62.0,01_시즌
2022,2022-03-13,봄_수트_블레이져(수트)_ZB,352,63132480,239000.0,42565.0,180095.0,3,179681.0,183412.0,179354.0,25.0,01_시즌
2022,2022-03-13,봄_수트_블레이져(수트)_ZC,96,17634680,239000.0,43829.0,183686.0,3,181851.0,184381.0,183695.0,23.0,01_시즌
2022,2022-03-13,봄_수트_수트팬츠_ZB,388,37408445,129000.0,21226.0,97158.0,3,96996.0,101248.0,96414.0,25.0,01_시즌
2022,2022-03-13,봄_수트_수트팬츠_ZC,90,8960000,129000.0,21291.0,99681.0,3,98884.0,101066.0,99556.0,23.0,01_시즌
2022,2022-03-13,봄_스웨터_T-에리_ZB,735,28213339,99900.0,10999.0,38385.0,3,45458.0,40820.0,38385.0,62.0,01_시즌
2022,2022-03-13,봄_스웨터_VEST_ZA,75,3286894,99900.0,8436.0,43825.0,3,45781.0,39904.0,43825.0,56.0,01_시즌
2022,2022-03-13,봄_스웨터_라운드_ZB,2435,99817378,94900.0,11399.0,41699.0,3,44186.0,34777.0,40993.0,57.0,01_시즌
2022,2022-03-13,봄_스웨터_오픈형(CARDIGAN)_ZA,87,6912398,199900.0,14604.0,79482.0,3,83958.0,77725.0,79453.0,60.0,01_시즌
2022,2022-03-13,봄_스웨터_오픈형(CARDIGAN)_ZB,669,45470855,159900.0,15430.0,67506.0,3,67599.0,61219.0,67968.0,57.0,01_시즌
2022,2022-03-13,봄_우븐 셔츠_캐쥬얼셔츠_ZA,238,16006553,129900.0,13854.0,67254.0,3,62622.0,55790.0,67254.0,48.0,01_시즌
2022,2022-03-13,봄_우븐 셔츠_캐쥬얼셔츠_ZB,336,11492487,69900.0,7808.0,34012.0,3,33990.0,32787.0,34204.0,51.0,01_시즌
2022,2022-03-13,봄_점퍼_패딩점퍼_ZB,234,24266028,249000.0,23522.0,103701.0,3,106134.0,89426.0,103701.0,58.0,01_시즌
2022,2022-03-13,봄_코트_싱글코트_ZB,903,133595714,302333.0,29424.0,163926.0,3,145563.0,105327.0,147947.0,51.0,01_시즌
2022,2022-03-13,봄_팬츠_니트팬츠_ZA,85,3608810,89900.0,8963.0,42457.0,3,43014.0,39333.0,42457.0,53.0,01_시즌
2022,2022-03-13,봄_팬츠_니트팬츠_ZB,387,12442408,69900.0,8423.0,32151.0,3,31530.0,28302.0,32151.0,54.0,01_시즌
2022,2022-03-13,사계절_니트 셔츠_라운드_ZB,685,22207157,69900.0,5460.0,32419.0,3,33367.0,21712.0,32419.0,54.0,01_시즌
2022,2022-03-13,사계절_데님_데님팬츠_ZB,493,21599900,99900.0,12566.0,42508.0,3,45073.0,49011.0,43813.0,56.0,01_시즌
2022,2022-03-13,사계절_수트_블레이져(수트)_ZB,526,75101415,239000.0,36346.0,145464.0,3,145176.0,160171.0,142778.0,40.0,01_시즌
2022,2022-03-13,사계절_수트_수트팬츠_ZB,556,42921691,129000.0,17236.0,78034.0,3,78265.0,84612.0,77197.0,40.0,01_시즌
2022,2022-03-13,사계절_우븐 셔츠_드레스셔츠_ZB,2013,65231222,69900.0,7348.0,32720.0,3,32939.0,29098.0,32405.0,54.0,01_시즌
2022,2022-03-13,사계절_자켓_싱글재킷_ZB,167,23095266,239000.0,29296.0,138295.0,3,139398.0,135628.0,138295.0,42.0,01_시즌
2022,2022-03-13,사계절_팬츠_니트팬츠_ZB,53,1982100,64900.0,6322.0,37398.0,3,35975.0,26418.0,37398.0,42.0,01_시즌
2022,2022-03-13,사계절_팬츠_팬츠(일반)_ZB,2144,97081900,99900.0,10779.0,44864.0,3,44304.0,46584.0,45281.0,55.0,01_시즌
2022,2022-03-13,여름_니트 셔츠_라운드_ZB,0,0,49900.0,4918.0,,3,28441.0,20715.0,28441.0,43.0,01_시즌
2022,2022-03-13,여름_수트_블레이져(수트)_ZA,167,34876667,319000.0,51463.0,208842.0,3,212134.0,222805.0,208842.0,35.0,01_시즌
2022,2022-03-13,여름_수트_블레이져(수트)_ZB,643,115501450,239000.0,42356.0,180448.0,3,178904.0,183922.0,179629.0,25.0,01_시즌
2022,2022-03-13,여름_수트_블레이져(수트)_ZC,368,70504400,265667.0,49160.0,191665.0,3,192035.0,197238.0,191588.0,28.0,01_시즌
2022,2022-03-13,여름_수트_수트팬츠_ZA,202,23504703,179000.0,25353.0,116360.0,3,118116.0,118791.0,116360.0,35.0,01_시즌
2022,2022-03-13,여름_수트_수트팬츠_ZB,748,72634055,129000.0,21314.0,97640.0,3,96650.0,99069.0,97104.0,25.0,01_시즌
2022,2022-03-13,여름_수트_수트팬츠_ZC,320,32276835,145667.0,24146.0,101857.0,3,104135.0,108041.0,100865.0,31.0,01_시즌
2022,2022-03-13,여름_스웨터_T-에리_ZA,0,0,99900.0,12162.0,,3,,39571.0,39571.0,60.0,01_시즌
2022,2022-03-13,여름_스웨터_T-에리_ZB,0,0,89900.0,7105.0,,3,58249.0,35693.0,58249.0,35.0,01_시즌
2022,2022-03-13,여름_스웨터_라운드_ZA,0,0,99900.0,11209.0,,3,,38193.0,38193.0,62.0,01_시즌
2022,2022-03-13,여름_우븐 셔츠_드레스셔츠_ZB,790,26504102,69900.0,6216.0,33549.0,3,34043.0,27459.0,33549.0,52.0,01_시즌
2022,2022-03-13,여름_우븐 셔츠_캐쥬얼셔츠_ZA,2,-336810,99900.0,8742.0,,3,59062.0,40500.0,59062.0,41.0,01_시즌
2022,2022-03-13,여름_우븐 셔츠_캐쥬얼셔츠_ZB,287,12137782,89900.0,7735.0,39986.0,3,34687.0,29289.0,42292.0,53.0,01_시즌
2022,2022-03-13,여름_자켓_싱글재킷_ZA,119,20699700,259000.0,29900.0,173947.0,3,170707.0,125764.0,173947.0,33.0,01_시즌
2022,2022-03-13,여름_자켓_싱글재킷_ZB,-2,-597000,239000.0,23470.0,298500.0,3,211722.0,106710.0,298500.0,-25.0,01_시즌
2022,2022-03-13,여름_점퍼_점퍼_ZB,736,96780536,249000.0,22965.0,130086.0,3,127584.0,81684.0,131495.0,47.0,01_시즌
2022,2022-03-13,여름_팬츠_니트팬츠_ZB,0,0,69900.0,6752.0,,3,37676.0,23452.0,37676.0,46.0,01_시즌
2022,2022-03-13,여름_팬츠_반바지_ZB,0,0,79900.0,4907.0,,3,,26547.0,26547.0,67.0,01_시즌
2022,2022-03-13,여름_팬츠_팬츠(일반)_ZA,145,11673900,125967.0,12893.0,80510.0,3,79985.0,59242.0,80510.0,36.0,01_시즌
2022,2022-03-13,여름_팬츠_팬츠(일반)_ZB,0,0,99900.0,9879.0,,3,58292.0,36605.0,58292.0,42.0,01_시즌
2022,2022-03-20,봄_가죽&FUR_가죽점퍼_ZA,46,24038900,999000.0,183300.0,514417.0,3,515289.0,538319.0,522585.0,48.0,01_시즌
2022,2022-03-20,봄_니트 셔츠_라운드_ZB,1281,38275912,69900.0,9387.0,29880.0,3,30076.0,26835.0,29880.0,57.0,01_시즌
2022,2022-03-20,봄_니트 셔츠_오픈형티(맨투맨 등)_ZA,233,14127748,129900.0,12030.0,60634.0,3,59332.0,52291.0,60634.0,53.0,01_시즌
2022,2022-03-20,봄_니트 셔츠_후드티_ZB,375,13635211,89900.0,11895.0,36361.0,3,36426.0,30408.0,36361.0,60.0,01_시즌
2022,2022-03-20,봄_수트_블레이져(수트)_ZB,318,56088502,239000.0,42565.0,177316.0,3,179681.0,183412.0,176379.0,26.0,01_시즌
2022,2022-03-20,봄_수트_블레이져(수트)_ZC,74,13538200,239000.0,43829.0,183002.0,3,181851.0,184381.0,182949.0,23.0,01_시즌
2022,2022-03-20,봄_수트_수트팬츠_ZB,341,32602980,129000.0,21226.0,96467.0,3,96996.0,101248.0,95610.0,26.0,01_시즌
2022,2022-03-20,봄_수트_수트팬츠_ZC,87,8493216,129000.0,21291.0,97465.0,3,98884.0,101066.0,97623.0,24.0,01_시즌
2022,2022-03-20,봄_스웨터_T-에리_ZB,1057,41367698,99900.0,10999.0,39137.0,3,45458.0,40820.0,39137.0,61.0,01_시즌
2022,2022-03-20,봄_스웨터_VEST_ZA,41,1908777,99900.0,8436.0,46556.0,3,45781.0,39904.0,46556.0,53.0,01_시즌
2022,2022-03-20,봄_스웨터_라운드_ZB,2408,94169296,94900.0,11399.0,38835.0,3,44186.0,34777.0,39107.0,59.0,01_시즌
2022,2022-03-20,봄_스웨터_오픈형(CARDIGAN)_ZA,63,5057278,199900.0,14604.0,79863.0,3,83958.0,77725.0,80274.0,60.0,01_시즌
2022,2022-03-20,봄_스웨터_오픈형(CARDIGAN)_ZB,541,32167962,159900.0,15430.0,60096.0,3,67599.0,61219.0,59460.0,63.0,01_시즌
2022,2022-03-20,봄_우븐 셔츠_캐쥬얼셔츠_ZA,143,7885073,129900.0,13854.0,55140.0,3,62622.0,55790.0,55140.0,58.0,01_시즌
2022,2022-03-20,봄_우븐 셔츠_캐쥬얼셔츠_ZB,361,12443327,69900.0,7808.0,34780.0,3,33990.0,32787.0,34469.0,51.0,01_시즌
2022,2022-03-20,봄_점퍼_패딩점퍼_ZB,316,32268576,249000.0,23522.0,102116.0,3,106134.0,89426.0,102116.0,59.0,01_시즌
2022,2022-03-20,봄_코트_싱글코트_ZB,835,111381100,302333.0,29424.0,137530.0,3,145563.0,105327.0,133391.0,56.0,01_시즌
2022,2022-03-20,봄_팬츠_니트팬츠_ZA,159,7474550,89900.0,8963.0,47010.0,3,43014.0,39333.0,47010.0,48.0,01_시즌
2022,2022-03-20,봄_팬츠_니트팬츠_ZB,397,12160455,69900.0,8423.0,30631.0,3,31530.0,28302.0,30631.0,56.0,01_시즌
2022,2022-03-20,사계절_니트 셔츠_라운드_ZB,646,21039000,69900.0,5460.0,32568.0,3,33367.0,21712.0,32568.0,53.0,01_시즌
2022,2022-03-20,사계절_데님_데님팬츠_ZB,535,22982045,99900.0,12566.0,44913.0,3,45073.0,49011.0,42957.0,57.0,01_시즌
2022,2022-03-20,사계절_수트_블레이져(수트)_ZB,517,73688299,239000.0,36346.0,143438.0,3,145176.0,160171.0,142531.0,40.0,01_시즌
2022,2022-03-20,사계절_수트_수트팬츠_ZB,585,44918041,129000.0,17236.0,76760.0,3,78265.0,84612.0,76783.0,40.0,01_시즌
2022,2022-03-20,사계절_우븐 셔츠_드레스셔츠_ZB,1947,60252524,69900.0,7348.0,32439.0,3,32939.0,29098.0,30946.0,56.0,01_시즌
2022,2022-03-20,사계절_자켓_싱글재킷_ZB,180,24965682,239000.0,29296.0,138698.0,3,139398.0,135628.0,138698.0,42.0,01_시즌
2022,2022-03-20,사계절_팬츠_니트팬츠_ZB,77,2363300,64900.0,6322.0,36221.0,3,35975.0,26418.0,30692.0,53.0,01_시즌
2022,2022-03-20,사계절_팬츠_팬츠(일반)_ZB,1983,86213238,99900.0,10779.0,42150.0,3,44304.0,46584.0,43476.0,56.0,01_시즌
2022,2022-03-20,여름_니트 셔츠_라운드_ZB,780,23592912,49900.0,4918.0,30247.0,3,28441.0,20715.0,30247.0,39.0,01_시즌
2022,2022-03-20,여름_수트_블레이져(수트)_ZA,155,33415000,319000.0,51463.0,215581.0,3,212134.0,222805.0,215581.0,32.0,01_시즌
2022,2022-03-20,여름_수트_블레이져(수트)_ZB,740,130618102,239000.0,42356.0,179056.0,3,178904.0,183922.0,176511.0,26.0,01_시즌
2022,2022-03-20,여름_수트_블레이져(수트)_ZC,338,66798673,265667.0,49160.0,193085.0,3,192035.0,197238.0,197629.0,26.0,01_시즌
2022,2022-03-20,여름_수트_수트팬츠_ZA,218,26156311,179000.0,25353.0,119983.0,3,118116.0,118791.0,119983.0,33.0,01_시즌
2022,2022-03-20,여름_수트_수트팬츠_ZB,812,77746165,129000.0,21314.0,97186.0,3,96650.0,99069.0,95747.0,26.0,01_시즌
2022,2022-03-20,여름_수트_수트팬츠_ZC,352,37558000,145667.0,24146.0,105250.0,3,104135.0,108041.0,106699.0,27.0,01_시즌
2022,2022-03-20,여름_스웨터_T-에리_ZA,0,0,99900.0,12162.0,,3,,39571.0,39571.0,60.0,01_시즌
2022,2022-03-20,여름_스웨터_T-에리_ZB,554,32574270,89900.0,7105.0,58798.0,3,58249.0,35693.0,58798.0,35.0,01_시즌
2022,2022-03-20,여름_스웨터_라운드_ZA,0,0,99900.0,11209.0,,3,,38193.0,38193.0,62.0,01_시즌
2022,2022-03-20,여름_우븐 셔츠_드레스셔츠_ZB,833,28492245,69900.0,6216.0,34204.0,3,34043.0,27459.0,34204.0,51.0,01_시즌
2022,2022-03-20,여름_우븐 셔츠_캐쥬얼셔츠_ZA,77,4207430,99900.0,8742.0,54642.0,3,59062.0,40500.0,54642.0,45.0,01_시즌
2022,2022-03-20,여름_우븐 셔츠_캐쥬얼셔츠_ZB,468,13307570,89900.0,7735.0,28469.0,3,34687.0,29289.0,28435.0,68.0,01_시즌
2022,2022-03-20,여름_자켓_싱글재킷_ZA,109,17544372,259000.0,29900.0,160958.0,3,170707.0,125764.0,160958.0,38.0,01_시즌
2022,2022-03-20,여름_자켓_싱글재킷_ZB,-11,-2746500,239000.0,23470.0,249682.0,3,211722.0,106710.0,249682.0,-4.0,01_시즌
2022,2022-03-20,여름_점퍼_점퍼_ZB,949,114913719,249000.0,22965.0,116937.0,3,127584.0,81684.0,121089.0,51.0,01_시즌
2022,2022-03-20,여름_팬츠_니트팬츠_ZB,26,1014000,69900.0,6752.0,39000.0,3,37676.0,23452.0,39000.0,44.0,01_시즌
2022,2022-03-20,여름_팬츠_반바지_ZB,0,0,79900.0,4907.0,,3,,26547.0,26547.0,67.0,01_시즌
2022,2022-03-20,여름_팬츠_팬츠(일반)_ZA,90,6483237,125967.0,12893.0,72036.0,3,79985.0,59242.0,72036.0,43.0,01_시즌
2022,2022-03-20,여름_팬츠_팬츠(일반)_ZB,147,8507900,99900.0,9868.0,57877.0,3,58292.0,36605.0,57877.0,42.0,01_시즌
2022,2022-03-27,봄_가죽&FUR_가죽점퍼_ZA,24,10634200,999000.0,183300.0,446131.0,3,515289.0,538319.0,443092.0,56.0,01_시즌
2022,2022-03-27,봄_니트 셔츠_라운드_ZB,828,23495748,69900.0,9387.0,28377.0,3,30076.0,26835.0,28377.0,59.0,01_시즌
2022,2022-03-27,봄_니트 셔츠_오픈형티(맨투맨 등)_ZA,270,14225166,129900.0,12030.0,52686.0,3,59332.0,52291.0,52686.0,59.0,01_시즌
2022,2022-03-27,봄_니트 셔츠_후드티_ZB,318,11155685,89900.0,11895.0,35081.0,3,36426.0,30408.0,35081.0,61.0,01_시즌
2022,2022-03-27,봄_수트_블레이져(수트)_ZB,326,58446450,239000.0,42565.0,180210.0,3,179681.0,183412.0,179284.0,25.0,01_시즌
2022,2022-03-27,봄_수트_블레이져(수트)_ZC,83,14631800,239000.0,43829.0,177384.0,3,181851.0,184381.0,176287.0,26.0,01_시즌
2022,2022-03-27,봄_수트_수트팬츠_ZB,350,33682340,129000.0,21226.0,96834.0,3,96996.0,101248.0,96235.0,25.0,01_시즌
2022,2022-03-27,봄_수트_수트팬츠_ZC,71,7127200,129000.0,21291.0,100475.0,3,98884.0,101066.0,100383.0,22.0,01_시즌
2022,2022-03-27,봄_스웨터_T-에리_ZB,448,24663191,99900.0,10999.0,55052.0,3,45458.0,40820.0,55052.0,45.0,01_시즌
2022,2022-03-27,봄_스웨터_VEST_ZA,50,2249523,99900.0,8436.0,44990.0,3,45781.0,39904.0,44990.0,55.0,01_시즌
2022,2022-03-27,봄_스웨터_라운드_ZB,1499,67464720,94900.0,11399.0,53668.0,3,44186.0,34777.0,45006.0,53.0,01_시즌
2022,2022-03-27,봄_스웨터_오픈형(CARDIGAN)_ZA,51,4233318,199900.0,14604.0,83035.0,3,83958.0,77725.0,83006.0,58.0,01_시즌
2022,2022-03-27,봄_스웨터_오픈형(CARDIGAN)_ZB,603,38853571,159900.0,15430.0,64406.0,3,67599.0,61219.0,64434.0,60.0,01_시즌
2022,2022-03-27,봄_우븐 셔츠_캐쥬얼셔츠_ZA,182,10677216,129900.0,13854.0,58666.0,3,62622.0,55790.0,58666.0,55.0,01_시즌
2022,2022-03-27,봄_우븐 셔츠_캐쥬얼셔츠_ZB,282,9205348,69900.0,7808.0,32654.0,3,33990.0,32787.0,32643.0,53.0,01_시즌
2022,2022-03-27,봄_점퍼_패딩점퍼_ZB,183,18523327,249000.0,23522.0,101220.0,3,106134.0,89426.0,101220.0,59.0,01_시즌
2022,2022-03-27,봄_코트_싱글코트_ZB,817,98517470,302333.0,29429.0,127975.0,3,145563.0,105327.0,120584.0,60.0,01_시즌
2022,2022-03-27,봄_팬츠_니트팬츠_ZA,99,3874020,89900.0,8963.0,39132.0,3,43014.0,39333.0,39132.0,56.0,01_시즌
2022,2022-03-27,봄_팬츠_니트팬츠_ZB,338,10132700,69900.0,8423.0,29978.0,3,31530.0,28302.0,29978.0,57.0,01_시즌
2022,2022-03-27,사계절_니트 셔츠_라운드_ZB,586,19236894,69900.0,5460.0,32827.0,3,33367.0,21712.0,32827.0,53.0,01_시즌
2022,2022-03-27,사계절_데님_데님팬츠_ZB,439,20472652,99900.0,12566.0,47308.0,3,45073.0,49011.0,46635.0,53.0,01_시즌
2022,2022-03-27,사계절_수트_블레이져(수트)_ZB,541,76602931,239000.0,36346.0,145694.0,3,145176.0,160171.0,141595.0,41.0,01_시즌
2022,2022-03-27,사계절_수트_수트팬츠_ZB,579,45078138,129000.0,17236.0,78851.0,3,78265.0,84612.0,77855.0,40.0,01_시즌
2022,2022-03-27,사계절_우븐 셔츠_드레스셔츠_ZB,1915,58313460,69900.0,7348.0,32007.0,3,32939.0,29098.0,30451.0,56.0,01_시즌
2022,2022-03-27,사계절_자켓_싱글재킷_ZB,112,15530162,239000.0,29296.0,138662.0,3,139398.0,135628.0,138662.0,42.0,01_시즌
2022,2022-03-27,사계절_팬츠_니트팬츠_ZB,55,1559400,64900.0,6322.0,33059.0,3,35975.0,26418.0,28353.0,56.0,01_시즌
2022,2022-03-27,사계절_팬츠_팬츠(일반)_ZB,2039,91445408,99900.0,10779.0,43882.0,3,44304.0,46584.0,44848.0,55.0,01_시즌
2022,2022-03-27,여름_니트 셔츠_라운드_ZB,690,18377862,49900.0,5084.0,26635.0,3,28441.0,20715.0,26635.0,47.0,01_시즌
2022,2022-03-27,여름_수트_블레이져(수트)_ZA,215,45393900,319000.0,51463.0,211134.0,3,212134.0,222805.0,211134.0,34.0,01_시즌
2022,2022-03-27,여름_수트_블레이져(수트)_ZB,828,138679102,239000.0,42730.0,173591.0,3,178904.0,183922.0,167487.0,30.0,01_시즌
2022,2022-03-27,여름_수트_블레이져(수트)_ZC,352,67051930,265667.0,49160.0,188239.0,3,192035.0,197238.0,190488.0,28.0,01_시즌
2022,2022-03-27,여름_수트_수트팬츠_ZA,261,30390655,179000.0,25353.0,116439.0,3,118116.0,118791.0,116439.0,35.0,01_시즌
2022,2022-03-27,여름_수트_수트팬츠_ZB,894,81534016,129000.0,21520.0,93241.0,3,96650.0,99069.0,91201.0,29.0,01_시즌
2022,2022-03-27,여름_수트_수트팬츠_ZC,339,35211400,145667.0,24146.0,102782.0,3,104135.0,108041.0,103868.0,29.0,01_시즌
2022,2022-03-27,여름_스웨터_T-에리_ZA,0,0,99900.0,8496.0,,3,,39571.0,39571.0,60.0,01_시즌
2022,2022-03-27,여름_스웨터_T-에리_ZB,241,13905610,89900.0,7105.0,57700.0,3,58249.0,35693.0,57700.0,36.0,01_시즌
2022,2022-03-27,여름_스웨터_라운드_ZA,0,0,99900.0,11209.0,,3,,38193.0,38193.0,62.0,01_시즌
2022,2022-03-27,여름_우븐 셔츠_드레스셔츠_ZB,850,28387139,69900.0,6216.0,33397.0,3,34043.0,27459.0,33397.0,52.0,01_시즌
2022,2022-03-27,여름_우븐 셔츠_캐쥬얼셔츠_ZA,107,5609980,99900.0,8742.0,52430.0,3,59062.0,40500.0,52430.0,48.0,01_시즌
2022,2022-03-27,여름_우븐 셔츠_캐쥬얼셔츠_ZB,879,29226990,89900.0,7735.0,32657.0,3,34687.0,29289.0,33250.0,63.0,01_시즌
2022,2022-03-27,여름_자켓_싱글재킷_ZA,174,28945394,259000.0,29900.0,166353.0,3,170707.0,125764.0,166353.0,36.0,01_시즌
2022,2022-03-27,여름_자켓_싱글재킷_ZB,70,9759000,239000.0,23470.0,139414.0,3,211722.0,106710.0,139414.0,42.0,01_시즌
2022,2022-03-27,여름_점퍼_점퍼_ZB,816,100897767,249000.0,22965.0,117961.0,3,127584.0,81684.0,123649.0,50.0,01_시즌
2022,2022-03-27,여름_팬츠_니트팬츠_ZB,31,1126917,69900.0,6752.0,36352.0,3,37676.0,23452.0,36352.0,48.0,01_시즌
2022,2022-03-27,여름_팬츠_반바지_ZB,0,0,79900.0,4907.0,,3,,26547.0,26547.0,67.0,01_시즌
2022,2022-03-27,여름_팬츠_팬츠(일반)_ZA,147,11213481,129225.0,12725.0,76282.0,3,79985.0,59242.0,76282.0,41.0,01_시즌
2022,2022-03-27,여름_팬츠_팬츠(일반)_ZB,171,10039000,99900.0,9884.0,58708.0,3,58292.0,36605.0,58708.0,41.0,01_시즌
2022,2022-04-03,봄_가죽&FUR_가죽점퍼_ZA,60,33479600,999000.0,183300.0,552820.0,4,733962.0,538319.0,557993.0,44.0,01_시즌
2022,2022-04-03,봄_니트 셔츠_라운드_ZB,1529,37340153,69900.0,9387.0,24421.0,4,24037.0,26835.0,24421.0,65.0,01_시즌
2022,2022-04-03,봄_니트 셔츠_오픈형티(맨투맨 등)_ZA,564,29430573,129900.0,12030.0,52182.0,4,52540.0,52291.0,52182.0,60.0,01_시즌
2022,2022-04-03,봄_니트 셔츠_후드티_ZB,561,17401022,89900.0,11895.0,31018.0,4,27174.0,30408.0,31018.0,65.0,01_시즌
2022,2022-04-03,봄_수트_블레이져(수트)_ZB,349,63115424,239000.0,42565.0,179818.0,4,180798.0,183412.0,180846.0,24.0,01_시즌
2022,2022-04-03,봄_수트_블레이져(수트)_ZC,75,13385500,239000.0,43829.0,180749.0,4,183890.0,184381.0,178473.0,25.0,01_시즌
2022,2022-04-03,봄_수트_수트팬츠_ZB,382,37876898,129000.0,21226.0,98409.0,4,97606.0,101248.0,99154.0,23.0,01_시즌
2022,2022-04-03,봄_수트_수트팬츠_ZC,58,5628800,129000.0,21291.0,133544.0,4,108342.0,101066.0,97048.0,25.0,01_시즌
2022,2022-04-03,봄_스웨터_T-에리_ZB,1346,44966425,99900.0,10999.0,33407.0,4,35289.0,40820.0,33407.0,67.0,01_시즌
2022,2022-04-03,봄_스웨터_VEST_ZA,82,3765457,99900.0,8436.0,45920.0,4,39896.0,39904.0,45920.0,54.0,01_시즌
2022,2022-04-03,봄_스웨터_라운드_ZB,2384,84107194,94900.0,11399.0,33906.0,4,35502.0,34777.0,35280.0,63.0,01_시즌
2022,2022-04-03,봄_스웨터_오픈형(CARDIGAN)_ZA,91,7773618,199900.0,14604.0,86273.0,4,79280.0,77725.0,85424.0,57.0,01_시즌
2022,2022-04-03,봄_스웨터_오픈형(CARDIGAN)_ZB,853,57126882,159900.0,15430.0,66494.0,4,64426.0,61219.0,66972.0,58.0,01_시즌
2022,2022-04-03,봄_우븐 셔츠_캐쥬얼셔츠_ZA,319,17422910,129900.0,13854.0,54617.0,4,53040.0,55790.0,54617.0,58.0,01_시즌
2022,2022-04-03,봄_우븐 셔츠_캐쥬얼셔츠_ZB,305,10114025,69900.0,7808.0,29892.0,4,32652.0,32787.0,33161.0,53.0,01_시즌
2022,2022-04-03,봄_점퍼_패딩점퍼_ZB,389,33262424,249000.0,23522.0,85508.0,4,83614.0,89426.0,85508.0,66.0,01_시즌
2022,2022-04-03,봄_코트_싱글코트_ZB,1122,116072309,302333.0,29429.0,111128.0,4,91333.0,105327.0,103451.0,66.0,01_시즌
2022,2022-04-03,봄_팬츠_니트팬츠_ZA,140,3848390,89900.0,8963.0,27488.0,4,33972.0,39333.0,27488.0,69.0,01_시즌
2022,2022-04-03,봄_팬츠_니트팬츠_ZB,564,16084371,69900.0,8423.0,28518.0,4,27653.0,28302.0,28518.0,59.0,01_시즌
2022,2022-04-03,사계절_니트 셔츠_라운드_ZB,672,22090391,69900.0,5460.0,32873.0,4,29564.0,21712.0,32873.0,53.0,01_시즌
2022,2022-04-03,사계절_데님_데님팬츠_ZB,586,26791584,99900.0,12566.0,47295.0,4,45427.0,49011.0,45719.0,54.0,01_시즌
2022,2022-04-03,사계절_수트_블레이져(수트)_ZB,720,105218289,239000.0,36346.0,146872.0,4,143832.0,160171.0,146137.0,39.0,01_시즌
2022,2022-04-03,사계절_수트_수트팬츠_ZB,741,58031994,129000.0,17236.0,79539.0,4,77520.0,84612.0,78316.0,39.0,01_시즌
2022,2022-04-03,사계절_우븐 셔츠_드레스셔츠_ZB,2182,73001581,69900.0,7348.0,33789.0,4,33841.0,29098.0,33456.0,52.0,01_시즌
2022,2022-04-03,사계절_자켓_싱글재킷_ZB,137,19060400,239000.0,29296.0,139127.0,4,135454.0,135628.0,139127.0,42.0,01_시즌
2022,2022-04-03,사계절_팬츠_니트팬츠_ZB,124,4275560,64900.0,6322.0,38869.0,4,32979.0,26418.0,34480.0,47.0,01_시즌
2022,2022-04-03,사계절_팬츠_팬츠(일반)_ZB,2180,97257042,99900.0,10779.0,44292.0,4,44060.0,46584.0,44613.0,55.0,01_시즌
2022,2022-04-03,여름_니트 셔츠_라운드_ZB,1337,35064397,56567.0,6531.0,27612.0,4,28730.0,20715.0,26226.0,54.0,01_시즌
2022,2022-04-03,여름_수트_블레이져(수트)_ZA,311,67203488,319000.0,51463.0,216088.0,4,216310.0,222805.0,216088.0,32.0,01_시즌
2022,2022-04-03,여름_수트_블레이져(수트)_ZB,754,135398908,239000.0,44281.0,179726.0,4,181478.0,183922.0,179574.0,25.0,01_시즌
2022,2022-04-03,여름_수트_블레이져(수트)_ZC,397,77286600,265667.0,49160.0,191421.0,4,191404.0,197238.0,194677.0,27.0,01_시즌
2022,2022-04-03,여름_수트_수트팬츠_ZA,370,44567304,179000.0,25353.0,120452.0,4,121202.0,118791.0,120452.0,33.0,01_시즌
2022,2022-04-03,여름_수트_수트팬츠_ZB,872,84874076,129000.0,22283.0,97530.0,4,97625.0,99069.0,97333.0,25.0,01_시즌
2022,2022-04-03,여름_수트_수트팬츠_ZC,352,37739417,145667.0,24146.0,105867.0,4,104446.0,108041.0,107214.0,26.0,01_시즌
2022,2022-04-03,여름_스웨터_T-에리_ZA,0,0,99900.0,8807.0,,4,48917.0,39571.0,48917.0,51.0,01_시즌
2022,2022-04-03,여름_스웨터_T-에리_ZB,-204,-14663788,89900.0,7376.0,71881.0,4,48501.0,35693.0,71881.0,20.0,01_시즌
2022,2022-04-03,여름_스웨터_라운드_ZA,0,0,99900.0,11209.0,,4,44358.0,38193.0,44358.0,56.0,01_시즌
2022,2022-04-03,여름_우븐 셔츠_드레스셔츠_ZB,1149,38612713,69900.0,6216.0,33605.0,4,33116.0,27459.0,33605.0,52.0,01_시즌
2022,2022-04-03,여름_우븐 셔츠_캐쥬얼셔츠_ZA,64,3049750,99900.0,9219.0,47652.0,4,48989.0,40500.0,47652.0,52.0,01_시즌
2022,2022-04-03,여름_우븐 셔츠_캐쥬얼셔츠_ZB,922,32470130,89900.0,7675.0,35156.0,4,33688.0,29289.0,35217.0,61.0,01_시즌
2022,2022-04-03,여름_자켓_싱글재킷_ZA,737,123935284,259000.0,28851.0,168240.0,4,155677.0,125764.0,168162.0,35.0,01_시즌
2022,2022-04-03,여름_자켓_싱글재킷_ZB,102,13728500,239000.0,23660.0,134593.0,4,129764.0,106710.0,134593.0,44.0,01_시즌
2022,2022-04-03,여름_점퍼_점퍼_ZB,1325,147101913,249000.0,22965.0,110229.0,4,108704.0,81684.0,111020.0,55.0,01_시즌
2022,2022-04-03,여름_팬츠_니트팬츠_ZB,21,711000,69900.0,6752.0,33857.0,4,34212.0,23452.0,33857.0,52.0,01_시즌
2022,2022-04-03,여름_팬츠_반바지_ZB,0,0,79900.0,6268.0,,4,,26547.0,26547.0,67.0,01_시즌
2022,2022-04-03,여름_팬츠_팬츠(일반)_ZA,875,76778527,132483.0,13753.0,87556.0,4,114202.0,59242.0,87747.0,34.0,01_시즌
2022,2022-04-03,여름_팬츠_팬츠(일반)_ZB,174,6848200,99900.0,9613.0,48709.0,4,46350.0,36605.0,39357.0,61.0,01_시즌
2022,2022-04-10,봄_가죽&FUR_가죽점퍼_ZA,26,13235200,999000.0,183300.0,523755.0,4,733962.0,538319.0,509046.0,49.0,01_시즌
2022,2022-04-10,봄_니트 셔츠_라운드_ZB,1456,34497833,69900.0,9387.0,23694.0,4,24037.0,26835.0,23694.0,66.0,01_시즌
2022,2022-04-10,봄_니트 셔츠_오픈형티(맨투맨 등)_ZA,387,20645279,129900.0,12030.0,53347.0,4,52540.0,52291.0,53347.0,59.0,01_시즌
2022,2022-04-10,봄_니트 셔츠_후드티_ZB,647,20921486,89900.0,11895.0,32336.0,4,27174.0,30408.0,32336.0,64.0,01_시즌
2022,2022-04-10,봄_수트_블레이져(수트)_ZB,256,47197720,239000.0,42565.0,182730.0,4,180798.0,183412.0,184366.0,23.0,01_시즌
2022,2022-04-10,봄_수트_블레이져(수트)_ZC,66,12380200,239000.0,43829.0,187936.0,4,183890.0,184381.0,187579.0,22.0,01_시즌
2022,2022-04-10,봄_수트_수트팬츠_ZB,298,29486140,129000.0,21226.0,98240.0,4,97606.0,101248.0,98947.0,23.0,01_시즌
2022,2022-04-10,봄_수트_수트팬츠_ZC,53,5405100,129000.0,21291.0,102108.0,4,108342.0,101066.0,101983.0,21.0,01_시즌
2022,2022-04-10,봄_스웨터_T-에리_ZB,780,30114415,99900.0,10999.0,38608.0,4,35289.0,40820.0,38608.0,61.0,01_시즌
2022,2022-04-10,봄_스웨터_VEST_ZA,74,3055103,99900.0,8436.0,41285.0,4,39896.0,39904.0,41285.0,59.0,01_시즌
2022,2022-04-10,봄_스웨터_라운드_ZB,2016,71604103,94900.0,11399.0,34752.0,4,35502.0,34777.0,35518.0,63.0,01_시즌
2022,2022-04-10,봄_스웨터_오픈형(CARDIGAN)_ZA,50,4216130,199900.0,14604.0,84761.0,4,79280.0,77725.0,84323.0,58.0,01_시즌
2022,2022-04-10,봄_스웨터_오픈형(CARDIGAN)_ZB,583,40494860,159900.0,15430.0,70906.0,4,64426.0,61219.0,69459.0,57.0,01_시즌
2022,2022-04-10,봄_우븐 셔츠_캐쥬얼셔츠_ZA,147,7872100,129900.0,13854.0,53552.0,4,53040.0,55790.0,53552.0,59.0,01_시즌
2022,2022-04-10,봄_우븐 셔츠_캐쥬얼셔츠_ZB,260,9070897,69900.0,7808.0,34786.0,4,32652.0,32787.0,34888.0,50.0,01_시즌
2022,2022-04-10,봄_점퍼_패딩점퍼_ZB,288,24860528,249000.0,23522.0,86321.0,4,83614.0,89426.0,86321.0,65.0,01_시즌
2022,2022-04-10,봄_코트_싱글코트_ZB,823,69426653,302333.0,29429.0,92702.0,4,91333.0,105327.0,84358.0,72.0,01_시즌
2022,2022-04-10,봄_팬츠_니트팬츠_ZA,164,5479909,89900.0,8963.0,33414.0,4,33972.0,39333.0,33414.0,63.0,01_시즌
2022,2022-04-10,봄_팬츠_니트팬츠_ZB,594,16321184,69900.0,8423.0,27477.0,4,27653.0,28302.0,27477.0,61.0,01_시즌
2022,2022-04-10,사계절_니트 셔츠_라운드_ZB,558,16543278,69900.0,5460.0,29647.0,4,29564.0,21712.0,29647.0,58.0,01_시즌
2022,2022-04-10,사계절_데님_데님팬츠_ZB,415,19774650,99900.0,12566.0,47262.0,4,45427.0,49011.0,47650.0,52.0,01_시즌
2022,2022-04-10,사계절_수트_블레이져(수트)_ZB,667,94877400,239000.0,36346.0,142304.0,4,143832.0,160171.0,142245.0,40.0,01_시즌
2022,2022-04-10,사계절_수트_수트팬츠_ZB,743,57206039,129000.0,17236.0,76529.0,4,77520.0,84612.0,76993.0,40.0,01_시즌
2022,2022-04-10,사계절_우븐 셔츠_드레스셔츠_ZB,2110,70390336,69900.0,7348.0,33611.0,4,33841.0,29098.0,33360.0,52.0,01_시즌
2022,2022-04-10,사계절_자켓_싱글재킷_ZB,162,22228392,239000.0,29296.0,137212.0,4,135454.0,135628.0,137212.0,43.0,01_시즌
2022,2022-04-10,사계절_팬츠_니트팬츠_ZB,98,3256420,64900.0,6322.0,33006.0,4,32979.0,26418.0,33229.0,49.0,01_시즌
2022,2022-04-10,사계절_팬츠_팬츠(일반)_ZB,1729,77155612,99900.0,10779.0,42415.0,4,44060.0,46584.0,44624.0,55.0,01_시즌
2022,2022-04-10,여름_니트 셔츠_라운드_ZB,2986,75706609,61900.0,6888.0,25354.0,4,28730.0,20715.0,25354.0,59.0,01_시즌
2022,2022-04-10,여름_수트_블레이져(수트)_ZA,258,56274955,319000.0,51463.0,218120.0,4,216310.0,222805.0,218120.0,32.0,01_시즌
2022,2022-04-10,여름_수트_블레이져(수트)_ZB,672,124218721,239000.0,44281.0,184064.0,4,181478.0,183922.0,184849.0,23.0,01_시즌
2022,2022-04-10,여름_수트_블레이져(수트)_ZC,342,68459232,265667.0,49160.0,194407.0,4,191404.0,197238.0,200173.0,25.0,01_시즌
2022,2022-04-10,여름_수트_수트팬츠_ZA,337,41379295,179000.0,25353.0,122787.0,4,121202.0,118791.0,122787.0,31.0,01_시즌
2022,2022-04-10,여름_수트_수트팬츠_ZB,742,73501231,129000.0,22283.0,98720.0,4,97625.0,99069.0,99058.0,23.0,01_시즌
2022,2022-04-10,여름_수트_수트팬츠_ZC,323,35163875,145667.0,24146.0,105297.0,4,104446.0,108041.0,108866.0,25.0,01_시즌
2022,2022-04-10,여름_스웨터_T-에리_ZA,0,0,99900.0,8807.0,,4,48917.0,39571.0,48917.0,51.0,01_시즌
2022,2022-04-10,여름_스웨터_T-에리_ZB,819,42243850,89900.0,7376.0,51580.0,4,48501.0,35693.0,51580.0,43.0,01_시즌
2022,2022-04-10,여름_스웨터_라운드_ZA,0,0,99900.0,11209.0,,4,44358.0,38193.0,44358.0,56.0,01_시즌
2022,2022-04-10,여름_우븐 셔츠_드레스셔츠_ZB,1205,40548600,69900.0,6216.0,33650.0,4,33116.0,27459.0,33650.0,52.0,01_시즌
2022,2022-04-10,여름_우븐 셔츠_캐쥬얼셔츠_ZA,228,11359667,99900.0,9219.0,49823.0,4,48989.0,40500.0,49823.0,50.0,01_시즌
2022,2022-04-10,여름_우븐 셔츠_캐쥬얼셔츠_ZB,1256,43643336,89900.0,7661.0,34494.0,4,33688.0,29289.0,34748.0,61.0,01_시즌
2022,2022-04-10,여름_자켓_싱글재킷_ZA,795,130654634,259000.0,28758.0,163570.0,4,155677.0,125764.0,164345.0,37.0,01_시즌
2022,2022-04-10,여름_자켓_싱글재킷_ZB,169,23021568,239000.0,23660.0,136222.0,4,129764.0,106710.0,136222.0,43.0,01_시즌
2022,2022-04-10,여름_점퍼_점퍼_ZB,1289,148234019,249000.0,22965.0,113833.0,4,108704.0,81684.0,114999.0,54.0,01_시즌
2022,2022-04-10,여름_팬츠_니트팬츠_ZB,32,1120000,69900.0,6752.0,35000.0,4,34212.0,23452.0,35000.0,50.0,01_시즌
2022,2022-04-10,여름_팬츠_반바지_ZB,0,0,79900.0,6162.0,,4,,26547.0,26547.0,67.0,01_시즌
2022,2022-04-10,여름_팬츠_팬츠(일반)_ZA,1036,81977756,132483.0,13753.0,77122.0,4,114202.0,59242.0,79129.0,40.0,01_시즌
2022,2022-04-10,여름_팬츠_팬츠(일반)_ZB,1149,53498950,99900.0,9613.0,49065.0,4,46350.0,36605.0,46561.0,53.0,01_시즌
2022,2022-04-17,봄_가죽&FUR_가죽점퍼_ZA,9,1327800,999000.0,183300.0,1265451.0,4,733962.0,538319.0,147533.0,85.0,01_시즌
2022,2022-04-17,봄_니트 셔츠_라운드_ZB,926,22653605,69900.0,9387.0,24464.0,4,24037.0,26835.0,24464.0,65.0,01_시즌
2022,2022-04-17,봄_니트 셔츠_오픈형티(맨투맨 등)_ZA,282,14635080,129900.0,12030.0,51897.0,4,52540.0,52291.0,51897.0,60.0,01_시즌
2022,2022-04-17,봄_니트 셔츠_후드티_ZB,314,9586968,89900.0,11895.0,30532.0,4,27174.0,30408.0,30532.0,66.0,01_시즌
2022,2022-04-17,봄_수트_블레이져(수트)_ZB,332,59204072,239000.0,42565.0,178004.0,4,180798.0,183412.0,178326.0,25.0,01_시즌
2022,2022-04-17,봄_수트_블레이져(수트)_ZC,64,11683580,239000.0,43829.0,183285.0,4,183890.0,184381.0,182556.0,24.0,01_시즌
2022,2022-04-17,봄_수트_수트팬츠_ZB,354,34010169,129000.0,21226.0,96331.0,4,97606.0,101248.0,96074.0,26.0,01_시즌
2022,2022-04-17,봄_수트_수트팬츠_ZC,74,7249800,129000.0,21291.0,98278.0,4,108342.0,101066.0,97970.0,24.0,01_시즌
2022,2022-04-17,봄_스웨터_T-에리_ZB,638,22422628,99900.0,10999.0,35145.0,4,35289.0,40820.0,35145.0,65.0,01_시즌
2022,2022-04-17,봄_스웨터_VEST_ZA,44,1558660,99900.0,8436.0,35424.0,4,39896.0,39904.0,35424.0,65.0,01_시즌
2022,2022-04-17,봄_스웨터_라운드_ZB,1043,37911599,94900.0,11399.0,38412.0,4,35502.0,34777.0,36349.0,62.0,01_시즌
2022,2022-04-17,봄_스웨터_오픈형(CARDIGAN)_ZA,37,2833950,199900.0,14604.0,76644.0,4,79280.0,77725.0,76593.0,62.0,01_시즌
2022,2022-04-17,봄_스웨터_오픈형(CARDIGAN)_ZB,466,27460555,159900.0,15430.0,61727.0,4,64426.0,61219.0,58928.0,63.0,01_시즌
2022,2022-04-17,봄_우븐 셔츠_캐쥬얼셔츠_ZA,108,5598900,129900.0,13854.0,51842.0,4,53040.0,55790.0,51842.0,60.0,01_시즌
2022,2022-04-17,봄_우븐 셔츠_캐쥬얼셔츠_ZB,267,8885319,69900.0,7808.0,33015.0,4,32652.0,32787.0,33278.0,52.0,01_시즌
2022,2022-04-17,봄_점퍼_패딩점퍼_ZB,91,7582000,249000.0,23522.0,83319.0,4,83614.0,89426.0,83319.0,67.0,01_시즌
2022,2022-04-17,봄_코트_싱글코트_ZB,453,31238600,302333.0,29429.0,79135.0,4,91333.0,105327.0,68959.0,77.0,01_시즌
2022,2022-04-17,봄_팬츠_니트팬츠_ZA,53,2072380,89900.0,8963.0,39102.0,4,33972.0,39333.0,39102.0,57.0,01_시즌
2022,2022-04-17,봄_팬츠_니트팬츠_ZB,392,10749673,69900.0,8423.0,27423.0,4,27653.0,28302.0,27423.0,61.0,01_시즌
2022,2022-04-17,사계절_니트 셔츠_라운드_ZB,361,10065000,69900.0,5460.0,27881.0,4,29564.0,21712.0,27881.0,60.0,01_시즌
2022,2022-04-17,사계절_데님_데님팬츠_ZB,556,24688925,99900.0,12566.0,43934.0,4,45427.0,49011.0,44405.0,56.0,01_시즌
2022,2022-04-17,사계절_수트_블레이져(수트)_ZB,534,76668486,239000.0,36346.0,143181.0,4,143832.0,160171.0,143574.0,40.0,01_시즌
2022,2022-04-17,사계절_수트_수트팬츠_ZB,581,45066817,129000.0,17236.0,76936.0,4,77520.0,84612.0,77568.0,40.0,01_시즌
2022,2022-04-17,사계절_우븐 셔츠_드레스셔츠_ZB,1905,61078892,69900.0,7348.0,33160.0,4,33841.0,29098.0,32062.0,54.0,01_시즌
2022,2022-04-17,사계절_자켓_싱글재킷_ZB,103,13659600,239000.0,29296.0,132617.0,4,135454.0,135628.0,132617.0,45.0,01_시즌
2022,2022-04-17,사계절_팬츠_니트팬츠_ZB,151,4756119,64900.0,6322.0,31123.0,4,32979.0,26418.0,31497.0,51.0,01_시즌
2022,2022-04-17,사계절_팬츠_팬츠(일반)_ZB,1295,59620547,99900.0,10779.0,46062.0,4,44060.0,46584.0,46039.0,54.0,01_시즌
2022,2022-04-17,여름_니트 셔츠_라운드_ZB,6100,143288059,61900.0,6897.0,29938.0,4,28730.0,20715.0,23490.0,62.0,01_시즌
2022,2022-04-17,여름_수트_블레이져(수트)_ZA,334,70110792,319000.0,51463.0,209913.0,4,216310.0,222805.0,209913.0,34.0,01_시즌
2022,2022-04-17,여름_수트_블레이져(수트)_ZB,776,138681000,239000.0,44281.0,177058.0,4,181478.0,183922.0,178713.0,25.0,01_시즌
2022,2022-04-17,여름_수트_블레이져(수트)_ZC,351,67584104,265667.0,49160.0,187981.0,4,191404.0,197238.0,192547.0,28.0,01_시즌
2022,2022-04-17,여름_수트_수트팬츠_ZA,383,45116776,179000.0,25353.0,117798.0,4,121202.0,118791.0,117798.0,34.0,01_시즌
2022,2022-04-17,여름_수트_수트팬츠_ZB,859,82330651,129000.0,22283.0,94663.0,4,97625.0,99069.0,95845.0,26.0,01_시즌
2022,2022-04-17,여름_수트_수트팬츠_ZC,344,36122070,145667.0,24146.0,102377.0,4,104446.0,108041.0,105006.0,28.0,01_시즌
2022,2022-04-17,여름_스웨터_T-에리_ZA,339,16644800,99900.0,8808.0,52333.0,4,48917.0,39571.0,49100.0,51.0,01_시즌
2022,2022-04-17,여름_스웨터_T-에리_ZB,1129,44799500,89900.0,9094.0,49122.0,4,48501.0,35693.0,39681.0,56.0,01_시즌
2022,2022-04-17,여름_스웨터_라운드_ZA,302,14496644,99900.0,11209.0,48002.0,4,44358.0,38193.0,48002.0,52.0,01_시즌
2022,2022-04-17,여름_우븐 셔츠_드레스셔츠_ZB,1251,40463161,69900.0,6216.0,32345.0,4,33116.0,27459.0,32345.0,54.0,01_시즌
2022,2022-04-17,여름_우븐 셔츠_캐쥬얼셔츠_ZA,414,19763350,99900.0,9219.0,47102.0,4,48989.0,40500.0,47738.0,52.0,01_시즌
2022,2022-04-17,여름_우븐 셔츠_캐쥬얼셔츠_ZB,1985,64236604,89900.0,7659.0,32325.0,4,33688.0,29289.0,32361.0,64.0,01_시즌
2022,2022-04-17,여름_자켓_싱글재킷_ZA,1447,211450123,259000.0,28745.0,151494.0,4,155677.0,125764.0,146130.0,44.0,01_시즌
2022,2022-04-17,여름_자켓_싱글재킷_ZB,295,35566489,239000.0,23660.0,120564.0,4,129764.0,106710.0,120564.0,50.0,01_시즌
2022,2022-04-17,여름_점퍼_점퍼_ZB,1019,107082139,249000.0,22965.0,105129.0,4,108704.0,81684.0,105086.0,58.0,01_시즌
2022,2022-04-17,여름_팬츠_니트팬츠_ZB,73,2397000,69900.0,6752.0,32836.0,4,34212.0,23452.0,32836.0,53.0,01_시즌
2022,2022-04-17,여름_팬츠_반바지_ZB,0,0,79900.0,6416.0,,4,,26547.0,26547.0,67.0,01_시즌
2022,2022-04-17,여름_팬츠_팬츠(일반)_ZA,1553,109198961,132483.0,13753.0,68714.0,4,114202.0,59242.0,70315.0,47.0,01_시즌
2022,2022-04-17,여름_팬츠_팬츠(일반)_ZB,2881,123896072,99900.0,9613.0,45580.0,4,46350.0,36605.0,43005.0,57.0,01_시즌
2022,2022-04-24,봄_가죽&FUR_가죽점퍼_ZA,19,11187800,999000.0,183300.0,593822.0,4,733962.0,538319.0,588832.0,41.0,01_시즌
2022,2022-04-24,봄_니트 셔츠_라운드_ZB,602,14188206,69900.0,9387.0,23568.0,4,24037.0,26835.0,23568.0,66.0,01_시즌
2022,2022-04-24,봄_니트 셔츠_오픈형티(맨투맨 등)_ZA,213,11232248,129900.0,12030.0,52734.0,4,52540.0,52291.0,52734.0,59.0,01_시즌
2022,2022-04-24,봄_니트 셔츠_후드티_ZB,73,1081111,89900.0,11895.0,14810.0,4,27174.0,30408.0,14810.0,84.0,01_시즌
2022,2022-04-24,봄_수트_블레이져(수트)_ZB,236,43033765,239000.0,42565.0,182640.0,4,180798.0,183412.0,182346.0,24.0,01_시즌
2022,2022-04-24,봄_수트_블레이져(수트)_ZC,59,10821480,239000.0,43829.0,183590.0,4,183890.0,184381.0,183415.0,23.0,01_시즌
2022,2022-04-24,봄_수트_수트팬츠_ZB,262,25432940,129000.0,21226.0,97444.0,4,97606.0,101248.0,97072.0,25.0,01_시즌
2022,2022-04-24,봄_수트_수트팬츠_ZC,53,5278680,129000.0,21291.0,99439.0,4,108342.0,101066.0,99598.0,23.0,01_시즌
2022,2022-04-24,봄_스웨터_T-에리_ZB,302,10267178,99900.0,10999.0,33997.0,4,35289.0,40820.0,33997.0,66.0,01_시즌
2022,2022-04-24,봄_스웨터_VEST_ZA,24,886940,99900.0,8436.0,36956.0,4,39896.0,39904.0,36956.0,63.0,01_시즌
2022,2022-04-24,봄_스웨터_라운드_ZB,541,18139614,94900.0,11399.0,34938.0,4,35502.0,34777.0,33530.0,65.0,01_시즌
2022,2022-04-24,봄_스웨터_오픈형(CARDIGAN)_ZA,21,1399000,199900.0,14604.0,69441.0,4,79280.0,77725.0,66619.0,67.0,01_시즌
2022,2022-04-24,봄_스웨터_오픈형(CARDIGAN)_ZB,364,21237662,159900.0,15430.0,58574.0,4,64426.0,61219.0,58345.0,64.0,01_시즌
2022,2022-04-24,봄_우븐 셔츠_캐쥬얼셔츠_ZA,74,3859100,129900.0,13854.0,52150.0,4,53040.0,55790.0,52150.0,60.0,01_시즌
2022,2022-04-24,봄_우븐 셔츠_캐쥬얼셔츠_ZB,136,4508850,69900.0,7808.0,32914.0,4,32652.0,32787.0,33153.0,53.0,01_시즌
2022,2022-04-24,봄_점퍼_패딩점퍼_ZB,325,25775100,249000.0,23522.0,79308.0,4,83614.0,89426.0,79308.0,68.0,01_시즌
2022,2022-04-24,봄_코트_싱글코트_ZB,306,22967280,302333.0,29429.0,82366.0,4,91333.0,105327.0,75056.0,75.0,01_시즌
2022,2022-04-24,봄_팬츠_니트팬츠_ZA,59,2117145,89900.0,8963.0,35884.0,4,33972.0,39333.0,35884.0,60.0,01_시즌
2022,2022-04-24,봄_팬츠_니트팬츠_ZB,224,6091788,69900.0,8423.0,27195.0,4,27653.0,28302.0,27195.0,61.0,01_시즌
2022,2022-04-24,사계절_니트 셔츠_라운드_ZB,264,7353346,69900.0,5460.0,27854.0,4,29564.0,21712.0,27854.0,60.0,01_시즌
2022,2022-04-24,사계절_데님_데님팬츠_ZB,462,20187650,99900.0,12566.0,43218.0,4,45427.0,49011.0,43696.0,56.0,01_시즌
2022,2022-04-24,사계절_수트_블레이져(수트)_ZB,499,71592410,239000.0,36346.0,142970.0,4,143832.0,160171.0,143472.0,40.0,01_시즌
2022,2022-04-24,사계절_수트_수트팬츠_ZB,543,42398834,129000.0,17236.0,77074.0,4,77520.0,84612.0,78083.0,39.0,01_시즌
2022,2022-04-24,사계절_우븐 셔츠_드레스셔츠_ZB,1754,59374644,69900.0,7348.0,34803.0,4,33841.0,29098.0,33851.0,52.0,01_시즌
2022,2022-04-24,사계절_자켓_싱글재킷_ZB,97,12887400,239000.0,29296.0,132860.0,4,135454.0,135628.0,132860.0,44.0,01_시즌
2022,2022-04-24,사계절_팬츠_니트팬츠_ZB,139,4015750,64900.0,6322.0,28917.0,4,32979.0,26418.0,28890.0,55.0,01_시즌
2022,2022-04-24,사계절_팬츠_팬츠(일반)_ZB,963,42585058,99900.0,10779.0,43469.0,4,44060.0,46584.0,44221.0,56.0,01_시즌
2022,2022-04-24,여름_니트 셔츠_라운드_ZB,7031,170431213,61329.0,6933.0,28886.0,4,28730.0,20715.0,24240.0,60.0,01_시즌
2022,2022-04-24,여름_니트 셔츠_티에리_ZB,0,0,89900.0,9804.0,,4,,25850.0,25850.0,71.0,01_시즌
2022,2022-04-24,여름_수트_블레이져(수트)_ZA,451,97887846,319000.0,50608.0,218715.0,4,216310.0,222805.0,217046.0,32.0,01_시즌
2022,2022-04-24,여름_수트_블레이져(수트)_ZB,601,110861178,239000.0,44281.0,184931.0,4,181478.0,183922.0,184461.0,23.0,01_시즌
2022,2022-04-24,여름_수트_블레이져(수트)_ZC,267,52665520,265667.0,49160.0,191809.0,4,191404.0,197238.0,197249.0,26.0,01_시즌
2022,2022-04-24,여름_수트_수트팬츠_ZA,538,65357651,179000.0,25092.0,122486.0,4,121202.0,118791.0,121483.0,32.0,01_시즌
2022,2022-04-24,여름_수트_수트팬츠_ZB,627,62533975,129000.0,22283.0,99715.0,4,97625.0,99069.0,99735.0,23.0,01_시즌
2022,2022-04-24,여름_수트_수트팬츠_ZC,257,27506727,145667.0,24146.0,104243.0,4,104446.0,108041.0,107030.0,27.0,01_시즌
2022,2022-04-24,여름_스웨터_T-에리_ZA,365,16367900,99900.0,8808.0,45501.0,4,48917.0,39571.0,44844.0,55.0,01_시즌
2022,2022-04-24,여름_스웨터_T-에리_ZB,1402,52013942,89900.0,9090.0,34650.0,4,48501.0,35693.0,37100.0,59.0,01_시즌
2022,2022-04-24,여름_스웨터_라운드_ZA,361,14697550,99900.0,11209.0,40713.0,4,44358.0,38193.0,40713.0,59.0,01_시즌
2022,2022-04-24,여름_스웨터_라운드_ZB,22,1298000,89900.0,9754.0,59000.0,4,59000.0,40949.0,59000.0,34.0,01_시즌
2022,2022-04-24,여름_우븐 셔츠_드레스셔츠_ZB,1489,48934096,69900.0,6216.0,32864.0,4,33116.0,27459.0,32864.0,53.0,01_시즌
2022,2022-04-24,여름_우븐 셔츠_캐쥬얼셔츠_ZA,661,33761100,99900.0,9219.0,51044.0,4,48989.0,40500.0,51076.0,49.0,01_시즌
2022,2022-04-24,여름_우븐 셔츠_캐쥬얼셔츠_ZB,2241,73284100,89900.0,7657.0,32775.0,4,33688.0,29289.0,32702.0,64.0,01_시즌
2022,2022-04-24,여름_자켓_싱글재킷_ZA,1597,240985609,259000.0,28745.0,151677.0,4,155677.0,125764.0,150899.0,42.0,01_시즌
2022,2022-04-24,여름_자켓_싱글재킷_ZB,298,38047344,239000.0,23694.0,127676.0,4,129764.0,106710.0,127676.0,47.0,01_시즌
2022,2022-04-24,여름_점퍼_점퍼_ZB,1083,113888731,249000.0,22965.0,105626.0,4,108704.0,81684.0,105160.0,58.0,01_시즌
2022,2022-04-24,여름_팬츠_니트팬츠_ZB,139,4886500,69900.0,6752.0,35155.0,4,34212.0,23452.0,35155.0,50.0,01_시즌
2022,2022-04-24,여름_팬츠_반바지_ZA,0,0,79900.0,11033.0,,4,,27643.0,27643.0,65.0,01_시즌
2022,2022-04-24,여름_팬츠_반바지_ZB,0,0,79900.0,6416.0,,4,,26547.0,26547.0,67.0,01_시즌
2022,2022-04-24,여름_팬츠_팬츠(일반)_ZA,1710,120895580,134112.0,14356.0,173352.0,4,114202.0,59242.0,70699.0,47.0,01_시즌
2022,2022-04-24,여름_팬츠_팬츠(일반)_ZB,2937,121398120,99900.0,9613.0,43379.0,4,46350.0,36605.0,41334.0,59.0,01_시즌
2022,2022-05-01,봄_가죽&FUR_가죽점퍼_ZA,4,1355600,999000.0,183300.0,567116.0,5,585843.0,538319.0,338900.0,66.0,01_시즌
2022,2022-05-01,봄_니트 셔츠_라운드_ZB,1065,23627918,69900.0,9387.0,22186.0,5,20789.0,26835.0,22186.0,68.0,01_시즌
2022,2022-05-01,봄_니트 셔츠_오픈형티(맨투맨 등)_ZA,360,15515080,129900.0,12030.0,43097.0,5,41182.0,52291.0,43097.0,67.0,01_시즌
2022,2022-05-01,봄_니트 셔츠_후드티_ZB,459,10585901,89900.0,11895.0,23063.0,5,23900.0,30408.0,23063.0,74.0,01_시즌
2022,2022-05-01,봄_수트_블레이져(수트)_ZB,144,26103780,239000.0,42565.0,182508.0,5,182241.0,183412.0,181276.0,24.0,01_시즌
2022,2022-05-01,봄_수트_블레이져(수트)_ZC,50,8755155,239000.0,43829.0,176155.0,5,176115.0,184381.0,175103.0,27.0,01_시즌
2022,2022-05-01,봄_수트_수트팬츠_ZB,148,14221040,129000.0,21226.0,96790.0,5,98296.0,101248.0,96088.0,26.0,01_시즌
2022,2022-05-01,봄_수트_수트팬츠_ZC,53,5080080,129000.0,21291.0,97144.0,5,95857.0,101066.0,95851.0,26.0,01_시즌
2022,2022-05-01,봄_스웨터_T-에리_ZB,318,9256722,99900.0,10999.0,29109.0,5,27575.0,40820.0,29109.0,71.0,01_시즌
2022,2022-05-01,봄_스웨터_VEST_ZA,47,1532500,99900.0,8436.0,32606.0,5,32661.0,39904.0,32606.0,67.0,01_시즌
2022,2022-05-01,봄_스웨터_라운드_ZB,1401,32927765,94900.0,11399.0,23340.0,5,26892.0,34777.0,23503.0,75.0,01_시즌
2022,2022-05-01,봄_스웨터_오픈형(CARDIGAN)_ZA,38,2483500,199900.0,14604.0,64646.0,5,68423.0,77725.0,65355.0,67.0,01_시즌
2022,2022-05-01,봄_스웨터_오픈형(CARDIGAN)_ZB,823,37809947,159900.0,15430.0,49067.0,5,49739.0,61219.0,45942.0,71.0,01_시즌
2022,2022-05-01,봄_우븐 셔츠_캐쥬얼셔츠_ZA,57,2719416,129900.0,13854.0,47709.0,5,39736.0,55790.0,47709.0,63.0,01_시즌
2022,2022-05-01,봄_우븐 셔츠_캐쥬얼셔츠_ZB,159,5031802,69900.0,7808.0,31366.0,5,27864.0,32787.0,31647.0,55.0,01_시즌
2022,2022-05-01,봄_점퍼_패딩점퍼_ZB,-151,-12055544,249000.0,23522.0,79838.0,5,73349.0,89426.0,79838.0,68.0,01_시즌
2022,2022-05-01,봄_코트_싱글코트_ZB,209,17190918,302333.0,29429.0,85082.0,5,80549.0,105327.0,82253.0,73.0,01_시즌
2022,2022-05-01,봄_팬츠_니트팬츠_ZA,65,2431735,89900.0,8963.0,37411.0,5,32717.0,39333.0,37411.0,58.0,01_시즌
2022,2022-05-01,봄_팬츠_니트팬츠_ZB,381,9444803,69900.0,8423.0,24790.0,5,23462.0,28302.0,24790.0,65.0,01_시즌
2022,2022-05-01,사계절_니트 셔츠_라운드_ZB,183,5152500,54900.0,6055.0,28156.0,5,22826.0,21712.0,28156.0,49.0,01_시즌
2022,2022-05-01,사계절_데님_데님팬츠_ZB,467,19693986,99900.0,12566.0,42852.0,5,41751.0,49011.0,42171.0,58.0,01_시즌
2022,2022-05-01,사계절_수트_블레이져(수트)_ZB,497,71000871,239000.0,36346.0,147296.0,5,141174.0,160171.0,142859.0,40.0,01_시즌
2022,2022-05-01,사계절_수트_수트팬츠_ZB,544,42974849,129000.0,17236.0,80314.0,5,80072.0,84612.0,78998.0,39.0,01_시즌
2022,2022-05-01,사계절_우븐 셔츠_드레스셔츠_ZB,1747,58902854,69900.0,7348.0,33950.0,5,28629.0,29098.0,33717.0,52.0,01_시즌
2022,2022-05-01,사계절_자켓_싱글재킷_ZB,59,8072800,239000.0,29296.0,136827.0,5,129473.0,135628.0,136827.0,43.0,01_시즌
2022,2022-05-01,사계절_팬츠_니트팬츠_ZB,123,3844150,64900.0,6322.0,31410.0,5,29750.0,26418.0,31253.0,52.0,01_시즌
2022,2022-05-01,사계절_팬츠_팬츠(일반)_ZB,958,36774050,99900.0,10779.0,37644.0,5,42126.0,46584.0,38386.0,62.0,01_시즌
2022,2022-05-01,여름_니트 셔츠_라운드_ZB,5739,127080287,61329.0,7134.0,25118.0,5,23190.0,20715.0,22143.0,64.0,01_시즌
2022,2022-05-01,여름_니트 셔츠_티에리_ZB,417,19721900,89900.0,9804.0,47295.0,5,37040.0,25850.0,47295.0,47.0,01_시즌
2022,2022-05-01,여름_수트_블레이져(수트)_ZA,859,165193276,319000.0,50766.0,192268.0,5,205408.0,222805.0,192309.0,40.0,01_시즌
2022,2022-05-01,여름_수트_블레이져(수트)_ZB,597,101654630,239000.0,44281.0,169610.0,5,177473.0,183922.0,170276.0,29.0,01_시즌
2022,2022-05-01,여름_수트_블레이져(수트)_ZC,285,51777420,265667.0,49160.0,175648.0,5,185123.0,197238.0,181675.0,32.0,01_시즌
2022,2022-05-01,여름_수트_수트팬츠_ZA,1018,109588689,179000.0,25226.0,107618.0,5,114997.0,118791.0,107651.0,40.0,01_시즌
2022,2022-05-01,여름_수트_수트팬츠_ZB,638,58589517,129000.0,21730.0,90917.0,5,95688.0,99069.0,91833.0,29.0,01_시즌
2022,2022-05-01,여름_수트_수트팬츠_ZC,324,31965119,145667.0,24146.0,97105.0,5,101744.0,108041.0,98658.0,32.0,01_시즌
2022,2022-05-01,여름_스웨터_T-에리_ZA,367,15642050,99900.0,8808.0,53382.0,5,45421.0,39571.0,42621.0,57.0,01_시즌
2022,2022-05-01,여름_스웨터_T-에리_ZB,1611,68509086,89900.0,9410.0,39830.0,5,33954.0,35693.0,42526.0,53.0,01_시즌
2022,2022-05-01,여름_스웨터_라운드_ZA,362,15771200,99900.0,11209.0,43567.0,5,37102.0,38193.0,43567.0,56.0,01_시즌
2022,2022-05-01,여름_스웨터_라운드_ZB,1282,59924900,89900.0,10406.0,46743.0,5,36988.0,40949.0,46743.0,48.0,01_시즌
2022,2022-05-01,여름_우븐 셔츠_드레스셔츠_ZB,1179,37220403,69900.0,5900.0,31569.0,5,29318.0,27459.0,31569.0,55.0,01_시즌
2022,2022-05-01,여름_우븐 셔츠_캐쥬얼셔츠_ZA,475,20639297,99900.0,8751.0,42664.0,5,44794.0,40500.0,43451.0,57.0,01_시즌
2022,2022-05-01,여름_우븐 셔츠_캐쥬얼셔츠_ZB,2132,69604288,89900.0,7962.0,32252.0,5,30052.0,29289.0,32647.0,64.0,01_시즌
2022,2022-05-01,여름_자켓_싱글재킷_ZA,1638,215666027,259000.0,30466.0,132394.0,5,126762.0,125764.0,131664.0,49.0,01_시즌
2022,2022-05-01,여름_자켓_싱글재킷_ZB,457,51777235,239000.0,23694.0,113298.0,5,104031.0,106710.0,113298.0,53.0,01_시즌
2022,2022-05-01,여름_점퍼_점퍼_ZB,963,90399412,249000.0,22965.0,94915.0,5,78898.0,81684.0,93873.0,62.0,01_시즌
2022,2022-05-01,여름_팬츠_니트팬츠_ZB,39,996600,69900.0,6752.0,25554.0,5,25025.0,23452.0,25554.0,63.0,01_시즌
2022,2022-05-01,여름_팬츠_반바지_ZA,16,639200,79900.0,11033.0,39950.0,5,34026.0,27643.0,39950.0,50.0,01_시즌
2022,2022-05-01,여름_팬츠_반바지_ZB,126,4450000,79900.0,6419.0,35513.0,5,32446.0,26547.0,35317.0,56.0,01_시즌
2022,2022-05-01,여름_팬츠_팬츠(일반)_ZA,1584,97970395,134112.0,14755.0,52626.0,5,59408.0,59242.0,61850.0,54.0,01_시즌
2022,2022-05-01,여름_팬츠_팬츠(일반)_ZB,3812,148566754,99900.0,9714.0,40112.0,5,40619.0,36605.0,38973.0,61.0,01_시즌
2022,2022-05-08,봄_가죽&FUR_가죽점퍼_ZA,113,66329400,999000.0,183300.0,588087.0,5,585843.0,538319.0,586986.0,41.0,01_시즌
2022,2022-05-08,봄_니트 셔츠_라운드_ZB,188,4220881,69900.0,9387.0,22451.0,5,20789.0,26835.0,22451.0,68.0,01_시즌
2022,2022-05-08,봄_니트 셔츠_오픈형티(맨투맨 등)_ZA,97,4896976,129900.0,12030.0,50484.0,5,41182.0,52291.0,50484.0,61.0,01_시즌
2022,2022-05-08,봄_니트 셔츠_후드티_ZB,101,2713267,89900.0,11895.0,26864.0,5,23900.0,30408.0,26864.0,70.0,01_시즌
2022,2022-05-08,봄_수트_블레이져(수트)_ZB,170,30891968,239000.0,42565.0,181843.0,5,182241.0,183412.0,181717.0,24.0,01_시즌
2022,2022-05-08,봄_수트_블레이져(수트)_ZC,30,5189880,239000.0,43829.0,173076.0,5,176115.0,184381.0,172996.0,28.0,01_시즌
2022,2022-05-08,봄_수트_수트팬츠_ZB,188,18450860,129000.0,21226.0,98111.0,5,98296.0,101248.0,98143.0,24.0,01_시즌
2022,2022-05-08,봄_수트_수트팬츠_ZC,31,3042800,129000.0,21291.0,97223.0,5,95857.0,101066.0,98155.0,24.0,01_시즌
2022,2022-05-08,봄_스웨터_T-에리_ZB,124,3929529,99900.0,10999.0,31690.0,5,27575.0,40820.0,31690.0,68.0,01_시즌
2022,2022-05-08,봄_스웨터_VEST_ZA,20,686000,99900.0,8436.0,34300.0,5,32661.0,39904.0,34300.0,66.0,01_시즌
2022,2022-05-08,봄_스웨터_라운드_ZB,191,5201710,94900.0,11399.0,27666.0,5,26892.0,34777.0,27234.0,71.0,01_시즌
2022,2022-05-08,봄_스웨터_오픈형(CARDIGAN)_ZA,15,1059274,199900.0,14604.0,74164.0,5,68423.0,77725.0,70618.0,65.0,01_시즌
2022,2022-05-08,봄_스웨터_오픈형(CARDIGAN)_ZB,222,12326311,159900.0,15430.0,55011.0,5,49739.0,61219.0,55524.0,65.0,01_시즌
2022,2022-05-08,봄_우븐 셔츠_캐쥬얼셔츠_ZA,30,1517398,129900.0,13854.0,50580.0,5,39736.0,55790.0,50580.0,61.0,01_시즌
2022,2022-05-08,봄_우븐 셔츠_캐쥬얼셔츠_ZB,75,2125481,69900.0,7808.0,28074.0,5,27864.0,32787.0,28340.0,59.0,01_시즌
2022,2022-05-08,봄_점퍼_패딩점퍼_ZB,70,5409407,249000.0,23522.0,77277.0,5,73349.0,89426.0,77277.0,69.0,01_시즌
2022,2022-05-08,봄_코트_싱글코트_ZB,107,8079131,302333.0,29429.0,79450.0,5,80549.0,105327.0,75506.0,75.0,01_시즌
2022,2022-05-08,봄_팬츠_니트팬츠_ZA,55,1903403,89900.0,8963.0,34607.0,5,32717.0,39333.0,34607.0,62.0,01_시즌
2022,2022-05-08,봄_팬츠_니트팬츠_ZB,165,4936599,69900.0,8423.0,29919.0,5,23462.0,28302.0,29919.0,57.0,01_시즌
2022,2022-05-08,사계절_니트 셔츠_라운드_ZB,102,2859000,54900.0,6055.0,28029.0,5,22826.0,21712.0,28029.0,49.0,01_시즌
2022,2022-05-08,사계절_데님_데님팬츠_ZB,501,21317562,99900.0,12566.0,40748.0,5,41751.0,49011.0,42550.0,57.0,01_시즌
2022,2022-05-08,사계절_수트_블레이져(수트)_ZB,439,65496579,239000.0,37203.0,162057.0,5,141174.0,160171.0,149195.0,38.0,01_시즌
2022,2022-05-08,사계절_수트_수트팬츠_ZB,502,40651840,129000.0,17963.0,87609.0,5,80072.0,84612.0,80980.0,37.0,01_시즌
2022,2022-05-08,사계절_우븐 셔츠_드레스셔츠_ZB,1606,49249672,69900.0,7348.0,31606.0,5,28629.0,29098.0,30666.0,56.0,01_시즌
2022,2022-05-08,사계절_자켓_싱글재킷_ZB,64,8452900,239000.0,29296.0,132077.0,5,129473.0,135628.0,132077.0,45.0,01_시즌
2022,2022-05-08,사계절_팬츠_니트팬츠_ZB,98,2881800,64900.0,6322.0,29780.0,5,29750.0,26418.0,29406.0,55.0,01_시즌
2022,2022-05-08,사계절_팬츠_팬츠(일반)_ZB,661,29928977,99900.0,10779.0,44354.0,5,42126.0,46584.0,45278.0,55.0,01_시즌
2022,2022-05-08,여름_니트 셔츠_라운드_ZB,8932,206044348,61329.0,7138.0,24591.0,5,23190.0,20715.0,23068.0,62.0,01_시즌
2022,2022-05-08,여름_니트 셔츠_티에리_ZB,174,5970350,89900.0,9804.0,34312.0,5,37040.0,25850.0,34312.0,62.0,01_시즌
2022,2022-05-08,여름_수트_블레이져(수트)_ZA,895,169441751,319000.0,50766.0,189298.0,5,205408.0,222805.0,189320.0,41.0,01_시즌
2022,2022-05-08,여름_수트_블레이져(수트)_ZB,585,96154927,239000.0,44281.0,164161.0,5,177473.0,183922.0,164367.0,31.0,01_시즌
2022,2022-05-08,여름_수트_블레이져(수트)_ZC,277,49123259,265667.0,49160.0,173303.0,5,185123.0,197238.0,177340.0,33.0,01_시즌
2022,2022-05-08,여름_수트_수트팬츠_ZA,993,104840395,179000.0,25226.0,105580.0,5,114997.0,118791.0,105579.0,41.0,01_시즌
2022,2022-05-08,여름_수트_수트팬츠_ZB,671,59400750,129000.0,21730.0,88461.0,5,95688.0,99069.0,88526.0,31.0,01_시즌
2022,2022-05-08,여름_수트_수트팬츠_ZC,310,30266087,145667.0,24146.0,94834.0,5,101744.0,108041.0,97633.0,33.0,01_시즌
2022,2022-05-08,여름_스웨터_T-에리_ZA,747,27879900,99900.0,8808.0,40134.0,5,45421.0,39571.0,37322.0,63.0,01_시즌
2022,2022-05-08,여름_스웨터_T-에리_ZB,4866,160333635,89900.0,9410.0,32994.0,5,33954.0,35693.0,32950.0,63.0,01_시즌
2022,2022-05-08,여름_스웨터_라운드_ZA,680,25810729,99900.0,11209.0,37957.0,5,37102.0,38193.0,37957.0,62.0,01_시즌
2022,2022-05-08,여름_스웨터_라운드_ZB,1407,44016016,89900.0,10406.0,31284.0,5,36988.0,40949.0,31284.0,65.0,01_시즌
2022,2022-05-08,여름_우븐 셔츠_드레스셔츠_ZB,2256,68902059,69900.0,6010.0,31279.0,5,29318.0,27459.0,30542.0,56.0,01_시즌
2022,2022-05-08,여름_우븐 셔츠_캐쥬얼셔츠_ZA,750,35533450,99900.0,8751.0,48470.0,5,44794.0,40500.0,47378.0,53.0,01_시즌
2022,2022-05-08,여름_우븐 셔츠_캐쥬얼셔츠_ZB,2560,73512911,89900.0,7658.0,28876.0,5,30052.0,29289.0,28716.0,68.0,01_시즌
2022,2022-05-08,여름_자켓_싱글재킷_ZA,2166,285156330,259000.0,30466.0,128208.0,5,126762.0,125764.0,131651.0,49.0,01_시즌
2022,2022-05-08,여름_자켓_싱글재킷_ZB,311,37882000,239000.0,23694.0,121807.0,5,104031.0,106710.0,121807.0,49.0,01_시즌
2022,2022-05-08,여름_점퍼_점퍼_ZB,855,84256589,249000.0,22965.0,98005.0,5,78898.0,81684.0,98546.0,60.0,01_시즌
2022,2022-05-08,여름_팬츠_니트팬츠_ZB,49,1536000,69900.0,6752.0,31347.0,5,25025.0,23452.0,31347.0,55.0,01_시즌
2022,2022-05-08,여름_팬츠_반바지_ZA,87,3107700,79900.0,11033.0,35721.0,5,34026.0,27643.0,35721.0,55.0,01_시즌
2022,2022-05-08,여름_팬츠_반바지_ZB,449,16097000,79900.0,6419.0,35876.0,5,32446.0,26547.0,35851.0,55.0,01_시즌
2022,2022-05-08,여름_팬츠_팬츠(일반)_ZA,2175,146527660,134112.0,14755.0,66752.0,5,59408.0,59242.0,67369.0,50.0,01_시즌
2022,2022-05-08,여름_팬츠_팬츠(일반)_ZB,4743,199276382,99900.0,9704.0,41952.0,5,40619.0,36605.0,42015.0,58.0,01_시즌
2022,2022-05-15,봄_가죽&FUR_가죽점퍼_ZA,2,1198800,999000.0,183300.0,599400.0,5,585843.0,538319.0,599400.0,40.0,01_시즌
2022,2022-05-15,봄_니트 셔츠_라운드_ZB,98,2194129,69900.0,9387.0,22389.0,5,20789.0,26835.0,22389.0,68.0,01_시즌
2022,2022-05-15,봄_니트 셔츠_오픈형티(맨투맨 등)_ZA,95,3704375,129900.0,12030.0,38993.0,5,41182.0,52291.0,38993.0,70.0,01_시즌
2022,2022-05-15,봄_니트 셔츠_후드티_ZB,43,920579,89900.0,11895.0,21409.0,5,23900.0,30408.0,21409.0,76.0,01_시즌
2022,2022-05-15,봄_수트_블레이져(수트)_ZB,140,24978540,239000.0,42565.0,180004.0,5,182241.0,183412.0,178418.0,25.0,01_시즌
2022,2022-05-15,봄_수트_블레이져(수트)_ZC,40,7241700,239000.0,43829.0,181053.0,5,176115.0,184381.0,181042.0,24.0,01_시즌
2022,2022-05-15,봄_수트_수트팬츠_ZB,160,15789500,129000.0,21226.0,98596.0,5,98296.0,101248.0,98684.0,24.0,01_시즌
2022,2022-05-15,봄_수트_수트팬츠_ZC,29,2876700,129000.0,21291.0,98695.0,5,95857.0,101066.0,99197.0,23.0,01_시즌
2022,2022-05-15,봄_스웨터_T-에리_ZB,87,2474398,99900.0,10999.0,28441.0,5,27575.0,40820.0,28441.0,72.0,01_시즌
2022,2022-05-15,봄_스웨터_VEST_ZA,16,492180,99900.0,8436.0,30761.0,5,32661.0,39904.0,30761.0,69.0,01_시즌
2022,2022-05-15,봄_스웨터_라운드_ZB,133,3669527,94900.0,11399.0,27448.0,5,26892.0,34777.0,27590.0,71.0,01_시즌
2022,2022-05-15,봄_스웨터_오픈형(CARDIGAN)_ZA,11,732108,199900.0,14604.0,66414.0,5,68423.0,77725.0,66555.0,67.0,01_시즌
2022,2022-05-15,봄_스웨터_오픈형(CARDIGAN)_ZB,166,8168112,159900.0,15430.0,50290.0,5,49739.0,61219.0,49205.0,69.0,01_시즌
2022,2022-05-15,봄_우븐 셔츠_캐쥬얼셔츠_ZA,25,1116850,129900.0,13854.0,44674.0,5,39736.0,55790.0,44674.0,66.0,01_시즌
2022,2022-05-15,봄_우븐 셔츠_캐쥬얼셔츠_ZB,134,3926546,69900.0,7808.0,29158.0,5,27864.0,32787.0,29303.0,58.0,01_시즌
2022,2022-05-15,봄_점퍼_패딩점퍼_ZB,348,27262944,249000.0,23522.0,78342.0,5,73349.0,89426.0,78342.0,69.0,01_시즌
2022,2022-05-15,봄_코트_싱글코트_ZB,48,3378270,302333.0,29429.0,74079.0,5,80549.0,105327.0,70381.0,77.0,01_시즌
2022,2022-05-15,봄_팬츠_니트팬츠_ZA,26,851931,89900.0,8963.0,32767.0,5,32717.0,39333.0,32767.0,64.0,01_시즌
2022,2022-05-15,봄_팬츠_니트팬츠_ZB,53,977021,69900.0,8423.0,18434.0,5,23462.0,28302.0,18434.0,74.0,01_시즌
2022,2022-05-15,사계절_니트 셔츠_라운드_ZB,87,2566834,54900.0,6055.0,29504.0,5,22826.0,21712.0,29504.0,46.0,01_시즌
2022,2022-05-15,사계절_데님_데님팬츠_ZB,270,11533414,99900.0,12566.0,43590.0,5,41751.0,49011.0,42716.0,57.0,01_시즌
2022,2022-05-15,사계절_수트_블레이져(수트)_ZB,916,134121734,239000.0,37203.0,145372.0,5,141174.0,160171.0,146421.0,39.0,01_시즌
2022,2022-05-15,사계절_수트_수트팬츠_ZB,1025,81574814,129000.0,17963.0,78494.0,5,80072.0,84612.0,79585.0,38.0,01_시즌
2022,2022-05-15,사계절_우븐 셔츠_드레스셔츠_ZB,1414,44109845,69900.0,7348.0,31068.0,5,28629.0,29098.0,31195.0,55.0,01_시즌
2022,2022-05-15,사계절_자켓_싱글재킷_ZB,46,5808000,239000.0,29296.0,126261.0,5,129473.0,135628.0,126261.0,47.0,01_시즌
2022,2022-05-15,사계절_팬츠_니트팬츠_ZB,65,1854950,64900.0,6322.0,30776.0,5,29750.0,26418.0,28538.0,56.0,01_시즌
2022,2022-05-15,사계절_팬츠_팬츠(일반)_ZB,219,9374538,99900.0,10779.0,42031.0,5,42126.0,46584.0,42806.0,57.0,01_시즌
2022,2022-05-15,여름_니트 셔츠_라운드_ZB,6157,135517395,61329.0,7142.0,23106.0,5,23190.0,20715.0,22010.0,64.0,01_시즌
2022,2022-05-15,여름_니트 셔츠_티에리_ZB,475,17513709,89900.0,9804.0,36871.0,5,37040.0,25850.0,36871.0,59.0,01_시즌
2022,2022-05-15,여름_수트_블레이져(수트)_ZA,668,143914230,319000.0,50766.0,215447.0,5,205408.0,222805.0,215440.0,32.0,01_시즌
2022,2022-05-15,여름_수트_블레이져(수트)_ZB,430,80221105,239000.0,44281.0,186922.0,5,177473.0,183922.0,186561.0,22.0,01_시즌
2022,2022-05-15,여름_수트_블레이져(수트)_ZC,163,32252455,265667.0,49160.0,193321.0,5,185123.0,197238.0,197868.0,26.0,01_시즌
2022,2022-05-15,여름_수트_수트팬츠_ZA,729,88680839,179000.0,25226.0,121636.0,5,114997.0,118791.0,121647.0,32.0,01_시즌
2022,2022-05-15,여름_수트_수트팬츠_ZB,475,47714422,129000.0,21730.0,100835.0,5,95688.0,99069.0,100451.0,22.0,01_시즌
2022,2022-05-15,여름_수트_수트팬츠_ZC,177,19491845,145667.0,24146.0,106853.0,5,101744.0,108041.0,110123.0,24.0,01_시즌
2022,2022-05-15,여름_스웨터_T-에리_ZA,425,17537900,99900.0,8808.0,53163.0,5,45421.0,39571.0,41266.0,59.0,01_시즌
2022,2022-05-15,여름_스웨터_T-에리_ZB,3099,110548628,89900.0,9410.0,35582.0,5,33954.0,35693.0,35672.0,60.0,01_시즌
2022,2022-05-15,여름_스웨터_라운드_ZA,276,9877041,99900.0,11209.0,35786.0,5,37102.0,38193.0,35786.0,64.0,01_시즌
2022,2022-05-15,여름_스웨터_라운드_ZB,743,23735635,89900.0,10355.0,31946.0,5,36988.0,40949.0,31946.0,64.0,01_시즌
2022,2022-05-15,여름_우븐 셔츠_드레스셔츠_ZB,2224,60195661,69900.0,6010.0,26362.0,5,29318.0,27459.0,27066.0,61.0,01_시즌
2022,2022-05-15,여름_우븐 셔츠_캐쥬얼셔츠_ZA,766,35256976,99900.0,8751.0,46082.0,5,44794.0,40500.0,46027.0,54.0,01_시즌
2022,2022-05-15,여름_우븐 셔츠_캐쥬얼셔츠_ZB,1939,57329312,89900.0,7658.0,30716.0,5,30052.0,29289.0,29566.0,67.0,01_시즌
2022,2022-05-15,여름_자켓_싱글재킷_ZA,1636,201285894,259000.0,30466.0,123808.0,5,126762.0,125764.0,123035.0,52.0,01_시즌
2022,2022-05-15,여름_자켓_싱글재킷_ZB,291,33627479,239000.0,23694.0,115558.0,5,104031.0,106710.0,115558.0,52.0,01_시즌
2022,2022-05-15,여름_점퍼_점퍼_ZB,639,54175917,249000.0,22965.0,86606.0,5,78898.0,81684.0,84782.0,66.0,01_시즌
2022,2022-05-15,여름_팬츠_니트팬츠_ZB,60,1547900,69900.0,6752.0,25798.0,5,25025.0,23452.0,25798.0,63.0,01_시즌
2022,2022-05-15,여름_팬츠_반바지_ZA,69,2445300,79900.0,11033.0,35439.0,5,34026.0,27643.0,35439.0,56.0,01_시즌
2022,2022-05-15,여름_팬츠_반바지_ZB,174,4888122,79900.0,6419.0,38083.0,5,32446.0,26547.0,28093.0,65.0,01_시즌
2022,2022-05-15,여름_팬츠_팬츠(일반)_ZA,2105,132348909,134112.0,14756.0,57690.0,5,59408.0,59242.0,62874.0,53.0,01_시즌
2022,2022-05-15,여름_팬츠_팬츠(일반)_ZB,3230,137231002,99900.0,9704.0,42865.0,5,40619.0,36605.0,42486.0,57.0,01_시즌
2022,2022-05-22,봄_가죽&FUR_가죽점퍼_ZA,40,24756000,999000.0,183300.0,613878.0,5,585843.0,538319.0,618900.0,38.0,01_시즌
2022,2022-05-22,봄_니트 셔츠_라운드_ZB,107,2093472,69900.0,9387.0,19565.0,5,20789.0,26835.0,19565.0,72.0,01_시즌
2022,2022-05-22,봄_니트 셔츠_오픈형티(맨투맨 등)_ZA,225,8225900,129900.0,12030.0,36560.0,5,41182.0,52291.0,36560.0,72.0,01_시즌
2022,2022-05-22,봄_니트 셔츠_후드티_ZB,63,1367457,89900.0,11895.0,21706.0,5,23900.0,30408.0,21706.0,76.0,01_시즌
2022,2022-05-22,봄_수트_블레이져(수트)_ZB,112,20216000,239000.0,42565.0,181105.0,5,182241.0,183412.0,180500.0,24.0,01_시즌
2022,2022-05-22,봄_수트_블레이져(수트)_ZC,35,5605700,239000.0,43829.0,163074.0,5,176115.0,184381.0,160163.0,33.0,01_시즌
2022,2022-05-22,봄_수트_수트팬츠_ZB,127,12427200,129000.0,21226.0,97828.0,5,98296.0,101248.0,97852.0,24.0,01_시즌
2022,2022-05-22,봄_수트_수트팬츠_ZC,45,3924600,129000.0,21291.0,85497.0,5,95857.0,101066.0,87213.0,32.0,01_시즌
2022,2022-05-22,봄_스웨터_T-에리_ZB,62,1556362,99900.0,10999.0,25103.0,5,27575.0,40820.0,25103.0,75.0,01_시즌
2022,2022-05-22,봄_스웨터_VEST_ZA,19,580000,99900.0,8436.0,30526.0,5,32661.0,39904.0,30526.0,69.0,01_시즌
2022,2022-05-22,봄_스웨터_라운드_ZB,106,2499312,94900.0,11399.0,24692.0,5,26892.0,34777.0,23578.0,75.0,01_시즌
2022,2022-05-22,봄_스웨터_오픈형(CARDIGAN)_ZA,6,395800,199900.0,14604.0,63180.0,5,68423.0,77725.0,65967.0,67.0,01_시즌
2022,2022-05-22,봄_스웨터_오픈형(CARDIGAN)_ZB,232,9839174,159900.0,15430.0,42516.0,5,49739.0,61219.0,42410.0,73.0,01_시즌
2022,2022-05-22,봄_우븐 셔츠_캐쥬얼셔츠_ZA,32,1117310,129900.0,13854.0,34916.0,5,39736.0,55790.0,34916.0,73.0,01_시즌
2022,2022-05-22,봄_우븐 셔츠_캐쥬얼셔츠_ZB,109,2535253,69900.0,7808.0,22932.0,5,27864.0,32787.0,23259.0,67.0,01_시즌
2022,2022-05-22,봄_점퍼_패딩점퍼_ZB,1350,106504807,249000.0,23522.0,78892.0,5,73349.0,89426.0,78892.0,68.0,01_시즌
2022,2022-05-22,봄_코트_싱글코트_ZB,62,3589369,302333.0,29429.0,56165.0,5,80549.0,105327.0,57893.0,81.0,01_시즌
2022,2022-05-22,봄_팬츠_니트팬츠_ZA,31,794878,89900.0,8963.0,25641.0,5,32717.0,39333.0,25641.0,71.0,01_시즌
2022,2022-05-22,봄_팬츠_니트팬츠_ZB,81,1917706,69900.0,8423.0,23675.0,5,23462.0,28302.0,23675.0,66.0,01_시즌
2022,2022-05-22,사계절_니트 셔츠_라운드_ZB,333,5595095,54900.0,6055.0,17146.0,5,22826.0,21712.0,16802.0,69.0,01_시즌
2022,2022-05-22,사계절_데님_데님팬츠_ZB,478,18680800,99900.0,12566.0,37325.0,5,41751.0,49011.0,39081.0,61.0,01_시즌
2022,2022-05-22,사계절_수트_블레이져(수트)_ZB,814,119067398,239000.0,37203.0,135557.0,5,141174.0,160171.0,146274.0,39.0,01_시즌
2022,2022-05-22,사계절_수트_수트팬츠_ZB,807,62302328,129000.0,17963.0,75439.0,5,80072.0,84612.0,77202.0,40.0,01_시즌
2022,2022-05-22,사계절_우븐 셔츠_드레스셔츠_ZB,1344,35173260,69900.0,7348.0,23918.0,5,28629.0,29098.0,26171.0,63.0,01_시즌
2022,2022-05-22,사계절_자켓_싱글재킷_ZB,65,7818000,239000.0,29296.0,120277.0,5,129473.0,135628.0,120277.0,50.0,01_시즌
2022,2022-05-22,사계절_팬츠_니트팬츠_ZB,92,2399700,64900.0,6322.0,27347.0,5,29750.0,26418.0,26084.0,60.0,01_시즌
2022,2022-05-22,사계절_팬츠_팬츠(일반)_ZB,475,21147641,99900.0,10779.0,42956.0,5,42126.0,46584.0,44521.0,55.0,01_시즌
2022,2022-05-22,여름_니트 셔츠_라운드_ZB,6841,153276132,61329.0,7142.0,23775.0,5,23190.0,20715.0,22406.0,63.0,01_시즌
2022,2022-05-22,여름_니트 셔츠_티에리_ZB,639,22361600,89900.0,9804.0,34995.0,5,37040.0,25850.0,34995.0,61.0,01_시즌
2022,2022-05-22,여름_수트_블레이져(수트)_ZA,580,125122799,319000.0,50766.0,215726.0,5,205408.0,222805.0,215729.0,32.0,01_시즌
2022,2022-05-22,여름_수트_블레이져(수트)_ZB,454,82849224,239000.0,44281.0,183932.0,5,177473.0,183922.0,182487.0,24.0,01_시즌
2022,2022-05-22,여름_수트_블레이져(수트)_ZC,183,36404488,265667.0,49160.0,192618.0,5,185123.0,197238.0,198932.0,25.0,01_시즌
2022,2022-05-22,여름_수트_수트팬츠_ZA,657,79418501,179000.0,25226.0,120894.0,5,114997.0,118791.0,120881.0,32.0,01_시즌
2022,2022-05-22,여름_수트_수트팬츠_ZB,517,51095051,129000.0,21667.0,99475.0,5,95688.0,99069.0,98830.0,23.0,01_시즌
2022,2022-05-22,여름_수트_수트팬츠_ZC,202,22130833,145667.0,24146.0,105689.0,5,101744.0,108041.0,109559.0,25.0,01_시즌
2022,2022-05-22,여름_스웨터_T-에리_ZA,307,7953900,99900.0,8808.0,32596.0,5,45421.0,39571.0,25908.0,74.0,01_시즌
2022,2022-05-22,여름_스웨터_T-에리_ZB,3554,120109457,89900.0,9410.0,33428.0,5,33954.0,35693.0,33796.0,62.0,01_시즌
2022,2022-05-22,여름_스웨터_라운드_ZA,204,5167500,99900.0,11209.0,25331.0,5,37102.0,38193.0,25331.0,75.0,01_시즌
2022,2022-05-22,여름_스웨터_라운드_ZB,1073,38496818,89900.0,10355.0,35878.0,5,36988.0,40949.0,35878.0,60.0,01_시즌
2022,2022-05-22,여름_우븐 셔츠_드레스셔츠_ZB,1887,54745683,69900.0,6010.0,28969.0,5,29318.0,27459.0,29012.0,58.0,01_시즌
2022,2022-05-22,여름_우븐 셔츠_캐쥬얼셔츠_ZA,721,30978550,99900.0,8751.0,42897.0,5,44794.0,40500.0,42966.0,57.0,01_시즌
2022,2022-05-22,여름_우븐 셔츠_캐쥬얼셔츠_ZB,2441,71482209,89900.0,7658.0,30195.0,5,30052.0,29289.0,29284.0,67.0,01_시즌
2022,2022-05-22,여름_자켓_싱글재킷_ZA,1768,219713749,259000.0,30466.0,123116.0,5,126762.0,125764.0,124272.0,52.0,01_시즌
2022,2022-05-22,여름_자켓_싱글재킷_ZB,387,32430481,239000.0,23694.0,83800.0,5,104031.0,106710.0,83800.0,65.0,01_시즌
2022,2022-05-22,여름_점퍼_점퍼_ZB,507,30270881,249000.0,22965.0,57864.0,5,78898.0,81684.0,59706.0,76.0,01_시즌
2022,2022-05-22,여름_팬츠_니트팬츠_ZB,55,1128100,69900.0,6752.0,20511.0,5,25025.0,23452.0,20511.0,71.0,01_시즌
2022,2022-05-22,여름_팬츠_반바지_ZA,94,2735700,79900.0,11033.0,29103.0,5,34026.0,27643.0,29103.0,64.0,01_시즌
2022,2022-05-22,여름_팬츠_반바지_ZB,955,27373600,79900.0,6419.0,28696.0,5,32446.0,26547.0,28663.0,64.0,01_시즌
2022,2022-05-22,여름_팬츠_팬츠(일반)_ZA,1674,103401453,134112.0,14756.0,57496.0,5,59408.0,59242.0,61769.0,54.0,01_시즌
2022,2022-05-22,여름_팬츠_팬츠(일반)_ZB,4110,160246445,99900.0,9704.0,39104.0,5,40619.0,36605.0,38989.0,61.0,01_시즌
2022,2022-05-29,봄_가죽&FUR_가죽점퍼_ZA,-7,-5398200,999000.0,183300.0,549300.0,5,585843.0,538319.0,771171.0,23.0,01_시즌
2022,2022-05-29,봄_니트 셔츠_라운드_ZB,121,2099616,69900.0,9387.0,17352.0,5,20789.0,26835.0,17352.0,75.0,01_시즌
2022,2022-05-29,봄_니트 셔츠_오픈형티(맨투맨 등)_ZA,67,2463845,129900.0,12030.0,36774.0,5,41182.0,52291.0,36774.0,72.0,01_시즌
2022,2022-05-29,봄_니트 셔츠_후드티_ZB,59,1560968,89900.0,11895.0,26457.0,5,23900.0,30408.0,26457.0,71.0,01_시즌
2022,2022-05-29,봄_수트_블레이져(수트)_ZB,107,19904300,239000.0,42565.0,185746.0,5,182241.0,183412.0,186021.0,22.0,01_시즌
2022,2022-05-29,봄_수트_블레이져(수트)_ZC,13,2390000,239000.0,43829.0,187217.0,5,176115.0,184381.0,183846.0,23.0,01_시즌
2022,2022-05-29,봄_수트_수트팬츠_ZB,113,11323190,129000.0,21226.0,100156.0,5,98296.0,101248.0,100205.0,22.0,01_시즌
2022,2022-05-29,봄_수트_수트팬츠_ZC,16,1599600,129000.0,21291.0,100727.0,5,95857.0,101066.0,99975.0,22.0,01_시즌
2022,2022-05-29,봄_스웨터_T-에리_ZB,84,1976808,99900.0,10999.0,23533.0,5,27575.0,40820.0,23533.0,76.0,01_시즌
2022,2022-05-29,봄_스웨터_VEST_ZA,8,280900,99900.0,8436.0,35112.0,5,32661.0,39904.0,35112.0,65.0,01_시즌
2022,2022-05-29,봄_스웨터_라운드_ZB,85,672894,94900.0,11399.0,31313.0,5,26892.0,34777.0,7916.0,92.0,01_시즌
2022,2022-05-29,봄_스웨터_오픈형(CARDIGAN)_ZA,5,395000,199900.0,14604.0,79000.0,5,68423.0,77725.0,79000.0,60.0,01_시즌
2022,2022-05-29,봄_스웨터_오픈형(CARDIGAN)_ZB,51,2340705,159900.0,15430.0,51814.0,5,49739.0,61219.0,45896.0,71.0,01_시즌
2022,2022-05-29,봄_우븐 셔츠_캐쥬얼셔츠_ZA,2,41600,129900.0,13854.0,20800.0,5,39736.0,55790.0,20800.0,84.0,01_시즌
2022,2022-05-29,봄_우븐 셔츠_캐쥬얼셔츠_ZB,42,1151782,69900.0,7808.0,27793.0,5,27864.0,32787.0,27423.0,61.0,01_시즌
2022,2022-05-29,봄_점퍼_패딩점퍼_ZB,5361,280902510,249000.0,23522.0,52397.0,5,73349.0,89426.0,52397.0,79.0,01_시즌
2022,2022-05-29,봄_코트_싱글코트_ZB,16,1317860,302333.0,29429.0,107968.0,5,80549.0,105327.0,82366.0,73.0,01_시즌
2022,2022-05-29,봄_팬츠_니트팬츠_ZA,10,331585,89900.0,8963.0,33158.0,5,32717.0,39333.0,33158.0,63.0,01_시즌
2022,2022-05-29,봄_팬츠_니트팬츠_ZB,85,1741638,69900.0,8423.0,20490.0,5,23462.0,28302.0,20490.0,71.0,01_시즌
2022,2022-05-29,사계절_니트 셔츠_라운드_ZB,340,6494039,54900.0,6055.0,19901.0,5,22826.0,21712.0,19100.0,65.0,01_시즌
2022,2022-05-29,사계절_데님_데님팬츠_ZB,269,12269295,99900.0,12566.0,44240.0,5,41751.0,49011.0,45611.0,54.0,01_시즌
2022,2022-05-29,사계절_수트_블레이져(수트)_ZB,708,95231253,239000.0,37203.0,117627.0,5,141174.0,160171.0,134507.0,44.0,01_시즌
2022,2022-05-29,사계절_수트_수트팬츠_ZB,863,66638711,129000.0,17963.0,78581.0,5,80072.0,84612.0,77218.0,40.0,01_시즌
2022,2022-05-29,사계절_우븐 셔츠_드레스셔츠_ZB,951,24195128,69900.0,7348.0,22604.0,5,28629.0,29098.0,25442.0,64.0,01_시즌
2022,2022-05-29,사계절_자켓_싱글재킷_ZB,39,5145000,239000.0,29296.0,131923.0,5,129473.0,135628.0,131923.0,45.0,01_시즌
2022,2022-05-29,사계절_팬츠_니트팬츠_ZB,74,1742303,64900.0,6322.0,29438.0,5,29750.0,26418.0,23545.0,64.0,01_시즌
2022,2022-05-29,사계절_팬츠_팬츠(일반)_ZB,353,16595052,99900.0,10779.0,43596.0,5,42126.0,46584.0,47011.0,53.0,01_시즌
2022,2022-05-29,여름_니트 셔츠_라운드_ZB,7777,128375032,61329.0,7142.0,19359.0,5,23190.0,20715.0,16507.0,73.0,01_시즌
2022,2022-05-29,여름_니트 셔츠_티에리_ZB,785,24904860,89900.0,9804.0,31726.0,5,37040.0,25850.0,31726.0,65.0,01_시즌
2022,2022-05-29,여름_수트_블레이져(수트)_ZA,588,126058127,319000.0,50766.0,214302.0,5,205408.0,222805.0,214385.0,33.0,01_시즌
2022,2022-05-29,여름_수트_블레이져(수트)_ZB,412,75788287,239000.0,44281.0,182739.0,5,177473.0,183922.0,183952.0,23.0,01_시즌
2022,2022-05-29,여름_수트_블레이져(수트)_ZC,146,28931916,265667.0,49160.0,190726.0,5,185123.0,197238.0,198164.0,25.0,01_시즌
2022,2022-05-29,여름_수트_수트팬츠_ZA,673,80335196,179000.0,25226.0,119258.0,5,114997.0,118791.0,119369.0,33.0,01_시즌
2022,2022-05-29,여름_수트_수트팬츠_ZB,450,44621658,129000.0,21667.0,98754.0,5,95688.0,99069.0,99159.0,23.0,01_시즌
2022,2022-05-29,여름_수트_수트팬츠_ZC,175,18724843,145667.0,24146.0,104238.0,5,101744.0,108041.0,106999.0,27.0,01_시즌
2022,2022-05-29,여름_스웨터_T-에리_ZA,274,11850350,99900.0,8808.0,42622.0,5,45421.0,39571.0,43249.0,57.0,01_시즌
2022,2022-05-29,여름_스웨터_T-에리_ZB,3066,85140141,89900.0,9410.0,27936.0,5,33954.0,35693.0,27769.0,69.0,01_시즌
2022,2022-05-29,여름_스웨터_라운드_ZA,226,9687950,99900.0,11209.0,42867.0,5,37102.0,38193.0,42867.0,57.0,01_시즌
2022,2022-05-29,여름_스웨터_라운드_ZB,845,33029500,89900.0,10355.0,39088.0,5,36988.0,40949.0,39088.0,57.0,01_시즌
2022,2022-05-29,여름_우븐 셔츠_드레스셔츠_ZB,2268,66990776,69900.0,6010.0,29538.0,5,29318.0,27459.0,29537.0,58.0,01_시즌
2022,2022-05-29,여름_우븐 셔츠_캐쥬얼셔츠_ZA,768,32733885,99900.0,8751.0,43326.0,5,44794.0,40500.0,42622.0,57.0,01_시즌
2022,2022-05-29,여름_우븐 셔츠_캐쥬얼셔츠_ZB,1600,45889183,89900.0,7658.0,28765.0,5,30052.0,29289.0,28681.0,68.0,01_시즌
2022,2022-05-29,여름_자켓_싱글재킷_ZA,1601,204279505,259000.0,30466.0,127225.0,5,126762.0,125764.0,127595.0,51.0,01_시즌
2022,2022-05-29,여름_자켓_싱글재킷_ZB,335,28706000,239000.0,23694.0,85690.0,5,104031.0,106710.0,85690.0,64.0,01_시즌
2022,2022-05-29,여름_점퍼_점퍼_ZB,462,27678080,249000.0,22965.0,57098.0,5,78898.0,81684.0,59909.0,76.0,01_시즌
2022,2022-05-29,여름_팬츠_니트팬츠_ZB,69,1512000,69900.0,6752.0,21913.0,5,25025.0,23452.0,21913.0,69.0,01_시즌
2022,2022-05-29,여름_팬츠_반바지_ZA,130,3889400,79900.0,11033.0,29918.0,5,34026.0,27643.0,29918.0,63.0,01_시즌
2022,2022-05-29,여름_팬츠_반바지_ZB,734,19369800,79900.0,6419.0,24062.0,5,32446.0,26547.0,26389.0,67.0,01_시즌
2022,2022-05-29,여름_팬츠_팬츠(일반)_ZA,1962,126173700,134112.0,14756.0,61948.0,5,59408.0,59242.0,64309.0,52.0,01_시즌
2022,2022-05-29,여름_팬츠_팬츠(일반)_ZB,3998,161681480,99900.0,9704.0,39062.0,5,40619.0,36605.0,40441.0,60.0,01_시즌
2022,2022-06-05,사계절_니트 셔츠_라운드_ZB,483,7290075,54900.0,6055.0,38642.0,6,21298.0,21712.0,15093.0,73.0,01_시즌
2022,2022-06-05,사계절_데님_데님팬츠_ZB,326,13644763,99900.0,12566.0,44835.0,6,43951.0,49011.0,41855.0,58.0,01_시즌
2022,2022-06-05,사계절_수트_블레이져(수트)_ZB,805,116440235,239000.0,36998.0,147183.0,6,147593.0,160171.0,144646.0,39.0,01_시즌
2022,2022-06-05,사계절_수트_수트팬츠_ZB,872,68526377,129000.0,17938.0,78735.0,6,79603.0,84612.0,78585.0,39.0,01_시즌
2022,2022-06-05,사계절_우븐 셔츠_드레스셔츠_ZB,1036,26952155,69900.0,7104.0,23358.0,6,25528.0,29098.0,26016.0,63.0,01_시즌
2022,2022-06-05,사계절_자켓_싱글재킷_ZB,26,3800000,239000.0,29296.0,146154.0,6,134482.0,135628.0,146154.0,39.0,01_시즌
2022,2022-06-05,사계절_팬츠_니트팬츠_ZB,110,2437742,64900.0,6322.0,21997.0,6,21907.0,26418.0,22161.0,66.0,01_시즌
2022,2022-06-05,사계절_팬츠_팬츠(일반)_ZB,528,23630350,99900.0,10779.0,44244.0,6,42686.0,46584.0,44754.0,55.0,01_시즌
2022,2022-06-05,여름_니트 셔츠_라운드_ZB,9963,157746349,61329.0,7142.0,22541.0,6,19208.0,20715.0,15833.0,74.0,01_시즌
2022,2022-06-05,여름_니트 셔츠_티에리_ZB,963,31254309,89900.0,9804.0,32455.0,6,30906.0,25850.0,32455.0,64.0,01_시즌
2022,2022-06-05,여름_수트_블레이져(수트)_ZA,612,132110157,319000.0,50766.0,215910.0,6,214340.0,222805.0,215866.0,32.0,01_시즌
2022,2022-06-05,여름_수트_블레이져(수트)_ZB,444,81155821,239000.0,45048.0,182225.0,6,184027.0,183922.0,182783.0,24.0,01_시즌
2022,2022-06-05,여름_수트_블레이져(수트)_ZC,128,25740086,265667.0,49160.0,194113.0,6,195153.0,197238.0,201094.0,24.0,01_시즌
2022,2022-06-05,여름_수트_수트팬츠_ZA,700,84548167,179000.0,25226.0,120776.0,6,119235.0,118791.0,120783.0,33.0,01_시즌
2022,2022-06-05,여름_수트_수트팬츠_ZB,496,48566841,129000.0,21833.0,98090.0,6,99026.0,99069.0,97917.0,24.0,01_시즌
2022,2022-06-05,여름_수트_수트팬츠_ZC,138,15001226,145667.0,24146.0,106013.0,6,107671.0,108041.0,108705.0,25.0,01_시즌
2022,2022-06-05,여름_스웨터_T-에리_ZA,251,12075715,99900.0,8808.0,51385.0,6,39996.0,39571.0,48110.0,52.0,01_시즌
2022,2022-06-05,여름_스웨터_T-에리_ZB,4474,150453838,89900.0,9423.0,34004.0,6,31195.0,35693.0,33628.0,63.0,01_시즌
2022,2022-06-05,여름_스웨터_라운드_ZA,249,10742372,99900.0,11209.0,43142.0,6,40795.0,38193.0,43142.0,57.0,01_시즌
2022,2022-06-05,여름_스웨터_라운드_ZB,1049,38310500,89900.0,10642.0,36521.0,6,34294.0,40949.0,36521.0,59.0,01_시즌
2022,2022-06-05,여름_우븐 셔츠_드레스셔츠_ZB,2236,66749675,69900.0,6010.0,29822.0,6,31454.0,27459.0,29852.0,57.0,01_시즌
2022,2022-06-05,여름_우븐 셔츠_캐쥬얼셔츠_ZA,941,40021340,99900.0,8751.0,42961.0,6,43282.0,40500.0,42531.0,57.0,01_시즌
2022,2022-06-05,여름_우븐 셔츠_캐쥬얼셔츠_ZB,2485,72883097,89900.0,7658.0,29795.0,6,28450.0,29289.0,29329.0,67.0,01_시즌
2022,2022-06-05,여름_자켓_싱글재킷_ZA,1792,227404798,259000.0,30466.0,127028.0,6,127083.0,125764.0,126900.0,51.0,01_시즌
2022,2022-06-05,여름_자켓_싱글재킷_ZB,414,33868222,239000.0,23694.0,81807.0,6,81390.0,106710.0,81807.0,66.0,01_시즌
2022,2022-06-05,여름_점퍼_점퍼_ZB,527,29495453,249000.0,22965.0,50820.0,6,56569.0,81684.0,55969.0,78.0,01_시즌
2022,2022-06-05,여름_팬츠_니트팬츠_ZB,125,3121800,69900.0,6752.0,24974.0,6,22648.0,23452.0,24974.0,64.0,01_시즌
2022,2022-06-05,여름_팬츠_반바지_ZA,182,4984650,79900.0,11033.0,27388.0,6,26120.0,27643.0,27388.0,66.0,01_시즌
2022,2022-06-05,여름_팬츠_반바지_ZB,369,9676970,79900.0,6419.0,26754.0,6,23913.0,26547.0,26225.0,67.0,01_시즌
2022,2022-06-05,여름_팬츠_팬츠(일반)_ZA,1937,130976070,134112.0,14756.0,63648.0,6,61073.0,59242.0,67618.0,50.0,01_시즌
2022,2022-06-05,여름_팬츠_팬츠(일반)_ZB,4984,193892696,99900.0,9704.0,39200.0,6,37971.0,36605.0,38903.0,61.0,01_시즌
2022,2022-06-12,사계절_니트 셔츠_라운드_ZB,543,7906479,54900.0,6055.0,15744.0,6,21298.0,21712.0,14561.0,73.0,01_시즌
2022,2022-06-12,사계절_데님_데님팬츠_ZB,269,11744350,99900.0,12566.0,41484.0,6,43951.0,49011.0,43659.0,56.0,01_시즌
2022,2022-06-12,사계절_수트_블레이져(수트)_ZB,963,141061121,239000.0,36998.0,144961.0,6,147593.0,160171.0,146481.0,39.0,01_시즌
2022,2022-06-12,사계절_수트_수트팬츠_ZB,1017,80067547,129000.0,17938.0,78343.0,6,79603.0,84612.0,78729.0,39.0,01_시즌
2022,2022-06-12,사계절_우븐 셔츠_드레스셔츠_ZB,813,21681000,69900.0,7104.0,22773.0,6,25528.0,29098.0,26668.0,62.0,01_시즌
2022,2022-06-12,사계절_자켓_싱글재킷_ZB,37,4919950,239000.0,29296.0,132972.0,6,134482.0,135628.0,132972.0,44.0,01_시즌
2022,2022-06-12,사계절_팬츠_니트팬츠_ZB,140,3230000,64900.0,6322.0,22042.0,6,21907.0,26418.0,23071.0,64.0,01_시즌
2022,2022-06-12,사계절_팬츠_팬츠(일반)_ZB,325,14893645,99900.0,10779.0,43488.0,6,42686.0,46584.0,45827.0,54.0,01_시즌
2022,2022-06-12,여름_니트 셔츠_라운드_ZB,12794,197204103,61329.0,7142.0,18582.0,6,19208.0,20715.0,15414.0,75.0,01_시즌
2022,2022-06-12,여름_니트 셔츠_티에리_ZB,1157,31617862,89900.0,9804.0,27327.0,6,30906.0,25850.0,27327.0,70.0,01_시즌
2022,2022-06-12,여름_수트_블레이져(수트)_ZA,528,113862026,319000.0,50766.0,215678.0,6,214340.0,222805.0,215648.0,32.0,01_시즌
2022,2022-06-12,여름_수트_블레이져(수트)_ZB,429,79748445,239000.0,45048.0,186727.0,6,184027.0,183922.0,185894.0,22.0,01_시즌
2022,2022-06-12,여름_수트_블레이져(수트)_ZC,102,21011734,265667.0,49160.0,201761.0,6,195153.0,197238.0,205997.0,22.0,01_시즌
2022,2022-06-12,여름_수트_수트팬츠_ZA,581,70149731,179000.0,25226.0,120801.0,6,119235.0,118791.0,120740.0,33.0,01_시즌
2022,2022-06-12,여름_수트_수트팬츠_ZB,477,47511817,129000.0,21833.0,99843.0,6,99026.0,99069.0,99605.0,23.0,01_시즌
2022,2022-06-12,여름_수트_수트팬츠_ZC,129,14637470,145667.0,24146.0,109786.0,6,107671.0,108041.0,113469.0,22.0,01_시즌
2022,2022-06-12,여름_스웨터_T-에리_ZA,425,18533390,99900.0,8808.0,39533.0,6,39996.0,39571.0,43608.0,56.0,01_시즌
2022,2022-06-12,여름_스웨터_T-에리_ZB,4284,146213580,89900.0,9423.0,33875.0,6,31195.0,35693.0,34130.0,62.0,01_시즌
2022,2022-06-12,여름_스웨터_라운드_ZA,233,9882400,99900.0,11209.0,42414.0,6,40795.0,38193.0,42414.0,58.0,01_시즌
2022,2022-06-12,여름_스웨터_라운드_ZB,1056,31946292,89900.0,10642.0,30252.0,6,34294.0,40949.0,30252.0,66.0,01_시즌
2022,2022-06-12,여름_우븐 셔츠_드레스셔츠_ZB,5234,124304121,69900.0,6010.0,23996.0,6,31454.0,27459.0,23749.0,66.0,01_시즌
2022,2022-06-12,여름_우븐 셔츠_캐쥬얼셔츠_ZA,748,32745685,99900.0,8751.0,44587.0,6,43282.0,40500.0,43778.0,56.0,01_시즌
2022,2022-06-12,여름_우븐 셔츠_캐쥬얼셔츠_ZB,2523,68516342,89900.0,7658.0,28366.0,6,28450.0,29289.0,27157.0,70.0,01_시즌
2022,2022-06-12,여름_자켓_싱글재킷_ZA,1601,202872220,259000.0,30466.0,125484.0,6,127083.0,125764.0,126716.0,51.0,01_시즌
2022,2022-06-12,여름_자켓_싱글재킷_ZB,353,29145147,239000.0,23694.0,82564.0,6,81390.0,106710.0,82564.0,65.0,01_시즌
2022,2022-06-12,여름_점퍼_점퍼_ZB,575,34182950,249000.0,22965.0,59154.0,6,56569.0,81684.0,59449.0,76.0,01_시즌
2022,2022-06-12,여름_팬츠_니트팬츠_ZB,53,1170000,69900.0,6752.0,22075.0,6,22648.0,23452.0,22075.0,68.0,01_시즌
2022,2022-06-12,여름_팬츠_반바지_ZA,206,5712600,79900.0,11033.0,27731.0,6,26120.0,27643.0,27731.0,65.0,01_시즌
2022,2022-06-12,여름_팬츠_반바지_ZB,993,23979937,79900.0,6419.0,24445.0,6,23913.0,26547.0,24149.0,70.0,01_시즌
2022,2022-06-12,여름_팬츠_팬츠(일반)_ZA,1989,125858963,134112.0,14756.0,64658.0,6,61073.0,59242.0,63278.0,53.0,01_시즌
2022,2022-06-12,여름_팬츠_팬츠(일반)_ZB,5898,228215435,99900.0,10334.0,38403.0,6,37971.0,36605.0,38694.0,61.0,01_시즌
2022,2022-06-19,사계절_니트 셔츠_라운드_ZB,854,11376960,54900.0,6055.0,15322.0,6,21298.0,21712.0,13322.0,76.0,01_시즌
2022,2022-06-19,사계절_데님_데님팬츠_ZB,322,14526300,99900.0,12566.0,45370.0,6,43951.0,49011.0,45113.0,55.0,01_시즌
2022,2022-06-19,사계절_수트_블레이져(수트)_ZB,955,136983746,239000.0,36984.0,149820.0,6,147593.0,160171.0,143438.0,40.0,01_시즌
2022,2022-06-19,사계절_수트_수트팬츠_ZB,1097,87342361,129000.0,17936.0,83945.0,6,79603.0,84612.0,79619.0,38.0,01_시즌
2022,2022-06-19,사계절_우븐 셔츠_드레스셔츠_ZB,857,28404591,69900.0,7104.0,32130.0,6,25528.0,29098.0,33144.0,53.0,01_시즌
2022,2022-06-19,사계절_자켓_싱글재킷_ZB,10,1299000,239000.0,29296.0,129900.0,6,134482.0,135628.0,129900.0,46.0,01_시즌
2022,2022-06-19,사계절_팬츠_니트팬츠_ZB,106,2202345,64900.0,6322.0,23848.0,6,21907.0,26418.0,20777.0,68.0,01_시즌
2022,2022-06-19,사계절_팬츠_팬츠(일반)_ZB,263,11350045,99900.0,10779.0,39582.0,6,42686.0,46584.0,43156.0,57.0,01_시즌
2022,2022-06-19,여름_니트 셔츠_라운드_ZB,11062,153856184,61329.0,7142.0,17232.0,6,19208.0,20715.0,13909.0,77.0,01_시즌
2022,2022-06-19,여름_니트 셔츠_티에리_ZB,746,23389691,89900.0,9804.0,31353.0,6,30906.0,25850.0,31353.0,65.0,01_시즌
2022,2022-06-19,여름_수트_블레이져(수트)_ZA,421,87586022,319000.0,50766.0,208050.0,6,214340.0,222805.0,208043.0,35.0,01_시즌
2022,2022-06-19,여름_수트_블레이져(수트)_ZB,372,67216726,239000.0,45048.0,181647.0,6,184027.0,183922.0,180690.0,24.0,01_시즌
2022,2022-06-19,여름_수트_블레이져(수트)_ZC,73,14113841,265667.0,49160.0,189117.0,6,195153.0,197238.0,193340.0,27.0,01_시즌
2022,2022-06-19,여름_수트_수트팬츠_ZA,495,57858711,179000.0,25226.0,116868.0,6,119235.0,118791.0,116886.0,35.0,01_시즌
2022,2022-06-19,여름_수트_수트팬츠_ZB,417,40985088,129000.0,21833.0,98413.0,6,99026.0,99069.0,98286.0,24.0,01_시즌
2022,2022-06-19,여름_수트_수트팬츠_ZC,103,11101719,145667.0,24146.0,105993.0,6,107671.0,108041.0,107784.0,26.0,01_시즌
2022,2022-06-19,여름_스웨터_T-에리_ZA,384,13021700,99900.0,8808.0,25810.0,6,39996.0,39571.0,33911.0,66.0,01_시즌
2022,2022-06-19,여름_스웨터_T-에리_ZB,3657,99902355,89900.0,9423.0,28253.0,6,31195.0,35693.0,27318.0,70.0,01_시즌
2022,2022-06-19,여름_스웨터_라운드_ZA,197,7293045,99900.0,11209.0,37021.0,6,40795.0,38193.0,37021.0,63.0,01_시즌
2022,2022-06-19,여름_스웨터_라운드_ZB,732,25210039,89900.0,10642.0,34440.0,6,34294.0,40949.0,34440.0,62.0,01_시즌
2022,2022-06-19,여름_우븐 셔츠_드레스셔츠_ZB,3350,147600067,69900.0,6010.0,43692.0,6,31454.0,27459.0,44060.0,37.0,01_시즌
2022,2022-06-19,여름_우븐 셔츠_캐쥬얼셔츠_ZA,907,38212650,99900.0,8751.0,42086.0,6,43282.0,40500.0,42131.0,58.0,01_시즌
2022,2022-06-19,여름_우븐 셔츠_캐쥬얼셔츠_ZB,2682,70225012,89900.0,7658.0,26868.0,6,28450.0,29289.0,26184.0,71.0,01_시즌
2022,2022-06-19,여름_자켓_싱글재킷_ZA,1381,180272120,259000.0,30466.0,127052.0,6,127083.0,125764.0,130537.0,50.0,01_시즌
2022,2022-06-19,여름_자켓_싱글재킷_ZB,458,32199357,239000.0,23694.0,70304.0,6,81390.0,106710.0,70304.0,71.0,01_시즌
2022,2022-06-19,여름_점퍼_점퍼_ZB,370,21332334,249000.0,22965.0,57412.0,6,56569.0,81684.0,57655.0,77.0,01_시즌
2022,2022-06-19,여름_팬츠_니트팬츠_ZB,108,2284192,69900.0,6752.0,21150.0,6,22648.0,23452.0,21150.0,70.0,01_시즌
2022,2022-06-19,여름_팬츠_반바지_ZA,226,5872600,79900.0,11033.0,25985.0,6,26120.0,27643.0,25985.0,67.0,01_시즌
2022,2022-06-19,여름_팬츠_반바지_ZB,1572,34602519,79900.0,6419.0,21901.0,6,23913.0,26547.0,22012.0,72.0,01_시즌
2022,2022-06-19,여름_팬츠_팬츠(일반)_ZA,1190,72084745,134112.0,14756.0,56066.0,6,61073.0,59242.0,60575.0,55.0,01_시즌
2022,2022-06-19,여름_팬츠_팬츠(일반)_ZB,5094,180429586,99900.0,10503.0,36436.0,6,37971.0,36605.0,35420.0,65.0,01_시즌
2022,2022-06-26,사계절_니트 셔츠_라운드_ZB,911,11299904,54900.0,6055.0,15484.0,6,21298.0,21712.0,12404.0,77.0,01_시즌
2022,2022-06-26,사계절_데님_데님팬츠_ZB,185,8345050,99900.0,12566.0,44114.0,6,43951.0,49011.0,45108.0,55.0,01_시즌
2022,2022-06-26,사계절_수트_블레이져(수트)_ZB,1305,190266256,239000.0,36984.0,148407.0,6,147593.0,160171.0,145798.0,39.0,01_시즌
2022,2022-06-26,사계절_수트_수트팬츠_ZB,1479,117220771,129000.0,17936.0,77389.0,6,79603.0,84612.0,79257.0,39.0,01_시즌
2022,2022-06-26,사계절_우븐 셔츠_드레스셔츠_ZB,1288,32596884,69900.0,7104.0,22868.0,6,25528.0,29098.0,25308.0,64.0,01_시즌
2022,2022-06-26,사계절_자켓_싱글재킷_ZB,20,2578000,239000.0,29296.0,128900.0,6,134482.0,135628.0,128900.0,46.0,01_시즌
2022,2022-06-26,사계절_팬츠_니트팬츠_ZB,247,4846000,64900.0,6322.0,19740.0,6,21907.0,26418.0,19619.0,70.0,01_시즌
2022,2022-06-26,사계절_팬츠_팬츠(일반)_ZB,225,10685685,99900.0,11391.0,43432.0,6,42686.0,46584.0,47492.0,52.0,01_시즌
2022,2022-06-26,여름_니트 셔츠_라운드_ZB,12872,187614746,61329.0,7142.0,18476.0,6,19208.0,20715.0,14575.0,76.0,01_시즌
2022,2022-06-26,여름_니트 셔츠_티에리_ZB,1011,32845806,89900.0,9804.0,32488.0,6,30906.0,25850.0,32488.0,64.0,01_시즌
2022,2022-06-26,여름_수트_블레이져(수트)_ZA,399,87105311,319000.0,50766.0,217723.0,6,214340.0,222805.0,218309.0,32.0,01_시즌
2022,2022-06-26,여름_수트_블레이져(수트)_ZB,233,43072568,239000.0,45048.0,185510.0,6,184027.0,183922.0,184861.0,23.0,01_시즌
2022,2022-06-26,여름_수트_블레이져(수트)_ZC,57,11185700,265667.0,49160.0,195620.0,6,195153.0,197238.0,196240.0,26.0,01_시즌
2022,2022-06-26,여름_수트_수트팬츠_ZA,344,40717270,179000.0,25226.0,118494.0,6,119235.0,118791.0,118364.0,34.0,01_시즌
2022,2022-06-26,여름_수트_수트팬츠_ZB,285,28398409,129000.0,21833.0,99760.0,6,99026.0,99069.0,99644.0,23.0,01_시즌
2022,2022-06-26,여름_수트_수트팬츠_ZC,68,7553680,145667.0,24146.0,108893.0,6,107671.0,108041.0,111084.0,24.0,01_시즌
2022,2022-06-26,여름_스웨터_T-에리_ZA,324,13451450,99900.0,8808.0,43256.0,6,39996.0,39571.0,41517.0,58.0,01_시즌
2022,2022-06-26,여름_스웨터_T-에리_ZB,5453,142013754,89900.0,9423.0,28647.0,6,31195.0,35693.0,26043.0,71.0,01_시즌
2022,2022-06-26,여름_스웨터_라운드_ZA,125,5075250,99900.0,11209.0,40602.0,6,40795.0,38193.0,40602.0,59.0,01_시즌
2022,2022-06-26,여름_스웨터_라운드_ZB,739,26576456,89900.0,10642.0,35963.0,6,34294.0,40949.0,35963.0,60.0,01_시즌
2022,2022-06-26,여름_우븐 셔츠_드레스셔츠_ZB,2269,64236613,69900.0,6010.0,28308.0,6,31454.0,27459.0,28311.0,59.0,01_시즌
2022,2022-06-26,여름_우븐 셔츠_캐쥬얼셔츠_ZA,1031,44565385,99900.0,8751.0,43492.0,6,43282.0,40500.0,43225.0,57.0,01_시즌
2022,2022-06-26,여름_우븐 셔츠_캐쥬얼셔츠_ZB,2087,60857973,89900.0,7658.0,28772.0,6,28450.0,29289.0,29161.0,68.0,01_시즌
2022,2022-06-26,여름_자켓_싱글재킷_ZA,1211,163171920,259000.0,30466.0,128770.0,6,127083.0,125764.0,134741.0,48.0,01_시즌
2022,2022-06-26,여름_자켓_싱글재킷_ZB,209,18995307,239000.0,23694.0,90887.0,6,81390.0,106710.0,90887.0,62.0,01_시즌
2022,2022-06-26,여름_점퍼_점퍼_ZB,251,14874991,249000.0,22965.0,58891.0,6,56569.0,81684.0,59263.0,76.0,01_시즌
2022,2022-06-26,여름_팬츠_니트팬츠_ZB,89,1993000,69900.0,6752.0,22393.0,6,22648.0,23452.0,22393.0,68.0,01_시즌
2022,2022-06-26,여름_팬츠_반바지_ZA,424,9910500,79900.0,11033.0,23374.0,6,26120.0,27643.0,23374.0,71.0,01_시즌
2022,2022-06-26,여름_팬츠_반바지_ZB,1698,38403450,79900.0,6419.0,22553.0,6,23913.0,26547.0,22617.0,72.0,01_시즌
2022,2022-06-26,여름_팬츠_팬츠(일반)_ZA,1364,84174347,134112.0,14756.0,59921.0,6,61073.0,59242.0,61711.0,54.0,01_시즌
2022,2022-06-26,여름_팬츠_팬츠(일반)_ZB,5128,192022042,99900.0,10503.0,38121.0,6,37971.0,36605.0,37446.0,63.0,01_시즌
2022,2022-07-03,사계절_니트 셔츠_라운드_ZB,401,6682986,54900.0,6055.0,17800.0,7,16185.0,21712.0,16666.0,70.0,01_시즌
2022,2022-07-03,사계절_데님_데님팬츠_ZB,195,9212086,99900.0,12566.0,49821.0,7,47249.0,49011.0,47241.0,53.0,01_시즌
2022,2022-07-03,사계절_수트_블레이져(수트)_ZB,1244,181710479,239000.0,37800.0,146777.0,7,149369.0,160171.0,146070.0,39.0,01_시즌
2022,2022-07-03,사계절_수트_블레이져(수트)_ZC,0,0,239000.0,40525.0,,7,166678.0,163514.0,166678.0,30.0,01_시즌
2022,2022-07-03,사계절_수트_수트팬츠_ZB,1370,109584595,129000.0,18176.0,94709.0,7,91555.0,84612.0,79989.0,38.0,01_시즌
2022,2022-07-03,사계절_수트_수트팬츠_ZC,0,0,129000.0,20801.0,,7,91477.0,88562.0,91477.0,29.0,01_시즌
2022,2022-07-03,사계절_우븐 셔츠_드레스셔츠_ZB,934,26994114,69900.0,7104.0,24763.0,7,27467.0,29098.0,28902.0,59.0,01_시즌
2022,2022-07-03,사계절_자켓_싱글재킷_ZB,15,2079000,239000.0,29296.0,138600.0,7,138236.0,135628.0,138600.0,42.0,01_시즌
2022,2022-07-03,사계절_팬츠_니트팬츠_ZB,266,5196165,64900.0,6322.0,19614.0,7,19979.0,26418.0,19534.0,70.0,01_시즌
2022,2022-07-03,사계절_팬츠_팬츠(일반)_ZB,433,23203739,99900.0,11391.0,48658.0,7,49768.0,46584.0,53588.0,46.0,01_시즌
2022,2022-07-03,여름_니트 셔츠_라운드_ZB,9686,137579391,61329.0,7142.0,15972.0,7,18355.0,20715.0,14204.0,77.0,01_시즌
2022,2022-07-03,여름_니트 셔츠_티에리_ZB,843,24743636,89900.0,9804.0,29352.0,7,26092.0,25850.0,29352.0,67.0,01_시즌
2022,2022-07-03,여름_수트_블레이져(수트)_ZA,236,49481770,319000.0,50766.0,201588.0,7,221426.0,222805.0,209669.0,34.0,01_시즌
2022,2022-07-03,여름_수트_블레이져(수트)_ZB,253,46909929,239000.0,42235.0,186361.0,7,187671.0,183922.0,185415.0,22.0,01_시즌
2022,2022-07-03,여름_수트_블레이져(수트)_ZC,62,12294170,265667.0,49139.0,195282.0,7,186974.0,197238.0,198293.0,25.0,01_시즌
2022,2022-07-03,여름_수트_수트팬츠_ZA,384,46572502,179000.0,25226.0,121174.0,7,122535.0,118791.0,121283.0,32.0,01_시즌
2022,2022-07-03,여름_수트_수트팬츠_ZB,337,33389047,129000.0,20674.0,99724.0,7,100270.0,99069.0,99077.0,23.0,01_시즌
2022,2022-07-03,여름_수트_수트팬츠_ZC,76,8201777,145667.0,24146.0,105884.0,7,117619.0,108041.0,107918.0,26.0,01_시즌
2022,2022-07-03,여름_스웨터_T-에리_ZA,254,11824100,99900.0,8808.0,53944.0,7,39189.0,39571.0,46552.0,53.0,01_시즌
2022,2022-07-03,여름_스웨터_T-에리_ZB,2458,77097601,89900.0,9423.0,31844.0,7,28384.0,35693.0,31366.0,65.0,01_시즌
2022,2022-07-03,여름_스웨터_라운드_ZA,146,6271400,99900.0,11209.0,42955.0,7,38151.0,38193.0,42955.0,57.0,01_시즌
2022,2022-07-03,여름_스웨터_라운드_ZB,448,13412843,89900.0,10642.0,29939.0,7,31753.0,40949.0,29939.0,67.0,01_시즌
2022,2022-07-03,여름_우븐 셔츠_드레스셔츠_ZB,2310,66589041,69900.0,6010.0,28686.0,7,24694.0,27459.0,28826.0,59.0,01_시즌
2022,2022-07-03,여름_우븐 셔츠_캐쥬얼셔츠_ZA,992,41709150,99900.0,8751.0,43302.0,7,37963.0,40500.0,42046.0,58.0,01_시즌
2022,2022-07-03,여름_우븐 셔츠_캐쥬얼셔츠_ZB,2580,62201916,89900.0,7658.0,23892.0,7,23016.0,29289.0,24109.0,73.0,01_시즌
2022,2022-07-03,여름_자켓_싱글재킷_ZA,963,127962882,259000.0,29538.0,136564.0,7,121088.0,125764.0,132879.0,49.0,01_시즌
2022,2022-07-03,여름_자켓_싱글재킷_ZB,219,17131350,239000.0,23694.0,78225.0,7,68084.0,106710.0,78225.0,67.0,01_시즌
2022,2022-07-03,여름_점퍼_점퍼_ZB,159,9901191,249000.0,22965.0,55528.0,7,78434.0,81684.0,62272.0,75.0,01_시즌
2022,2022-07-03,여름_팬츠_니트팬츠_ZB,200,3943590,69900.0,6752.0,19718.0,7,19752.0,23452.0,19718.0,72.0,01_시즌
2022,2022-07-03,여름_팬츠_반바지_ZA,369,11891200,79900.0,11033.0,32225.0,7,27648.0,27643.0,32225.0,60.0,01_시즌
2022,2022-07-03,여름_팬츠_반바지_ZB,1314,39226102,79900.0,6419.0,29523.0,7,24190.0,26547.0,29852.0,63.0,01_시즌
2022,2022-07-03,여름_팬츠_팬츠(일반)_ZA,1420,83700063,134112.0,14529.0,59634.0,7,49458.0,59242.0,58944.0,56.0,01_시즌
2022,2022-07-03,여름_팬츠_팬츠(일반)_ZB,5544,179354541,99900.0,10504.0,34594.0,7,32523.0,36605.0,32351.0,68.0,01_시즌
2022,2022-07-10,가을_우븐 셔츠_캐쥬얼셔츠_ZB,0,0,89900.0,7315.0,,7,66563.0,41578.0,66563.0,26.0,01_시즌
2022,2022-07-10,사계절_니트 셔츠_라운드_ZB,739,8992960,54900.0,6055.0,15776.0,7,16185.0,21712.0,12169.0,78.0,01_시즌
2022,2022-07-10,사계절_데님_데님팬츠_ZB,227,9410445,99900.0,12566.0,38118.0,7,47249.0,49011.0,41456.0,59.0,01_시즌
2022,2022-07-10,사계절_수트_블레이져(수트)_ZB,916,131637357,239000.0,37800.0,148484.0,7,149369.0,160171.0,143709.0,40.0,01_시즌
2022,2022-07-10,사계절_수트_블레이져(수트)_ZC,201,46692300,239000.0,40525.0,232300.0,7,166678.0,163514.0,232300.0,3.0,01_시즌
2022,2022-07-10,사계절_수트_수트팬츠_ZB,941,73199726,129000.0,18176.0,79835.0,7,91555.0,84612.0,77789.0,40.0,01_시즌
2022,2022-07-10,사계절_수트_수트팬츠_ZC,199,24967300,129000.0,20801.0,125464.0,7,91477.0,88562.0,125464.0,3.0,01_시즌
2022,2022-07-10,사계절_우븐 셔츠_드레스셔츠_ZB,568,13969722,69900.0,7104.0,27227.0,7,27467.0,29098.0,24595.0,65.0,01_시즌
2022,2022-07-10,사계절_자켓_싱글재킷_ZB,14,1848000,239000.0,29296.0,132000.0,7,138236.0,135628.0,132000.0,45.0,01_시즌
2022,2022-07-10,사계절_팬츠_니트팬츠_ZB,166,3263800,64900.0,6322.0,19937.0,7,19979.0,26418.0,19661.0,70.0,01_시즌
2022,2022-07-10,사계절_팬츠_팬츠(일반)_ZB,441,21243200,99900.0,12047.0,47447.0,7,49768.0,46584.0,48171.0,52.0,01_시즌
2022,2022-07-10,여름_니트 셔츠_라운드_ZB,23758,404591800,61329.0,7142.0,17733.0,7,18355.0,20715.0,17030.0,72.0,01_시즌
2022,2022-07-10,여름_니트 셔츠_티에리_ZB,1446,40666200,89900.0,9804.0,28123.0,7,26092.0,25850.0,28123.0,69.0,01_시즌
2022,2022-07-10,여름_수트_블레이져(수트)_ZA,222,48304044,319000.0,50766.0,217524.0,7,221426.0,222805.0,217586.0,32.0,01_시즌
2022,2022-07-10,여름_수트_블레이져(수트)_ZB,211,38697088,239000.0,42235.0,183711.0,7,187671.0,183922.0,183399.0,23.0,01_시즌
2022,2022-07-10,여름_수트_블레이져(수트)_ZC,41,8134980,265667.0,49139.0,196062.0,7,186974.0,197238.0,198414.0,25.0,01_시즌
2022,2022-07-10,여름_수트_수트팬츠_ZA,319,38386127,179000.0,25226.0,119852.0,7,122535.0,118791.0,120333.0,33.0,01_시즌
2022,2022-07-10,여름_수트_수트팬츠_ZB,262,26086848,129000.0,20674.0,99505.0,7,100270.0,99069.0,99568.0,23.0,01_시즌
2022,2022-07-10,여름_수트_수트팬츠_ZC,63,6794480,145667.0,24146.0,106826.0,7,117619.0,108041.0,107849.0,26.0,01_시즌
2022,2022-07-10,여름_스웨터_T-에리_ZA,346,14118000,99900.0,8808.0,37073.0,7,39189.0,39571.0,40803.0,59.0,01_시즌
2022,2022-07-10,여름_스웨터_T-에리_ZB,5681,140241974,89900.0,9423.0,27298.0,7,28384.0,35693.0,24686.0,73.0,01_시즌
2022,2022-07-10,여름_스웨터_라운드_ZA,152,5839200,99900.0,11209.0,38416.0,7,38151.0,38193.0,38416.0,62.0,01_시즌
2022,2022-07-10,여름_스웨터_라운드_ZB,660,23473460,89900.0,10642.0,35566.0,7,31753.0,40949.0,35566.0,60.0,01_시즌
2022,2022-07-10,여름_우븐 셔츠_드레스셔츠_ZB,2342,59571659,69900.0,6010.0,25290.0,7,24694.0,27459.0,25436.0,64.0,01_시즌
2022,2022-07-10,여름_우븐 셔츠_캐쥬얼셔츠_ZA,1287,47236890,99900.0,8751.0,37593.0,7,37963.0,40500.0,36703.0,63.0,01_시즌
2022,2022-07-10,여름_우븐 셔츠_캐쥬얼셔츠_ZB,3174,70563760,89900.0,7658.0,22382.0,7,23016.0,29289.0,22232.0,75.0,01_시즌
2022,2022-07-10,여름_자켓_싱글재킷_ZA,692,85700266,259000.0,29538.0,126749.0,7,121088.0,125764.0,123844.0,52.0,01_시즌
2022,2022-07-10,여름_자켓_싱글재킷_ZB,855,67606600,239000.0,23694.0,79072.0,7,68084.0,106710.0,79072.0,67.0,01_시즌
2022,2022-07-10,여름_점퍼_점퍼_ZB,202,11707880,249000.0,22965.0,57143.0,7,78434.0,81684.0,57960.0,77.0,01_시즌
2022,2022-07-10,여름_팬츠_니트팬츠_ZB,145,2768300,69900.0,6752.0,19092.0,7,19752.0,23452.0,19092.0,73.0,01_시즌
2022,2022-07-10,여름_팬츠_반바지_ZA,560,16387895,79900.0,11033.0,29264.0,7,27648.0,27643.0,29264.0,63.0,01_시즌
2022,2022-07-10,여름_팬츠_반바지_ZB,1681,40916850,79900.0,6419.0,24425.0,7,24190.0,26547.0,24341.0,70.0,01_시즌
2022,2022-07-10,여름_팬츠_팬츠(일반)_ZA,1181,61310045,134112.0,14529.0,54584.0,7,49458.0,59242.0,51914.0,61.0,01_시즌
2022,2022-07-10,여름_팬츠_팬츠(일반)_ZB,6751,202273476,99900.0,10505.0,34077.0,7,32523.0,36605.0,29962.0,70.0,01_시즌
2022,2022-07-17,가을_우븐 셔츠_캐쥬얼셔츠_ZB,0,0,89900.0,7880.0,,7,66563.0,41578.0,66563.0,26.0,01_시즌
2022,2022-07-17,사계절_니트 셔츠_라운드_ZB,802,10074467,63233.0,6422.0,12020.0,7,16185.0,21712.0,12562.0,80.0,01_시즌
2022,2022-07-17,사계절_데님_데님팬츠_ZB,173,7471220,99900.0,12566.0,46035.0,7,47249.0,49011.0,43186.0,57.0,01_시즌
2022,2022-07-17,사계절_수트_블레이져(수트)_ZB,800,113426563,239000.0,37800.0,155003.0,7,149369.0,160171.0,141783.0,41.0,01_시즌
2022,2022-07-17,사계절_수트_블레이져(수트)_ZC,293,40008600,239000.0,40525.0,136548.0,7,166678.0,163514.0,136548.0,43.0,01_시즌
2022,2022-07-17,사계절_수트_수트팬츠_ZB,917,70789837,129000.0,18177.0,82349.0,7,91555.0,84612.0,77197.0,40.0,01_시즌
2022,2022-07-17,사계절_수트_수트팬츠_ZC,331,26021818,129000.0,20801.0,78616.0,7,91477.0,88562.0,78616.0,39.0,01_시즌
2022,2022-07-17,사계절_우븐 셔츠_드레스셔츠_ZB,686,19343755,69900.0,7104.0,24651.0,7,27467.0,29098.0,28198.0,60.0,01_시즌
2022,2022-07-17,사계절_자켓_싱글재킷_ZB,17,2489000,239000.0,29296.0,146412.0,7,138236.0,135628.0,146412.0,39.0,01_시즌
2022,2022-07-17,사계절_팬츠_니트팬츠_ZB,215,4244790,64900.0,6322.0,21647.0,7,19979.0,26418.0,19743.0,70.0,01_시즌
2022,2022-07-17,사계절_팬츠_팬츠(일반)_ZB,394,19971827,99900.0,12047.0,47805.0,7,49768.0,46584.0,50690.0,49.0,01_시즌
2022,2022-07-17,여름_니트 셔츠_라운드_ZB,19762,296417417,61329.0,7142.0,19374.0,7,18355.0,20715.0,14999.0,76.0,01_시즌
2022,2022-07-17,여름_니트 셔츠_티에리_ZB,1287,34580500,89900.0,9804.0,26869.0,7,26092.0,25850.0,26869.0,70.0,01_시즌
2022,2022-07-17,여름_수트_블레이져(수트)_ZA,183,40283484,319000.0,50766.0,220284.0,7,221426.0,222805.0,220128.0,31.0,01_시즌
2022,2022-07-17,여름_수트_블레이져(수트)_ZB,164,30909599,239000.0,42235.0,189610.0,7,187671.0,183922.0,188473.0,21.0,01_시즌
2022,2022-07-17,여름_수트_블레이져(수트)_ZC,24,5054200,265667.0,49139.0,200763.0,7,186974.0,197238.0,210592.0,21.0,01_시즌
2022,2022-07-17,여름_수트_수트팬츠_ZA,223,27460940,179000.0,25226.0,123628.0,7,122535.0,118791.0,123143.0,31.0,01_시즌
2022,2022-07-17,여름_수트_수트팬츠_ZB,213,21619090,129000.0,20674.0,101601.0,7,100270.0,99069.0,101498.0,21.0,01_시즌
2022,2022-07-17,여름_수트_수트팬츠_ZC,27,4495380,145667.0,24146.0,147983.0,7,117619.0,108041.0,166496.0,-14.0,01_시즌
2022,2022-07-17,여름_스웨터_T-에리_ZA,186,6923795,99900.0,8808.0,41107.0,7,39189.0,39571.0,37225.0,63.0,01_시즌
2022,2022-07-17,여름_스웨터_T-에리_ZB,3847,89926449,89900.0,9423.0,27504.0,7,28384.0,35693.0,23376.0,74.0,01_시즌
2022,2022-07-17,여름_스웨터_라운드_ZA,111,4375114,99900.0,11209.0,39415.0,7,38151.0,38193.0,39415.0,61.0,01_시즌
2022,2022-07-17,여름_스웨터_라운드_ZB,646,22249708,89900.0,10642.0,34442.0,7,31753.0,40949.0,34442.0,62.0,01_시즌
2022,2022-07-17,여름_우븐 셔츠_드레스셔츠_ZB,2029,52993962,69900.0,6010.0,26063.0,7,24694.0,27459.0,26118.0,63.0,01_시즌
2022,2022-07-17,여름_우븐 셔츠_캐쥬얼셔츠_ZA,977,40033914,99900.0,8751.0,41682.0,7,37963.0,40500.0,40976.0,59.0,01_시즌
2022,2022-07-17,여름_우븐 셔츠_캐쥬얼셔츠_ZB,2808,60229632,89900.0,7658.0,21397.0,7,23016.0,29289.0,21449.0,76.0,01_시즌
2022,2022-07-17,여름_자켓_싱글재킷_ZA,503,53800192,259000.0,29538.0,118738.0,7,121088.0,125764.0,106959.0,59.0,01_시즌
2022,2022-07-17,여름_자켓_싱글재킷_ZB,9,191100,239000.0,23694.0,21233.0,7,68084.0,106710.0,21233.0,91.0,01_시즌
2022,2022-07-17,여름_점퍼_점퍼_ZB,172,10785000,249000.0,22965.0,116220.0,7,78434.0,81684.0,62703.0,75.0,01_시즌
2022,2022-07-17,여름_팬츠_니트팬츠_ZB,142,3099500,69900.0,6752.0,21827.0,7,19752.0,23452.0,21827.0,69.0,01_시즌
2022,2022-07-17,여름_팬츠_반바지_ZA,717,20270000,79900.0,11033.0,28271.0,7,27648.0,27643.0,28271.0,65.0,01_시즌
2022,2022-07-17,여름_팬츠_반바지_ZB,2429,59438911,79900.0,6419.0,24813.0,7,24190.0,26547.0,24471.0,69.0,01_시즌
2022,2022-07-17,여름_팬츠_팬츠(일반)_ZA,784,34576550,134112.0,14529.0,46514.0,7,49458.0,59242.0,44103.0,67.0,01_시즌
2022,2022-07-17,여름_팬츠_팬츠(일반)_ZB,6853,210814421,99900.0,10505.0,34847.0,7,32523.0,36605.0,30762.0,69.0,01_시즌
2022,2022-07-24,가을_수트_블레이져(수트)_ZB,99,20381000,259000.0,41389.0,205869.0,7,205372.0,199029.0,205869.0,21.0,01_시즌
2022,2022-07-24,가을_수트_수트팬츠_ZB,96,10597760,139000.0,20416.0,110393.0,7,110211.0,106861.0,110393.0,21.0,01_시즌
2022,2022-07-24,가을_우븐 셔츠_캐쥬얼셔츠_ZB,0,0,89900.0,7880.0,,7,66563.0,41578.0,66563.0,26.0,01_시즌
2022,2022-07-24,사계절_니트 셔츠_라운드_ZB,961,11759487,63233.0,6422.0,14178.0,7,16185.0,21712.0,12237.0,81.0,01_시즌
2022,2022-07-24,사계절_데님_데님팬츠_ZB,143,6933653,99900.0,12566.0,49824.0,7,47249.0,49011.0,48487.0,51.0,01_시즌
2022,2022-07-24,사계절_수트_블레이져(수트)_ZB,594,96018881,239000.0,37800.0,166472.0,7,149369.0,160171.0,161648.0,32.0,01_시즌
2022,2022-07-24,사계절_수트_블레이져(수트)_ZC,355,55085390,239000.0,40525.0,155170.0,7,166678.0,163514.0,155170.0,35.0,01_시즌
2022,2022-07-24,사계절_수트_수트팬츠_ZB,674,59029304,129000.0,18177.0,112683.0,7,91555.0,84612.0,87581.0,32.0,01_시즌
2022,2022-07-24,사계절_수트_수트팬츠_ZC,367,31068571,129000.0,20801.0,84656.0,7,91477.0,88562.0,84656.0,34.0,01_시즌
2022,2022-07-24,사계절_우븐 셔츠_드레스셔츠_ZB,549,15824545,69900.0,7104.0,26753.0,7,27467.0,29098.0,28824.0,59.0,01_시즌
2022,2022-07-24,사계절_자켓_싱글재킷_ZB,15,2039000,239000.0,29296.0,135933.0,7,138236.0,135628.0,135933.0,43.0,01_시즌
2022,2022-07-24,사계절_팬츠_니트팬츠_ZB,171,3275000,64900.0,6322.0,19456.0,7,19979.0,26418.0,19152.0,70.0,01_시즌
2022,2022-07-24,사계절_팬츠_팬츠(일반)_ZB,520,29405350,99900.0,12047.0,56052.0,7,49768.0,46584.0,56549.0,43.0,01_시즌
2022,2022-07-24,여름_니트 셔츠_라운드_ZB,7543,86125808,61329.0,7142.0,14317.0,7,18355.0,20715.0,11418.0,81.0,01_시즌
2022,2022-07-24,여름_니트 셔츠_티에리_ZB,1208,29421361,89900.0,9804.0,24355.0,7,26092.0,25850.0,24355.0,73.0,01_시즌
2022,2022-07-24,여름_수트_블레이져(수트)_ZA,126,28696554,319000.0,50766.0,228048.0,7,221426.0,222805.0,227750.0,29.0,01_시즌
2022,2022-07-24,여름_수트_블레이져(수트)_ZB,149,27914365,239000.0,42235.0,188516.0,7,187671.0,183922.0,187345.0,22.0,01_시즌
2022,2022-07-24,여름_수트_블레이져(수트)_ZC,38,6674728,265667.0,49139.0,162020.0,7,186974.0,197238.0,175651.0,34.0,01_시즌
2022,2022-07-24,여름_수트_수트팬츠_ZA,160,20472677,179000.0,25226.0,127260.0,7,122535.0,118791.0,127954.0,29.0,01_시즌
2022,2022-07-24,여름_수트_수트팬츠_ZB,170,17201661,129000.0,20674.0,101640.0,7,100270.0,99069.0,101186.0,22.0,01_시즌
2022,2022-07-24,여름_수트_수트팬츠_ZC,13,2263900,145667.0,24146.0,117615.0,7,117619.0,108041.0,174146.0,-20.0,01_시즌
2022,2022-07-24,여름_스웨터_T-에리_ZA,342,8495039,99900.0,8808.0,27951.0,7,39189.0,39571.0,24839.0,75.0,01_시즌
2022,2022-07-24,여름_스웨터_T-에리_ZB,2970,66375407,89900.0,9423.0,22566.0,7,28384.0,35693.0,22349.0,75.0,01_시즌
2022,2022-07-24,여름_스웨터_라운드_ZA,105,3471165,99900.0,11209.0,33059.0,7,38151.0,38193.0,33059.0,67.0,01_시즌
2022,2022-07-24,여름_스웨터_라운드_ZB,508,14573202,89900.0,10642.0,28687.0,7,31753.0,40949.0,28687.0,68.0,01_시즌
2022,2022-07-24,여름_우븐 셔츠_드레스셔츠_ZB,1921,44028053,69900.0,6010.0,22912.0,7,24694.0,27459.0,22919.0,67.0,01_시즌
2022,2022-07-24,여름_우븐 셔츠_캐쥬얼셔츠_ZA,1346,44216713,99900.0,8751.0,32652.0,7,37963.0,40500.0,32850.0,67.0,01_시즌
2022,2022-07-24,여름_우븐 셔츠_캐쥬얼셔츠_ZB,2476,54968144,89900.0,7658.0,22497.0,7,23016.0,29289.0,22200.0,75.0,01_시즌
2022,2022-07-24,여름_자켓_싱글재킷_ZA,541,52935811,259000.0,29538.0,103061.0,7,121088.0,125764.0,97848.0,62.0,01_시즌
2022,2022-07-24,여름_자켓_싱글재킷_ZB,-282,-24454906,239000.0,23694.0,86720.0,7,68084.0,106710.0,86720.0,64.0,01_시즌
2022,2022-07-24,여름_점퍼_점퍼_ZB,206,10728897,249000.0,22965.0,49908.0,7,78434.0,81684.0,52082.0,79.0,01_시즌
2022,2022-07-24,여름_팬츠_니트팬츠_ZB,196,3755773,69900.0,6752.0,19162.0,7,19752.0,23452.0,19162.0,73.0,01_시즌
2022,2022-07-24,여름_팬츠_반바지_ZA,638,13966307,79900.0,11033.0,21891.0,7,27648.0,27643.0,21891.0,73.0,01_시즌
2022,2022-07-24,여름_팬츠_반바지_ZB,1950,35155256,79900.0,6419.0,17944.0,7,24190.0,26547.0,18028.0,77.0,01_시즌
2022,2022-07-24,여름_팬츠_팬츠(일반)_ZA,767,31585832,134112.0,14529.0,41338.0,7,49458.0,59242.0,41181.0,69.0,01_시즌
2022,2022-07-24,여름_팬츠_팬츠(일반)_ZB,5952,151697486,99900.0,10505.0,30330.0,7,32523.0,36605.0,25487.0,74.0,01_시즌
2022,2022-07-31,가을_니트 셔츠_라운드_ZB,0,0,89900.0,12881.0,,7,,37381.0,37381.0,58.0,01_시즌
2022,2022-07-31,가을_수트_블레이져(수트)_ZB,193,39540795,259000.0,41389.0,204875.0,7,205372.0,199029.0,204875.0,21.0,01_시즌
2022,2022-07-31,가을_수트_수트팬츠_ZB,271,29817885,139000.0,20416.0,110029.0,7,110211.0,106861.0,110029.0,21.0,01_시즌
2022,2022-07-31,가을_우븐 셔츠_캐쥬얼셔츠_ZB,19,1264700,89900.0,7880.0,66563.0,7,66563.0,41578.0,66563.0,26.0,01_시즌
2022,2022-07-31,가을_점퍼_점퍼_ZA,0,0,259000.0,31922.0,,7,,115417.0,115417.0,55.0,01_시즌
2022,2022-07-31,가을_팬츠_니트팬츠_ZB,0,0,89900.0,10670.0,,7,,44548.0,44548.0,50.0,01_시즌
2022,2022-07-31,겨울_우븐 셔츠_캐쥬얼셔츠_ZA,0,0,99900.0,8220.0,,7,,52481.0,52481.0,47.0,01_시즌
2022,2022-07-31,사계절_니트 셔츠_라운드_ZB,175,3172545,63233.0,6422.0,19067.0,7,16185.0,21712.0,18129.0,71.0,01_시즌
2022,2022-07-31,사계절_데님_데님팬츠_ZB,41,2064720,99900.0,12950.0,53487.0,7,47249.0,49011.0,50359.0,50.0,01_시즌
2022,2022-07-31,사계절_수트_블레이져(수트)_ZB,256,42116494,239000.0,37800.0,135808.0,7,149369.0,160171.0,164518.0,31.0,01_시즌
2022,2022-07-31,사계절_수트_블레이져(수트)_ZC,117,16695264,239000.0,40525.0,142695.0,7,166678.0,163514.0,142695.0,40.0,01_시즌
2022,2022-07-31,사계절_수트_수트팬츠_ZB,278,24163506,129000.0,18177.0,86523.0,7,91555.0,84612.0,86919.0,33.0,01_시즌
2022,2022-07-31,사계절_수트_수트팬츠_ZC,110,8489053,129000.0,20801.0,77173.0,7,91477.0,88562.0,77173.0,40.0,01_시즌
2022,2022-07-31,사계절_우븐 셔츠_드레스셔츠_ZB,144,4949516,69900.0,7104.0,33940.0,7,27467.0,29098.0,34372.0,51.0,01_시즌
2022,2022-07-31,사계절_자켓_싱글재킷_ZB,0,-20500,239000.0,29296.0,,7,138236.0,135628.0,138236.0,42.0,01_시즌
2022,2022-07-31,사계절_팬츠_니트팬츠_ZB,120,2332100,64900.0,6322.0,19240.0,7,19979.0,26418.0,19434.0,70.0,01_시즌
2022,2022-07-31,사계절_팬츠_팬츠(일반)_ZB,23,-250306,99900.0,12047.0,48880.0,7,49768.0,46584.0,48880.0,51.0,01_시즌
2022,2022-07-31,여름_니트 셔츠_라운드_ZB,-1734,-120526959,61329.0,7142.0,24381.0,7,18355.0,20715.0,69508.0,-13.0,01_시즌
2022,2022-07-31,여름_니트 셔츠_티에리_ZB,508,11055073,89900.0,9804.0,21762.0,7,26092.0,25850.0,21762.0,76.0,01_시즌
2022,2022-07-31,여름_수트_블레이져(수트)_ZA,28,5581617,319000.0,50766.0,239684.0,7,221426.0,222805.0,199343.0,38.0,01_시즌
2022,2022-07-31,여름_수트_블레이져(수트)_ZB,74,14304462,239000.0,42235.0,190570.0,7,187671.0,183922.0,193304.0,19.0,01_시즌
2022,2022-07-31,여름_수트_블레이져(수트)_ZC,13,2681820,265667.0,49139.0,180741.0,7,186974.0,197238.0,206294.0,22.0,01_시즌
2022,2022-07-31,여름_수트_수트팬츠_ZA,36,3368197,179000.0,25226.0,120763.0,7,122535.0,118791.0,93561.0,48.0,01_시즌
2022,2022-07-31,여름_수트_수트팬츠_ZB,79,8341298,129000.0,20674.0,98880.0,7,100270.0,99069.0,105586.0,18.0,01_시즌
2022,2022-07-31,여름_수트_수트팬츠_ZC,18,2024115,145667.0,24146.0,109787.0,7,117619.0,108041.0,112451.0,23.0,01_시즌
2022,2022-07-31,여름_스웨터_T-에리_ZA,82,2814762,99900.0,8808.0,34208.0,7,39189.0,39571.0,34326.0,66.0,01_시즌
2022,2022-07-31,여름_스웨터_T-에리_ZB,440,14328845,89900.0,9423.0,32710.0,7,28384.0,35693.0,32566.0,64.0,01_시즌
2022,2022-07-31,여름_스웨터_라운드_ZA,23,848908,99900.0,11209.0,36909.0,7,38151.0,38193.0,36909.0,63.0,01_시즌
2022,2022-07-31,여름_스웨터_라운드_ZB,153,4610095,89900.0,10642.0,30131.0,7,31753.0,40949.0,30131.0,66.0,01_시즌
2022,2022-07-31,여름_우븐 셔츠_드레스셔츠_ZB,575,11788319,69900.0,6010.0,20521.0,7,24694.0,27459.0,20501.0,71.0,01_시즌
2022,2022-07-31,여름_우븐 셔츠_캐쥬얼셔츠_ZA,242,8277364,99900.0,8751.0,34584.0,7,37963.0,40500.0,34204.0,66.0,01_시즌
2022,2022-07-31,여름_우븐 셔츠_캐쥬얼셔츠_ZB,449,10949572,89900.0,7658.0,24913.0,7,23016.0,29289.0,24387.0,73.0,01_시즌
2022,2022-07-31,여름_자켓_싱글재킷_ZA,-40,-15328897,259000.0,29538.0,120330.0,7,121088.0,125764.0,383222.0,-48.0,01_시즌
2022,2022-07-31,여름_자켓_싱글재킷_ZB,1727,129816288,239000.0,23694.0,75169.0,7,68084.0,106710.0,75169.0,69.0,01_시즌
2022,2022-07-31,여름_점퍼_점퍼_ZB,100,13630939,249000.0,22965.0,108787.0,7,78434.0,81684.0,136309.0,45.0,01_시즌
2022,2022-07-31,여름_팬츠_니트팬츠_ZB,50,948069,69900.0,6752.0,18961.0,7,19752.0,23452.0,18961.0,73.0,01_시즌
2022,2022-07-31,여름_팬츠_반바지_ZA,85,2259913,79900.0,11033.0,26587.0,7,27648.0,27643.0,26587.0,67.0,01_시즌
2022,2022-07-31,여름_팬츠_반바지_ZB,130,8737606,79900.0,6419.0,24269.0,7,24190.0,26547.0,67212.0,16.0,01_시즌
2022,2022-07-31,여름_팬츠_팬츠(일반)_ZA,142,3264877,134112.0,14529.0,43808.0,7,49458.0,59242.0,22992.0,83.0,01_시즌
2022,2022-07-31,여름_팬츠_팬츠(일반)_ZB,10608,380342854,99900.0,10505.0,26886.0,7,32523.0,36605.0,35854.0,64.0,01_시즌
2022,2022-08-07,가을_니트 셔츠_라운드_ZB,0,0,89900.0,12898.0,,8,57865.0,37381.0,57865.0,36.0,01_시즌
2022,2022-08-07,가을_수트_블레이져(수트)_ZB,632,128034672,259000.0,45185.0,203272.0,8,203344.0,199029.0,202587.0,22.0,01_시즌
2022,2022-08-07,가을_수트_수트팬츠_ZB,815,88204678,139000.0,23092.0,108492.0,8,108998.0,106861.0,108227.0,22.0,01_시즌
2022,2022-08-07,가을_스웨터_오픈형(CARDIGAN)_ZB,0,0,199900.0,21990.0,,8,138395.0,114213.0,138395.0,31.0,01_시즌
2022,2022-08-07,가을_우븐 셔츠_캐쥬얼셔츠_ZB,144,10135994,89900.0,7880.0,70345.0,8,60865.0,41578.0,70389.0,22.0,01_시즌
2022,2022-08-07,가을_점퍼_점퍼_ZA,0,0,259000.0,31964.0,,8,128857.0,115417.0,128857.0,50.0,01_시즌
2022,2022-08-07,가을_팬츠_니트팬츠_ZB,31,2229520,89900.0,10684.0,71920.0,8,77434.0,44548.0,71920.0,20.0,01_시즌
2022,2022-08-07,겨울_우븐 셔츠_캐쥬얼셔츠_ZA,0,0,99900.0,8220.0,,8,48686.0,52481.0,48686.0,51.0,01_시즌
2022,2022-08-07,사계절_니트 셔츠_라운드_ZB,1918,20638388,63233.0,6434.0,14854.0,8,22573.0,21712.0,10760.0,83.0,01_시즌
2022,2022-08-07,사계절_데님_데님팬츠_ZB,236,15415390,99900.0,12950.0,64554.0,8,58780.0,49011.0,65319.0,35.0,01_시즌
2022,2022-08-07,사계절_수트_블레이져(수트)_ZB,766,132032944,239000.0,37800.0,179741.0,8,227198.0,160171.0,172367.0,28.0,01_시즌
2022,2022-08-07,사계절_수트_블레이져(수트)_ZC,250,39768497,239000.0,40079.0,159074.0,8,161429.0,163514.0,159074.0,33.0,01_시즌
2022,2022-08-07,사계절_수트_수트팬츠_ZB,852,78366802,129000.0,18177.0,90188.0,8,85934.0,84612.0,91980.0,29.0,01_시즌
2022,2022-08-07,사계절_수트_수트팬츠_ZC,251,21416001,129000.0,20456.0,85323.0,8,87024.0,88562.0,85323.0,34.0,01_시즌
2022,2022-08-07,사계절_우븐 셔츠_드레스셔츠_ZB,923,27970400,69900.0,7104.0,25756.0,8,27090.0,29098.0,30304.0,57.0,01_시즌
2022,2022-08-07,사계절_자켓_싱글재킷_ZB,17,2318000,239000.0,29296.0,136353.0,8,130346.0,135628.0,136353.0,43.0,01_시즌
2022,2022-08-07,사계절_팬츠_니트팬츠_ZB,345,6705800,64900.0,6322.0,18910.0,8,17700.0,26418.0,19437.0,70.0,01_시즌
2022,2022-08-07,사계절_팬츠_팬츠(일반)_ZB,992,53882050,99900.0,12047.0,53387.0,8,49048.0,46584.0,54317.0,46.0,01_시즌
2022,2022-08-07,여름_니트 셔츠_라운드_ZB,5002,104820346,61329.0,7143.0,22013.0,8,17341.0,20715.0,20956.0,66.0,01_시즌
2022,2022-08-07,여름_니트 셔츠_티에리_ZB,1853,42213436,89900.0,9804.0,22781.0,8,20356.0,25850.0,22781.0,75.0,01_시즌
2022,2022-08-07,여름_수트_블레이져(수트)_ZA,137,29340257,319000.0,50766.0,213880.0,8,217522.0,222805.0,214162.0,33.0,01_시즌
2022,2022-08-07,여름_수트_블레이져(수트)_ZB,205,37417230,239000.0,42235.0,182219.0,8,183296.0,183922.0,182523.0,24.0,01_시즌
2022,2022-08-07,여름_수트_블레이져(수트)_ZC,15,2586180,265667.0,49139.0,173219.0,8,216357.0,197238.0,172412.0,35.0,01_시즌
2022,2022-08-07,여름_수트_수트팬츠_ZA,192,23104229,179000.0,25226.0,120230.0,8,123262.0,118791.0,120335.0,33.0,01_시즌
2022,2022-08-07,여름_수트_수트팬츠_ZB,254,25428805,129000.0,20674.0,99780.0,8,100224.0,99069.0,100113.0,22.0,01_시즌
2022,2022-08-07,여름_수트_수트팬츠_ZC,27,3018309,145667.0,24146.0,112992.0,8,112612.0,108041.0,111789.0,23.0,01_시즌
2022,2022-08-07,여름_스웨터_T-에리_ZA,345,11558682,99900.0,8808.0,34108.0,8,33320.0,39571.0,33503.0,66.0,01_시즌
2022,2022-08-07,여름_스웨터_T-에리_ZB,3887,103436880,89900.0,9423.0,27554.0,8,33547.0,35693.0,26611.0,70.0,01_시즌
2022,2022-08-07,여름_스웨터_라운드_ZA,152,4942853,99900.0,11209.0,32519.0,8,33034.0,38193.0,32519.0,67.0,01_시즌
2022,2022-08-07,여름_스웨터_라운드_ZB,691,21618367,89900.0,10642.0,31286.0,8,30701.0,40949.0,31286.0,65.0,01_시즌
2022,2022-08-07,여름_우븐 셔츠_드레스셔츠_ZB,2987,70650883,69900.0,6010.0,23608.0,8,20581.0,27459.0,23653.0,66.0,01_시즌
2022,2022-08-07,여름_우븐 셔츠_캐쥬얼셔츠_ZA,1749,55942480,99900.0,8751.0,32408.0,8,32956.0,40500.0,31985.0,68.0,01_시즌
2022,2022-08-07,여름_우븐 셔츠_캐쥬얼셔츠_ZB,4166,90028661,89900.0,7658.0,21479.0,8,22559.0,29289.0,21610.0,76.0,01_시즌
2022,2022-08-07,여름_자켓_싱글재킷_ZA,540,61380371,259000.0,29538.0,110144.0,8,112726.0,125764.0,113667.0,56.0,01_시즌
2022,2022-08-07,여름_자켓_싱글재킷_ZB,-1048,-81748292,239000.0,23694.0,78004.0,8,77832.0,106710.0,78004.0,67.0,01_시즌
2022,2022-08-07,여름_점퍼_점퍼_ZB,223,4581853,249000.0,22965.0,252059.0,8,105662.0,81684.0,20546.0,92.0,01_시즌
2022,2022-08-07,여름_팬츠_니트팬츠_ZB,388,7103568,69900.0,6752.0,18308.0,8,18097.0,23452.0,18308.0,74.0,01_시즌
2022,2022-08-07,여름_팬츠_반바지_ZA,1024,24632982,79900.0,11033.0,24056.0,8,22964.0,27643.0,24056.0,70.0,01_시즌
2022,2022-08-07,여름_팬츠_반바지_ZB,2497,51473027,79900.0,6419.0,20710.0,8,21992.0,26547.0,20614.0,74.0,01_시즌
2022,2022-08-07,여름_팬츠_팬츠(일반)_ZA,853,43735213,134112.0,14529.0,48769.0,8,48866.0,59242.0,51272.0,62.0,01_시즌
2022,2022-08-07,여름_팬츠_팬츠(일반)_ZB,927,-23663976,99900.0,10505.0,30632.0,8,30529.0,36605.0,30632.0,69.0,01_시즌
2022,2022-08-14,가을_니트 셔츠_라운드_ZB,57,2793000,89900.0,12898.0,49000.0,8,57865.0,37381.0,49000.0,45.0,01_시즌
2022,2022-08-14,가을_수트_블레이져(수트)_ZB,595,122347102,259000.0,45185.0,205472.0,8,203344.0,199029.0,205625.0,21.0,01_시즌
2022,2022-08-14,가을_수트_수트팬츠_ZB,711,78414115,139000.0,23092.0,110063.0,8,108998.0,106861.0,110287.0,21.0,01_시즌
2022,2022-08-14,가을_스웨터_오픈형(CARDIGAN)_ZB,32,3168000,199900.0,21990.0,99000.0,8,138395.0,114213.0,99000.0,50.0,01_시즌
2022,2022-08-14,가을_우븐 셔츠_캐쥬얼셔츠_ZB,-4,-2614315,89900.0,7880.0,110668.0,8,60865.0,41578.0,653579.0,-627.0,01_시즌
2022,2022-08-14,가을_점퍼_점퍼_ZA,29,3728536,259000.0,31964.0,128570.0,8,128857.0,115417.0,128570.0,50.0,01_시즌
2022,2022-08-14,가을_팬츠_니트팬츠_ZB,-6,-891506,89900.0,10684.0,148584.0,8,77434.0,44548.0,148584.0,-65.0,01_시즌
2022,2022-08-14,겨울_수트_블레이져(수트)_ZB,63,12953600,259000.0,48014.0,205613.0,8,204962.0,196834.0,205613.0,21.0,01_시즌
2022,2022-08-14,겨울_수트_수트팬츠_ZB,71,7855200,139000.0,24582.0,110637.0,8,110165.0,105533.0,110637.0,20.0,01_시즌
2022,2022-08-14,겨울_우븐 셔츠_캐쥬얼셔츠_ZA,0,0,99900.0,8220.0,,8,48686.0,52481.0,48686.0,51.0,01_시즌
2022,2022-08-14,사계절_니트 셔츠_라운드_ZB,2318,26307996,63233.0,6434.0,14830.0,8,22573.0,21712.0,11349.0,82.0,01_시즌
2022,2022-08-14,사계절_데님_데님팬츠_ZB,241,11989662,99900.0,12950.0,47991.0,8,58780.0,49011.0,49750.0,50.0,01_시즌
2022,2022-08-14,사계절_수트_블레이져(수트)_ZB,484,76791187,239000.0,37800.0,140398.0,8,227198.0,160171.0,158659.0,34.0,01_시즌
2022,2022-08-14,사계절_수트_블레이져(수트)_ZC,187,30723128,239000.0,40079.0,164295.0,8,161429.0,163514.0,164295.0,31.0,01_시즌
2022,2022-08-14,사계절_수트_수트팬츠_ZB,587,49303037,129000.0,18177.0,74999.0,8,85934.0,84612.0,83992.0,35.0,01_시즌
2022,2022-08-14,사계절_수트_수트팬츠_ZC,190,16944504,129000.0,20456.0,89182.0,8,87024.0,88562.0,89182.0,31.0,01_시즌
2022,2022-08-14,사계절_우븐 셔츠_드레스셔츠_ZB,643,20874906,69900.0,7104.0,26615.0,8,27090.0,29098.0,32465.0,54.0,01_시즌
2022,2022-08-14,사계절_자켓_싱글재킷_ZB,20,2493450,239000.0,29296.0,124672.0,8,130346.0,135628.0,124672.0,48.0,01_시즌
2022,2022-08-14,사계절_팬츠_니트팬츠_ZB,229,4330284,64900.0,6322.0,18902.0,8,17700.0,26418.0,18910.0,71.0,01_시즌
2022,2022-08-14,사계절_팬츠_팬츠(일반)_ZB,701,32017115,99900.0,12047.0,43726.0,8,49048.0,46584.0,45673.0,54.0,01_시즌
2022,2022-08-14,여름_니트 셔츠_라운드_ZB,11719,141044910,61329.0,7143.0,14059.0,8,17341.0,20715.0,12036.0,80.0,01_시즌
2022,2022-08-14,여름_니트 셔츠_티에리_ZB,2534,46580467,89900.0,9804.0,18382.0,8,20356.0,25850.0,18382.0,80.0,01_시즌
2022,2022-08-14,여름_수트_블레이져(수트)_ZA,71,15526700,319000.0,50766.0,219942.0,8,217522.0,222805.0,218686.0,31.0,01_시즌
2022,2022-08-14,여름_수트_블레이져(수트)_ZB,95,17828520,239000.0,42235.0,191487.0,8,183296.0,183922.0,187669.0,21.0,01_시즌
2022,2022-08-14,여름_수트_블레이져(수트)_ZC,-5,1990019,265667.0,49139.0,469246.0,8,216357.0,197238.0,469246.0,-77.0,01_시즌
2022,2022-08-14,여름_수트_수트팬츠_ZA,85,10451666,179000.0,25226.0,123286.0,8,123262.0,118791.0,122961.0,31.0,01_시즌
2022,2022-08-14,여름_수트_수트팬츠_ZB,116,11490346,129000.0,20674.0,101115.0,8,100224.0,99069.0,99055.0,23.0,01_시즌
2022,2022-08-14,여름_수트_수트팬츠_ZC,20,2226993,145667.0,24146.0,107419.0,8,112612.0,108041.0,111350.0,24.0,01_시즌
2022,2022-08-14,여름_스웨터_T-에리_ZA,138,4083408,99900.0,8808.0,29714.0,8,33320.0,39571.0,29590.0,70.0,01_시즌
2022,2022-08-14,여름_스웨터_T-에리_ZB,982,25393402,89900.0,9423.0,27272.0,8,33547.0,35693.0,25859.0,71.0,01_시즌
2022,2022-08-14,여름_스웨터_라운드_ZA,73,2383508,99900.0,11209.0,32651.0,8,33034.0,38193.0,32651.0,67.0,01_시즌
2022,2022-08-14,여름_스웨터_라운드_ZB,558,14511685,89900.0,10642.0,26007.0,8,30701.0,40949.0,26007.0,71.0,01_시즌
2022,2022-08-14,여름_우븐 셔츠_드레스셔츠_ZB,2617,53959028,69900.0,6010.0,20564.0,8,20581.0,27459.0,20619.0,71.0,01_시즌
2022,2022-08-14,여름_우븐 셔츠_캐쥬얼셔츠_ZA,883,29435672,99900.0,8751.0,32604.0,8,32956.0,40500.0,33336.0,67.0,01_시즌
2022,2022-08-14,여름_우븐 셔츠_캐쥬얼셔츠_ZB,2538,56446463,89900.0,7658.0,22110.0,8,22559.0,29289.0,22241.0,75.0,01_시즌
2022,2022-08-14,여름_자켓_싱글재킷_ZA,373,41799395,259000.0,29538.0,108708.0,8,112726.0,125764.0,112063.0,57.0,01_시즌
2022,2022-08-14,여름_자켓_싱글재킷_ZB,-131,-11979610,239000.0,23694.0,91447.0,8,77832.0,106710.0,91447.0,62.0,01_시즌
2022,2022-08-14,여름_점퍼_점퍼_ZB,283,15256863,249000.0,22965.0,53348.0,8,105662.0,81684.0,53911.0,78.0,01_시즌
2022,2022-08-14,여름_팬츠_니트팬츠_ZB,376,6930817,69900.0,6752.0,18433.0,8,18097.0,23452.0,18433.0,74.0,01_시즌
2022,2022-08-14,여름_팬츠_반바지_ZA,505,10907760,79900.0,11033.0,21600.0,8,22964.0,27643.0,21600.0,73.0,01_시즌
2022,2022-08-14,여름_팬츠_반바지_ZB,1468,27785366,79900.0,6419.0,19083.0,8,21992.0,26547.0,18927.0,76.0,01_시즌
2022,2022-08-14,여름_팬츠_팬츠(일반)_ZA,536,26062759,134112.0,14529.0,45575.0,8,48866.0,59242.0,48625.0,64.0,01_시즌
2022,2022-08-14,여름_팬츠_팬츠(일반)_ZB,1717,28070376,99900.0,10504.0,27510.0,8,30529.0,36605.0,16349.0,84.0,01_시즌
2022,2022-08-21,가을_니트 셔츠_라운드_ZB,98,4677794,89900.0,12898.0,47733.0,8,57865.0,37381.0,47733.0,47.0,01_시즌
2022,2022-08-21,가을_수트_블레이져(수트)_ZB,676,138229015,259000.0,45185.0,204476.0,8,203344.0,199029.0,204481.0,21.0,01_시즌
2022,2022-08-21,가을_수트_수트팬츠_ZB,742,81399155,139000.0,23092.0,109896.0,8,108998.0,106861.0,109702.0,21.0,01_시즌
2022,2022-08-21,가을_스웨터_오픈형(CARDIGAN)_ZB,58,6562000,199900.0,21990.0,113138.0,8,138395.0,114213.0,113138.0,43.0,01_시즌
2022,2022-08-21,가을_우븐 셔츠_캐쥬얼셔츠_ZB,190,8524400,89900.0,7880.0,39689.0,8,60865.0,41578.0,44865.0,50.0,01_시즌
2022,2022-08-21,가을_점퍼_점퍼_ZA,68,8772000,259000.0,31964.0,129000.0,8,128857.0,115417.0,129000.0,50.0,01_시즌
2022,2022-08-21,가을_팬츠_니트팬츠_ZB,25,1022789,89900.0,10684.0,40912.0,8,77434.0,44548.0,40912.0,54.0,01_시즌
2022,2022-08-21,가을_팬츠_팬츠(일반)_ZA,0,0,139000.0,15086.0,,8,59000.0,46144.0,59000.0,58.0,01_시즌
2022,2022-08-21,겨울_수트_블레이져(수트)_ZB,138,28450000,259000.0,48014.0,206159.0,8,204962.0,196834.0,206159.0,20.0,01_시즌
2022,2022-08-21,겨울_수트_수트팬츠_ZB,165,18278500,139000.0,24582.0,110779.0,8,110165.0,105533.0,110779.0,20.0,01_시즌
2022,2022-08-21,겨울_우븐 셔츠_캐쥬얼셔츠_ZA,65,3185000,99900.0,8220.0,49000.0,8,48686.0,52481.0,49000.0,51.0,01_시즌
2022,2022-08-21,사계절_니트 셔츠_라운드_ZB,2671,37407308,63233.0,6434.0,36670.0,8,22573.0,21712.0,14005.0,78.0,01_시즌
2022,2022-08-21,사계절_데님_데님팬츠_ZB,59,-439720,99900.0,12950.0,71836.0,8,58780.0,49011.0,71836.0,28.0,01_시즌
2022,2022-08-21,사계절_수트_블레이져(수트)_ZB,540,84314438,239000.0,37800.0,427379.0,8,227198.0,160171.0,156138.0,35.0,01_시즌
2022,2022-08-21,사계절_수트_블레이져(수트)_ZC,239,38748206,239000.0,40079.0,162126.0,8,161429.0,163514.0,162126.0,32.0,01_시즌
2022,2022-08-21,사계절_수트_수트팬츠_ZB,669,58537834,129000.0,18177.0,89823.0,8,85934.0,84612.0,87500.0,32.0,01_시즌
2022,2022-08-21,사계절_수트_수트팬츠_ZC,235,20742334,129000.0,20456.0,88265.0,8,87024.0,88562.0,88265.0,32.0,01_시즌
2022,2022-08-21,사계절_우븐 셔츠_드레스셔츠_ZB,818,26422624,69900.0,7104.0,27868.0,8,27090.0,29098.0,32301.0,54.0,01_시즌
2022,2022-08-21,사계절_자켓_싱글재킷_ZB,24,3042450,239000.0,29296.0,126769.0,8,130346.0,135628.0,126769.0,47.0,01_시즌
2022,2022-08-21,사계절_팬츠_니트팬츠_ZB,389,6842700,64900.0,6322.0,18113.0,8,17700.0,26418.0,17590.0,73.0,01_시즌
2022,2022-08-21,사계절_팬츠_팬츠(일반)_ZB,676,36325450,99900.0,12047.0,48541.0,8,49048.0,46584.0,53736.0,46.0,01_시즌
2022,2022-08-21,여름_니트 셔츠_라운드_ZB,12983,172263081,61329.0,7143.0,15727.0,8,17341.0,20715.0,13268.0,78.0,01_시즌
2022,2022-08-21,여름_니트 셔츠_티에리_ZB,1204,24207905,89900.0,9804.0,20106.0,8,20356.0,25850.0,20106.0,78.0,01_시즌
2022,2022-08-21,여름_수트_블레이져(수트)_ZA,77,16851320,319000.0,50766.0,218832.0,8,217522.0,222805.0,218848.0,31.0,01_시즌
2022,2022-08-21,여름_수트_블레이져(수트)_ZB,134,25136205,239000.0,42235.0,186001.0,8,183296.0,183922.0,187584.0,22.0,01_시즌
2022,2022-08-21,여름_수트_블레이져(수트)_ZC,15,2862200,265667.0,49139.0,194971.0,8,216357.0,197238.0,190813.0,28.0,01_시즌
2022,2022-08-21,여름_수트_수트팬츠_ZA,92,11365616,179000.0,25226.0,124218.0,8,123262.0,118791.0,123539.0,31.0,01_시즌
2022,2022-08-21,여름_수트_수트팬츠_ZB,169,17476572,129000.0,20674.0,103157.0,8,100224.0,99069.0,103412.0,20.0,01_시즌
2022,2022-08-21,여름_수트_수트팬츠_ZC,31,3569200,145667.0,24146.0,114301.0,8,112612.0,108041.0,115135.0,21.0,01_시즌
2022,2022-08-21,여름_스웨터_T-에리_ZA,210,6967444,99900.0,8808.0,33490.0,8,33320.0,39571.0,33178.0,67.0,01_시즌
2022,2022-08-21,여름_스웨터_T-에리_ZB,476,12173349,89900.0,9423.0,48542.0,8,33547.0,35693.0,25574.0,72.0,01_시즌
2022,2022-08-21,여름_스웨터_라운드_ZA,52,1772576,99900.0,11209.0,34088.0,8,33034.0,38193.0,34088.0,66.0,01_시즌
2022,2022-08-21,여름_스웨터_라운드_ZB,326,10694410,89900.0,10642.0,32805.0,8,30701.0,40949.0,32805.0,64.0,01_시즌
2022,2022-08-21,여름_우븐 셔츠_드레스셔츠_ZB,3323,61061634,69900.0,6010.0,18736.0,8,20581.0,27459.0,18375.0,74.0,01_시즌
2022,2022-08-21,여름_우븐 셔츠_캐쥬얼셔츠_ZA,758,24471846,99900.0,8751.0,33066.0,8,32956.0,40500.0,32285.0,68.0,01_시즌
2022,2022-08-21,여름_우븐 셔츠_캐쥬얼셔츠_ZB,1816,42503010,89900.0,7658.0,23340.0,8,22559.0,29289.0,23405.0,74.0,01_시즌
2022,2022-08-21,여름_자켓_싱글재킷_ZA,416,48217713,259000.0,29538.0,114307.0,8,112726.0,125764.0,115908.0,55.0,01_시즌
2022,2022-08-21,여름_자켓_싱글재킷_ZB,89,6580196,239000.0,23694.0,73935.0,8,77832.0,106710.0,73935.0,69.0,01_시즌
2022,2022-08-21,여름_점퍼_점퍼_ZB,205,11834629,249000.0,22965.0,59278.0,8,105662.0,81684.0,57730.0,77.0,01_시즌
2022,2022-08-21,여름_팬츠_니트팬츠_ZB,338,5502879,69900.0,6752.0,16281.0,8,18097.0,23452.0,16281.0,77.0,01_시즌
2022,2022-08-21,여름_팬츠_반바지_ZA,360,7803403,79900.0,11033.0,21676.0,8,22964.0,27643.0,21676.0,73.0,01_시즌
2022,2022-08-21,여름_팬츠_반바지_ZB,924,18349956,79900.0,6419.0,19907.0,8,21992.0,26547.0,19859.0,75.0,01_시즌
2022,2022-08-21,여름_팬츠_팬츠(일반)_ZA,486,24686705,134112.0,14529.0,50246.0,8,48866.0,59242.0,50796.0,62.0,01_시즌
2022,2022-08-21,여름_팬츠_팬츠(일반)_ZB,2747,87702597,99900.0,10504.0,32072.0,8,30529.0,36605.0,31927.0,68.0,01_시즌
2022,2022-08-28,가을_니트 셔츠_라운드_ZB,-5,-384308,89900.0,12898.0,76862.0,8,57865.0,37381.0,76862.0,15.0,01_시즌
2022,2022-08-28,가을_수트_블레이져(수트)_ZB,662,132101930,259000.0,45185.0,200120.0,8,203344.0,199029.0,199550.0,23.0,01_시즌
2022,2022-08-28,가을_수트_수트팬츠_ZB,710,76015364,139000.0,23092.0,107288.0,8,108998.0,106861.0,107064.0,23.0,01_시즌
2022,2022-08-28,가을_스웨터_오픈형(CARDIGAN)_ZB,20,4060950,199900.0,21990.0,203048.0,8,138395.0,114213.0,203048.0,-2.0,01_시즌
2022,2022-08-28,가을_우븐 셔츠_캐쥬얼셔츠_ZB,321,15291627,89900.0,7880.0,47660.0,8,60865.0,41578.0,47637.0,47.0,01_시즌
2022,2022-08-28,가을_점퍼_점퍼_ZA,-25,-3225000,259000.0,31964.0,129000.0,8,128857.0,115417.0,129000.0,50.0,01_시즌
2022,2022-08-28,가을_팬츠_니트팬츠_ZB,117,5653693,89900.0,10684.0,48322.0,8,77434.0,44548.0,48322.0,46.0,01_시즌
2022,2022-08-28,가을_팬츠_팬츠(일반)_ZA,56,3304000,139000.0,15086.0,59000.0,8,59000.0,46144.0,59000.0,58.0,01_시즌
2022,2022-08-28,겨울_수트_블레이져(수트)_ZA,16,5531400,439000.0,70050.0,340225.0,8,340225.0,273377.0,345712.0,21.0,01_시즌
2022,2022-08-28,겨울_수트_블레이져(수트)_ZB,185,37576160,259000.0,48014.0,203114.0,8,204962.0,196834.0,203114.0,22.0,01_시즌
2022,2022-08-28,겨울_수트_수트팬츠_ZA,21,4299400,259000.0,39102.0,202020.0,8,202020.0,157185.0,204733.0,21.0,01_시즌
2022,2022-08-28,겨울_수트_수트팬츠_ZB,214,23342604,139000.0,24582.0,109078.0,8,110165.0,105533.0,109078.0,22.0,01_시즌
2022,2022-08-28,겨울_우븐 셔츠_캐쥬얼셔츠_ZA,135,6530100,99900.0,8220.0,48371.0,8,48686.0,52481.0,48371.0,52.0,01_시즌
2022,2022-08-28,겨울_자켓_싱글재킷_ZA,77,17860000,299000.0,38855.0,231948.0,8,231948.0,188233.0,231948.0,22.0,01_시즌
2022,2022-08-28,겨울_팬츠_팬츠(일반)_ZA,123,13353586,139000.0,18209.0,108566.0,8,108566.0,74637.0,108566.0,22.0,01_시즌
2022,2022-08-28,사계절_니트 셔츠_라운드_ZB,833,11352107,63233.0,6434.0,18783.0,8,22573.0,21712.0,13628.0,78.0,01_시즌
2022,2022-08-28,사계절_데님_데님팬츠_ZB,266,14038947,99900.0,12950.0,49392.0,8,58780.0,49011.0,52778.0,47.0,01_시즌
2022,2022-08-28,사계절_수트_블레이져(수트)_ZB,403,64631609,239000.0,37800.0,161276.0,8,227198.0,160171.0,160376.0,33.0,01_시즌
2022,2022-08-28,사계절_수트_블레이져(수트)_ZC,173,27718345,239000.0,40079.0,160222.0,8,161429.0,163514.0,160222.0,33.0,01_시즌
2022,2022-08-28,사계절_수트_수트팬츠_ZB,476,41729305,129000.0,18177.0,88728.0,8,85934.0,84612.0,87667.0,32.0,01_시즌
2022,2022-08-28,사계절_수트_수트팬츠_ZC,180,15359119,129000.0,20456.0,85328.0,8,87024.0,88562.0,85328.0,34.0,01_시즌
2022,2022-08-28,사계절_우븐 셔츠_드레스셔츠_ZB,547,18680027,69900.0,7104.0,28378.0,8,27090.0,29098.0,34150.0,51.0,01_시즌
2022,2022-08-28,사계절_자켓_싱글재킷_ZB,22,2939000,239000.0,29296.0,133591.0,8,130346.0,135628.0,133591.0,44.0,01_시즌
2022,2022-08-28,사계절_팬츠_니트팬츠_ZB,172,2104843,64900.0,6322.0,14876.0,8,17700.0,26418.0,12237.0,81.0,01_시즌
2022,2022-08-28,사계절_팬츠_팬츠(일반)_ZB,1036,55605968,99900.0,12047.0,51623.0,8,49048.0,46584.0,53674.0,46.0,01_시즌
2022,2022-08-28,여름_니트 셔츠_라운드_ZB,4445,48607527,61329.0,7143.0,17567.0,8,17341.0,20715.0,10935.0,82.0,01_시즌
2022,2022-08-28,여름_니트 셔츠_티에리_ZB,638,12857893,89900.0,9804.0,20153.0,8,20356.0,25850.0,20153.0,78.0,01_시즌
2022,2022-08-28,여름_수트_블레이져(수트)_ZA,59,12822800,319000.0,50766.0,217432.0,8,217522.0,222805.0,217336.0,32.0,01_시즌
2022,2022-08-28,여름_수트_블레이져(수트)_ZB,79,13715080,239000.0,42235.0,173479.0,8,183296.0,183922.0,173609.0,27.0,01_시즌
2022,2022-08-28,여름_수트_블레이져(수트)_ZC,11,2200100,265667.0,49139.0,196583.0,8,216357.0,197238.0,200009.0,25.0,01_시즌
2022,2022-08-28,여름_수트_수트팬츠_ZA,60,7497000,179000.0,25226.0,125315.0,8,123262.0,118791.0,124950.0,30.0,01_시즌
2022,2022-08-28,여름_수트_수트팬츠_ZB,94,9043240,129000.0,20674.0,96846.0,8,100224.0,99069.0,96205.0,25.0,01_시즌
2022,2022-08-28,여름_수트_수트팬츠_ZC,14,1653840,145667.0,24146.0,115734.0,8,112612.0,108041.0,118131.0,19.0,01_시즌
2022,2022-08-28,여름_스웨터_T-에리_ZA,71,2493700,99900.0,8808.0,35966.0,8,33320.0,39571.0,35123.0,65.0,01_시즌
2022,2022-08-28,여름_스웨터_T-에리_ZB,375,11266761,89900.0,9423.0,30822.0,8,33547.0,35693.0,30045.0,67.0,01_시즌
2022,2022-08-28,여름_스웨터_라운드_ZA,50,1643900,99900.0,11209.0,32878.0,8,33034.0,38193.0,32878.0,67.0,01_시즌
2022,2022-08-28,여름_스웨터_라운드_ZB,135,4415200,89900.0,10642.0,32705.0,8,30701.0,40949.0,32705.0,64.0,01_시즌
2022,2022-08-28,여름_우븐 셔츠_드레스셔츠_ZB,2215,43092826,69900.0,6010.0,19418.0,8,20581.0,27459.0,19455.0,72.0,01_시즌
2022,2022-08-28,여름_우븐 셔츠_캐쥬얼셔츠_ZA,405,13656945,99900.0,8751.0,33744.0,8,32956.0,40500.0,33721.0,66.0,01_시즌
2022,2022-08-28,여름_우븐 셔츠_캐쥬얼셔츠_ZB,1730,39240114,89900.0,7658.0,23308.0,8,22559.0,29289.0,22682.0,75.0,01_시즌
2022,2022-08-28,여름_자켓_싱글재킷_ZA,212,24895363,259000.0,29538.0,117745.0,8,112726.0,125764.0,117431.0,55.0,01_시즌
2022,2022-08-28,여름_자켓_싱글재킷_ZB,119,8085000,239000.0,23694.0,67941.0,8,77832.0,106710.0,67941.0,72.0,01_시즌
2022,2022-08-28,여름_점퍼_점퍼_ZB,365,21281550,249000.0,22965.0,57964.0,8,105662.0,81684.0,58306.0,77.0,01_시즌
2022,2022-08-28,여름_팬츠_니트팬츠_ZB,64,1239445,69900.0,6752.0,19366.0,8,18097.0,23452.0,19366.0,72.0,01_시즌
2022,2022-08-28,여름_팬츠_반바지_ZA,126,3090000,79900.0,11033.0,24524.0,8,22964.0,27643.0,24524.0,69.0,01_시즌
2022,2022-08-28,여름_팬츠_반바지_ZB,-133,-7208710,79900.0,6419.0,28267.0,8,21992.0,26547.0,54201.0,32.0,01_시즌
2022,2022-08-28,여름_팬츠_팬츠(일반)_ZA,282,15208791,134112.0,14529.0,50873.0,8,48866.0,59242.0,53932.0,60.0,01_시즌
2022,2022-08-28,여름_팬츠_팬츠(일반)_ZB,1610,50406364,99900.0,10504.0,31902.0,8,30529.0,36605.0,31308.0,69.0,01_시즌
2022,2022-09-04,가을_니트 셔츠_라운드_ZB,201,9124059,89900.0,12898.0,45393.0,9,40588.0,37381.0,45393.0,50.0,01_시즌
2022,2022-09-04,가을_수트_블레이져(수트)_ZB,967,191003151,259000.0,45061.0,197333.0,9,194621.0,199029.0,197521.0,24.0,01_시즌
2022,2022-09-04,가을_수트_수트팬츠_ZB,1030,109014411,139000.0,22993.0,105816.0,9,104341.0,106861.0,105839.0,24.0,01_시즌
2022,2022-09-04,가을_스웨터_오픈형(CARDIGAN)_ZB,59,7636700,199900.0,23992.0,129436.0,9,121724.0,114213.0,129436.0,35.0,01_시즌
2022,2022-09-04,가을_우븐 셔츠_캐쥬얼셔츠_ZB,492,22251745,89900.0,7880.0,45104.0,9,42830.0,41578.0,45227.0,50.0,01_시즌
2022,2022-09-04,가을_점퍼_점퍼_ZA,86,11052599,259000.0,31964.0,128519.0,9,122519.0,115417.0,128519.0,50.0,01_시즌
2022,2022-09-04,가을_팬츠_니트팬츠_ZB,32,1379766,89900.0,10684.0,43118.0,9,41049.0,44548.0,43118.0,52.0,01_시즌
2022,2022-09-04,가을_팬츠_팬츠(일반)_ZA,163,9517500,139000.0,15086.0,58390.0,9,52140.0,46144.0,58390.0,58.0,01_시즌
2022,2022-09-04,겨울_니트 셔츠_후드티_ZB,0,0,99900.0,15434.0,,9,52896.0,41055.0,52896.0,47.0,01_시즌
2022,2022-09-04,겨울_사파리_패딩사파리_ZB,3,748500,499000.0,48270.0,249500.0,9,226966.0,172366.0,249500.0,50.0,01_시즌
2022,2022-09-04,겨울_수트_블레이져(수트)_ZA,24,8428800,439000.0,70050.0,351200.0,9,314588.0,273377.0,351200.0,20.0,01_시즌
2022,2022-09-04,겨울_수트_블레이져(수트)_ZB,449,88069585,259000.0,48014.0,196146.0,9,196616.0,196834.0,196146.0,24.0,01_시즌
2022,2022-09-04,겨울_수트_블레이져(수트)_ZC,0,0,259000.0,49294.0,,9,195591.0,197005.0,195591.0,24.0,01_시즌
2022,2022-09-04,겨울_수트_수트팬츠_ZA,23,4765600,259000.0,39102.0,207200.0,9,180739.0,157185.0,207200.0,20.0,01_시즌
2022,2022-09-04,겨울_수트_수트팬츠_ZB,503,53081584,139000.0,24374.0,105530.0,9,105204.0,105533.0,105530.0,24.0,01_시즌
2022,2022-09-04,겨울_수트_수트팬츠_ZC,0,0,139000.0,25015.0,,9,105013.0,105578.0,105013.0,24.0,01_시즌
2022,2022-09-04,겨울_우븐 셔츠_캐쥬얼셔츠_ZA,170,8146200,99900.0,8220.0,47919.0,9,54456.0,52481.0,47919.0,52.0,01_시즌
2022,2022-09-04,겨울_자켓_싱글재킷_ZA,164,38192000,299000.0,36447.0,233511.0,9,227952.0,188233.0,232878.0,22.0,01_시즌
2022,2022-09-04,겨울_팬츠_니트팬츠_ZB,0,0,89900.0,10439.0,,9,41760.0,35245.0,41760.0,54.0,01_시즌
2022,2022-09-04,겨울_팬츠_팬츠(일반)_ZA,116,12476460,139000.0,14581.0,108852.0,9,104594.0,74637.0,107556.0,23.0,01_시즌
2022,2022-09-04,사계절_니트 셔츠_라운드_ZB,1914,39501940,63233.0,6434.0,21675.0,9,18168.0,21712.0,20638.0,67.0,01_시즌
2022,2022-09-04,사계절_데님_데님팬츠_ZB,310,14794586,99900.0,13234.0,46212.0,9,48581.0,49011.0,47724.0,52.0,01_시즌
2022,2022-09-04,사계절_수트_블레이져(수트)_ZB,500,80236013,239000.0,37800.0,159670.0,9,160007.0,160171.0,160472.0,33.0,01_시즌
2022,2022-09-04,사계절_수트_블레이져(수트)_ZC,178,28423860,239000.0,40079.0,159685.0,9,161560.0,163514.0,159685.0,33.0,01_시즌
2022,2022-09-04,사계절_수트_수트팬츠_ZB,566,49093598,129000.0,18177.0,86034.0,9,86648.0,84612.0,86738.0,33.0,01_시즌
2022,2022-09-04,사계절_수트_수트팬츠_ZC,183,15741260,129000.0,20456.0,86018.0,9,86936.0,88562.0,86018.0,33.0,01_시즌
2022,2022-09-04,사계절_우븐 셔츠_드레스셔츠_ZB,776,25823385,69900.0,7104.0,27092.0,9,27167.0,29098.0,33278.0,52.0,01_시즌
2022,2022-09-04,사계절_자켓_싱글재킷_ZB,41,5259000,239000.0,29296.0,128268.0,9,134082.0,135628.0,128268.0,46.0,01_시즌
2022,2022-09-04,사계절_팬츠_니트팬츠_ZB,100,1848300,64900.0,6322.0,18629.0,9,19112.0,26418.0,18483.0,72.0,01_시즌
2022,2022-09-04,사계절_팬츠_팬츠(일반)_ZB,2026,104103031,99900.0,12047.0,47517.0,9,46368.0,46584.0,51384.0,49.0,01_시즌
2022,2022-09-04,여름_니트 셔츠_라운드_ZB,1828,7521536,61329.0,7143.0,26339.0,9,17635.0,20715.0,4115.0,93.0,01_시즌
2022,2022-09-04,여름_니트 셔츠_티에리_ZB,343,9849135,89900.0,9804.0,28715.0,9,22495.0,25850.0,28715.0,68.0,01_시즌
2022,2022-09-04,여름_수트_블레이져(수트)_ZA,25,5613000,319000.0,50766.0,192203.0,9,226450.0,222805.0,224520.0,30.0,01_시즌
2022,2022-09-04,여름_수트_블레이져(수트)_ZB,86,16108600,239000.0,42235.0,185963.0,9,179576.0,183922.0,187309.0,22.0,01_시즌
2022,2022-09-04,여름_수트_블레이져(수트)_ZC,16,3339200,265667.0,49139.0,209867.0,9,209439.0,197238.0,208700.0,21.0,01_시즌
2022,2022-09-04,여름_수트_수트팬츠_ZA,6,787600,179000.0,25226.0,120128.0,9,127195.0,118791.0,131267.0,27.0,01_시즌
2022,2022-09-04,여름_수트_수트팬츠_ZB,71,7133700,129000.0,20674.0,98733.0,9,99447.0,99069.0,100475.0,22.0,01_시즌
2022,2022-09-04,여름_수트_수트팬츠_ZC,22,2344100,145667.0,24146.0,111761.0,9,114946.0,108041.0,106550.0,27.0,01_시즌
2022,2022-09-04,여름_스웨터_T-에리_ZA,21,-361000,99900.0,8808.0,53275.0,9,39403.0,39571.0,53275.0,47.0,01_시즌
2022,2022-09-04,여름_스웨터_T-에리_ZB,284,614635,89900.0,9423.0,1340.0,9,27601.0,35693.0,2164.0,98.0,01_시즌
2022,2022-09-04,여름_스웨터_라운드_ZA,15,187600,99900.0,11209.0,12507.0,9,30000.0,38193.0,12507.0,87.0,01_시즌
2022,2022-09-04,여름_스웨터_라운드_ZB,217,6120352,89900.0,10642.0,28204.0,9,64368.0,40949.0,28204.0,69.0,01_시즌
2022,2022-09-04,여름_우븐 셔츠_드레스셔츠_ZB,2231,44668140,69900.0,6010.0,21530.0,9,21655.0,27459.0,20022.0,71.0,01_시즌
2022,2022-09-04,여름_우븐 셔츠_캐쥬얼셔츠_ZA,386,12466390,99900.0,8751.0,32846.0,9,33273.0,40500.0,32296.0,68.0,01_시즌
2022,2022-09-04,여름_우븐 셔츠_캐쥬얼셔츠_ZB,1581,33649160,89900.0,7658.0,21018.0,9,21906.0,29289.0,21283.0,76.0,01_시즌
2022,2022-09-04,여름_자켓_싱글재킷_ZA,221,25921958,259000.0,29538.0,129314.0,9,124386.0,125764.0,117294.0,55.0,01_시즌
2022,2022-09-04,여름_자켓_싱글재킷_ZB,121,8869450,239000.0,23694.0,73301.0,9,75733.0,106710.0,73301.0,69.0,01_시즌
2022,2022-09-04,여름_점퍼_점퍼_ZB,489,27931550,249000.0,22965.0,57333.0,9,58597.0,81684.0,57120.0,77.0,01_시즌
2022,2022-09-04,여름_팬츠_니트팬츠_ZB,1535,22052063,69900.0,6752.0,14366.0,9,17457.0,23452.0,14366.0,79.0,01_시즌
2022,2022-09-04,여름_팬츠_반바지_ZA,36,1053000,79900.0,11033.0,29250.0,9,28202.0,27643.0,29250.0,63.0,01_시즌
2022,2022-09-04,여름_팬츠_반바지_ZB,567,8944903,79900.0,6419.0,15164.0,9,17511.0,26547.0,15776.0,80.0,01_시즌
2022,2022-09-04,여름_팬츠_팬츠(일반)_ZA,26,-568069,134112.0,14529.0,54333.0,9,51401.0,59242.0,54333.0,59.0,01_시즌
2022,2022-09-04,여름_팬츠_팬츠(일반)_ZB,1654,35755271,99900.0,10504.0,30008.0,9,31019.0,36605.0,21617.0,78.0,01_시즌
2022,2022-09-11,가을_니트 셔츠_라운드_ZB,199,8263185,89900.0,12898.0,41524.0,9,40588.0,37381.0,41524.0,54.0,01_시즌
2022,2022-09-11,가을_수트_블레이져(수트)_ZB,766,142378650,259000.0,45061.0,185406.0,9,194621.0,199029.0,185873.0,28.0,01_시즌
2022,2022-09-11,가을_수트_수트팬츠_ZB,796,79372882,139000.0,22993.0,99477.0,9,104341.0,106861.0,99715.0,28.0,01_시즌
2022,2022-09-11,가을_스웨터_오픈형(CARDIGAN)_ZB,118,13506645,199900.0,23992.0,114463.0,9,121724.0,114213.0,114463.0,43.0,01_시즌
2022,2022-09-11,가을_우븐 셔츠_캐쥬얼셔츠_ZB,1011,43129725,89900.0,7880.0,42694.0,9,42830.0,41578.0,42660.0,53.0,01_시즌
2022,2022-09-11,가을_점퍼_점퍼_ZA,137,16323159,259000.0,31964.0,119147.0,9,122519.0,115417.0,119147.0,54.0,01_시즌
2022,2022-09-11,가을_팬츠_니트팬츠_ZB,78,3187600,89900.0,10684.0,40867.0,9,41049.0,44548.0,40867.0,55.0,01_시즌
2022,2022-09-11,가을_팬츠_팬츠(일반)_ZA,98,4436900,139000.0,15086.0,45274.0,9,52140.0,46144.0,45274.0,67.0,01_시즌
2022,2022-09-11,겨울_니트 셔츠_라운드_ZB,0,0,89900.0,10840.0,,9,46211.0,31166.0,46211.0,49.0,01_시즌
2022,2022-09-11,겨울_니트 셔츠_후드티_ZB,0,0,99900.0,15434.0,,9,52896.0,41055.0,52896.0,47.0,01_시즌
2022,2022-09-11,겨울_사파리_패딩사파리_ZB,4,973050,499000.0,48270.0,243262.0,9,226966.0,172366.0,243262.0,51.0,01_시즌
2022,2022-09-11,겨울_수트_블레이져(수트)_ZA,51,14493220,422333.0,67067.0,301617.0,9,314588.0,273377.0,284181.0,33.0,01_시즌
2022,2022-09-11,겨울_수트_블레이져(수트)_ZB,508,93955860,259000.0,48014.0,184952.0,9,196616.0,196834.0,184952.0,29.0,01_시즌
2022,2022-09-11,겨울_수트_블레이져(수트)_ZC,264,50062900,259000.0,49294.0,189632.0,9,195591.0,197005.0,189632.0,27.0,01_시즌
2022,2022-09-11,겨울_수트_수트팬츠_ZA,56,8974660,242333.0,36848.0,174274.0,9,180739.0,157185.0,160262.0,34.0,01_시즌
2022,2022-09-11,겨울_수트_수트팬츠_ZB,538,53512638,139000.0,24370.0,99466.0,9,105204.0,105533.0,99466.0,28.0,01_시즌
2022,2022-09-11,겨울_수트_수트팬츠_ZC,264,26797620,139000.0,25015.0,101506.0,9,105013.0,105578.0,101506.0,27.0,01_시즌
2022,2022-09-11,겨울_스웨터_라운드_ZB,1676,97800699,99900.0,12240.0,58354.0,9,55795.0,44470.0,58354.0,42.0,01_시즌
2022,2022-09-11,겨울_우븐 셔츠_캐쥬얼셔츠_ZA,265,11683350,99900.0,11062.0,44088.0,9,54456.0,52481.0,44088.0,56.0,01_시즌
2022,2022-09-11,겨울_자켓_싱글재킷_ZA,158,33254310,299000.0,36447.0,207660.0,9,227952.0,188233.0,210470.0,30.0,01_시즌
2022,2022-09-11,겨울_팬츠_니트팬츠_ZB,0,0,89900.0,10439.0,,9,41760.0,35245.0,41760.0,54.0,01_시즌
2022,2022-09-11,겨울_팬츠_팬츠(일반)_ZA,221,22663933,139000.0,14581.0,103604.0,9,104594.0,74637.0,102552.0,26.0,01_시즌
2022,2022-09-11,사계절_니트 셔츠_라운드_ZB,1574,18605282,63233.0,6434.0,12674.0,9,18168.0,21712.0,11820.0,81.0,01_시즌
2022,2022-09-11,사계절_데님_데님팬츠_ZB,390,19021138,99900.0,13234.0,48482.0,9,48581.0,49011.0,48772.0,51.0,01_시즌
2022,2022-09-11,사계절_수트_블레이져(수트)_ZB,428,67296839,239000.0,37800.0,158819.0,9,160007.0,160171.0,157236.0,34.0,01_시즌
2022,2022-09-11,사계절_수트_블레이져(수트)_ZC,112,17933200,239000.0,40079.0,160118.0,9,161560.0,163514.0,160118.0,33.0,01_시즌
2022,2022-09-11,사계절_수트_수트팬츠_ZB,463,39385554,129000.0,18177.0,86005.0,9,86648.0,84612.0,85066.0,34.0,01_시즌
2022,2022-09-11,사계절_수트_수트팬츠_ZC,113,9780300,129000.0,20456.0,86551.0,9,86936.0,88562.0,86551.0,33.0,01_시즌
2022,2022-09-11,사계절_우븐 셔츠_드레스셔츠_ZB,648,22000052,69900.0,7104.0,29352.0,9,27167.0,29098.0,33951.0,51.0,01_시즌
2022,2022-09-11,사계절_자켓_싱글재킷_ZB,24,3358000,239000.0,29296.0,139917.0,9,134082.0,135628.0,139917.0,41.0,01_시즌
2022,2022-09-11,사계절_팬츠_니트팬츠_ZB,175,3511090,64900.0,6322.0,20067.0,9,19112.0,26418.0,20063.0,69.0,01_시즌
2022,2022-09-11,사계절_팬츠_팬츠(일반)_ZB,1893,89984948,99900.0,12047.0,44572.0,9,46368.0,46584.0,47536.0,52.0,01_시즌
2022,2022-09-11,여름_니트 셔츠_라운드_ZB,4751,58373333,61329.0,7143.0,16309.0,9,17635.0,20715.0,12287.0,80.0,01_시즌
2022,2022-09-11,여름_니트 셔츠_티에리_ZB,328,6343246,89900.0,9804.0,19339.0,9,22495.0,25850.0,19339.0,78.0,01_시즌
2022,2022-09-11,여름_수트_블레이져(수트)_ZA,32,7208900,319000.0,50766.0,231148.0,9,226450.0,222805.0,225278.0,29.0,01_시즌
2022,2022-09-11,여름_수트_블레이져(수트)_ZB,57,10468200,239000.0,42235.0,175868.0,9,179576.0,183922.0,183653.0,23.0,01_시즌
2022,2022-09-11,여름_수트_블레이져(수트)_ZC,7,1434700,265667.0,49139.0,201900.0,9,209439.0,197238.0,204957.0,23.0,01_시즌
2022,2022-09-11,여름_수트_수트팬츠_ZA,38,4679300,179000.0,25226.0,123282.0,9,127195.0,118791.0,123139.0,31.0,01_시즌
2022,2022-09-11,여름_수트_수트팬츠_ZB,51,4868800,129000.0,20674.0,94838.0,9,99447.0,99069.0,95467.0,26.0,01_시즌
2022,2022-09-11,여름_수트_수트팬츠_ZC,9,991400,145667.0,24146.0,101967.0,9,114946.0,108041.0,110156.0,24.0,01_시즌
2022,2022-09-11,여름_스웨터_T-에리_ZA,59,2009500,99900.0,8808.0,35859.0,9,39403.0,39571.0,34059.0,66.0,01_시즌
2022,2022-09-11,여름_스웨터_T-에리_ZB,305,8683673,89900.0,9423.0,28222.0,9,27601.0,35693.0,28471.0,68.0,01_시즌
2022,2022-09-11,여름_스웨터_라운드_ZA,14,527700,99900.0,11209.0,37693.0,9,30000.0,38193.0,37693.0,62.0,01_시즌
2022,2022-09-11,여름_스웨터_라운드_ZB,101,3398600,89900.0,10642.0,33650.0,9,64368.0,40949.0,33650.0,63.0,01_시즌
2022,2022-09-11,여름_우븐 셔츠_드레스셔츠_ZB,1477,32113966,69900.0,6010.0,21076.0,9,21655.0,27459.0,21743.0,69.0,01_시즌
2022,2022-09-11,여름_우븐 셔츠_캐쥬얼셔츠_ZA,242,8710390,99900.0,8751.0,35837.0,9,33273.0,40500.0,35993.0,64.0,01_시즌
2022,2022-09-11,여름_우븐 셔츠_캐쥬얼셔츠_ZB,1602,35324903,89900.0,7658.0,23010.0,9,21906.0,29289.0,22051.0,75.0,01_시즌
2022,2022-09-11,여름_자켓_싱글재킷_ZA,19,494935,259000.0,29538.0,113538.0,9,124386.0,125764.0,26049.0,90.0,01_시즌
2022,2022-09-11,여름_자켓_싱글재킷_ZB,55,4426450,239000.0,23694.0,80481.0,9,75733.0,106710.0,80481.0,66.0,01_시즌
2022,2022-09-11,여름_점퍼_점퍼_ZB,685,39998113,249000.0,22965.0,58282.0,9,58597.0,81684.0,58391.0,77.0,01_시즌
2022,2022-09-11,여름_팬츠_니트팬츠_ZB,98,1560328,69900.0,6752.0,15922.0,9,17457.0,23452.0,15922.0,77.0,01_시즌
2022,2022-09-11,여름_팬츠_반바지_ZA,39,1190500,79900.0,11033.0,30526.0,9,28202.0,27643.0,30526.0,62.0,01_시즌
2022,2022-09-11,여름_팬츠_반바지_ZB,90,1566845,79900.0,6419.0,17486.0,9,17511.0,26547.0,17409.0,78.0,01_시즌
2022,2022-09-11,여름_팬츠_팬츠(일반)_ZA,187,9193690,134112.0,14529.0,49765.0,9,51401.0,59242.0,49164.0,63.0,01_시즌
2022,2022-09-11,여름_팬츠_팬츠(일반)_ZB,1020,29465590,99900.0,10504.0,30748.0,9,31019.0,36605.0,28888.0,71.0,01_시즌
2022,2022-09-18,가을_니트 셔츠_라운드_ZB,348,15709000,89900.0,12898.0,45141.0,9,40588.0,37381.0,45141.0,50.0,01_시즌
2022,2022-09-18,가을_수트_블레이져(수트)_ZB,937,184580074,259000.0,45061.0,197146.0,9,194621.0,199029.0,196990.0,24.0,01_시즌
2022,2022-09-18,가을_수트_수트팬츠_ZB,990,104585444,139000.0,22993.0,105804.0,9,104341.0,106861.0,105642.0,24.0,01_시즌
2022,2022-09-18,가을_스웨터_오픈형(CARDIGAN)_ZB,124,14565650,199900.0,23992.0,117465.0,9,121724.0,114213.0,117465.0,41.0,01_시즌
2022,2022-09-18,가을_우븐 셔츠_캐쥬얼셔츠_ZB,855,37627509,89900.0,7880.0,44020.0,9,42830.0,41578.0,44009.0,51.0,01_시즌
2022,2022-09-18,가을_점퍼_점퍼_ZA,171,20572300,259000.0,31964.0,120306.0,9,122519.0,115417.0,120306.0,54.0,01_시즌
2022,2022-09-18,가을_팬츠_니트팬츠_ZB,87,3668950,89900.0,10684.0,42172.0,9,41049.0,44548.0,42172.0,53.0,01_시즌
2022,2022-09-18,가을_팬츠_팬츠(일반)_ZA,368,19345252,139000.0,15086.0,52569.0,9,52140.0,46144.0,52569.0,62.0,01_시즌
2022,2022-09-18,겨울_니트 셔츠_라운드_ZB,22,1058000,89900.0,10840.0,48091.0,9,46211.0,31166.0,48091.0,47.0,01_시즌
2022,2022-09-18,겨울_니트 셔츠_후드티_ZB,51,2909000,99900.0,15434.0,57039.0,9,52896.0,41055.0,57039.0,43.0,01_시즌
2022,2022-09-18,겨울_사파리_패딩사파리_ZB,8,1634500,479000.0,41372.0,204312.0,9,226966.0,172366.0,204312.0,57.0,01_시즌
2022,2022-09-18,겨울_수트_블레이져(수트)_ZA,80,25337135,422333.0,67067.0,320096.0,9,314588.0,273377.0,316714.0,25.0,01_시즌
2022,2022-09-18,겨울_수트_블레이져(수트)_ZB,721,141557455,259000.0,50015.0,196335.0,9,196616.0,196834.0,196335.0,24.0,01_시즌
2022,2022-09-18,겨울_수트_블레이져(수트)_ZC,358,70476160,259000.0,49294.0,196861.0,9,195591.0,197005.0,196861.0,24.0,01_시즌
2022,2022-09-18,겨울_수트_수트팬츠_ZA,83,14558020,242333.0,36848.0,180645.0,9,180739.0,157185.0,175398.0,28.0,01_시즌
2022,2022-09-18,겨울_수트_수트팬츠_ZB,827,86615639,139000.0,25679.0,104735.0,9,105204.0,105533.0,104735.0,25.0,01_시즌
2022,2022-09-18,겨울_수트_수트팬츠_ZC,341,35912068,139000.0,25015.0,105314.0,9,105013.0,105578.0,105314.0,24.0,01_시즌
2022,2022-09-18,겨울_스웨터_T-에리_ZA,0,0,159900.0,13570.0,,9,98664.0,67135.0,98664.0,38.0,01_시즌
2022,2022-09-18,겨울_스웨터_라운드_ZA,0,0,159900.0,17112.0,,9,,63647.0,63647.0,60.0,01_시즌
2022,2022-09-18,겨울_스웨터_라운드_ZB,-256,-16448100,99900.0,12240.0,64250.0,9,55795.0,44470.0,64250.0,36.0,01_시즌
2022,2022-09-18,겨울_스웨터_오픈형(CARDIGAN)_ZA,72,9095536,199900.0,18008.0,126327.0,9,127664.0,96352.0,126327.0,37.0,01_시즌
2022,2022-09-18,겨울_우븐 셔츠_캐쥬얼셔츠_ZA,296,15268450,109900.0,11720.0,55285.0,9,54456.0,52481.0,51583.0,53.0,01_시즌
2022,2022-09-18,겨울_자켓_싱글재킷_ZA,346,83348820,332333.0,40535.0,253465.0,9,227952.0,188233.0,240893.0,28.0,01_시즌
2022,2022-09-18,겨울_점퍼_패딩점퍼_ZB,0,0,299000.0,24581.0,,9,,118822.0,118822.0,60.0,01_시즌
2022,2022-09-18,겨울_코트_싱글코트_ZA,0,0,1199000.0,220438.0,,9,,448209.0,448209.0,63.0,01_시즌
2022,2022-09-18,겨울_코트_싱글코트_ZB,0,0,399000.0,62920.0,,9,270162.0,206698.0,270162.0,32.0,01_시즌
2022,2022-09-18,겨울_팬츠_니트팬츠_ZB,1,39000,89900.0,10439.0,39000.0,9,41760.0,35245.0,39000.0,57.0,01_시즌
2022,2022-09-18,겨울_팬츠_팬츠(일반)_ZA,264,25971293,139000.0,14581.0,99947.0,9,104594.0,74637.0,98376.0,29.0,01_시즌
2022,2022-09-18,겨울_팬츠_팬츠(일반)_ZB,0,0,99900.0,11311.0,,9,,46384.0,46384.0,54.0,01_시즌
2022,2022-09-18,사계절_니트 셔츠_라운드_ZB,2822,45439747,63233.0,6434.0,18396.0,9,18168.0,21712.0,16102.0,75.0,01_시즌
2022,2022-09-18,사계절_데님_데님팬츠_ZB,458,23255245,99900.0,13234.0,51275.0,9,48581.0,49011.0,50776.0,49.0,01_시즌
2022,2022-09-18,사계절_수트_블레이져(수트)_ZB,506,82274030,239000.0,37800.0,161544.0,9,160007.0,160171.0,162597.0,32.0,01_시즌
2022,2022-09-18,사계절_수트_블레이져(수트)_ZC,176,29189827,239000.0,40079.0,165851.0,9,161560.0,163514.0,165851.0,31.0,01_시즌
2022,2022-09-18,사계절_수트_수트팬츠_ZB,571,50485473,129000.0,18177.0,88216.0,9,86648.0,84612.0,88416.0,31.0,01_시즌
2022,2022-09-18,사계절_수트_수트팬츠_ZC,162,14347100,129000.0,20456.0,88562.0,9,86936.0,88562.0,88562.0,31.0,01_시즌
2022,2022-09-18,사계절_우븐 셔츠_드레스셔츠_ZB,983,31448473,69900.0,7104.0,26527.0,9,27167.0,29098.0,31992.0,54.0,01_시즌
2022,2022-09-18,사계절_자켓_싱글재킷_ZB,53,7161450,239000.0,29296.0,135122.0,9,134082.0,135628.0,135122.0,43.0,01_시즌
2022,2022-09-18,사계절_팬츠_니트팬츠_ZB,240,4566240,64900.0,6322.0,19026.0,9,19112.0,26418.0,19026.0,71.0,01_시즌
2022,2022-09-18,사계절_팬츠_팬츠(일반)_ZB,2809,140338993,99900.0,12047.0,46856.0,9,46368.0,46584.0,49960.0,50.0,01_시즌
2022,2022-09-18,여름_니트 셔츠_라운드_ZB,6676,71984994,61329.0,7143.0,12760.0,9,17635.0,20715.0,10783.0,82.0,01_시즌
2022,2022-09-18,여름_니트 셔츠_티에리_ZB,174,4121322,89900.0,9804.0,23686.0,9,22495.0,25850.0,23686.0,74.0,01_시즌
2022,2022-09-18,여름_수트_블레이져(수트)_ZA,31,7910700,319000.0,50766.0,261316.0,9,226450.0,222805.0,255184.0,20.0,01_시즌
2022,2022-09-18,여름_수트_블레이져(수트)_ZB,73,13471300,239000.0,42235.0,184292.0,9,179576.0,183922.0,184538.0,23.0,01_시즌
2022,2022-09-18,여름_수트_블레이져(수트)_ZC,17,3387400,265667.0,49139.0,218779.0,9,209439.0,197238.0,199259.0,25.0,01_시즌
2022,2022-09-18,여름_수트_수트팬츠_ZA,45,6487200,179000.0,25226.0,143527.0,9,127195.0,118791.0,144160.0,19.0,01_시즌
2022,2022-09-18,여름_수트_수트팬츠_ZB,76,7777750,129000.0,20674.0,103246.0,9,99447.0,99069.0,102339.0,21.0,01_시즌
2022,2022-09-18,여름_수트_수트팬츠_ZC,15,1931200,145667.0,24146.0,140326.0,9,114946.0,108041.0,128747.0,12.0,01_시즌
2022,2022-09-18,여름_스웨터_T-에리_ZA,42,1364100,99900.0,8808.0,33109.0,9,39403.0,39571.0,32479.0,67.0,01_시즌
2022,2022-09-18,여름_스웨터_T-에리_ZB,601,11559077,89900.0,9423.0,50510.0,9,27601.0,35693.0,19233.0,79.0,01_시즌
2022,2022-09-18,여름_스웨터_라운드_ZA,26,913700,99900.0,11209.0,35142.0,9,30000.0,38193.0,35142.0,65.0,01_시즌
2022,2022-09-18,여름_스웨터_라운드_ZB,237,5827172,89900.0,10642.0,24587.0,9,64368.0,40949.0,24587.0,73.0,01_시즌
2022,2022-09-18,여름_우븐 셔츠_드레스셔츠_ZB,2301,46916752,69900.0,6010.0,22392.0,9,21655.0,27459.0,20390.0,71.0,01_시즌
2022,2022-09-18,여름_우븐 셔츠_캐쥬얼셔츠_ZA,264,9103200,99900.0,8751.0,34476.0,9,33273.0,40500.0,34482.0,65.0,01_시즌
2022,2022-09-18,여름_우븐 셔츠_캐쥬얼셔츠_ZB,1366,33756300,89900.0,7658.0,25449.0,9,21906.0,29289.0,24712.0,73.0,01_시즌
2022,2022-09-18,여름_자켓_싱글재킷_ZA,139,15953909,259000.0,29538.0,145729.0,9,124386.0,125764.0,114776.0,56.0,01_시즌
2022,2022-09-18,여름_자켓_싱글재킷_ZB,93,7268000,239000.0,23694.0,78151.0,9,75733.0,106710.0,78151.0,67.0,01_시즌
2022,2022-09-18,여름_점퍼_점퍼_ZB,930,56128417,249000.0,22965.0,60390.0,9,58597.0,81684.0,60353.0,76.0,01_시즌
2022,2022-09-18,여름_팬츠_니트팬츠_ZB,134,2895700,69900.0,6752.0,21610.0,9,17457.0,23452.0,21610.0,69.0,01_시즌
2022,2022-09-18,여름_팬츠_반바지_ZA,1,-150400,79900.0,11033.0,,9,28202.0,27643.0,28202.0,65.0,01_시즌
2022,2022-09-18,여름_팬츠_반바지_ZB,84,1138600,79900.0,6419.0,17431.0,9,17511.0,26547.0,13555.0,83.0,01_시즌
2022,2022-09-18,여름_팬츠_팬츠(일반)_ZA,181,9150623,134112.0,14529.0,56158.0,9,51401.0,59242.0,50556.0,62.0,01_시즌
2022,2022-09-18,여름_팬츠_팬츠(일반)_ZB,1155,33278459,99900.0,10504.0,32267.0,9,31019.0,36605.0,28813.0,71.0,01_시즌
2022,2022-09-25,가을_니트 셔츠_라운드_ZB,203,6149400,89900.0,12898.0,30293.0,9,40588.0,37381.0,30293.0,66.0,01_시즌
2022,2022-09-25,가을_수트_블레이져(수트)_ZB,634,126162396,259000.0,45061.0,198598.0,9,194621.0,199029.0,198994.0,23.0,01_시즌
2022,2022-09-25,가을_수트_수트팬츠_ZB,665,70832410,139000.0,22993.0,106266.0,9,104341.0,106861.0,106515.0,23.0,01_시즌
2022,2022-09-25,가을_스웨터_오픈형(CARDIGAN)_ZB,118,14812950,199900.0,23992.0,125533.0,9,121724.0,114213.0,125533.0,37.0,01_시즌
2022,2022-09-25,가을_우븐 셔츠_캐쥬얼셔츠_ZB,1053,41630254,89900.0,7880.0,39500.0,9,42830.0,41578.0,39535.0,56.0,01_시즌
2022,2022-09-25,가을_점퍼_점퍼_ZA,171,20879580,259000.0,31964.0,122103.0,9,122519.0,115417.0,122103.0,53.0,01_시즌
2022,2022-09-25,가을_팬츠_니트팬츠_ZB,123,4678900,89900.0,10684.0,38040.0,9,41049.0,44548.0,38040.0,58.0,01_시즌
2022,2022-09-25,가을_팬츠_팬츠(일반)_ZA,278,14546359,139000.0,15086.0,52325.0,9,52140.0,46144.0,52325.0,62.0,01_시즌
2022,2022-09-25,겨울_니트 셔츠_라운드_ZB,18,797950,89900.0,8732.0,44331.0,9,46211.0,31166.0,44331.0,51.0,01_시즌
2022,2022-09-25,겨울_니트 셔츠_후드티_ZB,29,1413850,99900.0,15434.0,48753.0,9,52896.0,41055.0,48753.0,51.0,01_시즌
2022,2022-09-25,겨울_사파리_패딩사파리_ZB,22,4785000,479000.0,41372.0,221575.0,9,226966.0,172366.0,217500.0,55.0,01_시즌
2022,2022-09-25,겨울_수트_블레이져(수트)_ZA,202,58688870,396500.0,64242.0,301880.0,9,314588.0,273377.0,290539.0,27.0,01_시즌
2022,2022-09-25,겨울_수트_블레이져(수트)_ZB,951,190586902,259000.0,49563.0,199720.0,9,196616.0,196834.0,200407.0,23.0,01_시즌
2022,2022-09-25,겨울_수트_블레이져(수트)_ZC,294,58881954,259000.0,49294.0,200279.0,9,195591.0,197005.0,200279.0,23.0,01_시즌
2022,2022-09-25,겨울_수트_수트팬츠_ZA,220,35406344,226500.0,34024.0,172427.0,9,180739.0,157185.0,160938.0,29.0,01_시즌
2022,2022-09-25,겨울_수트_수트팬츠_ZB,1035,110871418,139000.0,25378.0,106674.0,9,105204.0,105533.0,107122.0,23.0,01_시즌
2022,2022-09-25,겨울_수트_수트팬츠_ZC,271,29327469,139000.0,25015.0,108219.0,9,105013.0,105578.0,108219.0,22.0,01_시즌
2022,2022-09-25,겨울_스웨터_T-에리_ZA,208,20552000,159900.0,13570.0,98664.0,9,98664.0,67135.0,98808.0,38.0,01_시즌
2022,2022-09-25,겨울_스웨터_T-에리_ZB,717,49423000,119900.0,12529.0,68930.0,9,68930.0,45560.0,68930.0,43.0,01_시즌
2022,2022-09-25,겨울_스웨터_라운드_ZA,0,0,159900.0,17112.0,,9,,63647.0,63647.0,60.0,01_시즌
2022,2022-09-25,겨울_스웨터_라운드_ZB,231,10344412,99900.0,12240.0,44781.0,9,55795.0,44470.0,44781.0,55.0,01_시즌
2022,2022-09-25,겨울_스웨터_오픈형(CARDIGAN)_ZA,43,5547000,199900.0,18008.0,129000.0,9,127664.0,96352.0,129000.0,35.0,01_시즌
2022,2022-09-25,겨울_우븐 셔츠_캐쥬얼셔츠_ZA,447,24613000,109900.0,11720.0,59537.0,9,54456.0,52481.0,55063.0,50.0,01_시즌
2022,2022-09-25,겨울_자켓_싱글재킷_ZA,204,45958820,324000.0,39071.0,212261.0,9,227952.0,188233.0,225288.0,30.0,01_시즌
2022,2022-09-25,겨울_점퍼_패딩점퍼_ZB,0,0,299000.0,24581.0,,9,,118822.0,118822.0,60.0,01_시즌
2022,2022-09-25,겨울_코트_싱글코트_ZA,0,0,1199000.0,220438.0,,9,,448209.0,448209.0,63.0,01_시즌
2022,2022-09-25,겨울_코트_싱글코트_ZB,247,66730070,449000.0,58067.0,270162.0,9,270162.0,206698.0,270162.0,40.0,01_시즌
2022,2022-09-25,겨울_팬츠_니트팬츠_ZB,21,934950,89900.0,10439.0,44521.0,9,41760.0,35245.0,44521.0,50.0,01_시즌
2022,2022-09-25,겨울_팬츠_팬츠(일반)_ZA,237,23664120,139000.0,14152.0,102705.0,9,104594.0,74637.0,99849.0,28.0,01_시즌
2022,2022-09-25,겨울_팬츠_팬츠(일반)_ZB,0,0,99900.0,11311.0,,9,,46384.0,46384.0,54.0,01_시즌
2022,2022-09-25,사계절_니트 셔츠_라운드_ZB,1376,28621148,63233.0,6434.0,19928.0,9,18168.0,21712.0,20800.0,67.0,01_시즌
2022,2022-09-25,사계절_데님_데님팬츠_ZB,386,18002100,99900.0,13234.0,48081.0,9,48581.0,49011.0,46638.0,53.0,01_시즌
2022,2022-09-25,사계절_수트_블레이져(수트)_ZB,411,65929526,239000.0,37800.0,159995.0,9,160007.0,160171.0,160412.0,33.0,01_시즌
2022,2022-09-25,사계절_수트_블레이져(수트)_ZC,116,18627924,239000.0,40079.0,160586.0,9,161560.0,163514.0,160586.0,33.0,01_시즌
2022,2022-09-25,사계절_수트_수트팬츠_ZB,461,39987847,129000.0,18177.0,86337.0,9,86648.0,84612.0,86742.0,33.0,01_시즌
2022,2022-09-25,사계절_수트_수트팬츠_ZC,116,10046821,129000.0,20456.0,86611.0,9,86936.0,88562.0,86611.0,33.0,01_시즌
2022,2022-09-25,사계절_우븐 셔츠_드레스셔츠_ZB,881,26793634,69900.0,7104.0,25698.0,9,27167.0,29098.0,30413.0,56.0,01_시즌
2022,2022-09-25,사계절_자켓_싱글재킷_ZB,53,7050000,239000.0,29296.0,133019.0,9,134082.0,135628.0,133019.0,44.0,01_시즌
2022,2022-09-25,사계절_팬츠_니트팬츠_ZB,215,4018700,64900.0,6322.0,18728.0,9,19112.0,26418.0,18692.0,71.0,01_시즌
2022,2022-09-25,사계절_팬츠_팬츠(일반)_ZB,1843,87584984,99900.0,12047.0,46528.0,9,46368.0,46584.0,47523.0,52.0,01_시즌
2022,2022-09-25,여름_니트 셔츠_라운드_ZB,-502,-1584500,61329.0,7143.0,15131.0,9,17635.0,20715.0,3156.0,95.0,01_시즌
2022,2022-09-25,여름_니트 셔츠_티에리_ZB,132,2407730,89900.0,9804.0,18240.0,9,22495.0,25850.0,18240.0,80.0,01_시즌
2022,2022-09-25,여름_수트_블레이져(수트)_ZA,30,6635200,319000.0,50766.0,221135.0,9,226450.0,222805.0,221173.0,31.0,01_시즌
2022,2022-09-25,여름_수트_블레이져(수트)_ZB,40,7281200,239000.0,42235.0,172181.0,9,179576.0,183922.0,182030.0,24.0,01_시즌
2022,2022-09-25,여름_수트_블레이져(수트)_ZC,8,1609500,265667.0,49139.0,207211.0,9,209439.0,197238.0,201188.0,24.0,01_시즌
2022,2022-09-25,여름_수트_수트팬츠_ZA,39,4722500,179000.0,25226.0,121844.0,9,127195.0,118791.0,121090.0,32.0,01_시즌
2022,2022-09-25,여름_수트_수트팬츠_ZB,53,5359000,129000.0,20674.0,100971.0,9,99447.0,99069.0,101113.0,22.0,01_시즌
2022,2022-09-25,여름_수트_수트팬츠_ZC,15,1476100,145667.0,24146.0,105729.0,9,114946.0,108041.0,98407.0,32.0,01_시즌
2022,2022-09-25,여름_스웨터_T-에리_ZA,7,-281300,99900.0,8808.0,33350.0,9,39403.0,39571.0,33350.0,67.0,01_시즌
2022,2022-09-25,여름_스웨터_T-에리_ZB,167,5047709,89900.0,9423.0,30331.0,9,27601.0,35693.0,30226.0,66.0,01_시즌
2022,2022-09-25,여름_스웨터_라운드_ZA,18,623800,99900.0,11209.0,34656.0,9,30000.0,38193.0,34656.0,65.0,01_시즌
2022,2022-09-25,여름_스웨터_라운드_ZB,-3,-513100,89900.0,10642.0,171033.0,9,64368.0,40949.0,171033.0,-90.0,01_시즌
2022,2022-09-25,여름_우븐 셔츠_드레스셔츠_ZB,1967,39945888,69900.0,6010.0,21624.0,9,21655.0,27459.0,20308.0,71.0,01_시즌
2022,2022-09-25,여름_우븐 셔츠_캐쥬얼셔츠_ZA,90,2564500,99900.0,8751.0,29934.0,9,33273.0,40500.0,28494.0,71.0,01_시즌
2022,2022-09-25,여름_우븐 셔츠_캐쥬얼셔츠_ZB,790,14575300,89900.0,7658.0,18148.0,9,21906.0,29289.0,18450.0,79.0,01_시즌
2022,2022-09-25,여름_자켓_싱글재킷_ZA,82,9444454,259000.0,29538.0,108962.0,9,124386.0,125764.0,115176.0,56.0,01_시즌
2022,2022-09-25,여름_자켓_싱글재킷_ZB,55,3905000,239000.0,23694.0,71000.0,9,75733.0,106710.0,71000.0,70.0,01_시즌
2022,2022-09-25,여름_점퍼_점퍼_ZB,602,35159159,249000.0,22965.0,58384.0,9,58597.0,81684.0,58404.0,77.0,01_시즌
2022,2022-09-25,여름_팬츠_니트팬츠_ZB,27,484100,69900.0,6752.0,17930.0,9,17457.0,23452.0,17930.0,74.0,01_시즌
2022,2022-09-25,여름_팬츠_반바지_ZA,14,347600,79900.0,11033.0,24829.0,9,28202.0,27643.0,24829.0,69.0,01_시즌
2022,2022-09-25,여름_팬츠_반바지_ZB,223,4349000,79900.0,6419.0,19935.0,9,17511.0,26547.0,19502.0,76.0,01_시즌
2022,2022-09-25,여름_팬츠_팬츠(일반)_ZA,92,3107158,134112.0,14529.0,43819.0,9,51401.0,59242.0,33773.0,75.0,01_시즌
2022,2022-09-25,여름_팬츠_팬츠(일반)_ZB,468,14274350,99900.0,10504.0,31052.0,9,31019.0,36605.0,30501.0,69.0,01_시즌
2022,2022-10-02,가을_니트 셔츠_라운드_ZB,395,14189300,89900.0,12898.0,35922.0,10,37430.0,37381.0,35922.0,60.0,01_시즌
2022,2022-10-02,가을_수트_블레이져(수트)_ZB,547,104322952,259000.0,48726.0,190849.0,10,194242.0,199029.0,190718.0,26.0,01_시즌
2022,2022-10-02,가을_수트_수트팬츠_ZB,548,55908330,139000.0,24746.0,102218.0,10,103859.0,106861.0,102022.0,27.0,01_시즌
2022,2022-10-02,가을_스웨터_오픈형(CARDIGAN)_ZB,128,15291050,199900.0,23992.0,119461.0,10,113327.0,114213.0,119461.0,40.0,01_시즌
2022,2022-10-02,가을_우븐 셔츠_캐쥬얼셔츠_ZB,1100,41847226,89900.0,7880.0,38041.0,10,38755.0,41578.0,38043.0,58.0,01_시즌
2022,2022-10-02,가을_점퍼_점퍼_ZA,193,22628532,259000.0,31964.0,117246.0,10,114979.0,115417.0,117246.0,55.0,01_시즌
2022,2022-10-02,가을_팬츠_니트팬츠_ZB,156,6076800,89900.0,10684.0,38954.0,10,40954.0,44548.0,38954.0,57.0,01_시즌
2022,2022-10-02,가을_팬츠_팬츠(일반)_ZA,303,15511220,139000.0,15086.0,51192.0,10,47415.0,46144.0,51192.0,63.0,01_시즌
2022,2022-10-02,겨울_니트 셔츠_라운드_ZB,248,11408250,89900.0,9172.0,46001.0,10,39032.0,31166.0,46001.0,49.0,01_시즌
2022,2022-10-02,겨울_니트 셔츠_후드티_ZB,126,6916700,99900.0,15994.0,54894.0,10,45603.0,41055.0,54894.0,45.0,01_시즌
2022,2022-10-02,겨울_사파리_패딩사파리_ZB,5,932250,479000.0,41372.0,192775.0,10,202609.0,172366.0,186450.0,61.0,01_시즌
2022,2022-10-02,겨울_수트_블레이져(수트)_ZA,218,61429550,396500.0,64691.0,289205.0,10,282820.0,273377.0,281787.0,29.0,01_시즌
2022,2022-10-02,겨울_수트_블레이져(수트)_ZB,1171,222869510,259000.0,51103.0,190010.0,10,193341.0,196834.0,190324.0,27.0,01_시즌
2022,2022-10-02,겨울_수트_블레이져(수트)_ZC,254,48998180,259000.0,49294.0,192906.0,10,195020.0,197005.0,192906.0,26.0,01_시즌
2022,2022-10-02,겨울_수트_수트팬츠_ZA,236,36271165,226500.0,34258.0,165109.0,10,161976.0,157185.0,153691.0,32.0,01_시즌
2022,2022-10-02,겨울_수트_수트팬츠_ZB,1208,123458052,139000.0,26075.0,101970.0,10,104082.0,105533.0,102200.0,26.0,01_시즌
2022,2022-10-02,겨울_수트_수트팬츠_ZC,256,26411763,139000.0,25015.0,103171.0,10,104902.0,105578.0,103171.0,26.0,01_시즌
2022,2022-10-02,겨울_스웨터_T-에리_ZA,81,5616800,159900.0,15220.0,68158.0,10,75150.0,67135.0,69343.0,57.0,01_시즌
2022,2022-10-02,겨울_스웨터_T-에리_ZB,283,16912950,119900.0,13542.0,59763.0,10,51845.0,45560.0,59763.0,50.0,01_시즌
2022,2022-10-02,겨울_스웨터_라운드_ZA,0,0,159900.0,19499.0,,10,83857.0,63647.0,83857.0,48.0,01_시즌
2022,2022-10-02,겨울_스웨터_라운드_ZB,880,47995789,99900.0,12107.0,54541.0,10,49817.0,44470.0,54541.0,45.0,01_시즌
2022,2022-10-02,겨울_스웨터_오픈형(CARDIGAN)_ZA,76,8999336,199900.0,20164.0,118412.0,10,111316.0,96352.0,118412.0,41.0,01_시즌
2022,2022-10-02,겨울_우븐 셔츠_캐쥬얼셔츠_ZA,442,23675595,132400.0,14273.0,55327.0,10,55629.0,52481.0,53565.0,60.0,01_시즌
2022,2022-10-02,겨울_자켓_싱글재킷_ZA,349,71593020,324000.0,39074.0,198028.0,10,197950.0,188233.0,205138.0,37.0,01_시즌
2022,2022-10-02,겨울_점퍼_패딩점퍼_ZB,0,0,299000.0,24706.0,,10,148594.0,118822.0,148594.0,50.0,01_시즌
2022,2022-10-02,겨울_코트_더블코트_ZA,0,0,599000.0,81339.0,,10,301618.0,272132.0,301618.0,50.0,01_시즌
2022,2022-10-02,겨울_코트_싱글코트_ZA,2,1678600,1199000.0,220438.0,839300.0,10,546160.0,448209.0,839300.0,30.0,01_시즌
2022,2022-10-02,겨울_코트_싱글코트_ZB,22,1209090,449000.0,58063.0,333118.0,10,231380.0,206698.0,54959.0,88.0,01_시즌
2022,2022-10-02,겨울_팬츠_니트팬츠_ZB,42,1809250,89900.0,11017.0,43077.0,10,43064.0,35245.0,43077.0,52.0,01_시즌
2022,2022-10-02,겨울_팬츠_팬츠(일반)_ZA,332,29358909,139000.0,14199.0,87567.0,10,85141.0,74637.0,88430.0,36.0,01_시즌
2022,2022-10-02,겨울_팬츠_팬츠(일반)_ZB,43,2507000,99900.0,11214.0,58302.0,10,58745.0,46384.0,58302.0,42.0,01_시즌
2022,2022-10-02,사계절_니트 셔츠_라운드_ZB,2013,37376018,63233.0,6434.0,19022.0,10,20026.0,21712.0,18567.0,71.0,01_시즌
2022,2022-10-02,사계절_데님_데님팬츠_ZB,481,24637757,99900.0,13234.0,50281.0,10,49577.0,49011.0,51222.0,49.0,01_시즌
2022,2022-10-02,사계절_수트_블레이져(수트)_ZB,295,47795541,239000.0,37800.0,162075.0,10,161865.0,160171.0,162019.0,32.0,01_시즌
2022,2022-10-02,사계절_수트_블레이져(수트)_ZC,122,20192540,239000.0,40079.0,165513.0,10,164419.0,163514.0,165513.0,31.0,01_시즌
2022,2022-10-02,사계절_수트_수트팬츠_ZB,348,30702584,129000.0,18177.0,88472.0,10,87607.0,84612.0,88226.0,32.0,01_시즌
2022,2022-10-02,사계절_수트_수트팬츠_ZC,113,10001360,129000.0,20456.0,88508.0,10,89447.0,88562.0,88508.0,31.0,01_시즌
2022,2022-10-02,사계절_우븐 셔츠_드레스셔츠_ZB,956,29452545,69900.0,7104.0,25479.0,10,26015.0,29098.0,30808.0,56.0,01_시즌
2022,2022-10-02,사계절_자켓_싱글재킷_ZB,36,4977000,239000.0,29296.0,138250.0,10,128702.0,135628.0,138250.0,42.0,01_시즌
2022,2022-10-02,사계절_팬츠_니트팬츠_ZB,113,2129650,64900.0,6322.0,18921.0,10,19182.0,26418.0,18846.0,71.0,01_시즌
2022,2022-10-02,사계절_팬츠_팬츠(일반)_ZB,2300,113988745,99900.0,12047.0,47928.0,10,46089.0,46584.0,49560.0,50.0,01_시즌
2022,2022-10-09,가을_니트 셔츠_라운드_ZB,293,11806229,89900.0,12898.0,40294.0,10,37430.0,37381.0,40294.0,55.0,01_시즌
2022,2022-10-09,가을_수트_블레이져(수트)_ZB,525,98073063,259000.0,48726.0,186548.0,10,194242.0,199029.0,186806.0,28.0,01_시즌
2022,2022-10-09,가을_수트_수트팬츠_ZB,568,56920986,139000.0,24746.0,100140.0,10,103859.0,106861.0,100213.0,28.0,01_시즌
2022,2022-10-09,가을_스웨터_오픈형(CARDIGAN)_ZB,181,21065850,199900.0,23992.0,116386.0,10,113327.0,114213.0,116386.0,42.0,01_시즌
2022,2022-10-09,가을_우븐 셔츠_캐쥬얼셔츠_ZB,786,28927725,89900.0,7880.0,36813.0,10,38755.0,41578.0,36804.0,59.0,01_시즌
2022,2022-10-09,가을_점퍼_점퍼_ZA,269,31329500,259000.0,31964.0,116467.0,10,114979.0,115417.0,116467.0,55.0,01_시즌
2022,2022-10-09,가을_팬츠_니트팬츠_ZB,106,4395600,89900.0,10684.0,41468.0,10,40954.0,44548.0,41468.0,54.0,01_시즌
2022,2022-10-09,가을_팬츠_팬츠(일반)_ZA,426,20330821,139000.0,15086.0,47725.0,10,47415.0,46144.0,47725.0,66.0,01_시즌
2022,2022-10-09,겨울_니트 셔츠_라운드_ZB,454,17007825,89900.0,9171.0,37456.0,10,39032.0,31166.0,37462.0,58.0,01_시즌
2022,2022-10-09,겨울_니트 셔츠_오픈형티(맨투맨 등)_ZB,0,0,239900.0,21500.0,,10,95190.0,75113.0,95190.0,60.0,01_시즌
2022,2022-10-09,겨울_니트 셔츠_후드티_ZB,279,15092800,99900.0,15994.0,54096.0,10,45603.0,41055.0,54096.0,46.0,01_시즌
2022,2022-10-09,겨울_사파리_패딩사파리_ZB,178,38636100,479000.0,41372.0,226961.0,10,202609.0,172366.0,217057.0,55.0,01_시즌
2022,2022-10-09,겨울_수트_블레이져(수트)_ZA,277,74255080,396500.0,64691.0,275247.0,10,282820.0,273377.0,268069.0,32.0,01_시즌
2022,2022-10-09,겨울_수트_블레이져(수트)_ZB,1517,281530505,259000.0,51103.0,185673.0,10,193341.0,196834.0,185584.0,28.0,01_시즌
2022,2022-10-09,겨울_수트_블레이져(수트)_ZC,317,58931865,259000.0,49294.0,185905.0,10,195020.0,197005.0,185905.0,28.0,01_시즌
2022,2022-10-09,겨울_수트_수트팬츠_ZA,294,43269226,226500.0,34258.0,159219.0,10,161976.0,157185.0,147174.0,35.0,01_시즌
2022,2022-10-09,겨울_수트_수트팬츠_ZB,1529,152952190,139000.0,26075.0,100189.0,10,104082.0,105533.0,100034.0,28.0,01_시즌
2022,2022-10-09,겨울_수트_수트팬츠_ZC,311,31217257,139000.0,25015.0,100377.0,10,104902.0,105578.0,100377.0,28.0,01_시즌
2022,2022-10-09,겨울_스웨터_T-에리_ZA,206,18028440,159900.0,15220.0,87190.0,10,75150.0,67135.0,87517.0,45.0,01_시즌
2022,2022-10-09,겨울_스웨터_T-에리_ZB,235,10681600,119900.0,13542.0,45454.0,10,51845.0,45560.0,45454.0,62.0,01_시즌
2022,2022-10-09,겨울_스웨터_Turtle_ZB,0,0,119900.0,13041.0,,10,59102.0,42376.0,59102.0,51.0,01_시즌
2022,2022-10-09,겨울_스웨터_라운드_ZA,12,1188000,159900.0,19499.0,99000.0,10,83857.0,63647.0,99000.0,38.0,01_시즌
2022,2022-10-09,겨울_스웨터_라운드_ZB,890,43380267,99900.0,12107.0,48742.0,10,49817.0,44470.0,48742.0,51.0,01_시즌
2022,2022-10-09,겨울_스웨터_오픈형(CARDIGAN)_ZA,100,12001100,199900.0,20164.0,120011.0,10,111316.0,96352.0,120011.0,40.0,01_시즌
2022,2022-10-09,겨울_우븐 셔츠_캐쥬얼셔츠_ZA,518,28134550,132400.0,14273.0,53049.0,10,55629.0,52481.0,54314.0,59.0,01_시즌
2022,2022-10-09,겨울_자켓_싱글재킷_ZA,470,100890280,324000.0,39932.0,221950.0,10,197950.0,188233.0,214660.0,34.0,01_시즌
2022,2022-10-09,겨울_점퍼_점퍼_ZB,0,0,459000.0,46482.0,,10,200377.0,181524.0,200377.0,56.0,01_시즌
2022,2022-10-09,겨울_점퍼_패딩점퍼_ZB,0,0,349000.0,29773.0,,10,148594.0,118822.0,148594.0,57.0,01_시즌
2022,2022-10-09,겨울_코트_더블코트_ZA,51,17939840,599000.0,81339.0,351762.0,10,301618.0,272132.0,351762.0,41.0,01_시즌
2022,2022-10-09,겨울_코트_싱글코트_ZA,1,755370,1199000.0,220438.0,755370.0,10,546160.0,448209.0,755370.0,37.0,01_시즌
2022,2022-10-09,겨울_코트_싱글코트_ZB,246,55882750,465667.0,58848.0,255468.0,10,231380.0,206698.0,227166.0,51.0,01_시즌
2022,2022-10-09,겨울_팬츠_니트팬츠_ZB,60,2579900,89900.0,11017.0,42998.0,10,43064.0,35245.0,42998.0,52.0,01_시즌
2022,2022-10-09,겨울_팬츠_팬츠(일반)_ZA,453,40320871,139000.0,15791.0,88158.0,10,85141.0,74637.0,89009.0,36.0,01_시즌
2022,2022-10-09,겨울_팬츠_팬츠(일반)_ZB,1209,80749404,99900.0,11214.0,66790.0,10,58745.0,46384.0,66790.0,33.0,01_시즌
2022,2022-10-09,사계절_니트 셔츠_라운드_ZB,2308,40264482,63233.0,6434.0,21767.0,10,20026.0,21712.0,17446.0,72.0,01_시즌
2022,2022-10-09,사계절_데님_데님팬츠_ZB,548,28345320,99900.0,13234.0,50612.0,10,49577.0,49011.0,51725.0,48.0,01_시즌
2022,2022-10-09,사계절_수트_블레이져(수트)_ZB,304,49962697,239000.0,37800.0,162840.0,10,161865.0,160171.0,164351.0,31.0,01_시즌
2022,2022-10-09,사계절_수트_블레이져(수트)_ZC,91,14987911,239000.0,40079.0,164702.0,10,164419.0,163514.0,164702.0,31.0,01_시즌
2022,2022-10-09,사계절_수트_수트팬츠_ZB,356,31458012,129000.0,18177.0,88536.0,10,87607.0,84612.0,88365.0,31.0,01_시즌
2022,2022-10-09,사계절_수트_수트팬츠_ZC,88,7843289,129000.0,20456.0,89128.0,10,89447.0,88562.0,89128.0,31.0,01_시즌
2022,2022-10-09,사계절_우븐 셔츠_드레스셔츠_ZB,1054,34748724,69900.0,7104.0,26523.0,10,26015.0,29098.0,32968.0,53.0,01_시즌
2022,2022-10-09,사계절_자켓_싱글재킷_ZB,61,7026500,239000.0,29296.0,115189.0,10,128702.0,135628.0,115189.0,52.0,01_시즌
2022,2022-10-09,사계절_팬츠_니트팬츠_ZB,120,2089656,64900.0,6322.0,18119.0,10,19182.0,26418.0,17414.0,73.0,01_시즌
2022,2022-10-09,사계절_팬츠_팬츠(일반)_ZB,2447,118755086,99900.0,12047.0,46566.0,10,46089.0,46584.0,48531.0,51.0,01_시즌
2022,2022-10-16,가을_니트 셔츠_라운드_ZB,454,16380150,89900.0,12898.0,36080.0,10,37430.0,37381.0,36080.0,60.0,01_시즌
2022,2022-10-16,가을_수트_블레이져(수트)_ZB,379,74284140,259000.0,48726.0,196529.0,10,194242.0,199029.0,196000.0,24.0,01_시즌
2022,2022-10-16,가을_수트_수트팬츠_ZB,404,42625123,139000.0,24746.0,105815.0,10,103859.0,106861.0,105508.0,24.0,01_시즌
2022,2022-10-16,가을_스웨터_오픈형(CARDIGAN)_ZB,200,21681180,199900.0,23992.0,108406.0,10,113327.0,114213.0,108406.0,46.0,01_시즌
2022,2022-10-16,가을_우븐 셔츠_캐쥬얼셔츠_ZB,868,35439867,89900.0,7880.0,40773.0,10,38755.0,41578.0,40829.0,55.0,01_시즌
2022,2022-10-16,가을_점퍼_점퍼_ZA,282,35042659,259000.0,31964.0,124265.0,10,114979.0,115417.0,124265.0,52.0,01_시즌
2022,2022-10-16,가을_팬츠_니트팬츠_ZB,121,5110600,89900.0,10684.0,42236.0,10,40954.0,44548.0,42236.0,53.0,01_시즌
2022,2022-10-16,가을_팬츠_팬츠(일반)_ZA,457,23415900,139000.0,15086.0,51238.0,10,47415.0,46144.0,51238.0,63.0,01_시즌
2022,2022-10-16,겨울_니트 셔츠_라운드_ZB,1567,54951750,96567.0,9446.0,36216.0,10,39032.0,31166.0,35068.0,64.0,01_시즌
2022,2022-10-16,겨울_니트 셔츠_오픈형티(맨투맨 등)_ZB,0,0,239900.0,21500.0,,10,95190.0,75113.0,95190.0,60.0,01_시즌
2022,2022-10-16,겨울_니트 셔츠_후드티_ZB,165,5046050,99900.0,15994.0,30582.0,10,45603.0,41055.0,30582.0,69.0,01_시즌
2022,2022-10-16,겨울_사파리_패딩사파리_ZA,10,3594000,599000.0,52720.0,359400.0,10,301120.0,236351.0,359400.0,40.0,01_시즌
2022,2022-10-16,겨울_사파리_패딩사파리_ZB,178,33059892,503000.0,46362.0,213895.0,10,202609.0,172366.0,185730.0,63.0,01_시즌
2022,2022-10-16,겨울_수트_블레이져(수트)_ZA,316,86201140,396500.0,64691.0,282801.0,10,282820.0,273377.0,272788.0,31.0,01_시즌
2022,2022-10-16,겨울_수트_블레이져(수트)_ZB,1246,243454490,259000.0,51103.0,195369.0,10,193341.0,196834.0,195389.0,25.0,01_시즌
2022,2022-10-16,겨울_수트_블레이져(수트)_ZC,311,60944590,259000.0,49294.0,195963.0,10,195020.0,197005.0,195963.0,24.0,01_시즌
2022,2022-10-16,겨울_수트_수트팬츠_ZA,341,50511173,226500.0,34258.0,161400.0,10,161976.0,157185.0,148127.0,35.0,01_시즌
2022,2022-10-16,겨울_수트_수트팬츠_ZB,1273,133836059,139000.0,26075.0,105626.0,10,104082.0,105533.0,105134.0,24.0,01_시즌
2022,2022-10-16,겨울_수트_수트팬츠_ZC,327,34846031,139000.0,25015.0,106563.0,10,104902.0,105578.0,106563.0,23.0,01_시즌
2022,2022-10-16,겨울_스웨터_T-에리_ZA,355,27295000,159900.0,15220.0,76694.0,10,75150.0,67135.0,76887.0,52.0,01_시즌
2022,2022-10-16,겨울_스웨터_T-에리_ZB,412,22335062,119900.0,13238.0,54211.0,10,51845.0,45560.0,54211.0,55.0,01_시즌
2022,2022-10-16,겨울_스웨터_Turtle_ZB,0,0,119900.0,13064.0,,10,59102.0,42376.0,59102.0,51.0,01_시즌
2022,2022-10-16,겨울_스웨터_라운드_ZA,3,-240150,149900.0,15772.0,,10,83857.0,63647.0,83857.0,44.0,01_시즌
2022,2022-10-16,겨울_스웨터_라운드_ZB,1565,77248337,99900.0,12171.0,49360.0,10,49817.0,44470.0,49360.0,51.0,01_시즌
2022,2022-10-16,겨울_스웨터_오픈형(CARDIGAN)_ZA,117,12838901,199900.0,17190.0,109734.0,10,111316.0,96352.0,109734.0,45.0,01_시즌
2022,2022-10-16,겨울_우븐 셔츠_캐쥬얼셔츠_ZA,713,40905700,132400.0,14273.0,57976.0,10,55629.0,52481.0,57371.0,57.0,01_시즌
2022,2022-10-16,겨울_자켓_싱글재킷_ZA,1071,221645423,324000.0,39932.0,207354.0,10,197950.0,188233.0,206952.0,36.0,01_시즌
2022,2022-10-16,겨울_점퍼_점퍼_ZB,90,23911200,459000.0,46482.0,265680.0,10,200377.0,181524.0,265680.0,42.0,01_시즌
2022,2022-10-16,겨울_점퍼_패딩점퍼_ZB,358,54950748,349000.0,29773.0,157992.0,10,148594.0,118822.0,153494.0,56.0,01_시즌
2022,2022-10-16,겨울_코트_더블코트_ZA,126,39378870,599000.0,81339.0,312531.0,10,301618.0,272132.0,312531.0,48.0,01_시즌
2022,2022-10-16,겨울_코트_싱글코트_ZA,6,4220480,799000.0,124880.0,703413.0,10,546160.0,448209.0,703413.0,12.0,01_시즌
2022,2022-10-16,겨울_코트_싱글코트_ZB,836,201189415,465667.0,58848.0,246441.0,10,231380.0,206698.0,240657.0,48.0,01_시즌
2022,2022-10-16,겨울_팬츠_니트팬츠_ZB,81,3500900,89900.0,9850.0,43221.0,10,43064.0,35245.0,43221.0,52.0,01_시즌
2022,2022-10-16,겨울_팬츠_팬츠(일반)_ZA,990,91017415,139000.0,15404.0,90381.0,10,85141.0,74637.0,91937.0,34.0,01_시즌
2022,2022-10-16,겨울_팬츠_팬츠(일반)_ZB,296,12163627,99900.0,11214.0,41093.0,10,58745.0,46384.0,41093.0,59.0,01_시즌
2022,2022-10-16,사계절_니트 셔츠_라운드_ZB,1571,30669234,63233.0,6434.0,20019.0,10,20026.0,21712.0,19522.0,69.0,01_시즌
2022,2022-10-16,사계절_데님_데님팬츠_ZB,503,26453538,99900.0,13234.0,50683.0,10,49577.0,49011.0,52592.0,47.0,01_시즌
2022,2022-10-16,사계절_수트_블레이져(수트)_ZB,318,52441283,239000.0,37800.0,165107.0,10,161865.0,160171.0,164910.0,31.0,01_시즌
2022,2022-10-16,사계절_수트_블레이져(수트)_ZC,97,16109100,239000.0,40079.0,166073.0,10,164419.0,163514.0,166073.0,31.0,01_시즌
2022,2022-10-16,사계절_수트_수트팬츠_ZB,358,31874948,129000.0,18177.0,89205.0,10,87607.0,84612.0,89036.0,31.0,01_시즌
2022,2022-10-16,사계절_수트_수트팬츠_ZC,87,7916700,129000.0,20456.0,90997.0,10,89447.0,88562.0,90997.0,29.0,01_시즌
2022,2022-10-16,사계절_우븐 셔츠_드레스셔츠_ZB,1140,38531912,69900.0,7104.0,26745.0,10,26015.0,29098.0,33800.0,52.0,01_시즌
2022,2022-10-16,사계절_자켓_싱글재킷_ZB,49,6496000,239000.0,29296.0,132571.0,10,128702.0,135628.0,132571.0,45.0,01_시즌
2022,2022-10-16,사계절_팬츠_니트팬츠_ZB,104,2084850,64900.0,6322.0,22110.0,10,19182.0,26418.0,20047.0,69.0,01_시즌
2022,2022-10-16,사계절_팬츠_팬츠(일반)_ZB,2428,119699416,99900.0,12047.0,47692.0,10,46089.0,46584.0,49300.0,51.0,01_시즌
2022,2022-10-23,가을_니트 셔츠_라운드_ZB,448,15559750,89900.0,12898.0,34732.0,10,37430.0,37381.0,34732.0,61.0,01_시즌
2022,2022-10-23,가을_수트_블레이져(수트)_ZB,251,50140014,259000.0,48726.0,199966.0,10,194242.0,199029.0,199761.0,23.0,01_시즌
2022,2022-10-23,가을_수트_수트팬츠_ZB,273,29049303,139000.0,24746.0,106541.0,10,103859.0,106861.0,106408.0,23.0,01_시즌
2022,2022-10-23,가을_스웨터_오픈형(CARDIGAN)_ZB,118,13124950,199900.0,23992.0,111228.0,10,113327.0,114213.0,111228.0,44.0,01_시즌
2022,2022-10-23,가을_우븐 셔츠_캐쥬얼셔츠_ZB,633,23409575,89900.0,7880.0,37312.0,10,38755.0,41578.0,36982.0,59.0,01_시즌
2022,2022-10-23,가을_점퍼_점퍼_ZA,133,14353200,259000.0,31964.0,107919.0,10,114979.0,115417.0,107919.0,58.0,01_시즌
2022,2022-10-23,가을_팬츠_니트팬츠_ZB,103,4033450,89900.0,10684.0,39160.0,10,40954.0,44548.0,39160.0,56.0,01_시즌
2022,2022-10-23,가을_팬츠_팬츠(일반)_ZA,345,14975000,139000.0,15086.0,43406.0,10,47415.0,46144.0,43406.0,69.0,01_시즌
2022,2022-10-23,겨울_니트 셔츠_라운드_ZB,2902,99625909,96567.0,9446.0,36407.0,10,39032.0,31166.0,34330.0,64.0,01_시즌
2022,2022-10-23,겨울_니트 셔츠_오픈형티(맨투맨 등)_ZB,0,0,239900.0,21500.0,,10,95190.0,75113.0,95190.0,60.0,01_시즌
2022,2022-10-23,겨울_니트 셔츠_후드티_ZB,445,19491600,99900.0,15994.0,43801.0,10,45603.0,41055.0,43801.0,56.0,01_시즌
2022,2022-10-23,겨울_사파리_패딩사파리_ZA,5,1335000,599000.0,52720.0,267000.0,10,301120.0,236351.0,267000.0,55.0,01_시즌
2022,2022-10-23,겨울_사파리_패딩사파리_ZB,380,71933093,503000.0,46362.0,209477.0,10,202609.0,172366.0,189298.0,62.0,01_시즌
2022,2022-10-23,겨울_수트_블레이져(수트)_ZA,235,63431994,396500.0,64691.0,278747.0,10,282820.0,273377.0,269923.0,32.0,01_시즌
2022,2022-10-23,겨울_수트_블레이져(수트)_ZB,915,182760682,259000.0,51103.0,198280.0,10,193341.0,196834.0,199738.0,23.0,01_시즌
2022,2022-10-23,겨울_수트_블레이져(수트)_ZC,174,35101900,259000.0,49294.0,201735.0,10,195020.0,197005.0,201735.0,22.0,01_시즌
2022,2022-10-23,겨울_수트_수트팬츠_ZA,267,39062511,226500.0,34258.0,159519.0,10,161976.0,157185.0,146302.0,35.0,01_시즌
2022,2022-10-23,겨울_수트_수트팬츠_ZB,889,94705916,139000.0,26075.0,106364.0,10,104082.0,105533.0,106531.0,23.0,01_시즌
2022,2022-10-23,겨울_수트_수트팬츠_ZC,178,19304400,139000.0,25015.0,108452.0,10,104902.0,105578.0,108452.0,22.0,01_시즌
2022,2022-10-23,겨울_스웨터_T-에리_ZA,436,29042476,159900.0,15220.0,65483.0,10,75150.0,67135.0,66611.0,58.0,01_시즌
2022,2022-10-23,겨울_스웨터_T-에리_ZB,716,37691451,119900.0,13238.0,52642.0,10,51845.0,45560.0,52642.0,56.0,01_시즌
2022,2022-10-23,겨울_스웨터_Turtle_ZA,19,1548390,159900.0,14674.0,81494.0,10,80024.0,63844.0,81494.0,49.0,01_시즌
2022,2022-10-23,겨울_스웨터_Turtle_ZB,154,10079100,119900.0,13064.0,65449.0,10,59102.0,42376.0,65449.0,45.0,01_시즌
2022,2022-10-23,겨울_스웨터_라운드_ZA,13,913650,149900.0,15772.0,70281.0,10,83857.0,63647.0,70281.0,53.0,01_시즌
2022,2022-10-23,겨울_스웨터_라운드_ZB,1686,76597806,99900.0,12171.0,45432.0,10,49817.0,44470.0,45432.0,55.0,01_시즌
2022,2022-10-23,겨울_스웨터_오픈형(CARDIGAN)_ZA,205,22397184,199900.0,17190.0,108722.0,10,111316.0,96352.0,109255.0,45.0,01_시즌
2022,2022-10-23,겨울_우븐 셔츠_캐쥬얼셔츠_ZA,792,49287250,132400.0,14273.0,56680.0,10,55629.0,52481.0,62231.0,53.0,01_시즌
2022,2022-10-23,겨울_자켓_싱글재킷_ZA,865,168832943,324000.0,39932.0,194859.0,10,197950.0,188233.0,195183.0,40.0,01_시즌
2022,2022-10-23,겨울_점퍼_점퍼_ZB,35,6082400,459000.0,46482.0,173783.0,10,200377.0,181524.0,173783.0,62.0,01_시즌
2022,2022-10-23,겨울_점퍼_패딩점퍼_ZB,353,48539000,349000.0,29773.0,131449.0,10,148594.0,118822.0,137504.0,61.0,01_시즌
2022,2022-10-23,겨울_코트_더블코트_ZA,70,18199540,599000.0,81339.0,259993.0,10,301618.0,272132.0,259993.0,57.0,01_시즌
2022,2022-10-23,겨울_코트_싱글코트_ZA,188,65444140,799000.0,124880.0,437627.0,10,546160.0,448209.0,348107.0,56.0,01_시즌
2022,2022-10-23,겨울_코트_싱글코트_ZB,325,59985727,465667.0,58848.0,201205.0,10,231380.0,206698.0,184571.0,60.0,01_시즌
2022,2022-10-23,겨울_팬츠_니트팬츠_ZB,82,3598900,89900.0,9850.0,43889.0,10,43064.0,35245.0,43889.0,51.0,01_시즌
2022,2022-10-23,겨울_팬츠_팬츠(일반)_ZA,737,63242195,139000.0,15404.0,88102.0,10,85141.0,74637.0,85810.0,38.0,01_시즌
2022,2022-10-23,겨울_팬츠_팬츠(일반)_ZB,770,47026243,99900.0,11213.0,61073.0,10,58745.0,46384.0,61073.0,39.0,01_시즌
2022,2022-10-23,사계절_니트 셔츠_라운드_ZB,2459,35173680,63233.0,6434.0,19557.0,10,20026.0,21712.0,14304.0,77.0,01_시즌
2022,2022-10-23,사계절_데님_데님팬츠_ZB,549,26196435,99900.0,13234.0,46788.0,10,49577.0,49011.0,47717.0,52.0,01_시즌
2022,2022-10-23,사계절_수트_블레이져(수트)_ZB,246,40622790,239000.0,37800.0,161518.0,10,161865.0,160171.0,165133.0,31.0,01_시즌
2022,2022-10-23,사계절_수트_블레이져(수트)_ZC,72,11941408,239000.0,40079.0,165853.0,10,164419.0,163514.0,165853.0,31.0,01_시즌
2022,2022-10-23,사계절_수트_수트팬츠_ZB,259,23286951,129000.0,18177.0,89964.0,10,87607.0,84612.0,89911.0,30.0,01_시즌
2022,2022-10-23,사계절_수트_수트팬츠_ZC,63,5664700,129000.0,20456.0,89916.0,10,89447.0,88562.0,89916.0,30.0,01_시즌
2022,2022-10-23,사계절_우븐 셔츠_드레스셔츠_ZB,878,26531319,69900.0,7104.0,25433.0,10,26015.0,29098.0,30218.0,57.0,01_시즌
2022,2022-10-23,사계절_자켓_싱글재킷_ZB,33,4176400,239000.0,29296.0,126558.0,10,128702.0,135628.0,126558.0,47.0,01_시즌
2022,2022-10-23,사계절_팬츠_니트팬츠_ZB,93,1594435,64900.0,6322.0,16891.0,10,19182.0,26418.0,17144.0,74.0,01_시즌
2022,2022-10-23,사계절_팬츠_팬츠(일반)_ZB,1728,75880306,99900.0,12047.0,41158.0,10,46089.0,46584.0,43912.0,56.0,01_시즌
2022,2022-10-30,가을_니트 셔츠_라운드_ZB,173,6940902,89900.0,12898.0,40121.0,10,37430.0,37381.0,40121.0,55.0,01_시즌
2022,2022-10-30,가을_수트_블레이져(수트)_ZB,178,35364302,259000.0,48726.0,197318.0,10,194242.0,199029.0,198676.0,23.0,01_시즌
2022,2022-10-30,가을_수트_수트팬츠_ZB,203,21234763,139000.0,24746.0,104582.0,10,103859.0,106861.0,104605.0,25.0,01_시즌
2022,2022-10-30,가을_스웨터_오픈형(CARDIGAN)_ZB,72,8003226,199900.0,23992.0,111156.0,10,113327.0,114213.0,111156.0,44.0,01_시즌
2022,2022-10-30,가을_우븐 셔츠_캐쥬얼셔츠_ZB,289,11777575,89900.0,7880.0,40837.0,10,38755.0,41578.0,40753.0,55.0,01_시즌
2022,2022-10-30,가을_점퍼_점퍼_ZA,69,7521000,259000.0,31964.0,109000.0,10,114979.0,115417.0,109000.0,58.0,01_시즌
2022,2022-10-30,가을_팬츠_니트팬츠_ZB,79,3393195,89900.0,10684.0,42952.0,10,40954.0,44548.0,42952.0,52.0,01_시즌
2022,2022-10-30,가을_팬츠_팬츠(일반)_ZA,253,11009450,139000.0,15086.0,43516.0,10,47415.0,46144.0,43516.0,69.0,01_시즌
2022,2022-10-30,겨울_니트 셔츠_라운드_ZB,432,19651771,96567.0,9447.0,43874.0,10,39032.0,31166.0,45490.0,53.0,01_시즌
2022,2022-10-30,겨울_니트 셔츠_오픈형티(맨투맨 등)_ZB,42,3998000,239900.0,21500.0,95190.0,10,95190.0,75113.0,95190.0,60.0,01_시즌
2022,2022-10-30,겨울_니트 셔츠_후드티_ZB,200,8928045,99900.0,16048.0,44640.0,10,45603.0,41055.0,44640.0,55.0,01_시즌
2022,2022-10-30,겨울_사파리_패딩사파리_ZA,10,2769600,599000.0,52720.0,276960.0,10,301120.0,236351.0,276960.0,54.0,01_시즌
2022,2022-10-30,겨울_사파리_패딩사파리_ZB,282,47746634,503000.0,46362.0,160479.0,10,202609.0,172366.0,169314.0,66.0,01_시즌
2022,2022-10-30,겨울_수트_블레이져(수트)_ZA,210,57794340,396500.0,64691.0,288100.0,10,282820.0,273377.0,275211.0,31.0,01_시즌
2022,2022-10-30,겨울_수트_블레이져(수트)_ZB,671,132661352,259000.0,51103.0,197373.0,10,193341.0,196834.0,197707.0,24.0,01_시즌
2022,2022-10-30,겨울_수트_블레이져(수트)_ZC,158,31377125,259000.0,49294.0,198589.0,10,195020.0,197005.0,198589.0,23.0,01_시즌
2022,2022-10-30,겨울_수트_수트팬츠_ZA,226,34094446,226500.0,34258.0,164634.0,10,161976.0,157185.0,150860.0,33.0,01_시즌
2022,2022-10-30,겨울_수트_수트팬츠_ZB,687,72437570,139000.0,26075.0,106262.0,10,104082.0,105533.0,105440.0,24.0,01_시즌
2022,2022-10-30,겨울_수트_수트팬츠_ZC,176,18646435,139000.0,25015.0,105946.0,10,104902.0,105578.0,105946.0,24.0,01_시즌
2022,2022-10-30,겨울_스웨터_T-에리_ZA,203,18786700,159900.0,15220.0,81302.0,10,75150.0,67135.0,92545.0,42.0,01_시즌
2022,2022-10-30,겨울_스웨터_T-에리_ZB,407,19192140,119900.0,13238.0,47155.0,10,51845.0,45560.0,47155.0,61.0,01_시즌
2022,2022-10-30,겨울_스웨터_Turtle_ZA,58,4556200,159900.0,14674.0,78555.0,10,80024.0,63844.0,78555.0,51.0,01_시즌
2022,2022-10-30,겨울_스웨터_Turtle_ZB,202,10656550,119900.0,13064.0,52755.0,10,59102.0,42376.0,52755.0,56.0,01_시즌
2022,2022-10-30,겨울_스웨터_라운드_ZA,105,7768650,149900.0,15772.0,83073.0,10,83857.0,63647.0,73987.0,51.0,01_시즌
2022,2022-10-30,겨울_스웨터_라운드_ZB,1775,90541295,99900.0,12073.0,51009.0,10,49817.0,44470.0,51009.0,49.0,01_시즌
2022,2022-10-30,겨울_스웨터_오픈형(CARDIGAN)_ZA,154,16183720,199900.0,17190.0,106806.0,10,111316.0,96352.0,105089.0,47.0,01_시즌
2022,2022-10-30,겨울_우븐 셔츠_캐쥬얼셔츠_ZA,380,21106334,132400.0,14273.0,54391.0,10,55629.0,52481.0,55543.0,58.0,01_시즌
2022,2022-10-30,겨울_자켓_싱글재킷_ZA,691,112777526,324000.0,39932.0,167558.0,10,197950.0,188233.0,163209.0,50.0,01_시즌
2022,2022-10-30,겨울_점퍼_점퍼_ZB,60,9700166,459000.0,46482.0,161669.0,10,200377.0,181524.0,161669.0,65.0,01_시즌
2022,2022-10-30,겨울_점퍼_패딩점퍼_ZB,292,44286850,349000.0,29773.0,156340.0,10,148594.0,118822.0,151667.0,57.0,01_시즌
2022,2022-10-30,겨울_코트_더블코트_ZA,63,17777580,599000.0,81339.0,282184.0,10,301618.0,272132.0,282184.0,53.0,01_시즌
2022,2022-10-30,겨울_코트_싱글코트_ZA,186,55227350,799000.0,124880.0,434826.0,10,546160.0,448209.0,296921.0,63.0,01_시즌
2022,2022-10-30,겨울_코트_싱글코트_ZB,351,76723970,465667.0,58847.0,196521.0,10,231380.0,206698.0,218587.0,53.0,01_시즌
2022,2022-10-30,겨울_팬츠_니트팬츠_ZB,189,7972150,89900.0,9850.0,42601.0,10,43064.0,35245.0,42181.0,53.0,01_시즌
2022,2022-10-30,겨울_팬츠_팬츠(일반)_ZA,618,43966491,139000.0,15404.0,73426.0,10,85141.0,74637.0,71143.0,49.0,01_시즌
2022,2022-10-30,겨울_팬츠_팬츠(일반)_ZB,1074,63059152,99900.0,11722.0,62606.0,10,58745.0,46384.0,58714.0,41.0,01_시즌
2022,2022-10-30,사계절_니트 셔츠_라운드_ZB,1993,26787747,63233.0,6434.0,19763.0,10,20026.0,21712.0,13441.0,79.0,01_시즌
2022,2022-10-30,사계절_데님_데님팬츠_ZB,306,15687587,99900.0,13234.0,49644.0,10,49577.0,49011.0,51267.0,49.0,01_시즌
2022,2022-10-30,사계절_수트_블레이져(수트)_ZB,302,47746911,239000.0,37800.0,157786.0,10,161865.0,160171.0,158102.0,34.0,01_시즌
2022,2022-10-30,사계절_수트_블레이져(수트)_ZC,85,13595900,239000.0,40079.0,159952.0,10,164419.0,163514.0,159952.0,33.0,01_시즌
2022,2022-10-30,사계절_수트_수트팬츠_ZB,361,30662489,129000.0,18177.0,81856.0,10,87607.0,84612.0,84938.0,34.0,01_시즌
2022,2022-10-30,사계절_수트_수트팬츠_ZC,67,5942076,129000.0,20456.0,88688.0,10,89447.0,88562.0,88688.0,31.0,01_시즌
2022,2022-10-30,사계절_우븐 셔츠_드레스셔츠_ZB,863,26839054,69900.0,7104.0,25894.0,10,26015.0,29098.0,31100.0,56.0,01_시즌
2022,2022-10-30,사계절_자켓_싱글재킷_ZB,18,2357000,239000.0,29296.0,130944.0,10,128702.0,135628.0,130944.0,45.0,01_시즌
2022,2022-10-30,사계절_팬츠_니트팬츠_ZB,113,2159280,64900.0,6322.0,19870.0,10,19182.0,26418.0,19109.0,71.0,01_시즌
2022,2022-10-30,사계절_팬츠_팬츠(일반)_ZB,1017,49540226,99900.0,12047.0,47098.0,10,46089.0,46584.0,48712.0,51.0,01_시즌
2022,2022-11-06,가을_니트 셔츠_라운드_ZB,126,5166986,89900.0,12898.0,41008.0,11,32732.0,37381.0,41008.0,54.0,01_시즌
2022,2022-11-06,가을_수트_블레이져(수트)_ZB,317,62117480,259000.0,48726.0,195984.0,11,200160.0,199029.0,195954.0,24.0,01_시즌
2022,2022-11-06,가을_수트_수트팬츠_ZB,348,35979189,139000.0,24746.0,103825.0,11,107180.0,106861.0,103388.0,26.0,01_시즌
2022,2022-11-06,가을_스웨터_오픈형(CARDIGAN)_ZB,67,6937345,199900.0,23992.0,103542.0,11,110644.0,114213.0,103542.0,48.0,01_시즌
2022,2022-11-06,가을_우븐 셔츠_캐쥬얼셔츠_ZB,387,14696820,89900.0,7880.0,38036.0,11,33699.0,41578.0,37976.0,58.0,01_시즌
2022,2022-11-06,가을_점퍼_점퍼_ZA,57,6572176,259000.0,31964.0,115301.0,11,109856.0,115417.0,115301.0,55.0,01_시즌
2022,2022-11-06,가을_팬츠_니트팬츠_ZB,47,1900000,89900.0,10684.0,40426.0,11,35549.0,44548.0,40426.0,55.0,01_시즌
2022,2022-11-06,가을_팬츠_팬츠(일반)_ZA,280,12876310,139000.0,15086.0,45987.0,11,42785.0,46144.0,45987.0,67.0,01_시즌
2022,2022-11-06,겨울_니트 셔츠_라운드_ZB,1674,56572601,96567.0,9444.0,36558.0,11,31126.0,31166.0,33795.0,65.0,01_시즌
2022,2022-11-06,겨울_니트 셔츠_오픈형티(맨투맨 등)_ZB,37,3303000,239900.0,21394.0,89270.0,11,78611.0,75113.0,89270.0,63.0,01_시즌
2022,2022-11-06,겨울_니트 셔츠_후드티_ZB,267,11186839,99900.0,16087.0,41898.0,11,40430.0,41055.0,41898.0,58.0,01_시즌
2022,2022-11-06,겨울_사파리_패딩사파리_ZA,22,6628000,599000.0,52749.0,301273.0,11,256450.0,236351.0,301273.0,50.0,01_시즌
2022,2022-11-06,겨울_사파리_패딩사파리_ZB,660,116596614,503000.0,46638.0,192142.0,11,162958.0,172366.0,176662.0,65.0,01_시즌
2022,2022-11-06,겨울_수트_블레이져(수트)_ZA,235,62876156,396500.0,64691.0,278474.0,11,262535.0,273377.0,267558.0,33.0,01_시즌
2022,2022-11-06,겨울_수트_블레이져(수트)_ZB,796,153091308,259000.0,51103.0,192438.0,11,196834.0,196834.0,192326.0,26.0,01_시즌
2022,2022-11-06,겨울_수트_블레이져(수트)_ZC,157,30878480,259000.0,49294.0,196678.0,11,198714.0,197005.0,196678.0,24.0,01_시즌
2022,2022-11-06,겨울_수트_수트팬츠_ZA,263,38446511,226500.0,34258.0,159983.0,11,149913.0,157185.0,146184.0,35.0,01_시즌
2022,2022-11-06,겨울_수트_수트팬츠_ZB,794,81657160,139000.0,26075.0,102882.0,11,105308.0,105533.0,102843.0,26.0,01_시즌
2022,2022-11-06,겨울_수트_수트팬츠_ZC,191,20009440,139000.0,25015.0,104761.0,11,106011.0,105578.0,104761.0,25.0,01_시즌
2022,2022-11-06,겨울_스웨터_T-에리_ZA,211,14214150,159900.0,15220.0,68386.0,11,61336.0,67135.0,67366.0,58.0,01_시즌
2022,2022-11-06,겨울_스웨터_T-에리_ZB,610,28886635,119900.0,14876.0,47355.0,11,41274.0,45560.0,47355.0,61.0,01_시즌
2022,2022-11-06,겨울_스웨터_Turtle_ZA,70,5618000,159900.0,14674.0,80257.0,11,63652.0,63844.0,80257.0,50.0,01_시즌
2022,2022-11-06,겨울_스웨터_Turtle_ZB,1138,72082000,119900.0,15456.0,62430.0,11,43450.0,42376.0,63341.0,47.0,01_시즌
2022,2022-11-06,겨울_스웨터_라운드_ZA,149,11079730,149900.0,15772.0,82062.0,11,62230.0,63647.0,74361.0,50.0,01_시즌
2022,2022-11-06,겨울_스웨터_라운드_ZB,1313,39357542,99900.0,14203.0,29975.0,11,36394.0,44470.0,29975.0,70.0,01_시즌
2022,2022-11-06,겨울_스웨터_오픈형(CARDIGAN)_ZA,178,17864095,199900.0,17190.0,100052.0,11,98272.0,96352.0,100360.0,50.0,01_시즌
2022,2022-11-06,겨울_우븐 셔츠_캐쥬얼셔츠_ZA,472,30608210,132400.0,14273.0,59674.0,11,54918.0,52481.0,64848.0,51.0,01_시즌
2022,2022-11-06,겨울_자켓_싱글재킷_ZA,796,131348302,324000.0,39932.0,166754.0,11,170515.0,188233.0,165010.0,49.0,01_시즌
2022,2022-11-06,겨울_점퍼_점퍼_ZB,179,35351268,459000.0,46482.0,197493.0,11,189728.0,181524.0,197493.0,57.0,01_시즌
2022,2022-11-06,겨울_점퍼_패딩점퍼_ZB,941,131374065,349000.0,29736.0,143444.0,11,118390.0,118822.0,139611.0,60.0,01_시즌
2022,2022-11-06,겨울_코트_더블코트_ZA,147,43239890,599000.0,81339.0,294149.0,11,275484.0,272132.0,294149.0,51.0,01_시즌
2022,2022-11-06,겨울_코트_싱글코트_ZA,422,131703210,799000.0,124880.0,445511.0,11,418470.0,448209.0,312093.0,61.0,01_시즌
2022,2022-11-06,겨울_코트_싱글코트_ZB,1519,285305176,465667.0,60790.0,215387.0,11,205836.0,206698.0,187824.0,60.0,01_시즌
2022,2022-11-06,겨울_팬츠_니트팬츠_ZB,286,11452400,89900.0,9939.0,39274.0,11,36210.0,35245.0,40043.0,55.0,01_시즌
2022,2022-11-06,겨울_팬츠_팬츠(일반)_ZA,864,60105493,139000.0,15481.0,58453.0,11,66189.0,74637.0,69567.0,50.0,01_시즌
2022,2022-11-06,겨울_팬츠_팬츠(일반)_ZB,2041,98645132,99900.0,12985.0,41620.0,11,43059.0,46384.0,48332.0,52.0,01_시즌
2022,2022-11-06,사계절_니트 셔츠_라운드_ZB,2507,33301573,63233.0,6434.0,18899.0,11,16857.0,21712.0,13283.0,79.0,01_시즌
2022,2022-11-06,사계절_데님_데님팬츠_ZB,379,18806415,99900.0,13234.0,49053.0,11,49899.0,49011.0,49621.0,50.0,01_시즌
2022,2022-11-06,사계절_수트_블레이져(수트)_ZB,284,44533165,239000.0,37800.0,156243.0,11,162225.0,160171.0,156807.0,34.0,01_시즌
2022,2022-11-06,사계절_수트_블레이져(수트)_ZC,51,8227170,239000.0,40079.0,161317.0,11,161934.0,163514.0,161317.0,33.0,01_시즌
2022,2022-11-06,사계절_수트_수트팬츠_ZB,323,27853984,129000.0,18177.0,86401.0,11,88440.0,84612.0,86235.0,33.0,01_시즌
2022,2022-11-06,사계절_수트_수트팬츠_ZC,49,4345470,129000.0,20456.0,88683.0,11,87188.0,88562.0,88683.0,31.0,01_시즌
2022,2022-11-06,사계절_우븐 셔츠_드레스셔츠_ZB,794,25238429,69900.0,7104.0,26409.0,11,26306.0,29098.0,31786.0,55.0,01_시즌
2022,2022-11-06,사계절_자켓_싱글재킷_ZB,43,5213578,239000.0,29296.0,121246.0,11,134260.0,135628.0,121246.0,49.0,01_시즌
2022,2022-11-06,사계절_팬츠_니트팬츠_ZB,160,3001952,64900.0,6322.0,19700.0,11,18265.0,26418.0,18762.0,71.0,01_시즌
2022,2022-11-06,사계절_팬츠_팬츠(일반)_ZB,1700,67669225,99900.0,12047.0,38916.0,11,45537.0,46584.0,39805.0,60.0,01_시즌
2022,2022-11-13,가을_니트 셔츠_라운드_ZB,204,7752800,89900.0,12898.0,38004.0,11,32732.0,37381.0,38004.0,58.0,01_시즌
2022,2022-11-13,가을_수트_블레이져(수트)_ZB,212,42169852,259000.0,48726.0,198922.0,11,200160.0,199029.0,198914.0,23.0,01_시즌
2022,2022-11-13,가을_수트_수트팬츠_ZB,249,26612670,139000.0,24746.0,106940.0,11,107180.0,106861.0,106878.0,23.0,01_시즌
2022,2022-11-13,가을_스웨터_오픈형(CARDIGAN)_ZB,46,5447600,199900.0,23992.0,118426.0,11,110644.0,114213.0,118426.0,41.0,01_시즌
2022,2022-11-13,가을_우븐 셔츠_캐쥬얼셔츠_ZB,341,11494556,89900.0,7880.0,34596.0,11,33699.0,41578.0,33708.0,63.0,01_시즌
2022,2022-11-13,가을_점퍼_점퍼_ZA,22,2718000,259000.0,31964.0,123545.0,11,109856.0,115417.0,123545.0,52.0,01_시즌
2022,2022-11-13,가을_팬츠_니트팬츠_ZB,79,2978950,89900.0,10684.0,37708.0,11,35549.0,44548.0,37708.0,58.0,01_시즌
2022,2022-11-13,가을_팬츠_팬츠(일반)_ZA,270,11719900,139000.0,15086.0,43407.0,11,42785.0,46144.0,43407.0,69.0,01_시즌
2022,2022-11-13,겨울_니트 셔츠_라운드_ZB,1774,62491250,96567.0,9444.0,36729.0,11,31126.0,31166.0,35226.0,64.0,01_시즌
2022,2022-11-13,겨울_니트 셔츠_오픈형티(맨투맨 등)_ZB,34,2698016,239900.0,21388.0,79353.0,11,78611.0,75113.0,79353.0,67.0,01_시즌
2022,2022-11-13,겨울_니트 셔츠_후드티_ZB,379,17155920,99900.0,16087.0,45266.0,11,40430.0,41055.0,45266.0,55.0,01_시즌
2022,2022-11-13,겨울_사파리_패딩사파리_ZA,18,5144400,599000.0,52749.0,285800.0,11,256450.0,236351.0,285800.0,52.0,01_시즌
2022,2022-11-13,겨울_사파리_패딩사파리_ZB,881,127197134,503000.0,46655.0,166441.0,11,162958.0,172366.0,144378.0,71.0,01_시즌
2022,2022-11-13,겨울_수트_블레이져(수트)_ZA,176,47739601,396500.0,64691.0,281644.0,11,262535.0,273377.0,271248.0,32.0,01_시즌
2022,2022-11-13,겨울_수트_블레이져(수트)_ZB,422,83548556,259000.0,51103.0,196361.0,11,196834.0,196834.0,197982.0,24.0,01_시즌
2022,2022-11-13,겨울_수트_블레이져(수트)_ZC,149,29949440,259000.0,49294.0,201003.0,11,198714.0,197005.0,201003.0,22.0,01_시즌
2022,2022-11-13,겨울_수트_수트팬츠_ZA,189,27743838,226500.0,34258.0,157318.0,11,149913.0,157185.0,146793.0,35.0,01_시즌
2022,2022-11-13,겨울_수트_수트팬츠_ZB,444,46988790,139000.0,26075.0,104932.0,11,105308.0,105533.0,105831.0,24.0,01_시즌
2022,2022-11-13,겨울_수트_수트팬츠_ZC,159,17198940,139000.0,25015.0,108169.0,11,106011.0,105578.0,108169.0,22.0,01_시즌
2022,2022-11-13,겨울_스웨터_T-에리_ZA,261,16256663,159900.0,15220.0,61980.0,11,61336.0,67135.0,62286.0,61.0,01_시즌
2022,2022-11-13,겨울_스웨터_T-에리_ZB,641,26966049,119900.0,14876.0,42069.0,11,41274.0,45560.0,42069.0,65.0,01_시즌
2022,2022-11-13,겨울_스웨터_Turtle_ZA,151,9360400,159900.0,14674.0,61989.0,11,63652.0,63844.0,61989.0,61.0,01_시즌
2022,2022-11-13,겨울_스웨터_Turtle_ZB,1199,38546798,119900.0,15456.0,31764.0,11,43450.0,42376.0,32149.0,73.0,01_시즌
2022,2022-11-13,겨울_스웨터_라운드_ZA,190,11163876,149900.0,15772.0,57610.0,11,62230.0,63647.0,58757.0,61.0,01_시즌
2022,2022-11-13,겨울_스웨터_라운드_ZB,2257,87353186,99900.0,14203.0,38703.0,11,36394.0,44470.0,38703.0,61.0,01_시즌
2022,2022-11-13,겨울_스웨터_오픈형(CARDIGAN)_ZA,140,16538030,199900.0,17190.0,117204.0,11,98272.0,96352.0,118129.0,41.0,01_시즌
2022,2022-11-13,겨울_우븐 셔츠_캐쥬얼셔츠_ZA,458,30768954,132400.0,14273.0,60901.0,11,54918.0,52481.0,67181.0,49.0,01_시즌
2022,2022-11-13,겨울_자켓_싱글재킷_ZA,626,113873820,324000.0,39932.0,180188.0,11,170515.0,188233.0,181907.0,44.0,01_시즌
2022,2022-11-13,겨울_점퍼_점퍼_ZB,52,11310869,459000.0,46482.0,217517.0,11,189728.0,181524.0,217517.0,53.0,01_시즌
2022,2022-11-13,겨울_점퍼_패딩점퍼_ZB,468,51408131,349000.0,29736.0,115850.0,11,118390.0,118822.0,109846.0,69.0,01_시즌
2022,2022-11-13,겨울_코트_더블코트_ZA,146,42644800,599000.0,81339.0,292088.0,11,275484.0,272132.0,292088.0,51.0,01_시즌
2022,2022-11-13,겨울_코트_싱글코트_ZA,411,125847900,799000.0,124880.0,463527.0,11,418470.0,448209.0,306199.0,62.0,01_시즌
2022,2022-11-13,겨울_코트_싱글코트_ZB,900,176463767,465667.0,60813.0,213520.0,11,205836.0,206698.0,196071.0,58.0,01_시즌
2022,2022-11-13,겨울_팬츠_니트팬츠_ZB,441,18818306,89900.0,9939.0,42222.0,11,36210.0,35245.0,42672.0,53.0,01_시즌
2022,2022-11-13,겨울_팬츠_팬츠(일반)_ZA,673,50478538,139000.0,15481.0,71062.0,11,66189.0,74637.0,75005.0,46.0,01_시즌
2022,2022-11-13,겨울_팬츠_팬츠(일반)_ZB,1929,86696492,99900.0,12985.0,44470.0,11,43059.0,46384.0,44944.0,55.0,01_시즌
2022,2022-11-13,사계절_니트 셔츠_라운드_ZB,757,10166204,63233.0,6434.0,18588.0,11,16857.0,21712.0,13430.0,79.0,01_시즌
2022,2022-11-13,사계절_데님_데님팬츠_ZB,290,14871795,99900.0,13234.0,50146.0,11,49899.0,49011.0,51282.0,49.0,01_시즌
2022,2022-11-13,사계절_수트_블레이져(수트)_ZB,195,32222255,239000.0,37800.0,165355.0,11,162225.0,160171.0,165242.0,31.0,01_시즌
2022,2022-11-13,사계절_수트_블레이져(수트)_ZC,55,9054000,239000.0,40079.0,164618.0,11,161934.0,163514.0,164618.0,31.0,01_시즌
2022,2022-11-13,사계절_수트_수트팬츠_ZB,218,19394244,129000.0,18177.0,88951.0,11,88440.0,84612.0,88964.0,31.0,01_시즌
2022,2022-11-13,사계절_수트_수트팬츠_ZC,65,5715000,129000.0,20456.0,87923.0,11,87188.0,88562.0,87923.0,32.0,01_시즌
2022,2022-11-13,사계절_우븐 셔츠_드레스셔츠_ZB,806,27270181,69900.0,7104.0,26540.0,11,26306.0,29098.0,33834.0,52.0,01_시즌
2022,2022-11-13,사계절_자켓_싱글재킷_ZB,19,2538000,239000.0,29296.0,133579.0,11,134260.0,135628.0,133579.0,44.0,01_시즌
2022,2022-11-13,사계절_팬츠_니트팬츠_ZB,56,1095200,64900.0,6322.0,20866.0,11,18265.0,26418.0,19557.0,70.0,01_시즌
2022,2022-11-13,사계절_팬츠_팬츠(일반)_ZB,766,37738699,99900.0,12047.0,47705.0,11,45537.0,46584.0,49267.0,51.0,01_시즌
2022,2022-11-20,가을_니트 셔츠_라운드_ZB,270,7595500,89900.0,12898.0,28131.0,11,32732.0,37381.0,28131.0,69.0,01_시즌
2022,2022-11-20,가을_수트_블레이져(수트)_ZB,185,36329678,259000.0,48726.0,195954.0,11,200160.0,199029.0,196377.0,24.0,01_시즌
2022,2022-11-20,가을_수트_수트팬츠_ZB,192,20120560,139000.0,24746.0,104537.0,11,107180.0,106861.0,104795.0,25.0,01_시즌
2022,2022-11-20,가을_스웨터_오픈형(CARDIGAN)_ZB,42,4538000,199900.0,23992.0,108048.0,11,110644.0,114213.0,108048.0,46.0,01_시즌
2022,2022-11-20,가을_우븐 셔츠_캐쥬얼셔츠_ZB,376,10981605,89900.0,7880.0,29360.0,11,33699.0,41578.0,29206.0,68.0,01_시즌
2022,2022-11-20,가을_점퍼_점퍼_ZA,17,1583000,259000.0,31964.0,93118.0,11,109856.0,115417.0,93118.0,64.0,01_시즌
2022,2022-11-20,가을_팬츠_니트팬츠_ZB,106,3370245,89900.0,10684.0,31795.0,11,35549.0,44548.0,31795.0,65.0,01_시즌
2022,2022-11-20,가을_팬츠_팬츠(일반)_ZA,255,10170100,139000.0,15086.0,39883.0,11,42785.0,46144.0,39883.0,71.0,01_시즌
2022,2022-11-20,겨울_니트 셔츠_라운드_ZB,1920,52460225,96567.0,9444.0,28069.0,11,31126.0,31166.0,27323.0,72.0,01_시즌
2022,2022-11-20,겨울_니트 셔츠_오픈형티(맨투맨 등)_ZB,59,4431000,239900.0,21388.0,75102.0,11,78611.0,75113.0,75102.0,69.0,01_시즌
2022,2022-11-20,겨울_니트 셔츠_후드티_ZB,365,14167900,99900.0,16087.0,38816.0,11,40430.0,41055.0,38816.0,61.0,01_시즌
2022,2022-11-20,겨울_사파리_패딩사파리_ZA,30,7329600,599000.0,52749.0,244320.0,11,256450.0,236351.0,244320.0,59.0,01_시즌
2022,2022-11-20,겨울_사파리_패딩사파리_ZB,1114,146720147,503000.0,46655.0,150664.0,11,162958.0,172366.0,131706.0,74.0,01_시즌
2022,2022-11-20,겨울_수트_블레이져(수트)_ZA,286,64949670,396500.0,64691.0,250436.0,11,262535.0,273377.0,227097.0,43.0,01_시즌
2022,2022-11-20,겨울_수트_블레이져(수트)_ZB,399,79695953,259000.0,51103.0,198998.0,11,196834.0,196834.0,199739.0,23.0,01_시즌
2022,2022-11-20,겨울_수트_블레이져(수트)_ZC,113,22543860,259000.0,49294.0,199503.0,11,198714.0,197005.0,199503.0,23.0,01_시즌
2022,2022-11-20,겨울_수트_수트팬츠_ZA,326,40126778,226500.0,34258.0,145274.0,11,149913.0,157185.0,123088.0,46.0,01_시즌
2022,2022-11-20,겨울_수트_수트팬츠_ZB,392,41731258,139000.0,26075.0,106836.0,11,105308.0,105533.0,106457.0,23.0,01_시즌
2022,2022-11-20,겨울_수트_수트팬츠_ZC,111,11906200,139000.0,25015.0,107263.0,11,106011.0,105578.0,107263.0,23.0,01_시즌
2022,2022-11-20,겨울_스웨터_T-에리_ZA,338,19584028,159900.0,15220.0,57946.0,11,61336.0,67135.0,57941.0,64.0,01_시즌
2022,2022-11-20,겨울_스웨터_T-에리_ZB,831,31181606,119900.0,14876.0,37523.0,11,41274.0,45560.0,37523.0,69.0,01_시즌
2022,2022-11-20,겨울_스웨터_Turtle_ZA,223,12827000,159900.0,14674.0,57520.0,11,63652.0,63844.0,57520.0,64.0,01_시즌
2022,2022-11-20,겨울_스웨터_Turtle_ZB,605,14730969,119900.0,15456.0,39005.0,11,43450.0,42376.0,24349.0,80.0,01_시즌
2022,2022-11-20,겨울_스웨터_라운드_ZA,390,22394100,149900.0,15772.0,57284.0,11,62230.0,63647.0,57421.0,62.0,01_시즌
2022,2022-11-20,겨울_스웨터_라운드_ZB,2302,88494511,99900.0,14203.0,38442.0,11,36394.0,44470.0,38442.0,62.0,01_시즌
2022,2022-11-20,겨울_스웨터_오픈형(CARDIGAN)_ZA,199,19531000,199900.0,17190.0,98368.0,11,98272.0,96352.0,98146.0,51.0,01_시즌
2022,2022-11-20,겨울_우븐 셔츠_캐쥬얼셔츠_ZA,499,26618326,132400.0,14273.0,51018.0,11,54918.0,52481.0,53343.0,60.0,01_시즌
2022,2022-11-20,겨울_자켓_싱글재킷_ZA,721,120624575,324000.0,39932.0,165871.0,11,170515.0,188233.0,167302.0,48.0,01_시즌
2022,2022-11-20,겨울_점퍼_점퍼_ZB,169,29595315,459000.0,46482.0,175120.0,11,189728.0,181524.0,175120.0,62.0,01_시즌
2022,2022-11-20,겨울_점퍼_패딩점퍼_ZB,684,75299805,349000.0,29736.0,109408.0,11,118390.0,118822.0,110087.0,68.0,01_시즌
2022,2022-11-20,겨울_코트_더블코트_ZA,167,45113000,599000.0,81339.0,270138.0,11,275484.0,272132.0,270138.0,55.0,01_시즌
2022,2022-11-20,겨울_코트_싱글코트_ZA,653,184486100,799000.0,124880.0,380932.0,11,418470.0,448209.0,282521.0,65.0,01_시즌
2022,2022-11-20,겨울_코트_싱글코트_ZB,1164,229045284,465667.0,60886.0,203773.0,11,205836.0,206698.0,196774.0,58.0,01_시즌
2022,2022-11-20,겨울_팬츠_니트팬츠_ZB,500,16552600,89900.0,9939.0,33562.0,11,36210.0,35245.0,33105.0,63.0,01_시즌
2022,2022-11-20,겨울_팬츠_팬츠(일반)_ZA,736,53681850,139000.0,15481.0,67855.0,11,66189.0,74637.0,72937.0,48.0,01_시즌
2022,2022-11-20,겨울_팬츠_팬츠(일반)_ZB,2539,109323659,99900.0,13023.0,42636.0,11,43059.0,46384.0,43058.0,57.0,01_시즌
2022,2022-11-20,사계절_니트 셔츠_라운드_ZB,1348,15686766,63233.0,6434.0,16088.0,11,16857.0,21712.0,11637.0,82.0,01_시즌
2022,2022-11-20,사계절_데님_데님팬츠_ZB,372,17273881,99900.0,13234.0,48275.0,11,49899.0,49011.0,46435.0,54.0,01_시즌
2022,2022-11-20,사계절_수트_블레이져(수트)_ZB,195,31859664,239000.0,37800.0,164853.0,11,162225.0,160171.0,163383.0,32.0,01_시즌
2022,2022-11-20,사계절_수트_블레이져(수트)_ZC,41,6697365,239000.0,40079.0,163350.0,11,161934.0,163514.0,163350.0,32.0,01_시즌
2022,2022-11-20,사계절_수트_수트팬츠_ZB,225,19979150,129000.0,18177.0,88740.0,11,88440.0,84612.0,88796.0,31.0,01_시즌
2022,2022-11-20,사계절_수트_수트팬츠_ZC,43,3817035,129000.0,20456.0,88768.0,11,87188.0,88562.0,88768.0,31.0,01_시즌
2022,2022-11-20,사계절_우븐 셔츠_드레스셔츠_ZB,497,15210234,69900.0,7104.0,25751.0,11,26306.0,29098.0,30604.0,56.0,01_시즌
2022,2022-11-20,사계절_자켓_싱글재킷_ZB,17,2288000,239000.0,29296.0,134588.0,11,134260.0,135628.0,134588.0,44.0,01_시즌
2022,2022-11-20,사계절_팬츠_니트팬츠_ZB,119,1800400,64900.0,6322.0,15767.0,11,18265.0,26418.0,15129.0,77.0,01_시즌
2022,2022-11-20,사계절_팬츠_팬츠(일반)_ZB,925,42154528,99900.0,12047.0,45072.0,11,45537.0,46584.0,45572.0,54.0,01_시즌
2022,2022-11-27,가을_니트 셔츠_라운드_ZB,164,3900700,89900.0,12898.0,23785.0,11,32732.0,37381.0,23785.0,74.0,01_시즌
2022,2022-11-27,가을_수트_블레이져(수트)_ZB,138,28970220,259000.0,48726.0,209780.0,11,200160.0,199029.0,209929.0,19.0,01_시즌
2022,2022-11-27,가을_수트_수트팬츠_ZB,160,18150000,139000.0,24746.0,113420.0,11,107180.0,106861.0,113438.0,18.0,01_시즌
2022,2022-11-27,가을_스웨터_오픈형(CARDIGAN)_ZB,56,6303449,199900.0,23992.0,112562.0,11,110644.0,114213.0,112562.0,44.0,01_시즌
2022,2022-11-27,가을_우븐 셔츠_캐쥬얼셔츠_ZB,234,7674600,89900.0,7880.0,32802.0,11,33699.0,41578.0,32797.0,64.0,01_시즌
2022,2022-11-27,가을_점퍼_점퍼_ZA,13,1397000,259000.0,31964.0,107462.0,11,109856.0,115417.0,107462.0,59.0,01_시즌
2022,2022-11-27,가을_팬츠_니트팬츠_ZB,86,2774850,89900.0,10684.0,32266.0,11,35549.0,44548.0,32266.0,64.0,01_시즌
2022,2022-11-27,가을_팬츠_팬츠(일반)_ZA,147,6153800,139000.0,15086.0,41863.0,11,42785.0,46144.0,41863.0,70.0,01_시즌
2022,2022-11-27,겨울_니트 셔츠_라운드_ZB,2444,55294642,96567.0,9444.0,23148.0,11,31126.0,31166.0,22625.0,77.0,01_시즌
2022,2022-11-27,겨울_니트 셔츠_오픈형티(맨투맨 등)_ZB,64,4526000,239900.0,21388.0,70719.0,11,78611.0,75113.0,70719.0,71.0,01_시즌
2022,2022-11-27,겨울_니트 셔츠_후드티_ZB,330,11793754,99900.0,16087.0,35739.0,11,40430.0,41055.0,35739.0,64.0,01_시즌
2022,2022-11-27,겨울_사파리_패딩사파리_ZA,27,5249000,599000.0,52749.0,194407.0,11,256450.0,236351.0,194407.0,68.0,01_시즌
2022,2022-11-27,겨울_사파리_패딩사파리_ZB,1226,147760313,503000.0,46655.0,142585.0,11,162958.0,172366.0,120522.0,76.0,01_시즌
2022,2022-11-27,겨울_수트_블레이져(수트)_ZA,254,55439637,396500.0,64691.0,239587.0,11,262535.0,273377.0,218266.0,45.0,01_시즌
2022,2022-11-27,겨울_수트_블레이져(수트)_ZB,341,67861912,259000.0,51103.0,199540.0,11,196834.0,196834.0,199009.0,23.0,01_시즌
2022,2022-11-27,겨울_수트_블레이져(수트)_ZC,63,12453440,259000.0,49294.0,197674.0,11,198714.0,197005.0,197674.0,24.0,01_시즌
2022,2022-11-27,겨울_수트_수트팬츠_ZA,276,32781073,226500.0,34258.0,137080.0,11,149913.0,157185.0,118772.0,48.0,01_시즌
2022,2022-11-27,겨울_수트_수트팬츠_ZB,364,38854722,139000.0,26075.0,106581.0,11,105308.0,105533.0,106744.0,23.0,01_시즌
2022,2022-11-27,겨울_수트_수트팬츠_ZC,74,7684880,139000.0,25015.0,103850.0,11,106011.0,105578.0,103850.0,25.0,01_시즌
2022,2022-11-27,겨울_스웨터_T-에리_ZA,290,16453200,159900.0,15220.0,57032.0,11,61336.0,67135.0,56735.0,65.0,01_시즌
2022,2022-11-27,겨울_스웨터_T-에리_ZB,496,18921265,119900.0,14876.0,38148.0,11,41274.0,45560.0,38148.0,68.0,01_시즌
2022,2022-11-27,겨울_스웨터_Turtle_ZA,296,16232900,159900.0,14674.0,54841.0,11,63652.0,63844.0,54841.0,66.0,01_시즌
2022,2022-11-27,겨울_스웨터_Turtle_ZB,780,29949298,119900.0,15456.0,38380.0,11,43450.0,42376.0,38397.0,68.0,01_시즌
2022,2022-11-27,겨울_스웨터_라운드_ZA,469,24754600,149900.0,15772.0,51966.0,11,62230.0,63647.0,52782.0,65.0,01_시즌
2022,2022-11-27,겨울_스웨터_라운드_ZB,1680,64604576,99900.0,14203.0,38455.0,11,36394.0,44470.0,38455.0,62.0,01_시즌
2022,2022-11-27,겨울_스웨터_오픈형(CARDIGAN)_ZA,234,17121050,199900.0,17190.0,77464.0,11,98272.0,96352.0,73167.0,63.0,01_시즌
2022,2022-11-27,겨울_우븐 셔츠_캐쥬얼셔츠_ZA,371,19156750,132400.0,14273.0,48081.0,11,54918.0,52481.0,51635.0,61.0,01_시즌
2022,2022-11-27,겨울_자켓_싱글재킷_ZA,559,95125763,324000.0,39932.0,169248.0,11,170515.0,188233.0,170171.0,47.0,01_시즌
2022,2022-11-27,겨울_점퍼_점퍼_ZB,106,17890944,459000.0,46482.0,168782.0,11,189728.0,181524.0,168782.0,63.0,01_시즌
2022,2022-11-27,겨울_점퍼_패딩점퍼_ZB,618,64921045,349000.0,29724.0,104858.0,11,118390.0,118822.0,105050.0,70.0,01_시즌
2022,2022-11-27,겨울_코트_더블코트_ZA,189,46411100,599000.0,81339.0,245561.0,11,275484.0,272132.0,245561.0,59.0,01_시즌
2022,2022-11-27,겨울_코트_싱글코트_ZA,649,163055200,799000.0,124880.0,383909.0,11,418470.0,448209.0,251241.0,69.0,01_시즌
2022,2022-11-27,겨울_코트_싱글코트_ZB,1179,211149449,465667.0,60886.0,190664.0,11,205836.0,206698.0,179092.0,62.0,01_시즌
2022,2022-11-27,겨울_팬츠_니트팬츠_ZB,653,19400849,89900.0,9939.0,29782.0,11,36210.0,35245.0,29710.0,67.0,01_시즌
2022,2022-11-27,겨울_팬츠_팬츠(일반)_ZA,670,48898165,139000.0,15481.0,67389.0,11,66189.0,74637.0,72982.0,47.0,01_시즌
2022,2022-11-27,겨울_팬츠_팬츠(일반)_ZB,1374,61335579,99900.0,13023.0,43961.0,11,43059.0,46384.0,44640.0,55.0,01_시즌
2022,2022-11-27,사계절_니트 셔츠_라운드_ZB,624,8481327,63233.0,6434.0,13852.0,11,16857.0,21712.0,13592.0,79.0,01_시즌
2022,2022-11-27,사계절_데님_데님팬츠_ZB,269,13422350,99900.0,13234.0,52123.0,11,49899.0,49011.0,49897.0,50.0,01_시즌
2022,2022-11-27,사계절_수트_블레이져(수트)_ZB,154,24811598,239000.0,37800.0,162451.0,11,162225.0,160171.0,161114.0,33.0,01_시즌
2022,2022-11-27,사계절_수트_블레이져(수트)_ZC,50,7922488,239000.0,40079.0,158450.0,11,161934.0,163514.0,158450.0,34.0,01_시즌
2022,2022-11-27,사계절_수트_수트팬츠_ZB,184,16219544,129000.0,18177.0,89669.0,11,88440.0,84612.0,88150.0,32.0,01_시즌
2022,2022-11-27,사계절_수트_수트팬츠_ZC,35,2918270,129000.0,20456.0,83379.0,11,87188.0,88562.0,83379.0,35.0,01_시즌
2022,2022-11-27,사계절_우븐 셔츠_드레스셔츠_ZB,516,17287439,69900.0,7104.0,26527.0,11,26306.0,29098.0,33503.0,52.0,01_시즌
2022,2022-11-27,사계절_자켓_싱글재킷_ZB,8,1181000,239000.0,29296.0,147625.0,11,134260.0,135628.0,147625.0,38.0,01_시즌
2022,2022-11-27,사계절_팬츠_니트팬츠_ZB,38,670400,64900.0,6322.0,16728.0,11,18265.0,26418.0,17642.0,73.0,01_시즌
2022,2022-11-27,사계절_팬츠_팬츠(일반)_ZB,589,29477299,99900.0,12047.0,50458.0,11,45537.0,46584.0,50046.0,50.0,01_시즌
2022,2022-12-04,겨울_니트 셔츠_라운드_ZB,4575,96358439,96567.0,9444.0,21649.0,12,22143.0,31166.0,21062.0,78.0,01_시즌
2022,2022-12-04,겨울_니트 셔츠_오픈형티(맨투맨 등)_ZB,90,6310000,239900.0,21388.0,70111.0,12,66596.0,75113.0,70111.0,71.0,01_시즌
2022,2022-12-04,겨울_니트 셔츠_후드티_ZB,448,12742256,99900.0,16087.0,28443.0,12,30074.0,41055.0,28443.0,72.0,01_시즌
2022,2022-12-04,겨울_사파리_패딩사파리_ZA,103,19576120,599000.0,52749.0,190059.0,12,167675.0,236351.0,190059.0,68.0,01_시즌
2022,2022-12-04,겨울_사파리_패딩사파리_ZB,3348,425617347,503000.0,47278.0,139511.0,12,135153.0,172366.0,127126.0,75.0,01_시즌
2022,2022-12-04,겨울_수트_블레이져(수트)_ZA,335,71271740,396500.0,64691.0,240482.0,12,233150.0,273377.0,212751.0,46.0,01_시즌
2022,2022-12-04,겨울_수트_블레이져(수트)_ZB,328,66073821,259000.0,51103.0,201671.0,12,200246.0,196834.0,201445.0,22.0,01_시즌
2022,2022-12-04,겨울_수트_블레이져(수트)_ZC,70,14147300,259000.0,49294.0,202104.0,12,198839.0,197005.0,202104.0,22.0,01_시즌
2022,2022-12-04,겨울_수트_수트팬츠_ZA,356,40426990,226500.0,34258.0,136786.0,12,135199.0,157185.0,113559.0,50.0,01_시즌
2022,2022-12-04,겨울_수트_수트팬츠_ZB,345,37153071,139000.0,26075.0,107144.0,12,107090.0,105533.0,107690.0,23.0,01_시즌
2022,2022-12-04,겨울_수트_수트팬츠_ZC,78,8322200,139000.0,25015.0,106695.0,12,106416.0,105578.0,106695.0,23.0,01_시즌
2022,2022-12-04,겨울_스웨터_T-에리_ZA,283,16053480,159900.0,15220.0,56372.0,12,56036.0,67135.0,56726.0,65.0,01_시즌
2022,2022-12-04,겨울_스웨터_T-에리_ZB,665,24584200,119900.0,14876.0,36969.0,12,36148.0,45560.0,36969.0,69.0,01_시즌
2022,2022-12-04,겨울_스웨터_Turtle_ZA,271,15767300,159900.0,18201.0,58182.0,12,55946.0,63844.0,58182.0,64.0,01_시즌
2022,2022-12-04,겨울_스웨터_Turtle_ZB,1858,70114000,119900.0,15456.0,37744.0,12,37255.0,42376.0,37736.0,69.0,01_시즌
2022,2022-12-04,겨울_스웨터_라운드_ZA,57,5049000,149900.0,17086.0,56524.0,12,54960.0,63647.0,88579.0,41.0,01_시즌
2022,2022-12-04,겨울_스웨터_라운드_ZB,2346,89052776,99900.0,14203.0,37959.0,12,37367.0,44470.0,37959.0,62.0,01_시즌
2022,2022-12-04,겨울_스웨터_오픈형(CARDIGAN)_ZA,180,14206512,199900.0,18894.0,76645.0,12,73509.0,96352.0,78925.0,61.0,01_시즌
2022,2022-12-04,겨울_우븐 셔츠_캐쥬얼셔츠_ZA,424,20716302,132400.0,14273.0,46228.0,12,46114.0,52481.0,48859.0,63.0,01_시즌
2022,2022-12-04,겨울_자켓_싱글재킷_ZA,387,66562694,324000.0,39944.0,168365.0,12,166248.0,188233.0,171997.0,47.0,01_시즌
2022,2022-12-04,겨울_점퍼_점퍼_ZB,75,11678578,459000.0,46482.0,155714.0,12,159181.0,181524.0,155714.0,66.0,01_시즌
2022,2022-12-04,겨울_점퍼_패딩점퍼_ZB,2471,244650260,349000.0,30468.0,103987.0,12,96924.0,118822.0,99009.0,72.0,01_시즌
2022,2022-12-04,겨울_코트_더블코트_ZA,258,62755940,599000.0,81339.0,243240.0,12,239295.0,272132.0,243240.0,59.0,01_시즌
2022,2022-12-04,겨울_코트_싱글코트_ZA,882,233099100,799000.0,124880.0,390191.0,12,404485.0,448209.0,264285.0,67.0,01_시즌
2022,2022-12-04,겨울_코트_싱글코트_ZB,1517,270966392,465667.0,60886.0,188331.0,12,177591.0,206698.0,178620.0,62.0,01_시즌
2022,2022-12-04,겨울_팬츠_니트팬츠_ZB,1308,35103400,89900.0,9939.0,27296.0,12,26786.0,35245.0,26837.0,70.0,01_시즌
2022,2022-12-04,겨울_팬츠_팬츠(일반)_ZA,665,46940046,139000.0,15487.0,66406.0,12,62948.0,74637.0,70587.0,49.0,01_시즌
2022,2022-12-04,겨울_팬츠_팬츠(일반)_ZB,3831,157260548,99900.0,13023.0,41112.0,12,40021.0,46384.0,41049.0,59.0,01_시즌
2022,2022-12-04,사계절_니트 셔츠_라운드_ZB,1448,17440098,63233.0,6434.0,18855.0,12,19237.0,21712.0,12044.0,81.0,01_시즌
2022,2022-12-04,사계절_데님_데님팬츠_ZB,320,14390700,99900.0,13234.0,41831.0,12,48463.0,49011.0,44971.0,55.0,01_시즌
2022,2022-12-04,사계절_수트_블레이져(수트)_ZB,128,21155770,239000.0,37800.0,165746.0,12,162670.0,160171.0,165279.0,31.0,01_시즌
2022,2022-12-04,사계절_수트_블레이져(수트)_ZC,34,5559000,239000.0,40079.0,163500.0,12,164840.0,163514.0,163500.0,32.0,01_시즌
2022,2022-12-04,사계절_수트_수트팬츠_ZB,163,14497610,129000.0,18177.0,89397.0,12,89835.0,84612.0,88942.0,31.0,01_시즌
2022,2022-12-04,사계절_수트_수트팬츠_ZC,48,4256000,129000.0,20456.0,88667.0,12,89077.0,88562.0,88667.0,31.0,01_시즌
2022,2022-12-04,사계절_우븐 셔츠_드레스셔츠_ZB,2059,46540474,69900.0,7104.0,26757.0,12,26876.0,29098.0,22603.0,68.0,01_시즌
2022,2022-12-04,사계절_자켓_싱글재킷_ZB,22,2795000,239000.0,29296.0,127045.0,12,130178.0,135628.0,127045.0,47.0,01_시즌
2022,2022-12-04,사계절_팬츠_니트팬츠_ZB,122,1955200,64900.0,6322.0,14999.0,12,18961.0,26418.0,16026.0,75.0,01_시즌
2022,2022-12-04,사계절_팬츠_팬츠(일반)_ZB,811,33650351,99900.0,12047.0,40302.0,12,44848.0,46584.0,41492.0,58.0,01_시즌
2022,2022-12-11,겨울_니트 셔츠_라운드_ZB,3105,71091119,96567.0,9444.0,22823.0,12,22143.0,31166.0,22896.0,76.0,01_시즌
2022,2022-12-11,겨울_니트 셔츠_오픈형티(맨투맨 등)_ZB,58,3932000,239900.0,21388.0,67793.0,12,66596.0,75113.0,67793.0,72.0,01_시즌
2022,2022-12-11,겨울_니트 셔츠_후드티_ZB,489,15468478,99900.0,16087.0,31633.0,12,30074.0,41055.0,31633.0,68.0,01_시즌
2022,2022-12-11,겨울_사파리_패딩사파리_ZA,148,25692100,599000.0,52749.0,173595.0,12,167675.0,236351.0,173595.0,71.0,01_시즌
2022,2022-12-11,겨울_사파리_패딩사파리_ZB,2623,332450421,503000.0,47278.0,138425.0,12,135153.0,172366.0,126744.0,75.0,01_시즌
2022,2022-12-11,겨울_수트_블레이져(수트)_ZA,265,56409070,396500.0,64691.0,228456.0,12,233150.0,273377.0,212864.0,46.0,01_시즌
2022,2022-12-11,겨울_수트_블레이져(수트)_ZB,220,43608703,259000.0,51103.0,199495.0,12,200246.0,196834.0,198221.0,23.0,01_시즌
2022,2022-12-11,겨울_수트_블레이져(수트)_ZC,45,8947300,259000.0,49294.0,198829.0,12,198839.0,197005.0,198829.0,23.0,01_시즌
2022,2022-12-11,겨울_수트_수트팬츠_ZA,307,35552190,226500.0,34258.0,131995.0,12,135199.0,157185.0,115805.0,49.0,01_시즌
2022,2022-12-11,겨울_수트_수트팬츠_ZB,245,26192200,139000.0,26075.0,107368.0,12,107090.0,105533.0,106907.0,23.0,01_시즌
2022,2022-12-11,겨울_수트_수트팬츠_ZC,46,4883660,139000.0,25015.0,106167.0,12,106416.0,105578.0,106167.0,24.0,01_시즌
2022,2022-12-11,겨울_스웨터_T-에리_ZA,276,15066645,159900.0,15220.0,54373.0,12,56036.0,67135.0,54589.0,66.0,01_시즌
2022,2022-12-11,겨울_스웨터_T-에리_ZB,639,23775400,119900.0,14876.0,37207.0,12,36148.0,45560.0,37207.0,69.0,01_시즌
2022,2022-12-11,겨울_스웨터_Turtle_ZA,498,26619995,159900.0,18201.0,53454.0,12,55946.0,63844.0,53454.0,67.0,01_시즌
2022,2022-12-11,겨울_스웨터_Turtle_ZB,1724,64508412,119900.0,15456.0,37428.0,12,37255.0,42376.0,37418.0,69.0,01_시즌
2022,2022-12-11,겨울_스웨터_라운드_ZA,633,32367217,149900.0,17086.0,51422.0,12,54960.0,63647.0,51133.0,66.0,01_시즌
2022,2022-12-11,겨울_스웨터_라운드_ZB,2259,86270999,99900.0,14203.0,38190.0,12,37367.0,44470.0,38190.0,62.0,01_시즌
2022,2022-12-11,겨울_스웨터_오픈형(CARDIGAN)_ZA,253,19107435,199900.0,18894.0,74932.0,12,73509.0,96352.0,75523.0,62.0,01_시즌
2022,2022-12-11,겨울_우븐 셔츠_캐쥬얼셔츠_ZA,418,19967133,132400.0,14273.0,45931.0,12,46114.0,52481.0,47768.0,64.0,01_시즌
2022,2022-12-11,겨울_자켓_싱글재킷_ZA,330,55732986,324000.0,39944.0,168551.0,12,166248.0,188233.0,168888.0,48.0,01_시즌
2022,2022-12-11,겨울_점퍼_점퍼_ZB,55,8959420,459000.0,46482.0,162899.0,12,159181.0,181524.0,162899.0,65.0,01_시즌
2022,2022-12-11,겨울_점퍼_패딩점퍼_ZB,477,49241750,349000.0,30468.0,109310.0,12,96924.0,118822.0,103232.0,70.0,01_시즌
2022,2022-12-11,겨울_코트_더블코트_ZA,258,62192350,599000.0,81339.0,241056.0,12,239295.0,272132.0,241056.0,60.0,01_시즌
2022,2022-12-11,겨울_코트_싱글코트_ZA,800,195252100,799000.0,124880.0,326628.0,12,404485.0,448209.0,244065.0,69.0,01_시즌
2022,2022-12-11,겨울_코트_싱글코트_ZB,1586,268211480,465667.0,60886.0,176198.0,12,177591.0,206698.0,169112.0,64.0,01_시즌
2022,2022-12-11,겨울_팬츠_니트팬츠_ZB,1330,35679990,89900.0,9939.0,27008.0,12,26786.0,35245.0,26827.0,70.0,01_시즌
2022,2022-12-11,겨울_팬츠_팬츠(일반)_ZA,684,45567270,139000.0,15487.0,63065.0,12,62948.0,74637.0,66619.0,52.0,01_시즌
2022,2022-12-11,겨울_팬츠_팬츠(일반)_ZB,3556,148464782,99900.0,13023.0,41526.0,12,40021.0,46384.0,41751.0,58.0,01_시즌
2022,2022-12-11,사계절_니트 셔츠_라운드_ZB,176,3616902,63233.0,6434.0,21843.0,12,19237.0,21712.0,20551.0,68.0,01_시즌
2022,2022-12-11,사계절_데님_데님팬츠_ZB,265,13399206,99900.0,13234.0,52070.0,12,48463.0,49011.0,50563.0,49.0,01_시즌
2022,2022-12-11,사계절_수트_블레이져(수트)_ZB,114,18274042,239000.0,37800.0,159508.0,12,162670.0,160171.0,160299.0,33.0,01_시즌
2022,2022-12-11,사계절_수트_블레이져(수트)_ZC,37,5884914,239000.0,40079.0,159052.0,12,164840.0,163514.0,159052.0,33.0,01_시즌
2022,2022-12-11,사계절_수트_수트팬츠_ZB,167,14320050,129000.0,18177.0,87379.0,12,89835.0,84612.0,85749.0,34.0,01_시즌
2022,2022-12-11,사계절_수트_수트팬츠_ZC,34,3005400,129000.0,20456.0,88394.0,12,89077.0,88562.0,88394.0,31.0,01_시즌
2022,2022-12-11,사계절_우븐 셔츠_드레스셔츠_ZB,-832,-12761710,69900.0,7104.0,27562.0,12,26876.0,29098.0,15339.0,78.0,01_시즌
2022,2022-12-11,사계절_자켓_싱글재킷_ZB,12,1364000,239000.0,29296.0,113667.0,12,130178.0,135628.0,113667.0,52.0,01_시즌
2022,2022-12-11,사계절_팬츠_니트팬츠_ZB,72,1399663,64900.0,6322.0,20566.0,12,18961.0,26418.0,19440.0,70.0,01_시즌
2022,2022-12-11,사계절_팬츠_팬츠(일반)_ZB,423,20426512,99900.0,12047.0,48280.0,12,44848.0,46584.0,48290.0,52.0,01_시즌
2022,2022-12-18,겨울_니트 셔츠_라운드_ZB,3359,73942977,96567.0,9444.0,22719.0,12,22143.0,31166.0,22013.0,77.0,01_시즌
2022,2022-12-18,겨울_니트 셔츠_오픈형티(맨투맨 등)_ZB,66,4299100,239900.0,21388.0,65138.0,12,66596.0,75113.0,65138.0,73.0,01_시즌
2022,2022-12-18,겨울_니트 셔츠_후드티_ZB,508,15509529,99900.0,16087.0,30531.0,12,30074.0,41055.0,30531.0,69.0,01_시즌
2022,2022-12-18,겨울_사파리_패딩사파리_ZA,94,13966000,599000.0,52749.0,148574.0,12,167675.0,236351.0,148574.0,75.0,01_시즌
2022,2022-12-18,겨울_사파리_패딩사파리_ZB,2614,334639699,503000.0,47278.0,137321.0,12,135153.0,172366.0,128018.0,75.0,01_시즌
2022,2022-12-18,겨울_수트_블레이져(수트)_ZA,214,45246368,396500.0,64691.0,232183.0,12,233150.0,273377.0,211432.0,47.0,01_시즌
2022,2022-12-18,겨울_수트_블레이져(수트)_ZB,192,37393179,259000.0,51103.0,195718.0,12,200246.0,196834.0,194756.0,25.0,01_시즌
2022,2022-12-18,겨울_수트_블레이져(수트)_ZC,27,5288120,259000.0,49294.0,195856.0,12,198839.0,197005.0,195856.0,24.0,01_시즌
2022,2022-12-18,겨울_수트_수트팬츠_ZA,239,27556276,226500.0,34258.0,138778.0,12,135199.0,157185.0,115298.0,49.0,01_시즌
2022,2022-12-18,겨울_수트_수트팬츠_ZB,206,21336865,139000.0,26075.0,103979.0,12,107090.0,105533.0,103577.0,25.0,01_시즌
2022,2022-12-18,겨울_수트_수트팬츠_ZC,22,2311680,139000.0,25015.0,105076.0,12,106416.0,105578.0,105076.0,24.0,01_시즌
2022,2022-12-18,겨울_스웨터_T-에리_ZA,167,9621200,159900.0,15220.0,57698.0,12,56036.0,67135.0,57612.0,64.0,01_시즌
2022,2022-12-18,겨울_스웨터_T-에리_ZB,513,17999944,119900.0,14876.0,35088.0,12,36148.0,45560.0,35088.0,71.0,01_시즌
2022,2022-12-18,겨울_스웨터_Turtle_ZA,349,19954200,159900.0,18201.0,57175.0,12,55946.0,63844.0,57175.0,64.0,01_시즌
2022,2022-12-18,겨울_스웨터_Turtle_ZB,1381,51558496,119900.0,15456.0,37388.0,12,37255.0,42376.0,37334.0,69.0,01_시즌
2022,2022-12-18,겨울_스웨터_라운드_ZA,397,22081500,149900.0,17086.0,55400.0,12,54960.0,63647.0,55621.0,63.0,01_시즌
2022,2022-12-18,겨울_스웨터_라운드_ZB,1735,64102246,99900.0,14203.0,36947.0,12,37367.0,44470.0,36947.0,63.0,01_시즌
2022,2022-12-18,겨울_스웨터_오픈형(CARDIGAN)_ZA,253,19309800,199900.0,18894.0,73541.0,12,73509.0,96352.0,76323.0,62.0,01_시즌
2022,2022-12-18,겨울_우븐 셔츠_캐쥬얼셔츠_ZA,288,13640100,132400.0,14273.0,45991.0,12,46114.0,52481.0,47361.0,64.0,01_시즌
2022,2022-12-18,겨울_자켓_싱글재킷_ZA,251,41906371,324000.0,39944.0,164888.0,12,166248.0,188233.0,166958.0,48.0,01_시즌
2022,2022-12-18,겨울_점퍼_점퍼_ZB,53,8487000,459000.0,46482.0,160132.0,12,159181.0,181524.0,160132.0,65.0,01_시즌
2022,2022-12-18,겨울_점퍼_패딩점퍼_ZB,738,70183805,349000.0,30468.0,89466.0,12,96924.0,118822.0,95100.0,73.0,01_시즌
2022,2022-12-18,겨울_코트_더블코트_ZA,231,56209000,599000.0,81339.0,243329.0,12,239295.0,272132.0,243329.0,59.0,01_시즌
2022,2022-12-18,겨울_코트_싱글코트_ZA,589,140590000,799000.0,124880.0,526585.0,12,404485.0,448209.0,238693.0,70.0,01_시즌
2022,2022-12-18,겨울_코트_싱글코트_ZB,1312,224155248,465667.0,60886.0,175131.0,12,177591.0,206698.0,170850.0,63.0,01_시즌
2022,2022-12-18,겨울_팬츠_니트팬츠_ZB,861,23029600,89900.0,9939.0,26708.0,12,26786.0,35245.0,26748.0,70.0,01_시즌
2022,2022-12-18,겨울_팬츠_팬츠(일반)_ZA,663,42704000,139000.0,15487.0,61260.0,12,62948.0,74637.0,64410.0,54.0,01_시즌
2022,2022-12-18,겨울_팬츠_팬츠(일반)_ZB,2625,104750888,99900.0,13023.0,39206.0,12,40021.0,46384.0,39905.0,60.0,01_시즌
2022,2022-12-18,사계절_니트 셔츠_라운드_ZB,456,5958197,63233.0,6434.0,19999.0,12,19237.0,21712.0,13066.0,79.0,01_시즌
2022,2022-12-18,사계절_데님_데님팬츠_ZB,201,9931311,99900.0,13234.0,49344.0,12,48463.0,49011.0,49410.0,51.0,01_시즌
2022,2022-12-18,사계절_수트_블레이져(수트)_ZB,57,9520000,239000.0,37800.0,166484.0,12,162670.0,160171.0,167018.0,30.0,01_시즌
2022,2022-12-18,사계절_수트_블레이져(수트)_ZC,13,2203580,239000.0,40079.0,169506.0,12,164840.0,163514.0,169506.0,29.0,01_시즌
2022,2022-12-18,사계절_수트_수트팬츠_ZB,80,7251040,129000.0,18177.0,90464.0,12,89835.0,84612.0,90638.0,30.0,01_시즌
2022,2022-12-18,사계절_수트_수트팬츠_ZC,15,1334200,129000.0,20456.0,88947.0,12,89077.0,88562.0,88947.0,31.0,01_시즌
2022,2022-12-18,사계절_우븐 셔츠_드레스셔츠_ZB,370,11009117,69900.0,7104.0,25774.0,12,26876.0,29098.0,29754.0,57.0,01_시즌
2022,2022-12-18,사계절_자켓_싱글재킷_ZB,4,560000,239000.0,29296.0,140000.0,12,130178.0,135628.0,140000.0,41.0,01_시즌
2022,2022-12-18,사계절_팬츠_니트팬츠_ZB,36,750300,64900.0,6322.0,20676.0,12,18961.0,26418.0,20842.0,68.0,01_시즌
2022,2022-12-18,사계절_팬츠_팬츠(일반)_ZB,431,20570240,99900.0,12047.0,47622.0,12,44848.0,46584.0,47727.0,52.0,01_시즌
2022,2022-12-25,겨울_니트 셔츠_라운드_ZB,3549,76309900,96567.0,9444.0,21381.0,12,22143.0,31166.0,21502.0,78.0,01_시즌
2022,2022-12-25,겨울_니트 셔츠_오픈형티(맨투맨 등)_ZB,63,3990400,239900.0,21388.0,63340.0,12,66596.0,75113.0,63340.0,74.0,01_시즌
2022,2022-12-25,겨울_니트 셔츠_후드티_ZB,448,13300900,99900.0,16087.0,29690.0,12,30074.0,41055.0,29690.0,70.0,01_시즌
2022,2022-12-25,겨울_사파리_패딩사파리_ZA,101,16005554,599000.0,52749.0,158471.0,12,167675.0,236351.0,158471.0,74.0,01_시즌
2022,2022-12-25,겨울_사파리_패딩사파리_ZB,2388,311818020,503000.0,47278.0,125355.0,12,135153.0,172366.0,130577.0,74.0,01_시즌
2022,2022-12-25,겨울_수트_블레이져(수트)_ZA,164,35169760,396500.0,64691.0,231480.0,12,233150.0,273377.0,214450.0,46.0,01_시즌
2022,2022-12-25,겨울_수트_블레이져(수트)_ZB,111,22656660,259000.0,51103.0,204098.0,12,200246.0,196834.0,204114.0,21.0,01_시즌
2022,2022-12-25,겨울_수트_블레이져(수트)_ZC,6,1191400,259000.0,49294.0,198567.0,12,198839.0,197005.0,198567.0,23.0,01_시즌
2022,2022-12-25,겨울_수트_수트팬츠_ZA,195,22684260,226500.0,34258.0,133236.0,12,135199.0,157185.0,116330.0,49.0,01_시즌
2022,2022-12-25,겨울_수트_수트팬츠_ZB,115,12649110,139000.0,26075.0,109866.0,12,107090.0,105533.0,109992.0,21.0,01_시즌
2022,2022-12-25,겨울_수트_수트팬츠_ZC,8,861800,139000.0,25015.0,107725.0,12,106416.0,105578.0,107725.0,22.0,01_시즌
2022,2022-12-25,겨울_스웨터_T-에리_ZA,238,13161200,159900.0,15220.0,55700.0,12,56036.0,67135.0,55299.0,65.0,01_시즌
2022,2022-12-25,겨울_스웨터_T-에리_ZB,478,16887360,119900.0,14876.0,35329.0,12,36148.0,45560.0,35329.0,71.0,01_시즌
2022,2022-12-25,겨울_스웨터_Turtle_ZA,350,19241200,159900.0,18201.0,54975.0,12,55946.0,63844.0,54975.0,66.0,01_시즌
2022,2022-12-25,겨울_스웨터_Turtle_ZB,1445,52552686,119900.0,15456.0,36460.0,12,37255.0,42376.0,36369.0,70.0,01_시즌
2022,2022-12-25,겨울_스웨터_라운드_ZA,325,18371200,149900.0,17086.0,56494.0,12,54960.0,63647.0,56527.0,62.0,01_시즌
2022,2022-12-25,겨울_스웨터_라운드_ZB,1475,53649430,99900.0,14203.0,36372.0,12,37367.0,44470.0,36372.0,64.0,01_시즌
2022,2022-12-25,겨울_스웨터_오픈형(CARDIGAN)_ZA,223,15839000,199900.0,18894.0,68918.0,12,73509.0,96352.0,71027.0,64.0,01_시즌
2022,2022-12-25,겨울_우븐 셔츠_캐쥬얼셔츠_ZA,312,14828800,132400.0,14273.0,46306.0,12,46114.0,52481.0,47528.0,64.0,01_시즌
2022,2022-12-25,겨울_자켓_싱글재킷_ZA,192,30877768,324000.0,39944.0,163190.0,12,166248.0,188233.0,160822.0,50.0,01_시즌
2022,2022-12-25,겨울_점퍼_점퍼_ZB,45,7109107,459000.0,46482.0,157980.0,12,159181.0,181524.0,157980.0,66.0,01_시즌
2022,2022-12-25,겨울_점퍼_패딩점퍼_ZB,314,30492000,349000.0,30468.0,84934.0,12,96924.0,118822.0,97108.0,72.0,01_시즌
2022,2022-12-25,겨울_코트_더블코트_ZA,211,48435850,599000.0,81339.0,229554.0,12,239295.0,272132.0,229554.0,62.0,01_시즌
2022,2022-12-25,겨울_코트_싱글코트_ZA,516,126922200,799000.0,124880.0,374536.0,12,404485.0,448209.0,245973.0,69.0,01_시즌
2022,2022-12-25,겨울_코트_싱글코트_ZB,1339,224947418,465667.0,60886.0,170702.0,12,177591.0,206698.0,167997.0,64.0,01_시즌
2022,2022-12-25,겨울_팬츠_니트팬츠_ZB,937,24666900,89900.0,9939.0,26132.0,12,26786.0,35245.0,26325.0,71.0,01_시즌
2022,2022-12-25,겨울_팬츠_팬츠(일반)_ZA,551,34249311,139000.0,15487.0,61059.0,12,62948.0,74637.0,62158.0,55.0,01_시즌
2022,2022-12-25,겨울_팬츠_팬츠(일반)_ZB,2966,113584062,99900.0,13023.0,38243.0,12,40021.0,46384.0,38295.0,62.0,01_시즌
2022,2022-12-25,사계절_니트 셔츠_라운드_ZB,778,14204670,63233.0,6434.0,16250.0,12,19237.0,21712.0,18258.0,71.0,01_시즌
2022,2022-12-25,사계절_데님_데님팬츠_ZB,187,9224600,99900.0,13234.0,50606.0,12,48463.0,49011.0,49329.0,51.0,01_시즌
2022,2022-12-25,사계절_수트_블레이져(수트)_ZB,65,10507100,239000.0,37800.0,158940.0,12,162670.0,160171.0,161648.0,32.0,01_시즌
2022,2022-12-25,사계절_수트_블레이져(수트)_ZC,6,1003800,239000.0,40079.0,167300.0,12,164840.0,163514.0,167300.0,30.0,01_시즌
2022,2022-12-25,사계절_수트_수트팬츠_ZB,61,5527640,129000.0,18177.0,92100.0,12,89835.0,84612.0,90617.0,30.0,01_시즌
2022,2022-12-25,사계절_수트_수트팬츠_ZC,9,812700,129000.0,20456.0,90300.0,12,89077.0,88562.0,90300.0,30.0,01_시즌
2022,2022-12-25,사계절_우븐 셔츠_드레스셔츠_ZB,255,8021585,69900.0,7104.0,27412.0,12,26876.0,29098.0,31457.0,55.0,01_시즌
2022,2022-12-25,사계절_자켓_싱글재킷_ZB,3,420000,239000.0,29296.0,140000.0,12,130178.0,135628.0,140000.0,41.0,01_시즌
2022,2022-12-25,사계절_팬츠_니트팬츠_ZB,10,127995,64900.0,6322.0,20245.0,12,18961.0,26418.0,12800.0,80.0,01_시즌
2022,2022-12-25,사계절_팬츠_팬츠(일반)_ZB,370,17117100,99900.0,12047.0,43188.0,12,44848.0,46584.0,46262.0,54.0,01_시즌
2023,2023-01-01,봄_수트_블레이져(수트)_ZB,602,119193681,259000.0,53712.0,198068.0,1,201383.0,173886.0,197996.0,24.0,01_시즌
2023,2023-01-01,봄_수트_수트팬츠_ZB,665,70063371,139000.0,27859.0,105392.0,1,107951.0,94467.0,105358.0,24.0,01_시즌
2023,2023-01-01,봄_우븐 셔츠_캐쥬얼셔츠_ZB,212,6101200,89900.0,7769.0,28779.0,1,28573.0,26344.0,28779.0,68.0,01_시즌
2023,2023-01-01,봄_팬츠_팬츠(일반)_ZA,19,1121000,139000.0,17115.0,59000.0,1,76722.0,40939.0,59000.0,58.0,01_시즌
2023,2023-01-01,사계절_데님_데님자켓_ZB,17,1463627,159000.0,13742.0,86096.0,1,92154.0,99312.0,86096.0,46.0,01_시즌
2023,2023-01-01,사계절_수트_블레이져(수트)_ZB,409,80826858,259000.0,42254.0,197722.0,1,198805.0,142344.0,197621.0,24.0,01_시즌
2023,2023-01-01,사계절_수트_블레이져(수트)_ZC,237,45381009,259000.0,45874.0,191481.0,1,199175.0,165095.0,191481.0,26.0,01_시즌
2023,2023-01-01,사계절_수트_수트팬츠_ZB,466,49171519,139000.0,20898.0,105488.0,1,106458.0,74206.0,105518.0,24.0,01_시즌
2023,2023-01-01,사계절_수트_수트팬츠_ZC,238,24510100,139000.0,22539.0,102984.0,1,106816.0,89643.0,102984.0,26.0,01_시즌
2023,2023-01-01,사계절_우븐 셔츠_드레스셔츠_ZB,1367,51181672,69900.0,7199.0,37364.0,1,37092.0,35960.0,37441.0,46.0,01_시즌
2023,2023-01-01,사계절_팬츠_팬츠(일반)_ZB,0,0,99900.0,8058.0,,1,65388.0,61195.0,65388.0,35.0,01_시즌
2023,2023-01-08,봄_니트 셔츠_라운드_ZA,0,0,119900.0,18365.0,,1,68848.0,41184.0,68848.0,43.0,01_시즌
2023,2023-01-08,봄_니트 셔츠_오픈형티(맨투맨 등)_ZA,16,1244000,139900.0,16687.0,77750.0,1,78443.0,43776.0,77750.0,44.0,01_시즌
2023,2023-01-08,봄_수트_블레이져(수트)_ZB,857,173935594,259000.0,53580.0,200667.0,1,201383.0,173886.0,202959.0,22.0,01_시즌
2023,2023-01-08,봄_수트_수트팬츠_ZB,952,103582604,139000.0,27812.0,107409.0,1,107951.0,94467.0,108805.0,22.0,01_시즌
2023,2023-01-08,봄_스웨터_T-에리_ZA,374,21847550,109900.0,13081.0,58416.0,1,58793.0,34291.0,58416.0,47.0,01_시즌
2023,2023-01-08,봄_스웨터_라운드_ZB,322,18765250,109900.0,13499.0,58277.0,1,58393.0,34232.0,58277.0,47.0,01_시즌
2023,2023-01-08,봄_스웨터_오픈형(CARDIGAN)_ZB,153,18198439,199900.0,19284.0,118944.0,1,118820.0,55815.0,118944.0,40.0,01_시즌
2023,2023-01-08,봄_스웨터_후드T_ZA,11,869000,129900.0,21197.0,79000.0,1,78902.0,50541.0,79000.0,39.0,01_시즌
2023,2023-01-08,봄_우븐 셔츠_캐쥬얼셔츠_ZA,8,472000,129900.0,10243.0,59000.0,1,59000.0,35409.0,59000.0,55.0,01_시즌
2023,2023-01-08,봄_우븐 셔츠_캐쥬얼셔츠_ZB,207,5898517,89900.0,7769.0,28495.0,1,28573.0,26344.0,28495.0,68.0,01_시즌
2023,2023-01-08,봄_점퍼_패딩점퍼_ZB,57,9063000,299000.0,24504.0,159000.0,1,158492.0,88124.0,159000.0,47.0,01_시즌
2023,2023-01-08,봄_코트_싱글코트_ZB,0,0,359000.0,37631.0,,1,198401.0,122265.0,198401.0,45.0,01_시즌
2023,2023-01-08,봄_팬츠_니트팬츠_ZA,16,924000,99900.0,15556.0,57750.0,1,58037.0,30853.0,57750.0,42.0,01_시즌
2023,2023-01-08,봄_팬츠_팬츠(일반)_ZA,10,800000,139000.0,17115.0,80000.0,1,76722.0,40939.0,80000.0,42.0,01_시즌
2023,2023-01-08,사계절_니트 셔츠_라운드_ZB,0,0,79900.0,7430.0,,1,28690.0,37400.0,28690.0,64.0,01_시즌
2023,2023-01-08,사계절_데님_데님자켓_ZB,26,2378000,159000.0,13742.0,91462.0,1,92154.0,99312.0,91462.0,42.0,01_시즌
2023,2023-01-08,사계절_수트_블레이져(수트)_ZB,390,75470313,259000.0,42254.0,194015.0,1,198805.0,142344.0,193514.0,25.0,01_시즌
2023,2023-01-08,사계절_수트_블레이져(수트)_ZC,242,48300371,259000.0,45874.0,199588.0,1,199175.0,165095.0,199588.0,23.0,01_시즌
2023,2023-01-08,사계절_수트_수트팬츠_ZB,408,42392606,139000.0,20898.0,103767.0,1,106458.0,74206.0,103903.0,25.0,01_시즌
2023,2023-01-08,사계절_수트_수트팬츠_ZC,235,24925020,139000.0,22539.0,106064.0,1,106816.0,89643.0,106064.0,24.0,01_시즌
2023,2023-01-08,사계절_우븐 셔츠_드레스셔츠_ZB,2080,76368489,69900.0,7196.0,36667.0,1,37092.0,35960.0,36716.0,47.0,01_시즌
2023,2023-01-08,사계절_자켓_싱글재킷_ZB,0,0,239000.0,32147.0,,1,145622.0,142581.0,145622.0,39.0,01_시즌
2023,2023-01-08,사계절_팬츠_팬츠(일반)_ZB,0,0,99900.0,8029.0,,1,65388.0,61195.0,65388.0,35.0,01_시즌
2023,2023-01-08,여름_수트_블레이져(수트)_ZB,0,0,259000.0,59000.0,,1,201428.0,190059.0,201428.0,22.0,01_시즌
2023,2023-01-08,여름_수트_수트팬츠_ZB,0,0,139000.0,30718.0,,1,108171.0,102620.0,108171.0,22.0,01_시즌
2023,2023-01-08,여름_우븐 셔츠_캐쥬얼셔츠_ZA,0,0,114900.0,9673.0,,1,53786.0,46228.0,53786.0,53.0,01_시즌
2023,2023-01-08,여름_팬츠_팬츠(일반)_ZA,0,0,139000.0,16811.0,,1,,68404.0,68404.0,51.0,01_시즌
2023,2023-01-15,봄_가죽&FUR_가죽점퍼_ZA,0,0,1149000.0,265036.0,,1,689400.0,590208.0,689400.0,40.0,01_시즌
2023,2023-01-15,봄_니트 셔츠_라운드_ZA,0,0,119900.0,18365.0,,1,68848.0,41184.0,68848.0,43.0,01_시즌
2023,2023-01-15,봄_니트 셔츠_오픈형티(맨투맨 등)_ZA,22,1738000,139900.0,16687.0,79000.0,1,78443.0,43776.0,79000.0,44.0,01_시즌
2023,2023-01-15,봄_수트_블레이져(수트)_ZB,600,121449772,259000.0,53580.0,203332.0,1,201383.0,173886.0,202416.0,22.0,01_시즌
2023,2023-01-15,봄_수트_블레이져(수트)_ZC,374,75215517,259000.0,48376.0,201111.0,1,202581.0,176175.0,201111.0,22.0,01_시즌
2023,2023-01-15,봄_수트_수트팬츠_ZB,702,76097387,139000.0,27812.0,109076.0,1,107951.0,94467.0,108401.0,22.0,01_시즌
2023,2023-01-15,봄_수트_수트팬츠_ZC,379,41113679,139000.0,25320.0,108479.0,1,108960.0,96188.0,108479.0,22.0,01_시즌
2023,2023-01-15,봄_스웨터_T-에리_ZA,-82,-4898000,109900.0,13081.0,59732.0,1,58793.0,34291.0,59732.0,46.0,01_시즌
2023,2023-01-15,봄_스웨터_라운드_ZB,151,8746100,109900.0,13499.0,57921.0,1,58393.0,34232.0,57921.0,47.0,01_시즌
2023,2023-01-15,봄_스웨터_오픈형(CARDIGAN)_ZB,-45,-5385018,199900.0,19284.0,119667.0,1,118820.0,55815.0,119667.0,40.0,01_시즌
2023,2023-01-15,봄_스웨터_후드T_ZA,12,933950,129900.0,21197.0,77829.0,1,78902.0,50541.0,77829.0,40.0,01_시즌
2023,2023-01-15,봄_우븐 셔츠_캐쥬얼셔츠_ZA,10,590000,129900.0,10243.0,59000.0,1,59000.0,35409.0,59000.0,55.0,01_시즌
2023,2023-01-15,봄_우븐 셔츠_캐쥬얼셔츠_ZB,139,3782300,89900.0,7769.0,27211.0,1,28573.0,26344.0,27211.0,70.0,01_시즌
2023,2023-01-15,봄_점퍼_패딩점퍼_ZB,50,7930000,299000.0,24504.0,158600.0,1,158492.0,88124.0,158600.0,47.0,01_시즌
2023,2023-01-15,봄_코트_싱글코트_ZB,0,0,359000.0,37631.0,,1,198401.0,122265.0,198401.0,45.0,01_시즌
2023,2023-01-15,봄_팬츠_니트팬츠_ZA,33,1947000,99900.0,15556.0,59000.0,1,58037.0,30853.0,59000.0,41.0,01_시즌
2023,2023-01-15,봄_팬츠_팬츠(일반)_ZA,17,1323000,139000.0,17115.0,77750.0,1,76722.0,40939.0,77824.0,44.0,01_시즌
2023,2023-01-15,사계절_니트 셔츠_라운드_ZB,0,0,79900.0,7430.0,,1,28690.0,37400.0,28690.0,64.0,01_시즌
2023,2023-01-15,사계절_데님_데님자켓_ZB,19,1742100,159000.0,13742.0,91689.0,1,92154.0,99312.0,91689.0,42.0,01_시즌
2023,2023-01-15,사계절_데님_데님팬츠_ZB,102,6998000,103233.0,18187.0,68692.0,1,66776.0,64064.0,68608.0,34.0,01_시즌
2023,2023-01-15,사계절_수트_블레이져(수트)_ZB,231,46282295,259000.0,42254.0,200867.0,1,198805.0,142344.0,200356.0,23.0,01_시즌
2023,2023-01-15,사계절_수트_블레이져(수트)_ZC,106,21021000,259000.0,45874.0,198311.0,1,199175.0,165095.0,198311.0,23.0,01_시즌
2023,2023-01-15,사계절_수트_수트팬츠_ZB,243,25936460,139000.0,20898.0,106898.0,1,106458.0,74206.0,106734.0,23.0,01_시즌
2023,2023-01-15,사계절_수트_수트팬츠_ZC,107,11360815,139000.0,22539.0,106176.0,1,106816.0,89643.0,106176.0,24.0,01_시즌
2023,2023-01-15,사계절_우븐 셔츠_드레스셔츠_ZB,1759,63313054,69900.0,7195.0,36219.0,1,37092.0,35960.0,35994.0,49.0,01_시즌
2023,2023-01-15,사계절_자켓_싱글재킷_ZB,38,5620547,239000.0,32147.0,147909.0,1,145622.0,142581.0,147909.0,38.0,01_시즌
2023,2023-01-15,사계절_팬츠_팬츠(일반)_ZB,377,25933000,99900.0,8029.0,68788.0,1,65388.0,61195.0,68788.0,31.0,01_시즌
2023,2023-01-15,여름_수트_블레이져(수트)_ZB,214,42708240,259000.0,59000.0,201698.0,1,201428.0,190059.0,199571.0,23.0,01_시즌
2023,2023-01-15,여름_수트_블레이져(수트)_ZC,21,4351200,259000.0,59512.0,207200.0,1,205351.0,202872.0,207200.0,20.0,01_시즌
2023,2023-01-15,여름_수트_수트팬츠_ZB,241,25562340,139000.0,30718.0,106834.0,1,108171.0,102620.0,106068.0,24.0,01_시즌
2023,2023-01-15,여름_수트_수트팬츠_ZC,24,2668800,139000.0,30441.0,111200.0,1,110301.0,112299.0,111200.0,20.0,01_시즌
2023,2023-01-15,여름_우븐 셔츠_캐쥬얼셔츠_ZA,0,0,114900.0,9673.0,,1,53786.0,46228.0,53786.0,53.0,01_시즌
2023,2023-01-15,여름_팬츠_팬츠(일반)_ZA,0,0,139000.0,16811.0,,1,,68404.0,68404.0,51.0,01_시즌
2023,2023-01-22,봄_가죽&FUR_가죽점퍼_ZA,11,8033400,1149000.0,265036.0,689400.0,1,689400.0,590208.0,730309.0,36.0,01_시즌
2023,2023-01-22,봄_니트 셔츠_라운드_ZA,150,10333948,119900.0,18365.0,68893.0,1,68848.0,41184.0,68893.0,43.0,01_시즌
2023,2023-01-22,봄_니트 셔츠_오픈형티(맨투맨 등)_ZA,27,2109960,139900.0,16687.0,78147.0,1,78443.0,43776.0,78147.0,44.0,01_시즌
2023,2023-01-22,봄_수트_블레이져(수트)_ZB,301,61585180,259000.0,53580.0,203714.0,1,201383.0,173886.0,204602.0,21.0,01_시즌
2023,2023-01-22,봄_수트_블레이져(수트)_ZC,137,27841845,259000.0,48376.0,203225.0,1,202581.0,176175.0,203225.0,22.0,01_시즌
2023,2023-01-22,봄_수트_수트팬츠_ZB,329,36009795,139000.0,27812.0,109609.0,1,107951.0,94467.0,109452.0,21.0,01_시즌
2023,2023-01-22,봄_수트_수트팬츠_ZC,148,16154294,139000.0,25320.0,109151.0,1,108960.0,96188.0,109151.0,21.0,01_시즌
2023,2023-01-22,봄_스웨터_T-에리_ZA,136,7985630,109900.0,13081.0,58718.0,1,58793.0,34291.0,58718.0,47.0,01_시즌
2023,2023-01-22,봄_스웨터_라운드_ZB,395,23227744,109900.0,12798.0,58804.0,1,58393.0,34232.0,58804.0,46.0,01_시즌
2023,2023-01-22,봄_스웨터_오픈형(CARDIGAN)_ZB,48,5681256,199900.0,19284.0,118360.0,1,118820.0,55815.0,118360.0,41.0,01_시즌
2023,2023-01-22,봄_스웨터_후드T_ZA,18,1436050,129900.0,21197.0,79781.0,1,78902.0,50541.0,79781.0,39.0,01_시즌
2023,2023-01-22,봄_우븐 셔츠_캐쥬얼셔츠_ZA,3,177000,129900.0,10243.0,59000.0,1,59000.0,35409.0,59000.0,55.0,01_시즌
2023,2023-01-22,봄_우븐 셔츠_캐쥬얼셔츠_ZB,96,2827871,89900.0,7769.0,29457.0,1,28573.0,26344.0,29457.0,67.0,01_시즌
2023,2023-01-22,봄_점퍼_패딩점퍼_ZB,25,3938382,299000.0,24504.0,157535.0,1,158492.0,88124.0,157535.0,47.0,01_시즌
2023,2023-01-22,봄_코트_싱글코트_ZB,26,5174000,359000.0,41110.0,199000.0,1,198401.0,122265.0,199000.0,45.0,01_시즌
2023,2023-01-22,봄_팬츠_니트팬츠_ZA,15,845960,99900.0,15556.0,56397.0,1,58037.0,30853.0,56397.0,44.0,01_시즌
2023,2023-01-22,봄_팬츠_팬츠(일반)_ZA,30,2370000,139000.0,17115.0,79000.0,1,76722.0,40939.0,79000.0,43.0,01_시즌
2023,2023-01-22,사계절_니트 셔츠_라운드_ZB,239,6891000,79900.0,7430.0,28833.0,1,28690.0,37400.0,28833.0,64.0,01_시즌
2023,2023-01-22,사계절_데님_데님자켓_ZB,30,2832000,159000.0,13742.0,94400.0,1,92154.0,99312.0,94400.0,41.0,01_시즌
2023,2023-01-22,사계절_데님_데님팬츠_ZB,66,4411810,103233.0,18187.0,67149.0,1,66776.0,64064.0,66846.0,35.0,01_시즌
2023,2023-01-22,사계절_수트_블레이져(수트)_ZB,161,32403260,259000.0,42254.0,201114.0,1,198805.0,142344.0,201262.0,22.0,01_시즌
2023,2023-01-22,사계절_수트_블레이져(수트)_ZC,61,12356612,259000.0,45874.0,202567.0,1,199175.0,165095.0,202567.0,22.0,01_시즌
2023,2023-01-22,사계절_수트_수트팬츠_ZB,187,20176293,139000.0,20898.0,107804.0,1,106458.0,74206.0,107895.0,22.0,01_시즌
2023,2023-01-22,사계절_수트_수트팬츠_ZC,46,5021175,139000.0,22539.0,109156.0,1,106816.0,89643.0,109156.0,21.0,01_시즌
2023,2023-01-22,사계절_우븐 셔츠_드레스셔츠_ZB,1226,44443576,69900.0,7195.0,37572.0,1,37092.0,35960.0,36251.0,48.0,01_시즌
2023,2023-01-22,사계절_자켓_싱글재킷_ZB,57,8078363,239000.0,32147.0,141726.0,1,145622.0,142581.0,141726.0,41.0,01_시즌
2023,2023-01-22,사계절_팬츠_팬츠(일반)_ZB,57,3206876,99900.0,12108.0,56261.0,1,65388.0,61195.0,56261.0,44.0,01_시즌
2023,2023-01-22,여름_수트_블레이져(수트)_ZB,194,39711904,259000.0,59000.0,201017.0,1,201428.0,190059.0,204701.0,21.0,01_시즌
2023,2023-01-22,여름_수트_블레이져(수트)_ZC,63,12826268,259000.0,59512.0,203592.0,1,205351.0,202872.0,203592.0,21.0,01_시즌
2023,2023-01-22,여름_수트_수트팬츠_ZB,227,25101015,139000.0,30718.0,109198.0,1,108171.0,102620.0,110577.0,20.0,01_시즌
2023,2023-01-22,여름_수트_수트팬츠_ZC,64,7005532,139000.0,30441.0,109461.0,1,110301.0,112299.0,109461.0,21.0,01_시즌
2023,2023-01-22,여름_우븐 셔츠_캐쥬얼셔츠_ZA,77,3893000,114900.0,9673.0,53842.0,1,53786.0,46228.0,50558.0,56.0,01_시즌
2023,2023-01-22,여름_팬츠_팬츠(일반)_ZA,0,0,139000.0,16811.0,,1,,68404.0,68404.0,51.0,01_시즌
2023,2023-01-29,봄_가죽&FUR_가죽점퍼_ZA,14,9651600,1149000.0,265036.0,689400.0,1,689400.0,590208.0,689400.0,40.0,01_시즌
2023,2023-01-29,봄_니트 셔츠_라운드_ZA,281,19333472,119900.0,18365.0,68802.0,1,68848.0,41184.0,68802.0,43.0,01_시즌
2023,2023-01-29,봄_니트 셔츠_오픈형티(맨투맨 등)_ZA,43,3391662,139900.0,16687.0,78876.0,1,78443.0,43776.0,78876.0,44.0,01_시즌
2023,2023-01-29,봄_수트_블레이져(수트)_ZB,524,105588052,259000.0,53580.0,201133.0,1,201383.0,173886.0,201504.0,22.0,01_시즌
2023,2023-01-29,봄_수트_블레이져(수트)_ZC,301,61225200,259000.0,48376.0,203406.0,1,202581.0,176175.0,203406.0,21.0,01_시즌
2023,2023-01-29,봄_수트_수트팬츠_ZB,591,64038836,139000.0,27812.0,108271.0,1,107951.0,94467.0,108357.0,22.0,01_시즌
2023,2023-01-29,봄_수트_수트팬츠_ZC,291,31791880,139000.0,25320.0,109250.0,1,108960.0,96188.0,109250.0,21.0,01_시즌
2023,2023-01-29,봄_스웨터_T-에리_ZA,132,7696251,109900.0,13081.0,58305.0,1,58793.0,34291.0,58305.0,47.0,01_시즌
2023,2023-01-29,봄_스웨터_라운드_ZB,558,32704754,109900.0,12798.0,58482.0,1,58393.0,34232.0,58611.0,47.0,01_시즌
2023,2023-01-29,봄_스웨터_오픈형(CARDIGAN)_ZB,47,5560588,184900.0,17008.0,118310.0,1,118820.0,55815.0,118310.0,36.0,01_시즌
2023,2023-01-29,봄_스웨터_후드T_ZA,50,3950000,129900.0,21197.0,79000.0,1,78902.0,50541.0,79000.0,39.0,01_시즌
2023,2023-01-29,봄_우븐 셔츠_캐쥬얼셔츠_ZA,13,767000,129900.0,10243.0,59000.0,1,59000.0,35409.0,59000.0,55.0,01_시즌
2023,2023-01-29,봄_우븐 셔츠_캐쥬얼셔츠_ZB,177,5119558,89900.0,7769.0,28924.0,1,28573.0,26344.0,28924.0,68.0,01_시즌
2023,2023-01-29,봄_점퍼_패딩점퍼_ZB,181,28749000,299000.0,24504.0,158834.0,1,158492.0,88124.0,158834.0,47.0,01_시즌
2023,2023-01-29,봄_코트_싱글코트_ZB,62,12286441,359000.0,41110.0,198102.0,1,198401.0,122265.0,198168.0,45.0,01_시즌
2023,2023-01-29,봄_팬츠_니트팬츠_ZA,36,2124000,99900.0,15556.0,59000.0,1,58037.0,30853.0,59000.0,41.0,01_시즌
2023,2023-01-29,봄_팬츠_팬츠(일반)_ZA,18,1422000,139000.0,17115.0,79000.0,1,76722.0,40939.0,79000.0,43.0,01_시즌
2023,2023-01-29,사계절_니트 셔츠_라운드_ZB,161,4596169,79900.0,7430.0,28548.0,1,28690.0,37400.0,28548.0,64.0,01_시즌
2023,2023-01-29,사계절_데님_데님자켓_ZB,32,3108000,159000.0,13742.0,97125.0,1,92154.0,99312.0,97125.0,39.0,01_시즌
2023,2023-01-29,사계절_데님_데님팬츠_ZB,142,9438121,103233.0,18187.0,64488.0,1,66776.0,64064.0,66466.0,36.0,01_시즌
2023,2023-01-29,사계절_수트_블레이져(수트)_ZB,320,64299608,259000.0,42248.0,200309.0,1,198805.0,142344.0,200936.0,22.0,01_시즌
2023,2023-01-29,사계절_수트_블레이져(수트)_ZC,114,23247568,259000.0,45874.0,203926.0,1,199175.0,165095.0,203926.0,21.0,01_시즌
2023,2023-01-29,사계절_수트_수트팬츠_ZB,378,41074603,139000.0,20899.0,108332.0,1,106458.0,74206.0,108663.0,22.0,01_시즌
2023,2023-01-29,사계절_수트_수트팬츠_ZC,109,11957261,139000.0,22539.0,109700.0,1,106816.0,89643.0,109700.0,21.0,01_시즌
2023,2023-01-29,사계절_우븐 셔츠_드레스셔츠_ZB,2249,84022294,69900.0,7195.0,37637.0,1,37092.0,35960.0,37360.0,47.0,01_시즌
2023,2023-01-29,사계절_자켓_싱글재킷_ZB,82,12072819,239000.0,32147.0,147230.0,1,145622.0,142581.0,147230.0,38.0,01_시즌
2023,2023-01-29,사계절_팬츠_팬츠(일반)_ZB,710,48261961,99900.0,12108.0,68252.0,1,65388.0,61195.0,67975.0,32.0,01_시즌
2023,2023-01-29,여름_수트_블레이져(수트)_ZB,341,68680848,259000.0,59000.0,201570.0,1,201428.0,190059.0,201410.0,22.0,01_시즌
2023,2023-01-29,여름_수트_블레이져(수트)_ZC,231,47415148,259000.0,59512.0,205260.0,1,205351.0,202872.0,205260.0,21.0,01_시즌
2023,2023-01-29,여름_수트_수트팬츠_ZB,422,45932180,139000.0,30718.0,108481.0,1,108171.0,102620.0,108844.0,22.0,01_시즌
2023,2023-01-29,여름_수트_수트팬츠_ZC,225,24804471,139000.0,30441.0,110242.0,1,110301.0,112299.0,110242.0,21.0,01_시즌
2023,2023-01-29,여름_우븐 셔츠_캐쥬얼셔츠_ZA,125,6492862,114900.0,9673.0,53731.0,1,53786.0,46228.0,51943.0,55.0,01_시즌
2023,2023-01-29,여름_팬츠_팬츠(일반)_ZA,0,0,139000.0,16811.0,,1,,68404.0,68404.0,51.0,01_시즌
2023,2023-02-05,봄_가죽&FUR_가죽점퍼_ZA,12,8452800,1149000.0,265036.0,689400.0,2,689346.0,590208.0,704400.0,39.0,01_시즌
2023,2023-02-05,봄_니트 셔츠_라운드_ZA,101,6897516,119900.0,18365.0,68292.0,2,67972.0,41184.0,68292.0,43.0,01_시즌
2023,2023-02-05,봄_니트 셔츠_오픈형티(맨투맨 등)_ZA,29,2141000,139900.0,16687.0,73828.0,2,73036.0,43776.0,73828.0,47.0,01_시즌
2023,2023-02-05,봄_수트_블레이져(수트)_ZB,375,76293630,259000.0,53580.0,201700.0,2,203390.0,173886.0,203450.0,21.0,01_시즌
2023,2023-02-05,봄_수트_블레이져(수트)_ZC,189,38487400,259000.0,48376.0,203637.0,2,204657.0,176175.0,203637.0,21.0,01_시즌
2023,2023-02-05,봄_수트_수트팬츠_ZB,408,45017930,139000.0,27812.0,110051.0,2,109663.0,94467.0,110338.0,21.0,01_시즌
2023,2023-02-05,봄_수트_수트팬츠_ZC,183,20002100,139000.0,25320.0,109301.0,2,109716.0,96188.0,109301.0,21.0,01_시즌
2023,2023-02-05,봄_스웨터_T-에리_ZA,90,5241650,109900.0,13081.0,58241.0,2,58182.0,34291.0,58241.0,47.0,01_시즌
2023,2023-02-05,봄_스웨터_라운드_ZB,761,44410488,109900.0,12798.0,58386.0,2,58235.0,34232.0,58358.0,47.0,01_시즌
2023,2023-02-05,봄_스웨터_오픈형(CARDIGAN)_ZB,153,15295100,184900.0,17040.0,99814.0,2,96225.0,55815.0,99968.0,46.0,01_시즌
2023,2023-02-05,봄_스웨터_후드T_ZA,26,2044000,129900.0,21197.0,78615.0,2,78434.0,50541.0,78615.0,39.0,01_시즌
2023,2023-02-05,봄_우븐 셔츠_캐쥬얼셔츠_ZA,-1,-69000,129900.0,11833.0,69000.0,2,58250.0,35409.0,69000.0,47.0,01_시즌
2023,2023-02-05,봄_우븐 셔츠_캐쥬얼셔츠_ZB,136,3964800,89900.0,7769.0,29153.0,2,29010.0,26344.0,29153.0,68.0,01_시즌
2023,2023-02-05,봄_점퍼_패딩점퍼_ZB,-17,-3533000,299000.0,28889.0,207824.0,2,158722.0,88124.0,207824.0,30.0,01_시즌
2023,2023-02-05,봄_코트_싱글코트_ZB,31,5669000,359000.0,41091.0,183952.0,2,196526.0,122265.0,182871.0,49.0,01_시즌
2023,2023-02-05,봄_팬츠_니트팬츠_ZA,27,1593000,99900.0,15556.0,59000.0,2,58436.0,30853.0,59000.0,41.0,01_시즌
2023,2023-02-05,봄_팬츠_팬츠(일반)_ZA,22,1638500,139000.0,17115.0,74656.0,2,73648.0,40939.0,74477.0,46.0,01_시즌
2023,2023-02-05,사계절_니트 셔츠_라운드_ZB,213,6571400,79900.0,7430.0,30852.0,2,29255.0,37400.0,30852.0,61.0,01_시즌
2023,2023-02-05,사계절_데님_데님자켓_ZB,28,2563254,159000.0,13742.0,91545.0,2,97200.0,99312.0,91545.0,42.0,01_시즌
2023,2023-02-05,사계절_데님_데님팬츠_ZB,117,8023000,103233.0,18189.0,68621.0,2,68018.0,64064.0,68573.0,34.0,01_시즌
2023,2023-02-05,사계절_수트_블레이져(수트)_ZB,375,76140720,259000.0,41950.0,202933.0,2,203897.0,142344.0,203042.0,22.0,01_시즌
2023,2023-02-05,사계절_수트_블레이져(수트)_ZC,87,17637900,259000.0,45874.0,202734.0,2,202570.0,165095.0,202734.0,22.0,01_시즌
2023,2023-02-05,사계절_수트_수트팬츠_ZB,416,45088272,139000.0,20648.0,108373.0,2,109362.0,74206.0,108385.0,22.0,01_시즌
2023,2023-02-05,사계절_수트_수트팬츠_ZC,82,9118400,139000.0,22539.0,111200.0,2,109308.0,89643.0,111200.0,20.0,01_시즌
2023,2023-02-05,사계절_우븐 셔츠_드레스셔츠_ZB,2035,77158953,69900.0,7357.0,38254.0,2,38561.0,35960.0,37916.0,46.0,01_시즌
2023,2023-02-05,사계절_자켓_싱글재킷_ZB,85,12606000,239000.0,33934.0,148306.0,2,148652.0,142581.0,148306.0,38.0,01_시즌
2023,2023-02-05,사계절_팬츠_팬츠(일반)_ZB,527,36185900,99900.0,12273.0,68830.0,2,67809.0,61195.0,68664.0,31.0,01_시즌
2023,2023-02-05,여름_수트_블레이져(수트)_ZB,428,88049640,259000.0,58706.0,205688.0,2,205519.0,190059.0,205723.0,21.0,01_시즌
2023,2023-02-05,여름_수트_블레이져(수트)_ZC,223,45848180,289000.0,59300.0,205597.0,2,223952.0,202872.0,205597.0,29.0,01_시즌
2023,2023-02-05,여름_수트_수트팬츠_ZB,502,55391500,139000.0,30386.0,110318.0,2,110248.0,102620.0,110342.0,21.0,01_시즌
2023,2023-02-05,여름_수트_수트팬츠_ZC,184,20294000,159000.0,30433.0,110293.0,2,122695.0,112299.0,110293.0,31.0,01_시즌
2023,2023-02-05,여름_우븐 셔츠_캐쥬얼셔츠_ZA,96,4954000,114900.0,10816.0,54000.0,2,53966.0,46228.0,51604.0,55.0,01_시즌
2023,2023-02-05,여름_점퍼_점퍼_ZB,135,25965000,279000.0,41878.0,189000.0,2,186364.0,117600.0,192333.0,31.0,01_시즌
2023,2023-02-05,여름_팬츠_팬츠(일반)_ZA,13,957000,139000.0,16820.0,73615.0,2,86701.0,68404.0,73615.0,47.0,01_시즌
2023,2023-02-12,봄_가죽&FUR_가죽점퍼_ZA,14,9831200,1149000.0,265036.0,689375.0,2,689346.0,590208.0,702229.0,39.0,01_시즌
2023,2023-02-12,봄_니트 셔츠_라운드_ZA,158,10803794,119900.0,18365.0,68378.0,2,67972.0,41184.0,68378.0,43.0,01_시즌
2023,2023-02-12,봄_니트 셔츠_오픈형티(맨투맨 등)_ZA,76,5633699,139900.0,16687.0,74128.0,2,73036.0,43776.0,74128.0,47.0,01_시즌
2023,2023-02-12,봄_수트_블레이져(수트)_ZB,308,62740160,259000.0,53580.0,204885.0,2,203390.0,173886.0,203702.0,21.0,01_시즌
2023,2023-02-12,봄_수트_블레이져(수트)_ZC,123,25459700,259000.0,48376.0,206989.0,2,204657.0,176175.0,206989.0,20.0,01_시즌
2023,2023-02-12,봄_수트_수트팬츠_ZB,302,32976360,139000.0,27812.0,110009.0,2,109663.0,94467.0,109193.0,21.0,01_시즌
2023,2023-02-12,봄_수트_수트팬츠_ZC,143,15873800,139000.0,25320.0,111006.0,2,109716.0,96188.0,111006.0,20.0,01_시즌
2023,2023-02-12,봄_스웨터_T-에리_ZA,153,8951151,109900.0,13081.0,58504.0,2,58182.0,34291.0,58504.0,47.0,01_시즌
2023,2023-02-12,봄_스웨터_라운드_ZB,721,41466380,109900.0,12798.0,57632.0,2,58235.0,34232.0,57512.0,48.0,01_시즌
2023,2023-02-12,봄_스웨터_오픈형(CARDIGAN)_ZB,136,12616853,184900.0,17040.0,92001.0,2,96225.0,55815.0,92771.0,50.0,01_시즌
2023,2023-02-12,봄_스웨터_후드T_ZA,22,1720100,129900.0,21197.0,78186.0,2,78434.0,50541.0,78186.0,40.0,01_시즌
2023,2023-02-12,봄_우븐 셔츠_캐쥬얼셔츠_ZA,12,648000,129900.0,11833.0,54000.0,2,58250.0,35409.0,54000.0,58.0,01_시즌
2023,2023-02-12,봄_우븐 셔츠_캐쥬얼셔츠_ZB,107,3103000,89900.0,7769.0,29000.0,2,29010.0,26344.0,29000.0,68.0,01_시즌
2023,2023-02-12,봄_점퍼_패딩점퍼_ZB,72,9888000,299000.0,28889.0,137333.0,2,158722.0,88124.0,137333.0,54.0,01_시즌
2023,2023-02-12,봄_코트_싱글코트_ZB,55,9525500,359000.0,41091.0,232352.0,2,196526.0,122265.0,173191.0,52.0,01_시즌
2023,2023-02-12,봄_팬츠_니트팬츠_ZA,35,2065000,99900.0,15556.0,59000.0,2,58436.0,30853.0,59000.0,41.0,01_시즌
2023,2023-02-12,봄_팬츠_팬츠(일반)_ZA,24,1766000,139000.0,17115.0,74336.0,2,73648.0,40939.0,73583.0,47.0,01_시즌
2023,2023-02-12,사계절_니트 셔츠_라운드_ZB,278,8006683,79900.0,7430.0,28801.0,2,29255.0,37400.0,28801.0,64.0,01_시즌
2023,2023-02-12,사계절_데님_데님자켓_ZB,43,4163000,159000.0,13742.0,96814.0,2,97200.0,99312.0,96814.0,39.0,01_시즌
2023,2023-02-12,사계절_데님_데님팬츠_ZB,169,11571000,103233.0,18189.0,68442.0,2,68018.0,64064.0,68467.0,34.0,01_시즌
2023,2023-02-12,사계절_수트_블레이져(수트)_ZB,343,70336630,259000.0,41950.0,205710.0,2,203897.0,142344.0,205063.0,21.0,01_시즌
2023,2023-02-12,사계절_수트_블레이져(수트)_ZC,85,17461780,259000.0,45874.0,205433.0,2,202570.0,165095.0,205433.0,21.0,01_시즌
2023,2023-02-12,사계절_수트_수트팬츠_ZB,350,38484930,139000.0,20648.0,110334.0,2,109362.0,74206.0,109957.0,21.0,01_시즌
2023,2023-02-12,사계절_수트_수트팬츠_ZC,95,10486160,139000.0,22539.0,110381.0,2,109308.0,89643.0,110381.0,21.0,01_시즌
2023,2023-02-12,사계절_우븐 셔츠_드레스셔츠_ZB,2100,81543795,69900.0,7357.0,38889.0,2,38561.0,35960.0,38830.0,44.0,01_시즌
2023,2023-02-12,사계절_자켓_싱글재킷_ZB,102,15198000,239000.0,33934.0,149000.0,2,148652.0,142581.0,149000.0,38.0,01_시즌
2023,2023-02-12,사계절_팬츠_팬츠(일반)_ZB,993,67514924,99900.0,12273.0,68274.0,2,67809.0,61195.0,67991.0,32.0,01_시즌
2023,2023-02-12,여름_수트_블레이져(수트)_ZB,509,104667080,259000.0,58837.0,206070.0,2,205519.0,190059.0,205633.0,21.0,01_시즌
2023,2023-02-12,여름_수트_블레이져(수트)_ZC,284,61228040,289000.0,59300.0,227756.0,2,223952.0,202872.0,215592.0,25.0,01_시즌
2023,2023-02-12,여름_수트_수트팬츠_ZB,571,63028160,139000.0,30477.0,110622.0,2,110248.0,102620.0,110382.0,21.0,01_시즌
2023,2023-02-12,여름_수트_수트팬츠_ZC,264,31011560,159000.0,30433.0,125603.0,2,122695.0,112299.0,117468.0,26.0,01_시즌
2023,2023-02-12,여름_우븐 셔츠_드레스셔츠_ZB,0,0,69900.0,6048.0,,2,39050.0,27367.0,39050.0,44.0,01_시즌
2023,2023-02-12,여름_우븐 셔츠_캐쥬얼셔츠_ZA,178,9137100,114900.0,10816.0,53181.0,2,53966.0,46228.0,51332.0,55.0,01_시즌
2023,2023-02-12,여름_자켓_싱글재킷_ZA,0,0,259000.0,30460.0,,2,221633.0,150546.0,221633.0,14.0,01_시즌
2023,2023-02-12,여름_점퍼_점퍼_ZB,208,39812500,279000.0,41878.0,190347.0,2,186364.0,117600.0,191406.0,31.0,01_시즌
2023,2023-02-12,여름_팬츠_팬츠(일반)_ZA,46,3565000,139000.0,16820.0,77500.0,2,86701.0,68404.0,77500.0,44.0,01_시즌
2023,2023-02-19,봄_가죽&FUR_가죽점퍼_ZA,7,4555000,1149000.0,265036.0,689260.0,2,689346.0,590208.0,650714.0,43.0,01_시즌
2023,2023-02-19,봄_니트 셔츠_라운드_ZA,199,13467604,119900.0,18365.0,67676.0,2,67972.0,41184.0,67676.0,44.0,01_시즌
2023,2023-02-19,봄_니트 셔츠_오픈형티(맨투맨 등)_ZA,91,6623620,139900.0,16687.0,72787.0,2,73036.0,43776.0,72787.0,48.0,01_시즌
2023,2023-02-19,봄_수트_블레이져(수트)_ZB,221,45185140,259000.0,53580.0,204944.0,2,203390.0,173886.0,204458.0,21.0,01_시즌
2023,2023-02-19,봄_수트_블레이져(수트)_ZC,125,25646180,259000.0,48376.0,205169.0,2,204657.0,176175.0,205169.0,21.0,01_시즌
2023,2023-02-19,봄_수트_수트팬츠_ZB,241,26448920,139000.0,27812.0,110081.0,2,109663.0,94467.0,109747.0,21.0,01_시즌
2023,2023-02-19,봄_수트_수트팬츠_ZC,111,12259800,139000.0,25320.0,110449.0,2,109716.0,96188.0,110449.0,21.0,01_시즌
2023,2023-02-19,봄_스웨터_T-에리_ZA,320,18584907,109900.0,13081.0,58078.0,2,58182.0,34291.0,58078.0,47.0,01_시즌
2023,2023-02-19,봄_스웨터_라운드_ZB,797,46630874,109900.0,12798.0,58498.0,2,58235.0,34232.0,58508.0,47.0,01_시즌
2023,2023-02-19,봄_스웨터_오픈형(CARDIGAN)_ZB,236,22857192,184900.0,17040.0,96806.0,2,96225.0,55815.0,96853.0,48.0,01_시즌
2023,2023-02-19,봄_스웨터_후드T_ZA,60,4596470,129900.0,21197.0,76608.0,2,78434.0,50541.0,76608.0,41.0,01_시즌
2023,2023-02-19,봄_우븐 셔츠_캐쥬얼셔츠_ZA,22,1188000,129900.0,11833.0,54000.0,2,58250.0,35409.0,54000.0,58.0,01_시즌
2023,2023-02-19,봄_우븐 셔츠_캐쥬얼셔츠_ZB,162,4689000,89900.0,7769.0,28944.0,2,29010.0,26344.0,28944.0,68.0,01_시즌
2023,2023-02-19,봄_점퍼_패딩점퍼_ZB,99,14093030,299000.0,28889.0,142354.0,2,158722.0,88124.0,142354.0,52.0,01_시즌
2023,2023-02-19,봄_코트_싱글코트_ZB,179,33023000,359000.0,41091.0,184605.0,2,196526.0,122265.0,184486.0,49.0,01_시즌
2023,2023-02-19,봄_팬츠_니트팬츠_ZA,67,3886800,99900.0,15556.0,58012.0,2,58436.0,30853.0,58012.0,42.0,01_시즌
2023,2023-02-19,봄_팬츠_팬츠(일반)_ZA,49,3533000,139000.0,17115.0,71939.0,2,73648.0,40939.0,72102.0,48.0,01_시즌
2023,2023-02-19,사계절_니트 셔츠_라운드_ZB,464,13374864,79900.0,7430.0,28825.0,2,29255.0,37400.0,28825.0,64.0,01_시즌
2023,2023-02-19,사계절_데님_데님자켓_ZB,40,4010000,159000.0,13742.0,100250.0,2,97200.0,99312.0,100250.0,37.0,01_시즌
2023,2023-02-19,사계절_데님_데님팬츠_ZB,230,15491900,103233.0,18189.0,67823.0,2,68018.0,64064.0,67356.0,35.0,01_시즌
2023,2023-02-19,사계절_수트_블레이져(수트)_ZB,410,83284040,259000.0,41950.0,204118.0,2,203897.0,142344.0,203132.0,22.0,01_시즌
2023,2023-02-19,사계절_수트_블레이져(수트)_ZC,106,21372680,259000.0,45874.0,201629.0,2,202570.0,165095.0,201629.0,22.0,01_시즌
2023,2023-02-19,사계절_수트_수트팬츠_ZB,427,46350940,139000.0,20648.0,109231.0,2,109362.0,74206.0,108550.0,22.0,01_시즌
2023,2023-02-19,사계절_수트_수트팬츠_ZC,104,11347960,139000.0,22539.0,109115.0,2,109308.0,89643.0,109115.0,22.0,01_시즌
2023,2023-02-19,사계절_우븐 셔츠_드레스셔츠_ZB,2269,85646040,69900.0,7357.0,38279.0,2,38561.0,35960.0,37746.0,46.0,01_시즌
2023,2023-02-19,사계절_자켓_싱글재킷_ZB,107,15774000,239000.0,33934.0,147421.0,2,148652.0,142581.0,147421.0,38.0,01_시즌
2023,2023-02-19,사계절_팬츠_팬츠(일반)_ZB,333,22364059,99900.0,12273.0,65154.0,2,67809.0,61195.0,67159.0,33.0,01_시즌
2023,2023-02-19,여름_수트_블레이져(수트)_ZA,0,0,319000.0,57996.0,,2,247370.0,226401.0,247370.0,22.0,01_시즌
2023,2023-02-19,여름_수트_블레이져(수트)_ZB,620,127236340,259000.0,58837.0,206108.0,2,205519.0,190059.0,205220.0,21.0,01_시즌
2023,2023-02-19,여름_수트_블레이져(수트)_ZC,283,60762580,289000.0,59300.0,228090.0,2,223952.0,202872.0,214709.0,26.0,01_시즌
2023,2023-02-19,여름_수트_수트팬츠_ZA,0,0,179000.0,29900.0,,2,150533.0,129858.0,150533.0,16.0,01_시즌
2023,2023-02-19,여름_수트_수트팬츠_ZB,723,79649780,139000.0,30477.0,110482.0,2,110248.0,102620.0,110166.0,21.0,01_시즌
2023,2023-02-19,여름_수트_수트팬츠_ZC,305,35527080,159000.0,30433.0,124928.0,2,122695.0,112299.0,116482.0,27.0,01_시즌
2023,2023-02-19,여름_우븐 셔츠_드레스셔츠_ZB,0,0,69900.0,6048.0,,2,39050.0,27367.0,39050.0,44.0,01_시즌
2023,2023-02-19,여름_우븐 셔츠_캐쥬얼셔츠_ZA,160,8340900,114900.0,10816.0,54222.0,2,53966.0,46228.0,52131.0,55.0,01_시즌
2023,2023-02-19,여름_자켓_싱글재킷_ZA,152,32306800,259000.0,30460.0,212545.0,2,221633.0,150546.0,212545.0,18.0,01_시즌
2023,2023-02-19,여름_점퍼_점퍼_ZB,133,25701500,274000.0,35594.0,189257.0,2,186364.0,117600.0,193244.0,29.0,01_시즌
2023,2023-02-19,여름_팬츠_팬츠(일반)_ZA,255,28003300,139000.0,12546.0,70114.0,2,86701.0,68404.0,109817.0,21.0,01_시즌
2023,2023-02-26,봄_가죽&FUR_가죽점퍼_ZA,14,10191200,1149000.0,265036.0,689350.0,2,689346.0,590208.0,727943.0,37.0,01_시즌
2023,2023-02-26,봄_니트 셔츠_라운드_ZA,213,14385988,119900.0,18365.0,67540.0,2,67972.0,41184.0,67540.0,44.0,01_시즌
2023,2023-02-26,봄_니트 셔츠_오픈형티(맨투맨 등)_ZA,81,5783459,139900.0,16687.0,71401.0,2,73036.0,43776.0,71401.0,49.0,01_시즌
2023,2023-02-26,봄_수트_블레이져(수트)_ZB,167,33840360,259000.0,53580.0,202030.0,2,203390.0,173886.0,202637.0,22.0,01_시즌
2023,2023-02-26,봄_수트_블레이져(수트)_ZC,70,14198380,259000.0,48376.0,202834.0,2,204657.0,176175.0,202834.0,22.0,01_시즌
2023,2023-02-26,봄_수트_수트팬츠_ZB,170,18516960,139000.0,27812.0,108512.0,2,109663.0,94467.0,108923.0,22.0,01_시즌
2023,2023-02-26,봄_수트_수트팬츠_ZC,71,7675580,139000.0,25320.0,108107.0,2,109716.0,96188.0,108107.0,22.0,01_시즌
2023,2023-02-26,봄_스웨터_T-에리_ZA,190,11002194,109900.0,13081.0,57906.0,2,58182.0,34291.0,57906.0,47.0,01_시즌
2023,2023-02-26,봄_스웨터_라운드_ZB,835,48792642,109900.0,12798.0,58424.0,2,58235.0,34232.0,58434.0,47.0,01_시즌
2023,2023-02-26,봄_스웨터_오픈형(CARDIGAN)_ZB,180,17368097,184900.0,17040.0,96278.0,2,96225.0,55815.0,96489.0,48.0,01_시즌
2023,2023-02-26,봄_스웨터_후드T_ZA,36,2891790,129900.0,21197.0,80328.0,2,78434.0,50541.0,80328.0,38.0,01_시즌
2023,2023-02-26,봄_우븐 셔츠_캐쥬얼셔츠_ZA,17,951970,129900.0,11833.0,55998.0,2,58250.0,35409.0,55998.0,57.0,01_시즌
2023,2023-02-26,봄_우븐 셔츠_캐쥬얼셔츠_ZB,180,5209700,89900.0,7769.0,28943.0,2,29010.0,26344.0,28943.0,68.0,01_시즌
2023,2023-02-26,봄_점퍼_패딩점퍼_ZB,135,19895594,299000.0,28889.0,147375.0,2,158722.0,88124.0,147375.0,51.0,01_시즌
2023,2023-02-26,봄_코트_싱글코트_ZB,136,25107264,359000.0,41091.0,185196.0,2,196526.0,122265.0,184612.0,49.0,01_시즌
2023,2023-02-26,봄_팬츠_니트팬츠_ZA,44,2540100,99900.0,15556.0,57730.0,2,58436.0,30853.0,57730.0,42.0,01_시즌
2023,2023-02-26,봄_팬츠_팬츠(일반)_ZA,28,2053000,139000.0,17115.0,73661.0,2,73648.0,40939.0,73321.0,47.0,01_시즌
2023,2023-02-26,사계절_니트 셔츠_라운드_ZB,531,15155185,79900.0,7430.0,28541.0,2,29255.0,37400.0,28541.0,64.0,01_시즌
2023,2023-02-26,사계절_데님_데님자켓_ZB,55,5510400,159000.0,13742.0,100189.0,2,97200.0,99312.0,100189.0,37.0,01_시즌
2023,2023-02-26,사계절_데님_데님팬츠_ZB,184,12465750,103233.0,18189.0,67185.0,2,68018.0,64064.0,67749.0,34.0,01_시즌
2023,2023-02-26,사계절_수트_블레이져(수트)_ZB,327,66023700,259000.0,41950.0,202828.0,2,203897.0,142344.0,201907.0,22.0,01_시즌
2023,2023-02-26,사계절_수트_블레이져(수트)_ZC,78,15637840,259000.0,45874.0,200485.0,2,202570.0,165095.0,200485.0,23.0,01_시즌
2023,2023-02-26,사계절_수트_수트팬츠_ZB,349,38063140,139000.0,20648.0,109508.0,2,109362.0,74206.0,109063.0,22.0,01_시즌
2023,2023-02-26,사계절_수트_수트팬츠_ZC,70,7457500,139000.0,22539.0,106536.0,2,109308.0,89643.0,106536.0,23.0,01_시즌
2023,2023-02-26,사계절_우븐 셔츠_드레스셔츠_ZB,1872,72792890,69900.0,7357.0,38823.0,2,38561.0,35960.0,38885.0,44.0,01_시즌
2023,2023-02-26,사계절_자켓_싱글재킷_ZB,91,13639000,239000.0,33934.0,149879.0,2,148652.0,142581.0,149879.0,37.0,01_시즌
2023,2023-02-26,사계절_팬츠_팬츠(일반)_ZB,905,62186809,99900.0,12273.0,68978.0,2,67809.0,61195.0,68715.0,31.0,01_시즌
2023,2023-02-26,여름_수트_블레이져(수트)_ZA,44,10884280,319000.0,57996.0,247370.0,2,247370.0,226401.0,247370.0,22.0,01_시즌
2023,2023-02-26,여름_수트_블레이져(수트)_ZB,548,111728540,259000.0,58837.0,204251.0,2,205519.0,190059.0,203884.0,21.0,01_시즌
2023,2023-02-26,여름_수트_블레이져(수트)_ZC,260,54694420,289000.0,59300.0,225188.0,2,223952.0,202872.0,210363.0,27.0,01_시즌
2023,2023-02-26,여름_수트_수트팬츠_ZA,31,4666530,179000.0,29900.0,150533.0,2,150533.0,129858.0,150533.0,16.0,01_시즌
2023,2023-02-26,여름_수트_수트팬츠_ZB,645,70578470,139000.0,30477.0,109588.0,2,110248.0,102620.0,109424.0,21.0,01_시즌
2023,2023-02-26,여름_수트_수트팬츠_ZC,235,26824770,159000.0,30433.0,123757.0,2,122695.0,112299.0,114148.0,28.0,01_시즌
2023,2023-02-26,여름_우븐 셔츠_드레스셔츠_ZB,300,11715100,69900.0,6048.0,39050.0,2,39050.0,27367.0,39050.0,44.0,01_시즌
2023,2023-02-26,여름_우븐 셔츠_캐쥬얼셔츠_ZA,230,12064745,109900.0,10397.0,54462.0,2,53966.0,46228.0,52455.0,52.0,01_시즌
2023,2023-02-26,여름_우븐 셔츠_캐쥬얼셔츠_ZB,0,0,89900.0,7023.0,,2,,26504.0,26504.0,71.0,01_시즌
2023,2023-02-26,여름_자켓_싱글재킷_ZA,132,29611800,285667.0,35276.0,224662.0,2,221633.0,150546.0,224332.0,21.0,01_시즌
2023,2023-02-26,여름_점퍼_점퍼_ZB,331,60498091,271000.0,32563.0,181184.0,2,186364.0,117600.0,182774.0,33.0,01_시즌
2023,2023-02-26,여름_팬츠_팬츠(일반)_ZA,418,45386980,139000.0,14784.0,100567.0,2,86701.0,68404.0,108581.0,22.0,01_시즌
2023,2023-03-05,봄_가죽&FUR_가죽점퍼_ZA,13,8332200,1149000.0,265036.0,689400.0,3,653180.0,590208.0,640938.0,44.0,01_시즌
2023,2023-03-05,봄_니트 셔츠_라운드_ZA,300,19721840,119900.0,18365.0,65739.0,3,56836.0,41184.0,65739.0,45.0,01_시즌
2023,2023-03-05,봄_니트 셔츠_오픈형티(맨투맨 등)_ZA,186,10536216,139900.0,16687.0,56646.0,3,52737.0,43776.0,56646.0,60.0,01_시즌
2023,2023-03-05,봄_수트_블레이져(수트)_ZB,257,52012380,259000.0,53988.0,202980.0,3,195556.0,173886.0,202383.0,22.0,01_시즌
2023,2023-03-05,봄_수트_블레이져(수트)_ZC,81,16420600,259000.0,56648.0,202723.0,3,203686.0,176175.0,202723.0,22.0,01_시즌
2023,2023-03-05,봄_수트_수트팬츠_ZB,270,29306760,139000.0,28018.0,108809.0,3,105127.0,94467.0,108544.0,22.0,01_시즌
2023,2023-03-05,봄_수트_수트팬츠_ZC,89,9638260,139000.0,23501.0,108295.0,3,109034.0,96188.0,108295.0,22.0,01_시즌
2023,2023-03-05,봄_스웨터_T-에리_ZA,394,17704994,109900.0,13081.0,44937.0,3,47073.0,34291.0,44937.0,59.0,01_시즌
2023,2023-03-05,봄_스웨터_라운드_ZB,1213,66596537,109900.0,12798.0,55160.0,3,53921.0,34232.0,54902.0,50.0,01_시즌
2023,2023-03-05,봄_스웨터_오픈형(CARDIGAN)_ZB,371,32555147,184900.0,17040.0,87210.0,3,77385.0,55815.0,87750.0,53.0,01_시즌
2023,2023-03-05,봄_스웨터_후드T_ZA,56,4339010,129900.0,21197.0,77482.0,3,72799.0,50541.0,77482.0,40.0,01_시즌
2023,2023-03-05,봄_우븐 셔츠_캐쥬얼셔츠_ZA,44,2150180,129900.0,11833.0,48868.0,3,48793.0,35409.0,48868.0,62.0,01_시즌
2023,2023-03-05,봄_우븐 셔츠_캐쥬얼셔츠_ZB,124,3564200,89900.0,7769.0,28744.0,3,28646.0,26344.0,28744.0,68.0,01_시즌
2023,2023-03-05,봄_점퍼_패딩점퍼_ZB,206,27096637,299000.0,28889.0,131537.0,3,99993.0,88124.0,131537.0,56.0,01_시즌
2023,2023-03-05,봄_코트_싱글코트_ZB,323,56814582,359000.0,41091.0,175462.0,3,142042.0,122265.0,175897.0,51.0,01_시즌
2023,2023-03-05,봄_팬츠_니트팬츠_ZA,139,5453788,99900.0,15556.0,39236.0,3,36349.0,30853.0,39236.0,61.0,01_시즌
2023,2023-03-05,봄_팬츠_팬츠(일반)_ZA,30,2026100,139000.0,17115.0,66051.0,3,59503.0,40939.0,67537.0,51.0,01_시즌
2023,2023-03-05,사계절_니트 셔츠_라운드_ZB,1031,29831822,79900.0,7430.0,28935.0,3,28860.0,37400.0,28935.0,64.0,01_시즌
2023,2023-03-05,사계절_데님_데님자켓_ZB,102,9914500,159000.0,13742.0,97201.0,3,97077.0,99312.0,97201.0,39.0,01_시즌
2023,2023-03-05,사계절_데님_데님팬츠_ZB,324,21652304,103233.0,18189.0,66396.0,3,67467.0,64064.0,66828.0,35.0,01_시즌
2023,2023-03-05,사계절_수트_블레이져(수트)_ZB,435,86909630,259000.0,42934.0,199997.0,3,193925.0,142344.0,199792.0,23.0,01_시즌
2023,2023-03-05,사계절_수트_블레이져(수트)_ZC,121,23817060,259000.0,45874.0,196835.0,3,185288.0,165095.0,196835.0,24.0,01_시즌
2023,2023-03-05,사계절_수트_수트팬츠_ZB,454,48779206,139000.0,21561.0,107203.0,3,104288.0,74206.0,107443.0,23.0,01_시즌
2023,2023-03-05,사계절_수트_수트팬츠_ZC,130,13743080,139000.0,22539.0,105716.0,3,99818.0,89643.0,105716.0,24.0,01_시즌
2023,2023-03-05,사계절_우븐 셔츠_드레스셔츠_ZB,2207,83547310,69900.0,7711.0,38059.0,3,38422.0,35960.0,37856.0,46.0,01_시즌
2023,2023-03-05,사계절_자켓_싱글재킷_ZB,166,24694000,239000.0,33934.0,148759.0,3,148478.0,142581.0,148759.0,38.0,01_시즌
2023,2023-03-05,사계절_팬츠_팬츠(일반)_ZB,1141,75091108,99900.0,12416.0,65514.0,3,66997.0,61195.0,65812.0,34.0,01_시즌
2023,2023-03-05,여름_니트 셔츠_라운드_ZB,0,0,59900.0,5131.0,,3,42173.0,28310.0,42173.0,30.0,01_시즌
2023,2023-03-05,여름_수트_블레이져(수트)_ZA,104,25309460,319000.0,59893.0,243360.0,3,247141.0,226401.0,243360.0,24.0,01_시즌
2023,2023-03-05,여름_수트_블레이져(수트)_ZB,778,156739300,259000.0,58837.0,202038.0,3,203182.0,190059.0,201464.0,22.0,01_시즌
2023,2023-03-05,여름_수트_블레이져(수트)_ZC,385,83615480,289000.0,60596.0,224290.0,3,225806.0,202872.0,217183.0,25.0,01_시즌
2023,2023-03-05,여름_수트_수트팬츠_ZA,131,17996660,179000.0,31338.0,137379.0,3,139089.0,129858.0,137379.0,23.0,01_시즌
2023,2023-03-05,여름_수트_수트팬츠_ZB,866,93702360,139000.0,30477.0,108517.0,3,109123.0,102620.0,108201.0,22.0,01_시즌
2023,2023-03-05,여름_수트_수트팬츠_ZC,380,45485600,159000.0,31402.0,123952.0,3,124196.0,112299.0,119699.0,25.0,01_시즌
2023,2023-03-05,여름_우븐 셔츠_드레스셔츠_ZB,1349,52507300,69900.0,6048.0,38923.0,3,38900.0,27367.0,38923.0,44.0,01_시즌
2023,2023-03-05,여름_우븐 셔츠_캐쥬얼셔츠_ZA,311,16218800,109900.0,11018.0,53800.0,3,55016.0,46228.0,52150.0,53.0,01_시즌
2023,2023-03-05,여름_우븐 셔츠_캐쥬얼셔츠_ZB,67,3283000,89900.0,5948.0,49000.0,3,48914.0,26504.0,49000.0,45.0,01_시즌
2023,2023-03-05,여름_자켓_싱글재킷_ZA,127,26603020,289000.0,36799.0,228401.0,3,219297.0,150546.0,209473.0,28.0,01_시즌
2023,2023-03-05,여름_점퍼_점퍼_ZB,726,131017600,271000.0,32893.0,421475.0,3,224460.0,117600.0,180465.0,33.0,01_시즌
2023,2023-03-05,여름_팬츠_팬츠(일반)_ZA,-135,-18696760,139000.0,15635.0,101839.0,3,94780.0,68404.0,138495.0,0.0,01_시즌
2023,2023-03-12,봄_가죽&FUR_가죽점퍼_ZA,8,5515200,1149000.0,265036.0,689400.0,3,653180.0,590208.0,689400.0,40.0,01_시즌
2023,2023-03-12,봄_니트 셔츠_라운드_ZA,218,14848084,119900.0,18365.0,68110.0,3,56836.0,41184.0,68110.0,43.0,01_시즌
2023,2023-03-12,봄_니트 셔츠_오픈형티(맨투맨 등)_ZA,238,13945131,139900.0,16687.0,58593.0,3,52737.0,43776.0,58593.0,58.0,01_시즌
2023,2023-03-12,봄_수트_블레이져(수트)_ZB,182,34250160,259000.0,53988.0,192352.0,3,195556.0,173886.0,188188.0,27.0,01_시즌
2023,2023-03-12,봄_수트_블레이져(수트)_ZC,35,7433300,259000.0,56648.0,212380.0,3,203686.0,176175.0,212380.0,18.0,01_시즌
2023,2023-03-12,봄_수트_수트팬츠_ZB,186,18770560,139000.0,28018.0,103316.0,3,105127.0,94467.0,100917.0,27.0,01_시즌
2023,2023-03-12,봄_수트_수트팬츠_ZC,42,4656500,139000.0,23501.0,110869.0,3,109034.0,96188.0,110869.0,20.0,01_시즌
2023,2023-03-12,봄_스웨터_T-에리_ZA,345,16801432,109900.0,13081.0,48700.0,3,47073.0,34291.0,48700.0,56.0,01_시즌
2023,2023-03-12,봄_스웨터_라운드_ZB,962,55836568,109900.0,12798.0,57878.0,3,53921.0,34232.0,58042.0,47.0,01_시즌
2023,2023-03-12,봄_스웨터_오픈형(CARDIGAN)_ZB,326,29784990,184900.0,17040.0,91041.0,3,77385.0,55815.0,91365.0,51.0,01_시즌
2023,2023-03-12,봄_스웨터_후드T_ZA,27,2046067,129900.0,21197.0,75780.0,3,72799.0,50541.0,75780.0,42.0,01_시즌
2023,2023-03-12,봄_우븐 셔츠_캐쥬얼셔츠_ZA,79,3893563,129900.0,11833.0,49286.0,3,48793.0,35409.0,49286.0,62.0,01_시즌
2023,2023-03-12,봄_우븐 셔츠_캐쥬얼셔츠_ZB,100,2851200,89900.0,7769.0,28512.0,3,28646.0,26344.0,28512.0,68.0,01_시즌
2023,2023-03-12,봄_점퍼_패딩점퍼_ZB,141,12413873,299000.0,28889.0,88042.0,3,99993.0,88124.0,88042.0,71.0,01_시즌
2023,2023-03-12,봄_코트_싱글코트_ZB,338,44986384,359000.0,41091.0,133460.0,3,142042.0,122265.0,133096.0,63.0,01_시즌
2023,2023-03-12,봄_팬츠_니트팬츠_ZA,97,3794398,99900.0,15556.0,39118.0,3,36349.0,30853.0,39118.0,61.0,01_시즌
2023,2023-03-12,봄_팬츠_팬츠(일반)_ZA,48,3299200,139000.0,17115.0,68784.0,3,59503.0,40939.0,68733.0,51.0,01_시즌
2023,2023-03-12,사계절_니트 셔츠_라운드_ZB,843,24236431,79900.0,7430.0,28750.0,3,28860.0,37400.0,28750.0,64.0,01_시즌
2023,2023-03-12,사계절_데님_데님자켓_ZB,64,6272900,159000.0,13742.0,98014.0,3,97077.0,99312.0,98014.0,38.0,01_시즌
2023,2023-03-12,사계절_데님_데님팬츠_ZB,270,18346775,103233.0,18189.0,67923.0,3,67467.0,64064.0,67951.0,34.0,01_시즌
2023,2023-03-12,사계절_수트_블레이져(수트)_ZB,364,67554970,259000.0,42934.0,194426.0,3,193925.0,142344.0,185591.0,28.0,01_시즌
2023,2023-03-12,사계절_수트_블레이져(수트)_ZC,101,18466700,259000.0,45874.0,182839.0,3,185288.0,165095.0,182839.0,29.0,01_시즌
2023,2023-03-12,사계절_수트_수트팬츠_ZB,395,39477390,139000.0,21561.0,105736.0,3,104288.0,74206.0,99943.0,28.0,01_시즌
2023,2023-03-12,사계절_수트_수트팬츠_ZC,93,9132300,139000.0,22539.0,98197.0,3,99818.0,89643.0,98197.0,29.0,01_시즌
2023,2023-03-12,사계절_우븐 셔츠_드레스셔츠_ZB,1915,73926885,69900.0,7711.0,38523.0,3,38422.0,35960.0,38604.0,45.0,01_시즌
2023,2023-03-12,사계절_자켓_싱글재킷_ZB,91,13439200,239000.0,33934.0,147684.0,3,148478.0,142581.0,147684.0,38.0,01_시즌
2023,2023-03-12,사계절_팬츠_팬츠(일반)_ZB,932,62910338,99900.0,12416.0,67536.0,3,66997.0,61195.0,67500.0,32.0,01_시즌
2023,2023-03-12,여름_니트 셔츠_라운드_ZB,631,28491850,59900.0,5830.0,43928.0,3,42173.0,28310.0,45153.0,25.0,01_시즌
2023,2023-03-12,여름_수트_블레이져(수트)_ZA,100,25041500,319000.0,59914.0,250415.0,3,247141.0,226401.0,250415.0,22.0,01_시즌
2023,2023-03-12,여름_수트_블레이져(수트)_ZB,657,134187900,259000.0,57363.0,203508.0,3,203182.0,190059.0,204243.0,21.0,01_시즌
2023,2023-03-12,여름_수트_블레이져(수트)_ZC,319,70047360,289000.0,60600.0,228064.0,3,225806.0,202872.0,219584.0,24.0,01_시즌
2023,2023-03-12,여름_수트_수트팬츠_ZA,117,16306900,179000.0,31338.0,139375.0,3,139089.0,129858.0,139375.0,22.0,01_시즌
2023,2023-03-12,여름_수트_수트팬츠_ZB,769,84475860,139000.0,29466.0,109415.0,3,109123.0,102620.0,109852.0,21.0,01_시즌
2023,2023-03-12,여름_수트_수트팬츠_ZC,310,37195660,159000.0,31410.0,125352.0,3,124196.0,112299.0,119986.0,25.0,01_시즌
2023,2023-03-12,여름_스웨터_라운드_ZA,0,0,109900.0,11520.0,,3,69100.0,47302.0,69100.0,37.0,01_시즌
2023,2023-03-12,여름_스웨터_라운드_ZB,0,0,89900.0,12279.0,,3,59123.0,40720.0,59123.0,34.0,01_시즌
2023,2023-03-12,여름_우븐 셔츠_드레스셔츠_ZB,242,9423375,69900.0,6048.0,38940.0,3,38900.0,27367.0,38940.0,44.0,01_시즌
2023,2023-03-12,여름_우븐 셔츠_캐쥬얼셔츠_ZA,352,19117550,109900.0,11018.0,55414.0,3,55016.0,46228.0,54311.0,51.0,01_시즌
2023,2023-03-12,여름_우븐 셔츠_캐쥬얼셔츠_ZB,330,16152100,89900.0,5948.0,48946.0,3,48914.0,26504.0,48946.0,46.0,01_시즌
2023,2023-03-12,여름_자켓_싱글재킷_ZA,264,58392760,289000.0,36794.0,228394.0,3,219297.0,150546.0,221185.0,23.0,01_시즌
2023,2023-03-12,여름_점퍼_점퍼_ZB,827,139980720,271000.0,32893.0,164612.0,3,224460.0,117600.0,169263.0,38.0,01_시즌
2023,2023-03-12,여름_팬츠_팬츠(일반)_ZA,334,34354160,139000.0,15635.0,98915.0,3,94780.0,68404.0,102857.0,26.0,01_시즌
2023,2023-03-12,여름_팬츠_팬츠(일반)_ZB,405,27830700,99900.0,9950.0,68858.0,3,68207.0,40589.0,68718.0,31.0,01_시즌
2023,2023-03-19,봄_가죽&FUR_가죽점퍼_ZA,9,5494600,1149000.0,265036.0,614410.0,3,653180.0,590208.0,610511.0,47.0,01_시즌
2023,2023-03-19,봄_니트 셔츠_라운드_ZA,281,13897550,119900.0,18365.0,49457.0,3,56836.0,41184.0,49457.0,59.0,01_시즌
2023,2023-03-19,봄_니트 셔츠_오픈형티(맨투맨 등)_ZA,354,17552073,139900.0,16687.0,49582.0,3,52737.0,43776.0,49582.0,65.0,01_시즌
2023,2023-03-19,봄_수트_블레이져(수트)_ZB,148,28412300,259000.0,53988.0,193852.0,3,195556.0,173886.0,191975.0,26.0,01_시즌
2023,2023-03-19,봄_수트_블레이져(수트)_ZC,31,6216000,259000.0,56648.0,200516.0,3,203686.0,176175.0,200516.0,23.0,01_시즌
2023,2023-03-19,봄_수트_수트팬츠_ZB,156,15998900,139000.0,28018.0,104718.0,3,105127.0,94467.0,102557.0,26.0,01_시즌
2023,2023-03-19,봄_수트_수트팬츠_ZC,37,3989300,139000.0,23501.0,107819.0,3,109034.0,96188.0,107819.0,22.0,01_시즌
2023,2023-03-19,봄_스웨터_T-에리_ZA,436,20907281,109900.0,13081.0,47952.0,3,47073.0,34291.0,47952.0,56.0,01_시즌
2023,2023-03-19,봄_스웨터_라운드_ZB,743,39175289,109900.0,12798.0,53257.0,3,53921.0,34232.0,52726.0,52.0,01_시즌
2023,2023-03-19,봄_스웨터_오픈형(CARDIGAN)_ZB,695,46103490,184900.0,17040.0,66647.0,3,77385.0,55815.0,66336.0,64.0,01_시즌
2023,2023-03-19,봄_스웨터_후드T_ZA,30,2079610,129900.0,21197.0,69320.0,3,72799.0,50541.0,69320.0,47.0,01_시즌
2023,2023-03-19,봄_우븐 셔츠_캐쥬얼셔츠_ZA,68,3280253,129900.0,11833.0,48239.0,3,48793.0,35409.0,48239.0,63.0,01_시즌
2023,2023-03-19,봄_우븐 셔츠_캐쥬얼셔츠_ZB,91,2677850,89900.0,7769.0,29427.0,3,28646.0,26344.0,29427.0,67.0,01_시즌
2023,2023-03-19,봄_점퍼_패딩점퍼_ZB,177,16183100,299000.0,28889.0,91430.0,3,99993.0,88124.0,91430.0,69.0,01_시즌
2023,2023-03-19,봄_코트_싱글코트_ZB,322,43194780,359000.0,41091.0,134457.0,3,142042.0,122265.0,134145.0,63.0,01_시즌
2023,2023-03-19,봄_팬츠_니트팬츠_ZA,381,11764587,99900.0,15556.0,30878.0,3,36349.0,30853.0,30878.0,69.0,01_시즌
2023,2023-03-19,봄_팬츠_팬츠(일반)_ZA,50,2666540,139000.0,17115.0,53062.0,3,59503.0,40939.0,53331.0,62.0,01_시즌
2023,2023-03-19,사계절_니트 셔츠_라운드_ZB,936,26972077,79900.0,7430.0,28816.0,3,28860.0,37400.0,28816.0,64.0,01_시즌
2023,2023-03-19,사계절_데님_데님자켓_ZB,87,8494750,159000.0,13742.0,97641.0,3,97077.0,99312.0,97641.0,39.0,01_시즌
2023,2023-03-19,사계절_데님_데님팬츠_ZB,272,18357950,103233.0,18189.0,67768.0,3,67467.0,64064.0,67492.0,35.0,01_시즌
2023,2023-03-19,사계절_수트_블레이져(수트)_ZB,341,62411230,259000.0,42936.0,191960.0,3,193925.0,142344.0,183024.0,29.0,01_시즌
2023,2023-03-19,사계절_수트_블레이져(수트)_ZC,78,14097370,259000.0,45874.0,180736.0,3,185288.0,165095.0,180736.0,30.0,01_시즌
2023,2023-03-19,사계절_수트_수트팬츠_ZB,371,36404100,139000.0,21566.0,102689.0,3,104288.0,74206.0,98124.0,29.0,01_시즌
2023,2023-03-19,사계절_수트_수트팬츠_ZC,72,7079270,139000.0,22539.0,98323.0,3,99818.0,89643.0,98323.0,29.0,01_시즌
2023,2023-03-19,사계절_우븐 셔츠_드레스셔츠_ZB,1562,60505902,69900.0,7711.0,38687.0,3,38422.0,35960.0,38736.0,45.0,01_시즌
2023,2023-03-19,사계절_자켓_싱글재킷_ZB,131,19622400,239000.0,33934.0,149789.0,3,148478.0,142581.0,149789.0,37.0,01_시즌
2023,2023-03-19,사계절_팬츠_팬츠(일반)_ZB,802,54385325,99900.0,12416.0,68000.0,3,66997.0,61195.0,67812.0,32.0,01_시즌
2023,2023-03-19,여름_니트 셔츠_라운드_ZB,722,30088510,59900.0,5725.0,41440.0,3,42173.0,28310.0,41674.0,30.0,01_시즌
2023,2023-03-19,여름_수트_블레이져(수트)_ZA,107,26477000,319000.0,59914.0,247449.0,3,247141.0,226401.0,247449.0,22.0,01_시즌
2023,2023-03-19,여름_수트_블레이져(수트)_ZB,752,153441960,259000.0,56986.0,204312.0,3,203182.0,190059.0,204045.0,21.0,01_시즌
2023,2023-03-19,여름_수트_블레이져(수트)_ZC,332,72058100,289000.0,60600.0,226340.0,3,225806.0,202872.0,217042.0,25.0,01_시즌
2023,2023-03-19,여름_수트_수트팬츠_ZA,131,18240100,179000.0,31338.0,139237.0,3,139089.0,129858.0,139237.0,22.0,01_시즌
2023,2023-03-19,여름_수트_수트팬츠_ZB,829,91050560,139000.0,29200.0,109756.0,3,109123.0,102620.0,109832.0,21.0,01_시즌
2023,2023-03-19,여름_수트_수트팬츠_ZC,307,36220560,159000.0,31410.0,124168.0,3,124196.0,112299.0,117982.0,26.0,01_시즌
2023,2023-03-19,여름_스웨터_T-에리_ZB,0,0,99900.0,8582.0,,3,58954.0,37504.0,58954.0,41.0,01_시즌
2023,2023-03-19,여름_스웨터_라운드_ZA,0,0,109900.0,11520.0,,3,69100.0,47302.0,69100.0,37.0,01_시즌
2023,2023-03-19,여름_스웨터_라운드_ZB,417,24588950,89900.0,11138.0,58966.0,3,59123.0,40720.0,58966.0,34.0,01_시즌
2023,2023-03-19,여름_우븐 셔츠_드레스셔츠_ZB,895,34837745,69900.0,6048.0,38925.0,3,38900.0,27367.0,38925.0,44.0,01_시즌
2023,2023-03-19,여름_우븐 셔츠_캐쥬얼셔츠_ZA,337,18273600,124675.0,12517.0,55301.0,3,55016.0,46228.0,54224.0,57.0,01_시즌
2023,2023-03-19,여름_우븐 셔츠_캐쥬얼셔츠_ZB,356,17274400,89900.0,6763.0,48734.0,3,48914.0,26504.0,48524.0,46.0,01_시즌
2023,2023-03-19,여름_자켓_싱글재킷_ZA,435,96875750,295667.0,38690.0,228509.0,3,219297.0,150546.0,222703.0,25.0,01_시즌
2023,2023-03-19,여름_점퍼_점퍼_ZB,901,150768820,271000.0,32893.0,160504.0,3,224460.0,117600.0,167335.0,38.0,01_시즌
2023,2023-03-19,여름_팬츠_팬츠(일반)_ZA,427,42814600,139000.0,15635.0,98343.0,3,94780.0,68404.0,100268.0,28.0,01_시즌
2023,2023-03-19,여름_팬츠_팬츠(일반)_ZB,487,32870050,99900.0,9950.0,68012.0,3,68207.0,40589.0,67495.0,32.0,01_시즌
2023,2023-03-26,봄_가죽&FUR_가죽점퍼_ZA,6,3597100,1149000.0,265036.0,619510.0,3,653180.0,590208.0,599517.0,48.0,01_시즌
2023,2023-03-26,봄_니트 셔츠_라운드_ZA,200,8807310,119900.0,18365.0,44037.0,3,56836.0,41184.0,44037.0,63.0,01_시즌
2023,2023-03-26,봄_니트 셔츠_오픈형티(맨투맨 등)_ZA,309,14253582,139900.0,16687.0,46128.0,3,52737.0,43776.0,46128.0,67.0,01_시즌
2023,2023-03-26,봄_수트_블레이져(수트)_ZB,162,29927450,259000.0,53988.0,193040.0,3,195556.0,173886.0,184737.0,29.0,01_시즌
2023,2023-03-26,봄_수트_블레이져(수트)_ZC,34,6770260,259000.0,56648.0,199125.0,3,203686.0,176175.0,199125.0,23.0,01_시즌
2023,2023-03-26,봄_수트_수트팬츠_ZB,177,17722500,139000.0,28018.0,103666.0,3,105127.0,94467.0,100127.0,28.0,01_시즌
2023,2023-03-26,봄_수트_수트팬츠_ZC,38,4147760,139000.0,23501.0,109152.0,3,109034.0,96188.0,109152.0,21.0,01_시즌
2023,2023-03-26,봄_스웨터_T-에리_ZA,369,17233658,109900.0,13081.0,46704.0,3,47073.0,34291.0,46704.0,58.0,01_시즌
2023,2023-03-26,봄_스웨터_라운드_ZB,624,30593795,109900.0,12798.0,49388.0,3,53921.0,34232.0,49029.0,55.0,01_시즌
2023,2023-03-26,봄_스웨터_오픈형(CARDIGAN)_ZB,631,40732460,184900.0,17040.0,64640.0,3,77385.0,55815.0,64552.0,65.0,01_시즌
2023,2023-03-26,봄_스웨터_후드T_ZA,26,1784000,129900.0,21197.0,68615.0,3,72799.0,50541.0,68615.0,47.0,01_시즌
2023,2023-03-26,봄_우븐 셔츠_캐쥬얼셔츠_ZA,103,5024122,129900.0,11833.0,48778.0,3,48793.0,35409.0,48778.0,62.0,01_시즌
2023,2023-03-26,봄_우븐 셔츠_캐쥬얼셔츠_ZB,82,2287700,89900.0,7769.0,27899.0,3,28646.0,26344.0,27899.0,69.0,01_시즌
2023,2023-03-26,봄_점퍼_패딩점퍼_ZB,82,7294849,299000.0,28889.0,88962.0,3,99993.0,88124.0,88962.0,70.0,01_시즌
2023,2023-03-26,봄_코트_싱글코트_ZB,337,42040454,359000.0,41091.0,124788.0,3,142042.0,122265.0,124749.0,65.0,01_시즌
2023,2023-03-26,봄_팬츠_니트팬츠_ZA,134,4845891,99900.0,15556.0,36163.0,3,36349.0,30853.0,36163.0,64.0,01_시즌
2023,2023-03-26,봄_팬츠_팬츠(일반)_ZA,35,1756300,139000.0,17115.0,50116.0,3,59503.0,40939.0,50180.0,64.0,01_시즌
2023,2023-03-26,사계절_니트 셔츠_라운드_ZB,525,15192950,79900.0,7430.0,28939.0,3,28860.0,37400.0,28939.0,64.0,01_시즌
2023,2023-03-26,사계절_데님_데님자켓_ZB,88,8399900,159000.0,13742.0,95453.0,3,97077.0,99312.0,95453.0,40.0,01_시즌
2023,2023-03-26,사계절_데님_데님팬츠_ZB,299,20226195,103233.0,18189.0,67783.0,3,67467.0,64064.0,67646.0,34.0,01_시즌
2023,2023-03-26,사계절_수트_블레이져(수트)_ZB,334,60530890,259000.0,42936.0,189317.0,3,193925.0,142344.0,181230.0,30.0,01_시즌
2023,2023-03-26,사계절_수트_블레이져(수트)_ZC,79,14278670,259000.0,45874.0,180743.0,3,185288.0,165095.0,180743.0,30.0,01_시즌
2023,2023-03-26,사계절_수트_수트팬츠_ZB,352,34174540,139000.0,21566.0,101526.0,3,104288.0,74206.0,97087.0,30.0,01_시즌
2023,2023-03-26,사계절_수트_수트팬츠_ZC,90,8733370,139000.0,22539.0,97037.0,3,99818.0,89643.0,97037.0,30.0,01_시즌
2023,2023-03-26,사계절_우븐 셔츠_드레스셔츠_ZB,1553,59854270,69900.0,7711.0,38418.0,3,38422.0,35960.0,38541.0,45.0,01_시즌
2023,2023-03-26,사계절_자켓_싱글재킷_ZB,105,15506500,239000.0,33934.0,147681.0,3,148478.0,142581.0,147681.0,38.0,01_시즌
2023,2023-03-26,사계절_팬츠_팬츠(일반)_ZB,730,48753500,99900.0,12418.0,66940.0,3,66997.0,61195.0,66786.0,33.0,01_시즌
2023,2023-03-26,여름_니트 셔츠_라운드(V넥 등)_ZB,74,5096950,119900.0,18694.0,68878.0,3,68878.0,45771.0,68878.0,43.0,01_시즌
2023,2023-03-26,여름_니트 셔츠_라운드_ZB,1306,52266670,69900.0,7806.0,41845.0,3,42173.0,28310.0,40020.0,43.0,01_시즌
2023,2023-03-26,여름_수트_블레이져(수트)_ZA,125,30917480,319000.0,59914.0,247340.0,3,247141.0,226401.0,247340.0,22.0,01_시즌
2023,2023-03-26,여름_수트_블레이져(수트)_ZB,772,155840300,259000.0,56986.0,202426.0,3,203182.0,190059.0,201866.0,22.0,01_시즌
2023,2023-03-26,여름_수트_블레이져(수트)_ZC,270,58588390,289000.0,60600.0,224530.0,3,225806.0,202872.0,216994.0,25.0,01_시즌
2023,2023-03-26,여름_수트_수트팬츠_ZA,144,20212680,179000.0,31338.0,140366.0,3,139089.0,129858.0,140366.0,22.0,01_시즌
2023,2023-03-26,여름_수트_수트팬츠_ZB,843,91272960,139000.0,29200.0,108586.0,3,109123.0,102620.0,108272.0,22.0,01_시즌
2023,2023-03-26,여름_수트_수트팬츠_ZC,297,35373015,159000.0,31410.0,123313.0,3,124196.0,112299.0,119101.0,25.0,01_시즌
2023,2023-03-26,여름_스웨터_T-에리_ZB,391,23050900,99900.0,8582.0,58954.0,3,58954.0,37504.0,58954.0,41.0,01_시즌
2023,2023-03-26,여름_스웨터_라운드_ZA,147,10169850,109900.0,11520.0,69100.0,3,69100.0,47302.0,69183.0,37.0,01_시즌
2023,2023-03-26,여름_스웨터_라운드_ZB,367,21731250,89900.0,11138.0,59202.0,3,59123.0,40720.0,59213.0,34.0,01_시즌
2023,2023-03-26,여름_우븐 셔츠_드레스셔츠_ZB,881,34193845,69900.0,6048.0,38813.0,3,38900.0,27367.0,38813.0,44.0,01_시즌
2023,2023-03-26,여름_우븐 셔츠_캐쥬얼셔츠_ZA,396,21394800,124675.0,12517.0,55144.0,3,55016.0,46228.0,54027.0,57.0,01_시즌
2023,2023-03-26,여름_우븐 셔츠_캐쥬얼셔츠_ZB,725,35512900,89900.0,6763.0,49054.0,3,48914.0,26504.0,48983.0,46.0,01_시즌
2023,2023-03-26,여름_자켓_싱글재킷_ZA,657,123069330,295667.0,38690.0,195526.0,3,219297.0,150546.0,187320.0,37.0,01_시즌
2023,2023-03-26,여름_점퍼_점퍼_ZB,903,143330800,271000.0,32893.0,151247.0,3,224460.0,117600.0,158727.0,41.0,01_시즌
2023,2023-03-26,여름_팬츠_니트팬츠_ZB,140,8400000,109450.0,17860.0,59000.0,3,59000.0,42926.0,60000.0,45.0,01_시즌
2023,2023-03-26,여름_팬츠_반바지_ZB,47,2293000,89900.0,17464.0,48787.0,3,48787.0,31804.0,48787.0,46.0,01_시즌
2023,2023-03-26,여름_팬츠_팬츠(일반)_ZA,639,58120370,139000.0,15635.0,80021.0,3,94780.0,68404.0,90955.0,35.0,01_시즌
2023,2023-03-26,여름_팬츠_팬츠(일반)_ZB,648,44056180,99900.0,9950.0,67967.0,3,68207.0,40589.0,67988.0,32.0,01_시즌
2023,2023-04-02,봄_가죽&FUR_가죽점퍼_ZA,6,3566700,1149000.0,265036.0,591975.0,4,601846.0,590208.0,594450.0,48.0,01_시즌
2023,2023-04-02,봄_니트 셔츠_라운드_ZA,186,8419494,119900.0,18365.0,45266.0,4,37633.0,41184.0,45266.0,62.0,01_시즌
2023,2023-04-02,봄_니트 셔츠_오픈형티(맨투맨 등)_ZA,236,11180160,139900.0,16687.0,47374.0,4,40434.0,43776.0,47374.0,66.0,01_시즌
2023,2023-04-02,봄_수트_블레이져(수트)_ZB,117,22040900,259000.0,53988.0,191114.0,4,186561.0,173886.0,188384.0,27.0,01_시즌
2023,2023-04-02,봄_수트_블레이져(수트)_ZC,25,5180000,259000.0,56648.0,207200.0,4,200598.0,176175.0,207200.0,20.0,01_시즌
2023,2023-04-02,봄_수트_수트팬츠_ZB,130,13332880,139000.0,28018.0,102384.0,4,98737.0,94467.0,102561.0,26.0,01_시즌
2023,2023-04-02,봄_수트_수트팬츠_ZC,31,3396550,139000.0,23501.0,109566.0,4,106630.0,96188.0,109566.0,21.0,01_시즌
2023,2023-04-02,봄_스웨터_T-에리_ZA,286,12928763,109900.0,13081.0,45205.0,4,32422.0,34291.0,45205.0,59.0,01_시즌
2023,2023-04-02,봄_스웨터_라운드_ZB,388,16304625,109900.0,12798.0,41842.0,4,30556.0,34232.0,42022.0,62.0,01_시즌
2023,2023-04-02,봄_스웨터_오픈형(CARDIGAN)_ZB,528,34392077,184900.0,17040.0,64950.0,4,52269.0,55815.0,65137.0,65.0,01_시즌
2023,2023-04-02,봄_스웨터_후드T_ZA,16,1027900,129900.0,21197.0,64244.0,4,53722.0,50541.0,64244.0,51.0,01_시즌
2023,2023-04-02,봄_우븐 셔츠_캐쥬얼셔츠_ZA,129,5381380,129900.0,11833.0,41716.0,4,36859.0,35409.0,41716.0,68.0,01_시즌
2023,2023-04-02,봄_우븐 셔츠_캐쥬얼셔츠_ZB,63,1767100,89900.0,7769.0,28049.0,4,26519.0,26344.0,28049.0,69.0,01_시즌
2023,2023-04-02,봄_점퍼_패딩점퍼_ZB,122,11831901,299000.0,28889.0,96983.0,4,88896.0,88124.0,96983.0,68.0,01_시즌
2023,2023-04-02,봄_코트_싱글코트_ZB,221,27605180,359000.0,41091.0,124927.0,4,89201.0,122265.0,124910.0,65.0,01_시즌
2023,2023-04-02,봄_팬츠_니트팬츠_ZA,149,4639630,99900.0,15556.0,31138.0,4,27359.0,30853.0,31138.0,69.0,01_시즌
2023,2023-04-02,봄_팬츠_팬츠(일반)_ZA,31,1523160,139000.0,17118.0,48575.0,4,35817.0,40939.0,49134.0,65.0,01_시즌
2023,2023-04-02,사계절_니트 셔츠_라운드_ZB,641,17808681,79900.0,7430.0,27783.0,4,27878.0,37400.0,27783.0,65.0,01_시즌
2023,2023-04-02,사계절_데님_데님자켓_ZB,84,8177500,159000.0,13742.0,97351.0,4,98918.0,99312.0,97351.0,39.0,01_시즌
2023,2023-04-02,사계절_데님_데님팬츠_ZB,311,20818653,103233.0,18189.0,66695.0,4,67137.0,64064.0,66941.0,35.0,01_시즌
2023,2023-04-02,사계절_수트_블레이져(수트)_ZB,368,66998120,259000.0,42936.0,192741.0,4,187100.0,142344.0,182060.0,30.0,01_시즌
2023,2023-04-02,사계절_수트_블레이져(수트)_ZC,76,13804700,259000.0,47950.0,181641.0,4,176034.0,165095.0,181641.0,30.0,01_시즌
2023,2023-04-02,사계절_수트_수트팬츠_ZB,388,38041520,139000.0,21566.0,103636.0,4,101359.0,74206.0,98045.0,29.0,01_시즌
2023,2023-04-02,사계절_수트_수트팬츠_ZC,80,7784000,139000.0,25898.0,97300.0,4,94603.0,89643.0,97300.0,30.0,01_시즌
2023,2023-04-02,사계절_우븐 셔츠_드레스셔츠_ZB,1673,63353025,69900.0,7711.0,38377.0,4,38768.0,35960.0,37868.0,46.0,01_시즌
2023,2023-04-02,사계절_자켓_싱글재킷_ZB,76,11250100,239000.0,33934.0,148028.0,4,142988.0,142581.0,148028.0,38.0,01_시즌
2023,2023-04-02,사계절_팬츠_팬츠(일반)_ZB,822,54025503,99900.0,12418.0,65772.0,4,65901.0,61195.0,65724.0,34.0,01_시즌
2023,2023-04-02,여름_니트 셔츠_라운드(V넥 등)_ZB,63,4301268,119900.0,18694.0,68274.0,4,68367.0,45771.0,68274.0,43.0,01_시즌
2023,2023-04-02,여름_니트 셔츠_라운드_ZB,1554,63151680,69900.0,7739.0,47336.0,4,47543.0,28310.0,40638.0,42.0,01_시즌
2023,2023-04-02,여름_수트_블레이져(수트)_ZA,215,53164540,359000.0,63357.0,248021.0,4,243348.0,226401.0,247277.0,31.0,01_시즌
2023,2023-04-02,여름_수트_블레이져(수트)_ZB,804,162429260,259000.0,56988.0,200845.0,4,197877.0,190059.0,202026.0,22.0,01_시즌
2023,2023-04-02,여름_수트_블레이져(수트)_ZC,301,65927840,289000.0,60600.0,222232.0,4,212009.0,202872.0,219029.0,24.0,01_시즌
2023,2023-04-02,여름_수트_수트팬츠_ZA,234,32413320,205667.0,33110.0,139056.0,4,138670.0,129858.0,138518.0,33.0,01_시즌
2023,2023-04-02,여름_수트_수트팬츠_ZB,864,93772237,139000.0,29204.0,108113.0,4,106411.0,102620.0,108533.0,22.0,01_시즌
2023,2023-04-02,여름_수트_수트팬츠_ZC,331,39485100,159000.0,31410.0,122028.0,4,116307.0,112299.0,119290.0,25.0,01_시즌
2023,2023-04-02,여름_스웨터_T-에리_ZB,409,23950200,99900.0,8582.0,58558.0,4,56170.0,37504.0,58558.0,41.0,01_시즌
2023,2023-04-02,여름_스웨터_라운드_ZA,351,23065980,109900.0,11520.0,66890.0,4,66904.0,47302.0,65715.0,40.0,01_시즌
2023,2023-04-02,여름_스웨터_라운드_ZB,668,38855628,89900.0,11157.0,58311.0,4,56978.0,40720.0,58167.0,35.0,01_시즌
2023,2023-04-02,여름_우븐 셔츠_드레스셔츠_ZB,918,34980800,69900.0,6048.0,38105.0,4,38836.0,27367.0,38105.0,45.0,01_시즌
2023,2023-04-02,여름_우븐 셔츠_캐쥬얼셔츠_ZA,444,23312800,124675.0,12517.0,71659.0,4,71463.0,46228.0,52506.0,58.0,01_시즌
2023,2023-04-02,여름_우븐 셔츠_캐쥬얼셔츠_ZB,816,39754240,89900.0,6763.0,48757.0,4,47271.0,26504.0,48718.0,46.0,01_시즌
2023,2023-04-02,여름_자켓_싱글재킷_ZA,674,134229240,295667.0,38690.0,214775.0,4,187761.0,150546.0,199153.0,33.0,01_시즌
2023,2023-04-02,여름_점퍼_점퍼_ZB,962,149437934,271000.0,32893.0,150099.0,4,144648.0,117600.0,155341.0,43.0,01_시즌
2023,2023-04-02,여름_팬츠_니트팬츠_ZB,44,3873150,109450.0,17872.0,59026.0,4,58887.0,42926.0,88026.0,20.0,01_시즌
2023,2023-04-02,여름_팬츠_반바지_ZB,-1,-63900,89900.0,17464.0,63900.0,4,50140.0,31804.0,63900.0,29.0,01_시즌
2023,2023-04-02,여름_팬츠_팬츠(일반)_ZA,898,88790267,139000.0,16236.0,96221.0,4,101714.0,68404.0,98876.0,29.0,01_시즌
2023,2023-04-02,여름_팬츠_팬츠(일반)_ZB,958,65318030,99900.0,9052.0,68442.0,4,66832.0,40589.0,68182.0,32.0,01_시즌
2023,2023-04-09,봄_가죽&FUR_가죽점퍼_ZA,6,3586100,1149000.0,265036.0,618410.0,4,601846.0,590208.0,597683.0,48.0,01_시즌
2023,2023-04-09,봄_니트 셔츠_라운드_ZA,98,3867900,119900.0,18365.0,39468.0,4,37633.0,41184.0,39468.0,67.0,01_시즌
2023,2023-04-09,봄_니트 셔츠_오픈형티(맨투맨 등)_ZA,192,8197291,139900.0,16687.0,42694.0,4,40434.0,43776.0,42694.0,69.0,01_시즌
2023,2023-04-09,봄_수트_블레이져(수트)_ZB,135,25174800,259000.0,53988.0,193661.0,4,186561.0,173886.0,186480.0,28.0,01_시즌
2023,2023-04-09,봄_수트_블레이져(수트)_ZC,37,7614600,259000.0,56648.0,205800.0,4,200598.0,176175.0,205800.0,21.0,01_시즌
2023,2023-04-09,봄_수트_수트팬츠_ZB,131,13015960,139000.0,28018.0,103341.0,4,98737.0,94467.0,99358.0,29.0,01_시즌
2023,2023-04-09,봄_수트_수트팬츠_ZC,34,3739100,139000.0,23501.0,109974.0,4,106630.0,96188.0,109974.0,21.0,01_시즌
2023,2023-04-09,봄_스웨터_T-에리_ZA,153,6230347,109900.0,13081.0,40721.0,4,32422.0,34291.0,40721.0,63.0,01_시즌
2023,2023-04-09,봄_스웨터_라운드_ZB,275,10769933,109900.0,12798.0,37259.0,4,30556.0,34232.0,39163.0,64.0,01_시즌
2023,2023-04-09,봄_스웨터_오픈형(CARDIGAN)_ZB,452,26847539,184900.0,17040.0,59428.0,4,52269.0,55815.0,59397.0,68.0,01_시즌
2023,2023-04-09,봄_스웨터_후드T_ZA,15,930680,129900.0,21197.0,62045.0,4,53722.0,50541.0,62045.0,52.0,01_시즌
2023,2023-04-09,봄_우븐 셔츠_캐쥬얼셔츠_ZA,142,5604880,129900.0,11833.0,39471.0,4,36859.0,35409.0,39471.0,70.0,01_시즌
2023,2023-04-09,봄_우븐 셔츠_캐쥬얼셔츠_ZB,47,1320400,89900.0,7769.0,28094.0,4,26519.0,26344.0,28094.0,69.0,01_시즌
2023,2023-04-09,봄_점퍼_패딩점퍼_ZB,41,3145930,299000.0,28889.0,76730.0,4,88896.0,88124.0,76730.0,74.0,01_시즌
2023,2023-04-09,봄_코트_싱글코트_ZB,178,17590590,359000.0,41091.0,98900.0,4,89201.0,122265.0,98824.0,72.0,01_시즌
2023,2023-04-09,봄_팬츠_니트팬츠_ZA,110,3029987,99900.0,15556.0,27545.0,4,27359.0,30853.0,27545.0,72.0,01_시즌
2023,2023-04-09,봄_팬츠_팬츠(일반)_ZA,24,895369,139000.0,17118.0,37843.0,4,35817.0,40939.0,37307.0,73.0,01_시즌
2023,2023-04-09,사계절_니트 셔츠_라운드_ZB,342,9728100,79900.0,7430.0,28445.0,4,27878.0,37400.0,28445.0,64.0,01_시즌
2023,2023-04-09,사계절_데님_데님자켓_ZB,54,5316000,159000.0,13742.0,98444.0,4,98918.0,99312.0,98444.0,38.0,01_시즌
2023,2023-04-09,사계절_데님_데님팬츠_ZB,291,19929040,103233.0,18189.0,68585.0,4,67137.0,64064.0,68485.0,34.0,01_시즌
2023,2023-04-09,사계절_수트_블레이져(수트)_ZB,400,72579570,259000.0,42936.0,193032.0,4,187100.0,142344.0,181449.0,30.0,01_시즌
2023,2023-04-09,사계절_수트_블레이져(수트)_ZC,71,12724670,259000.0,47950.0,179221.0,4,176034.0,165095.0,179221.0,31.0,01_시즌
2023,2023-04-09,사계절_수트_수트팬츠_ZB,393,38256970,139000.0,21566.0,103573.0,4,101359.0,74206.0,97346.0,30.0,01_시즌
2023,2023-04-09,사계절_수트_수트팬츠_ZC,60,5814370,139000.0,25898.0,96906.0,4,94603.0,89643.0,96906.0,30.0,01_시즌
2023,2023-04-09,사계절_우븐 셔츠_드레스셔츠_ZB,1706,65731900,69900.0,7711.0,38682.0,4,38768.0,35960.0,38530.0,45.0,01_시즌
2023,2023-04-09,사계절_자켓_싱글재킷_ZB,69,10430000,239000.0,33934.0,151159.0,4,142988.0,142581.0,151159.0,37.0,01_시즌
2023,2023-04-09,사계절_팬츠_팬츠(일반)_ZB,594,39993837,99900.0,12418.0,67203.0,4,65901.0,61195.0,67330.0,33.0,01_시즌
2023,2023-04-09,여름_니트 셔츠_라운드(V넥 등)_ZB,127,8688673,119900.0,18694.0,68415.0,4,68367.0,45771.0,68415.0,43.0,01_시즌
2023,2023-04-09,여름_니트 셔츠_라운드_ZB,1351,57998188,69900.0,7739.0,48684.0,4,47543.0,28310.0,42930.0,39.0,01_시즌
2023,2023-04-09,여름_니트 셔츠_티에리_ZB,100,5900000,89900.0,8941.0,59000.0,4,57196.0,31790.0,59000.0,34.0,01_시즌
2023,2023-04-09,여름_수트_블레이져(수트)_ZA,292,67595010,359000.0,63357.0,255231.0,4,243348.0,226401.0,231490.0,36.0,01_시즌
2023,2023-04-09,여름_수트_블레이져(수트)_ZB,724,148287860,259000.0,56988.0,204339.0,4,197877.0,190059.0,204817.0,21.0,01_시즌
2023,2023-04-09,여름_수트_블레이져(수트)_ZC,276,61256840,289000.0,60600.0,226375.0,4,212009.0,202872.0,221945.0,23.0,01_시즌
2023,2023-04-09,여름_수트_수트팬츠_ZA,340,44283820,205667.0,33110.0,146221.0,4,138670.0,129858.0,130247.0,37.0,01_시즌
2023,2023-04-09,여름_수트_수트팬츠_ZB,768,84556480,139000.0,29204.0,109926.0,4,106411.0,102620.0,110100.0,21.0,01_시즌
2023,2023-04-09,여름_수트_수트팬츠_ZC,294,35667176,159000.0,31410.0,124154.0,4,116307.0,112299.0,121317.0,24.0,01_시즌
2023,2023-04-09,여름_스웨터_T-에리_ZA,194,13374100,109900.0,13619.0,68920.0,4,67947.0,45766.0,68939.0,37.0,01_시즌
2023,2023-04-09,여름_스웨터_T-에리_ZB,740,43550700,99900.0,9992.0,58854.0,4,56170.0,37504.0,58852.0,41.0,01_시즌
2023,2023-04-09,여름_스웨터_라운드_ZA,78,5283500,109900.0,11520.0,66758.0,4,66904.0,47302.0,67737.0,38.0,01_시즌
2023,2023-04-09,여름_스웨터_라운드_ZB,406,23868168,89900.0,11157.0,58920.0,4,56978.0,40720.0,58789.0,35.0,01_시즌
2023,2023-04-09,여름_우븐 셔츠_드레스셔츠_ZB,904,35035500,69900.0,6048.0,38756.0,4,38836.0,27367.0,38756.0,45.0,01_시즌
2023,2023-04-09,여름_우븐 셔츠_캐쥬얼셔츠_ZA,281,13496151,124675.0,12517.0,71350.0,4,71463.0,46228.0,48029.0,61.0,01_시즌
2023,2023-04-09,여름_우븐 셔츠_캐쥬얼셔츠_ZB,792,38230000,89900.0,6763.0,48357.0,4,47271.0,26504.0,48270.0,46.0,01_시즌
2023,2023-04-09,여름_자켓_싱글재킷_ZA,773,140016190,295667.0,38690.0,185458.0,4,187761.0,150546.0,181133.0,39.0,01_시즌
2023,2023-04-09,여름_점퍼_점퍼_ZB,630,101989508,271000.0,32893.0,158997.0,4,144648.0,117600.0,161888.0,40.0,01_시즌
2023,2023-04-09,여름_팬츠_니트팬츠_ZB,150,10556200,109450.0,17872.0,58957.0,4,58887.0,42926.0,70375.0,36.0,01_시즌
2023,2023-04-09,여름_팬츠_반바지_ZA,0,0,89900.0,14911.0,,4,49000.0,39129.0,49000.0,45.0,01_시즌
2023,2023-04-09,여름_팬츠_반바지_ZB,54,2622200,89900.0,10500.0,48559.0,4,50140.0,31804.0,48559.0,46.0,01_시즌
2023,2023-04-09,여름_팬츠_팬츠(일반)_ZA,558,47073970,139000.0,16236.0,197155.0,4,101714.0,68404.0,84362.0,39.0,01_시즌
2023,2023-04-09,여름_팬츠_팬츠(일반)_ZB,835,57401485,99900.0,9066.0,68662.0,4,66832.0,40589.0,68744.0,31.0,01_시즌
2023,2023-04-16,봄_가죽&FUR_가죽점퍼_ZA,5,2936400,1149000.0,265036.0,597650.0,4,601846.0,590208.0,587280.0,49.0,01_시즌
2023,2023-04-16,봄_니트 셔츠_라운드_ZA,122,4275612,119900.0,18365.0,35046.0,4,37633.0,41184.0,35046.0,71.0,01_시즌
2023,2023-04-16,봄_니트 셔츠_오픈형티(맨투맨 등)_ZA,202,8069618,139900.0,16687.0,39949.0,4,40434.0,43776.0,39949.0,71.0,01_시즌
2023,2023-04-16,봄_수트_블레이져(수트)_ZB,96,18365690,259000.0,53988.0,188564.0,4,186561.0,173886.0,191309.0,26.0,01_시즌
2023,2023-04-16,봄_수트_블레이져(수트)_ZC,32,6661480,259000.0,56648.0,208171.0,4,200598.0,176175.0,208171.0,20.0,01_시즌
2023,2023-04-16,봄_수트_수트팬츠_ZB,102,10598750,139000.0,28018.0,102099.0,4,98737.0,94467.0,103909.0,25.0,01_시즌
2023,2023-04-16,봄_수트_수트팬츠_ZC,49,5323700,139000.0,23501.0,108647.0,4,106630.0,96188.0,108647.0,22.0,01_시즌
2023,2023-04-16,봄_스웨터_T-에리_ZA,158,6041200,109900.0,13081.0,38235.0,4,32422.0,34291.0,38235.0,65.0,01_시즌
2023,2023-04-16,봄_스웨터_라운드_ZB,230,8956418,109900.0,12798.0,39116.0,4,30556.0,34232.0,38941.0,65.0,01_시즌
2023,2023-04-16,봄_스웨터_오픈형(CARDIGAN)_ZB,465,26415503,184900.0,17040.0,56865.0,4,52269.0,55815.0,56808.0,69.0,01_시즌
2023,2023-04-16,봄_스웨터_후드T_ZA,11,595900,129900.0,21197.0,54173.0,4,53722.0,50541.0,54173.0,58.0,01_시즌
2023,2023-04-16,봄_우븐 셔츠_캐쥬얼셔츠_ZA,144,5593700,129900.0,11833.0,38845.0,4,36859.0,35409.0,38845.0,70.0,01_시즌
2023,2023-04-16,봄_우븐 셔츠_캐쥬얼셔츠_ZB,52,1465245,89900.0,7769.0,28178.0,4,26519.0,26344.0,28178.0,69.0,01_시즌
2023,2023-04-16,봄_점퍼_패딩점퍼_ZB,59,5250000,299000.0,28889.0,88983.0,4,88896.0,88124.0,88983.0,70.0,01_시즌
2023,2023-04-16,봄_코트_싱글코트_ZB,155,15134340,359000.0,41091.0,97624.0,4,89201.0,122265.0,97641.0,73.0,01_시즌
2023,2023-04-16,봄_팬츠_니트팬츠_ZA,140,4010381,99900.0,15556.0,28646.0,4,27359.0,30853.0,28646.0,71.0,01_시즌
2023,2023-04-16,봄_팬츠_팬츠(일반)_ZA,67,2393342,139000.0,17118.0,35710.0,4,35817.0,40939.0,35722.0,74.0,01_시즌
2023,2023-04-16,사계절_니트 셔츠_라운드_ZB,275,7205300,79900.0,7430.0,26201.0,4,27878.0,37400.0,26201.0,67.0,01_시즌
2023,2023-04-16,사계절_데님_데님자켓_ZB,39,4080000,159000.0,13742.0,104615.0,4,98918.0,99312.0,104615.0,34.0,01_시즌
2023,2023-04-16,사계절_데님_데님팬츠_ZB,245,16599735,103233.0,18189.0,67863.0,4,67137.0,64064.0,67754.0,34.0,01_시즌
2023,2023-04-16,사계절_수트_블레이져(수트)_ZB,370,66783150,259000.0,42936.0,193438.0,4,187100.0,142344.0,180495.0,30.0,01_시즌
2023,2023-04-16,사계절_수트_블레이져(수트)_ZC,74,13553470,259000.0,47950.0,183155.0,4,176034.0,165095.0,183155.0,29.0,01_시즌
2023,2023-04-16,사계절_수트_수트팬츠_ZB,401,39159470,139000.0,21566.0,102702.0,4,101359.0,74206.0,97655.0,30.0,01_시즌
2023,2023-04-16,사계절_수트_수트팬츠_ZC,66,6398170,139000.0,25898.0,96942.0,4,94603.0,89643.0,96942.0,30.0,01_시즌
2023,2023-04-16,사계절_우븐 셔츠_드레스셔츠_ZB,1801,67554135,69900.0,7711.0,38790.0,4,38768.0,35960.0,37509.0,46.0,01_시즌
2023,2023-04-16,사계절_자켓_싱글재킷_ZB,83,11563650,239000.0,33934.0,139321.0,4,142988.0,142581.0,139321.0,42.0,01_시즌
2023,2023-04-16,사계절_팬츠_팬츠(일반)_ZB,697,46372556,99900.0,12418.0,66488.0,4,65901.0,61195.0,66532.0,33.0,01_시즌
2023,2023-04-16,여름_니트 셔츠_라운드(V넥 등)_ZB,55,3811100,119900.0,18694.0,69293.0,4,68367.0,45771.0,69293.0,42.0,01_시즌
2023,2023-04-16,여름_니트 셔츠_라운드_ZB,1622,64882034,74900.0,7356.0,47736.0,4,47543.0,28310.0,40001.0,47.0,01_시즌
2023,2023-04-16,여름_니트 셔츠_티에리_ZB,313,17442140,89900.0,8941.0,55537.0,4,57196.0,31790.0,55726.0,38.0,01_시즌
2023,2023-04-16,여름_수트_블레이져(수트)_ZA,347,78360750,359000.0,63357.0,251407.0,4,243348.0,226401.0,225823.0,37.0,01_시즌
2023,2023-04-16,여름_수트_블레이져(수트)_ZB,694,141037950,259000.0,56988.0,203322.0,4,197877.0,190059.0,203225.0,22.0,01_시즌
2023,2023-04-16,여름_수트_블레이져(수트)_ZC,333,71548690,289000.0,60600.0,214232.0,4,212009.0,202872.0,214861.0,26.0,01_시즌
2023,2023-04-16,여름_수트_수트팬츠_ZA,398,49827640,205667.0,33110.0,142072.0,4,138670.0,129858.0,125195.0,39.0,01_시즌
2023,2023-04-16,여름_수트_수트팬츠_ZB,764,83726650,139000.0,29204.0,108926.0,4,106411.0,102620.0,109590.0,21.0,01_시즌
2023,2023-04-16,여름_수트_수트팬츠_ZC,319,37418510,159000.0,31410.0,117550.0,4,116307.0,112299.0,117299.0,26.0,01_시즌
2023,2023-04-16,여름_스웨터_T-에리_ZA,116,7936330,109900.0,13619.0,68399.0,4,67947.0,45766.0,68417.0,38.0,01_시즌
2023,2023-04-16,여름_스웨터_T-에리_ZB,792,42901548,99900.0,9992.0,54319.0,4,56170.0,37504.0,54169.0,46.0,01_시즌
2023,2023-04-16,여름_스웨터_라운드_ZA,73,5056685,109900.0,11520.0,69282.0,4,66904.0,47302.0,69270.0,37.0,01_시즌
2023,2023-04-16,여름_스웨터_라운드_ZB,629,36786480,89900.0,11157.0,58619.0,4,56978.0,40720.0,58484.0,35.0,01_시즌
2023,2023-04-16,여름_우븐 셔츠_드레스셔츠_ZB,1164,45201900,69900.0,5534.0,38962.0,4,38836.0,27367.0,38833.0,44.0,01_시즌
2023,2023-04-16,여름_우븐 셔츠_캐쥬얼셔츠_ZA,331,16370237,121720.0,13823.0,71093.0,4,71463.0,46228.0,49457.0,59.0,01_시즌
2023,2023-04-16,여름_우븐 셔츠_캐쥬얼셔츠_ZB,789,38508900,89900.0,6763.0,48880.0,4,47271.0,26504.0,48807.0,46.0,01_시즌
2023,2023-04-16,여름_자켓_싱글재킷_ZA,802,144556850,295667.0,38690.0,182652.0,4,187761.0,150546.0,180245.0,39.0,01_시즌
2023,2023-04-16,여름_점퍼_점퍼_ZB,757,115365810,271000.0,32893.0,147356.0,4,144648.0,117600.0,152399.0,44.0,01_시즌
2023,2023-04-16,여름_팬츠_니트팬츠_ZB,128,8697200,109450.0,17872.0,66814.0,4,58887.0,42926.0,67947.0,38.0,01_시즌
2023,2023-04-16,여름_팬츠_반바지_ZA,0,0,89900.0,14911.0,,4,49000.0,39129.0,49000.0,45.0,01_시즌
2023,2023-04-16,여름_팬츠_반바지_ZB,63,3121300,89900.0,10500.0,49281.0,4,50140.0,31804.0,49544.0,45.0,01_시즌
2023,2023-04-16,여름_팬츠_팬츠(일반)_ZA,841,77810630,139000.0,16236.0,80465.0,4,101714.0,68404.0,92522.0,33.0,01_시즌
2023,2023-04-16,여름_팬츠_팬츠(일반)_ZB,1073,72528490,99900.0,9110.0,68078.0,4,66832.0,40589.0,67594.0,32.0,01_시즌
2023,2023-04-23,봄_가죽&FUR_가죽점퍼_ZA,4,2196800,1149000.0,265036.0,549200.0,4,601846.0,590208.0,549200.0,52.0,01_시즌
2023,2023-04-23,봄_니트 셔츠_라운드_ZA,89,3332200,119900.0,18365.0,37440.0,4,37633.0,41184.0,37440.0,69.0,01_시즌
2023,2023-04-23,봄_니트 셔츠_오픈형티(맨투맨 등)_ZA,182,7099420,139900.0,16687.0,39008.0,4,40434.0,43776.0,39008.0,72.0,01_시즌
2023,2023-04-23,봄_수트_블레이져(수트)_ZB,93,16617440,259000.0,53988.0,180280.0,4,186561.0,173886.0,178682.0,31.0,01_시즌
2023,2023-04-23,봄_수트_블레이져(수트)_ZC,32,6138300,259000.0,56648.0,191822.0,4,200598.0,176175.0,191822.0,26.0,01_시즌
2023,2023-04-23,봄_수트_수트팬츠_ZB,105,9635480,139000.0,28018.0,95074.0,4,98737.0,94467.0,91766.0,34.0,01_시즌
2023,2023-04-23,봄_수트_수트팬츠_ZC,32,3277620,139000.0,23501.0,102426.0,4,106630.0,96188.0,102426.0,26.0,01_시즌
2023,2023-04-23,봄_스웨터_T-에리_ZA,149,2768800,109900.0,13081.0,18583.0,4,32422.0,34291.0,18583.0,83.0,01_시즌
2023,2023-04-23,봄_스웨터_라운드_ZB,277,4387784,109900.0,12798.0,15743.0,4,30556.0,34232.0,15840.0,86.0,01_시즌
2023,2023-04-23,봄_스웨터_오픈형(CARDIGAN)_ZB,422,16734232,184900.0,17040.0,39471.0,4,52269.0,55815.0,39655.0,79.0,01_시즌
2023,2023-04-23,봄_스웨터_후드T_ZA,9,410000,129900.0,21197.0,45556.0,4,53722.0,50541.0,45556.0,65.0,01_시즌
2023,2023-04-23,봄_우븐 셔츠_캐쥬얼셔츠_ZA,130,5675900,129900.0,11833.0,43661.0,4,36859.0,35409.0,43661.0,66.0,01_시즌
2023,2023-04-23,봄_우븐 셔츠_캐쥬얼셔츠_ZB,33,908600,89900.0,7769.0,27533.0,4,26519.0,26344.0,27533.0,69.0,01_시즌
2023,2023-04-23,봄_점퍼_패딩점퍼_ZB,264,22356786,299000.0,28889.0,84685.0,4,88896.0,88124.0,84685.0,72.0,01_시즌
2023,2023-04-23,봄_코트_싱글코트_ZB,125,6825000,359000.0,41091.0,56146.0,4,89201.0,122265.0,54600.0,85.0,01_시즌
2023,2023-04-23,봄_팬츠_니트팬츠_ZA,116,3312002,99900.0,15556.0,28552.0,4,27359.0,30853.0,28552.0,71.0,01_시즌
2023,2023-04-23,봄_팬츠_팬츠(일반)_ZA,27,690351,139000.0,17118.0,25407.0,4,35817.0,40939.0,25569.0,82.0,01_시즌
2023,2023-04-23,사계절_니트 셔츠_라운드_ZB,167,4732545,79900.0,7430.0,28339.0,4,27878.0,37400.0,28339.0,65.0,01_시즌
2023,2023-04-23,사계절_데님_데님자켓_ZB,25,2445000,159000.0,13742.0,97800.0,4,98918.0,99312.0,97800.0,38.0,01_시즌
2023,2023-04-23,사계절_데님_데님팬츠_ZB,245,16445330,103233.0,18189.0,66925.0,4,67137.0,64064.0,67124.0,35.0,01_시즌
2023,2023-04-23,사계절_수트_블레이져(수트)_ZB,481,81714759,259000.0,42936.0,178889.0,4,187100.0,142344.0,169885.0,34.0,01_시즌
2023,2023-04-23,사계절_수트_블레이져(수트)_ZC,84,14263130,259000.0,47950.0,169799.0,4,176034.0,165095.0,169799.0,34.0,01_시즌
2023,2023-04-23,사계절_수트_수트팬츠_ZB,491,44863779,139000.0,21566.0,96272.0,4,101359.0,74206.0,91372.0,34.0,01_시즌
2023,2023-04-23,사계절_수트_수트팬츠_ZC,82,7558820,139000.0,25898.0,92181.0,4,94603.0,89643.0,92181.0,34.0,01_시즌
2023,2023-04-23,사계절_우븐 셔츠_드레스셔츠_ZB,1760,68432230,69900.0,7711.0,39027.0,4,38768.0,35960.0,38882.0,44.0,01_시즌
2023,2023-04-23,사계절_자켓_싱글재킷_ZB,93,12848100,239000.0,33934.0,138152.0,4,142988.0,142581.0,138152.0,42.0,01_시즌
2023,2023-04-23,사계절_팬츠_팬츠(일반)_ZB,464,30229996,99900.0,12418.0,65926.0,4,65901.0,61195.0,65151.0,35.0,01_시즌
2023,2023-04-23,여름_니트 셔츠_라운드(V넥 등)_ZB,104,7136360,119900.0,18694.0,68619.0,4,68367.0,45771.0,68619.0,43.0,01_시즌
2023,2023-04-23,여름_니트 셔츠_라운드_ZB,1625,67810260,74900.0,7356.0,48805.0,4,47543.0,28310.0,41729.0,44.0,01_시즌
2023,2023-04-23,여름_니트 셔츠_티에리_ZB,287,16664800,89900.0,8941.0,58051.0,4,57196.0,31790.0,58066.0,35.0,01_시즌
2023,2023-04-23,여름_수트_블레이져(수트)_ZA,425,90267210,359000.0,63357.0,233136.0,4,243348.0,226401.0,212393.0,41.0,01_시즌
2023,2023-04-23,여름_수트_블레이져(수트)_ZB,891,169748600,259000.0,56988.0,190900.0,4,197877.0,190059.0,190515.0,26.0,01_시즌
2023,2023-04-23,여름_수트_블레이져(수트)_ZC,401,80000990,289000.0,60600.0,199734.0,4,212009.0,202872.0,199504.0,31.0,01_시즌
2023,2023-04-23,여름_수트_수트팬츠_ZA,482,57668870,205667.0,33110.0,133907.0,4,138670.0,129858.0,119645.0,42.0,01_시즌
2023,2023-04-23,여름_수트_수트팬츠_ZB,988,101205900,139000.0,29204.0,102632.0,4,106411.0,102620.0,102435.0,26.0,01_시즌
2023,2023-04-23,여름_수트_수트팬츠_ZC,434,47535130,159000.0,31410.0,109561.0,4,116307.0,112299.0,109528.0,31.0,01_시즌
2023,2023-04-23,여름_스웨터_T-에리_ZA,39,2637840,109900.0,13619.0,67938.0,4,67947.0,45766.0,67637.0,38.0,01_시즌
2023,2023-04-23,여름_스웨터_T-에리_ZB,866,50318101,99900.0,9992.0,58134.0,4,56170.0,37504.0,58104.0,42.0,01_시즌
2023,2023-04-23,여름_스웨터_라운드_ZA,156,10604960,109900.0,11520.0,67876.0,4,66904.0,47302.0,67981.0,38.0,01_시즌
2023,2023-04-23,여름_스웨터_라운드_ZB,567,33172849,89900.0,11157.0,58624.0,4,56978.0,40720.0,58506.0,35.0,01_시즌
2023,2023-04-23,여름_우븐 셔츠_드레스셔츠_ZB,1087,42234085,69900.0,5534.0,38862.0,4,38836.0,27367.0,38854.0,44.0,01_시즌
2023,2023-04-23,여름_우븐 셔츠_캐쥬얼셔츠_ZA,246,12446358,121720.0,13823.0,71163.0,4,71463.0,46228.0,50595.0,58.0,01_시즌
2023,2023-04-23,여름_우븐 셔츠_캐쥬얼셔츠_ZB,779,38124100,89900.0,6763.0,48930.0,4,47271.0,26504.0,48940.0,46.0,01_시즌
2023,2023-04-23,여름_자켓_싱글재킷_ZA,1077,182520309,295667.0,38690.0,177986.0,4,187761.0,150546.0,169471.0,43.0,01_시즌
2023,2023-04-23,여름_점퍼_점퍼_ZB,472,60590900,271000.0,32893.0,130563.0,4,144648.0,117600.0,128371.0,53.0,01_시즌
2023,2023-04-23,여름_팬츠_니트팬츠_ZB,143,9745100,109450.0,17872.0,59066.0,4,58887.0,42926.0,68148.0,38.0,01_시즌
2023,2023-04-23,여름_팬츠_반바지_ZA,2,98000,89900.0,14911.0,49000.0,4,49000.0,39129.0,49000.0,45.0,01_시즌
2023,2023-04-23,여름_팬츠_반바지_ZB,69,3464120,86567.0,9184.0,49504.0,4,50140.0,31804.0,50205.0,42.0,01_시즌
2023,2023-04-23,여름_팬츠_팬츠(일반)_ZA,1056,89516326,139000.0,16236.0,75834.0,4,101714.0,68404.0,84769.0,39.0,01_시즌
2023,2023-04-23,여름_팬츠_팬츠(일반)_ZB,951,65534970,99900.0,9098.0,68685.0,4,66832.0,40589.0,68912.0,31.0,01_시즌
2023,2023-04-30,봄_가죽&FUR_가죽점퍼_ZA,1,649500,1149000.0,265036.0,649500.0,4,601846.0,590208.0,649500.0,43.0,01_시즌
2023,2023-04-30,봄_니트 셔츠_라운드_ZA,141,4363150,119900.0,18365.0,30944.0,4,37633.0,41184.0,30944.0,74.0,01_시즌
2023,2023-04-30,봄_니트 셔츠_오픈형티(맨투맨 등)_ZA,113,3745500,139900.0,16687.0,33146.0,4,40434.0,43776.0,33146.0,76.0,01_시즌
2023,2023-04-30,봄_수트_블레이져(수트)_ZB,53,9463860,259000.0,53988.0,179188.0,4,186561.0,173886.0,178563.0,31.0,01_시즌
2023,2023-04-30,봄_수트_블레이져(수트)_ZC,28,5319860,259000.0,56648.0,189995.0,4,200598.0,176175.0,189995.0,27.0,01_시즌
2023,2023-04-30,봄_수트_수트팬츠_ZB,57,5359840,139000.0,28018.0,90786.0,4,98737.0,94467.0,94032.0,32.0,01_시즌
2023,2023-04-30,봄_수트_수트팬츠_ZC,26,2666020,139000.0,23501.0,102539.0,4,106630.0,96188.0,102539.0,26.0,01_시즌
2023,2023-04-30,봄_스웨터_T-에리_ZA,312,6041900,109900.0,13081.0,19365.0,4,32422.0,34291.0,19365.0,82.0,01_시즌
2023,2023-04-30,봄_스웨터_라운드_ZB,355,6845400,109900.0,12798.0,18821.0,4,30556.0,34232.0,19283.0,82.0,01_시즌
2023,2023-04-30,봄_스웨터_오픈형(CARDIGAN)_ZB,504,20482204,184900.0,17040.0,40632.0,4,52269.0,55815.0,40639.0,78.0,01_시즌
2023,2023-04-30,봄_스웨터_후드T_ZA,14,596300,129900.0,21197.0,42593.0,4,53722.0,50541.0,42593.0,67.0,01_시즌
2023,2023-04-30,봄_우븐 셔츠_캐쥬얼셔츠_ZA,169,3482150,129900.0,11833.0,20604.0,4,36859.0,35409.0,20604.0,84.0,01_시즌
2023,2023-04-30,봄_우븐 셔츠_캐쥬얼셔츠_ZB,53,1099150,89900.0,7769.0,20739.0,4,26519.0,26344.0,20739.0,77.0,01_시즌
2023,2023-04-30,봄_점퍼_패딩점퍼_ZB,-139,-13497006,299000.0,28889.0,97101.0,4,88896.0,88124.0,97101.0,68.0,01_시즌
2023,2023-04-30,봄_코트_싱글코트_ZB,189,12873550,359000.0,41091.0,68408.0,4,89201.0,122265.0,68114.0,81.0,01_시즌
2023,2023-04-30,봄_팬츠_니트팬츠_ZA,57,1192000,99900.0,15556.0,20912.0,4,27359.0,30853.0,20912.0,79.0,01_시즌
2023,2023-04-30,봄_팬츠_팬츠(일반)_ZA,23,767980,139000.0,17118.0,31551.0,4,35817.0,40939.0,33390.0,76.0,01_시즌
2023,2023-04-30,사계절_니트 셔츠_라운드_ZB,-42,-1202155,79900.0,7430.0,28623.0,4,27878.0,37400.0,28623.0,64.0,01_시즌
2023,2023-04-30,사계절_데님_데님자켓_ZB,32,3084115,159000.0,13742.0,96379.0,4,98918.0,99312.0,96379.0,39.0,01_시즌
2023,2023-04-30,사계절_데님_데님팬츠_ZB,226,14860650,103233.0,18189.0,65617.0,4,67137.0,64064.0,65755.0,36.0,01_시즌
2023,2023-04-30,사계절_수트_블레이져(수트)_ZB,328,55352595,259000.0,44024.0,177398.0,4,187100.0,142344.0,168758.0,35.0,01_시즌
2023,2023-04-30,사계절_수트_블레이져(수트)_ZC,72,11977430,259000.0,47950.0,166353.0,4,176034.0,165095.0,166353.0,36.0,01_시즌
2023,2023-04-30,사계절_수트_수트팬츠_ZB,341,30930384,139000.0,22014.0,100611.0,4,101359.0,74206.0,90705.0,35.0,01_시즌
2023,2023-04-30,사계절_수트_수트팬츠_ZC,84,7533628,139000.0,25898.0,89686.0,4,94603.0,89643.0,89686.0,35.0,01_시즌
2023,2023-04-30,사계절_우븐 셔츠_드레스셔츠_ZB,1088,41843579,69900.0,7711.0,38961.0,4,38768.0,35960.0,38459.0,45.0,01_시즌
2023,2023-04-30,사계절_자켓_싱글재킷_ZB,57,7882100,239000.0,33934.0,138282.0,4,142988.0,142581.0,138282.0,42.0,01_시즌
2023,2023-04-30,사계절_팬츠_팬츠(일반)_ZB,320,20380743,99900.0,12418.0,64116.0,4,65901.0,61195.0,63690.0,36.0,01_시즌
2023,2023-04-30,여름_니트 셔츠_라운드(V넥 등)_ZB,73,4907900,119900.0,18694.0,67232.0,4,68367.0,45771.0,67232.0,44.0,01_시즌
2023,2023-04-30,여름_니트 셔츠_라운드_ZB,1560,62740300,74900.0,7356.0,45719.0,4,47543.0,28310.0,40218.0,46.0,01_시즌
2023,2023-04-30,여름_니트 셔츠_티에리_ZB,321,18442500,89900.0,8941.0,57399.0,4,57196.0,31790.0,57453.0,36.0,01_시즌
2023,2023-04-30,여름_수트_블레이져(수트)_ZA,371,78801500,359000.0,63357.0,230503.0,4,243348.0,226401.0,212403.0,41.0,01_시즌
2023,2023-04-30,여름_수트_블레이져(수트)_ZB,607,115038260,259000.0,56988.0,189978.0,4,197877.0,190059.0,189519.0,27.0,01_시즌
2023,2023-04-30,여름_수트_블레이져(수트)_ZC,304,60190910,289000.0,60600.0,197470.0,4,212009.0,202872.0,197996.0,31.0,01_시즌
2023,2023-04-30,여름_수트_수트팬츠_ZA,426,51016400,205667.0,33110.0,132224.0,4,138670.0,129858.0,119757.0,42.0,01_시즌
2023,2023-04-30,여름_수트_수트팬츠_ZB,648,66115440,139000.0,29204.0,102458.0,4,106411.0,102620.0,102030.0,27.0,01_시즌
2023,2023-04-30,여름_수트_수트팬츠_ZC,295,31950180,159000.0,31410.0,108243.0,4,116307.0,112299.0,108306.0,32.0,01_시즌
2023,2023-04-30,여름_스웨터_T-에리_ZA,205,13680380,109900.0,13619.0,66532.0,4,67947.0,45766.0,66734.0,39.0,01_시즌
2023,2023-04-30,여름_스웨터_T-에리_ZB,1001,52445761,99900.0,9992.0,52176.0,4,56170.0,37504.0,52393.0,48.0,01_시즌
2023,2023-04-30,여름_스웨터_라운드_ZA,126,8029200,109900.0,11520.0,63714.0,4,66904.0,47302.0,63724.0,42.0,01_시즌
2023,2023-04-30,여름_스웨터_라운드_ZB,482,24369785,89900.0,11157.0,50416.0,4,56978.0,40720.0,50560.0,44.0,01_시즌
2023,2023-04-30,여름_우븐 셔츠_드레스셔츠_ZB,980,38061185,69900.0,5534.0,39086.0,4,38836.0,27367.0,38838.0,44.0,01_시즌
2023,2023-04-30,여름_우븐 셔츠_캐쥬얼셔츠_ZA,209,11957676,121720.0,13823.0,71992.0,4,71463.0,46228.0,57214.0,53.0,01_시즌
2023,2023-04-30,여름_우븐 셔츠_캐쥬얼셔츠_ZB,767,31749545,89900.0,6763.0,41430.0,4,47271.0,26504.0,41394.0,54.0,01_시즌
2023,2023-04-30,여름_자켓_싱글재킷_ZA,868,147274506,295667.0,38690.0,177934.0,4,187761.0,150546.0,169671.0,43.0,01_시즌
2023,2023-04-30,여름_점퍼_점퍼_ZB,642,89067445,271000.0,32893.0,136226.0,4,144648.0,117600.0,138734.0,49.0,01_시즌
2023,2023-04-30,여름_팬츠_니트팬츠_ZB,134,8662585,109450.0,17872.0,50572.0,4,58887.0,42926.0,64646.0,41.0,01_시즌
2023,2023-04-30,여름_팬츠_반바지_ZA,1,49000,89900.0,14911.0,49000.0,4,49000.0,39129.0,49000.0,45.0,01_시즌
2023,2023-04-30,여름_팬츠_반바지_ZB,79,3682800,86567.0,9184.0,47291.0,4,50140.0,31804.0,46618.0,46.0,01_시즌
2023,2023-04-30,여름_팬츠_팬츠(일반)_ZA,736,62148180,139000.0,16236.0,74800.0,4,101714.0,68404.0,84440.0,39.0,01_시즌
2023,2023-04-30,여름_팬츠_팬츠(일반)_ZB,1131,68715000,99900.0,9098.0,61153.0,4,66832.0,40589.0,60756.0,39.0,01_시즌
2023,2023-05-07,봄_가죽&FUR_가죽점퍼_ZA,8,3992800,1149000.0,265036.0,499100.0,5,549233.0,590208.0,499100.0,57.0,01_시즌
2023,2023-05-07,봄_니트 셔츠_라운드_ZA,44,1338290,119900.0,18365.0,30416.0,5,30362.0,41184.0,30416.0,75.0,01_시즌
2023,2023-05-07,봄_니트 셔츠_오픈형티(맨투맨 등)_ZA,44,1236000,139900.0,16687.0,28091.0,5,28580.0,43776.0,28091.0,80.0,01_시즌
2023,2023-05-07,봄_수트_블레이져(수트)_ZB,72,12742800,259000.0,53988.0,178862.0,5,179325.0,173886.0,176983.0,32.0,01_시즌
2023,2023-05-07,봄_수트_블레이져(수트)_ZC,29,5376840,259000.0,56648.0,185408.0,5,186060.0,176175.0,185408.0,28.0,01_시즌
2023,2023-05-07,봄_수트_수트팬츠_ZB,75,7119580,139000.0,28018.0,96258.0,5,95993.0,94467.0,94928.0,32.0,01_시즌
2023,2023-05-07,봄_수트_수트팬츠_ZC,28,2995447,139000.0,23501.0,106980.0,5,101518.0,96188.0,106980.0,23.0,01_시즌
2023,2023-05-07,봄_스웨터_T-에리_ZA,471,9008165,109900.0,13081.0,19126.0,5,19276.0,34291.0,19126.0,83.0,01_시즌
2023,2023-05-07,봄_스웨터_라운드_ZB,228,4367154,109900.0,12798.0,19132.0,5,19313.0,34232.0,19154.0,83.0,01_시즌
2023,2023-05-07,봄_스웨터_오픈형(CARDIGAN)_ZB,468,18166092,184900.0,17040.0,38848.0,5,37340.0,55815.0,38816.0,79.0,01_시즌
2023,2023-05-07,봄_스웨터_후드T_ZA,19,733200,129900.0,21197.0,38589.0,5,33204.0,50541.0,38589.0,70.0,01_시즌
2023,2023-05-07,봄_우븐 셔츠_캐쥬얼셔츠_ZA,205,3765000,129900.0,11833.0,18366.0,5,18921.0,35409.0,18366.0,86.0,01_시즌
2023,2023-05-07,봄_우븐 셔츠_캐쥬얼셔츠_ZB,38,712000,89900.0,7769.0,18737.0,5,20630.0,26344.0,18737.0,79.0,01_시즌
2023,2023-05-07,봄_점퍼_패딩점퍼_ZB,46,2908220,299000.0,28889.0,63222.0,5,61996.0,88124.0,63222.0,79.0,01_시즌
2023,2023-05-07,봄_코트_싱글코트_ZB,91,6193820,359000.0,41091.0,68820.0,5,69406.0,122265.0,68064.0,81.0,01_시즌
2023,2023-05-07,봄_팬츠_니트팬츠_ZA,62,1216990,99900.0,15556.0,19629.0,5,18776.0,30853.0,19629.0,80.0,01_시즌
2023,2023-05-07,봄_팬츠_팬츠(일반)_ZA,18,608450,139000.0,17118.0,34162.0,5,30256.0,40939.0,33803.0,76.0,01_시즌
2023,2023-05-07,사계절_니트 셔츠_라운드_ZB,87,2552900,79900.0,7430.0,29344.0,5,27934.0,37400.0,29344.0,63.0,01_시즌
2023,2023-05-07,사계절_데님_데님자켓_ZB,20,1980000,159000.0,13742.0,99000.0,5,92832.0,99312.0,99000.0,38.0,01_시즌
2023,2023-05-07,사계절_데님_데님팬츠_ZB,348,21818843,103233.0,18189.0,62699.0,5,62273.0,64064.0,62698.0,39.0,01_시즌
2023,2023-05-07,사계절_수트_블레이져(수트)_ZB,475,77981420,259000.0,44082.0,181357.0,5,158401.0,142344.0,164171.0,37.0,01_시즌
2023,2023-05-07,사계절_수트_블레이져(수트)_ZC,77,12555740,259000.0,47950.0,163062.0,5,161411.0,165095.0,163062.0,37.0,01_시즌
2023,2023-05-07,사계절_수트_수트팬츠_ZB,493,43489850,139000.0,22241.0,96856.0,5,84324.0,74206.0,88215.0,37.0,01_시즌
2023,2023-05-07,사계절_수트_수트팬츠_ZC,78,6840190,139000.0,25898.0,87695.0,5,86533.0,89643.0,87695.0,37.0,01_시즌
2023,2023-05-07,사계절_우븐 셔츠_드레스셔츠_ZB,1839,69515835,69900.0,7711.0,38250.0,5,37928.0,35960.0,37801.0,46.0,01_시즌
2023,2023-05-07,사계절_자켓_싱글재킷_ZB,66,8954900,239000.0,33934.0,135680.0,5,137482.0,142581.0,135680.0,43.0,01_시즌
2023,2023-05-07,사계절_팬츠_팬츠(일반)_ZB,483,31061768,99900.0,12418.0,65722.0,5,66101.0,61195.0,64310.0,36.0,01_시즌
2023,2023-05-07,여름_니트 셔츠_라운드(V넥 등)_ZB,130,8844393,119900.0,18694.0,68034.0,5,54632.0,45771.0,68034.0,43.0,01_시즌
2023,2023-05-07,여름_니트 셔츠_라운드_ZB,2045,86883546,74900.0,7346.0,46636.0,5,40971.0,28310.0,42486.0,43.0,01_시즌
2023,2023-05-07,여름_니트 셔츠_티에리_ZB,531,30926298,89900.0,8882.0,58250.0,5,50975.0,31790.0,58242.0,35.0,01_시즌
2023,2023-05-07,여름_수트_블레이져(수트)_ZA,482,99868003,359000.0,63357.0,227590.0,5,226059.0,226401.0,207195.0,42.0,01_시즌
2023,2023-05-07,여름_수트_블레이져(수트)_ZB,843,156833360,259000.0,56988.0,186691.0,5,185856.0,190059.0,186042.0,28.0,01_시즌
2023,2023-05-07,여름_수트_블레이져(수트)_ZC,402,78642900,289000.0,60600.0,194770.0,5,193741.0,202872.0,195629.0,32.0,01_시즌
2023,2023-05-07,여름_수트_수트팬츠_ZA,560,65380993,205667.0,33110.0,130385.0,5,129428.0,129858.0,116752.0,43.0,01_시즌
2023,2023-05-07,여름_수트_수트팬츠_ZB,912,91072740,139000.0,29204.0,100218.0,5,99798.0,102620.0,99860.0,28.0,01_시즌
2023,2023-05-07,여름_수트_수트팬츠_ZC,406,43722800,159000.0,31410.0,107255.0,5,106440.0,112299.0,107692.0,32.0,01_시즌
2023,2023-05-07,여름_스웨터_T-에리_ZA,199,12391720,109900.0,13619.0,61660.0,5,59282.0,45766.0,62270.0,43.0,01_시즌
2023,2023-05-07,여름_스웨터_T-에리_ZB,1411,72157561,99900.0,9992.0,51325.0,5,50886.0,37504.0,51139.0,49.0,01_시즌
2023,2023-05-07,여름_스웨터_라운드_ZA,261,16362100,109900.0,11520.0,61752.0,5,58476.0,47302.0,62690.0,43.0,01_시즌
2023,2023-05-07,여름_스웨터_라운드_ZB,830,42371415,89900.0,11157.0,51170.0,5,49500.0,40720.0,51050.0,43.0,01_시즌
2023,2023-05-07,여름_우븐 셔츠_드레스셔츠_ZB,1622,63289940,69900.0,5198.0,39042.0,5,38645.0,27367.0,39020.0,44.0,01_시즌
2023,2023-05-07,여름_우븐 셔츠_캐쥬얼셔츠_ZA,391,18930591,115486.0,11849.0,68266.0,5,64342.0,46228.0,48416.0,58.0,01_시즌
2023,2023-05-07,여름_우븐 셔츠_캐쥬얼셔츠_ZB,1201,49397395,89900.0,6675.0,43031.0,5,40814.0,26504.0,41130.0,54.0,01_시즌
2023,2023-05-07,여름_자켓_싱글재킷_ZA,1167,197098939,295667.0,38690.0,174094.0,5,160564.0,150546.0,168894.0,43.0,01_시즌
2023,2023-05-07,여름_점퍼_점퍼_ZB,597,74049544,271000.0,32893.0,122962.0,5,123938.0,117600.0,124036.0,54.0,01_시즌
2023,2023-05-07,여름_팬츠_니트팬츠_ZB,200,13297234,109450.0,17872.0,56466.0,5,56087.0,42926.0,66486.0,39.0,01_시즌
2023,2023-05-07,여름_팬츠_반바지_ZA,5,245000,89900.0,14960.0,49000.0,5,48041.0,39129.0,49000.0,45.0,01_시즌
2023,2023-05-07,여름_팬츠_반바지_ZB,131,6287640,86567.0,9056.0,48233.0,5,46450.0,31804.0,47997.0,45.0,01_시즌
2023,2023-05-07,여름_팬츠_팬츠(일반)_ZA,1105,94098037,139000.0,16327.0,74095.0,5,73047.0,68404.0,85157.0,39.0,01_시즌
2023,2023-05-07,여름_팬츠_팬츠(일반)_ZB,1662,100013010,99900.0,9522.0,60460.0,5,58400.0,40589.0,60176.0,40.0,01_시즌
2023,2023-05-14,봄_가죽&FUR_가죽점퍼_ZA,0,0,1149000.0,265036.0,,5,549233.0,590208.0,549233.0,52.0,01_시즌
2023,2023-05-14,봄_니트 셔츠_라운드_ZA,52,1486800,119900.0,18365.0,28592.0,5,30362.0,41184.0,28592.0,76.0,01_시즌
2023,2023-05-14,봄_니트 셔츠_오픈형티(맨투맨 등)_ZA,57,1653000,139900.0,16687.0,29000.0,5,28580.0,43776.0,29000.0,79.0,01_시즌
2023,2023-05-14,봄_수트_블레이져(수트)_ZB,51,8614340,259000.0,53988.0,174689.0,5,179325.0,173886.0,168909.0,35.0,01_시즌
2023,2023-05-14,봄_수트_블레이져(수트)_ZC,20,3729600,259000.0,56648.0,186480.0,5,186060.0,176175.0,186480.0,28.0,01_시즌
2023,2023-05-14,봄_수트_수트팬츠_ZB,65,5960320,139000.0,28018.0,97098.0,5,95993.0,94467.0,91697.0,34.0,01_시즌
2023,2023-05-14,봄_수트_수트팬츠_ZC,17,1690240,139000.0,23501.0,99426.0,5,101518.0,96188.0,99426.0,28.0,01_시즌
2023,2023-05-14,봄_스웨터_T-에리_ZA,589,11191000,109900.0,13081.0,19000.0,5,19276.0,34291.0,19000.0,83.0,01_시즌
2023,2023-05-14,봄_스웨터_라운드_ZB,250,4676575,109900.0,12798.0,18708.0,5,19313.0,34232.0,18706.0,83.0,01_시즌
2023,2023-05-14,봄_스웨터_오픈형(CARDIGAN)_ZB,300,11427464,184900.0,17040.0,38091.0,5,37340.0,55815.0,38092.0,79.0,01_시즌
2023,2023-05-14,봄_스웨터_후드T_ZA,16,403586,129900.0,21197.0,25224.0,5,33204.0,50541.0,25224.0,81.0,01_시즌
2023,2023-05-14,봄_우븐 셔츠_캐쥬얼셔츠_ZA,193,3667000,129900.0,11833.0,19000.0,5,18921.0,35409.0,19000.0,85.0,01_시즌
2023,2023-05-14,봄_우븐 셔츠_캐쥬얼셔츠_ZB,20,430880,89900.0,7769.0,21544.0,5,20630.0,26344.0,21544.0,76.0,01_시즌
2023,2023-05-14,봄_점퍼_패딩점퍼_ZB,38,2334200,299000.0,28889.0,61426.0,5,61996.0,88124.0,61426.0,79.0,01_시즌
2023,2023-05-14,봄_코트_싱글코트_ZB,64,4519798,359000.0,41091.0,68536.0,5,69406.0,122265.0,70622.0,80.0,01_시즌
2023,2023-05-14,봄_팬츠_니트팬츠_ZA,145,2755000,99900.0,15556.0,19000.0,5,18776.0,30853.0,19000.0,81.0,01_시즌
2023,2023-05-14,봄_팬츠_팬츠(일반)_ZA,28,799495,139000.0,17118.0,28566.0,5,30256.0,40939.0,28553.0,79.0,01_시즌
2023,2023-05-14,사계절_니트 셔츠_라운드_ZB,107,2923780,79900.0,7430.0,27325.0,5,27934.0,37400.0,27325.0,66.0,01_시즌
2023,2023-05-14,사계절_데님_데님자켓_ZB,15,1384200,159000.0,13742.0,92280.0,5,92832.0,99312.0,92280.0,42.0,01_시즌
2023,2023-05-14,사계절_데님_데님팬츠_ZB,269,16440840,103233.0,18189.0,61081.0,5,62273.0,64064.0,61118.0,41.0,01_시즌
2023,2023-05-14,사계절_수트_블레이져(수트)_ZB,443,72125100,259000.0,44093.0,184854.0,5,158401.0,142344.0,162811.0,37.0,01_시즌
2023,2023-05-14,사계절_수트_블레이져(수트)_ZC,79,12882660,259000.0,48218.0,163072.0,5,161411.0,165095.0,163072.0,37.0,01_시즌
2023,2023-05-14,사계절_수트_수트팬츠_ZB,454,39535770,139000.0,22267.0,99062.0,5,84324.0,74206.0,87083.0,37.0,01_시즌
2023,2023-05-14,사계절_수트_수트팬츠_ZC,90,7768711,139000.0,25396.0,86319.0,5,86533.0,89643.0,86319.0,38.0,01_시즌
2023,2023-05-14,사계절_우븐 셔츠_드레스셔츠_ZB,1760,65539787,69900.0,7870.0,37795.0,5,37928.0,35960.0,37239.0,47.0,01_시즌
2023,2023-05-14,사계절_자켓_싱글재킷_ZB,45,6452900,239000.0,33934.0,143398.0,5,137482.0,142581.0,143398.0,40.0,01_시즌
2023,2023-05-14,사계절_팬츠_팬츠(일반)_ZB,314,21113920,99900.0,12418.0,66561.0,5,66101.0,61195.0,67242.0,33.0,01_시즌
2023,2023-05-14,여름_니트 셔츠_라운드(V넥 등)_ZB,118,6500601,119900.0,18694.0,55090.0,5,54632.0,45771.0,55090.0,54.0,01_시즌
2023,2023-05-14,여름_니트 셔츠_라운드_ZB,2072,76835794,74900.0,7346.0,40987.0,5,40971.0,28310.0,37083.0,50.0,01_시즌
2023,2023-05-14,여름_니트 셔츠_티에리_ZB,675,35086984,89900.0,8882.0,52013.0,5,50975.0,31790.0,51981.0,42.0,01_시즌
2023,2023-05-14,여름_수트_블레이져(수트)_ZA,443,91023500,359000.0,63357.0,227131.0,5,226059.0,226401.0,205471.0,43.0,01_시즌
2023,2023-05-14,여름_수트_블레이져(수트)_ZB,634,117311460,259000.0,56988.0,185834.0,5,185856.0,190059.0,185034.0,29.0,01_시즌
2023,2023-05-14,여름_수트_블레이져(수트)_ZC,334,64829970,289000.0,60600.0,192772.0,5,193741.0,202872.0,194102.0,33.0,01_시즌
2023,2023-05-14,여름_수트_수트팬츠_ZA,502,57821880,205667.0,33110.0,129927.0,5,129428.0,129858.0,115183.0,44.0,01_시즌
2023,2023-05-14,여름_수트_수트팬츠_ZB,704,70008740,139000.0,29204.0,99913.0,5,99798.0,102620.0,99444.0,28.0,01_시즌
2023,2023-05-14,여름_수트_수트팬츠_ZC,349,37134700,159000.0,31410.0,105650.0,5,106440.0,112299.0,106403.0,33.0,01_시즌
2023,2023-05-14,여름_스웨터_T-에리_ZA,202,12221310,109900.0,13619.0,60132.0,5,59282.0,45766.0,60502.0,45.0,01_시즌
2023,2023-05-14,여름_스웨터_T-에리_ZB,1476,76180540,99900.0,9992.0,51782.0,5,50886.0,37504.0,51613.0,48.0,01_시즌
2023,2023-05-14,여름_스웨터_라운드_ZA,206,12421120,109900.0,11520.0,60908.0,5,58476.0,47302.0,60297.0,45.0,01_시즌
2023,2023-05-14,여름_스웨터_라운드_ZB,780,40240938,89900.0,11157.0,51526.0,5,49500.0,40720.0,51591.0,43.0,01_시즌
2023,2023-05-14,여름_우븐 셔츠_드레스셔츠_ZB,1554,59710180,69900.0,5198.0,38518.0,5,38645.0,27367.0,38424.0,45.0,01_시즌
2023,2023-05-14,여름_우븐 셔츠_캐쥬얼셔츠_ZA,332,16083748,115486.0,11849.0,63582.0,5,64342.0,46228.0,48445.0,58.0,01_시즌
2023,2023-05-14,여름_우븐 셔츠_캐쥬얼셔츠_ZB,1170,47658175,89900.0,6675.0,41212.0,5,40814.0,26504.0,40733.0,55.0,01_시즌
2023,2023-05-14,여름_자켓_싱글재킷_ZA,1094,163387190,295667.0,38690.0,154125.0,5,160564.0,150546.0,149348.0,49.0,01_시즌
2023,2023-05-14,여름_점퍼_점퍼_ZB,417,52309420,271000.0,32893.0,129884.0,5,123938.0,117600.0,125442.0,54.0,01_시즌
2023,2023-05-14,여름_팬츠_니트팬츠_ZB,226,14824540,109450.0,17872.0,58330.0,5,56087.0,42926.0,65595.0,40.0,01_시즌
2023,2023-05-14,여름_팬츠_반바지_ZA,1,49000,89900.0,14960.0,49000.0,5,48041.0,39129.0,49000.0,45.0,01_시즌
2023,2023-05-14,여름_팬츠_반바지_ZB,141,6787053,86567.0,9056.0,48589.0,5,46450.0,31804.0,48135.0,44.0,01_시즌
2023,2023-05-14,여름_팬츠_팬츠(일반)_ZA,1104,95026320,139000.0,16327.0,72140.0,5,73047.0,68404.0,86075.0,38.0,01_시즌
2023,2023-05-14,여름_팬츠_팬츠(일반)_ZB,1547,95069790,99900.0,9522.0,61962.0,5,58400.0,40589.0,61454.0,38.0,01_시즌
2023,2023-05-21,봄_가죽&FUR_가죽점퍼_ZA,1,649500,1149000.0,265036.0,649500.0,5,549233.0,590208.0,649500.0,43.0,01_시즌
2023,2023-05-21,봄_니트 셔츠_라운드_ZA,17,493000,119900.0,18365.0,29000.0,5,30362.0,41184.0,29000.0,76.0,01_시즌
2023,2023-05-21,봄_니트 셔츠_오픈형티(맨투맨 등)_ZA,40,1129200,139900.0,16687.0,28230.0,5,28580.0,43776.0,28230.0,80.0,01_시즌
2023,2023-05-21,봄_수트_블레이져(수트)_ZB,42,7308980,259000.0,53988.0,186829.0,5,179325.0,173886.0,174023.0,33.0,01_시즌
2023,2023-05-21,봄_수트_블레이져(수트)_ZC,12,2237760,259000.0,56648.0,186480.0,5,186060.0,176175.0,186480.0,28.0,01_시즌
2023,2023-05-21,봄_수트_수트팬츠_ZB,45,4103280,139000.0,28018.0,95729.0,5,95993.0,94467.0,91184.0,34.0,01_시즌
2023,2023-05-21,봄_수트_수트팬츠_ZC,15,1498420,139000.0,23501.0,99895.0,5,101518.0,96188.0,99895.0,28.0,01_시즌
2023,2023-05-21,봄_스웨터_T-에리_ZA,89,1693280,109900.0,13081.0,19026.0,5,19276.0,34291.0,19026.0,83.0,01_시즌
2023,2023-05-21,봄_스웨터_라운드_ZB,36,676560,109900.0,12798.0,18618.0,5,19313.0,34232.0,18793.0,83.0,01_시즌
2023,2023-05-21,봄_스웨터_오픈형(CARDIGAN)_ZB,203,7624600,184900.0,17040.0,37682.0,5,37340.0,55815.0,37560.0,80.0,01_시즌
2023,2023-05-21,봄_스웨터_후드T_ZA,7,252438,129900.0,21197.0,36063.0,5,33204.0,50541.0,36063.0,72.0,01_시즌
2023,2023-05-21,봄_우븐 셔츠_캐쥬얼셔츠_ZA,94,1816000,129900.0,11833.0,19319.0,5,18921.0,35409.0,19319.0,85.0,01_시즌
2023,2023-05-21,봄_우븐 셔츠_캐쥬얼셔츠_ZB,11,209000,89900.0,7769.0,19000.0,5,20630.0,26344.0,19000.0,79.0,01_시즌
2023,2023-05-21,봄_점퍼_패딩점퍼_ZB,16,1035995,299000.0,28889.0,64750.0,5,61996.0,88124.0,64750.0,78.0,01_시즌
2023,2023-05-21,봄_코트_싱글코트_ZB,26,1814000,359000.0,41091.0,69000.0,5,69406.0,122265.0,69769.0,81.0,01_시즌
2023,2023-05-21,봄_팬츠_니트팬츠_ZA,41,777200,99900.0,15556.0,18956.0,5,18776.0,30853.0,18956.0,81.0,01_시즌
2023,2023-05-21,봄_팬츠_팬츠(일반)_ZA,5,145000,139000.0,17118.0,29000.0,5,30256.0,40939.0,29000.0,79.0,01_시즌
2023,2023-05-21,사계절_니트 셔츠_라운드_ZB,30,866000,79900.0,7430.0,28867.0,5,27934.0,37400.0,28867.0,64.0,01_시즌
2023,2023-05-21,사계절_데님_데님자켓_ZB,13,1287000,159000.0,13742.0,99000.0,5,92832.0,99312.0,99000.0,38.0,01_시즌
2023,2023-05-21,사계절_데님_데님팬츠_ZB,236,14347445,103233.0,18189.0,60640.0,5,62273.0,64064.0,60794.0,41.0,01_시즌
2023,2023-05-21,사계절_수트_블레이져(수트)_ZB,442,72097830,259000.0,44095.0,152926.0,5,158401.0,142344.0,163117.0,37.0,01_시즌
2023,2023-05-21,사계절_수트_블레이져(수트)_ZC,64,10401440,259000.0,48218.0,162522.0,5,161411.0,165095.0,162522.0,37.0,01_시즌
2023,2023-05-21,사계절_수트_수트팬츠_ZB,432,37801050,139000.0,22275.0,84508.0,5,84324.0,74206.0,87502.0,37.0,01_시즌
2023,2023-05-21,사계절_수트_수트팬츠_ZC,77,6758180,139000.0,25396.0,87769.0,5,86533.0,89643.0,87769.0,37.0,01_시즌
2023,2023-05-21,사계절_우븐 셔츠_드레스셔츠_ZB,2418,92052989,69900.0,7870.0,38252.0,5,37928.0,35960.0,38070.0,46.0,01_시즌
2023,2023-05-21,사계절_자켓_싱글재킷_ZB,35,5008500,239000.0,33934.0,143100.0,5,137482.0,142581.0,143100.0,40.0,01_시즌
2023,2023-05-21,사계절_팬츠_팬츠(일반)_ZB,309,19751995,99900.0,12418.0,63048.0,5,66101.0,61195.0,63922.0,36.0,01_시즌
2023,2023-05-21,여름_니트 셔츠_라운드(V넥 등)_ZB,25,951280,119900.0,18694.0,38051.0,5,54632.0,45771.0,38051.0,68.0,01_시즌
2023,2023-05-21,여름_니트 셔츠_라운드_ZB,2543,88335719,74900.0,7346.0,39727.0,5,40971.0,28310.0,34737.0,54.0,01_시즌
2023,2023-05-21,여름_니트 셔츠_티에리_ZB,800,40077388,89900.0,8882.0,50198.0,5,50975.0,31790.0,50097.0,44.0,01_시즌
2023,2023-05-21,여름_수트_블레이져(수트)_ZA,474,97253480,359000.0,63357.0,222603.0,5,226059.0,226401.0,205176.0,43.0,01_시즌
2023,2023-05-21,여름_수트_블레이져(수트)_ZB,487,90572300,259000.0,56988.0,185788.0,5,185856.0,190059.0,185980.0,28.0,01_시즌
2023,2023-05-21,여름_수트_블레이져(수트)_ZC,316,61688240,289000.0,60600.0,193750.0,5,193741.0,202872.0,195216.0,32.0,01_시즌
2023,2023-05-21,여름_수트_수트팬츠_ZA,534,61751180,205667.0,33110.0,127620.0,5,129428.0,129858.0,115639.0,44.0,01_시즌
2023,2023-05-21,여름_수트_수트팬츠_ZB,537,53637320,139000.0,29204.0,99834.0,5,99798.0,102620.0,99883.0,28.0,01_시즌
2023,2023-05-21,여름_수트_수트팬츠_ZC,345,37128990,159000.0,31410.0,106505.0,5,106440.0,112299.0,107620.0,32.0,01_시즌
2023,2023-05-21,여름_스웨터_T-에리_ZA,239,14281750,109900.0,13619.0,60086.0,5,59282.0,45766.0,59756.0,46.0,01_시즌
2023,2023-05-21,여름_스웨터_T-에리_ZB,2036,105113289,99900.0,9992.0,51720.0,5,50886.0,37504.0,51627.0,48.0,01_시즌
2023,2023-05-21,여름_스웨터_라운드_ZA,146,8599900,109900.0,11520.0,59630.0,5,58476.0,47302.0,58903.0,46.0,01_시즌
2023,2023-05-21,여름_스웨터_라운드_ZB,707,35665010,89900.0,11157.0,50732.0,5,49500.0,40720.0,50446.0,44.0,01_시즌
2023,2023-05-21,여름_우븐 셔츠_드레스셔츠_ZB,1733,66734950,69900.0,5198.0,38518.0,5,38645.0,27367.0,38508.0,45.0,01_시즌
2023,2023-05-21,여름_우븐 셔츠_캐쥬얼셔츠_ZA,281,14524834,115486.0,11849.0,63805.0,5,64342.0,46228.0,51690.0,55.0,01_시즌
2023,2023-05-21,여름_우븐 셔츠_캐쥬얼셔츠_ZB,1261,51112295,89900.0,6675.0,40283.0,5,40814.0,26504.0,40533.0,55.0,01_시즌
2023,2023-05-21,여름_자켓_싱글재킷_ZA,1179,177903380,295667.0,38690.0,158031.0,5,160564.0,150546.0,150893.0,49.0,01_시즌
2023,2023-05-21,여름_점퍼_점퍼_ZB,232,28194520,271000.0,32893.0,127999.0,5,123938.0,117600.0,121528.0,55.0,01_시즌
2023,2023-05-21,여름_팬츠_니트팬츠_ZB,141,9726200,109450.0,17872.0,58714.0,5,56087.0,42926.0,68980.0,37.0,01_시즌
2023,2023-05-21,여름_팬츠_반바지_ZA,5,245000,89900.0,14960.0,49000.0,5,48041.0,39129.0,49000.0,45.0,01_시즌
2023,2023-05-21,여름_팬츠_반바지_ZB,219,10591904,86567.0,9056.0,48717.0,5,46450.0,31804.0,48365.0,44.0,01_시즌
2023,2023-05-21,여름_팬츠_팬츠(일반)_ZA,1323,113629920,139000.0,16327.0,73175.0,5,73047.0,68404.0,85888.0,38.0,01_시즌
2023,2023-05-21,여름_팬츠_팬츠(일반)_ZB,1659,98685800,99900.0,9522.0,59367.0,5,58400.0,40589.0,59485.0,40.0,01_시즌
2023,2023-05-28,봄_가죽&FUR_가죽점퍼_ZA,0,0,1149000.0,265036.0,,5,549233.0,590208.0,549233.0,52.0,01_시즌
2023,2023-05-28,봄_니트 셔츠_라운드_ZA,10,334400,119900.0,18365.0,33440.0,5,30362.0,41184.0,33440.0,72.0,01_시즌
2023,2023-05-28,봄_니트 셔츠_오픈형티(맨투맨 등)_ZA,14,406000,139900.0,16687.0,29000.0,5,28580.0,43776.0,29000.0,79.0,01_시즌
2023,2023-05-28,봄_수트_블레이져(수트)_ZB,39,6588960,259000.0,53988.0,176120.0,5,179325.0,173886.0,168948.0,35.0,01_시즌
2023,2023-05-28,봄_수트_블레이져(수트)_ZC,17,3159800,259000.0,56648.0,185871.0,5,186060.0,176175.0,185871.0,28.0,01_시즌
2023,2023-05-28,봄_수트_수트팬츠_ZB,34,3052440,139000.0,28018.0,94520.0,5,95993.0,94467.0,89778.0,35.0,01_시즌
2023,2023-05-28,봄_수트_수트팬츠_ZC,18,1795880,139000.0,23501.0,99771.0,5,101518.0,96188.0,99771.0,28.0,01_시즌
2023,2023-05-28,봄_스웨터_T-에리_ZA,41,818000,109900.0,13081.0,19951.0,5,19276.0,34291.0,19951.0,82.0,01_시즌
2023,2023-05-28,봄_스웨터_라운드_ZB,62,1296500,109900.0,12798.0,20794.0,5,19313.0,34232.0,20911.0,81.0,01_시즌
2023,2023-05-28,봄_스웨터_오픈형(CARDIGAN)_ZB,333,11572000,184900.0,17040.0,34738.0,5,37340.0,55815.0,34751.0,81.0,01_시즌
2023,2023-05-28,봄_스웨터_후드T_ZA,19,625900,129900.0,21197.0,32942.0,5,33204.0,50541.0,32942.0,75.0,01_시즌
2023,2023-05-28,봄_우븐 셔츠_캐쥬얼셔츠_ZA,61,1159000,129900.0,11833.0,19000.0,5,18921.0,35409.0,19000.0,85.0,01_시즌
2023,2023-05-28,봄_우븐 셔츠_캐쥬얼셔츠_ZB,12,278890,89900.0,7769.0,23241.0,5,20630.0,26344.0,23241.0,74.0,01_시즌
2023,2023-05-28,봄_점퍼_패딩점퍼_ZB,35,2050430,299000.0,28889.0,58584.0,5,61996.0,88124.0,58584.0,80.0,01_시즌
2023,2023-05-28,봄_코트_싱글코트_ZB,26,1944000,359000.0,41091.0,71268.0,5,69406.0,122265.0,74769.0,79.0,01_시즌
2023,2023-05-28,봄_팬츠_니트팬츠_ZA,49,858500,99900.0,15556.0,17520.0,5,18776.0,30853.0,17520.0,82.0,01_시즌
2023,2023-05-28,봄_팬츠_팬츠(일반)_ZA,21,605700,139000.0,17118.0,28667.0,5,30256.0,40939.0,28843.0,79.0,01_시즌
2023,2023-05-28,사계절_니트 셔츠_라운드_ZB,13,340600,79900.0,7430.0,26200.0,5,27934.0,37400.0,26200.0,67.0,01_시즌
2023,2023-05-28,사계절_데님_데님자켓_ZB,5,405250,159000.0,13742.0,81050.0,5,92832.0,99312.0,81050.0,49.0,01_시즌
2023,2023-05-28,사계절_데님_데님팬츠_ZB,183,11917000,103233.0,18189.0,64671.0,5,62273.0,64064.0,65120.0,37.0,01_시즌
2023,2023-05-28,사계절_수트_블레이져(수트)_ZB,757,101281501,259000.0,44096.0,129111.0,5,158401.0,142344.0,133793.0,48.0,01_시즌
2023,2023-05-28,사계절_수트_블레이져(수트)_ZC,63,10143010,259000.0,48218.0,159200.0,5,161411.0,165095.0,161000.0,38.0,01_시즌
2023,2023-05-28,사계절_수트_수트팬츠_ZB,800,54337457,139000.0,22276.0,66020.0,5,84324.0,74206.0,67922.0,51.0,01_시즌
2023,2023-05-28,사계절_수트_수트팬츠_ZC,64,5551220,139000.0,25396.0,85441.0,5,86533.0,89643.0,86738.0,38.0,01_시즌
2023,2023-05-28,사계절_우븐 셔츠_드레스셔츠_ZB,1085,39052680,69900.0,7870.0,37496.0,5,37928.0,35960.0,35993.0,49.0,01_시즌
2023,2023-05-28,사계절_자켓_싱글재킷_ZB,48,6132000,239000.0,33934.0,127750.0,5,137482.0,142581.0,127750.0,47.0,01_시즌
2023,2023-05-28,사계절_팬츠_팬츠(일반)_ZB,160,10890850,99900.0,12418.0,69073.0,5,66101.0,61195.0,68068.0,32.0,01_시즌
2023,2023-05-28,여름_니트 셔츠_라운드(V넥 등)_ZB,44,2523430,119900.0,18694.0,57351.0,5,54632.0,45771.0,57351.0,52.0,01_시즌
2023,2023-05-28,여름_니트 셔츠_라운드_ZB,3056,94557510,74900.0,7346.0,36533.0,5,40971.0,28310.0,30942.0,59.0,01_시즌
2023,2023-05-28,여름_니트 셔츠_티에리_ZB,919,40039658,89900.0,8882.0,43441.0,5,50975.0,31790.0,43569.0,52.0,01_시즌
2023,2023-05-28,여름_수트_블레이져(수트)_ZA,343,70126150,359000.0,63357.0,226914.0,5,226059.0,226401.0,204449.0,43.0,01_시즌
2023,2023-05-28,여름_수트_블레이져(수트)_ZB,331,61582430,259000.0,56988.0,185113.0,5,185856.0,190059.0,186050.0,28.0,01_시즌
2023,2023-05-28,여름_수트_블레이져(수트)_ZC,237,46148050,289000.0,60600.0,193671.0,5,193741.0,202872.0,194718.0,33.0,01_시즌
2023,2023-05-28,여름_수트_수트팬츠_ZA,380,43908650,205667.0,33110.0,129783.0,5,129428.0,129858.0,115549.0,44.0,01_시즌
2023,2023-05-28,여름_수트_수트팬츠_ZB,377,37511930,139000.0,29204.0,99227.0,5,99798.0,102620.0,99501.0,28.0,01_시즌
2023,2023-05-28,여름_수트_수트팬츠_ZC,255,27224950,159000.0,31410.0,106350.0,5,106440.0,112299.0,106765.0,33.0,01_시즌
2023,2023-05-28,여름_스웨터_T-에리_ZA,279,15300445,109900.0,13619.0,55252.0,5,59282.0,45766.0,54840.0,50.0,01_시즌
2023,2023-05-28,여름_스웨터_T-에리_ZB,1797,88836458,99900.0,9992.0,48718.0,5,50886.0,37504.0,49436.0,51.0,01_시즌
2023,2023-05-28,여름_스웨터_라운드_ZA,160,8089670,109900.0,11520.0,51616.0,5,58476.0,47302.0,50560.0,54.0,01_시즌
2023,2023-05-28,여름_스웨터_라운드_ZB,743,33136990,89900.0,11157.0,44572.0,5,49500.0,40720.0,44599.0,50.0,01_시즌
2023,2023-05-28,여름_우븐 셔츠_드레스셔츠_ZB,1362,52453550,69900.0,5198.0,38503.0,5,38645.0,27367.0,38512.0,45.0,01_시즌
2023,2023-05-28,여름_우븐 셔츠_캐쥬얼셔츠_ZA,351,17959000,115486.0,11849.0,62836.0,5,64342.0,46228.0,51165.0,56.0,01_시즌
2023,2023-05-28,여름_우븐 셔츠_캐쥬얼셔츠_ZB,1377,53829600,89900.0,6675.0,39174.0,5,40814.0,26504.0,39092.0,57.0,01_시즌
2023,2023-05-28,여름_자켓_싱글재킷_ZA,996,148812670,295667.0,38690.0,156004.0,5,160564.0,150546.0,149410.0,49.0,01_시즌
2023,2023-05-28,여름_점퍼_점퍼_ZB,240,25839270,271000.0,32893.0,114909.0,5,123938.0,117600.0,107664.0,60.0,01_시즌
2023,2023-05-28,여름_팬츠_니트팬츠_ZB,190,11437886,109450.0,17872.0,50836.0,5,56087.0,42926.0,60199.0,45.0,01_시즌
2023,2023-05-28,여름_팬츠_반바지_ZA,10,451650,89900.0,14960.0,45165.0,5,48041.0,39129.0,45165.0,50.0,01_시즌
2023,2023-05-28,여름_팬츠_반바지_ZB,345,14532750,86567.0,9056.0,40261.0,5,46450.0,31804.0,42124.0,51.0,01_시즌
2023,2023-05-28,여름_팬츠_팬츠(일반)_ZA,950,80730370,139000.0,16327.0,72779.0,5,73047.0,68404.0,84979.0,39.0,01_시즌
2023,2023-05-28,여름_팬츠_팬츠(일반)_ZB,2452,126311150,99900.0,9522.0,51812.0,5,58400.0,40589.0,51514.0,48.0,01_시즌
2023,2023-06-04,사계절_니트 셔츠_라운드_ZB,26,766480,79900.0,7430.0,29480.0,6,33771.0,37400.0,29480.0,63.0,01_시즌
2023,2023-06-04,사계절_데님_데님자켓_ZB,10,822232,159000.0,13742.0,82223.0,6,93720.0,99312.0,82223.0,48.0,01_시즌
2023,2023-06-04,사계절_데님_데님팬츠_ZB,275,14861724,103233.0,18189.0,54556.0,6,54830.0,64064.0,54043.0,48.0,01_시즌
2023,2023-06-04,사계절_수트_블레이져(수트)_ZB,1083,174720377,259000.0,43111.0,139847.0,6,117551.0,142344.0,161330.0,38.0,01_시즌
2023,2023-06-04,사계절_수트_블레이져(수트)_ZC,128,20914250,259000.0,48218.0,163248.0,6,162823.0,165095.0,163393.0,37.0,01_시즌
2023,2023-06-04,사계절_수트_수트팬츠_ZB,1131,96571867,139000.0,21901.0,70780.0,6,60117.0,74206.0,85386.0,39.0,01_시즌
2023,2023-06-04,사계절_수트_수트팬츠_ZC,148,12961750,139000.0,25396.0,87540.0,6,87155.0,89643.0,87579.0,37.0,01_시즌
2023,2023-06-04,사계절_우븐 셔츠_드레스셔츠_ZB,1548,57975190,69900.0,7535.0,37827.0,6,37504.0,35960.0,37452.0,46.0,01_시즌
2023,2023-06-04,사계절_자켓_싱글재킷_ZB,34,4365000,239000.0,33934.0,128382.0,6,146711.0,142581.0,128382.0,46.0,01_시즌
2023,2023-06-04,사계절_팬츠_팬츠(일반)_ZB,286,18399560,99900.0,12418.0,65462.0,6,64707.0,61195.0,64334.0,36.0,01_시즌
2023,2023-06-04,여름_니트 셔츠_라운드(V넥 등)_ZB,111,5996233,119900.0,18694.0,54020.0,6,50532.0,45771.0,54020.0,55.0,01_시즌
2023,2023-06-04,여름_니트 셔츠_라운드_ZB,4989,135095620,74900.0,7352.0,30705.0,6,27651.0,28310.0,27079.0,64.0,01_시즌
2023,2023-06-04,여름_니트 셔츠_티에리_ZB,1593,60398050,89900.0,8882.0,37997.0,6,34239.0,31790.0,37915.0,58.0,01_시즌
2023,2023-06-04,여름_수트_블레이져(수트)_ZA,422,87082530,359000.0,63357.0,225333.0,6,215647.0,226401.0,206357.0,43.0,01_시즌
2023,2023-06-04,여름_수트_블레이져(수트)_ZB,407,75811890,259000.0,56988.0,186096.0,6,176857.0,190059.0,186270.0,28.0,01_시즌
2023,2023-06-04,여름_수트_블레이져(수트)_ZC,238,46337219,289000.0,60600.0,193598.0,6,185806.0,202872.0,194694.0,33.0,01_시즌
2023,2023-06-04,여름_수트_수트팬츠_ZA,494,57140983,205667.0,33110.0,128708.0,6,124023.0,129858.0,115670.0,44.0,01_시즌
2023,2023-06-04,여름_수트_수트팬츠_ZB,488,48573739,139000.0,29204.0,99263.0,6,95213.0,102620.0,99536.0,28.0,01_시즌
2023,2023-06-04,여름_수트_수트팬츠_ZC,264,28240385,159000.0,31410.0,106630.0,6,102088.0,112299.0,106971.0,33.0,01_시즌
2023,2023-06-04,여름_스웨터_T-에리_ZA,411,16962900,109900.0,13619.0,41728.0,6,40523.0,45766.0,41272.0,62.0,01_시즌
2023,2023-06-04,여름_스웨터_T-에리_ZB,3337,115888869,99900.0,9992.0,34658.0,6,34245.0,37504.0,34728.0,65.0,01_시즌
2023,2023-06-04,여름_스웨터_라운드_ZA,242,10393210,109900.0,11520.0,44007.0,6,39049.0,47302.0,42947.0,61.0,01_시즌
2023,2023-06-04,여름_스웨터_라운드_ZB,1197,45880127,89900.0,11157.0,37082.0,6,36073.0,40720.0,38329.0,57.0,01_시즌
2023,2023-06-04,여름_우븐 셔츠_드레스셔츠_ZB,2089,78113680,69900.0,6333.0,37382.0,6,31984.0,27367.0,37393.0,47.0,01_시즌
2023,2023-06-04,여름_우븐 셔츠_캐쥬얼셔츠_ZA,481,22826996,115486.0,11917.0,55679.0,6,51217.0,46228.0,47457.0,59.0,01_시즌
2023,2023-06-04,여름_우븐 셔츠_캐쥬얼셔츠_ZB,2017,70044900,89900.0,6803.0,34832.0,6,31326.0,26504.0,34727.0,61.0,01_시즌
2023,2023-06-04,여름_자켓_싱글재킷_ZA,1273,186105786,295667.0,38690.0,153480.0,6,144167.0,150546.0,146195.0,51.0,01_시즌
2023,2023-06-04,여름_점퍼_점퍼_ZB,254,26528422,271000.0,32893.0,115101.0,6,115517.0,117600.0,104443.0,61.0,01_시즌
2023,2023-06-04,여름_팬츠_니트팬츠_ZB,255,13528035,109450.0,17872.0,45833.0,6,44669.0,42926.0,53051.0,52.0,01_시즌
2023,2023-06-04,여름_팬츠_반바지_ZA,16,649750,89900.0,14960.0,40609.0,6,37242.0,39129.0,40609.0,55.0,01_시즌
2023,2023-06-04,여름_팬츠_반바지_ZB,608,21992532,86567.0,9254.0,33931.0,6,29748.0,31804.0,36172.0,58.0,01_시즌
2023,2023-06-04,여름_팬츠_팬츠(일반)_ZA,1346,111857387,139000.0,16327.0,70905.0,6,65482.0,68404.0,83104.0,40.0,01_시즌
2023,2023-06-04,여름_팬츠_팬츠(일반)_ZB,3828,163417278,99900.0,9522.0,42442.0,6,38286.0,40589.0,42690.0,57.0,01_시즌
2023,2023-06-11,사계절_니트 셔츠_라운드_ZB,14,427749,79900.0,7430.0,30554.0,6,33771.0,37400.0,30554.0,62.0,01_시즌
2023,2023-06-11,사계절_데님_데님자켓_ZB,9,851900,159000.0,13742.0,94656.0,6,93720.0,99312.0,94656.0,40.0,01_시즌
2023,2023-06-11,사계절_데님_데님팬츠_ZB,244,12739800,103233.0,18189.0,53627.0,6,54830.0,64064.0,52212.0,49.0,01_시즌
2023,2023-06-11,사계절_수트_블레이져(수트)_ZB,946,124613571,259000.0,43111.0,110372.0,6,117551.0,142344.0,131727.0,49.0,01_시즌
2023,2023-06-11,사계절_수트_블레이져(수트)_ZC,191,31139570,259000.0,48218.0,162913.0,6,162823.0,165095.0,163034.0,37.0,01_시즌
2023,2023-06-11,사계절_수트_수트팬츠_ZB,1081,72879843,139000.0,21901.0,56375.0,6,60117.0,74206.0,67419.0,51.0,01_시즌
2023,2023-06-11,사계절_수트_수트팬츠_ZC,161,14080700,139000.0,25396.0,87399.0,6,87155.0,89643.0,87458.0,37.0,01_시즌
2023,2023-06-11,사계절_우븐 셔츠_드레스셔츠_ZB,1584,58181250,69900.0,7535.0,36766.0,6,37504.0,35960.0,36731.0,47.0,01_시즌
2023,2023-06-11,사계절_자켓_싱글재킷_ZB,14,2086000,239000.0,33934.0,149000.0,6,146711.0,142581.0,149000.0,38.0,01_시즌
2023,2023-06-11,사계절_팬츠_팬츠(일반)_ZB,184,11995800,99900.0,12418.0,65780.0,6,64707.0,61195.0,65195.0,35.0,01_시즌
2023,2023-06-11,여름_니트 셔츠_라운드(V넥 등)_ZB,67,3467620,119900.0,18694.0,51756.0,6,50532.0,45771.0,51756.0,57.0,01_시즌
2023,2023-06-11,여름_니트 셔츠_라운드_ZB,4962,126670260,74900.0,7352.0,29059.0,6,27651.0,28310.0,25528.0,66.0,01_시즌
2023,2023-06-11,여름_니트 셔츠_티에리_ZB,1709,61375924,89900.0,8882.0,36045.0,6,34239.0,31790.0,35913.0,60.0,01_시즌
2023,2023-06-11,여름_수트_블레이져(수트)_ZA,371,75870490,359000.0,63357.0,225599.0,6,215647.0,226401.0,204503.0,43.0,01_시즌
2023,2023-06-11,여름_수트_블레이져(수트)_ZB,384,71406300,259000.0,56988.0,185488.0,6,176857.0,190059.0,185954.0,28.0,01_시즌
2023,2023-06-11,여름_수트_블레이져(수트)_ZC,226,43982430,289000.0,60600.0,193366.0,6,185806.0,202872.0,194613.0,33.0,01_시즌
2023,2023-06-11,여름_수트_수트팬츠_ZA,431,50045840,205667.0,33110.0,129778.0,6,124023.0,129858.0,116116.0,44.0,01_시즌
2023,2023-06-11,여름_수트_수트팬츠_ZB,412,41143500,139000.0,29204.0,99678.0,6,95213.0,102620.0,99863.0,28.0,01_시즌
2023,2023-06-11,여름_수트_수트팬츠_ZC,249,26648380,159000.0,31410.0,105963.0,6,102088.0,112299.0,107022.0,33.0,01_시즌
2023,2023-06-11,여름_스웨터_T-에리_ZA,497,19574850,109900.0,13619.0,39504.0,6,40523.0,45766.0,39386.0,64.0,01_시즌
2023,2023-06-11,여름_스웨터_T-에리_ZB,4176,146258495,99900.0,9992.0,34920.0,6,34245.0,37504.0,35024.0,65.0,01_시즌
2023,2023-06-11,여름_스웨터_라운드_ZA,260,10225650,109900.0,11520.0,37928.0,6,39049.0,47302.0,39329.0,64.0,01_시즌
2023,2023-06-11,여름_스웨터_라운드_ZB,1083,42496940,89900.0,11157.0,39334.0,6,36073.0,40720.0,39240.0,56.0,01_시즌
2023,2023-06-11,여름_우븐 셔츠_드레스셔츠_ZB,1731,63946950,69900.0,6333.0,36918.0,6,31984.0,27367.0,36942.0,47.0,01_시즌
2023,2023-06-11,여름_우븐 셔츠_캐쥬얼셔츠_ZA,514,22754830,115486.0,11917.0,56905.0,6,51217.0,46228.0,44270.0,62.0,01_시즌
2023,2023-06-11,여름_우븐 셔츠_캐쥬얼셔츠_ZB,1841,61999900,89900.0,6803.0,33812.0,6,31326.0,26504.0,33677.0,63.0,01_시즌
2023,2023-06-11,여름_자켓_싱글재킷_ZA,1291,177402530,295667.0,38690.0,147126.0,6,144167.0,150546.0,137415.0,54.0,01_시즌
2023,2023-06-11,여름_점퍼_점퍼_ZB,103,10727000,271000.0,32893.0,107412.0,6,115517.0,117600.0,104146.0,62.0,01_시즌
2023,2023-06-11,여름_팬츠_니트팬츠_ZB,241,11972650,109450.0,17872.0,45704.0,6,44669.0,42926.0,49679.0,55.0,01_시즌
2023,2023-06-11,여름_팬츠_반바지_ZA,31,1240700,89900.0,14960.0,40023.0,6,37242.0,39129.0,40023.0,55.0,01_시즌
2023,2023-06-11,여름_팬츠_반바지_ZB,977,31818470,86567.0,9254.0,30717.0,6,29748.0,31804.0,32568.0,62.0,01_시즌
2023,2023-06-11,여름_팬츠_팬츠(일반)_ZA,1513,115016030,139000.0,16327.0,68592.0,6,65482.0,68404.0,76019.0,45.0,01_시즌
2023,2023-06-11,여름_팬츠_팬츠(일반)_ZB,3471,133725218,99900.0,9522.0,37275.0,6,38286.0,40589.0,38526.0,61.0,01_시즌
2023,2023-06-18,사계절_니트 셔츠_라운드_ZB,609,17616600,79900.0,7430.0,28927.0,6,33771.0,37400.0,28927.0,64.0,01_시즌
2023,2023-06-18,사계절_데님_데님자켓_ZB,4,396000,159000.0,13742.0,99000.0,6,93720.0,99312.0,99000.0,38.0,01_시즌
2023,2023-06-18,사계절_데님_데님팬츠_ZB,180,9262900,103233.0,18189.0,51633.0,6,54830.0,64064.0,51461.0,50.0,01_시즌
2023,2023-06-18,사계절_수트_블레이져(수트)_ZB,725,102045804,259000.0,43111.0,107938.0,6,117551.0,142344.0,140753.0,46.0,01_시즌
2023,2023-06-18,사계절_수트_블레이져(수트)_ZC,165,26649730,259000.0,48218.0,162542.0,6,162823.0,165095.0,161514.0,38.0,01_시즌
2023,2023-06-18,사계절_수트_수트팬츠_ZB,823,60977543,139000.0,21901.0,56534.0,6,60117.0,74206.0,74092.0,47.0,01_시즌
2023,2023-06-18,사계절_수트_수트팬츠_ZC,160,13851160,139000.0,25396.0,86910.0,6,87155.0,89643.0,86570.0,38.0,01_시즌
2023,2023-06-18,사계절_우븐 셔츠_드레스셔츠_ZB,1524,60278100,69900.0,7535.0,40154.0,6,37504.0,35960.0,39553.0,43.0,01_시즌
2023,2023-06-18,사계절_자켓_싱글재킷_ZB,16,2384000,239000.0,33934.0,149000.0,6,146711.0,142581.0,149000.0,38.0,01_시즌
2023,2023-06-18,사계절_팬츠_팬츠(일반)_ZB,174,10847720,99900.0,12418.0,62182.0,6,64707.0,61195.0,62343.0,38.0,01_시즌
2023,2023-06-18,여름_니트 셔츠_라운드(V넥 등)_ZB,70,3376280,119900.0,18694.0,48233.0,6,50532.0,45771.0,48233.0,60.0,01_시즌
2023,2023-06-18,여름_니트 셔츠_라운드_ZB,5373,123119373,74900.0,7352.0,25884.0,6,27651.0,28310.0,22914.0,69.0,01_시즌
2023,2023-06-18,여름_니트 셔츠_티에리_ZB,2348,73666130,89900.0,8882.0,31440.0,6,34239.0,31790.0,31374.0,65.0,01_시즌
2023,2023-06-18,여름_수트_블레이져(수트)_ZA,319,59425652,359000.0,63357.0,210116.0,6,215647.0,226401.0,186287.0,48.0,01_시즌
2023,2023-06-18,여름_수트_블레이져(수트)_ZB,349,59979160,259000.0,56988.0,170932.0,6,176857.0,190059.0,171860.0,34.0,01_시즌
2023,2023-06-18,여름_수트_블레이져(수트)_ZC,172,31587728,289000.0,60600.0,181292.0,6,185806.0,202872.0,183650.0,36.0,01_시즌
2023,2023-06-18,여름_수트_수트팬츠_ZA,376,39770961,205667.0,33110.0,121086.0,6,124023.0,129858.0,105774.0,49.0,01_시즌
2023,2023-06-18,여름_수트_수트팬츠_ZB,401,36916990,139000.0,29204.0,91846.0,6,95213.0,102620.0,92062.0,34.0,01_시즌
2023,2023-06-18,여름_수트_수트팬츠_ZC,176,17757449,159000.0,31410.0,99570.0,6,102088.0,112299.0,100895.0,37.0,01_시즌
2023,2023-06-18,여름_스웨터_T-에리_ZA,381,14704950,109900.0,13619.0,38570.0,6,40523.0,45766.0,38596.0,65.0,01_시즌
2023,2023-06-18,여름_스웨터_T-에리_ZB,5589,184306834,99900.0,9992.0,32932.0,6,34245.0,37504.0,32977.0,67.0,01_시즌
2023,2023-06-18,여름_스웨터_라운드_ZA,243,9304000,109900.0,11520.0,38764.0,6,39049.0,47302.0,38288.0,65.0,01_시즌
2023,2023-06-18,여름_스웨터_라운드_ZB,1212,39213650,89900.0,11157.0,31550.0,6,36073.0,40720.0,32354.0,64.0,01_시즌
2023,2023-06-18,여름_우븐 셔츠_드레스셔츠_ZB,2245,62448100,69900.0,6333.0,27896.0,6,31984.0,27367.0,27817.0,60.0,01_시즌
2023,2023-06-18,여름_우븐 셔츠_캐쥬얼셔츠_ZA,332,14417611,115486.0,11917.0,47056.0,6,51217.0,46228.0,43427.0,62.0,01_시즌
2023,2023-06-18,여름_우븐 셔츠_캐쥬얼셔츠_ZB,2108,61542100,89900.0,6803.0,29233.0,6,31326.0,26504.0,29195.0,68.0,01_시즌
2023,2023-06-18,여름_자켓_싱글재킷_ZA,1128,140605900,295667.0,38690.0,136935.0,6,144167.0,150546.0,124651.0,58.0,01_시즌
2023,2023-06-18,여름_점퍼_점퍼_ZB,216,14400000,271000.0,32893.0,137158.0,6,115517.0,117600.0,66667.0,75.0,01_시즌
2023,2023-06-18,여름_팬츠_니트팬츠_ZB,339,14197600,109450.0,17872.0,42626.0,6,44669.0,42926.0,41881.0,62.0,01_시즌
2023,2023-06-18,여름_팬츠_반바지_ZA,51,1668000,89900.0,14960.0,32706.0,6,37242.0,39129.0,32706.0,64.0,01_시즌
2023,2023-06-18,여름_팬츠_반바지_ZB,1030,27506530,86567.0,9254.0,25984.0,6,29748.0,31804.0,26705.0,69.0,01_시즌
2023,2023-06-18,여름_팬츠_팬츠(일반)_ZA,1434,92870500,139000.0,16327.0,61163.0,6,65482.0,68404.0,64763.0,53.0,01_시즌
2023,2023-06-18,여름_팬츠_팬츠(일반)_ZB,4280,155299395,99900.0,9522.0,36272.0,6,38286.0,40589.0,36285.0,64.0,01_시즌
2023,2023-06-25,사계절_니트 셔츠_라운드_ZB,145,6687800,79900.0,7430.0,46123.0,6,33771.0,37400.0,46123.0,42.0,01_시즌
2023,2023-06-25,사계절_데님_데님자켓_ZB,-1,-99000,159000.0,13742.0,99000.0,6,93720.0,99312.0,99000.0,38.0,01_시즌
2023,2023-06-25,사계절_데님_데님팬츠_ZB,157,9264800,103233.0,18189.0,59502.0,6,54830.0,64064.0,59011.0,43.0,01_시즌
2023,2023-06-25,사계절_수트_블레이져(수트)_ZB,576,92162557,259000.0,43111.0,112045.0,6,117551.0,142344.0,160004.0,38.0,01_시즌
2023,2023-06-25,사계절_수트_블레이져(수트)_ZC,212,34009530,259000.0,48218.0,162590.0,6,162823.0,165095.0,160422.0,38.0,01_시즌
2023,2023-06-25,사계절_수트_수트팬츠_ZB,599,51730786,139000.0,21901.0,56778.0,6,60117.0,74206.0,86362.0,38.0,01_시즌
2023,2023-06-25,사계절_수트_수트팬츠_ZC,201,17301550,139000.0,25396.0,86772.0,6,87155.0,89643.0,86077.0,38.0,01_시즌
2023,2023-06-25,사계절_우븐 셔츠_드레스셔츠_ZB,1019,34078300,69900.0,7535.0,35268.0,6,37504.0,35960.0,33443.0,52.0,01_시즌
2023,2023-06-25,사계절_자켓_싱글재킷_ZB,13,2086000,239000.0,33934.0,160462.0,6,146711.0,142581.0,160462.0,33.0,01_시즌
2023,2023-06-25,사계절_팬츠_팬츠(일반)_ZB,159,10356070,99900.0,12418.0,65406.0,6,64707.0,61195.0,65133.0,35.0,01_시즌
2023,2023-06-25,여름_니트 셔츠_라운드(V넥 등)_ZB,64,3079600,119900.0,18694.0,48119.0,6,50532.0,45771.0,48119.0,60.0,01_시즌
2023,2023-06-25,여름_니트 셔츠_라운드_ZB,5554,134349187,74900.0,7352.0,24957.0,6,27651.0,28310.0,24190.0,68.0,01_시즌
2023,2023-06-25,여름_니트 셔츠_티에리_ZB,2127,66613930,89900.0,8882.0,31472.0,6,34239.0,31790.0,31318.0,65.0,01_시즌
2023,2023-06-25,여름_수트_블레이져(수트)_ZA,300,54382175,359000.0,63357.0,201538.0,6,215647.0,226401.0,181274.0,50.0,01_시즌
2023,2023-06-25,여름_수트_블레이져(수트)_ZB,268,44490372,259000.0,56988.0,164912.0,6,176857.0,190059.0,166009.0,36.0,01_시즌
2023,2023-06-25,여름_수트_블레이져(수트)_ZC,144,25583985,289000.0,60600.0,174968.0,6,185806.0,202872.0,177667.0,39.0,01_시즌
2023,2023-06-25,여름_수트_수트팬츠_ZA,335,34673549,205667.0,33110.0,116521.0,6,124023.0,129858.0,103503.0,50.0,01_시즌
2023,2023-06-25,여름_수트_수트팬츠_ZB,322,29045528,139000.0,29204.0,90064.0,6,95213.0,102620.0,90204.0,35.0,01_시즌
2023,2023-06-25,여름_수트_수트팬츠_ZC,160,15732954,159000.0,31410.0,96188.0,6,102088.0,112299.0,98331.0,38.0,01_시즌
2023,2023-06-25,여름_스웨터_T-에리_ZA,376,15893850,109900.0,13619.0,42290.0,6,40523.0,45766.0,42271.0,62.0,01_시즌
2023,2023-06-25,여름_스웨터_T-에리_ZB,3479,121606772,99900.0,9992.0,34469.0,6,34245.0,37504.0,34955.0,65.0,01_시즌
2023,2023-06-25,여름_스웨터_라운드_ZA,235,8426150,109900.0,11520.0,35497.0,6,39049.0,47302.0,35856.0,67.0,01_시즌
2023,2023-06-25,여름_스웨터_라운드_ZB,976,35513130,89900.0,11157.0,36327.0,6,36073.0,40720.0,36386.0,60.0,01_시즌
2023,2023-06-25,여름_우븐 셔츠_드레스셔츠_ZB,2915,73597100,69900.0,6333.0,25740.0,6,31984.0,27367.0,25248.0,64.0,01_시즌
2023,2023-06-25,여름_우븐 셔츠_캐쥬얼셔츠_ZA,267,11079750,115486.0,11917.0,45228.0,6,51217.0,46228.0,41497.0,64.0,01_시즌
2023,2023-06-25,여름_우븐 셔츠_캐쥬얼셔츠_ZB,2116,57804500,89900.0,6803.0,27426.0,6,31326.0,26504.0,27318.0,70.0,01_시즌
2023,2023-06-25,여름_자켓_싱글재킷_ZA,1104,142429000,295667.0,38690.0,139126.0,6,144167.0,150546.0,129012.0,56.0,01_시즌
2023,2023-06-25,여름_점퍼_점퍼_ZB,193,12562900,271000.0,32893.0,102398.0,6,115517.0,117600.0,65093.0,76.0,01_시즌
2023,2023-06-25,여름_팬츠_니트팬츠_ZB,265,11935600,109450.0,17872.0,44514.0,6,44669.0,42926.0,45040.0,59.0,01_시즌
2023,2023-06-25,여름_팬츠_반바지_ZA,54,1924000,89900.0,14960.0,35630.0,6,37242.0,39129.0,35630.0,60.0,01_시즌
2023,2023-06-25,여름_팬츠_반바지_ZB,1633,46826302,86567.0,9254.0,28359.0,6,29748.0,31804.0,28675.0,67.0,01_시즌
2023,2023-06-25,여름_팬츠_팬츠(일반)_ZA,1239,81102300,139000.0,16327.0,61267.0,6,65482.0,68404.0,65458.0,53.0,01_시즌
2023,2023-06-25,여름_팬츠_팬츠(일반)_ZB,3853,142525442,99900.0,9522.0,37153.0,6,38286.0,40589.0,36991.0,63.0,01_시즌
2023,2023-07-02,사계절_니트 셔츠_라운드_ZB,615,17816300,79900.0,7430.0,28970.0,7,93621.0,37400.0,28970.0,64.0,01_시즌
2023,2023-07-02,사계절_데님_데님자켓_ZB,6,330798,159000.0,13742.0,55133.0,7,79976.0,99312.0,55133.0,65.0,01_시즌
2023,2023-07-02,사계절_데님_데님팬츠_ZB,132,8437900,103233.0,18189.0,64267.0,7,64624.0,64064.0,63923.0,38.0,01_시즌
2023,2023-07-02,사계절_수트_블레이져(수트)_ZB,548,85240290,259000.0,43111.0,126882.0,7,105550.0,142344.0,155548.0,40.0,01_시즌
2023,2023-07-02,사계절_수트_블레이져(수트)_ZC,182,29954980,259000.0,48218.0,158877.0,7,156508.0,165095.0,164588.0,36.0,01_시즌
2023,2023-07-02,사계절_수트_수트팬츠_ZB,655,55213451,139000.0,21903.0,66732.0,7,55221.0,74206.0,84295.0,39.0,01_시즌
2023,2023-07-02,사계절_수트_수트팬츠_ZC,173,15482090,139000.0,25396.0,97736.0,7,87289.0,89643.0,89492.0,36.0,01_시즌
2023,2023-07-02,사계절_우븐 셔츠_드레스셔츠_ZB,1357,42064199,69900.0,7556.0,35388.0,7,36741.0,35960.0,30998.0,56.0,01_시즌
2023,2023-07-02,사계절_자켓_싱글재킷_ZB,11,1789000,239000.0,33934.0,162636.0,7,151435.0,142581.0,162636.0,32.0,01_시즌
2023,2023-07-02,사계절_팬츠_팬츠(일반)_ZB,213,13466770,99900.0,12418.0,59994.0,7,63666.0,61195.0,63224.0,37.0,01_시즌
2023,2023-07-02,여름_니트 셔츠_라운드(V넥 등)_ZB,69,3412400,119900.0,18694.0,49455.0,7,40351.0,45771.0,49455.0,59.0,01_시즌
2023,2023-07-02,여름_니트 셔츠_라운드_ZB,5107,124492706,74900.0,7352.0,25689.0,7,23005.0,28310.0,24377.0,67.0,01_시즌
2023,2023-07-02,여름_니트 셔츠_티에리_ZB,2312,66636645,89900.0,8882.0,29708.0,7,23884.0,31790.0,28822.0,68.0,01_시즌
2023,2023-07-02,여름_수트_블레이져(수트)_ZA,271,49968324,359000.0,63357.0,203862.0,7,219774.0,226401.0,184385.0,49.0,01_시즌
2023,2023-07-02,여름_수트_블레이져(수트)_ZB,252,42952318,259000.0,56988.0,168488.0,7,180052.0,190059.0,170446.0,34.0,01_시즌
2023,2023-07-02,여름_수트_블레이져(수트)_ZC,114,20451355,289000.0,60600.0,177748.0,7,196206.0,202872.0,179398.0,38.0,01_시즌
2023,2023-07-02,여름_수트_수트팬츠_ZA,316,32649086,205667.0,33110.0,116419.0,7,126339.0,129858.0,103320.0,50.0,01_시즌
2023,2023-07-02,여름_수트_수트팬츠_ZB,289,26935473,139000.0,29204.0,93290.0,7,97836.0,102620.0,93202.0,33.0,01_시즌
2023,2023-07-02,여름_수트_수트팬츠_ZC,137,14257667,159000.0,31410.0,102900.0,7,106177.0,112299.0,104071.0,35.0,01_시즌
2023,2023-07-02,여름_스웨터_T-에리_ZA,423,19091595,109900.0,13619.0,45196.0,7,40750.0,45766.0,45134.0,59.0,01_시즌
2023,2023-07-02,여름_스웨터_T-에리_ZB,5715,177129755,99900.0,9992.0,31372.0,7,28499.0,37504.0,30994.0,69.0,01_시즌
2023,2023-07-02,여름_스웨터_라운드_ZA,214,8867354,109900.0,11520.0,42378.0,7,40677.0,47302.0,41436.0,62.0,01_시즌
2023,2023-07-02,여름_스웨터_라운드_ZB,905,31873145,89900.0,11157.0,35262.0,7,34232.0,40720.0,35219.0,61.0,01_시즌
2023,2023-07-02,여름_우븐 셔츠_드레스셔츠_ZB,1501,47877365,69900.0,6333.0,36216.0,7,25832.0,27367.0,31897.0,54.0,01_시즌
2023,2023-07-02,여름_우븐 셔츠_캐쥬얼셔츠_ZA,356,16384656,115486.0,11917.0,48444.0,7,40160.0,46228.0,46024.0,60.0,01_시즌
2023,2023-07-02,여름_우븐 셔츠_캐쥬얼셔츠_ZB,2057,55343385,89900.0,6803.0,27183.0,7,19995.0,26504.0,26905.0,70.0,01_시즌
2023,2023-07-02,여름_자켓_싱글재킷_ZA,871,113291936,295667.0,38690.0,142517.0,7,141820.0,150546.0,130071.0,56.0,01_시즌
2023,2023-07-02,여름_점퍼_점퍼_ZB,203,15298545,271000.0,32893.0,92401.0,7,97241.0,117600.0,75362.0,72.0,01_시즌
2023,2023-07-02,여름_팬츠_니트팬츠_ZB,311,13068306,109450.0,17872.0,43105.0,7,37687.0,42926.0,42020.0,62.0,01_시즌
2023,2023-07-02,여름_팬츠_반바지_ZA,53,1887000,89900.0,14960.0,35604.0,7,35657.0,39129.0,35604.0,60.0,01_시즌
2023,2023-07-02,여름_팬츠_반바지_ZB,1412,38603493,86567.0,9254.0,26625.0,7,25408.0,31804.0,27340.0,68.0,01_시즌
2023,2023-07-02,여름_팬츠_팬츠(일반)_ZA,1258,80623060,139000.0,16327.0,60100.0,7,58909.0,68404.0,64088.0,54.0,01_시즌
2023,2023-07-02,여름_팬츠_팬츠(일반)_ZB,5760,184231218,99900.0,9522.0,34194.0,7,28779.0,40589.0,31985.0,68.0,01_시즌
2023,2023-07-09,가을_우븐 셔츠_캐쥬얼셔츠_ZB,0,0,79900.0,8264.0,,7,59666.0,41615.0,59666.0,25.0,01_시즌
2023,2023-07-09,가을_팬츠_팬츠(일반)_ZB,0,0,99900.0,10128.0,,7,69792.0,51638.0,69792.0,30.0,01_시즌
2023,2023-07-09,겨울_우븐 셔츠_캐쥬얼셔츠_ZA,0,0,99900.0,10378.0,,7,99622.0,71801.0,99622.0,0.0,01_시즌
2023,2023-07-09,사계절_니트 셔츠_라운드_ZB,-271,-7859000,79900.0,7430.0,29000.0,7,93621.0,37400.0,29000.0,64.0,01_시즌
2023,2023-07-09,사계절_데님_데님자켓_ZB,2,95840,159000.0,13742.0,47920.0,7,79976.0,99312.0,47920.0,70.0,01_시즌
2023,2023-07-09,사계절_데님_데님팬츠_ZB,144,8909840,103233.0,18189.0,61763.0,7,64624.0,64064.0,61874.0,40.0,01_시즌
2023,2023-07-09,사계절_수트_블레이져(수트)_ZB,925,111194141,259000.0,43111.0,97915.0,7,105550.0,142344.0,120210.0,54.0,01_시즌
2023,2023-07-09,사계절_수트_블레이져(수트)_ZC,161,25812780,259000.0,48218.0,154957.0,7,156508.0,165095.0,160328.0,38.0,01_시즌
2023,2023-07-09,사계절_수트_수트팬츠_ZB,1088,67674954,139000.0,21903.0,50121.0,7,55221.0,74206.0,62201.0,55.0,01_시즌
2023,2023-07-09,사계절_수트_수트팬츠_ZC,156,13468370,139000.0,25396.0,83771.0,7,87289.0,89643.0,86336.0,38.0,01_시즌
2023,2023-07-09,사계절_우븐 셔츠_드레스셔츠_ZB,1019,36472145,69900.0,7511.0,35959.0,7,36741.0,35960.0,35792.0,49.0,01_시즌
2023,2023-07-09,사계절_자켓_싱글재킷_ZB,9,1341000,239000.0,33934.0,149000.0,7,151435.0,142581.0,149000.0,38.0,01_시즌
2023,2023-07-09,사계절_팬츠_팬츠(일반)_ZB,176,10819330,99900.0,12418.0,63786.0,7,63666.0,61195.0,61473.0,38.0,01_시즌
2023,2023-07-09,여름_니트 셔츠_라운드(V넥 등)_ZB,115,4600800,119900.0,18694.0,40007.0,7,40351.0,45771.0,40007.0,67.0,01_시즌
2023,2023-07-09,여름_니트 셔츠_라운드_ZB,4620,89118467,74900.0,7352.0,23714.0,7,23005.0,28310.0,19290.0,74.0,01_시즌
2023,2023-07-09,여름_니트 셔츠_티에리_ZB,2417,52796086,89900.0,8882.0,23206.0,7,23884.0,31790.0,21844.0,76.0,01_시즌
2023,2023-07-09,여름_수트_블레이져(수트)_ZA,195,38264091,359000.0,63357.0,217456.0,7,219774.0,226401.0,196226.0,45.0,01_시즌
2023,2023-07-09,여름_수트_블레이져(수트)_ZB,200,35222676,259000.0,56988.0,175751.0,7,180052.0,190059.0,176113.0,32.0,01_시즌
2023,2023-07-09,여름_수트_블레이져(수트)_ZC,92,17084214,289000.0,60600.0,185086.0,7,196206.0,202872.0,185698.0,36.0,01_시즌
2023,2023-07-09,여름_수트_수트팬츠_ZA,237,26289612,205667.0,33110.0,125170.0,7,126339.0,129858.0,110927.0,46.0,01_시즌
2023,2023-07-09,여름_수트_수트팬츠_ZB,243,23165484,139000.0,29204.0,95472.0,7,97836.0,102620.0,95331.0,31.0,01_시즌
2023,2023-07-09,여름_수트_수트팬츠_ZC,115,11990782,159000.0,31410.0,103445.0,7,106177.0,112299.0,104268.0,34.0,01_시즌
2023,2023-07-09,여름_스웨터_T-에리_ZA,347,14533000,109900.0,13619.0,42028.0,7,40750.0,45766.0,41882.0,62.0,01_시즌
2023,2023-07-09,여름_스웨터_T-에리_ZB,3727,102415702,99900.0,9992.0,29002.0,7,28499.0,37504.0,27479.0,72.0,01_시즌
2023,2023-07-09,여름_스웨터_라운드_ZA,196,8162830,109900.0,11520.0,40028.0,7,40677.0,47302.0,41647.0,62.0,01_시즌
2023,2023-07-09,여름_스웨터_라운드_ZB,685,24993490,89900.0,11157.0,36266.0,7,34232.0,40720.0,36487.0,59.0,01_시즌
2023,2023-07-09,여름_우븐 셔츠_드레스셔츠_ZB,2424,58960890,69900.0,6333.0,24322.0,7,25832.0,27367.0,24324.0,65.0,01_시즌
2023,2023-07-09,여름_우븐 셔츠_캐쥬얼셔츠_ZA,558,18937511,115486.0,11917.0,41005.0,7,40160.0,46228.0,33938.0,71.0,01_시즌
2023,2023-07-09,여름_우븐 셔츠_캐쥬얼셔츠_ZB,2124,44172508,89900.0,6803.0,21043.0,7,19995.0,26504.0,20797.0,77.0,01_시즌
2023,2023-07-09,여름_자켓_싱글재킷_ZA,561,66635300,295667.0,38690.0,164836.0,7,141820.0,150546.0,118780.0,60.0,01_시즌
2023,2023-07-09,여름_점퍼_점퍼_ZB,168,8946300,271000.0,32893.0,104272.0,7,97241.0,117600.0,53252.0,80.0,01_시즌
2023,2023-07-09,여름_팬츠_니트팬츠_ZB,403,13534500,109450.0,17872.0,38599.0,7,37687.0,42926.0,33584.0,69.0,01_시즌
2023,2023-07-09,여름_팬츠_반바지_ZA,86,2897900,89900.0,14960.0,33697.0,7,35657.0,39129.0,33697.0,63.0,01_시즌
2023,2023-07-09,여름_팬츠_반바지_ZB,1158,29955250,86567.0,9254.0,25827.0,7,25408.0,31804.0,25868.0,70.0,01_시즌
2023,2023-07-09,여름_팬츠_팬츠(일반)_ZA,882,56446100,139000.0,16327.0,60463.0,7,58909.0,68404.0,63998.0,54.0,01_시즌
2023,2023-07-09,여름_팬츠_팬츠(일반)_ZB,4515,124788101,99900.0,9522.0,28849.0,7,28779.0,40589.0,27639.0,72.0,01_시즌
2023,2023-07-16,가을_수트_블레이져(수트)_ZB,83,18374940,279000.0,51856.0,220694.0,7,221354.0,172106.0,221385.0,21.0,01_시즌
2023,2023-07-16,가을_수트_블레이져(수트)_ZC,0,0,279000.0,52123.0,,7,204688.0,170417.0,204688.0,27.0,01_시즌
2023,2023-07-16,가을_수트_수트팬츠_ZB,94,11109440,149000.0,25486.0,117784.0,7,118263.0,91939.0,118186.0,21.0,01_시즌
2023,2023-07-16,가을_수트_수트팬츠_ZC,0,0,149000.0,25566.0,,7,109618.0,90914.0,109618.0,26.0,01_시즌
2023,2023-07-16,가을_우븐 셔츠_캐쥬얼셔츠_ZB,23,1398800,79900.0,8264.0,61612.0,7,59666.0,41615.0,60817.0,24.0,01_시즌
2023,2023-07-16,가을_팬츠_팬츠(일반)_ZB,111,7906200,99900.0,10128.0,71377.0,7,69792.0,51638.0,71227.0,29.0,01_시즌
2023,2023-07-16,겨울_우븐 셔츠_캐쥬얼셔츠_ZA,0,0,99900.0,10378.0,,7,99622.0,71801.0,99622.0,0.0,01_시즌
2023,2023-07-16,사계절_니트 셔츠_라운드_ZB,-614,-20520600,79900.0,7430.0,33421.0,7,93621.0,37400.0,33421.0,58.0,01_시즌
2023,2023-07-16,사계절_데님_데님자켓_ZB,8,844460,159000.0,13742.0,105558.0,7,79976.0,99312.0,105558.0,34.0,01_시즌
2023,2023-07-16,사계절_데님_데님팬츠_ZB,118,6803780,103233.0,18189.0,57813.0,7,64624.0,64064.0,57659.0,44.0,01_시즌
2023,2023-07-16,사계절_수트_블레이져(수트)_ZB,706,95983742,259000.0,43111.0,97205.0,7,105550.0,142344.0,135954.0,48.0,01_시즌
2023,2023-07-16,사계절_수트_블레이져(수트)_ZC,136,21204890,259000.0,48218.0,144448.0,7,156508.0,165095.0,155918.0,40.0,01_시즌
2023,2023-07-16,사계절_수트_수트팬츠_ZB,835,58079270,139000.0,21903.0,51284.0,7,55221.0,74206.0,69556.0,50.0,01_시즌
2023,2023-07-16,사계절_수트_수트팬츠_ZC,142,12061900,139000.0,25396.0,89548.0,7,87289.0,89643.0,84943.0,39.0,01_시즌
2023,2023-07-16,사계절_우븐 셔츠_드레스셔츠_ZB,842,31209704,69900.0,7511.0,37416.0,7,36741.0,35960.0,37066.0,47.0,01_시즌
2023,2023-07-16,사계절_자켓_싱글재킷_ZB,12,1770450,239000.0,33934.0,147538.0,7,151435.0,142581.0,147538.0,38.0,01_시즌
2023,2023-07-16,사계절_팬츠_팬츠(일반)_ZB,115,7426755,99900.0,12418.0,65776.0,7,63666.0,61195.0,64580.0,35.0,01_시즌
2023,2023-07-16,여름_니트 셔츠_라운드(V넥 등)_ZB,95,3736940,119900.0,18694.0,39336.0,7,40351.0,45771.0,39336.0,67.0,01_시즌
2023,2023-07-16,여름_니트 셔츠_라운드_ZB,3326,60465229,74900.0,7352.0,21892.0,7,23005.0,28310.0,18180.0,76.0,01_시즌
2023,2023-07-16,여름_니트 셔츠_티에리_ZB,2466,51318604,89900.0,8882.0,20930.0,7,23884.0,31790.0,20810.0,77.0,01_시즌
2023,2023-07-16,여름_수트_블레이져(수트)_ZA,173,36173270,359000.0,63357.0,226363.0,7,219774.0,226401.0,209094.0,42.0,01_시즌
2023,2023-07-16,여름_수트_블레이져(수트)_ZB,171,31741344,259000.0,56988.0,185019.0,7,180052.0,190059.0,185622.0,28.0,01_시즌
2023,2023-07-16,여름_수트_블레이져(수트)_ZC,74,14864430,289000.0,60600.0,199503.0,7,196206.0,202872.0,200871.0,30.0,01_시즌
2023,2023-07-16,여름_수트_수트팬츠_ZA,193,22762330,205667.0,33110.0,129722.0,7,126339.0,129858.0,117940.0,43.0,01_시즌
2023,2023-07-16,여름_수트_수트팬츠_ZB,209,20892064,139000.0,29204.0,99698.0,7,97836.0,102620.0,99962.0,28.0,01_시즌
2023,2023-07-16,여름_수트_수트팬츠_ZC,104,11433182,159000.0,31410.0,106406.0,7,106177.0,112299.0,109934.0,31.0,01_시즌
2023,2023-07-16,여름_스웨터_T-에리_ZA,432,17179640,109900.0,13619.0,39792.0,7,40750.0,45766.0,39768.0,64.0,01_시즌
2023,2023-07-16,여름_스웨터_T-에리_ZB,2912,74568049,99900.0,9992.0,26800.0,7,28499.0,37504.0,25607.0,74.0,01_시즌
2023,2023-07-16,여름_스웨터_라운드_ZA,216,9033110,109900.0,11520.0,41157.0,7,40677.0,47302.0,41820.0,62.0,01_시즌
2023,2023-07-16,여름_스웨터_라운드_ZB,732,24364965,89900.0,11157.0,32770.0,7,34232.0,40720.0,33285.0,63.0,01_시즌
2023,2023-07-16,여름_우븐 셔츠_드레스셔츠_ZB,2086,47827650,69900.0,6333.0,22976.0,7,25832.0,27367.0,22928.0,67.0,01_시즌
2023,2023-07-16,여름_우븐 셔츠_캐쥬얼셔츠_ZA,464,13473809,115486.0,11917.0,36560.0,7,40160.0,46228.0,29038.0,75.0,01_시즌
2023,2023-07-16,여름_우븐 셔츠_캐쥬얼셔츠_ZB,2257,39509420,89900.0,6803.0,17423.0,7,19995.0,26504.0,17505.0,81.0,01_시즌
2023,2023-07-16,여름_자켓_싱글재킷_ZA,518,62980650,295667.0,38690.0,130187.0,7,141820.0,150546.0,121584.0,59.0,01_시즌
2023,2023-07-16,여름_점퍼_점퍼_ZB,159,10802550,271000.0,32893.0,98124.0,7,97241.0,117600.0,67941.0,75.0,01_시즌
2023,2023-07-16,여름_팬츠_니트팬츠_ZB,425,13147450,109450.0,17872.0,36434.0,7,37687.0,42926.0,30935.0,72.0,01_시즌
2023,2023-07-16,여름_팬츠_반바지_ZA,49,1868900,89900.0,14960.0,38141.0,7,35657.0,39129.0,38141.0,58.0,01_시즌
2023,2023-07-16,여름_팬츠_반바지_ZB,1372,35416590,86567.0,9254.0,25058.0,7,25408.0,31804.0,25814.0,70.0,01_시즌
2023,2023-07-16,여름_팬츠_팬츠(일반)_ZA,853,51370400,139000.0,16327.0,57960.0,7,58909.0,68404.0,60223.0,57.0,01_시즌
2023,2023-07-16,여름_팬츠_팬츠(일반)_ZB,4577,118901633,99900.0,9522.0,26621.0,7,28779.0,40589.0,25978.0,74.0,01_시즌
2023,2023-07-23,가을_수트_블레이져(수트)_ZB,101,22375800,279000.0,51925.0,220066.0,7,221354.0,172106.0,221543.0,21.0,01_시즌
2023,2023-07-23,가을_수트_블레이져(수트)_ZC,40,8146800,279000.0,52123.0,203670.0,7,204688.0,170417.0,203670.0,27.0,01_시즌
2023,2023-07-23,가을_수트_수트팬츠_ZB,113,13380200,149000.0,25836.0,117739.0,7,118263.0,91939.0,118409.0,21.0,01_시즌
2023,2023-07-23,가을_수트_수트팬츠_ZC,45,4911040,149000.0,25566.0,109134.0,7,109618.0,90914.0,109134.0,27.0,01_시즌
2023,2023-07-23,가을_우븐 셔츠_캐쥬얼셔츠_ZB,52,3058000,79900.0,8264.0,58762.0,7,59666.0,41615.0,58808.0,26.0,01_시즌
2023,2023-07-23,가을_팬츠_팬츠(일반)_ZB,30,2070000,99900.0,10128.0,69000.0,7,69792.0,51638.0,69000.0,31.0,01_시즌
2023,2023-07-23,겨울_우븐 셔츠_캐쥬얼셔츠_ZA,1,99900,99900.0,10378.0,99900.0,7,99622.0,71801.0,99900.0,0.0,01_시즌
2023,2023-07-23,사계절_니트 셔츠_라운드_ZB,-250,-7318660,79900.0,7430.0,29275.0,7,93621.0,37400.0,29275.0,63.0,01_시즌
2023,2023-07-23,사계절_데님_데님자켓_ZB,4,396000,159000.0,13742.0,99000.0,7,79976.0,99312.0,99000.0,38.0,01_시즌
2023,2023-07-23,사계절_데님_데님팬츠_ZB,117,6567910,103233.0,18189.0,56542.0,7,64624.0,64064.0,56136.0,46.0,01_시즌
2023,2023-07-23,사계절_수트_블레이져(수트)_ZB,715,94685486,259000.0,43111.0,100727.0,7,105550.0,142344.0,132427.0,49.0,01_시즌
2023,2023-07-23,사계절_수트_블레이져(수트)_ZC,97,15667680,259000.0,48218.0,163476.0,7,156508.0,165095.0,161522.0,38.0,01_시즌
2023,2023-07-23,사계절_수트_수트팬츠_ZB,824,56527281,139000.0,21903.0,52238.0,7,55221.0,74206.0,68601.0,51.0,01_시즌
2023,2023-07-23,사계절_수트_수트팬츠_ZC,100,8701380,139000.0,25396.0,87887.0,7,87289.0,89643.0,87014.0,37.0,01_시즌
2023,2023-07-23,사계절_우븐 셔츠_드레스셔츠_ZB,903,33550679,69900.0,7511.0,37554.0,7,36741.0,35960.0,37155.0,47.0,01_시즌
2023,2023-07-23,사계절_자켓_싱글재킷_ZB,13,1937000,239000.0,33934.0,149000.0,7,151435.0,142581.0,149000.0,38.0,01_시즌
2023,2023-07-23,사계절_팬츠_팬츠(일반)_ZB,134,8603600,99900.0,12418.0,64370.0,7,63666.0,61195.0,64206.0,36.0,01_시즌
2023,2023-07-23,여름_니트 셔츠_라운드(V넥 등)_ZB,119,4499100,119900.0,18694.0,37808.0,7,40351.0,45771.0,37808.0,68.0,01_시즌
2023,2023-07-23,여름_니트 셔츠_라운드_ZB,5314,95924224,74900.0,7352.0,21840.0,7,23005.0,28310.0,18051.0,76.0,01_시즌
2023,2023-07-23,여름_니트 셔츠_티에리_ZB,2202,46703940,89900.0,8882.0,22409.0,7,23884.0,31790.0,21210.0,76.0,01_시즌
2023,2023-07-23,여름_수트_블레이져(수트)_ZA,132,27073193,359000.0,63357.0,226675.0,7,219774.0,226401.0,205100.0,43.0,01_시즌
2023,2023-07-23,여름_수트_블레이져(수트)_ZB,123,22942220,259000.0,56988.0,186378.0,7,180052.0,190059.0,186522.0,28.0,01_시즌
2023,2023-07-23,여름_수트_블레이져(수트)_ZC,74,14586110,289000.0,60600.0,193452.0,7,196206.0,202872.0,197110.0,32.0,01_시즌
2023,2023-07-23,여름_수트_수트팬츠_ZA,160,18359383,205667.0,33110.0,129616.0,7,126339.0,129858.0,114746.0,44.0,01_시즌
2023,2023-07-23,여름_수트_수트팬츠_ZB,163,16313040,139000.0,29204.0,100008.0,7,97836.0,102620.0,100080.0,28.0,01_시즌
2023,2023-07-23,여름_수트_수트팬츠_ZC,82,8931460,159000.0,31410.0,106194.0,7,106177.0,112299.0,108920.0,31.0,01_시즌
2023,2023-07-23,여름_스웨터_T-에리_ZA,267,10191880,109900.0,13619.0,37926.0,7,40750.0,45766.0,38172.0,65.0,01_시즌
2023,2023-07-23,여름_스웨터_T-에리_ZB,2767,75961988,99900.0,9992.0,28348.0,7,28499.0,37504.0,27453.0,73.0,01_시즌
2023,2023-07-23,여름_스웨터_라운드_ZA,218,8527510,109900.0,11520.0,38712.0,7,40677.0,47302.0,39117.0,64.0,01_시즌
2023,2023-07-23,여름_스웨터_라운드_ZB,678,22965130,89900.0,11157.0,33630.0,7,34232.0,40720.0,33872.0,62.0,01_시즌
2023,2023-07-23,여름_우븐 셔츠_드레스셔츠_ZB,2038,46426800,69900.0,6333.0,22874.0,7,25832.0,27367.0,22781.0,67.0,01_시즌
2023,2023-07-23,여름_우븐 셔츠_캐쥬얼셔츠_ZA,449,13672032,115486.0,11917.0,37547.0,7,40160.0,46228.0,30450.0,74.0,01_시즌
2023,2023-07-23,여름_우븐 셔츠_캐쥬얼셔츠_ZB,2472,43263002,89900.0,6803.0,17451.0,7,19995.0,26504.0,17501.0,81.0,01_시즌
2023,2023-07-23,여름_자켓_싱글재킷_ZA,565,70730300,295667.0,38690.0,134444.0,7,141820.0,150546.0,125186.0,58.0,01_시즌
2023,2023-07-23,여름_점퍼_점퍼_ZB,139,10356800,271000.0,32893.0,102732.0,7,97241.0,117600.0,74509.0,73.0,01_시즌
2023,2023-07-23,여름_팬츠_니트팬츠_ZB,507,14147500,109450.0,17872.0,35718.0,7,37687.0,42926.0,27904.0,75.0,01_시즌
2023,2023-07-23,여름_팬츠_반바지_ZA,73,2527000,89900.0,14960.0,34616.0,7,35657.0,39129.0,34616.0,61.0,01_시즌
2023,2023-07-23,여름_팬츠_반바지_ZB,1433,35618860,86567.0,9254.0,23995.0,7,25408.0,31804.0,24856.0,71.0,01_시즌
2023,2023-07-23,여름_팬츠_팬츠(일반)_ZA,714,44713100,139000.0,16327.0,60196.0,7,58909.0,68404.0,62623.0,55.0,01_시즌
2023,2023-07-23,여름_팬츠_팬츠(일반)_ZB,4907,130001392,99900.0,9522.0,27310.0,7,28779.0,40589.0,26493.0,73.0,01_시즌
2023,2023-07-30,가을_수트_블레이져(수트)_ZB,157,34930800,279000.0,51925.0,222653.0,7,221354.0,172106.0,222489.0,20.0,01_시즌
2023,2023-07-30,가을_수트_블레이져(수트)_ZC,37,7611120,279000.0,52123.0,205706.0,7,204688.0,170417.0,205706.0,26.0,01_시즌
2023,2023-07-30,가을_수트_수트팬츠_ZB,169,20085200,149000.0,25836.0,118932.0,7,118263.0,91939.0,118847.0,20.0,01_시즌
2023,2023-07-30,가을_수트_수트팬츠_ZC,38,4183920,149000.0,25566.0,110103.0,7,109618.0,90914.0,110103.0,26.0,01_시즌
2023,2023-07-30,가을_우븐 셔츠_캐쥬얼셔츠_ZB,56,3289000,79900.0,8264.0,58625.0,7,59666.0,41615.0,58732.0,26.0,01_시즌
2023,2023-07-30,가을_팬츠_팬츠(일반)_ZB,37,2553000,99900.0,10128.0,69000.0,7,69792.0,51638.0,69000.0,31.0,01_시즌
2023,2023-07-30,겨울_우븐 셔츠_캐쥬얼셔츠_ZA,54,5364630,99900.0,10378.0,99345.0,7,99622.0,71801.0,99345.0,1.0,01_시즌
2023,2023-07-30,사계절_니트 셔츠_라운드_ZB,-4,-1389760,79900.0,7430.0,347440.0,7,93621.0,37400.0,347440.0,-335.0,01_시즌
2023,2023-07-30,사계절_데님_데님자켓_ZB,9,830440,159000.0,13742.0,92271.0,7,79976.0,99312.0,92271.0,42.0,01_시즌
2023,2023-07-30,사계절_데님_데님팬츠_ZB,147,10280960,101900.0,17672.0,75489.0,7,64624.0,64064.0,69939.0,31.0,01_시즌
2023,2023-07-30,사계절_수트_블레이져(수트)_ZB,585,80439044,259000.0,43111.0,105022.0,7,105550.0,142344.0,137503.0,47.0,01_시즌
2023,2023-07-30,사계절_수트_블레이져(수트)_ZC,118,18719760,259000.0,48218.0,160784.0,7,156508.0,165095.0,158642.0,39.0,01_시즌
2023,2023-07-30,사계절_수트_수트팬츠_ZB,635,46756907,139000.0,21903.0,55729.0,7,55221.0,74206.0,73633.0,47.0,01_시즌
2023,2023-07-30,사계절_수트_수트팬츠_ZC,124,10491360,139000.0,25396.0,77502.0,7,87289.0,89643.0,84608.0,39.0,01_시즌
2023,2023-07-30,사계절_우븐 셔츠_드레스셔츠_ZB,1253,45512562,69900.0,7511.0,37390.0,7,36741.0,35960.0,36323.0,48.0,01_시즌
2023,2023-07-30,사계절_자켓_싱글재킷_ZB,11,1639000,239000.0,33934.0,149000.0,7,151435.0,142581.0,149000.0,38.0,01_시즌
2023,2023-07-30,사계절_팬츠_팬츠(일반)_ZB,142,8995620,99900.0,12418.0,64404.0,7,63666.0,61195.0,63349.0,37.0,01_시즌
2023,2023-07-30,여름_니트 셔츠_라운드(V넥 등)_ZB,173,6080850,119900.0,18694.0,35149.0,7,40351.0,45771.0,35149.0,71.0,01_시즌
2023,2023-07-30,여름_니트 셔츠_라운드_ZB,4327,76148024,74900.0,7352.0,21892.0,7,23005.0,28310.0,17598.0,77.0,01_시즌
2023,2023-07-30,여름_니트 셔츠_티에리_ZB,1175,26901877,89900.0,8882.0,23165.0,7,23884.0,31790.0,22895.0,75.0,01_시즌
2023,2023-07-30,여름_수트_블레이져(수트)_ZA,154,31154303,359000.0,63357.0,224513.0,7,219774.0,226401.0,202301.0,44.0,01_시즌
2023,2023-07-30,여름_수트_블레이져(수트)_ZB,122,22574132,259000.0,56988.0,184620.0,7,180052.0,190059.0,185034.0,29.0,01_시즌
2023,2023-07-30,여름_수트_블레이져(수트)_ZC,62,13492290,289000.0,60600.0,225240.0,7,196206.0,202872.0,217618.0,25.0,01_시즌
2023,2023-07-30,여름_수트_수트팬츠_ZA,163,18908493,205667.0,33110.0,130771.0,7,126339.0,129858.0,116003.0,44.0,01_시즌
2023,2023-07-30,여름_수트_수트팬츠_ZB,154,15307772,139000.0,29204.0,100714.0,7,97836.0,102620.0,99401.0,28.0,01_시즌
2023,2023-07-30,여름_수트_수트팬츠_ZC,85,9767890,159000.0,31410.0,111939.0,7,106177.0,112299.0,114916.0,28.0,01_시즌
2023,2023-07-30,여름_스웨터_T-에리_ZA,296,11496040,109900.0,13619.0,38808.0,7,40750.0,45766.0,38838.0,65.0,01_시즌
2023,2023-07-30,여름_스웨터_T-에리_ZB,1814,50802775,99900.0,9992.0,26973.0,7,28499.0,37504.0,28006.0,72.0,01_시즌
2023,2023-07-30,여름_스웨터_라운드_ZA,206,8461170,109900.0,11520.0,41110.0,7,40677.0,47302.0,41074.0,63.0,01_시즌
2023,2023-07-30,여름_스웨터_라운드_ZB,469,15683276,89900.0,11157.0,33235.0,7,34232.0,40720.0,33440.0,63.0,01_시즌
2023,2023-07-30,여름_우븐 셔츠_드레스셔츠_ZB,1964,44731323,69900.0,6333.0,22770.0,7,25832.0,27367.0,22776.0,67.0,01_시즌
2023,2023-07-30,여름_우븐 셔츠_캐쥬얼셔츠_ZA,431,13602484,115486.0,11917.0,37246.0,7,40160.0,46228.0,31560.0,73.0,01_시즌
2023,2023-07-30,여름_우븐 셔츠_캐쥬얼셔츠_ZB,1743,29627497,89900.0,6803.0,16878.0,7,19995.0,26504.0,16998.0,81.0,01_시즌
2023,2023-07-30,여름_자켓_싱글재킷_ZA,425,55150900,295667.0,38690.0,137116.0,7,141820.0,150546.0,129767.0,56.0,01_시즌
2023,2023-07-30,여름_점퍼_점퍼_ZB,130,8466303,271000.0,32893.0,88853.0,7,97241.0,117600.0,65125.0,76.0,01_시즌
2023,2023-07-30,여름_팬츠_니트팬츠_ZB,639,16301051,109450.0,17872.0,34578.0,7,37687.0,42926.0,25510.0,77.0,01_시즌
2023,2023-07-30,여름_팬츠_반바지_ZA,91,3296700,89900.0,14960.0,36227.0,7,35657.0,39129.0,36227.0,60.0,01_시즌
2023,2023-07-30,여름_팬츠_반바지_ZB,962,23496220,86567.0,9254.0,25537.0,7,25408.0,31804.0,24424.0,72.0,01_시즌
2023,2023-07-30,여름_팬츠_팬츠(일반)_ZA,499,32099350,139000.0,16327.0,55829.0,7,58909.0,68404.0,64327.0,54.0,01_시즌
2023,2023-07-30,여름_팬츠_팬츠(일반)_ZB,4480,118597981,99900.0,9522.0,26920.0,7,28779.0,40589.0,26473.0,74.0,01_시즌
2023,2023-08-06,가을_수트_블레이져(수트)_ZB,178,39450600,279000.0,51925.0,221467.0,8,201891.0,172106.0,221633.0,21.0,01_시즌
2023,2023-08-06,가을_수트_블레이져(수트)_ZC,42,9357660,279000.0,52123.0,222801.0,8,202092.0,170417.0,222801.0,20.0,01_시즌
2023,2023-08-06,가을_수트_수트팬츠_ZB,199,23497300,149000.0,25836.0,118052.0,8,107769.0,91939.0,118077.0,21.0,01_시즌
2023,2023-08-06,가을_수트_수트팬츠_ZC,33,3832280,149000.0,25566.0,116130.0,8,107183.0,90914.0,116130.0,22.0,01_시즌
2023,2023-08-06,가을_우븐 셔츠_캐쥬얼셔츠_ZB,68,4000000,79900.0,8264.0,58834.0,8,57895.0,41615.0,58824.0,26.0,01_시즌
2023,2023-08-06,가을_팬츠_팬츠(일반)_ZB,173,11937000,99900.0,10128.0,69000.0,8,68358.0,51638.0,69000.0,31.0,01_시즌
2023,2023-08-06,겨울_우븐 셔츠_캐쥬얼셔츠_ZA,2,199800,99900.0,10378.0,99900.0,8,85176.0,71801.0,99900.0,0.0,01_시즌
2023,2023-08-06,겨울_팬츠_팬츠(일반)_ZG,0,0,99900.0,18100.0,,8,,69577.0,69577.0,30.0,01_시즌
2023,2023-08-06,사계절_니트 셔츠_라운드_ZB,15,1635000,79900.0,7430.0,109000.0,8,50205.0,37400.0,109000.0,-36.0,01_시즌
2023,2023-08-06,사계절_데님_데님자켓_ZB,4,396000,159000.0,13742.0,99000.0,8,96926.0,99312.0,99000.0,38.0,01_시즌
2023,2023-08-06,사계절_데님_데님팬츠_ZB,81,5265607,101900.0,17672.0,78024.0,8,73557.0,64064.0,65007.0,36.0,01_시즌
2023,2023-08-06,사계절_수트_블레이져(수트)_ZB,522,81538498,259000.0,43111.0,106851.0,8,105511.0,142344.0,156204.0,40.0,01_시즌
2023,2023-08-06,사계절_수트_블레이져(수트)_ZC,123,19561980,259000.0,48218.0,158325.0,8,171342.0,165095.0,159040.0,39.0,01_시즌
2023,2023-08-06,사계절_수트_수트팬츠_ZB,496,44678984,139000.0,21903.0,51414.0,8,53521.0,74206.0,90079.0,35.0,01_시즌
2023,2023-08-06,사계절_수트_수트팬츠_ZC,140,11928618,139000.0,25396.0,83756.0,8,86859.0,89643.0,85204.0,39.0,01_시즌
2023,2023-08-06,사계절_우븐 셔츠_드레스셔츠_ZB,1023,39291820,69900.0,7511.0,38495.0,8,35178.0,35960.0,38408.0,45.0,01_시즌
2023,2023-08-06,사계절_자켓_싱글재킷_ZB,15,2235000,239000.0,33934.0,149000.0,8,146809.0,142581.0,149000.0,38.0,01_시즌
2023,2023-08-06,사계절_팬츠_팬츠(일반)_ZB,161,10899630,99900.0,12418.0,67235.0,8,60569.0,61195.0,67700.0,32.0,01_시즌
2023,2023-08-06,여름_니트 셔츠_라운드(V넥 등)_ZB,204,7905632,119900.0,18694.0,38753.0,8,38367.0,45771.0,38753.0,68.0,01_시즌
2023,2023-08-06,여름_니트 셔츠_라운드_ZB,3440,65453047,74900.0,7352.0,22258.0,8,21442.0,28310.0,19027.0,75.0,01_시즌
2023,2023-08-06,여름_니트 셔츠_티에리_ZB,1099,23477756,89900.0,8882.0,20743.0,8,23704.0,31790.0,21363.0,76.0,01_시즌
2023,2023-08-06,여름_수트_블레이져(수트)_ZA,131,26417730,359000.0,63357.0,225371.0,8,225507.0,226401.0,201662.0,44.0,01_시즌
2023,2023-08-06,여름_수트_블레이져(수트)_ZB,148,27713000,259000.0,56995.0,186729.0,8,182904.0,190059.0,187250.0,28.0,01_시즌
2023,2023-08-06,여름_수트_블레이져(수트)_ZC,58,11544690,289000.0,60600.0,196254.0,8,192151.0,202872.0,199046.0,31.0,01_시즌
2023,2023-08-06,여름_수트_수트팬츠_ZA,138,15666850,205667.0,33110.0,129029.0,8,129329.0,129858.0,113528.0,45.0,01_시즌
2023,2023-08-06,여름_수트_수트팬츠_ZB,163,16364354,139000.0,29208.0,100346.0,8,99191.0,102620.0,100395.0,28.0,01_시즌
2023,2023-08-06,여름_수트_수트팬츠_ZC,86,9416100,159000.0,31410.0,107004.0,8,105458.0,112299.0,109490.0,31.0,01_시즌
2023,2023-08-06,여름_스웨터_T-에리_ZA,272,11450350,109900.0,13619.0,42104.0,8,38568.0,45766.0,42097.0,62.0,01_시즌
2023,2023-08-06,여름_스웨터_T-에리_ZB,2271,57476615,99900.0,9992.0,24830.0,8,27356.0,37504.0,25309.0,75.0,01_시즌
2023,2023-08-06,여름_스웨터_라운드_ZA,147,5662850,109900.0,11520.0,39364.0,8,36455.0,47302.0,38523.0,65.0,01_시즌
2023,2023-08-06,여름_스웨터_라운드_ZB,564,19255817,89900.0,11157.0,34052.0,8,36738.0,40720.0,34142.0,62.0,01_시즌
2023,2023-08-06,여름_우븐 셔츠_드레스셔츠_ZB,2524,60395390,69900.0,6333.0,23719.0,8,21122.0,27367.0,23928.0,66.0,01_시즌
2023,2023-08-06,여름_우븐 셔츠_캐쥬얼셔츠_ZA,752,20448076,115486.0,11917.0,37482.0,8,37855.0,46228.0,27192.0,76.0,01_시즌
2023,2023-08-06,여름_우븐 셔츠_캐쥬얼셔츠_ZB,1933,33222296,89900.0,6803.0,17188.0,8,17314.0,26504.0,17187.0,81.0,01_시즌
2023,2023-08-06,여름_자켓_싱글재킷_ZA,568,65850256,295667.0,38690.0,132036.0,8,130756.0,150546.0,115934.0,61.0,01_시즌
2023,2023-08-06,여름_점퍼_점퍼_ZB,156,9799900,271000.0,32893.0,96575.0,8,80796.0,117600.0,62820.0,77.0,01_시즌
2023,2023-08-06,여름_팬츠_니트팬츠_ZB,762,18716606,109450.0,17872.0,36810.0,8,36537.0,42926.0,24562.0,78.0,01_시즌
2023,2023-08-06,여름_팬츠_반바지_ZA,63,2111100,89900.0,14960.0,33510.0,8,30772.0,39129.0,33510.0,63.0,01_시즌
2023,2023-08-06,여름_팬츠_반바지_ZB,1691,38214150,86567.0,9254.0,23574.0,8,22877.0,31804.0,22599.0,74.0,01_시즌
2023,2023-08-06,여름_팬츠_팬츠(일반)_ZA,761,44564172,139000.0,16327.0,59023.0,8,57368.0,68404.0,58560.0,58.0,01_시즌
2023,2023-08-06,여름_팬츠_팬츠(일반)_ZB,5151,134295120,99900.0,9522.0,27130.0,8,26989.0,40589.0,26072.0,74.0,01_시즌
2023,2023-08-13,가을_니트 셔츠_라운드_ZB,22,1068000,69900.0,5436.0,48545.0,8,48822.0,32345.0,48545.0,31.0,01_시즌
2023,2023-08-13,가을_수트_블레이져(수트)_ZB,483,95197590,279000.0,51925.0,196675.0,8,201891.0,172106.0,197096.0,29.0,01_시즌
2023,2023-08-13,가을_수트_블레이져(수트)_ZC,96,18757170,279000.0,52123.0,195387.0,8,202092.0,170417.0,195387.0,30.0,01_시즌
2023,2023-08-13,가을_수트_수트팬츠_ZB,511,53771120,149000.0,25836.0,105046.0,8,107769.0,91939.0,105227.0,29.0,01_시즌
2023,2023-08-13,가을_수트_수트팬츠_ZC,107,11164570,149000.0,25566.0,104342.0,8,107183.0,90914.0,104342.0,30.0,01_시즌
2023,2023-08-13,가을_우븐 셔츠_캐쥬얼셔츠_ZB,92,5288000,79900.0,8264.0,57448.0,8,57895.0,41615.0,57478.0,28.0,01_시즌
2023,2023-08-13,가을_팬츠_팬츠(일반)_ZB,56,3777100,99900.0,10128.0,67402.0,8,68358.0,51638.0,67448.0,32.0,01_시즌
2023,2023-08-13,겨울_니트 셔츠_라운드_ZB,0,0,79900.0,6675.0,,8,49000.0,39528.0,49000.0,39.0,01_시즌
2023,2023-08-13,겨울_수트_블레이져(수트)_ZB,0,0,279000.0,51641.0,,8,223200.0,200507.0,223200.0,20.0,01_시즌
2023,2023-08-13,겨울_수트_수트팬츠_ZB,0,0,149000.0,26249.0,,8,119200.0,106967.0,119200.0,20.0,01_시즌
2023,2023-08-13,겨울_우븐 셔츠_캐쥬얼셔츠_ZA,-37,-3756240,99900.0,10378.0,101520.0,8,85176.0,71801.0,101520.0,-2.0,01_시즌
2023,2023-08-13,겨울_팬츠_팬츠(일반)_ZG,0,0,99900.0,18100.0,,8,,69577.0,69577.0,30.0,01_시즌
2023,2023-08-13,사계절_니트 셔츠_라운드_ZB,308,8902640,79900.0,7430.0,28905.0,8,50205.0,37400.0,28905.0,64.0,01_시즌
2023,2023-08-13,사계절_데님_데님자켓_ZB,13,1173290,159000.0,13742.0,90253.0,8,96926.0,99312.0,90253.0,43.0,01_시즌
2023,2023-08-13,사계절_데님_데님팬츠_ZB,99,5833345,101900.0,17672.0,84438.0,8,73557.0,64064.0,58923.0,42.0,01_시즌
2023,2023-08-13,사계절_수트_블레이져(수트)_ZB,618,82109464,259000.0,43111.0,104857.0,8,105511.0,142344.0,132863.0,49.0,01_시즌
2023,2023-08-13,사계절_수트_블레이져(수트)_ZC,98,15331670,259000.0,48218.0,212374.0,8,171342.0,165095.0,156446.0,40.0,01_시즌
2023,2023-08-13,사계절_수트_수트팬츠_ZB,690,47123929,139000.0,21903.0,52283.0,8,53521.0,74206.0,68296.0,51.0,01_시즌
2023,2023-08-13,사계절_수트_수트팬츠_ZC,90,8700640,139000.0,25396.0,81693.0,8,86859.0,89643.0,96674.0,30.0,01_시즌
2023,2023-08-13,사계절_우븐 셔츠_드레스셔츠_ZB,1219,36916010,69900.0,7511.0,33568.0,8,35178.0,35960.0,30284.0,57.0,01_시즌
2023,2023-08-13,사계절_자켓_싱글재킷_ZB,12,1729000,239000.0,33934.0,144083.0,8,146809.0,142581.0,144083.0,40.0,01_시즌
2023,2023-08-13,사계절_팬츠_팬츠(일반)_ZB,169,9193915,99900.0,12418.0,55432.0,8,60569.0,61195.0,54402.0,46.0,01_시즌
2023,2023-08-13,여름_니트 셔츠_라운드(V넥 등)_ZB,113,4223745,119900.0,18694.0,37378.0,8,38367.0,45771.0,37378.0,69.0,01_시즌
2023,2023-08-13,여름_니트 셔츠_라운드_ZB,1378,25235356,74900.0,7352.0,21677.0,8,21442.0,28310.0,18313.0,76.0,01_시즌
2023,2023-08-13,여름_니트 셔츠_티에리_ZB,403,12362070,89900.0,8882.0,27528.0,8,23704.0,31790.0,30675.0,66.0,01_시즌
2023,2023-08-13,여름_수트_블레이져(수트)_ZA,139,28765470,359000.0,63357.0,225783.0,8,225507.0,226401.0,206946.0,42.0,01_시즌
2023,2023-08-13,여름_수트_블레이져(수트)_ZB,124,22364822,259000.0,56995.0,181197.0,8,182904.0,190059.0,180361.0,30.0,01_시즌
2023,2023-08-13,여름_수트_블레이져(수트)_ZC,62,11923543,289000.0,60600.0,188562.0,8,192151.0,202872.0,192315.0,33.0,01_시즌
2023,2023-08-13,여름_수트_수트팬츠_ZA,128,15145250,205667.0,33110.0,129988.0,8,129329.0,129858.0,118322.0,42.0,01_시즌
2023,2023-08-13,여름_수트_수트팬츠_ZB,142,14279192,139000.0,29208.0,100489.0,8,99191.0,102620.0,100558.0,28.0,01_시즌
2023,2023-08-13,여름_수트_수트팬츠_ZC,75,8008433,159000.0,31410.0,103104.0,8,105458.0,112299.0,106779.0,33.0,01_시즌
2023,2023-08-13,여름_스웨터_T-에리_ZA,258,9516800,109900.0,13619.0,37341.0,8,38568.0,45766.0,36887.0,66.0,01_시즌
2023,2023-08-13,여름_스웨터_T-에리_ZB,1181,32487530,99900.0,9992.0,27122.0,8,27356.0,37504.0,27508.0,72.0,01_시즌
2023,2023-08-13,여름_스웨터_라운드_ZA,223,6386445,109900.0,11520.0,28662.0,8,36455.0,47302.0,28639.0,74.0,01_시즌
2023,2023-08-13,여름_스웨터_라운드_ZB,427,15653466,89900.0,11157.0,43702.0,8,36738.0,40720.0,36659.0,59.0,01_시즌
2023,2023-08-13,여름_우븐 셔츠_드레스셔츠_ZB,2601,40435695,69900.0,6333.0,16422.0,8,21122.0,27367.0,15546.0,78.0,01_시즌
2023,2023-08-13,여름_우븐 셔츠_캐쥬얼셔츠_ZA,705,16993359,115486.0,11917.0,35821.0,8,37855.0,46228.0,24104.0,79.0,01_시즌
2023,2023-08-13,여름_우븐 셔츠_캐쥬얼셔츠_ZB,1880,32832369,89900.0,6803.0,18025.0,8,17314.0,26504.0,17464.0,81.0,01_시즌
2023,2023-08-13,여름_자켓_싱글재킷_ZA,727,66331233,295667.0,38690.0,120607.0,8,130756.0,150546.0,91240.0,69.0,01_시즌
2023,2023-08-13,여름_점퍼_점퍼_ZB,365,24091400,271000.0,32893.0,69484.0,8,80796.0,117600.0,66004.0,76.0,01_시즌
2023,2023-08-13,여름_팬츠_니트팬츠_ZB,522,12870900,109450.0,17872.0,30748.0,8,36537.0,42926.0,24657.0,77.0,01_시즌
2023,2023-08-13,여름_팬츠_반바지_ZA,69,2206800,89900.0,14960.0,31983.0,8,30772.0,39129.0,31983.0,64.0,01_시즌
2023,2023-08-13,여름_팬츠_반바지_ZB,1242,25863744,86567.0,9254.0,20895.0,8,22877.0,31804.0,20824.0,76.0,01_시즌
2023,2023-08-13,여름_팬츠_팬츠(일반)_ZA,734,32857817,139000.0,16327.0,58484.0,8,57368.0,68404.0,44765.0,68.0,01_시즌
2023,2023-08-13,여름_팬츠_팬츠(일반)_ZB,3409,85147655,99900.0,9522.0,26322.0,8,26989.0,40589.0,24977.0,75.0,01_시즌
2023,2023-08-20,가을_니트 셔츠_라운드_ZB,125,6115000,69900.0,5436.0,48920.0,8,48822.0,32345.0,48920.0,30.0,01_시즌
2023,2023-08-20,가을_수트_블레이져(수트)_ZB,599,116545440,279000.0,51925.0,194543.0,8,201891.0,172106.0,194567.0,30.0,01_시즌
2023,2023-08-20,가을_수트_블레이져(수트)_ZC,139,27088110,279000.0,52123.0,194878.0,8,202092.0,170417.0,194878.0,30.0,01_시즌
2023,2023-08-20,가을_수트_수트팬츠_ZB,630,65479540,149000.0,25836.0,103929.0,8,107769.0,91939.0,103936.0,30.0,01_시즌
2023,2023-08-20,가을_수트_수트팬츠_ZC,121,12589010,149000.0,25566.0,104041.0,8,107183.0,90914.0,104041.0,30.0,01_시즌
2023,2023-08-20,가을_우븐 셔츠_캐쥬얼셔츠_ZB,153,8843930,79900.0,8264.0,57494.0,8,57895.0,41615.0,57803.0,28.0,01_시즌
2023,2023-08-20,가을_팬츠_팬츠(일반)_ZB,230,15710000,99900.0,10128.0,68350.0,8,68358.0,51638.0,68304.0,32.0,01_시즌
2023,2023-08-20,겨울_니트 셔츠_라운드_ZB,6,294000,79900.0,6675.0,49000.0,8,49000.0,39528.0,49000.0,39.0,01_시즌
2023,2023-08-20,겨울_니트 셔츠_티에리_ZA,0,0,99900.0,16378.0,,8,69796.0,58950.0,69796.0,30.0,01_시즌
2023,2023-08-20,겨울_수트_블레이져(수트)_ZB,11,2455200,279000.0,51641.0,223200.0,8,223200.0,200507.0,223200.0,20.0,01_시즌
2023,2023-08-20,겨울_수트_블레이져(수트)_ZC,0,0,279000.0,54391.0,,8,,220227.0,220227.0,21.0,01_시즌
2023,2023-08-20,겨울_수트_수트팬츠_ZB,12,1430400,149000.0,26249.0,119200.0,8,119200.0,106967.0,119200.0,20.0,01_시즌
2023,2023-08-20,겨울_수트_수트팬츠_ZC,0,0,149000.0,27041.0,,8,,118024.0,118024.0,21.0,01_시즌
2023,2023-08-20,겨울_스웨터_라운드_ZB,132,9230760,99900.0,14338.0,69930.0,8,69930.0,55877.0,69930.0,30.0,01_시즌
2023,2023-08-20,겨울_스웨터_오픈형(CARDIGAN)_ZB,17,2162400,159000.0,18527.0,127200.0,8,126985.0,103408.0,127200.0,20.0,01_시즌
2023,2023-08-20,겨울_우븐 셔츠_캐쥬얼셔츠_ZA,82,6246030,99900.0,10378.0,76171.0,8,85176.0,71801.0,76171.0,24.0,01_시즌
2023,2023-08-20,겨울_팬츠_팬츠(일반)_ZG,0,0,99900.0,18100.0,,8,,69577.0,69577.0,30.0,01_시즌
2023,2023-08-20,사계절_니트 셔츠_라운드_ZB,-288,-10027200,79900.0,7430.0,34817.0,8,50205.0,37400.0,34817.0,56.0,01_시즌
2023,2023-08-20,사계절_데님_데님자켓_ZB,17,1529299,159000.0,13742.0,89959.0,8,96926.0,99312.0,89959.0,43.0,01_시즌
2023,2023-08-20,사계절_데님_데님팬츠_ZB,1063,100126590,101900.0,17672.0,63959.0,8,73557.0,64064.0,94192.0,8.0,01_시즌
2023,2023-08-20,사계절_수트_블레이져(수트)_ZB,727,97202216,259000.0,43111.0,97374.0,8,105511.0,142344.0,133703.0,48.0,01_시즌
2023,2023-08-20,사계절_수트_블레이져(수트)_ZC,133,20159450,259000.0,48218.0,157192.0,8,171342.0,165095.0,151575.0,41.0,01_시즌
2023,2023-08-20,사계절_수트_수트팬츠_ZB,817,57403440,139000.0,21903.0,53432.0,8,53521.0,74206.0,70261.0,49.0,01_시즌
2023,2023-08-20,사계절_수트_수트팬츠_ZC,125,10191580,139000.0,25396.0,84231.0,8,86859.0,89643.0,81533.0,41.0,01_시즌
2023,2023-08-20,사계절_우븐 셔츠_드레스셔츠_ZB,1326,40098093,69900.0,7511.0,34914.0,8,35178.0,35960.0,30240.0,57.0,01_시즌
2023,2023-08-20,사계절_자켓_싱글재킷_ZB,13,1887000,239000.0,33934.0,145154.0,8,146809.0,142581.0,145154.0,39.0,01_시즌
2023,2023-08-20,사계절_팬츠_팬츠(일반)_ZB,171,10806430,99900.0,12418.0,63832.0,8,60569.0,61195.0,63195.0,37.0,01_시즌
2023,2023-08-20,여름_니트 셔츠_라운드(V넥 등)_ZB,116,4453400,119900.0,18694.0,38391.0,8,38367.0,45771.0,38391.0,68.0,01_시즌
2023,2023-08-20,여름_니트 셔츠_라운드_ZB,2678,46921941,74900.0,7352.0,20340.0,8,21442.0,28310.0,17521.0,77.0,01_시즌
2023,2023-08-20,여름_니트 셔츠_티에리_ZB,720,17808978,89900.0,8882.0,24833.0,8,23704.0,31790.0,24735.0,72.0,01_시즌
2023,2023-08-20,여름_수트_블레이져(수트)_ZA,114,23294000,359000.0,63357.0,225499.0,8,225507.0,226401.0,204333.0,43.0,01_시즌
2023,2023-08-20,여름_수트_블레이져(수트)_ZB,148,26744990,259000.0,56995.0,181383.0,8,182904.0,190059.0,180709.0,30.0,01_시즌
2023,2023-08-20,여름_수트_블레이져(수트)_ZC,83,16479750,289000.0,60600.0,191832.0,8,192151.0,202872.0,198551.0,31.0,01_시즌
2023,2023-08-20,여름_수트_수트팬츠_ZA,136,15597950,205667.0,33110.0,129297.0,8,129329.0,129858.0,114691.0,44.0,01_시즌
2023,2023-08-20,여름_수트_수트팬츠_ZB,166,16088000,139000.0,29208.0,97491.0,8,99191.0,102620.0,96916.0,30.0,01_시즌
2023,2023-08-20,여름_수트_수트팬츠_ZC,87,9656980,159000.0,31410.0,106908.0,8,105458.0,112299.0,111000.0,30.0,01_시즌
2023,2023-08-20,여름_스웨터_T-에리_ZA,150,6224235,109900.0,13619.0,41500.0,8,38568.0,45766.0,41495.0,62.0,01_시즌
2023,2023-08-20,여름_스웨터_T-에리_ZB,952,27497767,99900.0,9992.0,28341.0,8,27356.0,37504.0,28884.0,71.0,01_시즌
2023,2023-08-20,여름_스웨터_라운드_ZA,104,4185690,109900.0,11520.0,40044.0,8,36455.0,47302.0,40247.0,63.0,01_시즌
2023,2023-08-20,여름_스웨터_라운드_ZB,391,13525933,89900.0,11157.0,34604.0,8,36738.0,40720.0,34593.0,62.0,01_시즌
2023,2023-08-20,여름_우븐 셔츠_드레스셔츠_ZB,1761,37494725,69900.0,6333.0,22250.0,8,21122.0,27367.0,21292.0,70.0,01_시즌
2023,2023-08-20,여름_우븐 셔츠_캐쥬얼셔츠_ZA,351,9192886,115486.0,11917.0,38895.0,8,37855.0,46228.0,26191.0,77.0,01_시즌
2023,2023-08-20,여름_우븐 셔츠_캐쥬얼셔츠_ZB,1646,27760465,89900.0,6803.0,16865.0,8,17314.0,26504.0,16865.0,81.0,01_시즌
2023,2023-08-20,여름_자켓_싱글재킷_ZA,458,55734083,295667.0,38690.0,135824.0,8,130756.0,150546.0,121690.0,59.0,01_시즌
2023,2023-08-20,여름_점퍼_점퍼_ZB,332,21552587,271000.0,32893.0,83630.0,8,80796.0,117600.0,64917.0,76.0,01_시즌
2023,2023-08-20,여름_팬츠_니트팬츠_ZB,528,15018650,109450.0,17872.0,44100.0,8,36537.0,42926.0,28444.0,74.0,01_시즌
2023,2023-08-20,여름_팬츠_반바지_ZA,44,1376400,89900.0,14960.0,31282.0,8,30772.0,39129.0,31282.0,65.0,01_시즌
2023,2023-08-20,여름_팬츠_반바지_ZB,1027,23001109,86567.0,9254.0,22821.0,8,22877.0,31804.0,22396.0,74.0,01_시즌
2023,2023-08-20,여름_팬츠_팬츠(일반)_ZA,577,35715698,139000.0,16327.0,58606.0,8,57368.0,68404.0,61899.0,55.0,01_시즌
2023,2023-08-20,여름_팬츠_팬츠(일반)_ZB,2981,80281398,99900.0,9522.0,27460.0,8,26989.0,40589.0,26931.0,73.0,01_시즌
2023,2023-08-27,가을_니트 셔츠_라운드_ZB,55,2695000,69900.0,5436.0,49000.0,8,48822.0,32345.0,49000.0,30.0,01_시즌
2023,2023-08-27,가을_수트_블레이져(수트)_ZB,536,104488290,279000.0,51925.0,194880.0,8,201891.0,172106.0,194941.0,30.0,01_시즌
2023,2023-08-27,가을_수트_블레이져(수트)_ZC,124,24217200,279000.0,52123.0,195300.0,8,202092.0,170417.0,195300.0,30.0,01_시즌
2023,2023-08-27,가을_수트_수트팬츠_ZB,569,59218560,149000.0,25836.0,104048.0,8,107769.0,91939.0,104075.0,30.0,01_시즌
2023,2023-08-27,가을_수트_수트팬츠_ZC,129,13444270,149000.0,25566.0,104219.0,8,107183.0,90914.0,104219.0,30.0,01_시즌
2023,2023-08-27,가을_우븐 셔츠_캐쥬얼셔츠_ZB,148,8555100,79900.0,8264.0,57804.0,8,57895.0,41615.0,57805.0,28.0,01_시즌
2023,2023-08-27,가을_팬츠_팬츠(일반)_ZB,278,19100000,99900.0,10128.0,68680.0,8,68358.0,51638.0,68705.0,31.0,01_시즌
2023,2023-08-27,겨울_니트 셔츠_라운드_ZB,49,2401000,79900.0,6675.0,49000.0,8,49000.0,39528.0,49000.0,39.0,01_시즌
2023,2023-08-27,겨울_니트 셔츠_라운드_ZG,0,0,99900.0,18744.0,,8,,66243.0,66243.0,34.0,01_시즌
2023,2023-08-27,겨울_니트 셔츠_티에리_ZA,63,4394660,99900.0,16378.0,69796.0,8,69796.0,58950.0,69757.0,30.0,01_시즌
2023,2023-08-27,겨울_사파리_패딩사파리_ZB,0,0,399000.0,34475.0,,8,,221879.0,221879.0,44.0,01_시즌
2023,2023-08-27,겨울_수트_블레이져(수트)_ZB,29,6472800,279000.0,51860.0,223200.0,8,223200.0,200507.0,223200.0,20.0,01_시즌
2023,2023-08-27,겨울_수트_블레이져(수트)_ZC,0,0,279000.0,54391.0,,8,,220227.0,220227.0,21.0,01_시즌
2023,2023-08-27,겨울_수트_수트팬츠_ZB,31,3695200,149000.0,26348.0,119200.0,8,119200.0,106967.0,119200.0,20.0,01_시즌
2023,2023-08-27,겨울_수트_수트팬츠_ZC,0,0,149000.0,27041.0,,8,,118024.0,118024.0,21.0,01_시즌
2023,2023-08-27,겨울_스웨터_라운드_ZB,-69,-4825170,99900.0,14338.0,69930.0,8,69930.0,55877.0,69930.0,30.0,01_시즌
2023,2023-08-27,겨울_스웨터_오픈형(CARDIGAN)_ZB,37,4690500,159000.0,18527.0,126770.0,8,126985.0,103408.0,126770.0,20.0,01_시즌
2023,2023-08-27,겨울_우븐 셔츠_캐쥬얼셔츠_ZA,63,3976200,99900.0,10378.0,63114.0,8,85176.0,71801.0,63114.0,37.0,01_시즌
2023,2023-08-27,겨울_자켓_싱글재킷_ZA,48,11481600,299000.0,40089.0,239200.0,8,239200.0,193937.0,239200.0,20.0,01_시즌
2023,2023-08-27,겨울_점퍼_점퍼_ZG,0,0,199000.0,34237.0,,8,,136290.0,136290.0,32.0,01_시즌
2023,2023-08-27,겨울_팬츠_니트팬츠_ZG,0,0,99900.0,20017.0,,8,,62916.0,62916.0,37.0,01_시즌
2023,2023-08-27,겨울_팬츠_팬츠(일반)_ZA,51,5263200,129000.0,16937.0,103200.0,8,103200.0,78429.0,103200.0,20.0,01_시즌
2023,2023-08-27,겨울_팬츠_팬츠(일반)_ZB,5,345000,99900.0,12283.0,69000.0,8,69000.0,59034.0,69000.0,31.0,01_시즌
2023,2023-08-27,겨울_팬츠_팬츠(일반)_ZG,0,0,99900.0,18100.0,,8,,69577.0,69577.0,30.0,01_시즌
2023,2023-08-27,사계절_니트 셔츠_라운드_ZB,206,5788020,79900.0,7430.0,28097.0,8,50205.0,37400.0,28097.0,65.0,01_시즌
2023,2023-08-27,사계절_데님_데님자켓_ZB,5,542450,159000.0,13742.0,108490.0,8,96926.0,99312.0,108490.0,32.0,01_시즌
2023,2023-08-27,사계절_데님_데님팬츠_ZB,1344,127812800,101900.0,17672.0,67805.0,8,73557.0,64064.0,95099.0,7.0,01_시즌
2023,2023-08-27,사계절_수트_블레이져(수트)_ZB,758,103284746,259000.0,43111.0,112961.0,8,105511.0,142344.0,136260.0,47.0,01_시즌
2023,2023-08-27,사계절_수트_블레이져(수트)_ZC,153,23347910,259000.0,48218.0,157476.0,8,171342.0,165095.0,152601.0,41.0,01_시즌
2023,2023-08-27,사계절_수트_수트팬츠_ZB,826,58363823,139000.0,21903.0,56956.0,8,53521.0,74206.0,70658.0,49.0,01_시즌
2023,2023-08-27,사계절_수트_수트팬츠_ZC,160,13284250,139000.0,25396.0,95172.0,8,86859.0,89643.0,83027.0,40.0,01_시즌
2023,2023-08-27,사계절_우븐 셔츠_드레스셔츠_ZB,1613,49778683,69900.0,7511.0,33735.0,8,35178.0,35960.0,30861.0,56.0,01_시즌
2023,2023-08-27,사계절_자켓_싱글재킷_ZB,16,2384000,239000.0,33934.0,149000.0,8,146809.0,142581.0,149000.0,38.0,01_시즌
2023,2023-08-27,사계절_팬츠_팬츠(일반)_ZB,635,31022750,99900.0,12418.0,55776.0,8,60569.0,61195.0,48855.0,51.0,01_시즌
2023,2023-08-27,여름_니트 셔츠_라운드(V넥 등)_ZB,81,3154645,119900.0,18694.0,38946.0,8,38367.0,45771.0,38946.0,68.0,01_시즌
2023,2023-08-27,여름_니트 셔츠_라운드_ZB,1781,28872423,74900.0,7352.0,21495.0,8,21442.0,28310.0,16211.0,78.0,01_시즌
2023,2023-08-27,여름_니트 셔츠_티에리_ZB,449,10455914,89900.0,8882.0,22987.0,8,23704.0,31790.0,23287.0,74.0,01_시즌
2023,2023-08-27,여름_수트_블레이져(수트)_ZA,115,23339520,359000.0,63357.0,225376.0,8,225507.0,226401.0,202952.0,43.0,01_시즌
2023,2023-08-27,여름_수트_블레이져(수트)_ZB,108,19578370,259000.0,56995.0,182308.0,8,182904.0,190059.0,181281.0,30.0,01_시즌
2023,2023-08-27,여름_수트_블레이져(수트)_ZC,52,10174310,289000.0,60600.0,191955.0,8,192151.0,202872.0,195660.0,32.0,01_시즌
2023,2023-08-27,여름_수트_수트팬츠_ZA,128,14674790,205667.0,33110.0,129001.0,8,129329.0,129858.0,114647.0,44.0,01_시즌
2023,2023-08-27,여름_수트_수트팬츠_ZB,125,12267310,139000.0,29208.0,98439.0,8,99191.0,102620.0,98138.0,29.0,01_시즌
2023,2023-08-27,여름_수트_수트팬츠_ZC,65,6967500,159000.0,31410.0,104818.0,8,105458.0,112299.0,107192.0,33.0,01_시즌
2023,2023-08-27,여름_스웨터_T-에리_ZA,214,7169100,109900.0,13619.0,33327.0,8,38568.0,45766.0,33500.0,70.0,01_시즌
2023,2023-08-27,여름_스웨터_T-에리_ZB,531,15391921,99900.0,9992.0,29132.0,8,27356.0,37504.0,28987.0,71.0,01_시즌
2023,2023-08-27,여름_스웨터_라운드_ZA,93,3494400,109900.0,11520.0,37749.0,8,36455.0,47302.0,37574.0,66.0,01_시즌
2023,2023-08-27,여름_스웨터_라운드_ZB,295,10262150,89900.0,11157.0,34596.0,8,36738.0,40720.0,34787.0,61.0,01_시즌
2023,2023-08-27,여름_우븐 셔츠_드레스셔츠_ZB,1100,23959802,69900.0,6333.0,22098.0,8,21122.0,27367.0,21782.0,69.0,01_시즌
2023,2023-08-27,여름_우븐 셔츠_캐쥬얼셔츠_ZA,512,12491166,115486.0,11917.0,39224.0,8,37855.0,46228.0,24397.0,79.0,01_시즌
2023,2023-08-27,여름_우븐 셔츠_캐쥬얼셔츠_ZB,1166,20014892,89900.0,6803.0,17180.0,8,17314.0,26504.0,17165.0,81.0,01_시즌
2023,2023-08-27,여름_자켓_싱글재킷_ZA,333,33088781,295667.0,38690.0,134558.0,8,130756.0,150546.0,99366.0,66.0,01_시즌
2023,2023-08-27,여름_점퍼_점퍼_ZB,284,19982200,271000.0,32893.0,73498.0,8,80796.0,117600.0,70360.0,74.0,01_시즌
2023,2023-08-27,여름_팬츠_니트팬츠_ZB,343,8938150,109450.0,17872.0,34492.0,8,36537.0,42926.0,26059.0,76.0,01_시즌
2023,2023-08-27,여름_팬츠_반바지_ZA,29,763145,89900.0,14960.0,26315.0,8,30772.0,39129.0,26315.0,71.0,01_시즌
2023,2023-08-27,여름_팬츠_반바지_ZB,354,7951741,86567.0,9254.0,24220.0,8,22877.0,31804.0,22463.0,74.0,01_시즌
2023,2023-08-27,여름_팬츠_팬츠(일반)_ZA,359,16133302,139000.0,16327.0,53357.0,8,57368.0,68404.0,44940.0,68.0,01_시즌
2023,2023-08-27,여름_팬츠_팬츠(일반)_ZB,1867,50321090,99900.0,9522.0,27044.0,8,26989.0,40589.0,26953.0,73.0,01_시즌
2023,2023-09-03,가을_니트 셔츠_라운드_ZB,134,6556000,69900.0,5436.0,48925.0,9,43191.0,32345.0,48925.0,30.0,01_시즌
2023,2023-09-03,가을_수트_블레이져(수트)_ZB,733,142635960,279000.0,51925.0,194610.0,9,194444.0,172106.0,194592.0,30.0,01_시즌
2023,2023-09-03,가을_수트_블레이져(수트)_ZC,183,35580870,279000.0,52123.0,194431.0,9,195079.0,170417.0,194431.0,30.0,01_시즌
2023,2023-09-03,가을_수트_수트팬츠_ZB,799,83024290,149000.0,25836.0,103934.0,9,103830.0,91939.0,103910.0,30.0,01_시즌
2023,2023-09-03,가을_수트_수트팬츠_ZC,186,19349140,149000.0,25566.0,104028.0,9,104271.0,90914.0,104028.0,30.0,01_시즌
2023,2023-09-03,가을_우븐 셔츠_캐쥬얼셔츠_ZB,241,14112860,79900.0,8264.0,58562.0,9,53547.0,41615.0,58560.0,27.0,01_시즌
2023,2023-09-03,가을_팬츠_팬츠(일반)_ZB,454,31106950,99900.0,10128.0,68438.0,9,66019.0,51638.0,68518.0,31.0,01_시즌
2023,2023-09-03,겨울_니트 셔츠_라운드_ZB,85,4165000,79900.0,6675.0,49000.0,9,48099.0,39528.0,49000.0,39.0,01_시즌
2023,2023-09-03,겨울_니트 셔츠_라운드_ZG,0,0,99900.0,18756.0,,9,79000.0,66243.0,79000.0,21.0,01_시즌
2023,2023-09-03,겨울_니트 셔츠_오픈형티(맨투맨 등)_ZG,0,0,119000.0,27886.0,,9,96806.0,81707.0,96806.0,19.0,01_시즌
2023,2023-09-03,겨울_니트 셔츠_티에리_ZA,139,9689370,99900.0,16378.0,69787.0,9,69429.0,58950.0,69708.0,30.0,01_시즌
2023,2023-09-03,겨울_사파리_패딩사파리_ZB,10,2793000,399000.0,35989.0,279300.0,9,279300.0,221879.0,279300.0,30.0,01_시즌
2023,2023-09-03,겨울_수트_블레이져(수트)_ZA,0,0,414000.0,74297.0,,9,313510.0,269707.0,313510.0,24.0,01_시즌
2023,2023-09-03,겨울_수트_블레이져(수트)_ZB,171,37768580,279000.0,52836.0,221950.0,9,215753.0,200507.0,220869.0,21.0,01_시즌
2023,2023-09-03,겨울_수트_블레이져(수트)_ZC,10,2232000,279000.0,54391.0,223200.0,9,226563.0,220227.0,223200.0,20.0,01_시즌
2023,2023-09-03,겨울_수트_수트팬츠_ZA,0,0,234000.0,41494.0,,9,178863.0,153705.0,178863.0,24.0,01_시즌
2023,2023-09-03,겨울_수트_수트팬츠_ZB,181,21354680,149000.0,26830.0,118197.0,9,115154.0,106967.0,117982.0,21.0,01_시즌
2023,2023-09-03,겨울_수트_수트팬츠_ZC,9,1072800,149000.0,27041.0,119200.0,9,121075.0,118024.0,119200.0,20.0,01_시즌
2023,2023-09-03,겨울_스웨터_라운드_ZB,146,10209780,99900.0,14338.0,69930.0,9,65348.0,55877.0,69930.0,30.0,01_시즌
2023,2023-09-03,겨울_스웨터_오픈형(CARDIGAN)_ZB,41,5183400,159000.0,18527.0,126424.0,9,125117.0,103408.0,126424.0,20.0,01_시즌
2023,2023-09-03,겨울_우븐 셔츠_캐쥬얼셔츠_ZA,29,2001000,99900.0,10378.0,69000.0,9,69000.0,71801.0,69000.0,31.0,01_시즌
2023,2023-09-03,겨울_자켓_싱글재킷_ZA,66,15757300,299000.0,41478.0,238970.0,9,230405.0,193937.0,238747.0,20.0,01_시즌
2023,2023-09-03,겨울_점퍼_점퍼_ZG,0,0,199000.0,34237.0,,9,158234.0,136290.0,158234.0,20.0,01_시즌
2023,2023-09-03,겨울_팬츠_니트팬츠_ZG,0,0,99900.0,20062.0,,9,78236.0,62916.0,78236.0,22.0,01_시즌
2023,2023-09-03,겨울_팬츠_팬츠(일반)_ZA,73,7520700,129000.0,17936.0,103109.0,9,95742.0,78429.0,103023.0,20.0,01_시즌
2023,2023-09-03,겨울_팬츠_팬츠(일반)_ZB,101,6949000,99900.0,11884.0,68802.0,9,70150.0,59034.0,68802.0,31.0,01_시즌
2023,2023-09-03,겨울_팬츠_팬츠(일반)_ZG,0,0,99900.0,18100.0,,9,79000.0,69577.0,79000.0,21.0,01_시즌
2023,2023-09-03,사계절_니트 셔츠_라운드_ZB,516,15031885,79900.0,7430.0,29132.0,9,29044.0,37400.0,29132.0,64.0,01_시즌
2023,2023-09-03,사계절_데님_데님자켓_ZB,17,1196916,159000.0,13742.0,70407.0,9,111333.0,99312.0,70407.0,56.0,01_시즌
2023,2023-09-03,사계절_데님_데님팬츠_ZB,784,36812339,101900.0,17672.0,57907.0,9,67467.0,64064.0,46955.0,54.0,01_시즌
2023,2023-09-03,사계절_수트_블레이져(수트)_ZB,635,103754677,259000.0,43111.0,87346.0,9,113193.0,142344.0,163393.0,37.0,01_시즌
2023,2023-09-03,사계절_수트_블레이져(수트)_ZC,143,21819420,259000.0,48218.0,163694.0,9,164915.0,165095.0,152583.0,41.0,01_시즌
2023,2023-09-03,사계절_수트_수트팬츠_ZB,703,62478905,139000.0,21903.0,80785.0,9,65170.0,74206.0,88875.0,36.0,01_시즌
2023,2023-09-03,사계절_수트_수트팬츠_ZC,169,13667370,139000.0,25396.0,83550.0,9,92521.0,89643.0,80872.0,42.0,01_시즌
2023,2023-09-03,사계절_우븐 셔츠_드레스셔츠_ZB,1927,58590155,69900.0,7511.0,34989.0,9,34219.0,35960.0,30405.0,57.0,01_시즌
2023,2023-09-03,사계절_자켓_싱글재킷_ZB,45,6118350,239000.0,33934.0,135963.0,9,144838.0,142581.0,135963.0,43.0,01_시즌
2023,2023-09-03,사계절_팬츠_팬츠(일반)_ZB,444,25663685,99900.0,12418.0,59574.0,9,57988.0,61195.0,57801.0,42.0,01_시즌
2023,2023-09-03,여름_니트 셔츠_라운드(V넥 등)_ZB,72,2851258,119900.0,18694.0,39601.0,9,38799.0,45771.0,39601.0,67.0,01_시즌
2023,2023-09-03,여름_니트 셔츠_라운드_ZB,1145,21949416,74900.0,7352.0,23281.0,9,21322.0,28310.0,19170.0,74.0,01_시즌
2023,2023-09-03,여름_니트 셔츠_티에리_ZB,199,5037675,89900.0,8882.0,30012.0,9,24911.0,31790.0,25315.0,72.0,01_시즌
2023,2023-09-03,여름_수트_블레이져(수트)_ZA,65,14144480,359000.0,63357.0,236723.0,9,234030.0,226401.0,217607.0,39.0,01_시즌
2023,2023-09-03,여름_수트_블레이져(수트)_ZB,89,16544920,259000.0,56995.0,186593.0,9,190486.0,190059.0,185898.0,28.0,01_시즌
2023,2023-09-03,여름_수트_블레이져(수트)_ZC,53,10224181,289000.0,60600.0,186223.0,9,200634.0,202872.0,192909.0,33.0,01_시즌
2023,2023-09-03,여름_수트_수트팬츠_ZA,77,9462441,205667.0,33110.0,134282.0,9,138883.0,129858.0,122889.0,40.0,01_시즌
2023,2023-09-03,여름_수트_수트팬츠_ZB,105,10620325,139000.0,29208.0,102215.0,9,102806.0,102620.0,101146.0,27.0,01_시즌
2023,2023-09-03,여름_수트_수트팬츠_ZC,67,7261770,159000.0,31410.0,101051.0,9,127028.0,112299.0,108385.0,32.0,01_시즌
2023,2023-09-03,여름_스웨터_T-에리_ZA,74,2847830,109900.0,13619.0,38672.0,9,39027.0,45766.0,38484.0,65.0,01_시즌
2023,2023-09-03,여름_스웨터_T-에리_ZB,249,8353550,99900.0,9992.0,29654.0,9,32242.0,37504.0,33548.0,66.0,01_시즌
2023,2023-09-03,여름_스웨터_라운드_ZA,75,3285800,109900.0,11520.0,45572.0,9,44489.0,47302.0,43811.0,60.0,01_시즌
2023,2023-09-03,여름_스웨터_라운드_ZB,399,11386695,89900.0,11157.0,30841.0,9,34015.0,40720.0,28538.0,68.0,01_시즌
2023,2023-09-03,여름_우븐 셔츠_드레스셔츠_ZB,1804,41071745,69900.0,6333.0,26062.0,9,22520.0,27367.0,22767.0,67.0,01_시즌
2023,2023-09-03,여름_우븐 셔츠_캐쥬얼셔츠_ZA,272,7225914,115486.0,11917.0,39458.0,9,37741.0,46228.0,26566.0,77.0,01_시즌
2023,2023-09-03,여름_우븐 셔츠_캐쥬얼셔츠_ZB,780,14776730,89900.0,6803.0,18713.0,9,18478.0,26504.0,18945.0,79.0,01_시즌
2023,2023-09-03,여름_자켓_싱글재킷_ZA,92,28738328,295667.0,38690.0,133572.0,9,133686.0,150546.0,312373.0,-6.0,01_시즌
2023,2023-09-03,여름_점퍼_점퍼_ZB,500,35030843,271000.0,32893.0,80677.0,9,86058.0,117600.0,70062.0,74.0,01_시즌
2023,2023-09-03,여름_팬츠_니트팬츠_ZB,138,3223031,109450.0,17872.0,26757.0,9,34790.0,42926.0,23355.0,79.0,01_시즌
2023,2023-09-03,여름_팬츠_반바지_ZA,20,720000,89900.0,14960.0,36000.0,9,38000.0,39129.0,36000.0,60.0,01_시즌
2023,2023-09-03,여름_팬츠_반바지_ZB,196,4854200,86567.0,9254.0,25458.0,9,25623.0,31804.0,24766.0,71.0,01_시즌
2023,2023-09-03,여름_팬츠_팬츠(일반)_ZA,50,12234437,139000.0,16327.0,56294.0,9,56514.0,68404.0,244689.0,-76.0,01_시즌
2023,2023-09-03,여름_팬츠_팬츠(일반)_ZB,1399,40163986,99900.0,9522.0,29204.0,9,27669.0,40589.0,28709.0,71.0,01_시즌
2023,2023-09-10,가을_니트 셔츠_라운드_ZB,104,5086000,69900.0,5436.0,48904.0,9,43191.0,32345.0,48904.0,30.0,01_시즌
2023,2023-09-10,가을_수트_블레이져(수트)_ZB,572,111143600,279000.0,51925.0,194250.0,9,194444.0,172106.0,194307.0,30.0,01_시즌
2023,2023-09-10,가을_수트_블레이져(수트)_ZC,149,29085750,279000.0,52123.0,195206.0,9,195079.0,170417.0,195206.0,30.0,01_시즌
2023,2023-09-10,가을_수트_수트팬츠_ZB,627,65074120,149000.0,25836.0,103760.0,9,103830.0,91939.0,103786.0,30.0,01_시즌
2023,2023-09-10,가을_수트_수트팬츠_ZC,146,15227800,149000.0,25566.0,104300.0,9,104271.0,90914.0,104300.0,30.0,01_시즌
2023,2023-09-10,가을_우븐 셔츠_캐쥬얼셔츠_ZB,283,16605780,79900.0,8264.0,58678.0,9,53547.0,41615.0,58678.0,27.0,01_시즌
2023,2023-09-10,가을_팬츠_팬츠(일반)_ZB,388,26682000,99900.0,10128.0,68723.0,9,66019.0,51638.0,68768.0,31.0,01_시즌
2023,2023-09-10,겨울_니트 셔츠_라운드_ZB,47,2293950,79900.0,6675.0,48807.0,9,48099.0,39528.0,48807.0,39.0,01_시즌
2023,2023-09-10,겨울_니트 셔츠_라운드_ZG,28,2212000,99900.0,18756.0,79000.0,9,79000.0,66243.0,79000.0,21.0,01_시즌
2023,2023-09-10,겨울_니트 셔츠_오픈형티(맨투맨 등)_ZG,0,0,119000.0,27836.0,,9,96806.0,81707.0,96806.0,19.0,01_시즌
2023,2023-09-10,겨울_니트 셔츠_티에리_ZA,95,6612440,99900.0,16378.0,69602.0,9,69429.0,58950.0,69605.0,30.0,01_시즌
2023,2023-09-10,겨울_사파리_패딩사파리_ZB,8,2234400,399000.0,35989.0,279300.0,9,279300.0,221879.0,279300.0,30.0,01_시즌
2023,2023-09-10,겨울_수트_블레이져(수트)_ZA,44,13559200,414000.0,74297.0,311750.0,9,313510.0,269707.0,308164.0,26.0,01_시즌
2023,2023-09-10,겨울_수트_블레이져(수트)_ZB,271,59851080,279000.0,53259.0,220634.0,9,215753.0,200507.0,220853.0,21.0,01_시즌
2023,2023-09-10,겨울_수트_블레이져(수트)_ZC,27,5942700,279000.0,54391.0,220100.0,9,226563.0,220227.0,220100.0,21.0,01_시즌
2023,2023-09-10,겨울_수트_수트팬츠_ZA,45,7801500,234000.0,41494.0,176750.0,9,178863.0,153705.0,173367.0,26.0,01_시즌
2023,2023-09-10,겨울_수트_수트팬츠_ZB,278,32842580,149000.0,27168.0,118001.0,9,115154.0,106967.0,118139.0,21.0,01_시즌
2023,2023-09-10,겨울_수트_수트팬츠_ZC,30,3534300,149000.0,27041.0,117810.0,9,121075.0,118024.0,117810.0,21.0,01_시즌
2023,2023-09-10,겨울_스웨터_T-에리_ZB,0,0,99900.0,11019.0,,9,63295.0,52803.0,63295.0,37.0,01_시즌
2023,2023-09-10,겨울_스웨터_라운드_ZB,179,12517470,99900.0,14504.0,69930.0,9,65348.0,55877.0,69930.0,30.0,01_시즌
2023,2023-09-10,겨울_스웨터_오픈형(CARDIGAN)_ZB,43,5469600,159000.0,18527.0,127200.0,9,125117.0,103408.0,127200.0,20.0,01_시즌
2023,2023-09-10,겨울_우븐 셔츠_캐쥬얼셔츠_ZA,89,6141000,99900.0,10378.0,69000.0,9,69000.0,71801.0,69000.0,31.0,01_시즌
2023,2023-09-10,겨울_자켓_싱글재킷_ZA,94,22365200,299000.0,39859.0,238251.0,9,230405.0,193937.0,237928.0,20.0,01_시즌
2023,2023-09-10,겨울_점퍼_점퍼_ZG,29,4616800,199000.0,34237.0,159200.0,9,158234.0,136290.0,159200.0,20.0,01_시즌
2023,2023-09-10,겨울_팬츠_니트팬츠_ZG,0,0,99900.0,20063.0,,9,78236.0,62916.0,78236.0,22.0,01_시즌
2023,2023-09-10,겨울_팬츠_팬츠(일반)_ZA,107,11003700,129000.0,17491.0,102920.0,9,95742.0,78429.0,102838.0,20.0,01_시즌
2023,2023-09-10,겨울_팬츠_팬츠(일반)_ZB,0,-20000,99900.0,12852.0,,9,70150.0,59034.0,70150.0,30.0,01_시즌
2023,2023-09-10,겨울_팬츠_팬츠(일반)_ZG,23,1817000,99900.0,18100.0,79000.0,9,79000.0,69577.0,79000.0,21.0,01_시즌
2023,2023-09-10,사계절_니트 셔츠_라운드_ZB,9,-161800,79900.0,7430.0,,9,29044.0,37400.0,29044.0,64.0,01_시즌
2023,2023-09-10,사계절_데님_데님자켓_ZB,25,3067800,159000.0,14979.0,123700.0,9,111333.0,99312.0,122712.0,23.0,01_시즌
2023,2023-09-10,사계절_데님_데님팬츠_ZB,-1821,-170399455,101900.0,17672.0,67867.0,9,67467.0,64064.0,93575.0,8.0,01_시즌
2023,2023-09-10,사계절_수트_블레이져(수트)_ZB,821,101985572,259000.0,43044.0,116909.0,9,113193.0,142344.0,124221.0,52.0,01_시즌
2023,2023-09-10,사계절_수트_블레이져(수트)_ZC,129,19610400,259000.0,46671.0,165945.0,9,164915.0,165095.0,152019.0,41.0,01_시즌
2023,2023-09-10,사계절_수트_수트팬츠_ZB,907,58412289,139000.0,21826.0,62300.0,9,65170.0,74206.0,64402.0,54.0,01_시즌
2023,2023-09-10,사계절_수트_수트팬츠_ZC,152,12535400,139000.0,24143.0,91054.0,9,92521.0,89643.0,82470.0,41.0,01_시즌
2023,2023-09-10,사계절_우븐 셔츠_드레스셔츠_ZB,2093,58267250,69900.0,7511.0,34021.0,9,34219.0,35960.0,27839.0,60.0,01_시즌
2023,2023-09-10,사계절_자켓_싱글재킷_ZB,38,5656400,239000.0,33934.0,148853.0,9,144838.0,142581.0,148853.0,38.0,01_시즌
2023,2023-09-10,사계절_팬츠_팬츠(일반)_ZB,350,14925645,99900.0,12418.0,51832.0,9,57988.0,61195.0,42645.0,57.0,01_시즌
2023,2023-09-10,여름_니트 셔츠_라운드(V넥 등)_ZB,146,5491500,119900.0,18694.0,37613.0,9,38799.0,45771.0,37613.0,69.0,01_시즌
2023,2023-09-10,여름_니트 셔츠_라운드_ZB,1421,22143963,74900.0,7352.0,20504.0,9,21322.0,28310.0,15583.0,79.0,01_시즌
2023,2023-09-10,여름_니트 셔츠_티에리_ZB,324,7411857,89900.0,8882.0,22696.0,9,24911.0,31790.0,22876.0,75.0,01_시즌
2023,2023-09-10,여름_수트_블레이져(수트)_ZA,52,11276650,359000.0,63357.0,216716.0,9,234030.0,226401.0,216859.0,40.0,01_시즌
2023,2023-09-10,여름_수트_블레이져(수트)_ZB,68,12887840,259000.0,56995.0,192705.0,9,190486.0,190059.0,189527.0,27.0,01_시즌
2023,2023-09-10,여름_수트_블레이져(수트)_ZC,39,8317530,289000.0,60600.0,210538.0,9,200634.0,202872.0,213270.0,26.0,01_시즌
2023,2023-09-10,여름_수트_수트팬츠_ZA,60,7276350,205667.0,33110.0,121822.0,9,138883.0,129858.0,121272.0,41.0,01_시즌
2023,2023-09-10,여름_수트_수트팬츠_ZB,81,8198220,139000.0,29208.0,102506.0,9,102806.0,102620.0,101213.0,27.0,01_시즌
2023,2023-09-10,여름_수트_수트팬츠_ZC,44,5330780,159000.0,31410.0,117554.0,9,127028.0,112299.0,121154.0,24.0,01_시즌
2023,2023-09-10,여름_스웨터_T-에리_ZA,64,2485400,109900.0,13619.0,38834.0,9,39027.0,45766.0,38834.0,65.0,01_시즌
2023,2023-09-10,여름_스웨터_T-에리_ZB,421,11665132,99900.0,9992.0,32386.0,9,32242.0,37504.0,27708.0,72.0,01_시즌
2023,2023-09-10,여름_스웨터_라운드_ZA,78,2839000,109900.0,11520.0,41978.0,9,44489.0,47302.0,36397.0,67.0,01_시즌
2023,2023-09-10,여름_스웨터_라운드_ZB,49,4877300,89900.0,11157.0,36775.0,9,34015.0,40720.0,99537.0,-11.0,01_시즌
2023,2023-09-10,여름_우븐 셔츠_드레스셔츠_ZB,1722,33869100,69900.0,6333.0,19793.0,9,22520.0,27367.0,19668.0,72.0,01_시즌
2023,2023-09-10,여름_우븐 셔츠_캐쥬얼셔츠_ZA,414,10737807,115486.0,11917.0,41055.0,9,37741.0,46228.0,25937.0,78.0,01_시즌
2023,2023-09-10,여름_우븐 셔츠_캐쥬얼셔츠_ZB,630,11614358,89900.0,6803.0,18249.0,9,18478.0,26504.0,18435.0,79.0,01_시즌
2023,2023-09-10,여름_자켓_싱글재킷_ZA,315,31736493,295667.0,38690.0,136273.0,9,133686.0,150546.0,100751.0,66.0,01_시즌
2023,2023-09-10,여름_점퍼_점퍼_ZB,273,21488320,271000.0,32893.0,80505.0,9,86058.0,117600.0,78712.0,71.0,01_시즌
2023,2023-09-10,여름_팬츠_니트팬츠_ZB,334,9459700,109450.0,17872.0,36692.0,9,34790.0,42926.0,28322.0,74.0,01_시즌
2023,2023-09-10,여름_팬츠_반바지_ZA,3,117000,89900.0,14960.0,39000.0,9,38000.0,39129.0,39000.0,57.0,01_시즌
2023,2023-09-10,여름_팬츠_반바지_ZB,240,5516000,86567.0,9254.0,24279.0,9,25623.0,31804.0,22983.0,73.0,01_시즌
2023,2023-09-10,여름_팬츠_팬츠(일반)_ZA,416,17546982,139000.0,16327.0,52995.0,9,56514.0,68404.0,42180.0,70.0,01_시즌
2023,2023-09-10,여름_팬츠_팬츠(일반)_ZB,1393,35938366,99900.0,9522.0,26773.0,9,27669.0,40589.0,25799.0,74.0,01_시즌
2023,2023-09-17,가을_니트 셔츠_라운드_ZB,175,6821100,69900.0,5436.0,38978.0,9,43191.0,32345.0,38978.0,44.0,01_시즌
2023,2023-09-17,가을_수트_블레이져(수트)_ZB,570,111112380,279000.0,51925.0,194852.0,9,194444.0,172106.0,194934.0,30.0,01_시즌
2023,2023-09-17,가을_수트_블레이져(수트)_ZC,148,28996470,279000.0,52123.0,195922.0,9,195079.0,170417.0,195922.0,30.0,01_시즌
2023,2023-09-17,가을_수트_수트팬츠_ZB,605,62995710,149000.0,25836.0,104068.0,9,103830.0,91939.0,104125.0,30.0,01_시즌
2023,2023-09-17,가을_수트_수트팬츠_ZC,140,14666070,149000.0,25566.0,104758.0,9,104271.0,90914.0,104758.0,30.0,01_시즌
2023,2023-09-17,가을_우븐 셔츠_캐쥬얼셔츠_ZB,410,20622980,79900.0,8264.0,50294.0,9,53547.0,41615.0,50300.0,37.0,01_시즌
2023,2023-09-17,가을_팬츠_팬츠(일반)_ZB,564,36225000,99900.0,10128.0,64472.0,9,66019.0,51638.0,64229.0,36.0,01_시즌
2023,2023-09-17,겨울_니트 셔츠_라운드_ZB,93,4557000,79900.0,6918.0,49000.0,9,48099.0,39528.0,49000.0,39.0,01_시즌
2023,2023-09-17,겨울_니트 셔츠_라운드_ZG,60,4740000,99900.0,18756.0,79000.0,9,79000.0,66243.0,79000.0,21.0,01_시즌
2023,2023-09-17,겨울_니트 셔츠_오픈형티(맨투맨 등)_ZG,2,198000,119000.0,27848.0,99000.0,9,96806.0,81707.0,99000.0,17.0,01_시즌
2023,2023-09-17,겨울_니트 셔츠_티에리_ZA,18,1248750,99900.0,16378.0,69597.0,9,69429.0,58950.0,69375.0,31.0,01_시즌
2023,2023-09-17,겨울_사파리_패딩사파리_ZB,5,1396500,399000.0,35989.0,279300.0,9,279300.0,221879.0,279300.0,30.0,01_시즌
2023,2023-09-17,겨울_수트_블레이져(수트)_ZA,41,12276670,414000.0,74297.0,309763.0,9,313510.0,269707.0,299431.0,28.0,01_시즌
2023,2023-09-17,겨울_수트_블레이져(수트)_ZB,306,67891860,279000.0,53259.0,222150.0,9,215753.0,200507.0,221869.0,20.0,01_시즌
2023,2023-09-17,겨울_수트_블레이져(수트)_ZC,19,4185000,279000.0,54391.0,220263.0,9,226563.0,220227.0,220263.0,21.0,01_시즌
2023,2023-09-17,겨울_수트_수트팬츠_ZA,42,6956670,234000.0,41494.0,175564.0,9,178863.0,153705.0,165635.0,29.0,01_시즌
2023,2023-09-17,겨울_수트_수트팬츠_ZB,318,37673160,149000.0,27168.0,118584.0,9,115154.0,106967.0,118469.0,20.0,01_시즌
2023,2023-09-17,겨울_수트_수트팬츠_ZC,17,1981700,149000.0,27041.0,116571.0,9,121075.0,118024.0,116571.0,22.0,01_시즌
2023,2023-09-17,겨울_스웨터_T-에리_ZB,127,8030440,99900.0,13043.0,63684.0,9,63295.0,52803.0,63232.0,37.0,01_시즌
2023,2023-09-17,겨울_스웨터_Turtle_ZA,24,3052800,159000.0,17767.0,127200.0,9,126538.0,103781.0,127200.0,20.0,01_시즌
2023,2023-09-17,겨울_스웨터_라운드_ZA,5,486500,139000.0,16142.0,97300.0,9,97300.0,76198.0,97300.0,30.0,01_시즌
2023,2023-09-17,겨울_스웨터_라운드_ZB,351,22431410,99900.0,14504.0,63812.0,9,65348.0,55877.0,63907.0,36.0,01_시즌
2023,2023-09-17,겨울_스웨터_오픈형(CARDIGAN)_ZA,27,3848500,179000.0,23630.0,142703.0,9,141548.0,109143.0,142537.0,20.0,01_시즌
2023,2023-09-17,겨울_스웨터_오픈형(CARDIGAN)_ZB,75,9166200,159000.0,18527.0,122216.0,9,125117.0,103408.0,122216.0,23.0,01_시즌
2023,2023-09-17,겨울_우븐 셔츠_캐쥬얼셔츠_ZA,71,4899000,99900.0,10378.0,69000.0,9,69000.0,71801.0,69000.0,31.0,01_시즌
2023,2023-09-17,겨울_자켓_싱글재킷_ZA,217,45307470,324000.0,42380.0,210528.0,9,230405.0,193937.0,208790.0,36.0,01_시즌
2023,2023-09-17,겨울_점퍼_점퍼_ZG,42,6686400,199000.0,34237.0,159200.0,9,158234.0,136290.0,159200.0,20.0,01_시즌
2023,2023-09-17,겨울_코트_싱글코트_ZB,5,1556100,399000.0,64719.0,311220.0,9,303207.0,200976.0,311220.0,22.0,01_시즌
2023,2023-09-17,겨울_팬츠_니트팬츠_ZG,28,2212000,99900.0,20063.0,79000.0,9,78236.0,62916.0,79000.0,21.0,01_시즌
2023,2023-09-17,겨울_팬츠_팬츠(일반)_ZA,237,21323700,129000.0,17491.0,90066.0,9,95742.0,78429.0,89973.0,30.0,01_시즌
2023,2023-09-17,겨울_팬츠_팬츠(일반)_ZB,-11,-999000,99900.0,12852.0,90818.0,9,70150.0,59034.0,90818.0,9.0,01_시즌
2023,2023-09-17,겨울_팬츠_팬츠(일반)_ZG,12,948000,99900.0,18100.0,79000.0,9,79000.0,69577.0,79000.0,21.0,01_시즌
2023,2023-09-17,사계절_니트 셔츠_라운드_ZB,158,4582000,79900.0,7430.0,29000.0,9,29044.0,37400.0,29000.0,64.0,01_시즌
2023,2023-09-17,사계절_데님_데님자켓_ZB,40,4767000,159000.0,14979.0,111610.0,9,111333.0,99312.0,119175.0,25.0,01_시즌
2023,2023-09-17,사계절_데님_데님팬츠_ZB,-76,-11639200,101900.0,17672.0,72820.0,9,67467.0,64064.0,153147.0,-50.0,01_시즌
2023,2023-09-17,사계절_수트_블레이져(수트)_ZB,673,89745384,259000.0,43044.0,122824.0,9,113193.0,142344.0,133351.0,49.0,01_시즌
2023,2023-09-17,사계절_수트_블레이져(수트)_ZC,133,20784800,259000.0,46671.0,171122.0,9,164915.0,165095.0,156277.0,40.0,01_시즌
2023,2023-09-17,사계절_수트_수트팬츠_ZB,746,52412631,139000.0,21826.0,65925.0,9,65170.0,74206.0,70258.0,49.0,01_시즌
2023,2023-09-17,사계절_수트_수트팬츠_ZC,141,11865900,139000.0,24143.0,92020.0,9,92521.0,89643.0,84155.0,39.0,01_시즌
2023,2023-09-17,사계절_우븐 셔츠_드레스셔츠_ZB,1792,54258250,69900.0,7511.0,36139.0,9,34219.0,35960.0,30278.0,57.0,01_시즌
2023,2023-09-17,사계절_자켓_싱글재킷_ZB,30,4470000,239000.0,33934.0,149000.0,9,144838.0,142581.0,149000.0,38.0,01_시즌
2023,2023-09-17,사계절_팬츠_팬츠(일반)_ZB,298,17187080,99900.0,12418.0,62262.0,9,57988.0,61195.0,57675.0,42.0,01_시즌
2023,2023-09-17,여름_니트 셔츠_라운드(V넥 등)_ZB,130,5050000,119900.0,18694.0,38846.0,9,38799.0,45771.0,38846.0,68.0,01_시즌
2023,2023-09-17,여름_니트 셔츠_라운드_ZB,1651,24536700,74900.0,7352.0,21362.0,9,21322.0,28310.0,14862.0,80.0,01_시즌
2023,2023-09-17,여름_니트 셔츠_티에리_ZB,143,3686518,89900.0,8882.0,24420.0,9,24911.0,31790.0,25780.0,71.0,01_시즌
2023,2023-09-17,여름_수트_블레이져(수트)_ZA,21,4709500,359000.0,63357.0,249085.0,9,234030.0,226401.0,224262.0,38.0,01_시즌
2023,2023-09-17,여름_수트_블레이져(수트)_ZB,36,6640760,259000.0,56995.0,190080.0,9,190486.0,190059.0,184466.0,29.0,01_시즌
2023,2023-09-17,여름_수트_블레이져(수트)_ZC,13,2816770,289000.0,60600.0,216675.0,9,200634.0,202872.0,216675.0,25.0,01_시즌
2023,2023-09-17,여름_수트_수트팬츠_ZA,25,3134800,205667.0,33110.0,142475.0,9,138883.0,129858.0,125392.0,39.0,01_시즌
2023,2023-09-17,여름_수트_수트팬츠_ZB,34,3417860,139000.0,29208.0,102873.0,9,102806.0,102620.0,100525.0,28.0,01_시즌
2023,2023-09-17,여름_수트_수트팬츠_ZC,13,1608770,159000.0,31410.0,116639.0,9,127028.0,112299.0,123752.0,22.0,01_시즌
2023,2023-09-17,여름_스웨터_T-에리_ZA,31,1244700,109900.0,13619.0,40134.0,9,39027.0,45766.0,40152.0,63.0,01_시즌
2023,2023-09-17,여름_스웨터_T-에리_ZB,182,6783878,99900.0,9992.0,36826.0,9,32242.0,37504.0,37274.0,63.0,01_시즌
2023,2023-09-17,여름_스웨터_라운드_ZA,87,2819400,109900.0,11520.0,40089.0,9,44489.0,47302.0,32407.0,71.0,01_시즌
2023,2023-09-17,여름_스웨터_라운드_ZB,173,5972790,89900.0,11157.0,35326.0,9,34015.0,40720.0,34525.0,62.0,01_시즌
2023,2023-09-17,여름_우븐 셔츠_드레스셔츠_ZB,1052,22738900,69900.0,6333.0,22324.0,9,22520.0,27367.0,21615.0,69.0,01_시즌
2023,2023-09-17,여름_우븐 셔츠_캐쥬얼셔츠_ZA,178,5147054,115486.0,11917.0,35402.0,9,37741.0,46228.0,28916.0,75.0,01_시즌
2023,2023-09-17,여름_우븐 셔츠_캐쥬얼셔츠_ZB,453,8300485,89900.0,6803.0,17749.0,9,18478.0,26504.0,18323.0,80.0,01_시즌
2023,2023-09-17,여름_자켓_싱글재킷_ZA,136,15631942,295667.0,38690.0,136185.0,9,133686.0,150546.0,114941.0,61.0,01_시즌
2023,2023-09-17,여름_점퍼_점퍼_ZB,80,7872100,271000.0,32893.0,103264.0,9,86058.0,117600.0,98401.0,64.0,01_시즌
2023,2023-09-17,여름_팬츠_니트팬츠_ZB,181,8189000,109450.0,17872.0,38467.0,9,34790.0,42926.0,45243.0,59.0,01_시즌
2023,2023-09-17,여름_팬츠_반바지_ZA,2,78000,89900.0,14960.0,39000.0,9,38000.0,39129.0,39000.0,57.0,01_시즌
2023,2023-09-17,여름_팬츠_반바지_ZB,73,1890819,86567.0,9254.0,27079.0,9,25623.0,31804.0,25902.0,70.0,01_시즌
2023,2023-09-17,여름_팬츠_팬츠(일반)_ZA,203,11256399,139000.0,16327.0,58025.0,9,56514.0,68404.0,55450.0,60.0,01_시즌
2023,2023-09-17,여름_팬츠_팬츠(일반)_ZB,724,19215457,99900.0,9522.0,27249.0,9,27669.0,40589.0,26541.0,73.0,01_시즌
2023,2023-09-24,가을_니트 셔츠_라운드_ZB,230,8270000,69900.0,5436.0,35957.0,9,43191.0,32345.0,35957.0,49.0,01_시즌
2023,2023-09-24,가을_수트_블레이져(수트)_ZB,449,87200500,279000.0,51925.0,194064.0,9,194444.0,172106.0,194210.0,30.0,01_시즌
2023,2023-09-24,가을_수트_블레이져(수트)_ZC,103,20060100,279000.0,52123.0,194758.0,9,195079.0,170417.0,194758.0,30.0,01_시즌
2023,2023-09-24,가을_수트_수트팬츠_ZB,486,50370940,149000.0,25836.0,103558.0,9,103830.0,91939.0,103644.0,30.0,01_시즌
2023,2023-09-24,가을_수트_수트팬츠_ZC,99,10295900,149000.0,25566.0,103999.0,9,104271.0,90914.0,103999.0,30.0,01_시즌
2023,2023-09-24,가을_우븐 셔츠_캐쥬얼셔츠_ZB,458,21407100,79900.0,8264.0,46654.0,9,53547.0,41615.0,46740.0,42.0,01_시즌
2023,2023-09-24,가을_팬츠_팬츠(일반)_ZB,692,43309900,99900.0,10128.0,62442.0,9,66019.0,51638.0,62587.0,37.0,01_시즌
2023,2023-09-24,겨울_니트 셔츠_라운드_ZB,220,10180000,79900.0,6918.0,46844.0,9,48099.0,39528.0,46273.0,42.0,01_시즌
2023,2023-09-24,겨울_니트 셔츠_라운드_ZG,36,2844000,99900.0,18756.0,79000.0,9,79000.0,66243.0,79000.0,21.0,01_시즌
2023,2023-09-24,겨울_니트 셔츠_오픈형티(맨투맨 등)_ZG,9,851500,119000.0,27848.0,94611.0,9,96806.0,81707.0,94611.0,20.0,01_시즌
2023,2023-09-24,겨울_니트 셔츠_티에리_ZA,101,6942700,99900.0,16378.0,68730.0,9,69429.0,58950.0,68740.0,31.0,01_시즌
2023,2023-09-24,겨울_사파리_패딩사파리_ZB,-2,-558600,399000.0,35989.0,279300.0,9,279300.0,221879.0,279300.0,30.0,01_시즌
2023,2023-09-24,겨울_수트_블레이져(수트)_ZA,60,17235310,419000.0,76271.0,315713.0,9,313510.0,269707.0,287255.0,31.0,01_시즌
2023,2023-09-24,겨울_수트_블레이져(수트)_ZB,459,91403730,279000.0,53259.0,199310.0,9,215753.0,200507.0,199137.0,29.0,01_시즌
2023,2023-09-24,겨울_수트_블레이져(수트)_ZC,80,16848870,334000.0,62804.0,234626.0,9,226563.0,220227.0,210611.0,37.0,01_시즌
2023,2023-09-24,겨울_수트_수트팬츠_ZA,66,10593610,239000.0,42639.0,181029.0,9,178863.0,153705.0,160509.0,33.0,01_시즌
2023,2023-09-24,겨울_수트_수트팬츠_ZB,480,51028030,149000.0,27168.0,106343.0,9,115154.0,106967.0,106308.0,29.0,01_시즌
2023,2023-09-24,겨울_수트_수트팬츠_ZC,76,8538070,179000.0,31976.0,125896.0,9,121075.0,118024.0,112343.0,37.0,01_시즌
2023,2023-09-24,겨울_스웨터_T-에리_ZB,224,14046950,99900.0,13043.0,62906.0,9,63295.0,52803.0,62710.0,37.0,01_시즌
2023,2023-09-24,겨울_스웨터_Turtle_ZA,48,6042000,159000.0,17767.0,125875.0,9,126538.0,103781.0,125875.0,21.0,01_시즌
2023,2023-09-24,겨울_스웨터_라운드_ZA,28,2724400,139000.0,16142.0,97300.0,9,97300.0,76198.0,97300.0,30.0,01_시즌
2023,2023-09-24,겨울_스웨터_라운드_ZB,268,16097660,99900.0,14504.0,60012.0,9,65348.0,55877.0,60066.0,40.0,01_시즌
2023,2023-09-24,겨울_스웨터_오픈형(CARDIGAN)_ZA,46,6461900,179000.0,23630.0,140392.0,9,141548.0,109143.0,140476.0,22.0,01_시즌
2023,2023-09-24,겨울_스웨터_오픈형(CARDIGAN)_ZB,94,11715000,159000.0,18527.0,124628.0,9,125117.0,103408.0,124628.0,22.0,01_시즌
2023,2023-09-24,겨울_우븐 셔츠_캐쥬얼셔츠_ZA,44,3036000,99900.0,10378.0,69000.0,9,69000.0,71801.0,69000.0,31.0,01_시즌
2023,2023-09-24,겨울_자켓_싱글재킷_ZA,257,58894640,324000.0,42380.0,235146.0,9,230405.0,193937.0,229162.0,29.0,01_시즌
2023,2023-09-24,겨울_점퍼_점퍼_ZA,2,398400,249000.0,55447.0,199200.0,9,199200.0,172444.0,199200.0,20.0,01_시즌
2023,2023-09-24,겨울_점퍼_점퍼_ZG,62,9690800,199000.0,34237.0,156303.0,9,158234.0,136290.0,156303.0,21.0,01_시즌
2023,2023-09-24,겨울_점퍼_패딩점퍼_ZB,2,318400,199000.0,22247.0,159200.0,9,159200.0,108431.0,159200.0,20.0,01_시즌
2023,2023-09-24,겨울_코트_더블코트_ZA,0,0,499000.0,86074.0,,9,,289370.0,289370.0,42.0,01_시즌
2023,2023-09-24,겨울_코트_싱글코트_ZA,25,9980000,649000.0,90758.0,399200.0,9,399200.0,383906.0,399200.0,38.0,01_시즌
2023,2023-09-24,겨울_코트_싱글코트_ZB,17,5386400,365667.0,66609.0,299200.0,9,303207.0,200976.0,316847.0,13.0,01_시즌
2023,2023-09-24,겨울_팬츠_니트팬츠_ZG,19,1471950,99900.0,20063.0,77471.0,9,78236.0,62916.0,77471.0,22.0,01_시즌
2023,2023-09-24,겨울_팬츠_팬츠(일반)_ZA,175,15565140,129000.0,17491.0,89329.0,9,95742.0,78429.0,88944.0,31.0,01_시즌
2023,2023-09-24,겨울_팬츠_팬츠(일반)_ZB,59,3651000,99900.0,13931.0,60491.0,9,70150.0,59034.0,61881.0,38.0,01_시즌
2023,2023-09-24,겨울_팬츠_팬츠(일반)_ZG,17,1343000,99900.0,18100.0,79000.0,9,79000.0,69577.0,79000.0,21.0,01_시즌
2023,2023-09-24,사계절_니트 셔츠_라운드_ZB,-598,-17342000,79900.0,7430.0,29000.0,9,29044.0,37400.0,29000.0,64.0,01_시즌
2023,2023-09-24,사계절_데님_데님자켓_ZB,43,5699500,159000.0,14979.0,119152.0,9,111333.0,99312.0,132547.0,17.0,01_시즌
2023,2023-09-24,사계절_데님_데님팬츠_ZB,685,60682685,101900.0,17672.0,71274.0,9,67467.0,64064.0,88588.0,13.0,01_시즌
2023,2023-09-24,사계절_수트_블레이져(수트)_ZB,701,89903715,259000.0,43044.0,112770.0,9,113193.0,142344.0,128251.0,50.0,01_시즌
2023,2023-09-24,사계절_수트_블레이져(수트)_ZC,162,25931000,259000.0,46671.0,155794.0,9,164915.0,165095.0,160068.0,38.0,01_시즌
2023,2023-09-24,사계절_수트_수트팬츠_ZB,767,53692815,139000.0,21826.0,63381.0,9,65170.0,74206.0,70004.0,50.0,01_시즌
2023,2023-09-24,사계절_수트_수트팬츠_ZC,178,15134219,139000.0,24143.0,99980.0,9,92521.0,89643.0,85024.0,39.0,01_시즌
2023,2023-09-24,사계절_우븐 셔츠_드레스셔츠_ZB,1455,38207713,69900.0,7511.0,31726.0,9,34219.0,35960.0,26260.0,62.0,01_시즌
2023,2023-09-24,사계절_자켓_싱글재킷_ZB,39,5675900,239000.0,33934.0,145536.0,9,144838.0,142581.0,145536.0,39.0,01_시즌
2023,2023-09-24,사계절_팬츠_팬츠(일반)_ZB,340,19755177,99900.0,12418.0,58286.0,9,57988.0,61195.0,58103.0,42.0,01_시즌
2023,2023-09-24,여름_니트 셔츠_라운드(V넥 등)_ZB,139,5439945,119900.0,18694.0,39136.0,9,38799.0,45771.0,39136.0,67.0,01_시즌
2023,2023-09-24,여름_니트 셔츠_라운드_ZB,1584,24592501,74900.0,7352.0,20141.0,9,21322.0,28310.0,15526.0,79.0,01_시즌
2023,2023-09-24,여름_니트 셔츠_티에리_ZB,145,3281219,89900.0,8882.0,22515.0,9,24911.0,31790.0,22629.0,75.0,01_시즌
2023,2023-09-24,여름_수트_블레이져(수트)_ZA,29,6628820,359000.0,63357.0,224722.0,9,234030.0,226401.0,228580.0,36.0,01_시즌
2023,2023-09-24,여름_수트_블레이져(수트)_ZB,30,5687640,259000.0,56995.0,192566.0,9,190486.0,190059.0,189588.0,27.0,01_시즌
2023,2023-09-24,여름_수트_블레이져(수트)_ZC,16,3311000,289000.0,60600.0,197120.0,9,200634.0,202872.0,206938.0,28.0,01_시즌
2023,2023-09-24,여름_수트_수트팬츠_ZA,44,5990870,205667.0,33110.0,151267.0,9,138883.0,129858.0,136156.0,34.0,01_시즌
2023,2023-09-24,여름_수트_수트팬츠_ZB,37,3747440,139000.0,29208.0,103749.0,9,102806.0,102620.0,101282.0,27.0,01_시즌
2023,2023-09-24,여름_수트_수트팬츠_ZC,10,1443600,159000.0,31410.0,172866.0,9,127028.0,112299.0,144360.0,9.0,01_시즌
2023,2023-09-24,여름_스웨터_T-에리_ZA,44,1720500,109900.0,13619.0,38468.0,9,39027.0,45766.0,39102.0,64.0,01_시즌
2023,2023-09-24,여름_스웨터_T-에리_ZB,52,1565245,99900.0,9992.0,30100.0,9,32242.0,37504.0,30101.0,70.0,01_시즌
2023,2023-09-24,여름_스웨터_라운드_ZA,22,1128000,109900.0,11520.0,50316.0,9,44489.0,47302.0,51273.0,53.0,01_시즌
2023,2023-09-24,여름_스웨터_라운드_ZB,101,3489390,89900.0,11157.0,34498.0,9,34015.0,40720.0,34548.0,62.0,01_시즌
2023,2023-09-24,여름_우븐 셔츠_드레스셔츠_ZB,905,19788250,69900.0,6333.0,21902.0,9,22520.0,27367.0,21865.0,69.0,01_시즌
2023,2023-09-24,여름_우븐 셔츠_캐쥬얼셔츠_ZA,90,2888050,115486.0,11917.0,34209.0,9,37741.0,46228.0,32089.0,72.0,01_시즌
2023,2023-09-24,여름_우븐 셔츠_캐쥬얼셔츠_ZB,337,6238777,89900.0,6803.0,19199.0,9,18478.0,26504.0,18513.0,79.0,01_시즌
2023,2023-09-24,여름_자켓_싱글재킷_ZA,151,14549304,295667.0,38690.0,128712.0,9,133686.0,150546.0,96353.0,67.0,01_시즌
2023,2023-09-24,여름_점퍼_점퍼_ZB,205,18523450,271000.0,32893.0,79785.0,9,86058.0,117600.0,90358.0,67.0,01_시즌
2023,2023-09-24,여름_팬츠_니트팬츠_ZB,69,2661000,109450.0,17872.0,37243.0,9,34790.0,42926.0,38565.0,65.0,01_시즌
2023,2023-09-24,여름_팬츠_반바지_ZA,0,0,89900.0,14960.0,,9,38000.0,39129.0,38000.0,58.0,01_시즌
2023,2023-09-24,여름_팬츠_반바지_ZB,65,1779150,86567.0,9254.0,25677.0,9,25623.0,31804.0,27372.0,68.0,01_시즌
2023,2023-09-24,여름_팬츠_팬츠(일반)_ZA,192,9247378,139000.0,16327.0,58743.0,9,56514.0,68404.0,48163.0,65.0,01_시즌
2023,2023-09-24,여름_팬츠_팬츠(일반)_ZB,559,15274938,99900.0,9522.0,27450.0,9,27669.0,40589.0,27325.0,73.0,01_시즌
2023,2023-10-01,가을_니트 셔츠_라운드_ZB,328,11900966,69900.0,5436.0,36283.0,10,30315.0,32345.0,36283.0,48.0,01_시즌
2023,2023-10-01,가을_수트_블레이져(수트)_ZB,533,96599244,279000.0,51925.0,180947.0,10,170316.0,172106.0,181237.0,35.0,01_시즌
2023,2023-10-01,가을_수트_블레이져(수트)_ZC,162,29446032,279000.0,52123.0,181766.0,10,170659.0,170417.0,181766.0,35.0,01_시즌
2023,2023-10-01,가을_수트_수트팬츠_ZB,582,56125718,149000.0,25836.0,96346.0,10,90870.0,91939.0,96436.0,35.0,01_시즌
2023,2023-10-01,가을_수트_수트팬츠_ZC,168,16337675,149000.0,25566.0,97248.0,10,91045.0,90914.0,97248.0,35.0,01_시즌
2023,2023-10-01,가을_우븐 셔츠_캐쥬얼셔츠_ZB,601,27436336,79900.0,8264.0,45679.0,10,39281.0,41615.0,45651.0,43.0,01_시즌
2023,2023-10-01,가을_팬츠_팬츠(일반)_ZB,860,52950226,99900.0,10128.0,61436.0,10,52205.0,51638.0,61570.0,38.0,01_시즌
2023,2023-10-01,겨울_니트 셔츠_라운드_ZB,369,16453845,79900.0,6918.0,44576.0,10,44593.0,39528.0,44590.0,44.0,01_시즌
2023,2023-10-01,겨울_니트 셔츠_라운드_ZG,75,5348320,99900.0,18756.0,71000.0,10,70567.0,66243.0,71311.0,29.0,01_시즌
2023,2023-10-01,겨울_니트 셔츠_오픈형티(맨투맨 등)_ZG,16,1420372,119000.0,27848.0,88773.0,10,88322.0,81707.0,88773.0,25.0,01_시즌
2023,2023-10-01,겨울_니트 셔츠_티에리_ZA,166,10727208,99900.0,16378.0,64320.0,10,63890.0,58950.0,64622.0,35.0,01_시즌
2023,2023-10-01,겨울_사파리_패딩사파리_ZB,9,2314196,399000.0,34212.0,261478.0,10,274463.0,221879.0,257133.0,36.0,01_시즌
2023,2023-10-01,겨울_수트_블레이져(수트)_ZA,128,34143657,419000.0,76271.0,297574.0,10,289733.0,269707.0,266747.0,36.0,01_시즌
2023,2023-10-01,겨울_수트_블레이져(수트)_ZB,571,103656787,279000.0,53252.0,181440.0,10,197081.0,200507.0,181536.0,35.0,01_시즌
2023,2023-10-01,겨울_수트_블레이져(수트)_ZC,111,22551522,334000.0,62799.0,216042.0,10,227604.0,220227.0,203167.0,39.0,01_시즌
2023,2023-10-01,겨울_수트_수트팬츠_ZA,145,21171435,239000.0,42609.0,169342.0,10,165243.0,153705.0,146010.0,39.0,01_시즌
2023,2023-10-01,겨울_수트_수트팬츠_ZB,584,56615398,149000.0,27168.0,96834.0,10,105031.0,106967.0,96944.0,35.0,01_시즌
2023,2023-10-01,겨울_수트_수트팬츠_ZC,125,13283332,179000.0,31976.0,115758.0,10,121988.0,118024.0,106267.0,41.0,01_시즌
2023,2023-10-01,겨울_스웨터_T-에리_ZA,30,2800893,139000.0,17186.0,93363.0,10,88845.0,75847.0,93363.0,33.0,01_시즌
2023,2023-10-01,겨울_스웨터_T-에리_ZB,493,31038684,99900.0,13043.0,62605.0,10,61649.0,52803.0,62959.0,37.0,01_시즌
2023,2023-10-01,겨울_스웨터_Turtle_ZA,162,19114559,159000.0,17767.0,117991.0,10,114283.0,103781.0,117991.0,26.0,01_시즌
2023,2023-10-01,겨울_스웨터_라운드_ZA,21,1856297,139000.0,16142.0,88395.0,10,88034.0,76198.0,88395.0,36.0,01_시즌
2023,2023-10-01,겨울_스웨터_라운드_ZB,763,47487322,99900.0,14504.0,62194.0,10,61797.0,55877.0,62238.0,38.0,01_시즌
2023,2023-10-01,겨울_스웨터_오픈형(CARDIGAN)_ZA,135,18043579,179000.0,23630.0,133845.0,10,133290.0,109143.0,133656.0,25.0,01_시즌
2023,2023-10-01,겨울_스웨터_오픈형(CARDIGAN)_ZB,148,17646426,159000.0,18527.0,119233.0,10,118327.0,103408.0,119233.0,25.0,01_시즌
2023,2023-10-01,겨울_우븐 셔츠_캐쥬얼셔츠_ZA,165,12943567,119300.0,19806.0,83938.0,10,80351.0,71801.0,78446.0,34.0,01_시즌
2023,2023-10-01,겨울_자켓_싱글재킷_ZA,411,84859046,324000.0,42535.0,219396.0,10,207036.0,193937.0,206470.0,36.0,01_시즌
2023,2023-10-01,겨울_점퍼_점퍼_ZA,11,2049819,249000.0,55252.0,186347.0,10,189120.0,172444.0,186347.0,25.0,01_시즌
2023,2023-10-01,겨울_점퍼_점퍼_ZG,157,22772614,199000.0,34237.0,145048.0,10,144877.0,136290.0,145048.0,27.0,01_시즌
2023,2023-10-01,겨울_점퍼_패딩점퍼_ZB,31,4595680,199000.0,22402.0,148500.0,10,139655.0,108431.0,148248.0,26.0,01_시즌
2023,2023-10-01,겨울_코트_더블코트_ZA,0,0,499000.0,86563.0,,10,346200.0,289370.0,346200.0,31.0,01_시즌
2023,2023-10-01,겨울_코트_싱글코트_ZA,48,22266187,649000.0,90758.0,510088.0,10,467894.0,383906.0,463879.0,29.0,01_시즌
2023,2023-10-01,겨울_코트_싱글코트_ZB,62,18301453,365667.0,66515.0,284244.0,10,238083.0,200976.0,295185.0,19.0,01_시즌
2023,2023-10-01,겨울_팬츠_니트팬츠_ZG,30,1942423,99900.0,20063.0,64747.0,10,71316.0,62916.0,64747.0,35.0,01_시즌
2023,2023-10-01,겨울_팬츠_팬츠(일반)_ZA,338,27981651,129000.0,17752.0,83199.0,10,81945.0,78429.0,82786.0,36.0,01_시즌
2023,2023-10-01,겨울_팬츠_팬츠(일반)_ZB,224,13863067,99900.0,13979.0,62432.0,10,63200.0,59034.0,61889.0,38.0,01_시즌
2023,2023-10-01,겨울_팬츠_팬츠(일반)_ZG,65,4641706,99900.0,18100.0,71411.0,10,73784.0,69577.0,71411.0,29.0,01_시즌
2023,2023-10-01,사계절_니트 셔츠_라운드_ZB,251,7243143,79900.0,7430.0,28857.0,10,27129.0,37400.0,28857.0,64.0,01_시즌
2023,2023-10-01,사계절_데님_데님자켓_ZB,117,14792088,159000.0,14979.0,111760.0,10,115926.0,99312.0,126428.0,20.0,01_시즌
2023,2023-10-01,사계절_데님_데님팬츠_ZB,3161,208283998,101900.0,17672.0,60948.0,10,61683.0,64064.0,65892.0,35.0,01_시즌
2023,2023-10-01,사계절_수트_블레이져(수트)_ZB,1062,132212573,259000.0,43044.0,111082.0,10,115426.0,142344.0,124494.0,52.0,01_시즌
2023,2023-10-01,사계절_수트_블레이져(수트)_ZC,182,27763413,259000.0,46671.0,156225.0,10,155496.0,165095.0,152546.0,41.0,01_시즌
2023,2023-10-01,사계절_수트_수트팬츠_ZB,1183,76020654,139000.0,21826.0,57674.0,10,62200.0,74206.0,64261.0,54.0,01_시즌
2023,2023-10-01,사계절_수트_수트팬츠_ZC,201,16607782,139000.0,24143.0,88453.0,10,89422.0,89643.0,82626.0,41.0,01_시즌
2023,2023-10-01,사계절_우븐 셔츠_드레스셔츠_ZB,3117,81944569,69900.0,7511.0,29021.0,10,31413.0,35960.0,26290.0,62.0,01_시즌
2023,2023-10-01,사계절_자켓_싱글재킷_ZB,52,6809845,239000.0,33934.0,130959.0,10,127602.0,142581.0,130959.0,45.0,01_시즌
2023,2023-10-01,사계절_팬츠_팬츠(일반)_ZB,560,26739571,99900.0,12418.0,48057.0,10,52657.0,61195.0,47749.0,52.0,01_시즌
2023,2023-10-08,가을_니트 셔츠_라운드_ZB,434,15426372,69900.0,5436.0,35545.0,10,30315.0,32345.0,35545.0,49.0,01_시즌
2023,2023-10-08,가을_수트_블레이져(수트)_ZB,539,96706916,279000.0,51925.0,179374.0,10,170316.0,172106.0,179419.0,36.0,01_시즌
2023,2023-10-08,가을_수트_블레이져(수트)_ZC,178,31872278,279000.0,52123.0,179058.0,10,170659.0,170417.0,179058.0,36.0,01_시즌
2023,2023-10-08,가을_수트_수트팬츠_ZB,582,55615614,149000.0,25836.0,95606.0,10,90870.0,91939.0,95559.0,36.0,01_시즌
2023,2023-10-08,가을_수트_수트팬츠_ZC,187,17846822,149000.0,25566.0,95438.0,10,91045.0,90914.0,95438.0,36.0,01_시즌
2023,2023-10-08,가을_우븐 셔츠_캐쥬얼셔츠_ZB,568,25656313,79900.0,8264.0,45184.0,10,39281.0,41615.0,45170.0,43.0,01_시즌
2023,2023-10-08,가을_팬츠_팬츠(일반)_ZB,1072,63525429,99900.0,10128.0,59258.0,10,52205.0,51638.0,59259.0,41.0,01_시즌
2023,2023-10-08,겨울_니트 셔츠_라운드_ZB,916,40112673,79900.0,6918.0,43794.0,10,44593.0,39528.0,43791.0,45.0,01_시즌
2023,2023-10-08,겨울_니트 셔츠_라운드_ZG,57,3641988,99900.0,18756.0,64403.0,10,70567.0,66243.0,63895.0,36.0,01_시즌
2023,2023-10-08,겨울_니트 셔츠_오픈형티(맨투맨 등)_ZG,16,1384759,119000.0,27848.0,86547.0,10,88322.0,81707.0,86547.0,27.0,01_시즌
2023,2023-10-08,겨울_니트 셔츠_티에리_ZA,239,14271820,99900.0,16378.0,60000.0,10,63890.0,58950.0,59715.0,40.0,01_시즌
2023,2023-10-08,겨울_사파리_패딩사파리_ZB,0,-118101,399000.0,34212.0,285663.0,10,274463.0,221879.0,285663.0,28.0,01_시즌
2023,2023-10-08,겨울_수트_블레이져(수트)_ZA,173,45811490,419000.0,76271.0,296450.0,10,289733.0,269707.0,264806.0,37.0,01_시즌
2023,2023-10-08,겨울_수트_블레이져(수트)_ZB,842,150902587,279000.0,53252.0,179094.0,10,197081.0,200507.0,179219.0,36.0,01_시즌
2023,2023-10-08,겨울_수트_블레이져(수트)_ZC,162,30981462,334000.0,62799.0,215700.0,10,227604.0,220227.0,191244.0,43.0,01_시즌
2023,2023-10-08,겨울_수트_수트팬츠_ZA,189,27603589,239000.0,42609.0,169348.0,10,165243.0,153705.0,146051.0,39.0,01_시즌
2023,2023-10-08,겨울_수트_수트팬츠_ZB,909,87023504,149000.0,27168.0,95817.0,10,105031.0,106967.0,95735.0,36.0,01_시즌
2023,2023-10-08,겨울_수트_수트팬츠_ZC,162,16455416,179000.0,31976.0,115118.0,10,121988.0,118024.0,101577.0,43.0,01_시즌
2023,2023-10-08,겨울_스웨터_T-에리_ZA,33,2376739,139000.0,17186.0,72022.0,10,88845.0,75847.0,72022.0,48.0,01_시즌
2023,2023-10-08,겨울_스웨터_T-에리_ZB,663,38878504,99900.0,13043.0,58751.0,10,61649.0,52803.0,58640.0,41.0,01_시즌
2023,2023-10-08,겨울_스웨터_Turtle_ZA,293,32709417,159000.0,17767.0,111636.0,10,114283.0,103781.0,111636.0,30.0,01_시즌
2023,2023-10-08,겨울_스웨터_Turtle_ZB,0,0,99900.0,14939.0,,10,75229.0,58030.0,75229.0,25.0,01_시즌
2023,2023-10-08,겨울_스웨터_라운드_ZA,93,6854651,139000.0,16142.0,73706.0,10,88034.0,76198.0,73706.0,47.0,01_시즌
2023,2023-10-08,겨울_스웨터_라운드_ZB,1322,80348073,99900.0,14504.0,60800.0,10,61797.0,55877.0,60778.0,39.0,01_시즌
2023,2023-10-08,겨울_스웨터_오픈형(CARDIGAN)_ZA,177,22833318,179000.0,23630.0,128530.0,10,133290.0,109143.0,129002.0,28.0,01_시즌
2023,2023-10-08,겨울_스웨터_오픈형(CARDIGAN)_ZB,218,25582794,159000.0,18527.0,117352.0,10,118327.0,103408.0,117352.0,26.0,01_시즌
2023,2023-10-08,겨울_우븐 셔츠_캐쥬얼셔츠_ZA,285,22471120,119300.0,19806.0,80911.0,10,80351.0,71801.0,78846.0,34.0,01_시즌
2023,2023-10-08,겨울_자켓_싱글재킷_ZA,552,108370627,324000.0,42535.0,207484.0,10,207036.0,193937.0,196324.0,39.0,01_시즌
2023,2023-10-08,겨울_점퍼_점퍼_ZA,23,4207728,249000.0,55252.0,182945.0,10,189120.0,172444.0,182945.0,27.0,01_시즌
2023,2023-10-08,겨울_점퍼_점퍼_ZG,211,29969390,199000.0,34237.0,142035.0,10,144877.0,136290.0,142035.0,29.0,01_시즌
2023,2023-10-08,겨울_점퍼_패딩점퍼_ZB,72,10119574,224000.0,26785.0,140411.0,10,139655.0,108431.0,140550.0,37.0,01_시즌
2023,2023-10-08,겨울_코트_더블코트_ZA,9,3332800,499000.0,86563.0,370311.0,10,346200.0,289370.0,370311.0,26.0,01_시즌
2023,2023-10-08,겨울_코트_싱글코트_ZA,11,3485481,649000.0,90758.0,501526.0,10,467894.0,383906.0,316862.0,51.0,01_시즌
2023,2023-10-08,겨울_코트_싱글코트_ZB,37,9754844,365667.0,66352.0,278819.0,10,238083.0,200976.0,263644.0,28.0,01_시즌
2023,2023-10-08,겨울_팬츠_니트팬츠_ZG,48,3167844,99900.0,20063.0,65997.0,10,71316.0,62916.0,65997.0,34.0,01_시즌
2023,2023-10-08,겨울_팬츠_팬츠(일반)_ZA,484,40071372,129000.0,17752.0,82749.0,10,81945.0,78429.0,82792.0,36.0,01_시즌
2023,2023-10-08,겨울_팬츠_팬츠(일반)_ZB,543,32537456,99900.0,14185.0,60549.0,10,63200.0,59034.0,59922.0,40.0,01_시즌
2023,2023-10-08,겨울_팬츠_팬츠(일반)_ZG,66,4759336,99900.0,18100.0,72111.0,10,73784.0,69577.0,72111.0,28.0,01_시즌
2023,2023-10-08,사계절_니트 셔츠_라운드_ZB,499,13532771,79900.0,7430.0,27120.0,10,27129.0,37400.0,27120.0,66.0,01_시즌
2023,2023-10-08,사계절_데님_데님자켓_ZB,108,13027941,159000.0,14979.0,110204.0,10,115926.0,99312.0,120629.0,24.0,01_시즌
2023,2023-10-08,사계절_데님_데님팬츠_ZB,-1606,-118012176,101900.0,17672.0,62667.0,10,61683.0,64064.0,73482.0,28.0,01_시즌
2023,2023-10-08,사계절_수트_블레이져(수트)_ZB,796,116783012,259000.0,43044.0,120614.0,10,115426.0,142344.0,146712.0,43.0,01_시즌
2023,2023-10-08,사계절_수트_블레이져(수트)_ZC,203,31089608,259000.0,46671.0,156808.0,10,155496.0,165095.0,153151.0,41.0,01_시즌
2023,2023-10-08,사계절_수트_수트팬츠_ZB,884,69737944,139000.0,21826.0,64808.0,10,62200.0,74206.0,78889.0,43.0,01_시즌
2023,2023-10-08,사계절_수트_수트팬츠_ZC,216,17792277,139000.0,24143.0,84298.0,10,89422.0,89643.0,82372.0,41.0,01_시즌
2023,2023-10-08,사계절_우븐 셔츠_드레스셔츠_ZB,2705,75534847,69900.0,7511.0,32336.0,10,31413.0,35960.0,27924.0,60.0,01_시즌
2023,2023-10-08,사계절_자켓_싱글재킷_ZB,54,6863517,239000.0,33934.0,127102.0,10,127602.0,142581.0,127102.0,47.0,01_시즌
2023,2023-10-08,사계절_팬츠_팬츠(일반)_ZB,457,25309828,99900.0,12418.0,57042.0,10,52657.0,61195.0,55383.0,45.0,01_시즌
2023,2023-10-15,가을_니트 셔츠_라운드_ZB,406,12554590,69900.0,5436.0,30923.0,10,30315.0,32345.0,30923.0,56.0,01_시즌
2023,2023-10-15,가을_수트_블레이져(수트)_ZB,523,92291590,279000.0,51925.0,176476.0,10,170316.0,172106.0,176466.0,37.0,01_시즌
2023,2023-10-15,가을_수트_블레이져(수트)_ZC,172,30301089,279000.0,52123.0,176169.0,10,170659.0,170417.0,176169.0,37.0,01_시즌
2023,2023-10-15,가을_수트_수트팬츠_ZB,582,54850745,149000.0,25836.0,94245.0,10,90870.0,91939.0,94245.0,37.0,01_시즌
2023,2023-10-15,가을_수트_수트팬츠_ZC,185,17396225,149000.0,25566.0,94034.0,10,91045.0,90914.0,94034.0,37.0,01_시즌
2023,2023-10-15,가을_우븐 셔츠_캐쥬얼셔츠_ZB,512,20766918,79900.0,8264.0,40642.0,10,39281.0,41615.0,40560.0,49.0,01_시즌
2023,2023-10-15,가을_팬츠_팬츠(일반)_ZB,904,45605587,99900.0,10128.0,50251.0,10,52205.0,51638.0,50449.0,50.0,01_시즌
2023,2023-10-15,겨울_니트 셔츠_라운드_ZB,703,31040033,79900.0,6918.0,44122.0,10,44593.0,39528.0,44154.0,45.0,01_시즌
2023,2023-10-15,겨울_니트 셔츠_라운드_ZG,58,3830873,99900.0,18756.0,64850.0,10,70567.0,66243.0,66050.0,34.0,01_시즌
2023,2023-10-15,겨울_니트 셔츠_오픈형티(맨투맨 등)_ZG,24,1911953,119000.0,27848.0,79665.0,10,88322.0,81707.0,79665.0,33.0,01_시즌
2023,2023-10-15,겨울_니트 셔츠_티에리_ZA,136,8882453,99900.0,16378.0,65664.0,10,63890.0,58950.0,65312.0,35.0,01_시즌
2023,2023-10-15,겨울_사파리_패딩사파리_ZB,19,4634722,432333.0,44537.0,243948.0,10,274463.0,221879.0,243933.0,44.0,01_시즌
2023,2023-10-15,겨울_수트_블레이져(수트)_ZA,147,41126509,419000.0,76271.0,292077.0,10,289733.0,269707.0,279772.0,33.0,01_시즌
2023,2023-10-15,겨울_수트_블레이져(수트)_ZB,631,128802522,279000.0,53252.0,204341.0,10,197081.0,200507.0,204124.0,27.0,01_시즌
2023,2023-10-15,겨울_수트_블레이져(수트)_ZC,155,34399911,334000.0,62799.0,236152.0,10,227604.0,220227.0,221935.0,34.0,01_시즌
2023,2023-10-15,겨울_수트_수트팬츠_ZA,159,24728976,239000.0,42609.0,166566.0,10,165243.0,153705.0,155528.0,35.0,01_시즌
2023,2023-10-15,겨울_수트_수트팬츠_ZB,653,70999574,149000.0,27168.0,108682.0,10,105031.0,106967.0,108728.0,27.0,01_시즌
2023,2023-10-15,겨울_수트_수트팬츠_ZC,158,18713241,179000.0,31976.0,126516.0,10,121988.0,118024.0,118438.0,34.0,01_시즌
2023,2023-10-15,겨울_스웨터_T-에리_ZA,32,3051947,139000.0,17186.0,95373.0,10,88845.0,75847.0,95373.0,31.0,01_시즌
2023,2023-10-15,겨울_스웨터_T-에리_ZB,547,34505607,99900.0,13043.0,62996.0,10,61649.0,52803.0,63082.0,37.0,01_시즌
2023,2023-10-15,겨울_스웨터_Turtle_ZA,231,27196301,159000.0,17767.0,117733.0,10,114283.0,103781.0,117733.0,26.0,01_시즌
2023,2023-10-15,겨울_스웨터_Turtle_ZB,18,1426730,99900.0,14939.0,79263.0,10,75229.0,58030.0,79263.0,21.0,01_시즌
2023,2023-10-15,겨울_스웨터_라운드_ZA,50,4504193,139000.0,15962.0,90084.0,10,88034.0,76198.0,90084.0,35.0,01_시즌
2023,2023-10-15,겨울_스웨터_라운드_ZB,623,37595942,99900.0,14504.0,60586.0,10,61797.0,55877.0,60347.0,40.0,01_시즌
2023,2023-10-15,겨울_스웨터_오픈형(CARDIGAN)_ZA,133,17240543,179000.0,23630.0,134018.0,10,133290.0,109143.0,129628.0,28.0,01_시즌
2023,2023-10-15,겨울_스웨터_오픈형(CARDIGAN)_ZB,188,22705717,159000.0,18527.0,120775.0,10,118327.0,103408.0,120775.0,24.0,01_시즌
2023,2023-10-15,겨울_우븐 셔츠_캐쥬얼셔츠_ZA,301,24784686,119300.0,19806.0,81524.0,10,80351.0,71801.0,82341.0,31.0,01_시즌
2023,2023-10-15,겨울_자켓_싱글재킷_ZA,639,136130249,324000.0,42535.0,221616.0,10,207036.0,193937.0,213036.0,34.0,01_시즌
2023,2023-10-15,겨울_점퍼_점퍼_ZA,32,6194930,249000.0,55252.0,193592.0,10,189120.0,172444.0,193592.0,22.0,01_시즌
2023,2023-10-15,겨울_점퍼_점퍼_ZG,219,28963873,199000.0,34237.0,132255.0,10,144877.0,136290.0,132255.0,34.0,01_시즌
2023,2023-10-15,겨울_점퍼_패딩점퍼_ZB,162,20537573,224000.0,26786.0,143856.0,10,139655.0,108431.0,126775.0,43.0,01_시즌
2023,2023-10-15,겨울_코트_더블코트_ZA,24,8482800,499000.0,86701.0,353450.0,10,346200.0,289370.0,353450.0,29.0,01_시즌
2023,2023-10-15,겨울_코트_싱글코트_ZA,45,13101251,649000.0,90758.0,552104.0,10,467894.0,383906.0,291139.0,55.0,01_시즌
2023,2023-10-15,겨울_코트_싱글코트_ZB,153,42179480,365667.0,66967.0,244521.0,10,238083.0,200976.0,275683.0,25.0,01_시즌
2023,2023-10-15,겨울_팬츠_니트팬츠_ZG,41,3062458,99900.0,20063.0,74694.0,10,71316.0,62916.0,74694.0,25.0,01_시즌
2023,2023-10-15,겨울_팬츠_팬츠(일반)_ZA,497,43900483,129000.0,17755.0,86830.0,10,81945.0,78429.0,88331.0,32.0,01_시즌
2023,2023-10-15,겨울_팬츠_팬츠(일반)_ZB,713,43647717,99900.0,14185.0,62385.0,10,63200.0,59034.0,61217.0,39.0,01_시즌
2023,2023-10-15,겨울_팬츠_팬츠(일반)_ZG,73,5591306,99900.0,18100.0,76593.0,10,73784.0,69577.0,76593.0,23.0,01_시즌
2023,2023-10-15,사계절_니트 셔츠_라운드_ZB,342,9914391,79900.0,7430.0,28989.0,10,27129.0,37400.0,28989.0,64.0,01_시즌
2023,2023-10-15,사계절_데님_데님자켓_ZB,55,7464619,159000.0,14979.0,124546.0,10,115926.0,99312.0,135720.0,15.0,01_시즌
2023,2023-10-15,사계절_데님_데님팬츠_ZB,-602,-42087539,101900.0,17672.0,66918.0,10,61683.0,64064.0,69913.0,31.0,01_시즌
2023,2023-10-15,사계절_수트_블레이져(수트)_ZB,882,114158559,259000.0,43044.0,109510.0,10,115426.0,142344.0,129431.0,50.0,01_시즌
2023,2023-10-15,사계절_수트_블레이져(수트)_ZC,200,30476405,259000.0,46671.0,158953.0,10,155496.0,165095.0,152382.0,41.0,01_시즌
2023,2023-10-15,사계절_수트_수트팬츠_ZB,977,67550472,139000.0,21826.0,57724.0,10,62200.0,74206.0,69141.0,50.0,01_시즌
2023,2023-10-15,사계절_수트_수트팬츠_ZC,196,15990436,139000.0,24143.0,86872.0,10,89422.0,89643.0,81584.0,41.0,01_시즌
2023,2023-10-15,사계절_우븐 셔츠_드레스셔츠_ZB,2742,76858750,69900.0,7511.0,34500.0,10,31413.0,35960.0,28030.0,60.0,01_시즌
2023,2023-10-15,사계절_자켓_싱글재킷_ZB,40,5559542,239000.0,33934.0,138989.0,10,127602.0,142581.0,138989.0,42.0,01_시즌
2023,2023-10-15,사계절_팬츠_팬츠(일반)_ZB,387,20698341,99900.0,12418.0,54477.0,10,52657.0,61195.0,53484.0,46.0,01_시즌
2023,2023-10-22,가을_니트 셔츠_라운드_ZB,354,9391081,69900.0,5436.0,26528.0,10,30315.0,32345.0,26528.0,62.0,01_시즌
2023,2023-10-22,가을_수트_블레이져(수트)_ZB,389,61799895,279000.0,51925.0,158774.0,10,170316.0,172106.0,158869.0,43.0,01_시즌
2023,2023-10-22,가을_수트_블레이져(수트)_ZC,125,20021040,279000.0,52123.0,160168.0,10,170659.0,170417.0,160168.0,43.0,01_시즌
2023,2023-10-22,가을_수트_수트팬츠_ZB,418,35488075,149000.0,25836.0,84824.0,10,90870.0,91939.0,84900.0,43.0,01_시즌
2023,2023-10-22,가을_수트_수트팬츠_ZC,125,10640090,149000.0,25566.0,85121.0,10,91045.0,90914.0,85121.0,43.0,01_시즌
2023,2023-10-22,가을_우븐 셔츠_캐쥬얼셔츠_ZB,379,13622298,79900.0,8264.0,35917.0,10,39281.0,41615.0,35943.0,55.0,01_시즌
2023,2023-10-22,가을_팬츠_팬츠(일반)_ZB,884,44370127,99900.0,10128.0,48532.0,10,52205.0,51638.0,50192.0,50.0,01_시즌
2023,2023-10-22,겨울_니트 셔츠_라운드_ZB,725,34474087,79900.0,6918.0,47544.0,10,44593.0,39528.0,47550.0,40.0,01_시즌
2023,2023-10-22,겨울_니트 셔츠_라운드_ZG,56,4378900,99900.0,18756.0,78510.0,10,70567.0,66243.0,78195.0,22.0,01_시즌
2023,2023-10-22,겨울_니트 셔츠_오픈형티(맨투맨 등)_ZG,21,1958200,119000.0,27848.0,93248.0,10,88322.0,81707.0,93248.0,22.0,01_시즌
2023,2023-10-22,겨울_니트 셔츠_티에리_ZA,101,6850560,99900.0,16378.0,67819.0,10,63890.0,58950.0,67827.0,32.0,01_시즌
2023,2023-10-22,겨울_사파리_패딩사파리_ZB,36,8917024,474000.0,56884.0,270131.0,10,274463.0,221879.0,247695.0,48.0,01_시즌
2023,2023-10-22,겨울_수트_블레이져(수트)_ZA,117,31773700,419000.0,76271.0,289453.0,10,289733.0,269707.0,271570.0,35.0,01_시즌
2023,2023-10-22,겨울_수트_블레이져(수트)_ZB,544,116097480,279000.0,53252.0,213684.0,10,197081.0,200507.0,213414.0,24.0,01_시즌
2023,2023-10-22,겨울_수트_블레이져(수트)_ZC,149,33344890,334000.0,62799.0,240234.0,10,227604.0,220227.0,223791.0,33.0,01_시즌
2023,2023-10-22,겨울_수트_수트팬츠_ZA,131,19521250,239000.0,42609.0,164492.0,10,165243.0,153705.0,149017.0,38.0,01_시즌
2023,2023-10-22,겨울_수트_수트팬츠_ZB,589,66878650,149000.0,27168.0,113378.0,10,105031.0,106967.0,113546.0,24.0,01_시즌
2023,2023-10-22,겨울_수트_수트팬츠_ZC,148,17605407,179000.0,31976.0,129383.0,10,121988.0,118024.0,118955.0,34.0,01_시즌
2023,2023-10-22,겨울_스웨터_T-에리_ZA,28,2651200,139000.0,17186.0,94686.0,10,88845.0,75847.0,94686.0,32.0,01_시즌
2023,2023-10-22,겨울_스웨터_T-에리_ZB,406,26762310,99900.0,13043.0,66379.0,10,61649.0,52803.0,65917.0,34.0,01_시즌
2023,2023-10-22,겨울_스웨터_Turtle_ZA,212,24478588,159000.0,17767.0,115465.0,10,114283.0,103781.0,115465.0,27.0,01_시즌
2023,2023-10-22,겨울_스웨터_Turtle_ZB,99,7663968,99900.0,14224.0,77235.0,10,75229.0,58030.0,77414.0,23.0,01_시즌
2023,2023-10-22,겨울_스웨터_라운드_ZA,81,7586630,139000.0,15962.0,93700.0,10,88034.0,76198.0,93662.0,33.0,01_시즌
2023,2023-10-22,겨울_스웨터_라운드_ZB,839,54821311,99900.0,14504.0,65240.0,10,61797.0,55877.0,65341.0,35.0,01_시즌
2023,2023-10-22,겨울_스웨터_오픈형(CARDIGAN)_ZA,130,18417323,179000.0,23630.0,142289.0,10,133290.0,109143.0,141672.0,21.0,01_시즌
2023,2023-10-22,겨울_스웨터_오픈형(CARDIGAN)_ZB,34,4138600,159000.0,18527.0,121724.0,10,118327.0,103408.0,121724.0,23.0,01_시즌
2023,2023-10-22,겨울_우븐 셔츠_캐쥬얼셔츠_ZA,288,25523416,119300.0,19806.0,80223.0,10,80351.0,71801.0,88623.0,26.0,01_시즌
2023,2023-10-22,겨울_자켓_싱글재킷_ZA,512,102097284,324000.0,42535.0,197272.0,10,207036.0,193937.0,199409.0,38.0,01_시즌
2023,2023-10-22,겨울_점퍼_점퍼_ZA,38,7562000,249000.0,55239.0,199000.0,10,189120.0,172444.0,199000.0,20.0,01_시즌
2023,2023-10-22,겨울_점퍼_점퍼_ZG,141,22152500,199000.0,34237.0,157110.0,10,144877.0,136290.0,157110.0,21.0,01_시즌
2023,2023-10-22,겨울_점퍼_패딩점퍼_ZB,287,36258453,224000.0,26786.0,141212.0,10,139655.0,108431.0,126336.0,44.0,01_시즌
2023,2023-10-22,겨울_코트_더블코트_ZA,30,10077900,499000.0,86701.0,335930.0,10,346200.0,289370.0,335930.0,33.0,01_시즌
2023,2023-10-22,겨울_코트_싱글코트_ZA,163,50935403,649000.0,90758.0,402351.0,10,467894.0,383906.0,312487.0,52.0,01_시즌
2023,2023-10-22,겨울_코트_싱글코트_ZB,189,43019249,361500.0,66745.0,223811.0,10,238083.0,200976.0,227615.0,37.0,01_시즌
2023,2023-10-22,겨울_팬츠_니트팬츠_ZG,31,2374850,99900.0,20063.0,76608.0,10,71316.0,62916.0,76608.0,23.0,01_시즌
2023,2023-10-22,겨울_팬츠_팬츠(일반)_ZA,329,26472898,129000.0,17755.0,80471.0,10,81945.0,78429.0,80465.0,38.0,01_시즌
2023,2023-10-22,겨울_팬츠_팬츠(일반)_ZB,928,58922745,99900.0,14183.0,66225.0,10,63200.0,59034.0,63494.0,36.0,01_시즌
2023,2023-10-22,겨울_팬츠_팬츠(일반)_ZG,54,4159885,99900.0,18100.0,77035.0,10,73784.0,69577.0,77035.0,23.0,01_시즌
2023,2023-10-22,사계절_니트 셔츠_라운드_ZB,106,2226600,79900.0,7430.0,21006.0,10,27129.0,37400.0,21006.0,74.0,01_시즌
2023,2023-10-22,사계절_데님_데님자켓_ZB,35,4516000,159000.0,14979.0,118812.0,10,115926.0,99312.0,129029.0,19.0,01_시즌
2023,2023-10-22,사계절_데님_데님팬츠_ZB,1048,29988400,101900.0,17672.0,59791.0,10,61683.0,64064.0,28615.0,72.0,01_시즌
2023,2023-10-22,사계절_수트_블레이져(수트)_ZB,684,94946528,259000.0,43044.0,112072.0,10,115426.0,142344.0,138811.0,46.0,01_시즌
2023,2023-10-22,사계절_수트_블레이져(수트)_ZC,191,29117200,259000.0,46671.0,149689.0,10,155496.0,165095.0,152446.0,41.0,01_시즌
2023,2023-10-22,사계절_수트_수트팬츠_ZB,768,58590553,139000.0,21826.0,62552.0,10,62200.0,74206.0,76290.0,45.0,01_시즌
2023,2023-10-22,사계절_수트_수트팬츠_ZC,176,15128750,139000.0,24143.0,103569.0,10,89422.0,89643.0,85959.0,38.0,01_시즌
2023,2023-10-22,사계절_우븐 셔츠_드레스셔츠_ZB,2527,64501782,69900.0,7511.0,30438.0,10,31413.0,35960.0,25525.0,63.0,01_시즌
2023,2023-10-22,사계절_자켓_싱글재킷_ZB,32,3840100,239000.0,33934.0,120003.0,10,127602.0,142581.0,120003.0,50.0,01_시즌
2023,2023-10-22,사계절_팬츠_팬츠(일반)_ZB,240,12140873,99900.0,12418.0,52510.0,10,52657.0,61195.0,50587.0,49.0,01_시즌
2023,2023-10-29,가을_니트 셔츠_라운드_ZB,404,9007134,69900.0,5436.0,22295.0,10,30315.0,32345.0,22295.0,68.0,01_시즌
2023,2023-10-29,가을_수트_블레이져(수트)_ZB,402,62694648,279000.0,51925.0,156011.0,10,170316.0,172106.0,155957.0,44.0,01_시즌
2023,2023-10-29,가을_수트_블레이져(수트)_ZC,145,22639176,279000.0,52123.0,156132.0,10,170659.0,170417.0,156132.0,44.0,01_시즌
2023,2023-10-29,가을_수트_수트팬츠_ZB,448,37320328,149000.0,25836.0,83328.0,10,90870.0,91939.0,83304.0,44.0,01_시즌
2023,2023-10-29,가을_수트_수트팬츠_ZC,146,12173896,149000.0,25566.0,83383.0,10,91045.0,90914.0,83383.0,44.0,01_시즌
2023,2023-10-29,가을_우븐 셔츠_캐쥬얼셔츠_ZB,442,12865992,79900.0,8264.0,28982.0,10,39281.0,41615.0,29109.0,64.0,01_시즌
2023,2023-10-29,가을_팬츠_팬츠(일반)_ZB,806,33649896,99900.0,10128.0,41548.0,10,52205.0,51638.0,41749.0,58.0,01_시즌
2023,2023-10-29,겨울_니트 셔츠_라운드_ZB,737,31681424,79900.0,6918.0,42928.0,10,44593.0,39528.0,42987.0,46.0,01_시즌
2023,2023-10-29,겨울_니트 셔츠_라운드_ZG,43,3221063,99900.0,18756.0,74073.0,10,70567.0,66243.0,74908.0,25.0,01_시즌
2023,2023-10-29,겨울_니트 셔츠_오픈형티(맨투맨 등)_ZG,18,1680814,119000.0,27848.0,93379.0,10,88322.0,81707.0,93379.0,22.0,01_시즌
2023,2023-10-29,겨울_니트 셔츠_티에리_ZA,137,8451449,99900.0,16378.0,61650.0,10,63890.0,58950.0,61689.0,38.0,01_시즌
2023,2023-10-29,겨울_사파리_패딩사파리_ZB,68,22777458,474000.0,56884.0,293860.0,10,274463.0,221879.0,334963.0,29.0,01_시즌
2023,2023-10-29,겨울_수트_블레이져(수트)_ZA,115,30146991,419000.0,76271.0,273109.0,10,289733.0,269707.0,262148.0,37.0,01_시즌
2023,2023-10-29,겨울_수트_블레이져(수트)_ZB,620,128124159,279000.0,53252.0,206847.0,10,197081.0,200507.0,206652.0,26.0,01_시즌
2023,2023-10-29,겨울_수트_블레이져(수트)_ZC,164,35775572,334000.0,62799.0,229892.0,10,227604.0,220227.0,218144.0,35.0,01_시즌
2023,2023-10-29,겨울_수트_수트팬츠_ZA,124,17998607,239000.0,42609.0,156468.0,10,165243.0,153705.0,145150.0,39.0,01_시즌
2023,2023-10-29,겨울_수트_수트팬츠_ZB,660,72851528,149000.0,27168.0,110446.0,10,105031.0,106967.0,110381.0,26.0,01_시즌
2023,2023-10-29,겨울_수트_수트팬츠_ZC,174,20171307,179000.0,31976.0,123166.0,10,121988.0,118024.0,115927.0,35.0,01_시즌
2023,2023-10-29,겨울_스웨터_T-에리_ZA,26,2308243,139000.0,17186.0,88779.0,10,88845.0,75847.0,88779.0,36.0,01_시즌
2023,2023-10-29,겨울_스웨터_T-에리_ZB,407,23337327,99900.0,13043.0,57515.0,10,61649.0,52803.0,57340.0,43.0,01_시즌
2023,2023-10-29,겨울_스웨터_Turtle_ZA,227,24650234,159000.0,17767.0,108591.0,10,114283.0,103781.0,108591.0,32.0,01_시즌
2023,2023-10-29,겨울_스웨터_Turtle_ZB,137,9769589,99900.0,14224.0,71206.0,10,75229.0,58030.0,71311.0,29.0,01_시즌
2023,2023-10-29,겨울_스웨터_라운드_ZA,88,7722462,139000.0,15962.0,88325.0,10,88034.0,76198.0,87755.0,37.0,01_시즌
2023,2023-10-29,겨울_스웨터_라운드_ZB,828,49913071,99900.0,14504.0,60162.0,10,61797.0,55877.0,60281.0,40.0,01_시즌
2023,2023-10-29,겨울_스웨터_오픈형(CARDIGAN)_ZA,169,21080661,179000.0,23630.0,127772.0,10,133290.0,109143.0,124738.0,30.0,01_시즌
2023,2023-10-29,겨울_스웨터_오픈형(CARDIGAN)_ZB,88,9904694,159000.0,18527.0,112553.0,10,118327.0,103408.0,112553.0,29.0,01_시즌
2023,2023-10-29,겨울_우븐 셔츠_캐쥬얼셔츠_ZA,276,22257719,119300.0,19806.0,75162.0,10,80351.0,71801.0,80644.0,32.0,01_시즌
2023,2023-10-29,겨울_자켓_싱글재킷_ZA,518,98550658,324000.0,42535.0,189412.0,10,207036.0,193937.0,190252.0,41.0,01_시즌
2023,2023-10-29,겨울_점퍼_점퍼_ZA,67,12308962,249000.0,55239.0,183716.0,10,189120.0,172444.0,183716.0,26.0,01_시즌
2023,2023-10-29,겨울_점퍼_점퍼_ZG,127,18787935,199000.0,34237.0,147936.0,10,144877.0,136290.0,147936.0,26.0,01_시즌
2023,2023-10-29,겨울_점퍼_패딩점퍼_ZB,274,32662428,224000.0,26786.0,128908.0,10,139655.0,108431.0,119206.0,47.0,01_시즌
2023,2023-10-29,겨울_코트_더블코트_ZA,38,12354060,499000.0,86701.0,325107.0,10,346200.0,289370.0,325107.0,35.0,01_시즌
2023,2023-10-29,겨울_코트_싱글코트_ZA,120,37663208,649000.0,90758.0,373402.0,10,467894.0,383906.0,313860.0,52.0,01_시즌
2023,2023-10-29,겨울_코트_싱글코트_ZB,283,58320312,361500.0,66745.0,204076.0,10,238083.0,200976.0,206079.0,43.0,01_시즌
2023,2023-10-29,겨울_팬츠_니트팬츠_ZG,26,1937826,99900.0,20063.0,74532.0,10,71316.0,62916.0,74532.0,25.0,01_시즌
2023,2023-10-29,겨울_팬츠_팬츠(일반)_ZA,326,24943720,129000.0,17755.0,76476.0,10,81945.0,78429.0,76514.0,41.0,01_시즌
2023,2023-10-29,겨울_팬츠_팬츠(일반)_ZB,785,49755383,99900.0,14183.0,63728.0,10,63200.0,59034.0,63383.0,37.0,01_시즌
2023,2023-10-29,겨울_팬츠_팬츠(일반)_ZG,39,2799034,99900.0,18100.0,71770.0,10,73784.0,69577.0,71770.0,28.0,01_시즌
2023,2023-10-29,사계절_니트 셔츠_라운드_ZB,-716,-21245084,79900.0,7430.0,29672.0,10,27129.0,37400.0,29672.0,63.0,01_시즌
2023,2023-10-29,사계절_데님_데님자켓_ZB,44,5185600,159000.0,14979.0,114305.0,10,115926.0,99312.0,117855.0,26.0,01_시즌
2023,2023-10-29,사계절_데님_데님팬츠_ZB,-1188,-44815372,101900.0,17672.0,58092.0,10,61683.0,64064.0,37723.0,63.0,01_시즌
2023,2023-10-29,사계절_수트_블레이져(수트)_ZB,605,89098922,259000.0,43044.0,123853.0,10,115426.0,142344.0,147271.0,43.0,01_시즌
2023,2023-10-29,사계절_수트_블레이져(수트)_ZC,173,26242577,259000.0,46671.0,155803.0,10,155496.0,165095.0,151691.0,41.0,01_시즌
2023,2023-10-29,사계절_수트_수트팬츠_ZB,674,52469004,139000.0,21826.0,68244.0,10,62200.0,74206.0,77847.0,44.0,01_시즌
2023,2023-10-29,사계절_수트_수트팬츠_ZC,179,14608007,139000.0,24143.0,83920.0,10,89422.0,89643.0,81609.0,41.0,01_시즌
2023,2023-10-29,사계절_우븐 셔츠_드레스셔츠_ZB,2701,71870125,69900.0,7511.0,30768.0,10,31413.0,35960.0,26609.0,62.0,01_시즌
2023,2023-10-29,사계절_자켓_싱글재킷_ZB,34,4112504,239000.0,33934.0,120956.0,10,127602.0,142581.0,120956.0,49.0,01_시즌
2023,2023-10-29,사계절_팬츠_팬츠(일반)_ZB,257,13148443,99900.0,12418.0,51198.0,10,52657.0,61195.0,51161.0,49.0,01_시즌
2023,2023-11-05,가을_니트 셔츠_라운드_ZB,368,9036790,69900.0,5436.0,24556.0,11,20969.0,32345.0,24556.0,65.0,01_시즌
2023,2023-11-05,가을_수트_블레이져(수트)_ZB,370,58024826,279000.0,51925.0,156759.0,11,149722.0,172106.0,156824.0,44.0,01_시즌
2023,2023-11-05,가을_수트_블레이져(수트)_ZC,128,20128176,279000.0,52123.0,157251.0,11,149475.0,170417.0,157251.0,44.0,01_시즌
2023,2023-11-05,가을_수트_수트팬츠_ZB,413,34441550,149000.0,25836.0,83351.0,11,79735.0,91939.0,83394.0,44.0,01_시즌
2023,2023-11-05,가을_수트_수트팬츠_ZC,129,10768256,149000.0,25566.0,83475.0,11,79768.0,90914.0,83475.0,44.0,01_시즌
2023,2023-11-05,가을_우븐 셔츠_캐쥬얼셔츠_ZB,514,14279345,79900.0,8264.0,27852.0,11,25338.0,41615.0,27781.0,65.0,01_시즌
2023,2023-11-05,가을_팬츠_팬츠(일반)_ZB,970,37710623,99900.0,10128.0,38531.0,11,34660.0,51638.0,38877.0,61.0,01_시즌
2023,2023-11-05,겨울_니트 셔츠_라운드_ZB,852,35983395,79900.0,6918.0,42289.0,11,37315.0,39528.0,42234.0,47.0,01_시즌
2023,2023-11-05,겨울_니트 셔츠_라운드_ZG,50,2900661,99900.0,18756.0,56644.0,11,62535.0,66243.0,58013.0,42.0,01_시즌
2023,2023-11-05,겨울_니트 셔츠_오픈형티(맨투맨 등)_ZG,18,1403200,119000.0,27848.0,77956.0,11,77918.0,81707.0,77956.0,34.0,01_시즌
2023,2023-11-05,겨울_니트 셔츠_티에리_ZA,87,5010060,99900.0,16378.0,56974.0,11,58005.0,58950.0,57587.0,42.0,01_시즌
2023,2023-11-05,겨울_사파리_패딩사파리_ZB,14,-3282600,474000.0,56842.0,299628.0,11,239429.0,221879.0,299628.0,37.0,01_시즌
2023,2023-11-05,겨울_수트_블레이져(수트)_ZA,129,31777460,419000.0,76271.0,257678.0,11,251284.0,269707.0,246337.0,41.0,01_시즌
2023,2023-11-05,겨울_수트_블레이져(수트)_ZB,722,143288645,279000.0,53252.0,198420.0,11,195231.0,200507.0,198461.0,29.0,01_시즌
2023,2023-11-05,겨울_수트_블레이져(수트)_ZC,179,36883970,334000.0,62799.0,224324.0,11,216603.0,220227.0,206056.0,38.0,01_시즌
2023,2023-11-05,겨울_수트_수트팬츠_ZA,150,20199715,239000.0,42609.0,147641.0,11,143036.0,153705.0,134665.0,44.0,01_시즌
2023,2023-11-05,겨울_수트_수트팬츠_ZB,773,81932590,149000.0,27168.0,106110.0,11,104299.0,106967.0,105993.0,29.0,01_시즌
2023,2023-11-05,겨울_수트_수트팬츠_ZC,184,20266100,179000.0,31976.0,119516.0,11,116342.0,118024.0,110142.0,38.0,01_시즌
2023,2023-11-05,겨울_스웨터_T-에리_ZA,26,2193200,139000.0,17186.0,84354.0,11,77793.0,75847.0,84354.0,39.0,01_시즌
2023,2023-11-05,겨울_스웨터_T-에리_ZB,540,29726771,99900.0,13043.0,54691.0,11,51734.0,52803.0,55050.0,45.0,01_시즌
2023,2023-11-05,겨울_스웨터_Turtle_ZA,222,22694780,159000.0,17767.0,102229.0,11,100294.0,103781.0,102229.0,36.0,01_시즌
2023,2023-11-05,겨울_스웨터_Turtle_ZB,174,10325236,99900.0,14224.0,59413.0,11,57323.0,58030.0,59340.0,41.0,01_시즌
2023,2023-11-05,겨울_스웨터_라운드_ZA,115,9964500,139000.0,15986.0,86344.0,11,76621.0,76198.0,86648.0,38.0,01_시즌
2023,2023-11-05,겨울_스웨터_라운드_ZB,1072,61661216,99900.0,14504.0,57568.0,11,52758.0,55877.0,57520.0,42.0,01_시즌
2023,2023-11-05,겨울_스웨터_오픈형(CARDIGAN)_ZA,180,20579400,179000.0,23630.0,115408.0,11,99408.0,109143.0,114330.0,36.0,01_시즌
2023,2023-11-05,겨울_스웨터_오픈형(CARDIGAN)_ZB,103,10021437,159000.0,18527.0,97296.0,11,89738.0,103408.0,97296.0,39.0,01_시즌
2023,2023-11-05,겨울_우븐 셔츠_캐쥬얼셔츠_ZA,261,21205900,119300.0,19806.0,75142.0,11,71608.0,71801.0,81249.0,32.0,01_시즌
2023,2023-11-05,겨울_자켓_싱글재킷_ZA,553,111920594,324000.0,42535.0,201619.0,11,189595.0,193937.0,202388.0,38.0,01_시즌
2023,2023-11-05,겨울_점퍼_점퍼_ZA,52,10099548,249000.0,55239.0,194222.0,11,175563.0,172444.0,194222.0,22.0,01_시즌
2023,2023-11-05,겨울_점퍼_점퍼_ZG,103,13445578,199000.0,34237.0,130540.0,11,130450.0,136290.0,130540.0,34.0,01_시즌
2023,2023-11-05,겨울_점퍼_패딩점퍼_ZB,360,42028994,224000.0,26786.0,131329.0,11,107975.0,108431.0,116747.0,48.0,01_시즌
2023,2023-11-05,겨울_코트_더블코트_ZA,29,8692300,499000.0,86701.0,299734.0,11,295848.0,289370.0,299734.0,40.0,01_시즌
2023,2023-11-05,겨울_코트_싱글코트_ZA,153,47912760,649000.0,90758.0,376206.0,11,368734.0,383906.0,313155.0,52.0,01_시즌
2023,2023-11-05,겨울_코트_싱글코트_ZB,290,66152253,361500.0,66745.0,218107.0,11,204693.0,200976.0,228111.0,37.0,01_시즌
2023,2023-11-05,겨울_팬츠_니트팬츠_ZG,21,1286870,99900.0,20063.0,61280.0,11,52624.0,62916.0,61280.0,39.0,01_시즌
2023,2023-11-05,겨울_팬츠_팬츠(일반)_ZA,321,25096548,129000.0,17755.0,77640.0,11,74715.0,78429.0,78182.0,39.0,01_시즌
2023,2023-11-05,겨울_팬츠_팬츠(일반)_ZB,1059,63726171,99900.0,14183.0,63199.0,11,59490.0,59034.0,60176.0,40.0,01_시즌
2023,2023-11-05,겨울_팬츠_팬츠(일반)_ZG,48,3383231,99900.0,18100.0,70484.0,11,68616.0,69577.0,70484.0,29.0,01_시즌
2023,2023-11-05,사계절_니트 셔츠_라운드_ZB,10,329900,79900.0,7430.0,32990.0,11,29866.0,37400.0,32990.0,59.0,01_시즌
2023,2023-11-05,사계절_데님_데님자켓_ZB,28,3505116,159000.0,14979.0,107911.0,11,113135.0,99312.0,125183.0,21.0,01_시즌
2023,2023-11-05,사계절_데님_데님팬츠_ZB,110,6352950,101900.0,17672.0,73957.0,11,62428.0,64064.0,57754.0,43.0,01_시즌
2023,2023-11-05,사계절_수트_블레이져(수트)_ZB,840,123110423,259000.0,43044.0,173975.0,11,142635.0,142344.0,146560.0,43.0,01_시즌
2023,2023-11-05,사계절_수트_블레이져(수트)_ZC,228,34184850,259000.0,46671.0,143157.0,11,155726.0,165095.0,149934.0,42.0,01_시즌
2023,2023-11-05,사계절_수트_수트팬츠_ZB,926,72174260,139000.0,21826.0,74451.0,11,76464.0,74206.0,77942.0,44.0,01_시즌
2023,2023-11-05,사계절_수트_수트팬츠_ZC,216,17181434,139000.0,24143.0,74273.0,11,81063.0,89643.0,79544.0,43.0,01_시즌
2023,2023-11-05,사계절_우븐 셔츠_드레스셔츠_ZB,3023,80209162,69900.0,7511.0,29744.0,11,33156.0,35960.0,26533.0,62.0,01_시즌
2023,2023-11-05,사계절_자켓_싱글재킷_ZB,50,5705600,239000.0,33934.0,114112.0,11,132155.0,142581.0,114112.0,52.0,01_시즌
2023,2023-11-05,사계절_팬츠_팬츠(일반)_ZB,294,15615350,99900.0,12418.0,51504.0,11,55094.0,61195.0,53113.0,47.0,01_시즌
2023,2023-11-12,가을_니트 셔츠_라운드_ZB,321,5287445,69900.0,5436.0,16472.0,11,20969.0,32345.0,16472.0,76.0,01_시즌
2023,2023-11-12,가을_수트_블레이져(수트)_ZB,216,33663256,279000.0,51925.0,155785.0,11,149722.0,172106.0,155848.0,44.0,01_시즌
2023,2023-11-12,가을_수트_블레이져(수트)_ZC,95,14668820,279000.0,52123.0,154409.0,11,149475.0,170417.0,154409.0,45.0,01_시즌
2023,2023-11-12,가을_수트_수트팬츠_ZB,237,19682552,149000.0,25836.0,83023.0,11,79735.0,91939.0,83049.0,44.0,01_시즌
2023,2023-11-12,가을_수트_수트팬츠_ZC,90,7486220,149000.0,25566.0,83180.0,11,79768.0,90914.0,83180.0,44.0,01_시즌
2023,2023-11-12,가을_우븐 셔츠_캐쥬얼셔츠_ZB,462,11872539,79900.0,8264.0,25504.0,11,25338.0,41615.0,25698.0,68.0,01_시즌
2023,2023-11-12,가을_팬츠_팬츠(일반)_ZB,838,27428838,99900.0,10128.0,32162.0,11,34660.0,51638.0,32731.0,67.0,01_시즌
2023,2023-11-12,겨울_니트 셔츠_라운드_ZB,965,42073900,79900.0,6918.0,43698.0,11,37315.0,39528.0,43600.0,45.0,01_시즌
2023,2023-11-12,겨울_니트 셔츠_라운드_ZG,7,-172100,99900.0,18756.0,63270.0,11,62535.0,66243.0,63270.0,37.0,01_시즌
2023,2023-11-12,겨울_니트 셔츠_오픈형티(맨투맨 등)_ZG,12,975800,119000.0,27848.0,81317.0,11,77918.0,81707.0,81317.0,32.0,01_시즌
2023,2023-11-12,겨울_니트 셔츠_티에리_ZA,55,3652090,99900.0,16378.0,62290.0,11,58005.0,58950.0,66402.0,34.0,01_시즌
2023,2023-11-12,겨울_사파리_패딩사파리_ZB,343,81488800,474000.0,56836.0,262293.0,11,239429.0,221879.0,237577.0,50.0,01_시즌
2023,2023-11-12,겨울_수트_블레이져(수트)_ZA,144,34056480,419000.0,76271.0,251626.0,11,251284.0,269707.0,236503.0,44.0,01_시즌
2023,2023-11-12,겨울_수트_블레이져(수트)_ZB,807,156380410,279000.0,53252.0,193676.0,11,195231.0,200507.0,193780.0,31.0,01_시즌
2023,2023-11-12,겨울_수트_블레이져(수트)_ZC,212,43185900,334000.0,62799.0,214454.0,11,216603.0,220227.0,203707.0,39.0,01_시즌
2023,2023-11-12,겨울_수트_수트팬츠_ZA,162,20813280,239000.0,42609.0,143322.0,11,143036.0,153705.0,128477.0,46.0,01_시즌
2023,2023-11-12,겨울_수트_수트팬츠_ZB,888,91784280,149000.0,27168.0,103225.0,11,104299.0,106967.0,103361.0,31.0,01_시즌
2023,2023-11-12,겨울_수트_수트팬츠_ZC,208,22616730,179000.0,31976.0,114568.0,11,116342.0,118024.0,108734.0,39.0,01_시즌
2023,2023-11-12,겨울_스웨터_T-에리_ZA,54,4499200,139000.0,17186.0,83319.0,11,77793.0,75847.0,83319.0,40.0,01_시즌
2023,2023-11-12,겨울_스웨터_T-에리_ZB,474,25557041,99900.0,13043.0,53984.0,11,51734.0,52803.0,53918.0,46.0,01_시즌
2023,2023-11-12,겨울_스웨터_Turtle_ZA,247,25237101,159000.0,17767.0,102174.0,11,100294.0,103781.0,102174.0,36.0,01_시즌
2023,2023-11-12,겨울_스웨터_Turtle_ZB,490,28618776,99900.0,14224.0,58416.0,11,57323.0,58030.0,58406.0,42.0,01_시즌
2023,2023-11-12,겨울_스웨터_라운드_ZA,182,14342900,139000.0,15986.0,78574.0,11,76621.0,76198.0,78807.0,43.0,01_시즌
2023,2023-11-12,겨울_스웨터_라운드_ZB,902,49279928,99900.0,14504.0,54632.0,11,52758.0,55877.0,54634.0,45.0,01_시즌
2023,2023-11-12,겨울_스웨터_오픈형(CARDIGAN)_ZA,219,22259950,179000.0,23630.0,102746.0,11,99408.0,109143.0,101644.0,43.0,01_시즌
2023,2023-11-12,겨울_스웨터_오픈형(CARDIGAN)_ZB,104,9607400,159000.0,18527.0,92379.0,11,89738.0,103408.0,92379.0,42.0,01_시즌
2023,2023-11-12,겨울_우븐 셔츠_캐쥬얼셔츠_ZA,201,16268900,119300.0,19806.0,73766.0,11,71608.0,71801.0,80940.0,32.0,01_시즌
2023,2023-11-12,겨울_자켓_싱글재킷_ZA,451,94083116,324000.0,42535.0,203047.0,11,189595.0,193937.0,208610.0,36.0,01_시즌
2023,2023-11-12,겨울_점퍼_점퍼_ZA,55,10269500,249000.0,55239.0,186718.0,11,175563.0,172444.0,186718.0,25.0,01_시즌
2023,2023-11-12,겨울_점퍼_점퍼_ZG,48,6083753,199000.0,34237.0,126745.0,11,130450.0,136290.0,126745.0,36.0,01_시즌
2023,2023-11-12,겨울_점퍼_패딩점퍼_ZB,924,91349066,224000.0,26786.0,110931.0,11,107975.0,108431.0,98863.0,56.0,01_시즌
2023,2023-11-12,겨울_코트_더블코트_ZA,105,31234900,499000.0,86701.0,297475.0,11,295848.0,289370.0,297475.0,40.0,01_시즌
2023,2023-11-12,겨울_코트_싱글코트_ZA,352,108060610,649000.0,90758.0,367689.0,11,368734.0,383906.0,306990.0,53.0,01_시즌
2023,2023-11-12,겨울_코트_싱글코트_ZB,645,144914974,361500.0,66745.0,214722.0,11,204693.0,200976.0,224674.0,38.0,01_시즌
2023,2023-11-12,겨울_팬츠_니트팬츠_ZG,9,300750,99900.0,20063.0,33417.0,11,52624.0,62916.0,33417.0,67.0,01_시즌
2023,2023-11-12,겨울_팬츠_팬츠(일반)_ZA,345,26918454,129000.0,17755.0,77931.0,11,74715.0,78429.0,78025.0,40.0,01_시즌
2023,2023-11-12,겨울_팬츠_팬츠(일반)_ZB,1955,116773545,99900.0,14183.0,62390.0,11,59490.0,59034.0,59731.0,40.0,01_시즌
2023,2023-11-12,겨울_팬츠_팬츠(일반)_ZG,36,2458430,99900.0,18100.0,68290.0,11,68616.0,69577.0,68290.0,32.0,01_시즌
2023,2023-11-12,사계절_니트 셔츠_라운드_ZB,-129,-3741000,79900.0,7430.0,29000.0,11,29866.0,37400.0,29000.0,64.0,01_시즌
2023,2023-11-12,사계절_데님_데님자켓_ZB,16,2091400,159000.0,14979.0,115914.0,11,113135.0,99312.0,130712.0,18.0,01_시즌
2023,2023-11-12,사계절_데님_데님팬츠_ZB,160,10269645,101900.0,17672.0,54949.0,11,62428.0,64064.0,64185.0,37.0,01_시즌
2023,2023-11-12,사계절_수트_블레이져(수트)_ZB,599,89463277,259000.0,43044.0,152827.0,11,142635.0,142344.0,149354.0,42.0,01_시즌
2023,2023-11-12,사계절_수트_블레이져(수트)_ZC,189,28390770,259000.0,46671.0,158826.0,11,155726.0,165095.0,150216.0,42.0,01_시즌
2023,2023-11-12,사계절_수트_수트팬츠_ZB,655,51594962,139000.0,21826.0,77952.0,11,76464.0,74206.0,78771.0,43.0,01_시즌
2023,2023-11-12,사계절_수트_수트팬츠_ZC,184,14869270,139000.0,24143.0,85136.0,11,81063.0,89643.0,80811.0,42.0,01_시즌
2023,2023-11-12,사계절_우븐 셔츠_드레스셔츠_ZB,1235,33141523,69900.0,7511.0,33184.0,11,33156.0,35960.0,26835.0,62.0,01_시즌
2023,2023-11-12,사계절_자켓_싱글재킷_ZB,20,2910000,239000.0,33934.0,145500.0,11,132155.0,142581.0,145500.0,39.0,01_시즌
2023,2023-11-12,사계절_팬츠_팬츠(일반)_ZB,169,9342847,99900.0,12418.0,55462.0,11,55094.0,61195.0,55283.0,45.0,01_시즌
2023,2023-11-19,가을_니트 셔츠_라운드_ZB,118,2189300,69900.0,5436.0,18553.0,11,20969.0,32345.0,18553.0,73.0,01_시즌
2023,2023-11-19,가을_수트_블레이져(수트)_ZB,172,26911840,279000.0,51925.0,156470.0,11,149722.0,172106.0,156464.0,44.0,01_시즌
2023,2023-11-19,가을_수트_블레이져(수트)_ZC,57,8905680,279000.0,52123.0,156240.0,11,149475.0,170417.0,156240.0,44.0,01_시즌
2023,2023-11-19,가을_수트_수트팬츠_ZB,193,16133720,149000.0,25836.0,83612.0,11,79735.0,91939.0,83594.0,44.0,01_시즌
2023,2023-11-19,가을_수트_수트팬츠_ZC,63,5255230,149000.0,25566.0,83416.0,11,79768.0,90914.0,83416.0,44.0,01_시즌
2023,2023-11-19,가을_우븐 셔츠_캐쥬얼셔츠_ZB,393,9971893,79900.0,8264.0,25458.0,11,25338.0,41615.0,25374.0,68.0,01_시즌
2023,2023-11-19,가을_팬츠_팬츠(일반)_ZB,830,27278592,99900.0,10128.0,33128.0,11,34660.0,51638.0,32866.0,67.0,01_시즌
2023,2023-11-19,겨울_니트 셔츠_라운드_ZB,1458,47483025,79900.0,6918.0,32072.0,11,37315.0,39528.0,32567.0,59.0,01_시즌
2023,2023-11-19,겨울_니트 셔츠_라운드_ZG,58,3813360,99900.0,18756.0,65374.0,11,62535.0,66243.0,65748.0,34.0,01_시즌
2023,2023-11-19,겨울_니트 셔츠_오픈형티(맨투맨 등)_ZG,17,1404200,119000.0,27848.0,82600.0,11,77918.0,81707.0,82600.0,31.0,01_시즌
2023,2023-11-19,겨울_니트 셔츠_티에리_ZA,55,3245590,99900.0,16378.0,56154.0,11,58005.0,58950.0,59011.0,41.0,01_시즌
2023,2023-11-19,겨울_사파리_패딩사파리_ZB,3444,386198700,474000.0,56828.0,203842.0,11,239429.0,221879.0,112137.0,76.0,01_시즌
2023,2023-11-19,겨울_수트_블레이져(수트)_ZA,144,34301120,419000.0,76271.0,249182.0,11,251284.0,269707.0,238202.0,43.0,01_시즌
2023,2023-11-19,겨울_수트_블레이져(수트)_ZB,732,142422780,279000.0,53252.0,194370.0,11,195231.0,200507.0,194567.0,30.0,01_시즌
2023,2023-11-19,겨울_수트_블레이져(수트)_ZC,224,44767500,334000.0,62799.0,213786.0,11,216603.0,220227.0,199855.0,40.0,01_시즌
2023,2023-11-19,겨울_수트_수트팬츠_ZA,148,19331920,239000.0,42609.0,140671.0,11,143036.0,153705.0,130621.0,45.0,01_시즌
2023,2023-11-19,겨울_수트_수트팬츠_ZB,791,82280710,149000.0,27168.0,104018.0,11,104299.0,106967.0,104021.0,30.0,01_시즌
2023,2023-11-19,겨울_수트_수트팬츠_ZC,238,25598200,179000.0,31976.0,114514.0,11,116342.0,118024.0,107555.0,40.0,01_시즌
2023,2023-11-19,겨울_스웨터_T-에리_ZA,73,5909170,139000.0,17186.0,80948.0,11,77793.0,75847.0,80948.0,42.0,01_시즌
2023,2023-11-19,겨울_스웨터_T-에리_ZB,546,27030655,99900.0,13043.0,49618.0,11,51734.0,52803.0,49507.0,50.0,01_시즌
2023,2023-11-19,겨울_스웨터_Turtle_ZA,284,29045200,159000.0,17767.0,102272.0,11,100294.0,103781.0,102272.0,36.0,01_시즌
2023,2023-11-19,겨울_스웨터_Turtle_ZB,838,47028524,99900.0,14224.0,56110.0,11,57323.0,58030.0,56120.0,44.0,01_시즌
2023,2023-11-19,겨울_스웨터_라운드_ZA,212,16008100,139000.0,15986.0,75378.0,11,76621.0,76198.0,75510.0,46.0,01_시즌
2023,2023-11-19,겨울_스웨터_라운드_ZB,1277,64181011,99900.0,14504.0,50228.0,11,52758.0,55877.0,50259.0,50.0,01_시즌
2023,2023-11-19,겨울_스웨터_오픈형(CARDIGAN)_ZA,119,12233600,179000.0,23630.0,101798.0,11,99408.0,109143.0,102803.0,43.0,01_시즌
2023,2023-11-19,겨울_스웨터_오픈형(CARDIGAN)_ZB,81,7119150,159000.0,18527.0,87891.0,11,89738.0,103408.0,87891.0,45.0,01_시즌
2023,2023-11-19,겨울_우븐 셔츠_캐쥬얼셔츠_ZA,163,11916750,119300.0,19806.0,68419.0,11,71608.0,71801.0,73109.0,39.0,01_시즌
2023,2023-11-19,겨울_자켓_싱글재킷_ZA,415,81531200,324000.0,42535.0,192748.0,11,189595.0,193937.0,196461.0,39.0,01_시즌
2023,2023-11-19,겨울_점퍼_점퍼_ZA,87,14303000,249000.0,55239.0,164402.0,11,175563.0,172444.0,164402.0,34.0,01_시즌
2023,2023-11-19,겨울_점퍼_점퍼_ZG,30,3979500,199000.0,34237.0,132650.0,11,130450.0,136290.0,132650.0,33.0,01_시즌
2023,2023-11-19,겨울_점퍼_패딩점퍼_ZB,1322,132083100,224000.0,26786.0,94246.0,11,107975.0,108431.0,99912.0,55.0,01_시즌
2023,2023-11-19,겨울_코트_더블코트_ZA,185,55007500,499000.0,86701.0,297338.0,11,295848.0,289370.0,297338.0,40.0,01_시즌
2023,2023-11-19,겨울_코트_싱글코트_ZA,571,173397600,649000.0,90758.0,375027.0,11,368734.0,383906.0,303674.0,53.0,01_시즌
2023,2023-11-19,겨울_코트_싱글코트_ZB,999,218109410,361500.0,66745.0,210586.0,11,204693.0,200976.0,218328.0,40.0,01_시즌
2023,2023-11-19,겨울_팬츠_니트팬츠_ZG,25,1478520,99900.0,20063.0,59141.0,11,52624.0,62916.0,59141.0,41.0,01_시즌
2023,2023-11-19,겨울_팬츠_팬츠(일반)_ZA,276,21409130,129000.0,17755.0,77420.0,11,74715.0,78429.0,77569.0,40.0,01_시즌
2023,2023-11-19,겨울_팬츠_팬츠(일반)_ZB,2730,154778950,99900.0,14183.0,57403.0,11,59490.0,59034.0,56696.0,43.0,01_시즌
2023,2023-11-19,겨울_팬츠_팬츠(일반)_ZG,45,3116880,99900.0,18100.0,69264.0,11,68616.0,69577.0,69264.0,31.0,01_시즌
2023,2023-11-19,사계절_니트 셔츠_라운드_ZB,123,3502000,79900.0,7430.0,28472.0,11,29866.0,37400.0,28472.0,64.0,01_시즌
2023,2023-11-19,사계절_데님_데님자켓_ZB,17,1971000,159000.0,14979.0,109714.0,11,113135.0,99312.0,115941.0,27.0,01_시즌
2023,2023-11-19,사계절_데님_데님팬츠_ZB,14,-790750,101900.0,17672.0,64684.0,11,62428.0,64064.0,64684.0,37.0,01_시즌
2023,2023-11-19,사계절_수트_블레이져(수트)_ZB,533,78861519,259000.0,43044.0,130570.0,11,142635.0,142344.0,147958.0,43.0,01_시즌
2023,2023-11-19,사계절_수트_블레이져(수트)_ZC,159,23753900,259000.0,46671.0,159932.0,11,155726.0,165095.0,149396.0,42.0,01_시즌
2023,2023-11-19,사계절_수트_수트팬츠_ZB,598,46063903,139000.0,21826.0,74300.0,11,76464.0,74206.0,77030.0,45.0,01_시즌
2023,2023-11-19,사계절_수트_수트팬츠_ZC,158,12432450,139000.0,24143.0,79448.0,11,81063.0,89643.0,78686.0,43.0,01_시즌
2023,2023-11-19,사계절_우븐 셔츠_드레스셔츠_ZB,1666,52375534,69900.0,7511.0,33524.0,11,33156.0,35960.0,31438.0,55.0,01_시즌
2023,2023-11-19,사계절_자켓_싱글재킷_ZB,14,1680100,239000.0,33934.0,120007.0,11,132155.0,142581.0,120007.0,50.0,01_시즌
2023,2023-11-19,사계절_팬츠_팬츠(일반)_ZB,174,7838700,99900.0,12418.0,47087.0,11,55094.0,61195.0,45050.0,55.0,01_시즌
2023,2023-11-26,가을_니트 셔츠_라운드_ZB,51,1239000,69900.0,5436.0,24294.0,11,20969.0,32345.0,24294.0,65.0,01_시즌
2023,2023-11-26,가을_수트_블레이져(수트)_ZB,367,47644760,279000.0,51925.0,129875.0,11,149722.0,172106.0,129822.0,53.0,01_시즌
2023,2023-11-26,가을_수트_블레이져(수트)_ZC,119,15470000,279000.0,52123.0,130000.0,11,149475.0,170417.0,130000.0,53.0,01_시즌
2023,2023-11-26,가을_수트_수트팬츠_ZB,380,26199300,149000.0,25836.0,68953.0,11,79735.0,91939.0,68946.0,54.0,01_시즌
2023,2023-11-26,가을_수트_수트팬츠_ZC,127,8763000,149000.0,25566.0,69000.0,11,79768.0,90914.0,69000.0,54.0,01_시즌
2023,2023-11-26,가을_우븐 셔츠_캐쥬얼셔츠_ZB,394,8923436,79900.0,8264.0,22536.0,11,25338.0,41615.0,22648.0,72.0,01_시즌
2023,2023-11-26,가을_팬츠_팬츠(일반)_ZB,298,10455348,99900.0,10128.0,34821.0,11,34660.0,51638.0,35085.0,65.0,01_시즌
2023,2023-11-26,겨울_니트 셔츠_라운드_ZB,1331,43050293,79900.0,6918.0,31201.0,11,37315.0,39528.0,32344.0,60.0,01_시즌
2023,2023-11-26,겨울_니트 셔츠_라운드_ZG,23,1503740,99900.0,18756.0,65221.0,11,62535.0,66243.0,65380.0,35.0,01_시즌
2023,2023-11-26,겨울_니트 셔츠_오픈형티(맨투맨 등)_ZG,9,628200,119000.0,27848.0,69800.0,11,77918.0,81707.0,69800.0,41.0,01_시즌
2023,2023-11-26,겨울_니트 셔츠_티에리_ZA,80,4590190,99900.0,16378.0,56602.0,11,58005.0,58950.0,57377.0,43.0,01_시즌
2023,2023-11-26,겨울_사파리_패딩사파리_ZB,1783,266744352,474000.0,56828.0,191951.0,11,239429.0,221879.0,149604.0,68.0,01_시즌
2023,2023-11-26,겨울_수트_블레이져(수트)_ZA,117,27538360,419000.0,76271.0,246649.0,11,251284.0,269707.0,235371.0,44.0,01_시즌
2023,2023-11-26,겨울_수트_블레이져(수트)_ZB,601,116977560,279000.0,53252.0,194456.0,11,195231.0,200507.0,194638.0,30.0,01_시즌
2023,2023-11-26,겨울_수트_블레이져(수트)_ZC,176,35094870,334000.0,62799.0,213846.0,11,216603.0,220227.0,199403.0,40.0,01_시즌
2023,2023-11-26,겨울_수트_수트팬츠_ZA,129,16483560,239000.0,42609.0,140509.0,11,143036.0,153705.0,127780.0,47.0,01_시즌
2023,2023-11-26,겨울_수트_수트팬츠_ZB,666,69172230,149000.0,27168.0,103844.0,11,104299.0,106967.0,103862.0,30.0,01_시즌
2023,2023-11-26,겨울_수트_수트팬츠_ZC,186,20061400,179000.0,31976.0,116771.0,11,116342.0,118024.0,107857.0,40.0,01_시즌
2023,2023-11-26,겨울_스웨터_T-에리_ZA,148,9257600,139000.0,17186.0,62551.0,11,77793.0,75847.0,62551.0,55.0,01_시즌
2023,2023-11-26,겨울_스웨터_T-에리_ZB,534,25967093,99900.0,13043.0,48642.0,11,51734.0,52803.0,48628.0,51.0,01_시즌
2023,2023-11-26,겨울_스웨터_Turtle_ZA,282,26649300,159000.0,17767.0,94501.0,11,100294.0,103781.0,94501.0,41.0,01_시즌
2023,2023-11-26,겨울_스웨터_Turtle_ZB,829,45881000,99900.0,14224.0,55354.0,11,57323.0,58030.0,55345.0,45.0,01_시즌
2023,2023-11-26,겨울_스웨터_라운드_ZA,309,20493900,139000.0,15986.0,66189.0,11,76621.0,76198.0,66323.0,52.0,01_시즌
2023,2023-11-26,겨울_스웨터_라운드_ZB,1030,50058535,99900.0,14504.0,48606.0,11,52758.0,55877.0,48601.0,51.0,01_시즌
2023,2023-11-26,겨울_스웨터_오픈형(CARDIGAN)_ZA,259,20476700,179000.0,23630.0,77683.0,11,99408.0,109143.0,79061.0,56.0,01_시즌
2023,2023-11-26,겨울_스웨터_오픈형(CARDIGAN)_ZB,102,8301600,159000.0,18527.0,81388.0,11,89738.0,103408.0,81388.0,49.0,01_시즌
2023,2023-11-26,겨울_우븐 셔츠_캐쥬얼셔츠_ZA,164,11547000,119300.0,19806.0,69107.0,11,71608.0,71801.0,70409.0,41.0,01_시즌
2023,2023-11-26,겨울_자켓_싱글재킷_ZA,354,59458300,324000.0,42535.0,160966.0,11,189595.0,193937.0,167961.0,48.0,01_시즌
2023,2023-11-26,겨울_점퍼_점퍼_ZA,62,9728400,249000.0,55239.0,156910.0,11,175563.0,172444.0,156910.0,37.0,01_시즌
2023,2023-11-26,겨울_점퍼_점퍼_ZG,19,2505400,199000.0,34237.0,131863.0,11,130450.0,136290.0,131863.0,34.0,01_시즌
2023,2023-11-26,겨울_점퍼_패딩점퍼_ZB,1001,105487600,224000.0,26786.0,95393.0,11,107975.0,108431.0,105382.0,53.0,01_시즌
2023,2023-11-26,겨울_코트_더블코트_ZA,176,50836600,499000.0,86701.0,288844.0,11,295848.0,289370.0,288844.0,42.0,01_시즌
2023,2023-11-26,겨울_코트_싱글코트_ZA,476,143893140,649000.0,90758.0,356014.0,11,368734.0,383906.0,302297.0,53.0,01_시즌
2023,2023-11-26,겨울_코트_싱글코트_ZB,2049,332851800,361500.0,66745.0,175356.0,11,204693.0,200976.0,162446.0,55.0,01_시즌
2023,2023-11-26,겨울_팬츠_니트팬츠_ZG,20,1133160,99900.0,20063.0,56658.0,11,52624.0,62916.0,56658.0,43.0,01_시즌
2023,2023-11-26,겨울_팬츠_팬츠(일반)_ZA,254,16766000,129000.0,17755.0,65871.0,11,74715.0,78429.0,66008.0,49.0,01_시즌
2023,2023-11-26,겨울_팬츠_팬츠(일반)_ZB,2645,144781610,99900.0,14183.0,54969.0,11,59490.0,59034.0,54738.0,45.0,01_시즌
2023,2023-11-26,겨울_팬츠_팬츠(일반)_ZG,33,2192100,99900.0,18100.0,66427.0,11,68616.0,69577.0,66427.0,34.0,01_시즌
2023,2023-11-26,사계절_니트 셔츠_라운드_ZB,100,2900000,79900.0,7430.0,29000.0,11,29866.0,37400.0,29000.0,64.0,01_시즌
2023,2023-11-26,사계절_데님_데님자켓_ZB,11,1429000,159000.0,14979.0,119000.0,11,113135.0,99312.0,129909.0,18.0,01_시즌
2023,2023-11-26,사계절_데님_데님팬츠_ZB,495,22186415,101900.0,17672.0,56122.0,11,62428.0,64064.0,44821.0,56.0,01_시즌
2023,2023-11-26,사계절_수트_블레이져(수트)_ZB,398,56184573,259000.0,43044.0,113169.0,11,142635.0,142344.0,141167.0,45.0,01_시즌
2023,2023-11-26,사계절_수트_블레이져(수트)_ZC,126,18858300,259000.0,46671.0,160988.0,11,155726.0,165095.0,149669.0,42.0,01_시즌
2023,2023-11-26,사계절_수트_수트팬츠_ZB,435,32819321,139000.0,21826.0,79153.0,11,76464.0,74206.0,75447.0,46.0,01_시즌
2023,2023-11-26,사계절_수트_수트팬츠_ZC,125,9958400,139000.0,24143.0,85394.0,11,81063.0,89643.0,79667.0,43.0,01_시즌
2023,2023-11-26,사계절_우븐 셔츠_드레스셔츠_ZB,670,21350433,69900.0,7511.0,36172.0,11,33156.0,35960.0,31866.0,54.0,01_시즌
2023,2023-11-26,사계절_자켓_싱글재킷_ZB,10,1490000,239000.0,33934.0,149000.0,11,132155.0,142581.0,149000.0,38.0,01_시즌
2023,2023-11-26,사계절_팬츠_팬츠(일반)_ZB,100,6589460,99900.0,12418.0,66322.0,11,55094.0,61195.0,65895.0,34.0,01_시즌
2023,2023-12-03,겨울_니트 셔츠_라운드_ZB,1845,52328940,79900.0,6918.0,28139.0,12,30053.0,39528.0,28363.0,65.0,01_시즌
2023,2023-12-03,겨울_니트 셔츠_라운드_ZG,34,2217175,99900.0,18756.0,64769.0,12,56861.0,66243.0,65211.0,35.0,01_시즌
2023,2023-12-03,겨울_니트 셔츠_오픈형티(맨투맨 등)_ZG,13,938193,119000.0,27848.0,72169.0,12,72084.0,81707.0,72169.0,39.0,01_시즌
2023,2023-12-03,겨울_니트 셔츠_티에리_ZA,141,6107779,99900.0,16378.0,43230.0,12,44212.0,58950.0,43318.0,57.0,01_시즌
2023,2023-12-03,겨울_사파리_패딩사파리_ZB,2392,380610336,474000.0,56828.0,182612.0,12,159304.0,221879.0,159118.0,66.0,01_시즌
2023,2023-12-03,겨울_수트_블레이져(수트)_ZA,132,30945500,419000.0,76271.0,248183.0,12,248651.0,269707.0,234436.0,44.0,01_시즌
2023,2023-12-03,겨울_수트_블레이져(수트)_ZB,586,114516280,279000.0,53252.0,196491.0,12,194198.0,200507.0,195420.0,30.0,01_시즌
2023,2023-12-03,겨울_수트_블레이져(수트)_ZC,208,41539370,334000.0,62799.0,211929.0,12,212581.0,220227.0,199709.0,40.0,01_시즌
2023,2023-12-03,겨울_수트_수트팬츠_ZA,151,19440300,239000.0,42609.0,141495.0,12,141645.0,153705.0,128744.0,46.0,01_시즌
2023,2023-12-03,겨울_수트_수트팬츠_ZB,639,66345700,149000.0,27168.0,103770.0,12,103535.0,106967.0,103827.0,30.0,01_시즌
2023,2023-12-03,겨울_수트_수트팬츠_ZC,213,22769070,179000.0,31976.0,114126.0,12,113881.0,118024.0,106897.0,40.0,01_시즌
2023,2023-12-03,겨울_스웨터_T-에리_ZA,131,8331950,139000.0,17186.0,63603.0,12,61294.0,75847.0,63603.0,54.0,01_시즌
2023,2023-12-03,겨울_스웨터_T-에리_ZB,464,20998320,99900.0,13043.0,45452.0,12,40614.0,52803.0,45255.0,55.0,01_시즌
2023,2023-12-03,겨울_스웨터_Turtle_ZA,417,35085100,159000.0,17767.0,84137.0,12,86966.0,103781.0,84137.0,47.0,01_시즌
2023,2023-12-03,겨울_스웨터_Turtle_ZB,1069,58655393,99900.0,14224.0,54856.0,12,49996.0,58030.0,54869.0,45.0,01_시즌
2023,2023-12-03,겨울_스웨터_라운드_ZA,373,25581600,139000.0,15986.0,67062.0,12,63353.0,76198.0,68583.0,51.0,01_시즌
2023,2023-12-03,겨울_스웨터_라운드_ZB,1019,48051611,99900.0,14504.0,47118.0,12,43012.0,55877.0,47156.0,53.0,01_시즌
2023,2023-12-03,겨울_스웨터_오픈형(CARDIGAN)_ZA,188,16239857,179000.0,23630.0,87238.0,12,79823.0,109143.0,86382.0,52.0,01_시즌
2023,2023-12-03,겨울_스웨터_오픈형(CARDIGAN)_ZB,103,8403670,159000.0,18527.0,81589.0,12,72627.0,103408.0,81589.0,49.0,01_시즌
2023,2023-12-03,겨울_우븐 셔츠_캐쥬얼셔츠_ZA,166,9792833,119300.0,19806.0,61352.0,12,56875.0,71801.0,58993.0,51.0,01_시즌
2023,2023-12-03,겨울_자켓_싱글재킷_ZA,349,60187590,324000.0,42535.0,158631.0,12,160167.0,193937.0,172457.0,47.0,01_시즌
2023,2023-12-03,겨울_점퍼_점퍼_ZA,49,7407000,249000.0,55239.0,151163.0,12,147921.0,172444.0,151163.0,39.0,01_시즌
2023,2023-12-03,겨울_점퍼_점퍼_ZG,13,1730300,199000.0,34237.0,133100.0,12,119208.0,136290.0,133100.0,33.0,01_시즌
2023,2023-12-03,겨울_점퍼_패딩점퍼_ZB,981,97568170,224000.0,26786.0,89078.0,12,79718.0,108431.0,99458.0,56.0,01_시즌
2023,2023-12-03,겨울_코트_더블코트_ZA,243,58635400,499000.0,86701.0,241298.0,12,238725.0,289370.0,241298.0,52.0,01_시즌
2023,2023-12-03,겨울_코트_싱글코트_ZA,646,163040500,649000.0,90758.0,303740.0,12,310525.0,383906.0,252385.0,61.0,01_시즌
2023,2023-12-03,겨울_코트_싱글코트_ZB,1597,248406500,361500.0,66745.0,153068.0,12,154838.0,200976.0,155546.0,57.0,01_시즌
2023,2023-12-03,겨울_팬츠_니트팬츠_ZG,35,2031772,99900.0,20063.0,58051.0,12,56621.0,62916.0,58051.0,42.0,01_시즌
2023,2023-12-03,겨울_팬츠_팬츠(일반)_ZA,232,14576127,129000.0,17755.0,63354.0,12,63536.0,78429.0,62828.0,51.0,01_시즌
2023,2023-12-03,겨울_팬츠_팬츠(일반)_ZB,3186,170840265,99900.0,14200.0,53625.0,12,52657.0,59034.0,53622.0,46.0,01_시즌
2023,2023-12-03,겨울_팬츠_팬츠(일반)_ZG,21,1364830,99900.0,18100.0,64992.0,12,60485.0,69577.0,64992.0,35.0,01_시즌
2023,2023-12-03,사계절_니트 셔츠_라운드_ZB,429,12441000,79900.0,7430.0,29000.0,12,29079.0,37400.0,29000.0,64.0,01_시즌
2023,2023-12-03,사계절_데님_데님자켓_ZB,16,1748532,159000.0,14979.0,88542.0,12,82508.0,99312.0,109283.0,31.0,01_시즌
2023,2023-12-03,사계절_데님_데님팬츠_ZB,541,24159545,101900.0,17672.0,53790.0,12,56001.0,64064.0,44657.0,56.0,01_시즌
2023,2023-12-03,사계절_수트_블레이져(수트)_ZB,725,81846761,259000.0,43044.0,134061.0,12,151867.0,142344.0,112892.0,56.0,01_시즌
2023,2023-12-03,사계절_수트_블레이져(수트)_ZC,142,21251320,259000.0,46671.0,155052.0,12,156748.0,165095.0,149657.0,42.0,01_시즌
2023,2023-12-03,사계절_수트_수트팬츠_ZB,795,47472305,139000.0,21826.0,58264.0,12,65029.0,74206.0,59714.0,57.0,01_시즌
2023,2023-12-03,사계절_수트_수트팬츠_ZC,143,11218940,139000.0,24143.0,84066.0,12,84703.0,89643.0,78454.0,44.0,01_시즌
2023,2023-12-03,사계절_우븐 셔츠_드레스셔츠_ZB,1080,32321015,69900.0,7511.0,31450.0,12,35280.0,35960.0,29927.0,57.0,01_시즌
2023,2023-12-03,사계절_자켓_싱글재킷_ZB,12,1788000,239000.0,33934.0,149000.0,12,140829.0,142581.0,149000.0,38.0,01_시즌
2023,2023-12-03,사계절_팬츠_팬츠(일반)_ZB,112,5101300,99900.0,12418.0,45120.0,12,52163.0,61195.0,45547.0,54.0,01_시즌
2023,2023-12-10,겨울_니트 셔츠_라운드_ZB,1234,40715802,79900.0,6918.0,31324.0,12,30053.0,39528.0,32995.0,59.0,01_시즌
2023,2023-12-10,겨울_니트 셔츠_라운드_ZG,30,1931410,99900.0,18756.0,63238.0,12,56861.0,66243.0,64380.0,36.0,01_시즌
2023,2023-12-10,겨울_니트 셔츠_오픈형티(맨투맨 등)_ZG,8,584000,119000.0,27848.0,73000.0,12,72084.0,81707.0,73000.0,39.0,01_시즌
2023,2023-12-10,겨울_니트 셔츠_티에리_ZA,81,3958445,99900.0,16378.0,49680.0,12,44212.0,58950.0,48870.0,51.0,01_시즌
2023,2023-12-10,겨울_사파리_패딩사파리_ZB,1833,227536629,474000.0,56828.0,159149.0,12,159304.0,221879.0,124133.0,74.0,01_시즌
2023,2023-12-10,겨울_수트_블레이져(수트)_ZA,98,23306560,419000.0,76271.0,250769.0,12,248651.0,269707.0,237822.0,43.0,01_시즌
2023,2023-12-10,겨울_수트_블레이져(수트)_ZB,535,103188590,279000.0,53252.0,192769.0,12,194198.0,200507.0,192876.0,31.0,01_시즌
2023,2023-12-10,겨울_수트_블레이져(수트)_ZC,144,28520430,334000.0,62799.0,211806.0,12,212581.0,220227.0,198059.0,41.0,01_시즌
2023,2023-12-10,겨울_수트_수트팬츠_ZA,109,14208760,239000.0,42609.0,143100.0,12,141645.0,153705.0,130356.0,45.0,01_시즌
2023,2023-12-10,겨울_수트_수트팬츠_ZB,573,58969730,149000.0,27168.0,102953.0,12,103535.0,106967.0,102914.0,31.0,01_시즌
2023,2023-12-10,겨울_수트_수트팬츠_ZC,149,15873820,179000.0,31976.0,113360.0,12,113881.0,118024.0,106536.0,40.0,01_시즌
2023,2023-12-10,겨울_스웨터_T-에리_ZA,106,6925000,139000.0,17186.0,65330.0,12,61294.0,75847.0,65330.0,53.0,01_시즌
2023,2023-12-10,겨울_스웨터_T-에리_ZB,618,25118791,99900.0,13043.0,41556.0,12,40614.0,52803.0,40645.0,59.0,01_시즌
2023,2023-12-10,겨울_스웨터_Turtle_ZA,248,23261000,159000.0,17767.0,93794.0,12,86966.0,103781.0,93794.0,41.0,01_시즌
2023,2023-12-10,겨울_스웨터_Turtle_ZB,792,43002607,99900.0,14224.0,54376.0,12,49996.0,58030.0,54296.0,46.0,01_시즌
2023,2023-12-10,겨울_스웨터_라운드_ZA,238,16041700,139000.0,15986.0,67024.0,12,63353.0,76198.0,67402.0,52.0,01_시즌
2023,2023-12-10,겨울_스웨터_라운드_ZB,1329,61716389,99900.0,14504.0,46426.0,12,43012.0,55877.0,46438.0,54.0,01_시즌
2023,2023-12-10,겨울_스웨터_오픈형(CARDIGAN)_ZA,204,17265620,179000.0,23630.0,83443.0,12,79823.0,109143.0,84635.0,53.0,01_시즌
2023,2023-12-10,겨울_스웨터_오픈형(CARDIGAN)_ZB,120,6256030,159000.0,18527.0,52134.0,12,72627.0,103408.0,52134.0,67.0,01_시즌
2023,2023-12-10,겨울_우븐 셔츠_캐쥬얼셔츠_ZA,282,13038957,119300.0,19806.0,53426.0,12,56875.0,71801.0,46237.0,61.0,01_시즌
2023,2023-12-10,겨울_자켓_싱글재킷_ZA,405,69776600,324000.0,42535.0,161330.0,12,160167.0,193937.0,172288.0,47.0,01_시즌
2023,2023-12-10,겨울_점퍼_점퍼_ZA,55,8435000,249000.0,55239.0,153364.0,12,147921.0,172444.0,153364.0,38.0,01_시즌
2023,2023-12-10,겨울_점퍼_점퍼_ZG,8,1114400,199000.0,34237.0,139300.0,12,119208.0,136290.0,139300.0,30.0,01_시즌
2023,2023-12-10,겨울_점퍼_패딩점퍼_ZB,884,78525600,224000.0,26786.0,81875.0,12,79718.0,108431.0,88830.0,60.0,01_시즌
2023,2023-12-10,겨울_코트_더블코트_ZA,175,42544200,499000.0,86701.0,243110.0,12,238725.0,289370.0,243110.0,51.0,01_시즌
2023,2023-12-10,겨울_코트_싱글코트_ZA,509,129021600,649000.0,90758.0,308758.0,12,310525.0,383906.0,253481.0,61.0,01_시즌
2023,2023-12-10,겨울_코트_싱글코트_ZB,1346,211453400,361500.0,66745.0,157127.0,12,154838.0,200976.0,157098.0,57.0,01_시즌
2023,2023-12-10,겨울_팬츠_니트팬츠_ZG,20,1140540,99900.0,20063.0,57027.0,12,56621.0,62916.0,57027.0,43.0,01_시즌
2023,2023-12-10,겨울_팬츠_팬츠(일반)_ZA,239,15196300,129000.0,17755.0,63097.0,12,63536.0,78429.0,63583.0,51.0,01_시즌
2023,2023-12-10,겨울_팬츠_팬츠(일반)_ZB,2277,117310850,99900.0,14200.0,52442.0,12,52657.0,59034.0,51520.0,48.0,01_시즌
2023,2023-12-10,겨울_팬츠_팬츠(일반)_ZG,20,1398600,99900.0,18100.0,69930.0,12,60485.0,69577.0,69930.0,30.0,01_시즌
2023,2023-12-10,사계절_니트 셔츠_라운드_ZB,-513,-14877000,79900.0,7430.0,29000.0,12,29079.0,37400.0,29000.0,64.0,01_시즌
2023,2023-12-10,사계절_데님_데님자켓_ZB,4,514300,159000.0,14979.0,128575.0,12,82508.0,99312.0,128575.0,19.0,01_시즌
2023,2023-12-10,사계절_데님_데님팬츠_ZB,-546,-19102600,101900.0,17672.0,51916.0,12,56001.0,64064.0,34986.0,66.0,01_시즌
2023,2023-12-10,사계절_수트_블레이져(수트)_ZB,785,78470601,259000.0,43044.0,132962.0,12,151867.0,142344.0,99963.0,61.0,01_시즌
2023,2023-12-10,사계절_수트_블레이져(수트)_ZC,108,16046900,259000.0,46671.0,154762.0,12,156748.0,165095.0,148582.0,43.0,01_시즌
2023,2023-12-10,사계절_수트_수트팬츠_ZB,843,43464083,139000.0,21826.0,56566.0,12,65029.0,74206.0,51559.0,63.0,01_시즌
2023,2023-12-10,사계절_수트_수트팬츠_ZC,127,10003200,139000.0,24143.0,82126.0,12,84703.0,89643.0,78765.0,43.0,01_시즌
2023,2023-12-10,사계절_우븐 셔츠_드레스셔츠_ZB,642,22596532,69900.0,7511.0,37096.0,12,35280.0,35960.0,35197.0,50.0,01_시즌
2023,2023-12-10,사계절_자켓_싱글재킷_ZB,9,1251000,239000.0,33934.0,139000.0,12,140829.0,142581.0,139000.0,42.0,01_시즌
2023,2023-12-10,사계절_팬츠_팬츠(일반)_ZB,95,4789900,99900.0,12418.0,51000.0,12,52163.0,61195.0,50420.0,50.0,01_시즌
2023,2023-12-17,겨울_니트 셔츠_라운드_ZB,475,17260106,79900.0,6918.0,35695.0,12,30053.0,39528.0,36337.0,55.0,01_시즌
2023,2023-12-17,겨울_니트 셔츠_라운드_ZG,38,2171550,99900.0,18756.0,56958.0,12,56861.0,66243.0,57146.0,43.0,01_시즌
2023,2023-12-17,겨울_니트 셔츠_오픈형티(맨투맨 등)_ZG,9,716800,119000.0,27848.0,79644.0,12,72084.0,81707.0,79644.0,33.0,01_시즌
2023,2023-12-17,겨울_니트 셔츠_티에리_ZA,89,4488298,99900.0,16378.0,50227.0,12,44212.0,58950.0,50430.0,50.0,01_시즌
2023,2023-12-17,겨울_사파리_패딩사파리_ZB,1902,273389488,474000.0,56828.0,169935.0,12,159304.0,221879.0,143738.0,70.0,01_시즌
2023,2023-12-17,겨울_수트_블레이져(수트)_ZA,97,22680100,419000.0,76271.0,243108.0,12,248651.0,269707.0,233815.0,44.0,01_시즌
2023,2023-12-17,겨울_수트_블레이져(수트)_ZB,501,97146177,279000.0,53252.0,193017.0,12,194198.0,200507.0,193905.0,31.0,01_시즌
2023,2023-12-17,겨울_수트_블레이져(수트)_ZC,166,33024270,334000.0,62799.0,212211.0,12,212581.0,220227.0,198941.0,40.0,01_시즌
2023,2023-12-17,겨울_수트_수트팬츠_ZA,107,13665700,239000.0,42609.0,139054.0,12,141645.0,153705.0,127717.0,47.0,01_시즌
2023,2023-12-17,겨울_수트_수트팬츠_ZB,552,56968954,149000.0,27168.0,103549.0,12,103535.0,106967.0,103205.0,31.0,01_시즌
2023,2023-12-17,겨울_수트_수트팬츠_ZC,167,17907280,179000.0,31976.0,113482.0,12,113881.0,118024.0,107229.0,40.0,01_시즌
2023,2023-12-17,겨울_스웨터_T-에리_ZA,130,8276860,139000.0,17186.0,63668.0,12,61294.0,75847.0,63668.0,54.0,01_시즌
2023,2023-12-17,겨울_스웨터_T-에리_ZB,532,22633112,99900.0,13043.0,43407.0,12,40614.0,52803.0,42543.0,57.0,01_시즌
2023,2023-12-17,겨울_스웨터_Turtle_ZA,303,25674893,159000.0,17767.0,84736.0,12,86966.0,103781.0,84736.0,47.0,01_시즌
2023,2023-12-17,겨울_스웨터_Turtle_ZB,1158,57009626,99900.0,14224.0,49463.0,12,49996.0,58030.0,49231.0,51.0,01_시즌
2023,2023-12-17,겨울_스웨터_라운드_ZA,266,18039500,139000.0,15986.0,66766.0,12,63353.0,76198.0,67818.0,51.0,01_시즌
2023,2023-12-17,겨울_스웨터_라운드_ZB,689,29365467,99900.0,14504.0,42518.0,12,43012.0,55877.0,42620.0,57.0,01_시즌
2023,2023-12-17,겨울_스웨터_오픈형(CARDIGAN)_ZA,158,13482497,179000.0,23630.0,83878.0,12,79823.0,109143.0,85332.0,52.0,01_시즌
2023,2023-12-17,겨울_스웨터_오픈형(CARDIGAN)_ZB,68,5565303,159000.0,18527.0,81843.0,12,72627.0,103408.0,81843.0,49.0,01_시즌
2023,2023-12-17,겨울_우븐 셔츠_캐쥬얼셔츠_ZA,141,8060487,119300.0,19806.0,57722.0,12,56875.0,71801.0,57167.0,52.0,01_시즌
2023,2023-12-17,겨울_자켓_싱글재킷_ZA,330,56714010,324000.0,42535.0,160885.0,12,160167.0,193937.0,171861.0,47.0,01_시즌
2023,2023-12-17,겨울_점퍼_점퍼_ZA,39,5829634,249000.0,55239.0,149478.0,12,147921.0,172444.0,149478.0,40.0,01_시즌
2023,2023-12-17,겨울_점퍼_점퍼_ZG,9,1143264,199000.0,34237.0,127029.0,12,119208.0,136290.0,127029.0,36.0,01_시즌
2023,2023-12-17,겨울_점퍼_패딩점퍼_ZB,806,76892734,224000.0,26786.0,85360.0,12,79718.0,108431.0,95400.0,57.0,01_시즌
2023,2023-12-17,겨울_코트_더블코트_ZA,217,51443000,499000.0,86701.0,237065.0,12,238725.0,289370.0,237065.0,52.0,01_시즌
2023,2023-12-17,겨울_코트_싱글코트_ZA,509,131069400,649000.0,90758.0,316914.0,12,310525.0,383906.0,257504.0,60.0,01_시즌
2023,2023-12-17,겨울_코트_싱글코트_ZB,1388,217481346,361500.0,66745.0,156824.0,12,154838.0,200976.0,156687.0,57.0,01_시즌
2023,2023-12-17,겨울_팬츠_니트팬츠_ZG,21,1162170,99900.0,20063.0,55341.0,12,56621.0,62916.0,55341.0,45.0,01_시즌
2023,2023-12-17,겨울_팬츠_팬츠(일반)_ZA,224,14375050,129000.0,17755.0,64174.0,12,63536.0,78429.0,64174.0,50.0,01_시즌
2023,2023-12-17,겨울_팬츠_팬츠(일반)_ZB,2584,134467351,99900.0,14200.0,53312.0,12,52657.0,59034.0,52038.0,48.0,01_시즌
2023,2023-12-17,겨울_팬츠_팬츠(일반)_ZG,13,888160,99900.0,18100.0,68320.0,12,60485.0,69577.0,68320.0,32.0,01_시즌
2023,2023-12-17,사계절_니트 셔츠_라운드_ZB,-124,-3611610,79900.0,7430.0,29126.0,12,29079.0,37400.0,29126.0,64.0,01_시즌
2023,2023-12-17,사계절_데님_데님자켓_ZB,8,712000,159000.0,14979.0,85666.0,12,82508.0,99312.0,89000.0,44.0,01_시즌
2023,2023-12-17,사계절_데님_데님팬츠_ZB,-20,-2899981,101900.0,17672.0,61170.0,12,56001.0,64064.0,144999.0,-42.0,01_시즌
2023,2023-12-17,사계절_수트_블레이져(수트)_ZB,432,61426595,259000.0,43044.0,171976.0,12,151867.0,142344.0,142191.0,45.0,01_시즌
2023,2023-12-17,사계절_수트_블레이져(수트)_ZC,110,16738524,259000.0,46671.0,160467.0,12,156748.0,165095.0,152168.0,41.0,01_시즌
2023,2023-12-17,사계절_수트_수트팬츠_ZB,485,35720788,139000.0,21826.0,75677.0,12,65029.0,74206.0,73651.0,47.0,01_시즌
2023,2023-12-17,사계절_수트_수트팬츠_ZC,122,9764482,139000.0,24143.0,82309.0,12,84703.0,89643.0,80037.0,42.0,01_시즌
2023,2023-12-17,사계절_우븐 셔츠_드레스셔츠_ZB,501,16391474,69900.0,7511.0,37256.0,12,35280.0,35960.0,32718.0,53.0,01_시즌
2023,2023-12-17,사계절_자켓_싱글재킷_ZB,10,1310000,239000.0,33934.0,131000.0,12,140829.0,142581.0,131000.0,45.0,01_시즌
2023,2023-12-17,사계절_팬츠_팬츠(일반)_ZB,60,3385550,99900.0,12418.0,58796.0,12,52163.0,61195.0,56426.0,44.0,01_시즌
2023,2023-12-24,겨울_니트 셔츠_라운드_ZB,1947,54918240,79900.0,6918.0,27857.0,12,30053.0,39528.0,28207.0,65.0,01_시즌
2023,2023-12-24,겨울_니트 셔츠_라운드_ZG,51,2541790,99900.0,18756.0,50019.0,12,56861.0,66243.0,49839.0,50.0,01_시즌
2023,2023-12-24,겨울_니트 셔츠_오픈형티(맨투맨 등)_ZG,13,887000,119000.0,27848.0,68231.0,12,72084.0,81707.0,68231.0,43.0,01_시즌
2023,2023-12-24,겨울_니트 셔츠_티에리_ZA,110,4263698,99900.0,16378.0,38784.0,12,44212.0,58950.0,38761.0,61.0,01_시즌
2023,2023-12-24,겨울_사파리_패딩사파리_ZB,3534,494832696,474000.0,56828.0,146073.0,12,159304.0,221879.0,140021.0,70.0,01_시즌
2023,2023-12-24,겨울_수트_블레이져(수트)_ZA,68,16193950,419000.0,76271.0,250627.0,12,248651.0,269707.0,238146.0,43.0,01_시즌
2023,2023-12-24,겨울_수트_블레이져(수트)_ZB,391,76100040,279000.0,53252.0,194856.0,12,194198.0,200507.0,194629.0,30.0,01_시즌
2023,2023-12-24,겨울_수트_블레이져(수트)_ZC,129,25268670,334000.0,62799.0,212716.0,12,212581.0,220227.0,195881.0,41.0,01_시즌
2023,2023-12-24,겨울_수트_수트팬츠_ZA,82,10685470,239000.0,42609.0,142840.0,12,141645.0,153705.0,130311.0,45.0,01_시즌
2023,2023-12-24,겨울_수트_수트팬츠_ZB,464,48329640,149000.0,27168.0,104128.0,12,103535.0,106967.0,104159.0,30.0,01_시즌
2023,2023-12-24,겨울_수트_수트팬츠_ZC,125,13074170,179000.0,31976.0,114092.0,12,113881.0,118024.0,104593.0,42.0,01_시즌
2023,2023-12-24,겨울_스웨터_T-에리_ZA,213,12283892,139000.0,17186.0,57671.0,12,61294.0,75847.0,57671.0,59.0,01_시즌
2023,2023-12-24,겨울_스웨터_T-에리_ZB,551,17385026,99900.0,13043.0,33371.0,12,40614.0,52803.0,31552.0,68.0,01_시즌
2023,2023-12-24,겨울_스웨터_Turtle_ZA,313,27412280,159000.0,17767.0,87579.0,12,86966.0,103781.0,87579.0,45.0,01_시즌
2023,2023-12-24,겨울_스웨터_Turtle_ZB,1538,70879713,99900.0,14224.0,46702.0,12,49996.0,58030.0,46086.0,54.0,01_시즌
2023,2023-12-24,겨울_스웨터_라운드_ZA,320,19223400,139000.0,15986.0,60488.0,12,63353.0,76198.0,60073.0,57.0,01_시즌
2023,2023-12-24,겨울_스웨터_라운드_ZB,985,39454740,99900.0,14504.0,40096.0,12,43012.0,55877.0,40056.0,60.0,01_시즌
2023,2023-12-24,겨울_스웨터_오픈형(CARDIGAN)_ZA,253,18167781,179000.0,23630.0,72455.0,12,79823.0,109143.0,71809.0,60.0,01_시즌
2023,2023-12-24,겨울_스웨터_오픈형(CARDIGAN)_ZB,68,5223942,159000.0,18527.0,76823.0,12,72627.0,103408.0,76823.0,52.0,01_시즌
2023,2023-12-24,겨울_우븐 셔츠_캐쥬얼셔츠_ZA,187,8591351,119300.0,19806.0,52969.0,12,56875.0,71801.0,45943.0,61.0,01_시즌
2023,2023-12-24,겨울_자켓_싱글재킷_ZA,254,43885950,324000.0,42535.0,160963.0,12,160167.0,193937.0,172779.0,47.0,01_시즌
2023,2023-12-24,겨울_점퍼_점퍼_ZA,36,5374000,249000.0,55239.0,149278.0,12,147921.0,172444.0,149278.0,40.0,01_시즌
2023,2023-12-24,겨울_점퍼_점퍼_ZG,29,2830700,199000.0,34237.0,97610.0,12,119208.0,136290.0,97610.0,51.0,01_시즌
2023,2023-12-24,겨울_점퍼_패딩점퍼_ZB,874,76153000,224000.0,26786.0,73565.0,12,79718.0,108431.0,87132.0,61.0,01_시즌
2023,2023-12-24,겨울_코트_더블코트_ZA,267,64053200,499000.0,86701.0,239900.0,12,238725.0,289370.0,239900.0,52.0,01_시즌
2023,2023-12-24,겨울_코트_싱글코트_ZA,505,122289700,649000.0,90758.0,313752.0,12,310525.0,383906.0,242158.0,63.0,01_시즌
2023,2023-12-24,겨울_코트_싱글코트_ZB,1286,199938418,361500.0,66745.0,155013.0,12,154838.0,200976.0,155473.0,57.0,01_시즌
2023,2023-12-24,겨울_팬츠_니트팬츠_ZG,26,1449040,99900.0,20063.0,55732.0,12,56621.0,62916.0,55732.0,44.0,01_시즌
2023,2023-12-24,겨울_팬츠_팬츠(일반)_ZA,198,12757700,129000.0,17755.0,64609.0,12,63536.0,78429.0,64433.0,50.0,01_시즌
2023,2023-12-24,겨울_팬츠_팬츠(일반)_ZB,2046,105125308,99900.0,14200.0,52161.0,12,52657.0,59034.0,51381.0,49.0,01_시즌
2023,2023-12-24,겨울_팬츠_팬츠(일반)_ZG,20,1021860,99900.0,18100.0,51093.0,12,60485.0,69577.0,51093.0,49.0,01_시즌
2023,2023-12-24,사계절_니트 셔츠_라운드_ZB,133,3883100,79900.0,7430.0,29196.0,12,29079.0,37400.0,29196.0,63.0,01_시즌
2023,2023-12-24,사계절_데님_데님자켓_ZB,31,2449000,159000.0,14979.0,79000.0,12,82508.0,99312.0,79000.0,50.0,01_시즌
2023,2023-12-24,사계절_데님_데님팬츠_ZB,255,14706800,101900.0,17672.0,54849.0,12,56001.0,64064.0,57674.0,43.0,01_시즌
2023,2023-12-24,사계절_수트_블레이져(수트)_ZB,348,47413888,259000.0,43044.0,193372.0,12,151867.0,142344.0,136247.0,47.0,01_시즌
2023,2023-12-24,사계절_수트_블레이져(수트)_ZC,86,12596650,259000.0,46671.0,155107.0,12,156748.0,165095.0,146473.0,43.0,01_시즌
2023,2023-12-24,사계절_수트_수트팬츠_ZB,349,24848699,139000.0,21826.0,75840.0,12,65029.0,74206.0,71200.0,49.0,01_시즌
2023,2023-12-24,사계절_수트_수트팬츠_ZC,99,8015350,139000.0,24143.0,87187.0,12,84703.0,89643.0,80963.0,42.0,01_시즌
2023,2023-12-24,사계절_우븐 셔츠_드레스셔츠_ZB,506,17671107,69900.0,7511.0,37681.0,12,35280.0,35960.0,34923.0,50.0,01_시즌
2023,2023-12-24,사계절_자켓_싱글재킷_ZB,5,745000,239000.0,33934.0,149000.0,12,140829.0,142581.0,149000.0,38.0,01_시즌
2023,2023-12-24,사계절_팬츠_팬츠(일반)_ZB,88,4089000,99900.0,12418.0,50847.0,12,52163.0,61195.0,46466.0,53.0,01_시즌
2023,2023-12-31,겨울_니트 셔츠_라운드_ZB,1888,53105652,79900.0,6918.0,27252.0,12,30053.0,39528.0,28128.0,65.0,01_시즌
2023,2023-12-31,겨울_니트 셔츠_라운드_ZG,60,2968150,99900.0,18756.0,49320.0,12,56861.0,66243.0,49469.0,50.0,01_시즌
2023,2023-12-31,겨울_니트 셔츠_오픈형티(맨투맨 등)_ZG,12,808500,119000.0,27848.0,67375.0,12,72084.0,81707.0,67375.0,43.0,01_시즌
2023,2023-12-31,겨울_니트 셔츠_티에리_ZA,209,8189687,99900.0,16378.0,39142.0,12,44212.0,58950.0,39185.0,61.0,01_시즌
2023,2023-12-31,겨울_사파리_패딩사파리_ZB,3485,432555090,474000.0,56828.0,138750.0,12,159304.0,221879.0,124119.0,74.0,01_시즌
2023,2023-12-31,겨울_수트_블레이져(수트)_ZA,84,20087250,419000.0,76271.0,250566.0,12,248651.0,269707.0,239134.0,43.0,01_시즌
2023,2023-12-31,겨울_수트_블레이져(수트)_ZB,592,115119360,279000.0,53252.0,193855.0,12,194198.0,200507.0,194458.0,30.0,01_시즌
2023,2023-12-31,겨울_수트_블레이져(수트)_ZC,177,35640400,334000.0,62799.0,214240.0,12,212581.0,220227.0,201358.0,40.0,01_시즌
2023,2023-12-31,겨울_수트_수트팬츠_ZA,99,12904050,239000.0,42609.0,141736.0,12,141645.0,153705.0,130344.0,45.0,01_시즌
2023,2023-12-31,겨울_수트_수트팬츠_ZB,672,69688060,149000.0,27168.0,103276.0,12,103535.0,106967.0,103702.0,30.0,01_시즌
2023,2023-12-31,겨울_수트_수트팬츠_ZC,178,19135600,179000.0,31976.0,114344.0,12,113881.0,118024.0,107503.0,40.0,01_시즌
2023,2023-12-31,겨울_스웨터_T-에리_ZA,152,8541824,139000.0,17186.0,56196.0,12,61294.0,75847.0,56196.0,60.0,01_시즌
2023,2023-12-31,겨울_스웨터_T-에리_ZB,461,18015725,99900.0,13043.0,39285.0,12,40614.0,52803.0,39080.0,61.0,01_시즌
2023,2023-12-31,겨울_스웨터_Turtle_ZA,303,25629200,159000.0,17767.0,84585.0,12,86966.0,103781.0,84585.0,47.0,01_시즌
2023,2023-12-31,겨울_스웨터_Turtle_ZB,1362,59699235,99900.0,14224.0,44585.0,12,49996.0,58030.0,43832.0,56.0,01_시즌
2023,2023-12-31,겨울_스웨터_라운드_ZA,379,21242350,139000.0,15986.0,55427.0,12,63353.0,76198.0,56048.0,60.0,01_시즌
2023,2023-12-31,겨울_스웨터_라운드_ZB,1089,42363040,99900.0,14504.0,38904.0,12,43012.0,55877.0,38901.0,61.0,01_시즌
2023,2023-12-31,겨울_스웨터_오픈형(CARDIGAN)_ZA,241,17305658,179000.0,23630.0,72100.0,12,79823.0,109143.0,71808.0,60.0,01_시즌
2023,2023-12-31,겨울_스웨터_오픈형(CARDIGAN)_ZB,102,7215901,159000.0,18527.0,70744.0,12,72627.0,103408.0,70744.0,56.0,01_시즌
2023,2023-12-31,겨울_우븐 셔츠_캐쥬얼셔츠_ZA,184,10738617,119300.0,19806.0,58904.0,12,56875.0,71801.0,58362.0,51.0,01_시즌
2023,2023-12-31,겨울_자켓_싱글재킷_ZA,347,58198100,324000.0,42535.0,159026.0,12,160167.0,193937.0,167718.0,48.0,01_시즌
2023,2023-12-31,겨울_점퍼_점퍼_ZA,48,6543535,249000.0,55239.0,136324.0,12,147921.0,172444.0,136324.0,45.0,01_시즌
2023,2023-12-31,겨울_점퍼_점퍼_ZG,27,2673000,199000.0,34237.0,99000.0,12,119208.0,136290.0,99000.0,50.0,01_시즌
2023,2023-12-31,겨울_점퍼_패딩점퍼_ZB,1033,77461256,224000.0,26786.0,68712.0,12,79718.0,108431.0,74987.0,67.0,01_시즌
2023,2023-12-31,겨울_코트_더블코트_ZA,248,57597969,499000.0,86701.0,232250.0,12,238725.0,289370.0,232250.0,53.0,01_시즌
2023,2023-12-31,겨울_코트_싱글코트_ZA,715,179817100,649000.0,90758.0,309463.0,12,310525.0,383906.0,251492.0,61.0,01_시즌
2023,2023-12-31,겨울_코트_싱글코트_ZB,1681,256644287,361500.0,66745.0,152157.0,12,154838.0,200976.0,152674.0,58.0,01_시즌
2023,2023-12-31,겨울_팬츠_니트팬츠_ZG,44,2506080,99900.0,20063.0,56956.0,12,56621.0,62916.0,56956.0,43.0,01_시즌
2023,2023-12-31,겨울_팬츠_팬츠(일반)_ZA,269,16835639,129000.0,17755.0,62445.0,12,63536.0,78429.0,62586.0,51.0,01_시즌
2023,2023-12-31,겨울_팬츠_팬츠(일반)_ZB,2745,139322674,99900.0,14200.0,51746.0,12,52657.0,59034.0,50755.0,49.0,01_시즌
2023,2023-12-31,겨울_팬츠_팬츠(일반)_ZG,33,1587000,99900.0,18100.0,48091.0,12,60485.0,69577.0,48091.0,52.0,01_시즌
2023,2023-12-31,사계절_니트 셔츠_라운드_ZB,-128,-3721100,79900.0,7430.0,29071.0,12,29079.0,37400.0,29071.0,64.0,01_시즌
2023,2023-12-31,사계절_데님_데님자켓_ZB,26,1746232,159000.0,14979.0,53792.0,12,82508.0,99312.0,67163.0,58.0,01_시즌
2023,2023-12-31,사계절_데님_데님팬츠_ZB,-102,-7201592,101900.0,17672.0,58279.0,12,56001.0,64064.0,70604.0,31.0,01_시즌
2023,2023-12-31,사계절_수트_블레이져(수트)_ZB,565,76362727,259000.0,43044.0,117785.0,12,151867.0,142344.0,135155.0,48.0,01_시즌
2023,2023-12-31,사계절_수트_블레이져(수트)_ZC,117,17530434,259000.0,46671.0,158354.0,12,156748.0,165095.0,149833.0,42.0,01_시즌
2023,2023-12-31,사계절_수트_수트팬츠_ZB,618,43279774,139000.0,21826.0,58801.0,12,65029.0,74206.0,70032.0,50.0,01_시즌
2023,2023-12-31,사계절_수트_수트팬츠_ZC,118,9582370,139000.0,24143.0,87827.0,12,84703.0,89643.0,81207.0,42.0,01_시즌
2023,2023-12-31,사계절_우븐 셔츠_드레스셔츠_ZB,1272,39702262,69900.0,7511.0,32917.0,12,35280.0,35960.0,31212.0,55.0,01_시즌
2023,2023-12-31,사계절_자켓_싱글재킷_ZB,7,953000,239000.0,33934.0,136143.0,12,140829.0,142581.0,136143.0,43.0,01_시즌
2023,2023-12-31,사계절_팬츠_팬츠(일반)_ZB,105,5790050,99900.0,12418.0,55050.0,12,52163.0,61195.0,55143.0,45.0,01_시즌
2024,2024-01-07,봄_니트 셔츠_라운드_ZB,139,9113100,89000.0,6766.0,71098.0,1,66750.0,33309.0,65562.0,26.0,01_시즌
2024,2024-01-07,봄_수트_블레이져(수트)_ZB,144,32029200,279000.0,48551.0,222425.0,1,206117.0,134926.0,222425.0,20.0,01_시즌
2024,2024-01-07,봄_수트_블레이져(수트)_ZC,0,0,279000.0,53467.0,,1,202494.0,134996.0,202494.0,27.0,01_시즌
2024,2024-01-07,봄_수트_수트팬츠_ZB,157,18654800,149000.0,24414.0,118820.0,1,110117.0,71682.0,118820.0,20.0,01_시즌
2024,2024-01-07,봄_수트_수트팬츠_ZC,0,0,149000.0,25777.0,,1,107895.0,73740.0,107895.0,28.0,01_시즌
2024,2024-01-07,봄_스웨터_T-에리_ZB,9,712800,99000.0,14953.0,79200.0,1,73675.0,39032.0,79200.0,20.0,01_시즌
2024,2024-01-07,봄_스웨터_라운드_ZA,0,0,99000.0,15694.0,,1,72120.0,39070.0,72120.0,27.0,01_시즌
2024,2024-01-07,봄_스웨터_라운드_ZB,46,3623400,99000.0,16066.0,78770.0,1,73415.0,37381.0,78770.0,20.0,01_시즌
2024,2024-01-07,봄_스웨터_오픈형(CARDIGAN)_ZB,0,0,159000.0,19051.0,,1,115303.0,50453.0,115303.0,27.0,01_시즌
2024,2024-01-07,봄_자켓_싱글재킷_ZB,16,3827200,299000.0,29549.0,239200.0,1,223100.0,104216.0,239200.0,20.0,01_시즌
2024,2024-01-07,봄_팬츠_팬츠(일반)_ZB,56,4405500,99000.0,10500.0,78930.0,1,73920.0,39304.0,78670.0,21.0,01_시즌
2024,2024-01-07,사계절_수트_블레이져(수트)_ZB,7,1450400,259000.0,42884.0,207200.0,1,163744.0,131261.0,207200.0,20.0,01_시즌
2024,2024-01-07,사계절_수트_블레이져(수트)_ZC,0,0,259000.0,44521.0,,1,168239.0,148324.0,168239.0,35.0,01_시즌
2024,2024-01-07,사계절_수트_수트팬츠_ZB,5,556000,139000.0,20610.0,111200.0,1,86968.0,69377.0,111200.0,20.0,01_시즌
2024,2024-01-07,사계절_수트_수트팬츠_ZC,0,0,139000.0,21545.0,,1,89552.0,78577.0,89552.0,36.0,01_시즌
2024,2024-01-07,사계절_우븐 셔츠_드레스셔츠_ZB,1852,49479455,79000.0,7917.0,26717.0,1,36623.0,33114.0,26717.0,66.0,01_시즌
2024,2024-01-07,여름_수트_블레이져(수트)_ZB,0,0,279000.0,52587.0,,1,205321.0,160776.0,205321.0,26.0,01_시즌
2024,2024-01-07,여름_수트_수트팬츠_ZB,0,0,149000.0,26212.0,,1,109553.0,90772.0,109553.0,26.0,01_시즌
2024,2024-01-07,여름_우븐 셔츠_캐쥬얼셔츠_ZB,14,884800,79000.0,8515.0,63200.0,1,59162.0,32585.0,63200.0,20.0,01_시즌
2024,2024-01-07,여름_점퍼_점퍼_ZA,0,0,249000.0,35680.0,,1,181931.0,162956.0,181931.0,27.0,01_시즌
2024,2024-01-07,여름_점퍼_점퍼_ZB,0,0,249000.0,24847.0,,1,186256.0,108673.0,186256.0,25.0,01_시즌
2024,2024-01-07,여름_점퍼_점퍼_ZG,0,0,249000.0,23409.0,,1,,101942.0,101942.0,59.0,01_시즌
2024,2024-01-14,봄_니트 셔츠_라운드_ZB,-60,-3504000,89000.0,6766.0,71200.0,1,66750.0,33309.0,58400.0,34.0,01_시즌
2024,2024-01-14,봄_수트_블레이져(수트)_ZB,277,61474860,279000.0,48551.0,222394.0,1,206117.0,134926.0,221931.0,20.0,01_시즌
2024,2024-01-14,봄_수트_블레이져(수트)_ZC,87,19362600,279000.0,53467.0,222559.0,1,202494.0,134996.0,222559.0,20.0,01_시즌
2024,2024-01-14,봄_수트_수트팬츠_ZB,294,34871960,149000.0,24414.0,118828.0,1,110117.0,71682.0,118612.0,20.0,01_시즌
2024,2024-01-14,봄_수트_수트팬츠_ZC,92,10906800,149000.0,25777.0,118552.0,1,107895.0,73740.0,118552.0,20.0,01_시즌
2024,2024-01-14,봄_스웨터_T-에리_ZB,25,1910700,99000.0,14953.0,76428.0,1,73675.0,39032.0,76428.0,23.0,01_시즌
2024,2024-01-14,봄_스웨터_라운드_ZA,20,1554300,99000.0,15694.0,77715.0,1,72120.0,39070.0,77715.0,22.0,01_시즌
2024,2024-01-14,봄_스웨터_라운드_ZB,53,4177800,99000.0,16066.0,78940.0,1,73415.0,37381.0,78826.0,20.0,01_시즌
2024,2024-01-14,봄_스웨터_오픈형(CARDIGAN)_ZB,10,1208400,159000.0,18786.0,121900.0,1,115303.0,50453.0,120840.0,24.0,01_시즌
2024,2024-01-14,봄_자켓_싱글재킷_ZB,6,1435200,299000.0,29549.0,239200.0,1,223100.0,104216.0,239200.0,20.0,01_시즌
2024,2024-01-14,봄_코트_싱글코트_ZB,3,717600,299000.0,42749.0,239200.0,1,217606.0,106000.0,239200.0,20.0,01_시즌
2024,2024-01-14,봄_팬츠_팬츠(일반)_ZB,110,8693880,99000.0,10500.0,78843.0,1,73920.0,39304.0,79035.0,20.0,01_시즌
2024,2024-01-14,사계절_수트_블레이져(수트)_ZB,241,35971400,259000.0,42884.0,149259.0,1,163744.0,131261.0,149259.0,42.0,01_시즌
2024,2024-01-14,사계절_수트_블레이져(수트)_ZC,18,3729600,259000.0,44521.0,207200.0,1,168239.0,148324.0,207200.0,20.0,01_시즌
2024,2024-01-14,사계절_수트_수트팬츠_ZB,263,20785000,139000.0,20610.0,79030.0,1,86968.0,69377.0,79030.0,43.0,01_시즌
2024,2024-01-14,사계절_수트_수트팬츠_ZC,19,2112800,139000.0,21545.0,111200.0,1,89552.0,78577.0,111200.0,20.0,01_시즌
2024,2024-01-14,사계절_우븐 셔츠_드레스셔츠_ZB,1353,50602500,79000.0,7917.0,53505.0,1,36623.0,33114.0,37400.0,53.0,01_시즌
2024,2024-01-14,여름_수트_블레이져(수트)_ZB,0,0,279000.0,52538.0,,1,205321.0,160776.0,205321.0,26.0,01_시즌
2024,2024-01-14,여름_수트_수트팬츠_ZB,0,0,149000.0,26434.0,,1,109553.0,90772.0,109553.0,26.0,01_시즌
2024,2024-01-14,여름_우븐 셔츠_캐쥬얼셔츠_ZB,23,1453600,79000.0,8515.0,63200.0,1,59162.0,32585.0,63200.0,20.0,01_시즌
2024,2024-01-14,여름_점퍼_점퍼_ZA,144,28684800,249000.0,34968.0,199200.0,1,181931.0,162956.0,199200.0,20.0,01_시즌
2024,2024-01-14,여름_점퍼_점퍼_ZB,10,1992000,249000.0,24847.0,199200.0,1,186256.0,108673.0,199200.0,20.0,01_시즌
2024,2024-01-14,여름_점퍼_점퍼_ZG,0,0,249000.0,23409.0,,1,,101942.0,101942.0,59.0,01_시즌
2024,2024-01-21,봄_니트 셔츠_라운드_ZB,87,5473100,89000.0,6766.0,62402.0,1,66750.0,33309.0,62909.0,29.0,01_시즌
2024,2024-01-21,봄_수트_블레이져(수트)_ZB,325,65154870,279000.0,48551.0,200526.0,1,206117.0,134926.0,200477.0,28.0,01_시즌
2024,2024-01-21,봄_수트_블레이져(수트)_ZC,128,25500600,279000.0,53467.0,199223.0,1,202494.0,134996.0,199223.0,29.0,01_시즌
2024,2024-01-21,봄_수트_수트팬츠_ZB,376,40189770,149000.0,24414.0,106938.0,1,110117.0,71682.0,106888.0,28.0,01_시즌
2024,2024-01-21,봄_수트_수트팬츠_ZC,106,11279300,149000.0,25777.0,106408.0,1,107895.0,73740.0,106408.0,29.0,01_시즌
2024,2024-01-21,봄_스웨터_T-에리_ZB,42,2930400,99000.0,14953.0,69771.0,1,73675.0,39032.0,69771.0,30.0,01_시즌
2024,2024-01-21,봄_스웨터_라운드_ZA,92,6444900,99000.0,15694.0,70053.0,1,72120.0,39070.0,70053.0,29.0,01_시즌
2024,2024-01-21,봄_스웨터_라운드_ZB,134,9365400,99000.0,16066.0,69328.0,1,73415.0,37381.0,69891.0,29.0,01_시즌
2024,2024-01-21,봄_스웨터_오픈형(CARDIGAN)_ZB,41,4642800,159000.0,18786.0,113107.0,1,115303.0,50453.0,113239.0,29.0,01_시즌
2024,2024-01-21,봄_자켓_싱글재킷_ZB,13,2661100,299000.0,29549.0,204700.0,1,223100.0,104216.0,204700.0,32.0,01_시즌
2024,2024-01-21,봄_코트_싱글코트_ZB,12,2451800,299000.0,42749.0,204317.0,1,217606.0,106000.0,204317.0,32.0,01_시즌
2024,2024-01-21,봄_팬츠_팬츠(일반)_ZB,141,9810900,99000.0,10500.0,69208.0,1,73920.0,39304.0,69581.0,30.0,01_시즌
2024,2024-01-21,사계절_데님_데님팬츠_ZB,7,554400,99000.0,13968.0,79200.0,1,79200.0,49757.0,79200.0,20.0,01_시즌
2024,2024-01-21,사계절_수트_블레이져(수트)_ZB,301,45053100,259000.0,42884.0,149678.0,1,163744.0,131261.0,149678.0,42.0,01_시즌
2024,2024-01-21,사계절_수트_블레이져(수트)_ZC,117,17493600,259000.0,44521.0,149518.0,1,168239.0,148324.0,149518.0,42.0,01_시즌
2024,2024-01-21,사계절_수트_수트팬츠_ZB,323,25637100,139000.0,20610.0,79372.0,1,86968.0,69377.0,79372.0,43.0,01_시즌
2024,2024-01-21,사계절_수트_수트팬츠_ZC,114,9058000,139000.0,21545.0,79456.0,1,89552.0,78577.0,79456.0,43.0,01_시즌
2024,2024-01-21,사계절_우븐 셔츠_드레스셔츠_ZB,1255,33322200,79000.0,7917.0,23704.0,1,36623.0,33114.0,26552.0,66.0,01_시즌
2024,2024-01-21,여름_수트_블레이져(수트)_ZB,53,10462500,279000.0,53075.0,197293.0,1,205321.0,160776.0,197406.0,29.0,01_시즌
2024,2024-01-21,여름_수트_수트팬츠_ZB,62,6526200,149000.0,26951.0,105176.0,1,109553.0,90772.0,105261.0,29.0,01_시즌
2024,2024-01-21,여름_우븐 셔츠_캐쥬얼셔츠_ZB,35,1935500,79000.0,8515.0,55300.0,1,59162.0,32585.0,55300.0,30.0,01_시즌
2024,2024-01-21,여름_점퍼_점퍼_ZA,217,37798200,249000.0,34968.0,175070.0,1,181931.0,162956.0,174185.0,30.0,01_시즌
2024,2024-01-21,여름_점퍼_점퍼_ZB,22,3859500,249000.0,24847.0,178796.0,1,186256.0,108673.0,175432.0,30.0,01_시즌
2024,2024-01-21,여름_점퍼_점퍼_ZG,0,0,249000.0,30900.0,,1,,101942.0,101942.0,59.0,01_시즌
2024,2024-01-28,봄_니트 셔츠_라운드_ZB,57,3460100,89000.0,6766.0,62300.0,1,66750.0,33309.0,60704.0,32.0,01_시즌
2024,2024-01-28,봄_수트_블레이져(수트)_ZB,345,64471320,279000.0,48551.0,187276.0,1,206117.0,134926.0,186873.0,33.0,01_시즌
2024,2024-01-28,봄_수트_블레이져(수트)_ZC,179,33240060,279000.0,53467.0,185699.0,1,202494.0,134996.0,185699.0,33.0,01_시즌
2024,2024-01-28,봄_수트_수트팬츠_ZB,374,37419860,149000.0,24414.0,100234.0,1,110117.0,71682.0,100053.0,33.0,01_시즌
2024,2024-01-28,봄_수트_수트팬츠_ZC,174,17178210,149000.0,25777.0,98725.0,1,107895.0,73740.0,98725.0,34.0,01_시즌
2024,2024-01-28,봄_스웨터_T-에리_ZB,13,900900,99000.0,14953.0,69300.0,1,73675.0,39032.0,69300.0,30.0,01_시즌
2024,2024-01-28,봄_스웨터_라운드_ZA,42,2880900,99000.0,15694.0,68593.0,1,72120.0,39070.0,68593.0,31.0,01_시즌
2024,2024-01-28,봄_스웨터_라운드_ZB,132,9147600,99000.0,16066.0,69300.0,1,73415.0,37381.0,69300.0,30.0,01_시즌
2024,2024-01-28,봄_스웨터_오픈형(CARDIGAN)_ZB,44,4881300,159000.0,18786.0,110902.0,1,115303.0,50453.0,110939.0,30.0,01_시즌
2024,2024-01-28,봄_자켓_싱글재킷_ZB,19,3976700,299000.0,29549.0,209300.0,1,223100.0,104216.0,209300.0,30.0,01_시즌
2024,2024-01-28,봄_코트_싱글코트_ZB,9,1883700,299000.0,42749.0,209300.0,1,217606.0,106000.0,209300.0,30.0,01_시즌
2024,2024-01-28,봄_팬츠_팬츠(일반)_ZB,187,12889800,99000.0,10500.0,68700.0,1,73920.0,39304.0,68929.0,30.0,01_시즌
2024,2024-01-28,사계절_데님_데님자켓_ZB,48,7433600,179000.0,19965.0,143200.0,1,143200.0,83945.0,154867.0,13.0,01_시즌
2024,2024-01-28,사계절_데님_데님팬츠_ZB,37,2930400,99000.0,14480.0,79200.0,1,79200.0,49757.0,79200.0,20.0,01_시즌
2024,2024-01-28,사계절_수트_블레이져(수트)_ZB,296,44056000,259000.0,42884.0,148838.0,1,163744.0,131261.0,148838.0,43.0,01_시즌
2024,2024-01-28,사계절_수트_블레이져(수트)_ZC,85,12580000,259000.0,44521.0,148000.0,1,168239.0,148324.0,148000.0,43.0,01_시즌
2024,2024-01-28,사계절_수트_수트팬츠_ZB,317,24810800,139000.0,20610.0,78268.0,1,86968.0,69377.0,78268.0,44.0,01_시즌
2024,2024-01-28,사계절_수트_수트팬츠_ZC,81,6318000,139000.0,21545.0,78000.0,1,89552.0,78577.0,78000.0,44.0,01_시즌
2024,2024-01-28,사계절_우븐 셔츠_드레스셔츠_ZB,1611,51003900,79000.0,7917.0,35962.0,1,36623.0,33114.0,31660.0,60.0,01_시즌
2024,2024-01-28,여름_수트_블레이져(수트)_ZB,142,29428920,279000.0,53200.0,208532.0,1,205321.0,160776.0,207246.0,26.0,01_시즌
2024,2024-01-28,여름_수트_수트팬츠_ZB,145,16017500,149000.0,27004.0,111303.0,1,109553.0,90772.0,110466.0,26.0,01_시즌
2024,2024-01-28,여름_우븐 셔츠_캐쥬얼셔츠_ZA,11,871200,89000.0,9028.0,79200.0,1,79200.0,40111.0,79200.0,11.0,01_시즌
2024,2024-01-28,여름_우븐 셔츠_캐쥬얼셔츠_ZB,45,2472700,79000.0,8515.0,54949.0,1,59162.0,32585.0,54949.0,30.0,01_시즌
2024,2024-01-28,여름_점퍼_점퍼_ZA,193,33042300,249000.0,34968.0,171522.0,1,181931.0,162956.0,171204.0,31.0,01_시즌
2024,2024-01-28,여름_점퍼_점퍼_ZB,-4,-896400,249000.0,24847.0,174300.0,1,186256.0,108673.0,224100.0,10.0,01_시즌
2024,2024-01-28,여름_점퍼_점퍼_ZG,0,0,249000.0,30900.0,,1,,101942.0,101942.0,59.0,01_시즌
2024,2024-02-04,봄_니트 셔츠_라운드_ZB,181,8638100,89000.0,6766.0,50339.0,2,44822.0,33309.0,47724.0,46.0,01_시즌
2024,2024-02-04,봄_수트_블레이져(수트)_ZB,519,97036200,279000.0,48551.0,189340.0,2,193536.0,134926.0,186968.0,33.0,01_시즌
2024,2024-02-04,봄_수트_블레이져(수트)_ZC,150,28100880,279000.0,53467.0,187339.0,2,192838.0,134996.0,187339.0,33.0,01_시즌
2024,2024-02-04,봄_수트_수트팬츠_ZB,603,59971010,149000.0,24414.0,100904.0,2,103250.0,71682.0,99454.0,33.0,01_시즌
2024,2024-02-04,봄_수트_수트팬츠_ZC,146,14679480,149000.0,25777.0,100544.0,2,103274.0,73740.0,100544.0,33.0,01_시즌
2024,2024-02-04,봄_스웨터_T-에리_ZB,63,3747500,99000.0,14953.0,59484.0,2,54333.0,39032.0,59484.0,40.0,01_시즌
2024,2024-02-04,봄_스웨터_라운드_ZA,112,6911800,99000.0,15694.0,61712.0,2,55362.0,39070.0,61712.0,38.0,01_시즌
2024,2024-02-04,봄_스웨터_라운드_ZB,279,17042550,99000.0,16066.0,61204.0,2,54061.0,37381.0,61084.0,38.0,01_시즌
2024,2024-02-04,봄_스웨터_오픈형(CARDIGAN)_ZB,72,5390900,159000.0,18786.0,70604.0,2,67038.0,50453.0,74874.0,53.0,01_시즌
2024,2024-02-04,봄_자켓_싱글재킷_ZB,51,8310200,299000.0,29549.0,162945.0,2,148017.0,104216.0,162945.0,46.0,01_시즌
2024,2024-02-04,봄_코트_싱글코트_ZB,49,8143100,299000.0,42749.0,166186.0,2,121336.0,106000.0,166186.0,44.0,01_시즌
2024,2024-02-04,봄_팬츠_팬츠(일반)_ZB,630,38132700,99000.0,10500.0,60316.0,2,58376.0,39304.0,60528.0,39.0,01_시즌
2024,2024-02-04,사계절_데님_데님자켓_ZB,106,11890200,179000.0,19965.0,112784.0,2,106242.0,83945.0,112172.0,37.0,01_시즌
2024,2024-02-04,사계절_데님_데님팬츠_ZB,131,8062100,99000.0,14480.0,61282.0,2,62500.0,49757.0,61543.0,38.0,01_시즌
2024,2024-02-04,사계절_수트_블레이져(수트)_ZB,330,49250100,259000.0,42884.0,149243.0,2,148310.0,131261.0,149243.0,42.0,01_시즌
2024,2024-02-04,사계절_수트_블레이져(수트)_ZC,117,17601600,259000.0,44521.0,150441.0,2,149338.0,148324.0,150441.0,42.0,01_시즌
2024,2024-02-04,사계절_수트_수트팬츠_ZB,359,28350900,139000.0,20610.0,78972.0,2,78502.0,69377.0,78972.0,43.0,01_시즌
2024,2024-02-04,사계절_수트_수트팬츠_ZC,111,8792000,139000.0,21545.0,79207.0,2,78857.0,78577.0,79207.0,43.0,01_시즌
2024,2024-02-04,사계절_우븐 셔츠_드레스셔츠_ZB,1665,53288700,79000.0,7932.0,35987.0,2,36357.0,33114.0,32005.0,59.0,01_시즌
2024,2024-02-04,여름_수트_블레이져(수트)_ZB,149,31560480,279000.0,53200.0,207412.0,2,212821.0,160776.0,211815.0,24.0,01_시즌
2024,2024-02-04,여름_수트_블레이져(수트)_ZC,33,7198200,279000.0,56977.0,218127.0,2,220436.0,161147.0,218127.0,22.0,01_시즌
2024,2024-02-04,여름_수트_수트팬츠_ZB,177,20043480,149000.0,27004.0,111275.0,2,113690.0,90772.0,113240.0,24.0,01_시즌
2024,2024-02-04,여름_수트_수트팬츠_ZC,30,3471700,149000.0,28158.0,115723.0,2,117507.0,93396.0,115723.0,22.0,01_시즌
2024,2024-02-04,여름_우븐 셔츠_캐쥬얼셔츠_ZA,11,773380,89000.0,9286.0,69715.0,2,63946.0,40111.0,70307.0,21.0,01_시즌
2024,2024-02-04,여름_우븐 셔츠_캐쥬얼셔츠_ZB,74,4337100,79000.0,8542.0,60738.0,2,56346.0,32585.0,58609.0,26.0,01_시즌
2024,2024-02-04,여름_자켓_싱글재킷_ZA,0,0,299000.0,37271.0,,2,209878.0,165002.0,209878.0,30.0,01_시즌
2024,2024-02-04,여름_점퍼_점퍼_ZA,273,51453360,249000.0,34968.0,190010.0,2,176452.0,162956.0,188474.0,24.0,01_시즌
2024,2024-02-04,여름_점퍼_점퍼_ZB,55,9852933,249000.0,24849.0,180465.0,2,175317.0,108673.0,179144.0,28.0,01_시즌
2024,2024-02-04,여름_점퍼_점퍼_ZG,0,0,249000.0,30900.0,,2,199200.0,101942.0,199200.0,20.0,01_시즌
2024,2024-02-04,여름_팬츠_팬츠(일반)_ZA,0,0,129000.0,11245.0,,2,90555.0,77326.0,90555.0,30.0,01_시즌
2024,2024-02-11,봄_니트 셔츠_라운드_ZB,261,11132800,89000.0,6766.0,43752.0,2,44822.0,33309.0,42654.0,52.0,01_시즌
2024,2024-02-11,봄_수트_블레이져(수트)_ZB,349,68025780,279000.0,48551.0,194840.0,2,193536.0,134926.0,194916.0,30.0,01_시즌
2024,2024-02-11,봄_수트_블레이져(수트)_ZC,140,27342000,279000.0,53467.0,195300.0,2,192838.0,134996.0,195300.0,30.0,01_시즌
2024,2024-02-11,봄_수트_수트팬츠_ZB,362,37685080,149000.0,24414.0,104069.0,2,103250.0,71682.0,104102.0,30.0,01_시즌
2024,2024-02-11,봄_수트_수트팬츠_ZC,157,16375100,149000.0,25777.0,104300.0,2,103274.0,73740.0,104300.0,30.0,01_시즌
2024,2024-02-11,봄_스웨터_T-에리_ZB,82,4838000,99000.0,14953.0,59000.0,2,54333.0,39032.0,59000.0,40.0,01_시즌
2024,2024-02-11,봄_스웨터_라운드_ZA,126,7424000,99000.0,15694.0,58921.0,2,55362.0,39070.0,58921.0,40.0,01_시즌
2024,2024-02-11,봄_스웨터_라운드_ZB,402,23506100,99000.0,16066.0,57871.0,2,54061.0,37381.0,58473.0,41.0,01_시즌
2024,2024-02-11,봄_스웨터_오픈형(CARDIGAN)_ZB,104,7917400,159000.0,18786.0,76380.0,2,67038.0,50453.0,76129.0,52.0,01_시즌
2024,2024-02-11,봄_자켓_싱글재킷_ZB,44,6980100,299000.0,29549.0,158639.0,2,148017.0,104216.0,158639.0,47.0,01_시즌
2024,2024-02-11,봄_코트_싱글코트_ZB,48,7163400,299000.0,42749.0,149238.0,2,121336.0,106000.0,149238.0,50.0,01_시즌
2024,2024-02-11,봄_팬츠_팬츠(일반)_ZB,424,24617600,99000.0,10500.0,56956.0,2,58376.0,39304.0,58060.0,41.0,01_시즌
2024,2024-02-11,사계절_데님_데님자켓_ZB,90,7446400,179000.0,19965.0,84256.0,2,106242.0,83945.0,82738.0,54.0,01_시즌
2024,2024-02-11,사계절_데님_데님팬츠_ZB,133,7754400,99000.0,14480.0,58518.0,2,62500.0,49757.0,58304.0,41.0,01_시즌
2024,2024-02-11,사계절_수트_블레이져(수트)_ZB,322,47706880,259000.0,42884.0,148158.0,2,148310.0,131261.0,148158.0,43.0,01_시즌
2024,2024-02-11,사계절_수트_블레이져(수트)_ZC,90,13326200,259000.0,44521.0,148069.0,2,149338.0,148324.0,148069.0,43.0,01_시즌
2024,2024-02-11,사계절_수트_수트팬츠_ZB,336,26322080,139000.0,20610.0,78340.0,2,78502.0,69377.0,78340.0,44.0,01_시즌
2024,2024-02-11,사계절_수트_수트팬츠_ZC,93,7312600,139000.0,21545.0,78630.0,2,78857.0,78577.0,78630.0,43.0,01_시즌
2024,2024-02-11,사계절_우븐 셔츠_드레스셔츠_ZB,1774,57056355,79000.0,7812.0,36629.0,2,36357.0,33114.0,32163.0,59.0,01_시즌
2024,2024-02-11,여름_수트_블레이져(수트)_ZA,21,5593500,339000.0,58576.0,266357.0,2,281269.0,216403.0,266357.0,21.0,01_시즌
2024,2024-02-11,여름_수트_블레이져(수트)_ZB,232,49090050,279000.0,52695.0,210153.0,2,212821.0,160776.0,211595.0,24.0,01_시즌
2024,2024-02-11,여름_수트_블레이져(수트)_ZC,71,15769080,279000.0,56977.0,222100.0,2,220436.0,161147.0,222100.0,20.0,01_시즌
2024,2024-02-11,여름_수트_수트팬츠_ZA,24,3572100,189000.0,30084.0,148838.0,2,158600.0,126622.0,148838.0,21.0,01_시즌
2024,2024-02-11,여름_수트_수트팬츠_ZB,281,31731040,149000.0,26660.0,112604.0,2,113690.0,90772.0,112922.0,24.0,01_시즌
2024,2024-02-11,여름_수트_수트팬츠_ZC,64,7613900,149000.0,28158.0,118967.0,2,117507.0,93396.0,118967.0,20.0,01_시즌
2024,2024-02-11,여름_우븐 셔츠_캐쥬얼셔츠_ZA,26,1613900,89000.0,9286.0,62074.0,2,63946.0,40111.0,62073.0,30.0,01_시즌
2024,2024-02-11,여름_우븐 셔츠_캐쥬얼셔츠_ZB,96,5354120,79000.0,8982.0,55784.0,2,56346.0,32585.0,55772.0,29.0,01_시즌
2024,2024-02-11,여름_자켓_싱글재킷_ZA,23,5088980,299000.0,33799.0,220988.0,2,209878.0,165002.0,221260.0,26.0,01_시즌
2024,2024-02-11,여름_점퍼_점퍼_ZA,298,51547140,249000.0,34968.0,172307.0,2,176452.0,162956.0,172977.0,31.0,01_시즌
2024,2024-02-11,여름_점퍼_점퍼_ZB,66,11557500,249000.0,24849.0,174689.0,2,175317.0,108673.0,175114.0,30.0,01_시즌
2024,2024-02-11,여름_점퍼_점퍼_ZG,0,0,249000.0,30900.0,,2,199200.0,101942.0,199200.0,20.0,01_시즌
2024,2024-02-11,여름_팬츠_팬츠(일반)_ZA,27,2556780,129000.0,11379.0,94758.0,2,90555.0,77326.0,94696.0,27.0,01_시즌
2024,2024-02-18,봄_니트 셔츠_라운드_ZB,467,19463300,89000.0,6766.0,43745.0,2,44822.0,33309.0,41677.0,53.0,01_시즌
2024,2024-02-18,봄_수트_블레이져(수트)_ZB,550,107272710,279000.0,48551.0,195044.0,2,193536.0,134926.0,195041.0,30.0,01_시즌
2024,2024-02-18,봄_수트_블레이져(수트)_ZC,202,39403170,279000.0,53467.0,195065.0,2,192838.0,134996.0,195065.0,30.0,01_시즌
2024,2024-02-18,봄_수트_수트팬츠_ZB,606,63104550,149000.0,24414.0,104145.0,2,103250.0,71682.0,104133.0,30.0,01_시즌
2024,2024-02-18,봄_수트_수트팬츠_ZC,212,22111600,149000.0,25777.0,104300.0,2,103274.0,73740.0,104300.0,30.0,01_시즌
2024,2024-02-18,봄_스웨터_T-에리_ZB,129,6741000,99000.0,14953.0,52256.0,2,54333.0,39032.0,52256.0,47.0,01_시즌
2024,2024-02-18,봄_스웨터_라운드_ZA,209,10958900,99000.0,15694.0,52435.0,2,55362.0,39070.0,52435.0,47.0,01_시즌
2024,2024-02-18,봄_스웨터_라운드_ZB,543,27841800,99000.0,16066.0,51346.0,2,54061.0,37381.0,51274.0,48.0,01_시즌
2024,2024-02-18,봄_스웨터_오픈형(CARDIGAN)_ZB,210,13617700,159000.0,18786.0,64696.0,2,67038.0,50453.0,64846.0,59.0,01_시즌
2024,2024-02-18,봄_자켓_싱글재킷_ZB,95,13505000,299000.0,29549.0,142158.0,2,148017.0,104216.0,142158.0,52.0,01_시즌
2024,2024-02-18,봄_코트_싱글코트_ZB,687,59720000,299000.0,42749.0,86929.0,2,121336.0,106000.0,86929.0,71.0,01_시즌
2024,2024-02-18,봄_팬츠_팬츠(일반)_ZB,897,52480900,99000.0,10500.0,58212.0,2,58376.0,39304.0,58507.0,41.0,01_시즌
2024,2024-02-18,사계절_데님_데님자켓_ZB,150,14488700,179000.0,19965.0,102636.0,2,106242.0,83945.0,96591.0,46.0,01_시즌
2024,2024-02-18,사계절_데님_데님팬츠_ZB,215,12685000,99000.0,14480.0,59000.0,2,62500.0,49757.0,59000.0,40.0,01_시즌
2024,2024-02-18,사계절_수트_블레이져(수트)_ZB,504,74632600,259000.0,42884.0,148081.0,2,148310.0,131261.0,148081.0,43.0,01_시즌
2024,2024-02-18,사계절_수트_블레이져(수트)_ZC,148,22179280,259000.0,44521.0,149860.0,2,149338.0,148324.0,149860.0,42.0,01_시즌
2024,2024-02-18,사계절_수트_수트팬츠_ZB,523,41024600,139000.0,20610.0,78441.0,2,78502.0,69377.0,78441.0,44.0,01_시즌
2024,2024-02-18,사계절_수트_수트팬츠_ZC,148,11718180,139000.0,21545.0,79177.0,2,78857.0,78577.0,79177.0,43.0,01_시즌
2024,2024-02-18,사계절_우븐 셔츠_드레스셔츠_ZB,2868,90911000,79000.0,7812.0,36536.0,2,36357.0,33114.0,31698.0,60.0,01_시즌
2024,2024-02-18,여름_니트 셔츠_라운드_ZB,0,0,79000.0,5996.0,,2,54839.0,29498.0,54839.0,31.0,01_시즌
2024,2024-02-18,여름_수트_블레이져(수트)_ZA,41,10915800,339000.0,58576.0,268452.0,2,281269.0,216403.0,266239.0,21.0,01_시즌
2024,2024-02-18,여름_수트_블레이져(수트)_ZB,457,98372610,279000.0,52695.0,212924.0,2,212821.0,160776.0,215257.0,23.0,01_시즌
2024,2024-02-18,여름_수트_블레이져(수트)_ZC,132,29060640,279000.0,56977.0,220156.0,2,220436.0,161147.0,220156.0,21.0,01_시즌
2024,2024-02-18,여름_수트_수트팬츠_ZA,49,7276500,189000.0,30084.0,149730.0,2,158600.0,126622.0,148500.0,21.0,01_시즌
2024,2024-02-18,여름_수트_수트팬츠_ZB,501,57762830,149000.0,26660.0,112185.0,2,113690.0,90772.0,115295.0,23.0,01_시즌
2024,2024-02-18,여름_수트_수트팬츠_ZC,120,14077520,149000.0,28158.0,117313.0,2,117507.0,93396.0,117313.0,21.0,01_시즌
2024,2024-02-18,여름_우븐 셔츠_캐쥬얼셔츠_ZA,64,4063700,89000.0,9286.0,61696.0,2,63946.0,40111.0,63495.0,29.0,01_시즌
2024,2024-02-18,여름_우븐 셔츠_캐쥬얼셔츠_ZB,200,11030000,79000.0,8982.0,55187.0,2,56346.0,32585.0,55150.0,30.0,01_시즌
2024,2024-02-18,여름_자켓_싱글재킷_ZA,47,9636770,299000.0,33799.0,203229.0,2,209878.0,165002.0,205038.0,31.0,01_시즌
2024,2024-02-18,여름_점퍼_점퍼_ZA,602,103181800,249000.0,34968.0,170926.0,2,176452.0,162956.0,171398.0,31.0,01_시즌
2024,2024-02-18,여름_점퍼_점퍼_ZB,162,28051950,249000.0,24849.0,173020.0,2,175317.0,108673.0,173160.0,30.0,01_시즌
2024,2024-02-18,여름_점퍼_점퍼_ZG,4,796800,249000.0,30900.0,199200.0,2,199200.0,101942.0,199200.0,20.0,01_시즌
2024,2024-02-18,여름_팬츠_팬츠(일반)_ZA,45,3968040,129000.0,11379.0,88080.0,2,90555.0,77326.0,88179.0,32.0,01_시즌
2024,2024-02-18,여름_팬츠_팬츠(일반)_ZB,0,0,99000.0,10578.0,,2,,41765.0,41765.0,58.0,01_시즌
2024,2024-02-25,봄_니트 셔츠_라운드_ZB,389,15671000,89000.0,6766.0,41452.0,2,44822.0,33309.0,40285.0,55.0,01_시즌
2024,2024-02-25,봄_수트_블레이져(수트)_ZB,396,77241150,279000.0,48551.0,194920.0,2,193536.0,134926.0,195053.0,30.0,01_시즌
2024,2024-02-25,봄_수트_블레이져(수트)_ZC,194,37567350,279000.0,53467.0,193646.0,2,192838.0,134996.0,193646.0,31.0,01_시즌
2024,2024-02-25,봄_수트_수트팬츠_ZB,416,43207020,149000.0,24414.0,103884.0,2,103250.0,71682.0,103863.0,30.0,01_시즌
2024,2024-02-25,봄_수트_수트팬츠_ZC,207,21518580,149000.0,25777.0,103954.0,2,103274.0,73740.0,103954.0,30.0,01_시즌
2024,2024-02-25,봄_스웨터_T-에리_ZB,135,6290100,99000.0,14953.0,46593.0,2,54333.0,39032.0,46593.0,53.0,01_시즌
2024,2024-02-25,봄_스웨터_라운드_ZA,232,11223650,99000.0,15694.0,48378.0,2,55362.0,39070.0,48378.0,51.0,01_시즌
2024,2024-02-25,봄_스웨터_라운드_ZB,421,19479200,99000.0,16066.0,45823.0,2,54061.0,37381.0,46269.0,53.0,01_시즌
2024,2024-02-25,봄_스웨터_오픈형(CARDIGAN)_ZB,158,8916100,159000.0,18786.0,56470.0,2,67038.0,50453.0,56431.0,65.0,01_시즌
2024,2024-02-25,봄_자켓_싱글재킷_ZB,89,11421000,299000.0,29549.0,128326.0,2,148017.0,104216.0,128326.0,57.0,01_시즌
2024,2024-02-25,봄_코트_싱글코트_ZB,401,33279000,299000.0,42749.0,82990.0,2,121336.0,106000.0,82990.0,72.0,01_시즌
2024,2024-02-25,봄_팬츠_팬츠(일반)_ZB,585,33829153,99000.0,10500.0,58020.0,2,58376.0,39304.0,57828.0,42.0,01_시즌
2024,2024-02-25,사계절_데님_데님자켓_ZB,115,13181900,179000.0,19965.0,125294.0,2,106242.0,83945.0,114625.0,36.0,01_시즌
2024,2024-02-25,사계절_데님_데님팬츠_ZB,122,8728000,99000.0,14480.0,71201.0,2,62500.0,49757.0,71541.0,28.0,01_시즌
2024,2024-02-25,사계절_수트_블레이져(수트)_ZB,410,60580900,259000.0,42884.0,147758.0,2,148310.0,131261.0,147758.0,43.0,01_시즌
2024,2024-02-25,사계절_수트_블레이져(수트)_ZC,152,22645000,259000.0,44521.0,148980.0,2,149338.0,148324.0,148980.0,42.0,01_시즌
2024,2024-02-25,사계절_수트_수트팬츠_ZB,464,36309900,139000.0,20610.0,78254.0,2,78502.0,69377.0,78254.0,44.0,01_시즌
2024,2024-02-25,사계절_수트_수트팬츠_ZC,135,10585800,139000.0,21545.0,78413.0,2,78857.0,78577.0,78413.0,44.0,01_시즌
2024,2024-02-25,사계절_우븐 셔츠_드레스셔츠_ZB,2319,73610400,79000.0,7812.0,36184.0,2,36357.0,33114.0,31742.0,60.0,01_시즌
2024,2024-02-25,여름_니트 셔츠_라운드_ZB,31,1700000,79000.0,5996.0,54839.0,2,54839.0,29498.0,54839.0,31.0,01_시즌
2024,2024-02-25,여름_수트_블레이져(수트)_ZA,27,7199000,389000.0,75142.0,294785.0,2,281269.0,216403.0,266630.0,31.0,01_시즌
2024,2024-02-25,여름_수트_블레이져(수트)_ZB,345,76251990,279000.0,52695.0,219449.0,2,212821.0,160776.0,221020.0,21.0,01_시즌
2024,2024-02-25,여름_수트_블레이져(수트)_ZC,100,22135860,279000.0,56977.0,221359.0,2,220436.0,161147.0,221359.0,21.0,01_시즌
2024,2024-02-25,여름_수트_수트팬츠_ZA,32,4724300,224000.0,40313.0,167767.0,2,158600.0,126622.0,147634.0,34.0,01_시즌
2024,2024-02-25,여름_수트_수트팬츠_ZB,387,45774290,149000.0,26660.0,118111.0,2,113690.0,90772.0,118280.0,21.0,01_시즌
2024,2024-02-25,여름_수트_수트팬츠_ZC,99,11684580,149000.0,28158.0,118026.0,2,117507.0,93396.0,118026.0,21.0,01_시즌
2024,2024-02-25,여름_스웨터_T-에리_ZB,0,0,91500.0,12596.0,,2,,46143.0,46143.0,50.0,01_시즌
2024,2024-02-25,여름_스웨터_라운드_ZB,0,0,94000.0,14528.0,,2,,42897.0,42897.0,54.0,01_시즌
2024,2024-02-25,여름_우븐 셔츠_캐쥬얼셔츠_ZA,53,3378900,89000.0,9286.0,62300.0,2,63946.0,40111.0,63753.0,28.0,01_시즌
2024,2024-02-25,여름_우븐 셔츠_캐쥬얼셔츠_ZB,188,10396400,79000.0,8780.0,55300.0,2,56346.0,32585.0,55300.0,30.0,01_시즌
2024,2024-02-25,여름_자켓_싱글재킷_ZA,84,17551300,299000.0,33799.0,209119.0,2,209878.0,165002.0,208944.0,30.0,01_시즌
2024,2024-02-25,여름_점퍼_점퍼_ZA,272,46952800,249000.0,34968.0,172564.0,2,176452.0,162956.0,172621.0,31.0,01_시즌
2024,2024-02-25,여름_점퍼_점퍼_ZB,144,24919170,249000.0,24849.0,173096.0,2,175317.0,108673.0,173050.0,31.0,01_시즌
2024,2024-02-25,여름_점퍼_점퍼_ZG,-4,-796800,249000.0,30900.0,199200.0,2,199200.0,101942.0,199200.0,20.0,01_시즌
2024,2024-02-25,여름_팬츠_팬츠(일반)_ZA,90,8114100,129000.0,11379.0,90228.0,2,90555.0,77326.0,90157.0,30.0,01_시즌
2024,2024-02-25,여름_팬츠_팬츠(일반)_ZB,0,0,99000.0,10578.0,,2,,41765.0,41765.0,58.0,01_시즌
2024,2024-03-03,봄_니트 셔츠_라운드_ZB,788,25763936,89000.0,6766.0,32745.0,3,30105.0,33309.0,32695.0,63.0,01_시즌
2024,2024-03-03,봄_수트_블레이져(수트)_ZB,464,87962283,279000.0,48551.0,187014.0,3,167326.0,134926.0,189574.0,32.0,01_시즌
2024,2024-03-03,봄_수트_블레이져(수트)_ZC,148,28536120,279000.0,53467.0,192812.0,3,192464.0,134996.0,192812.0,31.0,01_시즌
2024,2024-03-03,봄_수트_수트팬츠_ZB,508,51478523,149000.0,24414.0,100308.0,3,87946.0,71682.0,101336.0,32.0,01_시즌
2024,2024-03-03,봄_수트_수트팬츠_ZC,157,16242490,149000.0,25777.0,103455.0,3,103507.0,73740.0,103455.0,31.0,01_시즌
2024,2024-03-03,봄_스웨터_T-에리_ZB,470,15745900,99000.0,14953.0,33502.0,3,34316.0,39032.0,33502.0,66.0,01_시즌
2024,2024-03-03,봄_스웨터_라운드_ZA,417,13754950,99000.0,15694.0,32985.0,3,33907.0,39070.0,32985.0,67.0,01_시즌
2024,2024-03-03,봄_스웨터_라운드_ZB,1375,46562290,99000.0,16066.0,33970.0,3,34181.0,37381.0,33863.0,66.0,01_시즌
2024,2024-03-03,봄_스웨터_오픈형(CARDIGAN)_ZB,793,25937380,159000.0,18786.0,32516.0,3,35438.0,50453.0,32708.0,79.0,01_시즌
2024,2024-03-03,봄_자켓_싱글재킷_ZB,108,13902000,299000.0,29549.0,128722.0,3,89168.0,104216.0,128722.0,57.0,01_시즌
2024,2024-03-03,봄_코트_싱글코트_ZB,472,38872435,299000.0,42749.0,82357.0,3,80095.0,106000.0,82357.0,72.0,01_시즌
2024,2024-03-03,봄_팬츠_팬츠(일반)_ZB,2936,97932100,99000.0,10500.0,32938.0,3,37651.0,39304.0,33356.0,66.0,01_시즌
2024,2024-03-03,사계절_데님_데님자켓_ZB,207,19895400,179000.0,19965.0,98576.0,3,82725.0,83945.0,96113.0,46.0,01_시즌
2024,2024-03-03,사계절_데님_데님팬츠_ZB,280,16373400,99000.0,14480.0,58596.0,3,43680.0,49757.0,58476.0,41.0,01_시즌
2024,2024-03-03,사계절_수트_블레이져(수트)_ZB,469,69770893,259000.0,42884.0,148765.0,3,149568.0,131261.0,148765.0,43.0,01_시즌
2024,2024-03-03,사계절_수트_블레이져(수트)_ZC,154,23028800,259000.0,44521.0,149538.0,3,149119.0,148324.0,149538.0,42.0,01_시즌
2024,2024-03-03,사계절_수트_수트팬츠_ZB,502,39528907,139000.0,20610.0,78743.0,3,79205.0,69377.0,78743.0,43.0,01_시즌
2024,2024-03-03,사계절_수트_수트팬츠_ZC,142,11275200,139000.0,21545.0,79403.0,3,79009.0,78577.0,79403.0,43.0,01_시즌
2024,2024-03-03,사계절_우븐 셔츠_드레스셔츠_ZB,2797,91574716,79000.0,7812.0,36471.0,3,36527.0,33114.0,32740.0,59.0,01_시즌
2024,2024-03-03,여름_니트 셔츠_라운드_ZB,133,7285600,79000.0,5996.0,54779.0,3,51090.0,29498.0,54779.0,31.0,01_시즌
2024,2024-03-03,여름_수트_블레이져(수트)_ZA,43,11870400,389000.0,75642.0,307501.0,3,296372.0,216403.0,276056.0,29.0,01_시즌
2024,2024-03-03,여름_수트_블레이져(수트)_ZB,512,113299720,279000.0,52695.0,220730.0,3,216829.0,160776.0,221289.0,21.0,01_시즌
2024,2024-03-03,여름_수트_블레이져(수트)_ZC,172,38055600,279000.0,56977.0,221253.0,3,216640.0,161147.0,221253.0,21.0,01_시즌
2024,2024-03-03,여름_수트_수트팬츠_ZA,45,7026600,224000.0,40585.0,178255.0,3,170912.0,126622.0,156147.0,30.0,01_시즌
2024,2024-03-03,여름_수트_수트팬츠_ZB,579,68374080,149000.0,26660.0,118071.0,3,115926.0,90772.0,118090.0,21.0,01_시즌
2024,2024-03-03,여름_수트_수트팬츠_ZC,175,20711000,149000.0,28158.0,118349.0,3,115651.0,93396.0,118349.0,21.0,01_시즌
2024,2024-03-03,여름_스웨터_T-에리_ZB,172,10884000,91500.0,12596.0,64089.0,3,62657.0,46143.0,63279.0,31.0,01_시즌
2024,2024-03-03,여름_스웨터_라운드_ZB,58,3655400,94000.0,14528.0,64633.0,3,62975.0,42897.0,63024.0,33.0,01_시즌
2024,2024-03-03,여름_우븐 셔츠_캐쥬얼셔츠_ZA,77,4782500,89000.0,9286.0,62022.0,3,59797.0,40111.0,62110.0,30.0,01_시즌
2024,2024-03-03,여름_우븐 셔츠_캐쥬얼셔츠_ZB,256,14109100,79000.0,9044.0,55140.0,3,44504.0,32585.0,55114.0,30.0,01_시즌
2024,2024-03-03,여름_자켓_싱글재킷_ZA,186,38908870,299000.0,33799.0,209248.0,3,208589.0,165002.0,209187.0,30.0,01_시즌
2024,2024-03-03,여름_점퍼_점퍼_ZA,323,55875083,249000.0,34968.0,172232.0,3,166385.0,162956.0,172988.0,31.0,01_시즌
2024,2024-03-03,여름_점퍼_점퍼_ZB,249,42703380,249000.0,24849.0,171491.0,3,134096.0,108673.0,171500.0,31.0,01_시즌
2024,2024-03-03,여름_점퍼_점퍼_ZG,39,7743900,249000.0,30900.0,198607.0,3,144955.0,101942.0,198562.0,20.0,01_시즌
2024,2024-03-03,여름_팬츠_팬츠(일반)_ZA,240,21672000,129000.0,11461.0,90300.0,3,86319.0,77326.0,90300.0,30.0,01_시즌
2024,2024-03-03,여름_팬츠_팬츠(일반)_ZB,213,14730000,99000.0,11025.0,69206.0,3,66054.0,41765.0,69155.0,30.0,01_시즌
2024,2024-03-10,봄_니트 셔츠_라운드_ZB,644,19652050,89000.0,6766.0,30563.0,3,30105.0,33309.0,30516.0,66.0,01_시즌
2024,2024-03-10,봄_수트_블레이져(수트)_ZB,391,69219840,279000.0,48551.0,175526.0,3,167326.0,134926.0,177033.0,37.0,01_시즌
2024,2024-03-10,봄_수트_블레이져(수트)_ZC,113,21845700,279000.0,53467.0,193325.0,3,192464.0,134996.0,193325.0,31.0,01_시즌
2024,2024-03-10,봄_수트_수트팬츠_ZB,408,38302870,149000.0,24414.0,93508.0,3,87946.0,71682.0,93880.0,37.0,01_시즌
2024,2024-03-10,봄_수트_수트팬츠_ZC,121,12516000,149000.0,25777.0,103438.0,3,103507.0,73740.0,103438.0,31.0,01_시즌
2024,2024-03-10,봄_스웨터_T-에리_ZB,289,10363550,99000.0,14953.0,35860.0,3,34316.0,39032.0,35860.0,64.0,01_시즌
2024,2024-03-10,봄_스웨터_라운드_ZA,174,5354600,99000.0,15694.0,30774.0,3,33907.0,39070.0,30774.0,69.0,01_시즌
2024,2024-03-10,봄_스웨터_라운드_ZB,915,31606300,99000.0,16066.0,34129.0,3,34181.0,37381.0,34542.0,65.0,01_시즌
2024,2024-03-10,봄_스웨터_오픈형(CARDIGAN)_ZB,383,14031500,159000.0,18786.0,36715.0,3,35438.0,50453.0,36636.0,77.0,01_시즌
2024,2024-03-10,봄_자켓_싱글재킷_ZB,232,18608000,299000.0,29549.0,80207.0,3,89168.0,104216.0,80207.0,73.0,01_시즌
2024,2024-03-10,봄_코트_싱글코트_ZB,312,25199400,299000.0,42749.0,80767.0,3,80095.0,106000.0,80767.0,73.0,01_시즌
2024,2024-03-10,봄_팬츠_팬츠(일반)_ZB,941,38383800,99000.0,10500.0,41044.0,3,37651.0,39304.0,40790.0,59.0,01_시즌
2024,2024-03-10,사계절_데님_데님자켓_ZB,297,21994600,179000.0,19965.0,79518.0,3,82725.0,83945.0,74056.0,59.0,01_시즌
2024,2024-03-10,사계절_데님_데님팬츠_ZB,305,12165500,99000.0,14480.0,39802.0,3,43680.0,49757.0,39887.0,60.0,01_시즌
2024,2024-03-10,사계절_수트_블레이져(수트)_ZB,333,49601100,259000.0,42884.0,148952.0,3,149568.0,131261.0,148952.0,42.0,01_시즌
2024,2024-03-10,사계절_수트_블레이져(수트)_ZC,139,20587600,259000.0,44521.0,148112.0,3,149119.0,148324.0,148112.0,43.0,01_시즌
2024,2024-03-10,사계절_수트_수트팬츠_ZB,354,27850500,139000.0,20610.0,78674.0,3,79205.0,69377.0,78674.0,43.0,01_시즌
2024,2024-03-10,사계절_수트_수트팬츠_ZC,144,11373980,139000.0,21545.0,78986.0,3,79009.0,78577.0,78986.0,43.0,01_시즌
2024,2024-03-10,사계절_우븐 셔츠_드레스셔츠_ZB,2277,73783150,79000.0,7559.0,36408.0,3,36527.0,33114.0,32404.0,59.0,01_시즌
2024,2024-03-10,여름_니트 셔츠_라운드_ZB,161,8825570,79000.0,5836.0,54830.0,3,51090.0,29498.0,54817.0,31.0,01_시즌
2024,2024-03-10,여름_수트_블레이져(수트)_ZA,53,14788500,389000.0,75642.0,308321.0,3,296372.0,216403.0,279028.0,28.0,01_시즌
2024,2024-03-10,여름_수트_블레이져(수트)_ZB,420,93077190,279000.0,52695.0,221649.0,3,216829.0,160776.0,221612.0,21.0,01_시즌
2024,2024-03-10,여름_수트_블레이져(수트)_ZC,131,28990890,279000.0,56977.0,221305.0,3,216640.0,161147.0,221305.0,21.0,01_시즌
2024,2024-03-10,여름_수트_수트팬츠_ZA,52,8196300,224000.0,40585.0,177530.0,3,170912.0,126622.0,157621.0,30.0,01_시즌
2024,2024-03-10,여름_수트_수트팬츠_ZB,484,57369470,149000.0,26660.0,118716.0,3,115926.0,90772.0,118532.0,20.0,01_시즌
2024,2024-03-10,여름_수트_수트팬츠_ZC,125,14755470,149000.0,28158.0,118044.0,3,115651.0,93396.0,118044.0,21.0,01_시즌
2024,2024-03-10,여름_스웨터_T-에리_ZA,0,0,109000.0,14136.0,,3,70076.0,54575.0,70076.0,36.0,01_시즌
2024,2024-03-10,여름_스웨터_T-에리_ZB,226,14198300,91500.0,12596.0,63864.0,3,62657.0,46143.0,62824.0,31.0,01_시즌
2024,2024-03-10,여름_스웨터_라운드_ZA,0,0,109000.0,13614.0,,3,69116.0,43521.0,69116.0,37.0,01_시즌
2024,2024-03-10,여름_스웨터_라운드_ZB,151,9628300,94000.0,14528.0,65758.0,3,62975.0,42897.0,63764.0,32.0,01_시즌
2024,2024-03-10,여름_스웨터_오픈형(CARDIGAN)_ZA,0,0,129000.0,14208.0,,3,82512.0,53541.0,82512.0,36.0,01_시즌
2024,2024-03-10,여름_우븐 셔츠_캐쥬얼셔츠_ZA,73,4644000,85667.0,9704.0,61616.0,3,59797.0,40111.0,63616.0,26.0,01_시즌
2024,2024-03-10,여름_우븐 셔츠_캐쥬얼셔츠_ZB,381,17075050,79000.0,8769.0,46380.0,3,44504.0,32585.0,44816.0,43.0,01_시즌
2024,2024-03-10,여름_자켓_싱글재킷_ZA,194,42133100,311857.0,40036.0,216261.0,3,208589.0,165002.0,217181.0,30.0,01_시즌
2024,2024-03-10,여름_점퍼_점퍼_ZA,198,33891913,249000.0,34968.0,170752.0,3,166385.0,162956.0,171171.0,31.0,01_시즌
2024,2024-03-10,여름_점퍼_점퍼_ZB,242,41754060,249000.0,24849.0,172361.0,3,134096.0,108673.0,172537.0,31.0,01_시즌
2024,2024-03-10,여름_점퍼_점퍼_ZG,25,4905300,249000.0,30900.0,197816.0,3,144955.0,101942.0,196212.0,21.0,01_시즌
2024,2024-03-10,여름_팬츠_팬츠(일반)_ZA,81,7180200,129000.0,13020.0,88551.0,3,86319.0,77326.0,88644.0,31.0,01_시즌
2024,2024-03-10,여름_팬츠_팬츠(일반)_ZB,230,15919200,99000.0,11879.0,69266.0,3,66054.0,41765.0,69214.0,30.0,01_시즌
2024,2024-03-17,봄_니트 셔츠_라운드_ZB,748,22010200,89000.0,6766.0,29424.0,3,30105.0,33309.0,29425.0,67.0,01_시즌
2024,2024-03-17,봄_수트_블레이져(수트)_ZB,406,69583700,279000.0,48551.0,172974.0,3,167326.0,134926.0,171388.0,39.0,01_시즌
2024,2024-03-17,봄_수트_블레이져(수트)_ZC,90,17032050,279000.0,53467.0,189245.0,3,192464.0,134996.0,189245.0,32.0,01_시즌
2024,2024-03-17,봄_수트_수트팬츠_ZB,418,38179200,149000.0,24414.0,92674.0,3,87946.0,71682.0,91338.0,39.0,01_시즌
2024,2024-03-17,봄_수트_수트팬츠_ZC,103,10510550,149000.0,25777.0,102044.0,3,103507.0,73740.0,102044.0,32.0,01_시즌
2024,2024-03-17,봄_스웨터_T-에리_ZB,376,12487250,99000.0,14953.0,33211.0,3,34316.0,39032.0,33211.0,66.0,01_시즌
2024,2024-03-17,봄_스웨터_라운드_ZA,272,9465900,99000.0,15694.0,34801.0,3,33907.0,39070.0,34801.0,65.0,01_시즌
2024,2024-03-17,봄_스웨터_라운드_ZB,1092,37473300,99000.0,16066.0,33904.0,3,34181.0,37381.0,34316.0,65.0,01_시즌
2024,2024-03-17,봄_스웨터_오픈형(CARDIGAN)_ZB,694,26011850,159000.0,18786.0,37501.0,3,35438.0,50453.0,37481.0,76.0,01_시즌
2024,2024-03-17,봄_자켓_싱글재킷_ZB,220,17358100,299000.0,29549.0,78900.0,3,89168.0,104216.0,78900.0,74.0,01_시즌
2024,2024-03-17,봄_코트_싱글코트_ZB,363,28661200,299000.0,42749.0,78956.0,3,80095.0,106000.0,78956.0,74.0,01_시즌
2024,2024-03-17,봄_팬츠_팬츠(일반)_ZB,1465,55763070,99000.0,10500.0,38698.0,3,37651.0,39304.0,38064.0,62.0,01_시즌
2024,2024-03-17,사계절_데님_데님자켓_ZB,364,26310700,179000.0,19965.0,77716.0,3,82725.0,83945.0,72282.0,60.0,01_시즌
2024,2024-03-17,사계절_데님_데님팬츠_ZB,333,13222700,99000.0,14480.0,39720.0,3,43680.0,49757.0,39708.0,60.0,01_시즌
2024,2024-03-17,사계절_수트_블레이져(수트)_ZB,387,57113100,259000.0,42884.0,147579.0,3,149568.0,131261.0,147579.0,43.0,01_시즌
2024,2024-03-17,사계절_수트_블레이져(수트)_ZC,135,20295900,259000.0,44521.0,150340.0,3,149119.0,148324.0,150340.0,42.0,01_시즌
2024,2024-03-17,사계절_수트_수트팬츠_ZB,427,33316900,139000.0,20610.0,78026.0,3,79205.0,69377.0,78026.0,44.0,01_시즌
2024,2024-03-17,사계절_수트_수트팬츠_ZC,122,9734100,139000.0,21545.0,79788.0,3,79009.0,78577.0,79788.0,43.0,01_시즌
2024,2024-03-17,사계절_우븐 셔츠_드레스셔츠_ZB,2577,83385900,79000.0,7559.0,36593.0,3,36527.0,33114.0,32358.0,59.0,01_시즌
2024,2024-03-17,여름_니트 셔츠_라운드_ZB,257,14297170,79000.0,7382.0,55596.0,3,51090.0,29498.0,55631.0,30.0,01_시즌
2024,2024-03-17,여름_니트 셔츠_티에리_ZA,0,0,99000.0,11126.0,,3,58550.0,33828.0,58550.0,41.0,01_시즌
2024,2024-03-17,여름_수트_블레이져(수트)_ZA,47,12749100,399000.0,77369.0,293111.0,3,296372.0,216403.0,271257.0,32.0,01_시즌
2024,2024-03-17,여름_수트_블레이져(수트)_ZB,502,111103380,279000.0,52695.0,221959.0,3,216829.0,160776.0,221321.0,21.0,01_시즌
2024,2024-03-17,여름_수트_블레이져(수트)_ZC,178,39430880,279000.0,56977.0,221522.0,3,216640.0,161147.0,221522.0,21.0,01_시즌
2024,2024-03-17,여름_수트_수트팬츠_ZA,47,7217700,231000.0,41682.0,167601.0,3,170912.0,126622.0,153568.0,34.0,01_시즌
2024,2024-03-17,여름_수트_수트팬츠_ZB,560,66233480,149000.0,26660.0,118676.0,3,115926.0,90772.0,118274.0,21.0,01_시즌
2024,2024-03-17,여름_수트_수트팬츠_ZC,161,19054780,149000.0,28158.0,118353.0,3,115651.0,93396.0,118353.0,21.0,01_시즌
2024,2024-03-17,여름_스웨터_T-에리_ZA,0,0,109000.0,14136.0,,3,70076.0,54575.0,70076.0,36.0,01_시즌
2024,2024-03-17,여름_스웨터_T-에리_ZB,253,15596500,91500.0,12596.0,68988.0,3,62657.0,46143.0,61646.0,33.0,01_시즌
2024,2024-03-17,여름_스웨터_라운드_ZA,0,0,109000.0,13614.0,,3,69116.0,43521.0,69116.0,37.0,01_시즌
2024,2024-03-17,여름_스웨터_라운드_ZB,291,18482400,94000.0,14528.0,65619.0,3,62975.0,42897.0,63513.0,32.0,01_시즌
2024,2024-03-17,여름_스웨터_오픈형(CARDIGAN)_ZA,17,1509300,129000.0,14208.0,88782.0,3,82512.0,53541.0,88782.0,31.0,01_시즌
2024,2024-03-17,여름_우븐 셔츠_캐쥬얼셔츠_ZA,139,8928800,85667.0,9704.0,61968.0,3,59797.0,40111.0,64236.0,25.0,01_시즌
2024,2024-03-17,여름_우븐 셔츠_캐쥬얼셔츠_ZB,455,18696280,79000.0,8769.0,41752.0,3,44504.0,32585.0,41091.0,48.0,01_시즌
2024,2024-03-17,여름_자켓_싱글재킷_ZA,354,77137670,311857.0,40036.0,218768.0,3,208589.0,165002.0,217903.0,30.0,01_시즌
2024,2024-03-17,여름_점퍼_점퍼_ZA,222,36900005,249000.0,34968.0,166691.0,3,166385.0,162956.0,166216.0,33.0,01_시즌
2024,2024-03-17,여름_점퍼_점퍼_ZB,795,101303400,249000.0,24849.0,127203.0,3,134096.0,108673.0,127426.0,49.0,01_시즌
2024,2024-03-17,여름_점퍼_점퍼_ZG,118,15142800,249000.0,30900.0,128511.0,3,144955.0,101942.0,128329.0,48.0,01_시즌
2024,2024-03-17,여름_팬츠_팬츠(일반)_ZA,240,21406800,129000.0,13020.0,89037.0,3,86319.0,77326.0,89195.0,31.0,01_시즌
2024,2024-03-17,여름_팬츠_팬츠(일반)_ZB,415,28388800,99000.0,11879.0,68757.0,3,66054.0,41765.0,68407.0,31.0,01_시즌
2024,2024-03-17,여름_팬츠_팬츠(일반)_ZG,0,0,129000.0,19582.0,,3,,53606.0,53606.0,58.0,01_시즌
2024,2024-03-24,봄_니트 셔츠_라운드_ZB,680,19432850,89000.0,6766.0,28718.0,3,30105.0,33309.0,28578.0,68.0,01_시즌
2024,2024-03-24,봄_수트_블레이져(수트)_ZB,624,77746750,279000.0,48551.0,150260.0,3,167326.0,134926.0,124594.0,55.0,01_시즌
2024,2024-03-24,봄_수트_블레이져(수트)_ZC,72,13797870,279000.0,53467.0,191637.0,3,192464.0,134996.0,191637.0,31.0,01_시즌
2024,2024-03-24,봄_수트_수트팬츠_ZB,684,41329900,149000.0,24414.0,76347.0,3,87946.0,71682.0,60424.0,59.0,01_시즌
2024,2024-03-24,봄_수트_수트팬츠_ZC,78,8135370,149000.0,25777.0,104300.0,3,103507.0,73740.0,104300.0,30.0,01_시즌
2024,2024-03-24,봄_스웨터_T-에리_ZB,264,9365300,99000.0,14953.0,35475.0,3,34316.0,39032.0,35475.0,64.0,01_시즌
2024,2024-03-24,봄_스웨터_라운드_ZA,217,7738450,99000.0,15694.0,35661.0,3,33907.0,39070.0,35661.0,64.0,01_시즌
2024,2024-03-24,봄_스웨터_라운드_ZB,745,26480100,99000.0,16066.0,35516.0,3,34181.0,37381.0,35544.0,64.0,01_시즌
2024,2024-03-24,봄_스웨터_오픈형(CARDIGAN)_ZB,717,25715050,159000.0,18786.0,35839.0,3,35438.0,50453.0,35865.0,77.0,01_시즌
2024,2024-03-24,봄_자켓_싱글재킷_ZB,400,31660000,299000.0,29549.0,79150.0,3,89168.0,104216.0,79150.0,74.0,01_시즌
2024,2024-03-24,봄_코트_싱글코트_ZB,311,24691400,299000.0,42749.0,79394.0,3,80095.0,106000.0,79394.0,73.0,01_시즌
2024,2024-03-24,봄_팬츠_팬츠(일반)_ZB,947,36906425,99000.0,10500.0,38826.0,3,37651.0,39304.0,38972.0,61.0,01_시즌
2024,2024-03-24,사계절_데님_데님자켓_ZB,354,26589650,179000.0,19965.0,79294.0,3,82725.0,83945.0,75112.0,58.0,01_시즌
2024,2024-03-24,사계절_데님_데님팬츠_ZB,421,17129700,99000.0,14480.0,40688.0,3,43680.0,49757.0,40688.0,59.0,01_시즌
2024,2024-03-24,사계절_수트_블레이져(수트)_ZB,362,53680900,259000.0,42884.0,148290.0,3,149568.0,131261.0,148290.0,43.0,01_시즌
2024,2024-03-24,사계절_수트_블레이져(수트)_ZC,137,20412050,259000.0,44521.0,148993.0,3,149119.0,148324.0,148993.0,42.0,01_시즌
2024,2024-03-24,사계절_수트_수트팬츠_ZB,388,30529300,139000.0,20610.0,78684.0,3,79205.0,69377.0,78684.0,43.0,01_시즌
2024,2024-03-24,사계절_수트_수트팬츠_ZC,128,10028600,139000.0,21545.0,78348.0,3,79009.0,78577.0,78348.0,44.0,01_시즌
2024,2024-03-24,사계절_우븐 셔츠_드레스셔츠_ZB,2591,85316802,79000.0,7559.0,36574.0,3,36527.0,33114.0,32928.0,58.0,01_시즌
2024,2024-03-24,여름_니트 셔츠_라운드_ZB,450,24257600,79000.0,7382.0,53855.0,3,51090.0,29498.0,53906.0,32.0,01_시즌
2024,2024-03-24,여름_니트 셔츠_라운드_ZG,0,0,99000.0,9558.0,,3,,38377.0,38377.0,61.0,01_시즌
2024,2024-03-24,여름_니트 셔츠_티에리_ZA,0,0,99000.0,9835.0,,3,58550.0,33828.0,58550.0,41.0,01_시즌
2024,2024-03-24,여름_니트 셔츠_티에리_ZB,0,0,79000.0,8170.0,,3,46896.0,32296.0,46896.0,41.0,01_시즌
2024,2024-03-24,여름_수트_블레이져(수트)_ZA,58,16016000,399000.0,77369.0,297041.0,3,296372.0,216403.0,276138.0,31.0,01_시즌
2024,2024-03-24,여름_수트_블레이져(수트)_ZB,510,112526280,279000.0,52695.0,220821.0,3,216829.0,160776.0,220640.0,21.0,01_시즌
2024,2024-03-24,여름_수트_블레이져(수트)_ZC,161,35409100,279000.0,56977.0,219932.0,3,216640.0,161147.0,219932.0,21.0,01_시즌
2024,2024-03-24,여름_수트_수트팬츠_ZA,67,10361400,231000.0,41682.0,170905.0,3,170912.0,126622.0,154648.0,33.0,01_시즌
2024,2024-03-24,여름_수트_수트팬츠_ZB,579,68259180,149000.0,26660.0,118050.0,3,115926.0,90772.0,117892.0,21.0,01_시즌
2024,2024-03-24,여름_수트_수트팬츠_ZC,135,15849900,149000.0,28158.0,117407.0,3,115651.0,93396.0,117407.0,21.0,01_시즌
2024,2024-03-24,여름_스웨터_T-에리_ZA,186,13962900,109000.0,14136.0,74700.0,3,70076.0,54575.0,75069.0,31.0,01_시즌
2024,2024-03-24,여름_스웨터_T-에리_ZB,464,28881410,91500.0,12596.0,62546.0,3,62657.0,46143.0,62244.0,32.0,01_시즌
2024,2024-03-24,여름_스웨터_라운드_ZA,18,1373400,109000.0,13614.0,76300.0,3,69116.0,43521.0,76300.0,30.0,01_시즌
2024,2024-03-24,여름_스웨터_라운드_ZB,343,21310110,94000.0,14528.0,64529.0,3,62975.0,42897.0,62129.0,34.0,01_시즌
2024,2024-03-24,여름_스웨터_오픈형(CARDIGAN)_ZA,15,1243500,129000.0,14208.0,82900.0,3,82512.0,53541.0,82900.0,36.0,01_시즌
2024,2024-03-24,여름_우븐 셔츠_캐쥬얼셔츠_ZA,183,11546940,85667.0,9704.0,61346.0,3,59797.0,40111.0,63098.0,26.0,01_시즌
2024,2024-03-24,여름_우븐 셔츠_캐쥬얼셔츠_ZB,613,25128779,79000.0,8769.0,41500.0,3,44504.0,32585.0,40993.0,48.0,01_시즌
2024,2024-03-24,여름_자켓_싱글재킷_ZA,526,113917540,311857.0,40036.0,216684.0,3,208589.0,165002.0,216573.0,31.0,01_시즌
2024,2024-03-24,여름_점퍼_점퍼_ZA,122,19559283,249000.0,34968.0,162410.0,3,166385.0,162956.0,160322.0,36.0,01_시즌
2024,2024-03-24,여름_점퍼_점퍼_ZB,1292,130320200,249000.0,24849.0,101146.0,3,134096.0,108673.0,100867.0,59.0,01_시즌
2024,2024-03-24,여름_점퍼_점퍼_ZG,264,26874100,249000.0,30900.0,100998.0,3,144955.0,101942.0,101796.0,59.0,01_시즌
2024,2024-03-24,여름_팬츠_팬츠(일반)_ZA,333,29910200,129000.0,13020.0,89921.0,3,86319.0,77326.0,89820.0,30.0,01_시즌
2024,2024-03-24,여름_팬츠_팬츠(일반)_ZB,560,37355710,99000.0,11736.0,67183.0,3,66054.0,41765.0,66707.0,33.0,01_시즌
2024,2024-03-24,여름_팬츠_팬츠(일반)_ZG,0,0,129000.0,19582.0,,3,,53606.0,53606.0,58.0,01_시즌
2024,2024-03-31,봄_니트 셔츠_라운드_ZB,464,13502720,89000.0,6766.0,29076.0,3,30105.0,33309.0,29101.0,67.0,01_시즌
2024,2024-03-31,봄_수트_블레이져(수트)_ZB,414,50670369,279000.0,48551.0,150859.0,3,167326.0,134926.0,122392.0,56.0,01_시즌
2024,2024-03-31,봄_수트_블레이져(수트)_ZC,44,8593200,279000.0,53467.0,195300.0,3,192464.0,134996.0,195300.0,30.0,01_시즌
2024,2024-03-31,봄_수트_수트팬츠_ZB,426,24425300,149000.0,24414.0,76894.0,3,87946.0,71682.0,57336.0,62.0,01_시즌
2024,2024-03-31,봄_수트_수트팬츠_ZC,59,6153700,149000.0,25777.0,104300.0,3,103507.0,73740.0,104300.0,30.0,01_시즌
2024,2024-03-31,봄_스웨터_T-에리_ZB,592,19851440,99000.0,14953.0,33533.0,3,34316.0,39032.0,33533.0,66.0,01_시즌
2024,2024-03-31,봄_스웨터_라운드_ZA,118,4166900,99000.0,15694.0,35313.0,3,33907.0,39070.0,35313.0,64.0,01_시즌
2024,2024-03-31,봄_스웨터_라운드_ZB,659,21985700,99000.0,16066.0,33385.0,3,34181.0,37381.0,33362.0,66.0,01_시즌
2024,2024-03-31,봄_스웨터_오픈형(CARDIGAN)_ZB,464,15997122,159000.0,18786.0,34619.0,3,35438.0,50453.0,34477.0,78.0,01_시즌
2024,2024-03-31,봄_자켓_싱글재킷_ZB,600,47316900,299000.0,29549.0,78862.0,3,89168.0,104216.0,78862.0,74.0,01_시즌
2024,2024-03-31,봄_코트_싱글코트_ZB,259,20461000,299000.0,42749.0,79000.0,3,80095.0,106000.0,79000.0,74.0,01_시즌
2024,2024-03-31,봄_팬츠_팬츠(일반)_ZB,1637,60873737,99000.0,10500.0,36748.0,3,37651.0,39304.0,37186.0,62.0,01_시즌
2024,2024-03-31,사계절_데님_데님자켓_ZB,342,26540400,179000.0,19965.0,78522.0,3,82725.0,83945.0,77604.0,57.0,01_시즌
2024,2024-03-31,사계절_데님_데님팬츠_ZB,526,20826000,99000.0,14480.0,39594.0,3,43680.0,49757.0,39593.0,60.0,01_시즌
2024,2024-03-31,사계절_수트_블레이져(수트)_ZB,394,60775900,259000.0,42884.0,154254.0,3,149568.0,131261.0,154254.0,40.0,01_시즌
2024,2024-03-31,사계절_수트_블레이져(수트)_ZC,141,20954350,259000.0,44521.0,148612.0,3,149119.0,148324.0,148612.0,43.0,01_시즌
2024,2024-03-31,사계절_수트_수트팬츠_ZB,454,37181113,139000.0,20610.0,81897.0,3,79205.0,69377.0,81897.0,41.0,01_시즌
2024,2024-03-31,사계절_수트_수트팬츠_ZC,139,10914249,139000.0,21545.0,78520.0,3,79009.0,78577.0,78520.0,44.0,01_시즌
2024,2024-03-31,사계절_우븐 셔츠_드레스셔츠_ZB,2378,78132650,79000.0,7559.0,36553.0,3,36527.0,33114.0,32856.0,58.0,01_시즌
2024,2024-03-31,여름_니트 셔츠_라운드_ZB,892,40699950,79000.0,7382.0,45895.0,3,51090.0,29498.0,45628.0,42.0,01_시즌
2024,2024-03-31,여름_니트 셔츠_라운드_ZG,0,0,99000.0,10069.0,,3,,38377.0,38377.0,61.0,01_시즌
2024,2024-03-31,여름_니트 셔츠_티에리_ZA,70,4098600,99000.0,9835.0,58550.0,3,58550.0,33828.0,58551.0,41.0,01_시즌
2024,2024-03-31,여름_니트 셔츠_티에리_ZB,121,5676000,79000.0,8170.0,46896.0,3,46896.0,32296.0,46909.0,41.0,01_시즌
2024,2024-03-31,여름_수트_블레이져(수트)_ZA,107,27382800,399000.0,77369.0,279332.0,3,296372.0,216403.0,255914.0,36.0,01_시즌
2024,2024-03-31,여름_수트_블레이져(수트)_ZB,759,150517860,279000.0,52695.0,198987.0,3,216829.0,160776.0,198311.0,29.0,01_시즌
2024,2024-03-31,여름_수트_블레이져(수트)_ZC,234,46609740,279000.0,56977.0,199187.0,3,216640.0,161147.0,199187.0,29.0,01_시즌
2024,2024-03-31,여름_수트_수트팬츠_ZA,122,17675000,231000.0,41682.0,161736.0,3,170912.0,126622.0,144877.0,37.0,01_시즌
2024,2024-03-31,여름_수트_수트팬츠_ZB,848,89721840,149000.0,26660.0,106116.0,3,115926.0,90772.0,105804.0,29.0,01_시즌
2024,2024-03-31,여름_수트_수트팬츠_ZC,224,23766674,149000.0,28158.0,106101.0,3,115651.0,93396.0,106101.0,29.0,01_시즌
2024,2024-03-31,여름_스웨터_T-에리_ZA,190,12374773,109000.0,14136.0,65451.0,3,70076.0,54575.0,65130.0,40.0,01_시즌
2024,2024-03-31,여름_스웨터_T-에리_ZB,829,43811860,91500.0,12596.0,53797.0,3,62657.0,46143.0,52849.0,42.0,01_시즌
2024,2024-03-31,여름_스웨터_라운드_ZA,22,1362500,109000.0,13614.0,61932.0,3,69116.0,43521.0,61932.0,43.0,01_시즌
2024,2024-03-31,여름_스웨터_라운드_ZB,657,35296370,94000.0,14528.0,54752.0,3,62975.0,42897.0,53724.0,43.0,01_시즌
2024,2024-03-31,여름_스웨터_오픈형(CARDIGAN)_ZA,34,2579000,129000.0,14208.0,75853.0,3,82512.0,53541.0,75853.0,41.0,01_시즌
2024,2024-03-31,여름_우븐 셔츠_캐쥬얼셔츠_ZA,221,11763900,85667.0,9704.0,52032.0,3,59797.0,40111.0,53230.0,38.0,01_시즌
2024,2024-03-31,여름_우븐 셔츠_캐쥬얼셔츠_ZB,849,32578403,79000.0,8769.0,37747.0,3,44504.0,32585.0,38373.0,51.0,01_시즌
2024,2024-03-31,여름_자켓_싱글재킷_ZA,748,136656850,311857.0,40036.0,186007.0,3,208589.0,165002.0,182696.0,41.0,01_시즌
2024,2024-03-31,여름_점퍼_점퍼_ZA,111,17548204,249000.0,34968.0,159839.0,3,166385.0,162956.0,158092.0,37.0,01_시즌
2024,2024-03-31,여름_점퍼_점퍼_ZB,1177,115533750,249000.0,24849.0,98277.0,3,134096.0,108673.0,98160.0,61.0,01_시즌
2024,2024-03-31,여름_점퍼_점퍼_ZG,303,29952300,249000.0,30900.0,98844.0,3,144955.0,101942.0,98852.0,60.0,01_시즌
2024,2024-03-31,여름_팬츠_팬츠(일반)_ZA,505,36875550,129000.0,13020.0,76020.0,3,86319.0,77326.0,73021.0,43.0,01_시즌
2024,2024-03-31,여름_팬츠_팬츠(일반)_ZB,936,54921820,99000.0,11957.0,58526.0,3,66054.0,41765.0,58677.0,41.0,01_시즌
2024,2024-03-31,여름_팬츠_팬츠(일반)_ZG,0,0,129000.0,19582.0,,3,,53606.0,53606.0,58.0,01_시즌
2024,2024-04-07,봄_니트 셔츠_라운드_ZB,700,20504400,89000.0,6766.0,29422.0,4,24934.0,33309.0,29292.0,67.0,01_시즌
2024,2024-04-07,봄_수트_블레이져(수트)_ZB,328,41417900,279000.0,48551.0,151887.0,4,93344.0,134926.0,126274.0,55.0,01_시즌
2024,2024-04-07,봄_수트_블레이져(수트)_ZC,37,7139800,279000.0,53467.0,192968.0,4,105944.0,134996.0,192968.0,31.0,01_시즌
2024,2024-04-07,봄_수트_수트팬츠_ZB,370,22121800,149000.0,24414.0,76976.0,4,52098.0,71682.0,59789.0,60.0,01_시즌
2024,2024-04-07,봄_수트_수트팬츠_ZC,30,3074700,149000.0,25777.0,102490.0,4,61031.0,73740.0,102490.0,31.0,01_시즌
2024,2024-04-07,봄_스웨터_T-에리_ZB,-34,-1203000,99000.0,14953.0,35382.0,4,37972.0,39032.0,35382.0,64.0,01_시즌
2024,2024-04-07,봄_스웨터_라운드_ZA,78,2735500,99000.0,15694.0,35071.0,4,34092.0,39070.0,35071.0,65.0,01_시즌
2024,2024-04-07,봄_스웨터_라운드_ZB,582,20449850,99000.0,16066.0,35624.0,4,31342.0,37381.0,35137.0,65.0,01_시즌
2024,2024-04-07,봄_스웨터_오픈형(CARDIGAN)_ZB,435,14702997,159000.0,18786.0,33944.0,4,33474.0,50453.0,33800.0,79.0,01_시즌
2024,2024-04-07,봄_자켓_싱글재킷_ZB,-378,-29698900,299000.0,29549.0,78569.0,4,79111.0,104216.0,78569.0,74.0,01_시즌
2024,2024-04-07,봄_코트_싱글코트_ZB,-84,-6636000,299000.0,42749.0,79000.0,4,78750.0,106000.0,79000.0,74.0,01_시즌
2024,2024-04-07,봄_팬츠_팬츠(일반)_ZB,659,22016344,99000.0,10500.0,33448.0,4,34411.0,39304.0,33409.0,66.0,01_시즌
2024,2024-04-07,사계절_데님_데님자켓_ZB,295,22836850,179000.0,19965.0,77730.0,4,76339.0,83945.0,77413.0,57.0,01_시즌
2024,2024-04-07,사계절_데님_데님팬츠_ZB,607,24027900,99000.0,14480.0,39603.0,4,42294.0,49757.0,39585.0,60.0,01_시즌
2024,2024-04-07,사계절_수트_블레이져(수트)_ZB,350,51289800,259000.0,42884.0,146542.0,4,147859.0,131261.0,146542.0,43.0,01_시즌
2024,2024-04-07,사계절_수트_블레이져(수트)_ZC,116,17238800,259000.0,44521.0,148610.0,4,148566.0,148324.0,148610.0,43.0,01_시즌
2024,2024-04-07,사계절_수트_수트팬츠_ZB,370,28604454,139000.0,20610.0,77309.0,4,78107.0,69377.0,77309.0,44.0,01_시즌
2024,2024-04-07,사계절_수트_수트팬츠_ZC,122,9557800,139000.0,21545.0,78343.0,4,78920.0,78577.0,78343.0,44.0,01_시즌
2024,2024-04-07,사계절_우븐 셔츠_드레스셔츠_ZB,2613,86101100,79000.0,7559.0,36369.0,4,36459.0,33114.0,32951.0,58.0,01_시즌
2024,2024-04-07,여름_니트 셔츠_라운드_ZB,1470,63803900,79000.0,7437.0,43882.0,4,40410.0,29498.0,43404.0,45.0,01_시즌
2024,2024-04-07,여름_니트 셔츠_라운드_ZG,92,5434400,99000.0,10085.0,59170.0,4,53469.0,38377.0,59070.0,40.0,01_시즌
2024,2024-04-07,여름_니트 셔츠_티에리_ZA,186,10357300,99000.0,9835.0,55786.0,4,52341.0,33828.0,55684.0,44.0,01_시즌
2024,2024-04-07,여름_니트 셔츠_티에리_ZB,345,15005060,79000.0,8758.0,43612.0,4,41322.0,32296.0,43493.0,45.0,01_시즌
2024,2024-04-07,여름_수트_블레이져(수트)_ZA,107,25937700,399000.0,77369.0,273167.0,4,245742.0,216403.0,242408.0,39.0,01_시즌
2024,2024-04-07,여름_수트_블레이져(수트)_ZB,683,132180860,279000.0,52695.0,193855.0,4,175044.0,160776.0,193530.0,31.0,01_시즌
2024,2024-04-07,여름_수트_블레이져(수트)_ZC,289,56280790,279000.0,56977.0,194743.0,4,174874.0,161147.0,194743.0,30.0,01_시즌
2024,2024-04-07,여름_수트_수트팬츠_ZA,118,16119200,231000.0,41682.0,158948.0,4,141631.0,126622.0,136603.0,41.0,01_시즌
2024,2024-04-07,여름_수트_수트팬츠_ZB,808,83550090,149000.0,26660.0,103532.0,4,93554.0,90772.0,103404.0,31.0,01_시즌
2024,2024-04-07,여름_수트_수트팬츠_ZC,264,27391330,149000.0,28158.0,103755.0,4,93490.0,93396.0,103755.0,30.0,01_시즌
2024,2024-04-07,여름_스웨터_T-에리_ZA,292,17795850,109000.0,14136.0,60424.0,4,59401.0,54575.0,60945.0,44.0,01_시즌
2024,2024-04-07,여름_스웨터_T-에리_ZB,1320,67314240,91500.0,12596.0,51354.0,4,49191.0,46143.0,50996.0,44.0,01_시즌
2024,2024-04-07,여름_스웨터_라운드_ZA,22,1233200,109000.0,13614.0,56055.0,4,58248.0,43521.0,56055.0,49.0,01_시즌
2024,2024-04-07,여름_스웨터_라운드_ZB,932,48889060,94000.0,14528.0,53516.0,4,50346.0,42897.0,52456.0,44.0,01_시즌
2024,2024-04-07,여름_스웨터_오픈형(CARDIGAN)_ZA,57,4255300,129000.0,14208.0,74654.0,4,67252.0,53541.0,74654.0,42.0,01_시즌
2024,2024-04-07,여름_우븐 셔츠_캐쥬얼셔츠_ZA,281,14651800,85667.0,9704.0,50839.0,4,44277.0,40111.0,52142.0,39.0,01_시즌
2024,2024-04-07,여름_우븐 셔츠_캐쥬얼셔츠_ZB,1300,44693025,79000.0,8769.0,37021.0,4,35500.0,32585.0,34379.0,56.0,01_시즌
2024,2024-04-07,여름_자켓_싱글재킷_ZA,945,167096760,311857.0,40036.0,178850.0,4,180961.0,165002.0,176822.0,43.0,01_시즌
2024,2024-04-07,여름_점퍼_점퍼_ZA,136,17498421,249000.0,34968.0,127749.0,4,171721.0,162956.0,128665.0,48.0,01_시즌
2024,2024-04-07,여름_점퍼_점퍼_ZB,1430,133573630,249000.0,24849.0,97286.0,4,97550.0,108673.0,93408.0,62.0,01_시즌
2024,2024-04-07,여름_점퍼_점퍼_ZG,297,34660200,249000.0,30900.0,116703.0,4,104189.0,101942.0,116701.0,53.0,01_시즌
2024,2024-04-07,여름_팬츠_반바지_ZA,0,0,79000.0,12359.0,,4,54246.0,33735.0,54246.0,31.0,01_시즌
2024,2024-04-07,여름_팬츠_반바지_ZG,0,0,79000.0,12805.0,,4,46757.0,36024.0,46757.0,41.0,01_시즌
2024,2024-04-07,여름_팬츠_팬츠(일반)_ZA,636,45076100,129000.0,13020.0,72479.0,4,74565.0,77326.0,70874.0,45.0,01_시즌
2024,2024-04-07,여름_팬츠_팬츠(일반)_ZB,1422,81546740,99000.0,11741.0,56281.0,4,51678.0,41765.0,57347.0,42.0,01_시즌
2024,2024-04-07,여름_팬츠_팬츠(일반)_ZG,37,2863800,129000.0,19582.0,77400.0,4,68226.0,53606.0,77400.0,40.0,01_시즌
2024,2024-04-14,봄_니트 셔츠_라운드_ZB,357,7884590,89000.0,6766.0,19952.0,4,24934.0,33309.0,22086.0,75.0,01_시즌
2024,2024-04-14,봄_수트_블레이져(수트)_ZB,673,52672800,279000.0,48551.0,78580.0,4,93344.0,134926.0,78266.0,72.0,01_시즌
2024,2024-04-14,봄_수트_블레이져(수트)_ZC,92,7377900,279000.0,53467.0,80195.0,4,105944.0,134996.0,80195.0,71.0,01_시즌
2024,2024-04-14,봄_수트_수트팬츠_ZB,718,32320100,149000.0,24414.0,45556.0,4,52098.0,71682.0,45014.0,70.0,01_시즌
2024,2024-04-14,봄_수트_수트팬츠_ZC,87,4516800,149000.0,25777.0,51917.0,4,61031.0,73740.0,51917.0,65.0,01_시즌
2024,2024-04-14,봄_스웨터_T-에리_ZB,145,3903370,99000.0,14953.0,26920.0,4,37972.0,39032.0,26920.0,73.0,01_시즌
2024,2024-04-14,봄_스웨터_라운드_ZA,32,1061870,99000.0,15694.0,33183.0,4,34092.0,39070.0,33183.0,66.0,01_시즌
2024,2024-04-14,봄_스웨터_라운드_ZB,218,5983700,99000.0,16066.0,27180.0,4,31342.0,37381.0,27448.0,72.0,01_시즌
2024,2024-04-14,봄_스웨터_오픈형(CARDIGAN)_ZB,340,11225765,159000.0,18786.0,33102.0,4,33474.0,50453.0,33017.0,79.0,01_시즌
2024,2024-04-14,봄_자켓_싱글재킷_ZB,-4,-326000,299000.0,29549.0,81500.0,4,79111.0,104216.0,81500.0,73.0,01_시즌
2024,2024-04-14,봄_코트_싱글코트_ZB,30,2340000,299000.0,42749.0,78000.0,4,78750.0,106000.0,78000.0,74.0,01_시즌
2024,2024-04-14,봄_팬츠_팬츠(일반)_ZB,739,23834128,99000.0,10500.0,32285.0,4,34411.0,39304.0,32252.0,67.0,01_시즌
2024,2024-04-14,사계절_데님_데님자켓_ZB,281,20601620,179000.0,19965.0,74786.0,4,76339.0,83945.0,73315.0,59.0,01_시즌
2024,2024-04-14,사계절_데님_데님팬츠_ZB,587,23264500,99000.0,14480.0,39635.0,4,42294.0,49757.0,39633.0,60.0,01_시즌
2024,2024-04-14,사계절_수트_블레이져(수트)_ZB,421,62237000,259000.0,42884.0,147831.0,4,147859.0,131261.0,147831.0,43.0,01_시즌
2024,2024-04-14,사계절_수트_블레이져(수트)_ZC,137,20180300,259000.0,44521.0,147301.0,4,148566.0,148324.0,147301.0,43.0,01_시즌
2024,2024-04-14,사계절_수트_수트팬츠_ZB,459,35727350,139000.0,20610.0,77837.0,4,78107.0,69377.0,77837.0,44.0,01_시즌
2024,2024-04-14,사계절_수트_수트팬츠_ZC,130,10306100,139000.0,21545.0,79278.0,4,78920.0,78577.0,79278.0,43.0,01_시즌
2024,2024-04-14,사계절_우븐 셔츠_드레스셔츠_ZB,3058,102799350,79000.0,7559.0,36599.0,4,36459.0,33114.0,33617.0,57.0,01_시즌
2024,2024-04-14,여름_니트 셔츠_라운드_ZB,2144,90549320,79000.0,7437.0,42506.0,4,40410.0,29498.0,42234.0,47.0,01_시즌
2024,2024-04-14,여름_니트 셔츠_라운드_ZG,175,10171300,99000.0,10085.0,58065.0,4,53469.0,38377.0,58122.0,41.0,01_시즌
2024,2024-04-14,여름_니트 셔츠_티에리_ZA,255,14328860,99000.0,9835.0,56229.0,4,52341.0,33828.0,56192.0,43.0,01_시즌
2024,2024-04-14,여름_니트 셔츠_티에리_ZB,473,20751800,79000.0,8758.0,43890.0,4,41322.0,32296.0,43873.0,44.0,01_시즌
2024,2024-04-14,여름_수트_블레이져(수트)_ZA,173,38078350,399000.0,77369.0,239249.0,4,245742.0,216403.0,220106.0,45.0,01_시즌
2024,2024-04-14,여름_수트_블레이져(수트)_ZB,911,157063920,279000.0,52695.0,174193.0,4,175044.0,160776.0,172408.0,38.0,01_시즌
2024,2024-04-14,여름_수트_블레이져(수트)_ZC,367,62796350,279000.0,56977.0,171107.0,4,174874.0,161147.0,171107.0,39.0,01_시즌
2024,2024-04-14,여름_수트_수트팬츠_ZA,199,24607350,231000.0,41682.0,135780.0,4,141631.0,126622.0,123655.0,46.0,01_시즌
2024,2024-04-14,여름_수트_수트팬츠_ZB,1055,97410070,149000.0,26660.0,92866.0,4,93554.0,90772.0,92332.0,38.0,01_시즌
2024,2024-04-14,여름_수트_수트팬츠_ZC,384,35347100,149000.0,28158.0,92050.0,4,93490.0,93396.0,92050.0,38.0,01_시즌
2024,2024-04-14,여름_스웨터_T-에리_ZA,500,30659350,109000.0,14136.0,61224.0,4,59401.0,54575.0,61319.0,44.0,01_시즌
2024,2024-04-14,여름_스웨터_T-에리_ZB,1615,82284900,91500.0,12596.0,51648.0,4,49191.0,46143.0,50950.0,44.0,01_시즌
2024,2024-04-14,여름_스웨터_라운드_ZA,43,2597400,109000.0,13614.0,60405.0,4,58248.0,43521.0,60405.0,45.0,01_시즌
2024,2024-04-14,여름_스웨터_라운드_ZB,1190,61318060,94000.0,14528.0,51626.0,4,50346.0,42897.0,51528.0,45.0,01_시즌
2024,2024-04-14,여름_스웨터_오픈형(CARDIGAN)_ZA,86,6515900,129000.0,14208.0,75766.0,4,67252.0,53541.0,75766.0,41.0,01_시즌
2024,2024-04-14,여름_우븐 셔츠_캐쥬얼셔츠_ZA,384,20187200,85667.0,9704.0,50884.0,4,44277.0,40111.0,52571.0,39.0,01_시즌
2024,2024-04-14,여름_우븐 셔츠_캐쥬얼셔츠_ZB,1288,46084007,79000.0,8769.0,34798.0,4,35500.0,32585.0,35780.0,55.0,01_시즌
2024,2024-04-14,여름_자켓_싱글재킷_ZA,1211,216546260,311857.0,40036.0,179797.0,4,180961.0,165002.0,178816.0,43.0,01_시즌
2024,2024-04-14,여름_점퍼_점퍼_ZA,65,9468094,249000.0,34968.0,225889.0,4,171721.0,162956.0,145663.0,42.0,01_시즌
2024,2024-04-14,여름_점퍼_점퍼_ZB,671,71642739,249000.0,24849.0,101498.0,4,97550.0,108673.0,106770.0,57.0,01_시즌
2024,2024-04-14,여름_점퍼_점퍼_ZG,437,46262000,249000.0,30900.0,105994.0,4,104189.0,101942.0,105863.0,57.0,01_시즌
2024,2024-04-14,여름_팬츠_반바지_ZA,0,0,79000.0,12359.0,,4,54246.0,33735.0,54246.0,31.0,01_시즌
2024,2024-04-14,여름_팬츠_반바지_ZG,22,1034900,79000.0,12805.0,47071.0,4,46757.0,36024.0,47041.0,40.0,01_시즌
2024,2024-04-14,여름_팬츠_팬츠(일반)_ZA,955,69458200,129000.0,13020.0,73694.0,4,74565.0,77326.0,72731.0,44.0,01_시즌
2024,2024-04-14,여름_팬츠_팬츠(일반)_ZB,1893,106931540,99000.0,11742.0,55496.0,4,51678.0,41765.0,56488.0,43.0,01_시즌
2024,2024-04-14,여름_팬츠_팬츠(일반)_ZG,39,2873700,129000.0,19582.0,73685.0,4,68226.0,53606.0,73685.0,43.0,01_시즌
2024,2024-04-21,봄_니트 셔츠_라운드_ZB,127,3176410,89000.0,6766.0,25902.0,4,24934.0,33309.0,25011.0,72.0,01_시즌
2024,2024-04-21,봄_수트_블레이져(수트)_ZB,362,25696610,279000.0,48551.0,71500.0,4,93344.0,134926.0,70985.0,75.0,01_시즌
2024,2024-04-21,봄_수트_블레이져(수트)_ZC,54,3888600,279000.0,53467.0,72011.0,4,105944.0,134996.0,72011.0,74.0,01_시즌
2024,2024-04-21,봄_수트_수트팬츠_ZB,426,17889935,149000.0,24414.0,42704.0,4,52098.0,71682.0,41995.0,72.0,01_시즌
2024,2024-04-21,봄_수트_수트팬츠_ZC,56,2399600,149000.0,25777.0,42850.0,4,61031.0,73740.0,42850.0,71.0,01_시즌
2024,2024-04-21,봄_스웨터_T-에리_ZB,2,129000,99000.0,14953.0,64500.0,4,37972.0,39032.0,64500.0,35.0,01_시즌
2024,2024-04-21,봄_스웨터_라운드_ZA,31,1081500,99000.0,15694.0,34887.0,4,34092.0,39070.0,34887.0,65.0,01_시즌
2024,2024-04-21,봄_스웨터_라운드_ZB,120,3988940,99000.0,16066.0,33259.0,4,31342.0,37381.0,33241.0,66.0,01_시즌
2024,2024-04-21,봄_스웨터_오픈형(CARDIGAN)_ZB,246,8121631,159000.0,18786.0,33296.0,4,33474.0,50453.0,33015.0,79.0,01_시즌
2024,2024-04-21,봄_자켓_싱글재킷_ZB,27,2011000,299000.0,29549.0,74481.0,4,79111.0,104216.0,74481.0,75.0,01_시즌
2024,2024-04-21,봄_코트_싱글코트_ZB,6,474000,299000.0,42749.0,79000.0,4,78750.0,106000.0,79000.0,74.0,01_시즌
2024,2024-04-21,봄_팬츠_팬츠(일반)_ZB,407,13051448,99000.0,10500.0,32901.0,4,34411.0,39304.0,32067.0,68.0,01_시즌
2024,2024-04-21,사계절_데님_데님자켓_ZB,144,10769850,179000.0,19965.0,77996.0,4,76339.0,83945.0,74791.0,58.0,01_시즌
2024,2024-04-21,사계절_데님_데님팬츠_ZB,417,18885600,99000.0,14480.0,45303.0,4,42294.0,49757.0,45289.0,54.0,01_시즌
2024,2024-04-21,사계절_수트_블레이져(수트)_ZB,373,55325400,259000.0,42884.0,148325.0,4,147859.0,131261.0,148325.0,43.0,01_시즌
2024,2024-04-21,사계절_수트_블레이져(수트)_ZC,113,16786100,259000.0,44521.0,148550.0,4,148566.0,148324.0,148550.0,43.0,01_시즌
2024,2024-04-21,사계절_수트_수트팬츠_ZB,396,31008900,139000.0,20610.0,78305.0,4,78107.0,69377.0,78305.0,44.0,01_시즌
2024,2024-04-21,사계절_수트_수트팬츠_ZC,120,9442950,139000.0,21545.0,78691.0,4,78920.0,78577.0,78691.0,43.0,01_시즌
2024,2024-04-21,사계절_우븐 셔츠_드레스셔츠_ZB,2950,101140105,79000.0,7559.0,36506.0,4,36459.0,33114.0,34285.0,57.0,01_시즌
2024,2024-04-21,여름_니트 셔츠_라운드_ZB,2541,99519650,79000.0,7437.0,39325.0,4,40410.0,29498.0,39166.0,50.0,01_시즌
2024,2024-04-21,여름_니트 셔츠_라운드_ZG,324,16328300,99000.0,10085.0,50114.0,4,53469.0,38377.0,50396.0,49.0,01_시즌
2024,2024-04-21,여름_니트 셔츠_티에리_ZA,338,16936900,99000.0,9835.0,50206.0,4,52341.0,33828.0,50109.0,49.0,01_시즌
2024,2024-04-21,여름_니트 셔츠_티에리_ZB,532,20768700,79000.0,8758.0,38971.0,4,41322.0,32296.0,39039.0,51.0,01_시즌
2024,2024-04-21,여름_수트_블레이져(수트)_ZA,154,32411660,399000.0,77369.0,235705.0,4,245742.0,216403.0,210465.0,47.0,01_시즌
2024,2024-04-21,여름_수트_블레이져(수트)_ZB,910,151190560,279000.0,52695.0,165651.0,4,175044.0,160776.0,166143.0,40.0,01_시즌
2024,2024-04-21,여름_수트_블레이져(수트)_ZC,312,51938640,279000.0,56977.0,166470.0,4,174874.0,161147.0,166470.0,40.0,01_시즌
2024,2024-04-21,여름_수트_수트팬츠_ZA,173,20486060,231000.0,41682.0,136436.0,4,141631.0,126622.0,118417.0,49.0,01_시즌
2024,2024-04-21,여름_수트_수트팬츠_ZB,1080,95982820,149000.0,26660.0,88806.0,4,93554.0,90772.0,88873.0,40.0,01_시즌
2024,2024-04-21,여름_수트_수트팬츠_ZC,291,25857460,149000.0,28158.0,88857.0,4,93490.0,93396.0,88857.0,40.0,01_시즌
2024,2024-04-21,여름_스웨터_T-에리_ZA,533,31495038,109000.0,14136.0,59065.0,4,59401.0,54575.0,59090.0,46.0,01_시즌
2024,2024-04-21,여름_스웨터_T-에리_ZB,1925,93222508,91500.0,12596.0,48368.0,4,49191.0,46143.0,48427.0,47.0,01_시즌
2024,2024-04-21,여름_스웨터_라운드_ZA,57,3364100,109000.0,13614.0,59019.0,4,58248.0,43521.0,59019.0,46.0,01_시즌
2024,2024-04-21,여름_스웨터_라운드_ZB,1021,50030000,94000.0,14528.0,49140.0,4,50346.0,42897.0,49001.0,48.0,01_시즌
2024,2024-04-21,여름_스웨터_오픈형(CARDIGAN)_ZA,89,5317200,129000.0,14208.0,59744.0,4,67252.0,53541.0,59744.0,54.0,01_시즌
2024,2024-04-21,여름_우븐 셔츠_캐쥬얼셔츠_ZA,438,17422238,85667.0,9704.0,39824.0,4,44277.0,40111.0,39777.0,54.0,01_시즌
2024,2024-04-21,여름_우븐 셔츠_캐쥬얼셔츠_ZB,1072,36722884,79000.0,8769.0,34568.0,4,35500.0,32585.0,34256.0,57.0,01_시즌
2024,2024-04-21,여름_자켓_싱글재킷_ZA,1056,190193522,311857.0,40036.0,182446.0,4,180961.0,165002.0,180108.0,42.0,01_시즌
2024,2024-04-21,여름_점퍼_점퍼_ZA,41,6570150,249000.0,34968.0,161870.0,4,171721.0,162956.0,160248.0,36.0,01_시즌
2024,2024-04-21,여름_점퍼_점퍼_ZB,464,45235764,249000.0,24849.0,98185.0,4,97550.0,108673.0,97491.0,61.0,01_시즌
2024,2024-04-21,여름_점퍼_점퍼_ZG,256,25254000,249000.0,30900.0,98658.0,4,104189.0,101942.0,98648.0,60.0,01_시즌
2024,2024-04-21,여름_팬츠_반바지_ZA,15,797900,79000.0,12359.0,53193.0,4,54246.0,33735.0,53193.0,33.0,01_시즌
2024,2024-04-21,여름_팬츠_반바지_ZB,0,0,79000.0,8214.0,,4,,24963.0,24963.0,68.0,01_시즌
2024,2024-04-21,여름_팬츠_반바지_ZG,45,2093000,79000.0,12805.0,46479.0,4,46757.0,36024.0,46511.0,41.0,01_시즌
2024,2024-04-21,여름_팬츠_팬츠(일반)_ZA,767,56799004,129000.0,13020.0,74932.0,4,74565.0,77326.0,74053.0,43.0,01_시즌
2024,2024-04-21,여름_팬츠_팬츠(일반)_ZB,2091,102530400,99000.0,11742.0,49335.0,4,51678.0,41765.0,49034.0,50.0,01_시즌
2024,2024-04-21,여름_팬츠_팬츠(일반)_ZG,66,4146100,129000.0,19582.0,62820.0,4,68226.0,53606.0,62820.0,51.0,01_시즌
2024,2024-04-28,봄_니트 셔츠_라운드_ZB,150,3782279,89000.0,6766.0,24460.0,4,24934.0,33309.0,25215.0,72.0,01_시즌
2024,2024-04-28,봄_수트_블레이져(수트)_ZB,340,24263531,279000.0,48551.0,71408.0,4,93344.0,134926.0,71363.0,74.0,01_시즌
2024,2024-04-28,봄_수트_블레이져(수트)_ZC,80,6288300,279000.0,53467.0,78604.0,4,105944.0,134996.0,78604.0,72.0,01_시즌
2024,2024-04-28,봄_수트_수트팬츠_ZB,384,16602369,149000.0,24414.0,43156.0,4,52098.0,71682.0,43235.0,71.0,01_시즌
2024,2024-04-28,봄_수트_수트팬츠_ZC,83,3890000,149000.0,25777.0,46867.0,4,61031.0,73740.0,46867.0,69.0,01_시즌
2024,2024-04-28,봄_스웨터_T-에리_ZB,86,2157510,99000.0,14953.0,25087.0,4,37972.0,39032.0,25087.0,75.0,01_시즌
2024,2024-04-28,봄_스웨터_라운드_ZA,4,132900,99000.0,15694.0,33225.0,4,34092.0,39070.0,33225.0,66.0,01_시즌
2024,2024-04-28,봄_스웨터_라운드_ZB,98,2846692,99000.0,16066.0,29306.0,4,31342.0,37381.0,29048.0,71.0,01_시즌
2024,2024-04-28,봄_스웨터_오픈형(CARDIGAN)_ZB,117,3914143,159000.0,18786.0,33553.0,4,33474.0,50453.0,33454.0,79.0,01_시즌
2024,2024-04-28,봄_자켓_싱글재킷_ZB,49,4012828,299000.0,29549.0,81894.0,4,79111.0,104216.0,81894.0,73.0,01_시즌
2024,2024-04-28,봄_코트_싱글코트_ZB,10,790000,299000.0,42749.0,79000.0,4,78750.0,106000.0,79000.0,74.0,01_시즌
2024,2024-04-28,봄_팬츠_팬츠(일반)_ZB,270,9767418,99000.0,10500.0,39011.0,4,34411.0,39304.0,36176.0,63.0,01_시즌
2024,2024-04-28,사계절_데님_데님자켓_ZB,128,9114902,179000.0,19965.0,74844.0,4,76339.0,83945.0,71210.0,60.0,01_시즌
2024,2024-04-28,사계절_데님_데님팬츠_ZB,491,21995956,99000.0,14480.0,44634.0,4,42294.0,49757.0,44798.0,55.0,01_시즌
2024,2024-04-28,사계절_수트_블레이져(수트)_ZB,332,49380900,259000.0,42884.0,148738.0,4,147859.0,131261.0,148738.0,43.0,01_시즌
2024,2024-04-28,사계절_수트_블레이져(수트)_ZC,103,15429600,259000.0,44521.0,149802.0,4,148566.0,148324.0,149802.0,42.0,01_시즌
2024,2024-04-28,사계절_수트_수트팬츠_ZB,358,28274300,139000.0,20610.0,78978.0,4,78107.0,69377.0,78978.0,43.0,01_시즌
2024,2024-04-28,사계절_수트_수트팬츠_ZC,100,7936700,139000.0,21545.0,79367.0,4,78920.0,78577.0,79367.0,43.0,01_시즌
2024,2024-04-28,사계절_우븐 셔츠_드레스셔츠_ZB,2465,83124200,79000.0,7559.0,36363.0,4,36459.0,33114.0,33722.0,57.0,01_시즌
2024,2024-04-28,여름_니트 셔츠_라운드_ZB,2689,97310510,79000.0,7437.0,35927.0,4,40410.0,29498.0,36188.0,54.0,01_시즌
2024,2024-04-28,여름_니트 셔츠_라운드_ZG,136,6271900,99000.0,10085.0,46529.0,4,53469.0,38377.0,46117.0,53.0,01_시즌
2024,2024-04-28,여름_니트 셔츠_티에리_ZA,401,18896750,99000.0,9835.0,47144.0,4,52341.0,33828.0,47124.0,52.0,01_시즌
2024,2024-04-28,여름_니트 셔츠_티에리_ZB,574,22281300,79000.0,8758.0,38817.0,4,41322.0,32296.0,38818.0,51.0,01_시즌
2024,2024-04-28,여름_수트_블레이져(수트)_ZA,149,31633059,399000.0,77369.0,232124.0,4,245742.0,216403.0,212302.0,47.0,01_시즌
2024,2024-04-28,여름_수트_블레이져(수트)_ZB,655,109082220,279000.0,52695.0,166479.0,4,175044.0,160776.0,166538.0,40.0,01_시즌
2024,2024-04-28,여름_수트_블레이져(수트)_ZC,239,39954524,279000.0,56977.0,167174.0,4,174874.0,161147.0,167174.0,40.0,01_시즌
2024,2024-04-28,여름_수트_수트팬츠_ZA,159,19144841,231000.0,41682.0,133794.0,4,141631.0,126622.0,120408.0,48.0,01_시즌
2024,2024-04-28,여름_수트_수트팬츠_ZB,824,73413120,149000.0,26660.0,89013.0,4,93554.0,90772.0,89094.0,40.0,01_시즌
2024,2024-04-28,여름_수트_수트팬츠_ZC,223,19913921,149000.0,28158.0,89300.0,4,93490.0,93396.0,89300.0,40.0,01_시즌
2024,2024-04-28,여름_스웨터_T-에리_ZA,568,32537300,109000.0,14136.0,56890.0,4,59401.0,54575.0,57284.0,47.0,01_시즌
2024,2024-04-28,여름_스웨터_T-에리_ZB,2057,93713690,91500.0,12596.0,45392.0,4,49191.0,46143.0,45558.0,50.0,01_시즌
2024,2024-04-28,여름_스웨터_라운드_ZA,74,4256000,109000.0,13614.0,57514.0,4,58248.0,43521.0,57514.0,47.0,01_시즌
2024,2024-04-28,여름_스웨터_라운드_ZB,1002,47085227,94000.0,14528.0,47100.0,4,50346.0,42897.0,46991.0,50.0,01_시즌
2024,2024-04-28,여름_스웨터_오픈형(CARDIGAN)_ZA,128,7532000,129000.0,14208.0,58844.0,4,67252.0,53541.0,58844.0,54.0,01_시즌
2024,2024-04-28,여름_우븐 셔츠_캐쥬얼셔츠_ZA,501,19332500,85667.0,9704.0,38467.0,4,44277.0,40111.0,38588.0,55.0,01_시즌
2024,2024-04-28,여름_우븐 셔츠_캐쥬얼셔츠_ZB,1246,43787904,79000.0,8769.0,35484.0,4,35500.0,32585.0,35143.0,56.0,01_시즌
2024,2024-04-28,여름_자켓_싱글재킷_ZA,1058,191635800,311857.0,40036.0,182751.0,4,180961.0,165002.0,181130.0,42.0,01_시즌
2024,2024-04-28,여름_점퍼_점퍼_ZA,17,2415066,249000.0,34968.0,149390.0,4,171721.0,162956.0,142063.0,43.0,01_시즌
2024,2024-04-28,여름_점퍼_점퍼_ZB,358,32021830,249000.0,24849.0,93231.0,4,97550.0,108673.0,89446.0,64.0,01_시즌
2024,2024-04-28,여름_점퍼_점퍼_ZG,184,17616000,249000.0,30900.0,95404.0,4,104189.0,101942.0,95739.0,62.0,01_시즌
2024,2024-04-28,여름_팬츠_반바지_ZA,20,1106000,79000.0,12359.0,55300.0,4,54246.0,33735.0,55300.0,30.0,01_시즌
2024,2024-04-28,여름_팬츠_반바지_ZB,0,0,79000.0,8214.0,,4,,24963.0,24963.0,68.0,01_시즌
2024,2024-04-28,여름_팬츠_반바지_ZG,34,1587900,79000.0,12805.0,46720.0,4,46757.0,36024.0,46703.0,41.0,01_시즌
2024,2024-04-28,여름_팬츠_팬츠(일반)_ZA,907,69809540,129000.0,13020.0,77154.0,4,74565.0,77326.0,76968.0,40.0,01_시즌
2024,2024-04-28,여름_팬츠_팬츠(일반)_ZB,2930,137269809,99000.0,11742.0,46804.0,4,51678.0,41765.0,46850.0,53.0,01_시즌
2024,2024-04-28,여름_팬츠_팬츠(일반)_ZG,54,3186000,129000.0,19582.0,59000.0,4,68226.0,53606.0,59000.0,54.0,01_시즌
2024,2024-05-05,봄_니트 셔츠_라운드_ZB,40,1402560,89000.0,6766.0,29923.0,5,32096.0,33309.0,35064.0,61.0,01_시즌
2024,2024-05-05,봄_수트_블레이져(수트)_ZB,470,31578100,279000.0,48551.0,67870.0,5,86931.0,134926.0,67187.0,76.0,01_시즌
2024,2024-05-05,봄_수트_블레이져(수트)_ZC,87,6196570,279000.0,53467.0,71225.0,5,94214.0,134996.0,71225.0,74.0,01_시즌
2024,2024-05-05,봄_수트_수트팬츠_ZB,486,20358785,149000.0,24414.0,42362.0,5,45632.0,71682.0,41891.0,72.0,01_시즌
2024,2024-05-05,봄_수트_수트팬츠_ZC,90,4163570,149000.0,25777.0,46262.0,5,48194.0,73740.0,46262.0,69.0,01_시즌
2024,2024-05-05,봄_스웨터_T-에리_ZB,38,1279210,99000.0,14953.0,33663.0,5,31866.0,39032.0,33663.0,66.0,01_시즌
2024,2024-05-05,봄_스웨터_라운드_ZA,4,179600,99000.0,15694.0,44900.0,5,29690.0,39070.0,44900.0,55.0,01_시즌
2024,2024-05-05,봄_스웨터_라운드_ZB,48,1975220,99000.0,16066.0,39651.0,5,36133.0,37381.0,41150.0,58.0,01_시즌
2024,2024-05-05,봄_스웨터_오픈형(CARDIGAN)_ZB,84,3226454,159000.0,18786.0,38558.0,5,33661.0,50453.0,38410.0,76.0,01_시즌
2024,2024-05-05,봄_자켓_싱글재킷_ZB,101,7969000,299000.0,29549.0,78901.0,5,77324.0,104216.0,78901.0,74.0,01_시즌
2024,2024-05-05,봄_코트_싱글코트_ZB,3,337000,299000.0,42749.0,112333.0,5,85333.0,106000.0,112333.0,62.0,01_시즌
2024,2024-05-05,봄_팬츠_팬츠(일반)_ZB,968,27627716,99000.0,10500.0,29701.0,5,30095.0,39304.0,28541.0,71.0,01_시즌
2024,2024-05-05,사계절_데님_데님자켓_ZB,72,5455580,179000.0,19965.0,81686.0,5,79796.0,83945.0,75772.0,58.0,01_시즌
2024,2024-05-05,사계절_데님_데님팬츠_ZB,333,15386549,99000.0,14480.0,46011.0,5,46123.0,49757.0,46206.0,53.0,01_시즌
2024,2024-05-05,사계절_수트_블레이져(수트)_ZB,399,59298600,259000.0,42884.0,148618.0,5,149128.0,131261.0,148618.0,43.0,01_시즌
2024,2024-05-05,사계절_수트_블레이져(수트)_ZC,110,16352300,259000.0,44521.0,148657.0,5,149031.0,148324.0,148657.0,43.0,01_시즌
2024,2024-05-05,사계절_수트_수트팬츠_ZB,433,34001042,139000.0,20610.0,78524.0,5,79101.0,69377.0,78524.0,44.0,01_시즌
2024,2024-05-05,사계절_수트_수트팬츠_ZC,111,8731600,139000.0,21545.0,78663.0,5,78572.0,78577.0,78663.0,43.0,01_시즌
2024,2024-05-05,사계절_우븐 셔츠_드레스셔츠_ZB,2993,103552900,79000.0,7559.0,36991.0,5,36648.0,33114.0,34598.0,56.0,01_시즌
2024,2024-05-05,여름_니트 셔츠_라운드_ZB,3127,110119320,79000.0,7443.0,35274.0,5,32946.0,29498.0,35216.0,55.0,01_시즌
2024,2024-05-05,여름_니트 셔츠_라운드_ZG,322,15418000,99000.0,10085.0,48167.0,5,47238.0,38377.0,47882.0,52.0,01_시즌
2024,2024-05-05,여름_니트 셔츠_티에리_ZA,447,20585000,99000.0,9835.0,46220.0,5,41264.0,33828.0,46051.0,53.0,01_시즌
2024,2024-05-05,여름_니트 셔츠_티에리_ZB,793,29772400,79000.0,8758.0,37551.0,5,39220.0,32296.0,37544.0,52.0,01_시즌
2024,2024-05-05,여름_수트_블레이져(수트)_ZA,189,40637000,399000.0,77369.0,236313.0,5,237964.0,216403.0,215011.0,46.0,01_시즌
2024,2024-05-05,여름_수트_블레이져(수트)_ZB,922,153411960,279000.0,52695.0,166447.0,5,183794.0,160776.0,166390.0,40.0,01_시즌
2024,2024-05-05,여름_수트_블레이져(수트)_ZC,255,42586560,279000.0,56977.0,167006.0,5,184431.0,161147.0,167006.0,40.0,01_시즌
2024,2024-05-05,여름_수트_수트팬츠_ZA,223,26966800,231000.0,41682.0,137090.0,5,137839.0,126622.0,120927.0,48.0,01_시즌
2024,2024-05-05,여름_수트_수트팬츠_ZB,1024,90983850,149000.0,26660.0,88908.0,5,98218.0,90772.0,88851.0,40.0,01_시즌
2024,2024-05-05,여름_수트_수트팬츠_ZC,274,24441960,149000.0,28158.0,89204.0,5,98427.0,93396.0,89204.0,40.0,01_시즌
2024,2024-05-05,여름_스웨터_T-에리_ZA,593,33199500,109000.0,14136.0,55889.0,5,58123.0,54575.0,55986.0,49.0,01_시즌
2024,2024-05-05,여름_스웨터_T-에리_ZB,2288,105761100,91500.0,12596.0,46166.0,5,46728.0,46143.0,46224.0,49.0,01_시즌
2024,2024-05-05,여름_스웨터_라운드_ZA,64,3604000,109000.0,13614.0,56312.0,5,49680.0,43521.0,56312.0,48.0,01_시즌
2024,2024-05-05,여름_스웨터_라운드_ZB,1117,51931600,94000.0,14528.0,46124.0,5,44924.0,42897.0,46492.0,51.0,01_시즌
2024,2024-05-05,여름_스웨터_오픈형(CARDIGAN)_ZA,164,9259500,129000.0,14208.0,56460.0,5,55086.0,53541.0,56460.0,56.0,01_시즌
2024,2024-05-05,여름_우븐 셔츠_캐쥬얼셔츠_ZA,571,21380300,85667.0,9704.0,37330.0,5,37941.0,40111.0,37444.0,56.0,01_시즌
2024,2024-05-05,여름_우븐 셔츠_캐쥬얼셔츠_ZB,1660,58839550,79000.0,8769.0,34720.0,5,32738.0,32585.0,35446.0,55.0,01_시즌
2024,2024-05-05,여름_자켓_싱글재킷_ZA,1214,223215295,311857.0,40036.0,185118.0,5,181676.0,165002.0,183868.0,41.0,01_시즌
2024,2024-05-05,여름_점퍼_점퍼_ZA,29,3863877,249000.0,34968.0,136992.0,5,137772.0,162956.0,133237.0,46.0,01_시즌
2024,2024-05-05,여름_점퍼_점퍼_ZB,340,38289457,249000.0,24849.0,108251.0,5,91197.0,108673.0,112616.0,55.0,01_시즌
2024,2024-05-05,여름_점퍼_점퍼_ZG,201,19265383,249000.0,30900.0,95699.0,5,86208.0,101942.0,95848.0,62.0,01_시즌
2024,2024-05-05,여름_팬츠_반바지_ZA,28,1410500,79000.0,12359.0,50375.0,5,48890.0,33735.0,50375.0,36.0,01_시즌
2024,2024-05-05,여름_팬츠_반바지_ZB,5,276500,79000.0,7846.0,55300.0,5,40313.0,24963.0,55300.0,30.0,01_시즌
2024,2024-05-05,여름_팬츠_반바지_ZG,55,2572800,79000.0,12805.0,46780.0,5,44653.0,36024.0,46778.0,41.0,01_시즌
2024,2024-05-05,여름_팬츠_팬츠(일반)_ZA,1039,80210820,129000.0,13020.0,77138.0,5,76454.0,77326.0,77200.0,40.0,01_시즌
2024,2024-05-05,여름_팬츠_팬츠(일반)_ZB,3143,138516900,99000.0,11742.0,44981.0,5,47268.0,41765.0,44072.0,55.0,01_시즌
2024,2024-05-05,여름_팬츠_팬츠(일반)_ZG,88,4982000,129000.0,19582.0,56614.0,5,57192.0,53606.0,56614.0,56.0,01_시즌
2024,2024-05-12,봄_니트 셔츠_라운드_ZB,8,-184500,89000.0,6766.0,44988.0,5,32096.0,33309.0,44988.0,49.0,01_시즌
2024,2024-05-12,봄_수트_블레이져(수트)_ZB,234,19234000,279000.0,48551.0,82992.0,5,86931.0,134926.0,82197.0,71.0,01_시즌
2024,2024-05-12,봄_수트_블레이져(수트)_ZC,72,6552800,279000.0,53467.0,91011.0,5,94214.0,134996.0,91011.0,67.0,01_시즌
2024,2024-05-12,봄_수트_수트팬츠_ZB,296,13170250,149000.0,24414.0,44635.0,5,45632.0,71682.0,44494.0,70.0,01_시즌
2024,2024-05-12,봄_수트_수트팬츠_ZC,71,3348500,149000.0,25777.0,47162.0,5,48194.0,73740.0,47162.0,68.0,01_시즌
2024,2024-05-12,봄_스웨터_T-에리_ZB,4,138000,99000.0,14953.0,34500.0,5,31866.0,39032.0,34500.0,65.0,01_시즌
2024,2024-05-12,봄_스웨터_라운드_ZA,5,172500,99000.0,15694.0,34500.0,5,29690.0,39070.0,34500.0,65.0,01_시즌
2024,2024-05-12,봄_스웨터_라운드_ZB,-8,-685750,99000.0,16066.0,44620.0,5,36133.0,37381.0,85719.0,13.0,01_시즌
2024,2024-05-12,봄_스웨터_오픈형(CARDIGAN)_ZB,86,2723794,159000.0,18786.0,31526.0,5,33661.0,50453.0,31672.0,80.0,01_시즌
2024,2024-05-12,봄_자켓_싱글재킷_ZB,-10,-800000,299000.0,29549.0,80000.0,5,77324.0,104216.0,80000.0,73.0,01_시즌
2024,2024-05-12,봄_코트_싱글코트_ZB,2,158000,299000.0,42749.0,79000.0,5,85333.0,106000.0,79000.0,74.0,01_시즌
2024,2024-05-12,봄_팬츠_팬츠(일반)_ZB,289,8203173,99000.0,10500.0,28454.0,5,30095.0,39304.0,28385.0,71.0,01_시즌
2024,2024-05-12,사계절_데님_데님자켓_ZB,53,4286500,179000.0,19965.0,91054.0,5,79796.0,83945.0,80877.0,55.0,01_시즌
2024,2024-05-12,사계절_데님_데님팬츠_ZB,593,25911642,99000.0,14480.0,43828.0,5,46123.0,49757.0,43696.0,56.0,01_시즌
2024,2024-05-12,사계절_수트_블레이져(수트)_ZB,396,59087800,259000.0,42884.0,149212.0,5,149128.0,131261.0,149212.0,42.0,01_시즌
2024,2024-05-12,사계절_수트_블레이져(수트)_ZC,153,22786080,259000.0,44521.0,148929.0,5,149031.0,148324.0,148929.0,42.0,01_시즌
2024,2024-05-12,사계절_수트_수트팬츠_ZB,409,32091400,139000.0,20610.0,78463.0,5,79101.0,69377.0,78463.0,44.0,01_시즌
2024,2024-05-12,사계절_수트_수트팬츠_ZC,146,11470600,139000.0,21545.0,78566.0,5,78572.0,78577.0,78566.0,43.0,01_시즌
2024,2024-05-12,사계절_우븐 셔츠_드레스셔츠_ZB,3069,104856050,79000.0,7559.0,36628.0,5,36648.0,33114.0,34166.0,57.0,01_시즌
2024,2024-05-12,여름_니트 셔츠_라운드_ZB,3415,114392735,79000.0,7443.0,33471.0,5,32946.0,29498.0,33497.0,58.0,01_시즌
2024,2024-05-12,여름_니트 셔츠_라운드_ZG,351,16933500,99000.0,10085.0,48184.0,5,47238.0,38377.0,48244.0,51.0,01_시즌
2024,2024-05-12,여름_니트 셔츠_티에리_ZA,374,15076000,99000.0,9835.0,40896.0,5,41264.0,33828.0,40310.0,59.0,01_시즌
2024,2024-05-12,여름_니트 셔츠_티에리_ZB,779,30708533,79000.0,8758.0,39485.0,5,39220.0,32296.0,39420.0,50.0,01_시즌
2024,2024-05-12,여름_수트_블레이져(수트)_ZA,178,37964000,399000.0,77369.0,238673.0,5,237964.0,216403.0,213281.0,47.0,01_시즌
2024,2024-05-12,여름_수트_블레이져(수트)_ZB,821,150366050,279000.0,52695.0,183859.0,5,183794.0,160776.0,183150.0,34.0,01_시즌
2024,2024-05-12,여름_수트_블레이져(수트)_ZC,221,40929300,279000.0,56977.0,185200.0,5,184431.0,161147.0,185200.0,34.0,01_시즌
2024,2024-05-12,여름_수트_수트팬츠_ZA,195,23511200,231000.0,41682.0,138234.0,5,137839.0,126622.0,120570.0,48.0,01_시즌
2024,2024-05-12,여름_수트_수트팬츠_ZB,881,86047420,149000.0,26660.0,98396.0,5,98218.0,90772.0,97670.0,34.0,01_시즌
2024,2024-05-12,여름_수트_수트팬츠_ZC,248,24498600,149000.0,28158.0,98785.0,5,98427.0,93396.0,98785.0,34.0,01_시즌
2024,2024-05-12,여름_스웨터_T-에리_ZA,472,29239900,109000.0,14136.0,61604.0,5,58123.0,54575.0,61949.0,43.0,01_시즌
2024,2024-05-12,여름_스웨터_T-에리_ZB,2173,107350450,91500.0,12596.0,48053.0,5,46728.0,46143.0,49402.0,46.0,01_시즌
2024,2024-05-12,여름_스웨터_라운드_ZA,64,3191200,109000.0,13614.0,49862.0,5,49680.0,43521.0,49862.0,54.0,01_시즌
2024,2024-05-12,여름_스웨터_라운드_ZB,1242,56094927,94000.0,14528.0,45088.0,5,44924.0,42897.0,45165.0,52.0,01_시즌
2024,2024-05-12,여름_스웨터_오픈형(CARDIGAN)_ZA,212,11760500,129000.0,14208.0,55474.0,5,55086.0,53541.0,55474.0,57.0,01_시즌
2024,2024-05-12,여름_우븐 셔츠_캐쥬얼셔츠_ZA,472,18183600,85667.0,9704.0,37888.0,5,37941.0,40111.0,38525.0,55.0,01_시즌
2024,2024-05-12,여름_우븐 셔츠_캐쥬얼셔츠_ZB,1714,56403495,79000.0,8769.0,32383.0,5,32738.0,32585.0,32908.0,58.0,01_시즌
2024,2024-05-12,여름_자켓_싱글재킷_ZA,1189,215253643,311857.0,40036.0,182123.0,5,181676.0,165002.0,181038.0,42.0,01_시즌
2024,2024-05-12,여름_점퍼_점퍼_ZA,2,-605704,249000.0,34968.0,140218.0,5,137772.0,162956.0,140218.0,44.0,01_시즌
2024,2024-05-12,여름_점퍼_점퍼_ZB,162,16470012,249000.0,24849.0,97145.0,5,91197.0,108673.0,101667.0,59.0,01_시즌
2024,2024-05-12,여름_점퍼_점퍼_ZG,184,16126541,249000.0,30900.0,89330.0,5,86208.0,101942.0,87644.0,65.0,01_시즌
2024,2024-05-12,여름_팬츠_반바지_ZA,37,1842900,79000.0,12359.0,49808.0,5,48890.0,33735.0,49808.0,37.0,01_시즌
2024,2024-05-12,여름_팬츠_반바지_ZB,100,3773800,79000.0,7846.0,38202.0,5,40313.0,24963.0,37738.0,52.0,01_시즌
2024,2024-05-12,여름_팬츠_반바지_ZG,41,1880000,79000.0,12805.0,45808.0,5,44653.0,36024.0,45854.0,42.0,01_시즌
2024,2024-05-12,여름_팬츠_팬츠(일반)_ZA,897,68589732,129000.0,13020.0,76486.0,5,76454.0,77326.0,76466.0,41.0,01_시즌
2024,2024-05-12,여름_팬츠_팬츠(일반)_ZB,2612,124810770,99000.0,11742.0,49035.0,5,47268.0,41765.0,47784.0,52.0,01_시즌
2024,2024-05-12,여름_팬츠_팬츠(일반)_ZG,112,6558000,129000.0,19582.0,58554.0,5,57192.0,53606.0,58554.0,55.0,01_시즌
2024,2024-05-19,봄_니트 셔츠_라운드_ZB,57,1228900,89000.0,6766.0,22762.0,5,32096.0,33309.0,21560.0,76.0,01_시즌
2024,2024-05-19,봄_수트_블레이져(수트)_ZB,120,12884000,279000.0,48551.0,107468.0,5,86931.0,134926.0,107367.0,62.0,01_시즌
2024,2024-05-19,봄_수트_블레이져(수트)_ZC,29,3063000,279000.0,53467.0,105621.0,5,94214.0,134996.0,105621.0,62.0,01_시즌
2024,2024-05-19,봄_수트_수트팬츠_ZB,109,5406000,149000.0,24414.0,49624.0,5,45632.0,71682.0,49596.0,67.0,01_시즌
2024,2024-05-19,봄_수트_수트팬츠_ZC,34,1678000,149000.0,25777.0,49353.0,5,48194.0,73740.0,49353.0,67.0,01_시즌
2024,2024-05-19,봄_스웨터_T-에리_ZB,84,1778800,99000.0,14953.0,21176.0,5,31866.0,39032.0,21176.0,79.0,01_시즌
2024,2024-05-19,봄_스웨터_라운드_ZA,20,409200,99000.0,15694.0,20460.0,5,29690.0,39070.0,20460.0,79.0,01_시즌
2024,2024-05-19,봄_스웨터_라운드_ZB,66,1399800,99000.0,16066.0,21209.0,5,36133.0,37381.0,21209.0,79.0,01_시즌
2024,2024-05-19,봄_스웨터_오픈형(CARDIGAN)_ZB,17,428194,159000.0,18786.0,32322.0,5,33661.0,50453.0,25188.0,84.0,01_시즌
2024,2024-05-19,봄_자켓_싱글재킷_ZB,41,3208900,299000.0,29549.0,78266.0,5,77324.0,104216.0,78266.0,74.0,01_시즌
2024,2024-05-19,봄_코트_싱글코트_ZB,6,426000,299000.0,42749.0,71000.0,5,85333.0,106000.0,71000.0,76.0,01_시즌
2024,2024-05-19,봄_팬츠_팬츠(일반)_ZB,194,6078605,99000.0,10500.0,32632.0,5,30095.0,39304.0,31333.0,68.0,01_시즌
2024,2024-05-19,사계절_데님_데님자켓_ZB,113,7700300,179000.0,19965.0,69664.0,5,79796.0,83945.0,68144.0,62.0,01_시즌
2024,2024-05-19,사계절_데님_데님팬츠_ZB,361,16981806,99000.0,14480.0,48304.0,5,46123.0,49757.0,47041.0,52.0,01_시즌
2024,2024-05-19,사계절_수트_블레이져(수트)_ZB,409,61176300,259000.0,42884.0,149575.0,5,149128.0,131261.0,149575.0,42.0,01_시즌
2024,2024-05-19,사계절_수트_블레이져(수트)_ZC,121,18049100,259000.0,44521.0,149166.0,5,149031.0,148324.0,149166.0,42.0,01_시즌
2024,2024-05-19,사계절_수트_수트팬츠_ZB,447,35662200,139000.0,20610.0,79781.0,5,79101.0,69377.0,79781.0,43.0,01_시즌
2024,2024-05-19,사계절_수트_수트팬츠_ZC,121,9520100,139000.0,21545.0,78679.0,5,78572.0,78577.0,78679.0,43.0,01_시즌
2024,2024-05-19,사계절_우븐 셔츠_드레스셔츠_ZB,2896,97777224,79000.0,7559.0,36030.0,5,36648.0,33114.0,33763.0,57.0,01_시즌
2024,2024-05-19,여름_니트 셔츠_라운드_ZB,3616,116283051,79000.0,7443.0,31877.0,5,32946.0,29498.0,32158.0,59.0,01_시즌
2024,2024-05-19,여름_니트 셔츠_라운드_ZG,381,18102400,99000.0,10085.0,47559.0,5,47238.0,38377.0,47513.0,52.0,01_시즌
2024,2024-05-19,여름_니트 셔츠_티에리_ZA,467,18540100,99000.0,9835.0,40195.0,5,41264.0,33828.0,39700.0,60.0,01_시즌
2024,2024-05-19,여름_니트 셔츠_티에리_ZB,721,28433700,79000.0,8758.0,39892.0,5,39220.0,32296.0,39436.0,50.0,01_시즌
2024,2024-05-19,여름_수트_블레이져(수트)_ZA,199,42546988,399000.0,77369.0,238573.0,5,237964.0,216403.0,213804.0,46.0,01_시즌
2024,2024-05-19,여름_수트_블레이져(수트)_ZB,801,155737800,279000.0,52695.0,194240.0,5,183794.0,160776.0,194429.0,30.0,01_시즌
2024,2024-05-19,여름_수트_블레이져(수트)_ZC,188,36621540,279000.0,56977.0,194795.0,5,184431.0,161147.0,194795.0,30.0,01_시즌
2024,2024-05-19,여름_수트_수트팬츠_ZA,227,27378738,231000.0,41682.0,138186.0,5,137839.0,126622.0,120611.0,48.0,01_시즌
2024,2024-05-19,여름_수트_수트팬츠_ZB,885,91576890,149000.0,26660.0,103586.0,5,98218.0,90772.0,103477.0,31.0,01_시즌
2024,2024-05-19,여름_수트_수트팬츠_ZC,196,20368300,149000.0,28158.0,103920.0,5,98427.0,93396.0,103920.0,30.0,01_시즌
2024,2024-05-19,여름_스웨터_T-에리_ZA,523,29704300,109000.0,14136.0,56866.0,5,58123.0,54575.0,56796.0,48.0,01_시즌
2024,2024-05-19,여름_스웨터_T-에리_ZB,2277,110003388,91500.0,12596.0,46814.0,5,46728.0,46143.0,48311.0,47.0,01_시즌
2024,2024-05-19,여름_스웨터_라운드_ZA,51,2423000,109000.0,13614.0,47510.0,5,49680.0,43521.0,47510.0,56.0,01_시즌
2024,2024-05-19,여름_스웨터_라운드_ZB,1145,50971676,94000.0,14528.0,44266.0,5,44924.0,42897.0,44517.0,53.0,01_시즌
2024,2024-05-19,여름_스웨터_오픈형(CARDIGAN)_ZA,180,9725200,129000.0,14208.0,54029.0,5,55086.0,53541.0,54029.0,58.0,01_시즌
2024,2024-05-19,여름_우븐 셔츠_캐쥬얼셔츠_ZA,452,17420900,85667.0,9704.0,38952.0,5,37941.0,40111.0,38542.0,55.0,01_시즌
2024,2024-05-19,여름_우븐 셔츠_캐쥬얼셔츠_ZB,1937,63258029,79000.0,8769.0,32289.0,5,32738.0,32585.0,32658.0,59.0,01_시즌
2024,2024-05-19,여름_자켓_싱글재킷_ZA,1150,203818080,311857.0,40036.0,178650.0,5,181676.0,165002.0,177233.0,43.0,01_시즌
2024,2024-05-19,여름_점퍼_점퍼_ZA,13,1732802,249000.0,34968.0,144684.0,5,137772.0,162956.0,133292.0,46.0,01_시즌
2024,2024-05-19,여름_점퍼_점퍼_ZB,193,12093863,249000.0,24849.0,65720.0,5,91197.0,108673.0,62663.0,75.0,01_시즌
2024,2024-05-19,여름_점퍼_점퍼_ZG,186,14704779,249000.0,30900.0,80034.0,5,86208.0,101942.0,79058.0,68.0,01_시즌
2024,2024-05-19,여름_팬츠_반바지_ZA,37,1803000,79000.0,12359.0,48730.0,5,48890.0,33735.0,48730.0,38.0,01_시즌
2024,2024-05-19,여름_팬츠_반바지_ZB,121,4599000,79000.0,7846.0,38036.0,5,40313.0,24963.0,38008.0,52.0,01_시즌
2024,2024-05-19,여름_팬츠_반바지_ZG,106,4555300,79000.0,12805.0,43028.0,5,44653.0,36024.0,42975.0,46.0,01_시즌
2024,2024-05-19,여름_팬츠_팬츠(일반)_ZA,1023,76826660,129000.0,13020.0,76032.0,5,76454.0,77326.0,75099.0,42.0,01_시즌
2024,2024-05-19,여름_팬츠_팬츠(일반)_ZB,2824,133154006,99000.0,11742.0,48144.0,5,47268.0,41765.0,47151.0,52.0,01_시즌
2024,2024-05-19,여름_팬츠_팬츠(일반)_ZG,104,5984500,129000.0,19582.0,57543.0,5,57192.0,53606.0,57543.0,55.0,01_시즌
2024,2024-05-26,봄_니트 셔츠_라운드_ZB,16,505900,89000.0,6766.0,30710.0,5,32096.0,33309.0,31619.0,64.0,01_시즌
2024,2024-05-26,봄_수트_블레이져(수트)_ZB,256,18774000,279000.0,48551.0,89392.0,5,86931.0,134926.0,73336.0,74.0,01_시즌
2024,2024-05-26,봄_수트_블레이져(수트)_ZC,21,2289000,279000.0,53467.0,109000.0,5,94214.0,134996.0,109000.0,61.0,01_시즌
2024,2024-05-26,봄_수트_수트팬츠_ZB,267,11418000,149000.0,24414.0,45907.0,5,45632.0,71682.0,42764.0,71.0,01_시즌
2024,2024-05-26,봄_수트_수트팬츠_ZC,24,1200000,149000.0,25777.0,50000.0,5,48194.0,73740.0,50000.0,66.0,01_시즌
2024,2024-05-26,봄_스웨터_T-에리_ZB,11,419400,99000.0,14953.0,38127.0,5,31866.0,39032.0,38127.0,61.0,01_시즌
2024,2024-05-26,봄_스웨터_라운드_ZA,-2,-37800,99000.0,15694.0,18900.0,5,29690.0,39070.0,18900.0,81.0,01_시즌
2024,2024-05-26,봄_스웨터_라운드_ZB,10,376200,99000.0,16066.0,39050.0,5,36133.0,37381.0,37620.0,62.0,01_시즌
2024,2024-05-26,봄_스웨터_오픈형(CARDIGAN)_ZB,30,975010,159000.0,18786.0,32239.0,5,33661.0,50453.0,32500.0,80.0,01_시즌
2024,2024-05-26,봄_자켓_싱글재킷_ZB,28,2019600,299000.0,29549.0,72129.0,5,77324.0,104216.0,72129.0,76.0,01_시즌
2024,2024-05-26,봄_코트_싱글코트_ZB,2,158000,299000.0,42749.0,79000.0,5,85333.0,106000.0,79000.0,74.0,01_시즌
2024,2024-05-26,봄_팬츠_팬츠(일반)_ZB,204,6023124,99000.0,10500.0,29590.0,5,30095.0,39304.0,29525.0,70.0,01_시즌
2024,2024-05-26,사계절_데님_데님자켓_ZB,48,3792000,179000.0,19965.0,76778.0,5,79796.0,83945.0,79000.0,56.0,01_시즌
2024,2024-05-26,사계절_데님_데님팬츠_ZB,445,19978888,99000.0,14480.0,46349.0,5,46123.0,49757.0,44896.0,55.0,01_시즌
2024,2024-05-26,사계절_수트_블레이져(수트)_ZB,360,53678700,259000.0,42884.0,149108.0,5,149128.0,131261.0,149108.0,42.0,01_시즌
2024,2024-05-26,사계절_수트_블레이져(수트)_ZC,117,17476580,259000.0,44521.0,149372.0,5,149031.0,148324.0,149372.0,42.0,01_시즌
2024,2024-05-26,사계절_수트_수트팬츠_ZB,375,29863500,139000.0,20610.0,79636.0,5,79101.0,69377.0,79636.0,43.0,01_시즌
2024,2024-05-26,사계절_수트_수트팬츠_ZC,125,9797549,139000.0,21545.0,78380.0,5,78572.0,78577.0,78380.0,44.0,01_시즌
2024,2024-05-26,사계절_우븐 셔츠_드레스셔츠_ZB,2802,97762110,79000.0,7559.0,36945.0,5,36648.0,33114.0,34890.0,56.0,01_시즌
2024,2024-05-26,여름_니트 셔츠_라운드_ZB,4085,127270800,79000.0,7443.0,31161.0,5,32946.0,29498.0,31156.0,61.0,01_시즌
2024,2024-05-26,여름_니트 셔츠_라운드_ZG,352,15706900,99000.0,10085.0,45043.0,5,47238.0,38377.0,44622.0,55.0,01_시즌
2024,2024-05-26,여름_니트 셔츠_티에리_ZA,485,17382100,99000.0,9835.0,37746.0,5,41264.0,33828.0,35839.0,64.0,01_시즌
2024,2024-05-26,여름_니트 셔츠_티에리_ZB,780,30439550,79000.0,8758.0,39954.0,5,39220.0,32296.0,39025.0,51.0,01_시즌
2024,2024-05-26,여름_수트_블레이져(수트)_ZA,153,31877000,399000.0,77369.0,238298.0,5,237964.0,216403.0,208346.0,48.0,01_시즌
2024,2024-05-26,여름_수트_블레이져(수트)_ZB,730,139145670,279000.0,52695.0,190630.0,5,183794.0,160776.0,190611.0,32.0,01_시즌
2024,2024-05-26,여름_수트_블레이져(수트)_ZC,142,27082770,279000.0,56977.0,190724.0,5,184431.0,161147.0,190724.0,32.0,01_시즌
2024,2024-05-26,여름_수트_수트팬츠_ZA,181,21286300,231000.0,41682.0,137845.0,5,137839.0,126622.0,117604.0,49.0,01_시즌
2024,2024-05-26,여름_수트_수트팬츠_ZB,805,81953470,149000.0,26660.0,101985.0,5,98218.0,90772.0,101806.0,32.0,01_시즌
2024,2024-05-26,여름_수트_수트팬츠_ZC,159,16185870,149000.0,28158.0,101798.0,5,98427.0,93396.0,101798.0,32.0,01_시즌
2024,2024-05-26,여름_스웨터_T-에리_ZA,283,16438300,109000.0,14136.0,58134.0,5,58123.0,54575.0,58086.0,47.0,01_시즌
2024,2024-05-26,여름_스웨터_T-에리_ZB,2231,102741800,91500.0,12596.0,45880.0,5,46728.0,46143.0,46052.0,50.0,01_시즌
2024,2024-05-26,여름_스웨터_라운드_ZA,55,2477000,109000.0,13614.0,45036.0,5,49680.0,43521.0,45036.0,59.0,01_시즌
2024,2024-05-26,여름_스웨터_라운드_ZB,940,41493500,94000.0,14528.0,44218.0,5,44924.0,42897.0,44142.0,53.0,01_시즌
2024,2024-05-26,여름_스웨터_오픈형(CARDIGAN)_ZA,151,8211300,129000.0,14208.0,54379.0,5,55086.0,53541.0,54379.0,58.0,01_시즌
2024,2024-05-26,여름_우븐 셔츠_캐쥬얼셔츠_ZA,337,12222900,85667.0,9704.0,37593.0,5,37941.0,40111.0,36270.0,58.0,01_시즌
2024,2024-05-26,여름_우븐 셔츠_캐쥬얼셔츠_ZB,1940,62994738,79000.0,8769.0,31562.0,5,32738.0,32585.0,32472.0,59.0,01_시즌
2024,2024-05-26,여름_자켓_싱글재킷_ZA,940,168192320,311857.0,40036.0,180812.0,5,181676.0,165002.0,178928.0,43.0,01_시즌
2024,2024-05-26,여름_점퍼_점퍼_ZA,14,1688714,249000.0,34968.0,120622.0,5,137772.0,162956.0,120622.0,52.0,01_시즌
2024,2024-05-26,여름_점퍼_점퍼_ZB,145,12418216,249000.0,24849.0,85180.0,5,91197.0,108673.0,85643.0,66.0,01_시즌
2024,2024-05-26,여름_점퍼_점퍼_ZG,147,11345969,249000.0,30900.0,79767.0,5,86208.0,101942.0,77183.0,69.0,01_시즌
2024,2024-05-26,여름_팬츠_반바지_ZA,34,1586000,79000.0,12359.0,46647.0,5,48890.0,33735.0,46647.0,41.0,01_시즌
2024,2024-05-26,여름_팬츠_반바지_ZB,145,5371600,79000.0,7846.0,37209.0,5,40313.0,24963.0,37046.0,53.0,01_시즌
2024,2024-05-26,여름_팬츠_반바지_ZG,90,3872300,79000.0,12805.0,42994.0,5,44653.0,36024.0,43026.0,46.0,01_시즌
2024,2024-05-26,여름_팬츠_팬츠(일반)_ZA,793,60336960,129000.0,13020.0,76159.0,5,76454.0,77326.0,76087.0,41.0,01_시즌
2024,2024-05-26,여름_팬츠_팬츠(일반)_ZB,3248,146386250,99000.0,11742.0,46911.0,5,47268.0,41765.0,45070.0,54.0,01_시즌
2024,2024-05-26,여름_팬츠_팬츠(일반)_ZG,85,4765000,129000.0,19582.0,56059.0,5,57192.0,53606.0,56059.0,57.0,01_시즌
2024,2024-06-02,사계절_데님_데님자켓_ZB,42,3030701,179000.0,19965.0,74070.0,6,69246.0,83945.0,72160.0,60.0,01_시즌
2024,2024-06-02,사계절_데님_데님팬츠_ZB,328,14632355,99000.0,14480.0,44908.0,6,45665.0,49757.0,44611.0,55.0,01_시즌
2024,2024-06-02,사계절_수트_블레이져(수트)_ZB,354,52378572,259000.0,42884.0,147962.0,6,146126.0,131261.0,147962.0,43.0,01_시즌
2024,2024-06-02,사계절_수트_블레이져(수트)_ZC,100,14893600,259000.0,44521.0,148936.0,6,148425.0,148324.0,148936.0,42.0,01_시즌
2024,2024-06-02,사계절_수트_수트팬츠_ZB,371,28956321,139000.0,20610.0,78049.0,6,76526.0,69377.0,78049.0,44.0,01_시즌
2024,2024-06-02,사계절_수트_수트팬츠_ZC,106,8378400,139000.0,21545.0,79042.0,6,77390.0,78577.0,79042.0,43.0,01_시즌
2024,2024-06-02,사계절_우븐 셔츠_드레스셔츠_ZB,2997,102616551,79000.0,7559.0,36298.0,6,35595.0,33114.0,34240.0,57.0,01_시즌
2024,2024-06-02,여름_니트 셔츠_라운드_ZB,4355,128103350,79000.0,7443.0,29559.0,6,29000.0,29498.0,29415.0,63.0,01_시즌
2024,2024-06-02,여름_니트 셔츠_라운드_ZG,401,15603700,99000.0,10085.0,38891.0,6,39128.0,38377.0,38912.0,61.0,01_시즌
2024,2024-06-02,여름_니트 셔츠_티에리_ZA,687,22919778,99000.0,9835.0,36350.0,6,35322.0,33828.0,33362.0,66.0,01_시즌
2024,2024-06-02,여름_니트 셔츠_티에리_ZB,823,31660100,79000.0,8758.0,39468.0,6,37828.0,32296.0,38469.0,51.0,01_시즌
2024,2024-06-02,여름_수트_블레이져(수트)_ZA,180,37262930,399000.0,77369.0,231302.0,6,232042.0,216403.0,207016.0,48.0,01_시즌
2024,2024-06-02,여름_수트_블레이져(수트)_ZB,730,138262400,279000.0,52695.0,189269.0,6,186574.0,160776.0,189401.0,32.0,01_시즌
2024,2024-06-02,여름_수트_블레이져(수트)_ZC,146,27534510,279000.0,56977.0,188593.0,6,188521.0,161147.0,188593.0,32.0,01_시즌
2024,2024-06-02,여름_수트_수트팬츠_ZA,201,23489270,231000.0,41682.0,134138.0,6,134382.0,126622.0,116862.0,49.0,01_시즌
2024,2024-06-02,여름_수트_수트팬츠_ZB,789,79434600,149000.0,26660.0,100692.0,6,99782.0,90772.0,100678.0,32.0,01_시즌
2024,2024-06-02,여름_수트_수트팬츠_ZC,166,16949540,149000.0,28158.0,102106.0,6,101035.0,93396.0,102106.0,31.0,01_시즌
2024,2024-06-02,여름_스웨터_T-에리_ZA,405,23735500,109000.0,14136.0,57957.0,6,59161.0,54575.0,58606.0,46.0,01_시즌
2024,2024-06-02,여름_스웨터_T-에리_ZB,2849,125843550,91500.0,12596.0,44926.0,6,44970.0,46143.0,44171.0,52.0,01_시즌
2024,2024-06-02,여름_스웨터_라운드_ZA,92,3823800,109000.0,13614.0,41563.0,6,39429.0,43521.0,41563.0,62.0,01_시즌
2024,2024-06-02,여름_스웨터_라운드_ZB,999,44443300,94000.0,14528.0,44428.0,6,43436.0,42897.0,44488.0,53.0,01_시즌
2024,2024-06-02,여름_스웨터_오픈형(CARDIGAN)_ZA,169,9355400,129000.0,14208.0,55357.0,6,54450.0,53541.0,55357.0,57.0,01_시즌
2024,2024-06-02,여름_우븐 셔츠_캐쥬얼셔츠_ZA,512,18858350,85667.0,9704.0,38513.0,6,37688.0,40111.0,36833.0,57.0,01_시즌
2024,2024-06-02,여름_우븐 셔츠_캐쥬얼셔츠_ZB,2159,70565939,79000.0,8769.0,32138.0,6,31642.0,32585.0,32685.0,59.0,01_시즌
2024,2024-06-02,여름_자켓_싱글재킷_ZA,1091,193495718,311857.0,40036.0,178993.0,6,177405.0,165002.0,177356.0,43.0,01_시즌
2024,2024-06-02,여름_점퍼_점퍼_ZA,14,1881768,249000.0,34968.0,161750.0,6,148064.0,162956.0,134412.0,46.0,01_시즌
2024,2024-06-02,여름_점퍼_점퍼_ZB,83,6720891,249000.0,24849.0,81627.0,6,80824.0,108673.0,80975.0,67.0,01_시즌
2024,2024-06-02,여름_점퍼_점퍼_ZG,124,10823364,249000.0,30900.0,87843.0,6,83168.0,101942.0,87285.0,65.0,01_시즌
2024,2024-06-02,여름_팬츠_반바지_ZA,47,2154300,79000.0,12359.0,45836.0,6,39903.0,33735.0,45836.0,42.0,01_시즌
2024,2024-06-02,여름_팬츠_반바지_ZB,217,7785600,79000.0,7846.0,35981.0,6,31918.0,24963.0,35878.0,55.0,01_시즌
2024,2024-06-02,여름_팬츠_반바지_ZG,110,4290500,79000.0,12805.0,39010.0,6,34644.0,36024.0,39005.0,51.0,01_시즌
2024,2024-06-02,여름_팬츠_팬츠(일반)_ZA,927,70007520,129000.0,13020.0,75438.0,6,74371.0,77326.0,75521.0,41.0,01_시즌
2024,2024-06-02,여름_팬츠_팬츠(일반)_ZB,3468,160812350,99000.0,11738.0,47812.0,6,46464.0,41765.0,46370.0,53.0,01_시즌
2024,2024-06-02,여름_팬츠_팬츠(일반)_ZG,125,6925000,129000.0,19582.0,55400.0,6,49783.0,53606.0,55400.0,57.0,01_시즌
2024,2024-06-09,가을_니트 셔츠_라운드_ZB,0,0,79000.0,5118.0,,6,22666.0,18560.0,22666.0,71.0,01_시즌
2024,2024-06-09,가을_니트 셔츠_티에리_ZB,23,1682700,79000.0,8732.0,73161.0,6,49792.0,25900.0,73161.0,7.0,01_시즌
2024,2024-06-09,사계절_데님_데님자켓_ZB,29,1882600,179000.0,19965.0,71598.0,6,69246.0,83945.0,64917.0,64.0,01_시즌
2024,2024-06-09,사계절_데님_데님팬츠_ZB,280,12883290,99000.0,14480.0,46763.0,6,45665.0,49757.0,46012.0,54.0,01_시즌
2024,2024-06-09,사계절_수트_블레이져(수트)_ZB,354,50878600,259000.0,42625.0,143725.0,6,146126.0,131261.0,143725.0,45.0,01_시즌
2024,2024-06-09,사계절_수트_블레이져(수트)_ZC,87,12695300,259000.0,44254.0,145923.0,6,148425.0,148324.0,145923.0,44.0,01_시즌
2024,2024-06-09,사계절_수트_수트팬츠_ZB,397,28153000,139000.0,20924.0,70914.0,6,76526.0,69377.0,70914.0,49.0,01_시즌
2024,2024-06-09,사계절_수트_수트팬츠_ZC,82,5942200,139000.0,21438.0,72466.0,6,77390.0,78577.0,72466.0,48.0,01_시즌
2024,2024-06-09,사계절_우븐 셔츠_드레스셔츠_ZB,2479,88953500,79000.0,7559.0,37168.0,6,35595.0,33114.0,35883.0,55.0,01_시즌
2024,2024-06-09,여름_니트 셔츠_라운드_ZB,4247,121481950,79000.0,7443.0,28950.0,6,29000.0,29498.0,28604.0,64.0,01_시즌
2024,2024-06-09,여름_니트 셔츠_라운드_ZG,544,18803060,99000.0,10085.0,34765.0,6,39128.0,38377.0,34564.0,65.0,01_시즌
2024,2024-06-09,여름_니트 셔츠_티에리_ZA,611,20914691,99000.0,9835.0,36292.0,6,35322.0,33828.0,34230.0,65.0,01_시즌
2024,2024-06-09,여름_니트 셔츠_티에리_ZB,875,31536450,79000.0,8758.0,37371.0,6,37828.0,32296.0,36042.0,54.0,01_시즌
2024,2024-06-09,여름_수트_블레이져(수트)_ZA,184,37510940,399000.0,77369.0,230892.0,6,232042.0,216403.0,203864.0,49.0,01_시즌
2024,2024-06-09,여름_수트_블레이져(수트)_ZB,748,141795900,279000.0,52695.0,189830.0,6,186574.0,160776.0,189567.0,32.0,01_시즌
2024,2024-06-09,여름_수트_블레이져(수트)_ZC,101,19493730,279000.0,56977.0,193007.0,6,188521.0,161147.0,193007.0,31.0,01_시즌
2024,2024-06-09,여름_수트_수트팬츠_ZA,206,23483320,231000.0,41682.0,133199.0,6,134382.0,126622.0,113997.0,51.0,01_시즌
2024,2024-06-09,여름_수트_수트팬츠_ZB,819,82821810,149000.0,26660.0,101253.0,6,99782.0,90772.0,101126.0,32.0,01_시즌
2024,2024-06-09,여름_수트_수트팬츠_ZC,117,12110720,149000.0,28158.0,103510.0,6,101035.0,93396.0,103510.0,31.0,01_시즌
2024,2024-06-09,여름_스웨터_T-에리_ZA,255,14009400,109000.0,14136.0,54906.0,6,59161.0,54575.0,54939.0,50.0,01_시즌
2024,2024-06-09,여름_스웨터_T-에리_ZB,2427,104829020,91500.0,12596.0,44113.0,6,44970.0,46143.0,43193.0,53.0,01_시즌
2024,2024-06-09,여름_스웨터_라운드_ZA,90,3646500,109000.0,13614.0,40517.0,6,39429.0,43521.0,40517.0,63.0,01_시즌
2024,2024-06-09,여름_스웨터_라운드_ZB,994,43226450,94000.0,14528.0,43451.0,6,43436.0,42897.0,43487.0,54.0,01_시즌
2024,2024-06-09,여름_스웨터_오픈형(CARDIGAN)_ZA,156,8675000,129000.0,14208.0,55609.0,6,54450.0,53541.0,55609.0,57.0,01_시즌
2024,2024-06-09,여름_우븐 셔츠_캐쥬얼셔츠_ZA,402,14182000,85667.0,9704.0,36331.0,6,37688.0,40111.0,35279.0,59.0,01_시즌
2024,2024-06-09,여름_우븐 셔츠_캐쥬얼셔츠_ZB,2606,81718935,79000.0,8769.0,31286.0,6,31642.0,32585.0,31358.0,60.0,01_시즌
2024,2024-06-09,여름_자켓_싱글재킷_ZA,798,140265080,311857.0,40036.0,179476.0,6,177405.0,165002.0,175771.0,44.0,01_시즌
2024,2024-06-09,여름_점퍼_점퍼_ZA,6,606389,249000.0,34968.0,130359.0,6,148064.0,162956.0,101065.0,59.0,01_시즌
2024,2024-06-09,여름_점퍼_점퍼_ZB,43,3667407,249000.0,24849.0,80808.0,6,80824.0,108673.0,85289.0,66.0,01_시즌
2024,2024-06-09,여름_점퍼_점퍼_ZG,49,3293533,249000.0,30900.0,73861.0,6,83168.0,101942.0,67215.0,73.0,01_시즌
2024,2024-06-09,여름_팬츠_반바지_ZA,69,2869000,79000.0,12359.0,41580.0,6,39903.0,33735.0,41580.0,47.0,01_시즌
2024,2024-06-09,여름_팬츠_반바지_ZB,448,12816700,79000.0,7846.0,28570.0,6,31918.0,24963.0,28609.0,64.0,01_시즌
2024,2024-06-09,여름_팬츠_반바지_ZG,245,7514700,79000.0,12805.0,30888.0,6,34644.0,36024.0,30672.0,61.0,01_시즌
2024,2024-06-09,여름_팬츠_팬츠(일반)_ZA,821,61551000,129000.0,13020.0,74717.0,6,74371.0,77326.0,74971.0,42.0,01_시즌
2024,2024-06-09,여름_팬츠_팬츠(일반)_ZB,3601,161605468,99000.0,11932.0,47266.0,6,46464.0,41765.0,44878.0,55.0,01_시즌
2024,2024-06-09,여름_팬츠_팬츠(일반)_ZG,167,6774600,129000.0,19582.0,40566.0,6,49783.0,53606.0,40566.0,69.0,01_시즌
2024,2024-06-16,가을_니트 셔츠_라운드_ZB,61,1739000,79000.0,5118.0,28508.0,6,22666.0,18560.0,28508.0,64.0,01_시즌
2024,2024-06-16,가을_니트 셔츠_티에리_ZB,143,6578600,79000.0,8732.0,46004.0,6,49792.0,25900.0,46004.0,42.0,01_시즌
2024,2024-06-16,사계절_데님_데님자켓_ZB,22,1698000,179000.0,19965.0,77182.0,6,69246.0,83945.0,77182.0,57.0,01_시즌
2024,2024-06-16,사계절_데님_데님팬츠_ZB,261,11494165,99000.0,14480.0,44960.0,6,45665.0,49757.0,44039.0,56.0,01_시즌
2024,2024-06-16,사계절_수트_블레이져(수트)_ZB,319,46114251,259000.0,42625.0,144840.0,6,146126.0,131261.0,144559.0,44.0,01_시즌
2024,2024-06-16,사계절_수트_블레이져(수트)_ZC,147,21898900,259000.0,44254.0,148903.0,6,148425.0,148324.0,148972.0,42.0,01_시즌
2024,2024-06-16,사계절_수트_수트팬츠_ZB,365,27064100,139000.0,20924.0,74532.0,6,76526.0,69377.0,74148.0,47.0,01_시즌
2024,2024-06-16,사계절_수트_수트팬츠_ZC,155,11699000,139000.0,21438.0,75578.0,6,77390.0,78577.0,75477.0,46.0,01_시즌
2024,2024-06-16,사계절_우븐 셔츠_드레스셔츠_ZB,2535,88493250,79000.0,7559.0,35977.0,6,35595.0,33114.0,34909.0,56.0,01_시즌
2024,2024-06-16,여름_니트 셔츠_라운드_ZB,2733,80863500,79000.0,7443.0,30458.0,6,29000.0,29498.0,29588.0,63.0,01_시즌
2024,2024-06-16,여름_니트 셔츠_라운드_ZG,267,12191200,99000.0,10085.0,45642.0,6,39128.0,38377.0,45660.0,54.0,01_시즌
2024,2024-06-16,여름_니트 셔츠_티에리_ZA,689,21760699,99000.0,9835.0,35680.0,6,35322.0,33828.0,31583.0,68.0,01_시즌
2024,2024-06-16,여름_니트 셔츠_티에리_ZB,849,31238150,79000.0,8758.0,38928.0,6,37828.0,32296.0,36794.0,53.0,01_시즌
2024,2024-06-16,여름_수트_블레이져(수트)_ZA,137,28369860,399000.0,77369.0,239103.0,6,232042.0,216403.0,207079.0,48.0,01_시즌
2024,2024-06-16,여름_수트_블레이져(수트)_ZB,522,98994780,279000.0,52695.0,188788.0,6,186574.0,160776.0,189645.0,32.0,01_시즌
2024,2024-06-16,여름_수트_블레이져(수트)_ZC,63,11589660,279000.0,56977.0,183963.0,6,188521.0,161147.0,183963.0,34.0,01_시즌
2024,2024-06-16,여름_수트_수트팬츠_ZA,162,18829860,231000.0,41682.0,138460.0,6,134382.0,126622.0,116234.0,50.0,01_시즌
2024,2024-06-16,여름_수트_수트팬츠_ZB,581,58996500,149000.0,26660.0,101172.0,6,99782.0,90772.0,101543.0,32.0,01_시즌
2024,2024-06-16,여름_수트_수트팬츠_ZC,84,8339530,149000.0,28158.0,99280.0,6,101035.0,93396.0,99280.0,33.0,01_시즌
2024,2024-06-16,여름_스웨터_T-에리_ZA,268,16455700,109000.0,14136.0,61528.0,6,59161.0,54575.0,61402.0,44.0,01_시즌
2024,2024-06-16,여름_스웨터_T-에리_ZB,2460,98752366,91500.0,12596.0,45432.0,6,44970.0,46143.0,40143.0,56.0,01_시즌
2024,2024-06-16,여름_스웨터_라운드_ZA,60,2260800,109000.0,13614.0,37680.0,6,39429.0,43521.0,37680.0,65.0,01_시즌
2024,2024-06-16,여름_스웨터_라운드_ZB,737,32682550,94000.0,14528.0,43887.0,6,43436.0,42897.0,44345.0,53.0,01_시즌
2024,2024-06-16,여름_스웨터_오픈형(CARDIGAN)_ZA,124,6910200,129000.0,14208.0,55727.0,6,54450.0,53541.0,55727.0,57.0,01_시즌
2024,2024-06-16,여름_우븐 셔츠_캐쥬얼셔츠_ZA,225,8077500,85667.0,9704.0,36427.0,6,37688.0,40111.0,35900.0,58.0,01_시즌
2024,2024-06-16,여름_우븐 셔츠_캐쥬얼셔츠_ZB,1944,63262176,79000.0,8769.0,31581.0,6,31642.0,32585.0,32542.0,59.0,01_시즌
2024,2024-06-16,여름_자켓_싱글재킷_ZA,772,138375260,311857.0,40036.0,182318.0,6,177405.0,165002.0,179243.0,43.0,01_시즌
2024,2024-06-16,여름_점퍼_점퍼_ZA,19,3011820,249000.0,34968.0,160734.0,6,148064.0,162956.0,158517.0,36.0,01_시즌
2024,2024-06-16,여름_점퍼_점퍼_ZB,33,2894484,249000.0,24849.0,89703.0,6,80824.0,108673.0,87712.0,65.0,01_시즌
2024,2024-06-16,여름_점퍼_점퍼_ZG,37,2468503,249000.0,30900.0,83418.0,6,83168.0,101942.0,66716.0,73.0,01_시즌
2024,2024-06-16,여름_팬츠_반바지_ZA,90,3587000,79000.0,12359.0,39856.0,6,39903.0,33735.0,39856.0,50.0,01_시즌
2024,2024-06-16,여름_팬츠_반바지_ZB,385,12948800,79000.0,7846.0,33767.0,6,31918.0,24963.0,33633.0,57.0,01_시즌
2024,2024-06-16,여름_팬츠_반바지_ZG,229,7642940,79000.0,12805.0,34922.0,6,34644.0,36024.0,33375.0,58.0,01_시즌
2024,2024-06-16,여름_팬츠_팬츠(일반)_ZA,792,59952680,129000.0,13020.0,75370.0,6,74371.0,77326.0,75698.0,41.0,01_시즌
2024,2024-06-16,여름_팬츠_팬츠(일반)_ZB,4482,189175757,99000.0,11932.0,47842.0,6,46464.0,41765.0,42208.0,57.0,01_시즌
2024,2024-06-16,여름_팬츠_팬츠(일반)_ZG,68,3452000,129000.0,19582.0,50765.0,6,49783.0,53606.0,50765.0,61.0,01_시즌
2024,2024-06-23,가을_니트 셔츠_라운드_ZB,464,9686000,79000.0,5118.0,20875.0,6,22666.0,18560.0,20875.0,74.0,01_시즌
2024,2024-06-23,가을_니트 셔츠_티에리_ZB,269,11162500,79000.0,8732.0,41496.0,6,49792.0,25900.0,41496.0,47.0,01_시즌
2024,2024-06-23,가을_스웨터_T-에리_ZA,456,20864000,109000.0,15124.0,45754.0,6,52420.0,47292.0,45754.0,58.0,01_시즌
2024,2024-06-23,사계절_데님_데님자켓_ZB,5,295000,179000.0,19965.0,59000.0,6,69246.0,83945.0,59000.0,67.0,01_시즌
2024,2024-06-23,사계절_데님_데님팬츠_ZB,174,7988701,99000.0,14480.0,46239.0,6,45665.0,49757.0,45912.0,54.0,01_시즌
2024,2024-06-23,사계절_수트_블레이져(수트)_ZB,374,55775400,259000.0,42625.0,148798.0,6,146126.0,131261.0,149132.0,42.0,01_시즌
2024,2024-06-23,사계절_수트_블레이져(수트)_ZC,174,26351400,259000.0,44254.0,149444.0,6,148425.0,148324.0,151445.0,42.0,01_시즌
2024,2024-06-23,사계절_수트_수트팬츠_ZB,410,32369600,139000.0,20924.0,78748.0,6,76526.0,69377.0,78950.0,43.0,01_시즌
2024,2024-06-23,사계절_수트_수트팬츠_ZC,172,13802800,139000.0,21438.0,80464.0,6,77390.0,78577.0,80249.0,42.0,01_시즌
2024,2024-06-23,사계절_우븐 셔츠_드레스셔츠_ZB,2597,88722000,79000.0,7559.0,35843.0,6,35595.0,33114.0,34163.0,57.0,01_시즌
2024,2024-06-23,여름_니트 셔츠_라운드_ZB,3396,92402751,79000.0,7443.0,29408.0,6,29000.0,29498.0,27209.0,66.0,01_시즌
2024,2024-06-23,여름_니트 셔츠_라운드_ZG,497,18806600,99000.0,10085.0,39330.0,6,39128.0,38377.0,37840.0,62.0,01_시즌
2024,2024-06-23,여름_니트 셔츠_티에리_ZA,812,24911397,99000.0,9835.0,35433.0,6,35322.0,33828.0,30679.0,69.0,01_시즌
2024,2024-06-23,여름_니트 셔츠_티에리_ZB,785,29783200,79000.0,8758.0,39458.0,6,37828.0,32296.0,37940.0,52.0,01_시즌
2024,2024-06-23,여름_수트_블레이져(수트)_ZA,150,30766040,399000.0,77369.0,236733.0,6,232042.0,216403.0,205107.0,49.0,01_시즌
2024,2024-06-23,여름_수트_블레이져(수트)_ZB,465,87633900,279000.0,52695.0,186496.0,6,186574.0,160776.0,188460.0,32.0,01_시즌
2024,2024-06-23,여름_수트_블레이져(수트)_ZC,45,8375580,279000.0,56977.0,186124.0,6,188521.0,161147.0,186124.0,33.0,01_시즌
2024,2024-06-23,여름_수트_수트팬츠_ZA,169,19413160,231000.0,41682.0,137129.0,6,134382.0,126622.0,114871.0,50.0,01_시즌
2024,2024-06-23,여름_수트_수트팬츠_ZB,516,52068050,149000.0,26660.0,101411.0,6,99782.0,90772.0,100907.0,32.0,01_시즌
2024,2024-06-23,여름_수트_수트팬츠_ZC,70,6998530,149000.0,28158.0,99979.0,6,101035.0,93396.0,99979.0,33.0,01_시즌
2024,2024-06-23,여름_스웨터_T-에리_ZA,191,11891300,109000.0,14136.0,62260.0,6,59161.0,54575.0,62258.0,43.0,01_시즌
2024,2024-06-23,여름_스웨터_T-에리_ZB,2637,104760517,91500.0,12596.0,45054.0,6,44970.0,46143.0,39727.0,57.0,01_시즌
2024,2024-06-23,여름_스웨터_라운드_ZA,63,2376950,109000.0,13614.0,37729.0,6,39429.0,43521.0,37729.0,65.0,01_시즌
2024,2024-06-23,여름_스웨터_라운드_ZB,686,30377550,94000.0,14528.0,43831.0,6,43436.0,42897.0,44282.0,53.0,01_시즌
2024,2024-06-23,여름_스웨터_오픈형(CARDIGAN)_ZA,88,4727500,129000.0,14208.0,53722.0,6,54450.0,53541.0,53722.0,58.0,01_시즌
2024,2024-06-23,여름_우븐 셔츠_캐쥬얼셔츠_ZA,247,9019800,85667.0,9704.0,38198.0,6,37688.0,40111.0,36517.0,57.0,01_시즌
2024,2024-06-23,여름_우븐 셔츠_캐쥬얼셔츠_ZB,2046,67300817,79000.0,8769.0,31945.0,6,31642.0,32585.0,32894.0,58.0,01_시즌
2024,2024-06-23,여름_자켓_싱글재킷_ZA,671,117651700,311857.0,40036.0,176122.0,6,177405.0,165002.0,175338.0,44.0,01_시즌
2024,2024-06-23,여름_점퍼_점퍼_ZA,10,1762510,249000.0,34968.0,146496.0,6,148064.0,162956.0,176251.0,29.0,01_시즌
2024,2024-06-23,여름_점퍼_점퍼_ZB,7,582625,249000.0,24849.0,66453.0,6,80824.0,108673.0,83232.0,67.0,01_시즌
2024,2024-06-23,여름_점퍼_점퍼_ZG,20,1590100,249000.0,30900.0,83170.0,6,83168.0,101942.0,79505.0,68.0,01_시즌
2024,2024-06-23,여름_팬츠_반바지_ZA,124,4333000,79000.0,12359.0,34944.0,6,39903.0,33735.0,34944.0,56.0,01_시즌
2024,2024-06-23,여름_팬츠_반바지_ZB,423,12897700,79000.0,7846.0,30507.0,6,31918.0,24963.0,30491.0,61.0,01_시즌
2024,2024-06-23,여름_팬츠_반바지_ZG,288,9652340,79000.0,12805.0,33507.0,6,34644.0,36024.0,33515.0,58.0,01_시즌
2024,2024-06-23,여름_팬츠_팬츠(일반)_ZA,629,47425480,129000.0,13020.0,74971.0,6,74371.0,77326.0,75398.0,42.0,01_시즌
2024,2024-06-23,여름_팬츠_팬츠(일반)_ZB,3128,138115910,99000.0,11932.0,46855.0,6,46464.0,41765.0,44155.0,55.0,01_시즌
2024,2024-06-23,여름_팬츠_팬츠(일반)_ZG,97,4961500,129000.0,19582.0,51149.0,6,49783.0,53606.0,51149.0,60.0,01_시즌
2024,2024-06-30,가을_니트 셔츠_라운드_ZB,805,14985000,79000.0,5118.0,18615.0,6,22666.0,18560.0,18615.0,76.0,01_시즌
2024,2024-06-30,가을_니트 셔츠_티에리_ZB,449,17289500,79000.0,8732.0,38507.0,6,49792.0,25900.0,38507.0,51.0,01_시즌
2024,2024-06-30,가을_스웨터_T-에리_ZA,650,38406500,109000.0,15124.0,59087.0,6,52420.0,47292.0,59087.0,46.0,01_시즌
2024,2024-06-30,가을_스웨터_T-에리_ZB,626,37726400,89000.0,19813.0,60266.0,6,60266.0,50174.0,60266.0,32.0,01_시즌
2024,2024-06-30,사계절_데님_데님자켓_ZB,13,820800,179000.0,19965.0,64380.0,6,69246.0,83945.0,63138.0,65.0,01_시즌
2024,2024-06-30,사계절_데님_데님팬츠_ZB,206,9288566,99000.0,14480.0,45456.0,6,45665.0,49757.0,45090.0,54.0,01_시즌
2024,2024-06-30,사계절_수트_블레이져(수트)_ZB,462,67949100,259000.0,42625.0,145022.0,6,146126.0,131261.0,147076.0,43.0,01_시즌
2024,2024-06-30,사계절_수트_블레이져(수트)_ZC,185,27353500,259000.0,44254.0,147924.0,6,148425.0,148324.0,147857.0,43.0,01_시즌
2024,2024-06-30,사계절_수트_수트팬츠_ZB,521,41000500,139000.0,20924.0,78344.0,6,76526.0,69377.0,78696.0,43.0,01_시즌
2024,2024-06-30,사계절_수트_수트팬츠_ZC,193,15070200,139000.0,21438.0,77766.0,6,77390.0,78577.0,78084.0,44.0,01_시즌
2024,2024-06-30,사계절_우븐 셔츠_드레스셔츠_ZB,2877,91189848,79000.0,7559.0,32690.0,6,35595.0,33114.0,31696.0,60.0,01_시즌
2024,2024-06-30,여름_니트 셔츠_라운드_ZB,4225,104771250,79000.0,7443.0,26623.0,6,29000.0,29498.0,24798.0,69.0,01_시즌
2024,2024-06-30,여름_니트 셔츠_라운드_ZG,610,21889580,99000.0,10085.0,37012.0,6,39128.0,38377.0,35885.0,64.0,01_시즌
2024,2024-06-30,여름_니트 셔츠_티에리_ZA,813,23102038,99000.0,9835.0,32852.0,6,35322.0,33828.0,28416.0,71.0,01_시즌
2024,2024-06-30,여름_니트 셔츠_티에리_ZB,952,30781100,79000.0,8758.0,33914.0,6,37828.0,32296.0,32333.0,59.0,01_시즌
2024,2024-06-30,여름_수트_블레이져(수트)_ZA,146,28667336,399000.0,77369.0,222182.0,6,232042.0,216403.0,196352.0,51.0,01_시즌
2024,2024-06-30,여름_수트_블레이져(수트)_ZB,493,89154450,279000.0,52695.0,178485.0,6,186574.0,160776.0,180841.0,35.0,01_시즌
2024,2024-06-30,여름_수트_블레이져(수트)_ZC,28,5345640,279000.0,56977.0,190916.0,6,188521.0,161147.0,190916.0,32.0,01_시즌
2024,2024-06-30,여름_수트_수트팬츠_ZA,188,20844964,231000.0,41682.0,128986.0,6,134382.0,126622.0,110877.0,52.0,01_시즌
2024,2024-06-30,여름_수트_수트팬츠_ZB,551,53172290,149000.0,26660.0,94382.0,6,99782.0,90772.0,96501.0,35.0,01_시즌
2024,2024-06-30,여름_수트_수트팬츠_ZC,54,5416150,149000.0,28158.0,100299.0,6,101035.0,93396.0,100299.0,33.0,01_시즌
2024,2024-06-30,여름_스웨터_T-에리_ZA,239,14116100,109000.0,14136.0,59152.0,6,59161.0,54575.0,59063.0,46.0,01_시즌
2024,2024-06-30,여름_스웨터_T-에리_ZB,2382,90045635,91500.0,12596.0,45324.0,6,44970.0,46143.0,37803.0,59.0,01_시즌
2024,2024-06-30,여름_스웨터_라운드_ZA,68,2696600,109000.0,13614.0,39656.0,6,39429.0,43521.0,39656.0,64.0,01_시즌
2024,2024-06-30,여름_스웨터_라운드_ZB,644,26714550,94000.0,14528.0,41583.0,6,43436.0,42897.0,41482.0,56.0,01_시즌
2024,2024-06-30,여름_스웨터_오픈형(CARDIGAN)_ZA,110,5701600,129000.0,14208.0,51833.0,6,54450.0,53541.0,51833.0,60.0,01_시즌
2024,2024-06-30,여름_우븐 셔츠_캐쥬얼셔츠_ZA,198,7301500,85667.0,9704.0,38969.0,6,37688.0,40111.0,36876.0,57.0,01_시즌
2024,2024-06-30,여름_우븐 셔츠_캐쥬얼셔츠_ZB,1969,62922034,79000.0,8769.0,31261.0,6,31642.0,32585.0,31956.0,60.0,01_시즌
2024,2024-06-30,여름_자켓_싱글재킷_ZA,935,154862476,311857.0,40036.0,170119.0,6,177405.0,165002.0,165628.0,47.0,01_시즌
2024,2024-06-30,여름_점퍼_점퍼_ZA,25,3616203,249000.0,34968.0,147825.0,6,148064.0,162956.0,144648.0,42.0,01_시즌
2024,2024-06-30,여름_점퍼_점퍼_ZB,27,2043120,249000.0,24849.0,75949.0,6,80824.0,108673.0,75671.0,70.0,01_시즌
2024,2024-06-30,여름_점퍼_점퍼_ZG,31,2693503,249000.0,30900.0,87549.0,6,83168.0,101942.0,86887.0,65.0,01_시즌
2024,2024-06-30,여름_팬츠_반바지_ZA,94,3505900,79000.0,12359.0,37297.0,6,39903.0,33735.0,37297.0,53.0,01_시즌
2024,2024-06-30,여름_팬츠_반바지_ZB,525,16156950,79000.0,7846.0,30764.0,6,31918.0,24963.0,30775.0,61.0,01_시즌
2024,2024-06-30,여름_팬츠_반바지_ZG,288,10040880,79000.0,12805.0,34895.0,6,34644.0,36024.0,34864.0,56.0,01_시즌
2024,2024-06-30,여름_팬츠_팬츠(일반)_ZA,932,67014578,129000.0,13020.0,71361.0,6,74371.0,77326.0,71904.0,44.0,01_시즌
2024,2024-06-30,여름_팬츠_팬츠(일반)_ZB,4625,191205276,99000.0,11932.0,42716.0,6,46464.0,41765.0,41342.0,58.0,01_시즌
2024,2024-06-30,여름_팬츠_팬츠(일반)_ZG,91,4644000,129000.0,19582.0,51033.0,6,49783.0,53606.0,51033.0,60.0,01_시즌
2024,2024-07-07,가을_니트 셔츠_라운드_ZB,76,1704000,79000.0,5118.0,22421.0,7,23118.0,18560.0,22421.0,72.0,01_시즌
2024,2024-07-07,가을_니트 셔츠_티에리_ZB,168,6562600,79000.0,8732.0,39063.0,7,38408.0,25900.0,39063.0,51.0,01_시즌
2024,2024-07-07,가을_스웨터_T-에리_ZA,536,30940100,109000.0,15150.0,57724.0,7,57073.0,47292.0,57724.0,47.0,01_시즌
2024,2024-07-07,가을_스웨터_T-에리_ZB,421,27612400,89000.0,18890.0,65588.0,7,62444.0,50174.0,65588.0,26.0,01_시즌
2024,2024-07-07,가을_우븐 셔츠_캐쥬얼셔츠_ZB,1,79000,79000.0,8742.0,79000.0,7,65471.0,41925.0,79000.0,0.0,01_시즌
2024,2024-07-07,가을_팬츠_팬츠(일반)_ZB,0,0,99000.0,10522.0,,7,78730.0,53779.0,78730.0,20.0,01_시즌
2024,2024-07-07,사계절_데님_데님자켓_ZB,14,919800,179000.0,19965.0,68380.0,7,77317.0,83945.0,65700.0,63.0,01_시즌
2024,2024-07-07,사계절_데님_데님팬츠_ZB,163,7516031,99000.0,14480.0,46677.0,7,47218.0,49757.0,46111.0,53.0,01_시즌
2024,2024-07-07,사계절_수트_블레이져(수트)_ZB,413,60234330,259000.0,42625.0,145188.0,7,139099.0,131261.0,145846.0,44.0,01_시즌
2024,2024-07-07,사계절_수트_블레이져(수트)_ZC,155,22699500,259000.0,44254.0,148550.0,7,147109.0,148324.0,146448.0,43.0,01_시즌
2024,2024-07-07,사계절_수트_수트팬츠_ZB,480,37251700,139000.0,20924.0,77460.0,7,72662.0,69377.0,77608.0,44.0,01_시즌
2024,2024-07-07,사계절_수트_수트팬츠_ZC,172,13313680,139000.0,21438.0,78946.0,7,79102.0,78577.0,77405.0,44.0,01_시즌
2024,2024-07-07,사계절_우븐 셔츠_드레스셔츠_ZB,2575,81810373,79000.0,7555.0,31943.0,7,32451.0,33114.0,31771.0,60.0,01_시즌
2024,2024-07-07,여름_니트 셔츠_라운드_ZB,2443,66862753,79000.0,7438.0,28116.0,7,26284.0,29498.0,27369.0,65.0,01_시즌
2024,2024-07-07,여름_니트 셔츠_라운드_ZG,342,12602478,99000.0,10085.0,37918.0,7,36320.0,38377.0,36849.0,63.0,01_시즌
2024,2024-07-07,여름_니트 셔츠_티에리_ZA,724,19754966,99000.0,9835.0,29939.0,7,29942.0,33828.0,27286.0,72.0,01_시즌
2024,2024-07-07,여름_니트 셔츠_티에리_ZB,640,20030300,79000.0,8758.0,31421.0,7,30848.0,32296.0,31297.0,60.0,01_시즌
2024,2024-07-07,여름_수트_블레이져(수트)_ZA,132,25381796,399000.0,77369.0,216899.0,7,212758.0,216403.0,192286.0,52.0,01_시즌
2024,2024-07-07,여름_수트_블레이져(수트)_ZB,538,95172759,279000.0,52695.0,177112.0,7,168625.0,160776.0,176901.0,37.0,01_시즌
2024,2024-07-07,여름_수트_블레이져(수트)_ZC,34,6428160,279000.0,56977.0,189064.0,7,192209.0,161147.0,189064.0,32.0,01_시즌
2024,2024-07-07,여름_수트_수트팬츠_ZA,156,16781282,231000.0,41682.0,125456.0,7,122817.0,126622.0,107572.0,53.0,01_시즌
2024,2024-07-07,여름_수트_수트팬츠_ZB,580,54748649,149000.0,26660.0,94971.0,7,89781.0,90772.0,94394.0,37.0,01_시즌
2024,2024-07-07,여름_수트_수트팬츠_ZC,61,6460640,149000.0,28158.0,105912.0,7,103910.0,93396.0,105912.0,29.0,01_시즌
2024,2024-07-07,여름_스웨터_T-에리_ZA,175,9899802,109000.0,14136.0,56522.0,7,54513.0,54575.0,56570.0,48.0,01_시즌
2024,2024-07-07,여름_스웨터_T-에리_ZB,1937,70332406,91500.0,12596.0,42723.0,7,41996.0,46143.0,36310.0,60.0,01_시즌
2024,2024-07-07,여름_스웨터_라운드_ZA,61,2376300,109000.0,13614.0,38956.0,7,39365.0,43521.0,38956.0,64.0,01_시즌
2024,2024-07-07,여름_스웨터_라운드_ZB,561,23126950,94000.0,14528.0,41498.0,7,39272.0,42897.0,41225.0,56.0,01_시즌
2024,2024-07-07,여름_스웨터_오픈형(CARDIGAN)_ZA,99,5237000,129000.0,14208.0,52899.0,7,49100.0,53541.0,52899.0,59.0,01_시즌
2024,2024-07-07,여름_우븐 셔츠_캐쥬얼셔츠_ZA,200,7844400,85667.0,9677.0,39924.0,7,37860.0,40111.0,39222.0,54.0,01_시즌
2024,2024-07-07,여름_우븐 셔츠_캐쥬얼셔츠_ZB,1399,45416662,79000.0,8769.0,31872.0,7,30337.0,32585.0,32464.0,59.0,01_시즌
2024,2024-07-07,여름_자켓_싱글재킷_ZA,523,87879354,311857.0,40036.0,175755.0,7,171624.0,165002.0,168029.0,46.0,01_시즌
2024,2024-07-07,여름_점퍼_점퍼_ZA,-4,-792500,249000.0,34968.0,150475.0,7,160144.0,162956.0,198125.0,20.0,01_시즌
2024,2024-07-07,여름_점퍼_점퍼_ZB,10,890000,249000.0,24849.0,88444.0,7,94662.0,108673.0,89000.0,64.0,01_시즌
2024,2024-07-07,여름_점퍼_점퍼_ZG,12,1081100,249000.0,30900.0,85628.0,7,84732.0,101942.0,90092.0,64.0,01_시즌
2024,2024-07-07,여름_팬츠_반바지_ZA,113,4315400,79000.0,12359.0,38189.0,7,34242.0,33735.0,38189.0,52.0,01_시즌
2024,2024-07-07,여름_팬츠_반바지_ZB,386,11701100,79000.0,7846.0,30294.0,7,25866.0,24963.0,30314.0,62.0,01_시즌
2024,2024-07-07,여름_팬츠_반바지_ZG,169,6111860,79000.0,12805.0,36197.0,7,36066.0,36024.0,36165.0,54.0,01_시즌
2024,2024-07-07,여름_팬츠_팬츠(일반)_ZA,615,41610716,129000.0,13020.0,67750.0,7,68739.0,77326.0,67660.0,48.0,01_시즌
2024,2024-07-07,여름_팬츠_팬츠(일반)_ZB,3754,153595394,99000.0,11930.0,43932.0,7,39595.0,41765.0,40915.0,59.0,01_시즌
2024,2024-07-07,여름_팬츠_팬츠(일반)_ZG,62,3213000,129000.0,19582.0,51823.0,7,53996.0,53606.0,51823.0,60.0,01_시즌
2024,2024-07-14,가을_니트 셔츠_라운드_ZB,55,1427000,79000.0,5118.0,25945.0,7,23118.0,18560.0,25945.0,67.0,01_시즌
2024,2024-07-14,가을_니트 셔츠_티에리_ZB,191,7449000,79000.0,8732.0,39000.0,7,38408.0,25900.0,39000.0,51.0,01_시즌
2024,2024-07-14,가을_수트_블레이져(수트)_ZB,35,7721484,279000.0,49526.0,221524.0,7,221019.0,167269.0,220614.0,21.0,01_시즌
2024,2024-07-14,가을_수트_블레이져(수트)_ZC,22,4854600,279000.0,52887.0,220664.0,7,221464.0,169658.0,220664.0,21.0,01_시즌
2024,2024-07-14,가을_수트_수트팬츠_ZB,40,4723300,149000.0,24896.0,118502.0,7,118418.0,82586.0,118082.0,21.0,01_시즌
2024,2024-07-14,가을_수트_수트팬츠_ZC,19,2235000,149000.0,25262.0,117632.0,7,117712.0,84974.0,117632.0,21.0,01_시즌
2024,2024-07-14,가을_스웨터_T-에리_ZA,233,13672100,109000.0,15150.0,58679.0,7,57073.0,47292.0,58679.0,46.0,01_시즌
2024,2024-07-14,가을_스웨터_T-에리_ZB,489,29898200,89000.0,18890.0,61142.0,7,62444.0,50174.0,61142.0,31.0,01_시즌
2024,2024-07-14,가을_우븐 셔츠_캐쥬얼셔츠_ZB,24,1580000,79000.0,8742.0,67050.0,7,65471.0,41925.0,65833.0,17.0,01_시즌
2024,2024-07-14,가을_팬츠_팬츠(일반)_ZB,68,5316800,99000.0,10522.0,78188.0,7,78730.0,53779.0,78188.0,21.0,01_시즌
2024,2024-07-14,사계절_데님_데님자켓_ZB,14,1146000,179000.0,19965.0,76778.0,7,77317.0,83945.0,81857.0,54.0,01_시즌
2024,2024-07-14,사계절_데님_데님팬츠_ZB,141,6583981,99000.0,14480.0,47811.0,7,47218.0,49757.0,46695.0,53.0,01_시즌
2024,2024-07-14,사계절_수트_블레이져(수트)_ZB,553,69525836,259000.0,42625.0,120912.0,7,139099.0,131261.0,125725.0,51.0,01_시즌
2024,2024-07-14,사계절_수트_블레이져(수트)_ZC,148,21867200,259000.0,44254.0,143164.0,7,147109.0,148324.0,147751.0,43.0,01_시즌
2024,2024-07-14,사계절_수트_수트팬츠_ZB,639,42148956,139000.0,20924.0,63068.0,7,72662.0,69377.0,65961.0,53.0,01_시즌
2024,2024-07-14,사계절_수트_수트팬츠_ZC,144,11300380,139000.0,21438.0,79566.0,7,79102.0,78577.0,78475.0,44.0,01_시즌
2024,2024-07-14,사계절_우븐 셔츠_드레스셔츠_ZB,2482,79589050,79000.0,7555.0,32712.0,7,32451.0,33114.0,32066.0,59.0,01_시즌
2024,2024-07-14,여름_니트 셔츠_라운드_ZB,2173,58927000,79000.0,7438.0,27213.0,7,26284.0,29498.0,27118.0,66.0,01_시즌
2024,2024-07-14,여름_니트 셔츠_라운드_ZG,308,11839501,99000.0,10085.0,38451.0,7,36320.0,38377.0,38440.0,61.0,01_시즌
2024,2024-07-14,여름_니트 셔츠_티에리_ZA,568,15538068,99000.0,9835.0,31740.0,7,29942.0,33828.0,27356.0,72.0,01_시즌
2024,2024-07-14,여름_니트 셔츠_티에리_ZB,528,16152350,79000.0,8758.0,31978.0,7,30848.0,32296.0,30592.0,61.0,01_시즌
2024,2024-07-14,여름_수트_블레이져(수트)_ZA,90,16799160,399000.0,77369.0,209542.0,7,212758.0,216403.0,186657.0,53.0,01_시즌
2024,2024-07-14,여름_수트_블레이져(수트)_ZB,424,73518102,279000.0,52695.0,172197.0,7,168625.0,160776.0,173392.0,38.0,01_시즌
2024,2024-07-14,여름_수트_블레이져(수트)_ZC,33,6316560,279000.0,56977.0,191411.0,7,192209.0,161147.0,191411.0,31.0,01_시즌
2024,2024-07-14,여름_수트_수트팬츠_ZA,109,11358900,231000.0,41682.0,120690.0,7,122817.0,126622.0,104210.0,55.0,01_시즌
2024,2024-07-14,여름_수트_수트팬츠_ZB,494,45920459,149000.0,26660.0,92347.0,7,89781.0,90772.0,92956.0,38.0,01_시즌
2024,2024-07-14,여름_수트_수트팬츠_ZC,49,5003420,149000.0,28158.0,102111.0,7,103910.0,93396.0,102111.0,31.0,01_시즌
2024,2024-07-14,여름_스웨터_T-에리_ZA,133,7375500,109000.0,14136.0,55575.0,7,54513.0,54575.0,55455.0,49.0,01_시즌
2024,2024-07-14,여름_스웨터_T-에리_ZB,2086,70543260,91500.0,12596.0,42378.0,7,41996.0,46143.0,33817.0,63.0,01_시즌
2024,2024-07-14,여름_스웨터_라운드_ZA,45,1765000,109000.0,13614.0,39222.0,7,39365.0,43521.0,39222.0,64.0,01_시즌
2024,2024-07-14,여름_스웨터_라운드_ZB,486,18883700,94000.0,14528.0,38730.0,7,39272.0,42897.0,38855.0,59.0,01_시즌
2024,2024-07-14,여름_스웨터_오픈형(CARDIGAN)_ZA,64,3046000,129000.0,14208.0,47594.0,7,49100.0,53541.0,47594.0,63.0,01_시즌
2024,2024-07-14,여름_우븐 셔츠_캐쥬얼셔츠_ZA,137,5320700,85667.0,9677.0,42188.0,7,37860.0,40111.0,38837.0,55.0,01_시즌
2024,2024-07-14,여름_우븐 셔츠_캐쥬얼셔츠_ZB,1320,39164449,79000.0,8769.0,29364.0,7,30337.0,32585.0,29670.0,62.0,01_시즌
2024,2024-07-14,여름_자켓_싱글재킷_ZA,434,71271310,311857.0,40036.0,170703.0,7,171624.0,165002.0,164220.0,47.0,01_시즌
2024,2024-07-14,여름_점퍼_점퍼_ZA,-4,-986880,249000.0,34968.0,161090.0,7,160144.0,162956.0,246720.0,1.0,01_시즌
2024,2024-07-14,여름_점퍼_점퍼_ZB,15,1422280,249000.0,24849.0,89378.0,7,94662.0,108673.0,94819.0,62.0,01_시즌
2024,2024-07-14,여름_점퍼_점퍼_ZG,18,1418930,249000.0,30900.0,78830.0,7,84732.0,101942.0,78829.0,68.0,01_시즌
2024,2024-07-14,여름_팬츠_반바지_ZA,110,4008300,79000.0,12359.0,36439.0,7,34242.0,33735.0,36439.0,54.0,01_시즌
2024,2024-07-14,여름_팬츠_반바지_ZB,318,9262000,79000.0,7846.0,29126.0,7,25866.0,24963.0,29126.0,63.0,01_시즌
2024,2024-07-14,여름_팬츠_반바지_ZG,170,6321947,79000.0,12805.0,37214.0,7,36066.0,36024.0,37188.0,53.0,01_시즌
2024,2024-07-14,여름_팬츠_팬츠(일반)_ZA,609,41803020,129000.0,13020.0,68959.0,7,68739.0,77326.0,68642.0,47.0,01_시즌
2024,2024-07-14,여름_팬츠_팬츠(일반)_ZB,3484,131922561,99000.0,11930.0,42573.0,7,39595.0,41765.0,37865.0,62.0,01_시즌
2024,2024-07-14,여름_팬츠_팬츠(일반)_ZG,45,2535000,129000.0,19582.0,56333.0,7,53996.0,53606.0,56333.0,56.0,01_시즌
2024,2024-07-21,가을_니트 셔츠_라운드_ZB,80,2093000,79000.0,5118.0,26162.0,7,23118.0,18560.0,26162.0,67.0,01_시즌
2024,2024-07-21,가을_니트 셔츠_티에리_ZB,228,8812000,79000.0,8732.0,38649.0,7,38408.0,25900.0,38649.0,51.0,01_시즌
2024,2024-07-21,가을_수트_블레이져(수트)_ZB,92,20450700,279000.0,50594.0,222777.0,7,221019.0,167269.0,222290.0,20.0,01_시즌
2024,2024-07-21,가을_수트_블레이져(수트)_ZC,51,11271600,279000.0,52887.0,221012.0,7,221464.0,169658.0,221012.0,21.0,01_시즌
2024,2024-07-21,가을_수트_수트팬츠_ZB,104,12367000,149000.0,25443.0,119069.0,7,118418.0,82586.0,118913.0,20.0,01_시즌
2024,2024-07-21,가을_수트_수트팬츠_ZC,59,6898700,149000.0,25262.0,116927.0,7,117712.0,84974.0,116927.0,22.0,01_시즌
2024,2024-07-21,가을_스웨터_T-에리_ZA,301,16571100,109000.0,15150.0,55053.0,7,57073.0,47292.0,55053.0,49.0,01_시즌
2024,2024-07-21,가을_스웨터_T-에리_ZB,447,27805250,89000.0,18890.0,62204.0,7,62444.0,50174.0,62204.0,30.0,01_시즌
2024,2024-07-21,가을_우븐 셔츠_캐쥬얼셔츠_ZB,28,1714300,79000.0,8742.0,59070.0,7,65471.0,41925.0,61225.0,22.0,01_시즌
2024,2024-07-21,가을_팬츠_팬츠(일반)_ZB,90,7110600,99000.0,10522.0,79007.0,7,78730.0,53779.0,79007.0,20.0,01_시즌
2024,2024-07-21,겨울_수트_블레이져(수트)_ZB,8,2232000,279000.0,52197.0,279000.0,7,279000.0,207169.0,279000.0,0.0,01_시즌
2024,2024-07-21,겨울_수트_수트팬츠_ZB,8,1192000,149000.0,26470.0,149000.0,7,146020.0,110732.0,149000.0,0.0,01_시즌
2024,2024-07-21,사계절_데님_데님자켓_ZB,13,1131850,179000.0,19965.0,89109.0,7,77317.0,83945.0,87065.0,51.0,01_시즌
2024,2024-07-21,사계절_데님_데님팬츠_ZB,172,7919656,99000.0,14480.0,46897.0,7,47218.0,49757.0,46045.0,53.0,01_시즌
2024,2024-07-21,사계절_수트_블레이져(수트)_ZB,348,51376142,259000.0,42625.0,152576.0,7,139099.0,131261.0,147633.0,43.0,01_시즌
2024,2024-07-21,사계절_수트_블레이져(수트)_ZC,136,20151200,259000.0,44254.0,149199.0,7,147109.0,148324.0,148171.0,43.0,01_시즌
2024,2024-07-21,사계절_수트_수트팬츠_ZB,385,30228816,139000.0,20924.0,80160.0,7,72662.0,69377.0,78516.0,44.0,01_시즌
2024,2024-07-21,사계절_수트_수트팬츠_ZC,141,11022100,139000.0,21438.0,79308.0,7,79102.0,78577.0,78171.0,44.0,01_시즌
2024,2024-07-21,사계절_우븐 셔츠_드레스셔츠_ZB,2267,70615499,79000.0,7639.0,32587.0,7,32451.0,33114.0,31149.0,61.0,01_시즌
2024,2024-07-21,여름_니트 셔츠_라운드_ZB,2444,59912916,79000.0,7438.0,26087.0,7,26284.0,29498.0,24514.0,69.0,01_시즌
2024,2024-07-21,여름_니트 셔츠_라운드_ZG,336,12147500,99000.0,10085.0,34874.0,7,36320.0,38377.0,36153.0,63.0,01_시즌
2024,2024-07-21,여름_니트 셔츠_티에리_ZA,527,14543541,99000.0,9835.0,30728.0,7,29942.0,33828.0,27597.0,72.0,01_시즌
2024,2024-07-21,여름_니트 셔츠_티에리_ZB,603,17770450,79000.0,8758.0,31604.0,7,30848.0,32296.0,29470.0,63.0,01_시즌
2024,2024-07-21,여름_수트_블레이져(수트)_ZA,89,16409700,399000.0,77369.0,209142.0,7,212758.0,216403.0,184379.0,54.0,01_시즌
2024,2024-07-21,여름_수트_블레이져(수트)_ZB,351,56093902,279000.0,52695.0,163720.0,7,168625.0,160776.0,159812.0,43.0,01_시즌
2024,2024-07-21,여름_수트_블레이져(수트)_ZC,26,5097330,279000.0,56977.0,196051.0,7,192209.0,161147.0,196051.0,30.0,01_시즌
2024,2024-07-21,여름_수트_수트팬츠_ZA,101,10386670,231000.0,41682.0,120162.0,7,122817.0,126622.0,102838.0,55.0,01_시즌
2024,2024-07-21,여름_수트_수트팬츠_ZB,441,37609018,149000.0,26660.0,86046.0,7,89781.0,90772.0,85281.0,43.0,01_시즌
2024,2024-07-21,여름_수트_수트팬츠_ZC,50,5185200,149000.0,28158.0,103704.0,7,103910.0,93396.0,103704.0,30.0,01_시즌
2024,2024-07-21,여름_스웨터_T-에리_ZA,154,8164300,109000.0,14136.0,52978.0,7,54513.0,54575.0,53015.0,51.0,01_시즌
2024,2024-07-21,여름_스웨터_T-에리_ZB,1641,59476600,91500.0,12596.0,43172.0,7,41996.0,46143.0,36244.0,60.0,01_시즌
2024,2024-07-21,여름_스웨터_라운드_ZA,57,2302650,109000.0,13614.0,40397.0,7,39365.0,43521.0,40397.0,63.0,01_시즌
2024,2024-07-21,여름_스웨터_라운드_ZB,584,22168550,94000.0,14528.0,37916.0,7,39272.0,42897.0,37960.0,60.0,01_시즌
2024,2024-07-21,여름_스웨터_오픈형(CARDIGAN)_ZA,70,3376100,129000.0,14208.0,48230.0,7,49100.0,53541.0,48230.0,63.0,01_시즌
2024,2024-07-21,여름_우븐 셔츠_캐쥬얼셔츠_ZA,145,5075100,85667.0,9677.0,35670.0,7,37860.0,40111.0,35001.0,59.0,01_시즌
2024,2024-07-21,여름_우븐 셔츠_캐쥬얼셔츠_ZB,1497,44320689,79000.0,8769.0,30173.0,7,30337.0,32585.0,29606.0,63.0,01_시즌
2024,2024-07-21,여름_자켓_싱글재킷_ZA,361,57929298,311857.0,40036.0,169823.0,7,171624.0,165002.0,160469.0,49.0,01_시즌
2024,2024-07-21,여름_점퍼_점퍼_ZA,11,1737350,249000.0,34968.0,174300.0,7,160144.0,162956.0,157941.0,37.0,01_시즌
2024,2024-07-21,여름_점퍼_점퍼_ZB,27,2585440,249000.0,24849.0,97164.0,7,94662.0,108673.0,95757.0,62.0,01_시즌
2024,2024-07-21,여름_점퍼_점퍼_ZG,18,1754241,249000.0,30900.0,104024.0,7,84732.0,101942.0,97458.0,61.0,01_시즌
2024,2024-07-21,여름_팬츠_반바지_ZA,116,3918900,79000.0,12359.0,33784.0,7,34242.0,33735.0,33784.0,57.0,01_시즌
2024,2024-07-21,여름_팬츠_반바지_ZB,433,10821300,79000.0,7846.0,24987.0,7,25866.0,24963.0,24991.0,68.0,01_시즌
2024,2024-07-21,여름_팬츠_반바지_ZG,181,6649400,79000.0,12805.0,36814.0,7,36066.0,36024.0,36737.0,53.0,01_시즌
2024,2024-07-21,여름_팬츠_팬츠(일반)_ZA,470,32528624,129000.0,13020.0,72123.0,7,68739.0,77326.0,69210.0,46.0,01_시즌
2024,2024-07-21,여름_팬츠_팬츠(일반)_ZB,3244,109137070,99000.0,11930.0,35445.0,7,39595.0,41765.0,33643.0,66.0,01_시즌
2024,2024-07-21,여름_팬츠_팬츠(일반)_ZG,62,3368000,129000.0,19582.0,54323.0,7,53996.0,53606.0,54323.0,58.0,01_시즌
2024,2024-07-28,가을_니트 셔츠_라운드_ZB,37,663900,79000.0,5118.0,17943.0,7,23118.0,18560.0,17943.0,77.0,01_시즌
2024,2024-07-28,가을_니트 셔츠_티에리_ZB,455,16798200,79000.0,8732.0,36919.0,7,38408.0,25900.0,36919.0,53.0,01_시즌
2024,2024-07-28,가을_수트_블레이져(수트)_ZB,74,16327080,279000.0,50594.0,218923.0,7,221019.0,167269.0,220636.0,21.0,01_시즌
2024,2024-07-28,가을_수트_블레이져(수트)_ZC,46,10244880,279000.0,52887.0,222715.0,7,221464.0,169658.0,222715.0,20.0,01_시즌
2024,2024-07-28,가을_수트_수트팬츠_ZB,96,11356780,149000.0,25443.0,117712.0,7,118418.0,82586.0,118300.0,21.0,01_시즌
2024,2024-07-28,가을_수트_수트팬츠_ZC,43,5098780,149000.0,25262.0,118576.0,7,117712.0,84974.0,118576.0,20.0,01_시즌
2024,2024-07-28,가을_스웨터_T-에리_ZA,536,30464000,109000.0,15150.0,56836.0,7,57073.0,47292.0,56836.0,48.0,01_시즌
2024,2024-07-28,가을_스웨터_T-에리_ZB,450,27379200,89000.0,18890.0,60843.0,7,62444.0,50174.0,60843.0,32.0,01_시즌
2024,2024-07-28,가을_우븐 셔츠_캐쥬얼셔츠_ZB,36,2291000,79000.0,8742.0,63529.0,7,65471.0,41925.0,63639.0,19.0,01_시즌
2024,2024-07-28,가을_팬츠_팬츠(일반)_ZB,79,6240600,99000.0,10522.0,78995.0,7,78730.0,53779.0,78995.0,20.0,01_시즌
2024,2024-07-28,겨울_수트_블레이져(수트)_ZB,3,837000,279000.0,52197.0,279000.0,7,279000.0,207169.0,279000.0,0.0,01_시즌
2024,2024-07-28,겨울_수트_수트팬츠_ZB,5,715200,149000.0,26470.0,143040.0,7,146020.0,110732.0,143040.0,4.0,01_시즌
2024,2024-07-28,사계절_데님_데님자켓_ZB,12,868000,179000.0,19965.0,75000.0,7,77317.0,83945.0,72333.0,60.0,01_시즌
2024,2024-07-28,사계절_데님_데님팬츠_ZB,96,4522379,99000.0,14480.0,47486.0,7,47218.0,49757.0,47108.0,52.0,01_시즌
2024,2024-07-28,사계절_수트_블레이져(수트)_ZB,309,44316969,259000.0,42625.0,137720.0,7,139099.0,131261.0,143421.0,45.0,01_시즌
2024,2024-07-28,사계절_수트_블레이져(수트)_ZC,87,12833750,259000.0,44254.0,147524.0,7,147109.0,148324.0,147514.0,43.0,01_시즌
2024,2024-07-28,사계절_수트_수트팬츠_ZB,343,25394566,139000.0,20924.0,69961.0,7,72662.0,69377.0,74037.0,47.0,01_시즌
2024,2024-07-28,사계절_수트_수트팬츠_ZC,95,7330200,139000.0,21438.0,78588.0,7,79102.0,78577.0,77160.0,44.0,01_시즌
2024,2024-07-28,사계절_우븐 셔츠_드레스셔츠_ZB,2253,70720760,79000.0,7639.0,32520.0,7,32451.0,33114.0,31390.0,60.0,01_시즌
2024,2024-07-28,여름_니트 셔츠_라운드_ZB,3992,83762487,79000.0,7438.0,23719.0,7,26284.0,29498.0,20983.0,73.0,01_시즌
2024,2024-07-28,여름_니트 셔츠_라운드_ZG,470,15735800,99000.0,10085.0,34038.0,7,36320.0,38377.0,33480.0,66.0,01_시즌
2024,2024-07-28,여름_니트 셔츠_티에리_ZA,401,10417915,99000.0,9835.0,27359.0,7,29942.0,33828.0,25980.0,74.0,01_시즌
2024,2024-07-28,여름_니트 셔츠_티에리_ZB,634,17824547,79000.0,8758.0,28388.0,7,30848.0,32296.0,28114.0,64.0,01_시즌
2024,2024-07-28,여름_수트_블레이져(수트)_ZA,99,17972340,399000.0,77369.0,214080.0,7,212758.0,216403.0,181539.0,55.0,01_시즌
2024,2024-07-28,여름_수트_블레이져(수트)_ZB,239,38404629,279000.0,52695.0,161469.0,7,168625.0,160776.0,160689.0,42.0,01_시즌
2024,2024-07-28,여름_수트_블레이져(수트)_ZC,14,2692350,279000.0,56977.0,192311.0,7,192209.0,161147.0,192311.0,31.0,01_시즌
2024,2024-07-28,여름_수트_수트팬츠_ZA,105,10670940,231000.0,41682.0,124006.0,7,122817.0,126622.0,101628.0,56.0,01_시즌
2024,2024-07-28,여름_수트_수트팬츠_ZB,285,24536873,149000.0,26660.0,85758.0,7,89781.0,90772.0,86094.0,42.0,01_시즌
2024,2024-07-28,여름_수트_수트팬츠_ZC,27,2805670,149000.0,28158.0,103914.0,7,103910.0,93396.0,103914.0,30.0,01_시즌
2024,2024-07-28,여름_스웨터_T-에리_ZA,134,6975100,109000.0,14136.0,52976.0,7,54513.0,54575.0,52053.0,52.0,01_시즌
2024,2024-07-28,여름_스웨터_T-에리_ZB,1390,50714587,91500.0,12596.0,39712.0,7,41996.0,46143.0,36485.0,60.0,01_시즌
2024,2024-07-28,여름_스웨터_라운드_ZA,60,2333100,109000.0,13614.0,38885.0,7,39365.0,43521.0,38885.0,64.0,01_시즌
2024,2024-07-28,여름_스웨터_라운드_ZB,459,17946750,94000.0,14528.0,38946.0,7,39272.0,42897.0,39100.0,58.0,01_시즌
2024,2024-07-28,여름_스웨터_오픈형(CARDIGAN)_ZA,40,1907100,129000.0,14208.0,47678.0,7,49100.0,53541.0,47678.0,63.0,01_시즌
2024,2024-07-28,여름_우븐 셔츠_캐쥬얼셔츠_ZA,113,3477000,85667.0,9677.0,33656.0,7,37860.0,40111.0,30770.0,64.0,01_시즌
2024,2024-07-28,여름_우븐 셔츠_캐쥬얼셔츠_ZB,1506,43178744,79000.0,8769.0,29939.0,7,30337.0,32585.0,28671.0,64.0,01_시즌
2024,2024-07-28,여름_자켓_싱글재킷_ZA,317,50689060,311857.0,40036.0,169958.0,7,171624.0,165002.0,159902.0,49.0,01_시즌
2024,2024-07-28,여름_점퍼_점퍼_ZA,31,5103070,249000.0,34968.0,161790.0,7,160144.0,162956.0,164615.0,34.0,01_시즌
2024,2024-07-28,여름_점퍼_점퍼_ZB,16,1580934,249000.0,24849.0,101900.0,7,94662.0,108673.0,98808.0,60.0,01_시즌
2024,2024-07-28,여름_점퍼_점퍼_ZG,9,679683,249000.0,30900.0,70448.0,7,84732.0,101942.0,75520.0,70.0,01_시즌
2024,2024-07-28,여름_팬츠_반바지_ZA,154,4397300,79000.0,12359.0,28554.0,7,34242.0,33735.0,28554.0,64.0,01_시즌
2024,2024-07-28,여름_팬츠_반바지_ZB,624,11886550,79000.0,7846.0,19056.0,7,25866.0,24963.0,19049.0,76.0,01_시즌
2024,2024-07-28,여름_팬츠_반바지_ZG,294,9918500,79000.0,12805.0,34039.0,7,36066.0,36024.0,33736.0,57.0,01_시즌
2024,2024-07-28,여름_팬츠_팬츠(일반)_ZA,404,26836234,129000.0,13020.0,66123.0,7,68739.0,77326.0,66426.0,49.0,01_시즌
2024,2024-07-28,여름_팬츠_팬츠(일반)_ZB,2814,93076585,99000.0,11930.0,36429.0,7,39595.0,41765.0,33076.0,67.0,01_시즌
2024,2024-07-28,여름_팬츠_팬츠(일반)_ZG,71,3799000,129000.0,19582.0,53507.0,7,53996.0,53606.0,53507.0,59.0,01_시즌
2024,2024-08-04,가을_니트 셔츠_라운드_ZB,639,14230900,79000.0,5118.0,22271.0,8,21517.0,18560.0,22271.0,72.0,01_시즌
2024,2024-08-04,가을_니트 셔츠_티에리_ZB,198,6322000,79000.0,8732.0,31929.0,8,28872.0,25900.0,31929.0,60.0,01_시즌
2024,2024-08-04,가을_수트_블레이져(수트)_ZB,126,28262700,279000.0,50594.0,223864.0,8,221931.0,167269.0,224307.0,20.0,01_시즌
2024,2024-08-04,가을_수트_블레이져(수트)_ZC,84,18531180,279000.0,52887.0,220609.0,8,220471.0,169658.0,220609.0,21.0,01_시즌
2024,2024-08-04,가을_수트_수트팬츠_ZB,140,16588170,149000.0,25443.0,118773.0,8,118257.0,82586.0,118487.0,20.0,01_시즌
2024,2024-08-04,가을_수트_수트팬츠_ZC,85,9971080,149000.0,25262.0,117307.0,8,117741.0,84974.0,117307.0,21.0,01_시즌
2024,2024-08-04,가을_스웨터_T-에리_ZA,649,36433300,109000.0,15150.0,56138.0,8,53886.0,47292.0,56138.0,48.0,01_시즌
2024,2024-08-04,가을_스웨터_T-에리_ZB,470,28938800,89000.0,18890.0,61572.0,8,59866.0,50174.0,61572.0,31.0,01_시즌
2024,2024-08-04,가을_우븐 셔츠_캐쥬얼셔츠_ZB,88,5561600,79000.0,8819.0,63200.0,8,57628.0,41925.0,63200.0,20.0,01_시즌
2024,2024-08-04,가을_팬츠_팬츠(일반)_ZB,105,8305800,99000.0,10944.0,79103.0,8,76840.0,53779.0,79103.0,20.0,01_시즌
2024,2024-08-04,겨울_수트_블레이져(수트)_ZB,8,2232000,279000.0,53146.0,279000.0,8,230840.0,207169.0,279000.0,0.0,01_시즌
2024,2024-08-04,겨울_수트_수트팬츠_ZB,10,1490000,149000.0,26836.0,149000.0,8,124904.0,110732.0,149000.0,0.0,01_시즌
2024,2024-08-04,사계절_데님_데님자켓_ZB,11,918923,179000.0,19965.0,81822.0,8,75240.0,83945.0,83538.0,53.0,01_시즌
2024,2024-08-04,사계절_데님_데님팬츠_ZB,134,5844988,99000.0,14480.0,45037.0,8,49055.0,49757.0,43619.0,56.0,01_시즌
2024,2024-08-04,사계절_수트_블레이져(수트)_ZB,435,64026077,259000.0,42625.0,144998.0,8,131236.0,131261.0,147186.0,43.0,01_시즌
2024,2024-08-04,사계절_수트_블레이져(수트)_ZC,164,24396800,259000.0,44254.0,148416.0,8,146583.0,148324.0,148761.0,43.0,01_시즌
2024,2024-08-04,사계절_수트_수트팬츠_ZB,457,35686892,139000.0,20924.0,76426.0,8,68965.0,69377.0,78089.0,44.0,01_시즌
2024,2024-08-04,사계절_수트_수트팬츠_ZC,174,13491700,139000.0,21438.0,76782.0,8,76796.0,78577.0,77539.0,44.0,01_시즌
2024,2024-08-04,사계절_우븐 셔츠_드레스셔츠_ZB,2678,78406800,79000.0,7639.0,30576.0,8,30681.0,33114.0,29278.0,63.0,01_시즌
2024,2024-08-04,여름_니트 셔츠_라운드_ZB,4310,91095067,79000.0,7438.0,22871.0,8,22863.0,29498.0,21136.0,73.0,01_시즌
2024,2024-08-04,여름_니트 셔츠_라운드_ZG,940,30376400,99000.0,10085.0,33678.0,8,33938.0,38377.0,32315.0,67.0,01_시즌
2024,2024-08-04,여름_니트 셔츠_티에리_ZA,565,15287638,99000.0,9835.0,27978.0,8,27681.0,33828.0,27058.0,73.0,01_시즌
2024,2024-08-04,여름_니트 셔츠_티에리_ZB,741,21374700,79000.0,8758.0,29187.0,8,28987.0,32296.0,28846.0,63.0,01_시즌
2024,2024-08-04,여름_수트_블레이져(수트)_ZA,91,16664040,399000.0,77369.0,208930.0,8,198483.0,216403.0,183121.0,54.0,01_시즌
2024,2024-08-04,여름_수트_블레이져(수트)_ZB,304,49161105,279000.0,52695.0,161376.0,8,151180.0,160776.0,161714.0,42.0,01_시즌
2024,2024-08-04,여름_수트_블레이져(수트)_ZC,10,2081340,279000.0,56977.0,208134.0,8,198065.0,161147.0,208134.0,25.0,01_시즌
2024,2024-08-04,여름_수트_수트팬츠_ZA,113,11467760,231000.0,41682.0,120066.0,8,113970.0,126622.0,101485.0,56.0,01_시즌
2024,2024-08-04,여름_수트_수트팬츠_ZB,359,30788556,149000.0,26660.0,85732.0,8,83614.0,90772.0,85762.0,42.0,01_시즌
2024,2024-08-04,여름_수트_수트팬츠_ZC,24,2190102,149000.0,28158.0,91254.0,8,98614.0,93396.0,91254.0,39.0,01_시즌
2024,2024-08-04,여름_스웨터_T-에리_ZA,110,5559710,109000.0,14136.0,52310.0,8,49710.0,54575.0,50543.0,54.0,01_시즌
2024,2024-08-04,여름_스웨터_T-에리_ZB,1610,60216482,91500.0,12596.0,41298.0,8,41636.0,46143.0,37402.0,59.0,01_시즌
2024,2024-08-04,여름_스웨터_라운드_ZA,49,1851000,109000.0,13614.0,37776.0,8,39527.0,43521.0,37776.0,65.0,01_시즌
2024,2024-08-04,여름_스웨터_라운드_ZB,506,19659370,94000.0,14528.0,38834.0,8,39253.0,42897.0,38853.0,59.0,01_시즌
2024,2024-08-04,여름_스웨터_오픈형(CARDIGAN)_ZA,60,2829710,129000.0,14208.0,47162.0,8,47311.0,53541.0,47162.0,63.0,01_시즌
2024,2024-08-04,여름_우븐 셔츠_캐쥬얼셔츠_ZA,93,2897000,85667.0,9677.0,35778.0,8,34505.0,40111.0,31151.0,64.0,01_시즌
2024,2024-08-04,여름_우븐 셔츠_캐쥬얼셔츠_ZB,1468,42764280,79000.0,8769.0,33130.0,8,30157.0,32585.0,29131.0,63.0,01_시즌
2024,2024-08-04,여름_자켓_싱글재킷_ZA,338,54020754,311857.0,40036.0,166511.0,8,161502.0,165002.0,159825.0,49.0,01_시즌
2024,2024-08-04,여름_점퍼_점퍼_ZA,-17,-2533740,249000.0,34968.0,147465.0,8,147370.0,162956.0,149044.0,40.0,01_시즌
2024,2024-08-04,여름_점퍼_점퍼_ZB,46,3149495,249000.0,24849.0,75350.0,8,83816.0,108673.0,68467.0,73.0,01_시즌
2024,2024-08-04,여름_점퍼_점퍼_ZG,12,1069909,249000.0,30900.0,85984.0,8,85408.0,101942.0,89159.0,64.0,01_시즌
2024,2024-08-04,여름_팬츠_반바지_ZA,183,5300100,79000.0,12359.0,28962.0,8,28250.0,33735.0,28962.0,63.0,01_시즌
2024,2024-08-04,여름_팬츠_반바지_ZB,828,16983520,79000.0,7846.0,20486.0,8,19696.0,24963.0,20511.0,74.0,01_시즌
2024,2024-08-04,여름_팬츠_반바지_ZG,460,15790000,79000.0,12805.0,34180.0,8,30950.0,36024.0,34326.0,57.0,01_시즌
2024,2024-08-04,여름_팬츠_팬츠(일반)_ZA,420,28370834,129000.0,13020.0,67536.0,8,67185.0,77326.0,67550.0,48.0,01_시즌
2024,2024-08-04,여름_팬츠_팬츠(일반)_ZB,3269,113327166,99000.0,11930.0,37638.0,8,36834.0,41765.0,34667.0,65.0,01_시즌
2024,2024-08-04,여름_팬츠_팬츠(일반)_ZG,52,2878000,129000.0,19582.0,55346.0,8,53623.0,53606.0,55346.0,57.0,01_시즌
2024,2024-08-11,가을_니트 셔츠_라운드_ZB,164,3402000,79000.0,5118.0,20744.0,8,21517.0,18560.0,20744.0,74.0,01_시즌
2024,2024-08-11,가을_니트 셔츠_티에리_ZB,341,8580590,79000.0,8732.0,25163.0,8,28872.0,25900.0,25163.0,68.0,01_시즌
2024,2024-08-11,가을_수트_블레이져(수트)_ZB,126,27954900,279000.0,50594.0,221619.0,8,221931.0,167269.0,221864.0,20.0,01_시즌
2024,2024-08-11,가을_수트_블레이져(수트)_ZC,46,10016100,279000.0,52887.0,217741.0,8,220471.0,169658.0,217741.0,22.0,01_시즌
2024,2024-08-11,가을_수트_수트팬츠_ZB,144,17058800,149000.0,25443.0,118307.0,8,118257.0,82586.0,118464.0,20.0,01_시즌
2024,2024-08-11,가을_수트_수트팬츠_ZC,52,6064300,149000.0,25262.0,116621.0,8,117741.0,84974.0,116621.0,22.0,01_시즌
2024,2024-08-11,가을_스웨터_T-에리_ZA,438,23992000,109000.0,15150.0,54776.0,8,53886.0,47292.0,54776.0,50.0,01_시즌
2024,2024-08-11,가을_스웨터_T-에리_ZB,369,22873000,89000.0,18890.0,61986.0,8,59866.0,50174.0,61986.0,30.0,01_시즌
2024,2024-08-11,가을_우븐 셔츠_캐쥬얼셔츠_ZB,95,5918200,79000.0,8819.0,62075.0,8,57628.0,41925.0,62297.0,21.0,01_시즌
2024,2024-08-11,가을_팬츠_팬츠(일반)_ZB,138,10785050,99000.0,10944.0,78153.0,8,76840.0,53779.0,78153.0,21.0,01_시즌
2024,2024-08-11,겨울_니트 셔츠_라운드_ZB,0,0,59000.0,5793.0,,8,46952.0,43447.0,46952.0,20.0,01_시즌
2024,2024-08-11,겨울_수트_블레이져(수트)_ZB,8,1953000,279000.0,48385.0,232500.0,8,230840.0,207169.0,244125.0,12.0,01_시즌
2024,2024-08-11,겨울_수트_블레이져(수트)_ZC,0,0,279000.0,47840.0,,8,223200.0,223349.0,223200.0,20.0,01_시즌
2024,2024-08-11,겨울_수트_수트팬츠_ZB,9,1192000,149000.0,25510.0,132444.0,8,124904.0,110732.0,132444.0,11.0,01_시즌
2024,2024-08-11,겨울_수트_수트팬츠_ZC,0,0,149000.0,25404.0,,8,119200.0,119713.0,119200.0,20.0,01_시즌
2024,2024-08-11,겨울_우븐 셔츠_캐쥬얼셔츠_ZB,46,3634000,85667.0,9795.0,79000.0,8,85197.0,59796.0,79000.0,8.0,01_시즌
2024,2024-08-11,겨울_자켓_싱글재킷_ZA,0,0,299000.0,39037.0,,8,235462.0,214755.0,235462.0,21.0,01_시즌
2024,2024-08-11,겨울_팬츠_팬츠(일반)_ZB,0,0,99000.0,10878.0,,8,81342.0,59970.0,81342.0,18.0,01_시즌
2024,2024-08-11,사계절_데님_데님자켓_ZB,18,1362000,179000.0,19965.0,75666.0,8,75240.0,83945.0,75667.0,58.0,01_시즌
2024,2024-08-11,사계절_데님_데님팬츠_ZB,134,5741666,99000.0,14480.0,47884.0,8,49055.0,49757.0,42848.0,57.0,01_시즌
2024,2024-08-11,사계절_수트_블레이져(수트)_ZB,381,53330656,259000.0,42625.0,123842.0,8,131236.0,131261.0,139975.0,46.0,01_시즌
2024,2024-08-11,사계절_수트_블레이져(수트)_ZC,129,18880000,259000.0,44254.0,145714.0,8,146583.0,148324.0,146357.0,43.0,01_시즌
2024,2024-08-11,사계절_수트_수트팬츠_ZB,421,30751334,139000.0,20924.0,64446.0,8,68965.0,69377.0,73044.0,47.0,01_시즌
2024,2024-08-11,사계절_수트_수트팬츠_ZC,137,10609200,139000.0,21438.0,76808.0,8,76796.0,78577.0,77439.0,44.0,01_시즌
2024,2024-08-11,사계절_우븐 셔츠_드레스셔츠_ZB,2175,66448703,79000.0,7639.0,32072.0,8,30681.0,33114.0,30551.0,61.0,01_시즌
2024,2024-08-11,여름_니트 셔츠_라운드_ZB,3926,82609397,79000.0,7438.0,22696.0,8,22863.0,29498.0,21042.0,73.0,01_시즌
2024,2024-08-11,여름_니트 셔츠_라운드_ZG,418,13510100,99000.0,10085.0,34107.0,8,33938.0,38377.0,32321.0,67.0,01_시즌
2024,2024-08-11,여름_니트 셔츠_티에리_ZA,503,13140738,99000.0,9835.0,27266.0,8,27681.0,33828.0,26125.0,74.0,01_시즌
2024,2024-08-11,여름_니트 셔츠_티에리_ZB,436,12153400,79000.0,8758.0,28368.0,8,28987.0,32296.0,27875.0,65.0,01_시즌
2024,2024-08-11,여름_수트_블레이져(수트)_ZA,83,14403074,399000.0,77369.0,200441.0,8,198483.0,216403.0,173531.0,57.0,01_시즌
2024,2024-08-11,여름_수트_블레이져(수트)_ZB,302,43388933,279000.0,52695.0,145713.0,8,151180.0,160776.0,143672.0,49.0,01_시즌
2024,2024-08-11,여름_수트_블레이져(수트)_ZC,13,2538900,279000.0,56977.0,195300.0,8,198065.0,161147.0,195300.0,30.0,01_시즌
2024,2024-08-11,여름_수트_수트팬츠_ZA,99,10104674,231000.0,41682.0,111683.0,8,113970.0,126622.0,102067.0,56.0,01_시즌
2024,2024-08-11,여름_수트_수트팬츠_ZB,335,27772906,149000.0,26660.0,81996.0,8,83614.0,90772.0,82904.0,44.0,01_시즌
2024,2024-08-11,여름_수트_수트팬츠_ZC,26,2594951,149000.0,28158.0,99806.0,8,98614.0,93396.0,99806.0,33.0,01_시즌
2024,2024-08-11,여름_스웨터_T-에리_ZA,87,4473000,109000.0,14136.0,52281.0,8,49710.0,54575.0,51414.0,53.0,01_시즌
2024,2024-08-11,여름_스웨터_T-에리_ZB,1312,43050903,91500.0,12596.0,41170.0,8,41636.0,46143.0,32813.0,64.0,01_시즌
2024,2024-08-11,여름_스웨터_라운드_ZA,27,1143000,109000.0,13614.0,42333.0,8,39527.0,43521.0,42333.0,61.0,01_시즌
2024,2024-08-11,여름_스웨터_라운드_ZB,364,14142000,94000.0,14528.0,39151.0,8,39253.0,42897.0,38852.0,59.0,01_시즌
2024,2024-08-11,여름_스웨터_오픈형(CARDIGAN)_ZA,40,1955100,129000.0,14208.0,48878.0,8,47311.0,53541.0,48878.0,62.0,01_시즌
2024,2024-08-11,여름_우븐 셔츠_캐쥬얼셔츠_ZA,105,3365000,85667.0,9677.0,35219.0,8,34505.0,40111.0,32048.0,63.0,01_시즌
2024,2024-08-11,여름_우븐 셔츠_캐쥬얼셔츠_ZB,1276,37176360,79000.0,8769.0,29400.0,8,30157.0,32585.0,29135.0,63.0,01_시즌
2024,2024-08-11,여름_자켓_싱글재킷_ZA,230,36461020,311857.0,40036.0,159155.0,8,161502.0,165002.0,158526.0,49.0,01_시즌
2024,2024-08-11,여름_점퍼_점퍼_ZA,18,2896900,249000.0,34968.0,157122.0,8,147370.0,162956.0,160939.0,35.0,01_시즌
2024,2024-08-11,여름_점퍼_점퍼_ZB,53,5347000,249000.0,24849.0,97579.0,8,83816.0,108673.0,100887.0,59.0,01_시즌
2024,2024-08-11,여름_점퍼_점퍼_ZG,48,4562000,249000.0,30900.0,95148.0,8,85408.0,101942.0,95042.0,62.0,01_시즌
2024,2024-08-11,여름_팬츠_반바지_ZA,111,3235100,79000.0,12359.0,29145.0,8,28250.0,33735.0,29145.0,63.0,01_시즌
2024,2024-08-11,여름_팬츠_반바지_ZB,564,11418450,79000.0,7846.0,20184.0,8,19696.0,24963.0,20245.0,74.0,01_시즌
2024,2024-08-11,여름_팬츠_반바지_ZG,442,14868000,79000.0,12805.0,33598.0,8,30950.0,36024.0,33638.0,57.0,01_시즌
2024,2024-08-11,여름_팬츠_팬츠(일반)_ZA,355,23938214,129000.0,13020.0,67730.0,8,67185.0,77326.0,67432.0,48.0,01_시즌
2024,2024-08-11,여름_팬츠_팬츠(일반)_ZB,2276,74660072,99000.0,11930.0,36255.0,8,36834.0,41765.0,32803.0,67.0,01_시즌
2024,2024-08-11,여름_팬츠_팬츠(일반)_ZG,34,1610500,129000.0,19582.0,47368.0,8,53623.0,53606.0,47368.0,63.0,01_시즌
2024,2024-08-18,가을_니트 셔츠_라운드_ZB,86,1886000,79000.0,5118.0,21930.0,8,21517.0,18560.0,21930.0,72.0,01_시즌
2024,2024-08-18,가을_니트 셔츠_티에리_ZB,166,4800136,79000.0,8732.0,28916.0,8,28872.0,25900.0,28916.0,63.0,01_시즌
2024,2024-08-18,가을_수트_블레이져(수트)_ZB,177,39288780,279000.0,50594.0,222214.0,8,221931.0,167269.0,221971.0,20.0,01_시즌
2024,2024-08-18,가을_수트_블레이져(수트)_ZC,77,17080380,279000.0,52887.0,221823.0,8,220471.0,169658.0,221823.0,20.0,01_시즌
2024,2024-08-18,가을_수트_수트팬츠_ZB,198,23485380,149000.0,25443.0,118610.0,8,118257.0,82586.0,118613.0,20.0,01_시즌
2024,2024-08-18,가을_수트_수트팬츠_ZC,74,8734380,149000.0,25262.0,118032.0,8,117741.0,84974.0,118032.0,21.0,01_시즌
2024,2024-08-18,가을_스웨터_T-에리_ZA,515,28256000,109000.0,15150.0,54866.0,8,53886.0,47292.0,54866.0,50.0,01_시즌
2024,2024-08-18,가을_스웨터_T-에리_ZB,338,20063500,89000.0,18890.0,59359.0,8,59866.0,50174.0,59359.0,33.0,01_시즌
2024,2024-08-18,가을_우븐 셔츠_캐쥬얼셔츠_ZB,24,1272800,79000.0,8819.0,46478.0,8,57628.0,41925.0,53033.0,33.0,01_시즌
2024,2024-08-18,가을_점퍼_점퍼_ZA,0,0,199000.0,28588.0,,8,159200.0,92726.0,159200.0,20.0,01_시즌
2024,2024-08-18,가을_팬츠_팬츠(일반)_ZB,122,9196800,99000.0,10944.0,75384.0,8,76840.0,53779.0,75384.0,24.0,01_시즌
2024,2024-08-18,겨울_니트 셔츠_라운드_ZB,28,1321600,59000.0,5793.0,47200.0,8,46952.0,43447.0,47200.0,20.0,01_시즌
2024,2024-08-18,겨울_수트_블레이져(수트)_ZB,120,26505000,279000.0,48385.0,221374.0,8,230840.0,207169.0,220875.0,21.0,01_시즌
2024,2024-08-18,겨울_수트_블레이져(수트)_ZC,28,6249600,279000.0,47840.0,223200.0,8,223200.0,223349.0,223200.0,20.0,01_시즌
2024,2024-08-18,겨울_수트_수트팬츠_ZB,146,17254200,149000.0,25510.0,118408.0,8,124904.0,110732.0,118179.0,21.0,01_시즌
2024,2024-08-18,겨울_수트_수트팬츠_ZC,29,3456800,149000.0,25404.0,119200.0,8,119200.0,119713.0,119200.0,20.0,01_시즌
2024,2024-08-18,겨울_우븐 셔츠_캐쥬얼셔츠_ZB,59,3450980,85667.0,9795.0,105242.0,8,85197.0,59796.0,58491.0,32.0,01_시즌
2024,2024-08-18,겨울_자켓_싱글재킷_ZA,36,8611200,299000.0,39037.0,239200.0,8,235462.0,214755.0,239200.0,20.0,01_시즌
2024,2024-08-18,겨울_점퍼_점퍼_ZB,0,0,249000.0,42466.0,,8,249000.0,154908.0,249000.0,0.0,01_시즌
2024,2024-08-18,겨울_조끼_패딩베스트_ZB,0,0,109000.0,15100.0,,8,,85242.0,85242.0,22.0,01_시즌
2024,2024-08-18,겨울_팬츠_팬츠(일반)_ZB,88,7306200,99000.0,12705.0,89100.0,8,81342.0,59970.0,83025.0,16.0,01_시즌
2024,2024-08-18,사계절_데님_데님자켓_ZB,38,3422000,179000.0,19965.0,76353.0,8,75240.0,83945.0,90053.0,50.0,01_시즌
2024,2024-08-18,사계절_데님_데님팬츠_ZB,120,5362854,99000.0,14480.0,46405.0,8,49055.0,49757.0,44690.0,55.0,01_시즌
2024,2024-08-18,사계절_수트_블레이져(수트)_ZB,440,61062224,259000.0,42625.0,125857.0,8,131236.0,131261.0,138778.0,46.0,01_시즌
2024,2024-08-18,사계절_수트_블레이져(수트)_ZC,141,20128500,259000.0,44254.0,145220.0,8,146583.0,148324.0,142755.0,45.0,01_시즌
2024,2024-08-18,사계절_수트_수트팬츠_ZB,486,35149860,139000.0,20924.0,65832.0,8,68965.0,69377.0,72325.0,48.0,01_시즌
2024,2024-08-18,사계절_수트_수트팬츠_ZC,151,11511200,139000.0,21438.0,77034.0,8,76796.0,78577.0,76233.0,45.0,01_시즌
2024,2024-08-18,사계절_우븐 셔츠_드레스셔츠_ZB,2983,89516349,79000.0,7639.0,30799.0,8,30681.0,33114.0,30009.0,62.0,01_시즌
2024,2024-08-18,여름_니트 셔츠_라운드_ZB,2129,48864312,79000.0,7438.0,23383.0,8,22863.0,29498.0,22952.0,71.0,01_시즌
2024,2024-08-18,여름_니트 셔츠_라운드_ZG,326,11554000,99000.0,10085.0,35062.0,8,33938.0,38377.0,35442.0,64.0,01_시즌
2024,2024-08-18,여름_니트 셔츠_티에리_ZA,342,8940930,99000.0,9835.0,27606.0,8,27681.0,33828.0,26143.0,74.0,01_시즌
2024,2024-08-18,여름_니트 셔츠_티에리_ZB,544,15814400,79000.0,8758.0,29123.0,8,28987.0,32296.0,29071.0,63.0,01_시즌
2024,2024-08-18,여름_수트_블레이져(수트)_ZA,85,15214240,399000.0,77369.0,203430.0,8,198483.0,216403.0,178991.0,55.0,01_시즌
2024,2024-08-18,여름_수트_블레이져(수트)_ZB,319,47679339,279000.0,52695.0,151761.0,8,151180.0,160776.0,149465.0,46.0,01_시즌
2024,2024-08-18,여름_수트_블레이져(수트)_ZC,13,2538900,279000.0,56977.0,195300.0,8,198065.0,161147.0,195300.0,30.0,01_시즌
2024,2024-08-18,여름_수트_수트팬츠_ZA,96,9904900,231000.0,41682.0,118383.0,8,113970.0,126622.0,103176.0,55.0,01_시즌
2024,2024-08-18,여름_수트_수트팬츠_ZB,358,29865279,149000.0,26660.0,83650.0,8,83614.0,90772.0,83423.0,44.0,01_시즌
2024,2024-08-18,여름_수트_수트팬츠_ZC,25,2547270,149000.0,28158.0,101891.0,8,98614.0,93396.0,101891.0,32.0,01_시즌
2024,2024-08-18,여름_스웨터_T-에리_ZA,94,4726000,109000.0,14136.0,51096.0,8,49710.0,54575.0,50277.0,54.0,01_시즌
2024,2024-08-18,여름_스웨터_T-에리_ZB,1058,37094979,91500.0,12596.0,42002.0,8,41636.0,46143.0,35061.0,62.0,01_시즌
2024,2024-08-18,여름_스웨터_라운드_ZA,32,1248000,109000.0,13614.0,39000.0,8,39527.0,43521.0,39000.0,64.0,01_시즌
2024,2024-08-18,여름_스웨터_라운드_ZB,512,19958300,94000.0,14528.0,38973.0,8,39253.0,42897.0,38981.0,59.0,01_시즌
2024,2024-08-18,여름_스웨터_오픈형(CARDIGAN)_ZA,41,1949000,129000.0,14208.0,47537.0,8,47311.0,53541.0,47537.0,63.0,01_시즌
2024,2024-08-18,여름_우븐 셔츠_캐쥬얼셔츠_ZA,111,3626650,85667.0,9677.0,35522.0,8,34505.0,40111.0,32673.0,62.0,01_시즌
2024,2024-08-18,여름_우븐 셔츠_캐쥬얼셔츠_ZB,1298,37411645,79000.0,8769.0,29140.0,8,30157.0,32585.0,28823.0,64.0,01_시즌
2024,2024-08-18,여름_자켓_싱글재킷_ZA,316,49314328,311857.0,40036.0,161337.0,8,161502.0,165002.0,156058.0,50.0,01_시즌
2024,2024-08-18,여름_점퍼_점퍼_ZA,6,562766,249000.0,34968.0,93794.0,8,147370.0,162956.0,93794.0,62.0,01_시즌
2024,2024-08-18,여름_점퍼_점퍼_ZB,38,2952000,249000.0,24849.0,77718.0,8,83816.0,108673.0,77684.0,69.0,01_시즌
2024,2024-08-18,여름_점퍼_점퍼_ZG,8,672000,249000.0,30900.0,79000.0,8,85408.0,101942.0,84000.0,66.0,01_시즌
2024,2024-08-18,여름_팬츠_반바지_ZA,95,2769450,79000.0,12359.0,29152.0,8,28250.0,33735.0,29152.0,63.0,01_시즌
2024,2024-08-18,여름_팬츠_반바지_ZB,454,8643100,79000.0,7846.0,19036.0,8,19696.0,24963.0,19038.0,76.0,01_시즌
2024,2024-08-18,여름_팬츠_반바지_ZG,203,6803100,79000.0,12805.0,33511.0,8,30950.0,36024.0,33513.0,58.0,01_시즌
2024,2024-08-18,여름_팬츠_팬츠(일반)_ZA,390,26002540,129000.0,13020.0,66723.0,8,67185.0,77326.0,66673.0,48.0,01_시즌
2024,2024-08-18,여름_팬츠_팬츠(일반)_ZB,1763,59073275,99000.0,11930.0,36468.0,8,36834.0,41765.0,33507.0,66.0,01_시즌
2024,2024-08-18,여름_팬츠_팬츠(일반)_ZG,63,3506400,129000.0,19582.0,55657.0,8,53623.0,53606.0,55657.0,57.0,01_시즌
2024,2024-08-25,가을_니트 셔츠_라운드_ZB,366,7434000,79000.0,5504.0,21320.0,8,21517.0,18560.0,20311.0,74.0,01_시즌
2024,2024-08-25,가을_니트 셔츠_티에리_ZB,106,3124616,79000.0,8732.0,29478.0,8,28872.0,25900.0,29478.0,63.0,01_시즌
2024,2024-08-25,가을_수트_블레이져(수트)_ZB,258,56821140,279000.0,50594.0,220026.0,8,221931.0,167269.0,220237.0,21.0,01_시즌
2024,2024-08-25,가을_수트_블레이져(수트)_ZC,75,16628400,279000.0,52887.0,221712.0,8,220471.0,169658.0,221712.0,21.0,01_시즌
2024,2024-08-25,가을_수트_수트팬츠_ZB,291,34258140,149000.0,25443.0,117337.0,8,118257.0,82586.0,117726.0,21.0,01_시즌
2024,2024-08-25,가을_수트_수트팬츠_ZC,76,9044300,149000.0,25262.0,119004.0,8,117741.0,84974.0,119004.0,20.0,01_시즌
2024,2024-08-25,가을_스웨터_T-에리_ZA,329,16372200,109000.0,15150.0,49764.0,8,53886.0,47292.0,49764.0,54.0,01_시즌
2024,2024-08-25,가을_스웨터_T-에리_ZB,329,18604600,89000.0,18890.0,56549.0,8,59866.0,50174.0,56549.0,36.0,01_시즌
2024,2024-08-25,가을_우븐 셔츠_캐쥬얼셔츠_ZB,84,4946300,79000.0,8819.0,58760.0,8,57628.0,41925.0,58885.0,25.0,01_시즌
2024,2024-08-25,가을_자켓_싱글재킷_ZA,25,5980000,299000.0,38902.0,239200.0,8,239200.0,125192.0,239200.0,20.0,01_시즌
2024,2024-08-25,가을_점퍼_점퍼_ZA,77,12258400,199000.0,28588.0,159200.0,8,159200.0,92726.0,159200.0,20.0,01_시즌
2024,2024-08-25,가을_팬츠_팬츠(일반)_ZA,31,3199200,129000.0,19553.0,103200.0,8,103200.0,55762.0,103200.0,20.0,01_시즌
2024,2024-08-25,가을_팬츠_팬츠(일반)_ZB,225,16811540,99000.0,10944.0,74718.0,8,76840.0,53779.0,74718.0,25.0,01_시즌
2024,2024-08-25,겨울_니트 셔츠_라운드_ZB,44,2055000,69000.0,6568.0,46705.0,8,46952.0,43447.0,46705.0,32.0,01_시즌
2024,2024-08-25,겨울_니트 셔츠_티에리_ZB,13,1257300,99000.0,10884.0,96715.0,8,96715.0,56741.0,96715.0,2.0,01_시즌
2024,2024-08-25,겨울_수트_블레이져(수트)_ZA,0,0,414000.0,74500.0,,8,,284983.0,284983.0,31.0,01_시즌
2024,2024-08-25,겨울_수트_블레이져(수트)_ZB,69,15066000,279000.0,49289.0,220046.0,8,230840.0,207169.0,218348.0,22.0,01_시즌
2024,2024-08-25,겨울_수트_블레이져(수트)_ZC,20,4464000,315667.0,54612.0,223200.0,8,223200.0,223349.0,223200.0,29.0,01_시즌
2024,2024-08-25,겨울_수트_수트팬츠_ZA,0,0,234000.0,40995.0,,8,,161162.0,161162.0,31.0,01_시즌
2024,2024-08-25,겨울_수트_수트팬츠_ZB,61,7092600,149000.0,25821.0,117238.0,8,124904.0,110732.0,116272.0,22.0,01_시즌
2024,2024-08-25,겨울_수트_수트팬츠_ZC,17,2026400,169000.0,28383.0,119200.0,8,119200.0,119713.0,119200.0,29.0,01_시즌
2024,2024-08-25,겨울_우븐 셔츠_캐쥬얼셔츠_ZB,69,4494100,85667.0,9795.0,67219.0,8,85197.0,59796.0,65132.0,24.0,01_시즌
2024,2024-08-25,겨울_자켓_싱글재킷_ZA,12,2780700,299000.0,39037.0,231725.0,8,235462.0,214755.0,231725.0,22.0,01_시즌
2024,2024-08-25,겨울_점퍼_점퍼_ZB,23,5727000,249000.0,42466.0,249000.0,8,249000.0,154908.0,249000.0,0.0,01_시즌
2024,2024-08-25,겨울_점퍼_패딩점퍼_ZB,0,0,249000.0,29233.0,,8,,139210.0,139210.0,44.0,01_시즌
2024,2024-08-25,겨울_조끼_패딩베스트_ZB,0,0,109000.0,15100.0,,8,,85242.0,85242.0,22.0,01_시즌
2024,2024-08-25,겨울_팬츠_팬츠(일반)_ZB,49,3114600,99000.0,12705.0,73584.0,8,81342.0,59970.0,63563.0,36.0,01_시즌
2024,2024-08-25,사계절_데님_데님자켓_ZB,9,471000,179000.0,19965.0,59000.0,8,75240.0,83945.0,52333.0,71.0,01_시즌
2024,2024-08-25,사계절_데님_데님팬츠_ZB,99,4792240,99000.0,15786.0,55324.0,8,49055.0,49757.0,48406.0,51.0,01_시즌
2024,2024-08-25,사계절_수트_블레이져(수트)_ZB,431,60728564,259000.0,42625.0,130246.0,8,131236.0,131261.0,140902.0,46.0,01_시즌
2024,2024-08-25,사계절_수트_블레이져(수트)_ZC,142,20745500,259000.0,44254.0,146983.0,8,146583.0,148324.0,146095.0,44.0,01_시즌
2024,2024-08-25,사계절_수트_수트팬츠_ZB,480,36069234,139000.0,20924.0,69154.0,8,68965.0,69377.0,75144.0,46.0,01_시즌
2024,2024-08-25,사계절_수트_수트팬츠_ZC,150,11468850,139000.0,21438.0,76560.0,8,76796.0,78577.0,76459.0,45.0,01_시즌
2024,2024-08-25,사계절_우븐 셔츠_드레스셔츠_ZB,2913,81231547,79000.0,7639.0,29276.0,8,30681.0,33114.0,27886.0,65.0,01_시즌
2024,2024-08-25,여름_니트 셔츠_라운드_ZB,3264,67734733,79000.0,7438.0,22502.0,8,22863.0,29498.0,20752.0,74.0,01_시즌
2024,2024-08-25,여름_니트 셔츠_라운드_ZG,200,6835100,99000.0,10085.0,32902.0,8,33938.0,38377.0,34176.0,65.0,01_시즌
2024,2024-08-25,여름_니트 셔츠_티에리_ZA,221,5665303,99000.0,9835.0,27874.0,8,27681.0,33828.0,25635.0,74.0,01_시즌
2024,2024-08-25,여름_니트 셔츠_티에리_ZB,327,9536300,79000.0,8758.0,29270.0,8,28987.0,32296.0,29163.0,63.0,01_시즌
2024,2024-08-25,여름_수트_블레이져(수트)_ZA,67,11315640,399000.0,77369.0,183219.0,8,198483.0,216403.0,168890.0,58.0,01_시즌
2024,2024-08-25,여름_수트_블레이져(수트)_ZB,338,47773200,279000.0,52695.0,145868.0,8,151180.0,160776.0,141341.0,49.0,01_시즌
2024,2024-08-25,여름_수트_블레이져(수트)_ZC,11,2128770,279000.0,56977.0,193525.0,8,198065.0,161147.0,193525.0,31.0,01_시즌
2024,2024-08-25,여름_수트_수트팬츠_ZA,73,7341180,231000.0,41682.0,106509.0,8,113970.0,126622.0,100564.0,56.0,01_시즌
2024,2024-08-25,여름_수트_수트팬츠_ZB,345,28380170,149000.0,26660.0,83080.0,8,83614.0,90772.0,82261.0,45.0,01_시즌
2024,2024-08-25,여름_수트_수트팬츠_ZC,29,2943610,149000.0,28158.0,101504.0,8,98614.0,93396.0,101504.0,32.0,01_시즌
2024,2024-08-25,여름_스웨터_T-에리_ZA,40,1893100,109000.0,14136.0,43152.0,8,49710.0,54575.0,47328.0,57.0,01_시즌
2024,2024-08-25,여름_스웨터_T-에리_ZB,725,25605706,91500.0,12596.0,42074.0,8,41636.0,46143.0,35318.0,61.0,01_시즌
2024,2024-08-25,여름_스웨터_라운드_ZA,31,1209000,109000.0,13614.0,39000.0,8,39527.0,43521.0,39000.0,64.0,01_시즌
2024,2024-08-25,여름_스웨터_라운드_ZB,267,10482000,94000.0,14528.0,40054.0,8,39253.0,42897.0,39258.0,58.0,01_시즌
2024,2024-08-25,여름_스웨터_오픈형(CARDIGAN)_ZA,6,274000,129000.0,14208.0,45667.0,8,47311.0,53541.0,45667.0,65.0,01_시즌
2024,2024-08-25,여름_우븐 셔츠_캐쥬얼셔츠_ZA,69,2151000,85667.0,9677.0,31500.0,8,34505.0,40111.0,31174.0,64.0,01_시즌
2024,2024-08-25,여름_우븐 셔츠_캐쥬얼셔츠_ZB,1067,30573485,79000.0,8769.0,28958.0,8,30157.0,32585.0,28654.0,64.0,01_시즌
2024,2024-08-25,여름_자켓_싱글재킷_ZA,281,44144660,311857.0,40036.0,159004.0,8,161502.0,165002.0,157098.0,50.0,01_시즌
2024,2024-08-25,여름_점퍼_점퍼_ZA,32,5250862,249000.0,34968.0,164313.0,8,147370.0,162956.0,164089.0,34.0,01_시즌
2024,2024-08-25,여름_점퍼_점퍼_ZB,81,6909000,249000.0,24849.0,84616.0,8,83816.0,108673.0,85296.0,66.0,01_시즌
2024,2024-08-25,여름_점퍼_점퍼_ZG,6,494000,249000.0,30900.0,81500.0,8,85408.0,101942.0,82333.0,67.0,01_시즌
2024,2024-08-25,여름_팬츠_반바지_ZA,98,2522400,79000.0,12359.0,25739.0,8,28250.0,33735.0,25739.0,67.0,01_시즌
2024,2024-08-25,여름_팬츠_반바지_ZB,367,6999200,79000.0,7846.0,19077.0,8,19696.0,24963.0,19071.0,76.0,01_시즌
2024,2024-08-25,여름_팬츠_반바지_ZG,129,2907000,79000.0,12805.0,22512.0,8,30950.0,36024.0,22535.0,71.0,01_시즌
2024,2024-08-25,여름_팬츠_팬츠(일반)_ZA,343,22898380,129000.0,13020.0,66750.0,8,67185.0,77326.0,66759.0,48.0,01_시즌
2024,2024-08-25,여름_팬츠_팬츠(일반)_ZB,1618,54367637,99000.0,11930.0,36974.0,8,36834.0,41765.0,33602.0,66.0,01_시즌
2024,2024-08-25,여름_팬츠_팬츠(일반)_ZG,18,1010200,129000.0,19582.0,56122.0,8,53623.0,53606.0,56122.0,56.0,01_시즌
2024,2024-09-01,가을_니트 셔츠_라운드_ZB,277,5920800,79000.0,6042.0,18410.0,9,18882.0,18560.0,21375.0,73.0,01_시즌
2024,2024-09-01,가을_니트 셔츠_티에리_ZB,210,4571478,79000.0,8732.0,21769.0,9,19540.0,25900.0,21769.0,72.0,01_시즌
2024,2024-09-01,가을_수트_블레이져(수트)_ZB,290,63600840,279000.0,50594.0,218900.0,9,200871.0,167269.0,219313.0,21.0,01_시즌
2024,2024-09-01,가을_수트_블레이져(수트)_ZC,111,24189300,279000.0,52887.0,217922.0,9,200709.0,169658.0,217922.0,22.0,01_시즌
2024,2024-09-01,가을_수트_수트팬츠_ZB,310,36211470,149000.0,25443.0,116725.0,9,104531.0,82586.0,116811.0,22.0,01_시즌
2024,2024-09-01,가을_수트_수트팬츠_ZC,109,12706720,149000.0,25262.0,116575.0,9,104781.0,84974.0,116575.0,22.0,01_시즌
2024,2024-09-01,가을_스웨터_T-에리_ZA,303,17344830,109000.0,15150.0,57244.0,9,51545.0,47292.0,57244.0,47.0,01_시즌
2024,2024-09-01,가을_스웨터_T-에리_ZB,199,12903100,89000.0,18890.0,64840.0,9,51562.0,50174.0,64840.0,27.0,01_시즌
2024,2024-09-01,가을_우븐 셔츠_캐쥬얼셔츠_ZB,100,6173100,79000.0,8819.0,61630.0,9,53441.0,41925.0,61731.0,22.0,01_시즌
2024,2024-09-01,가을_자켓_싱글재킷_ZA,50,11960000,299000.0,38902.0,239200.0,9,206415.0,125192.0,239200.0,20.0,01_시즌
2024,2024-09-01,가을_점퍼_점퍼_ZA,29,4616800,199000.0,28588.0,159200.0,9,150990.0,92726.0,159200.0,20.0,01_시즌
2024,2024-09-01,가을_팬츠_팬츠(일반)_ZA,42,4334400,129000.0,19553.0,103200.0,9,89761.0,55762.0,103200.0,20.0,01_시즌
2024,2024-09-01,가을_팬츠_팬츠(일반)_ZB,340,25783380,99000.0,10944.0,75833.0,9,65262.0,53779.0,75833.0,23.0,01_시즌
2024,2024-09-01,겨울_니트 셔츠_라운드_ZA,0,0,99000.0,13130.0,,9,78281.0,61080.0,78281.0,21.0,01_시즌
2024,2024-09-01,겨울_니트 셔츠_라운드_ZB,32,1828500,69000.0,6533.0,54858.0,9,61838.0,43447.0,57141.0,17.0,01_시즌
2024,2024-09-01,겨울_니트 셔츠_라운드_ZG,0,0,99000.0,13630.0,,9,76204.0,53428.0,76204.0,23.0,01_시즌
2024,2024-09-01,겨울_니트 셔츠_티에리_ZB,15,1198000,99000.0,10884.0,79867.0,9,79091.0,56741.0,79867.0,19.0,01_시즌
2024,2024-09-01,겨울_니트 셔츠_후드티_ZG,0,0,119000.0,16170.0,,9,83950.0,63900.0,83950.0,29.0,01_시즌
2024,2024-09-01,겨울_수트_블레이져(수트)_ZA,27,8481800,414000.0,74500.0,324288.0,9,324460.0,284983.0,314141.0,24.0,01_시즌
2024,2024-09-01,겨울_수트_블레이져(수트)_ZB,192,42620040,279000.0,49443.0,221587.0,9,220913.0,207169.0,221979.0,20.0,01_시즌
2024,2024-09-01,겨울_수트_블레이져(수트)_ZC,39,8584830,315667.0,54612.0,220164.0,9,243161.0,223349.0,220124.0,30.0,01_시즌
2024,2024-09-01,겨울_수트_수트팬츠_ZA,40,7119400,234000.0,40995.0,184553.0,9,183712.0,161162.0,177985.0,24.0,01_시즌
2024,2024-09-01,겨울_수트_수트팬츠_ZB,196,23200790,149000.0,25690.0,118125.0,9,117855.0,110732.0,118371.0,21.0,01_시즌
2024,2024-09-01,겨울_수트_수트팬츠_ZC,39,4621980,169000.0,28383.0,118510.0,9,130111.0,119713.0,118512.0,30.0,01_시즌
2024,2024-09-01,겨울_우븐 셔츠_캐쥬얼셔츠_ZB,138,9469880,85667.0,9789.0,67799.0,9,73207.0,59796.0,68622.0,20.0,01_시즌
2024,2024-09-01,겨울_자켓_싱글재킷_ZA,50,11900200,299000.0,39037.0,238004.0,9,236095.0,214755.0,238004.0,20.0,01_시즌
2024,2024-09-01,겨울_점퍼_점퍼_ZB,165,32093840,249000.0,42466.0,192348.0,9,194739.0,154908.0,194508.0,22.0,01_시즌
2024,2024-09-01,겨울_점퍼_패딩점퍼_ZB,6,1195200,249000.0,34692.0,199200.0,9,180525.0,139210.0,199200.0,20.0,01_시즌
2024,2024-09-01,겨울_조끼_패딩베스트_ZB,8,697600,109000.0,15100.0,87200.0,9,122439.0,85242.0,87200.0,20.0,01_시즌
2024,2024-09-01,겨울_팬츠_팬츠(일반)_ZB,75,5532700,99000.0,12705.0,69660.0,9,74650.0,59970.0,73769.0,25.0,01_시즌
2024,2024-09-01,사계절_데님_데님자켓_ZB,25,1840222,179000.0,19965.0,71174.0,9,79412.0,83945.0,73609.0,59.0,01_시즌
2024,2024-09-01,사계절_데님_데님팬츠_ZB,168,10190953,99000.0,15786.0,63102.0,9,58071.0,49757.0,60660.0,39.0,01_시즌
2024,2024-09-01,사계절_수트_블레이져(수트)_ZB,482,66398264,259000.0,42625.0,125450.0,9,121390.0,131261.0,137756.0,47.0,01_시즌
2024,2024-09-01,사계절_수트_블레이져(수트)_ZC,140,20426500,259000.0,44254.0,146854.0,9,150389.0,148324.0,145904.0,44.0,01_시즌
2024,2024-09-01,사계절_수트_수트팬츠_ZB,541,39200597,139000.0,20924.0,66226.0,9,64184.0,69377.0,72460.0,48.0,01_시즌
2024,2024-09-01,사계절_수트_수트팬츠_ZC,143,10984200,139000.0,21438.0,78028.0,9,78122.0,78577.0,76813.0,45.0,01_시즌
2024,2024-09-01,사계절_우븐 셔츠_드레스셔츠_ZB,3268,90007775,79000.0,7628.0,27801.0,9,29739.0,33114.0,27542.0,65.0,01_시즌
2024,2024-09-01,여름_니트 셔츠_라운드_ZB,2043,39786879,79000.0,7438.0,20052.0,9,19215.0,29498.0,19475.0,75.0,01_시즌
2024,2024-09-01,여름_니트 셔츠_라운드_ZG,147,4470501,99000.0,10085.0,29823.0,9,29078.0,38377.0,30412.0,69.0,01_시즌
2024,2024-09-01,여름_니트 셔츠_티에리_ZA,263,5769491,99000.0,9835.0,21614.0,9,20125.0,33828.0,21937.0,78.0,01_시즌
2024,2024-09-01,여름_니트 셔츠_티에리_ZB,232,4925900,79000.0,8758.0,21267.0,9,20098.0,32296.0,21232.0,73.0,01_시즌
2024,2024-09-01,여름_수트_블레이져(수트)_ZA,73,8652500,399000.0,77369.0,147113.0,9,151090.0,216403.0,118527.0,70.0,01_시즌
2024,2024-09-01,여름_수트_블레이져(수트)_ZB,493,42707460,279000.0,52695.0,83168.0,9,86833.0,160776.0,86628.0,69.0,01_시즌
2024,2024-09-01,여름_수트_블레이져(수트)_ZC,24,2133700,279000.0,56977.0,88904.0,9,86556.0,161147.0,88904.0,68.0,01_시즌
2024,2024-09-01,여름_수트_수트팬츠_ZA,77,5655410,231000.0,41682.0,89283.0,9,89753.0,126622.0,73447.0,68.0,01_시즌
2024,2024-09-01,여름_수트_수트팬츠_ZB,549,32803630,149000.0,26660.0,56380.0,9,60741.0,90772.0,59752.0,60.0,01_시즌
2024,2024-09-01,여름_수트_수트팬츠_ZC,46,3038300,149000.0,28158.0,66050.0,9,63059.0,93396.0,66050.0,56.0,01_시즌
2024,2024-09-01,여름_스웨터_T-에리_ZA,65,3144000,109000.0,14136.0,48837.0,9,49556.0,54575.0,48369.0,56.0,01_시즌
2024,2024-09-01,여름_스웨터_T-에리_ZB,706,24234960,91500.0,12596.0,39310.0,9,36931.0,46143.0,34327.0,62.0,01_시즌
2024,2024-09-01,여름_스웨터_라운드_ZA,12,358000,109000.0,13614.0,29833.0,9,29472.0,43521.0,29833.0,73.0,01_시즌
2024,2024-09-01,여름_스웨터_라운드_ZB,337,10641870,94000.0,14528.0,31583.0,9,29948.0,42897.0,31578.0,66.0,01_시즌
2024,2024-09-01,여름_스웨터_오픈형(CARDIGAN)_ZA,31,1343090,129000.0,14208.0,43325.0,9,40259.0,53541.0,43325.0,66.0,01_시즌
2024,2024-09-01,여름_우븐 셔츠_캐쥬얼셔츠_ZA,103,2461450,85667.0,9677.0,29480.0,9,28535.0,40111.0,23898.0,72.0,01_시즌
2024,2024-09-01,여름_우븐 셔츠_캐쥬얼셔츠_ZB,819,18195182,79000.0,8769.0,24855.0,9,22896.0,32585.0,22216.0,72.0,01_시즌
2024,2024-09-01,여름_자켓_싱글재킷_ZA,366,45697610,311857.0,40036.0,130402.0,9,131183.0,165002.0,124857.0,60.0,01_시즌
2024,2024-09-01,여름_점퍼_점퍼_ZA,58,7737923,249000.0,34968.0,132289.0,9,155378.0,162956.0,133412.0,46.0,01_시즌
2024,2024-09-01,여름_점퍼_점퍼_ZB,101,9733000,249000.0,24849.0,154082.0,9,101424.0,108673.0,96366.0,61.0,01_시즌
2024,2024-09-01,여름_점퍼_점퍼_ZG,33,2708000,249000.0,30900.0,80444.0,9,88707.0,101942.0,82061.0,67.0,01_시즌
2024,2024-09-01,여름_팬츠_반바지_ZA,54,1096000,79000.0,12359.0,20296.0,9,19461.0,33735.0,20296.0,74.0,01_시즌
2024,2024-09-01,여름_팬츠_반바지_ZB,553,10416540,79000.0,7846.0,18826.0,9,18976.0,24963.0,18836.0,76.0,01_시즌
2024,2024-09-01,여름_팬츠_반바지_ZG,70,2108900,79000.0,12805.0,30046.0,9,29262.0,36024.0,30127.0,62.0,01_시즌
2024,2024-09-01,여름_팬츠_팬츠(일반)_ZA,312,24027286,129000.0,13020.0,76007.0,9,75911.0,77326.0,77011.0,40.0,01_시즌
2024,2024-09-01,여름_팬츠_팬츠(일반)_ZB,1464,44311219,99000.0,11930.0,31256.0,9,28631.0,41765.0,30267.0,69.0,01_시즌
2024,2024-09-01,여름_팬츠_팬츠(일반)_ZG,51,2009000,129000.0,19582.0,39392.0,9,38899.0,53606.0,39392.0,69.0,01_시즌
2024,2024-09-08,가을_니트 셔츠_라운드_ZB,93,1767000,79000.0,6042.0,19000.0,9,18882.0,18560.0,19000.0,76.0,01_시즌
2024,2024-09-08,가을_니트 셔츠_티에리_ZB,103,2147195,79000.0,8732.0,20847.0,9,19540.0,25900.0,20847.0,74.0,01_시즌
2024,2024-09-08,가을_수트_블레이져(수트)_ZB,383,83164320,279000.0,50594.0,217031.0,9,200871.0,167269.0,217139.0,22.0,01_시즌
2024,2024-09-08,가을_수트_블레이져(수트)_ZC,145,31370760,279000.0,52887.0,216350.0,9,200709.0,169658.0,216350.0,22.0,01_시즌
2024,2024-09-08,가을_수트_수트팬츠_ZB,401,46547600,149000.0,25443.0,116075.0,9,104531.0,82586.0,116079.0,22.0,01_시즌
2024,2024-09-08,가을_수트_수트팬츠_ZC,143,16461520,149000.0,25262.0,115116.0,9,104781.0,84974.0,115116.0,23.0,01_시즌
2024,2024-09-08,가을_스웨터_T-에리_ZA,149,7589200,109000.0,15150.0,50934.0,9,51545.0,47292.0,50934.0,53.0,01_시즌
2024,2024-09-08,가을_스웨터_T-에리_ZB,177,9708400,89000.0,18890.0,54850.0,9,51562.0,50174.0,54850.0,38.0,01_시즌
2024,2024-09-08,가을_우븐 셔츠_캐쥬얼셔츠_ZB,144,8987100,79000.0,8819.0,62416.0,9,53441.0,41925.0,62410.0,21.0,01_시즌
2024,2024-09-08,가을_자켓_싱글재킷_ZA,19,4323540,299000.0,38902.0,227555.0,9,206415.0,125192.0,227555.0,24.0,01_시즌
2024,2024-09-08,가을_점퍼_점퍼_ZA,28,4437700,199000.0,28588.0,158489.0,9,150990.0,92726.0,158489.0,20.0,01_시즌
2024,2024-09-08,가을_팬츠_팬츠(일반)_ZA,28,2783820,129000.0,19553.0,99422.0,9,89761.0,55762.0,99422.0,23.0,01_시즌
2024,2024-09-08,가을_팬츠_팬츠(일반)_ZB,248,19134720,99000.0,10944.0,77156.0,9,65262.0,53779.0,77156.0,22.0,01_시즌
2024,2024-09-08,겨울_니트 셔츠_라운드_ZA,72,5617260,99000.0,13130.0,78018.0,9,78281.0,61080.0,78018.0,21.0,01_시즌
2024,2024-09-08,겨울_니트 셔츠_라운드_ZB,74,4784180,79000.0,7953.0,62582.0,9,61838.0,43447.0,64651.0,18.0,01_시즌
2024,2024-09-08,겨울_니트 셔츠_라운드_ZG,3,237600,99000.0,13630.0,79200.0,9,76204.0,53428.0,79200.0,20.0,01_시즌
2024,2024-09-08,겨울_니트 셔츠_티에리_ZB,2,-79200,99000.0,10884.0,,9,79091.0,56741.0,79091.0,20.0,01_시즌
2024,2024-09-08,겨울_니트 셔츠_후드티_ZG,2,190400,119000.0,16170.0,95200.0,9,83950.0,63900.0,95200.0,20.0,01_시즌
2024,2024-09-08,겨울_수트_블레이져(수트)_ZA,44,13643320,414000.0,74500.0,317855.0,9,324460.0,284983.0,310075.0,25.0,01_시즌
2024,2024-09-08,겨울_수트_블레이져(수트)_ZB,265,57619080,279000.0,49443.0,216714.0,9,220913.0,207169.0,217430.0,22.0,01_시즌
2024,2024-09-08,겨울_수트_블레이져(수트)_ZC,63,14405480,315667.0,54612.0,243140.0,9,243161.0,223349.0,228658.0,28.0,01_시즌
2024,2024-09-08,겨울_수트_수트팬츠_ZA,49,8444200,234000.0,40995.0,179778.0,9,183712.0,161162.0,172331.0,26.0,01_시즌
2024,2024-09-08,겨울_수트_수트팬츠_ZB,284,32830660,149000.0,25690.0,115042.0,9,117855.0,110732.0,115601.0,22.0,01_시즌
2024,2024-09-08,겨울_수트_수트팬츠_ZC,57,7009040,169000.0,28383.0,131294.0,9,130111.0,119713.0,122966.0,27.0,01_시즌
2024,2024-09-08,겨울_스웨터_T-에리_ZB,83,6539940,99000.0,13402.0,78794.0,9,75695.0,56855.0,78794.0,20.0,01_시즌
2024,2024-09-08,겨울_스웨터_Turtle_ZB,0,0,159000.0,16298.0,,9,120063.0,68760.0,120063.0,24.0,01_시즌
2024,2024-09-08,겨울_스웨터_VEST_ZB,13,1029600,99000.0,8740.0,79200.0,9,79090.0,62121.0,79200.0,20.0,01_시즌
2024,2024-09-08,겨울_스웨터_라운드_ZA,15,1668000,139000.0,14377.0,111200.0,9,108381.0,81980.0,111200.0,20.0,01_시즌
2024,2024-09-08,겨울_스웨터_라운드_ZB,99,7811900,99000.0,16169.0,78908.0,9,78898.0,57205.0,78908.0,20.0,01_시즌
2024,2024-09-08,겨울_우븐 셔츠_캐쥬얼셔츠_ZB,221,14960620,96500.0,9946.0,66784.0,9,73207.0,59796.0,67695.0,30.0,01_시즌
2024,2024-09-08,겨울_자켓_싱글재킷_ZA,0,-179400,299000.0,37539.0,,9,236095.0,214755.0,236095.0,21.0,01_시즌
2024,2024-09-08,겨울_점퍼_점퍼_ZB,52,9800960,249000.0,42466.0,190680.0,9,194739.0,154908.0,188480.0,24.0,01_시즌
2024,2024-09-08,겨울_점퍼_패딩점퍼_ZB,-2,-448200,224000.0,32296.0,224100.0,9,180525.0,139210.0,224100.0,-0.0,01_시즌
2024,2024-09-08,겨울_조끼_패딩베스트_ZB,17,2345680,159000.0,21916.0,126440.0,9,122439.0,85242.0,137981.0,13.0,01_시즌
2024,2024-09-08,겨울_팬츠_팬츠(일반)_ZA,0,0,129000.0,16829.0,,9,103171.0,81688.0,103171.0,20.0,01_시즌
2024,2024-09-08,겨울_팬츠_팬츠(일반)_ZB,84,6315980,99000.0,12352.0,69976.0,9,74650.0,59970.0,75190.0,24.0,01_시즌
2024,2024-09-08,사계절_데님_데님자켓_ZB,50,3590000,179000.0,19965.0,73546.0,9,79412.0,83945.0,71800.0,60.0,01_시즌
2024,2024-09-08,사계절_데님_데님팬츠_ZB,140,7949360,99000.0,15786.0,58295.0,9,58071.0,49757.0,56781.0,43.0,01_시즌
2024,2024-09-08,사계절_수트_블레이져(수트)_ZB,404,55631020,259000.0,42625.0,126057.0,9,121390.0,131261.0,137701.0,47.0,01_시즌
2024,2024-09-08,사계절_수트_블레이져(수트)_ZC,121,18047650,259000.0,44254.0,153900.0,9,150389.0,148324.0,149154.0,42.0,01_시즌
2024,2024-09-08,사계절_수트_수트팬츠_ZB,451,32364178,139000.0,20924.0,66540.0,9,64184.0,69377.0,71761.0,48.0,01_시즌
2024,2024-09-08,사계절_수트_수트팬츠_ZC,120,9302950,139000.0,21438.0,77539.0,9,78122.0,78577.0,77525.0,44.0,01_시즌
2024,2024-09-08,사계절_우븐 셔츠_드레스셔츠_ZB,2883,83813200,79000.0,7628.0,30241.0,9,29739.0,33114.0,29072.0,63.0,01_시즌
2024,2024-09-08,여름_니트 셔츠_라운드_ZB,1767,34470201,79000.0,7438.0,19453.0,9,19215.0,29498.0,19508.0,75.0,01_시즌
2024,2024-09-08,여름_니트 셔츠_라운드_ZG,152,4403453,99000.0,10085.0,28565.0,9,29078.0,38377.0,28970.0,71.0,01_시즌
2024,2024-09-08,여름_니트 셔츠_티에리_ZA,172,3523603,99000.0,9835.0,20257.0,9,20125.0,33828.0,20486.0,79.0,01_시즌
2024,2024-09-08,여름_니트 셔츠_티에리_ZB,152,3143500,79000.0,8758.0,21674.0,9,20098.0,32296.0,20681.0,74.0,01_시즌
2024,2024-09-08,여름_수트_블레이져(수트)_ZA,49,6255950,399000.0,77369.0,158276.0,9,151090.0,216403.0,127672.0,68.0,01_시즌
2024,2024-09-08,여름_수트_블레이져(수트)_ZB,370,32698410,279000.0,52695.0,89592.0,9,86833.0,160776.0,88374.0,68.0,01_시즌
2024,2024-09-08,여름_수트_블레이져(수트)_ZC,22,1997050,279000.0,56977.0,90775.0,9,86556.0,161147.0,90775.0,67.0,01_시즌
2024,2024-09-08,여름_수트_수트팬츠_ZA,59,4511450,231000.0,41682.0,92639.0,9,89753.0,126622.0,76465.0,67.0,01_시즌
2024,2024-09-08,여름_수트_수트팬츠_ZB,383,22761810,149000.0,26660.0,60379.0,9,60741.0,90772.0,59430.0,60.0,01_시즌
2024,2024-09-08,여름_수트_수트팬츠_ZC,38,2483550,149000.0,28158.0,65357.0,9,63059.0,93396.0,65357.0,56.0,01_시즌
2024,2024-09-08,여름_스웨터_T-에리_ZA,21,754000,109000.0,14136.0,54230.0,9,49556.0,54575.0,35905.0,67.0,01_시즌
2024,2024-09-08,여름_스웨터_T-에리_ZB,512,15890865,91500.0,12596.0,36580.0,9,36931.0,46143.0,31037.0,66.0,01_시즌
2024,2024-09-08,여름_스웨터_라운드_ZA,19,561000,109000.0,13614.0,29526.0,9,29472.0,43521.0,29526.0,73.0,01_시즌
2024,2024-09-08,여름_스웨터_라운드_ZB,252,7633300,94000.0,14528.0,30094.0,9,29948.0,42897.0,30291.0,68.0,01_시즌
2024,2024-09-08,여름_스웨터_오픈형(CARDIGAN)_ZA,17,673000,129000.0,14208.0,39588.0,9,40259.0,53541.0,39588.0,69.0,01_시즌
2024,2024-09-08,여름_우븐 셔츠_캐쥬얼셔츠_ZA,88,2195350,85667.0,9677.0,29532.0,9,28535.0,40111.0,24947.0,71.0,01_시즌
2024,2024-09-08,여름_우븐 셔츠_캐쥬얼셔츠_ZB,697,13684913,79000.0,8769.0,22216.0,9,22896.0,32585.0,19634.0,75.0,01_시즌
2024,2024-09-08,여름_자켓_싱글재킷_ZA,176,22008020,311857.0,40036.0,119202.0,9,131183.0,165002.0,125046.0,60.0,01_시즌
2024,2024-09-08,여름_점퍼_점퍼_ZA,27,3716850,249000.0,34968.0,138698.0,9,155378.0,162956.0,137661.0,45.0,01_시즌
2024,2024-09-08,여름_점퍼_점퍼_ZB,140,11515900,249000.0,24849.0,81364.0,9,101424.0,108673.0,82256.0,67.0,01_시즌
2024,2024-09-08,여름_점퍼_점퍼_ZG,46,3711950,249000.0,30900.0,80499.0,9,88707.0,101942.0,80695.0,68.0,01_시즌
2024,2024-09-08,여름_팬츠_반바지_ZA,25,500200,79000.0,12359.0,20008.0,9,19461.0,33735.0,20008.0,75.0,01_시즌
2024,2024-09-08,여름_팬츠_반바지_ZB,170,3240000,79000.0,7846.0,19055.0,9,18976.0,24963.0,19059.0,76.0,01_시즌
2024,2024-09-08,여름_팬츠_반바지_ZG,102,2972450,79000.0,12805.0,29114.0,9,29262.0,36024.0,29142.0,63.0,01_시즌
2024,2024-09-08,여름_팬츠_팬츠(일반)_ZA,263,18926920,129000.0,13020.0,71326.0,9,75911.0,77326.0,71965.0,44.0,01_시즌
2024,2024-09-08,여름_팬츠_팬츠(일반)_ZB,895,26426499,99000.0,11930.0,29519.0,9,28631.0,41765.0,29527.0,70.0,01_시즌
2024,2024-09-08,여름_팬츠_팬츠(일반)_ZG,29,1131000,129000.0,19582.0,39000.0,9,38899.0,53606.0,39000.0,70.0,01_시즌
2024,2024-09-15,가을_니트 셔츠_라운드_ZB,185,3515000,79000.0,6042.0,19000.0,9,18882.0,18560.0,19000.0,76.0,01_시즌
2024,2024-09-15,가을_니트 셔츠_티에리_ZB,113,2207089,79000.0,8732.0,19532.0,9,19540.0,25900.0,19532.0,75.0,01_시즌
2024,2024-09-15,가을_수트_블레이져(수트)_ZB,347,70640010,279000.0,50594.0,202763.0,9,200871.0,167269.0,203574.0,27.0,01_시즌
2024,2024-09-15,가을_수트_블레이져(수트)_ZC,127,25611084,279000.0,52887.0,201662.0,9,200709.0,169658.0,201662.0,28.0,01_시즌
2024,2024-09-15,가을_수트_수트팬츠_ZB,393,42816640,149000.0,25443.0,108098.0,9,104531.0,82586.0,108948.0,27.0,01_시즌
2024,2024-09-15,가을_수트_수트팬츠_ZC,114,12393522,149000.0,25262.0,108715.0,9,104781.0,84974.0,108715.0,27.0,01_시즌
2024,2024-09-15,가을_스웨터_T-에리_ZA,168,7576100,109000.0,15150.0,45096.0,9,51545.0,47292.0,45096.0,59.0,01_시즌
2024,2024-09-15,가을_스웨터_T-에리_ZB,178,8826440,89000.0,18890.0,49587.0,9,51562.0,50174.0,49587.0,44.0,01_시즌
2024,2024-09-15,가을_우븐 셔츠_캐쥬얼셔츠_ZB,247,12259400,79000.0,8819.0,49632.0,9,53441.0,41925.0,49633.0,37.0,01_시즌
2024,2024-09-15,가을_자켓_싱글재킷_ZA,48,10399220,299000.0,38902.0,216650.0,9,206415.0,125192.0,216650.0,28.0,01_시즌
2024,2024-09-15,가을_점퍼_점퍼_ZA,19,2949300,199000.0,28588.0,155226.0,9,150990.0,92726.0,155226.0,22.0,01_시즌
2024,2024-09-15,가을_팬츠_팬츠(일반)_ZA,56,5236110,129000.0,19553.0,93502.0,9,89761.0,55762.0,93502.0,28.0,01_시즌
2024,2024-09-15,가을_팬츠_팬츠(일반)_ZB,386,22984800,99000.0,10944.0,59546.0,9,65262.0,53779.0,59546.0,40.0,01_시즌
2024,2024-09-15,겨울_니트 셔츠_라운드_ZA,49,3847140,99000.0,13130.0,78513.0,9,78281.0,61080.0,78513.0,21.0,01_시즌
2024,2024-09-15,겨울_니트 셔츠_라운드_ZB,130,7477600,79000.0,7869.0,63172.0,9,61838.0,43447.0,57520.0,27.0,01_시즌
2024,2024-09-15,겨울_니트 셔츠_라운드_ZG,2,158400,99000.0,13913.0,79200.0,9,76204.0,53428.0,79200.0,20.0,01_시즌
2024,2024-09-15,겨울_니트 셔츠_티에리_ZA,27,2548980,119000.0,14630.0,94407.0,9,93951.0,68233.0,94407.0,21.0,01_시즌
2024,2024-09-15,겨울_니트 셔츠_티에리_ZB,13,1021680,99000.0,10884.0,78591.0,9,79091.0,56741.0,78591.0,21.0,01_시즌
2024,2024-09-15,겨울_니트 셔츠_후드티_ZG,2,152300,119000.0,16170.0,76150.0,9,83950.0,63900.0,76150.0,36.0,01_시즌
2024,2024-09-15,겨울_수트_블레이져(수트)_ZA,48,14994580,414000.0,74500.0,323302.0,9,324460.0,284983.0,312387.0,25.0,01_시즌
2024,2024-09-15,겨울_수트_블레이져(수트)_ZB,215,47703420,279000.0,49443.0,221991.0,9,220913.0,207169.0,221876.0,20.0,01_시즌
2024,2024-09-15,겨울_수트_블레이져(수트)_ZC,50,11502740,315667.0,54612.0,247027.0,9,243161.0,223349.0,230055.0,27.0,01_시즌
2024,2024-09-15,겨울_수트_수트팬츠_ZA,51,8733880,234000.0,40995.0,181899.0,9,183712.0,161162.0,171253.0,27.0,01_시즌
2024,2024-09-15,겨울_수트_수트팬츠_ZB,241,28536480,149000.0,25690.0,118456.0,9,117855.0,110732.0,118409.0,21.0,01_시즌
2024,2024-09-15,겨울_수트_수트팬츠_ZC,47,5768460,169000.0,28383.0,131016.0,9,130111.0,119713.0,122733.0,27.0,01_시즌
2024,2024-09-15,겨울_스웨터_T-에리_ZB,210,15559440,99000.0,13402.0,75404.0,9,75695.0,56855.0,74093.0,25.0,01_시즌
2024,2024-09-15,겨울_스웨터_Turtle_ZB,0,0,159000.0,16298.0,,9,120063.0,68760.0,120063.0,24.0,01_시즌
2024,2024-09-15,겨울_스웨터_VEST_ZB,30,2395800,99000.0,8740.0,79860.0,9,79090.0,62121.0,79860.0,19.0,01_시즌
2024,2024-09-15,겨울_스웨터_라운드_ZA,45,5006780,139000.0,14377.0,111262.0,9,108381.0,81980.0,111262.0,20.0,01_시즌
2024,2024-09-15,겨울_스웨터_라운드_ZB,67,5199480,99000.0,15234.0,77778.0,9,78898.0,57205.0,77604.0,22.0,01_시즌
2024,2024-09-15,겨울_우븐 셔츠_캐쥬얼셔츠_ZB,238,17063140,96500.0,9946.0,77039.0,9,73207.0,59796.0,71694.0,26.0,01_시즌
2024,2024-09-15,겨울_자켓_싱글재킷_ZA,50,11708840,299000.0,37539.0,233007.0,9,236095.0,214755.0,234177.0,22.0,01_시즌
2024,2024-09-15,겨울_점퍼_점퍼_ZB,78,15303540,249000.0,42466.0,195797.0,9,194739.0,154908.0,196199.0,21.0,01_시즌
2024,2024-09-15,겨울_점퍼_점퍼_ZG,0,0,129000.0,21190.0,,9,103200.0,79060.0,103200.0,20.0,01_시즌
2024,2024-09-15,겨울_점퍼_패딩점퍼_ZB,0,-15100,224000.0,32296.0,166750.0,9,180525.0,139210.0,166750.0,26.0,01_시즌
2024,2024-09-15,겨울_조끼_패딩베스트_ZB,-7,-551300,159000.0,21916.0,116750.0,9,122439.0,85242.0,78757.0,50.0,01_시즌
2024,2024-09-15,겨울_팬츠_팬츠(일반)_ZA,16,1754400,129000.0,16829.0,109650.0,9,103171.0,81688.0,109650.0,15.0,01_시즌
2024,2024-09-15,겨울_팬츠_팬츠(일반)_ZB,252,19857000,99000.0,12352.0,78432.0,9,74650.0,59970.0,78798.0,20.0,01_시즌
2024,2024-09-15,겨울_팬츠_팬츠(일반)_ZG,0,0,129000.0,17020.0,,9,99975.0,73736.0,99975.0,22.0,01_시즌
2024,2024-09-15,사계절_데님_데님자켓_ZB,44,3494200,155667.0,18886.0,88251.0,9,79412.0,83945.0,79414.0,49.0,01_시즌
2024,2024-09-15,사계절_데님_데님팬츠_ZB,155,7056708,99000.0,15786.0,57850.0,9,58071.0,49757.0,45527.0,54.0,01_시즌
2024,2024-09-15,사계절_수트_블레이져(수트)_ZB,348,47951329,259000.0,42625.0,123998.0,9,121390.0,131261.0,137791.0,47.0,01_시즌
2024,2024-09-15,사계절_수트_블레이져(수트)_ZC,99,14929400,259000.0,44254.0,152658.0,9,150389.0,148324.0,150802.0,42.0,01_시즌
2024,2024-09-15,사계절_수트_수트팬츠_ZB,384,27934991,139000.0,20924.0,66876.0,9,64184.0,69377.0,72747.0,48.0,01_시즌
2024,2024-09-15,사계절_수트_수트팬츠_ZC,94,7327100,139000.0,21438.0,77950.0,9,78122.0,78577.0,77948.0,44.0,01_시즌
2024,2024-09-15,사계절_우븐 셔츠_드레스셔츠_ZB,2399,67652700,79000.0,7628.0,29996.0,9,29739.0,33114.0,28200.0,64.0,01_시즌
2024,2024-09-15,여름_니트 셔츠_라운드_ZB,1735,32614730,79000.0,7438.0,19028.0,9,19215.0,29498.0,18798.0,76.0,01_시즌
2024,2024-09-15,여름_니트 셔츠_라운드_ZG,132,3828000,99000.0,10085.0,29000.0,9,29078.0,38377.0,29000.0,71.0,01_시즌
2024,2024-09-15,여름_니트 셔츠_티에리_ZA,191,3768748,99000.0,9835.0,19616.0,9,20125.0,33828.0,19732.0,80.0,01_시즌
2024,2024-09-15,여름_니트 셔츠_티에리_ZB,219,4271000,79000.0,8758.0,19898.0,9,20098.0,32296.0,19502.0,75.0,01_시즌
2024,2024-09-15,여름_수트_블레이져(수트)_ZA,39,4890000,399000.0,77369.0,150942.0,9,151090.0,216403.0,125385.0,69.0,01_시즌
2024,2024-09-15,여름_수트_블레이져(수트)_ZB,261,22438500,279000.0,52695.0,87514.0,9,86833.0,160776.0,85971.0,69.0,01_시즌
2024,2024-09-15,여름_수트_블레이져(수트)_ZC,12,961000,279000.0,56977.0,80083.0,9,86556.0,161147.0,80083.0,71.0,01_시즌
2024,2024-09-15,여름_수트_수트팬츠_ZA,47,3663000,231000.0,41682.0,89857.0,9,89753.0,126622.0,77936.0,66.0,01_시즌
2024,2024-09-15,여름_수트_수트팬츠_ZB,288,17145400,149000.0,26660.0,61799.0,9,60741.0,90772.0,59533.0,60.0,01_시즌
2024,2024-09-15,여름_수트_수트팬츠_ZC,20,1167600,149000.0,28158.0,58380.0,9,63059.0,93396.0,58380.0,61.0,01_시즌
2024,2024-09-15,여름_스웨터_T-에리_ZA,31,1404700,109000.0,14136.0,47770.0,9,49556.0,54575.0,45313.0,58.0,01_시즌
2024,2024-09-15,여름_스웨터_T-에리_ZB,405,11532025,91500.0,12596.0,35494.0,9,36931.0,46143.0,28474.0,69.0,01_시즌
2024,2024-09-15,여름_스웨터_라운드_ZA,10,300000,109000.0,13614.0,30000.0,9,29472.0,43521.0,30000.0,72.0,01_시즌
2024,2024-09-15,여름_스웨터_라운드_ZB,202,5967000,94000.0,14528.0,29328.0,9,29948.0,42897.0,29540.0,69.0,01_시즌
2024,2024-09-15,여름_스웨터_오픈형(CARDIGAN)_ZA,15,595000,129000.0,14208.0,39667.0,9,40259.0,53541.0,39667.0,69.0,01_시즌
2024,2024-09-15,여름_우븐 셔츠_캐쥬얼셔츠_ZA,70,1610000,85667.0,9677.0,29217.0,9,28535.0,40111.0,23000.0,73.0,01_시즌
2024,2024-09-15,여름_우븐 셔츠_캐쥬얼셔츠_ZB,739,14271714,79000.0,8769.0,21155.0,9,22896.0,32585.0,19312.0,76.0,01_시즌
2024,2024-09-15,여름_자켓_싱글재킷_ZA,152,17246800,311857.0,40036.0,131384.0,9,131183.0,165002.0,113466.0,64.0,01_시즌
2024,2024-09-15,여름_점퍼_점퍼_ZA,29,4542100,249000.0,34968.0,157301.0,9,155378.0,162956.0,156624.0,37.0,01_시즌
2024,2024-09-15,여름_점퍼_점퍼_ZB,194,16897000,249000.0,24849.0,86369.0,9,101424.0,108673.0,87098.0,65.0,01_시즌
2024,2024-09-15,여름_점퍼_점퍼_ZG,37,3503000,249000.0,30900.0,94635.0,9,88707.0,101942.0,94676.0,62.0,01_시즌
2024,2024-09-15,여름_팬츠_반바지_ZA,12,228000,79000.0,12359.0,19000.0,9,19461.0,33735.0,19000.0,76.0,01_시즌
2024,2024-09-15,여름_팬츠_반바지_ZB,153,2907000,79000.0,7846.0,19000.0,9,18976.0,24963.0,19000.0,76.0,01_시즌
2024,2024-09-15,여름_팬츠_반바지_ZG,58,1692000,79000.0,12805.0,29152.0,9,29262.0,36024.0,29172.0,63.0,01_시즌
2024,2024-09-15,여름_팬츠_팬츠(일반)_ZA,177,12419800,129000.0,13020.0,69882.0,9,75911.0,77326.0,70168.0,46.0,01_시즌
2024,2024-09-15,여름_팬츠_팬츠(일반)_ZB,631,18149165,99000.0,11930.0,28771.0,9,28631.0,41765.0,28763.0,71.0,01_시즌
2024,2024-09-15,여름_팬츠_팬츠(일반)_ZG,27,1043000,129000.0,19582.0,38630.0,9,38899.0,53606.0,38630.0,70.0,01_시즌
2024,2024-09-22,가을_니트 셔츠_라운드_ZB,251,4769000,79000.0,6042.0,19000.0,9,18882.0,18560.0,19000.0,76.0,01_시즌
2024,2024-09-22,가을_니트 셔츠_티에리_ZB,143,2646635,79000.0,8732.0,18508.0,9,19540.0,25900.0,18508.0,77.0,01_시즌
2024,2024-09-22,가을_수트_블레이져(수트)_ZB,677,124077720,279000.0,50594.0,182177.0,9,200871.0,167269.0,183276.0,34.0,01_시즌
2024,2024-09-22,가을_수트_블레이져(수트)_ZC,198,36788940,279000.0,52887.0,185803.0,9,200709.0,169658.0,185803.0,33.0,01_시즌
2024,2024-09-22,가을_수트_수트팬츠_ZB,698,67780020,149000.0,25443.0,96668.0,9,104531.0,82586.0,97106.0,35.0,01_시즌
2024,2024-09-22,가을_수트_수트팬츠_ZC,204,20229730,149000.0,25262.0,99165.0,9,104781.0,84974.0,99165.0,33.0,01_시즌
2024,2024-09-22,가을_스웨터_T-에리_ZA,127,6718900,109000.0,15150.0,52905.0,9,51545.0,47292.0,52905.0,51.0,01_시즌
2024,2024-09-22,가을_스웨터_T-에리_ZB,115,5620340,89000.0,18890.0,48873.0,9,51562.0,50174.0,48873.0,45.0,01_시즌
2024,2024-09-22,가을_우븐 셔츠_캐쥬얼셔츠_ZB,193,10107100,79000.0,8819.0,52250.0,9,53441.0,41925.0,52368.0,34.0,01_시즌
2024,2024-09-22,가을_자켓_싱글재킷_ZA,132,26201370,299000.0,38902.0,198495.0,9,206415.0,125192.0,198495.0,34.0,01_시즌
2024,2024-09-22,가을_점퍼_점퍼_ZA,34,5377180,199000.0,28588.0,158152.0,9,150990.0,92726.0,158152.0,21.0,01_시즌
2024,2024-09-22,가을_팬츠_팬츠(일반)_ZA,134,11550660,129000.0,19553.0,86199.0,9,89761.0,55762.0,86199.0,33.0,01_시즌
2024,2024-09-22,가을_팬츠_팬츠(일반)_ZB,469,29495380,99000.0,10944.0,62890.0,9,65262.0,53779.0,62890.0,36.0,01_시즌
2024,2024-09-22,겨울_니트 셔츠_라운드_ZA,82,6383180,99000.0,13130.0,77844.0,9,78281.0,61080.0,77844.0,21.0,01_시즌
2024,2024-09-22,겨울_니트 셔츠_라운드_ZB,193,10893100,79000.0,7869.0,62869.0,9,61838.0,43447.0,56441.0,29.0,01_시즌
2024,2024-09-22,겨울_니트 셔츠_라운드_ZG,19,1486980,99000.0,13913.0,78262.0,9,76204.0,53428.0,78262.0,21.0,01_시즌
2024,2024-09-22,겨울_니트 셔츠_티에리_ZA,53,5009900,119000.0,14630.0,94526.0,9,93951.0,68233.0,94526.0,21.0,01_시즌
2024,2024-09-22,겨울_니트 셔츠_티에리_ZB,20,1574100,99000.0,10884.0,78705.0,9,79091.0,56741.0,78705.0,20.0,01_시즌
2024,2024-09-22,겨울_니트 셔츠_후드티_ZG,3,285600,119000.0,16170.0,95200.0,9,83950.0,63900.0,95200.0,20.0,01_시즌
2024,2024-09-22,겨울_수트_블레이져(수트)_ZA,77,24059480,414000.0,74500.0,326513.0,9,324460.0,284983.0,312461.0,25.0,01_시즌
2024,2024-09-22,겨울_수트_블레이져(수트)_ZB,443,98012700,279000.0,49443.0,221343.0,9,220913.0,207169.0,221248.0,21.0,01_시즌
2024,2024-09-22,겨울_수트_블레이져(수트)_ZC,78,18142580,315667.0,54612.0,251009.0,9,243161.0,223349.0,232597.0,26.0,01_시즌
2024,2024-09-22,겨울_수트_수트팬츠_ZA,80,13764380,234000.0,40995.0,184880.0,9,183712.0,161162.0,172055.0,26.0,01_시즌
2024,2024-09-22,겨울_수트_수트팬츠_ZB,472,55723020,149000.0,25690.0,118151.0,9,117855.0,110732.0,118057.0,21.0,01_시즌
2024,2024-09-22,겨울_수트_수트팬츠_ZC,79,9880360,169000.0,28383.0,133779.0,9,130111.0,119713.0,125068.0,26.0,01_시즌
2024,2024-09-22,겨울_스웨터_T-에리_ZA,0,0,139000.0,20590.0,,9,130006.0,86794.0,130006.0,6.0,01_시즌
2024,2024-09-22,겨울_스웨터_T-에리_ZB,250,20559720,99000.0,13402.0,81948.0,9,75695.0,56855.0,82239.0,17.0,01_시즌
2024,2024-09-22,겨울_스웨터_Turtle_ZB,0,0,159000.0,16298.0,,9,120063.0,68760.0,120063.0,24.0,01_시즌
2024,2024-09-22,겨울_스웨터_VEST_ZB,28,2217600,99000.0,8740.0,79200.0,9,79090.0,62121.0,79200.0,20.0,01_시즌
2024,2024-09-22,겨울_스웨터_라운드_ZA,58,6396780,139000.0,16748.0,110289.0,9,108381.0,81980.0,110289.0,21.0,01_시즌
2024,2024-09-22,겨울_스웨터_라운드_ZB,246,19350540,99000.0,14285.0,78715.0,9,78898.0,57205.0,78661.0,21.0,01_시즌
2024,2024-09-22,겨울_스웨터_오픈형(CARDIGAN)_ZA,0,0,179000.0,21238.0,,9,,102238.0,102238.0,43.0,01_시즌
2024,2024-09-22,겨울_우븐 셔츠_캐쥬얼셔츠_ZB,431,31409340,103000.0,10932.0,76646.0,9,73207.0,59796.0,72875.0,29.0,01_시즌
2024,2024-09-22,겨울_자켓_싱글재킷_ZA,107,25337260,299000.0,37539.0,236624.0,9,236095.0,214755.0,236797.0,21.0,01_시즌
2024,2024-09-22,겨울_점퍼_점퍼_ZB,230,45357840,249000.0,42466.0,197580.0,9,194739.0,154908.0,197208.0,21.0,01_시즌
2024,2024-09-22,겨울_점퍼_점퍼_ZG,0,0,129000.0,21190.0,,9,103200.0,79060.0,103200.0,20.0,01_시즌
2024,2024-09-22,겨울_점퍼_패딩점퍼_ZB,11,1891300,224000.0,32296.0,177778.0,9,180525.0,139210.0,171936.0,23.0,01_시즌
2024,2024-09-22,겨울_조끼_패딩베스트_ZB,19,2866800,159000.0,21916.0,126534.0,9,122439.0,85242.0,150884.0,5.0,01_시즌
2024,2024-09-22,겨울_팬츠_팬츠(일반)_ZA,21,2040780,129000.0,16829.0,97180.0,9,103171.0,81688.0,97180.0,25.0,01_시즌
2024,2024-09-22,겨울_팬츠_팬츠(일반)_ZB,436,34063220,99000.0,12257.0,78102.0,9,74650.0,59970.0,78127.0,21.0,01_시즌
2024,2024-09-22,겨울_팬츠_팬츠(일반)_ZG,0,0,129000.0,17020.0,,9,99975.0,73736.0,99975.0,22.0,01_시즌
2024,2024-09-22,사계절_데님_데님자켓_ZB,45,3215000,155667.0,18886.0,72334.0,9,79412.0,83945.0,71444.0,54.0,01_시즌
2024,2024-09-22,사계절_데님_데님팬츠_ZB,158,7973177,99000.0,15786.0,58020.0,9,58071.0,49757.0,50463.0,49.0,01_시즌
2024,2024-09-22,사계절_수트_블레이져(수트)_ZB,587,72354511,259000.0,42625.0,114106.0,9,121390.0,131261.0,123262.0,52.0,01_시즌
2024,2024-09-22,사계절_수트_블레이져(수트)_ZC,147,21642500,259000.0,44254.0,151982.0,9,150389.0,148324.0,147228.0,43.0,01_시즌
2024,2024-09-22,사계절_수트_수트팬츠_ZB,691,43721652,139000.0,20924.0,59218.0,9,64184.0,69377.0,63273.0,54.0,01_시즌
2024,2024-09-22,사계절_수트_수트팬츠_ZC,125,9671700,139000.0,21438.0,76743.0,9,78122.0,78577.0,77374.0,44.0,01_시즌
2024,2024-09-22,사계절_우븐 셔츠_드레스셔츠_ZB,3077,89864500,79000.0,7628.0,30273.0,9,29739.0,33114.0,29205.0,63.0,01_시즌
2024,2024-09-22,여름_니트 셔츠_라운드_ZB,2021,38113278,79000.0,7438.0,18914.0,9,19215.0,29498.0,18859.0,76.0,01_시즌
2024,2024-09-22,여름_니트 셔츠_라운드_ZG,111,3219000,99000.0,10085.0,29000.0,9,29078.0,38377.0,29000.0,71.0,01_시즌
2024,2024-09-22,여름_니트 셔츠_티에리_ZA,116,2297407,99000.0,9835.0,19584.0,9,20125.0,33828.0,19805.0,80.0,01_시즌
2024,2024-09-22,여름_니트 셔츠_티에리_ZB,129,2371000,79000.0,8758.0,18324.0,9,20098.0,32296.0,18380.0,77.0,01_시즌
2024,2024-09-22,여름_수트_블레이져(수트)_ZA,36,4569500,399000.0,77369.0,156716.0,9,151090.0,216403.0,126931.0,68.0,01_시즌
2024,2024-09-22,여름_수트_블레이져(수트)_ZB,324,28042000,279000.0,52695.0,86779.0,9,86833.0,160776.0,86549.0,69.0,01_시즌
2024,2024-09-22,여름_수트_블레이져(수트)_ZC,8,682000,279000.0,56977.0,85250.0,9,86556.0,161147.0,85250.0,69.0,01_시즌
2024,2024-09-22,여름_수트_수트팬츠_ZA,39,3002000,231000.0,41682.0,91507.0,9,89753.0,126622.0,76974.0,67.0,01_시즌
2024,2024-09-22,여름_수트_수트팬츠_ZB,346,20980200,149000.0,26660.0,62105.0,9,60741.0,90772.0,60636.0,59.0,01_시즌
2024,2024-09-22,여름_수트_수트팬츠_ZC,22,1329700,149000.0,28158.0,60441.0,9,63059.0,93396.0,60441.0,59.0,01_시즌
2024,2024-09-22,여름_스웨터_T-에리_ZA,34,1630100,109000.0,14136.0,47944.0,9,49556.0,54575.0,47944.0,56.0,01_시즌
2024,2024-09-22,여름_스웨터_T-에리_ZB,264,7817564,91500.0,12596.0,36432.0,9,36931.0,46143.0,29612.0,68.0,01_시즌
2024,2024-09-22,여름_스웨터_라운드_ZA,17,493000,109000.0,13614.0,29000.0,9,29472.0,43521.0,29000.0,73.0,01_시즌
2024,2024-09-22,여름_스웨터_라운드_ZB,206,6114000,94000.0,14528.0,29409.0,9,29948.0,42897.0,29680.0,68.0,01_시즌
2024,2024-09-22,여름_스웨터_오픈형(CARDIGAN)_ZA,14,556000,129000.0,14208.0,39714.0,9,40259.0,53541.0,39714.0,69.0,01_시즌
2024,2024-09-22,여름_우븐 셔츠_캐쥬얼셔츠_ZA,79,1791000,85667.0,9677.0,28935.0,9,28535.0,40111.0,22671.0,74.0,01_시즌
2024,2024-09-22,여름_우븐 셔츠_캐쥬얼셔츠_ZB,721,13823281,79000.0,8769.0,23440.0,9,22896.0,32585.0,19172.0,76.0,01_시즌
2024,2024-09-22,여름_자켓_싱글재킷_ZA,140,15930600,311857.0,40036.0,136454.0,9,131183.0,165002.0,113790.0,64.0,01_시즌
2024,2024-09-22,여름_점퍼_점퍼_ZA,14,2440200,249000.0,34968.0,174300.0,9,155378.0,162956.0,174300.0,30.0,01_시즌
2024,2024-09-22,여름_점퍼_점퍼_ZB,2,528000,249000.0,24849.0,100209.0,9,101424.0,108673.0,264000.0,-6.0,01_시즌
2024,2024-09-22,여름_점퍼_점퍼_ZG,-3,-347000,249000.0,30900.0,98875.0,9,88707.0,101942.0,115667.0,54.0,01_시즌
2024,2024-09-22,여름_팬츠_반바지_ZA,17,323000,79000.0,12359.0,19000.0,9,19461.0,33735.0,19000.0,76.0,01_시즌
2024,2024-09-22,여름_팬츠_반바지_ZB,85,1615000,79000.0,7846.0,19000.0,9,18976.0,24963.0,19000.0,76.0,01_시즌
2024,2024-09-22,여름_팬츠_반바지_ZG,33,957000,79000.0,12805.0,29000.0,9,29262.0,36024.0,29000.0,63.0,01_시즌
2024,2024-09-22,여름_팬츠_팬츠(일반)_ZA,152,12560100,129000.0,13020.0,84637.0,9,75911.0,77326.0,82632.0,36.0,01_시즌
2024,2024-09-22,여름_팬츠_팬츠(일반)_ZB,500,14325172,99000.0,11930.0,28570.0,9,28631.0,41765.0,28650.0,71.0,01_시즌
2024,2024-09-22,여름_팬츠_팬츠(일반)_ZG,19,731000,129000.0,19582.0,38474.0,9,38899.0,53606.0,38474.0,70.0,01_시즌
2024,2024-09-29,가을_니트 셔츠_라운드_ZB,126,2394000,79000.0,6042.0,19000.0,9,18882.0,18560.0,19000.0,76.0,01_시즌
2024,2024-09-29,가을_니트 셔츠_티에리_ZB,57,971545,79000.0,8732.0,17045.0,9,19540.0,25900.0,17045.0,78.0,01_시즌
2024,2024-09-29,가을_수트_블레이져(수트)_ZB,486,88835900,279000.0,50594.0,183484.0,9,200871.0,167269.0,182790.0,34.0,01_시즌
2024,2024-09-29,가을_수트_블레이져(수트)_ZC,150,27271300,279000.0,52887.0,181809.0,9,200709.0,169658.0,181809.0,35.0,01_시즌
2024,2024-09-29,가을_수트_수트팬츠_ZB,531,44726380,149000.0,25443.0,85087.0,9,104531.0,82586.0,84230.0,43.0,01_시즌
2024,2024-09-29,가을_수트_수트팬츠_ZC,145,12228470,149000.0,25262.0,84334.0,9,104781.0,84974.0,84334.0,43.0,01_시즌
2024,2024-09-29,가을_스웨터_T-에리_ZA,25,-115000,109000.0,15150.0,,9,51545.0,47292.0,51545.0,53.0,01_시즌
2024,2024-09-29,가을_스웨터_T-에리_ZB,67,2657100,89000.0,18890.0,39658.0,9,51562.0,50174.0,39658.0,55.0,01_시즌
2024,2024-09-29,가을_우븐 셔츠_캐쥬얼셔츠_ZB,353,14591000,79000.0,8819.0,41278.0,9,53441.0,41925.0,41334.0,48.0,01_시즌
2024,2024-09-29,가을_자켓_싱글재킷_ZA,106,15918760,299000.0,38902.0,150177.0,9,206415.0,125192.0,150177.0,50.0,01_시즌
2024,2024-09-29,가을_점퍼_점퍼_ZA,45,5574800,199000.0,28588.0,123884.0,9,150990.0,92726.0,123884.0,38.0,01_시즌
2024,2024-09-29,가을_팬츠_팬츠(일반)_ZA,112,7445880,129000.0,19553.0,66481.0,9,89761.0,55762.0,66481.0,48.0,01_시즌
2024,2024-09-29,가을_팬츠_팬츠(일반)_ZB,579,29462800,99000.0,10944.0,50886.0,9,65262.0,53779.0,50886.0,49.0,01_시즌
2024,2024-09-29,겨울_니트 셔츠_라운드_ZA,102,8032360,99000.0,13130.0,78749.0,9,78281.0,61080.0,78749.0,20.0,01_시즌
2024,2024-09-29,겨울_니트 셔츠_라운드_ZB,157,8224800,79000.0,7869.0,62407.0,9,61838.0,43447.0,52387.0,34.0,01_시즌
2024,2024-09-29,겨울_니트 셔츠_라운드_ZG,21,1514700,99000.0,13913.0,72180.0,9,76204.0,53428.0,72129.0,27.0,01_시즌
2024,2024-09-29,겨울_니트 셔츠_티에리_ZA,47,4367300,119000.0,14630.0,92921.0,9,93951.0,68233.0,92921.0,22.0,01_시즌
2024,2024-09-29,겨울_니트 셔츠_티에리_ZB,17,1346400,99000.0,10884.0,79200.0,9,79091.0,56741.0,79200.0,20.0,01_시즌
2024,2024-09-29,겨울_니트 셔츠_후드티_ZG,2,138500,119000.0,16170.0,69250.0,9,83950.0,63900.0,69250.0,42.0,01_시즌
2024,2024-09-29,겨울_사파리_패딩사파리_ZB,-3,-1197000,399000.0,25274.0,399000.0,9,399000.0,201703.0,399000.0,0.0,01_시즌
2024,2024-09-29,겨울_수트_블레이져(수트)_ZA,62,19657700,414000.0,74500.0,330342.0,9,324460.0,284983.0,317060.0,23.0,01_시즌
2024,2024-09-29,겨울_수트_블레이져(수트)_ZB,309,68410800,279000.0,49443.0,222931.0,9,220913.0,207169.0,221394.0,21.0,01_시즌
2024,2024-09-29,겨울_수트_블레이져(수트)_ZC,95,21246700,315667.0,54612.0,246801.0,9,243161.0,223349.0,223649.0,29.0,01_시즌
2024,2024-09-29,겨울_수트_수트팬츠_ZA,66,11454300,234000.0,40995.0,187451.0,9,183712.0,161162.0,173550.0,26.0,01_시즌
2024,2024-09-29,겨울_수트_수트팬츠_ZB,365,43284500,149000.0,25690.0,119501.0,9,117855.0,110732.0,118588.0,20.0,01_시즌
2024,2024-09-29,겨울_수트_수트팬츠_ZC,85,10238500,169000.0,28383.0,132089.0,9,130111.0,119713.0,120453.0,29.0,01_시즌
2024,2024-09-29,겨울_스웨터_T-에리_ZA,17,2210100,139000.0,20590.0,130006.0,9,130006.0,86794.0,130006.0,6.0,01_시즌
2024,2024-09-29,겨울_스웨터_T-에리_ZB,333,22815130,99000.0,13402.0,68184.0,9,75695.0,56855.0,68514.0,31.0,01_시즌
2024,2024-09-29,겨울_스웨터_Turtle_ZB,41,4922600,159000.0,16298.0,120063.0,9,120063.0,68760.0,120063.0,24.0,01_시즌
2024,2024-09-29,겨울_스웨터_VEST_ZB,27,2108700,99000.0,8740.0,78100.0,9,79090.0,62121.0,78100.0,21.0,01_시즌
2024,2024-09-29,겨울_스웨터_라운드_ZA,62,6247900,139000.0,16313.0,100773.0,9,108381.0,81980.0,100773.0,28.0,01_시즌
2024,2024-09-29,겨울_스웨터_라운드_ZB,286,20486160,99000.0,14285.0,79764.0,9,78898.0,57205.0,71630.0,28.0,01_시즌
2024,2024-09-29,겨울_스웨터_오픈형(CARDIGAN)_ZA,0,0,179000.0,21238.0,,9,,102238.0,102238.0,43.0,01_시즌
2024,2024-09-29,겨울_우븐 셔츠_캐쥬얼셔츠_ZB,342,23788840,103000.0,10932.0,74810.0,9,73207.0,59796.0,69558.0,32.0,01_시즌
2024,2024-09-29,겨울_자켓_싱글재킷_ZA,121,28761480,299000.0,37539.0,237700.0,9,236095.0,214755.0,237698.0,21.0,01_시즌
2024,2024-09-29,겨울_점퍼_점퍼_ZB,212,41901720,249000.0,42466.0,197289.0,9,194739.0,154908.0,197650.0,21.0,01_시즌
2024,2024-09-29,겨울_점퍼_점퍼_ZG,11,1135200,129000.0,21190.0,103200.0,9,103200.0,79060.0,103200.0,20.0,01_시즌
2024,2024-09-29,겨울_점퍼_패딩점퍼_ZB,12,2112000,224000.0,32296.0,165920.0,9,180525.0,139210.0,176000.0,21.0,01_시즌
2024,2024-09-29,겨울_조끼_패딩베스트_ZB,5,335100,159000.0,21916.0,137650.0,9,122439.0,85242.0,67020.0,58.0,01_시즌
2024,2024-09-29,겨울_팬츠_팬츠(일반)_ZA,25,2567100,129000.0,16829.0,102684.0,9,103171.0,81688.0,102684.0,20.0,01_시즌
2024,2024-09-29,겨울_팬츠_팬츠(일반)_ZB,469,33161060,103286.0,12827.0,71843.0,9,74650.0,59970.0,70706.0,32.0,01_시즌
2024,2024-09-29,겨울_팬츠_팬츠(일반)_ZG,12,1199700,129000.0,17020.0,99975.0,9,99975.0,73736.0,99975.0,22.0,01_시즌
2024,2024-09-29,사계절_데님_데님자켓_ZB,87,7390700,155667.0,18886.0,84694.0,9,79412.0,83945.0,84951.0,45.0,01_시즌
2024,2024-09-29,사계절_데님_데님팬츠_ZB,260,10046761,99000.0,15786.0,53089.0,9,58071.0,49757.0,38641.0,61.0,01_시즌
2024,2024-09-29,사계절_수트_블레이져(수트)_ZB,403,52197756,259000.0,42625.0,117340.0,9,121390.0,131261.0,129523.0,50.0,01_시즌
2024,2024-09-29,사계절_수트_블레이져(수트)_ZC,130,19476800,259000.0,44254.0,146552.0,9,150389.0,148324.0,149822.0,42.0,01_시즌
2024,2024-09-29,사계절_수트_수트팬츠_ZB,454,30457180,139000.0,20924.0,62061.0,9,64184.0,69377.0,67086.0,52.0,01_시즌
2024,2024-09-29,사계절_수트_수트팬츠_ZC,138,10926900,139000.0,21438.0,80352.0,9,78122.0,78577.0,79180.0,43.0,01_시즌
2024,2024-09-29,사계절_우븐 셔츠_드레스셔츠_ZB,2920,85941000,79000.0,7628.0,30385.0,9,29739.0,33114.0,29432.0,63.0,01_시즌
2024,2024-09-29,여름_니트 셔츠_라운드_ZB,871,16102938,79000.0,7438.0,18630.0,9,19215.0,29498.0,18488.0,77.0,01_시즌
2024,2024-09-29,여름_니트 셔츠_라운드_ZG,47,1363000,99000.0,10085.0,29000.0,9,29078.0,38377.0,29000.0,71.0,01_시즌
2024,2024-09-29,여름_니트 셔츠_티에리_ZA,84,1662270,99000.0,9835.0,19552.0,9,20125.0,33828.0,19789.0,80.0,01_시즌
2024,2024-09-29,여름_니트 셔츠_티에리_ZB,69,1331000,79000.0,8758.0,19326.0,9,20098.0,32296.0,19290.0,76.0,01_시즌
2024,2024-09-29,여름_수트_블레이져(수트)_ZA,31,3900000,399000.0,77369.0,136561.0,9,151090.0,216403.0,125806.0,68.0,01_시즌
2024,2024-09-29,여름_수트_블레이져(수트)_ZB,226,19411000,279000.0,52695.0,87110.0,9,86833.0,160776.0,85889.0,69.0,01_시즌
2024,2024-09-29,여름_수트_블레이져(수트)_ZC,13,1141000,279000.0,56977.0,87769.0,9,86556.0,161147.0,87769.0,69.0,01_시즌
2024,2024-09-29,여름_수트_수트팬츠_ZA,39,3091000,231000.0,41682.0,82667.0,9,89753.0,126622.0,79256.0,66.0,01_시즌
2024,2024-09-29,여름_수트_수트팬츠_ZB,247,14944300,149000.0,26660.0,63041.0,9,60741.0,90772.0,60503.0,59.0,01_시즌
2024,2024-09-29,여름_수트_수트팬츠_ZC,17,1106100,149000.0,28158.0,65065.0,9,63059.0,93396.0,65065.0,56.0,01_시즌
2024,2024-09-29,여름_스웨터_T-에리_ZA,14,686000,109000.0,14136.0,49000.0,9,49556.0,54575.0,49000.0,55.0,01_시즌
2024,2024-09-29,여름_스웨터_T-에리_ZB,120,3491835,91500.0,12596.0,36838.0,9,36931.0,46143.0,29099.0,68.0,01_시즌
2024,2024-09-29,여름_스웨터_라운드_ZA,8,232000,109000.0,13614.0,29000.0,9,29472.0,43521.0,29000.0,73.0,01_시즌
2024,2024-09-29,여름_스웨터_라운드_ZB,106,3094000,94000.0,14528.0,29325.0,9,29948.0,42897.0,29189.0,69.0,01_시즌
2024,2024-09-29,여름_스웨터_오픈형(CARDIGAN)_ZA,8,312000,129000.0,14208.0,39000.0,9,40259.0,53541.0,39000.0,70.0,01_시즌
2024,2024-09-29,여름_우븐 셔츠_캐쥬얼셔츠_ZA,52,1218000,85667.0,9677.0,24000.0,9,28535.0,40111.0,23423.0,73.0,01_시즌
2024,2024-09-29,여름_우븐 셔츠_캐쥬얼셔츠_ZB,768,14751151,79000.0,8769.0,22816.0,9,22896.0,32585.0,19207.0,76.0,01_시즌
2024,2024-09-29,여름_자켓_싱글재킷_ZA,23,2189400,311857.0,40036.0,138475.0,9,131183.0,165002.0,95191.0,69.0,01_시즌
2024,2024-09-29,여름_점퍼_점퍼_ZA,14,2440200,249000.0,34968.0,174300.0,9,155378.0,162956.0,174300.0,30.0,01_시즌
2024,2024-09-29,여름_점퍼_점퍼_ZB,151,12869000,249000.0,24849.0,85099.0,9,101424.0,108673.0,85225.0,66.0,01_시즌
2024,2024-09-29,여름_점퍼_점퍼_ZG,46,4204000,249000.0,30900.0,89084.0,9,88707.0,101942.0,91391.0,63.0,01_시즌
2024,2024-09-29,여름_팬츠_반바지_ZA,7,133000,79000.0,12359.0,19000.0,9,19461.0,33735.0,19000.0,76.0,01_시즌
2024,2024-09-29,여름_팬츠_반바지_ZB,22,418000,79000.0,7846.0,19000.0,9,18976.0,24963.0,19000.0,76.0,01_시즌
2024,2024-09-29,여름_팬츠_반바지_ZG,12,348000,79000.0,12805.0,29000.0,9,29262.0,36024.0,29000.0,63.0,01_시즌
2024,2024-09-29,여름_팬츠_팬츠(일반)_ZA,70,5326000,129000.0,13020.0,77703.0,9,75911.0,77326.0,76086.0,41.0,01_시즌
2024,2024-09-29,여름_팬츠_팬츠(일반)_ZB,1159,24849222,99000.0,11930.0,25039.0,9,28631.0,41765.0,21440.0,78.0,01_시즌
2024,2024-09-29,여름_팬츠_팬츠(일반)_ZG,21,819000,129000.0,19582.0,39000.0,9,38899.0,53606.0,39000.0,70.0,01_시즌
2024,2024-10-06,가을_니트 셔츠_라운드_ZB,596,11718400,79000.0,6042.0,19392.0,10,19098.0,18560.0,19662.0,75.0,01_시즌
2024,2024-10-06,가을_니트 셔츠_티에리_ZB,44,883981,79000.0,8732.0,20090.0,10,17840.0,25900.0,20090.0,75.0,01_시즌
2024,2024-10-06,가을_수트_블레이져(수트)_ZB,863,154453200,279000.0,50594.0,178758.0,10,153830.0,167269.0,178972.0,36.0,01_시즌
2024,2024-10-06,가을_수트_블레이져(수트)_ZC,199,35593600,279000.0,52887.0,178862.0,10,171903.0,169658.0,178862.0,36.0,01_시즌
2024,2024-10-06,가을_수트_수트팬츠_ZB,902,72339700,149000.0,25443.0,80063.0,10,67821.0,82586.0,80199.0,46.0,01_시즌
2024,2024-10-06,가을_수트_수트팬츠_ZC,226,18087200,149000.0,25262.0,80032.0,10,76554.0,84974.0,80032.0,46.0,01_시즌
2024,2024-10-06,가을_스웨터_T-에리_ZA,40,1470000,109000.0,15150.0,36750.0,10,38438.0,47292.0,36750.0,66.0,01_시즌
2024,2024-10-06,가을_스웨터_T-에리_ZB,29,1041000,89000.0,18890.0,35897.0,10,38224.0,50174.0,35897.0,60.0,01_시즌
2024,2024-10-06,가을_우븐 셔츠_캐쥬얼셔츠_ZB,427,16596600,79000.0,8819.0,38874.0,10,31328.0,41925.0,38868.0,51.0,01_시즌
2024,2024-10-06,가을_자켓_싱글재킷_ZA,227,28382500,299000.0,38902.0,125033.0,10,103162.0,125192.0,125033.0,58.0,01_시즌
2024,2024-10-06,가을_점퍼_점퍼_ZA,177,18173100,199000.0,28588.0,102673.0,10,80728.0,92726.0,102673.0,48.0,01_시즌
2024,2024-10-06,가을_팬츠_팬츠(일반)_ZA,227,13324600,129000.0,19553.0,58699.0,10,47599.0,55762.0,58699.0,54.0,01_시즌
2024,2024-10-06,가을_팬츠_팬츠(일반)_ZB,464,22546740,99000.0,10944.0,48592.0,10,41950.0,53779.0,48592.0,51.0,01_시즌
2024,2024-10-06,겨울_니트 셔츠_라운드_ZA,194,15034140,99000.0,13130.0,77496.0,10,72909.0,61080.0,77496.0,22.0,01_시즌
2024,2024-10-06,겨울_니트 셔츠_라운드_ZB,496,27490000,79000.0,7870.0,60556.0,10,46295.0,43447.0,55423.0,30.0,01_시즌
2024,2024-10-06,겨울_니트 셔츠_라운드_ZG,32,2465100,99000.0,13913.0,77016.0,10,72622.0,53428.0,77034.0,22.0,01_시즌
2024,2024-10-06,겨울_니트 셔츠_티에리_ZA,114,10671900,119000.0,14630.0,93613.0,10,85385.0,68233.0,93613.0,21.0,01_시즌
2024,2024-10-06,겨울_니트 셔츠_티에리_ZB,59,4613400,99000.0,10884.0,78193.0,10,54988.0,56741.0,78193.0,21.0,01_시즌
2024,2024-10-06,겨울_니트 셔츠_후드티_ZG,10,952000,119000.0,16170.0,95200.0,10,86150.0,63900.0,95200.0,20.0,01_시즌
2024,2024-10-06,겨울_사파리_패딩사파리_ZB,0,0,399000.0,29263.0,,10,319468.0,201703.0,319468.0,20.0,01_시즌
2024,2024-10-06,겨울_수트_블레이져(수트)_ZA,117,36851680,414000.0,74500.0,324323.0,10,322313.0,284983.0,314972.0,24.0,01_시즌
2024,2024-10-06,겨울_수트_블레이져(수트)_ZB,669,146793060,279000.0,51174.0,219180.0,10,217591.0,207169.0,219422.0,21.0,01_시즌
2024,2024-10-06,겨울_수트_블레이져(수트)_ZC,176,40099160,315667.0,58879.0,244079.0,10,243619.0,223349.0,227836.0,28.0,01_시즌
2024,2024-10-06,겨울_수트_수트팬츠_ZA,131,22619820,234000.0,40995.0,183286.0,10,182113.0,161162.0,172670.0,26.0,01_시즌
2024,2024-10-06,겨울_수트_수트팬츠_ZB,683,80024920,149000.0,26077.0,116965.0,10,116159.0,110732.0,117167.0,21.0,01_시즌
2024,2024-10-06,겨울_수트_수트팬츠_ZC,177,21591800,169000.0,29142.0,131920.0,10,131077.0,119713.0,121988.0,28.0,01_시즌
2024,2024-10-06,겨울_스웨터_T-에리_ZA,30,3961500,139000.0,20590.0,132050.0,10,119623.0,86794.0,132050.0,5.0,01_시즌
2024,2024-10-06,겨울_스웨터_T-에리_ZB,778,52886600,99000.0,13417.0,67956.0,10,61806.0,56855.0,67978.0,31.0,01_시즌
2024,2024-10-06,겨울_스웨터_Turtle_ZB,80,9714900,119000.0,15076.0,119937.0,10,97449.0,68760.0,121436.0,-2.0,01_시즌
2024,2024-10-06,겨울_스웨터_VEST_ZB,53,4078800,99000.0,8740.0,76958.0,10,73182.0,62121.0,76958.0,22.0,01_시즌
2024,2024-10-06,겨울_스웨터_라운드_ZA,167,18281200,139000.0,16431.0,119346.0,10,109782.0,81980.0,109468.0,21.0,01_시즌
2024,2024-10-06,겨울_스웨터_라운드_ZB,855,62199710,99000.0,14285.0,79145.0,10,64021.0,57205.0,72748.0,27.0,01_시즌
2024,2024-10-06,겨울_스웨터_오픈형(CARDIGAN)_ZA,31,5119400,179000.0,21503.0,154835.0,10,149924.0,102238.0,165142.0,8.0,01_시즌
2024,2024-10-06,겨울_우븐 셔츠_캐쥬얼셔츠_ZB,720,52141660,103000.0,10932.0,75591.0,10,67316.0,59796.0,72419.0,30.0,01_시즌
2024,2024-10-06,겨울_자켓_싱글재킷_ZA,329,81220140,332333.0,42772.0,285320.0,10,265127.0,214755.0,246870.0,26.0,01_시즌
2024,2024-10-06,겨울_점퍼_점퍼_ZB,640,126308640,249000.0,42466.0,197328.0,10,181863.0,154908.0,197357.0,21.0,01_시즌
2024,2024-10-06,겨울_점퍼_점퍼_ZG,29,2967000,129000.0,21190.0,102310.0,10,100566.0,79060.0,102310.0,21.0,01_시즌
2024,2024-10-06,겨울_점퍼_패딩점퍼_ZB,37,6113900,224000.0,32296.0,161460.0,10,181644.0,139210.0,165241.0,26.0,01_시즌
2024,2024-10-06,겨울_조끼_패딩베스트_ZB,23,3310100,159000.0,21916.0,131469.0,10,102830.0,85242.0,143917.0,9.0,01_시즌
2024,2024-10-06,겨울_코트_싱글코트_ZA,0,0,499000.0,76205.0,,10,495420.0,331688.0,495420.0,1.0,01_시즌
2024,2024-10-06,겨울_코트_싱글코트_ZB,5,1995000,349000.0,58256.0,399000.0,10,290806.0,189153.0,399000.0,-14.0,01_시즌
2024,2024-10-06,겨울_팬츠_팬츠(일반)_ZA,91,9099360,129000.0,16829.0,99993.0,10,99372.0,81688.0,99993.0,22.0,01_시즌
2024,2024-10-06,겨울_팬츠_팬츠(일반)_ZB,1175,86826810,102750.0,12854.0,79302.0,10,69152.0,59970.0,73895.0,28.0,01_시즌
2024,2024-10-06,겨울_팬츠_팬츠(일반)_ZG,17,1596500,129000.0,17020.0,93912.0,10,90976.0,73736.0,93912.0,27.0,01_시즌
2024,2024-10-06,사계절_데님_데님자켓_ZB,192,14664500,155667.0,18886.0,81675.0,10,85729.0,83945.0,76378.0,51.0,01_시즌
2024,2024-10-06,사계절_데님_데님팬츠_ZB,281,17575057,99000.0,15786.0,57024.0,10,56143.0,49757.0,62545.0,37.0,01_시즌
2024,2024-10-06,사계절_수트_블레이져(수트)_ZB,499,66372919,259000.0,42625.0,120434.0,10,115770.0,131261.0,133012.0,49.0,01_시즌
2024,2024-10-06,사계절_수트_블레이져(수트)_ZC,130,19526500,259000.0,44254.0,151094.0,10,149819.0,148324.0,150204.0,42.0,01_시즌
2024,2024-10-06,사계절_수트_수트팬츠_ZB,569,39000916,139000.0,20924.0,63134.0,10,61264.0,69377.0,68543.0,51.0,01_시즌
2024,2024-10-06,사계절_수트_수트팬츠_ZC,133,10518100,139000.0,21438.0,78610.0,10,79250.0,78577.0,79083.0,43.0,01_시즌
2024,2024-10-06,사계절_우븐 셔츠_드레스셔츠_ZB,4329,128327100,79000.0,7624.0,31455.0,10,30956.0,33114.0,29644.0,62.0,01_시즌
2024,2024-10-13,가을_니트 셔츠_라운드_ZB,71,1349000,79000.0,6042.0,19000.0,10,19098.0,18560.0,19000.0,76.0,01_시즌
2024,2024-10-13,가을_니트 셔츠_티에리_ZB,31,552110,79000.0,8732.0,17810.0,10,17840.0,25900.0,17810.0,77.0,01_시즌
2024,2024-10-13,가을_수트_블레이져(수트)_ZB,600,98101900,279000.0,50594.0,161055.0,10,153830.0,167269.0,163503.0,41.0,01_시즌
2024,2024-10-13,가을_수트_블레이져(수트)_ZC,147,26259300,279000.0,52887.0,178635.0,10,171903.0,169658.0,178635.0,36.0,01_시즌
2024,2024-10-13,가을_수트_수트팬츠_ZB,640,46430500,149000.0,25443.0,70854.0,10,67821.0,82586.0,72548.0,51.0,01_시즌
2024,2024-10-13,가을_수트_수트팬츠_ZC,155,12368000,149000.0,25262.0,79794.0,10,76554.0,84974.0,79794.0,46.0,01_시즌
2024,2024-10-13,가을_스웨터_T-에리_ZA,20,780000,109000.0,15150.0,39000.0,10,38438.0,47292.0,39000.0,64.0,01_시즌
2024,2024-10-13,가을_스웨터_T-에리_ZB,14,546000,89000.0,18890.0,39000.0,10,38224.0,50174.0,39000.0,56.0,01_시즌
2024,2024-10-13,가을_우븐 셔츠_캐쥬얼셔츠_ZB,378,12505500,79000.0,8819.0,33146.0,10,31328.0,41925.0,33083.0,58.0,01_시즌
2024,2024-10-13,가을_자켓_싱글재킷_ZA,157,16385000,299000.0,38902.0,104363.0,10,103162.0,125192.0,104363.0,65.0,01_시즌
2024,2024-10-13,가을_점퍼_점퍼_ZA,159,13054000,199000.0,28588.0,82101.0,10,80728.0,92726.0,82101.0,59.0,01_시즌
2024,2024-10-13,가을_팬츠_팬츠(일반)_ZA,166,8152900,129000.0,19553.0,49114.0,10,47599.0,55762.0,49114.0,62.0,01_시즌
2024,2024-10-13,가을_팬츠_팬츠(일반)_ZB,406,16729700,99000.0,10944.0,41206.0,10,41950.0,53779.0,41206.0,58.0,01_시즌
2024,2024-10-13,겨울_니트 셔츠_라운드_ZA,163,12517060,99000.0,13130.0,76792.0,10,72909.0,61080.0,76792.0,22.0,01_시즌
2024,2024-10-13,겨울_니트 셔츠_라운드_ZB,616,28104700,79000.0,7870.0,47354.0,10,46295.0,43447.0,45625.0,42.0,01_시즌
2024,2024-10-13,겨울_니트 셔츠_라운드_ZG,38,2910100,99000.0,13913.0,77266.0,10,72622.0,53428.0,76582.0,23.0,01_시즌
2024,2024-10-13,겨울_니트 셔츠_티에리_ZA,75,6915800,119000.0,14630.0,92211.0,10,85385.0,68233.0,92211.0,23.0,01_시즌
2024,2024-10-13,겨울_니트 셔츠_티에리_ZB,60,3172700,99000.0,10884.0,52878.0,10,54988.0,56741.0,52878.0,47.0,01_시즌
2024,2024-10-13,겨울_니트 셔츠_후드티_ZG,8,761600,119000.0,16170.0,95200.0,10,86150.0,63900.0,95200.0,20.0,01_시즌
2024,2024-10-13,겨울_사파리_패딩사파리_ZB,0,0,399000.0,29263.0,,10,319468.0,201703.0,319468.0,20.0,01_시즌
2024,2024-10-13,겨울_수트_블레이져(수트)_ZA,69,21788300,414000.0,74500.0,328201.0,10,322313.0,284983.0,315772.0,24.0,01_시즌
2024,2024-10-13,겨울_수트_블레이져(수트)_ZB,546,120770320,279000.0,51174.0,221481.0,10,217591.0,207169.0,221191.0,21.0,01_시즌
2024,2024-10-13,겨울_수트_블레이져(수트)_ZC,175,39968840,315667.0,58879.0,248975.0,10,243619.0,223349.0,228393.0,28.0,01_시즌
2024,2024-10-13,겨울_수트_수트팬츠_ZA,85,14650700,234000.0,40995.0,185173.0,10,182113.0,161162.0,172361.0,26.0,01_시즌
2024,2024-10-13,겨울_수트_수트팬츠_ZB,545,64331980,149000.0,26077.0,118067.0,10,116159.0,110732.0,118040.0,21.0,01_시즌
2024,2024-10-13,겨울_수트_수트팬츠_ZC,175,21256760,169000.0,29142.0,133128.0,10,131077.0,119713.0,121467.0,28.0,01_시즌
2024,2024-10-13,겨울_스웨터_T-에리_ZA,15,1987700,139000.0,20590.0,132513.0,10,119623.0,86794.0,132513.0,5.0,01_시즌
2024,2024-10-13,겨울_스웨터_T-에리_ZB,840,51110980,99000.0,13417.0,60848.0,10,61806.0,56855.0,60846.0,39.0,01_시즌
2024,2024-10-13,겨울_스웨터_Turtle_ZB,187,20428800,119000.0,15076.0,106222.0,10,97449.0,68760.0,109245.0,8.0,01_시즌
2024,2024-10-13,겨울_스웨터_VEST_ZB,57,4336200,99000.0,8740.0,76074.0,10,73182.0,62121.0,76074.0,23.0,01_시즌
2024,2024-10-13,겨울_스웨터_라운드_ZA,107,11676000,139000.0,16431.0,117245.0,10,109782.0,81980.0,109121.0,21.0,01_시즌
2024,2024-10-13,겨울_스웨터_라운드_ZB,914,56205570,99000.0,14285.0,61316.0,10,64021.0,57205.0,61494.0,38.0,01_시즌
2024,2024-10-13,겨울_스웨터_오픈형(CARDIGAN)_ZA,52,9064800,179000.0,21503.0,174690.0,10,149924.0,102238.0,174323.0,3.0,01_시즌
2024,2024-10-13,겨울_우븐 셔츠_캐쥬얼셔츠_ZB,906,55420110,103000.0,10932.0,74538.0,10,67316.0,59796.0,61170.0,41.0,01_시즌
2024,2024-10-13,겨울_자켓_싱글재킷_ZA,237,57167880,332333.0,42772.0,269128.0,10,265127.0,214755.0,241215.0,27.0,01_시즌
2024,2024-10-13,겨울_점퍼_점퍼_ZB,546,99667980,249000.0,42466.0,182495.0,10,181863.0,154908.0,182542.0,27.0,01_시즌
2024,2024-10-13,겨울_점퍼_점퍼_ZG,10,1006200,129000.0,21190.0,100620.0,10,100566.0,79060.0,100620.0,22.0,01_시즌
2024,2024-10-13,겨울_점퍼_패딩점퍼_ZB,58,10301900,282333.0,39647.0,169180.0,10,181644.0,139210.0,177619.0,37.0,01_시즌
2024,2024-10-13,겨울_조끼_패딩베스트_ZB,66,7126000,159000.0,21916.0,107970.0,10,102830.0,85242.0,107970.0,32.0,01_시즌
2024,2024-10-13,겨울_코트_싱글코트_ZA,8,3882700,649000.0,99220.0,551278.0,10,495420.0,331688.0,485338.0,25.0,01_시즌
2024,2024-10-13,겨울_코트_싱글코트_ZB,17,5763800,349000.0,61924.0,333040.0,10,290806.0,189153.0,339047.0,3.0,01_시즌
2024,2024-10-13,겨울_팬츠_팬츠(일반)_ZA,50,5079680,129000.0,16829.0,101594.0,10,99372.0,81688.0,101594.0,21.0,01_시즌
2024,2024-10-13,겨울_팬츠_팬츠(일반)_ZB,1578,101685700,102750.0,12854.0,72166.0,10,69152.0,59970.0,64440.0,37.0,01_시즌
2024,2024-10-13,겨울_팬츠_팬츠(일반)_ZG,4,374100,129000.0,17020.0,93525.0,10,90976.0,73736.0,93525.0,28.0,01_시즌
2024,2024-10-13,사계절_데님_데님자켓_ZB,97,8338100,155667.0,18886.0,84942.0,10,85729.0,83945.0,85960.0,45.0,01_시즌
2024,2024-10-13,사계절_데님_데님팬츠_ZB,209,10431582,99000.0,15786.0,53236.0,10,56143.0,49757.0,49912.0,50.0,01_시즌
2024,2024-10-13,사계절_수트_블레이져(수트)_ZB,415,53011721,259000.0,42625.0,116868.0,10,115770.0,131261.0,127739.0,51.0,01_시즌
2024,2024-10-13,사계절_수트_블레이져(수트)_ZC,97,14541000,259000.0,44254.0,150424.0,10,149819.0,148324.0,149907.0,42.0,01_시즌
2024,2024-10-13,사계절_수트_수트팬츠_ZB,449,30246991,139000.0,20924.0,61915.0,10,61264.0,69377.0,67365.0,52.0,01_시즌
2024,2024-10-13,사계절_수트_수트팬츠_ZC,111,8833250,139000.0,21438.0,80204.0,10,79250.0,78577.0,79579.0,43.0,01_시즌
2024,2024-10-13,사계절_우븐 셔츠_드레스셔츠_ZB,3271,93692300,79000.0,7624.0,30477.0,10,30956.0,33114.0,28643.0,64.0,01_시즌
2024,2024-10-20,가을_니트 셔츠_라운드_ZB,29,551000,79000.0,6042.0,19000.0,10,19098.0,18560.0,19000.0,76.0,01_시즌
2024,2024-10-20,가을_니트 셔츠_티에리_ZB,81,1312042,79000.0,8732.0,16198.0,10,17840.0,25900.0,16198.0,79.0,01_시즌
2024,2024-10-20,가을_수트_블레이져(수트)_ZB,401,61203200,279000.0,50594.0,151631.0,10,153830.0,167269.0,152626.0,45.0,01_시즌
2024,2024-10-20,가을_수트_블레이져(수트)_ZC,114,20344650,279000.0,52887.0,178462.0,10,171903.0,169658.0,178462.0,36.0,01_시즌
2024,2024-10-20,가을_수트_수트팬츠_ZB,447,29887900,149000.0,25443.0,66574.0,10,67821.0,82586.0,66863.0,55.0,01_시즌
2024,2024-10-20,가을_수트_수트팬츠_ZC,127,10229850,149000.0,25262.0,80550.0,10,76554.0,84974.0,80550.0,46.0,01_시즌
2024,2024-10-20,가을_스웨터_T-에리_ZA,11,429000,109000.0,15150.0,39000.0,10,38438.0,47292.0,39000.0,64.0,01_시즌
2024,2024-10-20,가을_스웨터_T-에리_ZB,7,273000,89000.0,18890.0,39000.0,10,38224.0,50174.0,39000.0,56.0,01_시즌
2024,2024-10-20,가을_우븐 셔츠_캐쥬얼셔츠_ZB,376,10798670,79000.0,8819.0,28704.0,10,31328.0,41925.0,28720.0,64.0,01_시즌
2024,2024-10-20,가을_자켓_싱글재킷_ZA,97,10612550,299000.0,38902.0,109408.0,10,103162.0,125192.0,109408.0,63.0,01_시즌
2024,2024-10-20,가을_점퍼_점퍼_ZA,169,13021000,199000.0,28588.0,77047.0,10,80728.0,92726.0,77047.0,61.0,01_시즌
2024,2024-10-20,가을_팬츠_팬츠(일반)_ZA,99,4796100,129000.0,19553.0,48445.0,10,47599.0,55762.0,48445.0,62.0,01_시즌
2024,2024-10-20,가을_팬츠_팬츠(일반)_ZB,459,17872550,99000.0,10944.0,38938.0,10,41950.0,53779.0,38938.0,61.0,01_시즌
2024,2024-10-20,겨울_니트 셔츠_라운드_ZA,127,9923260,99000.0,13130.0,78136.0,10,72909.0,61080.0,78136.0,21.0,01_시즌
2024,2024-10-20,겨울_니트 셔츠_라운드_ZB,555,24128900,79000.0,7870.0,43765.0,10,46295.0,43447.0,43475.0,45.0,01_시즌
2024,2024-10-20,겨울_니트 셔츠_라운드_ZG,17,1267200,99000.0,13913.0,76725.0,10,72622.0,53428.0,74541.0,25.0,01_시즌
2024,2024-10-20,겨울_니트 셔츠_티에리_ZA,84,7984900,119000.0,14630.0,95058.0,10,85385.0,68233.0,95058.0,20.0,01_시즌
2024,2024-10-20,겨울_니트 셔츠_티에리_ZB,71,3328000,99000.0,10884.0,46873.0,10,54988.0,56741.0,46873.0,53.0,01_시즌
2024,2024-10-20,겨울_니트 셔츠_후드티_ZG,7,666400,119000.0,16170.0,95200.0,10,86150.0,63900.0,95200.0,20.0,01_시즌
2024,2024-10-20,겨울_사파리_패딩사파리_ZB,1,319200,432333.0,41395.0,319200.0,10,319468.0,201703.0,319200.0,26.0,01_시즌
2024,2024-10-20,겨울_수트_블레이져(수트)_ZA,52,16408450,414000.0,74500.0,328385.0,10,322313.0,284983.0,315547.0,24.0,01_시즌
2024,2024-10-20,겨울_수트_블레이져(수트)_ZB,475,105092460,279000.0,51174.0,221164.0,10,217591.0,207169.0,221247.0,21.0,01_시즌
2024,2024-10-20,겨울_수트_블레이져(수트)_ZC,118,27140120,315667.0,58879.0,246719.0,10,243619.0,223349.0,230001.0,27.0,01_시즌
2024,2024-10-20,겨울_수트_수트팬츠_ZA,59,10269850,234000.0,40995.0,185894.0,10,182113.0,161162.0,174065.0,26.0,01_시즌
2024,2024-10-20,겨울_수트_수트팬츠_ZB,498,58899360,149000.0,26077.0,118152.0,10,116159.0,110732.0,118272.0,21.0,01_시즌
2024,2024-10-20,겨울_수트_수트팬츠_ZC,98,12212500,169000.0,29142.0,133631.0,10,131077.0,119713.0,124617.0,26.0,01_시즌
2024,2024-10-20,겨울_스웨터_T-에리_ZA,60,6672000,139000.0,20590.0,111200.0,10,119623.0,86794.0,111200.0,20.0,01_시즌
2024,2024-10-20,겨울_스웨터_T-에리_ZB,914,53558750,99000.0,13417.0,58576.0,10,61806.0,56855.0,58598.0,41.0,01_시즌
2024,2024-10-20,겨울_스웨터_Turtle_ZB,241,22089400,119000.0,15076.0,90212.0,10,97449.0,68760.0,91657.0,23.0,01_시즌
2024,2024-10-20,겨울_스웨터_VEST_ZB,61,4781700,99000.0,8740.0,78389.0,10,73182.0,62121.0,78389.0,21.0,01_시즌
2024,2024-10-20,겨울_스웨터_라운드_ZA,195,21371750,139000.0,16431.0,110470.0,10,109782.0,81980.0,109599.0,21.0,01_시즌
2024,2024-10-20,겨울_스웨터_라운드_ZB,813,47266350,99000.0,14285.0,56831.0,10,64021.0,57205.0,58138.0,41.0,01_시즌
2024,2024-10-20,겨울_스웨터_오픈형(CARDIGAN)_ZA,106,14641450,179000.0,21503.0,138310.0,10,149924.0,102238.0,138127.0,23.0,01_시즌
2024,2024-10-20,겨울_우븐 셔츠_캐쥬얼셔츠_ZB,726,44723600,103000.0,10932.0,67576.0,10,67316.0,59796.0,61603.0,40.0,01_시즌
2024,2024-10-20,겨울_자켓_싱글재킷_ZA,311,79064200,332333.0,42772.0,261357.0,10,265127.0,214755.0,254226.0,24.0,01_시즌
2024,2024-10-20,겨울_점퍼_점퍼_ZB,508,90118550,249000.0,42466.0,177452.0,10,181863.0,154908.0,177399.0,29.0,01_시즌
2024,2024-10-20,겨울_점퍼_점퍼_ZG,18,1806000,129000.0,21190.0,100333.0,10,100566.0,79060.0,100333.0,22.0,01_시즌
2024,2024-10-20,겨울_점퍼_패딩점퍼_ZB,52,9774000,282333.0,39647.0,176777.0,10,181644.0,139210.0,187962.0,33.0,01_시즌
2024,2024-10-20,겨울_조끼_패딩베스트_ZB,69,6456100,159000.0,21916.0,103940.0,10,102830.0,85242.0,93567.0,41.0,01_시즌
2024,2024-10-20,겨울_코트_더블코트_ZA,0,0,499000.0,82055.0,,10,364270.0,255369.0,364270.0,27.0,01_시즌
2024,2024-10-20,겨울_코트_싱글코트_ZA,48,20100200,599000.0,93004.0,526632.0,10,495420.0,331688.0,418754.0,30.0,01_시즌
2024,2024-10-20,겨울_코트_싱글코트_ZB,111,29752630,349000.0,63478.0,271986.0,10,290806.0,189153.0,268042.0,23.0,01_시즌
2024,2024-10-20,겨울_팬츠_팬츠(일반)_ZA,61,6271980,129000.0,16829.0,102819.0,10,99372.0,81688.0,102819.0,20.0,01_시즌
2024,2024-10-20,겨울_팬츠_팬츠(일반)_ZB,1380,87267750,102750.0,12854.0,63763.0,10,69152.0,59970.0,63238.0,38.0,01_시즌
2024,2024-10-20,겨울_팬츠_팬츠(일반)_ZG,9,877200,129000.0,17020.0,97467.0,10,90976.0,73736.0,97467.0,24.0,01_시즌
2024,2024-10-20,사계절_데님_데님자켓_ZB,66,5949700,155667.0,18886.0,87560.0,10,85729.0,83945.0,90147.0,42.0,01_시즌
2024,2024-10-20,사계절_데님_데님팬츠_ZB,213,13190570,99000.0,15786.0,57322.0,10,56143.0,49757.0,61928.0,37.0,01_시즌
2024,2024-10-20,사계절_수트_블레이져(수트)_ZB,361,44281448,259000.0,42625.0,116424.0,10,115770.0,131261.0,122663.0,53.0,01_시즌
2024,2024-10-20,사계절_수트_블레이져(수트)_ZC,109,16072300,259000.0,44254.0,147848.0,10,149819.0,148324.0,147452.0,43.0,01_시즌
2024,2024-10-20,사계절_수트_수트팬츠_ZB,438,27530396,139000.0,20924.0,61705.0,10,61264.0,69377.0,62855.0,55.0,01_시즌
2024,2024-10-20,사계절_수트_수트팬츠_ZC,125,9841050,139000.0,21438.0,79418.0,10,79250.0,78577.0,78728.0,43.0,01_시즌
2024,2024-10-20,사계절_우븐 셔츠_드레스셔츠_ZB,3133,93783200,79000.0,7624.0,32288.0,10,30956.0,33114.0,29934.0,62.0,01_시즌
2024,2024-10-27,가을_니트 셔츠_라운드_ZB,37,703000,79000.0,6042.0,19000.0,10,19098.0,18560.0,19000.0,76.0,01_시즌
2024,2024-10-27,가을_니트 셔츠_티에리_ZB,35,604150,79000.0,8732.0,17261.0,10,17840.0,25900.0,17261.0,78.0,01_시즌
2024,2024-10-27,가을_수트_블레이져(수트)_ZB,528,66147500,279000.0,50594.0,123876.0,10,153830.0,167269.0,125279.0,55.0,01_시즌
2024,2024-10-27,가을_수트_블레이져(수트)_ZC,98,14862000,279000.0,52887.0,151653.0,10,171903.0,169658.0,151653.0,46.0,01_시즌
2024,2024-10-27,가을_수트_수트팬츠_ZB,528,29237100,149000.0,25443.0,53792.0,10,67821.0,82586.0,55373.0,63.0,01_시즌
2024,2024-10-27,가을_수트_수트팬츠_ZC,113,7440000,149000.0,25262.0,65841.0,10,76554.0,84974.0,65841.0,56.0,01_시즌
2024,2024-10-27,가을_스웨터_T-에리_ZA,6,234000,109000.0,15150.0,39000.0,10,38438.0,47292.0,39000.0,64.0,01_시즌
2024,2024-10-27,가을_스웨터_T-에리_ZB,9,351000,89000.0,18890.0,39000.0,10,38224.0,50174.0,39000.0,56.0,01_시즌
2024,2024-10-27,가을_우븐 셔츠_캐쥬얼셔츠_ZB,578,14103560,79000.0,8819.0,24588.0,10,31328.0,41925.0,24401.0,69.0,01_시즌
2024,2024-10-27,가을_자켓_싱글재킷_ZA,109,8048805,299000.0,38902.0,73842.0,10,103162.0,125192.0,73842.0,75.0,01_시즌
2024,2024-10-27,가을_점퍼_점퍼_ZA,216,13196000,199000.0,28588.0,61093.0,10,80728.0,92726.0,61093.0,69.0,01_시즌
2024,2024-10-27,가을_팬츠_팬츠(일반)_ZA,122,4164975,129000.0,19553.0,34139.0,10,47599.0,55762.0,34139.0,74.0,01_시즌
2024,2024-10-27,가을_팬츠_팬츠(일반)_ZB,245,9570450,99000.0,10944.0,39063.0,10,41950.0,53779.0,39063.0,61.0,01_시즌
2024,2024-10-27,겨울_니트 셔츠_라운드_ZA,239,14151700,99000.0,13130.0,59212.0,10,72909.0,61080.0,59212.0,40.0,01_시즌
2024,2024-10-27,겨울_니트 셔츠_라운드_ZB,753,24572800,79000.0,7870.0,33504.0,10,46295.0,43447.0,32633.0,59.0,01_시즌
2024,2024-10-27,겨울_니트 셔츠_라운드_ZG,36,2144200,99000.0,13913.0,59481.0,10,72622.0,53428.0,59561.0,40.0,01_시즌
2024,2024-10-27,겨울_니트 셔츠_티에리_ZA,141,8552700,119000.0,14630.0,60657.0,10,85385.0,68233.0,60657.0,49.0,01_시즌
2024,2024-10-27,겨울_니트 셔츠_티에리_ZB,90,3780700,99000.0,10884.0,42008.0,10,54988.0,56741.0,42008.0,58.0,01_시즌
2024,2024-10-27,겨울_니트 셔츠_후드티_ZG,14,826000,119000.0,16170.0,59000.0,10,86150.0,63900.0,59000.0,50.0,01_시즌
2024,2024-10-27,겨울_사파리_패딩사파리_ZB,16,4916240,459000.0,55637.0,319558.0,10,319468.0,201703.0,307265.0,33.0,01_시즌
2024,2024-10-27,겨울_수트_블레이져(수트)_ZA,84,24826700,414000.0,74500.0,308344.0,10,322313.0,284983.0,295556.0,29.0,01_시즌
2024,2024-10-27,겨울_수트_블레이져(수트)_ZB,604,125789940,279000.0,51174.0,208539.0,10,217591.0,207169.0,208261.0,25.0,01_시즌
2024,2024-10-27,겨울_수트_블레이져(수트)_ZC,155,33705780,315667.0,58879.0,234702.0,10,243619.0,223349.0,217457.0,31.0,01_시즌
2024,2024-10-27,겨울_수트_수트팬츠_ZA,103,16517800,234000.0,40995.0,174100.0,10,182113.0,161162.0,160367.0,31.0,01_시즌
2024,2024-10-27,겨울_수트_수트팬츠_ZB,642,71507480,149000.0,26077.0,111453.0,10,116159.0,110732.0,111382.0,25.0,01_시즌
2024,2024-10-27,겨울_수트_수트팬츠_ZC,157,18059620,169000.0,29142.0,125628.0,10,131077.0,119713.0,115029.0,32.0,01_시즌
2024,2024-10-27,겨울_스웨터_T-에리_ZA,49,5033700,139000.0,20590.0,102729.0,10,119623.0,86794.0,102729.0,26.0,01_시즌
2024,2024-10-27,겨울_스웨터_T-에리_ZB,818,48920600,99000.0,13417.0,59842.0,10,61806.0,56855.0,59805.0,40.0,01_시즌
2024,2024-10-27,겨울_스웨터_Turtle_ZB,386,32991940,119000.0,15076.0,88418.0,10,97449.0,68760.0,85471.0,28.0,01_시즌
2024,2024-10-27,겨울_스웨터_VEST_ZB,61,3739600,99000.0,8740.0,61305.0,10,73182.0,62121.0,61305.0,38.0,01_시즌
2024,2024-10-27,겨울_스웨터_라운드_ZA,188,18454900,139000.0,16431.0,98713.0,10,109782.0,81980.0,98164.0,29.0,01_시즌
2024,2024-10-27,겨울_스웨터_라운드_ZB,879,51679900,99000.0,14285.0,58792.0,10,64021.0,57205.0,58794.0,41.0,01_시즌
2024,2024-10-27,겨울_스웨터_오픈형(CARDIGAN)_ZA,60,7848000,179000.0,21503.0,131863.0,10,149924.0,102238.0,130800.0,27.0,01_시즌
2024,2024-10-27,겨울_우븐 셔츠_캐쥬얼셔츠_ZB,796,40589000,103000.0,10932.0,53213.0,10,67316.0,59796.0,50991.0,50.0,01_시즌
2024,2024-10-27,겨울_자켓_싱글재킷_ZA,372,89142020,332333.0,42772.0,244703.0,10,265127.0,214755.0,239629.0,28.0,01_시즌
2024,2024-10-27,겨울_점퍼_점퍼_ZB,447,78574650,249000.0,42466.0,170178.0,10,181863.0,154908.0,175782.0,29.0,01_시즌
2024,2024-10-27,겨울_점퍼_점퍼_ZG,8,792000,129000.0,21190.0,99000.0,10,100566.0,79060.0,99000.0,23.0,01_시즌
2024,2024-10-27,겨울_점퍼_패딩점퍼_ZB,162,26967460,286500.0,37965.0,200401.0,10,181644.0,139210.0,166466.0,42.0,01_시즌
2024,2024-10-27,겨울_조끼_패딩베스트_ZB,132,6345100,159000.0,21916.0,67943.0,10,102830.0,85242.0,48069.0,70.0,01_시즌
2024,2024-10-27,겨울_코트_더블코트_ZA,12,4371240,499000.0,82055.0,364270.0,10,364270.0,255369.0,364270.0,27.0,01_시즌
2024,2024-10-27,겨울_코트_싱글코트_ZA,79,29573380,599000.0,93004.0,437373.0,10,495420.0,331688.0,374347.0,38.0,01_시즌
2024,2024-10-27,겨울_코트_싱글코트_ZB,161,42437260,349000.0,63478.0,261462.0,10,290806.0,189153.0,263585.0,24.0,01_시즌
2024,2024-10-27,겨울_팬츠_팬츠(일반)_ZA,103,9587280,129000.0,16829.0,93080.0,10,99372.0,81688.0,93080.0,28.0,01_시즌
2024,2024-10-27,겨울_팬츠_팬츠(일반)_ZB,1700,103741430,105667.0,13256.0,63368.0,10,69152.0,59970.0,61024.0,42.0,01_시즌
2024,2024-10-27,겨울_팬츠_팬츠(일반)_ZG,13,1027000,129000.0,17020.0,79000.0,10,90976.0,73736.0,79000.0,39.0,01_시즌
2024,2024-10-27,사계절_데님_데님자켓_ZB,45,3882250,155667.0,18886.0,88737.0,10,85729.0,83945.0,86272.0,45.0,01_시즌
2024,2024-10-27,사계절_데님_데님팬츠_ZB,189,10987212,99000.0,15786.0,56990.0,10,56143.0,49757.0,58133.0,41.0,01_시즌
2024,2024-10-27,사계절_수트_블레이져(수트)_ZB,384,47354153,259000.0,42625.0,109356.0,10,115770.0,131261.0,123318.0,52.0,01_시즌
2024,2024-10-27,사계절_수트_블레이져(수트)_ZC,100,14953550,259000.0,44254.0,149910.0,10,149819.0,148324.0,149536.0,42.0,01_시즌
2024,2024-10-27,사계절_수트_수트팬츠_ZB,422,27380328,139000.0,20924.0,58302.0,10,61264.0,69377.0,64882.0,53.0,01_시즌
2024,2024-10-27,사계절_수트_수트팬츠_ZC,108,8481900,139000.0,21438.0,78768.0,10,79250.0,78577.0,78536.0,43.0,01_시즌
2024,2024-10-27,사계절_우븐 셔츠_드레스셔츠_ZB,3279,94729530,79000.0,7624.0,29603.0,10,30956.0,33114.0,28890.0,63.0,01_시즌
2024,2024-11-03,가을_니트 셔츠_라운드_ZB,80,1235350,79000.0,6042.0,12982.0,11,15040.0,18560.0,15442.0,80.0,01_시즌
2024,2024-11-03,가을_니트 셔츠_티에리_ZB,40,798724,79000.0,8732.0,19968.0,11,16276.0,25900.0,19968.0,75.0,01_시즌
2024,2024-11-03,가을_수트_블레이져(수트)_ZB,498,55721950,279000.0,50594.0,111636.0,11,110043.0,167269.0,111891.0,60.0,01_시즌
2024,2024-11-03,가을_수트_블레이져(수트)_ZC,102,12078000,279000.0,52887.0,118412.0,11,111188.0,169658.0,118412.0,58.0,01_시즌
2024,2024-11-03,가을_수트_수트팬츠_ZB,525,26831050,149000.0,25443.0,50992.0,11,50430.0,82586.0,51107.0,66.0,01_시즌
2024,2024-11-03,가을_수트_수트팬츠_ZC,96,5104300,149000.0,25262.0,53170.0,11,50738.0,84974.0,53170.0,64.0,01_시즌
2024,2024-11-03,가을_스웨터_T-에리_ZA,-6,273000,109000.0,15150.0,,11,39000.0,47292.0,39000.0,64.0,01_시즌
2024,2024-11-03,가을_스웨터_T-에리_ZB,-23,156000,89000.0,18890.0,,11,39000.0,50174.0,39000.0,56.0,01_시즌
2024,2024-11-03,가을_우븐 셔츠_캐쥬얼셔츠_ZB,348,10574285,79000.0,8819.0,29956.0,11,23246.0,41925.0,30386.0,62.0,01_시즌
2024,2024-11-03,가을_자켓_싱글재킷_ZA,86,8818558,299000.0,38902.0,102541.0,11,84080.0,125192.0,102541.0,66.0,01_시즌
2024,2024-11-03,가을_점퍼_점퍼_ZA,172,10128330,199000.0,28588.0,58886.0,11,58128.0,92726.0,58886.0,70.0,01_시즌
2024,2024-11-03,가을_팬츠_팬츠(일반)_ZA,82,3734280,129000.0,19553.0,45540.0,11,38019.0,55762.0,45540.0,65.0,01_시즌
2024,2024-11-03,가을_팬츠_팬츠(일반)_ZB,212,8247480,99000.0,10944.0,38903.0,11,38238.0,53779.0,38903.0,61.0,01_시즌
2024,2024-11-03,겨울_니트 셔츠_라운드_ZA,272,14120193,99000.0,13130.0,51912.0,11,49634.0,61080.0,51912.0,48.0,01_시즌
2024,2024-11-03,겨울_니트 셔츠_라운드_ZB,843,28771140,79000.0,7870.0,35673.0,11,34134.0,43447.0,34129.0,57.0,01_시즌
2024,2024-11-03,겨울_니트 셔츠_라운드_ZG,53,2702993,99000.0,13913.0,50740.0,11,39970.0,53428.0,51000.0,48.0,01_시즌
2024,2024-11-03,겨울_니트 셔츠_티에리_ZA,164,9734000,119000.0,14630.0,59354.0,11,52558.0,68233.0,59354.0,50.0,01_시즌
2024,2024-11-03,겨울_니트 셔츠_티에리_ZB,98,4333120,99000.0,10884.0,44216.0,11,41006.0,56741.0,44216.0,55.0,01_시즌
2024,2024-11-03,겨울_니트 셔츠_후드티_ZG,11,653000,119000.0,16170.0,59364.0,11,48140.0,63900.0,59364.0,50.0,01_시즌
2024,2024-11-03,겨울_사파리_패딩사파리_ZB,105,29077420,459000.0,56388.0,288241.0,11,224170.0,201703.0,276928.0,40.0,01_시즌
2024,2024-11-03,겨울_수트_블레이져(수트)_ZA,88,24442530,414000.0,74500.0,284613.0,11,281398.0,284983.0,277756.0,33.0,01_시즌
2024,2024-11-03,겨울_수트_블레이져(수트)_ZB,724,145309500,279000.0,51174.0,201502.0,11,202198.0,207169.0,200704.0,28.0,01_시즌
2024,2024-11-03,겨울_수트_블레이져(수트)_ZC,189,39346720,315667.0,58879.0,226002.0,11,224980.0,223349.0,208184.0,34.0,01_시즌
2024,2024-11-03,겨울_수트_수트팬츠_ZA,92,13902860,234000.0,40995.0,160684.0,11,159217.0,161162.0,151118.0,35.0,01_시즌
2024,2024-11-03,겨울_수트_수트팬츠_ZB,757,81194810,149000.0,26077.0,108100.0,11,108037.0,110732.0,107259.0,28.0,01_시즌
2024,2024-11-03,겨울_수트_수트팬츠_ZC,180,19979420,169000.0,29142.0,120476.0,11,120275.0,119713.0,110997.0,34.0,01_시즌
2024,2024-11-03,겨울_스웨터_T-에리_ZA,50,3669300,139000.0,20959.0,73386.0,11,70218.0,86794.0,73386.0,47.0,01_시즌
2024,2024-11-03,겨울_스웨터_T-에리_ZB,909,46970650,99000.0,13417.0,51606.0,11,48291.0,56855.0,51673.0,48.0,01_시즌
2024,2024-11-03,겨울_스웨터_Turtle_ZB,803,48977790,119000.0,15076.0,63508.0,11,57580.0,68760.0,60994.0,49.0,01_시즌
2024,2024-11-03,겨울_스웨터_VEST_ZB,108,5567650,99000.0,8740.0,51552.0,11,49446.0,62121.0,51552.0,48.0,01_시즌
2024,2024-11-03,겨울_스웨터_라운드_ZA,319,23841410,139000.0,16520.0,76247.0,11,71141.0,81980.0,74738.0,46.0,01_시즌
2024,2024-11-03,겨울_스웨터_라운드_ZB,1070,55527370,99000.0,14285.0,52123.0,11,48536.0,57205.0,51895.0,48.0,01_시즌
2024,2024-11-03,겨울_스웨터_오픈형(CARDIGAN)_ZA,153,14637600,179000.0,21542.0,95580.0,11,83492.0,102238.0,95671.0,47.0,01_시즌
2024,2024-11-03,겨울_우븐 셔츠_캐쥬얼셔츠_ZB,842,40248050,103000.0,10932.0,51214.0,11,47346.0,59796.0,47801.0,54.0,01_시즌
2024,2024-11-03,겨울_자켓_싱글재킷_ZA,372,85378780,332333.0,42772.0,230366.0,11,209640.0,214755.0,229513.0,31.0,01_시즌
2024,2024-11-03,겨울_점퍼_점퍼_ZB,655,83702820,249000.0,42466.0,120668.0,11,114647.0,154908.0,127791.0,49.0,01_시즌
2024,2024-11-03,겨울_점퍼_점퍼_ZG,14,1241800,129000.0,21190.0,88700.0,11,72258.0,79060.0,88700.0,31.0,01_시즌
2024,2024-11-03,겨울_점퍼_패딩점퍼_ZB,313,47811190,286500.0,38726.0,165071.0,11,145255.0,139210.0,152751.0,47.0,01_시즌
2024,2024-11-03,겨울_조끼_패딩베스트_ZB,264,15382550,159000.0,21916.0,75278.0,11,67756.0,85242.0,58267.0,63.0,01_시즌
2024,2024-11-03,겨울_코트_더블코트_ZA,22,6457060,499000.0,82055.0,293503.0,11,284862.0,255369.0,293503.0,41.0,01_시즌
2024,2024-11-03,겨울_코트_싱글코트_ZA,159,48457340,599000.0,93004.0,353183.0,11,341485.0,331688.0,304763.0,49.0,01_시즌
2024,2024-11-03,겨울_코트_싱글코트_ZB,345,77824760,349000.0,63478.0,210992.0,11,183885.0,189153.0,225579.0,35.0,01_시즌
2024,2024-11-03,겨울_팬츠_팬츠(일반)_ZA,123,11189460,129000.0,16829.0,90971.0,11,84230.0,81688.0,90971.0,29.0,01_시즌
2024,2024-11-03,겨울_팬츠_팬츠(일반)_ZB,2139,115201300,105667.0,13256.0,56213.0,11,52440.0,59970.0,53858.0,49.0,01_시즌
2024,2024-11-03,겨울_팬츠_팬츠(일반)_ZG,15,1028700,129000.0,17020.0,68580.0,11,64743.0,73736.0,68580.0,47.0,01_시즌
2024,2024-11-03,사계절_데님_데님자켓_ZB,43,3700180,155667.0,18886.0,83553.0,11,90609.0,83945.0,86051.0,45.0,01_시즌
2024,2024-11-03,사계절_데님_데님팬츠_ZB,142,9603094,99000.0,15786.0,60806.0,11,45780.0,49757.0,67627.0,32.0,01_시즌
2024,2024-11-03,사계절_수트_블레이져(수트)_ZB,362,46282265,259000.0,42625.0,117186.0,11,114811.0,131261.0,127852.0,51.0,01_시즌
2024,2024-11-03,사계절_수트_블레이져(수트)_ZC,79,11800900,259000.0,44254.0,148254.0,11,148199.0,148324.0,149378.0,42.0,01_시즌
2024,2024-11-03,사계절_수트_수트팬츠_ZB,419,27561180,139000.0,20924.0,61372.0,11,60807.0,69377.0,65778.0,53.0,01_시즌
2024,2024-11-03,사계절_수트_수트팬츠_ZC,88,7086100,139000.0,21438.0,80796.0,11,77968.0,78577.0,80524.0,42.0,01_시즌
2024,2024-11-03,사계절_우븐 셔츠_드레스셔츠_ZB,3568,103405540,79000.0,7624.0,31842.0,11,29736.0,33114.0,28981.0,63.0,01_시즌
2024,2024-11-10,가을_니트 셔츠_라운드_ZB,45,656142,79000.0,6042.0,16575.0,11,15040.0,18560.0,14581.0,82.0,01_시즌
2024,2024-11-10,가을_니트 셔츠_티에리_ZB,32,484572,79000.0,8732.0,15143.0,11,16276.0,25900.0,15143.0,81.0,01_시즌
2024,2024-11-10,가을_수트_블레이져(수트)_ZB,314,34566900,279000.0,50594.0,110385.0,11,110043.0,167269.0,110086.0,61.0,01_시즌
2024,2024-11-10,가을_수트_블레이져(수트)_ZC,89,9690100,279000.0,52887.0,108878.0,11,111188.0,169658.0,108878.0,61.0,01_시즌
2024,2024-11-10,가을_수트_수트팬츠_ZB,329,16578700,149000.0,25443.0,50601.0,11,50430.0,82586.0,50391.0,66.0,01_시즌
2024,2024-11-10,가을_수트_수트팬츠_ZC,100,4995000,149000.0,25262.0,49950.0,11,50738.0,84974.0,49950.0,66.0,01_시즌
2024,2024-11-10,가을_스웨터_T-에리_ZA,9,351000,109000.0,15150.0,39000.0,11,39000.0,47292.0,39000.0,64.0,01_시즌
2024,2024-11-10,가을_스웨터_T-에리_ZB,0,0,89000.0,18890.0,,11,39000.0,50174.0,39000.0,56.0,01_시즌
2024,2024-11-10,가을_우븐 셔츠_캐쥬얼셔츠_ZB,605,12739960,79000.0,8819.0,21064.0,11,23246.0,41925.0,21058.0,73.0,01_시즌
2024,2024-11-10,가을_자켓_싱글재킷_ZA,77,6641915,299000.0,38902.0,86259.0,11,84080.0,125192.0,86259.0,71.0,01_시즌
2024,2024-11-10,가을_점퍼_점퍼_ZA,125,7059000,199000.0,28588.0,56472.0,11,58128.0,92726.0,56472.0,72.0,01_시즌
2024,2024-11-10,가을_팬츠_팬츠(일반)_ZA,81,3194448,129000.0,19553.0,39438.0,11,38019.0,55762.0,39438.0,69.0,01_시즌
2024,2024-11-10,가을_팬츠_팬츠(일반)_ZB,129,5027100,99000.0,10944.0,38970.0,11,38238.0,53779.0,38970.0,61.0,01_시즌
2024,2024-11-10,겨울_니트 셔츠_라운드_ZA,350,17075150,99000.0,13130.0,48786.0,11,49634.0,61080.0,48786.0,51.0,01_시즌
2024,2024-11-10,겨울_니트 셔츠_라운드_ZB,726,24380347,79000.0,7870.0,34283.0,11,34134.0,43447.0,33582.0,57.0,01_시즌
2024,2024-11-10,겨울_니트 셔츠_라운드_ZG,134,4971500,99000.0,13913.0,38036.0,11,39970.0,53428.0,37101.0,63.0,01_시즌
2024,2024-11-10,겨울_니트 셔츠_티에리_ZA,207,10536300,119000.0,14630.0,50900.0,11,52558.0,68233.0,50900.0,57.0,01_시즌
2024,2024-11-10,겨울_니트 셔츠_티에리_ZB,87,3781500,99000.0,10884.0,43466.0,11,41006.0,56741.0,43466.0,56.0,01_시즌
2024,2024-11-10,겨울_니트 셔츠_후드티_ZG,22,1013500,119000.0,16170.0,46068.0,11,48140.0,63900.0,46068.0,61.0,01_시즌
2024,2024-11-10,겨울_사파리_패딩사파리_ZB,272,61273360,459000.0,56388.0,240814.0,11,224170.0,201703.0,225270.0,51.0,01_시즌
2024,2024-11-10,겨울_수트_블레이져(수트)_ZA,131,35682790,414000.0,74500.0,287092.0,11,281398.0,284983.0,272388.0,34.0,01_시즌
2024,2024-11-10,겨울_수트_블레이져(수트)_ZB,682,137753460,279000.0,51174.0,203641.0,11,202198.0,207169.0,201985.0,28.0,01_시즌
2024,2024-11-10,겨울_수트_블레이져(수트)_ZC,231,48468880,315667.0,58879.0,224589.0,11,224980.0,223349.0,209822.0,34.0,01_시즌
2024,2024-11-10,겨울_수트_수트팬츠_ZA,139,20718020,234000.0,40995.0,162491.0,11,159217.0,161162.0,149051.0,36.0,01_시즌
2024,2024-11-10,겨울_수트_수트팬츠_ZB,705,76076420,149000.0,26077.0,108198.0,11,108037.0,110732.0,107910.0,28.0,01_시즌
2024,2024-11-10,겨울_수트_수트팬츠_ZC,237,26526860,169000.0,29142.0,120265.0,11,120275.0,119713.0,111928.0,34.0,01_시즌
2024,2024-11-10,겨울_스웨터_T-에리_ZA,93,6364500,139000.0,20959.0,68435.0,11,70218.0,86794.0,68435.0,51.0,01_시즌
2024,2024-11-10,겨울_스웨터_T-에리_ZB,965,46177482,99000.0,13417.0,47855.0,11,48291.0,56855.0,47852.0,52.0,01_시즌
2024,2024-11-10,겨울_스웨터_Turtle_ZB,1279,70072106,119000.0,15076.0,57786.0,11,57580.0,68760.0,54787.0,54.0,01_시즌
2024,2024-11-10,겨울_스웨터_VEST_ZB,131,6433150,99000.0,8740.0,49108.0,11,49446.0,62121.0,49108.0,50.0,01_시즌
2024,2024-11-10,겨울_스웨터_라운드_ZA,475,32846000,139000.0,16520.0,69115.0,11,71141.0,81980.0,69149.0,50.0,01_시즌
2024,2024-11-10,겨울_스웨터_라운드_ZB,1159,56435300,99000.0,14285.0,48467.0,11,48536.0,57205.0,48693.0,51.0,01_시즌
2024,2024-11-10,겨울_스웨터_오픈형(CARDIGAN)_ZA,180,15250653,179000.0,21542.0,84726.0,11,83492.0,102238.0,84726.0,53.0,01_시즌
2024,2024-11-10,겨울_우븐 셔츠_캐쥬얼셔츠_ZB,829,38137650,103000.0,10932.0,48902.0,11,47346.0,59796.0,46004.0,55.0,01_시즌
2024,2024-11-10,겨울_자켓_싱글재킷_ZA,429,95309130,332333.0,42772.0,226047.0,11,209640.0,214755.0,222166.0,33.0,01_시즌
2024,2024-11-10,겨울_점퍼_점퍼_ZB,432,49872100,249000.0,42466.0,112160.0,11,114647.0,154908.0,115445.0,54.0,01_시즌
2024,2024-11-10,겨울_점퍼_점퍼_ZG,3,157000,129000.0,21190.0,52333.0,11,72258.0,79060.0,52333.0,59.0,01_시즌
2024,2024-11-10,겨울_점퍼_패딩점퍼_ZB,634,80647660,286500.0,38726.0,148273.0,11,145255.0,139210.0,127205.0,56.0,01_시즌
2024,2024-11-10,겨울_조끼_패딩베스트_ZB,528,24930700,159000.0,21916.0,68431.0,11,67756.0,85242.0,47217.0,70.0,01_시즌
2024,2024-11-10,겨울_코트_더블코트_ZA,40,11856240,499000.0,82055.0,296406.0,11,284862.0,255369.0,296406.0,41.0,01_시즌
2024,2024-11-10,겨울_코트_싱글코트_ZA,252,77948080,599000.0,93004.0,356216.0,11,341485.0,331688.0,309318.0,48.0,01_시즌
2024,2024-11-10,겨울_코트_싱글코트_ZB,933,154231440,349000.0,63478.0,178166.0,11,183885.0,189153.0,165307.0,53.0,01_시즌
2024,2024-11-10,겨울_팬츠_팬츠(일반)_ZA,133,11942820,129000.0,16829.0,89796.0,11,84230.0,81688.0,89796.0,30.0,01_시즌
2024,2024-11-10,겨울_팬츠_팬츠(일반)_ZB,2481,123583750,105667.0,13256.0,51374.0,11,52440.0,59970.0,49812.0,53.0,01_시즌
2024,2024-11-10,겨울_팬츠_팬츠(일반)_ZG,14,859500,129000.0,17020.0,61393.0,11,64743.0,73736.0,61393.0,52.0,01_시즌
2024,2024-11-10,사계절_데님_데님자켓_ZB,69,5548950,155667.0,18886.0,93197.0,11,90609.0,83945.0,80420.0,48.0,01_시즌
2024,2024-11-10,사계절_데님_데님팬츠_ZB,328,15588953,99000.0,15786.0,41726.0,11,45780.0,49757.0,47527.0,52.0,01_시즌
2024,2024-11-10,사계절_수트_블레이져(수트)_ZB,297,38952970,259000.0,42625.0,119156.0,11,114811.0,131261.0,131155.0,49.0,01_시즌
2024,2024-11-10,사계절_수트_블레이져(수트)_ZC,79,11832600,259000.0,44254.0,149098.0,11,148199.0,148324.0,149780.0,42.0,01_시즌
2024,2024-11-10,사계절_수트_수트팬츠_ZB,325,22484832,139000.0,20924.0,62882.0,11,60807.0,69377.0,69184.0,50.0,01_시즌
2024,2024-11-10,사계절_수트_수트팬츠_ZC,102,8145200,139000.0,21438.0,79262.0,11,77968.0,78577.0,79855.0,43.0,01_시즌
2024,2024-11-10,사계절_우븐 셔츠_드레스셔츠_ZB,3013,86253740,79000.0,7624.0,29139.0,11,29736.0,33114.0,28627.0,64.0,01_시즌
2024,2024-11-17,가을_니트 셔츠_라운드_ZB,131,1821165,79000.0,6042.0,13902.0,11,15040.0,18560.0,13902.0,82.0,01_시즌
2024,2024-11-17,가을_니트 셔츠_티에리_ZB,46,705220,79000.0,8732.0,15331.0,11,16276.0,25900.0,15331.0,81.0,01_시즌
2024,2024-11-17,가을_수트_블레이져(수트)_ZB,249,27190600,279000.0,50594.0,109282.0,11,110043.0,167269.0,109199.0,61.0,01_시즌
2024,2024-11-17,가을_수트_블레이져(수트)_ZC,56,6074000,279000.0,52887.0,108464.0,11,111188.0,169658.0,108464.0,61.0,01_시즌
2024,2024-11-17,가을_수트_수트팬츠_ZB,272,13629500,149000.0,25443.0,50192.0,11,50430.0,82586.0,50108.0,66.0,01_시즌
2024,2024-11-17,가을_수트_수트팬츠_ZC,59,2940000,149000.0,25262.0,49831.0,11,50738.0,84974.0,49831.0,67.0,01_시즌
2024,2024-11-17,가을_스웨터_T-에리_ZA,10,390000,109000.0,15150.0,39000.0,11,39000.0,47292.0,39000.0,64.0,01_시즌
2024,2024-11-17,가을_스웨터_T-에리_ZB,1,39000,89000.0,18890.0,39000.0,11,39000.0,50174.0,39000.0,56.0,01_시즌
2024,2024-11-17,가을_우븐 셔츠_캐쥬얼셔츠_ZB,627,13491262,79000.0,8819.0,21842.0,11,23246.0,41925.0,21517.0,73.0,01_시즌
2024,2024-11-17,가을_자켓_싱글재킷_ZA,112,8313888,299000.0,38902.0,74231.0,11,84080.0,125192.0,74231.0,75.0,01_시즌
2024,2024-11-17,가을_점퍼_점퍼_ZA,110,6490000,199000.0,28588.0,59000.0,11,58128.0,92726.0,59000.0,70.0,01_시즌
2024,2024-11-17,가을_팬츠_팬츠(일반)_ZA,131,4533526,129000.0,19553.0,34607.0,11,38019.0,55762.0,34607.0,73.0,01_시즌
2024,2024-11-17,가을_팬츠_팬츠(일반)_ZB,109,4238000,99000.0,10944.0,38881.0,11,38238.0,53779.0,38881.0,61.0,01_시즌
2024,2024-11-17,겨울_니트 셔츠_라운드_ZA,262,12709620,99000.0,13130.0,48510.0,11,49634.0,61080.0,48510.0,51.0,01_시즌
2024,2024-11-17,겨울_니트 셔츠_라운드_ZB,930,30002747,79000.0,7870.0,32056.0,11,34134.0,43447.0,32261.0,59.0,01_시즌
2024,2024-11-17,겨울_니트 셔츠_라운드_ZG,216,7326000,99000.0,13913.0,34336.0,11,39970.0,53428.0,33917.0,66.0,01_시즌
2024,2024-11-17,겨울_니트 셔츠_티에리_ZA,229,10498301,119000.0,14630.0,45844.0,11,52558.0,68233.0,45844.0,61.0,01_시즌
2024,2024-11-17,겨울_니트 셔츠_티에리_ZB,151,5389056,99000.0,10884.0,35689.0,11,41006.0,56741.0,35689.0,64.0,01_시즌
2024,2024-11-17,겨울_니트 셔츠_후드티_ZG,21,821000,119000.0,16170.0,39095.0,11,48140.0,63900.0,39095.0,67.0,01_시즌
2024,2024-11-17,겨울_사파리_패딩사파리_ZB,1489,171489080,459000.0,56388.0,186769.0,11,224170.0,201703.0,115171.0,75.0,01_시즌
2024,2024-11-17,겨울_수트_블레이져(수트)_ZA,83,22974170,414000.0,74500.0,288144.0,11,281398.0,284983.0,276797.0,33.0,01_시즌
2024,2024-11-17,겨울_수트_블레이져(수트)_ZB,642,129331510,279000.0,51174.0,202262.0,11,202198.0,207169.0,201451.0,28.0,01_시즌
2024,2024-11-17,겨울_수트_블레이져(수트)_ZC,187,39470020,315667.0,58879.0,225023.0,11,224980.0,223349.0,211070.0,33.0,01_시즌
2024,2024-11-17,겨울_수트_수트팬츠_ZA,95,14451170,234000.0,40995.0,163298.0,11,159217.0,161162.0,152118.0,35.0,01_시즌
2024,2024-11-17,겨울_수트_수트팬츠_ZB,672,72458700,149000.0,26077.0,108086.0,11,108037.0,110732.0,107825.0,28.0,01_시즌
2024,2024-11-17,겨울_수트_수트팬츠_ZC,200,22185140,169000.0,29142.0,120190.0,11,120275.0,119713.0,110926.0,34.0,01_시즌
2024,2024-11-17,겨울_스웨터_T-에리_ZA,81,5649100,139000.0,20959.0,69742.0,11,70218.0,86794.0,69742.0,50.0,01_시즌
2024,2024-11-17,겨울_스웨터_T-에리_ZB,1056,49133450,99000.0,13417.0,46510.0,11,48291.0,56855.0,46528.0,53.0,01_시즌
2024,2024-11-17,겨울_스웨터_Turtle_ZB,1658,85110310,119000.0,15076.0,52693.0,11,57580.0,68760.0,51333.0,57.0,01_시즌
2024,2024-11-17,겨울_스웨터_VEST_ZB,164,7916900,99000.0,8740.0,48274.0,11,49446.0,62121.0,48274.0,51.0,01_시즌
2024,2024-11-17,겨울_스웨터_라운드_ZA,475,33022916,139000.0,16520.0,69852.0,11,71141.0,81980.0,69522.0,50.0,01_시즌
2024,2024-11-17,겨울_스웨터_라운드_ZB,1311,61564712,99000.0,14285.0,46666.0,11,48536.0,57205.0,46960.0,53.0,01_시즌
2024,2024-11-17,겨울_스웨터_오픈형(CARDIGAN)_ZA,273,20477600,179000.0,21542.0,75066.0,11,83492.0,102238.0,75010.0,58.0,01_시즌
2024,2024-11-17,겨울_우븐 셔츠_캐쥬얼셔츠_ZB,1200,49612730,103000.0,10932.0,43843.0,11,47346.0,59796.0,41344.0,60.0,01_시즌
2024,2024-11-17,겨울_자켓_싱글재킷_ZA,330,72757740,332333.0,42772.0,218160.0,11,209640.0,214755.0,220478.0,34.0,01_시즌
2024,2024-11-17,겨울_점퍼_점퍼_ZB,334,38658600,249000.0,42466.0,114054.0,11,114647.0,154908.0,115744.0,54.0,01_시즌
2024,2024-11-17,겨울_점퍼_점퍼_ZG,2,138000,129000.0,21190.0,69000.0,11,72258.0,79060.0,69000.0,47.0,01_시즌
2024,2024-11-17,겨울_점퍼_패딩점퍼_ZB,776,93220660,286500.0,38726.0,130517.0,11,145255.0,139210.0,120130.0,58.0,01_시즌
2024,2024-11-17,겨울_조끼_패딩베스트_ZB,473,21693051,159000.0,21916.0,68262.0,11,67756.0,85242.0,45863.0,71.0,01_시즌
2024,2024-11-17,겨울_코트_더블코트_ZA,28,8353260,499000.0,82055.0,298331.0,11,284862.0,255369.0,298331.0,40.0,01_시즌
2024,2024-11-17,겨울_코트_싱글코트_ZA,291,89526380,599000.0,93004.0,355589.0,11,341485.0,331688.0,307651.0,49.0,01_시즌
2024,2024-11-17,겨울_코트_싱글코트_ZB,838,137309393,349000.0,63478.0,178672.0,11,183885.0,189153.0,163854.0,53.0,01_시즌
2024,2024-11-17,겨울_팬츠_팬츠(일반)_ZA,118,10632390,129000.0,16829.0,90105.0,11,84230.0,81688.0,90105.0,30.0,01_시즌
2024,2024-11-17,겨울_팬츠_팬츠(일반)_ZB,2946,144219163,105667.0,13256.0,50908.0,11,52440.0,59970.0,48954.0,54.0,01_시즌
2024,2024-11-17,겨울_팬츠_팬츠(일반)_ZG,7,451500,129000.0,17020.0,64500.0,11,64743.0,73736.0,64500.0,50.0,01_시즌
2024,2024-11-17,사계절_데님_데님자켓_ZB,44,3426000,155667.0,18886.0,94854.0,11,90609.0,83945.0,77864.0,50.0,01_시즌
2024,2024-11-17,사계절_데님_데님팬츠_ZB,234,9281289,99000.0,15786.0,37596.0,11,45780.0,49757.0,39664.0,60.0,01_시즌
2024,2024-11-17,사계절_수트_블레이져(수트)_ZB,299,38760529,259000.0,42625.0,112724.0,11,114811.0,131261.0,129634.0,50.0,01_시즌
2024,2024-11-17,사계절_수트_블레이져(수트)_ZC,55,8112000,259000.0,44254.0,147689.0,11,148199.0,148324.0,147491.0,43.0,01_시즌
2024,2024-11-17,사계절_수트_수트팬츠_ZB,345,23346362,139000.0,20924.0,59986.0,11,60807.0,69377.0,67671.0,51.0,01_시즌
2024,2024-11-17,사계절_수트_수트팬츠_ZC,58,4488200,139000.0,21438.0,73890.0,11,77968.0,78577.0,77383.0,44.0,01_시즌
2024,2024-11-17,사계절_우븐 셔츠_드레스셔츠_ZB,2638,76580619,79000.0,7624.0,29757.0,11,29736.0,33114.0,29030.0,63.0,01_시즌
2024,2024-11-24,가을_니트 셔츠_라운드_ZB,183,2439004,79000.0,6042.0,16132.0,11,15040.0,18560.0,13328.0,83.0,01_시즌
2024,2024-11-24,가을_니트 셔츠_티에리_ZB,27,395892,79000.0,8732.0,14663.0,11,16276.0,25900.0,14663.0,81.0,01_시즌
2024,2024-11-24,가을_수트_블레이져(수트)_ZB,188,20481100,279000.0,50594.0,108870.0,11,110043.0,167269.0,108942.0,61.0,01_시즌
2024,2024-11-24,가을_수트_블레이져(수트)_ZC,51,5559000,279000.0,52887.0,109000.0,11,111188.0,169658.0,109000.0,61.0,01_시즌
2024,2024-11-24,가을_수트_수트팬츠_ZB,221,11045000,149000.0,25443.0,49936.0,11,50430.0,82586.0,49977.0,66.0,01_시즌
2024,2024-11-24,가을_수트_수트팬츠_ZC,57,2850000,149000.0,25262.0,50000.0,11,50738.0,84974.0,50000.0,66.0,01_시즌
2024,2024-11-24,가을_스웨터_T-에리_ZA,3,117000,109000.0,15150.0,39000.0,11,39000.0,47292.0,39000.0,64.0,01_시즌
2024,2024-11-24,가을_스웨터_T-에리_ZB,2,78000,89000.0,18890.0,39000.0,11,39000.0,50174.0,39000.0,56.0,01_시즌
2024,2024-11-24,가을_우븐 셔츠_캐쥬얼셔츠_ZB,399,7901669,79000.0,8819.0,20122.0,11,23246.0,41925.0,19804.0,75.0,01_시즌
2024,2024-11-24,가을_자켓_싱글재킷_ZA,97,7109227,299000.0,38902.0,73291.0,11,84080.0,125192.0,73291.0,75.0,01_시즌
2024,2024-11-24,가을_점퍼_점퍼_ZA,52,3024000,199000.0,28588.0,58154.0,11,58128.0,92726.0,58154.0,71.0,01_시즌
2024,2024-11-24,가을_팬츠_팬츠(일반)_ZA,100,3249212,129000.0,19553.0,32492.0,11,38019.0,55762.0,32492.0,75.0,01_시즌
2024,2024-11-24,가을_팬츠_팬츠(일반)_ZB,150,5430000,99000.0,10944.0,36200.0,11,38238.0,53779.0,36200.0,63.0,01_시즌
2024,2024-11-24,겨울_니트 셔츠_라운드_ZA,257,12676810,99000.0,13130.0,49326.0,11,49634.0,61080.0,49326.0,50.0,01_시즌
2024,2024-11-24,겨울_니트 셔츠_라운드_ZB,565,19571293,79000.0,7870.0,34526.0,11,34134.0,43447.0,34639.0,56.0,01_시즌
2024,2024-11-24,겨울_니트 셔츠_라운드_ZG,124,4393000,99000.0,13913.0,36767.0,11,39970.0,53428.0,35427.0,64.0,01_시즌
2024,2024-11-24,겨울_니트 셔츠_티에리_ZA,123,6658412,119000.0,14630.0,54133.0,11,52558.0,68233.0,54133.0,55.0,01_시즌
2024,2024-11-24,겨울_니트 셔츠_티에리_ZB,152,6178892,99000.0,10884.0,40651.0,11,41006.0,56741.0,40651.0,59.0,01_시즌
2024,2024-11-24,겨울_니트 셔츠_후드티_ZG,16,768500,119000.0,16170.0,48031.0,11,48140.0,63900.0,48031.0,60.0,01_시즌
2024,2024-11-24,겨울_사파리_패딩사파리_ZB,2201,267297441,459000.0,56388.0,180856.0,11,224170.0,201703.0,121444.0,74.0,01_시즌
2024,2024-11-24,겨울_수트_블레이져(수트)_ZA,90,22736630,414000.0,74500.0,265742.0,11,281398.0,284983.0,252629.0,39.0,01_시즌
2024,2024-11-24,겨울_수트_블레이져(수트)_ZB,660,132770520,279000.0,51174.0,201385.0,11,202198.0,207169.0,201167.0,28.0,01_시즌
2024,2024-11-24,겨울_수트_블레이져(수트)_ZC,194,40485040,315667.0,58879.0,224306.0,11,224980.0,223349.0,208686.0,34.0,01_시즌
2024,2024-11-24,겨울_수트_수트팬츠_ZA,101,13939400,234000.0,40995.0,150394.0,11,159217.0,161162.0,138014.0,41.0,01_시즌
2024,2024-11-24,겨울_수트_수트팬츠_ZB,686,73757980,149000.0,26077.0,107764.0,11,108037.0,110732.0,107519.0,28.0,01_시즌
2024,2024-11-24,겨울_수트_수트팬츠_ZC,207,22867320,169000.0,29142.0,120168.0,11,120275.0,119713.0,110470.0,35.0,01_시즌
2024,2024-11-24,겨울_스웨터_T-에리_ZA,107,7416000,139000.0,20959.0,69308.0,11,70218.0,86794.0,69308.0,50.0,01_시즌
2024,2024-11-24,겨울_스웨터_T-에리_ZB,850,40126318,99000.0,13417.0,47192.0,11,48291.0,56855.0,47207.0,52.0,01_시즌
2024,2024-11-24,겨울_스웨터_Turtle_ZB,1768,92103573,119000.0,15076.0,56335.0,11,57580.0,68760.0,52095.0,56.0,01_시즌
2024,2024-11-24,겨울_스웨터_VEST_ZB,149,7278327,99000.0,8740.0,48848.0,11,49446.0,62121.0,48848.0,51.0,01_시즌
2024,2024-11-24,겨울_스웨터_라운드_ZA,532,36934320,139000.0,16520.0,69349.0,11,71141.0,81980.0,69425.0,50.0,01_시즌
2024,2024-11-24,겨울_스웨터_라운드_ZB,1198,56294669,99000.0,14285.0,46887.0,11,48536.0,57205.0,46991.0,53.0,01_시즌
2024,2024-11-24,겨울_스웨터_오픈형(CARDIGAN)_ZA,274,21338726,179000.0,21542.0,78598.0,11,83492.0,102238.0,77879.0,56.0,01_시즌
2024,2024-11-24,겨울_우븐 셔츠_캐쥬얼셔츠_ZB,850,36456387,103000.0,10932.0,45426.0,11,47346.0,59796.0,42890.0,58.0,01_시즌
2024,2024-11-24,겨울_자켓_싱글재킷_ZA,462,75272800,332333.0,42772.0,163990.0,11,209640.0,214755.0,162928.0,51.0,01_시즌
2024,2024-11-24,겨울_점퍼_점퍼_ZB,121,13461200,249000.0,42466.0,111706.0,11,114647.0,154908.0,111250.0,55.0,01_시즌
2024,2024-11-24,겨울_점퍼_점퍼_ZG,2,158000,129000.0,21190.0,79000.0,11,72258.0,79060.0,79000.0,39.0,01_시즌
2024,2024-11-24,겨울_점퍼_패딩점퍼_ZB,865,122959892,286500.0,38726.0,137159.0,11,145255.0,139210.0,142150.0,50.0,01_시즌
2024,2024-11-24,겨울_조끼_패딩베스트_ZB,429,21812020,159000.0,21916.0,59054.0,11,67756.0,85242.0,50844.0,68.0,01_시즌
2024,2024-11-24,겨울_코트_더블코트_ZA,117,29391100,499000.0,82055.0,251206.0,11,284862.0,255369.0,251206.0,50.0,01_시즌
2024,2024-11-24,겨울_코트_싱글코트_ZA,533,138788400,599000.0,93004.0,300950.0,11,341485.0,331688.0,260391.0,57.0,01_시즌
2024,2024-11-24,겨울_코트_싱글코트_ZB,1273,205803654,349000.0,63478.0,167710.0,11,183885.0,189153.0,161668.0,54.0,01_시즌
2024,2024-11-24,겨울_팬츠_팬츠(일반)_ZA,223,14728150,129000.0,16829.0,66046.0,11,84230.0,81688.0,66046.0,49.0,01_시즌
2024,2024-11-24,겨울_팬츠_팬츠(일반)_ZB,2784,137176741,105667.0,13256.0,51265.0,11,52440.0,59970.0,49273.0,53.0,01_시즌
2024,2024-11-24,겨울_팬츠_팬츠(일반)_ZG,4,258000,129000.0,17020.0,64500.0,11,64743.0,73736.0,64500.0,50.0,01_시즌
2024,2024-11-24,사계절_데님_데님자켓_ZB,46,3794000,155667.0,18886.0,90833.0,11,90609.0,83945.0,82478.0,47.0,01_시즌
2024,2024-11-24,사계절_데님_데님팬츠_ZB,153,7127887,99000.0,15786.0,42993.0,11,45780.0,49757.0,46587.0,53.0,01_시즌
2024,2024-11-24,사계절_수트_블레이져(수트)_ZB,251,29745508,259000.0,42625.0,110178.0,11,114811.0,131261.0,118508.0,54.0,01_시즌
2024,2024-11-24,사계절_수트_블레이져(수트)_ZC,70,10332000,259000.0,44254.0,147754.0,11,148199.0,148324.0,147600.0,43.0,01_시즌
2024,2024-11-24,사계절_수트_수트팬츠_ZB,295,18015759,139000.0,20924.0,58987.0,11,60807.0,69377.0,61070.0,56.0,01_시즌
2024,2024-11-24,사계절_수트_수트팬츠_ZC,69,5374000,139000.0,21438.0,77924.0,11,77968.0,78577.0,77884.0,44.0,01_시즌
2024,2024-11-24,사계절_우븐 셔츠_드레스셔츠_ZB,2801,80527700,79000.0,7624.0,28205.0,11,29736.0,33114.0,28750.0,64.0,01_시즌
2024,2024-12-01,겨울_니트 셔츠_라운드_ZA,201,9879277,99000.0,13130.0,49151.0,12,47014.0,61080.0,49151.0,50.0,01_시즌
2024,2024-12-01,겨울_니트 셔츠_라운드_ZB,472,16223642,79000.0,7870.0,34274.0,12,32637.0,43447.0,34372.0,56.0,01_시즌
2024,2024-12-01,겨울_니트 셔츠_라운드_ZG,87,3486040,99000.0,13913.0,42936.0,12,37452.0,53428.0,40069.0,60.0,01_시즌
2024,2024-12-01,겨울_니트 셔츠_티에리_ZA,131,7170143,119000.0,14630.0,54734.0,12,51622.0,68233.0,54734.0,54.0,01_시즌
2024,2024-12-01,겨울_니트 셔츠_티에리_ZB,72,2914834,99000.0,10884.0,40484.0,12,44856.0,56741.0,40484.0,59.0,01_시즌
2024,2024-12-01,겨울_니트 셔츠_후드티_ZG,21,806240,119000.0,16170.0,38392.0,12,42667.0,63900.0,38392.0,68.0,01_시즌
2024,2024-12-01,겨울_사파리_패딩사파리_ZB,2644,321658853,459000.0,56388.0,183111.0,12,156995.0,201703.0,121656.0,73.0,01_시즌
2024,2024-12-01,겨울_수트_블레이져(수트)_ZA,77,19265369,414000.0,74500.0,260495.0,12,218511.0,284983.0,250200.0,40.0,01_시즌
2024,2024-12-01,겨울_수트_블레이져(수트)_ZB,650,130966226,279000.0,51174.0,200639.0,12,174815.0,207169.0,201487.0,28.0,01_시즌
2024,2024-12-01,겨울_수트_블레이져(수트)_ZC,193,40887900,315667.0,58879.0,225585.0,12,187377.0,223349.0,211854.0,33.0,01_시즌
2024,2024-12-01,겨울_수트_수트팬츠_ZA,94,12854259,234000.0,40995.0,147130.0,12,123406.0,161162.0,136747.0,42.0,01_시즌
2024,2024-12-01,겨울_수트_수트팬츠_ZB,675,72498610,149000.0,26077.0,107109.0,12,93333.0,110732.0,107405.0,28.0,01_시즌
2024,2024-12-01,겨울_수트_수트팬츠_ZC,223,25161460,169000.0,29142.0,121497.0,12,100606.0,119713.0,112832.0,33.0,01_시즌
2024,2024-12-01,겨울_스웨터_T-에리_ZA,157,10770379,139000.0,20959.0,68601.0,12,65149.0,86794.0,68601.0,51.0,01_시즌
2024,2024-12-01,겨울_스웨터_T-에리_ZB,721,34156935,99000.0,13417.0,47372.0,12,46558.0,56855.0,47374.0,52.0,01_시즌
2024,2024-12-01,겨울_스웨터_Turtle_ZB,1862,97343459,119000.0,15076.0,55102.0,12,55158.0,68760.0,52279.0,56.0,01_시즌
2024,2024-12-01,겨울_스웨터_VEST_ZB,162,7990080,99000.0,8740.0,49321.0,12,49839.0,62121.0,49321.0,50.0,01_시즌
2024,2024-12-01,겨울_스웨터_라운드_ZA,638,43966682,139000.0,16520.0,68870.0,12,67301.0,81980.0,68913.0,50.0,01_시즌
2024,2024-12-01,겨울_스웨터_라운드_ZB,1128,53500120,99000.0,14285.0,47318.0,12,47116.0,57205.0,47429.0,52.0,01_시즌
2024,2024-12-01,겨울_스웨터_오픈형(CARDIGAN)_ZA,161,12347834,179000.0,21542.0,76701.0,12,79085.0,102238.0,76695.0,57.0,01_시즌
2024,2024-12-01,겨울_우븐 셔츠_캐쥬얼셔츠_ZB,672,30365595,103000.0,10932.0,47548.0,12,47273.0,59796.0,45187.0,56.0,01_시즌
2024,2024-12-01,겨울_자켓_싱글재킷_ZA,413,69466715,332333.0,42772.0,167146.0,12,165828.0,214755.0,168200.0,49.0,01_시즌
2024,2024-12-01,겨울_점퍼_점퍼_ZB,84,9565104,249000.0,42466.0,112935.0,12,106903.0,154908.0,113870.0,54.0,01_시즌
2024,2024-12-01,겨울_점퍼_점퍼_ZG,2,158000,129000.0,21190.0,79000.0,12,62470.0,79060.0,79000.0,39.0,01_시즌
2024,2024-12-01,겨울_점퍼_패딩점퍼_ZB,950,138859502,286500.0,38726.0,127598.0,12,96632.0,139210.0,146168.0,49.0,01_시즌
2024,2024-12-01,겨울_조끼_패딩베스트_ZB,501,22987175,159000.0,21916.0,58582.0,12,51682.0,85242.0,45883.0,71.0,01_시즌
2024,2024-12-01,겨울_코트_더블코트_ZA,120,30001660,499000.0,82055.0,250014.0,12,209994.0,255369.0,250014.0,50.0,01_시즌
2024,2024-12-01,겨울_코트_싱글코트_ZA,737,194015140,599000.0,93004.0,300267.0,12,247443.0,331688.0,263250.0,56.0,01_시즌
2024,2024-12-01,겨울_코트_싱글코트_ZB,1231,194457824,349000.0,63354.0,165983.0,12,137458.0,189153.0,157967.0,55.0,01_시즌
2024,2024-12-01,겨울_팬츠_팬츠(일반)_ZA,193,12491750,129000.0,16829.0,64724.0,12,52618.0,81688.0,64724.0,50.0,01_시즌
2024,2024-12-01,겨울_팬츠_팬츠(일반)_ZB,3448,169056835,105667.0,13256.0,51067.0,12,51040.0,59970.0,49030.0,54.0,01_시즌
2024,2024-12-01,겨울_팬츠_팬츠(일반)_ZG,7,451500,129000.0,17020.0,64500.0,12,61891.0,73736.0,64500.0,50.0,01_시즌
2024,2024-12-01,사계절_데님_데님자켓_ZB,38,3029421,155667.0,18886.0,77629.0,12,86066.0,83945.0,79722.0,49.0,01_시즌
2024,2024-12-01,사계절_데님_데님팬츠_ZB,182,7928779,99000.0,15786.0,40456.0,12,42004.0,49757.0,43565.0,56.0,01_시즌
2024,2024-12-01,사계절_수트_블레이져(수트)_ZB,194,24659185,259000.0,42625.0,113654.0,12,105789.0,131261.0,127109.0,51.0,01_시즌
2024,2024-12-01,사계절_수트_블레이져(수트)_ZC,69,10440800,259000.0,44254.0,152372.0,12,140293.0,148324.0,151316.0,42.0,01_시즌
2024,2024-12-01,사계절_수트_수트팬츠_ZB,219,14514838,139000.0,20924.0,60654.0,12,56913.0,69377.0,66278.0,52.0,01_시즌
2024,2024-12-01,사계절_수트_수트팬츠_ZC,86,6871407,139000.0,21438.0,80672.0,12,77179.0,78577.0,79900.0,43.0,01_시즌
2024,2024-12-01,사계절_우븐 셔츠_드레스셔츠_ZB,2864,89139440,79000.0,7624.0,29965.0,12,31287.0,33114.0,31124.0,61.0,01_시즌
2024,2024-12-08,겨울_니트 셔츠_라운드_ZA,237,10875334,99000.0,13130.0,45887.0,12,47014.0,61080.0,45887.0,54.0,01_시즌
2024,2024-12-08,겨울_니트 셔츠_라운드_ZB,397,13375553,79000.0,7870.0,33987.0,12,32637.0,43447.0,33692.0,57.0,01_시즌
2024,2024-12-08,겨울_니트 셔츠_라운드_ZG,107,3708500,99000.0,13913.0,34928.0,12,37452.0,53428.0,34659.0,65.0,01_시즌
2024,2024-12-08,겨울_니트 셔츠_티에리_ZA,136,6782371,119000.0,14630.0,49870.0,12,51622.0,68233.0,49870.0,58.0,01_시즌
2024,2024-12-08,겨울_니트 셔츠_티에리_ZB,27,1292500,99000.0,10884.0,47870.0,12,44856.0,56741.0,47870.0,52.0,01_시즌
2024,2024-12-08,겨울_니트 셔츠_후드티_ZG,32,1451500,119000.0,16170.0,45359.0,12,42667.0,63900.0,45359.0,62.0,01_시즌
2024,2024-12-08,겨울_사파리_패딩사파리_ZB,2413,302257625,459000.0,56388.0,155934.0,12,156995.0,201703.0,125262.0,73.0,01_시즌
2024,2024-12-08,겨울_수트_블레이져(수트)_ZA,108,22210090,414000.0,74500.0,211022.0,12,218511.0,284983.0,205649.0,50.0,01_시즌
2024,2024-12-08,겨울_수트_블레이져(수트)_ZB,612,105847815,279000.0,51174.0,172642.0,12,174815.0,207169.0,172954.0,38.0,01_시즌
2024,2024-12-08,겨울_수트_블레이져(수트)_ZC,185,32774770,315667.0,58879.0,183548.0,12,187377.0,223349.0,177161.0,44.0,01_시즌
2024,2024-12-08,겨울_수트_수트팬츠_ZA,116,13063212,234000.0,40995.0,119188.0,12,123406.0,161162.0,112614.0,52.0,01_시즌
2024,2024-12-08,겨울_수트_수트팬츠_ZB,681,62824290,149000.0,26077.0,92373.0,12,93333.0,110732.0,92253.0,38.0,01_시즌
2024,2024-12-08,겨울_수트_수트팬츠_ZC,204,19330070,169000.0,29142.0,96848.0,12,100606.0,119713.0,94755.0,44.0,01_시즌
2024,2024-12-08,겨울_스웨터_T-에리_ZA,192,12340000,139000.0,20959.0,64271.0,12,65149.0,86794.0,64271.0,54.0,01_시즌
2024,2024-12-08,겨울_스웨터_T-에리_ZB,509,23269940,99000.0,13417.0,45536.0,12,46558.0,56855.0,45717.0,54.0,01_시즌
2024,2024-12-08,겨울_스웨터_Turtle_ZB,1514,79856643,119000.0,15076.0,54069.0,12,55158.0,68760.0,52745.0,56.0,01_시즌
2024,2024-12-08,겨울_스웨터_VEST_ZB,135,6999500,99000.0,8740.0,51848.0,12,49839.0,62121.0,51848.0,48.0,01_시즌
2024,2024-12-08,겨울_스웨터_라운드_ZA,443,29469459,139000.0,16520.0,66400.0,12,67301.0,81980.0,66522.0,52.0,01_시즌
2024,2024-12-08,겨울_스웨터_라운드_ZB,937,44232625,99000.0,14285.0,47134.0,12,47116.0,57205.0,47207.0,52.0,01_시즌
2024,2024-12-08,겨울_스웨터_오픈형(CARDIGAN)_ZA,193,15144000,179000.0,21542.0,78188.0,12,79085.0,102238.0,78466.0,56.0,01_시즌
2024,2024-12-08,겨울_우븐 셔츠_캐쥬얼셔츠_ZB,532,24796585,103000.0,10932.0,47367.0,12,47273.0,59796.0,46610.0,55.0,01_시즌
2024,2024-12-08,겨울_자켓_싱글재킷_ZA,346,57776562,332333.0,42772.0,166238.0,12,165828.0,214755.0,166984.0,50.0,01_시즌
2024,2024-12-08,겨울_점퍼_점퍼_ZB,45,5022100,249000.0,42466.0,108489.0,12,106903.0,154908.0,111602.0,55.0,01_시즌
2024,2024-12-08,겨울_점퍼_점퍼_ZG,14,866000,129000.0,21190.0,61857.0,12,62470.0,79060.0,61857.0,52.0,01_시즌
2024,2024-12-08,겨울_점퍼_패딩점퍼_ZB,1063,123708819,286500.0,38726.0,95085.0,12,96632.0,139210.0,116377.0,59.0,01_시즌
2024,2024-12-08,겨울_조끼_패딩베스트_ZB,253,12664300,159000.0,21916.0,51648.0,12,51682.0,85242.0,50057.0,69.0,01_시즌
2024,2024-12-08,겨울_코트_더블코트_ZA,170,34648700,499000.0,82055.0,203816.0,12,209994.0,255369.0,203816.0,59.0,01_시즌
2024,2024-12-08,겨울_코트_싱글코트_ZA,814,176242217,599000.0,93004.0,242246.0,12,247443.0,331688.0,216514.0,64.0,01_시즌
2024,2024-12-08,겨울_코트_싱글코트_ZB,1169,159639210,349000.0,63354.0,136517.0,12,137458.0,189153.0,136560.0,61.0,01_시즌
2024,2024-12-08,겨울_팬츠_팬츠(일반)_ZA,193,10086950,129000.0,16829.0,52264.0,12,52618.0,81688.0,52264.0,59.0,01_시즌
2024,2024-12-08,겨울_팬츠_팬츠(일반)_ZB,2444,122731527,105667.0,13256.0,51483.0,12,51040.0,59970.0,50217.0,52.0,01_시즌
2024,2024-12-08,겨울_팬츠_팬츠(일반)_ZG,7,435000,129000.0,17020.0,62143.0,12,61891.0,73736.0,62143.0,52.0,01_시즌
2024,2024-12-08,사계절_데님_데님자켓_ZB,11,849000,155667.0,18886.0,77889.0,12,86066.0,83945.0,77182.0,50.0,01_시즌
2024,2024-12-08,사계절_데님_데님팬츠_ZB,128,5800030,99000.0,15786.0,41716.0,12,42004.0,49757.0,45313.0,54.0,01_시즌
2024,2024-12-08,사계절_수트_블레이져(수트)_ZB,306,34642381,259000.0,42625.0,100726.0,12,105789.0,131261.0,113210.0,56.0,01_시즌
2024,2024-12-08,사계절_수트_블레이져(수트)_ZC,72,9611000,259000.0,44254.0,140202.0,12,140293.0,148324.0,133486.0,48.0,01_시즌
2024,2024-12-08,사계절_수트_수트팬츠_ZB,341,20397092,139000.0,20924.0,53109.0,12,56913.0,69377.0,59816.0,57.0,01_시즌
2024,2024-12-08,사계절_수트_수트팬츠_ZC,81,5904400,139000.0,21438.0,78380.0,12,77179.0,78577.0,72894.0,48.0,01_시즌
2024,2024-12-08,사계절_우븐 셔츠_드레스셔츠_ZB,2658,76773700,79000.0,7624.0,27415.0,12,31287.0,33114.0,28884.0,63.0,01_시즌
2024,2024-12-15,겨울_니트 셔츠_라운드_ZA,154,7421252,99000.0,13130.0,48190.0,12,47014.0,61080.0,48190.0,51.0,01_시즌
2024,2024-12-15,겨울_니트 셔츠_라운드_ZB,326,11556977,79000.0,7870.0,35134.0,12,32637.0,43447.0,35451.0,55.0,01_시즌
2024,2024-12-15,겨울_니트 셔츠_라운드_ZG,68,2471458,99000.0,13913.0,36020.0,12,37452.0,53428.0,36345.0,63.0,01_시즌
2024,2024-12-15,겨울_니트 셔츠_티에리_ZA,123,6728294,119000.0,14630.0,54702.0,12,51622.0,68233.0,54702.0,54.0,01_시즌
2024,2024-12-15,겨울_니트 셔츠_티에리_ZB,19,940500,99000.0,10884.0,49500.0,12,44856.0,56741.0,49500.0,50.0,01_시즌
2024,2024-12-15,겨울_니트 셔츠_후드티_ZG,17,887500,119000.0,16170.0,52206.0,12,42667.0,63900.0,52206.0,56.0,01_시즌
2024,2024-12-15,겨울_사파리_패딩사파리_ZB,2620,316659914,459000.0,56388.0,148633.0,12,156995.0,201703.0,120863.0,74.0,01_시즌
2024,2024-12-15,겨울_수트_블레이져(수트)_ZA,115,22680494,414000.0,74500.0,207066.0,12,218511.0,284983.0,197222.0,52.0,01_시즌
2024,2024-12-15,겨울_수트_블레이져(수트)_ZB,597,99821308,279000.0,51174.0,167317.0,12,174815.0,207169.0,167205.0,40.0,01_시즌
2024,2024-12-15,겨울_수트_블레이져(수트)_ZC,151,25830475,315667.0,58879.0,175832.0,12,187377.0,223349.0,171063.0,46.0,01_시즌
2024,2024-12-15,겨울_수트_수트팬츠_ZA,122,13096944,234000.0,40995.0,116992.0,12,123406.0,161162.0,107352.0,54.0,01_시즌
2024,2024-12-15,겨울_수트_수트팬츠_ZB,632,56426452,149000.0,26077.0,89298.0,12,93333.0,110732.0,89282.0,40.0,01_시즌
2024,2024-12-15,겨울_수트_수트팬츠_ZC,166,15223745,169000.0,29142.0,94166.0,12,100606.0,119713.0,91709.0,46.0,01_시즌
2024,2024-12-15,겨울_스웨터_T-에리_ZA,147,9617473,139000.0,20959.0,65425.0,12,65149.0,86794.0,65425.0,53.0,01_시즌
2024,2024-12-15,겨울_스웨터_T-에리_ZB,419,19411236,99000.0,13417.0,46420.0,12,46558.0,56855.0,46328.0,53.0,01_시즌
2024,2024-12-15,겨울_스웨터_Turtle_ZB,1312,69195235,119000.0,15076.0,53783.0,12,55158.0,68760.0,52740.0,56.0,01_시즌
2024,2024-12-15,겨울_스웨터_VEST_ZB,87,4287800,99000.0,8740.0,49285.0,12,49839.0,62121.0,49285.0,50.0,01_시즌
2024,2024-12-15,겨울_스웨터_라운드_ZA,363,24683405,139000.0,16520.0,68252.0,12,67301.0,81980.0,67998.0,51.0,01_시즌
2024,2024-12-15,겨울_스웨터_라운드_ZB,629,29696533,99000.0,14285.0,47171.0,12,47116.0,57205.0,47212.0,52.0,01_시즌
2024,2024-12-15,겨울_스웨터_오픈형(CARDIGAN)_ZA,172,13700263,179000.0,21542.0,79688.0,12,79085.0,102238.0,79653.0,56.0,01_시즌
2024,2024-12-15,겨울_우븐 셔츠_캐쥬얼셔츠_ZB,506,23189108,103000.0,10932.0,47741.0,12,47273.0,59796.0,45828.0,56.0,01_시즌
2024,2024-12-15,겨울_자켓_싱글재킷_ZA,291,47538575,332333.0,42772.0,165750.0,12,165828.0,214755.0,163363.0,51.0,01_시즌
2024,2024-12-15,겨울_점퍼_점퍼_ZB,51,5363200,249000.0,42466.0,103671.0,12,106903.0,154908.0,105161.0,58.0,01_시즌
2024,2024-12-15,겨울_점퍼_점퍼_ZG,6,354000,129000.0,21190.0,59000.0,12,62470.0,79060.0,59000.0,54.0,01_시즌
2024,2024-12-15,겨울_점퍼_패딩점퍼_ZB,1166,115783903,286500.0,38726.0,87496.0,12,96632.0,139210.0,99300.0,65.0,01_시즌
2024,2024-12-15,겨울_조끼_패딩베스트_ZB,281,13738381,159000.0,21916.0,50284.0,12,51682.0,85242.0,48891.0,69.0,01_시즌
2024,2024-12-15,겨울_코트_더블코트_ZA,168,33392100,499000.0,82055.0,198762.0,12,209994.0,255369.0,198762.0,60.0,01_시즌
2024,2024-12-15,겨울_코트_싱글코트_ZA,779,162877842,599000.0,93004.0,231925.0,12,247443.0,331688.0,209086.0,65.0,01_시즌
2024,2024-12-15,겨울_코트_싱글코트_ZB,1479,191044107,349000.0,63354.0,129034.0,12,137458.0,189153.0,129171.0,63.0,01_시즌
2024,2024-12-15,겨울_팬츠_팬츠(일반)_ZA,248,12026317,129000.0,16829.0,48493.0,12,52618.0,81688.0,48493.0,62.0,01_시즌
2024,2024-12-15,겨울_팬츠_팬츠(일반)_ZB,2395,117227837,105667.0,13256.0,50802.0,12,51040.0,59970.0,48947.0,54.0,01_시즌
2024,2024-12-15,겨울_팬츠_팬츠(일반)_ZG,6,387000,129000.0,17020.0,64500.0,12,61891.0,73736.0,64500.0,50.0,01_시즌
2024,2024-12-15,사계절_데님_데님자켓_ZB,31,2563600,155667.0,18886.0,96030.0,12,86066.0,83945.0,82697.0,47.0,01_시즌
2024,2024-12-15,사계절_데님_데님팬츠_ZB,113,5188676,99000.0,15786.0,41868.0,12,42004.0,49757.0,45917.0,54.0,01_시즌
2024,2024-12-15,사계절_수트_블레이져(수트)_ZB,203,24255608,259000.0,42625.0,103587.0,12,105789.0,131261.0,119486.0,54.0,01_시즌
2024,2024-12-15,사계절_수트_블레이져(수트)_ZC,57,7623400,259000.0,44254.0,145900.0,12,140293.0,148324.0,133744.0,48.0,01_시즌
2024,2024-12-15,사계절_수트_수트팬츠_ZB,233,14664443,139000.0,20924.0,55308.0,12,56913.0,69377.0,62938.0,55.0,01_시즌
2024,2024-12-15,사계절_수트_수트팬츠_ZC,61,4481600,139000.0,21438.0,77557.0,12,77179.0,78577.0,73469.0,47.0,01_시즌
2024,2024-12-15,사계절_우븐 셔츠_드레스셔츠_ZB,1776,56700600,79000.0,7624.0,33125.0,12,31287.0,33114.0,31926.0,60.0,01_시즌
2024,2024-12-22,겨울_니트 셔츠_라운드_ZA,315,13721514,99000.0,13130.0,43560.0,12,47014.0,61080.0,43560.0,56.0,01_시즌
2024,2024-12-22,겨울_니트 셔츠_라운드_ZB,420,11071100,79000.0,7870.0,29034.0,12,32637.0,43447.0,26360.0,67.0,01_시즌
2024,2024-12-22,겨울_니트 셔츠_라운드_ZG,99,3567467,99000.0,13913.0,36062.0,12,37452.0,53428.0,36035.0,64.0,01_시즌
2024,2024-12-22,겨울_니트 셔츠_티에리_ZA,123,5809361,119000.0,14630.0,47231.0,12,51622.0,68233.0,47231.0,60.0,01_시즌
2024,2024-12-22,겨울_니트 셔츠_티에리_ZB,25,1196500,99000.0,10884.0,47860.0,12,44856.0,56741.0,47860.0,52.0,01_시즌
2024,2024-12-22,겨울_니트 셔츠_후드티_ZG,25,955275,119000.0,16170.0,38211.0,12,42667.0,63900.0,38211.0,68.0,01_시즌
2024,2024-12-22,겨울_사파리_패딩사파리_ZB,2608,332245689,459000.0,56388.0,148634.0,12,156995.0,201703.0,127395.0,72.0,01_시즌
2024,2024-12-22,겨울_수트_블레이져(수트)_ZA,119,23727261,414000.0,74500.0,206974.0,12,218511.0,284983.0,199389.0,52.0,01_시즌
2024,2024-12-22,겨울_수트_블레이져(수트)_ZB,521,87107190,279000.0,51174.0,166587.0,12,174815.0,207169.0,167192.0,40.0,01_시즌
2024,2024-12-22,겨울_수트_블레이져(수트)_ZC,168,28935400,315667.0,58879.0,176011.0,12,187377.0,223349.0,172235.0,45.0,01_시즌
2024,2024-12-22,겨울_수트_수트팬츠_ZA,136,14696277,234000.0,40995.0,116796.0,12,123406.0,161162.0,108061.0,54.0,01_시즌
2024,2024-12-22,겨울_수트_수트팬츠_ZB,550,49051949,149000.0,26077.0,88842.0,12,93333.0,110732.0,89185.0,40.0,01_시즌
2024,2024-12-22,겨울_수트_수트팬츠_ZC,176,16223600,169000.0,29142.0,94403.0,12,100606.0,119713.0,92180.0,45.0,01_시즌
2024,2024-12-22,겨울_스웨터_T-에리_ZA,121,7911448,139000.0,20959.0,65384.0,12,65149.0,86794.0,65384.0,53.0,01_시즌
2024,2024-12-22,겨울_스웨터_T-에리_ZB,310,14600363,99000.0,13417.0,47066.0,12,46558.0,56855.0,47098.0,52.0,01_시즌
2024,2024-12-22,겨울_스웨터_Turtle_ZB,860,48513569,119000.0,15076.0,57422.0,12,55158.0,68760.0,56411.0,53.0,01_시즌
2024,2024-12-22,겨울_스웨터_VEST_ZB,84,4144054,99000.0,8740.0,49334.0,12,49839.0,62121.0,49334.0,50.0,01_시즌
2024,2024-12-22,겨울_스웨터_라운드_ZA,289,19635366,139000.0,16520.0,67862.0,12,67301.0,81980.0,67942.0,51.0,01_시즌
2024,2024-12-22,겨울_스웨터_라운드_ZB,568,26797186,99000.0,14285.0,47123.0,12,47116.0,57205.0,47178.0,52.0,01_시즌
2024,2024-12-22,겨울_스웨터_오픈형(CARDIGAN)_ZA,155,12477291,179000.0,21542.0,80502.0,12,79085.0,102238.0,80499.0,55.0,01_시즌
2024,2024-12-22,겨울_우븐 셔츠_캐쥬얼셔츠_ZB,528,23139449,103000.0,10932.0,46635.0,12,47273.0,59796.0,43825.0,57.0,01_시즌
2024,2024-12-22,겨울_자켓_싱글재킷_ZA,919,172462271,332333.0,42772.0,165720.0,12,165828.0,214755.0,187663.0,44.0,01_시즌
2024,2024-12-22,겨울_점퍼_점퍼_ZB,41,4389000,249000.0,42466.0,105316.0,12,106903.0,154908.0,107049.0,57.0,01_시즌
2024,2024-12-22,겨울_점퍼_점퍼_ZG,3,177000,129000.0,21190.0,59000.0,12,62470.0,79060.0,59000.0,54.0,01_시즌
2024,2024-12-22,겨울_점퍼_패딩점퍼_ZB,927,95547716,286500.0,38726.0,86465.0,12,96632.0,139210.0,103072.0,64.0,01_시즌
2024,2024-12-22,겨울_조끼_패딩베스트_ZB,161,7749101,159000.0,21916.0,48728.0,12,51682.0,85242.0,48131.0,70.0,01_시즌
2024,2024-12-22,겨울_코트_더블코트_ZA,185,36737245,499000.0,82055.0,198580.0,12,209994.0,255369.0,198580.0,60.0,01_시즌
2024,2024-12-22,겨울_코트_싱글코트_ZA,920,192611447,599000.0,93004.0,231472.0,12,247443.0,331688.0,209360.0,65.0,01_시즌
2024,2024-12-22,겨울_코트_싱글코트_ZB,1434,185259353,349000.0,63354.0,128093.0,12,137458.0,189153.0,129191.0,63.0,01_시즌
2024,2024-12-22,겨울_팬츠_팬츠(일반)_ZA,212,10306738,129000.0,16829.0,48617.0,12,52618.0,81688.0,48617.0,62.0,01_시즌
2024,2024-12-22,겨울_팬츠_팬츠(일반)_ZB,2059,101029331,105667.0,13256.0,50911.0,12,51040.0,59970.0,49067.0,54.0,01_시즌
2024,2024-12-22,겨울_팬츠_팬츠(일반)_ZG,6,335995,129000.0,17020.0,55999.0,12,61891.0,73736.0,55999.0,57.0,01_시즌
2024,2024-12-22,사계절_데님_데님자켓_ZB,19,1501000,155667.0,18886.0,79000.0,12,86066.0,83945.0,79000.0,49.0,01_시즌
2024,2024-12-22,사계절_데님_데님팬츠_ZB,1671,82270940,99000.0,15786.0,41800.0,12,42004.0,49757.0,49235.0,50.0,01_시즌
2024,2024-12-22,사계절_수트_블레이져(수트)_ZB,161,18960344,259000.0,42625.0,111988.0,12,105789.0,131261.0,117766.0,55.0,01_시즌
2024,2024-12-22,사계절_수트_블레이져(수트)_ZC,42,5405600,259000.0,44254.0,124094.0,12,140293.0,148324.0,128705.0,50.0,01_시즌
2024,2024-12-22,사계절_수트_수트팬츠_ZB,191,12278500,139000.0,20924.0,59234.0,12,56913.0,69377.0,64285.0,54.0,01_시즌
2024,2024-12-22,사계절_수트_수트팬츠_ZC,50,3514800,139000.0,21438.0,71234.0,12,77179.0,78577.0,70296.0,49.0,01_시즌
2024,2024-12-22,사계절_우븐 셔츠_드레스셔츠_ZB,2151,73980600,79000.0,7624.0,31488.0,12,31287.0,33114.0,34394.0,56.0,01_시즌
2024,2024-12-29,겨울_니트 셔츠_라운드_ZA,232,11201553,99000.0,13130.0,48283.0,12,47014.0,61080.0,48283.0,51.0,01_시즌
2024,2024-12-29,겨울_니트 셔츠_라운드_ZB,457,12384937,79000.0,7870.0,30755.0,12,32637.0,43447.0,27101.0,66.0,01_시즌
2024,2024-12-29,겨울_니트 셔츠_라운드_ZG,86,3182207,99000.0,13913.0,37314.0,12,37452.0,53428.0,37002.0,63.0,01_시즌
2024,2024-12-29,겨울_니트 셔츠_티에리_ZA,120,6188713,119000.0,14630.0,51573.0,12,51622.0,68233.0,51573.0,57.0,01_시즌
2024,2024-12-29,겨울_니트 셔츠_티에리_ZB,15,578500,99000.0,10884.0,38567.0,12,44856.0,56741.0,38567.0,61.0,01_시즌
2024,2024-12-29,겨울_니트 셔츠_후드티_ZG,12,470000,119000.0,16170.0,39167.0,12,42667.0,63900.0,39167.0,67.0,01_시즌
2024,2024-12-29,겨울_사파리_패딩사파리_ZB,2284,284716746,459000.0,56388.0,148664.0,12,156995.0,201703.0,124657.0,73.0,01_시즌
2024,2024-12-29,겨울_수트_블레이져(수트)_ZA,112,22284000,414000.0,74500.0,207000.0,12,218511.0,284983.0,198964.0,52.0,01_시즌
2024,2024-12-29,겨울_수트_블레이져(수트)_ZB,547,91395881,279000.0,51174.0,166888.0,12,174815.0,207169.0,167086.0,40.0,01_시즌
2024,2024-12-29,겨울_수트_블레이져(수트)_ZC,150,25482300,315667.0,58879.0,175910.0,12,187377.0,223349.0,169882.0,46.0,01_시즌
2024,2024-12-29,겨울_수트_수트팬츠_ZA,130,14144775,234000.0,40995.0,116924.0,12,123406.0,161162.0,108806.0,54.0,01_시즌
2024,2024-12-29,겨울_수트_수트팬츠_ZB,570,50825697,149000.0,26077.0,89045.0,12,93333.0,110732.0,89168.0,40.0,01_시즌
2024,2024-12-29,겨울_수트_수트팬츠_ZC,163,14915700,169000.0,29142.0,96114.0,12,100606.0,119713.0,91507.0,46.0,01_시즌
2024,2024-12-29,겨울_스웨터_T-에리_ZA,235,14584632,139000.0,20959.0,62062.0,12,65149.0,86794.0,62062.0,55.0,01_시즌
2024,2024-12-29,겨울_스웨터_T-에리_ZB,369,17113690,99000.0,13417.0,46392.0,12,46558.0,56855.0,46379.0,53.0,01_시즌
2024,2024-12-29,겨울_스웨터_Turtle_ZB,957,53103068,119000.0,15076.0,55413.0,12,55158.0,68760.0,55489.0,53.0,01_시즌
2024,2024-12-29,겨울_스웨터_VEST_ZB,85,4199430,99000.0,8740.0,49405.0,12,49839.0,62121.0,49405.0,50.0,01_시즌
2024,2024-12-29,겨울_스웨터_라운드_ZA,366,23908310,139000.0,16520.0,65122.0,12,67301.0,81980.0,65323.0,53.0,01_시즌
2024,2024-12-29,겨울_스웨터_라운드_ZB,672,31471543,99000.0,14285.0,46836.0,12,47116.0,57205.0,46833.0,53.0,01_시즌
2024,2024-12-29,겨울_스웨터_오픈형(CARDIGAN)_ZA,176,14141140,179000.0,21542.0,80344.0,12,79085.0,102238.0,80347.0,55.0,01_시즌
2024,2024-12-29,겨울_우븐 셔츠_캐쥬얼셔츠_ZB,519,23495133,103000.0,10932.0,47076.0,12,47273.0,59796.0,45270.0,56.0,01_시즌
2024,2024-12-29,겨울_자켓_싱글재킷_ZA,16,-4177761,332333.0,42772.0,164285.0,12,165828.0,214755.0,164285.0,51.0,01_시즌
2024,2024-12-29,겨울_점퍼_점퍼_ZB,116,12177412,249000.0,42466.0,104106.0,12,106903.0,154908.0,104978.0,58.0,01_시즌
2024,2024-12-29,겨울_점퍼_점퍼_ZG,3,160480,129000.0,21190.0,53493.0,12,62470.0,79060.0,53493.0,59.0,01_시즌
2024,2024-12-29,겨울_점퍼_패딩점퍼_ZB,990,98737325,286500.0,38726.0,86515.0,12,96632.0,139210.0,99735.0,65.0,01_시즌
2024,2024-12-29,겨울_조끼_패딩베스트_ZB,165,8827037,159000.0,21916.0,49168.0,12,51682.0,85242.0,53497.0,66.0,01_시즌
2024,2024-12-29,겨울_코트_더블코트_ZA,167,33199608,499000.0,82055.0,198800.0,12,209994.0,255369.0,198800.0,60.0,01_시즌
2024,2024-12-29,겨울_코트_싱글코트_ZA,1008,209409438,599000.0,93004.0,231303.0,12,247443.0,331688.0,207747.0,65.0,01_시즌
2024,2024-12-29,겨울_코트_싱글코트_ZB,1358,173514073,349000.0,63354.0,127665.0,12,137458.0,189153.0,127772.0,63.0,01_시즌
2024,2024-12-29,겨울_팬츠_팬츠(일반)_ZA,230,11267623,129000.0,16829.0,48990.0,12,52618.0,81688.0,48990.0,62.0,01_시즌
2024,2024-12-29,겨울_팬츠_팬츠(일반)_ZB,2347,114203379,105667.0,13256.0,50935.0,12,51040.0,59970.0,48659.0,54.0,01_시즌
2024,2024-12-29,겨울_팬츠_팬츠(일반)_ZG,5,311565,129000.0,17020.0,62313.0,12,61891.0,73736.0,62313.0,52.0,01_시즌
2024,2024-12-29,사계절_데님_데님자켓_ZB,34,2886000,155667.0,18886.0,95667.0,12,86066.0,83945.0,84882.0,45.0,01_시즌
2024,2024-12-29,사계절_데님_데님팬츠_ZB,-961,-47919808,99000.0,15786.0,43922.0,12,42004.0,49757.0,49865.0,50.0,01_시즌
2024,2024-12-29,사계절_수트_블레이져(수트)_ZB,145,17004054,259000.0,42625.0,98988.0,12,105789.0,131261.0,117269.0,55.0,01_시즌
2024,2024-12-29,사계절_수트_블레이져(수트)_ZC,39,5152900,259000.0,44254.0,138896.0,12,140293.0,148324.0,132126.0,49.0,01_시즌
2024,2024-12-29,사계절_수트_수트팬츠_ZB,170,11050814,139000.0,20924.0,56260.0,12,56913.0,69377.0,65005.0,53.0,01_시즌
2024,2024-12-29,사계절_수트_수트팬츠_ZC,51,3838230,139000.0,21438.0,78054.0,12,77179.0,78577.0,75259.0,46.0,01_시즌
2024,2024-12-29,사계절_우븐 셔츠_드레스셔츠_ZB,1499,49167250,79000.0,7624.0,34440.0,12,31287.0,33114.0,32800.0,58.0,01_시즌
